20231114,100000,3278,3278,3201,3224.5,22,0
20231114,110000,3219.5,3225,3205.5,3225,16,0
20231114,120000,3225,3225,3220,3220,17,0
20231114,130000,3220.5,3220.5,3211,3211,9,0
20231114,140000,3211,3211,3196,3200,33,0
20231114,150000,3200,3208,3194.5,3208,80,0
20231114,160000,3204,3210.5,3204,3208.5,23,0
20231114,170000,3214,3214,3209,3213,5,0
20231114,180000,3213,3227,3210,3221,27,0
20231114,190000,3216,3216,3216,3216,5,0
20231114,200000,3212.5,3212.5,3211.5,3211.5,2,0
20231114,210000,3206,3210.5,3206,3210.5,2,0
20231114,220000,3211.5,3211.5,3202,3202,14,0
20231114,230000,3202,3202,3202,3202,1,0
20231115,090000,3205,3205,3189,3190,31,0
20231115,100000,3190,3199,3185,3188.5,379,0
20231115,110000,3187,3193.5,3185.5,3192.5,232,0
20231115,120000,3192,3196.5,3190,3196.5,334,0
20231115,130000,3194.5,3198,3192.5,3192.5,16,0
20231115,140000,3192.5,3198.5,3190,3198.5,141,0
20231115,150000,3199,3205,3199,3199.5,156,0
20231115,160000,3200,3218,3200,3216,71,0
20231115,170000,3216,3223,3215,3221,89,0
20231115,180000,3221,3223.5,3218.5,3220,30,0
20231115,190000,3217,3220.5,3215.5,3220.5,4,0
20231115,200000,3220.5,3222.5,3214,3220.5,37,0
20231115,210000,3220.5,3221.5,3215,3215,113,0
20231115,220000,3215,3215,3213,3213,14,0
20231115,230000,3220,3221,3215,3215,8,0
20231116,090000,3212,3218,3207.5,3207.5,28,0
20231116,100000,3207.5,3220,3204.5,3209,171,0
20231116,110000,3215,3215,3204,3210,147,0
20231116,120000,3209,3209,3202,3203,88,0
20231116,130000,3206.5,3206.5,3202,3204.5,204,0
20231116,140000,3201,3208,3201,3208,21,0
20231116,150000,3208,3213.5,3201.5,3201.5,43,0
20231116,160000,3201.5,3207.5,3201.5,3203,8,0
20231116,170000,3208.5,3212,3194,3199.5,654,0
20231116,180000,3195,3195,3180,3180,706,0
20231116,190000,3189,3189.5,3171.5,3175.5,231,0
20231116,200000,3176,3186.5,3176,3186.5,26,0
20231116,210000,3186.5,3186.5,3175.5,3175.5,83,0
20231116,220000,3175.5,3179.5,3169,3174,174,0
20231116,230000,3174,3176,3171,3171,58,0
20231117,090000,3171,3220,3015,3173,337,0
20231117,100000,3165,3179,3161,3174,625,0
20231117,110000,3175,3175,3148.5,3158,638,0
20231117,120000,3159.5,3171.5,3155,3171.5,553,0
20231117,130000,3169,3173.5,3168,3168,99,0
20231117,140000,3174,3183.5,3174,3183,96,0
20231117,150000,3185,3193.5,3181.5,3193.5,219,0
20231117,160000,3189,3198.5,3189,3198.5,83,0
20231117,170000,3194,3207.5,3194,3207.5,293,0
20231117,180000,3207.5,3210,3202.5,3209,45,0
20231117,190000,3209.5,3210,3200,3207,29,0
20231117,200000,3203,3209.5,3202,3209.5,19,0
20231117,210000,3206.5,3208.5,3206.5,3207.5,65,0
20231117,220000,3202,3206.5,3199.5,3202,48,0
20231117,230000,3206.5,3208.5,3206,3206,64,0
20231120,090000,3209,3210,3193,3200.5,111,0
20231120,100000,3202,3219,3193.5,3206.5,365,0
20231120,110000,3198.5,3206.5,3194,3206.5,91,0
20231120,120000,3206.5,3210,3198.5,3201.5,38,0
20231120,130000,3204.5,3204.5,3199.5,3202,32,0
20231120,140000,3199.5,3206.5,3199.5,3200.5,119,0
20231120,150000,3200,3209.5,3200,3204,71,0
20231120,160000,3206,3208,3204,3207,18,0
20231120,170000,3204.5,3207.5,3199,3207.5,110,0
20231120,180000,3204,3205.5,3204,3205.5,3,0
20231120,190000,3209.5,3212.5,3201,3201,19,0
20231120,200000,3204.5,3204.5,3198.5,3198.5,14,0
20231120,210000,3199,3202,3198.5,3202,8,0
20231120,220000,3200,3200.5,3200,3200.5,6,0
20231120,230000,3208,3208,3200.5,3200.5,16,0
20231121,090000,3199,3200,3190,3190,28,0
20231121,100000,3193.5,3203,3192,3203,67,0
20231121,110000,3200.5,3201.5,3194.5,3197,64,0
20231121,120000,3200,3201,3197.5,3197.5,26,0
20231121,130000,3197,3197,3193,3194.5,11,0
20231121,140000,3199,3206,3196,3201.5,171,0
20231121,150000,3201,3206.5,3201,3206.5,41,0
20231121,160000,3205,3207.5,3199.5,3206,60,0
20231121,170000,3208,3217,3208,3217,76,0
20231121,180000,3217,3220,3217,3218.5,113,0
20231121,190000,3218,3223,3216,3219.5,20,0
20231121,200000,3218.5,3218.5,3216.5,3216.5,16,0
20231121,210000,3219,3219,3219,3219,1,0
20231121,220000,3220,3221,3219,3220.5,17,0
20231121,230000,3221,3225,3220.5,3221,63,0
20231122,090000,3225,3244.5,3225,3227,54,0
20231122,100000,3226,3242.5,3226,3239.5,482,0
20231122,110000,3240,3240,3232,3237,242,0
20231122,120000,3238.5,3241,3233,3237.5,30,0
20231122,130000,3233,3238.5,3233,3238.5,21,0
20231122,140000,3236.5,3236.5,3232,3235.5,120,0
20231122,150000,3235,3235,3226,3231,71,0
20231122,160000,3232,3233.5,3222.5,3233,145,0
20231122,170000,3229,3236,3229,3236,8,0
20231122,180000,3236.5,3236.5,3231.5,3234,42,0
20231122,190000,3235,3237,3235,3237,2,0
20231122,200000,3232.5,3233.5,3232.5,3233,9,0
20231122,210000,3235,3237,3233,3233,21,0
20231122,220000,3230,3230,3230,3230,1,0
20231123,090000,3232,3237,3232,3237,8,0
20231123,100000,3236.5,3244.5,3228,3233,122,0
20231123,110000,3232,3238.5,3230,3238,105,0
20231123,120000,3235,3236.5,3231.5,3231.5,43,0
20231123,130000,3230,3230,3224.5,3229,46,0
20231123,140000,3228.5,3228.5,3224,3224,10,0
20231123,150000,3226.5,3226.5,3220.5,3221.5,20,0
20231123,160000,3228.5,3231,3224.5,3224.5,29,0
20231123,170000,3226,3226,3220,3220,76,0
20231123,180000,3223,3224,3221,3223.5,18,0
20231123,190000,3223,3223.5,3220.5,3220.5,46,0
20231123,200000,3220.5,3223.5,3216,3223.5,41,0
20231123,210000,3218,3218,3218,3218,2,0
20231123,220000,3218,3220,3217.5,3218,6,0
20231123,230000,3217.5,3217.5,3217.5,3217.5,3,0
20231124,090000,3218,3234.5,3218,3226,78,0
20231124,100000,3229,3259,3225,3227,254,0
20231124,110000,3225.5,3232,3225,3232,61,0
20231124,120000,3232.5,3234,3226,3228.5,57,0
20231124,130000,3227,3227,3224.5,3224.5,2,0
20231124,140000,3234.5,3234.5,3219,3219,24,0
20231124,150000,3218,3220,3206,3207,481,0
20231124,160000,3206.5,3214.5,3206.5,3212,416,0
20231124,170000,3214.5,3224.5,3212,3224,473,0
20231124,180000,3224,3228.5,3222,3227.5,92,0
20231124,190000,3221.5,3226,3218,3226,18,0
20231124,200000,3224.5,3227,3224,3224,11,0
20231124,210000,3229,3231,3224.5,3224.5,12,0
20231124,220000,3228.5,3231,3224,3224,18,0
20231124,230000,3222.5,3231,3222.5,3231,36,0
20231127,090000,3222.5,3234.5,3221,3223,63,0
20231127,100000,3223,3231.5,3215.5,3225,352,0
20231127,110000,3224.5,3230,3220,3226,148,0
20231127,120000,3224,3228.5,3220,3220,61,0
20231127,130000,3220,3220,3210.5,3214,81,0
20231127,140000,3214,3215,3213,3215,25,0
20231127,150000,3215.5,3217,3206,3208.5,331,0
20231127,160000,3209.5,3213,3196,3196,201,0
20231127,170000,3195,3196.5,3182.5,3191,298,0
20231127,180000,3193,3199,3186,3194.5,215,0
20231127,190000,3195.5,3195.5,3194,3195.5,17,0
20231127,200000,3195.5,3196,3195.5,3196,8,0
20231127,210000,3197.5,3197.5,3195.5,3195.5,15,0
20231127,220000,3199,3199,3193,3193,9,0
20231127,230000,3193,3193,3190,3191.5,8,0
20231128,090000,3192,3199.5,3192,3193.5,62,0
20231128,100000,3193.5,3194.5,3165,3170.5,415,0
20231128,110000,3170,3183.5,3167.5,3178,220,0
20231128,120000,3180,3181,3176,3180,41,0
20231128,130000,3181,3181,3174,3179.5,131,0
20231128,140000,3179.5,3182,3174,3182,611,0
20231128,150000,3182,3192.5,3182,3186.5,178,0
20231128,160000,3186,3193.5,3185.5,3189.5,31,0
20231128,170000,3190,3200.5,3190,3200.5,120,0
20231128,180000,3200.5,3204.5,3198.5,3198.5,237,0
20231128,190000,3197,3201,3196,3200,31,0
20231128,200000,3197.5,3203.5,3197.5,3202.5,17,0
20231128,210000,3199,3199,3198,3198,2,0
20231128,230000,3200,3200,3196,3196,10,0
20231129,090000,3195.5,3199.5,3176,3190,107,0
20231129,100000,3195,3205,3186.5,3190,523,0
20231129,110000,3187.5,3194.5,3180,3181.5,384,0
20231129,120000,3184.5,3186.5,3180,3182,159,0
20231129,130000,3183.5,3189.5,3183,3185,26,0
20231129,140000,3185,3188,3181,3185,35,0
20231129,150000,3187,3191,3185,3191,26,0
20231129,160000,3189,3189.5,3185.5,3185.5,212,0
20231129,170000,3187,3188,3183.5,3184,51,0
20231129,180000,3187,3187,3177,3181.5,76,0
20231129,190000,3183.5,3184,3181,3181,11,0
20231129,200000,3179.5,3182,3170,3174.5,77,0
20231129,210000,3176,3179.5,3173.5,3175,16,0
20231129,220000,3179,3184.5,3175,3180,66,0
20231129,230000,3180.5,3185,3180,3184.5,29,0
20231130,090000,3182,3193,3171,3178.5,53,0
20231130,100000,3178,3178,3151,3163.5,611,0
20231130,110000,3161,3195,3150.5,3163.5,1424,0
20231130,120000,3163,3165.5,3158,3163,151,0
20231130,130000,3160,3179.5,3160,3179.5,72,0
20231130,140000,3179.5,3179.5,3168,3168,44,0
20231130,150000,3171,3173,3170,3170,35,0
20231130,160000,3168.5,3168.5,3155,3158,111,0
20231130,170000,3156.5,3169,3156.5,3165,135,0
20231130,180000,3165.5,3175,3165.5,3168,173,0
20231130,190000,3170,3173.5,3164.5,3166,32,0
20231130,200000,3166,3167,3165.5,3167,5,0
20231130,210000,3170,3170,3169,3169,4,0
20231130,220000,3167.5,3172.5,3167.5,3172,25,0
20231130,230000,3170,3170,3165,3170,36,0
20231201,090000,3170,3174.5,3156.5,3160,133,0
20231201,100000,3160,3160.5,3152.5,3154.5,188,0
20231201,110000,3154.5,3166,3154.5,3164.5,82,0
20231201,120000,3165,3165.5,3162.5,3165.5,12,0
20231201,130000,3165,3166,3165,3165,79,0
20231201,140000,3164.5,3164.5,3157.5,3158.5,51,0
20231201,150000,3158.5,3165,3151.5,3159,140,0
20231201,160000,3156,3160.5,3147,3148.5,181,0
20231201,170000,3150,3153,3144,3148,127,0
20231201,180000,3148,3148,3143.5,3145,198,0
20231201,190000,3141.5,3146.5,3139.5,3139.5,125,0
20231201,200000,3140.5,3144.5,3139.5,3144.5,40,0
20231201,210000,3142.5,3146.5,3138,3142.5,41,0
20231201,220000,3141,3142.5,3136,3137,20,0
20231201,230000,3136.5,3137,3127.5,3137,90,0
20231204,090000,3130,3136.5,3127.5,3132,73,0
20231204,100000,3130.5,3137,3117.5,3120,509,0
20231204,110000,3120,3127,3112,3119,523,0
20231204,120000,3123,3132,3118.5,3130.5,562,0
20231204,130000,3131.5,3134,3124,3127,195,0
20231204,140000,3126.5,3130,3122.5,3127,73,0
20231204,150000,3125.5,3130,3125,3127.5,42,0
20231204,160000,3130,3130,3124,3125,41,0
20231204,170000,3125,3125,3115,3117.5,664,0
20231204,180000,3119,3119,3113.5,3116,101,0
20231204,190000,3117,3117,3107,3108,69,0
20231204,200000,3107.5,3107.5,3100,3105,126,0
20231204,210000,3105,3112,3102.5,3112,228,0
20231204,220000,3110,3110.5,3109,3109,30,0
20231204,230000,3109.5,3113,3102,3102,33,0
20231205,090000,3108.5,3123.5,3101,3115.5,143,0
20231205,100000,3115.5,3126,3111.5,3115.5,380,0
20231205,110000,3114.5,3114.5,3095.5,3103,196,0
20231205,120000,3104,3113,3103.5,3109.5,201,0
20231205,130000,3110.5,3130.5,3110.5,3123.5,371,0
20231205,140000,3123.5,3133,3123.5,3132,235,0
20231205,150000,3132.5,3139.5,3126,3126,97,0
20231205,160000,3128,3132.5,3122.5,3129,86,0
20231205,170000,3130,3145,3130,3139.5,215,0
20231205,180000,3139.5,3142,3135,3135,70,0
20231205,190000,3144,3145.5,3138,3143,97,0
20231205,200000,3143.5,3147,3143.5,3145.5,85,0
20231205,210000,3144.5,3145.5,3144.5,3145.5,5,0
20231205,220000,3148,3149,3140.5,3142.5,36,0
20231205,230000,3144,3148.5,3144,3148,40,0
20231206,090000,3147.5,3153,3145,3147.5,173,0
20231206,100000,3148,3153,3123.5,3126,587,0
20231206,110000,3125,3125.5,3113,3120.5,596,0
20231206,120000,3120,3120.5,3104,3108.5,149,0
20231206,130000,3107.5,3114,3083,3101.5,508,0
20231206,140000,3100.5,3107,3094,3097,223,0
20231206,150000,3094,3104,3089,3095,234,0
20231206,160000,3098,3099,3083,3089,300,0
20231206,170000,3083.5,3095.5,3080,3094,155,0
20231206,180000,3095.5,3095.5,3080.5,3083,216,0
20231206,190000,3080,3085.5,3064.5,3069,351,0
20231206,200000,3070,3075.5,3069,3073,346,0
20231206,210000,3077.5,3088.5,3073.5,3084,69,0
20231206,220000,3082.5,3084,3073.5,3078.5,29,0
20231206,230000,3073.5,3073.5,3070,3070,12,0
20231207,090000,3078,3085,3078,3080.5,49,0
20231207,100000,3077.5,3081.5,3062,3062.5,694,0
20231207,110000,3063,3065,3050,3060,666,0
20231207,120000,3060,3070,3056.5,3062.5,441,0
20231207,130000,3063.5,3075.5,3063.5,3075,251,0
20231207,140000,3071.5,3071.5,3054,3054,499,0
20231207,150000,3057,3077,3055,3076.5,311,0
20231207,160000,3071,3089,3069.5,3080.5,391,0
20231207,170000,3081,3083.5,3074.5,3076,366,0
20231207,180000,3079,3083,3075,3075,230,0
20231207,190000,3074.5,3075,3063,3073,293,0
20231207,200000,3072,3079,3067.5,3079,106,0
20231207,210000,3077.5,3081,3076,3077,23,0
20231207,220000,3079,3080.5,3075,3080,62,0
20231207,230000,3074,3081.5,3072,3074,98,0
20231208,090000,3081,3088,3072.5,3080,164,0
20231208,100000,3085.5,3095,3081,3089,417,0
20231208,110000,3092,3102,3092,3097.5,270,0
20231208,120000,3094.5,3097.5,3088.5,3096.5,392,0
20231208,130000,3097,3097,3086.5,3088,168,0
20231208,140000,3087,3088.5,3082,3087,279,0
20231208,150000,3086,3086.5,3072.5,3074,200,0
20231208,160000,3074.5,3077,3068.5,3074.5,451,0
20231208,170000,3076.5,3085.5,3072,3075.5,202,0
20231208,180000,3073.5,3088,3073.5,3088,115,0
20231208,190000,3078.5,3084,3076,3083.5,61,0
20231208,200000,3085,3088,3081,3084,105,0
20231208,210000,3084.5,3088.5,3081.5,3083.5,37,0
20231208,220000,3087,3090.5,3078.5,3084.5,97,0
20231208,230000,3086,3090.5,3085,3085,57,0
20231211,090000,3081.5,3087,3077,3077,47,0
20231211,100000,3078,3085.5,3059.5,3062.5,527,0
20231211,110000,3061.5,3068.5,3055,3065.5,187,0
20231211,120000,3065.5,3070,3054.5,3061.5,314,0
20231211,130000,3061.5,3070,3059.5,3061,144,0
20231211,140000,3066,3066,3044,3046,642,0
20231211,150000,3045.5,3055,3033,3037,335,0
20231211,160000,3036,3048,3032,3043,258,0
20231211,170000,3042.5,3049,3040.5,3040.5,391,0
20231211,180000,3042,3043.5,3025,3025.5,309,0
20231211,190000,3030,3030.5,3015.5,3029.5,627,0
20231211,200000,3030,3033,3021,3029,163,0
20231211,210000,3027,3027,3018,3024.5,84,0
20231211,220000,3024.5,3027.5,3023,3027,93,0
20231211,230000,3027,3030.5,3019.5,3028.5,107,0
20231212,090000,3033,3036,3025,3030.5,149,0
20231212,100000,3030.5,3041,3014.5,3027,1039,0
20231212,110000,3021,3025,3002.5,3011,1891,0
20231212,120000,3015,3025,3011,3015,714,0
20231212,130000,3018,3030,3018,3027,506,0
20231212,140000,3025.5,3045,3022,3045,909,0
20231212,150000,3044,3047,3036.5,3044,498,0
20231212,160000,3047.5,3048.5,3033.5,3033.5,347,0
20231212,170000,3031.5,3036.5,3023,3034,312,0
20231212,180000,3033,3037,3028,3032,315,0
20231212,190000,3027.5,3027.5,3018.5,3027.5,220,0
20231212,200000,3025,3027,3022,3025,325,0
20231212,210000,3023.5,3023.5,3018,3018,102,0
20231212,220000,3018.5,3026,3018.5,3025.5,118,0
20231212,230000,3025.5,3027,3022.5,3027,31,0
20231213,090000,3021.5,3023.5,3008.5,3014.5,177,0
20231213,100000,3010,3026,3006,3020,685,0
20231213,110000,3020,3030,3017,3030,345,0
20231213,120000,3030.5,3042.5,3030.5,3038.5,413,0
20231213,130000,3038,3047,3037.5,3041,644,0
20231213,140000,3041,3047,3038.5,3047,580,0
20231213,150000,3047,3049,3028,3035,668,0
20231213,160000,3030.5,3037,3025,3026,422,0
20231213,170000,3027.5,3034,3023,3030.5,532,0
20231213,180000,3034,3036.5,3021.5,3034,638,0
20231213,190000,3035.5,3035.5,3028,3035,39,0
20231213,200000,3035,3043.5,3034.5,3037,270,0
20231213,210000,3037,3043.5,3037,3042.5,65,0
20231213,220000,3041.5,3048,3037.5,3042.5,117,0
20231213,230000,3042.5,3047.5,3038,3047.5,102,0
20231214,090000,3040.5,3050,3039,3048.5,334,0
20231214,100000,3048.5,3070,3048.5,3053,1257,0
20231214,110000,3053,3058,3049,3054.5,316,0
20231214,120000,3054.5,3062,3049,3051.5,481,0
20231214,130000,3051.5,3062,3045,3046.5,212,0
20231214,140000,3046,3055,3044,3046.5,558,0
20231214,150000,3045,3050,3037,3037.5,367,0
20231214,160000,3038.5,3041,3029,3029,668,0
20231214,170000,3030.5,3031,3013,3023,762,0
20231214,180000,3023,3030,3012,3012,561,0
20231214,190000,3011,3020,3000.5,3005,990,0
20231214,200000,3005,3005.5,2989.5,2991,897,0
20231214,210000,2991,2997.5,2980,2996,680,0
20231214,220000,2994,3014,2992,2999,400,0
20231214,230000,2999,2999.5,2991,2991,118,0
20231215,090000,2999.5,3007.5,2993,3000,290,0
20231215,100000,3000,3014,2991,3008,904,0
20231215,110000,3008,3021.5,3005,3006,530,0
20231215,120000,3006,3011.5,3000,3007,541,0
20231215,130000,3009,3045,3005,3036,1233,0
20231215,140000,3034,3046,3030,3036,628,0
20231215,150000,3037.5,3052.5,3025,3035.5,886,0
20231215,160000,3039,3046.5,3035.5,3046.5,2114,0
20231215,170000,3046.5,3052,3040,3051,1949,0
20231215,180000,3051.5,3095,3044,3050,1145,0
20231215,190000,3049.5,3059,3049,3058,717,0
20231215,200000,3058,3068,3056,3067.5,626,0
20231215,210000,3066.5,3067,3058.5,3058.5,125,0
20231215,220000,3060,3063,3056.5,3063,335,0
20231215,230000,3063,3065,3055,3061,375,0
20231218,090000,3065,3077,3055,3067,830,0
20231218,100000,3067,3082,3062,3072.5,1757,0
20231218,110000,3074,3079,3073,3078.5,605,0
20231218,120000,3078.5,3084,3071.5,3075,1000,0
20231218,130000,3072.5,3076.5,3070.5,3075,401,0
20231218,140000,3074,3083,3070.5,3082.5,927,0
20231218,150000,3081,3084.5,3078,3078.5,1058,0
20231218,160000,3079.5,3089,3076.5,3089,285,0
20231218,170000,3089,3093,3078.5,3091.5,446,0
20231218,180000,3090.5,3096.5,3085,3085,627,0
20231218,190000,3087.5,3092,3086,3087.5,168,0
20231218,200000,3086.5,3089,3085,3087.5,57,0
20231218,210000,3087.5,3091,3085.5,3089.5,32,0
20231218,220000,3089.5,3092,3089.5,3091.5,107,0
20231218,230000,3091.5,3092,3090,3090,99,0
20231219,090000,3094,3095,3080.5,3085,260,0
20231219,100000,3086,3094.5,3079.5,3090,1132,0
20231219,110000,3091.5,3097.5,3087,3093.5,671,0
20231219,120000,3096,3096.5,3089,3092.5,186,0
20231219,130000,3089.5,3091,3083.5,3087.5,247,0
20231219,140000,3088,3089,3073,3082.5,742,0
20231219,150000,3082,3083.5,3072,3072.5,1021,0
20231219,160000,3072.5,3085.5,3072,3081.5,169,0
20231219,170000,3082,3089,3080,3083.5,171,0
20231219,180000,3084,3095,3084,3093.5,378,0
20231219,190000,3084.5,3095,3084.5,3095,251,0
20231219,200000,3094,3095.5,3090,3091,93,0
20231219,210000,3091,3094,3091,3091.5,116,0
20231219,220000,3094,3098.5,3091,3093.5,127,0
20231219,230000,3091,3098,3091,3094,71,0
20231220,090000,3094,3095,3090,3093,83,0
20231220,100000,3093,3103,3093,3102,1792,0
20231220,110000,3102.5,3122,3100,3112,2788,0
20231220,120000,3114,3116,3107.5,3109,549,0
20231220,130000,3109,3117.5,3109,3114.5,698,0
20231220,140000,3114.5,3117.5,3110,3117.5,1469,0
20231220,150000,3118,3121,3113,3119,801,0
20231220,160000,3119.5,3119.5,3110.5,3116.5,521,0
20231220,170000,3116,3119,3109.5,3119,128,0
20231220,180000,3118,3118,3110,3111.5,528,0
20231220,190000,3110.5,3112,3099,3106,491,0
20231220,200000,3105.5,3108,3102,3107.5,109,0
20231220,210000,3107.5,3109.5,3105,3109.5,887,0
20231220,220000,3110,3110,3105,3108,64,0
20231220,230000,3107.5,3108,3102,3102,126,0
20231221,090000,3103,3104,3092,3096,513,0
20231221,100000,3096,3103.5,3090.5,3091,1386,0
20231221,110000,3090.5,3105,3085.5,3092,1481,0
20231221,120000,3091,3098,3088,3093,669,0
20231221,130000,3092.5,3094.5,3090,3093,257,0
20231221,140000,3093,3095,3080,3084.5,1011,0
20231221,150000,3083,3085,3057,3061,4028,0
20231221,160000,3062,3077,3062,3072,2273,0
20231221,170000,3071,3075.5,3063.5,3072,1716,0
20231221,180000,3072,3081,3060.5,3075,1118,0
20231221,190000,3075,3087,3075,3082,177,0
20231221,200000,3082.5,3084.5,3080,3083.5,178,0
20231221,210000,3081,3086,3079,3081.5,105,0
20231221,220000,3081.5,3084,3081,3081,42,0
20231221,230000,3082,3083,3077.5,3077.5,152,0
20231222,090000,3080,3086.5,3080,3086,279,0
20231222,100000,3086.5,3106.5,3080,3102,1989,0
20231222,110000,3101.5,3107,3097.5,3100,1023,0
20231222,120000,3101,3109,3099,3101,1067,0
20231222,130000,3102,3108,3101,3103,533,0
20231222,140000,3105,3107.5,3092.5,3097.5,539,0
20231222,150000,3099,3102,3092.5,3094.5,217,0
20231222,160000,3094,3104.5,3094,3103.5,566,0
20231222,170000,3102,3107,3101,3105,597,0
20231222,180000,3105,3105,3100,3100,675,0
20231222,190000,3106.5,3106.5,3097,3098.5,219,0
20231222,200000,3099.5,3101.5,3099.5,3100,172,0
20231222,210000,3099,3100,3097,3100,99,0
20231222,220000,3100,3100.5,3098.5,3100,156,0
20231222,230000,3100,3103.5,3099,3103.5,809,0
20231225,090000,3103,3121,3103,3118,604,0
20231225,100000,3118,3119.5,3103,3112,2838,0
20231225,110000,3113,3115,3111,3112.5,1462,0
20231225,120000,3112.5,3113,3109.5,3110.5,2403,0
20231225,130000,3110.5,3110.5,3106,3108.5,788,0
20231225,140000,3108.5,3108.5,3101,3102.5,341,0
20231225,150000,3102,3103.5,3094,3094,1401,0
20231225,160000,3095,3099.5,3095,3099,512,0
20231225,170000,3099.5,3103,3096,3101,457,0
20231225,180000,3100.5,3104.5,3099.5,3103,756,0
20231225,190000,3103,3103,3092,3096,1804,0
20231225,200000,3097,3098,3095,3097,263,0
20231225,210000,3095.5,3098,3095,3097,314,0
20231225,220000,3097,3097.5,3096.5,3097.5,257,0
20231225,230000,3097.5,3097.5,3094,3094,76,0
20231226,090000,3094,3097,3090.5,3097,204,0
20231226,100000,3097.5,3100,3089.5,3091,3345,0
20231226,110000,3091.5,3095,3089.5,3093,1006,0
20231226,120000,3093.5,3096,3089.5,3089.5,902,0
20231226,130000,3089,3093,3086.5,3090.5,397,0
20231226,140000,3090.5,3092.5,3090,3092.5,458,0
20231226,150000,3092.5,3099,3092.5,3099,394,0
20231226,160000,3099,3104,3098,3101.5,584,0
20231226,170000,3101.5,3105,3100.5,3105,757,0
20231226,180000,3105,3105,3097,3098.5,322,0
20231226,190000,3097.5,3103.5,3095.5,3102,368,0
20231226,200000,3102,3102.5,3101.5,3102.5,40,0
20231226,210000,3102.5,3103,3101,3101,38,0
20231226,220000,3103,3105,3103,3104.5,60,0
20231226,230000,3105,3105,3100,3100,76,0
20231227,090000,3100,3105,3095,3098.5,130,0
20231227,100000,3098.5,3112,3096,3112,1677,0
20231227,110000,3112,3115,3110.5,3114.5,578,0
20231227,120000,3114.5,3118,3112,3112,561,0
20231227,130000,3111.5,3113,3108,3110,432,0
20231227,140000,3109.5,3111.5,3109.5,3111.5,132,0
20231227,150000,3112,3114,3110.5,3110.5,289,0
20231227,160000,3110.5,3110.5,3106,3107.5,711,0
20231227,170000,3107.5,3109,3105.5,3107,417,0
20231227,180000,3106.5,3106.5,3101,3104,164,0
20231227,190000,3102,3103.5,3100,3103,337,0
20231227,200000,3103,3104,3103,3104,27,0
20231227,210000,3105,3105,3103.5,3103.5,17,0
20231227,220000,3103,3108,3098.5,3102.5,328,0
20231227,230000,3104,3104,3101,3102,36,0
20231228,090000,3102,3104,3092.5,3092.5,225,0
20231228,100000,3095,3101.5,3090.5,3096,1986,0
20231228,110000,3095,3097.5,3088,3090,1373,0
20231228,120000,3091,3095,3089,3089,713,0
20231228,130000,3089,3093.5,3088,3091.5,464,0
20231228,140000,3094,3094,3090.5,3093.5,107,0
20231228,150000,3093.5,3095,3092,3092,133,0
20231228,160000,3091,3094,3088,3094,433,0
20231228,170000,3094.5,3099,3094.5,3098,308,0
20231228,180000,3098.5,3105.5,3095,3096,929,0
20231228,190000,3098,3100.5,3098,3098.5,175,0
20231228,200000,3098,3098.5,3097,3098.5,24,0
20231228,210000,3098.5,3099,3097,3097,91,0
20231228,220000,3097,3101,3097,3099,18,0
20231228,230000,3098.5,3098.5,3095,3098,38,0
20231229,090000,3099,3100,3090,3090,52,0
20231229,100000,3093,3099,3091.5,3094.5,397,0
20231229,110000,3094,3099,3091,3099,1075,0
20231229,120000,3098.5,3102,3097,3097.5,577,0
20231229,130000,3099,3104,3097,3103.5,1018,0
20231229,140000,3103.5,3106.5,3101.5,3101.5,203,0
20231229,150000,3102.5,3102.5,3099.5,3099.5,310,0
20231229,160000,3099,3101,3098,3101,631,0
20231229,170000,3100,3105,3100,3105,1421,0
20231229,180000,3103,3104.5,3102.5,3102.5,117,0
20231229,190000,3103,3103.5,3102.5,3103,118,0
20231229,200000,3103.5,3104.5,3102.5,3102.5,14,0
20231229,210000,3103.5,3107,3102.5,3107,200,0
20231229,220000,3105,3105,3104,3104,21,0
20231229,230000,3105,3105,3102,3103,246,0
20240103,090000,3102.5,3113.5,3100,3111,249,0
20240103,100000,3110,3125,3106,3122.5,1231,0
20240103,110000,3122,3127.5,3121.5,3126,2392,0
20240103,120000,3126,3126.5,3121.5,3125,259,0
20240103,130000,3125,3129.5,3125,3126.5,263,0
20240103,140000,3128.5,3129.5,3126.5,3128.5,556,0
20240103,150000,3128.5,3131,3128,3131,184,0
20240103,160000,3131,3131,3128,3129,384,0
20240103,170000,3129.5,3137,3129.5,3136.5,395,0
20240103,180000,3136.5,3139,3134.5,3138,286,0
20240103,190000,3138.5,3140,3134.5,3140,221,0
20240103,200000,3140,3141,3135,3139.5,180,0
20240103,210000,3139.5,3141,3139,3139,155,0
20240103,220000,3139,3140.5,3138.5,3140.5,138,0
20240103,230000,3141,3141.5,3140,3141,22,0
20240104,090000,3139.5,3144,3139.5,3140,89,0
20240104,100000,3142,3147,3136.5,3141,1428,0
20240104,110000,3141.5,3146,3141,3143.5,812,0
20240104,120000,3144,3146.5,3140,3140,318,0
20240104,130000,3139,3141.5,3138.5,3141,85,0
20240104,140000,3141.5,3143.5,3141.5,3142,50,0
20240104,150000,3142,3142,3140,3141,341,0
20240104,160000,3140,3140,3137.5,3138.5,462,0
20240104,170000,3138.5,3139.5,3137.5,3139.5,207,0
20240104,180000,3139.5,3139.5,3133,3135,167,0
20240104,190000,3133,3138,3133,3136.5,91,0
20240104,200000,3135.5,3137,3135.5,3137,24,0
20240104,210000,3137,3139,3136.5,3138,31,0
20240104,220000,3138,3139,3138,3139,21,0
20240104,230000,3139,3139,3137.5,3139,6,0
20240105,090000,3139.5,3143,3139.5,3141.5,68,0
20240105,100000,3142,3145,3139,3139,534,0
20240105,110000,3139,3139,3132.5,3135,1355,0
20240105,120000,3135,3135,3131.5,3133,384,0
20240105,130000,3133,3136,3133,3135.5,115,0
20240105,140000,3133.5,3137,3133.5,3134,320,0
20240105,150000,3133.5,3135.5,3133,3135.5,73,0
20240105,160000,3135.5,3135.5,3134,3135.5,40,0
20240105,170000,3135,3138.5,3134,3137,424,0
20240105,180000,3136.5,3137,3132.5,3134.5,162,0
20240105,190000,3135,3136,3132.5,3135.5,28,0
20240105,200000,3136,3138,3136,3136.5,21,0
20240105,210000,3136,3136,3135,3135,20,0
20240105,220000,3134.5,3136,3134.5,3136,11,0
20240105,230000,3135.5,3136,3134.5,3136,40,0
20240108,090000,3136,3144.5,3135,3140,177,0
20240108,100000,3141,3227.5,3141,3154.5,1651,0
20240108,110000,3154,3155,3152,3152,337,0
20240108,120000,3151,3152,3149,3152,212,0
20240108,130000,3152.5,3153.5,3150,3153.5,386,0
20240108,140000,3153.5,3161,3153.5,3160.5,576,0
20240108,150000,3160,3163,3158.5,3160.5,156,0
20240108,160000,3160.5,3161,3157.5,3160.5,308,0
20240108,170000,3160.5,3161.5,3156,3158.5,418,0
20240108,180000,3158.5,3160,3158,3159,949,0
20240108,190000,3156,3158.5,3155,3155,1039,0
20240108,200000,3156,3156,3154,3154.5,449,0
20240108,210000,3154.5,3158,3154.5,3157.5,221,0
20240108,220000,3158.5,3158.5,3157,3157.5,85,0
20240108,230000,3156.5,3157.5,3156,3157,26,0
20240109,090000,3157,3157.5,3155,3156,115,0
20240109,100000,3157.5,3159,3147,3151,1057,0
20240109,110000,3150,3156,3149.5,3154.5,438,0
20240109,120000,3154.5,3160,3151,3152.5,457,0
20240109,130000,3152.5,3154.5,3152,3152,353,0
20240109,140000,3152.5,3154,3150,3154,125,0
20240109,150000,3152.5,3152.5,3146,3149,266,0
20240109,160000,3149,3152.5,3148.5,3152.5,227,0
20240109,170000,3152.5,3156.5,3152,3155,113,0
20240109,180000,3155.5,3164,3155.5,3163.5,946,0
20240109,190000,3164.5,3164.5,3161,3163.5,139,0
20240109,200000,3163.5,3166.5,3162,3164.5,253,0
20240109,210000,3164.5,3166.5,3162,3163.5,96,0
20240109,220000,3166,3166,3155,3163,139,0
20240109,230000,3163,3165.5,3156,3162.5,46,0
20240110,090000,3161.5,3161.5,3154,3159.5,113,0
20240110,100000,3159.5,3170,3159.5,3170,526,0
20240110,110000,3169.5,3172,3168,3172,446,0
20240110,120000,3172,3173,3167.5,3171,250,0
20240110,130000,3171,3172.5,3170.5,3171,451,0
20240110,140000,3172,3175,3172,3175,262,0
20240110,150000,3174.5,3178.5,3173.5,3174.5,458,0
20240110,160000,3174.5,3175,3171,3171.5,404,0
20240110,170000,3171.5,3173.5,3171,3173,251,0
20240110,180000,3174,3178.5,3170,3177,319,0
20240110,190000,3175.5,3178.5,3167.5,3168.5,861,0
20240110,200000,3168.5,3170,3166,3166,667,0
20240110,210000,3166.5,3167,3162.5,3163.5,266,0
20240110,220000,3164,3165.5,3163.5,3165.5,153,0
20240110,230000,3165.5,3167,3164,3165.5,189,0
20240111,090000,3167,3171,3165,3165,203,0
20240111,100000,3165,3166,3156,3158,1114,0
20240111,110000,3158,3159.5,3153,3159,805,0
20240111,120000,3159,3168.5,3157.5,3166.5,501,0
20240111,130000,3168.5,3174.5,3167,3174.5,1274,0
20240111,140000,3173.5,3176,3172,3173.5,746,0
20240111,150000,3174,3175.5,3169.5,3169.5,332,0
20240111,160000,3169.5,3172,3167,3169.5,715,0
20240111,170000,3169,3171.5,3164,3171.5,629,0
20240111,180000,3172,3175.5,3171.5,3172,84,0
20240111,190000,3174.5,3179.5,3173.5,3178,739,0
20240111,200000,3178,3179,3176.5,3177,257,0
20240111,210000,3178.5,3179,3173.5,3177.5,189,0
20240111,220000,3177,3177,3175.5,3176,35,0
20240111,230000,3176.5,3178.5,3176.5,3178,107,0
20240112,090000,3176.5,3183.5,3176,3179,296,0
20240112,100000,3179,3188,3178.5,3183,391,0
20240112,110000,3181.5,3188,3180,3187,168,0
20240112,120000,3187.5,3191,3185,3190.5,637,0
20240112,130000,3190.5,3194.5,3190,3194.5,788,0
20240112,140000,3194,3199,3193.5,3195.5,470,0
20240112,150000,3197,3198.5,3193.5,3194,388,0
20240112,160000,3194,3196.5,3193.5,3194.5,98,0
20240112,170000,3194.5,3201,3194.5,3198.5,552,0
20240112,180000,3199.5,3200,3196,3196.5,231,0
20240112,190000,3196.5,3196.5,3191,3192.5,64,0
20240112,200000,3192.5,3194,3191,3194,38,0
20240112,210000,3193.5,3194.5,3192.5,3192.5,34,0
20240112,220000,3192.5,3193.5,3191,3193.5,75,0
20240112,230000,3193.5,3195,3192,3192,41,0
20240115,090000,3192,3200.5,3192,3199,233,0
20240115,100000,3199,3204.5,3196.5,3198,661,0
20240115,110000,3198,3198,3194,3197.5,839,0
20240115,120000,3197.5,3200,3194.5,3196,465,0
20240115,130000,3196,3197,3185,3185,1143,0
20240115,140000,3185,3191,3182.5,3188.5,401,0
20240115,150000,3187.5,3190.5,3185.5,3188.5,175,0
20240115,160000,3188.5,3190,3188,3189.5,53,0
20240115,170000,3189,3189,3183.5,3183.5,166,0
20240115,180000,3185,3185.5,3181,3181,803,0
20240115,190000,3190,3190,3185.5,3187.5,72,0
20240115,200000,3188,3188.5,3185.5,3187.5,48,0
20240115,210000,3187.5,3187.5,3186.5,3187.5,8,0
20240115,220000,3187.5,3189,3187.5,3189,8,0
20240115,230000,3187,3188.5,3187,3187.5,25,0
20240116,090000,3182,3187.5,3181,3181,185,0
20240116,100000,3181,3188,3168.5,3175.5,1843,0
20240116,110000,3175,3177,3170,3175.5,5190,0
20240116,120000,3176,3178.5,3174,3175.5,644,0
20240116,130000,3176.5,3184,3176.5,3184,324,0
20240116,140000,3184.5,3185,3180,3182,333,0
20240116,150000,3183,3185,3176.5,3177,266,0
20240116,160000,3177,3181,3175,3178,335,0
20240116,170000,3178,3182,3174.5,3181.5,551,0
20240116,180000,3182,3184,3178.5,3178.5,152,0
20240116,190000,3178.5,3180,3178.5,3179.5,27,0
20240116,200000,3180.5,3181.5,3177.5,3177.5,14,0
20240116,210000,3178.5,3180,3177.5,3179,53,0
20240116,220000,3180,3185.5,3180,3184,752,0
20240116,230000,3182.5,3182.5,3181.5,3181.5,6,0
20240117,090000,3183,3185.5,3175.5,3176,129,0
20240117,100000,3178.5,3189.5,3175,3186.5,447,0
20240117,110000,3186.5,3195,3186.5,3192.5,445,0
20240117,120000,3193.5,3195,3186,3186.5,383,0
20240117,130000,3186.5,3191.5,3186.5,3187.5,117,0
20240117,140000,3187,3190.5,3181,3190.5,304,0
20240117,150000,3188.5,3190,3186.5,3186.5,26,0
20240117,160000,3187.5,3188.5,3179.5,3181.5,454,0
20240117,170000,3181.5,3186,3179.5,3183,584,0
20240117,180000,3182,3191,3182,3187,530,0
20240117,190000,3187.5,3194,3185,3190,1117,0
20240117,200000,3189.5,3190,3186,3187.5,13,0
20240117,210000,3186.5,3187.5,3186,3186.5,14,0
20240117,220000,3187.5,3187.5,3186.5,3186.5,25,0
20240117,230000,3188,3189,3188,3189,4,0
20240118,090000,3187.5,3193.5,3186,3193,91,0
20240118,100000,3193.5,3195.5,3190.5,3191,119,0
20240118,110000,3193,3197.5,3192,3193,159,0
20240118,120000,3193,3196,3190,3193,331,0
20240118,130000,3193,3196.5,3191,3192.5,133,0
20240118,140000,3192.5,3195.5,3189.5,3190.5,108,0
20240118,150000,3190,3190,3185.5,3188,298,0
20240118,160000,3188.5,3189,3178,3181.5,3388,0
20240118,170000,3181.5,3187.5,3181.5,3184,111,0
20240118,180000,3184.5,3185.5,3180.5,3185,181,0
20240118,190000,3183,3183,3179.5,3182.5,262,0
20240118,200000,3181.5,3181.5,3180,3181.5,65,0
20240118,210000,3181.5,3182.5,3180.5,3182.5,17,0
20240118,220000,3181,3183,3180.5,3181,31,0
20240118,230000,3181.5,3181.5,3177,3179.5,81,0
20240119,090000,3177,3181.5,3176.5,3177,72,0
20240119,100000,3179.5,3182,3157,3166.5,2569,0
20240119,110000,3167,3171,3163.5,3167,720,0
20240119,120000,3165,3173,3163,3171.5,116,0
20240119,130000,3171.5,3173,3167.5,3169.5,94,0
20240119,140000,3168,3171.5,3166.5,3170.5,268,0
20240119,150000,3168.5,3170,3163,3165,428,0
20240119,160000,3165,3166,3160,3165.5,1006,0
20240119,170000,3165.5,3172.5,3164.5,3172.5,401,0
20240119,180000,3172.5,3174,3169.5,3169.5,329,0
20240119,190000,3172,3172,3164.5,3168.5,346,0
20240119,200000,3170.5,3171,3168.5,3171,29,0
20240119,210000,3171,3171,3167.5,3167.5,43,0
20240119,220000,3168,3171,3168,3169,32,0
20240119,230000,3170,3170,3165.5,3165.5,307,0
20240122,090000,3168,3176.5,3165.5,3172,264,0
20240122,100000,3172,3175,3160,3169.5,369,0
20240122,110000,3169.5,3178.5,3169.5,3175,739,0
20240122,120000,3175.5,3179.5,3175.5,3177,340,0
20240122,130000,3177,3177.5,3175,3175.5,341,0
20240122,140000,3175.5,3177,3173,3177,169,0
20240122,150000,3177,3183,3177,3180,532,0
20240122,160000,3180,3181,3177,3177.5,505,0
20240122,170000,3177,3178.5,3175,3176.5,118,0
20240122,180000,3178.5,3180.5,3177.5,3180.5,285,0
20240122,190000,3180.5,3181,3176.5,3177.5,78,0
20240122,200000,3177.5,3178,3176.5,3178,14,0
20240122,210000,3178,3180,3178,3180,39,0
20240122,220000,3178.5,3180.5,3177.5,3179.5,22,0
20240122,230000,3180,3180.5,3178.5,3180.5,107,0
20240123,090000,3181,3184,3178.5,3178.5,327,0
20240123,100000,3180,3181,3173.5,3173.5,551,0
20240123,110000,3173,3180.5,3172.5,3179.5,209,0
20240123,120000,3179.5,3183,3178.5,3180,87,0
20240123,130000,3180.5,3180.5,3173,3173.5,97,0
20240123,140000,3173,3178.5,3172,3178,253,0
20240123,150000,3176.5,3178,3175.5,3176,23,0
20240123,160000,3177.5,3180,3177.5,3180,135,0
20240123,170000,3179,3181.5,3177,3179.5,157,0
20240123,180000,3180,3180,3177,3177,59,0
20240123,190000,3179,3179.5,3175,3175,34,0
20240123,200000,3175,3177,3174.5,3177,18,0
20240123,210000,3177,3180.5,3177,3180.5,41,0
20240123,220000,3180,3181,3180,3180,34,0
20240123,230000,3180,3181,3179.5,3179.5,24,0
20240124,090000,3181,3182.5,3179,3180.5,56,0
20240124,100000,3181,3188.5,3177,3180.5,826,0
20240124,110000,3180,3182.5,3178.5,3181.5,538,0
20240124,120000,3181.5,3181.5,3168,3168.5,325,0
20240124,130000,3168.5,3173.5,3163.5,3167.5,523,0
20240124,140000,3166.5,3166.5,3156,3161.5,779,0
20240124,150000,3160.5,3168.5,3158,3168.5,599,0
20240124,160000,3168,3172,3167.5,3168.5,185,0
20240124,170000,3168.5,3168.5,3165,3165.5,177,0
20240124,180000,3167,3170,3166.5,3170,236,0
20240124,190000,3167.5,3167.5,3162,3167,60,0
20240124,200000,3167,3170,3167,3169,35,0
20240124,210000,3168,3168,3167.5,3167.5,23,0
20240124,220000,3167.5,3167.5,3166,3166,26,0
20240124,230000,3167,3167,3165,3166.5,44,0
20240125,090000,3166.5,3170,3164.5,3169.5,130,0
20240125,100000,3167.5,3167.5,3147,3152,2544,0
20240125,110000,3153.5,3159,3152,3156,440,0
20240125,120000,3156,3157.5,3154,3155,188,0
20240125,130000,3156,3157.5,3152.5,3153.5,381,0
20240125,140000,3154.5,3160.5,3154,3156,249,0
20240125,150000,3157,3162,3156,3162,170,0
20240125,160000,3161,3166,3160.5,3163,192,0
20240125,170000,3163.5,3165,3161,3163.5,376,0
20240125,180000,3164,3164,3161,3161,70,0
20240125,190000,3161.5,3161.5,3157,3161.5,251,0
20240125,200000,3160,3160,3159,3159,26,0
20240125,210000,3161,3162,3159,3162,40,0
20240125,220000,3161,3163.5,3159.5,3163.5,17,0
20240125,230000,3161.5,3164.5,3161.5,3164.5,19,0
20240126,090000,3162.5,3167,3162,3166,52,0
20240126,100000,3166.5,3171.5,3161,3171.5,862,0
20240126,110000,3171,3177,3168.5,3177,326,0
20240126,120000,3175,3176,3172.5,3175.5,189,0
20240126,130000,3175,3175,3169,3170.5,376,0
20240126,140000,3169.5,3174,3168.5,3172.5,366,0
20240126,150000,3173,3173.5,3168,3168,217,0
20240126,160000,3168,3172,3164.5,3172,389,0
20240126,170000,3171,3171,3165,3166.5,422,0
20240126,180000,3167,3169,3166.5,3169,150,0
20240126,190000,3169,3170,3169,3170,70,0
20240126,200000,3170,3170,3169,3170,41,0
20240126,210000,3170.5,3170.5,3169,3170,30,0
20240126,220000,3170.5,3171.5,3170,3170.5,71,0
20240126,230000,3169.5,3171,3169,3170.5,59,0
20240129,090000,3169,3184,3169,3181,461,0
20240129,100000,3179,3184.5,3176.5,3180,970,0
20240129,110000,3181,3181.5,3178,3179,547,0
20240129,120000,3178.5,3182.5,3177,3182.5,797,0
20240129,130000,3182,3185,3182,3184,169,0
20240129,140000,3184.5,3189.5,3184.5,3187.5,481,0
20240129,150000,3187,3188.5,3186,3186,150,0
20240129,160000,3185.5,3185.5,3180,3183,222,0
20240129,170000,3182.5,3187,3180,3182,276,0
20240129,180000,3180,3181.5,3178.5,3180,94,0
20240129,190000,3180.5,3184,3180.5,3184,47,0
20240129,200000,3184,3184,3182.5,3183.5,65,0
20240129,210000,3183.5,3184.5,3182,3184.5,95,0
20240129,220000,3184.5,3188.5,3184.5,3187,347,0
20240129,230000,3188,3188.5,3185,3187.5,231,0
20240130,090000,3187,3187.5,3180.5,3181,61,0
20240130,100000,3181.5,3195,3181,3192,608,0
20240130,110000,3192,3202.5,3192,3197.5,1438,0
20240130,120000,3197.5,3198,3193,3193,361,0
20240130,130000,3194,3194,3190,3194,676,0
20240130,140000,3194,3195,3190,3191,3886,0
20240130,150000,3191,3191,3184.5,3184.5,4725,0
20240130,160000,3184,3191.5,3183.5,3191.5,1817,0
20240130,170000,3192,3199.5,3192,3198.5,1320,0
20240130,180000,3198.5,3200.5,3198,3200.5,2291,0
20240130,190000,3199.5,3199.5,3195.5,3196,56,0
20240130,200000,3196.5,3196.5,3194.5,3194.5,44,0
20240130,210000,3194.5,3195,3192.5,3194,145,0
20240130,220000,3193,3197.5,3193,3195.5,25,0
20240130,230000,3195.5,3199,3195.5,3199,489,0
20240131,090000,3199.5,3206,3199,3204,348,0
20240131,100000,3203.5,3209,3200.5,3208,1331,0
20240131,110000,3208.5,3213,3203.5,3212,551,0
20240131,120000,3211,3214,3202,3203,261,0
20240131,130000,3205,3210,3205,3208,156,0
20240131,140000,3208.5,3212.5,3208.5,3211,233,0
20240131,150000,3211,3217,3211,3214.5,1351,0
20240131,160000,3214,3219,3211.5,3218.5,360,0
20240131,170000,3219,3221.5,3217.5,3221.5,1191,0
20240131,180000,3220.5,3224,3218.5,3223,332,0
20240131,190000,3220.5,3221,3219,3220.5,107,0
20240131,200000,3220,3222,3219,3220.5,177,0
20240131,210000,3220.5,3220.5,3218,3220,151,0
20240131,220000,3220.5,3222,3220.5,3222,85,0
20240131,230000,3221.5,3222.5,3220,3220,209,0
20240201,090000,3223,3229,3214,3222.5,626,0
20240201,100000,3226,3236,3222.5,3232.5,1551,0
20240201,110000,3232.5,3235.5,3231.5,3234,398,0
20240201,120000,3233,3234,3230.5,3230.5,282,0
20240201,130000,3232,3234.5,3230.5,3233,249,0
20240201,140000,3233,3233,3228.5,3233,273,0
20240201,150000,3233,3234.5,3230.5,3230.5,302,0
20240201,160000,3230.5,3230.5,3227,3228.5,187,0
20240201,170000,3226.5,3228,3225.5,3227,95,0
20240201,180000,3227,3230.5,3227,3227.5,259,0
20240201,190000,3227,3231.5,3225,3231.5,551,0
20240201,200000,3231.5,3231.5,3227.5,3227.5,23,0
20240201,210000,3227,3228.5,3222,3228,229,0
20240201,220000,3227,3227.5,3223,3225.5,82,0
20240201,230000,3226,3229,3225,3228,77,0
20240202,090000,3228,3232.5,3225,3225,159,0
20240202,100000,3226.5,3232,3219.5,3224,1803,0
20240202,110000,3223.5,3228.5,3219.5,3228.5,508,0
20240202,120000,3229,3229.5,3223,3228,345,0
20240202,130000,3228,3229,3225,3228,92,0
20240202,140000,3227.5,3234,3225.5,3234,806,0
20240202,150000,3233.5,3236,3231.5,3231.5,648,0
20240202,160000,3231.5,3233,3230,3232,56,0
20240202,170000,3231.5,3232.5,3228.5,3231,621,0
20240202,180000,3231.5,3235.5,3231,3235.5,514,0
20240202,190000,3233,3233.5,3229.5,3231,521,0
20240202,200000,3230.5,3231.5,3228.5,3229,832,0
20240202,210000,3229,3229.5,3228.5,3229.5,319,0
20240202,220000,3228,3230.5,3227,3229,185,0
20240202,230000,3228.5,3229.5,3228,3229.5,264,0
20240205,090000,3230,3238.5,3227.5,3229,234,0
20240205,100000,3228.5,3234.5,3226,3229,1869,0
20240205,110000,3229,3235,3228,3229,560,0
20240205,120000,3228.5,3232.5,3228,3229,169,0
20240205,130000,3228.5,3232,3226.5,3231.5,102,0
20240205,140000,3232,3239,3230.5,3232.5,197,0
20240205,150000,3231,3232.5,3230,3231.5,158,0
20240205,160000,3230,3230,3225,3228,204,0
20240205,170000,3227.5,3233,3227.5,3232.5,91,0
20240205,180000,3232.5,3234,3231.5,3233.5,243,0
20240205,190000,3232,3232.5,3230.5,3232.5,20,0
20240205,200000,3231,3231,3228.5,3231,35,0
20240205,210000,3231,3231.5,3231,3231.5,3,0
20240205,220000,3231,3233,3231,3233,14,0
20240205,230000,3233,3234,3233,3233,9,0
20240206,090000,3233,3234.5,3232.5,3232.5,30,0
20240206,100000,3234.5,3237,3230.5,3234,426,0
20240206,110000,3235,3238,3234.5,3234.5,452,0
20240206,120000,3236.5,3237,3230.5,3232,783,0
20240206,130000,3232,3232.5,3230,3231,312,0
20240206,140000,3231.5,3236.5,3231.5,3235.5,101,0
20240206,150000,3236,3236.5,3233.5,3235,404,0
20240206,160000,3235,3235.5,3233.5,3235.5,94,0
20240206,170000,3235.5,3239.5,3235.5,3237.5,386,0
20240206,180000,3238,3245,3237,3244,981,0
20240206,190000,3241.5,3243.5,3239.5,3241,143,0
20240206,200000,3242.5,3242.5,3240.5,3241.5,31,0
20240206,210000,3241,3242.5,3241,3241,55,0
20240206,220000,3242,3243.5,3242,3242,186,0
20240206,230000,3243.5,3243.5,3242,3243.5,23,0
20240207,090000,3243.5,3247,3240,3242.5,119,0
20240207,100000,3244.5,3250.5,3241.5,3248.5,919,0
20240207,110000,3250,3252,3248,3251.5,1155,0
20240207,120000,3252,3252,3249.5,3252,334,0
20240207,130000,3252,3257,3251.5,3255.5,792,0
20240207,140000,3256,3260,3254,3258.5,637,0
20240207,150000,3258.5,3260,3255.5,3256.5,892,0
20240207,160000,3258,3261,3256,3260.5,254,0
20240207,170000,3261,3263.5,3259,3259.5,340,0
20240207,180000,3259,3261,3256.5,3259,377,0
20240207,190000,3258,3261.5,3255.5,3258.5,231,0
20240207,200000,3259,3259,3257.5,3259,42,0
20240207,210000,3258,3261,3258,3261,102,0
20240207,220000,3261,3262.5,3260.5,3262.5,121,0
20240207,230000,3262.5,3263.5,3260.5,3263,34,0
20240208,090000,3263.5,3263.5,3258,3262.5,305,0
20240208,100000,3262.5,3269,3240,3246,2925,0
20240208,110000,3245.5,3252,3241,3248.5,630,0
20240208,120000,3247,3248,3242,3246,627,0
20240208,130000,3244.5,3249,3240.5,3249,572,0
20240208,140000,3248.5,3257,3248.5,3252,263,0
20240208,150000,3251.5,3252.5,3249.5,3252,230,0
20240208,160000,3251.5,3253.5,3249,3250.5,164,0
20240208,170000,3249,3251,3247.5,3250,198,0
20240208,180000,3249,3249,3242,3242,118,0
20240208,190000,3243,3244,3238.5,3242,320,0
20240208,200000,3240.5,3243.5,3240,3242,105,0
20240208,210000,3240,3240,3233,3235.5,207,0
20240208,220000,3235,3238,3231.5,3235,1165,0
20240208,230000,3235.5,3236.5,3232.5,3232.5,161,0
20240209,090000,3233.5,3240,3232.5,3234.5,228,0
20240209,100000,3234.5,3238,3222,3227.5,1937,0
20240209,110000,3227.5,3237,3227,3234.5,869,0
20240209,120000,3234.5,3244.5,3232.5,3244.5,592,0
20240209,130000,3244.5,3245,3240,3241.5,271,0
20240209,140000,3242,3245,3240.5,3243,219,0
20240209,150000,3244.5,3244.5,3240.5,3240.5,420,0
20240209,160000,3240,3240,3232.5,3235,437,0
20240209,170000,3235.5,3243,3235.5,3241.5,202,0
20240209,180000,3241,3242,3239.5,3240,118,0
20240209,190000,3240,3243,3240,3242,71,0
20240209,200000,3241,3242.5,3241,3242,50,0
20240209,210000,3242,3243,3241.5,3242,43,0
20240209,220000,3243,3243,3242,3243,18,0
20240209,230000,3243,3243,3240.5,3242.5,39,0
20240212,090000,3243,3247,3242.5,3245,147,0
20240212,100000,3245,3252,3237.5,3237.5,2078,0
20240212,110000,3240,3240,3234,3238.5,747,0
20240212,120000,3237,3237,3232.5,3235,193,0
20240212,130000,3236,3242.5,3236,3239,762,0
20240212,140000,3240.5,3241,3229,3229,572,0
20240212,150000,3229,3237.5,3229,3237,1047,0
20240212,160000,3237,3240.5,3235.5,3236,88,0
20240212,170000,3235.5,3243,3235.5,3243,300,0
20240212,180000,3243.5,3252,3243.5,3248,446,0
20240212,190000,3251.5,3254,3250.5,3254,287,0
20240212,200000,3253.5,3254,3251.5,3253,106,0
20240212,210000,3254,3254.5,3251,3252.5,281,0
20240212,220000,3251,3252.5,3250,3252,125,0
20240212,230000,3251.5,3252,3250.5,3251.5,63,0
20240213,090000,3253,3259.5,3246,3259,678,0
20240213,100000,3259,3260.5,3251.5,3260.5,854,0
20240213,110000,3260,3263.5,3253.5,3254,527,0
20240213,120000,3255,3260,3254,3258,580,0
20240213,130000,3258,3258,3254.5,3257,111,0
20240213,140000,3257,3257,3248.5,3250,504,0
20240213,150000,3250,3253,3246.5,3252,549,0
20240213,160000,3251.5,3254.5,3247.5,3252.5,1007,0
20240213,170000,3252.5,3259,3252,3253.5,2478,0
20240213,180000,3253.5,3257,3251.5,3253,859,0
20240213,190000,3252.5,3270,3252.5,3257,708,0
20240213,200000,3257,3259,3255,3257,134,0
20240213,210000,3257,3258,3257,3257,21,0
20240213,220000,3256,3258.5,3255,3257.5,50,0
20240213,230000,3258,3261.5,3256.5,3257.5,334,0
20240214,090000,3259.5,3268,3259.5,3264.5,251,0
20240214,100000,3265,3270,3263.5,3267,707,0
20240214,110000,3267,3268,3264.5,3267,338,0
20240214,120000,3265,3265,3260,3262.5,531,0
20240214,130000,3262,3265,3260,3263,114,0
20240214,140000,3263,3264,3262,3262,63,0
20240214,150000,3262.5,3262.5,3256,3256,181,0
20240214,160000,3256,3261,3256,3260,114,0
20240214,170000,3261,3262.5,3259.5,3261,43,0
20240214,180000,3260.5,3261,3255.5,3256,164,0
20240214,190000,3258.5,3260,3258,3259,34,0
20240214,200000,3258,3259,3252,3252,978,0
20240214,210000,3252,3252.5,3247,3249,308,0
20240214,220000,3247,3256,3246,3253.5,493,0
20240214,230000,3252.5,3254,3247,3247,47,0
20240215,090000,3245.5,3256,3245.5,3254,224,0
20240215,100000,3255,3256,3240,3246,1207,0
20240215,110000,3246.5,3250,3244,3245.5,317,0
20240215,120000,3246.5,3250.5,3246.5,3248,112,0
20240215,130000,3248.5,3255,3247,3253.5,294,0
20240215,140000,3252.5,3264,3252.5,3262,427,0
20240215,150000,3262,3266,3260.5,3261,250,0
20240215,160000,3262.5,3266,3262.5,3266,230,0
20240215,170000,3266,3266,3263,3264.5,315,0
20240215,180000,3266,3269,3265.5,3267,653,0
20240215,190000,3268,3268.5,3265,3266.5,113,0
20240215,200000,3267,3267.5,3264.5,3264.5,32,0
20240215,210000,3264.5,3267,3264.5,3267,21,0
20240215,220000,3267,3268,3266.5,3266.5,56,0
20240215,230000,3266.5,3268,3266.5,3267,132,0
20240216,090000,3267,3272,3267,3270.5,220,0
20240216,100000,3272.5,3278,3270,3275,1329,0
20240216,110000,3275,3278.5,3272,3272,135,0
20240216,120000,3272,3274.5,3270.5,3273,148,0
20240216,130000,3273,3275,3268,3270,414,0
20240216,140000,3270,3273.5,3252.5,3256,2986,0
20240216,150000,3254.5,3256.5,3240,3249,1628,0
20240216,160000,3248,3250,3244,3247.5,1278,0
20240216,170000,3247,3252,3244.5,3251,291,0
20240216,180000,3250.5,3250.5,3242,3242,512,0
20240216,190000,3242,3247.5,3241.5,3247.5,659,0
20240216,200000,3247.5,3247.5,3245.5,3246,66,0
20240216,210000,3246,3246,3245,3245,15,0
20240216,220000,3246.5,3246.5,3245,3245.5,37,0
20240216,230000,3245,3247.5,3244,3246,179,0
20240219,090000,3245.5,3254.5,3245,3248.5,522,0
20240219,100000,3248.5,3253,3235,3245.5,1972,0
20240219,110000,3245.5,3247,3240.5,3244.5,456,0
20240219,120000,3244.5,3250.5,3243,3248.5,375,0
20240219,130000,3248.5,3251.5,3248,3249.5,263,0
20240219,140000,3250.5,3252.5,3248.5,3250.5,104,0
20240219,150000,3250.5,3255,3250.5,3255,215,0
20240219,160000,3254.5,3257.5,3252.5,3254.5,242,0
20240219,170000,3255.5,3256.5,3254,3255.5,251,0
20240219,180000,3255,3255,3249.5,3249.5,163,0
20240219,190000,3252,3252,3245,3247,143,0
20240219,200000,3246.5,3250,3246,3247.5,56,0
20240219,210000,3247,3247,3241,3246.5,61,0
20240219,220000,3245,3245.5,3240.5,3244,84,0
20240219,230000,3244,3245.5,3240,3244,502,0
20240220,090000,3242,3245,3241.5,3244,297,0
20240220,100000,3241.5,3241.5,3230,3232,1529,0
20240220,110000,3231.5,3237,3220.5,3221.5,1583,0
20240220,120000,3221,3224.5,3213.5,3221.5,2552,0
20240220,130000,3221.5,3227.5,3220,3227.5,370,0
20240220,140000,3228,3228.5,3221.5,3226,277,0
20240220,150000,3225.5,3225.5,3219,3223,560,0
20240220,160000,3225,3227.5,3223.5,3224.5,212,0
20240220,170000,3224.5,3225,3219.5,3221.5,166,0
20240220,180000,3221.5,3221.5,3208.5,3209,913,0
20240220,190000,3209,3209,3190,3193.5,2049,0
20240220,200000,3193,3193,3181,3191,1690,0
20240220,210000,3191.5,3195,3184,3184,805,0
20240220,220000,3183,3184.5,3171,3181.5,696,0
20240220,230000,3181.5,3181.5,3174.5,3174.5,481,0
20240221,090000,3178.5,3192,3170,3183.5,1315,0
20240221,100000,3183,3187.5,3162,3185.5,6186,0
20240221,110000,3185.5,3186,3169,3175,2740,0
20240221,120000,3171.5,3174.5,3159,3164.5,2491,0
20240221,130000,3165,3165,3112.5,3156.5,2614,0
20240221,140000,3156,3156,3141,3143.5,1982,0
20240221,150000,3143.5,3170,3141.5,3165,2687,0
20240221,160000,3163.5,3177.5,3159,3175,1081,0
20240221,170000,3174.5,3174.5,3154,3159.5,448,0
20240221,180000,3159,3163.5,3148.5,3155,768,0
20240221,190000,3148,3151,3141,3146,645,0
20240221,200000,3147.5,3154.5,3147.5,3148,330,0
20240221,210000,3148,3148.5,3146.5,3148.5,86,0
20240221,220000,3150,3150,3144.5,3150,308,0
20240221,230000,3151,3154,3150,3151.5,113,0
20240222,090000,3160,3170,3157,3158.5,419,0
20240222,100000,3157,3165,3147,3154,1301,0
20240222,110000,3157,3163.5,3157,3161.5,743,0
20240222,120000,3158.5,3162,3156.5,3159,310,0
20240222,130000,3161,3167.5,3158,3165,566,0
20240222,140000,3165,3168.5,3165,3166.5,371,0
20240222,150000,3168,3172,3156.5,3157,733,0
20240222,160000,3159,3160,3151,3151,463,0
20240222,170000,3151,3156.5,3146.5,3153.5,722,0
20240222,180000,3154,3158,3148,3148,530,0
20240222,190000,3147.5,3155,3147.5,3149,566,0
20240222,200000,3151,3156,3149,3154.5,251,0
20240222,210000,3152.5,3157,3152.5,3156,143,0
20240222,220000,3156.5,3168,3156.5,3167,191,0
20240222,230000,3166,3166,3160,3161,201,0
20240226,090000,3175.5,3222,3175,3205,3094,0
20240226,100000,3204,3204.5,3193.5,3203,1785,0
20240226,110000,3203,3206,3202,3205.5,832,0
20240226,120000,3205.5,3214,3205.5,3213,1340,0
20240226,130000,3213,3215,3206.5,3209.5,833,0
20240226,140000,3210,3212,3204.5,3206,459,0
20240226,150000,3208,3213,3207,3209.5,163,0
20240226,160000,3209.5,3210.5,3204,3204.5,235,0
20240226,170000,3204.5,3210,3204.5,3209,340,0
20240226,180000,3209.5,3218,3209.5,3216.5,289,0
20240226,190000,3217,3220,3215,3220,326,0
20240226,200000,3218.5,3221,3218.5,3220.5,250,0
20240226,210000,3220,3221,3215,3218,279,0
20240226,220000,3218,3220,3218,3219,71,0
20240226,230000,3220,3222,3220,3222,116,0
20240227,090000,3222,3222,3212.5,3217.5,618,0
20240227,100000,3219.5,3225.5,3215.5,3225,566,0
20240227,110000,3225.5,3227.5,3213.5,3216.5,608,0
20240227,120000,3215,3221,3212.5,3214,468,0
20240227,130000,3213.5,3215.5,3212.5,3215.5,70,0
20240227,140000,3213.5,3213.5,3206,3208,553,0
20240227,150000,3207.5,3216.5,3206,3211,474,0
20240227,160000,3215,3215.5,3212.5,3213.5,185,0
20240227,170000,3213.5,3213.5,3210.5,3212,220,0
20240227,180000,3212,3213.5,3210.5,3212.5,82,0
20240227,190000,3212,3216.5,3212,3216.5,68,0
20240227,200000,3217,3218.5,3216.5,3216.5,51,0
20240227,210000,3216.5,3216.5,3215.5,3216,29,0
20240227,220000,3216,3216,3216,3216,10,0
20240227,230000,3216,3218,3216,3216,62,0
20240228,090000,3215.5,3219,3215,3216,99,0
20240228,100000,3216,3235,3215,3233.5,1415,0
20240228,110000,3233.5,3241.5,3233.5,3238.5,1441,0
20240228,120000,3239,3239.5,3231.5,3234,433,0
20240228,130000,3234,3236.5,3225.5,3228,1005,0
20240228,140000,3228,3231.5,3226,3230,101,0
20240228,150000,3230.5,3235.5,3230,3233,519,0
20240228,160000,3232,3232.5,3227.5,3229.5,222,0
20240228,170000,3228,3229.5,3226,3227.5,146,0
20240228,180000,3227.5,3230.5,3226.5,3228.5,281,0
20240228,190000,3229.5,3230.5,3227.5,3228.5,64,0
20240228,200000,3228,3230,3228,3230,26,0
20240228,210000,3229.5,3230.5,3228,3228,62,0
20240228,220000,3230,3231,3229.5,3230,68,0
20240228,230000,3230.5,3230.5,3228.5,3229,58,0
20240229,090000,3230.5,3234.5,3229,3232,302,0
20240229,100000,3233,3236,3229.5,3229.5,856,0
20240229,110000,3229,3232.5,3227.5,3232.5,318,0
20240229,120000,3232.5,3238,3232.5,3236.5,868,0
20240229,130000,3236,3251,3236,3249.5,2785,0
20240229,140000,3248.5,3250,3241,3242.5,1000,0
20240229,150000,3244.5,3247.5,3244.5,3245,175,0
20240229,160000,3245.5,3246.5,3244,3246,99,0
20240229,170000,3246.5,3252,3246.5,3252,209,0
20240229,180000,3252,3262.5,3251.5,3260,836,0
20240229,190000,3262,3262.5,3256.5,3257.5,220,0
20240229,200000,3257.5,3261.5,3257.5,3260,85,0
20240229,210000,3261,3261.5,3260,3261.5,51,0
20240229,220000,3261.5,3263,3259,3259,151,0
20240229,230000,3259.5,3262,3259.5,3262,47,0
20240301,090000,3263.5,3264,3255,3259,351,0
20240301,100000,3261,3269.5,3260,3260,1385,0
20240301,110000,3259.5,3264,3253.5,3259.5,1149,0
20240301,120000,3259.5,3261,3257,3258.5,162,0
20240301,130000,3258,3260.5,3258,3260.5,144,0
20240301,140000,3260.5,3263.5,3260.5,3262,124,0
20240301,150000,3262.5,3267,3261.5,3264,217,0
20240301,160000,3263,3271,3263,3270,394,0
20240301,170000,3269.5,3271,3268,3268,514,0
20240301,180000,3269.5,3272,3269,3271.5,253,0
20240301,190000,3271.5,3274.5,3269.5,3270,205,0
20240301,200000,3271,3274.5,3269.5,3274.5,126,0
20240301,210000,3272.5,3274,3272,3274,51,0
20240301,220000,3273.5,3274.5,3271,3274,56,0
20240301,230000,3273,3275,3273,3274,94,0
20240304,090000,3278,3286.5,3275,3286,649,0
20240304,100000,3286,3290,3281,3284,937,0
20240304,110000,3284,3292.5,3283,3289.5,864,0
20240304,120000,3290,3298,3290,3296,729,0
20240304,130000,3295,3298,3293,3298,431,0
20240304,140000,3296.5,3302,3296,3297.5,691,0
20240304,150000,3297,3300,3296,3300,315,0
20240304,160000,3298.5,3300,3293.5,3298,477,0
20240304,170000,3299.5,3300,3292,3299,684,0
20240304,180000,3299.5,3300,3298,3300,116,0
20240304,190000,3297,3303,3297,3300,265,0
20240304,200000,3300,3300.5,3299.5,3300.5,60,0
20240304,210000,3301,3306.5,3301,3306,284,0
20240304,220000,3306.5,3306.5,3303.5,3305.5,102,0
20240304,230000,3304.5,3305.5,3304,3304,48,0
20240305,090000,3304,3307,3303.5,3307,287,0
20240305,100000,3307,3312,3288.5,3291.5,1964,0
20240305,110000,3291.5,3301,3288.5,3300,779,0
20240305,120000,3299,3304.5,3294.5,3302.5,629,0
20240305,130000,3302.5,3310,3302.5,3309.5,1913,0
20240305,140000,3308,3309,3303,3305,183,0
20240305,150000,3304.5,3306.5,3303,3306.5,112,0
20240305,160000,3305,3310,3305,3310,159,0
20240305,170000,3310.5,3318,3309.5,3310.5,842,0
20240305,180000,3310.5,3312,3300,3305,659,0
20240305,190000,3303.5,3304.5,3298.5,3303,344,0
20240305,200000,3302,3304.5,3301.5,3304.5,189,0
20240305,210000,3304.5,3309,3302.5,3305.5,140,0
20240305,220000,3306.5,3307,3306,3306,39,0
20240305,230000,3306,3306,3298,3298,872,0
20240306,090000,3298.5,3304.5,3297.5,3298,318,0
20240306,100000,3299,3303,3294,3303,1917,0
20240306,110000,3302,3307,3299,3300,632,0
20240306,120000,3300,3305,3297,3302,590,0
20240306,130000,3303,3311,3303,3311,410,0
20240306,140000,3310.5,3315,3307,3315,500,0
20240306,150000,3315,3319.5,3315,3315.5,757,0
20240306,160000,3314.5,3317,3312.5,3313,129,0
20240306,170000,3312,3316,3310.5,3316,425,0
20240306,180000,3316,3317,3315,3315,171,0
20240306,190000,3317,3319.5,3315.5,3315.5,290,0
20240306,200000,3315.5,3316,3315.5,3315.5,38,0
20240306,210000,3315.5,3316,3315,3315,105,0
20240306,220000,3315,3315,3313,3313,120,0
20240306,230000,3313,3313,3311,3312,164,0
20240307,090000,3311,3311,3307,3307.5,378,0
20240307,100000,3308,3318.5,3307.5,3315.5,2355,0
20240307,110000,3315.5,3315.5,3306,3310,914,0
20240307,120000,3308.5,3310.5,3306,3308,380,0
20240307,130000,3308,3312.5,3307,3310.5,215,0
20240307,140000,3312,3316.5,3311.5,3314,253,0
20240307,150000,3315,3315,3308.5,3314,259,0
20240307,160000,3314.5,3318,3314.5,3316.5,511,0
20240307,170000,3317,3317.5,3316,3317.5,167,0
20240307,180000,3317,3319.5,3314,3316,388,0
20240307,190000,3316.5,3325,3316.5,3318,677,0
20240307,200000,3318,3323,3318,3322.5,89,0
20240307,210000,3322,3322.5,3321,3321,59,0
20240307,220000,3321.5,3324.5,3318,3324.5,232,0
20240307,230000,3322,3325,3321,3325,205,0
20240311,090000,3325,3336,3325,3333.5,998,0
20240311,100000,3335,3342,3335,3339,1235,0
20240311,110000,3337,3338,3329,3329,696,0
20240311,120000,3329,3333.5,3325.5,3330,647,0
20240311,130000,3330.5,3334.5,3330.5,3331.5,225,0
20240311,140000,3331.5,3334.5,3330,3334.5,134,0
20240311,150000,3334.5,3334.5,3326.5,3329.5,511,0
20240311,160000,3331,3331,3325.5,3327.5,347,0
20240311,170000,3328,3328.5,3321.5,3325,444,0
20240311,180000,3324.5,3325,3317.5,3320,655,0
20240311,190000,3321,3325,3321,3322,173,0
20240311,200000,3323,3323.5,3322.5,3323.5,75,0
20240311,210000,3323.5,3325.5,3323.5,3324,114,0
20240311,220000,3325,3325.5,3324,3324,46,0
20240311,230000,3325,3326.5,3324.5,3326.5,35,0
20240312,090000,3327,3327,3313.5,3313.5,471,0
20240312,100000,3314,3320,3305.5,3315,1734,0
20240312,110000,3315,3322,3313.5,3319.5,502,0
20240312,120000,3320.5,3321.5,3316.5,3318,294,0
20240312,130000,3318.5,3321,3317,3318.5,428,0
20240312,140000,3319.5,3327,3319.5,3325,187,0
20240312,150000,3325.5,3331,3324,3330,850,0
20240312,160000,3329,3333,3327,3328,667,0
20240312,170000,3329,3333,3327.5,3333,236,0
20240312,180000,3332.5,3341,3332.5,3336.5,1023,0
20240312,190000,3339.5,3340.5,3336.5,3337,432,0
20240312,200000,3337,3337.5,3336.5,3337,82,0
20240312,210000,3337.5,3338,3337,3337.5,39,0
20240312,220000,3337.5,3338.5,3337,3338.5,100,0
20240312,230000,3338,3338.5,3337.5,3337.5,85,0
20240313,090000,3339,3348.5,3337,3344.5,655,0
20240313,100000,3344,3347,3337,3337,1086,0
20240313,110000,3337.5,3339.5,3336,3337.5,518,0
20240313,120000,3337.5,3343.5,3333.5,3334,613,0
20240313,130000,3334,3334,3325.5,3333,927,0
20240313,140000,3334,3334,3330.5,3332,122,0
20240313,150000,3332,3336,3330.5,3334,436,0
20240313,160000,3334,3334,3329.5,3330,144,0
20240313,170000,3329,3331.5,3327,3328.5,260,0
20240313,180000,3330,3330,3322,3324,292,0
20240313,190000,3323,3324.5,3320.5,3324.5,527,0
20240313,200000,3324.5,3324.5,3323,3324.5,104,0
20240313,210000,3325,3325,3321.5,3322.5,112,0
20240313,220000,3321,3322,3320,3320.5,64,0
20240313,230000,3320.5,3320.5,3320,3320.5,36,0
20240314,090000,3320,3320.5,3314,3314,1128,0
20240314,100000,3315.5,3323,3303.5,3304,1055,0
20240314,110000,3304,3307,3295,3305,2507,0
20240314,120000,3305,3313,3305,3312,853,0
20240314,130000,3312.5,3314.5,3304,3304,673,0
20240314,140000,3306.5,3309.5,3305,3308.5,142,0
20240314,150000,3308.5,3308.5,3291,3292.5,1836,0
20240314,160000,3292.5,3298,3292,3296,679,0
20240314,170000,3297,3314,3297,3301.5,797,0
20240314,180000,3303,3305,3296.5,3299,337,0
20240314,190000,3299.5,3304,3299,3302,112,0
20240314,200000,3301.5,3304,3298.5,3299,423,0
20240314,210000,3300.5,3304,3298.5,3299.5,237,0
20240314,220000,3298.5,3300.5,3297,3298.5,234,0
20240314,230000,3298.5,3301,3298.5,3300,159,0
20240315,090000,3299,3308,3297.5,3297.5,747,0
20240315,100000,3298,3313,3296,3300,1018,0
20240315,110000,3299.5,3303.5,3298,3303.5,427,0
20240315,120000,3303,3306.5,3301.5,3305,513,0
20240315,130000,3304.5,3311,3302.5,3311,436,0
20240315,140000,3309,3318.5,3308.5,3315.5,721,0
20240315,150000,3316,3317,3312,3313,1052,0
20240315,160000,3314.5,3314.5,3300,3307,1343,0
20240315,170000,3307,3312.5,3306,3312.5,501,0
20240315,180000,3313,3313.5,3306.5,3307,278,0
20240315,190000,3307.5,3310,3306.5,3307.5,803,0
20240315,200000,3307.5,3307.5,3304.5,3307,111,0
20240315,210000,3306.5,3308,3306,3306.5,80,0
20240315,220000,3307.5,3308,3306,3306.5,174,0
20240315,230000,3307,3307,3304.5,3306.5,494,0
20240318,090000,3308,3368,3308,3328.5,1753,0
20240318,100000,3327,3329,3299,3303,3470,0
20240318,110000,3302,3302,3297,3297.5,565,0
20240318,120000,3299.5,3305,3297,3303.5,540,0
20240318,130000,3302,3304.5,3301.5,3303,176,0
20240318,140000,3303,3308,3303,3306,312,0
20240318,150000,3307,3308.5,3305,3306.5,203,0
20240318,160000,3307,3307.5,3301.5,3301.5,550,0
20240318,170000,3302,3308,3301.5,3306.5,593,0
20240318,180000,3306.5,3306.5,3299.5,3299.5,276,0
20240318,190000,3302,3303.5,3298,3299.5,163,0
20240318,200000,3298.5,3300,3298,3299,49,0
20240318,210000,3298.5,3298.5,3297,3297,163,0
20240318,220000,3297,3303.5,3297,3303.5,173,0
20240318,230000,3302,3302,3300,3300.5,131,0
20240319,090000,3299,3304.5,3287,3295,796,0
20240319,100000,3296.5,3302,3295,3300,705,0
20240319,110000,3300.5,3307.5,3298,3305,278,0
20240319,120000,3304.5,3306,3299.5,3300,313,0
20240319,130000,3300,3305,3298.5,3305,370,0
20240319,140000,3305,3305,3295,3297,1959,0
20240319,150000,3296,3298.5,3291,3296,917,0
20240319,160000,3296,3300,3293,3293,534,0
20240319,170000,3293,3293.5,3267,3269,4341,0
20240319,180000,3269,3276,3256,3272,3958,0
20240319,190000,3271,3275,3264,3274,908,0
20240319,200000,3273.5,3275,3272,3274.5,127,0
20240319,210000,3273.5,3275,3268.5,3272.5,218,0
20240319,220000,3272.5,3273,3270,3270.5,86,0
20240319,230000,3271,3272,3268.5,3268.5,145,0
20240320,090000,3270,3276.5,3270,3273.5,491,0
20240320,100000,3275.5,3283.5,3271,3280.5,1679,0
20240320,110000,3279,3280,3270.5,3276,1104,0
20240320,120000,3277.5,3285,3277.5,3282,622,0
20240320,130000,3282.5,3290,3282.5,3285.5,860,0
20240320,140000,3285,3286.5,3275,3278.5,657,0
20240320,150000,3276,3276,3265,3269,1089,0
20240320,160000,3271,3276.5,3268.5,3276,376,0
20240320,170000,3276,3279,3274,3275.5,269,0
20240320,180000,3278,3279.5,3271,3271,201,0
20240320,190000,3272.5,3275.5,3272,3275.5,195,0
20240320,200000,3275.5,3279,3275,3278.5,85,0
20240320,210000,3278.5,3280,3276,3276,213,0
20240320,220000,3280,3284.5,3280,3284.5,215,0
20240320,230000,3284.5,3285,3281,3281.5,102,0
20240321,090000,3284,3289,3283,3289,361,0
20240321,100000,3288.5,3304,3286.5,3298,2543,0
20240321,110000,3298,3300,3289.5,3290,1080,0
20240321,120000,3290,3293.5,3287.5,3290,740,0
20240321,130000,3290,3290,3283.5,3286,436,0
20240321,140000,3286.5,3290.5,3281.5,3282,1088,0
20240321,150000,3282,3284,3262.5,3272.5,4245,0
20240321,160000,3272,3277,3269,3274,894,0
20240321,170000,3277,3284,3269,3282.5,629,0
20240321,180000,3283.5,3287.5,3281,3282.5,1403,0
20240321,190000,3282.5,3296,3282.5,3291,409,0
20240321,200000,3290,3298.5,3288.5,3290.5,488,0
20240321,210000,3290.5,3290.5,3282,3284.5,211,0
20240321,220000,3285.5,3288.5,3281,3288.5,199,0
20240321,230000,3289,3290,3288,3288.5,114,0
20240322,090000,3290,3295,3289,3294.5,279,0
20240322,100000,3295,3296.5,3288.5,3294,1239,0
20240322,110000,3295.5,3303,3294.5,3302,816,0
20240322,120000,3302,3302.5,3290.5,3291,1243,0
20240322,130000,3291,3298,3287.5,3292.5,1617,0
20240322,140000,3290,3290,3280,3282,1780,0
20240322,150000,3282,3282,3272.5,3280.5,1522,0
20240322,160000,3280,3280.5,3272,3272,1161,0
20240322,170000,3272.5,3273.5,3265.5,3268.5,1170,0
20240322,180000,3268.5,3274.5,3267.5,3271.5,976,0
20240322,190000,3272,3274,3268,3273.5,708,0
20240322,200000,3273.5,3273.5,3232,3244.5,3983,0
20240322,210000,3244.5,3259,3227.5,3248.5,7113,0
20240322,220000,3248.5,3253.5,3238.5,3241.5,1780,0
20240322,230000,3241.5,3246.5,3235,3246,2492,0
20240325,090000,3258,3261,3248.5,3259,2093,0
20240325,100000,3259,3267.5,3251,3257.5,3004,0
20240325,110000,3256,3259.5,3247,3253.5,707,0
20240325,120000,3253.5,3255,3240.5,3245,888,0
20240325,130000,3244,3248.5,3228,3245.5,1435,0
20240325,140000,3245.5,3254.5,3245.5,3252,363,0
20240325,150000,3252,3259.5,3247.5,3257.5,2470,0
20240325,160000,3257.5,3271,3257,3268.5,1359,0
20240325,170000,3268.5,3280.5,3268.5,3280.5,1566,0
20240325,180000,3280,3280.5,3277,3277,1008,0
20240325,190000,3277.5,3285,3277,3280,792,0
20240325,200000,3280,3281,3276.5,3278,448,0
20240325,210000,3278,3283,3277.5,3283,159,0
20240325,220000,3284,3285.5,3282.5,3284,247,0
20240325,230000,3283.5,3288,3283.5,3288,274,0
20240326,090000,3288.5,3292.5,3279,3292.5,542,0
20240326,100000,3290,3292.5,3283,3283.5,857,0
20240326,110000,3283.5,3286,3280,3286,1190,0
20240326,120000,3286,3289.5,3285.5,3287,365,0
20240326,130000,3287.5,3291,3279,3280,526,0
20240326,140000,3280,3282.5,3277,3281.5,325,0
20240326,150000,3281,3288.5,3276,3285.5,507,0
20240326,160000,3284.5,3286,3280.5,3281.5,155,0
20240326,170000,3283.5,3289.5,3283.5,3288,255,0
20240326,180000,3288,3288.5,3285,3285,213,0
20240326,190000,3287,3291,3286.5,3290,206,0
20240326,200000,3288.5,3290,3288,3289.5,41,0
20240326,210000,3289,3290,3287.5,3289,74,0
20240326,220000,3290,3292,3290,3291.5,289,0
20240326,230000,3292,3292,3291.5,3291.5,42,0
20240327,090000,3292.5,3298,3291.5,3294,410,0
20240327,100000,3294,3297.5,3289,3292.5,243,0
20240327,110000,3293.5,3298,3290,3290,327,0
20240327,120000,3290,3291.5,3283.5,3288.5,959,0
20240327,130000,3288.5,3290.5,3283.5,3287,116,0
20240327,140000,3285.5,3291,3283,3285.5,263,0
20240327,150000,3287.5,3287.5,3281.5,3285,222,0
20240327,160000,3285,3294,3285,3294,196,0
20240327,170000,3292.5,3300,3292.5,3298,565,0
20240327,180000,3298,3302.5,3296.5,3301.5,336,0
20240327,190000,3302,3317,3302,3308,738,0
20240327,200000,3308,3308,3305,3305.5,167,0
20240327,210000,3305.5,3307,3305,3305.5,55,0
20240327,220000,3305.5,3310.5,3305.5,3310.5,493,0
20240327,230000,3310.5,3311.5,3309,3311.5,246,0
20240328,090000,3311.5,3315,3308.5,3313,290,0
20240328,100000,3313,3317,3308,3311,646,0
20240328,110000,3310.5,3314.5,3309,3314.5,441,0
20240328,120000,3314.5,3316.5,3310.5,3312,664,0
20240328,130000,3311,3312,3307.5,3308,160,0
20240328,140000,3308.5,3312,3308,3309.5,216,0
20240328,150000,3309.5,3312,3307.5,3308,242,0
20240328,160000,3307.5,3310,3304,3310,768,0
20240328,170000,3309.5,3310,3309,3309,84,0
20240328,180000,3309.5,3315,3309.5,3315,306,0
20240328,190000,3315,3315,3312.5,3314,92,0
20240328,200000,3314,3314.5,3311.5,3313.5,118,0
20240328,210000,3312.5,3314,3311.5,3313,58,0
20240328,220000,3312.5,3315,3312,3315,21,0
20240328,230000,3313.5,3313.5,3313,3313,32,0
20240329,090000,3313,3321.5,3313,3318.5,391,0
20240329,100000,3318.5,3318.5,3309,3313.5,393,0
20240329,110000,3312.5,3314,3310,3313,161,0
20240329,120000,3313,3317,3312.5,3315.5,111,0
20240329,130000,3315.5,3319.5,3315.5,3317,389,0
20240329,140000,3317,3320,3316.5,3318.5,237,0
20240329,150000,3319.5,3325,3318.5,3323.5,657,0
20240329,160000,3324.5,3330,3323.5,3323.5,722,0
20240329,170000,3324.5,3325.5,3322.5,3325,569,0
20240329,180000,3325.5,3331,3325,3328.5,1098,0
20240329,190000,3330,3334.5,3329.5,3331,434,0
20240329,200000,3331,3336,3330.5,3332.5,472,0
20240329,210000,3331,3334,3331,3332.5,182,0
20240329,220000,3332.5,3337.5,3332,3336,452,0
20240329,230000,3336,3336,3333,3334.5,42,0
20240401,090000,3336,3349,3336,3347,897,0
20240401,100000,3348.5,3363.5,3348.5,3362,2213,0
20240401,110000,3361,3367,3360,3360,993,0
20240401,120000,3362,3364.5,3360.5,3362,247,0
20240401,130000,3362,3363,3358.5,3358.5,377,0
20240401,140000,3358.5,3360.5,3356.5,3357.5,321,0
20240401,150000,3357.5,3365,3356.5,3365,778,0
20240401,160000,3365,3368,3361.5,3367.5,529,0
20240401,170000,3367.5,3369,3360.5,3368,711,0
20240401,180000,3368,3371.5,3367.5,3371.5,664,0
20240401,190000,3370,3372,3368,3370,124,0
20240401,200000,3371,3371.5,3369.5,3370.5,246,0
20240401,210000,3370.5,3370.5,3370,3370.5,173,0
20240401,220000,3370.5,3373.5,3370,3373.5,209,0
20240401,230000,3373,3375.5,3370,3370,310,0
20240402,090000,3370,3374,3366,3373.5,544,0
20240402,100000,3372.5,3372.5,3360.5,3369.5,1104,0
20240402,110000,3369.5,3370.5,3364,3369,1497,0
20240402,120000,3369,3371,3366.5,3368.5,315,0
20240402,130000,3368.5,3369,3360,3366.5,404,0
20240402,140000,3366.5,3371,3365.5,3371,232,0
20240402,150000,3371,3371,3368.5,3368.5,235,0
20240402,160000,3369,3370,3363,3364,384,0
20240402,170000,3365,3374,3364,3371.5,299,0
20240402,180000,3371.5,3379,3371.5,3372,949,0
20240402,190000,3373,3378.5,3373,3377.5,173,0
20240402,200000,3377.5,3378,3374,3376.5,156,0
20240402,210000,3376.5,3377.5,3374.5,3376,71,0
20240402,220000,3376,3379.5,3376,3378,507,0
20240402,230000,3378,3380,3378,3380,89,0
20240403,090000,3380,3382.5,3374.5,3380,189,0
20240403,100000,3380,3391,3380,3390.5,1021,0
20240403,110000,3391,3393,3384.5,3388,449,0
20240403,120000,3388,3390,3387.5,3389.5,114,0
20240403,130000,3389,3389,3383,3385,223,0
20240403,140000,3385,3390,3384.5,3384.5,147,0
20240403,150000,3384.5,3386.5,3381,3385,284,0
20240403,160000,3385,3393.5,3384,3390.5,638,0
20240403,170000,3390.5,3397.5,3390.5,3395.5,819,0
20240403,180000,3395.5,3398.5,3393,3398.5,778,0
20240403,190000,3394,3399,3394,3397,270,0
20240403,200000,3397,3398,3395.5,3396.5,416,0
20240403,210000,3396.5,3399,3396,3399,182,0
20240403,220000,3398,3399.5,3397.5,3398,186,0
20240403,230000,3398,3399.5,3396.5,3396.5,117,0
20240404,090000,3396.5,3400,3395.5,3396.5,158,0
20240404,100000,3398,3405,3394,3401,2088,0
20240404,110000,3400.5,3404,3400,3402,947,0
20240404,120000,3402,3407,3400,3404.5,597,0
20240404,130000,3405,3405.5,3401.5,3405.5,494,0
20240404,140000,3404,3405.5,3399,3402.5,330,0
20240404,150000,3402.5,3405,3400,3403.5,117,0
20240404,160000,3403.5,3405.5,3400,3405,302,0
20240404,170000,3404.5,3412.5,3404.5,3411,781,0
20240404,180000,3410,3412,3409,3409,842,0
20240404,190000,3408.5,3413,3407,3413,673,0
20240404,200000,3411.5,3412.5,3407.5,3408,95,0
20240404,210000,3408,3412,3408,3410.5,75,0
20240404,220000,3411,3411,3405,3406.5,696,0
20240404,230000,3406.5,3407.5,3400,3400,931,0
20240405,090000,3398.5,3402.5,3395.5,3401,646,0
20240405,100000,3399,3404.5,3390,3400.5,1511,0
20240405,110000,3400.5,3405.5,3394.5,3403,840,0
20240405,120000,3401,3402.5,3393.5,3394,575,0
20240405,130000,3394,3395.5,3388,3391.5,452,0
20240405,140000,3389.5,3394,3388,3393,247,0
20240405,150000,3393.5,3397.5,3393,3396.5,222,0
20240405,160000,3396.5,3399.5,3395,3397,188,0
20240405,170000,3396.5,3403.5,3393,3402,528,0
20240405,180000,3402,3406,3401.5,3404,185,0
20240405,190000,3403,3404.5,3402,3402,98,0
20240405,200000,3403.5,3405,3402,3405,14,0
20240405,210000,3405,3405,3402,3402,131,0
20240405,220000,3402,3402,3399.5,3400,236,0
20240405,230000,3400,3400.5,3396,3400,313,0
20240408,090000,3404,3407,3402.5,3405,337,0
20240408,100000,3405,3423.5,3400,3419.5,2019,0
20240408,110000,3417.5,3426,3416.5,3423,1328,0
20240408,120000,3425.5,3425.5,3421,3423.5,527,0
20240408,130000,3424,3425.5,3420.5,3422,244,0
20240408,140000,3421,3424,3420,3420,267,0
20240408,150000,3419.5,3424,3419.5,3422.5,268,0
20240408,160000,3422,3425,3420.5,3421.5,371,0
20240408,170000,3421.5,3426,3421.5,3426,290,0
20240408,180000,3426,3429,3425,3426.5,532,0
20240408,190000,3425.5,3428.5,3425,3425,349,0
20240408,200000,3425.5,3426,3423.5,3424.5,263,0
20240408,210000,3424,3424.5,3422.5,3422.5,376,0
20240408,220000,3422,3422.5,3421.5,3422.5,122,0
20240408,230000,3422,3422.5,3419,3419.5,491,0
20240409,090000,3423,3423,3419.5,3421.5,159,0
20240409,100000,3421,3438.5,3421,3434,2133,0
20240409,110000,3434,3442.5,3433.5,3439,1057,0
20240409,120000,3438.5,3439,3432,3435.5,631,0
20240409,130000,3436,3439.5,3436,3437.5,536,0
20240409,140000,3437.5,3439,3426.5,3428.5,509,0
20240409,150000,3426,3427.5,3413.5,3423,1574,0
20240409,160000,3422.5,3429.5,3419.5,3427,722,0
20240409,170000,3428.5,3429.5,3421.5,3421.5,737,0
20240409,180000,3424,3424,3412.5,3413.5,661,0
20240409,190000,3413.5,3424,3413.5,3421,768,0
20240409,200000,3419.5,3419.5,3416,3419,114,0
20240409,210000,3419.5,3423,3419.5,3422,47,0
20240409,220000,3422,3429.5,3422,3422,261,0
20240409,230000,3422,3424.5,3420,3420.5,446,0
20240410,090000,3420.5,3427,3410,3423.5,690,0
20240410,100000,3425,3427,3407,3416.5,1737,0
20240410,110000,3416.5,3424,3416.5,3424,341,0
20240410,120000,3422.5,3432.5,3422,3428,1101,0
20240410,130000,3429,3440,3429,3439,1001,0
20240410,140000,3437,3438.5,3434.5,3436,554,0
20240410,150000,3436,3443,3434.5,3438.5,908,0
20240410,160000,3440,3440,3432.5,3435,158,0
20240410,170000,3435,3438.5,3434,3437,412,0
20240410,180000,3438,3441.5,3438,3439,210,0
20240410,190000,3441,3449.5,3440.5,3442,899,0
20240410,200000,3443.5,3448,3442,3445,260,0
20240410,210000,3444.5,3448.5,3443.5,3443.5,473,0
20240410,220000,3443.5,3445,3441.5,3444,72,0
20240410,230000,3442.5,3443.5,3442.5,3442.5,4,0
20240411,090000,3442.5,3445,3440,3445,307,0
20240411,100000,3445,3459.5,3442.5,3449,1965,0
20240411,110000,3448,3452,3443.5,3445,418,0
20240411,120000,3446,3446,3439,3442,795,0
20240411,130000,3442,3446.5,3439,3440,272,0
20240411,140000,3440,3441.5,3438.5,3438.5,117,0
20240411,150000,3439,3442,3436,3441,363,0
20240411,160000,3441.5,3446.5,3441,3443.5,304,0
20240411,170000,3444,3447.5,3442.5,3446.5,514,0
20240411,180000,3446,3448,3443,3443,837,0
20240411,190000,3446.5,3447,3445.5,3445.5,60,0
20240411,200000,3445.5,3446.5,3442,3444.5,449,0
20240411,210000,3444.5,3446.5,3444.5,3446,63,0
20240411,220000,3445,3446.5,3445,3446,50,0
20240411,230000,3446.5,3447.5,3446.5,3446.5,99,0
20240412,090000,3446.5,3450,3445,3450,325,0
20240412,100000,3450,3455.5,3448,3452.5,998,0
20240412,110000,3452.5,3455.5,3448,3455,678,0
20240412,120000,3454.5,3463,3454,3459,1946,0
20240412,130000,3461,3462,3459,3461,342,0
20240412,140000,3461.5,3462,3458,3461,368,0
20240412,150000,3460.5,3460.5,3455,3458,614,0
20240412,160000,3458,3466,3458,3464.5,814,0
20240412,170000,3465,3469,3463.5,3468,762,0
20240412,180000,3468,3469,3459.5,3462,389,0
20240412,190000,3462,3464.5,3459.5,3462,225,0
20240412,200000,3462,3463,3457,3458,312,0
20240412,210000,3458,3460.5,3457,3457.5,325,0
20240412,220000,3457,3459.5,3456,3459.5,172,0
20240412,230000,3460.5,3460.5,3458,3460.5,708,0
20240415,090000,3466.5,3470,3464,3470,524,0
20240415,100000,3468.5,3468.5,3456.5,3461.5,1920,0
20240415,110000,3461.5,3470.5,3457.5,3469.5,1079,0
20240415,120000,3469.5,3472,3467.5,3470.5,574,0
20240415,130000,3471.5,3474.5,3471,3473.5,369,0
20240415,140000,3474,3477,3472.5,3473,1013,0
20240415,150000,3473,3473.5,3469,3471,326,0
20240415,160000,3472.5,3480,3472.5,3477,411,0
20240415,170000,3477.5,3477.5,3470.5,3477.5,238,0
20240415,180000,3477,3480,3476,3476,170,0
20240415,190000,3476,3479.5,3476,3477.5,129,0
20240415,200000,3477.5,3477.5,3474,3475.5,320,0
20240415,210000,3475.5,3476.5,3474.5,3474.5,96,0
20240415,220000,3475.5,3476.5,3474,3476,131,0
20240415,230000,3476.5,3478,3475.5,3478,377,0
20240416,090000,3478,3480,3476.5,3480,385,0
20240416,100000,3478.5,3483,3468,3472,1653,0
20240416,110000,3471.5,3476,3466,3474,823,0
20240416,120000,3473,3474,3467,3473,440,0
20240416,130000,3471,3472.5,3469.5,3470.5,365,0
20240416,140000,3469.5,3470,3465,3465.5,891,0
20240416,150000,3466,3471.5,3466,3467.5,325,0
20240416,160000,3467,3472,3467,3472,209,0
20240416,170000,3471,3472,3465,3465,373,0
20240416,180000,3465,3469.5,3465,3468.5,126,0
20240416,190000,3467.5,3468,3461.5,3464,743,0
20240416,200000,3464,3467,3464,3466.5,84,0
20240416,210000,3466,3467.5,3466,3466.5,52,0
20240416,220000,3467,3469,3466.5,3467,414,0
20240416,230000,3467,3472,3467,3467.5,277,0
20240417,090000,3471,3478,3470.5,3476,297,0
20240417,100000,3476.5,3478,3466.5,3471,772,0
20240417,110000,3470,3470,3463,3463,304,0
20240417,120000,3463,3465,3447,3452.5,3115,0
20240417,130000,3452,3458.5,3449.5,3457,672,0
20240417,140000,3457.5,3459,3450,3450,1385,0
20240417,150000,3449,3456,3444,3455,1323,0
20240417,160000,3455.5,3458.5,3451.5,3458.5,225,0
20240417,170000,3458.5,3462,3454.5,3461.5,538,0
20240417,180000,3462,3462,3457,3457,763,0
20240417,190000,3456,3459,3454,3457.5,256,0
20240417,200000,3456.5,3459.5,3456.5,3456.5,648,0
20240417,210000,3456,3458.5,3455,3455,383,0
20240417,220000,3455,3457,3451,3451,433,0
20240417,230000,3451,3453,3451,3451,253,0
20240418,090000,3451,3457,3447,3448,346,0
20240418,100000,3449,3458,3442,3448,1520,0
20240418,110000,3448,3455,3446,3447,657,0
20240418,120000,3449,3455,3449,3451,700,0
20240418,130000,3451,3451.5,3444.5,3444.5,433,0
20240418,140000,3444,3445,3440,3445,400,0
20240418,150000,3445,3454,3444,3451,547,0
20240418,160000,3453,3454.5,3450,3453.5,301,0
20240418,170000,3454,3457,3453,3456.5,280,0
20240418,180000,3457,3463,3455,3459,1070,0
20240418,190000,3459,3465,3459,3464.5,231,0
20240418,200000,3464,3464.5,3461,3463.5,145,0
20240418,210000,3462.5,3464.5,3462,3463.5,167,0
20240418,220000,3462.5,3463,3462,3463,29,0
20240418,230000,3462.5,3463.5,3461,3462,109,0
20240419,090000,3462,3468,3459.5,3468,366,0
20240419,100000,3467,3467.5,3458.5,3463,1368,0
20240419,110000,3463,3469,3459,3465.5,472,0
20240419,120000,3463,3464.5,3453.5,3457.5,729,0
20240419,130000,3457.5,3462,3457.5,3462,146,0
20240419,140000,3462,3464.5,3458.5,3464.5,241,0
20240419,150000,3462.5,3471.5,3462.5,3469,445,0
20240419,160000,3468.5,3473.5,3468.5,3473,217,0
20240419,170000,3473,3480.5,3472,3480,1481,0
20240419,180000,3480,3480.5,3471.5,3472,364,0
20240419,190000,3477,3477,3472,3474,107,0
20240419,200000,3475,3476.5,3474.5,3476,110,0
20240419,210000,3475,3476.5,3474,3476,560,0
20240419,220000,3476,3476.5,3473.5,3473.5,383,0
20240419,230000,3474.5,3474.5,3471.5,3473,336,0
20240422,090000,3472,3478,3470,3474,510,0
20240422,100000,3473,3481.5,3465,3475.5,1606,0
20240422,110000,3477,3478,3471.5,3472,640,0
20240422,120000,3475,3477.5,3472.5,3473.5,166,0
20240422,130000,3474.5,3477.5,3473.5,3476.5,150,0
20240422,140000,3475.5,3476.5,3468,3472,902,0
20240422,150000,3471,3473,3468.5,3470.5,413,0
20240422,160000,3470.5,3473,3469.5,3471.5,666,0
20240422,170000,3471,3479.5,3469.5,3478.5,1262,0
20240422,180000,3479.5,3481.5,3475,3475,418,0
20240422,190000,3478,3479.5,3477,3478,226,0
20240422,200000,3478,3478.5,3476,3476.5,51,0
20240422,210000,3478,3479.5,3476.5,3479.5,220,0
20240422,220000,3479.5,3480,3478,3478,90,0
20240422,230000,3478,3480.5,3478,3480.5,334,0
20240423,090000,3480,3488,3478.5,3486,711,0
20240423,100000,3487,3493,3482.5,3483,1534,0
20240423,110000,3482.5,3488.5,3481,3485.5,537,0
20240423,120000,3485,3487.5,3471,3474.5,1202,0
20240423,130000,3474.5,3475.5,3462,3470,1050,0
20240423,140000,3470,3471,3462,3464,1320,0
20240423,150000,3464,3464.5,3453,3456.5,1667,0
20240423,160000,3455,3459,3447.5,3452.5,1323,0
20240423,170000,3452.5,3459,3450,3457,652,0
20240423,180000,3457,3457.5,3433,3442,4276,0
20240423,190000,3439.5,3449.5,3438,3446.5,1091,0
20240423,200000,3446.5,3448,3438.5,3442.5,548,0
20240423,210000,3442.5,3450.5,3442.5,3448,388,0
20240423,220000,3450.5,3451.5,3440.5,3440.5,205,0
20240423,230000,3440,3442,3438,3442,348,0
20240424,090000,3438.5,3448,3437,3440,987,0
20240424,100000,3441,3446,3428,3443,3044,0
20240424,110000,3443,3450,3433.5,3435.5,2002,0
20240424,120000,3435.5,3441,3430,3436.5,523,0
20240424,130000,3436,3437.5,3423.5,3433.5,2294,0
20240424,140000,3433,3444.5,3427.5,3444,1455,0
20240424,150000,3444.5,3445.5,3434,3434,704,0
20240424,160000,3434,3441,3433,3438.5,1487,0
20240424,170000,3438.5,3439,3431,3434,1213,0
20240424,180000,3434,3437.5,3429.5,3430,950,0
20240424,190000,3433,3441.5,3429,3433.5,464,0
20240424,200000,3433,3434.5,3432,3433.5,60,0
20240424,210000,3433,3436,3431,3434.5,330,0
20240424,220000,3433.5,3436,3429.5,3433,356,0
20240424,230000,3432.5,3434,3430.5,3434,62,0
20240425,090000,3434.5,3434.5,3429.5,3431,224,0
20240425,100000,3429,3443,3428.5,3429,1958,0
20240425,110000,3429.5,3438.5,3429,3435,906,0
20240425,120000,3435.5,3440.5,3434.5,3435,770,0
20240425,130000,3435.5,3437.5,3434.5,3436,905,0
20240425,140000,3437.5,3438.5,3431,3434.5,934,0
20240425,150000,3434.5,3441,3434,3438.5,1248,0
20240425,160000,3438.5,3444.5,3437,3442,1196,0
20240425,170000,3441,3448,3441,3446.5,533,0
20240425,180000,3446,3450,3445.5,3449,881,0
20240425,190000,3448,3449,3446,3447.5,541,0
20240425,200000,3447.5,3447.5,3445,3446.5,648,0
20240425,210000,3446.5,3450,3445.5,3450,420,0
20240425,220000,3449,3451.5,3448.5,3451,443,0
20240425,230000,3451,3451,3450,3450,47,0
20240426,090000,3450,3460,3450,3454.5,383,0
20240426,100000,3454.5,3456,3448.5,3455.5,342,0
20240426,110000,3455,3463,3455,3463,2762,0
20240426,120000,3463,3463,3455.5,3456.5,838,0
20240426,130000,3456.5,3460.5,3444,3452,1736,0
20240426,140000,3452,3453,3441.5,3442.5,1026,0
20240426,150000,3442.5,3448,3441.5,3443.5,1512,0
20240426,160000,3445,3452.5,3445,3452.5,1188,0
20240426,170000,3451.5,3455.5,3450.5,3454.5,636,0
20240426,180000,3454.5,3460,3454.5,3460,786,0
20240426,190000,3460,3470,3455,3459.5,478,0
20240426,200000,3459.5,3459.5,3454.5,3458.5,234,0
20240426,210000,3458,3459.5,3458,3458,49,0
20240426,220000,3459,3460,3458.5,3459,136,0
20240426,230000,3459.5,3460,3455.5,3457.5,142,0
20240427,090000,3465,3468,3454.5,3459.5,115,0
20240427,100000,3459.5,3465.5,3459.5,3462.5,439,0
20240427,110000,3462.5,3463,3458.5,3459,190,0
20240427,120000,3458,3462,3458,3458,117,0
20240427,130000,3458,3459.5,3455.5,3457.5,438,0
20240427,140000,3456.5,3463,3456.5,3459,1370,0
20240427,150000,3459,3464,3458.5,3464,925,0
20240427,160000,3462.5,3464,3457.5,3460,295,0
20240427,170000,3460,3470,3459,3470,771,0
20240427,180000,3470,3470.5,3465,3467,446,0
20240427,190000,3467.5,3471,3467.5,3470.5,97,0
20240427,200000,3470.5,3474,3470.5,3474,416,0
20240427,210000,3474,3478.5,3469.5,3475.5,876,0
20240427,220000,3475.5,3478.5,3474.5,3478.5,465,0
20240427,230000,3478.5,3480,3474.5,3479.5,385,0
20240429,090000,3480,3494.5,3465,3487,1485,0
20240429,100000,3485,3485,3473,3478.5,3231,0
20240429,110000,3480,3481,3473.5,3474,446,0
20240429,120000,3473,3477.5,3473,3476.5,365,0
20240429,130000,3475,3480,3475,3479.5,199,0
20240429,140000,3480,3480,3477,3477.5,1092,0
20240429,150000,3476.5,3478,3474.5,3477,246,0
20240429,160000,3477,3482.5,3477,3481.5,225,0
20240429,170000,3480.5,3481.5,3478.5,3479.5,180,0
20240429,180000,3480,3481.5,3478.5,3479.5,139,0
20240429,190000,3482,3484.5,3480,3482.5,62,0
20240429,200000,3482.5,3482.5,3480,3480,80,0
20240429,210000,3480,3480,3479.5,3480,6,0
20240429,220000,3480,3481.5,3480,3481,43,0
20240429,230000,3480.5,3481,3479.5,3481,118,0
20240430,090000,3484,3484.5,3475,3482,139,0
20240430,100000,3482.5,3486.5,3474,3474,986,0
20240430,110000,3474,3475.5,3467,3472.5,722,0
20240430,120000,3471.5,3477.5,3471.5,3473,273,0
20240430,130000,3473,3475,3471,3473,163,0
20240430,140000,3472,3476.5,3472,3474.5,131,0
20240430,150000,3473,3474.5,3469,3473,197,0
20240430,160000,3471.5,3472.5,3467.5,3468.5,110,0
20240430,170000,3468.5,3476,3466.5,3474,451,0
20240430,180000,3474.5,3477,3471.5,3477,87,0
20240430,190000,3472,3475,3470.5,3474.5,99,0
20240430,200000,3473,3474,3469,3469,166,0
20240430,210000,3471.5,3472,3469,3469.5,55,0
20240430,220000,3471,3471,3468,3468,282,0
20240430,230000,3469,3469,3467,3468.5,317,0
20240502,090000,3469.5,3481.5,3450,3468.5,1373,0
20240502,100000,3469.5,3481,3467,3477,1111,0
20240502,110000,3477,3479.5,3471.5,3473.5,200,0
20240502,120000,3473,3473,3466,3469.5,290,0
20240502,130000,3469,3469,3463.5,3466.5,469,0
20240502,140000,3466.5,3472,3466.5,3469.5,394,0
20240502,150000,3469.5,3473,3463.5,3463.5,577,0
20240502,160000,3463,3463.5,3445.5,3448,3570,0
20240502,170000,3448,3455.5,3445.5,3448.5,1620,0
20240502,180000,3448.5,3452.5,3442,3442,1915,0
20240502,190000,3444,3450,3435.5,3445,929,0
20240502,200000,3445,3448,3444,3446.5,442,0
20240502,210000,3448,3448.5,3444,3444,519,0
20240502,220000,3446,3447,3444,3445,540,0
20240502,230000,3445.5,3455.5,3445.5,3447,443,0
20240503,090000,3447,3450,3441,3443,362,0
20240503,100000,3442.5,3453,3435.5,3435.5,1688,0
20240503,110000,3435.5,3438.5,3430,3431.5,1800,0
20240503,120000,3431,3437.5,3430,3434,1584,0
20240503,130000,3433.5,3439.5,3433.5,3438,189,0
20240503,140000,3438.5,3444,3437.5,3444,671,0
20240503,150000,3443.5,3450,3442,3450,1052,0
20240503,160000,3450.5,3452,3445,3452,708,0
20240503,170000,3451.5,3454,3451.5,3451.5,419,0
20240503,180000,3453,3453,3445.5,3447.5,592,0
20240503,190000,3447.5,3449,3446.5,3448.5,88,0
20240503,200000,3448,3448,3446,3448,69,0
20240503,210000,3448,3449,3446.5,3447,140,0
20240503,220000,3446.5,3449,3446.5,3447.5,173,0
20240503,230000,3446.5,3446.5,3439.5,3446.5,126,0
20240506,090000,3447,3450,3441,3444.5,586,0
20240506,100000,3444.5,3445,3436,3442,1932,0
20240506,110000,3441.5,3441.5,3432,3432,1444,0
20240506,120000,3431.5,3432,3418.5,3430,3018,0
20240506,130000,3430,3435,3425.5,3433,1058,0
20240506,140000,3434.5,3443,3432.5,3442,7180,0
20240506,150000,3442,3444,3439,3441.5,804,0
20240506,160000,3441.5,3443,3435.5,3441,680,0
20240506,170000,3439.5,3445,3437,3444,497,0
20240506,180000,3444.5,3447.5,3436,3439,759,0
20240506,190000,3439,3440,3435.5,3435.5,378,0
20240506,200000,3437,3440,3437,3438.5,295,0
20240506,210000,3438,3439.5,3432,3434.5,1318,0
20240506,220000,3434.5,3436,3432,3435.5,411,0
20240506,230000,3434.5,3435.5,3433,3435.5,440,0
20240507,090000,3421.5,3430,3421.5,3427,1657,0
20240507,100000,3424.5,3432,3411,3427.5,6204,0
20240507,110000,3427.5,3434.5,3427.5,3432,1281,0
20240507,120000,3431,3434.5,3425.5,3429,809,0
20240507,130000,3427.5,3431,3427,3428.5,93,0
20240507,140000,3428.5,3428.5,3423.5,3424.5,436,0
20240507,150000,3424.5,3428,3424,3427.5,182,0
20240507,160000,3427.5,3430,3423.5,3429.5,579,0
20240507,170000,3431,3435,3430,3434.5,483,0
20240507,180000,3434,3435.5,3430.5,3434,336,0
20240507,190000,3437,3438.5,3434,3437,522,0
20240507,200000,3437,3438,3436.5,3436.5,364,0
20240507,210000,3436.5,3437.5,3433,3436,499,0
20240507,220000,3436,3438,3435.5,3436.5,483,0
20240507,230000,3436.5,3438.5,3436,3438.5,362,0
20240508,090000,3440,3445.5,3433,3438,676,0
20240508,100000,3439.5,3444,3436.5,3442.5,1864,0
20240508,110000,3442.5,3446,3440.5,3442,1116,0
20240508,120000,3442,3443,3439,3439,1402,0
20240508,130000,3439,3443,3437.5,3443,836,0
20240508,140000,3443,3443.5,3440,3441,763,0
20240508,150000,3440.5,3444,3439,3440,422,0
20240508,160000,3440.5,3443.5,3440,3440.5,632,0
20240508,170000,3440,3440.5,3436.5,3438.5,459,0
20240508,180000,3439.5,3440.5,3436,3437.5,617,0
20240508,190000,3438,3441,3438,3439,110,0
20240508,200000,3439.5,3439.5,3435.5,3437,106,0
20240508,210000,3438,3439,3435.5,3438,112,0
20240508,220000,3438,3440,3438,3438,245,0
20240508,230000,3439,3439.5,3439,3439.5,139,0
20240510,090000,3441.5,3449,3440,3444,339,0
20240510,100000,3444,3456.5,3444,3454,1691,0
20240510,110000,3453.5,3455,3448.5,3452.5,659,0
20240510,120000,3452,3455,3449.5,3455,126,0
20240510,130000,3454,3458,3453.5,3457.5,423,0
20240510,140000,3457.5,3458,3454,3454.5,179,0
20240510,150000,3454,3454,3452.5,3454,178,0
20240510,160000,3453,3457,3453,3456.5,180,0
20240510,170000,3456,3456.5,3453,3455.5,145,0
20240510,180000,3455.5,3456,3453,3453,231,0
20240510,190000,3454.5,3456.5,3453,3455,266,0
20240510,200000,3456,3457.5,3455.5,3457.5,100,0
20240510,210000,3457.5,3457.5,3456.5,3457,83,0
20240510,220000,3457,3458,3457,3458,39,0
20240510,230000,3458,3459,3457,3458,244,0
20240513,090000,3461,3472.5,3460.5,3469,671,0
20240513,100000,3468,3470,3465,3467,1470,0
20240513,110000,3466,3469.5,3466,3467,273,0
20240513,120000,3467.5,3468,3463,3464,610,0
20240513,130000,3463,3464.5,3461,3461,423,0
20240513,140000,3463.5,3466,3453,3459.5,781,0
20240513,150000,3459.5,3462,3450.5,3458,1080,0
20240513,160000,3457,3461,3457,3459,107,0
20240513,170000,3460,3465,3460,3465,320,0
20240513,180000,3465.5,3467,3461.5,3463,190,0
20240513,190000,3467,3468,3461.5,3463.5,125,0
20240513,200000,3462,3466.5,3462,3464.5,43,0
20240513,210000,3465.5,3466.5,3464,3465,44,0
20240513,220000,3463.5,3465.5,3463.5,3465.5,45,0
20240513,230000,3465.5,3465.5,3464,3464,33,0
20240514,090000,3464,3467,3462.5,3466.5,278,0
20240514,100000,3466,3468.5,3463.5,3465.5,559,0
20240514,110000,3465,3465,3460.5,3462.5,292,0
20240514,120000,3461.5,3462.5,3460,3462.5,155,0
20240514,130000,3462,3462.5,3460,3461,23,0
20240514,140000,3461,3466,3460,3464.5,140,0
20240514,150000,3465.5,3468,3464.5,3464.5,540,0
20240514,160000,3466.5,3472.5,3464.5,3470,569,0
20240514,170000,3469.5,3474,3467,3468.5,1182,0
20240514,180000,3468.5,3471.5,3467.5,3469.5,794,0
20240514,190000,3470,3472,3468.5,3470.5,580,0
20240514,200000,3470.5,3473,3470,3472.5,577,0
20240514,210000,3472.5,3473,3470.5,3473,289,0
20240514,220000,3472.5,3473.5,3471.5,3472,126,0
20240514,230000,3472.5,3473.5,3471,3472,268,0
20240515,090000,3471,3475,3462.5,3471,507,0
20240515,100000,3472,3479.5,3470,3477,2598,0
20240515,110000,3478,3478,3470,3473,850,0
20240515,120000,3471.5,3473.5,3470,3471,342,0
20240515,130000,3472.5,3474,3468.5,3472,154,0
20240515,140000,3471,3471.5,3467.5,3469.5,556,0
20240515,150000,3470.5,3474.5,3470.5,3473.5,124,0
20240515,160000,3474,3479.5,3473.5,3478.5,264,0
20240515,170000,3478,3481,3475.5,3479.5,1847,0
20240515,180000,3480.5,3482,3477.5,3480,616,0
20240515,190000,3480,3481,3476,3478.5,132,0
20240515,200000,3478.5,3482.5,3477,3482.5,294,0
20240515,210000,3482.5,3484.5,3479.5,3483,522,0
20240515,220000,3483.5,3484.5,3483.5,3484.5,18,0
20240515,230000,3484,3484,3483.5,3484,8,0
20240516,090000,3483.5,3488.5,3483.5,3487.5,443,0
20240516,100000,3487.5,3492,3480,3482,1619,0
20240516,110000,3482,3482.5,3480,3481.5,347,0
20240516,120000,3483,3485,3481.5,3482.5,541,0
20240516,130000,3482.5,3485,3482.5,3484.5,263,0
20240516,140000,3484.5,3486,3484,3485,421,0
20240516,150000,3485.5,3490.5,3485,3490.5,433,0
20240516,160000,3490.5,3494,3488,3492,298,0
20240516,170000,3493,3494,3490,3492.5,212,0
20240516,180000,3491,3494,3486.5,3486.5,681,0
20240516,190000,3486,3489.5,3485,3489.5,316,0
20240516,200000,3490,3493.5,3490,3493,52,0
20240516,210000,3491.5,3492.5,3490.5,3490.5,19,0
20240516,220000,3492,3494,3491,3494,322,0
20240516,230000,3493.5,3494,3492.5,3493,24,0
20240517,090000,3493.5,3494,3489,3489,173,0
20240517,100000,3489,3502,3489,3501,3460,0
20240517,110000,3501,3501.5,3494,3498,851,0
20240517,120000,3498,3498.5,3494,3496,205,0
20240517,130000,3496,3499,3494,3497,264,0
20240517,140000,3497.5,3503.5,3496,3503.5,855,0
20240517,150000,3502.5,3505,3500,3504,748,0
20240517,160000,3505,3506.5,3502,3502,294,0
20240517,170000,3502,3510,3502,3509.5,582,0
20240517,180000,3510,3512,3505,3506,273,0
20240517,190000,3507.5,3509,3506.5,3508,72,0
20240517,200000,3506.5,3508,3506.5,3507.5,34,0
20240517,210000,3507.5,3509.5,3507.5,3509.5,78,0
20240517,220000,3509,3511.5,3508.5,3509.5,506,0
20240517,230000,3510.5,3512,3509,3510.5,115,0
20240520,090000,3514.5,3522,3512,3519,799,0
20240520,100000,3518.5,3523.5,3505.5,3507.5,1642,0
20240520,110000,3505.5,3510.5,3495.5,3495.5,1139,0
20240520,120000,3495,3498,3484.5,3485,1620,0
20240520,130000,3484.5,3492,3474,3482,3462,0
20240520,140000,3481,3494,3481,3490,1611,0
20240520,150000,3490,3490,3476.5,3481,730,0
20240520,160000,3481,3488,3480.5,3486.5,518,0
20240520,170000,3486.5,3486.5,3483,3483,462,0
20240520,180000,3483,3483,3462.5,3465.5,1781,0
20240520,190000,3464,3469.5,3456,3460,2900,0
20240520,200000,3460,3462.5,3444,3456,2119,0
20240520,210000,3455,3459.5,3448,3456.5,969,0
20240520,220000,3457,3459.5,3452.5,3457.5,335,0
20240520,230000,3458,3460,3457,3458,123,0
20240521,090000,3457,3457,3442,3443,708,0
20240521,100000,3443,3464.5,3437,3440.5,3712,0
20240521,110000,3440,3444,3431.5,3440,3557,0
20240521,120000,3440.5,3442,3430.5,3442,831,0
20240521,130000,3442.5,3445.5,3425,3436,3113,0
20240521,140000,3436,3439,3430,3433,1896,0
20240521,150000,3433.5,3435,3424.5,3425,1802,0
20240521,160000,3425,3426.5,3410,3413.5,3946,0
20240521,170000,3413.5,3439.5,3411.5,3435,2973,0
20240521,180000,3435.5,3441.5,3428,3431,693,0
20240521,190000,3433.5,3441,3431,3441,449,0
20240521,200000,3441.5,3441.5,3436,3440.5,430,0
20240521,210000,3440.5,3441,3436.5,3437,249,0
20240521,220000,3436.5,3438,3435,3438,50,0
20240521,230000,3436,3441,3435.5,3441,227,0
20240522,090000,3442,3445.5,3436.5,3438.5,547,0
20240522,100000,3439,3452.5,3438.5,3447,1355,0
20240522,110000,3447,3452.5,3445,3451.5,953,0
20240522,120000,3451.5,3452,3443,3447.5,436,0
20240522,130000,3446.5,3449.5,3443,3447,189,0
20240522,140000,3448,3448.5,3440.5,3447.5,243,0
20240522,150000,3445.5,3448.5,3444.5,3448,155,0
20240522,160000,3448.5,3450.5,3440,3446,2075,0
20240522,170000,3446,3448.5,3444,3447.5,271,0
20240522,180000,3448,3451.5,3447.5,3448,370,0
20240522,190000,3447,3450,3443,3449.5,222,0
20240522,200000,3448,3448,3446,3446,31,0
20240522,210000,3446,3446,3442,3444,319,0
20240522,220000,3443,3443.5,3441,3442.5,64,0
20240522,230000,3443,3443,3442,3442,15,0
20240523,090000,3442,3443,3427.5,3430,804,0
20240523,100000,3431.5,3436.5,3420.5,3425,1952,0
20240523,110000,3424.5,3425,3412,3424.5,1483,0
20240523,120000,3423,3427.5,3417,3424,544,0
20240523,130000,3423,3430,3422,3426,617,0
20240523,140000,3425.5,3431,3425.5,3427.5,1122,0
20240523,150000,3428.5,3433,3425.5,3433,404,0
20240523,160000,3433.5,3448,3433.5,3445,1785,0
20240523,170000,3445.5,3449.5,3441,3449.5,1420,0
20240523,180000,3449.5,3450.5,3441,3442.5,728,0
20240523,190000,3442.5,3446,3441,3443,307,0
20240523,200000,3443,3443.5,3437.5,3437.5,354,0
20240523,210000,3438.5,3440,3437,3440,132,0
20240523,220000,3440.5,3441,3440,3440.5,17,0
20240523,230000,3440,3441.5,3438.5,3440,256,0
20240524,090000,3438,3446,3433.5,3444,407,0
20240524,100000,3442.5,3446,3425,3430,2860,0
20240524,110000,3427,3432.5,3424,3427,664,0
20240524,120000,3427.5,3427.5,3418,3427.5,1697,0
20240524,130000,3427,3427,3406,3417,2338,0
20240524,140000,3417,3417,3384.5,3387,5467,0
20240524,150000,3387,3398.5,3381,3385.5,3019,0
20240524,160000,3385.5,3408.5,3385.5,3404,1044,0
20240524,170000,3404,3410,3404,3410,1140,0
20240524,180000,3410,3413,3400,3405,1068,0
20240524,190000,3402,3404.5,3395,3395.5,1335,0
20240524,200000,3395.5,3398.5,3392,3395,1734,0
20240524,210000,3396,3398,3393,3394.5,309,0
20240524,220000,3394.5,3395.5,3391.5,3395.5,98,0
20240524,230000,3394.5,3398.5,3393,3397.5,355,0
20240527,090000,3395,3397.5,3385,3388.5,1909,0
20240527,100000,3386.5,3395,3350,3351,8453,0
20240527,110000,3351,3363,3348,3358,2670,0
20240527,120000,3358,3360.5,3346,3352,1301,0
20240527,130000,3352,3356.5,3340,3356.5,1935,0
20240527,140000,3356,3363,3351,3353,680,0
20240527,150000,3353,3354,3345,3347,703,0
20240527,160000,3347,3354,3327,3334.5,2370,0
20240527,170000,3330,3339.5,3308.5,3309,4285,0
20240527,180000,3309,3322.5,3303.5,3306,2745,0
20240527,190000,3315.5,3315.5,3294.5,3306.5,1759,0
20240527,200000,3308.5,3320.5,3308.5,3312.5,705,0
20240527,210000,3315,3322.5,3313,3315.5,550,0
20240527,220000,3314.5,3315.5,3309,3312,563,0
20240527,230000,3313,3313.5,3305,3305,177,0
20240528,090000,3310,3328.5,3305,3321,1256,0
20240528,100000,3320,3343,3282.5,3343,4565,0
20240528,110000,3343,3348.5,3326,3331,1425,0
20240528,120000,3331,3344.5,3330,3340.5,1118,0
20240528,130000,3342.5,3350.5,3334,3347.5,2055,0
20240528,140000,3348,3352.5,3346,3349.5,1282,0
20240528,150000,3350,3352.5,3337,3340,738,0
20240528,160000,3340,3345,3322,3327.5,999,0
20240528,170000,3326.5,3330,3315,3324.5,1044,0
20240528,180000,3323.5,3326,3313,3313.5,653,0
20240528,190000,3310.5,3311,3295,3298.5,855,0
20240528,200000,3297,3310,3297,3307.5,809,0
20240528,210000,3307.5,3312.5,3306,3309,372,0
20240528,220000,3310,3311,3300,3305,411,0
20240528,230000,3306,3310.5,3304,3310.5,198,0
20240529,090000,3313.5,3329,3303,3320.5,686,0
20240529,100000,3318.5,3319.5,3291.5,3306.5,3673,0
20240529,110000,3306.5,3316,3303.5,3306.5,1215,0
20240529,120000,3305.5,3308.5,3296.5,3305.5,1029,0
20240529,130000,3307,3309.5,3297,3306,702,0
20240529,140000,3305.5,3307.5,3297,3297,1191,0
20240529,150000,3296.5,3300,3288,3291,1716,0
20240529,160000,3292.5,3301.5,3286,3296.5,624,0
20240529,170000,3296.5,3311.5,3295.5,3308.5,931,0
20240529,180000,3308.5,3329.5,3307,3329.5,2439,0
20240529,190000,3329,3329,3320,3320,1849,0
20240529,200000,3321,3324.5,3318.5,3324.5,691,0
20240529,210000,3324.5,3330.5,3324,3327,656,0
20240529,220000,3327,3330,3325,3326.5,573,0
20240529,230000,3327,3337,3327,3337,548,0
20240530,090000,3331.5,3350,3331.5,3347,970,0
20240530,100000,3347.5,3347.5,3330,3335,1571,0
20240530,110000,3335.5,3338.5,3319,3324,1291,0
20240530,120000,3323.5,3330,3321.5,3323.5,400,0
20240530,130000,3323,3323.5,3312,3318.5,912,0
20240530,140000,3317.5,3318.5,3301,3306,3601,0
20240530,150000,3304.5,3317.5,3301,3306,2153,0
20240530,160000,3305.5,3307.5,3294.5,3306.5,1320,0
20240530,170000,3306.5,3309,3300,3300,947,0
20240530,180000,3301.5,3302.5,3270,3280.5,4716,0
20240530,190000,3285,3289.5,3278.5,3283.5,1147,0
20240530,200000,3280,3280,3259.5,3268.5,2274,0
20240530,210000,3271,3276,3265,3265,1829,0
20240530,220000,3265,3268,3258.5,3260.5,1274,0
20240530,230000,3260.5,3262,3254.5,3260,416,0
20240531,090000,3262.5,3279,3255.5,3266.5,1180,0
20240531,100000,3266.5,3274.5,3235,3235,9013,0
20240531,110000,3235,3267,3235,3267,4870,0
20240531,120000,3267.5,3269,3247,3250,2005,0
20240531,130000,3250,3250,3237,3240,1323,0
20240531,140000,3240.5,3255,3240.5,3253.5,1649,0
20240531,150000,3253.5,3259.5,3252,3252.5,2361,0
20240531,160000,3255,3263,3244,3244,1944,0
20240531,170000,3243.5,3248,3233,3239,1727,0
20240531,180000,3239.5,3239.5,3215.5,3228,3666,0
20240531,190000,3223.5,3229,3185,3210.5,7507,0
20240531,200000,3210,3211,3188,3190,1311,0
20240531,210000,3191,3193,3182.5,3186.5,1206,0
20240531,220000,3184,3198.5,3184,3195.5,890,0
20240531,230000,3196,3205,3189.5,3205,717,0
20240603,090000,3204,3229,3204,3220.5,2056,0
20240603,100000,3219.5,3223,3184,3194,7939,0
20240603,110000,3194,3206.5,3165.5,3173.5,3414,0
20240603,120000,3173.5,3173.5,3150.5,3170.5,3882,0
20240603,130000,3168,3171,3115.5,3133.5,9925,0
20240603,140000,3131.5,3145,3091.5,3098.5,7580,0
20240603,150000,3098.5,3131.5,3092,3124.5,5494,0
20240603,160000,3123.5,3144,3116,3136.5,4086,0
20240603,170000,3135,3160,3119.5,3160,2291,0
20240603,180000,3157,3161,3141.5,3156,2190,0
20240603,190000,3152.5,3158.5,3142.5,3158.5,974,0
20240603,200000,3158.5,3169.5,3156,3167,2160,0
20240603,210000,3166.5,3168.5,3156.5,3160,761,0
20240603,220000,3160,3165.5,3157,3160,258,0
20240603,230000,3159,3166.5,3158.5,3165.5,88,0
20240604,090000,3157,3174,3142,3151,1710,0
20240604,100000,3150.5,3186.5,3149.5,3157.5,8906,0
20240604,110000,3158.5,3162.5,3137,3149.5,5155,0
20240604,120000,3150,3176.5,3141,3169.5,1477,0
20240604,130000,3169.5,3185,3169.5,3179.5,2129,0
20240604,140000,3180,3197.5,3173,3192,3109,0
20240604,150000,3192.5,3201.5,3185,3199.5,2985,0
20240604,160000,3199.5,3202.5,3189.5,3195.5,1113,0
20240604,170000,3194,3202,3191.5,3202,685,0
20240604,180000,3200.5,3207.5,3191,3194,974,0
20240604,190000,3192.5,3203,3192,3200,628,0
20240604,200000,3202,3207,3200.5,3203,722,0
20240604,210000,3203,3216,3203,3216,674,0
20240604,220000,3214.5,3217.5,3211,3215,660,0
20240604,230000,3215,3217.5,3214,3216.5,442,0
20240605,090000,3217.5,3223,3205,3215.5,1401,0
20240605,100000,3216,3229.5,3207,3212,5813,0
20240605,110000,3213.5,3236,3212,3232,2006,0
20240605,120000,3231.5,3237.5,3224.5,3237.5,1669,0
20240605,130000,3237,3241,3231.5,3233,2325,0
20240605,140000,3233,3233,3209,3220,3408,0
20240605,150000,3219.5,3219.5,3196,3215.5,7633,0
20240605,160000,3216,3222,3207.5,3219,1652,0
20240605,170000,3219.5,3230,3217,3229.5,680,0
20240605,180000,3229.5,3230,3215.5,3219,707,0
20240605,190000,3219,3219,3211.5,3214,877,0
20240605,200000,3214.5,3215,3194,3195,825,0
20240605,210000,3193.5,3205,3192.5,3195.5,827,0
20240605,220000,3194,3199.5,3191.5,3198.5,650,0
20240605,230000,3198.5,3199.5,3195,3198,216,0
20240606,090000,3197,3203,3190.5,3202.5,551,0
20240606,100000,3200.5,3211,3181.5,3207,4550,0
20240606,110000,3210,3221.5,3207.5,3215,1891,0
20240606,120000,3213.5,3219,3200,3207.5,1313,0
20240606,130000,3207.5,3207.5,3185,3191,1975,0
20240606,140000,3190,3195.5,3181,3190.5,2211,0
20240606,150000,3191.5,3202.5,3188,3198.5,918,0
20240606,160000,3197,3204.5,3195.5,3198,722,0
20240606,170000,3199.5,3201.5,3189.5,3197,1364,0
20240606,180000,3196.5,3202,3194,3197.5,1061,0
20240606,190000,3197.5,3202.5,3191.5,3200,743,0
20240606,200000,3202.5,3203,3196.5,3198.5,136,0
20240606,210000,3198.5,3201.5,3197,3201.5,162,0
20240606,220000,3201,3205,3201,3202.5,407,0
20240606,230000,3202.5,3204,3198,3200.5,176,0
20240607,090000,3199,3211.5,3190,3207,903,0
20240607,100000,3207,3218.5,3201,3206.5,2264,0
20240607,110000,3206,3218,3197,3215,1892,0
20240607,120000,3214,3230,3209.5,3227.5,3144,0
20240607,130000,3228,3290,3221,3260.5,16399,0
20240607,140000,3260,3260,3233,3234,4627,0
20240607,150000,3234.5,3241,3217,3234,3682,0
20240607,160000,3234.5,3236.5,3224.5,3236,1528,0
20240607,170000,3236,3238.5,3230,3231.5,2543,0
20240607,180000,3233.5,3245,3233,3239,1055,0
20240607,190000,3239,3239,3223.5,3233,1131,0
20240607,200000,3233,3236.5,3231.5,3235.5,558,0
20240607,210000,3235,3240,3231.5,3240,522,0
20240607,220000,3241,3242.5,3239,3242,751,0
20240607,230000,3241.5,3241.5,3234,3238,742,0
20240610,090000,3240,3256,3240,3253.5,3378,0
20240610,100000,3253.5,3257.5,3243.5,3255.5,7247,0
20240610,110000,3256,3258,3245,3250,1267,0
20240610,120000,3248,3251.5,3225,3231,4359,0
20240610,130000,3232,3238.5,3225,3227,1761,0
20240610,140000,3229,3232.5,3209.5,3217,3741,0
20240610,150000,3216.5,3219,3205,3212,2982,0
20240610,160000,3211.5,3224,3211,3218.5,2176,0
20240610,170000,3220.5,3224.5,3204,3211.5,1688,0
20240610,180000,3210.5,3212,3176,3177,8655,0
20240610,190000,3176,3187,3155.5,3176.5,4455,0
20240610,200000,3175.5,3178,3166,3173.5,817,0
20240610,210000,3176,3183.5,3174,3180,1176,0
20240610,220000,3178,3181,3177,3178.5,1211,0
20240610,230000,3180,3180,3176.5,3177.5,262,0
20240611,090000,3175,3189.5,3171,3176,1143,0
20240611,100000,3175.5,3184,3161.5,3180.5,3296,0
20240611,110000,3181.5,3196,3177,3184.5,2966,0
20240611,120000,3185.5,3189,3170,3170,1277,0
20240611,130000,3168.5,3173.5,3151.5,3168,4460,0
20240611,140000,3167,3176,3157,3173.5,3187,0
20240611,150000,3170,3173.5,3162,3167.5,506,0
20240611,160000,3166,3175.5,3162.5,3174.5,518,0
20240611,170000,3174.5,3185.5,3170.5,3178.5,1365,0
20240611,180000,3180.5,3185,3170,3184,1054,0
20240611,190000,3181,3184,3179,3180.5,325,0
20240611,200000,3182.5,3182.5,3174,3181,454,0
20240611,210000,3178.5,3181.5,3177.5,3180,528,0
20240611,220000,3181,3182,3177,3177.5,187,0
20240611,230000,3178.5,3181,3177,3181,393,0
20240613,100000,3099,3151.5,3007,3115.5,23708,0
20240613,110000,3115,3134,3112,3133.5,6454,0
20240613,120000,3133.5,3147,3122.5,3127.5,3630,0
20240613,130000,3129.5,3131.5,3116.5,3124,1691,0
20240613,140000,3125,3138,3125,3135.5,1236,0
20240613,150000,3136,3171,3136,3167,3935,0
20240613,160000,3169,3180,3165,3174.5,1580,0
20240613,170000,3174.5,3180,3160,3180,1592,0
20240613,180000,3179.5,3180,3170,3175.5,1385,0
20240613,190000,3174.5,3184,3174,3178,880,0
20240613,200000,3178,3179,3172.5,3174.5,268,0
20240613,210000,3173.5,3176.5,3168.5,3169.5,369,0
20240613,220000,3169.5,3174,3168.5,3173,399,0
20240613,230000,3173,3176,3172,3175.5,292,0
20240614,100000,3180,3185.5,3162.5,3171.5,3816,0
20240614,110000,3171,3176,3166.5,3173,3304,0
20240614,120000,3172,3182.5,3169.5,3181,2302,0
20240614,130000,3181.5,3190,3180.5,3189.5,1023,0
20240614,140000,3189,3197,3187,3195,2459,0
20240614,150000,3195.5,3199,3187,3198,2589,0
20240614,160000,3198,3222,3198,3220,5856,0
20240614,170000,3220,3225,3209.5,3217.5,2539,0
20240614,180000,3217.5,3220,3210.5,3218,1536,0
20240614,190000,3218,3219.5,3213.5,3218.5,954,0
20240614,200000,3216.5,3217,3203,3208.5,668,0
20240614,210000,3207.5,3213,3205,3209,1111,0
20240614,220000,3210.5,3216,3210,3216,482,0
20240614,230000,3216,3219.5,3216,3217,1088,0
20240617,100000,3221,3227,3209,3218,3970,0
20240617,110000,3218,3219.5,3195,3198,3749,0
20240617,120000,3197,3210.5,3189,3209.5,3164,0
20240617,130000,3207,3215.5,3206,3210,2041,0
20240617,140000,3211,3216.5,3203,3206.5,1899,0
20240617,150000,3206.5,3210,3197,3197,1482,0
20240617,160000,3197.5,3203.5,3185,3193.5,2585,0
20240617,170000,3192.5,3201,3185,3199.5,1870,0
20240617,180000,3199,3199,3188,3189,1901,0
20240617,190000,3187.5,3190,3175,3179.5,2541,0
20240617,200000,3179.5,3183.5,3177,3182,885,0
20240617,210000,3182,3183.5,3178.5,3178.5,1059,0
20240617,220000,3179,3185,3178,3183.5,464,0
20240617,230000,3183,3183,3179,3179,303,0
20240618,100000,3178,3179,3154.5,3171,11009,0
20240618,110000,3173.5,3174.5,3162,3165,3869,0
20240618,120000,3165.5,3166,3155,3160,2108,0
20240618,130000,3158.5,3166.5,3156.5,3163.5,995,0
20240618,140000,3163.5,3164,3150,3155,2485,0
20240618,150000,3154.5,3155.5,3128,3137.5,6032,0
20240618,160000,3134.5,3139.5,3131.5,3137,3175,0
20240618,170000,3137,3143.5,3124.5,3125,4392,0
20240618,180000,3125.5,3129,3107,3111.5,2619,0
20240618,190000,3115,3120,3095,3106,9021,0
20240618,200000,3106,3110,3099,3099,1051,0
20240618,210000,3099,3108,3099,3105,1130,0
20240618,220000,3106,3106,3097,3099,705,0
20240618,230000,3099,3106,3093,3105,1599,0
20240619,100000,3108,3110,3062,3090,8305,0
20240619,110000,3090.5,3112,3084,3084,5954,0
20240619,120000,3084,3095.5,3073,3080,4092,0
20240619,130000,3079,3088.5,3057.5,3062.5,6425,0
20240619,140000,3060.5,3080,3046,3075,3771,0
20240619,150000,3074.5,3083,3068,3083,2845,0
20240619,160000,3083,3083,3061.5,3064,2306,0
20240619,170000,3063.5,3065,3019,3030,5627,0
20240619,180000,3030.5,3041,3024,3030,3282,0
20240619,190000,3033,3037,3019.5,3029.5,2587,0
20240619,200000,3029,3033,3020.5,3031.5,2646,0
20240619,210000,3033,3047,3033,3037,1771,0
20240619,220000,3036,3041,3035,3038,882,0
20240619,230000,3038,3046,3037.5,3046,517,0
20240620,100000,3045,3082,3041,3078,10259,0
20240620,110000,3079,3100,3077,3087.5,11172,0
20240620,120000,3087,3087.5,3060,3086,7524,0
20240620,130000,3082,3086.5,3048,3055,4334,0
20240620,140000,3053,3065,3000.5,3023.5,13686,0
20240620,150000,3027,3126.5,3024,3085,19612,0
20240620,160000,3084.5,3100.5,3071,3091.5,4715,0
20240620,170000,3091.5,3118,3088.5,3113,5205,0
20240620,180000,3113,3125,3099.5,3115,4062,0
20240620,190000,3124,3149.5,3120.5,3137,3984,0
20240620,200000,3139,3149,3133.5,3141.5,1909,0
20240620,210000,3141,3148,3136.5,3144,879,0
20240620,220000,3144,3146.5,3139.5,3142,624,0
20240620,230000,3141,3148,3141,3147.5,362,0
20240621,100000,3152,3180,3125.5,3126,10056,0
20240621,110000,3125.5,3134.5,3113.5,3115,4381,0
20240621,120000,3115.5,3121.5,3100,3100,2592,0
20240621,130000,3100.5,3118.5,3100.5,3117.5,2417,0
20240621,140000,3118,3132,3113.5,3125,2417,0
20240621,150000,3125,3133.5,3118.5,3124,1008,0
20240621,160000,3125,3139,3120.5,3124,1295,0
20240621,170000,3124,3127,3111.5,3119,2415,0
20240621,180000,3118.5,3120,3110,3119,699,0
20240621,190000,3118,3125.5,3108,3108.5,5524,0
20240621,200000,3108,3114,3108,3111,637,0
20240621,210000,3112,3115,3109.5,3112.5,437,0
20240621,220000,3112,3115,3111,3114.5,305,0
20240621,230000,3113,3116.5,3113,3113,286,0
20240624,100000,3112,3135.5,3088,3124,8728,0
20240624,110000,3124,3126.5,3111,3114.5,3541,0
20240624,120000,3114,3116,3099,3107.5,2490,0
20240624,130000,3107.5,3114,3094,3113.5,2430,0
20240624,140000,3111.5,3119,3109,3113,1708,0
20240624,150000,3112.5,3113.5,3105,3109,1421,0
20240624,160000,3108.5,3114,3104,3114,673,0
20240624,170000,3112,3115.5,3108,3108.5,793,0
20240624,180000,3109,3109,3103.5,3104,1085,0
20240624,190000,3103,3105.5,3102.5,3104,312,0
20240624,200000,3104,3104.5,3099.5,3100,368,0
20240624,210000,3100,3102,3098,3099,227,0
20240624,220000,3098.5,3100,3096.5,3100,317,0
20240624,230000,3099.5,3100,3093,3095,238,0
20240625,100000,3095,3105.5,3081.5,3092,4100,0
20240625,110000,3092,3095,3083,3083,941,0
20240625,120000,3084.5,3096,3083,3091,2136,0
20240625,130000,3094,3107,3092,3103,1518,0
20240625,140000,3101,3111,3095.5,3097.5,953,0
20240625,150000,3097,3103,3095.5,3097,2430,0
20240625,160000,3096.5,3107,3096,3103.5,504,0
20240625,170000,3107,3108,3102,3102,866,0
20240625,180000,3103.5,3125.5,3103.5,3119,1998,0
20240625,190000,3120,3131,3118,3130.5,1837,0
20240625,200000,3131,3131.5,3126.5,3130,547,0
20240625,210000,3130.5,3133.5,3127,3133.5,549,0
20240625,220000,3132.5,3141.5,3132,3136,979,0
20240625,230000,3136.5,3140.5,3135.5,3136.5,553,0
20240626,100000,3140.5,3150,3132.5,3148.5,4113,0
20240626,110000,3149,3158.5,3144.5,3149.5,2929,0
20240626,120000,3149,3155.5,3143,3150.5,1491,0
20240626,130000,3151.5,3159.5,3150.5,3154.5,1098,0
20240626,140000,3153.5,3155,3147.5,3147.5,744,0
20240626,150000,3147,3152,3140,3144,1709,0
20240626,160000,3144,3152.5,3141.5,3152.5,1637,0
20240626,170000,3152,3153.5,3141,3150,806,0
20240626,180000,3149.5,3156,3148.5,3156,918,0
20240626,190000,3154.5,3163,3154.5,3158,1493,0
20240626,200000,3158,3159.5,3155.5,3158.5,763,0
20240626,210000,3158.5,3160,3157,3159.5,118,0
20240626,220000,3159.5,3168.5,3158,3163,1224,0
20240626,230000,3161.5,3163,3157,3157,201,0
20240627,100000,3167,3169.5,3136.5,3143,5456,0
20240627,110000,3143,3145.5,3127.5,3141.5,3202,0
20240627,120000,3140.5,3141,3130,3133,969,0
20240627,130000,3133,3145,3131.5,3142.5,1497,0
20240627,140000,3141.5,3145.5,3134.5,3136.5,1348,0
20240627,150000,3139,3156,3138,3156,1875,0
20240627,160000,3155.5,3163,3151.5,3153.5,2117,0
20240627,170000,3153,3160,3151,3156.5,1341,0
20240627,180000,3157,3157,3150,3151.5,1285,0
20240627,190000,3153.5,3155.5,3150.5,3153,398,0
20240627,200000,3152,3155,3150.5,3155,402,0
20240627,210000,3154.5,3154.5,3151.5,3151.5,135,0
20240627,220000,3152,3153,3151,3152,507,0
20240627,230000,3150.5,3151.5,3147,3149,312,0
20240628,100000,3150.5,3172,3146.5,3168.5,4483,0
20240628,110000,3167,3168.5,3160.5,3164,1574,0
20240628,120000,3163.5,3168.5,3156.5,3168.5,1336,0
20240628,130000,3168.5,3168.5,3160,3161,422,0
20240628,140000,3160,3161.5,3150,3150,674,0
20240628,150000,3150,3157.5,3145.5,3156.5,843,0
20240628,160000,3157.5,3165,3154,3158,830,0
20240628,170000,3158.5,3162,3155,3157,903,0
20240628,180000,3156,3159,3150,3159,835,0
20240628,190000,3158.5,3163.5,3157.5,3159,834,0
20240628,200000,3159,3162.5,3158.5,3160.5,179,0
20240628,210000,3160.5,3162.5,3158.5,3161,398,0
20240628,220000,3161,3162,3161,3162,141,0
20240628,230000,3160.5,3164.5,3160.5,3164.5,166,0
20240701,100000,3168,3177.5,3164.5,3167,3677,0
20240701,110000,3167.5,3170,3163,3164,1112,0
20240701,120000,3164.5,3168,3159.5,3161,1301,0
20240701,130000,3160,3172,3158.5,3171.5,979,0
20240701,140000,3172,3177,3171.5,3177,1309,0
20240701,150000,3177,3181.5,3175.5,3180,2119,0
20240701,160000,3180,3187,3180,3186,1199,0
20240701,170000,3186,3188.5,3181.5,3187,1369,0
20240701,180000,3188.5,3190.5,3185,3185,876,0
20240701,190000,3186.5,3188.5,3184,3188.5,380,0
20240701,200000,3188,3193,3188,3193,500,0
20240701,210000,3192.5,3196,3191,3194.5,665,0
20240701,220000,3195.5,3199,3195,3199,519,0
20240701,230000,3199,3199.5,3191.5,3195,592,0
20240702,100000,3199.5,3208,3191.5,3208,3004,0
20240702,110000,3208,3208,3192.5,3204,3538,0
20240702,120000,3204,3212.5,3203,3212,1419,0
20240702,130000,3210.5,3213,3209.5,3210.5,625,0
20240702,140000,3211,3219.5,3211,3215,1136,0
20240702,150000,3215,3220,3210.5,3217.5,1033,0
20240702,160000,3217.5,3220.5,3215.5,3216.5,1468,0
20240702,170000,3218.5,3224,3215,3223,786,0
20240702,180000,3222.5,3223.5,3215,3215,1367,0
20240702,190000,3218.5,3218.5,3211,3212.5,697,0
20240702,200000,3214,3215.5,3212.5,3215,160,0
20240702,210000,3215,3218.5,3214,3215.5,267,0
20240702,220000,3215.5,3219,3215.5,3219,183,0
20240702,230000,3218.5,3219.5,3216,3216,198,0
20240703,100000,3220,3227,3205,3214,7147,0
20240703,110000,3214.5,3214.5,3205.5,3211.5,1559,0
20240703,120000,3212.5,3231,3209.5,3227,3662,0
20240703,130000,3227,3231.5,3220,3221.5,5682,0
20240703,140000,3222,3228,3221,3225,854,0
20240703,150000,3226,3226.5,3219.5,3221,1108,0
20240703,160000,3222,3222,3207,3212,1584,0
20240703,170000,3212,3212,3199,3199,2313,0
20240703,180000,3199,3208.5,3197.5,3204,1291,0
20240703,190000,3203.5,3204.5,3186,3188,2616,0
20240703,200000,3188,3196,3187,3192.5,1463,0
20240703,210000,3191,3196.5,3189.5,3189.5,439,0
20240703,220000,3189,3189.5,3184,3186.5,1723,0
20240703,230000,3185,3185.5,3181,3185,571,0
20240704,100000,3183,3196,3173,3192,6094,0
20240704,110000,3192.5,3202.5,3190,3194,3060,0
20240704,120000,3192,3196,3187,3190.5,1221,0
20240704,130000,3190.5,3193.5,3174.5,3179.5,1702,0
20240704,140000,3180,3183,3170,3175,2282,0
20240704,150000,3175,3183.5,3170.5,3172,1365,0
20240704,160000,3171.5,3173,3137.5,3144,6489,0
20240704,170000,3144.5,3157,3127.5,3146.5,3998,0
20240704,180000,3146.5,3147,3130,3131.5,2814,0
20240704,190000,3142,3142,3134.5,3139,1185,0
20240704,200000,3139.5,3142,3137.5,3138.5,920,0
20240704,210000,3138.5,3141,3138,3139.5,673,0
20240704,220000,3139.5,3140.5,3136,3136.5,723,0
20240704,230000,3136.5,3138,3128.5,3129,793,0
20240705,100000,3131,3145,3116.5,3125.5,5215,0
20240705,110000,3125,3125,3106.5,3124,4117,0
20240705,120000,3122,3155,3117.5,3149.5,5049,0
20240705,130000,3149.5,3164.5,3146.5,3154,3047,0
20240705,140000,3154,3161.5,3137.5,3140,2839,0
20240705,150000,3139,3148.5,3133,3139,2712,0
20240705,160000,3138.5,3144.5,3131,3138,2167,0
20240705,170000,3139,3144.5,3132.5,3144,1959,0
20240705,180000,3144,3163,3143,3161.5,2865,0
20240705,190000,3161,3161,3152.5,3154,769,0
20240705,200000,3154.5,3160.5,3153.5,3157.5,462,0
20240705,210000,3155.5,3157.5,3154,3156,414,0
20240705,220000,3154.5,3158,3153.5,3155.5,265,0
20240705,230000,3156,3157,3154.5,3154.5,333,0
20240708,100000,3151,3179.5,3150.5,3167.5,8084,0
20240708,110000,3167,3172,3158,3160.5,2397,0
20240708,120000,3160.5,3161,3138,3142,4186,0
20240708,130000,3144.5,3149.5,3136,3141.5,1637,0
20240708,140000,3143,3146.5,3133.5,3134,3827,0
20240708,150000,3135.5,3142.5,3133.5,3135.5,2011,0
20240708,160000,3134,3140,3125.5,3139.5,4711,0
20240708,170000,3140,3147,3135,3140.5,3290,0
20240708,180000,3141,3141.5,3132,3136.5,1157,0
20240708,190000,3136.5,3139,3131.5,3136,1088,0
20240708,200000,3135.5,3138.5,3134.5,3138,342,0
20240708,210000,3138.5,3140,3136.5,3137,484,0
20240708,220000,3137,3139,3136,3137.5,562,0
20240708,230000,3137,3139.5,3135.5,3139,1025,0
20240709,100000,3126.5,3130,3112,3115.5,7510,0
20240709,110000,3115,3116,3104,3105,3085,0
20240709,120000,3104,3110.5,3100,3102,2756,0
20240709,130000,3102,3106.5,3098,3104,3836,0
20240709,140000,3105,3109,3094,3094,2663,0
20240709,150000,3094.5,3094.5,3082,3086,4810,0
20240709,160000,3087,3087.5,3071.5,3080,5420,0
20240709,170000,3080.5,3080.5,3061,3063,3684,0
20240709,180000,3062,3063.5,3050,3052.5,5166,0
20240709,190000,3054.5,3070,3047,3060.5,3252,0
20240709,200000,3060.5,3065,3059.5,3061.5,1364,0
20240709,210000,3060.5,3061.5,3054,3055,955,0
20240709,220000,3055.5,3055.5,3051,3053,615,0
20240709,230000,3051.5,3052,3046,3046,798,0
20240710,100000,3044,3062.5,3028.5,3038.5,11152,0
20240710,110000,3040,3040,3026.5,3030,3445,0
20240710,120000,3030,3053.5,3030,3044,2883,0
20240710,130000,3044,3051.5,3034,3040,2089,0
20240710,140000,3039,3042,3021,3027.5,2569,0
20240710,150000,3027.5,3028,3004,3004.5,4608,0
20240710,160000,3005.5,3012.5,2990.5,2997.5,6519,0
20240710,170000,2995.5,3006,2977,2977.5,6545,0
20240710,180000,2977,2984.5,2968.5,2980,3704,0
20240710,190000,2976.5,2989,2967,2968.5,5824,0
20240710,200000,2968.5,2970.5,2954.5,2956,3834,0
20240710,210000,2956.5,2961,2951,2952.5,2265,0
20240710,220000,2952.5,2953.5,2946.5,2947,1847,0
20240710,230000,2947,2947,2933,2933,3034,0
20240711,100000,2915,3012.5,2910,2968.5,49973,0
20240711,110000,2968,2985,2950,2955,14998,0
20240711,120000,2954.5,2980.5,2948,2980.5,6755,0
20240711,130000,2980.5,2984,2966.5,2978,4135,0
20240711,140000,2978.5,3003.5,2974,2996.5,6701,0
20240711,150000,2996.5,3003.5,2981,2985.5,4787,0
20240711,160000,2986.5,2998,2985.5,2985.5,2527,0
20240711,170000,2986,2999,2985.5,2988.5,1461,0
20240711,180000,2990,3001.5,2989.5,3001,2017,0
20240711,190000,3001,3019.5,2999,3019.5,4767,0
20240711,200000,3019.5,3020,3007.5,3015.5,3183,0
20240711,210000,3016,3018,3015.5,3016,1007,0
20240711,220000,3016,3020.5,3016,3017,1218,0
20240711,230000,3017,3017,3011.5,3011.5,694,0
20240712,100000,3012,3026.5,2982.5,2987,12099,0
20240712,110000,2986.5,2990,2962.5,2983,6702,0
20240712,120000,2982.5,2996.5,2974,2983,3350,0
20240712,130000,2984,2993.5,2976.5,2983,1922,0
20240712,140000,2985,2985,2969,2971,2489,0
20240712,150000,2970.5,2973,2959,2970,5761,0
20240712,160000,2969.5,3004.5,2965.5,3004.5,5459,0
20240712,170000,3004,3004.5,2985,2986.5,3244,0
20240712,180000,2985,2991,2975,2985.5,2504,0
20240712,190000,2976.5,2986,2972,2973,1289,0
20240712,200000,2976,2983.5,2974,2981,542,0
20240712,210000,2981,2984.5,2979.5,2984,540,0
20240712,220000,2983.5,2985,2982.5,2983,162,0
20240712,230000,2985,2992.5,2984,2991,521,0
20240715,100000,2987,3000,2951,2956.5,9719,0
20240715,110000,2956,2975.5,2954,2967.5,5377,0
20240715,120000,2968,2969,2954.5,2963.5,4406,0
20240715,130000,2958.5,2967.5,2955,2962.5,2017,0
20240715,140000,2960.5,2966,2947,2948.5,1923,0
20240715,150000,2948.5,2955.5,2936.5,2948,7668,0
20240715,160000,2949,2955,2933.5,2933.5,3840,0
20240715,170000,2933,2936,2920,2922,5286,0
20240715,180000,2922.5,2929.5,2912.5,2917,2772,0
20240715,190000,2915.5,2927.5,2914,2926.5,1339,0
20240715,200000,2926.5,2932.5,2921.5,2928,1647,0
20240715,210000,2928,2936,2923,2933.5,1506,0
20240715,220000,2933,2933,2918.5,2922.5,1233,0
20240715,230000,2922.5,2925.5,2918.5,2923,609,0
20240716,100000,2925,2944.5,2905,2913.5,10300,0
20240716,110000,2911.5,2919,2880.5,2889,11231,0
20240716,120000,2890,2929,2888,2914,12565,0
20240716,130000,2914.5,2921.5,2898,2901.5,6934,0
20240716,140000,2900,2909,2892,2909,2276,0
20240716,150000,2910,2916,2898.5,2899.5,1874,0
20240716,160000,2902,2904,2887,2897.5,1913,0
20240716,170000,2899,2940,2890,2940,6414,0
20240716,180000,2940,2973.5,2922,2950.5,23815,0
20240716,190000,2951,2954.5,2935.5,2940.5,3421,0
20240716,200000,2940.5,2957.5,2940.5,2957,1646,0
20240716,210000,2957,2957.5,2950,2955,2254,0
20240716,220000,2955,2966.5,2955,2963,2120,0
20240716,230000,2962.5,2966.5,2962.5,2965,435,0
20240717,100000,2965,2979,2941.5,2946,12809,0
20240717,110000,2947.5,2983.5,2942,2972,8258,0
20240717,120000,2973.5,2990,2970,2975,10211,0
20240717,130000,2975,2982,2962,2964.5,2661,0
20240717,140000,2963,2974.5,2957.5,2963,2289,0
20240717,150000,2963,2974.5,2961,2970.5,3106,0
20240717,160000,2970,2976,2964,2974,1400,0
20240717,170000,2974.5,2979,2965,2967,2563,0
20240717,180000,2965,2965,2949.5,2950,7758,0
20240717,190000,2954,2963.5,2954,2956,2860,0
20240717,200000,2957.5,2957.5,2943,2947,2438,0
20240717,210000,2947,2951,2946,2948.5,975,0
20240717,220000,2948.5,2951.5,2948,2949.5,609,0
20240717,230000,2949.5,2952.5,2947.5,2950.5,965,0
20240718,100000,2940,2948,2915,2927,11870,0
20240718,110000,2926.5,2937.5,2919,2935,4393,0
20240718,120000,2935.5,2944.5,2929.5,2942,3326,0
20240718,130000,2942,2945,2935.5,2941,1713,0
20240718,140000,2942,2942.5,2934.5,2941,984,0
20240718,150000,2941.5,2949,2929,2942.5,5898,0
20240718,160000,2944,2963.5,2942,2958,4720,0
20240718,170000,2958,2974,2950.5,2971.5,4919,0
20240718,180000,2972.5,2989,2972.5,2984.5,6129,0
20240718,190000,2984.5,2990,2981.5,2987,2805,0
20240718,200000,2987,2995,2980.5,2995,2127,0
20240718,210000,2995,2999,2989.5,2991,1733,0
20240718,220000,2991,2995,2990,2993.5,670,0
20240718,230000,2994,2998.5,2994,2997,584,0
20240719,100000,2997,3008.5,2977.5,2981.5,8549,0
20240719,110000,2983,2992,2976.5,2981,3230,0
20240719,120000,2981.5,3001.5,2981,2999.5,2955,0
20240719,130000,2999.5,3024,2996,3019,6331,0
20240719,140000,3019.5,3021,3010,3018,4240,0
20240719,150000,3016,3021.5,3010.5,3018,1967,0
20240719,160000,3016.5,3029,3012.5,3012.5,2882,0
20240719,170000,3012,3017.5,3009,3013.5,1888,0
20240719,180000,3014,3019,3004,3013,2797,0
20240719,190000,3015,3015,3005.5,3007.5,1122,0
20240719,200000,3007,3007.5,3000.5,3003.5,1147,0
20240719,210000,3004,3009.5,3002.5,3009,1113,0
20240719,220000,3009.5,3012.5,3009,3012.5,332,0
20240719,230000,3013,3013.5,3009,3009,280,0
20240722,100000,3020,3041,3016,3035.5,8621,0
20240722,110000,3035.5,3046.5,3033,3040.5,2785,0
20240722,120000,3040.5,3040.5,3025.5,3028.5,3205,0
20240722,130000,3028,3033,3022.5,3030,3199,0
20240722,140000,3030.5,3038,3028.5,3035.5,4314,0
20240722,150000,3035,3036.5,3030,3030.5,1687,0
20240722,160000,3030,3030,3014,3023.5,7384,0
20240722,170000,3022.5,3033,3014.5,3030.5,4636,0
20240722,180000,3029,3035.5,3018,3021.5,2027,0
20240722,190000,3031,3060,3023.5,3033.5,2378,0
20240722,200000,3034,3039,3033.5,3036,905,0
20240722,210000,3035.5,3039,3035.5,3037.5,431,0
20240722,220000,3039.5,3040,3036,3037,346,0
20240722,230000,3037,3039,3036,3036,162,0
20240723,100000,3038,3038.5,3020,3027,4221,0
20240723,110000,3027,3031.5,3015,3023.5,3739,0
20240723,120000,3023,3023,3008,3011.5,4254,0
20240723,130000,3011.5,3022.5,3010,3021,1556,0
20240723,140000,3021.5,3023.5,3013,3015,1934,0
20240723,150000,3015.5,3020,3011,3019,1402,0
20240723,160000,3019.5,3021.5,3014,3017.5,996,0
20240723,170000,3018,3039,3015.5,3033,4168,0
20240723,180000,3033.5,3034.5,3022.5,3028,1858,0
20240723,190000,3033,3039,3025,3036,2449,0
20240723,200000,3036.5,3039.5,3034,3035.5,554,0
20240723,210000,3035.5,3039.5,3035,3035.5,952,0
20240723,220000,3035.5,3037,3035,3036,186,0
20240723,230000,3036,3036.5,3032,3034.5,474,0
20240724,100000,3038,3042,3020,3039,5780,0
20240724,110000,3039,3048.5,3032,3044.5,3916,0
20240724,120000,3044.5,3047,3040,3044,1181,0
20240724,130000,3044.5,3045,3038.5,3042.5,470,0
20240724,140000,3043,3050,3042.5,3047.5,1597,0
20240724,150000,3047.5,3050,3045,3046,610,0
20240724,160000,3046,3056,3046,3055,1628,0
20240724,170000,3056,3057,3051.5,3056,1753,0
20240724,180000,3056,3058.5,3049.5,3054,1176,0
20240724,190000,3055,3090,3045,3048,3565,0
20240724,200000,3047.5,3050,3046.5,3048.5,243,0
20240724,210000,3049,3049,3046.5,3046.5,327,0
20240724,220000,3046,3047,3042.5,3042.5,599,0
20240724,230000,3042.5,3046,3042.5,3043.5,458,0
20240725,100000,3043,3047.5,3029.5,3038,5980,0
20240725,110000,3037.5,3041,3023.5,3024.5,3904,0
20240725,120000,3024,3036,3023.5,3029.5,2053,0
20240725,130000,3029,3044.5,3027,3043.5,3155,0
20240725,140000,3043.5,3043.5,3033,3033.5,7375,0
20240725,150000,3033,3037,3031,3032,1900,0
20240725,160000,3032,3041,3031.5,3040.5,6434,0
20240725,170000,3040.5,3048.5,3037,3048,3372,0
20240725,180000,3048,3050.5,3042,3043,2380,0
20240725,190000,3045.5,3046.5,3041.5,3043,883,0
20240725,200000,3044,3044,3038,3040.5,320,0
20240725,210000,3040.5,3041.5,3038.5,3039,454,0
20240725,220000,3040,3040,3035.5,3036.5,511,0
20240725,230000,3036.5,3037,3034,3035,220,0
20240726,100000,3051.5,3064.5,3031.5,3052.5,9998,0
20240726,110000,3052.5,3064.5,3050,3051.5,12089,0
20240726,120000,3051.5,3062.5,3048.5,3061.5,3460,0
20240726,130000,3062.5,3067,3013.5,3027,24632,0
20240726,140000,3026,3028.5,2995.5,2996,13589,0
20240726,150000,2996,3000,2975,3000,11882,0
20240726,160000,2999.5,3014,2991,3011,5740,0
20240726,170000,3011,3018,3001.5,3007.5,4212,0
20240726,180000,3007.5,3009,2982,2982,7539,0
20240726,190000,2982,2998,2982,2990,1867,0
20240726,200000,2990.5,2994,2988,2988,1330,0
20240726,210000,2988,2990,2982.5,2984.5,1239,0
20240726,220000,2983,2985,2978,2982.5,3012,0
20240726,230000,2983,2989,2983,2987.5,1626,0
20240729,100000,2977,2980,2947.5,2958,15288,0
20240729,110000,2957.5,2962,2937.5,2937.5,6403,0
20240729,120000,2937,2939,2921,2934.5,6369,0
20240729,130000,2934.5,2942.5,2925,2929.5,3764,0
20240729,140000,2930,2945,2927,2941.5,3236,0
20240729,150000,2942,2947.5,2931.5,2947.5,2938,0
20240729,160000,2947,2954.5,2938.5,2949,3494,0
20240729,170000,2948.5,2950,2921.5,2924,4829,0
20240729,180000,2924.5,2927,2912.5,2920,7729,0
20240729,190000,2916,2917.5,2909,2913.5,2053,0
20240729,200000,2912.5,2920,2910,2917.5,1901,0
20240729,210000,2918,2919,2912,2912.5,719,0
20240729,220000,2912,2915.5,2910,2915,2199,0
20240729,230000,2915.5,2918,2913.5,2915,642,0
20240730,100000,2915,2934,2899.5,2928,17307,0
20240730,110000,2928.5,2938.5,2920.5,2923,5337,0
20240730,120000,2922,2937,2921.5,2936,2582,0
20240730,130000,2937,2943,2935.5,2943,3898,0
20240730,140000,2943.5,2949,2937.5,2947.5,4489,0
20240730,150000,2948,2953,2944,2951,3087,0
20240730,160000,2951,2953.5,2946.5,2948.5,2163,0
20240730,170000,2948.5,2954.5,2940,2951.5,3191,0
20240730,180000,2950.5,2956.5,2942.5,2953,3045,0
20240730,190000,2953,2959.5,2950,2951,2644,0
20240730,200000,2950,2955,2950,2954.5,613,0
20240730,210000,2954.5,2956,2944.5,2950,1436,0
20240730,220000,2949.5,2951,2946,2948,436,0
20240730,230000,2947,2955.5,2946.5,2955,872,0
20240731,100000,2957,2964,2943.5,2951,5547,0
20240731,110000,2950.5,2962.5,2950,2958,3272,0
20240731,120000,2958.5,2959,2932.5,2934,3871,0
20240731,130000,2934,2946,2933,2937,2039,0
20240731,140000,2937,2955.5,2929,2953,5448,0
20240731,150000,2953,2968.5,2946.5,2955.5,8577,0
20240731,160000,2955.5,2961,2947.5,2961,4099,0
20240731,170000,2961,2962.5,2948,2952.5,2095,0
20240731,180000,2952,2952,2946,2946.5,2245,0
20240731,190000,2951.5,2954,2944,2944.5,1426,0
20240731,200000,2944,2945,2942,2943.5,647,0
20240731,210000,2944.5,2953.5,2943,2953.5,730,0
20240731,220000,2953.5,2956,2949.5,2955.5,920,0
20240731,230000,2955.5,2960,2954.5,2960,907,0
20240801,100000,2960.5,2972,2950,2969,6832,0
20240801,110000,2968,2969.5,2956,2957,3939,0
20240801,120000,2957,2961.5,2953.5,2957,2532,0
20240801,130000,2957,2964,2955.5,2957,1125,0
20240801,140000,2959,2959,2948,2952,3700,0
20240801,150000,2952,2954.5,2947.5,2950,1891,0
20240801,160000,2948.5,2959,2948.5,2955.5,1135,0
20240801,170000,2957,2958,2946,2948,1517,0
20240801,180000,2946,2946.5,2939,2939.5,4136,0
20240801,190000,2940,2942.5,2936.5,2941,1449,0
20240801,200000,2941,2941,2931.5,2933,2050,0
20240801,210000,2933.5,2934,2922.5,2925.5,2497,0
20240801,220000,2925.5,2929,2924,2927.5,667,0
20240801,230000,2927,2928.5,2925,2925,438,0
20240802,100000,2924,2936.5,2912.5,2929.5,7932,0
20240802,110000,2928,2930,2916,2917,2915,0
20240802,120000,2917,2919.5,2907.5,2913.5,4488,0
20240802,130000,2914,2915.5,2908,2912,2444,0
20240802,140000,2911,2912,2893,2901,8368,0
20240802,150000,2902,2906,2890,2896.5,5487,0
20240802,160000,2896.5,2908.5,2893,2906,4645,0
20240802,170000,2906.5,2922.5,2902,2910.5,6317,0
20240802,180000,2911.5,2915,2899,2904.5,3785,0
20240802,190000,2907,2907,2898.5,2898.5,1255,0
20240802,200000,2898.5,2904.5,2897.5,2900.5,1599,0
20240802,210000,2900.5,2903,2899,2901.5,329,0
20240802,220000,2903,2905.5,2901.5,2903.5,362,0
20240802,230000,2903.5,2904.5,2900.5,2902,297,0
20240805,100000,2885,2885.5,2830,2852,16868,0
20240805,110000,2850.5,2861,2837,2841,6131,0
20240805,120000,2842,2845.5,2831,2840,6751,0
20240805,130000,2840,2843.5,2824.5,2840,7584,0
20240805,140000,2839,2842.5,2829,2829,4768,0
20240805,150000,2829,2834,2812,2816,8119,0
20240805,160000,2815.5,2830.5,2815,2818.5,4867,0
20240805,170000,2820,2833.5,2820,2832.5,2639,0
20240805,180000,2833,2842,2830,2830,4186,0
20240805,190000,2831.5,2845,2830,2838,3429,0
20240805,200000,2839,2845.5,2836.5,2840.5,3339,0
20240805,210000,2840,2840,2819.5,2822.5,4066,0
20240805,220000,2823,2827.5,2822,2823.5,1435,0
20240805,230000,2824.5,2826,2822,2822,745,0
20240806,100000,2840.5,2868.5,2840.5,2866.5,15015,0
20240806,110000,2866.5,2868,2843.5,2844.5,7999,0
20240806,120000,2844.5,2853,2840,2847,3044,0
20240806,130000,2845.5,2854,2841.5,2852,2406,0
20240806,140000,2853,2856,2840.5,2842.5,2869,0
20240806,150000,2843,2843,2826,2826,6020,0
20240806,160000,2827,2831.5,2817.5,2829.5,5054,0
20240806,170000,2829.5,2842.5,2828,2833,5639,0
20240806,180000,2833,2844.5,2833,2837.5,3028,0
20240806,190000,2837.5,2839.5,2834,2838.5,1635,0
20240806,200000,2840,2842,2838,2842,956,0
20240806,210000,2842,2847,2842,2847,1337,0
20240806,220000,2845,2845,2840,2841,596,0
20240806,230000,2841,2841.5,2837.5,2841.5,560,0
20240807,100000,2841.5,2859,2830,2835.5,11246,0
20240807,110000,2834.5,2835.5,2807.5,2818.5,10055,0
20240807,120000,2818,2832,2805.5,2830.5,8783,0
20240807,130000,2832,2840.5,2818,2822.5,6932,0
20240807,140000,2825,2834.5,2821,2833.5,4511,0
20240807,150000,2834,2850,2834,2848.5,9816,0
20240807,160000,2848.5,2854,2840,2849.5,5981,0
20240807,170000,2850.5,2870.5,2849,2868,6890,0
20240807,180000,2867.5,2881,2867,2879,6617,0
20240807,190000,2879,2889.5,2872,2874,5331,0
20240807,200000,2875,2877,2865.5,2869,2703,0
20240807,210000,2869,2870,2860,2862,1749,0
20240807,220000,2863,2870,2862,2869.5,2610,0
20240807,230000,2868.5,2874,2867.5,2873,1750,0
20240808,100000,2874.5,2887.5,2868,2881,11823,0
20240808,110000,2881.5,2889,2878,2886,3293,0
20240808,120000,2886,2892.5,2873.5,2876,3995,0
20240808,130000,2876,2882,2864,2867,4440,0
20240808,140000,2867,2875,2859.5,2870,3874,0
20240808,150000,2870,2875.5,2863.5,2865,2053,0
20240808,160000,2864,2867.5,2854.5,2859.5,3591,0
20240808,170000,2858,2868,2854.5,2865,2373,0
20240808,180000,2865,2865,2850,2850.5,4778,0
20240808,190000,2856,2859.5,2842.5,2843,4806,0
20240808,200000,2843,2846,2835,2842,3063,0
20240808,210000,2842,2847,2841,2844,798,0
20240808,220000,2844,2847.5,2839,2842,1559,0
20240808,230000,2842,2844,2841,2842.5,364,0
20240809,100000,2840,2869,2832.5,2868,12100,0
20240809,110000,2868.5,2872.5,2854.5,2862,5162,0
20240809,120000,2862,2864.5,2849,2854,5139,0
20240809,130000,2854,2860.5,2850.5,2854,3534,0
20240809,140000,2852,2858.5,2850,2856.5,1733,0
20240809,150000,2856,2863.5,2851,2858,2422,0
20240809,160000,2858.5,2858.5,2845.5,2849,3511,0
20240809,170000,2846.5,2852.5,2845.5,2852.5,1704,0
20240809,180000,2851.5,2854.5,2847,2852.5,1179,0
20240809,190000,2847,2851,2846.5,2847.5,948,0
20240809,200000,2847.5,2850.5,2847.5,2849.5,955,0
20240809,210000,2849.5,2849.5,2847,2847,502,0
20240809,220000,2848,2850,2847,2849.5,429,0
20240809,230000,2848.5,2852,2847.5,2852,1810,0
20240812,100000,2842.5,2851.5,2827.5,2837,8354,0
20240812,110000,2837,2839.5,2821.5,2822,4118,0
20240812,120000,2822,2831.5,2818,2828,3833,0
20240812,130000,2827.5,2840,2825,2835,3727,0
20240812,140000,2835.5,2847,2835.5,2845,3963,0
20240812,150000,2845,2861.5,2845,2856,6556,0
20240812,160000,2856.5,2858,2846.5,2848,2480,0
20240812,170000,2848,2854.5,2843.5,2852,2116,0
20240812,180000,2853,2858,2848,2848,2500,0
20240812,190000,2848.5,2855,2848.5,2851,1033,0
20240812,200000,2851,2857.5,2850.5,2856.5,773,0
20240812,210000,2857.5,2860,2855.5,2860,879,0
20240812,220000,2860,2864,2859,2863.5,1440,0
20240812,230000,2863.5,2865,2861,2863,630,0
20240813,100000,2865,2878,2863,2872.5,7048,0
20240813,110000,2872,2877.5,2864.5,2877.5,3955,0
20240813,120000,2877.5,2886,2875.5,2885.5,5241,0
20240813,130000,2885.5,2887.5,2878,2883,4895,0
20240813,140000,2882.5,2885.5,2875.5,2885.5,3474,0
20240813,150000,2885.5,2891.5,2884.5,2886,3164,0
20240813,160000,2887,2896,2883.5,2896,4912,0
20240813,170000,2896,2898,2890,2891.5,2516,0
20240813,180000,2890.5,2891.5,2881.5,2885.5,1726,0
20240813,190000,2886.5,2889.5,2886,2888,1304,0
20240813,200000,2887,2891.5,2887,2891.5,484,0
20240813,210000,2891.5,2891.5,2886.5,2886.5,447,0
20240813,220000,2887.5,2895.5,2887.5,2894.5,1414,0
20240813,230000,2895.5,2898.5,2893.5,2895,1186,0
20240814,100000,2896.5,2913,2892.5,2904,9339,0
20240814,110000,2902.5,2910.5,2895,2910.5,6383,0
20240814,120000,2910,2914,2902.5,2908.5,4053,0
20240814,130000,2909,2909,2891,2896,6336,0
20240814,140000,2894.5,2898.5,2885,2893,6740,0
20240814,150000,2893,2897,2889.5,2893,2769,0
20240814,160000,2894,2894,2878,2884.5,5794,0
20240814,170000,2882.5,2888,2879,2887,4717,0
20240814,180000,2886,2886,2869,2870.5,6202,0
20240814,190000,2869,2874,2860,2867.5,5237,0
20240814,200000,2868,2872,2863,2867,1588,0
20240814,210000,2867,2870.5,2865,2866.5,1093,0
20240814,220000,2866.5,2867.5,2862,2862.5,628,0
20240814,230000,2862.5,2866.5,2862,2863,1094,0
20240815,100000,2863.5,2874.5,2854,2855.5,10711,0
20240815,110000,2856,2863,2848.5,2850.5,3666,0
20240815,120000,2850.5,2869.5,2847,2868,5601,0
20240815,130000,2867.5,2871,2855,2859.5,1680,0
20240815,140000,2859.5,2861.5,2847,2854,4353,0
20240815,150000,2854.5,2857,2845,2847,3734,0
20240815,160000,2847,2855,2843.5,2850,3190,0
20240815,170000,2850.5,2853,2843,2843.5,2303,0
20240815,180000,2843,2846,2838,2838,5341,0
20240815,190000,2843.5,2846,2837.5,2845,2413,0
20240815,200000,2845.5,2847.5,2844,2846,1293,0
20240815,210000,2845,2846.5,2842,2842.5,718,0
20240815,220000,2842,2844,2842,2843.5,591,0
20240815,230000,2843,2843.5,2840,2840,906,0
20240816,100000,2841.5,2852,2836.5,2841,7961,0
20240816,110000,2841,2844,2833.5,2837,3334,0
20240816,120000,2836,2842,2835,2838.5,1889,0
20240816,130000,2838.5,2838.5,2830.5,2834.5,1816,0
20240816,140000,2834,2840,2831.5,2835,860,0
20240816,150000,2834,2842,2832,2841,1405,0
20240816,160000,2841,2849.5,2839,2846,5574,0
20240816,170000,2846,2847,2840,2840,1872,0
20240816,180000,2840,2840.5,2826.5,2828,7406,0
20240816,190000,2836.5,2836.5,2826.5,2826.5,3491,0
20240816,200000,2826.5,2829,2820,2820,3012,0
20240816,210000,2820,2821,2816,2817,2469,0
20240816,220000,2816,2817,2810,2810.5,3122,0
20240816,230000,2810.5,2820.5,2810,2811.5,1241,0
20240819,100000,2820,2827,2810,2814,9382,0
20240819,110000,2814.5,2831,2813,2815.5,7170,0
20240819,120000,2815,2817,2801,2805,7073,0
20240819,130000,2804,2804,2791.5,2798.5,12737,0
20240819,140000,2799,2802,2786,2791,5244,0
20240819,150000,2790,2794,2780.5,2782.5,6713,0
20240819,160000,2783.5,2797.5,2781,2794.5,7365,0
20240819,170000,2795,2798,2788,2795,3373,0
20240819,180000,2794.5,2794.5,2777.5,2779,3633,0
20240819,190000,2781.5,2782,2768.5,2777.5,5756,0
20240819,200000,2777.5,2778.5,2771.5,2776,956,0
20240819,210000,2776,2779,2773.5,2775.5,1479,0
20240819,220000,2774.5,2778.5,2772.5,2778,837,0
20240819,230000,2779,2782,2778.5,2781.5,601,0
20240820,100000,2780,2791.5,2765,2769.5,13734,0
20240820,110000,2769,2775.5,2755.5,2775.5,7026,0
20240820,120000,2776,2787,2766.5,2786,8854,0
20240820,130000,2787,2798,2786.5,2793.5,9541,0
20240820,140000,2795,2804,2788.5,2793,6454,0
20240820,150000,2793,2799.5,2783,2784,6001,0
20240820,160000,2783.5,2798,2782,2794,5778,0
20240820,170000,2793.5,2797,2782,2782,3331,0
20240820,180000,2782,2782.5,2772,2776.5,4386,0
20240820,190000,2777.5,2781,2766,2766,4382,0
20240820,200000,2766.5,2776,2765,2771,2466,0
20240820,210000,2770,2774.5,2768,2770,1294,0
20240820,220000,2770,2771.5,2767.5,2771.5,763,0
20240820,230000,2771,2774,2771,2774,551,0
20240821,100000,2772.5,2787,2771,2775,6546,0
20240821,110000,2776,2776.5,2760.5,2764,6336,0
20240821,120000,2764,2766.5,2756,2758.5,8356,0
20240821,130000,2758.5,2762.5,2749.5,2759,6832,0
20240821,140000,2757,2766,2752,2764,4257,0
20240821,150000,2764,2776,2761.5,2762.5,4588,0
20240821,160000,2762,2781,2756.5,2776.5,8825,0
20240821,170000,2778.5,2786.5,2774,2775.5,8319,0
20240821,180000,2775,2779.5,2765,2776,6057,0
20240821,190000,2779.5,2787.5,2764,2768.5,4198,0
20240821,200000,2768.5,2771.5,2765.5,2769.5,1998,0
20240821,210000,2770,2775.5,2769,2772,2228,0
20240821,220000,2772.5,2778,2771.5,2776,578,0
20240821,230000,2776.5,2779.5,2775.5,2779,636,0
20240822,100000,2779,2785,2767.5,2776.5,7687,0
20240822,110000,2776.5,2790.5,2773.5,2786,7136,0
20240822,120000,2786,2786.5,2774,2782,5061,0
20240822,130000,2782,2784,2772,2776.5,3724,0
20240822,140000,2775,2777.5,2762,2764.5,4820,0
20240822,150000,2764,2770.5,2755.5,2755.5,8214,0
20240822,160000,2755.5,2761,2737,2748,16434,0
20240822,170000,2748,2755.5,2739.5,2747.5,8142,0
20240822,180000,2747.5,2747.5,2730,2733,12093,0
20240822,190000,2733.5,2733.5,2716.5,2726.5,8412,0
20240822,200000,2727.5,2729,2720.5,2723,3220,0
20240822,210000,2723,2724,2715,2715,2170,0
20240822,220000,2716,2728.5,2712,2726,3985,0
20240822,230000,2726,2728.5,2724,2726,2054,0
20240823,100000,2726,2732.5,2689.5,2702,27694,0
20240823,110000,2702,2713.5,2698,2707,8874,0
20240823,120000,2707,2725.5,2706,2716.5,7940,0
20240823,130000,2715,2716.5,2697.5,2704,4975,0
20240823,140000,2705,2706,2690,2692,8050,0
20240823,150000,2692,2702,2680,2698,13579,0
20240823,160000,2696.5,2702.5,2685.5,2693,4055,0
20240823,170000,2692.5,2693.5,2666.5,2668.5,8270,0
20240823,180000,2667.5,2677,2656.5,2668,10430,0
20240823,190000,2668,2670,2658.5,2669.5,5797,0
20240823,200000,2668.5,2676.5,2667.5,2672.5,6084,0
20240823,210000,2672.5,2678.5,2672.5,2676,2448,0
20240823,220000,2676,2691,2676,2687,7174,0
20240823,230000,2687,2696,2685.5,2693,3767,0
20240826,100000,2726,2769.5,2726,2747,34484,0
20240826,110000,2747,2754.5,2736.5,2751,10361,0
20240826,120000,2751.5,2759,2748.5,2754.5,9532,0
20240826,130000,2755,2771.5,2755,2769.5,13144,0
20240826,140000,2769,2786.5,2767,2778,14353,0
20240826,150000,2778.5,2787,2769.5,2780.5,11365,0
20240826,160000,2783,2798.5,2778.5,2781.5,16431,0
20240826,170000,2783,2788,2766,2771.5,12133,0
20240826,180000,2773,2773,2763.5,2771.5,4701,0
20240826,190000,2770,2785,2769.5,2784.5,6397,0
20240826,200000,2783.5,2785.5,2778.5,2780.5,1965,0
20240826,210000,2780,2782.5,2777.5,2777.5,1147,0
20240826,220000,2777.5,2786,2777.5,2785,1655,0
20240826,230000,2785,2790,2785,2789.5,1360,0
20240827,100000,2789,2805.5,2777.5,2782.5,22179,0
20240827,110000,2783,2787,2763,2765,11973,0
20240827,120000,2766,2771.5,2759.5,2769.5,9205,0
20240827,130000,2769.5,2775.5,2760,2761.5,5927,0
20240827,140000,2761.5,2765.5,2751,2763,12806,0
20240827,150000,2763,2764,2746,2749.5,12778,0
20240827,160000,2749,2751.5,2732.5,2735.5,10419,0
20240827,170000,2734.5,2746.5,2732.5,2739,8450,0
20240827,180000,2738.5,2740.5,2730.5,2733.5,7192,0
20240827,190000,2735,2736.5,2725.5,2729,5688,0
20240827,200000,2728.5,2733.5,2727.5,2731.5,1937,0
20240827,210000,2732.5,2732.5,2726,2729.5,1167,0
20240827,220000,2730,2733,2728,2733,1111,0
20240827,230000,2732.5,2738,2731.5,2738,889,0
20240828,100000,2735,2737.5,2712,2721.5,18687,0
20240828,110000,2720.5,2731,2704,2709.5,10396,0
20240828,120000,2708.5,2708.5,2700.5,2700.5,7806,0
20240828,130000,2701,2701.5,2679.5,2687,13948,0
20240828,140000,2686.5,2687,2670,2670.5,9027,0
20240828,150000,2670.5,2700.5,2670,2690.5,19385,0
20240828,160000,2690.5,2714.5,2690.5,2711,17122,0
20240828,170000,2712,2723,2708,2711,11958,0
20240828,180000,2710.5,2711.5,2698.5,2706,9048,0
20240828,190000,2703,2717,2703,2707,4733,0
20240828,200000,2708,2723,2707.5,2722,5113,0
20240828,210000,2722,2722.5,2717.5,2720,2545,0
20240828,220000,2720,2720.5,2716,2719.5,1301,0
20240828,230000,2719.5,2720.5,2717,2717,1751,0
20240829,100000,2715.5,2728,2700,2711,16168,0
20240829,110000,2711,2726,2710,2720,9094,0
20240829,120000,2720.5,2722,2687,2689,16176,0
20240829,130000,2690,2705,2689.5,2700.5,9117,0
20240829,140000,2698,2708.5,2686,2699,7749,0
20240829,150000,2700,2721.5,2695,2698,12016,0
20240829,160000,2698,2703.5,2691.5,2699.5,7147,0
20240829,170000,2697.5,2717.5,2682,2712.5,15429,0
20240829,180000,2712.5,2722,2705.5,2719.5,8823,0
20240829,190000,2720.5,2735,2714.5,2726,10096,0
20240829,200000,2726,2728,2720,2727,2363,0
20240829,210000,2726.5,2731,2724.5,2725.5,2149,0
20240829,220000,2725,2726.5,2722,2722,953,0
20240829,230000,2722,2725.5,2721,2725.5,1237,0
20240830,100000,2728,2730,2696.5,2700,16745,0
20240830,110000,2701.5,2710,2693.5,2705,12226,0
20240830,120000,2705,2706.5,2670.5,2679.5,15739,0
20240830,130000,2680.5,2685,2660,2673,22958,0
20240830,140000,2674,2677,2654,2656.5,17293,0
20240830,150000,2656,2669.5,2644,2664.5,18714,0
20240830,160000,2663,2665.5,2648.5,2663,10174,0
20240830,170000,2662,2673,2652,2652,15218,0
20240830,180000,2651.5,2658.5,2648,2652,6703,0
20240830,190000,2652,2655,2633,2634.5,8080,0
20240830,200000,2634.5,2639.5,2624,2639.5,11090,0
20240830,210000,2638.5,2642.5,2636.5,2642,3995,0
20240830,220000,2642,2643,2631.5,2635.5,2268,0
20240830,230000,2635,2639.5,2633.5,2638,3191,0
20240902,100000,2619,2631.5,2593.5,2595,34837,0
20240902,110000,2595,2605.5,2575.5,2579.5,29139,0
20240902,120000,2579,2590,2570,2578.5,19400,0
20240902,130000,2578.5,2597.5,2577.5,2588,13016,0
20240902,140000,2588,2589.5,2570,2575,13209,0
20240902,150000,2575,2578,2551.5,2551.5,31079,0
20240902,160000,2552,2561,2542.5,2557.5,18259,0
20240902,170000,2557.5,2577,2552.5,2562,16682,0
20240902,180000,2562.5,2569.5,2540,2542,13107,0
20240902,190000,2546.5,2549.5,2528,2531.5,11646,0
20240902,200000,2533,2533,2523,2524,6100,0
20240902,210000,2524,2533.5,2521.5,2531,7522,0
20240902,220000,2529.5,2543,2529,2538,5494,0
20240902,230000,2537.5,2548,2535,2547,3495,0
20240903,100000,2548,2576,2522.5,2530,43879,0
20240903,110000,2530,2595,2528.5,2593.5,40723,0
20240903,120000,2593,2596,2578,2589,26002,0
20240903,130000,2587.5,2607,2585.5,2588.5,18152,0
20240903,140000,2589,2589,2555,2560.5,20737,0
20240903,150000,2561,2570,2542.5,2556,19086,0
20240903,160000,2555.5,2566,2552,2555,7296,0
20240903,170000,2556,2557,2526.5,2529,17611,0
20240903,180000,2528.5,2533.5,2516.5,2528.5,14107,0
20240903,190000,2525.5,2540,2523,2531,8741,0
20240903,200000,2530.5,2541,2529.5,2534,9545,0
20240903,210000,2533.5,2550,2531.5,2549.5,5147,0
20240903,220000,2549.5,2550,2543,2546,2426,0
20240903,230000,2547,2548.5,2545,2547,996,0
20240904,100000,2548.5,2567.5,2538.5,2558,30299,0
20240904,110000,2558,2578.5,2555,2559,14639,0
20240904,120000,2560,2570.5,2549,2564,13112,0
20240904,130000,2564,2582.5,2557,2580.5,13205,0
20240904,140000,2580.5,2587.5,2568.5,2585.5,20975,0
20240904,150000,2586,2596.5,2575.5,2581,15254,0
20240904,160000,2581.5,2588,2572,2580,10704,0
20240904,170000,2579.5,2597.5,2579,2595,10493,0
20240904,180000,2595,2618,2587,2615,17029,0
20240904,190000,2618,2625,2611.5,2621.5,13734,0
20240904,200000,2622,2627.5,2616,2627,4387,0
20240904,210000,2627,2627,2613,2619,3151,0
20240904,220000,2618.5,2622,2616.5,2621,1294,0
20240904,230000,2622,2627,2622,2626,2225,0
20240905,100000,2631.5,2638.5,2611.5,2625,21754,0
20240905,110000,2625,2636,2616,2626.5,14098,0
20240905,120000,2625.5,2647.5,2623.5,2645.5,19651,0
20240905,130000,2645.5,2647.5,2637.5,2646.5,8706,0
20240905,140000,2647,2661,2646,2657,16230,0
20240905,150000,2657,2663,2640.5,2650.5,16565,0
20240905,160000,2652,2658,2648,2649.5,6307,0
20240905,170000,2649,2654,2640,2640,7108,0
20240905,180000,2640,2640.5,2624.5,2626.5,13774,0
20240905,190000,2626.5,2626.5,2616,2620.5,5266,0
20240905,200000,2620,2628.5,2619,2623,3011,0
20240905,210000,2623,2625.5,2610,2618.5,7847,0
20240905,220000,2618.5,2619.5,2615,2616,2978,0
20240905,230000,2615.5,2620,2615,2620,1274,0
20240906,100000,2618,2635,2608.5,2624,22117,0
20240906,110000,2623.5,2640,2612,2617,14178,0
20240906,120000,2617,2623,2606.5,2621,17383,0
20240906,130000,2621,2628,2612,2616.5,7321,0
20240906,140000,2619.5,2631,2613,2622.5,10651,0
20240906,150000,2622.5,2648,2620.5,2644,14894,0
20240906,160000,2646,2649,2637,2647,12208,0
20240906,170000,2647,2651,2625.5,2625.5,13762,0
20240906,180000,2625.5,2631,2620.5,2626,7647,0
20240906,190000,2628,2636,2625.5,2632.5,5712,0
20240906,200000,2632.5,2637.5,2629.5,2634.5,3200,0
20240906,210000,2635,2635,2632.5,2633,1944,0
20240906,220000,2633,2641.5,2633,2640.5,1537,0
20240906,230000,2640.5,2644,2639,2643.5,1736,0
20240909,100000,2646.5,2675,2646.5,2673,26724,0
20240909,110000,2673,2682,2671.5,2676,12774,0
20240909,120000,2676,2692,2673,2686,13814,0
20240909,130000,2687.5,2694,2685.5,2692,10612,0
20240909,140000,2692,2693.5,2681.5,2687.5,9648,0
20240909,150000,2687,2695,2684,2685,10044,0
20240909,160000,2685.5,2689,2677.5,2685,14557,0
20240909,170000,2685,2699,2684,2694,14376,0
20240909,180000,2694.5,2711,2692,2708,30130,0
20240909,190000,2711,2720,2707,2718.5,24320,0
20240909,200000,2718,2719.5,2710,2713,8990,0
20240909,210000,2712.5,2718,2711.5,2718,5537,0
20240909,220000,2717.5,2722,2714.5,2722,3364,0
20240909,230000,2721.5,2725.5,2721.5,2723.5,2734,0
20240910,100000,2726,2734,2706,2709.5,40902,0
20240910,110000,2708.5,2716,2698,2699,24832,0
20240910,120000,2699,2706,2691,2701,16338,0
20240910,130000,2701.5,2710,2693,2699,10292,0
20240910,140000,2699,2706.5,2692.5,2693.5,6684,0
20240910,150000,2694,2697,2683,2690,10448,0
20240910,160000,2690,2698.5,2688.5,2696,4598,0
20240910,170000,2696,2696.5,2671.5,2676,15484,0
20240910,180000,2676,2681,2669.5,2671,12363,0
20240910,190000,2671.5,2676.5,2662,2670,8501,0
20240910,200000,2670,2676.5,2668,2672,5483,0
20240910,210000,2672,2677.5,2670.5,2677.5,2248,0
20240910,220000,2677,2684.5,2674.5,2683.5,3100,0
20240910,230000,2684,2684.5,2681.5,2684.5,721,0
20240911,100000,2682,2693.5,2673.5,2673.5,19186,0
20240911,110000,2673.5,2677.5,2663.5,2667,8970,0
20240911,120000,2667,2676,2660,2672,9688,0
20240911,130000,2672,2676.5,2663.5,2670.5,5885,0
20240911,140000,2670,2682.5,2663,2680,7080,0
20240911,150000,2680.5,2687,2673.5,2683,6881,0
20240911,160000,2682.5,2684,2674,2678,5828,0
20240911,170000,2677,2681.5,2666.5,2666.5,8139,0
20240911,180000,2667,2674,2664.5,2666.5,4974,0
20240911,190000,2668.5,2681,2653.5,2655,19413,0
20240911,200000,2654.5,2660.5,2652.5,2653,3285,0
20240911,210000,2653,2655,2645,2645,3855,0
20240911,220000,2645,2645.5,2634,2641.5,10479,0
20240911,230000,2641.5,2647.5,2640,2644,2058,0
20240912,100000,2640,2650.5,2627.5,2630.5,16760,0
20240912,110000,2631,2635,2619.5,2627.5,20544,0
20240912,120000,2628,2635.5,2622,2627,9114,0
20240912,130000,2626.5,2626.5,2615.5,2625,11096,0
20240912,140000,2625.5,2632.5,2622,2627.5,6423,0
20240912,150000,2627.5,2634,2608,2611,14177,0
20240912,160000,2610.5,2620,2610.5,2620,9888,0
20240912,170000,2619,2629,2614,2622,11154,0
20240912,180000,2622.5,2625,2613.5,2618,12367,0
20240912,190000,2617,2621.5,2613.5,2613.5,4033,0
20240912,200000,2613.5,2625,2612.5,2623,3098,0
20240912,210000,2624.5,2636,2623,2628.5,6615,0
20240912,220000,2629,2636,2628.5,2632.5,2835,0
20240912,230000,2634,2637.5,2633.5,2634.5,1568,0
20240913,100000,2634,2641,2624,2636,23126,0
20240913,110000,2637,2637.5,2632,2636,4781,0
20240913,120000,2635,2639.5,2632,2635,5892,0
20240913,130000,2635,2652.5,2601,2603.5,73251,0
20240913,140000,2607,2608,2584.5,2603.5,29794,0
20240913,150000,2603.5,2632,2596,2632,24080,0
20240913,160000,2632,2656.5,2626,2649,42385,0
20240913,170000,2649.5,2671.5,2643,2667.5,24360,0
20240913,180000,2668.5,2690.5,2666,2686.5,22793,0
20240913,190000,2687.5,2744.5,2672,2683,16325,0
20240913,200000,2682.5,2683,2673,2677,4288,0
20240913,210000,2677.5,2682.5,2677,2677.5,2473,0
20240913,220000,2679,2687,2679,2687,6744,0
20240913,230000,2687,2691,2686.5,2689,5304,0
20240916,100000,2695.5,2717.5,2686,2692.5,50456,0
20240916,110000,2692,2716.5,2691.5,2713,21123,0
20240916,120000,2713,2736.5,2711.5,2732.5,18318,0
20240916,130000,2733,2737.5,2723.5,2732.5,20063,0
20240916,140000,2733,2748.5,2730,2739,14974,0
20240916,150000,2739,2747,2729.5,2743,16833,0
20240916,160000,2743,2751,2738.5,2741.5,15578,0
20240916,170000,2742,2749,2737,2747,5943,0
20240916,180000,2747,2753,2743.5,2753,5726,0
20240916,190000,2751,2752,2745.5,2748,4010,0
20240916,200000,2748,2754.5,2745,2751.5,3828,0
20240916,210000,2752.5,2758,2750,2755,7370,0
20240916,220000,2754.5,2757,2751,2751.5,2884,0
20240916,230000,2751.5,2757,2751,2753,3257,0
20240917,100000,2757.5,2767.5,2734,2743,39660,0
20240917,110000,2743,2756,2730,2749.5,21615,0
20240917,120000,2750,2760.5,2744,2746,8563,0
20240917,130000,2746,2747,2738.5,2742.5,6223,0
20240917,140000,2742.5,2744,2730.5,2738,12196,0
20240917,150000,2739,2751.5,2731.5,2748.5,10339,0
20240917,160000,2748,2763,2744.5,2754,12055,0
20240917,170000,2754,2779,2750,2779,15073,0
20240917,180000,2779,2785,2772.5,2782,13428,0
20240917,190000,2782,2783,2776.5,2780,5577,0
20240917,200000,2780.5,2782,2779.5,2780,2791,0
20240917,210000,2780,2786,2780,2784,2317,0
20240917,220000,2783.5,2787,2783,2785.5,1568,0
20240917,230000,2784.5,2786,2780,2782,1866,0
20240918,100000,2783,2786.5,2762.5,2778,25316,0
20240918,110000,2777.5,2779.5,2763,2767.5,13016,0
20240918,120000,2767,2772,2759,2765.5,10425,0
20240918,130000,2766,2770,2751,2760,14686,0
20240918,140000,2760,2765.5,2747,2748,16150,0
20240918,150000,2748,2762.5,2747,2751.5,11758,0
20240918,160000,2752,2767.5,2748,2764,12120,0
20240918,170000,2764,2774,2756.5,2762,11403,0
20240918,180000,2761.5,2761.5,2753,2754,5882,0
20240918,190000,2753,2756,2745,2753,7290,0
20240918,200000,2753,2757,2750,2754,2565,0
20240918,210000,2755.5,2761,2755.5,2758.5,2587,0
20240918,220000,2757.5,2758,2751.5,2752,1500,0
20240918,230000,2752,2752,2746,2749,1958,0
20240919,100000,2749,2755,2739.5,2750.5,25212,0
20240919,110000,2750.5,2765,2747.5,2761,12920,0
20240919,120000,2760.5,2782,2760,2781,19804,0
20240919,130000,2781,2782,2767,2767.5,10034,0
20240919,140000,2768,2773.5,2756.5,2773.5,9692,0
20240919,150000,2773,2773.5,2754,2760,12588,0
20240919,160000,2759,2768.5,2758,2764,5385,0
20240919,170000,2765,2772.5,2763,2768,5200,0
20240919,180000,2769.5,2779.5,2766,2771,3036,0
20240919,190000,2773,2778,2768.5,2773.5,2925,0
20240919,200000,2773.5,2776,2770,2774.5,2222,0
20240919,210000,2775,2777,2770,2770.5,1520,0
20240919,220000,2770.5,2770.5,2767,2768,689,0
20240919,230000,2768,2772,2765.5,2767,712,0
20240920,100000,2766.5,2781.5,2763,2780,16529,0
20240920,110000,2781,2789,2775,2787,12847,0
20240920,120000,2787,2795.5,2783.5,2789,12746,0
20240920,130000,2789.5,2792,2783,2788,7170,0
20240920,140000,2787.5,2794,2787,2793,4205,0
20240920,150000,2793.5,2797.5,2783,2788.5,9679,0
20240920,160000,2788.5,2788.5,2781,2782.5,4239,0
20240920,170000,2782.5,2787,2777,2781.5,8404,0
20240920,180000,2781,2789.5,2780.5,2788,3368,0
20240920,190000,2788,2790,2783,2785.5,2471,0
20240920,200000,2786.5,2788,2784,2787.5,1428,0
20240920,210000,2787.5,2789.5,2787,2788,1385,0
20240920,220000,2788,2793.5,2787.5,2792,2322,0
20240920,230000,2793.5,2797,2791.5,2797,2938,0
20240923,100000,2798.5,2816.5,2798.5,2813.5,26431,0
20240923,110000,2813.5,2822,2811.5,2818,14033,0
20240923,120000,2817.5,2821,2808.5,2814,8918,0
20240923,130000,2814,2825.5,2813,2825.5,13490,0
20240923,140000,2825,2831.5,2818,2827.5,15051,0
20240923,150000,2828,2829,2822.5,2825,8370,0
20240923,160000,2825,2834,2825,2833,10319,0
20240923,170000,2833,2838,2830,2837,7210,0
20240923,180000,2837,2838,2821.5,2823,9640,0
20240923,190000,2823,2842,2823,2840.5,12459,0
20240923,200000,2841,2843,2837,2840,5079,0
20240923,210000,2839.5,2842.5,2838,2841,2664,0
20240923,220000,2841,2848,2840.5,2846,2810,0
20240923,230000,2846.5,2846.5,2842,2846,1700,0
20240924,100000,2849,2858,2833,2840.5,34847,0
20240924,110000,2840.5,2849.5,2825,2848.5,15190,0
20240924,120000,2849,2870,2847,2858,27567,0
20240924,130000,2859,2870,2854,2858.5,10388,0
20240924,140000,2859.5,2863.5,2848.5,2858,8742,0
20240924,150000,2857.5,2860,2845.5,2852.5,7842,0
20240924,160000,2852.5,2861,2852,2858.5,4725,0
20240924,170000,2859,2872.5,2856,2872.5,11987,0
20240924,180000,2872.5,2874,2865.5,2870,9099,0
20240924,190000,2871,2875,2867.5,2873,4981,0
20240924,200000,2873,2886.5,2872,2881.5,7844,0
20240924,210000,2880.5,2881.5,2874,2878,2063,0
20240924,220000,2878,2881.5,2876,2880.5,1138,0
20240924,230000,2880.5,2881.5,2874,2877.5,990,0
20240925,100000,2877.5,2880,2855.5,2858.5,22637,0
20240925,110000,2858,2869.5,2854.5,2867,7429,0
20240925,120000,2867,2892,2865.5,2883.5,15406,0
20240925,130000,2883.5,2890,2879,2879.5,5584,0
20240925,140000,2880.5,2882,2868,2870,6889,0
20240925,150000,2868,2875,2861,2869,9389,0
20240925,160000,2869,2869.5,2843.5,2847,14556,0
20240925,170000,2846.5,2848.5,2830,2840,20971,0
20240925,180000,2840,2853,2832.5,2838.5,11227,0
20240925,190000,2836.5,2843,2825.5,2825.5,11510,0
20240925,200000,2825.5,2832,2823,2828.5,6254,0
20240925,210000,2828.5,2837.5,2827,2834,3486,0
20240925,220000,2835,2840,2833,2838,4622,0
20240925,230000,2838,2839.5,2830,2832,1274,0
20240926,100000,2824.5,2829,2811,2817.5,25839,0
20240926,110000,2816,2838.5,2816,2833.5,17741,0
20240926,120000,2834.5,2850,2833,2843,16870,0
20240926,130000,2842.5,2845,2830.5,2830.5,10393,0
20240926,140000,2830.5,2842.5,2823,2842.5,12985,0
20240926,150000,2841,2844,2825,2828,9486,0
20240926,160000,2828.5,2834.5,2811.5,2820,14447,0
20240926,170000,2820,2827.5,2818,2824,13539,0
20240926,180000,2824,2838.5,2820,2833.5,9022,0
20240926,190000,2836,2838.5,2830,2833.5,5007,0
20240926,200000,2833.5,2837,2832.5,2835.5,2111,0
20240926,210000,2836.5,2836.5,2833,2834.5,757,0
20240926,220000,2835,2837.5,2834,2837.5,1038,0
20240926,230000,2838,2842,2837.5,2842,1604,0
20240927,100000,2843,2849.5,2832,2836.5,14422,0
20240927,110000,2837.5,2845,2831,2842.5,5768,0
20240927,120000,2842.5,2848,2839.5,2847,5212,0
20240927,130000,2847.5,2855,2847,2851.5,10077,0
20240927,140000,2850,2853.5,2843.5,2844.5,6772,0
20240927,150000,2844.5,2847.5,2843,2845,2485,0
20240927,160000,2844.5,2851,2843.5,2850,3599,0
20240927,170000,2850,2859,2847.5,2859,6512,0
20240927,180000,2859,2867.5,2858,2861,8489,0
20240927,190000,2863,2865,2856,2857,6042,0
20240927,200000,2858,2861,2856.5,2858.5,1398,0
20240927,210000,2858.5,2859.5,2857.5,2857.5,850,0
20240927,220000,2858,2860.5,2857.5,2860.5,488,0
20240927,230000,2860,2865.5,2854,2856,2515,0
20240930,100000,2864,2886,2863,2880,20521,0
20240930,110000,2880,2893.5,2877.5,2880.5,9413,0
20240930,120000,2881,2882,2860.5,2862,14571,0
20240930,130000,2862.5,2866,2852,2863.5,12028,0
20240930,140000,2862.5,2864.5,2842,2845,11975,0
20240930,150000,2845,2881.5,2844,2860,16626,0
20240930,160000,2858,2871,2857,2862.5,7516,0
20240930,170000,2863,2864,2850,2850,7434,0
20240930,180000,2850,2860,2849,2854,4713,0
20240930,190000,2854,2861,2849.5,2849.5,3799,0
20240930,200000,2849.5,2855,2848.5,2852.5,1445,0
20240930,210000,2853.5,2853.5,2843.5,2845,3625,0
20240930,220000,2845,2845,2832,2834,9157,0
20240930,230000,2834.5,2835,2830.5,2832,2608,0
20241001,100000,2836.5,2841,2817.5,2817.5,25751,0
20241001,110000,2817.5,2825,2805,2809,16522,0
20241001,120000,2809,2823.5,2803,2821,12587,0
20241001,130000,2821,2829.5,2814.5,2819,10777,0
20241001,140000,2818,2819.5,2807,2817.5,8913,0
20241001,150000,2816.5,2819,2809,2809.5,4405,0
20241001,160000,2809,2823,2794,2816.5,24671,0
20241001,170000,2815,2824.5,2808.5,2823.5,12036,0
20241001,180000,2823.5,2825,2810,2813.5,5625,0
20241001,190000,2813.5,2821,2810,2820,3978,0
20241001,200000,2820,2830,2816,2817,7742,0
20241001,210000,2817,2821,2810,2819,3656,0
20241001,220000,2819,2825,2819,2822,2159,0
20241001,230000,2822,2826.5,2820.5,2822.5,663,0
20241002,100000,2821,2840,2820.5,2838,15208,0
20241002,110000,2838.5,2839,2830,2835,6392,0
20241002,120000,2836,2836.5,2823.5,2828,6348,0
20241002,130000,2828.5,2836,2825,2830,5996,0
20241002,140000,2830.5,2837,2828.5,2828.5,5413,0
20241002,150000,2829,2832.5,2814.5,2815,7816,0
20241002,160000,2815,2819.5,2804.5,2812,11149,0
20241002,170000,2812,2815,2787,2791,21730,0
20241002,180000,2790.5,2790.5,2772,2774,16831,0
20241002,190000,2774,2774.5,2756.5,2766.5,17106,0
20241002,200000,2765.5,2776,2765,2772,5170,0
20241002,210000,2772.5,2773.5,2765,2773,3973,0
20241002,220000,2772.5,2773.5,2767.5,2771,1835,0
20241002,230000,2771,2775,2771,2771.5,2091,0
20241003,100000,2763.5,2785,2755,2769.5,37522,0
20241003,110000,2769,2777,2761,2763,8818,0
20241003,120000,2762.5,2771,2756.5,2761,9324,0
20241003,130000,2761,2765.5,2745.5,2750,16279,0
20241003,140000,2749,2753.5,2744,2749,10787,0
20241003,150000,2749.5,2780.5,2749.5,2777,23480,0
20241003,160000,2776.5,2794,2766,2785.5,18250,0
20241003,170000,2786.5,2793.5,2779,2787,13852,0
20241003,180000,2786,2789,2778.5,2784.5,8115,0
20241003,190000,2784.5,2804,2784.5,2798.5,9892,0
20241003,200000,2798,2800.5,2795,2796.5,3247,0
20241003,210000,2796.5,2807.5,2796,2806.5,5664,0
20241003,220000,2806,2807,2800,2804.5,2101,0
20241003,230000,2804,2806.5,2800.5,2801.5,2248,0
20241004,100000,2802.5,2818,2794.5,2814,19427,0
20241004,110000,2814,2819.5,2806,2819.5,10710,0
20241004,120000,2819,2820,2809,2812.5,5298,0
20241004,130000,2811.5,2816.5,2805.5,2816,5662,0
20241004,140000,2814.5,2820,2810.5,2810.5,5834,0
20241004,150000,2811,2813.5,2798.5,2800,12493,0
20241004,160000,2800.5,2809.5,2792,2800.5,11033,0
20241004,170000,2800,2807.5,2799.5,2803,6232,0
20241004,180000,2803,2814.5,2801.5,2802.5,6031,0
20241004,190000,2804,2816,2802.5,2809,2526,0
20241004,200000,2809,2813,2809,2813,1517,0
20241004,210000,2813,2813,2804.5,2806.5,2322,0
20241004,220000,2805,2808,2803.5,2804.5,1456,0
20241004,230000,2804,2807.5,2803.5,2806,1012,0
20241007,100000,2807.5,2818,2800.5,2801,15677,0
20241007,110000,2801,2808,2796,2802.5,8106,0
20241007,120000,2803,2807.5,2785,2789.5,15791,0
20241007,130000,2789.5,2793.5,2781,2785,8037,0
20241007,140000,2785,2796.5,2784.5,2790,8076,0
20241007,150000,2789.5,2795.5,2783.5,2784,6564,0
20241007,160000,2783.5,2803,2780.5,2798,9948,0
20241007,170000,2797.5,2802,2789.5,2791.5,5526,0
20241007,180000,2790.5,2803,2785.5,2803,6160,0
20241007,190000,2799,2804,2797,2800.5,5003,0
20241007,200000,2800.5,2801.5,2797.5,2801,2195,0
20241007,210000,2801.5,2810,2800,2810,4748,0
20241007,220000,2809.5,2810.5,2806.5,2810.5,2595,0
20241007,230000,2809,2811,2809,2810,3023,0
20241008,100000,2809,2809,2782,2782.5,32857,0
20241008,110000,2784,2788,2778,2783,10017,0
20241008,120000,2782.5,2801,2781,2797.5,13692,0
20241008,130000,2798.5,2803,2793.5,2801,6027,0
20241008,140000,2799.5,2800.5,2787,2790,6382,0
20241008,150000,2789.5,2798.5,2784.5,2786.5,7458,0
20241008,160000,2786,2792.5,2784,2790,4765,0
20241008,170000,2790,2793.5,2782.5,2789.5,6721,0
20241008,180000,2790.5,2792,2787.5,2789.5,2450,0
20241008,190000,2788.5,2799,2785,2791,4624,0
20241008,200000,2790.5,2796,2789.5,2794,4175,0
20241008,210000,2794,2795,2789.5,2792,863,0
20241008,220000,2791.5,2792,2789,2791.5,1511,0
20241008,230000,2790.5,2791,2788.5,2788.5,1049,0
20241009,100000,2785.5,2792,2775.5,2779,15166,0
20241009,110000,2778,2783,2774.5,2779.5,7478,0
20241009,120000,2779.5,2780,2770,2774.5,7494,0
20241009,130000,2773.5,2774.5,2760,2764,14426,0
20241009,140000,2763,2773,2762,2768,7792,0
20241009,150000,2768,2772,2760.5,2767,5806,0
20241009,160000,2767,2769.5,2755,2756,9148,0
20241009,170000,2756.5,2762,2751,2758,11781,0
20241009,180000,2758,2759.5,2753,2753.5,4456,0
20241009,190000,2756,2763.5,2754,2760,5236,0
20241009,200000,2759,2761.5,2758,2760.5,1505,0
20241009,210000,2761,2763,2760.5,2761,2949,0
20241009,220000,2762,2764,2761,2763,3267,0
20241009,230000,2763.5,2766.5,2762.5,2766.5,2829,0
20241010,100000,2766,2772,2760,2766.5,19286,0
20241010,110000,2767.5,2780,2767,2775,9830,0
20241010,120000,2776,2777,2767.5,2771,5173,0
20241010,130000,2771,2772,2761,2761.5,9183,0
20241010,140000,2762,2769,2755,2755,7132,0
20241010,150000,2755,2768,2754,2763.5,10036,0
20241010,160000,2765,2768.5,2758,2767,6419,0
20241010,170000,2768,2771.5,2760.5,2767,7311,0
20241010,180000,2767,2768,2761,2765,2793,0
20241010,190000,2765.5,2770,2763,2768.5,3093,0
20241010,200000,2769,2774,2767,2772,3806,0
20241010,210000,2771.5,2773.5,2771,2772,1716,0
20241010,220000,2772,2772.5,2769,2769.5,1067,0
20241010,230000,2770,2771,2766,2766.5,2814,0
20241011,100000,2767,2769.5,2752.5,2757.5,20363,0
20241011,110000,2757.5,2760.5,2751.5,2758,7782,0
20241011,120000,2758.5,2759.5,2745.5,2747,11209,0
20241011,130000,2747,2749.5,2742.5,2746,8594,0
20241011,140000,2744.5,2748.5,2742,2747,5141,0
20241011,150000,2746.5,2752,2742.5,2744.5,7015,0
20241011,160000,2745.5,2747,2740.5,2743.5,5778,0
20241011,170000,2744,2751,2742.5,2747.5,7910,0
20241011,180000,2747,2758.5,2745,2754,8470,0
20241011,190000,2755,2762,2754,2760,7178,0
20241011,200000,2760,2760.5,2755,2755,1592,0
20241011,210000,2755,2757,2750,2755.5,4234,0
20241011,220000,2754.5,2755,2750,2752.5,2148,0
20241011,230000,2752.5,2753.5,2750,2750.5,1882,0
20241014,100000,2750,2750,2728.5,2733,27755,0
20241014,110000,2733,2736.5,2725.5,2728,11442,0
20241014,120000,2728,2743,2724,2738,18847,0
20241014,130000,2738,2766,2737.5,2761.5,33383,0
20241014,140000,2760.5,2769.5,2759.5,2766,13443,0
20241014,150000,2767,2769,2762,2766,6960,0
20241014,160000,2766.5,2785,2765.5,2783.5,21444,0
20241014,170000,2784,2789.5,2780.5,2782.5,11658,0
20241014,180000,2782,2784.5,2776,2778.5,7809,0
20241014,190000,2777.5,2782.5,2777.5,2779,2401,0
20241014,200000,2780,2785.5,2779.5,2785,3050,0
20241014,210000,2785,2785,2781.5,2782.5,1605,0
20241014,220000,2782.5,2784,2780,2782,1870,0
20241014,230000,2781,2784,2781,2781,1106,0
20241015,100000,2779.5,2787,2767,2782,25606,0
20241015,110000,2781,2801.5,2777,2796.5,17169,0
20241015,120000,2796.5,2809,2790.5,2803.5,11702,0
20241015,130000,2803.5,2806,2792,2798.5,8928,0
20241015,140000,2800,2812.5,2799.5,2810.5,8053,0
20241015,150000,2810.5,2812,2799,2801,6479,0
20241015,160000,2801.5,2803,2794.5,2797,8159,0
20241015,170000,2796.5,2806,2796.5,2804,5135,0
20241015,180000,2805,2809,2801.5,2809,3783,0
20241015,190000,2807.5,2810.5,2806,2806,3794,0
20241015,200000,2806.5,2808.5,2806,2807,1268,0
20241015,210000,2807,2808,2803.5,2803.5,1628,0
20241015,220000,2803.5,2807,2802.5,2807,1226,0
20241015,230000,2806.5,2808,2806,2807.5,954,0
20241016,100000,2810,2823.5,2806,2819,19805,0
20241016,110000,2819,2830,2816,2826.5,16036,0
20241016,120000,2827,2829.5,2803,2803,18312,0
20241016,130000,2803,2810,2800,2804,10077,0
20241016,140000,2802.5,2806,2792.5,2795,12183,0
20241016,150000,2795,2805,2793,2793,7870,0
20241016,160000,2793.5,2797.5,2787.5,2792,6384,0
20241016,170000,2792.5,2796.5,2783,2784,10556,0
20241016,180000,2783.5,2792,2783,2783,8896,0
20241016,190000,2784.5,2794,2784.5,2793,4449,0
20241016,200000,2792,2793.5,2790.5,2792,2007,0
20241016,210000,2791.5,2797,2790.5,2796,1386,0
20241016,220000,2796.5,2800,2793.5,2798,2741,0
20241016,230000,2798,2799,2796.5,2797,1049,0
20241017,100000,2792,2799.5,2783,2789,16632,0
20241017,110000,2789.5,2796,2785,2788.5,7139,0
20241017,120000,2787,2788,2772,2779,18974,0
20241017,130000,2778,2781.5,2770,2771.5,6635,0
20241017,140000,2772.5,2778.5,2768,2776.5,6270,0
20241017,150000,2777,2787.5,2775,2775,11133,0
20241017,160000,2775,2783,2772,2779.5,5692,0
20241017,170000,2779,2786,2775,2779.5,4928,0
20241017,180000,2778,2782,2768.5,2771.5,8920,0
20241017,190000,2771.5,2773.5,2761,2763.5,9702,0
20241017,200000,2763.5,2767,2763,2765,2115,0
20241017,210000,2764,2765,2759,2761.5,3994,0
20241017,220000,2762,2763.5,2760,2763.5,1080,0
20241017,230000,2763.5,2765,2761,2763.5,997,0
20241018,100000,2762.5,2765,2752,2762,16626,0
20241018,110000,2762,2773,2762,2763,12984,0
20241018,120000,2763,2771,2758,2762.5,8417,0
20241018,130000,2764,2766.5,2750,2752,16976,0
20241018,140000,2752,2759.5,2749,2755.5,6297,0
20241018,150000,2755,2761,2753,2755.5,4579,0
20241018,160000,2756,2759.5,2748,2750.5,6441,0
20241018,170000,2749,2758,2746,2756,6793,0
20241018,180000,2757,2759.5,2754.5,2756.5,2195,0
20241018,190000,2756.5,2761.5,2756,2761,2387,0
20241018,200000,2761,2762,2758.5,2760,1534,0
20241018,210000,2759,2759,2756,2757,1464,0
20241018,220000,2758,2761,2757.5,2760,1769,0
20241018,230000,2760.5,2761,2759,2759,1778,0
20241021,100000,2761.5,2772,2761,2772,16755,0
20241021,110000,2772,2775,2766.5,2771,9081,0
20241021,120000,2771.5,2778,2767.5,2777,12403,0
20241021,130000,2777,2781.5,2776.5,2779.5,7285,0
20241021,140000,2778.5,2779.5,2772.5,2774.5,5099,0
20241021,150000,2776,2781.5,2775,2777,2984,0
20241021,160000,2778,2781.5,2777.5,2780,2262,0
20241021,170000,2780,2781.5,2772.5,2777.5,5651,0
20241021,180000,2777.5,2777.5,2765,2765.5,4157,0
20241021,190000,2768,2772.5,2768,2771,1895,0
20241021,200000,2771,2772,2768.5,2770.5,1031,0
20241021,210000,2770,2770.5,2767.5,2768.5,756,0
20241021,220000,2768.5,2771,2767.5,2771,567,0
20241021,230000,2771,2772,2769.5,2772,605,0
20241022,100000,2772.5,2775.5,2761,2765.5,10366,0
20241022,110000,2765,2769.5,2760.5,2764.5,6882,0
20241022,120000,2764,2785.5,2761,2778,13090,0
20241022,130000,2779,2781.5,2772.5,2775,5156,0
20241022,140000,2774.5,2776,2769,2774,3811,0
20241022,150000,2774,2777.5,2765,2766,5863,0
20241022,160000,2766,2770,2764,2767,3699,0
20241022,170000,2766,2770,2762.5,2763,3931,0
20241022,180000,2763,2763,2754,2758,7074,0
20241022,190000,2756.5,2762,2753,2754,5794,0
20241022,200000,2753,2757,2752.5,2757,2231,0
20241022,210000,2757,2758.5,2754.5,2756.5,1532,0
20241022,220000,2757,2758,2755.5,2756.5,1517,0
20241022,230000,2756.5,2756.5,2753.5,2755,1886,0
20241023,100000,2751.5,2754,2735,2736,26535,0
20241023,110000,2735.5,2742,2733,2742,14167,0
20241023,120000,2740.5,2749.5,2739.5,2742,10751,0
20241023,130000,2741.5,2753,2738.5,2749,8465,0
20241023,140000,2750,2752.5,2741,2741.5,5837,0
20241023,150000,2741.5,2750,2739.5,2749.5,5883,0
20241023,160000,2749,2758,2746.5,2751,8686,0
20241023,170000,2750,2751,2742.5,2744,3731,0
20241023,180000,2744.5,2744.5,2734.5,2735,4126,0
20241023,190000,2734,2736.5,2727,2727,8521,0
20241023,200000,2727.5,2730,2714.5,2716,10299,0
20241023,210000,2717,2719.5,2711.5,2719,5316,0
20241023,220000,2717.5,2719.5,2712.5,2717.5,1691,0
20241023,230000,2719,2724.5,2716.5,2724.5,1254,0
20241024,100000,2724,2724,2708.5,2710.5,13741,0
20241024,110000,2710.5,2717.5,2709.5,2713,11695,0
20241024,120000,2714.5,2715.5,2690,2698.5,63459,0
20241024,130000,2697.5,2707,2691,2701.5,10599,0
20241024,140000,2702.5,2711.5,2699,2709.5,8965,0
20241024,150000,2709,2709.5,2701.5,2702.5,5048,0
20241024,160000,2702.5,2720,2701,2720,7279,0
20241024,170000,2720,2730.5,2718.5,2730,15406,0
20241024,180000,2730,2733,2717,2724,8271,0
20241024,190000,2724,2727,2720.5,2723,3442,0
20241024,200000,2723,2724.5,2720.5,2722,988,0
20241024,210000,2722,2723.5,2720.5,2720.5,6779,0
20241024,220000,2720.5,2721.5,2718,2720.5,7849,0
20241024,230000,2720.5,2723.5,2720,2722.5,1182,0
20241025,100000,2723,2731.5,2718,2724.5,14840,0
20241025,110000,2725,2736.5,2725,2725,11176,0
20241025,120000,2725,2735.5,2725,2729.5,7422,0
20241025,130000,2730,2855,2700,2747,141211,0
20241025,140000,2743.5,2747,2712,2719.5,51758,0
20241025,150000,2720,2728,2703.5,2705.5,31363,0
20241025,160000,2705.5,2708,2673.5,2677.5,40236,0
20241025,170000,2677.5,2683.5,2661,2662.5,26394,0
20241025,180000,2662,2672,2659,2670,11045,0
20241025,190000,2670,2673,2656,2658,11460,0
20241025,200000,2658,2670,2657,2667,6980,0
20241025,210000,2666.5,2668.5,2663,2667,1347,0
20241025,220000,2667,2668,2665,2666,796,0
20241025,230000,2666,2666,2660,2660,2746,0
20241028,100000,2658.5,2658.5,2619,2635.5,50253,0
20241028,110000,2636.5,2646.5,2625.5,2644.5,25554,0
20241028,120000,2645,2656.5,2633.5,2633.5,17937,0
20241028,130000,2633,2637.5,2626.5,2631,11227,0
20241028,140000,2631,2632.5,2609,2610,20056,0
20241028,150000,2610.5,2626.5,2608,2614.5,16934,0
20241028,160000,2614,2616,2597.5,2600,18936,0
20241028,170000,2599.5,2604.5,2586,2603,22181,0
20241028,180000,2602.5,2608,2573,2578,16557,0
20241028,190000,2578,2583.5,2563.5,2570.5,12474,0
20241028,200000,2571,2585,2568,2584.5,6208,0
20241028,210000,2584,2587,2576.5,2579.5,5271,0
20241028,220000,2579.5,2583.5,2578,2581.5,1285,0
20241028,230000,2581.5,2585,2580.5,2583.5,1602,0
20241029,100000,2584,2609.5,2577.5,2602,40530,0
20241029,110000,2602,2603.5,2564,2570,27557,0
20241029,120000,2570,2585,2560,2577,27593,0
20241029,130000,2578,2588,2566,2578,13048,0
20241029,140000,2580.5,2598.5,2574.5,2590.5,13938,0
20241029,150000,2590.5,2605,2588,2596,18176,0
20241029,160000,2596,2610,2592,2596.5,17418,0
20241029,170000,2596.5,2604,2589.5,2598.5,13788,0
20241029,180000,2598,2617,2598,2604,13861,0
20241029,190000,2604,2614,2600.5,2612.5,4497,0
20241029,200000,2613.5,2621.5,2609.5,2620,9705,0
20241029,210000,2619,2620,2613.5,2619.5,1570,0
20241029,220000,2619,2624,2612.5,2612.5,4617,0
20241029,230000,2612.5,2613,2607,2611.5,2053,0
20241030,100000,2620,2624,2603,2622,28515,0
20241030,110000,2622,2634,2619,2622,24602,0
20241030,120000,2621.5,2634,2619.5,2625,17479,0
20241030,130000,2625,2627,2613.5,2618,10402,0
20241030,140000,2618.5,2619.5,2597.5,2599.5,14179,0
20241030,150000,2599,2613.5,2593,2606,21359,0
20241030,160000,2606.5,2610.5,2596,2605,8943,0
20241030,170000,2605,2624,2601,2619,11498,0
20241030,180000,2620.5,2623,2616,2616,7359,0
20241030,190000,2616,2616,2599,2601,11920,0
20241030,200000,2601,2605,2590,2591.5,6199,0
20241030,210000,2591.5,2593,2583,2588.5,7875,0
20241030,220000,2588.5,2589,2580.5,2583,4216,0
20241030,230000,2583,2588,2580,2580,4247,0
20241031,100000,2580.5,2589,2572,2585.5,28710,0
20241031,110000,2586,2592,2577,2577,17314,0
20241031,120000,2577.5,2582,2556,2570,32421,0
20241031,130000,2570,2585,2564.5,2581.5,22830,0
20241031,140000,2581.5,2596,2574,2594.5,17524,0
20241031,150000,2595,2595,2578.5,2580,13637,0
20241031,160000,2580,2585,2567,2570,11629,0
20241031,170000,2570,2574.5,2558,2559.5,12844,0
20241031,180000,2559.5,2568.5,2558,2558.5,11796,0
20241031,190000,2560,2562.5,2550,2555.5,9657,0
20241031,200000,2556,2559,2547.5,2547.5,3554,0
20241031,210000,2547.5,2557.5,2546,2557.5,4041,0
20241031,220000,2558,2562,2556,2562,2610,0
20241031,230000,2562,2568.5,2559.5,2565,1806,0
20241101,100000,2566.5,2578,2554,2561.5,21341,0
20241101,110000,2562,2566,2548,2557,22554,0
20241101,120000,2556.5,2558,2546.5,2551.5,12493,0
20241101,130000,2551.5,2561.5,2551.5,2554,5421,0
20241101,140000,2555,2567,2555,2562.5,14579,0
20241101,150000,2562.5,2564.5,2551,2556,5163,0
20241101,160000,2555.5,2574,2554.5,2568.5,9979,0
20241101,170000,2568.5,2586,2565.5,2576,24046,0
20241101,180000,2577,2586,2571.5,2584,9979,0
20241101,190000,2584,2592.5,2581,2584.5,8185,0
20241101,200000,2586,2590,2579.5,2579.5,5438,0
20241101,210000,2579.5,2583,2576.5,2579.5,1508,0
20241101,220000,2580,2585,2579.5,2581.5,1082,0
20241101,230000,2581,2589,2581,2588.5,1970,0
20241102,100000,2590,2593.5,2582.5,2591,13700,0
20241102,110000,2591,2591.5,2585,2589.5,8220,0
20241102,120000,2589.5,2590,2587.5,2587.5,2592,0
20241102,130000,2587,2592.5,2586,2591.5,4362,0
20241102,140000,2592.5,2599,2591.5,2597.5,5445,0
20241102,150000,2598,2602.5,2595.5,2598.5,8558,0
20241102,160000,2599,2603.5,2596,2602,6552,0
20241102,170000,2604,2604.5,2596.5,2601,5370,0
20241102,180000,2601,2601,2594.5,2596,4478,0
20241102,190000,2596,2599,2594,2599,1720,0
20241102,200000,2598.5,2600,2598.5,2599,1408,0
20241102,210000,2599.5,2605,2599.5,2602.5,2946,0
20241102,220000,2602,2604.5,2602,2603.5,2018,0
20241102,230000,2604,2605,2603.5,2605,1694,0
20241105,100000,2608.5,2622.5,2608.5,2616.5,23862,0
20241105,110000,2615.5,2617,2605.5,2612.5,8767,0
20241105,120000,2613,2627,2611.5,2624.5,7441,0
20241105,130000,2624.5,2627,2618,2619,5916,0
20241105,140000,2619.5,2622.5,2612,2615,4778,0
20241105,150000,2614.5,2619.5,2611.5,2614.5,3671,0
20241105,160000,2613.5,2620,2607.5,2609.5,6060,0
20241105,170000,2609.5,2615.5,2603,2611,9525,0
20241105,180000,2612,2624,2610,2620,7607,0
20241105,190000,2620,2629.5,2620,2626,7659,0
20241105,200000,2626.5,2629,2617,2621,5069,0
20241105,210000,2621,2624,2618.5,2620.5,2216,0
20241105,220000,2621,2625,2621,2623.5,2636,0
20241105,230000,2624,2624.5,2619,2621.5,2028,0
20241106,100000,2670,2714,2669,2697,109209,0
20241106,110000,2697,2718,2695,2700.5,52281,0
20241106,120000,2701,2708,2695,2697,17357,0
20241106,130000,2696.5,2699.5,2680,2686,24649,0
20241106,140000,2686,2694,2676,2680.5,18787,0
20241106,150000,2680.5,2681,2661,2668,29590,0
20241106,160000,2668,2668.5,2651.5,2664.5,22209,0
20241106,170000,2664.5,2674,2656,2662.5,19278,0
20241106,180000,2663,2674.5,2658,2660.5,12795,0
20241106,190000,2660,2668,2657,2661.5,6151,0
20241106,200000,2662.5,2673,2662.5,2672,4611,0
20241106,210000,2672,2672.5,2665,2665.5,2371,0
20241106,220000,2665.5,2669,2664.5,2665.5,1770,0
20241106,230000,2665.5,2667.5,2664.5,2664.5,1644,0
20241107,100000,2662,2666.5,2652,2655,11382,0
20241107,110000,2655,2661,2652,2658,5548,0
20241107,120000,2658,2659.5,2643.5,2653,21840,0
20241107,130000,2652.5,2653,2635.5,2637,21133,0
20241107,140000,2639,2660,2637.5,2655,29730,0
20241107,150000,2655.5,2665,2653,2661.5,18885,0
20241107,160000,2661.5,2666,2658.5,2665,10219,0
20241107,170000,2665,2699,2664,2699,47076,0
20241107,180000,2698,2699.5,2690,2697,12091,0
20241107,190000,2695.5,2712.5,2695.5,2701,17816,0
20241107,200000,2702,2706.5,2698,2701.5,3914,0
20241107,210000,2701.5,2712.5,2699.5,2710.5,7747,0
20241107,220000,2711,2725,2710,2721,13934,0
20241107,230000,2720.5,2738.5,2720,2738.5,9533,0
20241108,100000,2744,2745.5,2723.5,2742,48622,0
20241108,110000,2741.5,2755,2726,2733,42709,0
20241108,120000,2733,2737.5,2727,2732.5,11670,0
20241108,130000,2732.5,2736.5,2715,2721,28357,0
20241108,140000,2721.5,2733,2718,2722.5,16400,0
20241108,150000,2721.5,2737,2719,2731,22074,0
20241108,160000,2729.5,2735,2725.5,2729,7423,0
20241108,170000,2729,2732,2719,2731,11198,0
20241108,180000,2731,2749,2730,2737,23552,0
20241108,190000,2741.5,2760.5,2739.5,2758,30241,0
20241108,200000,2758,2769.5,2756.5,2766.5,13233,0
20241108,210000,2768,2769,2763,2766.5,5134,0
20241108,220000,2766.5,2779,2765.5,2777,8916,0
20241108,230000,2777,2780,2776,2780,4318,0
20241111,100000,2792.5,2803,2780.5,2783,50350,0
20241111,110000,2783,2800,2780.5,2796.5,23120,0
20241111,120000,2796.5,2796.5,2781,2785,24962,0
20241111,130000,2785,2793,2782.5,2789,11976,0
20241111,140000,2788.5,2789.5,2771.5,2773.5,19245,0
20241111,150000,2774,2783.5,2767.5,2779,15907,0
20241111,160000,2780,2795,2776.5,2789.5,16888,0
20241111,170000,2789.5,2794,2779,2785,15236,0
20241111,180000,2784.5,2797,2784,2797,11639,0
20241111,190000,2797,2802.5,2786.5,2791,10257,0
20241111,200000,2792,2793.5,2782.5,2786,4148,0
20241111,210000,2786,2787.5,2782,2784,3221,0
20241111,220000,2783.5,2789,2782.5,2787.5,1972,0
20241111,230000,2787.5,2791.5,2787,2790.5,2482,0
20241112,100000,2788,2788,2755,2762.5,37793,0
20241112,110000,2761.5,2782,2759.5,2766,23288,0
20241112,120000,2764.5,2776.5,2762,2775,9129,0
20241112,130000,2774,2779.5,2766,2769,7110,0
20241112,140000,2769,2769.5,2760,2764.5,8429,0
20241112,150000,2764,2765.5,2755.5,2759,7785,0
20241112,160000,2758.5,2762.5,2750,2750,15052,0
20241112,170000,2750.5,2766,2750,2765.5,9903,0
20241112,180000,2765.5,2770,2755.5,2756,10966,0
20241112,190000,2759,2759.5,2751.5,2754.5,4657,0
20241112,200000,2754.5,2758,2753,2754.5,1746,0
20241112,210000,2754,2754,2749.5,2749.5,4343,0
20241112,220000,2749,2750,2743.5,2745.5,3444,0
20241112,230000,2745.5,2751.5,2745,2751,3250,0
20241113,100000,2743,2758.5,2741.5,2752,21158,0
20241113,110000,2752,2762,2751.5,2759.5,12739,0
20241113,120000,2760,2775.5,2757,2767,28322,0
20241113,130000,2766.5,2771.5,2763.5,2765.5,7359,0
20241113,140000,2766.5,2766.5,2755.5,2758.5,11104,0
20241113,150000,2757.5,2772,2752.5,2766,15866,0
20241113,160000,2765.5,2775,2764.5,2765.5,12442,0
20241113,170000,2766,2769,2760.5,2767,9802,0
20241113,180000,2766.5,2772,2762,2769.5,9775,0
20241113,190000,2765.5,2772,2732.5,2735,37218,0
20241113,200000,2734.5,2740,2724.5,2733.5,25857,0
20241113,210000,2733.5,2737,2730.5,2734.5,3344,0
20241113,220000,2734,2735,2727,2728,7342,0
20241113,230000,2728,2728.5,2717.5,2720,10713,0
20241114,100000,2720,2738,2717.5,2736.5,28520,0
20241114,110000,2735.5,2739,2724.5,2729.5,14753,0
20241114,120000,2730,2735,2727.5,2732.5,6071,0
20241114,130000,2732.5,2741,2731,2731.5,7594,0
20241114,140000,2732,2737,2719.5,2725,18321,0
20241114,150000,2725,2726.5,2717.5,2722,11583,0
20241114,160000,2721,2731.5,2719.5,2719.5,9340,0
20241114,170000,2720,2723.5,2701,2703,28082,0
20241114,180000,2703,2708,2695,2696.5,14311,0
20241114,190000,2698.5,2709.5,2695,2698.5,13260,0
20241114,200000,2699,2702.5,2695,2700,5372,0
20241114,210000,2699,2706.5,2699,2705,3079,0
20241114,220000,2704.5,2710,2704,2705,4293,0
20241114,230000,2705,2709,2700.5,2708.5,2823,0
20241115,100000,2708,2714,2698,2708.5,25500,0
20241115,110000,2708.5,2719,2702,2717.5,20281,0
20241115,120000,2717.5,2721.5,2712,2714,12926,0
20241115,130000,2713,2717,2706.5,2709,9734,0
20241115,140000,2710,2715,2707,2711,5852,0
20241115,150000,2710.5,2735.5,2704,2729.5,21765,0
20241115,160000,2729.5,2737.5,2723.5,2728,23478,0
20241115,170000,2728,2740.5,2726.5,2730,16950,0
20241115,180000,2730,2748,2727,2747,13099,0
20241115,190000,2746,2755,2744,2748.5,15878,0
20241115,200000,2748.5,2753.5,2741.5,2742.5,7146,0
20241115,210000,2742,2751,2741.5,2750.5,4760,0
20241115,220000,2751,2752,2748,2750.5,2296,0
20241115,230000,2750.5,2754.5,2748,2754.5,3224,0
20241118,100000,2716.5,2724.5,2681,2716,74137,0
20241118,110000,2715,2725,2713,2719.5,12891,0
20241118,120000,2719.5,2724,2700,2702,17849,0
20241118,130000,2701,2710.5,2700,2708,9728,0
20241118,140000,2707.5,2717,2700,2714,13015,0
20241118,150000,2715,2719,2707,2708,9467,0
20241118,160000,2708,2725.5,2707.5,2724.5,14919,0
20241118,170000,2723.5,2734.5,2716.5,2728.5,23426,0
20241118,180000,2728,2731,2717,2721,12604,0
20241118,190000,2720.5,2723.5,2713,2722.5,7076,0
20241118,200000,2722.5,2728.5,2722.5,2727,3481,0
20241118,210000,2727,2728,2713,2713,4883,0
20241118,220000,2712.5,2717,2711.5,2712.5,2583,0
20241118,230000,2712.5,2713,2708,2708.5,2663,0
20241119,100000,2711,2719,2704,2705.5,18994,0
20241119,110000,2705.5,2706,2682,2687,34141,0
20241119,120000,2686,2693,2673.5,2691,36596,0
20241119,130000,2691.5,2696.5,2683.5,2690,25668,0
20241119,140000,2688.5,2694,2676,2682.5,17825,0
20241119,150000,2683,2689,2673.5,2674,19556,0
20241119,160000,2674,2674,2646,2650,34987,0
20241119,170000,2650,2657,2626,2639,49207,0
20241119,180000,2640,2648.5,2630,2637.5,15495,0
20241119,190000,2638.5,2644,2626,2638.5,12716,0
20241119,200000,2639.5,2647.5,2633.5,2647,5817,0
20241119,210000,2646,2647,2637,2639,6165,0
20241119,220000,2639.5,2642.5,2638.5,2642,3208,0
20241119,230000,2641.5,2642.5,2638.5,2641.5,2497,0
20241120,100000,2643,2659,2633.5,2634,41076,0
20241120,110000,2634,2647,2630,2641.5,19651,0
20241120,120000,2640,2653,2638.5,2643.5,14053,0
20241120,130000,2643,2669.5,2635.5,2646,48653,0
20241120,140000,2646.5,2658,2643,2649,11390,0
20241120,150000,2649,2655,2635.5,2640,11640,0
20241120,160000,2640,2643,2616.5,2623,31782,0
20241120,170000,2622,2626,2608.5,2609,28003,0
20241120,180000,2609,2611,2595.5,2601,32174,0
20241120,190000,2597.5,2598.5,2572.5,2586,39543,0
20241120,200000,2585,2596,2584,2592.5,8017,0
20241120,210000,2592,2600,2590,2597,8624,0
20241120,220000,2597,2598,2588.5,2594,4804,0
20241120,230000,2593.5,2599,2591,2598.5,1895,0
20241121,100000,2598,2611,2581.5,2586.5,46383,0
20241121,110000,2586.5,2596,2573,2578,26144,0
20241121,120000,2578,2592,2567,2581.5,29392,0
20241121,130000,2582.5,2598.5,2581.5,2594,15507,0
20241121,140000,2595,2603.5,2587.5,2588,15623,0
20241121,150000,2587.5,2591.5,2572,2578.5,17276,0
20241121,160000,2578.5,2592.5,2573.5,2588.5,20474,0
20241121,170000,2589.5,2594,2562,2562.5,27965,0
20241121,180000,2563.5,2607.5,2559.5,2578,52665,0
20241121,190000,2577,2584,2568,2584,9558,0
20241121,200000,2583,2593.5,2555,2593.5,34024,0
20241121,210000,2593.5,2606.5,2584,2603.5,14079,0
20241121,220000,2603.5,2621,2602,2621,20466,0
20241121,230000,2621,2630,2620,2630,14058,0
20241122,100000,2632.5,2633,2606,2618.5,48108,0
20241122,110000,2617,2619.5,2596.5,2601,23977,0
20241122,120000,2600,2615.5,2593,2614.5,17635,0
20241122,130000,2614.5,2621,2604,2608,16885,0
20241122,140000,2608,2614.5,2596.5,2601,13590,0
20241122,150000,2601,2603,2586,2594.5,21468,0
20241122,160000,2594.5,2595.5,2581,2587,16257,0
20241122,170000,2588,2598.5,2581,2582.5,14140,0
20241122,180000,2582.5,2591.5,2580.5,2584.5,11011,0
20241122,190000,2583.5,2610.5,2583.5,2607,20115,0
20241122,200000,2607.5,2615,2597,2603.5,12439,0
20241122,210000,2603.5,2604.5,2592.5,2599.5,6098,0
20241122,220000,2599.5,2604.5,2595.5,2597,3756,0
20241122,230000,2598,2598,2590.5,2594.5,3974,0
20241125,100000,2587.5,2598,2561.5,2563.5,52791,0
20241125,110000,2562.5,2570,2556,2566.5,28475,0
20241125,120000,2565.5,2572,2559,2569,13434,0
20241125,130000,2569.5,2574.5,2564.5,2567,10275,0
20241125,140000,2566,2568.5,2551,2563.5,21554,0
20241125,150000,2564,2567,2546,2547.5,16765,0
20241125,160000,2547,2551,2540,2546.5,19544,0
20241125,170000,2546,2549.5,2520,2527.5,34273,0
20241125,180000,2526.5,2539.5,2520.5,2530,20968,0
20241125,190000,2532,2534.5,2520,2522.5,11349,0
20241125,200000,2523.5,2530.5,2513,2515.5,11186,0
20241125,210000,2515.5,2519.5,2513.5,2513.5,5721,0
20241125,220000,2514,2528.5,2510,2522,10816,0
20241125,230000,2521.5,2525.5,2513,2518.5,3439,0
20241126,100000,2519.5,2535.5,2508,2525,40992,0
20241126,110000,2524,2549,2519.5,2528.5,35081,0
20241126,120000,2529.5,2539.5,2522.5,2523.5,18514,0
20241126,130000,2523,2535.5,2519,2520.5,10188,0
20241126,140000,2520,2522.5,2491,2497,42425,0
20241126,150000,2497.5,2501.5,2467.5,2480,56576,0
20241126,160000,2480.5,2491.5,2466,2475,37278,0
20241126,170000,2476,2486.5,2458,2458,25540,0
20241126,180000,2458,2473.5,2456.5,2470,19558,0
20241126,190000,2470,2482,2461.5,2474,13628,0
20241126,200000,2473,2476.5,2467,2469.5,7690,0
20241126,210000,2469.5,2471,2460,2469.5,9406,0
20241126,220000,2470,2475.5,2468.5,2472,5099,0
20241126,230000,2472,2477.5,2471.5,2476.5,2115,0
20241127,100000,2479,2484.5,2430,2434.5,68955,0
20241127,110000,2435.5,2452.5,2434,2450.5,26616,0
20241127,120000,2452,2498.5,2450.5,2488,70558,0
20241127,130000,2489,2502,2472.5,2487,45695,0
20241127,140000,2485.5,2515,2475.5,2508,44356,0
20241127,150000,2508,2514,2463,2468,50861,0
20241127,160000,2468,2498.5,2461.5,2495,56828,0
20241127,170000,2496,2497.5,2475.5,2489.5,20782,0
20241127,180000,2490.5,2512,2484,2485.5,35164,0
20241127,190000,2486.5,2535.5,2480.5,2527.5,51979,0
20241127,200000,2528,2532,2518,2530,14749,0
20241127,210000,2529.5,2531,2519,2530.5,8319,0
20241127,220000,2530.5,2533,2523,2532,5097,0
20241127,230000,2533,2545,2531,2536.5,7011,0
20241128,100000,2544,2549,2523,2547.5,50734,0
20241128,110000,2546.5,2563,2543,2546,45185,0
20241128,120000,2546,2547,2531,2541,33499,0
20241128,130000,2539,2541,2515.5,2530,43311,0
20241128,140000,2528,2537.5,2506,2512.5,32936,0
20241128,150000,2512,2522.5,2503.5,2508.5,26318,0
20241128,160000,2508.5,2528.5,2506,2519.5,22701,0
20241128,170000,2519.5,2541,2512.5,2538,20911,0
20241128,180000,2538,2562,2533.5,2559.5,33142,0
20241128,190000,2559.5,2566,2548,2559,24182,0
20241128,200000,2557.5,2560,2547,2553,8279,0
20241128,210000,2553,2561.5,2551.5,2553,6190,0
20241128,220000,2553,2559.5,2552.5,2558,5316,0
20241128,230000,2557.5,2558.5,2552,2554.5,2887,0
20241129,100000,2554,2560,2537.5,2557,45902,0
20241129,110000,2556.5,2578,2554,2575,41325,0
20241129,120000,2575,2585,2570,2578,28954,0
20241129,130000,2579,2580,2567.5,2573,19202,0
20241129,140000,2573,2585,2572,2579.5,20032,0
20241129,150000,2580,2584,2574.5,2577,12569,0
20241129,160000,2576.5,2577,2563.5,2568,16903,0
20241129,170000,2568.5,2576.5,2565,2574.5,10837,0
20241129,180000,2574,2583.5,2571.5,2573,15362,0
20241129,190000,2577,2582,2572,2578.5,9444,0
20241129,200000,2578.5,2579.5,2575,2576,3407,0
20241129,210000,2576,2580,2576,2577.5,3041,0
20241129,220000,2577,2578,2576,2576.5,1267,0
20241129,230000,2577,2578,2574.5,2577.5,3810,0
20241202,100000,2585.5,2603,2585,2595.5,38725,0
20241202,110000,2595.5,2601.5,2589,2593,15431,0
20241202,120000,2593.5,2597,2585,2590.5,16870,0
20241202,130000,2591,2594.5,2581.5,2588.5,20723,0
20241202,140000,2588,2596.5,2587,2591,9970,0
20241202,150000,2591,2599,2586.5,2587,12894,0
20241202,160000,2587,2592,2582,2589,14951,0
20241202,170000,2589,2593.5,2583.5,2589,8864,0
20241202,180000,2589,2594.5,2586.5,2591,7756,0
20241202,190000,2590,2595,2589.5,2591,4237,0
20241202,200000,2591,2592,2587,2587.5,2893,0
20241202,210000,2588,2590,2587,2589.5,2027,0
20241202,220000,2589.5,2592,2588.5,2591.5,863,0
20241202,230000,2591,2591.5,2589,2590,1361,0
20241203,100000,2590.5,2592.5,2564.5,2569.5,47485,0
20241203,110000,2569,2569.5,2551.5,2554.5,40451,0
20241203,120000,2554.5,2564,2552.5,2555.5,12792,0
20241203,130000,2555.5,2564,2555.5,2561,6455,0
20241203,140000,2562,2568.5,2559.5,2560,14745,0
20241203,150000,2560,2561,2538.5,2541,31371,0
20241203,160000,2541,2546.5,2535,2540,20014,0
20241203,170000,2540,2543.5,2525,2542,30570,0
20241203,180000,2542.5,2547.5,2537.5,2538,18332,0
20241203,190000,2540.5,2543,2529,2539,9196,0
20241203,200000,2539.5,2540,2532,2533,2422,0
20241203,210000,2533.5,2536,2528,2531.5,3925,0
20241203,220000,2532,2534.5,2530.5,2532,3480,0
20241203,230000,2531.5,2538,2531.5,2538,3147,0
20241204,100000,2531.5,2548.5,2520.5,2532.5,46616,0
20241204,110000,2532.5,2558,2531,2557.5,36376,0
20241204,120000,2557.5,2559,2546.5,2553,22473,0
20241204,130000,2553.5,2555,2548.5,2551,8987,0
20241204,140000,2552,2559.5,2551,2556.5,13846,0
20241204,150000,2557,2561,2537,2540,25290,0
20241204,160000,2540,2543.5,2522,2523.5,34890,0
20241204,170000,2523,2524,2505,2508,38723,0
20241204,180000,2507,2510,2484,2490,45880,0
20241204,190000,2490,2490,2460.5,2474.5,54995,0
20241204,200000,2473.5,2477.5,2462.5,2471.5,14582,0
20241204,210000,2471,2476.5,2467,2467.5,6316,0
20241204,220000,2468.5,2470.5,2467.5,2470,3428,0
20241204,230000,2470,2471,2467,2467,4016,0
20241205,100000,2468,2491.5,2462,2483,67266,0
20241205,110000,2482.5,2500,2469,2472,34722,0
20241205,120000,2472,2479.5,2459,2475.5,36237,0
20241205,130000,2476,2483.5,2463,2465,19563,0
20241205,140000,2467,2476,2453,2454,24729,0
20241205,150000,2453.5,2464,2440.5,2448.5,49809,0
20241205,160000,2448.5,2493,2445,2477,64290,0
20241205,170000,2479,2530.5,2478.5,2519.5,77730,0
20241205,180000,2520.5,2527,2507.5,2519,33040,0
20241205,190000,2524,2544,2518.5,2529,36943,0
20241205,200000,2529,2536,2522,2526,13484,0
20241205,210000,2525.5,2538,2525.5,2534.5,7505,0
20241205,220000,2534.5,2541,2533,2536.5,7279,0
20241205,230000,2537,2539,2532,2538,5337,0
20241206,100000,2543,2554,2518.5,2550,62452,0
20241206,110000,2550,2551.5,2528.5,2533.5,19425,0
20241206,120000,2532,2536,2513.5,2515.5,33272,0
20241206,130000,2516.5,2524.5,2508.5,2517.5,23533,0
20241206,140000,2518,2545,2512.5,2544,24846,0
20241206,150000,2544.5,2551,2535.5,2547.5,27595,0
20241206,160000,2547,2557.5,2527,2541,36526,0
20241206,170000,2542,2548,2532.5,2541.5,15152,0
20241206,180000,2541.5,2544,2534.5,2540,11857,0
20241206,190000,2539.5,2546,2538.5,2541.5,7995,0
20241206,200000,2542,2545.5,2539.5,2543.5,5242,0
20241206,210000,2544,2545.5,2539.5,2541,2970,0
20241206,220000,2541,2544.5,2541,2544,2665,0
20241206,230000,2544,2545.5,2542,2542.5,3922,0
20241209,100000,2551.5,2570,2551,2565,42877,0
20241209,110000,2565.5,2565.5,2553,2557.5,21149,0
20241209,120000,2556,2557.5,2548,2551.5,15904,0
20241209,130000,2553,2560,2550.5,2551,13520,0
20241209,140000,2551,2558.5,2549,2558.5,5907,0
20241209,150000,2558.5,2573.5,2556,2573.5,22327,0
20241209,160000,2573.5,2590,2568.5,2589,30124,0
20241209,170000,2589,2591,2576.5,2579,20046,0
20241209,180000,2579,2583,2574,2575.5,9686,0
20241209,190000,2578,2579,2573,2577,11054,0
20241209,200000,2577.5,2580,2575.5,2576,4056,0
20241209,210000,2576.5,2578.5,2576,2577.5,1801,0
20241209,220000,2577,2579,2577,2577.5,4060,0
20241209,230000,2577.5,2578,2571.5,2572,4863,0
20241210,100000,2571.5,2573,2545,2545,51137,0
20241210,110000,2545,2554,2538,2545.5,27994,0
20241210,120000,2545.5,2547,2525.5,2534,37719,0
20241210,130000,2534,2547,2530,2537,26128,0
20241210,140000,2536.5,2541.5,2518,2525,34774,0
20241210,150000,2525,2537,2521.5,2524,14649,0
20241210,160000,2524.5,2550,2523,2531.5,37973,0
20241210,170000,2530.5,2538,2525,2525,17269,0
20241210,180000,2525,2528,2518,2525.5,16892,0
20241210,190000,2527,2533,2522,2526.5,8573,0
20241210,200000,2526,2529,2522,2529,4360,0
20241210,210000,2529,2530,2526,2527,1423,0
20241210,220000,2526.5,2527.5,2522.5,2524,3533,0
20241210,230000,2523.5,2524.5,2520,2520,7225,0
20241211,100000,2517.5,2522,2500.5,2511,41550,0
20241211,110000,2510.5,2519.5,2501,2512,39145,0
20241211,120000,2513,2531,2509.5,2523,29105,0
20241211,130000,2522,2522,2507,2509.5,17785,0
20241211,140000,2509,2516,2505,2515.5,10952,0
20241211,150000,2515.5,2523.5,2511.5,2515.5,17463,0
20241211,160000,2515.5,2528.5,2513.5,2525.5,14999,0
20241211,170000,2525.5,2537.5,2522,2525,32438,0
20241211,180000,2525,2528,2510,2511.5,17619,0
20241211,190000,2517,2547,2500,2524.5,46062,0
20241211,200000,2525,2534.5,2525,2527,14051,0
20241211,210000,2526,2533.5,2526,2530,7452,0
20241211,220000,2529.5,2535,2527,2533.5,4503,0
20241211,230000,2534.5,2540,2533.5,2538.5,7586,0
20241212,100000,2537,2552,2526.5,2551,43773,0
20241212,110000,2551,2552.5,2535.5,2535.5,31567,0
20241212,120000,2537,2544,2531.5,2538,20333,0
20241212,130000,2537,2541.5,2520.5,2526.5,24991,0
20241212,140000,2526,2531,2517,2519.5,23016,0
20241212,150000,2519.5,2531,2513,2527.5,26308,0
20241212,160000,2528.5,2531.5,2513.5,2513.5,16682,0
20241212,170000,2513.5,2516.5,2500,2501,36973,0
20241212,180000,2501,2505,2491,2494.5,28750,0
20241212,190000,2495,2504.5,2492.5,2500.5,22884,0
20241212,200000,2500,2503.5,2495,2499.5,7285,0
20241212,210000,2499.5,2500,2496.5,2497,3600,0
20241212,220000,2497,2498.5,2490.5,2494,7114,0
20241212,230000,2494,2502.5,2491.5,2497,6676,0
20241213,100000,2492,2493.5,2476,2483.5,57335,0
20241213,110000,2484,2491.5,2474,2478,37817,0
20241213,120000,2477,2483,2471,2475.5,21264,0
20241213,130000,2475.5,2490,2475.5,2485,22104,0
20241213,140000,2485,2486,2477,2480,10867,0
20241213,150000,2480,2491.5,2476,2489,14626,0
20241213,160000,2489.5,2490,2476,2478.5,15442,0
20241213,170000,2479,2488.5,2477.5,2484,11771,0
20241213,180000,2484,2491,2481,2485.5,15507,0
20241213,190000,2489.5,2490.5,2484,2489,7925,0
20241213,200000,2488,2493.5,2487,2488,6344,0
20241213,210000,2488,2488,2485.5,2486,2386,0
20241213,220000,2486.5,2487,2479,2483,6231,0
20241213,230000,2482.5,2483,2479,2480,4888,0
20241216,100000,2477.5,2479,2461,2468,53910,0
20241216,110000,2467,2468,2452.5,2456,45957,0
20241216,120000,2456,2458,2446.5,2448.5,29119,0
20241216,130000,2449,2456,2443,2443.5,24328,0
20241216,140000,2444,2449,2435,2438,30664,0
20241216,150000,2438.5,2443,2431.5,2436,26929,0
20241216,160000,2436,2455.5,2436,2447,43971,0
20241216,170000,2446.5,2448.5,2426.5,2430.5,28464,0
20241216,180000,2431.5,2433,2416.5,2423.5,32273,0
20241216,190000,2422,2428.5,2417,2419,23932,0
20241216,200000,2419.5,2447.5,2419,2435,38208,0
20241216,210000,2435.5,2441,2428.5,2429.5,12705,0
20241216,220000,2429.5,2430.5,2422.5,2428.5,8654,0
20241216,230000,2429,2430,2422.5,2423.5,7028,0
20241217,100000,2413.5,2429,2401,2410.5,145683,0
20241217,110000,2410.5,2411,2400,2401.5,34371,0
20241217,120000,2401.5,2420.5,2401.5,2414,36217,0
20241217,130000,2414,2417,2404.5,2407,18149,0
20241217,140000,2407.5,2409,2387,2392,38421,0
20241217,150000,2392.5,2401,2389.5,2391,32711,0
20241217,160000,2391,2392.5,2377,2382,46253,0
20241217,170000,2382,2394.5,2375.5,2388.5,36178,0
20241217,180000,2388.5,2393,2384.5,2386,9385,0
20241217,190000,2387,2395,2379.5,2393,15103,0
20241217,200000,2393,2397.5,2390,2395.5,6802,0
20241217,210000,2396,2397.5,2391.5,2394.5,4105,0
20241217,220000,2394.5,2398.5,2393,2397.5,3908,0
20241217,230000,2397.5,2402.5,2396.5,2398.5,6421,0
20241218,100000,2402,2416,2395,2396.5,59880,0
20241218,110000,2397,2397,2387,2389,29785,0
20241218,120000,2389,2395.5,2387,2394,13685,0
20241218,130000,2393.5,2394.5,2384.5,2392.5,14729,0
20241218,140000,2392.5,2394.5,2386.5,2394,10341,0
20241218,150000,2394,2404,2391.5,2392.5,20578,0
20241218,160000,2391.5,2394.5,2389.5,2392,6693,0
20241218,170000,2391,2407.5,2390.5,2407.5,18324,0
20241218,180000,2407,2415.5,2405,2408.5,24342,0
20241218,190000,2409,2442,2409,2440,71571,0
20241218,200000,2440.5,2441.5,2431,2431.5,15744,0
20241218,210000,2431,2442,2430.5,2441,17165,0
20241218,220000,2441,2447,2436,2437,16346,0
20241218,230000,2437.5,2440,2434.5,2439.5,5197,0
20241219,100000,2440.5,2452.5,2431.5,2437.5,63961,0
20241219,110000,2438.5,2458.5,2432,2455,51356,0
20241219,120000,2456,2467.5,2449,2459,55872,0
20241219,130000,2459.5,2462.5,2451.5,2452.5,24345,0
20241219,140000,2452.5,2452.5,2440.5,2445,32509,0
20241219,150000,2445.5,2475,2442,2453,81291,0
20241219,160000,2453,2455.5,2434.5,2437,39402,0
20241219,170000,2437.5,2447.5,2422,2427,42099,0
20241219,180000,2426.5,2445,2416,2430.5,62556,0
20241219,190000,2437.5,2443.5,2426.5,2443,19452,0
20241219,200000,2443,2444,2435,2442.5,7694,0
20241219,210000,2442.5,2443,2434.5,2441.5,4376,0
20241219,220000,2441,2444.5,2440,2441.5,2973,0
20241219,230000,2441.5,2444,2435.5,2440,3880,0
20241220,100000,2448.5,2472,2427,2430,53195,0
20241220,110000,2429.5,2444,2428,2437.5,25408,0
20241220,120000,2437.5,2459,2433.5,2450,42444,0
20241220,130000,2450.5,2598,2446,2556.5,266151,0
20241220,140000,2557.5,2597.5,2557.5,2582.5,124355,0
20241220,150000,2582.5,2624,2564,2610,139406,0
20241220,160000,2611,2639.5,2606,2619.5,109304,0
20241220,170000,2620,2640,2618.5,2637.5,58737,0
20241220,180000,2638,2664,2637.5,2654.5,67853,0
20241220,190000,2653.5,2658,2637,2642,43464,0
20241220,200000,2641.5,2650,2639.5,2649.5,10142,0
20241220,210000,2648,2660,2647,2654,18286,0
20241220,220000,2654,2658.5,2653,2656.5,9512,0
20241220,230000,2656.5,2659.5,2652.5,2658.5,14427,0
20241223,100000,2684,2722.5,2666.5,2720.5,141352,0
20241223,110000,2720.5,2766,2712.5,2718,146071,0
20241223,120000,2718,2719.5,2698,2698,85623,0
20241223,130000,2698,2711,2692,2709,40279,0
20241223,140000,2709.5,2726.5,2705,2707.5,41668,0
20241223,150000,2707.5,2716,2697,2712,33582,0
20241223,160000,2711.5,2733.5,2708,2722.5,41127,0
20241223,170000,2723,2732.5,2715,2719,26061,0
20241223,180000,2719,2722,2705,2715,28313,0
20241223,190000,2715,2719.5,2705,2710,25575,0
20241223,200000,2710,2715,2706.5,2707.5,12911,0
20241223,210000,2707.5,2718,2707.5,2713.5,7057,0
20241223,220000,2713.5,2721.5,2711.5,2717,5094,0
20241223,230000,2717.5,2724.5,2717.5,2721.5,3882,0
20241224,100000,2720.5,2721,2688,2694.5,99458,0
20241224,110000,2693.5,2714,2686,2713,57462,0
20241224,120000,2713.5,2729.5,2707,2711,50976,0
20241224,130000,2711.5,2716,2703,2712,25017,0
20241224,140000,2712,2724,2710,2716.5,18443,0
20241224,150000,2717,2720.5,2702,2711,23431,0
20241224,160000,2711,2711.5,2688,2696,36958,0
20241224,170000,2696,2706,2691,2701.5,26894,0
20241224,180000,2701,2703.5,2690.5,2690.5,28623,0
20241224,190000,2690.5,2696.5,2688.5,2692,15089,0
20241224,200000,2692,2699,2691,2699,8469,0
20241224,210000,2699,2699,2695.5,2695.5,2776,0
20241224,220000,2695.5,2699,2693,2693,10123,0
20241224,230000,2695,2695,2688,2690,3823,0
20241225,100000,2687,2693,2672.5,2677,52866,0
20241225,110000,2677,2693,2671.5,2689.5,42167,0
20241225,120000,2689.5,2716.5,2688.5,2706,86513,0
20241225,130000,2706,2723,2701.5,2723,48541,0
20241225,140000,2721.5,2725,2710,2718,37775,0
20241225,150000,2719,2734.5,2713,2732,55068,0
20241225,160000,2732,2757,2729.5,2750.5,67932,0
20241225,170000,2750.5,2752,2732.5,2737.5,48285,0
20241225,180000,2737,2741,2726,2739.5,35234,0
20241225,190000,2740,2768.5,2740,2744,57744,0
20241225,200000,2744,2751.5,2743,2745.5,21752,0
20241225,210000,2745.5,2757,2745,2756,10006,0
20241225,220000,2756,2757,2751,2757,5181,0
20241225,230000,2757,2761.5,2751.5,2757,9425,0
20241226,100000,2759.5,2781,2747,2769.5,97920,0
20241226,110000,2769.5,2776,2745,2750.5,62932,0
20241226,120000,2750,2766.5,2743,2764.5,39314,0
20241226,130000,2765,2770,2756,2763.5,25304,0
20241226,140000,2762.5,2765,2752.5,2763.5,21750,0
20241226,150000,2764,2773.5,2759.5,2770.5,26801,0
20241226,160000,2770.5,2775,2760.5,2767,21842,0
20241226,170000,2767.5,2774,2762,2769.5,13989,0
20241226,180000,2770,2770.5,2761.5,2763.5,9603,0
20241226,190000,2763,2774.5,2763,2770.5,10665,0
20241226,200000,2770.5,2772,2755,2757,11150,0
20241226,210000,2757,2761,2747.5,2755,20128,0
20241226,220000,2755,2757.5,2752,2754,7817,0
20241226,230000,2754.5,2758.5,2753.5,2757.5,4391,0
20241227,100000,2756.5,2767,2751,2764,43031,0
20241227,110000,2763.5,2770.5,2761.5,2763,21409,0
20241227,120000,2764.5,2768,2757.5,2766.5,18004,0
20241227,130000,2766.5,2767,2757,2758.5,20332,0
20241227,140000,2759,2764.5,2753,2761,14920,0
20241227,150000,2762,2764,2754,2762.5,18077,0
20241227,160000,2762.5,2769.5,2761,2763,11495,0
20241227,170000,2763,2763,2754.5,2759,21193,0
20241227,180000,2759.5,2762.5,2755.5,2757,9483,0
20241227,190000,2758.5,2767,2757,2760.5,14736,0
20241227,200000,2761,2767.5,2760.5,2765,5919,0
20241227,210000,2765,2772,2765,2769.5,12433,0
20241227,220000,2770,2773.5,2769.5,2771.5,4649,0
20241227,230000,2771,2771.5,2766.5,2771,3094,0
20241228,100000,2771,2790,2767,2787,44366,0
20241228,110000,2786.5,2799.5,2785,2795.5,26817,0
20241228,120000,2796,2799.5,2794,2797,18282,0
20241228,130000,2796.5,2797.5,2788,2791.5,23713,0
20241228,140000,2791.5,2794.5,2788.5,2790,8992,0
20241228,150000,2791,2794.5,2786,2789.5,9818,0
20241228,160000,2790,2795.5,2780.5,2787,26293,0
20241228,170000,2787.5,2790,2782.5,2789,8143,0
20241228,180000,2788,2794,2786,2790,6570,0
20241228,190000,2789.5,2797.5,2789.5,2795.5,6702,0
20241228,200000,2795.5,2799.5,2795,2799,4365,0
20241228,210000,2799,2806,2798,2800,9841,0
20241228,220000,2800.5,2808.5,2800,2808.5,4126,0
20241228,230000,2808.5,2823,2808,2810,10067,0
20241230,100000,2821,2848,2819.5,2844.5,70114,0
20241230,110000,2845,2859,2843,2856.5,29864,0
20241230,120000,2857,2860,2850.5,2857.5,23841,0
20241230,130000,2857.5,2865,2852,2863.5,14761,0
20241230,140000,2863,2883,2859,2877.5,36014,0
20241230,150000,2877.5,2887,2866,2870,22884,0
20241230,160000,2870.5,2873,2867,2868.5,11091,0
20241230,170000,2868.5,2880,2867.5,2878,18948,0
20241230,180000,2878,2884.5,2877,2881.5,13560,0
20241230,190000,2879,2886.5,2875.5,2880,9265,0
20241230,200000,2879.5,2886.5,2878,2884,6378,0
20241230,210000,2884,2891.5,2882.5,2889.5,10173,0
20241230,220000,2890.5,2896,2887,2894,8218,0
20241230,230000,2893.5,2914,2893.5,2905,13873,0
20250103,100000,2907.5,2912,2850,2851.5,94175,0
20250103,110000,2851,2858,2834,2848.5,55525,0
20250103,120000,2849.5,2856,2824,2828,39216,0
20250103,130000,2828,2836,2822,2830,19443,0
20250103,140000,2830,2837.5,2816,2832.5,16688,0
20250103,150000,2832.5,2841.5,2824.5,2827.5,16254,0
20250103,160000,2827.5,2835,2825,2832,6192,0
20250103,170000,2831.5,2838.5,2830,2831,6227,0
20250103,180000,2830.5,2834,2826,2828,8251,0
20250103,190000,2830,2836,2825,2828,4796,0
20250103,200000,2828,2833.5,2827.5,2830,2326,0
20250103,210000,2830.5,2837,2830.5,2834,4652,0
20250103,220000,2834,2835,2831,2833.5,2135,0
20250103,230000,2833,2834,2829.5,2832,4778,0
20250106,100000,2819.5,2819.5,2795.5,2811.5,57204,0
20250106,110000,2811,2824.5,2804.5,2822,18892,0
20250106,120000,2821.5,2823,2807,2808,13537,0
20250106,130000,2808,2816.5,2806,2810.5,9371,0
20250106,140000,2811,2822,2807,2821,7203,0
20250106,150000,2820,2822.5,2812.5,2816.5,9261,0
20250106,160000,2817,2819.5,2812,2819.5,4200,0
20250106,170000,2819,2827,2818.5,2822.5,9571,0
20250106,180000,2822.5,2827,2817.5,2821,8682,0
20250106,190000,2821,2827.5,2819,2819.5,9224,0
20250106,200000,2819.5,2820,2817,2819,2850,0
20250106,210000,2819.5,2820,2816.5,2817.5,1567,0
20250106,220000,2817.5,2824.5,2816,2822,5033,0
20250106,230000,2822,2832,2822,2832,5670,0
20250108,100000,2827.5,2839,2815.5,2828.5,46416,0
20250108,110000,2829.5,2839.5,2825.5,2831,15222,0
20250108,120000,2831.5,2835.5,2827,2832.5,9325,0
20250108,130000,2831.5,2840.5,2830.5,2838,12107,0
20250108,140000,2838,2840.5,2835,2839.5,8999,0
20250108,150000,2839.5,2847.5,2839,2845,14552,0
20250108,160000,2844.5,2852.5,2844,2850.5,14965,0
20250108,170000,2851,2852,2847,2848.5,7153,0
20250108,180000,2848.5,2850.5,2841,2845,9484,0
20250108,190000,2846,2850.5,2844,2845,5288,0
20250108,200000,2845,2849.5,2845,2845.5,4380,0
20250108,210000,2846,2848.5,2844,2848,2670,0
20250108,220000,2848.5,2849.5,2846.5,2847,2520,0
20250108,230000,2847.5,2848.5,2844.5,2844.5,2655,0
20250109,100000,2849.5,2859.5,2815.5,2816,76399,0
20250109,110000,2816.5,2824,2801,2809.5,55634,0
20250109,120000,2808.5,2809.5,2784.5,2794.5,52245,0
20250109,130000,2794.5,2800.5,2789,2790,21834,0
20250109,140000,2791,2797,2776,2778,35364,0
20250109,150000,2777.5,2787,2771.5,2772.5,40522,0
20250109,160000,2772,2801.5,2769,2797,90796,0
20250109,170000,2797,2798,2786.5,2790,39755,0
20250109,180000,2789,2789,2777.5,2778,11939,0
20250109,190000,2779,2786.5,2778.5,2784,10416,0
20250109,200000,2784,2784,2767,2770,22571,0
20250109,210000,2770,2770.5,2762,2767,15824,0
20250109,220000,2767,2770.5,2765,2770,5519,0
20250109,230000,2770,2773.5,2770,2772.5,5642,0
20250110,100000,2777,2792.5,2772.5,2774,74548,0
20250110,110000,2774,2782.5,2754,2766,51295,0
20250110,120000,2766.5,2767.5,2750.5,2751.5,30563,0
20250110,130000,2751,2812.5,2751,2812.5,126784,0
20250110,140000,2812.5,2820,2803.5,2808.5,60064,0
20250110,150000,2808.5,2830,2808.5,2819.5,52173,0
20250110,160000,2819.5,2829,2812.5,2821,28832,0
20250110,170000,2821,2849,2816,2845,49670,0
20250110,180000,2845.5,2847,2819,2823.5,48698,0
20250110,190000,2824.5,2837.5,2821.5,2828,14757,0
20250110,200000,2828,2830,2820,2825,7306,0
20250110,210000,2825,2835,2824,2834,5772,0
20250110,220000,2833,2839.5,2833,2837,4951,0
20250110,230000,2837,2839.5,2834.5,2836,5878,0
20250113,100000,2859.5,2879.5,2852,2864.5,104967,0
20250113,110000,2865,2883.5,2856,2877.5,39470,0
20250113,120000,2875.5,2887.5,2872,2879.5,34306,0
20250113,130000,2879.5,2880.5,2861,2861,32685,0
20250113,140000,2863,2867,2845.5,2848.5,41246,0
20250113,150000,2848,2858.5,2840,2854,39704,0
20250113,160000,2853.5,2869,2848,2856.5,24930,0
20250113,170000,2857,2873,2850.5,2869.5,27017,0
20250113,180000,2869.5,2874.5,2863.5,2867.5,17162,0
20250113,190000,2869,2870,2859.5,2862.5,8975,0
20250113,200000,2862,2863,2853.5,2855.5,12452,0
20250113,210000,2855.5,2856,2840.5,2842.5,13588,0
20250113,220000,2842.5,2855.5,2842,2855,10154,0
20250113,230000,2855.5,2862,2851.5,2857,6905,0
20250114,100000,2848,2857.5,2836,2843.5,63877,0
20250114,110000,2843.5,2867,2832.5,2863,50439,0
20250114,120000,2862.5,2870.5,2858,2863.5,31634,0
20250114,130000,2864,2884,2863,2876.5,46497,0
20250114,140000,2876,2878.5,2865,2866.5,24507,0
20250114,150000,2867,2875,2862.5,2875,23723,0
20250114,160000,2875,2879.5,2867.5,2872,14581,0
20250114,170000,2872,2875.5,2866.5,2873.5,12353,0
20250114,180000,2873.5,2875.5,2864,2865,21459,0
20250114,190000,2864.5,2869.5,2856.5,2864,15261,0
20250114,200000,2863.5,2870,2863,2867,5829,0
20250114,210000,2867.5,2875,2864.5,2874.5,6887,0
20250114,220000,2874.5,2877,2873,2874.5,4390,0
20250114,230000,2874,2875,2872.5,2875,2701,0
20250115,100000,2875,2881.5,2861.5,2862,43839,0
20250115,110000,2861.5,2866.5,2851.5,2856,29670,0
20250115,120000,2856,2860.5,2844,2844.5,26282,0
20250115,130000,2844.5,2852.5,2842.5,2850,11585,0
20250115,140000,2850,2860,2842,2852,28237,0
20250115,150000,2851.5,2863.5,2844.5,2859,21718,0
20250115,160000,2859.5,2860.5,2851,2855.5,14111,0
20250115,170000,2856,2856,2844,2852,15718,0
20250115,180000,2852,2855,2845.5,2849,11394,0
20250115,190000,2850,2897,2850,2891.5,84866,0
20250115,200000,2892.5,2901.5,2888.5,2891,26349,0
20250115,210000,2891,2901.5,2891,2901.5,14791,0
20250115,220000,2901.5,2906,2900.5,2904,10236,0
20250115,230000,2904.5,2910.5,2904,2909.5,9417,0
20250116,100000,2913,2917.5,2894.5,2907,88829,0
20250116,110000,2907,2921,2902,2919,56659,0
20250116,120000,2919,2930,2916,2920,58173,0
20250116,130000,2919.5,2924,2914,2923,16096,0
20250116,140000,2923.5,2934.5,2921.5,2932,29375,0
20250116,150000,2932.5,2935.5,2925,2926,33283,0
20250116,160000,2926,2926,2903,2911,72753,0
20250116,170000,2911,2919.5,2908,2917,25923,0
20250116,180000,2917,2919,2911,2913.5,19259,0
20250116,190000,2912.5,2924.5,2909,2911.5,17858,0
20250116,200000,2911.5,2913,2907,2908,7653,0
20250116,210000,2908,2914.5,2906.5,2912.5,5385,0
20250116,220000,2912.5,2918.5,2911.5,2915,4478,0
20250116,230000,2916.5,2916.5,2908,2913,4916,0
20250117,100000,2912,2920,2897,2916.5,86663,0
20250117,110000,2917.5,2930,2915.5,2923,47456,0
20250117,120000,2924,2930,2916.5,2924,28628,0
20250117,130000,2924,2936,2919.5,2934,41565,0
20250117,140000,2932,2937.5,2928.5,2933.5,24433,0
20250117,150000,2933.5,2939,2927.5,2936.5,25351,0
20250117,160000,2936.5,2952,2933,2948,44482,0
20250117,170000,2948.5,2953,2943.5,2952,34187,0
20250117,180000,2951,2951,2946,2950,11873,0
20250117,190000,2950.5,2959.5,2950.5,2955,19652,0
20250117,200000,2954.5,2958.5,2949,2949.5,10964,0
20250117,210000,2950,2956,2948.5,2952.5,7060,0
20250117,220000,2952.5,2958,2952,2958,7329,0
20250117,230000,2957.5,2959.5,2955.5,2957.5,12023,0
20250120,100000,2969,2989,2967.5,2981,106595,0
20250120,110000,2980.5,2981,2961,2971,66025,0
20250120,120000,2971,2972,2936.5,2939.5,84157,0
20250120,130000,2939.5,2949.5,2926.5,2941.5,62139,0
20250120,140000,2941,2962,2941,2954,29272,0
20250120,150000,2954,2964.5,2942.5,2953.5,51903,0
20250120,160000,2954,2967,2952,2960,28977,0
20250120,170000,2960,2965,2935.5,2936,38427,0
20250120,180000,2936.5,2937,2920,2933.5,65268,0
20250120,190000,2930,2950.5,2926,2942.5,35240,0
20250120,200000,2942.5,2949,2926.5,2928.5,25529,0
20250120,210000,2928.5,2928.5,2905.5,2922.5,58839,0
20250120,220000,2922.5,2922.5,2913,2913.5,12245,0
20250120,230000,2913,2916,2909,2915,7889,0
20250121,100000,2918,2935.5,2914,2929.5,58875,0
20250121,110000,2930,2932,2916,2919,23454,0
20250121,120000,2919,2919.5,2908,2908.5,29559,0
20250121,130000,2908,2920,2907,2914.5,18149,0
20250121,140000,2912.5,2916,2889.5,2892.5,70070,0
20250121,150000,2892,2900,2891,2899.5,32722,0
20250121,160000,2899.5,2911.5,2897.5,2909,57719,0
20250121,170000,2909,2931.5,2905,2930.5,48588,0
20250121,180000,2930.5,2943,2930.5,2937,49162,0
20250121,190000,2938,2943,2934,2937,14745,0
20250121,200000,2937.5,2944,2937,2941.5,14644,0
20250121,210000,2941.5,2942.5,2938.5,2941,3672,0
20250121,220000,2940,2944.5,2939.5,2943,4363,0
20250121,230000,2943.5,2951,2943,2948,9327,0
20250122,100000,2952.5,2954,2930,2933.5,81273,0
20250122,110000,2933,2950.5,2931.5,2948,30298,0
20250122,120000,2948,2961,2939.5,2958,32234,0
20250122,130000,2958,2964,2951,2955.5,25908,0
20250122,140000,2956.5,2973,2956.5,2968.5,40760,0
20250122,150000,2968.5,2970.5,2954,2955.5,34278,0
20250122,160000,2955.5,2964.5,2952.5,2960,21309,0
20250122,170000,2959.5,2973,2959.5,2967.5,40275,0
20250122,180000,2967.5,2980,2966,2977,39591,0
20250122,190000,2980,2988,2940,2948.5,104206,0
20250122,200000,2948,2950,2935,2948.5,31521,0
20250122,210000,2948,2950.5,2942,2950,9338,0
20250122,220000,2950,2956,2946,2949,9649,0
20250122,230000,2949.5,2950,2938.5,2942,5295,0
20250123,100000,2938,2948.5,2925.5,2947,70348,0
20250123,110000,2947.5,2950,2931.5,2940,32282,0
20250123,120000,2938.5,2939,2913.5,2923.5,62881,0
20250123,130000,2923.5,2938,2921.5,2930,45451,0
20250123,140000,2931,2943.5,2923,2941.5,33507,0
20250123,150000,2941.5,2944,2929,2932.5,28493,0
20250123,160000,2932.5,2941.5,2927,2938,36040,0
20250123,170000,2938,2939.5,2926.5,2932.5,24552,0
20250123,180000,2933,2937,2921,2926,23514,0
20250123,190000,2928.5,2935,2916,2931.5,35239,0
20250123,200000,2931.5,2960,2931.5,2945.5,53548,0
20250123,210000,2945.5,2949,2941.5,2942.5,8572,0
20250123,220000,2943,2946,2942,2944,4174,0
20250123,230000,2944,2964.5,2941.5,2964.5,18246,0
20250124,100000,2963,2963.5,2950,2956.5,65373,0
20250124,110000,2956.5,2964.5,2956,2961.5,32143,0
20250124,120000,2962,2971.5,2954.5,2965.5,35256,0
20250124,130000,2965.5,2970.5,2962,2965.5,18167,0
20250124,140000,2965.5,2975,2964,2974.5,18587,0
20250124,150000,2975,2976.5,2966.5,2972,19860,0
20250124,160000,2972,2973.5,2944,2947,57185,0
20250124,170000,2947,2960,2937.5,2951.5,57407,0
20250124,180000,2951,2962,2949.5,2957,19589,0
20250124,190000,2958,2962.5,2955.5,2960,14561,0
20250124,200000,2960,2962.5,2958,2958,6732,0
20250124,210000,2957.5,2961.5,2951.5,2961.5,18861,0
20250124,220000,2961.5,2964,2958,2962.5,6636,0
20250124,230000,2962.5,2964.5,2959,2962.5,7884,0
20250127,090000,2962.5,2964,2947.5,2952,16070,0
20250127,100000,2951.5,2952,2938.5,2943.5,52430,0
20250127,110000,2943.5,2944.5,2917.5,2918,72938,0
20250127,120000,2918,2928,2911.5,2927.5,50155,0
20250127,130000,2927.5,2933.5,2922,2927,22671,0
20250127,140000,2926,2926.5,2913,2916.5,23234,0
20250127,150000,2915.5,2929.5,2912.5,2928.5,23867,0
20250127,160000,2928.5,2928.5,2905,2906.5,42514,0
20250127,170000,2906.5,2910,2890.5,2896,75448,0
20250127,180000,2896,2902,2891.5,2892.5,33394,0
20250127,190000,2893.5,2900,2888,2896.5,29886,0
20250127,200000,2897,2897,2891,2894,6409,0
20250127,210000,2894,2894.5,2884.5,2888.5,21498,0
20250127,220000,2888.5,2897,2888,2895,7059,0
20250127,230000,2895,2898,2889,2890.5,7973,0
20250128,090000,2887,2902.5,2877,2892,35261,0
20250128,100000,2892.5,2898.5,2882.5,2892.5,56827,0
20250128,110000,2892,2899.5,2886.5,2888.5,22933,0
20250128,120000,2888,2888,2874.5,2884.5,45576,0
20250128,130000,2884.5,2901.5,2883,2894.5,59606,0
20250128,140000,2895,2925,2894,2914,71705,0
20250128,150000,2914,2928,2906,2924,50515,0
20250128,160000,2924,2932.5,2920,2925.5,53464,0
20250128,170000,2925.5,2931,2920,2929.5,35605,0
20250128,180000,2929.5,2939,2927.5,2935.5,37620,0
20250128,190000,2936,2943.5,2933.5,2941,29552,0
20250128,200000,2942,2942.5,2936.5,2939.5,13021,0
20250128,210000,2940,2944.5,2937,2943.5,9018,0
20250128,220000,2943.5,2949,2940,2944,13940,0
20250128,230000,2943.5,2943.5,2936,2936,3910,0
20250129,090000,2938,2943.5,2932,2937.5,16853,0
20250129,100000,2938,2943.5,2930.5,2935,31945,0
20250129,110000,2935,2953,2935,2950,34775,0
20250129,120000,2950,2960.5,2941.5,2955,24921,0
20250129,130000,2955.5,2962,2948.5,2953.5,21155,0
20250129,140000,2954,2958.5,2943,2944.5,22438,0
20250129,150000,2944.5,2952.5,2942.5,2943.5,18563,0
20250129,160000,2943.5,2948,2933.5,2933.5,31928,0
20250129,170000,2934,2949.5,2932,2948,22084,0
20250129,180000,2948.5,2953.5,2946,2949,14903,0
20250129,190000,2950,2962,2935.5,2942.5,40313,0
20250129,200000,2943,2946.5,2941,2944,6081,0
20250129,210000,2944,2945,2940,2943.5,3946,0
20250129,220000,2943.5,2945,2942.5,2943.5,2371,0
20250129,230000,2943,2944.5,2941.5,2943,3552,0
20250130,090000,2946.5,2952,2943,2952,8788,0
20250130,100000,2952,2957.5,2946,2954.5,39866,0
20250130,110000,2954.5,2960.5,2950.5,2952,58152,0
20250130,120000,2952,2954.5,2943,2949.5,59399,0
20250130,130000,2949.5,2957,2943,2953,23280,0
20250130,140000,2952.5,2960,2951,2954,21316,0
20250130,150000,2954,2959.5,2949,2955.5,22106,0
20250130,160000,2956.5,2964,2954,2959.5,28232,0
20250130,170000,2960.5,2968,2958,2968,25505,0
20250130,180000,2968,2970,2964,2966,17708,0
20250130,190000,2965,2971.5,2961,2970,17930,0
20250130,200000,2970.5,2973.5,2968.5,2971,8247,0
20250130,210000,2971.5,2973.5,2970.5,2973,3230,0
20250130,220000,2973,2974.5,2972,2973.5,4093,0
20250130,230000,2972.5,2974,2972,2974,6315,0
20250131,090000,2976.5,2985,2976,2982,17197,0
20250131,100000,2982.5,2991.5,2981,2989,44133,0
20250131,110000,2988.5,2997,2974,2975.5,56793,0
20250131,120000,2976,2983.5,2971,2981.5,33140,0
20250131,130000,2981,2984,2975.5,2978,17640,0
20250131,140000,2978.5,2987.5,2976.5,2983,17203,0
20250131,150000,2983.5,2987,2961.5,2963.5,37196,0
20250131,160000,2964.5,2969,2956,2958,64187,0
20250131,170000,2958,2964.5,2948,2952.5,62002,0
20250131,180000,2952.5,2955,2944.5,2950,30948,0
20250131,190000,2955,2966.5,2951,2964.5,25304,0
20250131,200000,2965,2966,2956.5,2957,9325,0
20250131,210000,2958,2963,2957,2960.5,4703,0
20250131,220000,2961,2964,2954,2956.5,7591,0
20250131,230000,2957,2957,2951.5,2955,10270,0
20250203,090000,2944.5,2952,2937,2938,24398,0
20250203,100000,2938.5,2946.5,2933.5,2945.5,43389,0
20250203,110000,2946,2948,2934,2937,23837,0
20250203,120000,2937,2939,2928,2939,46895,0
20250203,130000,2938,2944,2933,2939,27547,0
20250203,140000,2939,2940.5,2932,2934.5,15109,0
20250203,150000,2934.5,2936,2920,2924,38240,0
20250203,160000,2923.5,2933,2919,2930,34356,0
20250203,170000,2931,2931.5,2921,2924.5,19868,0
20250203,180000,2924,2927.5,2916.5,2923,25154,0
20250203,190000,2926.5,2937.5,2922,2936.5,18923,0
20250203,200000,2936,2944,2931.5,2944,12691,0
20250203,210000,2943.5,2946.5,2942,2944,11903,0
20250203,220000,2944,2950,2944,2949,8766,0
20250203,230000,2949,2950,2938,2938,14567,0
20250204,090000,2938,2949,2938,2947.5,10008,0
20250204,100000,2947.5,2953,2940,2947.5,31263,0
20250204,110000,2948.5,2949.5,2934,2936,24620,0
20250204,120000,2936,2939,2930.5,2932,19883,0
20250204,130000,2931.5,2939,2927.5,2930,20779,0
20250204,140000,2929.5,2935.5,2925.5,2930.5,18225,0
20250204,150000,2930,2933.5,2925,2930,16320,0
20250204,160000,2929.5,2931.5,2923,2926.5,17249,0
20250204,170000,2926.5,2927,2911.5,2920.5,57692,0
20250204,180000,2920,2928.5,2914.5,2916,36214,0
20250204,190000,2917.5,2925,2917,2920.5,15907,0
20250204,200000,2920,2922,2917,2917,8186,0
20250204,210000,2917,2917,2905,2907,27002,0
20250204,220000,2906.5,2912.5,2905,2908.5,15293,0
20250204,230000,2908.5,2911,2908,2911,7780,0
20250205,090000,2910.5,2917,2909.5,2913.5,11392,0
20250205,100000,2913.5,2921,2908,2917.5,38972,0
20250205,110000,2917.5,2920.5,2897,2899,74536,0
20250205,120000,2898.5,2925.5,2895,2923,64525,0
20250205,130000,2923,2925,2907,2914.5,36683,0
20250205,140000,2913.5,2920.5,2905,2911,18832,0
20250205,150000,2911,2920.5,2909.5,2913,22819,0
20250205,160000,2913.5,2916.5,2907.5,2914,18040,0
20250205,170000,2914,2934,2913,2931,36182,0
20250205,180000,2932,2939,2927.5,2930,41048,0
20250205,190000,2932,2959,2932,2956.5,63864,0
20250205,200000,2957.5,2959,2954.5,2958.5,12621,0
20250205,210000,2958,2963,2954,2961,9051,0
20250205,220000,2961.5,2965,2958.5,2959.5,14652,0
20250205,230000,2959.5,2962,2959,2959,3960,0
20250206,090000,2965,2965.5,2957.5,2962,14834,0
20250206,100000,2962,2975,2955,2971.5,65430,0
20250206,110000,2971.5,2973.5,2962,2963,32066,0
20250206,120000,2963,2972.5,2962,2967.5,17278,0
20250206,130000,2968,2968.5,2957,2960,19011,0
20250206,140000,2959.5,2966.5,2953.5,2958.5,24113,0
20250206,150000,2958.5,2971,2957,2967.5,28177,0
20250206,160000,2967,2972.5,2962,2969.5,23077,0
20250206,170000,2969.5,2989,2969.5,2980.5,61192,0
20250206,180000,2981,2983,2971.5,2976,28817,0
20250206,190000,2976.5,2980,2974.5,2976,9687,0
20250206,200000,2976.5,2978,2974.5,2976.5,3822,0
20250206,210000,2976.5,2981,2976.5,2980,5140,0
20250206,220000,2979.5,2980.5,2976.5,2976.5,3052,0
20250206,230000,2976.5,2978,2976,2976,2055,0
20250207,090000,2983.5,2987,2979.5,2985.5,15189,0
20250207,100000,2985.5,2988,2972,2986,53215,0
20250207,110000,2986,2987.5,2968,2968.5,36205,0
20250207,120000,2968.5,2973,2963.5,2968,32188,0
20250207,130000,2968.5,2980,2966,2976,23557,0
20250207,140000,2975.5,2976,2962.5,2969.5,22247,0
20250207,150000,2970,2974.5,2965.5,2967.5,16392,0
20250207,160000,2967.5,2976.5,2962.5,2971.5,23260,0
20250207,170000,2971.5,2972.5,2965,2965.5,18423,0
20250207,180000,2965.5,2969.5,2960.5,2968,17899,0
20250207,190000,2967.5,2969,2966,2967,6031,0
20250207,200000,2966.5,2976,2966.5,2972.5,11656,0
20250207,210000,2973.5,2976,2972.5,2973.5,2568,0
20250207,220000,2973.5,2974,2970.5,2972,1162,0
20250207,230000,2971.5,2973,2970,2973,3537,0
20250210,090000,2987.5,2996.5,2984.5,2995.5,33663,0
20250210,100000,2995.5,2999.5,2990.5,2994.5,48056,0
20250210,110000,2994.5,2995,2984,2984.5,24598,0
20250210,120000,2984.5,2993.5,2984,2992,15695,0
20250210,130000,2992,2997.5,2991,2995.5,17307,0
20250210,140000,2995,3013.5,2992.5,3012.5,76421,0
20250210,150000,3013,3013.5,3005.5,3008.5,22116,0
20250210,160000,3009,3019.5,3009,3019.5,36865,0
20250210,170000,3019,3020,3015,3017.5,16996,0
20250210,180000,3018,3023,3012,3014.5,26483,0
20250210,190000,3014.5,3023.5,3014.5,3021,12599,0
20250210,200000,3021,3024.5,3020.5,3022.5,5597,0
20250210,210000,3022.5,3025,3020,3022,9924,0
20250210,220000,3021.5,3024,2985.5,2990,70548,0
20250210,230000,2989.5,2996,2974.5,2986,46292,0
20250211,090000,2992,3004,2989,3002.5,28961,0
20250211,100000,3003,3005.5,2987,3003,56991,0
20250211,110000,3003,3004,2985,2988.5,46674,0
20250211,120000,2988.5,3002,2986,3001,40247,0
20250211,130000,3001,3017.5,2999.5,3012,48926,0
20250211,140000,3012,3019.5,3008,3009.5,17630,0
20250211,150000,3010,3015,3009.5,3013.5,10567,0
20250211,160000,3013.5,3018.5,3012.5,3015,16357,0
20250211,170000,3015.5,3021,3014.5,3019,16846,0
20250211,180000,3019.5,3020.5,3013.5,3016.5,11055,0
20250211,190000,3018,3022,3016,3017.5,6925,0
20250211,200000,3017.5,3018,3009.5,3016.5,10900,0
20250211,210000,3016,3028,3014,3026.5,14360,0
20250211,220000,3026.5,3030,3024,3028.5,16860,0
20250211,230000,3028.5,3029,3026,3027.5,4811,0
20250212,090000,3037,3044,3037,3043,28679,0
20250212,100000,3043,3050.5,3037.5,3048.5,35524,0
20250212,110000,3048.5,3054,3046,3053,31393,0
20250212,120000,3053,3059,3051,3052,35035,0
20250212,130000,3052,3056.5,3051,3053,15074,0
20250212,140000,3054,3061.5,3045.5,3048,50917,0
20250212,150000,3047,3049,3038,3038.5,36448,0
20250212,160000,3039,3052.5,3035,3048,25179,0
20250212,170000,3048.5,3052,3026.5,3028.5,39549,0
20250212,180000,3028,3047,3027.5,3047,25489,0
20250212,190000,3043,3071.5,3009,3071.5,95302,0
20250212,200000,3071.5,3168.5,3071.5,3144,284154,0
20250212,210000,3144,3177,3142.5,3177,131416,0
20250212,220000,3177,3177,3177,3177,4933,0
20250212,230000,3177,3177,3177,3177,1573,0
20250213,090000,3177,3177,3177,3177,8613,0
20250213,100000,3177,3252.5,3146.5,3187,241701,0
20250213,110000,3187,3218.5,3171.5,3214,93106,0
20250213,120000,3214.5,3235,3212,3227.5,79733,0
20250213,130000,3226.5,3250,3200,3209,86206,0
20250213,140000,3207,3222,3195,3197,51841,0
20250213,150000,3197,3222.5,3195.5,3219.5,28700,0
20250213,160000,3219.5,3229,3208,3211.5,22745,0
20250213,170000,3211.5,3226,3209,3223,13867,0
20250213,180000,3223,3229.5,3192.5,3210.5,41987,0
20250213,190000,3212,3227,3205,3218.5,23001,0
20250213,200000,3218.5,3225,3215.5,3222,11357,0
20250213,210000,3222,3224,3216.5,3219.5,6314,0
20250213,220000,3220.5,3249,3219,3248.5,20337,0
20250213,230000,3248.5,3267,3238,3267,31921,0
20250214,090000,3259,3294.5,3253.5,3273.5,58168,0
20250214,100000,3273,3285.5,3257,3279.5,64143,0
20250214,110000,3279.5,3293,3277,3279.5,53465,0
20250214,120000,3280,3287.5,3254,3281.5,62818,0
20250214,130000,3281.5,3286.5,3209,3220,231034,0
20250214,140000,3217,3248.5,3205.5,3229,96349,0
20250214,150000,3228.5,3257.5,3213.5,3217.5,74915,0
20250214,160000,3217,3221,3154,3170.5,176565,0
20250214,170000,3170,3198.5,3161.5,3179.5,99201,0
20250214,180000,3180,3197,3168,3191,44618,0
20250214,190000,3192.5,3220,3192,3210,44621,0
20250214,200000,3209,3212,3189.5,3190,20746,0
20250214,210000,3189.5,3205,3189.5,3203,9534,0
20250214,220000,3204,3208,3199,3201,9788,0
20250214,230000,3200.5,3211.5,3200.5,3210.5,7743,0
20250217,090000,3255,3273,3253,3267.5,42781,0
20250217,100000,3267.5,3269.5,3250,3264,51839,0
20250217,110000,3264,3269,3252,3258.5,35708,0
20250217,120000,3259,3281.5,3255.5,3278,49703,0
20250217,130000,3278.5,3290,3275,3280,55414,0
20250217,140000,3281,3284,3271,3274.5,37079,0
20250217,150000,3274.5,3310,3272.5,3295.5,59865,0
20250217,160000,3295.5,3306.5,3285.5,3299,44912,0
20250217,170000,3299,3310,3292.5,3305.5,52179,0
20250217,180000,3305.5,3324.5,3303,3319.5,69472,0
20250217,190000,3319.5,3333,3317.5,3320.5,35672,0
20250217,200000,3320,3327,3318,3326,14310,0
20250217,210000,3326.5,3336,3321,3333,16163,0
20250217,220000,3333,3348,3332,3341,40205,0
20250217,230000,3341,3363,3341,3357.5,26780,0
20250218,090000,3344,3344,3309,3316.5,74911,0
20250218,100000,3316.5,3332,3296,3331,116869,0
20250218,110000,3331,3331,3280.5,3283,107606,0
20250218,120000,3283,3317.5,3276.5,3306,108522,0
20250218,130000,3305,3324,3303,3311,56512,0
20250218,140000,3311,3349.5,3295,3339,108202,0
20250218,150000,3338,3348.5,3257,3276.5,252708,0
20250218,160000,3276,3308,3263,3280.5,100283,0
20250218,170000,3281,3291.5,3265.5,3269.5,50694,0
20250218,180000,3269,3273.5,3260.5,3264,49108,0
20250218,190000,3265,3282,3261.5,3275,33475,0
20250218,200000,3275,3277.5,3264.5,3266,12015,0
20250218,210000,3266.5,3268,3224,3243.5,58360,0
20250218,220000,3243,3253,3232,3248,27072,0
20250218,230000,3247.5,3262,3247,3260,11199,0
20250219,090000,3263,3288.5,3248.5,3278.5,57466,0
20250219,100000,3279,3283.5,3251,3252.5,45998,0
20250219,110000,3253.5,3259.5,3225.5,3238.5,87369,0
20250219,120000,3238,3253.5,3233,3244.5,40676,0
20250219,130000,3244,3273,3238,3259,60331,0
20250219,140000,3259.5,3271,3257.5,3263.5,27603,0
20250219,150000,3263.5,3276,3254.5,3268,58087,0
20250219,160000,3269.5,3282,3269.5,3275.5,35550,0
20250219,170000,3276.5,3295.5,3267,3293,64105,0
20250219,180000,3293,3297.5,3274.5,3285,43733,0
20250219,190000,3287,3325,3286.5,3311.5,94717,0
20250219,200000,3311,3323.5,3305.5,3317,28715,0
20250219,210000,3317.5,3325,3315.5,3317.5,21473,0
20250219,220000,3317.5,3322,3302,3306.5,27156,0
20250219,230000,3306.5,3313,3302.5,3310,13191,0
20250220,090000,3304,3321.5,3300,3304.5,30908,0
20250220,100000,3305,3312,3293,3297,46954,0
20250220,110000,3296.5,3302.5,3282.5,3294,36095,0
20250220,120000,3294,3318.5,3286,3316,59796,0
20250220,130000,3316,3318.5,3307,3307,26731,0
20250220,140000,3308,3316.5,3298.5,3313,30880,0
20250220,150000,3313,3329.5,3307.5,3325,50917,0
20250220,160000,3324,3339,3321.5,3329.5,65198,0
20250220,170000,3330.5,3338.5,3320.5,3330,44890,0
20250220,180000,3331,3333.5,3291,3298,71046,0
20250220,190000,3300.5,3314,3297.5,3303.5,36249,0
20250220,200000,3304,3305,3293,3304,22669,0
20250220,210000,3304.5,3312,3300,3310.5,19996,0
20250220,220000,3310,3313,3306.5,3310,9590,0
20250220,230000,3309.5,3312,3300,3310,14154,0
20250221,090000,3308.5,3320.5,3305,3320.5,25768,0
20250221,100000,3319,3322.5,3310.5,3320,46428,0
20250221,110000,3319.5,3326.5,3313.5,3320.5,25999,0
20250221,120000,3320.5,3326.5,3310.5,3311.5,31398,0
20250221,130000,3311.5,3317.5,3283,3287,74097,0
20250221,140000,3287,3289,3265,3285.5,95222,0
20250221,150000,3285,3285.5,3271.5,3276.5,39155,0
20250221,160000,3275.5,3289,3270,3278.5,58344,0
20250221,170000,3278.5,3299,3276.5,3292,49564,0
20250221,180000,3293,3296.5,3283,3295,33374,0
20250221,190000,3296.5,3310,3290.5,3295.5,39361,0
20250221,200000,3295.5,3302.5,3290,3300,16061,0
20250221,210000,3300.5,3303.5,3298.5,3302,7621,0
20250221,220000,3302,3306,3301.5,3303.5,15817,0
20250221,230000,3304,3323.5,3303.5,3319,24141,0
20250224,090000,3317,3326.5,3311,3322,39763,0
20250224,100000,3322,3330,3304.5,3305.5,70950,0
20250224,110000,3305.5,3318,3301,3306,37293,0
20250224,120000,3306,3313,3302,3308,20167,0
20250224,130000,3309,3314,3302,3306,25515,0
20250224,140000,3306.5,3312,3303.5,3306,15704,0
20250224,150000,3306.5,3309,3291.5,3292.5,33795,0
20250224,160000,3293,3296.5,3285.5,3294,30229,0
20250224,170000,3294,3307.5,3292,3303,30697,0
20250224,180000,3304,3325.5,3300.5,3323.5,46691,0
20250224,190000,3323.5,3327,3315,3315.5,32116,0
20250224,200000,3316.5,3343,3315,3340,44504,0
20250224,210000,3341,3357.5,3336,3348.5,48742,0
20250224,220000,3349,3351.5,3342,3347.5,13709,0
20250224,230000,3347,3373.5,3344.5,3365,32295,0
20250225,090000,3370,3384,3363.5,3376.5,44495,0
20250225,100000,3376.5,3384,3362.5,3371,79308,0
20250225,110000,3370.5,3379,3361.5,3362,64772,0
20250225,120000,3362,3372,3361,3366.5,28280,0
20250225,130000,3366.5,3370.5,3352,3357,40199,0
20250225,140000,3356.5,3373,3354.5,3368.5,30772,0
20250225,150000,3368.5,3381,3358,3361,35368,0
20250225,160000,3361,3368.5,3361,3362.5,16607,0
20250225,170000,3363,3364.5,3355,3360.5,19489,0
20250225,180000,3359.5,3360.5,3337,3338.5,42712,0
20250225,190000,3341,3351.5,3337,3344.5,44507,0
20250225,200000,3344,3350,3341.5,3347,10202,0
20250225,210000,3348,3357.5,3348,3357.5,14570,0
20250225,220000,3357,3375,3357,3369,26897,0
20250225,230000,3368.5,3369,3348,3355,18209,0
20250226,090000,3361,3368,3346.5,3347.5,31995,0
20250226,100000,3346.5,3351,3327,3346,77576,0
20250226,110000,3347,3349,3330,3338.5,45962,0
20250226,120000,3337,3341,3315,3321,63526,0
20250226,130000,3320.5,3326,3275.5,3282.5,129562,0
20250226,140000,3287,3303,3271,3290,94414,0
20250226,150000,3290,3297.5,3250,3256.5,103987,0
20250226,160000,3256,3270.5,3239,3266.5,97797,0
20250226,170000,3267,3282,3256.5,3281.5,57484,0
20250226,180000,3281,3283.5,3270,3276.5,51927,0
20250226,190000,3274,3274,3226,3261,130013,0
20250226,200000,3261.5,3277,3240,3245.5,51606,0
20250226,210000,3245.5,3264,3245.5,3253,48216,0
20250226,220000,3252,3256,3240,3248.5,30934,0
20250226,230000,3249.5,3258,3248.5,3252.5,9009,0
20250227,090000,3234.5,3263.5,3230.5,3253,73896,0
20250227,100000,3253.5,3272.5,3238.5,3245,83759,0
20250227,110000,3245.5,3251.5,3218,3233,89539,0
20250227,120000,3233,3247.5,3205.5,3208.5,94059,0
20250227,130000,3208.5,3231,3201,3227,73314,0
20250227,140000,3225.5,3229.5,3212.5,3215,54322,0
20250227,150000,3215,3268,3213.5,3251.5,114436,0
20250227,160000,3252,3270,3233.5,3246.5,80398,0
20250227,170000,3246,3255,3238,3245.5,28948,0
20250227,180000,3245,3251.5,3233.5,3238,26383,0
20250227,190000,3241,3241.5,3201,3228.5,122405,0
20250227,200000,3228,3232.5,3206,3212.5,51195,0
20250227,210000,3212.5,3221.5,3196,3213,51784,0
20250227,220000,3212.5,3217.5,3196,3203,22418,0
20250227,230000,3203.5,3203.5,3187,3195,18424,0
20250228,090000,3196,3215.5,3196,3210,41623,0
20250228,100000,3209.5,3220.5,3161,3169.5,211595,0
20250228,110000,3168.5,3179.5,3156,3177.5,114070,0
20250228,120000,3178,3182,3160,3160.5,66294,0
20250228,130000,3160.5,3183,3160,3180.5,49146,0
20250228,140000,3181.5,3195,3174.5,3183.5,66833,0
20250228,150000,3183.5,3186.5,3161.5,3170,63192,0
20250228,160000,3170,3188,3166,3177.5,51519,0
20250228,170000,3177.5,3199,3168.5,3194,76976,0
20250228,180000,3195,3213,3193.5,3205.5,48190,0
20250228,190000,3206.5,3241,3201,3234.5,103744,0
20250228,200000,3235.5,3259,3222,3249,108191,0
20250228,210000,3249,3264.5,3182.5,3221.5,288980,0
20250228,220000,3221.5,3240.5,3203,3237.5,51347,0
20250228,230000,3237,3250,3232.5,3244.5,35725,0
20250303,090000,3212,3212.5,3183,3192,85701,0
20250303,100000,3193,3193,3151,3159.5,116378,0
20250303,110000,3159,3173.5,3138,3152,120094,0
20250303,120000,3150.5,3154.5,3132,3144,79698,0
20250303,130000,3143,3153,3130.5,3146.5,61775,0
20250303,140000,3147,3161,3134,3158.5,72605,0
20250303,150000,3157,3159.5,3140.5,3151,50853,0
20250303,160000,3150.5,3176,3149,3172,57770,0
20250303,170000,3172,3175,3151,3154,55527,0
20250303,180000,3154,3161.5,3148,3153.5,30637,0
20250303,190000,3153.5,3174,3135.5,3160,111891,0
20250303,200000,3161,3177,3156,3172,45814,0
20250303,210000,3172.5,3177,3141.5,3149,36169,0
20250303,220000,3150,3213,3145,3207.5,159695,0
20250303,230000,3207.5,3208.5,3181.5,3187,46377,0
20250304,090000,3208,3224.5,3203.5,3212,77365,0
20250304,100000,3212,3246,3198.5,3239.5,125442,0
20250304,110000,3240.5,3250,3228.5,3246,56037,0
20250304,120000,3246,3249,3236,3239,35402,0
20250304,130000,3238.5,3242,3225.5,3232.5,30092,0
20250304,140000,3232.5,3248,3228.5,3238.5,59595,0
20250304,150000,3238,3240.5,3224,3229.5,56126,0
20250304,160000,3230,3246.5,3225.5,3241.5,39446,0
20250304,170000,3241.5,3242,3230,3236.5,26104,0
20250304,180000,3237,3277,3235.5,3260.5,61569,0
20250304,190000,3271.5,3318,3269.5,3296.5,168071,0
20250304,200000,3296.5,3299,3290.5,3297,25395,0
20250304,210000,3297,3302,3287.5,3293.5,23238,0
20250304,220000,3294,3307.5,3293.5,3299,34606,0
20250304,230000,3299.5,3301,3293,3293,9178,0
20250305,090000,3269,3273,3253,3260.5,75118,0
20250305,100000,3260,3266,3246,3249,71176,0
20250305,110000,3249,3284,3247,3284,66414,0
20250305,120000,3283,3298,3277,3287,67416,0
20250305,130000,3286.5,3289.5,3274.5,3276.5,27536,0
20250305,140000,3276.5,3280.5,3258.5,3273,45597,0
20250305,150000,3273,3281,3250,3258.5,62904,0
20250305,160000,3258.5,3272,3253,3269,35005,0
20250305,170000,3268.5,3278,3261,3265,28922,0
20250305,180000,3266,3284.5,3265.5,3273,59416,0
20250305,190000,3274,3300,3267,3277,90010,0
20250305,200000,3277.5,3283.5,3271.5,3275,17961,0
20250305,210000,3274.5,3275,3254.5,3267,34060,0
20250305,220000,3265.5,3269,3213,3226.5,129288,0
20250305,230000,3226,3234.5,3213,3219,31329,0
20250306,090000,3240.5,3243,3224,3236.5,52916,0
20250306,100000,3236.5,3239.5,3221.5,3234,54588,0
20250306,110000,3234,3234.5,3206.5,3222.5,57803,0
20250306,120000,3222.5,3226,3209.5,3212,37553,0
20250306,130000,3212,3213,3195,3201,52915,0
20250306,140000,3201,3216.5,3195.5,3199,42375,0
20250306,150000,3199.5,3214.5,3194.5,3211.5,46831,0
20250306,160000,3212,3239.5,3203.5,3231.5,82294,0
20250306,170000,3232.5,3244,3220.5,3230,61379,0
20250306,180000,3229,3231,3204,3207,57770,0
20250306,190000,3209.5,3226,3205,3217,41983,0
20250306,200000,3217,3233.5,3208.5,3225.5,45999,0
20250306,210000,3225.5,3229,3213.5,3222,24783,0
20250306,220000,3223,3224,3209,3217.5,26045,0
20250306,230000,3217.5,3220.5,3211,3215,20177,0
20250307,090000,3236,3237.5,3227.5,3232.5,36452,0
20250307,100000,3233,3247.5,3226,3241,68065,0
20250307,110000,3241,3257.5,3240,3254.5,46997,0
20250307,120000,3255,3255.5,3237.5,3239,37646,0
20250307,130000,3239,3251.5,3238,3243.5,23016,0
20250307,140000,3245,3252,3235.5,3242.5,38715,0
20250307,150000,3243,3251.5,3237.5,3238.5,31594,0
20250307,160000,3238,3248.5,3237.5,3247.5,22022,0
20250307,170000,3248,3249,3163.5,3184,257329,0
20250307,180000,3184,3188.5,3160,3172.5,73387,0
20250307,190000,3175,3203,3175,3194.5,92954,0
20250307,200000,3194,3225.5,3188.5,3219.5,104281,0
20250307,210000,3220,3221,3204.5,3213,33855,0
20250307,220000,3212.5,3222.5,3206.5,3218.5,26681,0
20250307,230000,3219,3223,3209,3212,14460,0
20250310,090000,3224,3234,3219.5,3229.5,47925,0
20250310,100000,3229.5,3232,3210.5,3211,51468,0
20250310,110000,3210.5,3214.5,3200,3206.5,45409,0
20250310,120000,3207,3214,3200,3214,27022,0
20250310,130000,3214,3225,3208,3220,45311,0
20250310,140000,3222,3229.5,3219.5,3227,32927,0
20250310,150000,3227,3228.5,3218,3223,20163,0
20250310,160000,3222.5,3236.5,3219.5,3221,52861,0
20250310,170000,3221.5,3228.5,3207.5,3209,40110,0
20250310,180000,3208.5,3214.5,3205.5,3212,22947,0
20250310,190000,3213.5,3217.5,3206,3211.5,23986,0
20250310,200000,3211.5,3213,3190.5,3197.5,39113,0
20250310,210000,3196.5,3207,3194,3202.5,24894,0
20250310,220000,3202,3203.5,3197,3199,7504,0
20250310,230000,3199.5,3206.5,3199,3205.5,4712,0
20250311,090000,3200.5,3204,3192.5,3197,16861,0
20250311,100000,3196,3210.5,3182.5,3206,67795,0
20250311,110000,3206.5,3220,3205.5,3209.5,44334,0
20250311,120000,3209.5,3214,3202.5,3209,19837,0
20250311,130000,3209.5,3217.5,3205,3211,25810,0
20250311,140000,3209.5,3211,3192.5,3194,33850,0
20250311,150000,3193.5,3207.5,3190,3203,38513,0
20250311,160000,3203,3214.5,3199.5,3207.5,25910,0
20250311,170000,3208,3223.5,3202,3207,59158,0
20250311,180000,3207,3210.5,3199,3202,25283,0
20250311,190000,3205,3227,3201,3226.5,39466,0
20250311,200000,3226.5,3237.5,3217,3220,56946,0
20250311,210000,3220,3233.5,3190,3199,139431,0
20250311,220000,3199.5,3207,3190,3205,47029,0
20250311,230000,3204.5,3215,3204.5,3207.5,21231,0
20250312,090000,3194.5,3203,3191,3195.5,27874,0
20250312,100000,3195.5,3203.5,3172,3178,65065,0
20250312,110000,3176.5,3180,3166.5,3171,43592,0
20250312,120000,3171,3188,3168.5,3183,48150,0
20250312,130000,3183,3188,3172.5,3176.5,20867,0
20250312,140000,3177.5,3189.5,3170.5,3187.5,25206,0
20250312,150000,3187.5,3198,3182.5,3193.5,28018,0
20250312,160000,3193.5,3201.5,3184,3185,29579,0
20250312,170000,3185.5,3190,3181,3184.5,23189,0
20250312,180000,3184.5,3189.5,3180,3188,19576,0
20250312,190000,3189.5,3200,3183,3185.5,54737,0
20250312,200000,3185,3195.5,3177,3192.5,21841,0
20250312,210000,3193.5,3198.5,3186.5,3188,17973,0
20250312,220000,3187.5,3191,3185.5,3186,5476,0
20250312,230000,3185.5,3191,3184.5,3191,4261,0
20250313,090000,3173.5,3177,3150.5,3156,62013,0
20250313,100000,3156.5,3162,3139,3148.5,69999,0
20250313,110000,3148.5,3154.5,3133.5,3135,48551,0
20250313,120000,3134.5,3161,3131,3158.5,60873,0
20250313,130000,3158.5,3167.5,3139,3143,62850,0
20250313,140000,3145.5,3149.5,3122.5,3122.5,60967,0
20250313,150000,3122.5,3138.5,3105.5,3113,115786,0
20250313,160000,3112,3140,3108.5,3124.5,80539,0
20250313,170000,3125,3134.5,3118.5,3123,38406,0
20250313,180000,3123,3190,3114,3173.5,131487,0
20250313,190000,3190.5,3260,3185,3204,261616,0
20250313,200000,3204,3214,3168,3189.5,89734,0
20250313,210000,3189.5,3204.5,3183,3199,33528,0
20250313,220000,3199,3205.5,3192,3193.5,17766,0
20250313,230000,3193,3195,3173,3176.5,25563,0
20250314,090000,3163,3173.5,3157,3171.5,32155,0
20250314,100000,3171,3179,3159.5,3159.5,65071,0
20250314,110000,3160,3169.5,3139,3139.5,61207,0
20250314,120000,3139.5,3163,3138.5,3154,43943,0
20250314,130000,3154.5,3166.5,3153.5,3163.5,23824,0
20250314,140000,3164.5,3177,3161.5,3166,24526,0
20250314,150000,3167,3180,3164.5,3175,25067,0
20250314,160000,3175,3207,3172.5,3206.5,123685,0
20250314,170000,3207,3207,3188.5,3198.5,44874,0
20250314,180000,3198.5,3204,3192.5,3200,23792,0
20250314,190000,3202,3217.5,3200,3214,66724,0
20250314,200000,3214,3215,3203.5,3212.5,17802,0
20250314,210000,3212,3212.5,3202.5,3206.5,11769,0
20250314,220000,3206.5,3209,3203,3207,12642,0
20250314,230000,3206.5,3211,3204.5,3206.5,15628,0
20250317,090000,3253,3261.5,3243.5,3259,62193,0
20250317,100000,3258.5,3260,3243,3256,44341,0
20250317,110000,3256,3263,3252,3261.5,33259,0
20250317,120000,3261.5,3264.5,3254,3257,31591,0
20250317,130000,3257.5,3260,3248,3253.5,36300,0
20250317,140000,3253.5,3261,3217.5,3236,106702,0
20250317,150000,3237,3253.5,3236,3248,64990,0
20250317,160000,3247.5,3257,3245.5,3253,20776,0
20250317,170000,3253,3258,3247,3251,17931,0
20250317,180000,3250.5,3255.5,3248.5,3252.5,20575,0
20250317,190000,3255,3264,3252.5,3255,34816,0
20250317,200000,3254.5,3256.5,3250,3250.5,15916,0
20250317,210000,3250.5,3256.5,3249,3254.5,18151,0
20250317,220000,3254.5,3259.5,3252,3257,10234,0
20250317,230000,3257,3259,3254.5,3257.5,5052,0
20250318,090000,3267.5,3277,3267.5,3272.5,20339,0
20250318,100000,3272.5,3273.5,3259,3264.5,26085,0
20250318,110000,3263.5,3265,3255.5,3257.5,32051,0
20250318,120000,3258,3266,3257.5,3260.5,20331,0
20250318,130000,3260,3264.5,3259,3263.5,14412,0
20250318,140000,3263.5,3268,3261.5,3266.5,16827,0
20250318,150000,3266,3269,3260,3265.5,36377,0
20250318,160000,3266,3279,3262,3271.5,36477,0
20250318,170000,3272.5,3286,3270,3284.5,39441,0
20250318,180000,3284.5,3295.5,3233,3268,188436,0
20250318,190000,3270,3292,3230,3272,202531,0
20250318,200000,3273,3277.5,3190,3229,193579,0
20250318,210000,3229,3246,3223,3244,31967,0
20250318,220000,3243.5,3243.5,3223.5,3223.5,17291,0
20250318,230000,3223.5,3228.5,3214,3218,18608,0
20250319,090000,3223.5,3230,3220,3226,17404,0
20250319,100000,3226.5,3226.5,3201,3211,66976,0
20250319,110000,3210.5,3228,3201.5,3223,46690,0
20250319,120000,3222,3222.5,3215.5,3219,20131,0
20250319,130000,3218.5,3225,3208,3211.5,24840,0
20250319,140000,3212,3231.5,3210,3228,27946,0
20250319,150000,3228,3246,3224.5,3245.5,40919,0
20250319,160000,3246,3247.5,3236.5,3244.5,32333,0
20250319,170000,3244.5,3249.5,3236,3242,29459,0
20250319,180000,3242.5,3247,3237,3247,19641,0
20250319,190000,3247.5,3264,3247,3254.5,55877,0
20250319,200000,3254.5,3256.5,3240.5,3244,15415,0
20250319,210000,3245,3250.5,3242,3245,13081,0
20250319,220000,3245,3252,3244.5,3252,7897,0
20250319,230000,3252,3254,3244,3249,7115,0
20250320,090000,3253,3256.5,3244.5,3254.5,21084,0
20250320,100000,3255.5,3256,3233,3239,31475,0
20250320,110000,3238.5,3243,3230.5,3239,24627,0
20250320,120000,3238.5,3246.5,3237,3241.5,19006,0
20250320,130000,3241.5,3241.5,3227.5,3232,31962,0
20250320,140000,3233.5,3237.5,3223,3226,39081,0
20250320,150000,3226,3241,3210.5,3219,139607,0
20250320,160000,3219,3242,3217.5,3234.5,61041,0
20250320,170000,3234.5,3246,3233,3245,50768,0
20250320,180000,3245,3247.5,3235,3236.5,40093,0
20250320,190000,3238.5,3248,3237,3241.5,28466,0
20250320,200000,3242.5,3243.5,3238.5,3239,6346,0
20250320,210000,3239.5,3245,3237.5,3244.5,6836,0
20250320,220000,3244,3252.5,3243.5,3248.5,19470,0
20250320,230000,3248.5,3248.5,3240,3241.5,12620,0
20250321,090000,3238.5,3243.5,3233.5,3237.5,22616,0
20250321,100000,3237,3245,3234,3241,39175,0
20250321,110000,3240.5,3247.5,3239,3244.5,58453,0
20250321,120000,3245.5,3249,3241,3249,17630,0
20250321,130000,3248,3252.5,3220,3229.5,114268,0
20250321,140000,3228,3233.5,3222.5,3224.5,32514,0
20250321,150000,3223.5,3233,3207,3214.5,83485,0
20250321,160000,3214.5,3221,3203,3203.5,51356,0
20250321,170000,3204,3213.5,3194.5,3200,63950,0
20250321,180000,3199.5,3206,3197.5,3198,31416,0
20250321,190000,3199.5,3217,3198,3211,40640,0
20250321,200000,3211.5,3214,3207.5,3212,13250,0
20250321,210000,3212,3213.5,3208,3211,7333,0
20250321,220000,3210.5,3213.5,3208,3213,9031,0
20250321,230000,3213,3221.5,3211.5,3217.5,7888,0
20250324,090000,3207.5,3212,3204,3205.5,16736,0
20250324,100000,3205.5,3208.5,3188.5,3192,41005,0
20250324,110000,3192,3198.5,3186,3191,26481,0
20250324,120000,3189.5,3201.5,3187,3191,18704,0
20250324,130000,3191.5,3192.5,3178.5,3186.5,30739,0
20250324,140000,3184.5,3193,3182.5,3184,20888,0
20250324,150000,3185,3190,3183.5,3185.5,21070,0
20250324,160000,3185.5,3189,3180,3180.5,25096,0
20250324,170000,3181,3187.5,3176.5,3185,16193,0
20250324,180000,3185.5,3189.5,3180.5,3185.5,21025,0
20250324,190000,3187,3193.5,3183,3187,25386,0
20250324,200000,3186.5,3196,3185.5,3193.5,13581,0
20250324,210000,3193,3193.5,3155,3173,116534,0
20250324,220000,3172,3177,3164.5,3172.5,27023,0
20250324,230000,3172,3179.5,3170.5,3179.5,9375,0
20250325,090000,3188.5,3200,3186,3192,26230,0
20250325,100000,3193,3194,3184,3184.5,21041,0
20250325,110000,3185,3200.5,3184.5,3188.5,32208,0
20250325,120000,3188,3189.5,3151.5,3154,91951,0
20250325,130000,3153.5,3160,3151,3157.5,62531,0
20250325,140000,3158,3160,3152.5,3158.5,12029,0
20250325,150000,3158.5,3160,3150,3154.5,55364,0
20250325,160000,3154,3157,3143,3149,43167,0
20250325,170000,3149,3159,3126,3158.5,113348,0
20250325,180000,3158.5,3175,3151,3167,61032,0
20250325,190000,3168,3193,3168,3190.5,50442,0
20250325,200000,3190,3192.5,3182.5,3192.5,19704,0
20250325,210000,3192.5,3199,3192,3197.5,20070,0
20250325,220000,3197.5,3199.5,3195.5,3197,7580,0
20250325,230000,3197.5,3199,3193.5,3195.5,6580,0
20250326,090000,3199,3204.5,3196,3203.5,21676,0
20250326,100000,3203,3203.5,3181.5,3186,43044,0
20250326,110000,3185.5,3190,3180.5,3182.5,15063,0
20250326,120000,3184,3194,3178,3192.5,20676,0
20250326,130000,3193,3195,3178,3181.5,17546,0
20250326,140000,3181,3184.5,3168.5,3171.5,23974,0
20250326,150000,3171.5,3179,3165.5,3169.5,17591,0
20250326,160000,3169,3172.5,3158.5,3163,38435,0
20250326,170000,3163,3168,3151,3156,34678,0
20250326,180000,3154.5,3157.5,3148.5,3150.5,25234,0
20250326,190000,3150,3155,3132.5,3137,58972,0
20250326,200000,3137,3151.5,3135.5,3141.5,28908,0
20250326,210000,3141,3146.5,3139,3142,9509,0
20250326,220000,3141,3150.5,3140.5,3149.5,14426,0
20250326,230000,3149.5,3150.5,3142,3144.5,6602,0
20250327,090000,3133,3138.5,3122.5,3126.5,34331,0
20250327,100000,3127,3130,3111.5,3123,71785,0
20250327,110000,3123,3126,3111,3112,35492,0
20250327,120000,3112,3123,3108,3114,47232,0
20250327,130000,3114.5,3121,3112.5,3118,22299,0
20250327,140000,3118,3131.5,3117.5,3117.5,34384,0
20250327,150000,3118,3120.5,3086,3087.5,107487,0
20250327,160000,3087.5,3097.5,3077,3090,103591,0
20250327,170000,3089.5,3101,3078,3085.5,55424,0
20250327,180000,3085,3090,3077.5,3079.5,38341,0
20250327,190000,3080,3090,3077,3088.5,26944,0
20250327,200000,3088.5,3097,3085.5,3086,17962,0
20250327,210000,3086.5,3087,3074,3075.5,18576,0
20250327,220000,3075,3080.5,3068.5,3078.5,19988,0
20250327,230000,3078.5,3079,3064.5,3067,14537,0
20250328,090000,3048,3065,3044,3055,53114,0
20250328,100000,3055.5,3087,3054.5,3081,69202,0
20250328,110000,3081.5,3086,3060,3062,61574,0
20250328,120000,3062,3068,3039,3046.5,87850,0
20250328,130000,3046.5,3055,3036,3040,61275,0
20250328,140000,3040,3040.5,3013,3015.5,93529,0
20250328,150000,3015,3028.5,3008,3018,102099,0
20250328,160000,3018,3031.5,3009,3019.5,65016,0
20250328,170000,3019,3035,3016,3021.5,58780,0
20250328,180000,3022,3036,3018.5,3030.5,43519,0
20250328,190000,3031,3036.5,3018.5,3023,35871,0
20250328,200000,3023.5,3024.5,3014.5,3017,20887,0
20250328,210000,3017,3021,3008.5,3014.5,22944,0
20250328,220000,3014,3022,3012,3020.5,17327,0
20250328,230000,3020,3020.5,3012.5,3013.5,17176,0
20250331,090000,3002.5,3024,2998.5,3016.5,90274,0
20250331,100000,3016,3034,2990,2991,135489,0
20250331,110000,2991,3011,2975,2983.5,105148,0
20250331,120000,2983,3007.5,2983,3005,53059,0
20250331,130000,3004.5,3020.5,3002,3012.5,60459,0
20250331,140000,3012.5,3025,3008,3015,36281,0
20250331,150000,3015.5,3017.5,2997.5,3008,37279,0
20250331,160000,3008,3020,3000.5,3011,32816,0
20250331,170000,3011,3023.5,3003.5,3020.5,31304,0
20250331,180000,3020.5,3028.5,3015.5,3017.5,39079,0
20250331,190000,3019,3023,3011,3017.5,21081,0
20250331,200000,3017,3022,3014,3015.5,9547,0
20250331,210000,3016,3017,3011,3015,7463,0
20250331,220000,3015,3016,3009,3014,6236,0
20250331,230000,3014.5,3015.5,3011,3015,5238,0
20250401,090000,3035.5,3038,3028,3035,37267,0
20250401,100000,3035,3043,3026,3033.5,47581,0
20250401,110000,3034,3037.5,3025.5,3033,13972,0
20250401,120000,3032.5,3045,3028.5,3039,35747,0
20250401,130000,3039,3039,3018,3022,33126,0
20250401,140000,3022,3023,2984,2991,73925,0
20250401,150000,2990.5,2998.5,2968,2982,103281,0
20250401,160000,2982,2985.5,2955,2971.5,74350,0
20250401,170000,2971.5,3004.5,2965.5,2994.5,135827,0
20250401,180000,2994.5,2996.5,2962,2966.5,50573,0
20250401,190000,2970,2977,2946,2957,55868,0
20250401,200000,2957.5,2967,2942,2947.5,49847,0
20250401,210000,2947,2955.5,2930,2936,64525,0
20250401,220000,2936.5,2940,2921,2925,58772,0
20250401,230000,2925.5,2928,2917.5,2920,28112,0
20250402,090000,2926,2935.5,2916,2926,45945,0
20250402,100000,2927,2949.5,2922,2935.5,76167,0
20250402,110000,2937,2942.5,2922.5,2925.5,39626,0
20250402,120000,2926,2952,2924.5,2948,51090,0
20250402,130000,2947.5,2956,2936.5,2949.5,31981,0
20250402,140000,2949,2955.5,2924,2942,94126,0
20250402,150000,2941.5,2948,2935,2943,27830,0
20250402,160000,2943,2961,2924.5,2927.5,83478,0
20250402,170000,2927,2955,2924.5,2938.5,54618,0
20250402,180000,2938.5,2944,2930,2930.5,40078,0
20250402,190000,2930.5,2947,2911.5,2939,125912,0
20250402,200000,2939.5,2955,2938,2954,35398,0
20250402,210000,2954,2972,2948.5,2964,47472,0
20250402,220000,2964.5,2975,2964,2971.5,24036,0
20250402,230000,2972,2974.5,2930,2960,27403,0
20250403,090000,2975,2975,2954,2965,50640,0
20250403,100000,2965,2967,2946.5,2955,53110,0
20250403,110000,2954.5,2972.5,2954.5,2966.5,33653,0
20250403,120000,2967,2980,2952,2973,46628,0
20250403,130000,2973.5,2978,2957.5,2964,33516,0
20250403,140000,2964.5,2964.5,2932,2942,97295,0
20250403,150000,2941,2944,2928,2930,43737,0
20250403,160000,2929.5,2932.5,2897.5,2908,130073,0
20250403,170000,2907.5,2908.5,2878.5,2883,101751,0
20250403,180000,2883.5,2884.5,2856.5,2866.5,115052,0
20250403,190000,2866.5,2885,2851.5,2882.5,107731,0
20250403,200000,2881.5,2886.5,2866,2875.5,42123,0
20250403,210000,2875.5,2884,2867.5,2882.5,19086,0
20250403,220000,2882,2885,2876,2882,19188,0
20250403,230000,2882.5,2902,2877.5,2902,21680,0
20250404,090000,2901.5,2908.5,2885,2894.5,61343,0
20250404,100000,2895,2906,2880.5,2900,61405,0
20250404,110000,2899.5,2900,2865.5,2871,67604,0
20250404,120000,2871,2879,2852,2856,65871,0
20250404,130000,2856,2864,2805.5,2810,145473,0
20250404,140000,2811.5,2826,2793.5,2817,157888,0
20250404,150000,2817,2837,2802,2818.5,90294,0
20250404,160000,2818,2837,2804,2811.5,87320,0
20250404,170000,2812,2825,2782.5,2786.5,133378,0
20250404,180000,2786,2822,2785,2795,98574,0
20250404,190000,2798,2800,2766.5,2767.5,96355,0
20250404,200000,2768,2778.5,2759,2770,101451,0
20250404,210000,2769.5,2785,2762,2776,47104,0
20250404,220000,2775.5,2782.5,2771,2772.5,27073,0
20250404,230000,2772.5,2772.5,2752.5,2755,31292,0
20250407,090000,2683.5,2699,2643,2660,186493,0
20250407,100000,2659.5,2725.5,2652.5,2722.5,264487,0
20250407,110000,2721.5,2735,2695,2699.5,139224,0
20250407,120000,2699.5,2713.5,2667.5,2668,118829,0
20250407,130000,2668,2716,2661.5,2710,151751,0
20250407,140000,2710,2727,2693,2702,108786,0
20250407,150000,2702,2712.5,2681.5,2707,102515,0
20250407,160000,2707,2742.5,2687,2740,183568,0
20250407,170000,2739,2797,2718.5,2747,321421,0
20250407,180000,2747,2766.5,2712.5,2733,128837,0
20250407,190000,2734,2737,2706.5,2733,72809,0
20250407,200000,2734,2750,2727,2747.5,39572,0
20250407,210000,2748,2751.5,2733,2734,25583,0
20250407,220000,2733.5,2736.5,2719,2730,36472,0
20250407,230000,2730,2740,2725,2738,10060,0
20250408,090000,2770,2781.5,2758,2780.5,60640,0
20250408,100000,2780.5,2783,2747,2758,87088,0
20250408,110000,2758,2766.5,2748,2751,38523,0
20250408,120000,2751,2758.5,2734.5,2746,63144,0
20250408,130000,2745.5,2760,2731,2754.5,55398,0
20250408,140000,2754.5,2777,2753,2774,58220,0
20250408,150000,2774.5,2778,2760.5,2776.5,35296,0
20250408,160000,2776.5,2785,2763.5,2770.5,52499,0
20250408,170000,2770.5,2776,2756.5,2759,34859,0
20250408,180000,2759.5,2764,2740,2751,39408,0
20250408,190000,2752,2758.5,2692,2692.5,100900,0
20250408,200000,2693,2729.5,2692,2719.5,116282,0
20250408,210000,2719,2719,2704,2705.5,38545,0
20250408,220000,2705.5,2707,2666,2685.5,91742,0
20250408,230000,2687.5,2687.5,2671.5,2672.5,20255,0
20250409,090000,2673.5,2698.5,2670,2695,44123,0
20250409,100000,2695,2713,2676,2693,97239,0
20250409,110000,2692.5,2705,2679,2685.5,54310,0
20250409,120000,2687,2694,2652.5,2659,77098,0
20250409,130000,2658.5,2659.5,2631,2642,119771,0
20250409,140000,2640.5,2640.5,2603,2620,158373,0
20250409,150000,2619.5,2646,2618,2643.5,90594,0
20250409,160000,2644,2676.5,2635.5,2667.5,166137,0
20250409,170000,2667.5,2678,2630.5,2632.5,123005,0
20250409,180000,2632,2660.5,2628,2639.5,59401,0
20250409,190000,2650,2693.5,2640,2688,94483,0
20250409,200000,2687.5,2780,2674,2773.5,279400,0
20250409,210000,2774,2783,2749.5,2750,118326,0
20250409,220000,2750,2775,2749.5,2771,53534,0
20250409,230000,2770,2783,2770,2783,19058,0
20250410,090000,2782,2783,2765,2783,46258,0
20250410,100000,2783,2814,2755,2763,96263,0
20250410,110000,2763.5,2775,2750.5,2751,48988,0
20250410,120000,2751,2777,2748,2766.5,44778,0
20250410,130000,2766.5,2782,2762,2768.5,39977,0
20250410,140000,2766,2777,2753,2767,61081,0
20250410,150000,2768,2804.5,2766.5,2786,95939,0
20250410,160000,2786.5,2800.5,2760,2761,73629,0
20250410,170000,2760.5,2785.5,2748.5,2760,68334,0
20250410,180000,2760,2779,2755.5,2758.5,45281,0
20250410,190000,2756.5,2763,2724.5,2749.5,126219,0
20250410,200000,2749.5,2776,2739.5,2773.5,83830,0
20250410,210000,2775,2781.5,2762,2778.5,36291,0
20250410,220000,2776.5,2783,2764.5,2771,22145,0
20250410,230000,2771,2774,2762,2766.5,12315,0
20250411,090000,2780,2836.5,2779,2826.5,145451,0
20250411,100000,2826.5,2842.5,2820,2833,88932,0
20250411,110000,2833,2834,2808.5,2814,97745,0
20250411,120000,2814,2833,2810,2826,50864,0
20250411,130000,2827.5,2842,2823,2833.5,51763,0
20250411,140000,2834.5,2844,2819,2827,55068,0
20250411,150000,2827.5,2834.5,2810,2830,90580,0
20250411,160000,2831.5,2831.5,2804.5,2813.5,81721,0
20250411,170000,2812,2823.5,2804.5,2819,46406,0
20250411,180000,2819,2839.5,2819,2834,43821,0
20250411,190000,2835,2851.5,2830.5,2840,71347,0
20250411,200000,2840,2851,2836.5,2846,25155,0
20250411,210000,2846,2850.5,2828.5,2838,45701,0
20250411,220000,2837,2846,2834,2844.5,22740,0
20250411,230000,2844.5,2849,2841.5,2849,20632,0
20250414,090000,2859,2861.5,2840.5,2851,61730,0
20250414,100000,2852,2854.5,2838.5,2842.5,65485,0
20250414,110000,2842.5,2858,2836,2854,44678,0
20250414,120000,2854,2856,2842.5,2848,24356,0
20250414,130000,2849,2860,2846,2848,28253,0
20250414,140000,2847.5,2850,2840.5,2842.5,21912,0
20250414,150000,2842,2844.5,2822,2824.5,41783,0
20250414,160000,2824.5,2829,2810,2812.5,61990,0
20250414,170000,2812,2838.5,2810,2835,56175,0
20250414,180000,2836.5,2837,2810.5,2811,29243,0
20250414,190000,2812,2826,2812,2819.5,21714,0
20250414,200000,2819,2822,2798.5,2801.5,37497,0
20250414,210000,2801,2820,2794,2818.5,30826,0
20250414,220000,2819,2819.5,2807.5,2813,9652,0
20250414,230000,2813,2819,2806.5,2819,9373,0
20250415,090000,2808,2838,2806.5,2828,46229,0
20250415,100000,2827.5,2841.5,2823,2825.5,44517,0
20250415,110000,2826,2829.5,2808.5,2817.5,55356,0
20250415,120000,2818,2832,2811.5,2814.5,39396,0
20250415,130000,2814.5,2816,2803,2810,39910,0
20250415,140000,2810,2812.5,2791,2803.5,57148,0
20250415,150000,2803.5,2818.5,2795.5,2813.5,39244,0
20250415,160000,2814,2823.5,2809,2814.5,45800,0
20250415,170000,2815,2833,2808,2818,65500,0
20250415,180000,2818,2820.5,2805,2808.5,16727,0
20250415,190000,2807.5,2821,2806.5,2815.5,22192,0
20250415,200000,2815.5,2828,2812,2824,24528,0
20250415,210000,2823,2829.5,2819,2829.5,9313,0
20250415,220000,2830,2832.5,2825,2827.5,10558,0
20250415,230000,2828,2832.5,2825,2825,5388,0
20250416,090000,2819.5,2819.5,2799,2803,50899,0
20250416,100000,2803,2813,2800,2807.5,36572,0
20250416,110000,2807,2827,2793,2816,83980,0
20250416,120000,2816.5,2836,2814,2826.5,60334,0
20250416,130000,2827,2840,2827,2834,36008,0
20250416,140000,2833.5,2846.5,2828.5,2842,29266,0
20250416,150000,2841.5,2844,2829.5,2837.5,28997,0
20250416,160000,2838,2858.5,2832.5,2857,57238,0
20250416,170000,2857,2877,2853,2872.5,81656,0
20250416,180000,2873,2874.5,2864,2869.5,23090,0
20250416,190000,2869.5,2877,2857.5,2861,38912,0
20250416,200000,2861.5,2864,2843.5,2846.5,26538,0
20250416,210000,2846.5,2854.5,2842.5,2853,20080,0
20250416,220000,2853,2853.5,2845.5,2851,11230,0
20250416,230000,2850,2855,2847,2848.5,6156,0
20250417,090000,2862,2870,2857.5,2866.5,25913,0
20250417,100000,2866.5,2872,2855.5,2865,29858,0
20250417,110000,2865,2879,2860.5,2873,36966,0
20250417,120000,2873,2873.5,2860.5,2864.5,36774,0
20250417,130000,2864,2871.5,2861,2867.5,19717,0
20250417,140000,2867,2878.5,2864,2875,25539,0
20250417,150000,2875.5,2891.5,2875.5,2882,48860,0
20250417,160000,2881,2886,2872,2879,30191,0
20250417,170000,2879,2882.5,2848.5,2855.5,77327,0
20250417,180000,2854.5,2875,2848.5,2874,53215,0
20250417,190000,2873,2877.5,2863,2867.5,41319,0
20250417,200000,2867,2903,2864.5,2897.5,70734,0
20250417,210000,2897.5,2912,2895,2906.5,80085,0
20250417,220000,2906.5,2906.5,2898,2904.5,18518,0
20250417,230000,2904,2914.5,2903.5,2914,15369,0
20250418,090000,2889,2897.5,2883.5,2885.5,37870,0
20250418,100000,2885.5,2898,2877,2883,80375,0
20250418,110000,2883,2886,2863,2867.5,66965,0
20250418,120000,2867,2875.5,2843.5,2843.5,71842,0
20250418,130000,2843.5,2850.5,2827,2840,132224,0
20250418,140000,2839,2860,2828,2851,102148,0
20250418,150000,2850.5,2857,2837.5,2839,40117,0
20250418,160000,2840,2881,2840,2869,151335,0
20250418,170000,2870,2880,2865.5,2871.5,37720,0
20250418,180000,2872,2883.5,2871.5,2875,47684,0
20250418,190000,2876.5,2893,2872,2891,52945,0
20250418,200000,2891,2892,2865.5,2869.5,36143,0
20250418,210000,2870,2878.5,2867,2874.5,13458,0
20250418,220000,2874,2876,2869.5,2872.5,9446,0
20250418,230000,2872.5,2875,2870.5,2873,8428,0
20250421,090000,2888,2890,2877.5,2885,66449,0
20250421,100000,2885.5,2899,2882.5,2889.5,53885,0
20250421,110000,2889.5,2907,2889.5,2905,44909,0
20250421,120000,2906,2912.5,2902.5,2904.5,50240,0
20250421,130000,2904.5,2920,2902,2914.5,52943,0
20250421,140000,2915.5,2933.5,2915.5,2930.5,98926,0
20250421,150000,2930.5,2938,2920.5,2924,59002,0
20250421,160000,2924,2932,2912,2913.5,56334,0
20250421,170000,2914,2931,2913.5,2927.5,39318,0
20250421,180000,2927.5,2936,2921.5,2929.5,25355,0
20250421,190000,2931,2947,2931,2941,50132,0
20250421,200000,2941,2945,2931.5,2933,20494,0
20250421,210000,2932.5,2940.5,2932.5,2940,8012,0
20250421,220000,2939.5,2941.5,2932,2932,6137,0
20250421,230000,2932,2937.5,2929,2936,8338,0
20250422,090000,2947,2956,2942,2954,35032,0
20250422,100000,2954,2959,2945.5,2949.5,60503,0
20250422,110000,2949.5,2950,2937,2942.5,40055,0
20250422,120000,2942,2946.5,2930,2933.5,29446,0
20250422,130000,2933.5,2942.5,2932,2940.5,24210,0
20250422,140000,2936.5,2936.5,2917,2918.5,34103,0
20250422,150000,2918.5,2931.5,2918,2928,27373,0
20250422,160000,2928.5,2953,2926,2949,70955,0
20250422,170000,2950,2957.5,2940,2955,35057,0
20250422,180000,2954.5,2958.5,2946,2956.5,44883,0
20250422,190000,2956.5,2975,2956.5,2962.5,71169,0
20250422,200000,2963,2997.5,2955,2988.5,116053,0
20250422,210000,2989,3012,2983.5,2990,165923,0
20250422,220000,2990,2994.5,2977.5,2984.5,43312,0
20250422,230000,2984.5,2987.5,2980.5,2982.5,9669,0
20250423,090000,2967,2967,2924.5,2935.5,133963,0
20250423,100000,2935,2940,2904.5,2917,150561,0
20250423,110000,2917,2930,2915.5,2921,65450,0
20250423,120000,2921.5,2938.5,2908,2926.5,129225,0
20250423,130000,2926.5,2943,2922.5,2936,60466,0
20250423,140000,2936.5,2942,2928,2934,24917,0
20250423,150000,2935,2939,2921,2934,42408,0
20250423,160000,2933,2946.5,2922,2933,64755,0
20250423,170000,2933.5,2950.5,2923,2948,54096,0
20250423,180000,2948.5,2955,2940.5,2949.5,40640,0
20250423,190000,2950,2966,2930,2957,146399,0
20250423,200000,2957,2974,2954.5,2956.5,54628,0
20250423,210000,2957.5,2962,2943,2948,25211,0
20250423,220000,2947.5,2955,2942,2943.5,11330,0
20250423,230000,2943.5,2951,2940,2949.5,11678,0
20250424,090000,2958.5,2969.5,2953.5,2963,26900,0
20250424,100000,2962.5,2972,2959.5,2966.5,36149,0
20250424,110000,2967,2973.5,2957,2972,24742,0
20250424,120000,2972,2976,2966,2975,29263,0
20250424,130000,2975,2978.5,2970,2974.5,24215,0
20250424,140000,2974,2975,2961,2962,24789,0
20250424,150000,2962,2969.5,2955.5,2966,40842,0
20250424,160000,2965.5,2967,2947.5,2951.5,37146,0
20250424,170000,2951.5,2952,2937,2948.5,49855,0
20250424,180000,2948,2956.5,2944,2944,19735,0
20250424,190000,2946,2960,2946,2959.5,22960,0
20250424,200000,2959.5,2960,2940,2945,19986,0
20250424,210000,2945,2949.5,2936,2942.5,24381,0
20250424,220000,2942.5,2951.5,2942.5,2950.5,7468,0
20250424,230000,2950.5,2952.5,2947.5,2948,6670,0
20250425,090000,2958,2974,2956.5,2973.5,71794,0
20250425,100000,2973.5,2976.5,2969,2972.5,47122,0
20250425,110000,2972.5,2973.5,2964,2966.5,27821,0
20250425,120000,2967,2993.5,2960.5,2981,118065,0
20250425,130000,2981,2999,2962.5,2978,170017,0
20250425,140000,2979,3001.5,2978.5,2997,77344,0
20250425,150000,2997,3004.5,2991,3001,50295,0
20250425,160000,3000,3004.5,2993,2998,49313,0
20250425,170000,2998,3015,2996,3011,67739,0
20250425,180000,3011,3011,2996,3007.5,56394,0
20250425,190000,3007.5,3015,3005.5,3009.5,40348,0
20250425,200000,3009,3014.5,3000,3004,24930,0
20250425,210000,3004.5,3015,3003.5,3014,20622,0
20250425,220000,3013,3022,3010,3017,27414,0
20250425,230000,3016.5,3028.5,3016.5,3027.5,24851,0
20250428,090000,3017.5,3019,3003.5,3015.5,54235,0
20250428,100000,3014.5,3014.5,2993,3003,70633,0
20250428,110000,3003,3011,2996,2996,33583,0
20250428,120000,2996,3005.5,2994,2998,24305,0
20250428,130000,2998,3021.5,2982.5,3010,100225,0
20250428,140000,3010,3090,3005.5,3049,395758,0
20250428,150000,3049.5,3055,3030,3036,109896,0
20250428,160000,3035,3042,3030.5,3032.5,49423,0
20250428,170000,3033,3042.5,3032.5,3037,25241,0
20250428,180000,3037.5,3040.5,3032,3033,24172,0
20250428,200000,3032.5,3034.5,3011,3022,64093,0
20250428,210000,3022.5,3023,3000.5,3002.5,39920,0
20250428,220000,3003,3015.5,3000,3008,28860,0
20250428,230000,3007.5,3015,3007,3015,6842,0
20250429,090000,3013,3013,2991,3001,61972,0
20250429,100000,3000.5,3001.5,2986,2999,52264,0
20250429,110000,2999.5,3005,2988,2997,46739,0
20250429,120000,2997,2998,2977,2984,73957,0
20250429,130000,2984,2988,2974.5,2983,49672,0
20250429,140000,2984,2985.5,2969.5,2978.5,40850,0
20250429,150000,2978.5,2988,2973.5,2984.5,26236,0
20250429,160000,2984.5,2998.5,2979,2987.5,70530,0
20250429,170000,2987.5,2992.5,2965.5,2966,42330,0
20250429,180000,2966.5,2971,2957.5,2960.5,84968,0
20250429,190000,2963.5,2972,2927,2932.5,110475,0
20250429,200000,2932,2944.5,2925,2944.5,56752,0
20250429,210000,2944,2944,2935,2935,23196,0
20250429,220000,2935.5,2942,2932,2939,10342,0
20250429,230000,2939,2948,2938.5,2945.5,11523,0
20250430,090000,2932.5,2940,2921,2933,49722,0
20250430,100000,2932.5,2934.5,2914.5,2926,56125,0
20250430,110000,2926.5,2927,2894.5,2900,100721,0
20250430,120000,2900,2910,2890,2905.5,58789,0
20250430,130000,2905.5,2928,2903,2916.5,74706,0
20250430,140000,2918,2943.5,2916,2943.5,63307,0
20250430,150000,2943.5,2958,2919.5,2923.5,139181,0
20250430,160000,2923.5,2939.5,2912,2913,89717,0
20250430,170000,2913,2933,2911.5,2926,45030,0
20250430,180000,2925.5,2928.5,2918.5,2921.5,22752,0
20250430,190000,2921,2921.5,2896.5,2903.5,61114,0
20250430,200000,2903,2922.5,2901.5,2917.5,37104,0
20250430,210000,2918,2921,2907.5,2914.5,15945,0
20250430,220000,2915,2940.5,2914.5,2937,46756,0
20250430,230000,2937,2938,2928.5,2933,16755,0
20250502,090000,2903,2904,2874.5,2878.5,91945,0
20250502,100000,2878,2879,2861.5,2864.5,79962,0
20250502,110000,2864.5,2873.5,2857.5,2869,48529,0
20250502,120000,2868.5,2871,2858.5,2865.5,21449,0
20250502,130000,2865,2872.5,2862.5,2871,14103,0
20250502,140000,2871,2879,2867,2872,21968,0
20250502,150000,2872,2879,2863,2870,30933,0
20250502,160000,2870.5,2875,2866,2867,15924,0
20250502,170000,2866.5,2872,2860.5,2863,37097,0
20250502,180000,2862.5,2864,2838,2843,56931,0
20250502,190000,2844,2847,2837.5,2840.5,26253,0
20250502,200000,2841,2842.5,2831.5,2837.5,24559,0
20250502,210000,2837.5,2850,2835,2843.5,30837,0
20250502,220000,2844,2846,2829,2833,21318,0
20250502,230000,2833.5,2834.5,2815.5,2815.5,30353,0
20250505,090000,2820.5,2829,2805,2811,51447,0
20250505,100000,2810.5,2825,2801,2803,64275,0
20250505,110000,2803,2809,2790,2799,62219,0
20250505,120000,2798,2812,2797,2802.5,34148,0
20250505,130000,2801.5,2811.5,2778.5,2785,77598,0
20250505,140000,2786.5,2788.5,2775,2783.5,47143,0
20250505,150000,2783,2793.5,2772.5,2785,48999,0
20250505,160000,2785.5,2786.5,2766.5,2768,52750,0
20250505,170000,2768.5,2773,2750,2759,81208,0
20250505,180000,2758.5,2759,2734.5,2745,71221,0
20250505,190000,2745,2752.5,2736,2748,43972,0
20250505,200000,2748.5,2774,2744.5,2773,55249,0
20250505,210000,2772,2774,2758,2761,38973,0
20250505,220000,2761.5,2768,2761,2762,13879,0
20250505,230000,2762.5,2764,2756.5,2761,11209,0
20250506,090000,2766,2766,2731.5,2748.5,64550,0
20250506,100000,2749,2792.5,2748,2779,112605,0
20250506,110000,2779.5,2794.5,2777,2786,53447,0
20250506,120000,2786,2801,2785.5,2787,49304,0
20250506,130000,2787,2788.5,2771,2772,62754,0
20250506,140000,2773.5,2792,2771.5,2788,38572,0
20250506,150000,2788,2807,2787.5,2806,63652,0
20250506,160000,2806,2825,2804.5,2810,112727,0
20250506,170000,2811,2829,2806.5,2822.5,68566,0
20250506,180000,2823.5,2833,2821,2825,52040,0
20250506,190000,2823,2830,2813,2823.5,46520,0
20250506,200000,2824,2836,2822.5,2834.5,25787,0
20250506,210000,2834.5,2844.5,2832,2838,42594,0
20250506,220000,2838.5,2848,2829,2829,32509,0
20250506,230000,2829,2836.5,2807,2809,36001,0
20250507,090000,2819,2827.5,2802,2804.5,56138,0
20250507,100000,2804.5,2822.5,2792.5,2818,107560,0
20250507,110000,2818.5,2836.5,2807,2835,82880,0
20250507,120000,2835.5,2836.5,2825,2832.5,46875,0
20250507,130000,2831.5,2844.5,2825,2844,43689,0
20250507,140000,2844,2848,2833.5,2844.5,52118,0
20250507,150000,2845,2846,2828.5,2841,42519,0
20250507,160000,2841,2844.5,2817.5,2820,81150,0
20250507,170000,2820,2853,2815,2843,87390,0
20250507,180000,2843.5,2846,2830,2844,45463,0
20250507,190000,2844,2878.5,2838,2845,84125,0
20250507,200000,2845.5,2848,2833,2836,27112,0
20250507,210000,2835.5,2840,2824,2834.5,35282,0
20250507,220000,2834,2840,2830.5,2835.5,13032,0
20250507,230000,2835,2845,2831,2840.5,16791,0
20250508,090000,2853,2869.5,2851,2865,52273,0
20250508,100000,2866,2874,2860.5,2867.5,44908,0
20250508,110000,2867.5,2874,2864,2871.5,20450,0
20250508,120000,2871.5,2878,2869.5,2871.5,25805,0
20250508,130000,2871,2874.5,2861,2863,29515,0
20250508,140000,2864,2867,2846.5,2848.5,51066,0
20250508,150000,2847.5,2854.5,2837,2849,48832,0
20250508,160000,2849,2872.5,2847,2851.5,68496,0
20250508,170000,2851,2861.5,2850.5,2856,22508,0
20250508,180000,2856,2857.5,2849,2855,19538,0
20250508,190000,2855,2860,2843,2852.5,39152,0
20250508,200000,2852,2866,2850,2863,24953,0
20250508,210000,2863,2864,2850,2855,21729,0
20250508,220000,2855,2861,2852,2857,16156,0
20250508,230000,2857,2862.5,2853.5,2860.5,13333,0
20250512,090000,2923,2970,2920.5,2943.5,109115,0
20250512,100000,2943,2953.5,2938,2943.5,57228,0
20250512,110000,2943.5,2944,2928.5,2928.5,42374,0
20250512,120000,2928.5,2934.5,2922,2926,37337,0
20250512,130000,2925.5,2931.5,2918,2930,35074,0
20250512,140000,2930.5,2940,2927,2928.5,33503,0
20250512,150000,2928.5,2931.5,2923,2929.5,22823,0
20250512,160000,2929.5,2935,2909,2912,43736,0
20250512,170000,2912,2940.5,2908,2930.5,113536,0
20250512,180000,2931,2936.5,2925.5,2933,26812,0
20250512,190000,2934,2938.5,2930,2934,20818,0
20250512,200000,2934,2944.5,2932,2944,24013,0
20250512,210000,2943.5,2944,2931.5,2935.5,13542,0
20250512,220000,2935.5,2938,2933,2936.5,5783,0
20250512,230000,2936,2945,2935.5,2945,15112,0
20250513,090000,2945,2950,2935.5,2943,28639,0
20250513,100000,2943,2946,2938,2943,23031,0
20250513,110000,2942,2943.5,2919,2923.5,43415,0
20250513,120000,2923,2936,2913.5,2931.5,66724,0
20250513,130000,2932,2932,2924,2925.5,14948,0
20250513,140000,2924.5,2924.5,2915.5,2916.5,29077,0
20250513,150000,2917,2935,2915.5,2928,58299,0
20250513,160000,2928,2940,2928,2936,41709,0
20250513,170000,2936.5,2937,2930.5,2933.5,23697,0
20250513,180000,2933,2935.5,2928.5,2933.5,12625,0
20250513,190000,2935,2945.5,2929,2935,27922,0
20250513,200000,2935,2938.5,2929.5,2930.5,13604,0
20250513,210000,2930.5,2933.5,2928,2930.5,8075,0
20250513,220000,2930.5,2935.5,2930.5,2933.5,6212,0
20250513,230000,2933.5,2936.5,2931,2934,6709,0
20250514,090000,2931,2931,2921,2925.5,8788,0
20250514,100000,2925.5,2927,2913.5,2923,25232,0
20250514,110000,2923.5,2932,2920,2925,20368,0
20250514,120000,2924.5,2929,2920,2926.5,15072,0
20250514,130000,2926.5,2927.5,2920.5,2925.5,12641,0
20250514,140000,2925.5,2931.5,2923.5,2931,16993,0
20250514,150000,2931,2938.5,2929,2935.5,24315,0
20250514,160000,2935,2952.5,2930,2933,51546,0
20250514,170000,2932.5,2935.5,2925.5,2926,38102,0
20250514,180000,2926,2933.5,2925.5,2933,23041,0
20250514,190000,2931.5,2934.5,2921,2925,31332,0
20250514,200000,2924,2930,2922.5,2926,11046,0
20250514,210000,2926,2927,2913,2921,34848,0
20250514,220000,2921,2926,2887.5,2895,64493,0
20250514,230000,2895.5,2902,2863.5,2870,128821,0
20250515,090000,2881,2894.5,2876.5,2880,81911,0
20250515,100000,2880,2880,2854.5,2857,115524,0
20250515,110000,2857,2863.5,2851.5,2859,61914,0
20250515,120000,2859.5,2860,2827.5,2839,114010,0
20250515,130000,2838.5,2847,2834,2843,62283,0
20250515,140000,2844,2859.5,2837,2855,64599,0
20250515,150000,2855,2868,2848.5,2859,59190,0
20250515,160000,2858.5,2869,2834.5,2858.5,122447,0
20250515,170000,2858,2867,2846.5,2850.5,92552,0
20250515,180000,2850,2852,2842,2844.5,34936,0
20250515,190000,2844,2857,2843,2850,43242,0
20250515,200000,2849.5,2859,2846.5,2855,27057,0
20250515,210000,2855,2857.5,2852,2852,12712,0
20250515,220000,2852,2854,2846.5,2851,17499,0
20250515,230000,2851.5,2859,2849,2859,13208,0
20250516,090000,2857,2858,2845.5,2849,30223,0
20250516,100000,2849.5,2855.5,2843.5,2852.5,28196,0
20250516,110000,2852.5,2860,2852,2855,33737,0
20250516,120000,2855,2862,2852,2860,29449,0
20250516,130000,2860,2861,2840.5,2844,40044,0
20250516,140000,2842.5,2853,2828,2845.5,86343,0
20250516,150000,2845.5,2852,2792.5,2796,276158,0
20250516,160000,2797,2883,2783,2856,423622,0
20250516,170000,2856,2871.5,2843.5,2849,103374,0
20250516,180000,2849,2857,2845,2845,45518,0
20250516,190000,2848,2854,2841,2850,30001,0
20250516,200000,2850,2854.5,2845,2847,14107,0
20250516,210000,2847,2852.5,2843.5,2844.5,15342,0
20250516,220000,2845.5,2855,2842.5,2854,13808,0
20250516,230000,2854,2858,2848.5,2857.5,15866,0
20250519,090000,2883,2889,2873,2881.5,51261,0
20250519,100000,2881.5,2890,2871,2873.5,42762,0
20250519,110000,2874,2883,2873.5,2879,19364,0
20250519,120000,2879.5,2885.5,2876.5,2881,17833,0
20250519,130000,2880.5,2884.5,2879.5,2882.5,12729,0
20250519,140000,2884,2898,2883,2895.5,35938,0
20250519,150000,2895.5,2898,2889.5,2892.5,20137,0
20250519,160000,2892,2894.5,2874,2874,66823,0
20250519,170000,2875,2884,2865,2879,67033,0
20250519,180000,2879,2919,2876,2900,89531,0
20250519,190000,2898,2927.5,2867,2879.5,281325,0
20250519,200000,2879,2895,2869,2873,127693,0
20250519,210000,2873,2879.5,2860.5,2862,70235,0
20250519,220000,2863,2865.5,2854,2858.5,42534,0
20250519,230000,2859,2867,2854.5,2866.5,18985,0
20250520,090000,2869.5,2873.5,2858,2862.5,28487,0
20250520,100000,2862,2864,2846,2846.5,54970,0
20250520,110000,2847,2854.5,2844.5,2846.5,32230,0
20250520,120000,2846.5,2858,2842.5,2854,34160,0
20250520,130000,2854.5,2856,2841.5,2852,27717,0
20250520,140000,2852,2860.5,2849.5,2851.5,29170,0
20250520,150000,2852,2854,2847,2847,16600,0
20250520,160000,2847.5,2853,2843.5,2847.5,23058,0
20250520,170000,2847.5,2850,2844.5,2848.5,15624,0
20250520,180000,2848.5,2848.5,2827,2827,66686,0
20250520,190000,2828,2834.5,2819.5,2823.5,33337,0
20250520,200000,2823.5,2832,2822,2829.5,18679,0
20250520,210000,2829.5,2833,2825,2832.5,6083,0
20250520,220000,2832,2833.5,2829,2832.5,5997,0
20250520,230000,2832.5,2838,2832.5,2836.5,8976,0
20250521,090000,2838.5,2839,2826,2828.5,30207,0
20250521,100000,2828.5,2833,2817.5,2826.5,57662,0
20250521,110000,2825.5,2842.5,2825.5,2832,34950,0
20250521,120000,2832,2832,2820,2829,33507,0
20250521,130000,2829,2830,2824,2826.5,14682,0
20250521,140000,2826.5,2848,2826.5,2840,45539,0
20250521,150000,2841,2844.5,2833.5,2836.5,27932,0
20250521,160000,2836.5,2840,2827,2832,18989,0
20250521,170000,2832.5,2832.5,2821.5,2827.5,28241,0
20250521,180000,2828,2835.5,2809.5,2819.5,43746,0
20250521,190000,2820,2826,2812.5,2815,27134,0
20250521,200000,2815.5,2821,2810.5,2814,14665,0
20250521,210000,2814,2816.5,2812,2814,7130,0
20250521,220000,2814,2817.5,2810,2816.5,9128,0
20250521,230000,2817,2820.5,2814,2815,7747,0
20250522,090000,2806,2806.5,2786,2793.5,54459,0
20250522,100000,2793,2793,2776.5,2778.5,52733,0
20250522,110000,2778.5,2783,2770.5,2777,52166,0
20250522,120000,2777,2786,2768,2778,44809,0
20250522,130000,2778.5,2788.5,2776,2780,29792,0
20250522,140000,2781,2789,2778,2781.5,25375,0
20250522,150000,2781.5,2797.5,2758,2783,124849,0
20250522,160000,2783.5,2789,2770,2781.5,56201,0
20250522,170000,2781.5,2815.5,2780.5,2804.5,86706,0
20250522,180000,2805,2810,2789.5,2795.5,54360,0
20250522,190000,2795.5,2798.5,2773.5,2787,53560,0
20250522,200000,2787,2788.5,2776.5,2785,20714,0
20250522,210000,2784.5,2789,2775,2778.5,14119,0
20250522,220000,2778.5,2785,2776.5,2782,11179,0
20250522,230000,2782,2787.5,2781,2786.5,5019,0
20250523,090000,2778.5,2784.5,2769.5,2782,33957,0
20250523,100000,2782,2784.5,2770,2776.5,46292,0
20250523,110000,2777,2782,2772,2779.5,16690,0
20250523,120000,2779,2786.5,2775.5,2782,28416,0
20250523,130000,2783,2796,2781.5,2791,31978,0
20250523,140000,2791.5,2793.5,2774,2775.5,43248,0
20250523,150000,2775,2781,2765,2767.5,49857,0
20250523,160000,2767,2778,2765.5,2775,27124,0
20250523,170000,2775,2788,2774,2779,31977,0
20250523,180000,2779.5,2780.5,2771.5,2772.5,22477,0
20250523,190000,2774,2781,2771.5,2776,15621,0
20250523,200000,2776,2780,2775.5,2776,5169,0
20250523,210000,2776.5,2781,2775.5,2780.5,8005,0
20250523,220000,2780.5,2783,2777.5,2778,7427,0
20250523,230000,2778,2781,2775.5,2775.5,9793,0
20250526,090000,2749.5,2751,2736,2740,63968,0
20250526,100000,2739.5,2743,2722.5,2731.5,73246,0
20250526,110000,2730.5,2736,2724,2726,33829,0
20250526,120000,2725.5,2736,2718,2721,45479,0
20250526,130000,2720.5,2728.5,2716,2723,32401,0
20250526,140000,2723.5,2726,2709,2714,41341,0
20250526,150000,2713,2726,2710.5,2715.5,37759,0
20250526,160000,2716,2722.5,2713.5,2714,15266,0
20250526,170000,2714,2719.5,2708,2713.5,33145,0
20250526,180000,2714,2718,2702.5,2704,43890,0
20250526,190000,2706.5,2709,2699,2703,30306,0
20250526,200000,2703,2707.5,2702,2707,11354,0
20250526,210000,2707,2713,2706,2712,13389,0
20250526,220000,2712,2715,2711,2713,10529,0
20250526,230000,2713,2718,2710.5,2711,14744,0
20250527,090000,2695,2729.5,2686.5,2728,85575,0
20250527,100000,2728,2729.5,2716,2725,53720,0
20250527,110000,2725.5,2736,2719,2729.5,52562,0
20250527,120000,2730,2734.5,2722.5,2733.5,25688,0
20250527,130000,2733,2735.5,2725,2729,29263,0
20250527,140000,2729.5,2732,2721,2729,27970,0
20250527,150000,2728.5,2735,2715,2718.5,59424,0
20250527,160000,2718.5,2723.5,2702,2719.5,56962,0
20250527,170000,2719.5,2735,2718,2730.5,43438,0
20250527,180000,2730.5,2744.5,2729,2735.5,52065,0
20250527,190000,2735.5,2744,2734,2741.5,28630,0
20250527,200000,2741.5,2741.5,2735.5,2741,9667,0
20250527,210000,2740,2746.5,2739,2740,16033,0
20250527,220000,2740,2743.5,2740,2743,5888,0
20250527,230000,2743,2744,2740,2743.5,6487,0
20250528,090000,2752.5,2757,2748.5,2752,40605,0
20250528,100000,2752.5,2777,2749,2770.5,85186,0
20250528,110000,2770.5,2777.5,2766,2769,51064,0
20250528,120000,2769.5,2785.5,2767,2782.5,52807,0
20250528,130000,2782.5,2785.5,2774,2779.5,38565,0
20250528,140000,2779.5,2788,2770.5,2773,47218,0
20250528,150000,2773,2798.5,2772,2794.5,76340,0
20250528,160000,2795,2804.5,2792,2795.5,48414,0
20250528,170000,2796.5,2802.5,2792,2795.5,40867,0
20250528,180000,2796,2798,2786,2796,43995,0
20250528,190000,2796,2825,2795.5,2820,123525,0
20250528,200000,2820,2822,2815,2819.5,15282,0
20250528,210000,2819,2827.5,2819,2822,30861,0
20250528,220000,2822.5,2829,2821,2826.5,14138,0
20250528,230000,2826.5,2832,2826,2832,11318,0
20250529,090000,2825.5,2830,2815,2818,41052,0
20250529,100000,2818,2820,2808,2809,66451,0
20250529,110000,2809.5,2828,2805.5,2826,46064,0
20250529,120000,2826.5,2829,2821,2822,26966,0
20250529,130000,2823,2846,2822.5,2843,80850,0
20250529,140000,2842,2844.5,2836.5,2842.5,28655,0
20250529,150000,2842.5,2847.5,2828.5,2835,61212,0
20250529,160000,2834.5,2835.5,2816,2822.5,59680,0
20250529,170000,2822.5,2829,2810.5,2824.5,52406,0
20250529,180000,2825,2829.5,2812.5,2813,32358,0
20250529,190000,2813.5,2819,2796,2811.5,69552,0
20250529,200000,2811.5,2813.5,2800,2803,28914,0
20250529,210000,2803,2807,2798.5,2806.5,16288,0
20250529,220000,2806,2806.5,2801,2804,6667,0
20250529,230000,2803.5,2804.5,2801,2802.5,11721,0
20250530,090000,2811.5,2822,2806.5,2820,38998,0
20250530,100000,2819.5,2822.5,2804,2804.5,50008,0
20250530,110000,2804,2808.5,2796,2803.5,41690,0
20250530,120000,2803,2832.5,2801.5,2827.5,88600,0
20250530,130000,2828,2840,2828,2834.5,67184,0
20250530,140000,2834.5,2843,2828,2830.5,45922,0
20250530,150000,2830.5,2834,2822,2831,55702,0
20250530,160000,2831,2837.5,2824.5,2829,37874,0
20250530,170000,2829,2833,2824.5,2826,26481,0
20250530,180000,2825.5,2832,2824,2830,23981,0
20250530,190000,2831,2839,2830,2833.5,42951,0
20250530,200000,2833.5,2836,2829,2834.5,18695,0
20250530,210000,2835,2838.5,2832.5,2833.5,12811,0
20250530,220000,2833,2836,2833,2835,10354,0
20250530,230000,2834.5,2839,2834,2839,18321,0
20250602,090000,2797,2810.5,2784,2806.5,120427,0
20250602,100000,2807,2809,2798,2807,57945,0
20250602,110000,2806,2809,2799,2804.5,34325,0
20250602,120000,2805,2808,2801,2802.5,20157,0
20250602,130000,2802.5,2804,2790,2794.5,56698,0
20250602,140000,2795,2796.5,2777.5,2789.5,71749,0
20250602,150000,2789.5,2805,2782,2783.5,64185,0
20250602,160000,2783.5,2802,2778.5,2790.5,111221,0
20250602,170000,2790.5,2826.5,2784,2821.5,132171,0
20250602,180000,2822,2838.5,2816.5,2829.5,83123,0
20250602,190000,2830,2847,2830,2835,79827,0
20250602,200000,2835,2839,2826.5,2829.5,29570,0
20250602,210000,2830,2839,2828.5,2835,12003,0
20250602,220000,2833.5,2836,2831,2835,11132,0
20250602,230000,2834.5,2840,2833,2835,21301,0
20250603,090000,2824,2830,2810,2824,109292,0
20250603,100000,2824.5,2835.5,2816,2828.5,128895,0
20250603,110000,2828,2829.5,2822,2825.5,31816,0
20250603,120000,2825.5,2832,2823.5,2825.5,28844,0
20250603,130000,2826,2828,2818.5,2824,31347,0
20250603,140000,2826,2830,2824,2826,26023,0
20250603,150000,2826,2829,2813,2814,33265,0
20250603,160000,2813.5,2825.5,2811.5,2823.5,44600,0
20250603,170000,2824,2833,2820.5,2828.5,37402,0
20250603,180000,2828.5,2838,2827,2837,35891,0
20250603,190000,2837.5,2844.5,2835.5,2841.5,42819,0
20250603,200000,2841.5,2852.5,2838.5,2846.5,25391,0
20250603,210000,2846.5,2855,2846,2851,31812,0
20250603,220000,2850.5,2852,2847.5,2849,13004,0
20250603,230000,2848,2853,2847.5,2852.5,8840,0
20250604,090000,2852,2864,2848.5,2862.5,41243,0
20250604,100000,2863,2868,2857,2862.5,57940,0
20250604,110000,2863,2868,2858.5,2859.5,29215,0
20250604,120000,2859.5,2869,2858.5,2867,25219,0
20250604,130000,2867.5,2874,2865,2865.5,30598,0
20250604,140000,2866,2872,2862,2871,18788,0
20250604,150000,2872,2875,2859,2860,57126,0
20250604,160000,2860,2864,2850.5,2862,104598,0
20250604,170000,2862,2864.5,2831,2843.5,182429,0
20250604,180000,2843.5,2843.5,2827.5,2839,73292,0
20250604,190000,2839,2858,2835.5,2856.5,98476,0
20250604,200000,2856.5,2859.5,2850.5,2853,25293,0
20250604,210000,2853.5,2854,2840.5,2841.5,23969,0
20250604,220000,2841.5,2843.5,2833,2837,18005,0
20250604,230000,2837,2840,2833.5,2839.5,12758,0
20250605,090000,2847,2858,2843,2857,28108,0
20250605,100000,2856.5,2862,2848.5,2852,37015,0
20250605,110000,2852,2853,2842,2849,31948,0
20250605,120000,2849.5,2858,2845,2850.5,19795,0
20250605,130000,2851,2859,2848.5,2857,17712,0
20250605,140000,2856.5,2861.5,2851.5,2857,16201,0
20250605,150000,2857,2859,2851,2852,17619,0
20250605,160000,2851.5,2860.5,2849,2858,21338,0
20250605,170000,2858.5,2863.5,2854,2854.5,20970,0
20250605,180000,2854.5,2858.5,2850.5,2853.5,22066,0
20250605,190000,2856,2858,2847,2850,17878,0
20250605,200000,2850,2853,2848,2849,11424,0
20250605,210000,2849.5,2850.5,2845.5,2850.5,9468,0
20250605,220000,2850,2858,2848.5,2857.5,15036,0
20250605,230000,2858,2859,2855.5,2858,9177,0
20250606,090000,2862.5,2864,2858,2862,26621,0
20250606,100000,2861.5,2885,2858,2883,108611,0
20250606,110000,2883.5,2886,2871.5,2877,80374,0
20250606,120000,2877,2879,2859,2869,64593,0
20250606,130000,2868.5,2950,2839,2870,583667,0
20250606,140000,2869,2871,2847.5,2854,140829,0
20250606,150000,2853,2856.5,2816,2825,254836,0
20250606,160000,2825,2833,2810,2831.5,132760,0
20250606,170000,2831.5,2838,2798.5,2800.5,167656,0
20250606,180000,2799.5,2809,2786,2787.5,107398,0
20250606,190000,2789.5,2804,2789.5,2800.5,68823,0
20250606,200000,2801.5,2803,2795,2798,20624,0
20250606,210000,2797.5,2801,2795.5,2800.5,7140,0
20250606,220000,2800.5,2801,2785,2791,25865,0
20250606,230000,2790.5,2792.5,2786,2787,21399,0
20250609,090000,2787,2789,2766,2771,72180,0
20250609,100000,2770.5,2784.5,2762,2763,76940,0
20250609,110000,2762.5,2766.5,2755,2758.5,77759,0
20250609,120000,2758.5,2766.5,2749,2763.5,80078,0
20250609,130000,2763.5,2772,2755.5,2762.5,54251,0
20250609,140000,2762,2762,2747,2753,55305,0
20250609,150000,2752,2753,2742,2752,54033,0
20250609,160000,2751.5,2754,2737.5,2739,37232,0
20250609,170000,2739,2751,2738.5,2743,43183,0
20250609,180000,2743,2749,2743,2744,27186,0
20250609,190000,2747,2762.5,2745,2757,44938,0
20250609,200000,2757.5,2764.5,2756.5,2759,17327,0
20250609,210000,2759,2761,2750.5,2758.5,17628,0
20250609,220000,2758.5,2764.5,2758.5,2760.5,9748,0
20250609,230000,2760.5,2761,2755.5,2760,10549,0
20250610,090000,2767.5,2770,2761,2767,27216,0
20250610,100000,2767,2771,2747.5,2751.5,60736,0
20250610,110000,2751.5,2753,2735,2741.5,58175,0
20250610,120000,2741.5,2744,2728.5,2732.5,47704,0
20250610,130000,2732.5,2734,2720,2724.5,76998,0
20250610,140000,2725,2731,2721,2725.5,40133,0
20250610,150000,2725.5,2728.5,2721,2721.5,24524,0
20250610,160000,2721,2721.5,2708,2717.5,80121,0
20250610,170000,2718.5,2724.5,2714,2719,45672,0
20250610,180000,2719,2732.5,2718.5,2731,52609,0
20250610,190000,2731.5,2734.5,2725.5,2726,40009,0
20250610,200000,2726,2727,2715,2719,28642,0
20250610,210000,2718.5,2726,2718.5,2723.5,13689,0
20250610,220000,2724,2725,2721,2723.5,7004,0
20250610,230000,2723.5,2725.5,2721.5,2722.5,12631,0
20250611,090000,2721,2730.5,2715,2729,33061,0
20250611,100000,2730.5,2746,2726,2736.5,86186,0
20250611,110000,2736.5,2742,2732.5,2734.5,42753,0
20250611,120000,2734,2738,2726,2731,38203,0
20250611,130000,2732,2744,2732,2738,30432,0
20250611,140000,2738.5,2742.5,2733,2740.5,23846,0
20250611,150000,2740,2748,2737.5,2744,33093,0
20250611,160000,2744.5,2748,2737,2737.5,24568,0
20250611,170000,2737.5,2738,2728,2734,42506,0
20250611,180000,2734.5,2743,2732.5,2740,28740,0
20250611,190000,2743,2745,2727.5,2731.5,33670,0
20250611,200000,2732.5,2736.5,2726,2728,24551,0
20250611,210000,2728,2736.5,2727.5,2732.5,23205,0
20250611,220000,2732.5,2734,2730.5,2734,11730,0
20250611,230000,2733.5,2737.5,2733.5,2737.5,6860,0
20250613,090000,2754.5,2758,2736,2740.5,58000,0
20250613,100000,2741,2752,2737.5,2746,30518,0
20250613,110000,2746,2749.5,2742,2747,17278,0
20250613,120000,2747.5,2767,2747,2765.5,50206,0
20250613,130000,2766.5,2768.5,2759,2762.5,20419,0
20250613,140000,2763.5,2764.5,2755,2759,15778,0
20250613,150000,2759.5,2764.5,2756,2758.5,9066,0
20250613,160000,2759,2764,2757,2760,10626,0
20250613,170000,2761,2765.5,2757,2758,12397,0
20250613,180000,2758,2759,2750.5,2753.5,29336,0
20250613,190000,2753.5,2756.5,2749.5,2754,20472,0
20250613,200000,2754,2761,2752.5,2760,8134,0
20250613,210000,2759.5,2764,2758.5,2762,8555,0
20250613,220000,2762.5,2764,2760,2760,5789,0
20250613,230000,2760,2763,2759,2762,5847,0
20250616,090000,2771,2773,2760,2766.5,35658,0
20250616,100000,2766.5,2770,2752,2755.5,37973,0
20250616,110000,2755,2760,2749,2756,24688,0
20250616,120000,2756,2765,2755,2763.5,22905,0
20250616,130000,2764.5,2766.5,2758,2761,16979,0
20250616,140000,2759.5,2764.5,2757,2759.5,10621,0
20250616,150000,2760.5,2765,2750.5,2755,24719,0
20250616,160000,2755,2758.5,2737.5,2739,48368,0
20250616,170000,2738.5,2743.5,2734,2740.5,25096,0
20250616,180000,2740.5,2742,2737,2739,20652,0
20250616,190000,2739.5,2749,2736.5,2747,29359,0
20250616,200000,2748.5,2749,2744.5,2746,4496,0
20250616,210000,2746,2748,2743,2744,4323,0
20250616,220000,2744,2744.5,2739.5,2741,8097,0
20250616,230000,2742,2745.5,2740,2745,6602,0
20250617,090000,2746.5,2748,2735.5,2735.5,17992,0
20250617,100000,2735.5,2764,2734,2758,76964,0
20250617,110000,2758.5,2763,2754,2760,27683,0
20250617,120000,2760.5,2776,2760,2774,61624,0
20250617,130000,2774,2776.5,2768.5,2769.5,46454,0
20250617,140000,2770.5,2771.5,2765,2766.5,20872,0
20250617,150000,2766.5,2775.5,2766,2772.5,22213,0
20250617,160000,2773,2789.5,2771,2789.5,60349,0
20250617,170000,2790,2796,2785.5,2793.5,67979,0
20250617,180000,2793,2796,2790,2794,27994,0
20250617,190000,2795.5,2801,2794,2798.5,33485,0
20250617,200000,2799,2806.5,2798.5,2805,30734,0
20250617,210000,2805,2812.5,2801.5,2802.5,51309,0
20250617,220000,2803,2803,2794,2798,33832,0
20250617,230000,2798.5,2806.5,2798,2802.5,14739,0
20250618,090000,2800,2808,2795,2805,26256,0
20250618,100000,2805,2806.5,2787.5,2794,73352,0
20250618,110000,2793.5,2799,2789,2791.5,41341,0
20250618,120000,2791.5,2806,2786.5,2802.5,41073,0
20250618,130000,2802,2812,2799.5,2806,46604,0
20250618,140000,2806.5,2811,2801.5,2804.5,36126,0
20250618,150000,2804.5,2808.5,2798.5,2808,22502,0
20250618,160000,2808,2808,2793,2804,50182,0
20250618,170000,2805,2806,2790.5,2794.5,66531,0
20250618,180000,2794,2798.5,2793,2793,19795,0
20250618,190000,2794,2804.5,2793.5,2800.5,43543,0
20250618,200000,2800,2800.5,2793.5,2795.5,17268,0
20250618,210000,2796,2800.5,2795,2798.5,12091,0
20250618,220000,2798.5,2799.5,2795,2795.5,7487,0
20250618,230000,2795.5,2798,2794,2796,7251,0
20250619,090000,2801,2806,2798.5,2801,17650,0
20250619,100000,2801,2807,2795.5,2803.5,26076,0
20250619,110000,2802,2806,2799,2803.5,16054,0
20250619,120000,2803.5,2804,2793,2794.5,18067,0
20250619,130000,2794.5,2796,2785.5,2789.5,44743,0
20250619,140000,2790,2794,2786,2792.5,34891,0
20250619,150000,2792,2792.5,2772.5,2779,89599,0
20250619,160000,2778.5,2784.5,2776.5,2783,30607,0
20250619,170000,2782,2790,2777.5,2788.5,34415,0
20250619,180000,2788,2791.5,2782,2784,44280,0
20250619,190000,2784.5,2793,2783.5,2791.5,22143,0
20250619,200000,2791.5,2797,2787,2788,30912,0
20250619,210000,2787.5,2790.5,2784,2789,13639,0
20250619,220000,2789.5,2791,2787.5,2787.5,6809,0
20250619,230000,2787.5,2790,2787,2790,6806,0
20250620,090000,2789,2790,2780,2785,26706,0
20250620,100000,2784.5,2785,2774,2784,40485,0
20250620,110000,2783,2787.5,2779,2779,20437,0
20250620,120000,2780,2783.5,2777,2781,17119,0
20250620,130000,2781,2783,2776,2782,20029,0
20250620,140000,2781.5,2786,2768.5,2771.5,34825,0
20250620,150000,2771,2778.5,2768,2772,32776,0
20250620,160000,2772,2773.5,2759.5,2761.5,67466,0
20250620,170000,2762,2765,2755.5,2762,42870,0
20250620,180000,2762,2763.5,2748,2749.5,45071,0
20250620,190000,2750.5,2756.5,2749,2752,30065,0
20250620,200000,2752,2752.5,2748.5,2752,12924,0
20250620,210000,2752,2759.5,2751.5,2756.5,24147,0
20250620,220000,2757,2760,2755,2756.5,7335,0
20250620,230000,2756.5,2760,2755.5,2758,13880,0
20250623,090000,2764.5,2765,2751,2756,40950,0
20250623,100000,2756,2756.5,2739,2745,66372,0
20250623,110000,2745,2751.5,2741,2751,38624,0
20250623,120000,2751,2754.5,2745.5,2753,30867,0
20250623,130000,2752.5,2759,2746,2751.5,37597,0
20250623,140000,2751.5,2754,2745,2749,40082,0
20250623,150000,2748.5,2755.5,2747.5,2753,15588,0
20250623,160000,2753,2773.5,2751.5,2763,58422,0
20250623,170000,2763,2771,2762,2765,26364,0
20250623,180000,2765,2769,2760.5,2764.5,22814,0
20250623,190000,2765,2771.5,2756.5,2762,30912,0
20250623,200000,2761.5,2761.5,2747.5,2753,49947,0
20250623,210000,2752.5,2754.5,2747.5,2753,9789,0
20250623,220000,2753,2755.5,2749,2749,9277,0
20250623,230000,2749.5,2750,2740.5,2746,14105,0
20250624,090000,2748.5,2751,2725,2731.5,79346,0
20250624,100000,2731.5,2738,2723,2726,71809,0
20250624,110000,2725.5,2733.5,2718,2726.5,43513,0
20250624,120000,2726.5,2737.5,2720.5,2736,26521,0
20250624,130000,2736,2739,2729.5,2734,29887,0
20250624,140000,2733.5,2737,2723.5,2729.5,27621,0
20250624,150000,2730,2735,2723,2731,26562,0
20250624,160000,2730.5,2741,2730.5,2734.5,32099,0
20250624,170000,2734,2753,2734,2748,73207,0
20250624,180000,2749.5,2750.5,2745,2745,18453,0
20250624,190000,2746,2751,2741,2743.5,23675,0
20250624,200000,2743.5,2750,2743.5,2748,7948,0
20250624,210000,2748,2760.5,2747,2754.5,29532,0
20250624,220000,2754.5,2764.5,2754,2763,26144,0
20250624,230000,2763,2768,2761.5,2768,15267,0
20250625,090000,2763.5,2766,2756.5,2764.5,21297,0
20250625,100000,2764.5,2781.5,2763.5,2781,80420,0
20250625,110000,2781,2783,2772.5,2779,52258,0
20250625,120000,2779,2781.5,2771.5,2777.5,19265,0
20250625,130000,2777,2780.5,2774,2779,27836,0
20250625,140000,2779,2784,2773.5,2778,37387,0
20250625,150000,2779,2782.5,2773.5,2775,24609,0
20250625,160000,2775,2782,2772,2773.5,22464,0
20250625,170000,2773,2792,2770,2790,49914,0
20250625,180000,2790.5,2794,2787,2791.5,32365,0
20250625,190000,2790.5,2802,2788,2796.5,44694,0
20250625,200000,2797,2799,2794.5,2796,20289,0
20250625,210000,2795,2795,2791,2791.5,7276,0
20250625,220000,2792,2797.5,2792,2797.5,20318,0
20250625,230000,2797.5,2797.5,2794,2795,5583,0
20250626,090000,2796,2803,2796,2797,18124,0
20250626,100000,2796.5,2797,2787.5,2790.5,37777,0
20250626,110000,2790.5,2794,2785.5,2786.5,27880,0
20250626,120000,2786.5,2795,2784,2793.5,23709,0
20250626,130000,2793.5,2801.5,2792,2794.5,26663,0
20250626,140000,2794,2800,2790.5,2799.5,17961,0
20250626,150000,2800,2802,2793.5,2798.5,22638,0
20250626,160000,2799,2800.5,2793.5,2799,13868,0
20250626,170000,2799,2810,2798,2804,45390,0
20250626,180000,2804,2807,2795,2797,35234,0
20250626,190000,2797,2802.5,2794.5,2798.5,16769,0
20250626,200000,2798.5,2798.5,2790.5,2794,16125,0
20250626,210000,2794,2796.5,2791.5,2796.5,4301,0
20250626,220000,2796.5,2798.5,2795,2795.5,4052,0
20250626,230000,2795.5,2797.5,2793,2797.5,5538,0
20250627,090000,2795,2797,2792,2793.5,9010,0
20250627,100000,2793.5,2795,2785.5,2788.5,29848,0
20250627,110000,2788,2797.5,2787,2795.5,21365,0
20250627,120000,2795.5,2800,2789.5,2795.5,30043,0
20250627,130000,2795,2800.5,2787,2788.5,26649,0
20250627,140000,2788,2790,2782,2788,41114,0
20250627,150000,2788.5,2794.5,2787,2793.5,24791,0
20250627,160000,2793,2808.5,2790.5,2807.5,44683,0
20250627,170000,2807.5,2815.5,2804,2810.5,64514,0
20250627,180000,2811,2817.5,2805.5,2807.5,37338,0
20250627,190000,2808,2825,2807,2824,69638,0
20250627,200000,2824,2826,2819,2820.5,34433,0
20250627,210000,2821.5,2823,2819.5,2822,12092,0
20250627,220000,2821.5,2825,2821.5,2824,13460,0
20250627,230000,2823.5,2825.5,2821.5,2825.5,14445,0
20250630,090000,2824,2830,2815,2827.5,36573,0
20250630,100000,2828,2830,2813,2816.5,53728,0
20250630,110000,2816.5,2822.5,2810.5,2810.5,32176,0
20250630,120000,2810.5,2819.5,2809,2814.5,19864,0
20250630,130000,2813,2837.5,2813,2833.5,73790,0
20250630,140000,2833.5,2839.5,2832,2834.5,33913,0
20250630,150000,2833.5,2845.5,2833.5,2844,43814,0
20250630,160000,2843.5,2848,2841.5,2842.5,34933,0
20250630,170000,2842.5,2848,2840.5,2846,25764,0
20250630,180000,2846,2850.5,2844,2848,29727,0
20250630,190000,2848.5,2851.5,2846.5,2849,18622,0
20250630,200000,2849.5,2851.5,2847,2847.5,6994,0
20250630,210000,2847.5,2850.5,2847.5,2849,5774,0
20250630,220000,2849.5,2850.5,2848,2849,3696,0
20250630,230000,2849,2849.5,2847,2847.5,6651,0
20250701,090000,2852.5,2859,2849,2854,35905,0
20250701,100000,2854.5,2855,2845.5,2855,40922,0
20250701,110000,2855,2862.5,2847.5,2849,46517,0
20250701,120000,2849,2854,2839.5,2850.5,52121,0
20250701,130000,2850,2851.5,2845.5,2850.5,14013,0
20250701,140000,2851.5,2858.5,2850.5,2856,18341,0
20250701,150000,2855.5,2862,2854,2855.5,27852,0
20250701,160000,2856,2862,2851.5,2855.5,30171,0
20250701,170000,2855.5,2860,2849,2855,42950,0
20250701,180000,2855,2856.5,2847,2847.5,26431,0
20250701,190000,2848.5,2862.5,2844,2845.5,33959,0
20250701,200000,2845.5,2849,2843.5,2845.5,8537,0
20250701,210000,2845.5,2848,2840,2840,14871,0
20250701,220000,2840,2842.5,2837.5,2840.5,15550,0
20250701,230000,2840,2842.5,2839,2842,5691,0
20250702,080000,2843.5,2843.5,2843.5,2843.5,175,0
20250702,090000,2844,2845,2835.5,2841,22929,0
20250702,100000,2841,2847,2829,2830,50423,0
20250702,110000,2829.5,2831.5,2821.5,2824.5,62097,0
20250702,120000,2825,2832,2821,2828.5,28435,0
20250702,130000,2829,2830.5,2819,2827,46908,0
20250702,140000,2827,2837.5,2827,2828.5,31666,0
20250702,150000,2828.5,2840,2828.5,2838.5,19004,0
20250702,160000,2839,2843,2829,2831,32007,0
20250702,170000,2831,2834,2820.5,2820.5,31552,0
20250702,180000,2820,2823,2813,2818.5,48378,0
20250702,190000,2820,2836.5,2818,2829.5,91036,0
20250702,200000,2829,2836.5,2829,2831.5,20954,0
20250702,210000,2831,2832,2818,2823,25681,0
20250702,220000,2823,2826.5,2820,2824.5,9283,0
20250702,230000,2824.5,2830,2821.5,2829.5,10238,0
20250703,080000,2830,2830,2830,2830,117,0
20250703,090000,2830.5,2832,2821,2822,20490,0
20250703,100000,2822,2830.5,2816.5,2829,47610,0
20250703,110000,2829,2843,2828,2842.5,64047,0
20250703,120000,2842.5,2847,2832.5,2838,58403,0
20250703,130000,2838.5,2842,2833,2838.5,34231,0
20250703,140000,2838,2839,2830.5,2834,21289,0
20250703,150000,2833.5,2840.5,2829,2834.5,23443,0
20250703,160000,2833.5,2848.5,2830,2843.5,51244,0
20250703,170000,2843.5,2844,2834.5,2837.5,26757,0
20250703,180000,2837,2838,2821,2827.5,50267,0
20250703,190000,2829,2836.5,2819,2821.5,52765,0
20250703,200000,2821,2823,2815,2819,25765,0
20250703,210000,2818.5,2822.5,2817.5,2819.5,10061,0
20250703,220000,2819,2821,2811.5,2813.5,15630,0
20250703,230000,2813.5,2816,2810.5,2815.5,13344,0
20250704,080000,2808,2808,2808,2808,240,0
20250704,090000,2808,2816,2805,2809.5,36566,0
20250704,100000,2809.5,2817,2803,2806,45978,0
20250704,110000,2805.5,2810,2795.5,2801,57319,0
20250704,120000,2801,2807,2793.5,2806.5,59972,0
20250704,130000,2807.5,2819.5,2805,2813,44638,0
20250704,140000,2813,2823,2810,2817.5,47113,0
20250704,150000,2817.5,2821.5,2805.5,2807,46831,0
20250704,160000,2807,2813,2804.5,2806,23476,0
20250704,170000,2805.5,2814,2801.5,2809,26556,0
20250704,180000,2810,2811,2803,2804,16956,0
20250704,190000,2806,2809.5,2802,2807.5,29485,0
20250704,200000,2808,2813.5,2806.5,2808.5,11457,0
20250704,210000,2807.5,2810.5,2807.5,2809,4142,0
20250704,220000,2809,2809.5,2805.5,2806,8861,0
20250704,230000,2805.5,2810,2805.5,2808.5,6711,0
20250707,080000,2793,2793,2793,2793,983,0
20250707,090000,2792.5,2798.5,2788,2792,52063,0
20250707,100000,2792,2794,2775,2780,76568,0
20250707,110000,2779.5,2783,2773.5,2775,37286,0
20250707,120000,2774.5,2787,2768,2782,68285,0
20250707,130000,2782.5,2783,2767.5,2771,38171,0
20250707,140000,2771.5,2782,2770.5,2778.5,25321,0
20250707,150000,2778.5,2780.5,2773.5,2777.5,13727,0
20250707,160000,2777,2778.5,2763,2763,31102,0
20250707,170000,2763,2768,2759,2766.5,48824,0
20250707,180000,2766.5,2767,2757.5,2762,35322,0
20250707,190000,2763,2767,2762,2764,21446,0
20250707,200000,2764,2766,2762.5,2764,6821,0
20250707,210000,2764.5,2765,2760,2761.5,9340,0
20250707,220000,2761.5,2764.5,2760.5,2763.5,6459,0
20250707,230000,2764,2766,2761.5,2763,6646,0
20250708,080000,2758,2758,2758,2758,533,0
20250708,090000,2758,2762,2750,2756,38147,0
20250708,100000,2755.5,2768,2751,2762,54920,0
20250708,110000,2761.5,2769,2758,2766.5,29634,0
20250708,120000,2767,2769,2761,2766.5,17147,0
20250708,130000,2767,2768,2751,2754.5,35260,0
20250708,140000,2754,2758,2745.5,2746,51343,0
20250708,150000,2746,2751,2742,2743,33509,0
20250708,160000,2743,2754,2742.5,2751,23832,0
20250708,170000,2751.5,2761,2749.5,2761,31354,0
20250708,180000,2760.5,2761.5,2756.5,2759,20464,0
20250708,190000,2760.5,2762,2736,2740,71692,0
20250708,200000,2739.5,2742.5,2733,2733,31559,0
20250708,210000,2733,2734.5,2723,2726,46759,0
20250708,220000,2726,2729,2723.5,2728,13542,0
20250708,230000,2728,2728.5,2720.5,2722.5,15886,0
20250709,080000,2725,2725,2725,2725,29,0
20250709,090000,2725.5,2739.5,2725.5,2737,42872,0
20250709,100000,2737,2738,2711,2718.5,91256,0
20250709,110000,2718.5,2725,2710,2720.5,54624,0
20250709,120000,2720,2722.5,2707.5,2709,31387,0
20250709,130000,2709,2714,2702,2711,45626,0
20250709,140000,2711,2713.5,2705.5,2710.5,24637,0
20250709,150000,2711,2727,2711,2716.5,83918,0
20250709,160000,2717,2720,2709,2713,24456,0
20250709,170000,2712.5,2714.5,2694,2699,55639,0
20250709,180000,2699,2700.5,2689.5,2698,59176,0
20250709,190000,2698.5,2713,2698.5,2710,60028,0
20250709,200000,2710.5,2717.5,2702,2703.5,26672,0
20250709,210000,2703.5,2712,2702.5,2710,17562,0
20250709,220000,2710.5,2721,2709,2720,20926,0
20250709,230000,2720,2720.5,2713,2718,10757,0
20250710,080000,2718.5,2718.5,2718.5,2718.5,183,0
20250710,090000,2718.5,2724,2717,2719,27556,0
20250710,100000,2719.5,2732.5,2716,2730,49833,0
20250710,110000,2730.5,2732.5,2725.5,2725.5,28867,0
20250710,120000,2725.5,2729,2718,2720,29916,0
20250710,130000,2720,2728,2717.5,2719,17695,0
20250710,140000,2718.5,2727,2716,2719,22723,0
20250710,150000,2718.5,2737,2709.5,2734.5,58947,0
20250710,160000,2734,2738,2729,2734.5,34872,0
20250710,170000,2735,2743,2734,2739,31079,0
20250710,180000,2739.5,2741,2734.5,2739.5,23018,0
20250710,190000,2740.5,2746,2735,2737,35503,0
20250710,200000,2736.5,2739.5,2733,2738,13684,0
20250710,210000,2738,2739.5,2733.5,2738,10405,0
20250710,220000,2737.5,2743,2737,2741,10165,0
20250710,230000,2740.5,2741.5,2737.5,2737.5,9663,0
20250711,080000,2722,2722,2722,2722,766,0
20250711,090000,2721.5,2721.5,2706.5,2708.5,55439,0
20250711,100000,2708.5,2714.5,2703.5,2710,61919,0
20250711,110000,2710,2710.5,2690,2693.5,67250,0
20250711,120000,2693.5,2694.5,2682,2685.5,65492,0
20250711,130000,2686,2691.5,2677.5,2683.5,49730,0
20250711,140000,2683,2687,2675.5,2679,50775,0
20250711,150000,2679,2686,2676.5,2682,28800,0
20250711,160000,2682,2694,2678,2691,45625,0
20250711,170000,2691,2691,2661,2662,94491,0
20250711,180000,2661,2664.5,2641.5,2645,112527,0
20250711,190000,2647,2659.5,2643.5,2657,49342,0
20250711,200000,2657,2659,2642,2644,26468,0
20250711,210000,2643,2645,2637,2641.5,28925,0
20250711,220000,2641.5,2648.5,2639.5,2642.5,17482,0
20250711,230000,2643,2646,2639,2642.5,18628,0
20250714,080000,2620,2620,2620,2620,741,0
20250714,090000,2620.5,2628,2608,2627,79325,0
20250714,100000,2626,2644,2625,2643,67715,0
20250714,110000,2643,2647,2634.5,2641.5,38845,0
20250714,120000,2641.5,2651,2637.5,2642.5,36412,0
20250714,130000,2642,2645,2636.5,2642,20413,0
20250714,140000,2642.5,2644,2636,2642.5,22514,0
20250714,150000,2642.5,2665.5,2642,2660,62998,0
20250714,160000,2660.5,2663.5,2645.5,2649.5,63046,0
20250714,170000,2649.5,2669,2644,2646,70622,0
20250714,180000,2646,2727.5,2635.5,2718,372223,0
20250714,190000,2724,2754.5,2719.5,2744.5,172130,0
20250714,200000,2744.5,2749.5,2736.5,2741.5,38067,0
20250714,210000,2741.5,2744.5,2737,2741.5,18833,0
20250714,220000,2741.5,2745,2740,2744.5,14405,0
20250714,230000,2744.5,2749,2744,2745.5,15455,0
20250715,080000,2750.5,2750.5,2750.5,2750.5,628,0
20250715,090000,2750.5,2759.5,2744,2752,54199,0
20250715,100000,2752.5,2756.5,2738,2738.5,59373,0
20250715,110000,2738.5,2749.5,2737.5,2744,38572,0
20250715,120000,2744,2767,2740.5,2760,79201,0
20250715,130000,2759.5,2765,2757.5,2761.5,35589,0
20250715,140000,2762,2762,2754,2759.5,23084,0
20250715,150000,2759,2761,2746.5,2755,54149,0
20250715,160000,2755,2761.5,2751,2759.5,27579,0
20250715,170000,2760,2765,2757,2757.5,50145,0
20250715,180000,2758,2763,2755,2760,30917,0
20250715,190000,2760,2765,2758.5,2763.5,17540,0
20250715,200000,2763,2765,2759.5,2764,13182,0
20250715,210000,2763.5,2766,2762.5,2763,10557,0
20250715,220000,2763.5,2765.5,2760.5,2760.5,4864,0
20250715,230000,2761,2764.5,2760.5,2764.5,6064,0
20250716,080000,2766.5,2766.5,2766.5,2766.5,173,0
20250716,090000,2767,2770,2758.5,2766.5,33321,0
20250716,100000,2766.5,2769,2754,2757,54530,0
20250716,110000,2757,2764,2756,2762,21810,0
20250716,120000,2761,2777,2759,2775.5,80377,0
20250716,130000,2775.5,2784.5,2771,2780.5,53199,0
20250716,140000,2781,2791.5,2779.5,2785,74934,0
20250716,150000,2784.5,2786.5,2778.5,2781.5,31427,0
20250716,160000,2782,2786,2778,2781,27760,0
20250716,170000,2781.5,2785,2779,2782,20846,0
20250716,180000,2782,2784.5,2777,2778.5,31165,0
20250716,190000,2780,2794,2780,2790.5,49778,0
20250716,200000,2790,2794.5,2790,2792.5,11626,0
20250716,210000,2792.5,2798,2790,2790.5,21976,0
20250716,220000,2790.5,2791.5,2787,2787,9801,0
20250716,230000,2787,2790,2786.5,2788.5,8463,0
20250717,080000,2785,2785,2785,2785,2104,0
20250717,090000,2785,2789,2772.5,2784,57980,0
20250717,100000,2784.5,2793,2782.5,2792,40391,0
20250717,110000,2792.5,2794.5,2787,2788.5,25402,0
20250717,120000,2788,2791.5,2785,2790,22594,0
20250717,130000,2790,2792.5,2783,2784,23354,0
20250717,140000,2783.5,2783.5,2772,2779.5,58831,0
20250717,150000,2779,2782,2772.5,2772.5,35366,0
20250717,160000,2773,2773,2763,2768,45844,0
20250717,170000,2767.5,2777.5,2767,2769,29731,0
20250717,180000,2769,2773.5,2764.5,2764.5,30283,0
20250717,190000,2765,2772,2762.5,2763.5,38994,0
20250717,200000,2763.5,2774.5,2761.5,2774.5,23143,0
20250717,210000,2774.5,2775,2769,2772,14636,0
20250717,220000,2771.5,2777,2769,2772,28580,0
20250717,230000,2772,2774.5,2768.5,2772,24779,0
20250718,080000,2736,2736,2736,2736,9111,0
20250718,090000,2736.5,2749,2730,2737.5,144605,0
20250718,100000,2737.5,2757,2731,2751.5,170705,0
20250718,110000,2751.5,2771,2747.5,2764,96827,0
20250718,120000,2764,2768.5,2761,2766.5,39818,0
20250718,130000,2766,2779.5,2765,2772.5,59013,0
20250718,140000,2773,2781,2767,2772,54204,0
20250718,150000,2773,2777,2765.5,2769,36090,0
20250718,160000,2769,2782,2768,2779,37151,0
20250718,170000,2779.5,2793,2778.5,2786,63845,0
20250718,180000,2786.5,2793.5,2786,2790,31539,0
20250718,190000,2791,2797,2790.5,2793,38733,0
20250718,200000,2793,2794,2789.5,2792,14419,0
20250718,210000,2792.5,2793,2790.5,2791,6113,0
20250718,220000,2791.5,2799.5,2791,2799.5,23892,0
20250718,230000,2799,2810,2797.5,2801,31156,0
20250721,080000,2830,2830,2830,2830,980,0
20250721,090000,2830.5,2835,2814,2819.5,81372,0
20250721,100000,2819.5,2824,2808,2811.5,67794,0
20250721,110000,2812,2824,2808,2819,42395,0
20250721,120000,2819,2829.5,2817,2828,39869,0
20250721,130000,2827.5,2832,2818.5,2821.5,37112,0
20250721,140000,2822,2825,2813,2820.5,34990,0
20250721,150000,2820,2827,2817,2821.5,32654,0
20250721,160000,2821.5,2829,2819,2824,32317,0
20250721,170000,2824.5,2833.5,2822.5,2832.5,39908,0
20250721,180000,2833,2833,2822,2822,30989,0
20250721,190000,2824,2830,2820,2823.5,33511,0
20250721,200000,2824,2828.5,2820.5,2824,20500,0
20250721,210000,2824.5,2832,2822.5,2830,13974,0
20250721,220000,2830.5,2830.5,2825,2826,7748,0
20250721,230000,2825.5,2827.5,2824.5,2825.5,7119,0
20250722,080000,2822,2822,2822,2822,839,0
20250722,090000,2821,2821,2811,2814,35743,0
20250722,100000,2814,2821,2809,2809,45968,0
20250722,110000,2808.5,2815.5,2807.5,2812.5,35107,0
20250722,120000,2812.5,2826,2804.5,2824.5,56203,0
20250722,130000,2824.5,2831.5,2820,2826,50037,0
20250722,140000,2827,2831.5,2824,2824,22266,0
20250722,150000,2824,2831.5,2822.5,2828.5,21520,0
20250722,160000,2828.5,2837.5,2826.5,2833.5,45945,0
20250722,170000,2834,2836.5,2826,2828.5,28026,0
20250722,180000,2828.5,2829,2825,2829,19281,0
20250722,190000,2829,2835,2829,2832,19952,0
20250722,200000,2832.5,2835,2831.5,2835,5214,0
20250722,210000,2835,2835,2830.5,2831.5,7034,0
20250722,220000,2831.5,2835,2831,2835,8213,0
20250722,230000,2834.5,2837.5,2832,2832,7760,0
20250723,080000,2836,2836,2836,2836,49,0
20250723,090000,2836.5,2846.5,2834,2844.5,27174,0
20250723,100000,2844,2850,2842.5,2849,36152,0
20250723,110000,2849.5,2852.5,2845,2846.5,40307,0
20250723,120000,2847,2851,2843.5,2848,26059,0
20250723,130000,2848,2849,2840.5,2846.5,27925,0
20250723,140000,2846,2854,2844,2852,34175,0
20250723,150000,2851.5,2853.5,2847,2847,18582,0
20250723,160000,2847,2849.5,2836.5,2840,50002,0
20250723,170000,2839.5,2842.5,2831,2836,53806,0
20250723,180000,2836.5,2845,2832,2843.5,46166,0
20250723,190000,2844,2853.5,2832,2846,67159,0
20250723,200000,2845.5,2847,2841,2841.5,10603,0
20250723,210000,2842.5,2847.5,2835.5,2838,42821,0
20250723,220000,2838,2840.5,2830.5,2838.5,45680,0
20250723,230000,2838.5,2839.5,2833.5,2836,10331,0
20250724,080000,2837.5,2837.5,2837.5,2837.5,121,0
20250724,090000,2837,2843.5,2832,2840,16706,0
20250724,100000,2840,2842,2825.5,2831,54475,0
20250724,110000,2830.5,2833,2821,2831.5,64382,0
20250724,120000,2830.5,2835.5,2826.5,2829.5,37677,0
20250724,130000,2829.5,2833.5,2822.5,2825.5,37293,0
20250724,140000,2825.5,2827,2815,2819.5,41758,0
20250724,150000,2819,2826,2816,2821.5,39217,0
20250724,160000,2821.5,2822,2815.5,2819,22959,0
20250724,170000,2819,2822,2816,2818,19529,0
20250724,180000,2818,2818,2810,2811.5,31911,0
20250724,190000,2812,2819,2812,2819,31562,0
20250724,200000,2819,2824,2818,2819,13807,0
20250724,210000,2819,2825.5,2818.5,2824.5,10383,0
20250724,220000,2824.5,2826,2818,2821,12485,0
20250724,230000,2820.5,2824,2820.5,2822,5656,0
20250725,080000,2822,2822,2822,2822,29,0
20250725,090000,2823,2829,2818,2818,26766,0
20250725,100000,2818,2821,2814.5,2818,26269,0
20250725,110000,2818,2819.5,2816,2816.5,14294,0
20250725,120000,2816.5,2825.5,2816.5,2820.5,38762,0
20250725,130000,2820,2840,2789,2809.5,393828,0
20250725,140000,2810,2823.5,2802.5,2808.5,95774,0
20250725,150000,2808.5,2818,2796.5,2799.5,86689,0
20250725,160000,2799,2801.5,2781.5,2787.5,155074,0
20250725,170000,2787,2788,2771.5,2779.5,101859,0
20250725,180000,2779.5,2779.5,2769.5,2777,57272,0
20250725,190000,2775.5,2780.5,2766.5,2775,50674,0
20250725,200000,2775.5,2786.5,2775,2783,37428,0
20250725,210000,2782.5,2784.5,2778,2780.5,13730,0
20250725,220000,2780.5,2783,2780,2781,9033,0
20250725,230000,2780.5,2783.5,2780,2783,11071,0
20250728,080000,2781.5,2781.5,2781.5,2781.5,285,0
20250728,090000,2780,2782,2759.5,2764.5,57408,0
20250728,100000,2764.5,2770.5,2754,2765,67809,0
20250728,110000,2764.5,2778.5,2761,2775,77212,0
20250728,120000,2775,2782.5,2772,2777.5,50078,0
20250728,130000,2777.5,2788,2776.5,2781.5,47758,0
20250728,140000,2782,2782.5,2759,2762,82432,0
20250728,150000,2762,2763,2735.5,2751,222405,0
20250728,160000,2751,2755.5,2728.5,2743.5,177561,0
20250728,170000,2743.5,2745.5,2731,2739.5,57789,0
20250728,180000,2739.5,2745,2733.5,2736,43569,0
20250728,190000,2737,2743,2734.5,2738,23612,0
20250728,200000,2737.5,2740.5,2734,2736,16788,0
20250728,210000,2736,2740,2735,2739.5,10215,0
20250728,220000,2739.5,2739.5,2735,2736.5,11109,0
20250728,230000,2736.5,2739,2735,2738.5,8651,0
20250729,080000,2742.5,2742.5,2742.5,2742.5,506,0
20250729,090000,2743,2750,2739.5,2747,38393,0
20250729,100000,2747,2754.5,2734,2741.5,75903,0
20250729,110000,2742,2754,2737,2749,57415,0
20250729,120000,2749.5,2752.5,2742,2749,33082,0
20250729,130000,2749,2751,2743.5,2747,22032,0
20250729,140000,2747,2761.5,2746.5,2757.5,68212,0
20250729,150000,2757.5,2764,2755.5,2760.5,43685,0
20250729,160000,2760.5,2761,2748,2753,35605,0
20250729,170000,2752.5,2767,2750,2765.5,42492,0
20250729,180000,2766,2767.5,2759.5,2760.5,34504,0
20250729,190000,2761,2766,2759,2759.5,25650,0
20250729,200000,2759.5,2766.5,2736,2736,86343,0
20250729,210000,2736.5,2743.5,2735.5,2740.5,46702,0
20250729,220000,2741,2749,2741,2747,18066,0
20250729,230000,2747.5,2755.5,2746.5,2753.5,15385,0
20250730,080000,2748.5,2748.5,2748.5,2748.5,166,0
20250730,090000,2748,2757,2745,2753,23054,0
20250730,100000,2753,2754,2741,2751.5,61173,0
20250730,110000,2752,2754.5,2742,2746.5,29179,0
20250730,120000,2746,2749,2740.5,2742,23015,0
20250730,130000,2741.5,2747,2738.5,2744,32044,0
20250730,140000,2743.5,2743.5,2736.5,2737.5,23123,0
20250730,150000,2738,2740.5,2719,2724.5,104554,0
20250730,160000,2723.5,2730,2721,2729,37853,0
20250730,170000,2729,2733.5,2725,2728.5,27397,0
20250730,180000,2727.5,2730.5,2725,2728,17046,0
20250730,190000,2728.5,2732.5,2722,2724,34529,0
20250730,200000,2724,2727.5,2721.5,2724,13134,0
20250730,210000,2724,2729,2723.5,2724,7181,0
20250730,220000,2724,2726.5,2722,2725,14858,0
20250730,230000,2724.5,2728.5,2723,2727.5,11763,0
20250731,080000,2733,2733,2733,2733,638,0
20250731,090000,2733,2741,2730,2737,40921,0
20250731,100000,2737,2745.5,2725.5,2727.5,66697,0
20250731,110000,2728,2731.5,2718.5,2720.5,43928,0
20250731,120000,2720.5,2732,2719.5,2730.5,35624,0
20250731,130000,2730.5,2738,2728,2730.5,36677,0
20250731,140000,2731,2736,2721.5,2724.5,35095,0
20250731,150000,2724.5,2732.5,2722.5,2726.5,21032,0
20250731,160000,2726,2735,2723.5,2730.5,26400,0
20250731,170000,2731,2734.5,2728.5,2729.5,18103,0
20250731,180000,2729.5,2735,2727.5,2733,17693,0
20250731,190000,2734,2743,2733,2740.5,43946,0
20250731,200000,2741,2742.5,2740,2740.5,12193,0
20250731,210000,2740,2741,2737.5,2739.5,20849,0
20250731,220000,2739.5,2741,2739,2739.5,5403,0
20250731,230000,2739.5,2744.5,2739,2744,9871,0
20250801,080000,2750,2750,2750,2750,781,0
20250801,090000,2750,2757.5,2749.5,2752.5,53126,0
20250801,100000,2753,2757,2746.5,2751.5,38268,0
20250801,110000,2751.5,2752,2747.5,2750.5,27272,0
20250801,120000,2751,2751.5,2745,2746.5,33735,0
20250801,130000,2746,2750.5,2745,2748,25842,0
20250801,140000,2749,2750,2727.5,2729.5,84188,0
20250801,150000,2730,2735,2726,2726,43787,0
20250801,160000,2726,2735.5,2725,2731,35286,0
20250801,170000,2730.5,2734,2728,2732.5,17364,0
20250801,180000,2732,2733,2728.5,2731.5,19798,0
20250801,190000,2732,2735,2718,2720.5,29190,0
20250801,200000,2720,2733,2711.5,2730.5,94718,0
20250801,210000,2730.5,2739.5,2729,2735,27314,0
20250801,220000,2735,2737,2733,2733.5,14329,0
20250801,230000,2733,2738,2733,2735,15879,0
20250804,080000,2735.5,2735.5,2735.5,2735.5,141,0
20250804,090000,2736,2741,2728.5,2733.5,45375,0
20250804,100000,2732.5,2744,2729,2740.5,49533,0
20250804,110000,2741,2747.5,2738.5,2744,30995,0
20250804,120000,2744,2753.5,2743.5,2751,50294,0
20250804,130000,2752,2756,2748.5,2754,24717,0
20250804,140000,2755,2757.5,2752,2753.5,37830,0
20250804,150000,2754,2760,2752.5,2757,36705,0
20250804,160000,2757.5,2763,2757.5,2762,34147,0
20250804,170000,2762,2775,2759,2766.5,91458,0
20250804,180000,2767,2779,2767,2775.5,47628,0
20250804,190000,2775.5,2779,2771,2774,19299,0
20250804,200000,2773.5,2783.5,2773.5,2781,23615,0
20250804,210000,2781.5,2785.5,2779,2784,13249,0
20250804,220000,2784.5,2785.5,2780,2780.5,11726,0
20250804,230000,2780.5,2785,2780.5,2784,8521,0
20250805,090000,2779.5,2789,2777.5,2786.5,29840,0
20250805,100000,2786.5,2786.5,2778,2780,41694,0
20250805,110000,2779.5,2782.5,2774,2776.5,42059,0
20250805,120000,2776,2776.5,2766.5,2769,70820,0
20250805,130000,2769,2778.5,2769,2775,39873,0
20250805,140000,2775,2777,2769,2773.5,17786,0
20250805,150000,2773,2798.5,2766,2789.5,117858,0
20250805,160000,2789.5,2793,2781,2787.5,53309,0
20250805,170000,2787.5,2791.5,2781.5,2784,32465,0
20250805,180000,2784,2789.5,2782.5,2785.5,13478,0
20250805,190000,2786.5,2797.5,2785.5,2796,34157,0
20250805,200000,2796,2803.5,2792,2792,40631,0
20250805,210000,2792,2796.5,2790.5,2795.5,12717,0
20250805,220000,2796,2799.5,2794,2795,10472,0
20250805,230000,2795.5,2797,2793,2797,7456,0
20250806,090000,2795.5,2801,2793.5,2796.5,21037,0
20250806,100000,2795.5,2803.5,2784.5,2790,47509,0
20250806,110000,2790,2794.5,2781,2786,32476,0
20250806,120000,2786,2789,2783,2788,21527,0
20250806,130000,2788,2792.5,2782,2783.5,19183,0
20250806,140000,2784.5,2794,2777.5,2791,45774,0
20250806,150000,2791,2797.5,2781,2784.5,63525,0
20250806,160000,2784.5,2787.5,2772,2775,50070,0
20250806,170000,2774.5,2799.5,2758,2762.5,191273,0
20250806,180000,2761.5,2767,2755.5,2766,58226,0
20250806,190000,2766.5,2790,2759,2767.5,169452,0
20250806,200000,2767.5,2813,2765.5,2803.5,240878,0
20250806,210000,2804,2866.5,2803.5,2863.5,177152,0
20250806,220000,2863,2888.5,2841,2857.5,476121,0
20250806,230000,2857.5,2863.5,2834,2849,221450,0
20250807,090000,2847,2851,2835,2837,50707,0
20250807,100000,2837.5,2853,2826,2848,148160,0
20250807,110000,2848.5,2919,2848,2910,438878,0
20250807,120000,2910,2923,2898,2900.5,189505,0
20250807,130000,2900.5,2915,2892.5,2902,102456,0
20250807,140000,2903.5,2916.5,2900,2910,93017,0
20250807,150000,2910,2918.5,2893,2907,150377,0
20250807,160000,2906,2908.5,2898.5,2904.5,37788,0
20250807,170000,2906,2908.5,2901.5,2906,31345,0
20250807,180000,2906.5,2912,2871,2879.5,221565,0
20250807,190000,2877,2884.5,2863.5,2877.5,122903,0
20250807,200000,2877.5,2878,2865.5,2868,57156,0
20250807,210000,2867,2905,2867,2888,141462,0
20250807,220000,2888,2889,2880.5,2887,21751,0
20250807,230000,2887,2905,2875,2894.5,133530,0
20250808,090000,2897.5,2898,2889,2895,35774,0
20250808,100000,2895.5,2896,2876.5,2879.5,79706,0
20250808,110000,2879.5,2884,2874,2883,51550,0
20250808,120000,2883,2884.5,2878,2880.5,35007,0
20250808,130000,2880.5,2893.5,2876,2886.5,82635,0
20250808,140000,2886.5,2906,2883.5,2901,91238,0
20250808,150000,2900,2910,2897.5,2898,75100,0
20250808,160000,2898.5,2902.5,2895.5,2902,35981,0
20250808,170000,2902,2927.5,2894.5,2926,210650,0
20250808,180000,2926,2930,2919,2923,75393,0
20250808,190000,2923.5,2933,2921.5,2929.5,41617,0
20250808,200000,2930,2935.5,2926.5,2929.5,34930,0
20250808,210000,2929.5,2934.5,2928,2930,20216,0
20250808,220000,2930,2934,2928,2933.5,15253,0
20250808,230000,2933,2970,2930.5,2969,164793,0
20250811,090000,2995,2998,2982,2991,127218,0
20250811,100000,2991,2997,2978.5,2980,121096,0
20250811,110000,2981,2991.5,2980,2989.5,53501,0
20250811,120000,2989.5,2990,2978,2982,42053,0
20250811,130000,2983,2983.5,2977,2982,30469,0
20250811,140000,2982.5,2992.5,2981,2986.5,43578,0
20250811,150000,2986,2988.5,2982.5,2983,22240,0
20250811,160000,2983,2988,2977,2984.5,46556,0
20250811,170000,2984.5,2995,2981,2990,54181,0
20250811,180000,2990.5,2992.5,2956.5,2965,174042,0
20250811,190000,2965,2976.5,2953.5,2960,112241,0
20250811,200000,2960,2971.5,2958.5,2962.5,32628,0
20250811,210000,2962.5,2966.5,2957.5,2962,19402,0
20250811,220000,2962,2966,2961,2966,10520,0
20250811,230000,2966,2973,2964.5,2972,15941,0
20250812,090000,2961.5,2969.5,2960,2966,22640,0
20250812,100000,2966,2971,2958.5,2962,54512,0
20250812,110000,2961.5,2964.5,2956,2962,40542,0
20250812,120000,2962,2967,2957.5,2966,23243,0
20250812,130000,2965,2968.5,2961,2966.5,20193,0
20250812,140000,2965,2966,2961,2963.5,26927,0
20250812,150000,2963.5,2964.5,2956.5,2962.5,26815,0
20250812,160000,2962,2978,2961.5,2971.5,40242,0
20250812,170000,2972,2983,2967.5,2979,58533,0
20250812,180000,2979.5,2983,2972,2980,39383,0
20250812,190000,2981.5,2983.5,2979,2982,14040,0
20250812,200000,2982.5,2983,2973,2979,27653,0
20250812,210000,2979,2983,2979,2981,12535,0
20250812,220000,2981,2983,2979.5,2980.5,5450,0
20250812,230000,2980,2981,2978.5,2979.5,4584,0
20250813,090000,2983.5,2994.5,2981,2991,43046,0
20250813,100000,2991,2991.5,2977,2977.5,41803,0
20250813,110000,2977.5,2981.5,2971,2978,55133,0
20250813,120000,2977.5,2983,2972,2975.5,40915,0
20250813,130000,2975.5,2976.5,2971,2974,36770,0
20250813,140000,2973.5,2976.5,2961.5,2964,35940,0
20250813,150000,2964,2980.5,2963,2974,52699,0
20250813,160000,2975,2982,2969,2976.5,40263,0
20250813,170000,2977,2985.5,2968,2977.5,84918,0
20250813,180000,2977.5,2982,2974,2975,32155,0
20250813,190000,2977,2982,2970,2970,27345,0
20250813,200000,2970.5,2973.5,2968,2972,20084,0
20250813,210000,2971,2975,2970,2973,11028,0
20250813,220000,2973,2974,2968.5,2970.5,7981,0
20250813,230000,2970.5,2971,2955,2961,36789,0
20250814,090000,2959.5,2964,2947.5,2954,52750,0
20250814,100000,2953,2953,2941,2947.5,81714,0
20250814,110000,2947,2951.5,2938,2940.5,60433,0
20250814,120000,2940.5,2958.5,2939,2954.5,77254,0
20250814,130000,2954.5,2964.5,2953,2963.5,47190,0
20250814,140000,2963,2969,2958,2968.5,55267,0
20250814,150000,2968,2990.5,2968,2981.5,88597,0
20250814,160000,2982,2986.5,2977,2985,69623,0
20250814,170000,2985,2988.5,2975,2981,84769,0
20250814,180000,2981,2982,2976,2976.5,21359,0
20250814,190000,2977.5,2985,2977.5,2983,25572,0
20250814,200000,2983,2995,2982,2991,38850,0
20250814,210000,2991,2999,2990.5,2995,39002,0
20250814,220000,2995,2996.5,2990,2991.5,15876,0
20250814,230000,2991.5,2994,2989.5,2993.5,11233,0
20250815,090000,2993,2994.5,2985.5,2988,24509,0
20250815,100000,2987.5,2990,2982,2989,39628,0
20250815,110000,2988.5,2993.5,2984.5,2992.5,19960,0
20250815,120000,2992.5,2999.5,2992,2996.5,42463,0
20250815,130000,2996.5,3005,2995.5,2999,51554,0
20250815,140000,2999,3006,2999,3005,41300,0
20250815,150000,3005,3007,2992.5,3006,87010,0
20250815,160000,3006.5,3009,3000,3008,32339,0
20250815,170000,3008,3020,3007,3014.5,108594,0
20250815,180000,3014.5,3023,3011.5,3019,38733,0
20250815,190000,3021,3026.5,3014.5,3024.5,58928,0
20250815,200000,3025,3026,3005.5,3015,61619,0
20250815,210000,3015.5,3022.5,3015,3018,27315,0
20250815,220000,3017.5,3020.5,3006.5,3012.5,45840,0
20250815,230000,3011.5,3016.5,3007.5,3014,34692,0
20250816,100000,2968,2970,2922,2957.5,103663,0
20250816,110000,2957,2958,2940.5,2948.5,39182,0
20250816,120000,2948,2951.5,2945,2948,14398,0
20250816,130000,2947.5,2948.5,2940,2941.5,19468,0
20250816,140000,2941.5,2946.5,2940.5,2946,11759,0
20250816,150000,2946,2950.5,2944.5,2950,9925,0
20250816,160000,2950,2956,2948.5,2952.5,10565,0
20250816,170000,2952.5,2952.5,2946.5,2948.5,5282,0
20250816,180000,2948,2950,2946,2949,5515,0
20250817,100000,2947,2954.5,2945,2948,10869,0
20250817,110000,2949,2949,2945.5,2946,2866,0
20250817,120000,2946,2947.5,2945,2947.5,1799,0
20250817,130000,2947,2948,2946,2947,3373,0
20250817,140000,2947,2947.5,2942.5,2943,4712,0
20250817,150000,2943,2944.5,2940,2940.5,15949,0
20250817,160000,2940,2941.5,2932,2936,18177,0
20250817,170000,2936,2938,2934,2934,7161,0
20250817,180000,2934,2937.5,2932.5,2933.5,5873,0
20250818,090000,2952,2959,2948.5,2955.5,85484,0
20250818,100000,2955.5,2955.5,2942.5,2951,71522,0
20250818,110000,2950.5,2958,2947.5,2957.5,33871,0
20250818,120000,2958,2968.5,2957.5,2963,59568,0
20250818,130000,2963,2965,2956,2958,40632,0
20250818,140000,2958.5,2963,2955.5,2962,23628,0
20250818,150000,2962.5,2973,2959.5,2970.5,40889,0
20250818,160000,2970.5,2976.5,2967.5,2968,63149,0
20250818,170000,2967.5,2972,2954.5,2956.5,78649,0
20250818,180000,2956.5,2960.5,2949,2951.5,45354,0
20250818,190000,2952,2970.5,2945,2963.5,77673,0
20250818,200000,2963,2977,2955.5,2965,104729,0
20250818,210000,2964.5,2999,2960,2994.5,118994,0
20250818,220000,2995,3020,2981,2996,232225,0
20250818,230000,2996,2997.5,2987,2995.5,48838,0
20250819,090000,2995.5,3008,2993,3001,67466,0
20250819,100000,3000.5,3010,2999,3003.5,53326,0
20250819,110000,3004,3005,2999,3000.5,34224,0
20250819,120000,3000.5,3007,2990,2992,75804,0
20250819,130000,2992,2995.5,2989.5,2994,33092,0
20250819,140000,2994.5,2998.5,2993.5,2997,24388,0
20250819,150000,2997,3001,2981,2983,97059,0
20250819,160000,2983,2993,2981,2992,52892,0
20250819,170000,2992,2995,2983,2984,39988,0
20250819,180000,2983.5,2985.5,2963,2966.5,108692,0
20250819,190000,2967,2968,2958.5,2964,42674,0
20250819,200000,2963.5,2980,2956,2977,91671,0
20250819,210000,2976.5,2979.5,2971.5,2973.5,24619,0
20250819,220000,2973.5,2978.5,2973.5,2977,14168,0
20250819,230000,2976.5,2977.5,2968,2970,18706,0
20250820,090000,2970.5,2979,2963.5,2978,30572,0
20250820,100000,2978.5,2979,2966.5,2968.5,42780,0
20250820,110000,2969,2972,2965.5,2969.5,26488,0
20250820,120000,2969.5,2975.5,2961,2962.5,44663,0
20250820,130000,2962,2967,2960,2961.5,35575,0
20250820,140000,2962.5,2962.5,2943,2947.5,111636,0
20250820,150000,2948,2950.5,2937,2950.5,91138,0
20250820,160000,2950.5,2951,2933,2938,81815,0
20250820,170000,2937,2941.5,2932,2937,68643,0
20250820,180000,2937.5,2946,2935.5,2939,50850,0
20250820,190000,2940,2947.5,2932,2933,44743,0
20250820,200000,2934,2938.5,2932.5,2937,22313,0
20250820,210000,2936.5,2940,2936,2939.5,9804,0
20250820,220000,2939.5,2942,2938.5,2941,13346,0
20250820,230000,2941,2943.5,2939.5,2941.5,9714,0
20250821,090000,2939.5,2944,2931.5,2931.5,31778,0
20250821,100000,2931.5,2937,2919.5,2923.5,106387,0
20250821,110000,2923,2923.5,2913.5,2919,82576,0
20250821,120000,2920,2932,2916,2930,64358,0
20250821,130000,2930,2932,2911,2920.5,93988,0
20250821,140000,2920.5,2941,2920.5,2931,159538,0
20250821,150000,2931.5,2938,2924,2927.5,45217,0
20250821,160000,2927.5,2927.5,2901.5,2903,134003,0
20250821,170000,2903,2904.5,2894.5,2897.5,110166,0
20250821,180000,2897.5,2899.5,2881.5,2882.5,114573,0
20250821,190000,2882.5,2889,2878.5,2886,63319,0
20250821,200000,2886,2890.5,2882.5,2890,23081,0
20250821,210000,2890,2890,2880,2883,27548,0
20250821,220000,2883,2884.5,2875.5,2878,29408,0
20250821,230000,2877.5,2883,2876.5,2883,23680,0
20250822,090000,2883.5,2896,2881,2884,70039,0
20250822,100000,2884.5,2895,2881.5,2883.5,71525,0
20250822,110000,2884,2890,2883,2884,33792,0
20250822,120000,2884,2895,2879,2889.5,52682,0
20250822,130000,2888.5,2899.5,2887,2897,51874,0
20250822,140000,2898,2907.5,2890,2895,93436,0
20250822,150000,2895,2898,2883,2884.5,55362,0
20250822,160000,2884.5,2897,2884,2892.5,40918,0
20250822,170000,2893,2899,2887,2889,38911,0
20250822,180000,2889.5,2903.5,2889,2900,42132,0
20250822,190000,2901,2907,2897,2901.5,34676,0
20250822,200000,2901.5,2908.5,2892,2895.5,44604,0
20250822,210000,2896.5,2899.5,2894.5,2897.5,8794,0
20250822,220000,2898,2908,2895,2902,24883,0
20250822,230000,2901.5,2907.5,2901.5,2905,20416,0
20250823,100000,2904.5,2915.5,2902.5,2907.5,10157,0
20250823,110000,2907,2907.5,2905,2905.5,2728,0
20250823,120000,2906.5,2906.5,2904.5,2905,1137,0
20250823,130000,2906,2906.5,2905.5,2906.5,1471,0
20250823,140000,2906.5,2907,2906,2906.5,983,0
20250823,150000,2906,2906.5,2905.5,2906,868,0
20250823,160000,2905.5,2906.5,2905.5,2906,315,0
20250823,170000,2905.5,2907,2905.5,2905.5,464,0
20250823,180000,2905.5,2907.5,2905.5,2906.5,817,0
20250824,100000,2907,2907.5,2894,2896,10363,0
20250824,110000,2895.5,2896.5,2891.5,2893,4696,0
20250824,120000,2893,2895,2892.5,2894.5,3192,0
20250824,130000,2894.5,2895,2894,2894.5,953,0
20250824,140000,2894.5,2895,2893,2895,1240,0
20250824,150000,2895,2897.5,2895,2897.5,1710,0
20250824,160000,2897.5,2899.5,2895.5,2897,2977,0
20250824,170000,2897,2897,2894,2895,2238,0
20250824,180000,2895,2896.5,2894,2894,1086,0
20250825,090000,2894.5,2894.5,2881,2887,41053,0
20250825,100000,2886.5,2894,2884,2884.5,39804,0
20250825,110000,2884,2886,2866.5,2872,109910,0
20250825,120000,2872.5,2875.5,2869,2873,42532,0
20250825,130000,2872.5,2882,2872,2881.5,61367,0
20250825,140000,2880.5,2883.5,2870,2874.5,62787,0
20250825,150000,2874,2875.5,2862,2865.5,65538,0
20250825,160000,2865.5,2880,2861.5,2878.5,60146,0
20250825,170000,2878.5,2887,2878,2882,56713,0
20250825,180000,2882,2894.5,2881.5,2890.5,56747,0
20250825,190000,2891,2898.5,2891,2896.5,33424,0
20250825,200000,2896,2899,2892,2895.5,17185,0
20250825,210000,2896,2896.5,2893,2895,6429,0
20250825,220000,2894.5,2895,2893,2894,2337,0
20250825,230000,2894,2895.5,2892.5,2895.5,7281,0
20250826,090000,2899,2914.5,2898.5,2911.5,71115,0
20250826,100000,2911.5,2920.5,2906,2907,88746,0
20250826,110000,2907.5,2913.5,2907,2911.5,36622,0
20250826,120000,2911,2912,2899.5,2903.5,36494,0
20250826,130000,2903.5,2912,2902.5,2909.5,43881,0
20250826,140000,2910.5,2915,2906,2906.5,27841,0
20250826,150000,2906,2907.5,2900,2903.5,31234,0
20250826,160000,2903.5,2904,2885,2888,74419,0
20250826,170000,2887.5,2890.5,2882,2884.5,66975,0
20250826,180000,2884,2890.5,2882.5,2889,28713,0
20250826,190000,2890.5,2895.5,2886,2891.5,34762,0
20250826,200000,2891,2895,2889.5,2892,9452,0
20250826,210000,2892,2900,2892,2897.5,19422,0
20250826,220000,2897,2902.5,2893.5,2898,20424,0
20250826,230000,2898.5,2904,2898,2904,9378,0
20250827,090000,2897.5,2901.5,2891.5,2895,27330,0
20250827,100000,2895,2906.5,2892.5,2901,54404,0
20250827,110000,2901,2909.5,2900,2906,41645,0
20250827,120000,2906,2907,2900,2901,21556,0
20250827,130000,2901,2905.5,2896,2900.5,30091,0
20250827,140000,2900,2916.5,2897.5,2913.5,57106,0
20250827,150000,2913.5,2916,2910,2916,53409,0
20250827,160000,2916,2918,2910,2914.5,43333,0
20250827,170000,2915,2919,2912.5,2913,42468,0
20250827,180000,2913,2918,2909.5,2917.5,33643,0
20250827,190000,2916,2924,2914,2921.5,40726,0
20250827,200000,2922,2928.5,2920,2925.5,24159,0
20250827,210000,2925.5,2929.5,2925,2927,15655,0
20250827,220000,2927.5,2927.5,2923,2924.5,9541,0
20250827,230000,2924.5,2925,2922.5,2923.5,5512,0
20250828,090000,2924,2927,2918,2920,26672,0
20250828,100000,2920,2920.5,2913.5,2914,38037,0
20250828,110000,2913.5,2917.5,2911.5,2912.5,24746,0
20250828,120000,2912.5,2917,2910,2913.5,27940,0
20250828,130000,2914.5,2919.5,2905,2908.5,42934,0
20250828,140000,2908,2911,2903,2906,41981,0
20250828,150000,2906.5,2916,2905.5,2914.5,27538,0
20250828,160000,2914.5,2920,2907.5,2909.5,34018,0
20250828,170000,2909,2914.5,2908.5,2911,50364,0
20250828,180000,2910.5,2917,2910.5,2912,24480,0
20250828,190000,2912.5,2915,2912.5,2913.5,11499,0
20250828,200000,2913.5,2914,2872,2888,248024,0
20250828,210000,2888,2894,2880,2889,69036,0
20250828,220000,2889,2889,2879,2881.5,36833,0
20250828,230000,2882.5,2892,2880,2890,19878,0
20250829,090000,2894.5,2901.5,2890.5,2892.5,39562,0
20250829,100000,2892.5,2901.5,2887,2900,60190,0
20250829,110000,2899.5,2904,2893,2899,46703,0
20250829,120000,2898.5,2901,2885.5,2888,56124,0
20250829,130000,2888,2904,2888,2896,89772,0
20250829,140000,2895,2897,2886.5,2892.5,48562,0
20250829,150000,2892,2896,2889.5,2894,32546,0
20250829,160000,2894,2896,2887.5,2889.5,27967,0
20250829,170000,2890,2904.5,2889.5,2901.5,69615,0
20250829,180000,2901.5,2905,2897.5,2902.5,38084,0
20250829,190000,2901,2905,2898.5,2899.5,19537,0
20250829,200000,2899,2904.5,2898,2902.5,9201,0
20250829,210000,2903,2903,2900.5,2901,4063,0
20250829,220000,2901.5,2903.5,2899,2903,8686,0
20250829,230000,2903,2908,2901.5,2906.5,10444,0
20250830,100000,2907.5,2909,2902.5,2906.5,4247,0
20250830,110000,2906.5,2906.5,2901.5,2902,3143,0
20250830,120000,2902,2905,2901.5,2904,846,0
20250830,130000,2904.5,2905.5,2902.5,2902.5,843,0
20250830,140000,2902.5,2904.5,2901.5,2903,1683,0
20250830,150000,2904,2907,2901.5,2905,4483,0
20250830,160000,2906,2906,2902.5,2903.5,1854,0
20250830,170000,2903.5,2904.5,2901.5,2902,2368,0
20250830,180000,2902,2906,2900,2903.5,5419,0
20250831,100000,2907,2918,2905,2912,9734,0
20250831,110000,2912,2917.5,2911,2916.5,8495,0
20250831,120000,2916.5,2917.5,2912,2914,3325,0
20250831,130000,2914,2914.5,2910.5,2910.5,1378,0
20250831,140000,2910.5,2913,2910,2912,3192,0
20250831,150000,2912.5,2912.5,2909,2909,2324,0
20250831,160000,2910,2913,2910,2912,2194,0
20250831,170000,2912.5,2913,2912.5,2913,1860,0
20250831,180000,2913,2914,2910.5,2913,1328,0
20250901,080000,2916,2916,2916,2916,242,0
20250901,090000,2916.5,2927,2916.5,2925,39004,0
20250901,100000,2925.5,2926.5,2917,2918,36927,0
20250901,110000,2918,2920.5,2915,2918.5,23978,0
20250901,120000,2918,2919.5,2915,2915.5,15307,0
20250901,130000,2915.5,2916.5,2911,2913.5,26717,0
20250901,140000,2913,2917,2912.5,2913,13725,0
20250901,150000,2913,2916.5,2911,2914,16533,0
20250901,160000,2914,2914.5,2906.5,2909,30594,0
20250901,170000,2909,2910.5,2895,2898,58838,0
20250901,180000,2897,2901,2892.5,2894,33578,0
20250901,190000,2894,2899,2887,2891,38885,0
20250901,200000,2890.5,2896.5,2887,2894,32335,0
20250901,210000,2894,2897,2890.5,2893,18173,0
20250901,220000,2892.5,2895.5,2891,2895.5,8623,0
20250901,230000,2895,2896.5,2892,2894,9159,0
20250902,080000,2889.5,2889.5,2889.5,2889.5,200,0
20250902,090000,2890,2891.5,2877.5,2880.5,61347,0
20250902,100000,2880.5,2884,2871,2874,92441,0
20250902,110000,2874,2880.5,2867.5,2879.5,68112,0
20250902,120000,2879,2884,2873,2878.5,43999,0
20250902,130000,2878.5,2881,2871.5,2875,38457,0
20250902,140000,2875,2881.5,2873.5,2881,19505,0
20250902,150000,2880,2888.5,2864,2865.5,116772,0
20250902,160000,2865.5,2865.5,2857,2862.5,108256,0
20250902,170000,2863,2866,2859,2859.5,32718,0
20250902,180000,2859,2859,2846.5,2848,81365,0
20250902,190000,2848.5,2857.5,2848.5,2856,40296,0
20250902,200000,2855.5,2856,2847,2849,33144,0
20250902,210000,2849,2863.5,2848,2862.5,60243,0
20250902,220000,2862,2872,2859,2868,64094,0
20250902,230000,2867.5,2874,2867,2871,17365,0
20250903,080000,2869,2869,2869,2869,748,0
20250903,090000,2868.5,2871,2861,2868.5,36710,0
20250903,100000,2868,2876,2857.5,2860.5,59917,0
20250903,110000,2860.5,2861,2851.5,2860,44978,0
20250903,120000,2860.5,2866.5,2858,2859.5,39063,0
20250903,130000,2859.5,2871.5,2859.5,2865,44897,0
20250903,140000,2865,2868.5,2861,2866,31716,0
20250903,150000,2866,2868,2862.5,2866.5,18462,0
20250903,160000,2866.5,2879,2861.5,2864.5,74153,0
20250903,170000,2864,2872,2864,2870,33503,0
20250903,180000,2870.5,2873.5,2867.5,2868.5,23713,0
20250903,190000,2869.5,2885.5,2868.5,2878,105501,0
20250903,200000,2878,2883.5,2878,2880.5,17017,0
20250903,210000,2881,2883.5,2877,2882.5,14214,0
20250903,220000,2882,2887.5,2882,2885.5,33162,0
20250903,230000,2885,2887,2883.5,2885,9697,0
20250904,080000,2884,2884,2884,2884,68,0
20250904,090000,2885,2894.5,2879.5,2894,45993,0
20250904,100000,2894,2898,2891.5,2896.5,68361,0
20250904,110000,2896.5,2897,2890,2891,31051,0
20250904,120000,2891,2895,2886.5,2890.5,45790,0
20250904,130000,2890.5,2896,2889.5,2892.5,39068,0
20250904,140000,2893,2895,2888.5,2890,22041,0
20250904,150000,2890.5,2893,2881,2884.5,51608,0
20250904,160000,2885,2895,2884,2892,43670,0
20250904,170000,2892,2894,2870,2877.5,143526,0
20250904,180000,2877,2885.5,2873.5,2877.5,54223,0
20250904,190000,2877.5,2882.5,2877,2881,21626,0
20250904,200000,2881,2890.5,2880,2887,29783,0
20250904,210000,2887,2895,2887,2892,41470,0
20250904,220000,2892.5,2893.5,2889,2892,12858,0
20250904,230000,2891.5,2894.5,2889,2893.5,8347,0
20250905,080000,2893,2893,2893,2893,147,0
20250905,090000,2892.5,2897.5,2890.5,2894.5,26866,0
20250905,100000,2894.5,2897.5,2890.5,2892,36230,0
20250905,110000,2892,2907,2889,2905.5,87053,0
20250905,120000,2905.5,2909,2896.5,2903,74648,0
20250905,130000,2903,2904,2896.5,2899,32353,0
20250905,140000,2899,2904,2898,2901.5,20494,0
20250905,150000,2901.5,2904,2898.5,2904,19189,0
20250905,160000,2904,2904.5,2898,2904.5,34574,0
20250905,170000,2904.5,2909,2903,2904,36125,0
20250905,180000,2904,2907,2901.5,2904,21101,0
20250905,190000,2905,2906.5,2902,2905,11022,0
20250905,200000,2905.5,2906,2903,2903,7585,0
20250905,210000,2903.5,2906,2903,2904,7800,0
20250905,220000,2904,2910,2903.5,2908,14270,0
20250905,230000,2907.5,2908.5,2905,2907.5,7766,0
20250906,090000,2907,2907,2907,2907,3,0
20250906,100000,2908,2919,2900.5,2908,12749,0
20250906,110000,2908.5,2908.5,2906,2907,1659,0
20250906,120000,2907,2907,2906,2906.5,826,0
20250906,130000,2907,2907.5,2906.5,2906.5,1217,0
20250906,140000,2907,2907,2905.5,2906,629,0
20250906,150000,2906.5,2906.5,2904.5,2905,697,0
20250906,160000,2905,2906,2904.5,2906,934,0
20250906,170000,2905,2906,2905,2906,299,0
20250906,180000,2906,2907,2905,2907,826,0
20250907,100000,2907.5,2908,2905.5,2906,805,0
20250907,110000,2906.5,2907,2905.5,2906.5,560,0
20250907,120000,2906.5,2908.5,2905,2907,1731,0
20250907,130000,2907,2913,2907,2912,4015,0
20250907,140000,2912,2913,2910,2910.5,2288,0
20250907,150000,2912,2912,2910,2911,1602,0
20250907,160000,2911,2911,2907.5,2908.5,3503,0
20250907,170000,2909,2910,2908,2910,1440,0
20250907,180000,2910,2914,2909,2911.5,3031,0
20250908,080000,2913,2913,2913,2913,77,0
20250908,090000,2913.5,2917.5,2913,2914,29740,0
20250908,100000,2914.5,2918.5,2913.5,2916.5,39498,0
20250908,110000,2916.5,2923,2916,2920,52565,0
20250908,120000,2920,2921,2918,2919.5,19785,0
20250908,130000,2919.5,2921,2914,2914.5,39438,0
20250908,140000,2915,2918,2914,2918,12019,0
20250908,150000,2917.5,2918,2910,2911.5,34165,0
20250908,160000,2911.5,2915,2910,2914,29428,0
20250908,170000,2914,2923,2912.5,2920,41665,0
20250908,180000,2920.5,2924.5,2919,2923,27924,0
20250908,190000,2923,2930,2923,2926.5,44773,0
20250908,200000,2927,2929.5,2926,2927,11858,0
20250908,210000,2927,2931,2926.5,2929,9249,0
20250908,220000,2929,2929.5,2928,2929.5,3767,0
20250908,230000,2929.5,2930,2926.5,2928.5,7276,0
20250909,080000,2932,2932,2932,2932,138,0
20250909,090000,2932,2934,2927,2931.5,26946,0
20250909,100000,2931.5,2938,2930,2937,44485,0
20250909,110000,2937.5,2942,2935.5,2936.5,62992,0
20250909,120000,2936.5,2938.5,2930.5,2933,35656,0
20250909,130000,2932.5,2934,2923,2925.5,57152,0
20250909,140000,2925.5,2933,2924,2927.5,45872,0
20250909,150000,2927.5,2931.5,2923,2925.5,31725,0
20250909,160000,2925.5,2938.5,2923,2930,82511,0
20250909,170000,2929.5,2933.5,2927.5,2933,30311,0
20250909,180000,2933,2937.5,2932,2935.5,19433,0
20250909,190000,2936,2939,2934.5,2935,17091,0
20250909,200000,2935.5,2940,2930,2937,32255,0
20250909,210000,2936.5,2940,2936.5,2939,9535,0
20250909,220000,2939,2940,2938,2938.5,7773,0
20250909,230000,2938.5,2942,2938.5,2941,8939,0
20250910,090000,2932,2932.5,2917.5,2922,81179,0
20250910,100000,2921.5,2935.5,2920,2935,71705,0
20250910,110000,2935,2939.5,2932.5,2932.5,48645,0
20250910,120000,2932.5,2937,2926.5,2934.5,55690,0
20250910,130000,2934,2934.5,2922,2925.5,37022,0
20250910,140000,2925,2929.5,2921,2921.5,41323,0
20250910,150000,2921,2928,2918,2922.5,54397,0
20250910,160000,2922,2926,2920.5,2923.5,23687,0
20250910,170000,2923.5,2927.5,2922.5,2926.5,20722,0
20250910,180000,2926.5,2928,2915.5,2916,42647,0
20250910,190000,2916,2919,2907.5,2914.5,60761,0
20250910,200000,2914,2918,2911.5,2916.5,18145,0
20250910,210000,2917,2919.5,2914.5,2919,15513,0
20250910,220000,2918.5,2919.5,2912,2913,15014,0
20250910,230000,2913.5,2915,2912,2913.5,8117,0
20250911,080000,2914,2914,2914,2914,701,0
20250911,090000,2915,2922,2915,2918.5,28125,0
20250911,100000,2918,2919.5,2901.5,2901.5,85536,0
20250911,110000,2901.5,2907,2897.5,2905.5,77068,0
20250911,120000,2906,2907.5,2901.5,2903,32804,0
20250911,130000,2902.5,2903.5,2897,2901,39651,0
20250911,140000,2901,2910,2900.5,2906.5,43695,0
20250911,150000,2905.5,2909,2900,2903.5,25076,0
20250911,160000,2903.5,2910,2900,2908,51350,0
20250911,170000,2908,2917.5,2908,2912.5,50648,0
20250911,180000,2913,2917.5,2909,2914.5,88735,0
20250911,190000,2915,2919.5,2915,2915.5,24093,0
20250911,200000,2915,2917.5,2913.5,2914.5,10564,0
20250911,210000,2915,2918,2913,2917,8319,0
20250911,220000,2916,2916.5,2914.5,2916,3230,0
20250911,230000,2915.5,2917,2915,2917,4810,0
20250912,080000,2917,2917,2917,2917,194,0
20250912,090000,2917,2918,2907.5,2909.5,30070,0
20250912,100000,2909.5,2910,2896.5,2899.5,66579,0
20250912,110000,2899,2907.5,2895.5,2904,80555,0
20250912,120000,2904,2904,2900,2902,32785,0
20250912,130000,2902,2905,2868.5,2878.5,325813,0
20250912,140000,2878.5,2885,2876,2879,91792,0
20250912,150000,2879,2881,2845.5,2855.5,222996,0
20250912,160000,2855.5,2861.5,2846,2848.5,115256,0
20250912,170000,2848.5,2855,2841,2841.5,100698,0
20250912,180000,2841.5,2847.5,2840,2841,45539,0
20250912,190000,2842,2846,2832,2835,84886,0
20250912,200000,2835,2840,2833,2836,32975,0
20250912,210000,2836,2842,2835.5,2840.5,22686,0
20250912,220000,2841,2841.5,2837,2838,12095,0
20250912,230000,2838.5,2842,2838,2839,9032,0
20250913,090000,2838,2838,2838,2838,58,0
20250913,100000,2841,2841,2833.5,2837,4470,0
20250913,110000,2837,2838,2836,2838,3074,0
20250913,120000,2838,2838,2834.5,2836.5,2949,0
20250913,130000,2836.5,2837,2835.5,2836,2566,0
20250913,140000,2836,2837.5,2835,2837,3929,0
20250913,150000,2837,2837,2835,2835,1994,0
20250913,160000,2835,2836,2834,2834.5,2764,0
20250913,170000,2835,2835,2829,2830,15131,0
20250913,180000,2830,2831,2829.5,2829.5,5821,0
20250914,090000,2830.5,2830.5,2830.5,2830.5,47,0
20250914,100000,2830.5,2832.5,2826,2827.5,7668,0
20250914,110000,2828,2828.5,2826.5,2828,1704,0
20250914,120000,2828,2830.5,2827.5,2830,3048,0
20250914,130000,2829.5,2835.5,2829.5,2833.5,9931,0
20250914,140000,2833.5,2838.5,2833.5,2838.5,7949,0
20250914,150000,2838.5,2843,2838,2838.5,19488,0
20250914,160000,2838.5,2842,2838.5,2841,4242,0
20250914,170000,2841,2841.5,2840,2840.5,3855,0
20250914,180000,2840.5,2846,2837.5,2843.5,11440,0
20250915,080000,2836,2836,2836,2836,227,0
20250915,090000,2838.5,2838.5,2825.5,2830,82541,0
20250915,100000,2830,2837.5,2828,2829,63287,0
20250915,110000,2829,2830,2812,2816.5,115342,0
20250915,120000,2817,2819,2808.5,2811.5,89856,0
20250915,130000,2811,2817.5,2809,2811,60265,0
20250915,140000,2810.5,2818,2808,2816.5,37401,0
20250915,150000,2816,2824,2811,2813,80392,0
20250915,160000,2813.5,2817,2810,2811.5,57153,0
20250915,170000,2811.5,2824.5,2807,2818.5,99786,0
20250915,180000,2818.5,2819.5,2813,2813,27624,0
20250915,190000,2814.5,2824,2814.5,2821,29616,0
20250915,200000,2820,2822,2818.5,2818.5,9073,0
20250915,210000,2819.5,2819.5,2812.5,2815,14444,0
20250915,220000,2815,2818,2814,2818,7144,0
20250915,230000,2818,2820,2817,2819.5,8159,0
20250916,080000,2827.5,2827.5,2827.5,2827.5,1981,0
20250916,090000,2828,2835,2825,2826.5,58292,0
20250916,100000,2826.5,2835.5,2822.5,2830,60051,0
20250916,110000,2830.5,2833,2805,2817.5,190937,0
20250916,120000,2817,2820.5,2789,2793.5,223618,0
20250916,130000,2793.5,2797.5,2783,2796.5,113425,0
20250916,140000,2795.5,2802,2791,2799.5,63154,0
20250916,150000,2800,2802,2791,2796,43564,0
20250916,160000,2795.5,2810.5,2788,2804.5,129561,0
20250916,170000,2805,2816,2804.5,2810.5,92845,0
20250916,180000,2810.5,2811.5,2805,2805.5,39962,0
20250916,190000,2807,2815,2807,2813,34526,0
20250916,200000,2813.5,2814,2809.5,2812.5,16269,0
20250916,210000,2812.5,2813,2810,2811.5,5584,0
20250916,220000,2811,2811.5,2809,2809.5,7188,0
20250916,230000,2809.5,2810,2807.5,2810,15030,0
20250917,080000,2811,2811,2811,2811,76,0
20250917,090000,2811,2813,2792.5,2795,83251,0
20250917,100000,2794.5,2802.5,2790.5,2797,72761,0
20250917,110000,2797,2800,2792,2795,40089,0
20250917,120000,2795,2799,2791.5,2792,27371,0
20250917,130000,2792,2812,2790,2807,94237,0
20250917,140000,2807.5,2809,2801.5,2802.5,32443,0
20250917,150000,2802.5,2805,2795,2798,50440,0
20250917,160000,2798,2805.5,2794,2800,52018,0
20250917,170000,2800,2825.5,2799,2822.5,189425,0
20250917,180000,2822.5,2828,2816,2821.5,103532,0
20250917,190000,2823,2837,2823,2825.5,69460,0
20250917,200000,2826,2827.5,2823,2825,18734,0
20250917,210000,2825.5,2831.5,2824.5,2825.5,25015,0
20250917,220000,2825.5,2829,2825,2829,7668,0
20250917,230000,2828.5,2829,2825,2826.5,8183,0
20250918,080000,2824.5,2824.5,2824.5,2824.5,49,0
20250918,090000,2824,2824.5,2818,2819.5,29204,0
20250918,100000,2819.5,2820.5,2811,2812.5,51962,0
20250918,110000,2812.5,2823.5,2812,2821.5,46089,0
20250918,120000,2821.5,2823,2810,2811.5,60007,0
20250918,130000,2811.5,2812,2805,2807.5,55006,0
20250918,140000,2808,2811.5,2800.5,2802,51276,0
20250918,150000,2801.5,2801.5,2792.5,2795.5,149076,0
20250918,160000,2795.5,2801.5,2786,2787.5,119806,0
20250918,170000,2787.5,2802.5,2787,2795.5,95593,0
20250918,180000,2796,2805.5,2794,2803,71027,0
20250918,190000,2804,2812.5,2804,2806,51180,0
20250918,200000,2806,2807,2791,2791,50172,0
20250918,210000,2791,2796,2787,2796,43262,0
20250918,220000,2795,2795.5,2791,2793,10665,0
20250918,230000,2792.5,2796,2791.5,2791.5,14220,0
20250919,080000,2790.5,2790.5,2790.5,2790.5,1058,0
20250919,090000,2790.5,2801,2788.5,2800.5,59025,0
20250919,100000,2800,2804,2791.5,2791.5,71680,0
20250919,110000,2791.5,2791.5,2773,2779,145840,0
20250919,120000,2779,2785.5,2775,2783.5,94061,0
20250919,130000,2783.5,2788,2768,2769,137110,0
20250919,140000,2769.5,2784.5,2764,2783,137252,0
20250919,150000,2783,2783.5,2771,2776.5,86370,0
20250919,160000,2776,2783,2773,2776.5,64010,0
20250919,170000,2776.5,2776.5,2757.5,2757.5,128899,0
20250919,180000,2757,2761.5,2750,2750.5,101058,0
20250919,190000,2751.5,2755.5,2741.5,2749.5,102620,0
20250919,200000,2749.5,2750,2742,2748.5,46197,0
20250919,210000,2748.5,2753,2745,2745.5,32456,0
20250919,220000,2745,2747,2742,2743.5,23360,0
20250919,230000,2743,2745,2736,2737.5,35824,0
20250922,080000,2740.5,2740.5,2740.5,2740.5,398,0
20250922,090000,2741,2743.5,2731,2734,70812,0
20250922,100000,2733,2743,2721,2729.5,144416,0
20250922,110000,2729.5,2732,2720.5,2727.5,70446,0
20250922,120000,2728,2728,2707.5,2711.5,125071,0
20250922,130000,2712,2715.5,2707,2713,76893,0
20250922,140000,2713,2738,2708,2726,231570,0
20250922,150000,2726.5,2736,2722,2725.5,129513,0
20250922,160000,2725,2725,2712,2714,74057,0
20250922,170000,2713.5,2744,2713,2738.5,147235,0
20250922,180000,2739,2754,2736,2738.5,157900,0
20250922,190000,2741,2755.5,2738.5,2747,57798,0
20250922,200000,2747,2759,2740,2752.5,63374,0
20250922,210000,2752.5,2764,2752.5,2759,73051,0
20250922,220000,2759.5,2760.5,2754,2754.5,14989,0
20250922,230000,2754.5,2756,2750.5,2753.5,19303,0
20250923,080000,2753,2753,2753,2753,223,0
20250923,090000,2752.5,2762,2747,2759.5,55891,0
20250923,100000,2759.5,2759.5,2742.5,2745.5,113953,0
20250923,110000,2745.5,2757.5,2737,2753.5,102256,0
20250923,120000,2753.5,2767.5,2751.5,2763.5,115544,0
20250923,130000,2763.5,2767,2756,2761,63347,0
20250923,140000,2761.5,2769,2760.5,2764,60730,0
20250923,150000,2764,2769.5,2756,2759,69967,0
20250923,160000,2759,2773,2759,2766,104992,0
20250923,170000,2766,2771.5,2753,2761,98521,0
20250923,180000,2761,2765,2757,2761,50609,0
20250923,190000,2761.5,2762.5,2747,2749.5,59483,0
20250923,200000,2749,2752,2740.5,2741.5,67880,0
20250923,210000,2741,2748.5,2725.5,2728,68619,0
20250923,220000,2727.5,2728,2688.5,2690,397304,0
20250923,230000,2690,2707,2688.5,2703.5,107888,0
20250924,080000,2703.5,2703.5,2703.5,2703.5,472,0
20250924,090000,2703.5,2704.5,2679.5,2690.5,191926,0
20250924,100000,2690,2707.5,2681,2707,189758,0
20250924,110000,2706.5,2724.5,2702.5,2722,175827,0
20250924,120000,2722.5,2724.5,2712.5,2719,93626,0
20250924,130000,2719,2723.5,2712.5,2717,57538,0
20250924,140000,2717,2738,2714,2736.5,145661,0
20250924,150000,2737,2744,2731.5,2736,143914,0
20250924,160000,2736.5,2750,2729.5,2741,139298,0
20250924,170000,2741,2742.5,2723.5,2734,126952,0
20250924,180000,2734,2738,2722,2726,59582,0
20250924,190000,2726.5,2733.5,2719,2732,106372,0
20250924,200000,2732,2738,2726,2727.5,63015,0
20250924,210000,2727.5,2732,2721,2724.5,29611,0
20250924,220000,2724,2730,2723.5,2730,20971,0
20250924,230000,2730,2732.5,2726.5,2729,14356,0
20250925,080000,2730.5,2730.5,2730.5,2730.5,100,0
20250925,090000,2731,2744,2727.5,2740.5,45813,0
20250925,100000,2740,2741,2722.5,2724,84062,0
20250925,110000,2724,2735,2718,2732,92929,0
20250925,120000,2732,2739,2725.5,2732,63271,0
20250925,130000,2732.5,2733.5,2724.5,2727.5,40190,0
20250925,140000,2727.5,2735,2724,2733,43189,0
20250925,150000,2733.5,2734,2722.5,2725,46798,0
20250925,160000,2725.5,2727.5,2718,2719.5,51842,0
20250925,170000,2719.5,2725,2716.5,2719,51192,0
20250925,180000,2719.5,2720,2700.5,2701,128069,0
20250925,190000,2701,2710.5,2696,2709.5,87647,0
20250925,200000,2710,2711,2704,2704.5,34586,0
20250925,210000,2704,2706.5,2700,2702.5,37453,0
20250925,220000,2702.5,2705,2701,2704,16241,0
20250925,230000,2704,2708.5,2702,2707,18171,0
20250926,080000,2701.5,2701.5,2701.5,2701.5,580,0
20250926,090000,2701,2709.5,2700.5,2703,52593,0
20250926,100000,2703.5,2706.5,2691,2694,98834,0
20250926,110000,2694.5,2702.5,2694,2694.5,57834,0
20250926,120000,2694.5,2718.5,2694.5,2717,88506,0
20250926,130000,2717,2722,2711.5,2716,83960,0
20250926,140000,2716,2716,2705,2711,48071,0
20250926,150000,2710.5,2712.5,2701.5,2709.5,55937,0
20250926,160000,2710,2714,2703,2705.5,49649,0
20250926,170000,2705.5,2723,2700,2721,89438,0
20250926,180000,2721.5,2734,2717,2732,119635,0
20250926,190000,2732,2738,2730,2735,80829,0
20250926,200000,2735,2737,2731,2734,37543,0
20250926,210000,2734.5,2742,2731,2734,67687,0
20250926,220000,2734.5,2736.5,2730.5,2732.5,18991,0
20250926,230000,2732.5,2734,2731,2731.5,16203,0
20250927,090000,2730.5,2730.5,2730.5,2730.5,15,0
20250927,100000,2731,2731,2718,2728,14305,0
20250927,110000,2728,2729,2727,2728.5,1503,0
20250927,120000,2727.5,2733,2727.5,2732,3478,0
20250927,130000,2732.5,2733,2729,2732,4153,0
20250927,140000,2732,2733,2728.5,2732,1398,0
20250927,150000,2732,2733,2730,2730,828,0
20250927,160000,2732,2732.5,2730,2731.5,1058,0
20250927,170000,2732,2734.5,2731,2733,2027,0
20250927,180000,2733.5,2734,2731,2732.5,991,0
20250928,100000,2733,2733,2728.5,2729.5,2017,0
20250928,110000,2729.5,2730.5,2729,2729.5,896,0
20250928,120000,2729,2732,2729,2730,1006,0
20250928,130000,2729.5,2731,2729,2731,670,0
20250928,140000,2730,2731,2730,2731,553,0
20250928,150000,2731,2732,2730,2732,1048,0
20250928,160000,2732,2733,2730,2730,1582,0
20250928,170000,2731,2731.5,2725,2727.5,4209,0
20250928,180000,2727,2728,2722.5,2728,8398,0
20250929,080000,2723.5,2723.5,2723.5,2723.5,202,0
20250929,090000,2723.5,2723.5,2715,2717,46189,0
20250929,100000,2718,2735,2714,2734,89392,0
20250929,110000,2734.5,2744,2734.5,2739.5,94242,0
20250929,120000,2739,2749,2737.5,2740.5,80982,0
20250929,130000,2741,2746,2739,2741,53669,0
20250929,140000,2740.5,2744,2735,2738.5,38665,0
20250929,150000,2739,2740,2731.5,2733,47003,0
20250929,160000,2733.5,2739,2720,2722.5,104265,0
20250929,170000,2722.5,2724,2712.5,2714.5,89257,0
20250929,180000,2714.5,2715,2680,2683,220242,0
20250929,190000,2684,2694.5,2681,2689,67484,0
20250929,200000,2689.5,2692,2683,2689,41780,0
20250929,210000,2688.5,2688.5,2673,2683.5,67481,0
20250929,220000,2684,2689.5,2680,2686.5,24949,0
20250929,230000,2687,2690.5,2686.5,2688.5,10332,0
20250930,080000,2692,2692,2692,2692,388,0
20250930,090000,2692,2693,2683,2686.5,50014,0
20250930,100000,2686.5,2688.5,2666,2684.5,183335,0
20250930,110000,2684.5,2687,2669,2672.5,92947,0
20250930,120000,2672,2674,2654,2666.5,191129,0
20250930,130000,2666.5,2679.5,2662,2676.5,111725,0
20250930,140000,2676,2685.5,2665,2665,129445,0
20250930,150000,2665.5,2679.5,2660.5,2671,101998,0
20250930,160000,2671.5,2689.5,2665.5,2688.5,111709,0
20250930,170000,2688.5,2692.5,2678,2683,80703,0
20250930,180000,2683,2694,2681,2685,71589,0
20250930,190000,2685,2692.5,2678,2679,34078,0
20250930,200000,2679,2680.5,2670.5,2680,38704,0
20250930,210000,2680,2686.5,2678,2685,20306,0
20250930,220000,2685,2686,2680.5,2683.5,7102,0
20250930,230000,2682.5,2685.5,2681,2682.5,4574,0
20251001,080000,2689,2689,2689,2689,195,0
20251001,090000,2688.5,2695,2685.5,2692.5,48654,0
20251001,100000,2692.5,2692.5,2676,2677,69699,0
20251001,110000,2677.5,2693,2675.5,2685,72450,0
20251001,120000,2685,2693,2683.5,2687.5,53071,0
20251001,130000,2687,2687.5,2667.5,2676.5,87588,0
20251001,140000,2677,2679.5,2665,2670,63286,0
20251001,150000,2669.5,2669.5,2657.5,2663.5,123794,0
20251001,160000,2663,2674.5,2659,2670.5,71694,0
20251001,170000,2670.5,2670.5,2645,2654,180885,0
20251001,180000,2653.5,2665,2646.5,2648,102625,0
20251001,190000,2649,2656.5,2647.5,2652.5,45719,0
20251001,200000,2652,2653,2643,2648.5,38551,0
20251001,210000,2648.5,2649.5,2640.5,2647,40744,0
20251001,220000,2647,2652.5,2645.5,2652,18868,0
20251001,230000,2651.5,2655,2651,2654,11002,0
20251002,080000,2639.5,2639.5,2639.5,2639.5,999,0
20251002,090000,2639.5,2644,2633.5,2637,72570,0
20251002,100000,2637,2648.5,2627,2641.5,110231,0
20251002,110000,2642,2647.5,2632,2636.5,74804,0
20251002,120000,2636.5,2649.5,2631.5,2647,74366,0
20251002,130000,2647,2651.5,2639.5,2642,69625,0
20251002,140000,2641,2649.5,2636.5,2648,54342,0
20251002,150000,2648,2652,2641.5,2644,50310,0
20251002,160000,2644.5,2647,2636,2638.5,49850,0
20251002,170000,2638.5,2654.5,2637.5,2648,81231,0
20251002,180000,2648.5,2651.5,2631.5,2637.5,94869,0
20251002,190000,2638,2645,2635,2639,53768,0
20251002,200000,2639,2641.5,2632.5,2639,26698,0
20251002,210000,2638.5,2639,2622.5,2625.5,61732,0
20251002,220000,2626,2643,2625,2640.5,53828,0
20251002,230000,2641,2642.5,2637,2638.5,17994,0
20251003,080000,2640,2640,2640,2640,644,0
20251003,090000,2640,2644,2636,2641,42118,0
20251003,100000,2641.5,2652,2641,2647,72875,0
20251003,110000,2647,2653,2644.5,2646.5,35308,0
20251003,120000,2647,2647.5,2623,2623.5,94627,0
20251003,130000,2624,2629,2618,2627.5,114023,0
20251003,140000,2626.5,2627,2615,2617.5,94711,0
20251003,150000,2617.5,2624,2615.5,2621.5,61899,0
20251003,160000,2621.5,2622,2612.5,2618,81649,0
20251003,170000,2618.5,2619,2604.5,2610.5,118696,0
20251003,180000,2610,2612,2604.5,2605.5,57673,0
20251003,190000,2605.5,2609.5,2593,2596,110338,0
20251003,200000,2595.5,2602,2595,2601,32571,0
20251003,210000,2601,2608,2598.5,2602,41781,0
20251003,220000,2602,2604.5,2598,2602,24966,0
20251003,230000,2602.5,2603,2596,2597,20246,0
20251004,090000,2595,2595,2595,2595,449,0
20251004,100000,2595,2596,2575.5,2579,57132,0
20251004,110000,2579,2582.5,2576.5,2577,14294,0
20251004,120000,2577,2578,2563,2565,44015,0
20251004,130000,2564.5,2564.5,2550.5,2559,65667,0
20251004,140000,2558.5,2566,2551.5,2563,42517,0
20251004,150000,2563,2567.5,2559.5,2566,22463,0
20251004,160000,2566.5,2567.5,2560,2562,12003,0
20251004,170000,2562,2566,2558.5,2563,8082,0
20251004,180000,2563,2566,2559,2561.5,9819,0
20251005,090000,2565,2565,2565,2565,153,0
20251005,100000,2564.5,2564.5,2553,2560,16833,0
20251005,110000,2560,2565,2557.5,2563,7663,0
20251005,120000,2563,2564.5,2561.5,2563.5,5608,0
20251005,130000,2563.5,2567.5,2561,2565.5,7176,0
20251005,140000,2565,2577,2564.5,2571,21751,0
20251005,150000,2571,2573,2566.5,2571.5,8875,0
20251005,160000,2571.5,2573.5,2570,2573.5,4955,0
20251005,170000,2573.5,2575,2571,2573.5,8710,0
20251005,180000,2573.5,2587,2572,2584.5,30470,0
20251006,080000,2590,2590,2590,2590,615,0
20251006,090000,2589,2595.5,2577.5,2586,98914,0
20251006,100000,2585.5,2617,2581,2613.5,244659,0
20251006,110000,2613.5,2618,2607,2613,76857,0
20251006,120000,2613,2627,2612.5,2626.5,153012,0
20251006,130000,2626.5,2629,2615.5,2621,102847,0
20251006,140000,2621,2624.5,2602.5,2603.5,122451,0
20251006,150000,2604,2608.5,2587,2598,199026,0
20251006,160000,2598.5,2640,2597,2637,233325,0
20251006,170000,2637.5,2644,2629.5,2636.5,198677,0
20251006,180000,2636.5,2654.5,2636.5,2648,126874,0
20251006,190000,2648,2662,2645,2659,88785,0
20251006,200000,2658.5,2661.5,2648.5,2650,46414,0
20251006,210000,2650,2656,2646.5,2654.5,39116,0
20251006,220000,2654.5,2659,2652,2654,27375,0
20251006,230000,2654,2661,2651,2651.5,31612,0
20251007,080000,2656,2656,2656,2656,109,0
20251007,090000,2657,2664,2642,2647,92083,0
20251007,100000,2646.5,2668,2636.5,2660,184912,0
20251007,110000,2660,2676.5,2660,2669,162468,0
20251007,120000,2669,2672.5,2662.5,2670,67868,0
20251007,130000,2670.5,2673,2661.5,2670.5,72215,0
20251007,140000,2670.5,2670.5,2659.5,2662.5,67321,0
20251007,150000,2662.5,2672.5,2654,2669.5,97116,0
20251007,160000,2669,2670,2656,2667,76160,0
20251007,170000,2667.5,2667.5,2655.5,2663,78410,0
20251007,180000,2662.5,2671,2661,2666.5,71673,0
20251007,190000,2666.5,2670,2658.5,2662,37460,0
20251007,200000,2662.5,2668.5,2660.5,2668,14926,0
20251007,210000,2667.5,2667.5,2662,2665,12902,0
20251007,220000,2665,2668,2663,2667,6862,0
20251007,230000,2667.5,2674,2667.5,2672.5,20639,0
20251008,080000,2670.5,2670.5,2670.5,2670.5,85,0
20251008,090000,2671,2675,2668,2673,34856,0
20251008,100000,2672.5,2683,2654,2657.5,122507,0
20251008,110000,2657.5,2663.5,2652,2654.5,88367,0
20251008,120000,2654,2655,2628,2633,200699,0
20251008,130000,2632.5,2637,2614,2617.5,193958,0
20251008,140000,2617,2629.5,2609,2616.5,175391,0
20251008,150000,2616,2623,2596.5,2596.5,164233,0
20251008,160000,2596.5,2603.5,2586.5,2588,229292,0
20251008,170000,2588,2591.5,2565,2566,305768,0
20251008,180000,2566,2582.5,2553,2559.5,270438,0
20251008,190000,2560.5,2576,2551,2570,172328,0
20251008,200000,2570,2582,2569,2573,100197,0
20251008,210000,2572.5,2586.5,2572,2581,70739,0
20251008,220000,2581,2582,2572,2573.5,34225,0
20251008,230000,2573.5,2582,2572.5,2580.5,21163,0
20251009,080000,2580,2580,2580,2580,916,0
20251009,090000,2579,2579.5,2556.5,2573,120482,0
20251009,100000,2571.5,2590.5,2565,2577,198538,0
20251009,110000,2577,2581,2522.5,2551.5,467257,0
20251009,120000,2551.5,2615,2547.5,2601.5,721500,0
20251009,130000,2602,2625,2597,2601,389758,0
20251009,140000,2601,2614.5,2590,2609,179780,0
20251009,150000,2609,2623,2604.5,2612.5,163640,0
20251009,160000,2612,2645,2607,2636.5,190036,0
20251009,170000,2637.5,2644,2632,2642,130181,0
20251009,180000,2642.5,2652,2642,2642.5,106851,0
20251009,190000,2643,2648,2637,2638.5,62817,0
20251009,200000,2638.5,2646.5,2632.5,2645.5,53360,0
20251009,210000,2645.5,2648.5,2640.5,2644.5,33215,0
20251009,220000,2645,2649,2641,2646.5,36873,0
20251009,230000,2646.5,2647,2639.5,2642.5,15571,0
20251010,090000,2632,2642,2628.5,2640.5,67900,0
20251010,100000,2639,2639,2614.5,2621.5,159543,0
20251010,110000,2621,2644.5,2616,2638,135080,0
20251010,120000,2638.5,2641.5,2625,2628.5,105533,0
20251010,130000,2628,2631,2605,2613.5,224221,0
20251010,140000,2614.5,2619.5,2606.5,2609,80551,0
20251010,150000,2609,2619.5,2600,2605,156467,0
20251010,160000,2604.5,2610.5,2576.5,2590,281546,0
20251010,170000,2589,2611,2577,2591,276360,0
20251010,180000,2591,2598,2573.5,2586,208565,0
20251010,190000,2586,2597,2580.5,2593,59510,0
20251010,200000,2593,2594,2586,2589,26168,0
20251010,210000,2588,2593,2586.5,2589,28816,0
20251010,220000,2589.5,2593,2582.5,2584,27114,0
20251010,230000,2584,2584.5,2577,2578.5,33633,0
20251011,090000,2575,2575,2575,2575,1623,0
20251011,100000,2574.5,2574.5,2552,2562.5,54898,0
20251011,110000,2563,2568,2562.5,2566.5,8381,0
20251011,120000,2565.5,2569,2563.5,2568.5,5646,0
20251011,130000,2568.5,2575,2567,2572.5,11025,0
20251011,140000,2572,2576,2569,2572,4704,0
20251011,150000,2572,2572.5,2567.5,2571.5,3089,0
20251011,160000,2573,2575.5,2570.5,2574.5,3819,0
20251011,170000,2573.5,2575,2571,2574,2378,0
20251011,180000,2572.5,2575,2571.5,2575,2916,0
20251012,090000,2575.5,2575.5,2575.5,2575.5,140,0
20251012,100000,2575.5,2581,2574.5,2578,11717,0
20251012,110000,2578,2581,2576,2581,3016,0
20251012,120000,2581,2593.5,2580.5,2590.5,24673,0
20251012,130000,2591,2593.5,2586,2588,9047,0
20251012,140000,2588.5,2588.5,2584.5,2585.5,3105,0
20251012,150000,2586.5,2590,2584.5,2585,3289,0
20251012,160000,2585,2587,2583.5,2585,2767,0
20251012,170000,2585,2587.5,2584.5,2586.5,2395,0
20251012,180000,2586.5,2590.5,2586,2589.5,7433,0
20251013,080000,2590,2590,2590,2590,532,0
20251013,090000,2590.5,2609,2584,2604,119355,0
20251013,100000,2605,2614.5,2574,2575,297569,0
20251013,110000,2575,2589,2566.5,2582.5,218737,0
20251013,120000,2583.5,2585.5,2569,2578.5,110599,0
20251013,130000,2579,2580.5,2562.5,2568.5,78843,0
20251013,140000,2568,2586,2552,2578.5,260316,0
20251013,150000,2578,2608,2578,2598.5,268187,0
20251013,160000,2598.5,2604.5,2586,2593.5,97200,0
20251013,170000,2593,2596,2567,2574,148183,0
20251013,180000,2574,2582.5,2570,2575.5,62163,0
20251013,190000,2576,2592,2575,2591.5,58112,0
20251013,200000,2591,2593,2583,2583.5,26317,0
20251013,210000,2583.5,2588,2577.5,2580,22652,0
20251013,220000,2580,2583,2577.5,2581.5,11742,0
20251013,230000,2581.5,2585.5,2579.5,2585,14048,0
20251014,080000,2582,2582,2582,2582,25,0
20251014,090000,2581,2583,2564.5,2570.5,76516,0
20251014,100000,2570,2577.5,2562,2565.5,98657,0
20251014,110000,2566,2572.5,2556.5,2565,90450,0
20251014,120000,2564.5,2575,2558.5,2564,85380,0
20251014,130000,2564.5,2569,2558.5,2565.5,49091,0
20251014,140000,2565,2571.5,2559,2563.5,56558,0
20251014,150000,2563.5,2567.5,2539,2544.5,174218,0
20251014,160000,2544,2544,2531,2535,152375,0
20251014,170000,2534.5,2552,2533,2542.5,101647,0
20251014,180000,2542.5,2552.5,2538,2539,66080,0
20251014,190000,2540,2547,2536.5,2538.5,36941,0
20251014,200000,2538,2543,2538,2540.5,12096,0
20251014,210000,2540,2542.5,2536.5,2540,19186,0
20251014,220000,2540,2542.5,2536.5,2539.5,16135,0
20251014,230000,2540,2548.5,2538.5,2548.5,33824,0
20251015,080000,2548,2548,2548,2548,114,0
20251015,090000,2547.5,2548.5,2534,2539.5,45962,0
20251015,100000,2540,2545,2526.5,2528,108315,0
20251015,110000,2528,2536,2527,2528.5,64250,0
20251015,120000,2528,2545,2526,2537,82631,0
20251015,130000,2537,2562.5,2537,2546,144718,0
20251015,140000,2546,2559,2538.5,2553.5,111064,0
20251015,150000,2553.5,2567.5,2550.5,2564.5,121226,0
20251015,160000,2565,2566.5,2545.5,2546,91532,0
20251015,170000,2546,2554.5,2542.5,2544,78038,0
20251015,180000,2544,2551,2541.5,2546,39504,0
20251015,190000,2545.5,2553.5,2543.5,2545,31625,0
20251015,200000,2546,2547.5,2535,2539,49172,0
20251015,210000,2538.5,2543.5,2538.5,2542,19461,0
20251015,220000,2542,2548,2540,2546,11602,0
20251015,230000,2546,2548.5,2539.5,2544,22014,0
20251016,080000,2544.5,2544.5,2544.5,2544.5,56,0
20251016,090000,2544.5,2545,2536.5,2538.5,31993,0
20251016,100000,2538,2547.5,2531.5,2543.5,92335,0
20251016,110000,2543,2551,2534.5,2539,75710,0
20251016,120000,2538.5,2554,2536,2550,83900,0
20251016,130000,2550.5,2552,2544.5,2549,42725,0
20251016,140000,2549.5,2563.5,2549,2553.5,99305,0
20251016,150000,2554,2568,2552,2564,100066,0
20251016,160000,2564.5,2574,2563.5,2567.5,81905,0
20251016,170000,2567.5,2623.5,2566,2609.5,546413,0
20251016,180000,2609.5,2613.5,2597,2611,175904,0
20251016,190000,2611.5,2620,2587.5,2601,184517,0
20251016,200000,2602,2738,2598,2714,1166518,0
20251016,210000,2714.5,2715,2693,2702,203354,0
20251016,220000,2701.5,2713.5,2700,2708,81291,0
20251016,230000,2708.5,2739,2708.5,2735,130832,0
20251017,080000,2721,2721,2721,2721,1861,0
20251017,090000,2721.5,2721.5,2697,2700,148415,0
20251017,100000,2700,2717,2695,2702,229184,0
20251017,110000,2702,2709,2694,2699,126270,0
20251017,120000,2699.5,2712.5,2693,2707.5,104218,0
20251017,130000,2708,2711.5,2699.5,2708,58624,0
20251017,140000,2707,2739,2706.5,2722.5,258916,0
20251017,150000,2722.5,2740,2719.5,2733.5,122746,0
20251017,160000,2734,2738.5,2716.5,2730.5,153415,0
20251017,170000,2731,2732.5,2711,2713.5,116945,0
20251017,180000,2713.5,2729.5,2711.5,2726.5,81853,0
20251017,190000,2727,2732,2721.5,2727,51537,0
20251017,200000,2727.5,2771,2725,2743,285656,0
20251017,210000,2743.5,2749,2715.5,2731.5,138596,0
20251017,220000,2731,2733,2721.5,2727.5,28951,0
20251017,230000,2728,2737.5,2726,2737.5,22408,0
20251018,090000,2739.5,2739.5,2739.5,2739.5,1183,0
20251018,100000,2740,2762.5,2738.5,2758,57493,0
20251018,110000,2758,2765,2757,2763,22930,0
20251018,120000,2762,2763,2755.5,2760,11574,0
20251018,130000,2760,2760,2758,2758.5,3382,0
20251018,140000,2758.5,2761.5,2758,2760,5416,0
20251018,150000,2760.5,2761.5,2758.5,2759,5180,0
20251018,160000,2759,2760.5,2759,2760,3759,0
20251018,170000,2759.5,2760,2756,2759.5,6827,0
20251018,180000,2759.5,2760,2758,2760,4390,0
20251019,090000,2759,2759,2759,2759,10,0
20251019,100000,2760,2765,2743,2748,41271,0
20251019,110000,2748,2751,2745.5,2749.5,7618,0
20251019,120000,2749.5,2757,2749,2752.5,9184,0
20251019,130000,2753.5,2755.5,2750,2751.5,3853,0
20251019,140000,2751,2751.5,2747.5,2748,4335,0
20251019,150000,2748,2748,2737,2738.5,21909,0
20251019,160000,2739,2741.5,2732,2738,22218,0
20251019,170000,2739,2746,2736,2744,14525,0
20251019,180000,2744,2746,2740.5,2743,8155,0
20251020,080000,2744,2744,2744,2744,543,0
20251020,090000,2743,2743,2728.5,2733,70699,0
20251020,100000,2733.5,2762,2728.5,2753,217536,0
20251020,110000,2753.5,2756.5,2746,2750.5,83237,0
20251020,120000,2750.5,2751.5,2735.5,2737,83150,0
20251020,130000,2736.5,2744,2732.5,2738.5,58368,0
20251020,140000,2738.5,2757.5,2736.5,2751.5,142353,0
20251020,150000,2751.5,2758,2749.5,2757.5,53182,0
20251020,160000,2757.5,2757.5,2744.5,2745.5,61529,0
20251020,170000,2745,2754,2744.5,2748,45760,0
20251020,180000,2748,2749.5,2743.5,2746,34116,0
20251020,190000,2747.5,2749.5,2741,2745,37399,0
20251020,200000,2745,2747.5,2744,2746.5,9514,0
20251020,210000,2745.5,2750.5,2744.5,2748,13498,0
20251020,220000,2748,2750.5,2748,2750,4468,0
20251020,230000,2749.5,2753,2748.5,2751,9119,0
20251021,080000,2700,2700,2700,2700,6335,0
20251021,090000,2700,2714,2689.5,2710,277358,0
20251021,100000,2710,2714,2697.5,2699,127089,0
20251021,110000,2698.5,2703,2690,2697.5,99327,0
20251021,120000,2697,2716,2691.5,2705,157903,0
20251021,130000,2704.5,2720,2703,2716.5,128211,0
20251021,140000,2715.5,2716,2704.5,2710.5,60006,0
20251021,150000,2711,2711,2698,2701.5,54635,0
20251021,160000,2701,2706.5,2695.5,2698.5,48386,0
20251021,170000,2698.5,2698.5,2661,2665.5,251741,0
20251021,180000,2665,2666,2609,2635,647797,0
20251021,190000,2634.5,2667,2631.5,2663,237046,0
20251021,200000,2663,2664.5,2623.5,2630.5,229536,0
20251021,210000,2630,2643.5,2628,2639.5,71782,0
20251021,220000,2639,2653.5,2633,2637.5,61601,0
20251021,230000,2637,2679.5,2631.5,2672,99161,0
20251022,080000,2673.5,2673.5,2673.5,2673.5,589,0
20251022,090000,2673,2673,2654,2656.5,72678,0
20251022,100000,2656.5,2667.5,2647.5,2662.5,120397,0
20251022,110000,2662,2683.5,2654,2676,129562,0
20251022,120000,2675.5,2679.5,2668.5,2675,86251,0
20251022,130000,2676,2676.5,2653.5,2658,83290,0
20251022,140000,2657.5,2662.5,2647,2659,78165,0
20251022,150000,2658.5,2665.5,2640.5,2643.5,93945,0
20251022,160000,2643.5,2672,2638.5,2662.5,170331,0
20251022,170000,2662.5,2664.5,2653.5,2659.5,53068,0
20251022,180000,2659,2665.5,2651,2653.5,52782,0
20251022,190000,2653,2659.5,2647,2657,37313,0
20251022,200000,2656.5,2658,2650,2654.5,23257,0
20251022,210000,2654.5,2658,2651.5,2653.5,18413,0
20251022,220000,2653.5,2654,2600,2611,413736,0
20251022,230000,2611,2625,2586,2615.5,345880,0
20251023,080000,2577.5,2577.5,2577.5,2577.5,1918,0
20251023,090000,2577,2584.5,2560,2564,186884,0
20251023,100000,2564.5,2587.5,2563,2582.5,173647,0
20251023,110000,2583,2583,2553.5,2557.5,194072,0
20251023,120000,2557,2570,2548.5,2562,150129,0
20251023,130000,2563,2571,2559,2562.5,65674,0
20251023,140000,2562,2573.5,2554,2558,135044,0
20251023,150000,2558.5,2568.5,2557,2560,87608,0
20251023,160000,2560,2572,2559,2559,70073,0
20251023,170000,2559.5,2564,2554,2558,73530,0
20251023,180000,2559,2587.5,2558,2570,176452,0
20251023,190000,2568.5,2580.5,2564,2575,56332,0
20251023,200000,2575.5,2584.5,2569.5,2583.5,69572,0
20251023,210000,2583.5,2584,2575,2579,39244,0
20251023,220000,2578.5,2582.5,2576,2577.5,24296,0
20251023,230000,2577.5,2587.5,2577.5,2587,32699,0
20251024,080000,2589,2589,2589,2589,157,0
20251024,090000,2589.5,2592,2577,2580.5,48023,0
20251024,100000,2580,2585,2572.5,2573.5,62740,0
20251024,110000,2573,2580.5,2572,2575.5,65747,0
20251024,120000,2575.5,2575.5,2564.5,2567.5,75198,0
20251024,130000,2568,2613,2541.5,2549.5,841754,0
20251024,140000,2549.5,2558.5,2531.5,2549.5,337623,0
20251024,150000,2549.5,2563.5,2541,2562.5,216652,0
20251024,160000,2562,2563,2551,2557.5,88266,0
20251024,170000,2557.5,2561,2552.5,2556.5,45242,0
20251024,180000,2556.5,2557,2545,2546.5,71351,0
20251024,190000,2548,2552,2542,2549,56095,0
20251024,200000,2549,2553.5,2548.5,2549,23204,0
20251024,210000,2549,2549.5,2544,2545.5,26844,0
20251024,220000,2545.5,2551,2544.5,2550,15480,0
20251024,230000,2550,2553,2546.5,2549.5,27857,0
20251027,080000,2527,2527,2527,2527,2331,0
20251027,090000,2526.5,2526.5,2493,2497,232416,0
20251027,100000,2497.5,2506.5,2491.5,2500.5,184059,0
20251027,110000,2500.5,2506.5,2492.5,2495.5,114391,0
20251027,120000,2495,2509.5,2494,2500.5,140884,0
20251027,130000,2500.5,2502.5,2480,2487,151910,0
20251027,140000,2486.5,2487.5,2460,2468,195367,0
20251027,150000,2468,2482,2465,2479,148235,0
20251027,160000,2479,2482.5,2460,2468.5,144080,0
20251027,170000,2468,2485,2464,2478.5,134494,0
20251027,180000,2478.5,2482,2470.5,2476,72124,0
20251027,190000,2476,2486.5,2475,2484,49850,0
20251027,200000,2484.5,2484.5,2476.5,2480.5,25985,0
20251027,210000,2479.5,2480,2468,2472.5,55745,0
20251027,220000,2472.5,2477,2471.5,2474,24720,0
20251027,230000,2473.5,2474.5,2454.5,2460.5,49552,0
20251028,080000,2465.5,2465.5,2465.5,2465.5,191,0
20251028,090000,2465.5,2494.5,2465,2489,176640,0
20251028,100000,2489,2495,2477,2486,146896,0
20251028,110000,2486.5,2514,2486,2509,222214,0
20251028,120000,2509,2513.5,2501.5,2506,101435,0
20251028,130000,2505.5,2507.5,2495,2496.5,94333,0
20251028,140000,2497.5,2515.5,2497.5,2510.5,102726,0
20251028,150000,2511.5,2520.5,2497.5,2497.5,127309,0
20251028,160000,2498,2504.5,2487.5,2503.5,153220,0
20251028,170000,2503.5,2510.5,2497,2500,85737,0
20251028,180000,2500.5,2506,2494,2498,74365,0
20251028,190000,2498.5,2511.5,2495.5,2509.5,52947,0
20251028,200000,2509,2516.5,2508,2513,44077,0
20251028,210000,2513,2514,2504,2509.5,30279,0
20251028,220000,2509,2515.5,2506.5,2512,31657,0
20251028,230000,2512.5,2514,2507.5,2513,22279,0
20251029,080000,2513,2513,2513,2513,447,0
20251029,090000,2512.5,2513.5,2502,2506,51944,0
20251029,100000,2506,2529,2503,2526,187014,0
20251029,110000,2526,2531,2519,2524.5,92212,0
20251029,120000,2525.5,2529,2516.5,2522,55068,0
20251029,130000,2522,2529.5,2521.5,2525.5,60054,0
20251029,140000,2525,2535,2518.5,2523,89136,0
20251029,150000,2523.5,2526.5,2517.5,2523,58926,0
20251029,160000,2523,2523,2511,2515,71982,0
20251029,170000,2515,2521.5,2510,2513.5,67459,0
20251029,180000,2513.5,2524.5,2513,2522.5,47145,0
20251029,190000,2524,2527,2521,2523.5,34118,0
20251029,200000,2524,2524.5,2519,2519.5,14890,0
20251029,210000,2519.5,2521,2515,2517.5,20536,0
20251029,220000,2517,2522.5,2516,2521.5,14740,0
20251029,230000,2521,2524.5,2519,2520,20682,0
20251030,080000,2515,2515,2515,2515,316,0
20251030,090000,2514.5,2537,2510.5,2532.5,71689,0
20251030,100000,2533,2540.5,2530,2531,117178,0
20251030,110000,2531,2540.5,2531,2539.5,54132,0
20251030,120000,2539.5,2548,2537.5,2546,80140,0
20251030,130000,2546.5,2546.5,2540.5,2543,49130,0
20251030,140000,2543,2555,2543,2554,80800,0
20251030,150000,2554,2559.5,2549.5,2557,90925,0
20251030,160000,2557,2572,2552,2571,125180,0
20251030,170000,2571,2572,2558.5,2560.5,81961,0
20251030,180000,2560,2565,2556,2560,64103,0
20251030,190000,2561,2567.5,2560.5,2564,44726,0
20251030,200000,2564,2565,2559.5,2563,21751,0
20251030,210000,2563,2567,2562,2565,16930,0
20251030,220000,2565,2565.5,2560,2561.5,14602,0
20251030,230000,2562,2563.5,2560,2561.5,10195,0
20251031,080000,2564.5,2564.5,2564.5,2564.5,32,0
20251031,090000,2565,2570,2555.5,2558.5,63018,0
20251031,100000,2558.5,2561,2545.5,2549.5,112109,0
20251031,110000,2549,2557.5,2545,2547.5,73790,0
20251031,120000,2547.5,2550.5,2542.5,2548,51824,0
20251031,130000,2548,2548,2537.5,2539,65424,0
20251031,140000,2539,2539,2530.5,2537,97822,0
20251031,150000,2536.5,2544.5,2535,2540.5,74135,0
20251031,160000,2541,2542.5,2527,2529.5,75571,0
20251031,170000,2529,2535.5,2527,2531.5,55656,0
20251031,180000,2532,2532,2522,2523,62343,0
20251031,190000,2524,2526.5,2521,2523,32795,0
20251031,200000,2523,2523.5,2502.5,2514,157983,0
20251031,210000,2514,2520,2511.5,2514.5,39513,0
20251031,220000,2514.5,2519,2514,2515.5,21381,0
20251031,230000,2515.5,2525.5,2515,2524.5,19125,0
20251101,080000,2529,2529,2529,2529,245,0
20251101,090000,2529,2532,2522,2527.5,48247,0
20251101,100000,2528,2538,2527,2538,46103,0
20251101,110000,2538,2539,2534,2536,32402,0
20251101,120000,2536,2538.5,2531,2533,21399,0
20251101,130000,2533,2534,2527,2533,29353,0
20251101,140000,2532,2533,2525,2527.5,29157,0
20251101,150000,2527.5,2531.5,2526.5,2530.5,14851,0
20251101,160000,2530,2533.5,2529,2530,12152,0
20251101,170000,2530,2530.5,2527,2530,11545,0
20251101,180000,2529.5,2533,2529,2530.5,12398,0
20251101,190000,2531,2534,2530.5,2533,8988,0
20251101,200000,2533,2535,2532.5,2533.5,6322,0
20251101,210000,2533.5,2534.5,2532.5,2533,3373,0
20251101,220000,2533.5,2534.5,2532.5,2533.5,2682,0
20251101,230000,2534,2535.5,2532.5,2535.5,7790,0
20251103,090000,2550,2575,2544.5,2570.5,111338,0
20251103,100000,2571.5,2585.5,2571.5,2575.5,108433,0
20251103,110000,2576,2578,2567.5,2570,43336,0
20251103,120000,2569.5,2571,2566,2569.5,19955,0
20251103,130000,2569,2571.5,2567.5,2570,20015,0
20251103,140000,2570,2571,2564.5,2568,25389,0
20251103,150000,2567,2574,2566.5,2570.5,23855,0
20251103,160000,2571,2572,2567,2568.5,16287,0
20251103,170000,2569.5,2576.5,2569.5,2575.5,24376,0
20251103,180000,2575,2576.5,2571,2572,18306,0
20251103,190000,2573,2576,2572.5,2575.5,10405,0
20251103,200000,2575.5,2576.5,2573,2573.5,8546,0
20251103,210000,2574,2574.5,2571,2572,7360,0
20251103,220000,2572,2573.5,2571,2572,8900,0
20251103,230000,2571.5,2574,2571,2574,8254,0
20251105,090000,2565.5,2565.5,2552,2556,59339,0
20251105,100000,2555.5,2562,2548,2558,88766,0
20251105,110000,2557.5,2567.5,2556.5,2566.5,59762,0
20251105,120000,2566.5,2569,2560.5,2567,45157,0
20251105,130000,2567,2583,2566.5,2579.5,70481,0
20251105,140000,2580,2583,2576,2577.5,47889,0
20251105,150000,2578,2579.5,2572.5,2573.5,27163,0
20251105,160000,2574,2580,2556.5,2557.5,90687,0
20251105,170000,2557,2562.5,2537.5,2543,312447,0
20251105,180000,2543,2555.5,2539,2547,177713,0
20251105,190000,2547.5,2555,2544,2552.5,42115,0
20251105,200000,2552,2553.5,2547,2549.5,20301,0
20251105,210000,2550,2553.5,2546,2551,26381,0
20251105,220000,2551,2555,2551,2553.5,15847,0
20251105,230000,2554,2557,2551.5,2557,16649,0
20251106,090000,2558,2561.5,2553.5,2558.5,31033,0
20251106,100000,2558.5,2559,2542.5,2544.5,74558,0
20251106,110000,2544.5,2551.5,2541.5,2548,60063,0
20251106,120000,2548,2549,2540.5,2543.5,51154,0
20251106,130000,2544,2548,2537.5,2540.5,47600,0
20251106,140000,2541,2547.5,2534.5,2545.5,57629,0
20251106,150000,2546,2550.5,2542.5,2546,38821,0
20251106,160000,2545.5,2546,2536.5,2538,34023,0
20251106,170000,2538,2547,2537,2542,54770,0
20251106,180000,2541.5,2545,2538.5,2541.5,23998,0
20251106,200000,2543,2557,2541.5,2554.5,67356,0
20251106,210000,2555,2557.5,2552,2554,19909,0
20251106,220000,2554,2554.5,2551.5,2554,7652,0
20251106,230000,2554,2556.5,2553.5,2554.5,10013,0
20251107,090000,2541.5,2551,2537.5,2547,56006,0
20251107,100000,2547,2572.5,2545.5,2566,180048,0
20251107,110000,2566.5,2570.5,2564.5,2567.5,40643,0
20251107,120000,2568.5,2577.5,2568.5,2570.5,67983,0
20251107,130000,2571,2574.5,2567,2568.5,40725,0
20251107,140000,2569,2570.5,2566.5,2568.5,21952,0
20251107,150000,2568.5,2569.5,2564,2565,29242,0
20251107,160000,2565,2571.5,2562,2567,48744,0
20251107,170000,2567,2575.5,2567,2573.5,38836,0
20251107,180000,2573,2574.5,2569,2571.5,32100,0
20251107,190000,2571.5,2579,2571.5,2572,37695,0
20251107,200000,2572,2586.5,2571.5,2573,61305,0
20251107,210000,2573.5,2574.5,2561,2567.5,83199,0
20251107,220000,2567,2570,2566,2569.5,11230,0
20251107,230000,2570,2575,2568.5,2575,13050,0
20251108,100000,2575,2578,2571.5,2573,6942,0
20251108,110000,2573,2573,2571,2572.5,3539,0
20251108,120000,2572,2573,2572,2573,1096,0
20251108,130000,2572.5,2573,2569.5,2570.5,2293,0
20251108,140000,2570.5,2572,2569,2572,4006,0
20251108,150000,2571.5,2574,2571,2572.5,1519,0
20251108,160000,2572.5,2573,2572,2572.5,884,0
20251108,170000,2572.5,2574.5,2572,2572.5,2523,0
20251108,180000,2573.5,2575,2571,2572,1416,0
20251109,100000,2573,2574.5,2571,2572.5,2269,0
20251109,110000,2574.5,2574.5,2572,2573,2011,0
20251109,120000,2573,2574,2571.5,2574,704,0
20251109,130000,2574,2575.5,2573,2574.5,1711,0
20251109,140000,2574.5,2576,2572.5,2574.5,1148,0
20251109,150000,2575,2578,2574,2577.5,3430,0
20251109,160000,2577,2578.5,2572,2575.5,4931,0
20251109,170000,2576,2577.5,2575,2577.5,1485,0
20251109,180000,2577,2579,2576,2578,4380,0
20251110,090000,2587,2595,2583.5,2592,79565,0
20251110,100000,2591.5,2599,2587.5,2599,83552,0
20251110,110000,2599,2603.5,2593,2594,73784,0
20251110,120000,2594.5,2599.5,2589,2591,51512,0
20251110,130000,2590,2593,2587,2593,29515,0
20251110,140000,2593,2595,2584,2585,30244,0
20251110,150000,2585,2586.5,2574,2575,83593,0
20251110,160000,2574.5,2575.5,2563,2568.5,81607,0
20251110,170000,2568,2569.5,2557,2558.5,72547,0
20251110,180000,2558.5,2563.5,2555.5,2558,55011,0
20251110,190000,2558,2566.5,2557.5,2564.5,24336,0
20251110,200000,2564.5,2570,2563,2568,21651,0
20251110,210000,2568,2569,2561,2566.5,17124,0
20251110,220000,2566.5,2566.5,2563,2563.5,9774,0
20251110,230000,2564,2566.5,2560,2562,12483,0
20251111,090000,2565,2568.5,2561,2563.5,34603,0
20251111,100000,2563.5,2568,2552,2563.5,83740,0
20251111,110000,2563,2564.5,2557,2559,28439,0
20251111,120000,2558.5,2566,2553,2563,59877,0
20251111,130000,2563.5,2566,2558.5,2564.5,38079,0
20251111,140000,2564.5,2578.5,2562,2575,71893,0
20251111,150000,2575.5,2579.5,2570,2573,64789,0
20251111,160000,2573,2576.5,2569.5,2573.5,53599,0
20251111,170000,2573.5,2577.5,2571.5,2572,42725,0
20251111,180000,2572,2573.5,2563.5,2569,45995,0
20251111,190000,2569,2575,2568.5,2573,19507,0
20251111,200000,2572.5,2583,2572,2581,20524,0
20251111,210000,2581.5,2584,2578.5,2580.5,20549,0
20251111,220000,2580.5,2582.5,2579.5,2580.5,7108,0
20251111,230000,2581,2582,2578.5,2581,9061,0
20251112,090000,2579,2580,2573.5,2576,26387,0
20251112,100000,2576,2578.5,2560,2562.5,91995,0
20251112,110000,2562.5,2564.5,2558,2563.5,50470,0
20251112,120000,2563,2566.5,2560.5,2564,37800,0
20251112,130000,2563.5,2564,2546,2547.5,90295,0
20251112,140000,2547.5,2552,2544,2547.5,57189,0
20251112,150000,2547,2547.5,2536,2546,95179,0
20251112,160000,2546,2546,2536,2539,67815,0
20251112,170000,2538.5,2539,2530.5,2536.5,75722,0
20251112,180000,2536,2542.5,2533,2536,51600,0
20251112,190000,2536,2540,2526,2533,68624,0
20251112,200000,2533,2535,2530,2532.5,14256,0
20251112,210000,2532,2541.5,2532,2540.5,32591,0
20251112,220000,2540.5,2541,2538.5,2538.5,10220,0
20251112,230000,2539,2543.5,2538,2541.5,12979,0
20251113,090000,2543,2551.5,2541.5,2543,41942,0
20251113,100000,2543,2547.5,2532.5,2536.5,67689,0
20251113,110000,2536.5,2554,2533.5,2552,88453,0
20251113,120000,2552,2552.5,2544.5,2546.5,41311,0
20251113,130000,2547,2549.5,2543.5,2546,42724,0
20251113,140000,2545.5,2546.5,2536,2540.5,43925,0
20251113,150000,2540.5,2548,2538.5,2544.5,33004,0
20251113,160000,2544,2546.5,2539,2542.5,31703,0
20251113,170000,2543,2546.5,2535,2540,49683,0
20251113,180000,2540,2549,2539,2546.5,29223,0
20251113,190000,2546.5,2549,2545,2546,18190,0
20251113,200000,2546,2553,2544.5,2551.5,18858,0
20251113,210000,2551.5,2559.5,2547,2548.5,37346,0
20251113,220000,2549,2550.5,2545,2547,14750,0
20251113,230000,2547,2548.5,2540.5,2543.5,22018,0
20251114,090000,2544.5,2550.5,2542,2547,32653,0
20251114,100000,2548,2552.5,2538.5,2539.5,54142,0
20251114,110000,2539,2539,2527,2533.5,91608,0
20251114,120000,2533,2534,2526.5,2530.5,40964,0
20251114,130000,2530.5,2534.5,2524.5,2527.5,34023,0
20251114,140000,2527.5,2528,2519.5,2522,48157,0
20251114,150000,2522.5,2533.5,2520,2528.5,63125,0
20251114,160000,2529,2529.5,2516.5,2519,48922,0
20251114,170000,2519,2526,2517,2522.5,56600,0
20251114,180000,2522,2529,2520.5,2526,26948,0
20251114,190000,2527,2531.5,2525.5,2528,16707,0
20251114,200000,2528.5,2531,2527,2528,8162,0
20251114,210000,2528,2528,2524,2526.5,8443,0
20251114,220000,2526.5,2538.5,2526,2535.5,32458,0
20251114,230000,2536,2540.5,2533.5,2537.5,23393,0
20251115,100000,2539,2544,2533,2534.5,10276,0
20251115,110000,2534.5,2536,2532.5,2535,4375,0
20251115,120000,2535,2536,2532,2534.5,3081,0
20251115,130000,2534.5,2535,2533,2534,1266,0
20251115,140000,2534,2535.5,2534,2535,1333,0
20251115,150000,2535.5,2535.5,2534.5,2535.5,1261,0
20251115,160000,2535.5,2535.5,2534,2534.5,1381,0
20251115,170000,2534.5,2535.5,2534,2535.5,789,0
20251115,180000,2535,2535.5,2534,2534,633,0
20251116,100000,2530.5,2535,2517,2526.5,11923,0
20251116,110000,2526,2528,2526,2526.5,1788,0
20251116,120000,2526,2527.5,2521.5,2523,6321,0
20251116,130000,2523,2525,2521,2524,3419,0
20251116,140000,2523.5,2526.5,2523.5,2525.5,2251,0
20251116,150000,2525.5,2526,2524,2525.5,1178,0
20251116,160000,2525.5,2525.5,2523.5,2524,1331,0
20251116,170000,2524,2526.5,2523.5,2526.5,1135,0
20251116,180000,2525.5,2528,2525.5,2526.5,3080,0
20251117,090000,2517,2517,2506,2509,60456,0
20251117,100000,2508.5,2517.5,2503.5,2513.5,79817,0
20251117,110000,2513.5,2521,2513,2517.5,47329,0
20251117,120000,2518,2521.5,2515,2521,34464,0
20251117,130000,2520.5,2522,2512.5,2517,38882,0
20251117,140000,2517,2518.5,2509,2515.5,41008,0
20251117,150000,2515.5,2516,2509.5,2510.5,21517,0
20251117,160000,2510,2513,2506,2513,32478,0
20251117,170000,2513,2518,2512.5,2514,33307,0
20251117,180000,2514,2516.5,2512.5,2516,17701,0
20251117,190000,2516,2516.5,2513.5,2514.5,10646,0
20251117,200000,2514.5,2515,2511.5,2512.5,11174,0
20251117,210000,2512,2512.5,2505.5,2507,38057,0
20251117,220000,2506.5,2509,2505,2506,18713,0
20251117,230000,2505.5,2508,2504,2505.5,16521,0
20251118,090000,2505,2511,2500.5,2506,31856,0
20251118,100000,2506,2548,2495,2534,451779,0
20251118,110000,2534,2576,2527,2569,417655,0
20251118,120000,2569.5,2577,2553,2559.5,241185,0
20251118,130000,2559.5,2564,2552,2557,89216,0
20251118,140000,2556.5,2570.5,2556.5,2566,105631,0
20251118,150000,2566.5,2569,2556.5,2561,81396,0
20251118,160000,2561,2566,2558.5,2560,54468,0
20251118,170000,2560.5,2573.5,2560,2563,87269,0
20251118,180000,2563,2568,2561,2567,38979,0
20251118,190000,2567,2572,2565.5,2570,30649,0
20251118,200000,2570,2571.5,2566,2568,19068,0
20251118,210000,2568,2573,2567.5,2572.5,22752,0
20251118,220000,2572.5,2578,2572,2573.5,28683,0
20251118,230000,2574,2574.5,2553,2561,83636,0
20251119,090000,2578,2584.5,2574,2579.5,80164,0
20251119,100000,2579,2587.5,2572.5,2585,100887,0
20251119,110000,2585,2589,2564,2576.5,232589,0
20251119,120000,2576.5,2576.5,2560,2566,103661,0
20251119,130000,2565.5,2577,2562.5,2574,56181,0
20251119,140000,2574,2622,2571,2616.5,357848,0
20251119,150000,2617,2631,2616,2627.5,237309,0
20251119,160000,2627.5,2673,2627,2662.5,529499,0
20251119,170000,2663,2664.5,2640.5,2649,294697,0
20251119,180000,2649.5,2662,2639.5,2648,134848,0
20251119,190000,2647.5,2667,2639.5,2662,180934,0
20251119,200000,2662,2663.5,2647.5,2655.5,73814,0
20251119,210000,2655,2663.5,2627.5,2639.5,318849,0
20251119,220000,2639,2639.5,2621.5,2629,109078,0
20251119,230000,2629,2632.5,2628,2631.5,30740,0
20251120,090000,2638,2646.5,2633,2635.5,65461,0
20251120,100000,2636.5,2640.5,2620,2634,115474,0
20251120,110000,2634.5,2640.5,2626.5,2637.5,60653,0
20251120,120000,2637,2666.5,2634.5,2654,186947,0
20251120,130000,2654,2662,2644,2647,106319,0
20251120,140000,2648,2648,2630.5,2634,106924,0
20251120,150000,2634,2642.5,2625.5,2642.5,108841,0
20251120,160000,2642,2645.5,2627.5,2629,103888,0
20251120,170000,2629,2636,2620,2628,141235,0
20251120,180000,2628,2633.5,2624,2628,54191,0
20251120,190000,2629,2646.5,2629,2633,94992,0
20251120,200000,2632.5,2726,2627.5,2708,392815,0
20251120,210000,2707,2718,2659.5,2676,600455,0
20251120,220000,2677,2694,2667.5,2691,137100,0
20251120,230000,2691,2704,2690,2702,80249,0
20251121,090000,2693.5,2693.5,2680,2685,95017,0
20251121,100000,2685,2694,2672.5,2684.5,133771,0
20251121,110000,2684.5,2693,2672.5,2678,99113,0
20251121,120000,2678,2683.5,2675,2681.5,49468,0
20251121,130000,2681,2681.5,2666,2669,76692,0
20251121,140000,2668.5,2673,2658.5,2664,94126,0
20251121,150000,2663,2679,2653.5,2668,231750,0
20251121,160000,2667.5,2670,2652,2652.5,99796,0
20251121,170000,2652.5,2700,2651.5,2686,277840,0
20251121,180000,2686,2694.5,2673,2682,163750,0
20251121,190000,2677.5,2692.5,2675.5,2689.5,42008,0
20251121,200000,2690,2712.5,2688,2698,198038,0
20251121,210000,2698,2700.5,2693,2696.5,42422,0
20251121,220000,2696,2700,2693,2697.5,22473,0
20251121,230000,2697,2698,2692.5,2693,25459,0
20251124,090000,2707,2713.5,2703.5,2708,98308,0
20251124,100000,2708.5,2714.5,2694.5,2697.5,101673,0
20251124,110000,2697,2698,2665.5,2670.5,156626,0
20251124,120000,2670.5,2680,2662,2667.5,134253,0
20251124,130000,2667,2673,2656.5,2671.5,135267,0
20251124,140000,2671.5,2672.5,2661,2668.5,67789,0
20251124,150000,2668,2670,2658.5,2662.5,70694,0
20251124,160000,2663,2679,2661,2672,99461,0
20251124,170000,2672,2672.5,2646.5,2657.5,178646,0
20251124,180000,2657,2661.5,2653.5,2653.5,56727,0
20251124,190000,2654,2660,2651,2656,35221,0
20251124,200000,2656,2659,2654.5,2659,13172,0
20251124,210000,2659,2660.5,2656,2656.5,12813,0
20251124,220000,2657,2658.5,2653,2653,9949,0
20251124,230000,2654,2672,2653,2666,49965,0
20251125,090000,2670,2679,2661.5,2673.5,74605,0
20251125,100000,2674,2682.5,2668.5,2672.5,69194,0
20251125,110000,2673,2674,2651,2655,106793,0
20251125,120000,2655,2655.5,2641,2654,115076,0
20251125,130000,2653.5,2657,2647,2651,45623,0
20251125,140000,2651,2665.5,2645.5,2652,83632,0
20251125,150000,2652,2700,2644,2667.5,490636,0
20251125,160000,2667.5,2683.5,2667,2680.5,128130,0
20251125,170000,2680.5,2689,2672,2685,134588,0
20251125,180000,2684.5,2689,2678.5,2683,80344,0
20251125,190000,2683,2699,2683,2694.5,105863,0
20251125,200000,2695,2698.5,2678.5,2689.5,97649,0
20251125,210000,2690,2692,2680.5,2684.5,27895,0
20251125,220000,2685,2702,2683,2688.5,110193,0
20251125,230000,2689,2691.5,2682.5,2685,20244,0
20251126,090000,2684.5,2685,2676,2684,62826,0
20251126,100000,2684,2684,2674.5,2678,45897,0
20251126,110000,2678,2680.5,2665.5,2667,77695,0
20251126,120000,2667,2674,2665,2665.5,42940,0
20251126,130000,2665.5,2673,2662,2670,39411,0
20251126,140000,2669,2675.5,2664.5,2667,44907,0
20251126,150000,2667,2673.5,2664.5,2671.5,31939,0
20251126,160000,2671.5,2674.5,2665,2669,44367,0
20251126,170000,2669,2671,2666,2666.5,17625,0
20251126,180000,2666.5,2673.5,2666.5,2667.5,29628,0
20251126,190000,2669.5,2672,2667.5,2669.5,13163,0
20251126,200000,2669.5,2674.5,2669,2672,9154,0
20251126,210000,2671.5,2672.5,2669,2670.5,5173,0
20251126,220000,2670,2671.5,2669,2669.5,5610,0
20251126,230000,2669,2669.5,2664,2669.5,18017,0
20251127,090000,2672,2683,2671.5,2675.5,47077,0
20251127,100000,2675,2678.5,2657,2659,69345,0
20251127,110000,2659,2663,2655.5,2661,43986,0
20251127,120000,2661,2668.5,2655,2662.5,50994,0
20251127,130000,2663,2663,2656.5,2661.5,35446,0
20251127,140000,2660.5,2665,2659.5,2660.5,18201,0
20251127,150000,2660,2661.5,2650.5,2652,47513,0
20251127,160000,2652,2662.5,2648.5,2651,134534,0
20251127,170000,2651,2653.5,2607,2620.5,363463,0
20251127,180000,2621,2628,2615.5,2622,77849,0
20251127,190000,2622.5,2626,2620,2623,31434,0
20251127,200000,2623,2626.5,2621,2624.5,15349,0
20251127,210000,2624.5,2626.5,2622.5,2626,10598,0
20251127,220000,2625.5,2628,2623,2623.5,10140,0
20251127,230000,2623,2625.5,2622,2624.5,9463,0
20251128,090000,2626,2634,2619,2630.5,55890,0
20251128,100000,2630.5,2637.5,2626,2633.5,53157,0
20251128,110000,2633.5,2637,2625,2634,50645,0
20251128,120000,2634,2644.5,2631,2643,68658,0
20251128,130000,2643,2643,2639.5,2641.5,31694,0
20251128,140000,2641.5,2642.5,2633.5,2635.5,43615,0
20251128,150000,2635.5,2638,2626.5,2629.5,46765,0
20251128,160000,2629.5,2654.5,2628.5,2646,178475,0
20251128,170000,2646.5,2663,2645,2662.5,120283,0
20251128,180000,2663,2689.5,2663,2678,187654,0
20251128,190000,2677,2683.5,2677,2679.5,52291,0
20251128,200000,2679.5,2683,2679,2680.5,23848,0
20251128,210000,2681,2686,2680.5,2682,29705,0
20251128,220000,2681.5,2683,2678,2680.5,12574,0
20251128,230000,2680,2684,2679,2680,17979,0
20251129,100000,2681.5,2685.5,2679.5,2680.5,7297,0
20251129,110000,2681.5,2683,2680.5,2682,1925,0
20251129,120000,2681,2682.5,2680,2681,2033,0
20251129,130000,2681,2681,2679,2680.5,4001,0
20251129,140000,2680,2680.5,2672,2676,22948,0
20251129,150000,2675.5,2679,2675.5,2677,6087,0
20251129,160000,2675.5,2677,2674.5,2676.5,7016,0
20251129,170000,2676.5,2680,2674,2678.5,4086,0
20251129,180000,2678.5,2680,2677,2677.5,1867,0
20251130,100000,2680,2684.5,2677.5,2684.5,5959,0
20251130,110000,2684,2686,2683.5,2685,4873,0
20251130,120000,2686,2689,2684.5,2687,8197,0
20251130,130000,2687.5,2688,2685,2687,1751,0
20251130,140000,2687,2689,2687,2688,3845,0
20251130,150000,2688,2697,2687.5,2692,14235,0
20251130,160000,2692,2696,2690,2695,10575,0
20251130,170000,2695.5,2697.5,2692.5,2696,11842,0
20251130,180000,2696,2697,2694.5,2696,4346,0
20251201,090000,2689,2690,2669.5,2680,94079,0
20251201,100000,2679,2681,2665,2674.5,86829,0
20251201,110000,2674.5,2692.5,2673.5,2687.5,87770,0
20251201,120000,2687.5,2702.5,2686,2691,127112,0
20251201,130000,2690.5,2697,2679,2688.5,145662,0
20251201,140000,2689,2692.5,2680.5,2684,50421,0
20251201,150000,2683.5,2693.5,2683,2690.5,52150,0
20251201,160000,2690.5,2698.5,2688.5,2696.5,32186,0
20251201,170000,2696.5,2699,2692,2693.5,30104,0
20251201,180000,2693.5,2695.5,2685.5,2685.5,28850,0
20251201,190000,2686.5,2692,2686,2690.5,15434,0
20251201,200000,2691,2695,2690,2691,10025,0
20251201,210000,2691,2694,2690,2692.5,8320,0
20251201,220000,2692,2694,2681.5,2682,20508,0
20251201,230000,2683,2687.5,2678,2684,37598,0
20251202,090000,2681,2692.5,2679,2686.5,32992,0
20251202,100000,2687,2691.5,2680.5,2683.5,30171,0
20251202,110000,2683,2688,2676.5,2682.5,51574,0
20251202,120000,2682.5,2686.5,2681,2684.5,19175,0
20251202,130000,2684,2687,2679,2684.5,39790,0
20251202,140000,2684.5,2687.5,2682.5,2684.5,25181,0
20251202,150000,2684,2695.5,2683.5,2691,31260,0
20251202,160000,2690.5,2695.5,2687,2692,39250,0
20251202,170000,2692,2693,2680,2685,42278,0
20251202,180000,2685,2687.5,2659,2670.5,199582,0
20251202,190000,2672,2680,2670.5,2675,37104,0
20251202,200000,2674.5,2680,2669,2671,26220,0
20251202,210000,2671,2691,2668.5,2684,105120,0
20251202,220000,2683,2684,2673,2680,30235,0
20251202,230000,2680,2683.5,2672,2676.5,25224,0
20251203,090000,2648,2649,2641,2644.5,112669,0
20251203,100000,2644.5,2644.5,2631,2634,86907,0
20251203,110000,2633.5,2634,2622,2627,97307,0
20251203,120000,2626.5,2636.5,2625,2636,62753,0
20251203,130000,2636,2639,2631.5,2633,37133,0
20251203,140000,2634,2638,2630,2635,24781,0
20251203,150000,2635,2638,2631,2635.5,38434,0
20251203,160000,2636,2636.5,2626.5,2630,43564,0
20251203,170000,2630,2645.5,2629,2640,56806,0
20251203,180000,2640,2652,2638,2648,68490,0
20251203,190000,2647,2658,2643.5,2650.5,61058,0
20251203,200000,2651.5,2655.5,2647,2649,15125,0
20251203,210000,2648.5,2653.5,2644.5,2652,16336,0
20251203,220000,2652,2655,2650.5,2651.5,12605,0
20251203,230000,2651.5,2655,2649,2654.5,12856,0
20251204,090000,2660,2672.5,2660,2666.5,52981,0
20251204,100000,2666.5,2668,2660,2664.5,37011,0
20251204,110000,2664.5,2670,2660.5,2667,44673,0
20251204,120000,2667,2669,2663.5,2667,19149,0
20251204,130000,2667,2669,2662,2664,23961,0
20251204,140000,2663.5,2666.5,2661,2665,20955,0
20251204,150000,2665,2671.5,2662.5,2669,36152,0
20251204,160000,2668.5,2672.5,2664.5,2666,25693,0
20251204,170000,2666.5,2668,2658.5,2659.5,45274,0
20251204,180000,2659,2662,2657.5,2660.5,21427,0
20251204,190000,2660.5,2663,2659,2661,14172,0
20251204,200000,2661,2661,2656.5,2658.5,11357,0
20251204,210000,2659,2660,2657,2658.5,6325,0
20251204,220000,2658.5,2659.5,2656.5,2656.5,6188,0
20251204,230000,2656.5,2659,2655.5,2659,13306,0
20251205,090000,2661,2667,2660,2664.5,31506,0
20251205,100000,2664.5,2682,2659.5,2680.5,116321,0
20251205,110000,2680.5,2697.5,2680.5,2692,126695,0
20251205,120000,2692,2711.5,2691,2703.5,138075,0
20251205,130000,2703.5,2704.5,2696,2699.5,60305,0
20251205,140000,2699.5,2717.5,2699.5,2710.5,121847,0
20251205,150000,2711,2715.5,2706.5,2708,60327,0
20251205,160000,2708.5,2717.5,2705.5,2714,57930,0
20251205,170000,2713.5,2721.5,2709.5,2717.5,73478,0
20251205,180000,2718,2719,2708,2714.5,58718,0
20251205,190000,2713.5,2716,2710,2715.5,25203,0
20251205,200000,2715,2717.5,2712.5,2713.5,11548,0
20251205,210000,2713.5,2718,2713,2716,19458,0
20251205,220000,2716,2719.5,2715.5,2718.5,11129,0
20251205,230000,2718,2719.5,2715.5,2717.5,14046,0
20251208,090000,2731.5,2735.5,2725,2728,71924,0
20251208,100000,2728,2741,2721.5,2736,93061,0
20251208,110000,2736,2743.5,2727,2730.5,75896,0
20251208,120000,2730.5,2732,2724.5,2731,43258,0
20251208,130000,2731,2731.5,2716,2724.5,80131,0
20251208,140000,2725,2731.5,2719.5,2719.5,48079,0
20251208,150000,2719.5,2720.5,2709,2717.5,87716,0
20251208,160000,2717,2724,2711.5,2715,45406,0
20251208,170000,2715,2717,2702,2706,92197,0
20251208,180000,2705.5,2711.5,2703,2705.5,30945,0
20251208,190000,2705.5,2716.5,2705.5,2715.5,31186,0
20251208,200000,2715.5,2720,2702,2704.5,65936,0
20251208,210000,2704.5,2707.5,2686.5,2694,114202,0
20251208,220000,2694.5,2700,2692,2696,24207,0
20251208,230000,2695.5,2700,2689.5,2693,26500,0
20251209,090000,2693.5,2698,2685.5,2697.5,32308,0
20251209,100000,2697.5,2701,2689,2692,62312,0
20251209,110000,2691.5,2699.5,2691,2698,27040,0
20251209,120000,2698.5,2703.5,2695,2697,46712,0
20251209,130000,2697,2702.5,2696,2701.5,22170,0
20251209,140000,2701,2722.5,2700.5,2719,134167,0
20251209,150000,2719.5,2721.5,2713,2716,38514,0
20251209,160000,2716.5,2726.5,2715,2722,45945,0
20251209,170000,2722,2722.5,2700.5,2704,104383,0
20251209,180000,2703.5,2708,2696.5,2704,66965,0
20251209,190000,2703.5,2710,2703,2707,26215,0
20251209,200000,2707,2712.5,2704,2711,19252,0
20251209,210000,2710.5,2722,2709,2722,44951,0
20251209,220000,2721.5,2743,2720,2733,190389,0
20251209,230000,2733.5,2735,2723,2727,43049,0
20251210,090000,2724.5,2730,2718.5,2729,44560,0
20251210,100000,2728.5,2733,2719,2721,56461,0
20251210,110000,2721,2729.5,2720.5,2727,34672,0
20251210,120000,2726,2735.5,2724,2729,35721,0
20251210,130000,2729,2729,2719,2723,39503,0
20251210,140000,2723.5,2726.5,2717,2722.5,34949,0
20251210,150000,2722.5,2725.5,2721,2725,16566,0
20251210,160000,2725,2725.5,2719,2724.5,24882,0
20251210,170000,2724.5,2732,2715.5,2718.5,59555,0
20251210,180000,2718.5,2726,2718,2722.5,38235,0
20251210,190000,2722.5,2728.5,2721.5,2726.5,25287,0
20251210,200000,2726.5,2727,2724,2724.5,11990,0
20251210,210000,2725,2731,2722,2728,24881,0
20251210,220000,2727.5,2730,2725,2727,9676,0
20251210,230000,2727,2729.5,2724,2724,9645,0
20251211,090000,2733.5,2740,2732,2737.5,57167,0
20251211,100000,2738,2746.5,2737,2741.5,76990,0
20251211,110000,2741,2758,2741,2754.5,169401,0
20251211,120000,2754.5,2763.5,2750,2751.5,108157,0
20251211,130000,2751.5,2754,2746.5,2752,53004,0
20251211,140000,2751.5,2754,2747.5,2748.5,35003,0
20251211,150000,2748.5,2761.5,2748.5,2756.5,44401,0
20251211,160000,2757,2759,2751,2757.5,47713,0
20251211,170000,2757.5,2766.5,2752.5,2753.5,91496,0
20251211,180000,2754,2757.5,2738,2751,209513,0
20251211,190000,2751.5,2805,2751.5,2774,370775,0
20251211,200000,2774,2777,2772,2774.5,28043,0
20251211,210000,2774,2774.5,2760,2765,74251,0
20251211,220000,2764.5,2767,2761,2764.5,17567,0
20251211,230000,2764,2765.5,2762,2762,12534,0
20251212,090000,2766.5,2769,2756,2762.5,43338,0
20251212,100000,2763,2764,2753.5,2758.5,46926,0
20251212,110000,2758,2770,2753.5,2758.5,77623,0
20251212,120000,2758.5,2763.5,2757,2758.5,35348,0
20251212,130000,2759.5,2773.5,2759,2761,68048,0
20251212,140000,2762,2768,2755,2759,61471,0
20251212,150000,2758.5,2759.5,2756,2756.5,22232,0
20251212,160000,2756.5,2756.5,2742.5,2745.5,115794,0
20251212,170000,2745.5,2751,2741.5,2748,57328,0
20251212,180000,2748,2749.5,2732,2735.5,70520,0
20251212,190000,2736,2738.5,2727.5,2732.5,64216,0
20251212,200000,2732.5,2734.5,2726.5,2728,38449,0
20251212,210000,2728,2734,2713.5,2719,94516,0
20251212,220000,2718,2719.5,2715,2719,33882,0
20251212,230000,2718.5,2720,2716,2717,26437,0
20251213,100000,2723,2733,2722.5,2731.5,26097,0
20251213,110000,2731,2731.5,2729,2729.5,2215,0
20251213,120000,2729,2730,2725.5,2728,5642,0
20251213,130000,2728,2728,2727,2728,2824,0
20251213,140000,2728,2728,2727,2728,3676,0
20251213,150000,2728,2732,2727.5,2731.5,8236,0
20251213,160000,2731,2732,2730,2730.5,2271,0
20251213,170000,2731,2732,2730.5,2731.5,1919,0
20251213,180000,2732,2733,2729.5,2730.5,4162,0
20251214,100000,2730,2730.5,2726.5,2726.5,4574,0
20251214,110000,2726.5,2727,2723,2723,5980,0
20251214,120000,2723,2723.5,2719.5,2720,9143,0
20251214,130000,2720,2725,2718.5,2724.5,6240,0
20251214,140000,2724,2725,2722.5,2725,3028,0
20251214,150000,2725,2725,2718,2721,7925,0
20251214,160000,2721.5,2721.5,2720,2720,1762,0
20251214,170000,2720,2721.5,2719,2720.5,3947,0
20251214,180000,2720.5,2723.5,2720,2723,6476,0
20251215,090000,2735.5,2744.5,2732.5,2738.5,79355,0
20251215,100000,2739,2740.5,2729,2732.5,66711,0
20251215,110000,2733,2734,2725,2731,42042,0
20251215,120000,2731.5,2742.5,2731.5,2739.5,62236,0
20251215,130000,2740,2746.5,2738.5,2741,37942,0
20251215,140000,2740.5,2755,2738.5,2755,85123,0
20251215,150000,2755,2755.5,2734,2739.5,98557,0
20251215,160000,2740,2746.5,2733,2746,63429,0
20251215,170000,2745,2754,2741.5,2754,84063,0
20251215,180000,2753.5,2754,2745.5,2751.5,46843,0
20251215,190000,2751,2763.5,2740.5,2746.5,116712,0
20251215,200000,2746.5,2753,2743,2752,29364,0
20251215,210000,2751.5,2752.5,2748,2749,11856,0
20251215,220000,2749,2755.5,2748.5,2753.5,12692,0
20251215,230000,2753,2759,2751,2758,31668,0
20251216,080000,2757.5,2757.5,2757.5,2757.5,53,0
20251216,090000,2757.5,2759.5,2751.5,2751.5,38094,0
20251216,100000,2751.5,2775,2749,2775,96360,0
20251216,110000,2775,2778.5,2767,2776.5,97093,0
20251216,120000,2776.5,2776.5,2766.5,2770.5,87450,0
20251216,130000,2770,2775,2768.5,2771.5,33260,0
20251216,140000,2772,2774.5,2768.5,2773,24839,0
20251216,150000,2772.5,2780,2768,2778,52614,0
20251216,160000,2778.5,2779,2772.5,2776,33464,0
20251216,170000,2776,2783.5,2775,2781,43214,0
20251216,180000,2781.5,2783,2775.5,2776,26342,0
20251216,190000,2777,2780,2774,2774.5,23892,0
20251216,200000,2775,2779,2773.5,2777,13780,0
20251216,210000,2777,2780,2776.5,2779.5,7226,0
20251216,220000,2779.5,2779.5,2776.5,2777,5169,0
20251216,230000,2777.5,2780.5,2777,2780,9279,0
20251217,080000,2785,2785,2785,2785,271,0
20251217,090000,2784.5,2788.5,2782,2782.5,36912,0
20251217,100000,2782.5,2784,2767.5,2773,96957,0
20251217,110000,2772.5,2786.5,2771.5,2775.5,81175,0
20251217,120000,2775.5,2776,2762,2763.5,130956,0
20251217,130000,2763.5,2769,2759,2766,75858,0
20251217,140000,2765.5,2767,2753.5,2760,89758,0
20251217,150000,2759.5,2764,2755.5,2759,45884,0
20251217,160000,2759,2761.5,2753,2754,22797,0
20251217,170000,2754.5,2754.5,2742.5,2753,132849,0
20251217,180000,2753,2765.5,2748.5,2764,104983,0
20251217,190000,2765.5,2772,2762,2762.5,55842,0
20251217,200000,2763,2767.5,2762,2765,18733,0
20251217,210000,2765.5,2767.5,2762.5,2763.5,13818,0
20251217,220000,2763.5,2769.5,2756,2766,52576,0
20251217,230000,2765.5,2769.5,2765,2765.5,15910,0
20251218,080000,2766.5,2766.5,2766.5,2766.5,45,0
20251218,090000,2766.5,2769.5,2760.5,2769,34864,0
20251218,100000,2769,2779,2762.5,2776,79921,0
20251218,110000,2776,2777.5,2767,2770,82598,0
20251218,120000,2770,2772,2764.5,2771.5,76753,0
20251218,130000,2771.5,2773,2769,2770,31675,0
20251218,140000,2769.5,2770,2756,2761.5,85362,0
20251218,150000,2761.5,2772.5,2759.5,2768,100886,0
20251218,160000,2768,2771,2765,2766.5,60332,0
20251218,170000,2766.5,2769,2759,2761,66916,0
20251218,180000,2761.5,2763,2754,2758,69589,0
20251218,190000,2759.5,2771,2757.5,2766.5,41906,0
20251218,200000,2766.5,2768,2763,2767.5,9732,0
20251218,210000,2767.5,2769.5,2766,2768.5,10866,0
20251218,220000,2768,2774.5,2768,2771,20448,0
20251218,230000,2771,2773.5,2770.5,2773,8552,0
20251219,080000,2774,2774,2774,2774,375,0
20251219,090000,2774.5,2785,2774,2778.5,68644,0
20251219,100000,2779,2796,2779,2788,127464,0
20251219,110000,2788,2790,2779,2786,79193,0
20251219,120000,2786,2789,2782,2783.5,65712,0
20251219,130000,2783.5,2786,2721,2757,714495,0
20251219,140000,2756.5,2765.5,2750.5,2764,123231,0
20251219,150000,2764,2765.5,2749,2749.5,91958,0
20251219,160000,2749.5,2763,2745.5,2755,130444,0
20251219,170000,2754.5,2755,2741.5,2743.5,122692,0
20251219,180000,2743.5,2753,2742,2747.5,48800,0
20251219,190000,2747.5,2755.5,2746.5,2753,38186,0
20251219,200000,2753,2763,2752,2760,30946,0
20251219,210000,2760,2760,2755.5,2756,11839,0
20251219,220000,2756.5,2759,2756,2757.5,6364,0
20251219,230000,2758,2760.5,2757.5,2760,11624,0
20251220,090000,2758,2758,2758,2758,29,0
20251220,100000,2758.5,2764,2756,2759,13099,0
20251220,110000,2757,2759.5,2756.5,2756.5,2091,0
20251220,120000,2756.5,2760.5,2756.5,2758,3219,0
20251220,130000,2759,2760.5,2757,2758.5,4728,0
20251220,140000,2758.5,2759,2756.5,2758,1613,0
20251220,150000,2758,2759,2757,2758.5,3154,0
20251220,160000,2759,2761,2757,2758,5292,0
20251220,170000,2758,2759,2757,2758.5,3085,0
20251220,180000,2758.5,2760,2758,2759.5,4991,0
20251221,090000,2760,2760,2760,2760,90,0
20251221,100000,2760,2760,2757,2757,3786,0
20251221,110000,2757,2758,2753.5,2754.5,3199,0
20251221,120000,2754.5,2755,2751,2751.5,4997,0
20251221,130000,2751.5,2753.5,2750.5,2750.5,3767,0
20251221,140000,2751,2753,2748.5,2749.5,7857,0
20251221,150000,2749.5,2751,2747,2750.5,5292,0
20251221,160000,2750.5,2752.5,2749,2750,6325,0
20251221,170000,2750,2751.5,2748,2749,4123,0
20251221,180000,2748.5,2750,2747,2748,5898,0
20251222,080000,2750,2750,2750,2750,331,0
20251222,090000,2749,2749.5,2736,2740.5,61519,0
20251222,100000,2740.5,2741,2727.5,2727.5,107355,0
20251222,110000,2727.5,2736,2725.5,2734,70056,0
20251222,120000,2733.5,2744,2728.5,2736.5,142161,0
20251222,130000,2736.5,2743,2733,2739.5,49514,0
20251222,140000,2740,2741.5,2734,2736,40604,0
20251222,150000,2735.5,2736,2728,2732.5,33738,0
20251222,160000,2732.5,2734,2727,2727.5,21651,0
20251222,170000,2728,2729,2715,2717,101290,0
20251222,180000,2717.5,2719,2713.5,2716.5,33965,0
20251222,190000,2718.5,2724,2718.5,2723,35803,0
20251222,200000,2722.5,2723,2718.5,2721,9952,0
20251222,210000,2721,2721.5,2718,2720,7880,0
20251222,220000,2720,2720,2717,2717,7940,0
20251222,230000,2717,2720,2716.5,2719,6292,0
20251223,080000,2722.5,2722.5,2722.5,2722.5,587,0
20251223,090000,2722,2722,2713,2718.5,46379,0
20251223,100000,2718.5,2727.5,2715.5,2721,69430,0
20251223,110000,2721,2722.5,2708,2712.5,66891,0
20251223,120000,2713,2714.5,2705,2709.5,80788,0
20251223,130000,2709.5,2718.5,2707,2713.5,40908,0
20251223,140000,2713.5,2733,2712,2730.5,77074,0
20251223,150000,2731,2732,2725,2725,64312,0
20251223,160000,2725,2733,2723,2732,47604,0
20251223,170000,2733,2737,2722,2728,58311,0
20251223,180000,2727.5,2732.5,2727,2731,24957,0
20251223,190000,2731,2735.5,2729,2730,20051,0
20251223,200000,2730,2731,2727,2728.5,8360,0
20251223,210000,2728.5,2734.5,2728.5,2733,13769,0
20251223,220000,2734,2736,2732.5,2733,11010,0
20251223,230000,2732.5,2733.5,2730,2731.5,7419,0
20251224,080000,2731,2731,2731,2731,100,0
20251224,090000,2730.5,2732,2720.5,2722.5,40112,0
20251224,100000,2722.5,2729,2717.5,2726,62468,0
20251224,110000,2726,2730.5,2710.5,2719.5,111441,0
20251224,120000,2719,2727,2716,2722.5,46073,0
20251224,130000,2722,2732,2722,2729.5,50718,0
20251224,140000,2730,2734.5,2728.5,2729,34573,0
20251224,150000,2729.5,2734.5,2726,2729.5,38869,0
20251224,160000,2729.5,2732,2725.5,2730,22251,0
20251224,170000,2730,2732,2724,2724.5,23386,0
20251224,180000,2725,2727.5,2717,2720.5,53902,0
20251224,190000,2721,2727.5,2720,2724.5,22727,0
20251224,200000,2724,2726.5,2723,2725.5,4406,0
20251224,210000,2726,2726.5,2723,2725.5,4225,0
20251224,220000,2725.5,2728,2725,2727.5,3864,0
20251224,230000,2727,2728,2722.5,2724.5,7501,0
20251225,080000,2724,2724,2724,2724,64,0
20251225,090000,2723,2724,2719,2721,12851,0
20251225,100000,2721,2721,2711.5,2715.5,61262,0
20251225,110000,2715.5,2725.5,2715,2723.5,46760,0
20251225,120000,2723,2723.5,2719.5,2720,16864,0
20251225,130000,2720,2723.5,2715,2716,32214,0
20251225,140000,2716,2718.5,2715.5,2717.5,27763,0
20251225,150000,2717,2717.5,2712,2714.5,28981,0
20251225,160000,2714,2720,2712.5,2716,36938,0
20251225,170000,2716,2718.5,2714.5,2716.5,11442,0
20251225,180000,2716.5,2718.5,2715.5,2717,17653,0
20251225,190000,2717.5,2722.5,2717,2721,13212,0
20251225,200000,2721.5,2722.5,2719,2719.5,10157,0
20251225,210000,2719.5,2724.5,2719,2724.5,7189,0
20251225,220000,2724.5,2730,2721,2724,31509,0
20251225,230000,2724.5,2724.5,2718.5,2720,8339,0
20251226,080000,2722,2722,2722,2722,13,0
20251226,090000,2722,2745,2721,2740.5,99493,0
20251226,100000,2740.5,2746.5,2736.5,2744,95031,0
20251226,110000,2743.5,2750,2740.5,2743,75147,0
20251226,120000,2743,2746,2740,2743.5,32362,0
20251226,130000,2744.5,2749,2743.5,2746.5,31574,0
20251226,140000,2746.5,2754,2743.5,2752,50552,0
20251226,150000,2752,2760,2748,2756.5,107982,0
20251226,160000,2757.5,2760.5,2755,2760,43574,0
20251226,170000,2760,2765.5,2760,2762,50488,0
20251226,180000,2762,2763.5,2758.5,2760.5,31086,0
20251226,190000,2761.5,2767,2758,2760.5,40349,0
20251226,200000,2761,2764.5,2760,2764,12725,0
20251226,210000,2763.5,2764.5,2761.5,2763.5,7395,0
20251226,220000,2763,2768.5,2763,2767.5,17266,0
20251226,230000,2767.5,2776,2767,2774,32128,0
20251227,090000,2773,2773,2773,2773,307,0
20251227,100000,2773.5,2785.5,2773,2782.5,26625,0
20251227,110000,2781,2783,2780,2782,5871,0
20251227,120000,2782,2785.5,2781.5,2782,7510,0
20251227,130000,2783,2784.5,2781.5,2783.5,3069,0
20251227,140000,2783,2784,2781,2781,2237,0
20251227,150000,2782,2783,2780.5,2783,2516,0
20251227,160000,2782.5,2784,2781.5,2783,2278,0
20251227,170000,2783,2784,2782.5,2783,766,0
20251227,180000,2783.5,2784,2781.5,2784,2561,0
20251228,090000,2784,2784,2784,2784,136,0
20251228,100000,2782,2783,2770,2770.5,22428,0
20251228,110000,2770.5,2776.5,2768,2771.5,16684,0
20251228,120000,2771.5,2775,2768.5,2771.5,7642,0
20251228,130000,2771,2773.5,2770.5,2772,3143,0
20251228,140000,2773,2776.5,2772,2776.5,3407,0
20251228,150000,2776,2783.5,2776,2781.5,16201,0
20251228,160000,2782,2784,2781.5,2784,3023,0
20251228,170000,2784,2787.5,2783,2785,11864,0
20251228,180000,2785.5,2795,2784.5,2787,28556,0
20251229,080000,2787,2787,2787,2787,832,0
20251229,090000,2787.5,2789,2774.5,2779,57629,0
20251229,100000,2779,2782.5,2772.5,2779,67166,0
20251229,110000,2779.5,2827,2778.5,2826,214046,0
20251229,120000,2826,2828,2803.5,2811.5,221128,0
20251229,130000,2811.5,2815,2807.5,2810.5,37494,0
20251229,140000,2811.5,2814,2807,2812.5,32606,0
20251229,150000,2812,2819.5,2805.5,2811,62066,0
20251229,160000,2811,2811.5,2783.5,2789.5,172207,0
20251229,170000,2789,2794.5,2786,2788.5,63852,0
20251229,180000,2788.5,2788.5,2743,2746,445351,0
20251229,190000,2747,2767,2744,2759.5,111203,0
20251229,200000,2760,2766.5,2757.5,2760,32825,0
20251229,210000,2760,2767,2753,2766,29764,0
20251229,220000,2766,2767,2761.5,2763.5,14685,0
20251229,230000,2763.5,2765.5,2757,2760.5,20878,0
20251230,080000,2763.5,2763.5,2763.5,2763.5,594,0
20251230,090000,2763.5,2767,2757.5,2762,29941,0
20251230,100000,2762,2762,2752,2757.5,43718,0
20251230,110000,2757,2762.5,2753,2759,34493,0
20251230,120000,2760,2765,2757,2762.5,62837,0
20251230,130000,2762.5,2765.5,2760,2764.5,46555,0
20251230,140000,2764.5,2766,2760,2763,33482,0
20251230,150000,2763.5,2771,2763,2770.5,37839,0
20251230,160000,2770.5,2775.5,2768.5,2774,77210,0
20251230,170000,2774.5,2780.5,2769.5,2770.5,51400,0
20251230,180000,2771,2773,2768,2772,30622,0
20251230,190000,2772.5,2777.5,2771.5,2776.5,21571,0
20251230,200000,2776.5,2777.5,2771,2776,16798,0
20251230,210000,2776.5,2777.5,2773,2774.5,9606,0
20251230,220000,2774.5,2775.5,2769.5,2771,17382,0
20251230,230000,2771.5,2777.5,2769,2775.5,15424,0
20260105,080000,2755.5,2755.5,2755.5,2755.5,807,0
20260105,090000,2755,2755.5,2731,2736.5,96775,0
20260105,100000,2736.5,2746.5,2732,2745.5,72532,0
20260105,110000,2745,2750,2741,2749.5,27978,0
20260105,120000,2749.5,2753.5,2745,2750.5,29378,0
20260105,130000,2751,2751.5,2746.5,2747.5,20816,0
20260105,140000,2748,2750.5,2744,2748.5,22132,0
20260105,150000,2748.5,2751.5,2744,2751,11848,0
20260105,160000,2751,2755.5,2751,2754,20438,0
20260105,170000,2753.5,2761,2753.5,2758,48569,0
20260105,180000,2758.5,2762.5,2757.5,2760.5,16084,0
20260105,190000,2760,2763,2758.5,2759.5,20623,0
20260105,200000,2759.5,2761,2757,2758.5,11776,0
20260105,210000,2758.5,2762,2758.5,2759.5,13121,0
20260105,220000,2759.5,2760,2757.5,2759,5972,0
20260105,230000,2759,2762,2758,2761.5,11218,0
20260106,080000,2753,2753,2753,2753,1600,0
20260106,090000,2754.5,2765,2749.5,2761,58681,0
20260106,100000,2761,2761.5,2751.5,2756,57760,0
20260106,110000,2756,2760.5,2755,2759.5,21089,0
20260106,120000,2759.5,2761.5,2754.5,2755,22605,0
20260106,130000,2755,2757.5,2753,2756,10701,0
20260106,140000,2756.5,2757.5,2751,2751,18194,0
20260106,150000,2751,2752.5,2747.5,2751,20234,0
20260106,160000,2751,2754.5,2744,2745.5,16952,0
20260106,170000,2745,2746.5,2741.5,2746,36967,0
20260106,180000,2745.5,2748,2745,2747,19655,0
20260106,190000,2748,2754,2747,2752,19844,0
20260106,200000,2752,2753,2751,2751,6560,0
20260106,210000,2751,2752,2747.5,2749,9058,0
20260106,220000,2748.5,2750.5,2745.5,2750,7922,0
20260106,230000,2750.5,2755,2750,2754,18146,0
20260108,080000,2732,2732,2732,2732,1953,0
20260108,090000,2731.5,2735,2722.5,2727.5,66814,0
20260108,100000,2727.5,2732.5,2725,2730.5,52029,0
20260108,110000,2730,2731,2727,2729.5,14575,0
20260108,120000,2729,2738.5,2729,2735,52278,0
20260108,130000,2735.5,2735.5,2728,2729.5,27408,0
20260108,140000,2730,2730,2725.5,2726.5,21400,0
20260108,150000,2726.5,2726.5,2717,2721.5,82959,0
20260108,160000,2721.5,2725,2720,2720,27721,0
20260108,170000,2720.5,2723.5,2719.5,2722.5,17345,0
20260108,180000,2722.5,2724,2721,2721,15827,0
20260108,190000,2722,2725,2721,2724.5,21005,0
20260108,200000,2724.5,2726.5,2723,2724,9242,0
20260108,210000,2724,2730,2724,2728.5,23041,0
20260108,220000,2728.5,2731.5,2723,2725.5,24073,0
20260108,230000,2725.5,2727.5,2724,2724.5,9833,0
20260109,080000,2730,2730,2730,2730,150,0
20260109,090000,2730,2744,2711,2727,140543,0
20260109,100000,2727,2729.5,2723,2726.5,34454,0
20260109,110000,2726.5,2732.5,2725.5,2731.5,22568,0
20260109,120000,2731.5,2731.5,2725,2729,20826,0
20260109,130000,2729,2730.5,2726,2728,26674,0
20260109,140000,2728.5,2734.5,2728.5,2731,27335,0
20260109,150000,2731.5,2732,2727,2727,11489,0
20260109,160000,2726.5,2728.5,2725.5,2727,11665,0
20260109,170000,2727.5,2729.5,2727,2729,8767,0
20260109,180000,2729,2730,2727.5,2727.5,12480,0
20260109,190000,2729,2735.5,2728,2730.5,27412,0
20260109,200000,2731,2735,2728,2731.5,26435,0
20260109,210000,2731.5,2732.5,2730,2730.5,12750,0
20260109,220000,2730.5,2732,2730,2732,9459,0
20260109,230000,2731.5,2734,2731,2734,23825,0
20260112,080000,2710.5,2710.5,2710.5,2710.5,5415,0
20260112,090000,2710.5,2719,2709,2711.5,127103,0
20260112,100000,2711,2726.5,2711,2726.5,93462,0
20260112,110000,2726.5,2729,2719.5,2721,40120,0
20260112,120000,2721,2724,2720,2723.5,19066,0
20260112,130000,2724,2724,2717.5,2719,20571,0
20260112,140000,2718.5,2719,2713,2715,36775,0
20260112,150000,2714.5,2715,2711.5,2712.5,22947,0
20260112,160000,2712.5,2715,2707,2708,36732,0
20260112,170000,2708,2708.5,2700,2701,57718,0
20260112,180000,2701,2705,2698.5,2701.5,29574,0
20260112,190000,2703.5,2707.5,2703,2706.5,20505,0
20260112,200000,2706.5,2708,2703.5,2706,9606,0
20260112,210000,2706,2706,2705,2706,3701,0
20260112,220000,2705.5,2706.5,2705,2705.5,5976,0
20260112,230000,2705.5,2707,2705,2706,8087,0
20260113,080000,2706,2706,2706,2706,213,0
20260113,090000,2705.5,2707.5,2695,2699.5,50835,0
20260113,100000,2699,2703,2693.5,2697.5,40427,0
20260113,110000,2697.5,2699.5,2689,2690.5,65097,0
20260113,120000,2690,2699,2690,2698,33103,0
20260113,130000,2698,2705.5,2695.5,2697,48690,0
20260113,140000,2697.5,2700,2694.5,2699,27415,0
20260113,150000,2699,2699,2695,2696.5,13707,0
20260113,160000,2696,2707,2696,2702,62090,0
20260113,170000,2701.5,2704,2698,2700.5,21053,0
20260113,180000,2700.5,2703.5,2690.5,2694,42812,0
20260113,190000,2694.5,2698.5,2693,2695.5,17184,0
20260113,200000,2695.5,2697,2690.5,2691.5,12001,0
20260113,210000,2691,2694,2691,2692.5,7579,0
20260113,220000,2692.5,2694.5,2692,2694,3038,0
20260113,230000,2694,2694,2691,2691,7365,0
20260114,080000,2691.5,2691.5,2691.5,2691.5,72,0
20260114,090000,2692,2695.5,2684,2687,49024,0
20260114,100000,2686.5,2687.5,2675.5,2682,118896,0
20260114,110000,2682,2715.5,2682,2703.5,225062,0
20260114,120000,2703.5,2714,2701,2708.5,85432,0
20260114,130000,2708.5,2712,2703,2706,45929,0
20260114,140000,2706,2711.5,2706,2709.5,30637,0
20260114,150000,2710.5,2714,2705.5,2709.5,49616,0
20260114,160000,2709.5,2711,2702,2708,37924,0
20260114,170000,2708.5,2718,2703.5,2704.5,85941,0
20260114,180000,2705,2708,2700,2702.5,48331,0
20260114,190000,2701.5,2703.5,2695.5,2700.5,36343,0
20260114,200000,2700.5,2703,2697,2701,12890,0
20260114,210000,2700.5,2704.5,2699,2704,9133,0
20260114,220000,2704.5,2707.5,2701.5,2707.5,15866,0
20260114,230000,2707.5,2708,2699,2700,15682,0
20260115,080000,2702.5,2702.5,2702.5,2702.5,187,0
20260115,090000,2702.5,2706.5,2698.5,2701.5,30735,0
20260115,100000,2701.5,2704,2695,2695,42628,0
20260115,110000,2695,2702,2694,2697.5,24262,0
20260115,120000,2697,2699,2694,2694.5,17400,0
20260115,130000,2695,2712,2694.5,2705.5,87256,0
20260115,140000,2705.5,2714.5,2705,2712.5,37834,0
20260115,150000,2713,2714.5,2708,2709.5,22666,0
20260115,160000,2710,2714,2704,2711,37111,0
20260115,170000,2711,2716,2702.5,2706.5,48268,0
20260115,180000,2706.5,2708.5,2700.5,2703.5,27705,0
20260115,190000,2704.5,2715,2703,2708.5,37275,0
20260115,200000,2708.5,2713.5,2708,2711,12866,0
20260115,210000,2710.5,2712.5,2710,2711,6316,0
20260115,220000,2711,2719,2711,2714,34982,0
20260115,230000,2714.5,2716.5,2711,2716,9476,0
20260116,080000,2714,2714,2714,2714,129,0
20260116,090000,2713.5,2717,2709.5,2713,30136,0
20260116,100000,2713,2725,2710.5,2725,74740,0
20260116,110000,2725,2731.5,2725,2728,71575,0
20260116,120000,2728,2730,2726,2729,19732,0
20260116,130000,2728.5,2731.5,2725,2727,33574,0
20260116,140000,2726.5,2729.5,2724.5,2729,20011,0
20260116,150000,2729,2729,2724.5,2725,8860,0
20260116,160000,2725,2741.5,2723.5,2737,123238,0
20260116,170000,2737.5,2744,2737,2737.5,56314,0
20260116,180000,2738,2740,2733.5,2738.5,36037,0
20260116,190000,2738.5,2742,2738,2738.5,12626,0
20260116,200000,2738.5,2741.5,2738.5,2739.5,10016,0
20260116,210000,2739.5,2743.5,2739.5,2743,16393,0
20260116,220000,2743,2745,2739.5,2740.5,18561,0
20260116,230000,2741,2742.5,2735,2742,16143,0
20260117,090000,2742,2742,2742,2742,11,0
20260117,100000,2740.5,2744,2740,2741,4693,0
20260117,110000,2741.5,2744.5,2740.5,2744,5425,0
20260117,120000,2744,2744,2743,2743,2673,0
20260117,130000,2743,2744.5,2742.5,2743,1472,0
20260117,140000,2742.5,2743.5,2741,2742.5,2019,0
20260117,150000,2742.5,2742.5,2741.5,2741.5,280,0
20260117,160000,2741.5,2742.5,2741,2741.5,955,0
20260117,170000,2742,2742,2740.5,2740.5,796,0
20260117,180000,2740.5,2742.5,2740,2742,1773,0
20260118,090000,2740.5,2740.5,2740.5,2740.5,40,0
20260118,100000,2742,2744,2740.5,2743.5,3662,0
20260118,110000,2743.5,2744,2741.5,2742.5,2960,0
20260118,120000,2742,2742.5,2740,2740,1361,0
20260118,130000,2740,2743,2740,2743,729,0
20260118,140000,2742.5,2743,2741.5,2742,566,0
20260118,150000,2742,2743,2741.5,2742.5,764,0
20260118,160000,2743,2744,2742.5,2744,1034,0
20260118,170000,2743.5,2749.5,2743.5,2748,9559,0
20260118,180000,2748,2748,2745.5,2747.5,6428,0
20260119,080000,2746,2746,2746,2746,389,0
20260119,090000,2746,2748.5,2737.5,2740.5,64877,0
20260119,100000,2740,2747,2732.5,2742.5,66843,0
20260119,110000,2742,2757.5,2742,2752.5,65480,0
20260119,120000,2753,2753,2748.5,2752.5,32864,0
20260119,130000,2752.5,2753,2747,2750,22679,0
20260119,140000,2750.5,2752.5,2748,2748.5,12545,0
20260119,150000,2749,2752,2745.5,2750.5,16473,0
20260119,160000,2750.5,2752,2742,2751,33840,0
20260119,170000,2750.5,2759,2750,2755.5,40696,0
20260119,180000,2755,2756.5,2750.5,2751,17376,0
20260119,190000,2751.5,2754,2749,2752.5,11978,0
20260119,200000,2752.5,2753,2750,2751,5868,0
20260119,210000,2751,2752.5,2750.5,2751,2995,0
20260119,220000,2751.5,2751.5,2748.5,2748.5,7286,0
20260119,230000,2749.5,2749.5,2739,2741.5,31501,0
20260120,080000,2746,2746,2746,2746,551,0
20260120,090000,2746.5,2752,2743.5,2747,37319,0
20260120,100000,2747,2747.5,2736,2737.5,59065,0
20260120,110000,2737,2740.5,2729.5,2734.5,85717,0
20260120,120000,2734.5,2740,2731,2738,41196,0
20260120,130000,2738.5,2741,2735,2736,38841,0
20260120,140000,2736,2736.5,2730,2734.5,32783,0
20260120,150000,2734.5,2738,2729,2736.5,29584,0
20260120,160000,2736,2743,2735.5,2738.5,35497,0
20260120,170000,2738.5,2746,2732,2742,52651,0
20260120,180000,2742.5,2744,2739.5,2740,16403,0
20260120,190000,2741.5,2743.5,2737,2738.5,17108,0
20260120,200000,2738.5,2742.5,2738.5,2741,5255,0
20260120,210000,2740.5,2746.5,2739.5,2744,25582,0
20260120,220000,2744,2749,2743.5,2747,19591,0
20260120,230000,2746.5,2747.5,2742.5,2746,8259,0
20260121,080000,2743.5,2743.5,2743.5,2743.5,156,0
20260121,090000,2743,2748.5,2739,2746.5,34108,0
20260121,100000,2746.5,2747,2737,2741.5,44266,0
20260121,110000,2741.5,2743.5,2737,2742.5,19317,0
20260121,120000,2742.5,2755,2740.5,2750,70205,0
20260121,130000,2749.5,2774,2749,2770,171582,0
20260121,140000,2770,2780,2770,2774,95424,0
20260121,150000,2775,2777,2772.5,2775,35231,0
20260121,160000,2775.5,2776,2769.5,2771,41084,0
20260121,170000,2771,2778.5,2770.5,2774,38443,0
20260121,180000,2774,2775,2770.5,2773.5,19866,0
20260121,190000,2773.5,2775.5,2770.5,2772.5,18382,0
20260121,200000,2772.5,2774.5,2770,2774.5,10919,0
20260121,210000,2774.5,2777.5,2774,2776,11501,0
20260121,220000,2776,2784,2775.5,2782.5,49272,0
20260121,230000,2782.5,2783,2778,2782,23123,0
20260122,080000,2782.5,2782.5,2782.5,2782.5,146,0
20260122,090000,2782.5,2782.5,2774.5,2779,38958,0
20260122,100000,2778.5,2789,2776,2782.5,85218,0
20260122,110000,2782.5,2788.5,2782,2783,33578,0
20260122,120000,2782.5,2784,2776,2781.5,45649,0
20260122,130000,2782,2785.5,2780.5,2781.5,22787,0
20260122,140000,2781.5,2794,2780.5,2785,66679,0
20260122,150000,2785,2787.5,2784.5,2786.5,13024,0
20260122,160000,2786.5,2791.5,2766.5,2776.5,152993,0
20260122,170000,2776,2781.5,2756.5,2777,248746,0
20260122,180000,2777.5,2779,2765,2767,44636,0
20260122,190000,2768.5,2778,2767.5,2773,34203,0
20260122,200000,2773,2775,2765.5,2773.5,27796,0
20260122,210000,2773.5,2784,2773,2780,25192,0
20260122,220000,2779,2780,2773,2776,14021,0
20260122,230000,2776,2778,2774,2774.5,12402,0
20260123,080000,2775.5,2775.5,2775.5,2775.5,87,0
20260123,090000,2775.5,2777,2762.5,2767.5,52213,0
20260123,100000,2768,2774.5,2764,2773,36251,0
20260123,110000,2773,2785.5,2772.5,2780.5,68826,0
20260123,120000,2780,2781,2773,2775.5,32488,0
20260123,130000,2775.5,2780,2774,2776,16245,0
20260123,140000,2776.5,2777,2771.5,2774,16935,0
20260123,150000,2774.5,2781.5,2772,2780,20003,0
20260123,160000,2779.5,2781,2774,2774.5,15553,0
20260123,170000,2774.5,2778.5,2774.5,2775,11446,0
20260123,180000,2776,2779,2775.5,2778,13305,0
20260123,190000,2779,2780.5,2777.5,2778,12979,0
20260123,200000,2778,2796,2775.5,2789,81430,0
20260123,210000,2789,2794,2786.5,2788.5,41314,0
20260123,220000,2788.5,2792.5,2785.5,2790.5,22830,0
20260123,230000,2791,2793,2790,2792.5,11372,0
20260124,090000,2792,2792,2792,2792,10,0
20260124,100000,2791.5,2795,2788.5,2790.5,8294,0
20260124,110000,2790.5,2792,2789,2789,4042,0
20260124,120000,2789,2790,2779,2783,20801,0
20260124,130000,2783,2783,2761,2772,58901,0
20260124,140000,2772,2778,2770.5,2773,8316,0
20260124,150000,2773,2788.5,2764.5,2782,29115,0
20260124,160000,2782.5,2786,2776.5,2779.5,11974,0
20260124,170000,2779.5,2785.5,2779,2781.5,10357,0
20260124,180000,2782,2785,2780.5,2782.5,4301,0
20260125,090000,2785,2785,2785,2785,400,0
20260125,100000,2784,2793,2783.5,2788.5,14805,0
20260125,110000,2789,2790,2787,2789,2015,0
20260125,120000,2789,2806,2788,2800.5,36116,0
20260125,130000,2800,2801,2793,2796,11545,0
20260125,140000,2797,2798,2795,2796.5,2963,0
20260125,150000,2796.5,2797,2794,2796,1775,0
20260125,160000,2795.5,2797,2794,2795.5,2002,0
20260125,170000,2796,2798.5,2794.5,2796.5,2782,0
20260125,180000,2797,2797,2794,2795,3366,0
20260126,080000,2788.5,2788.5,2788.5,2788.5,782,0
20260126,090000,2788.5,2789.5,2773.5,2775,103761,0
20260126,100000,2775,2780,2768.5,2771.5,71405,0
20260126,110000,2771.5,2775.5,2767.5,2768,49099,0
20260126,120000,2767.5,2773.5,2767,2769.5,37895,0
20260126,130000,2769.5,2775,2769,2774,27609,0
20260126,140000,2774.5,2775,2762,2764.5,36983,0
20260126,150000,2764,2768,2762,2767,28154,0
20260126,160000,2767,2774,2766,2770,30900,0
20260126,170000,2769,2773.5,2765,2772,16787,0
20260126,180000,2771.5,2772,2762,2766,39033,0
20260126,190000,2766,2771.5,2764.5,2770.5,10928,0
20260126,200000,2771,2780,2770.5,2775,34452,0
20260126,210000,2775,2775,2769.5,2770,12114,0
20260126,220000,2770,2770,2764,2765.5,9814,0
20260126,230000,2765.5,2767,2763,2765.5,12300,0
20260127,080000,2766.5,2766.5,2766.5,2766.5,62,0
20260127,090000,2767,2771.5,2766.5,2768.5,20803,0
20260127,100000,2768,2769.5,2757,2761,51878,0
20260127,110000,2761,2764.5,2753.5,2762,76442,0
20260127,120000,2762.5,2765.5,2759.5,2765,16337,0
20260127,130000,2765,2770,2761.5,2770,18547,0
20260127,140000,2770,2777.5,2768.5,2773.5,48958,0
20260127,150000,2774,2778,2771,2773,18258,0
20260127,160000,2773.5,2781,2771.5,2780,25432,0
20260127,170000,2780,2784.5,2778.5,2782.5,31385,0
20260127,180000,2782.5,2784.5,2778,2782,42137,0
20260127,190000,2783,2787,2782,2784,22478,0
20260127,200000,2783.5,2789,2781.5,2788,16235,0
20260127,210000,2788,2791.5,2784,2791,17539,0
20260127,220000,2790.5,2792,2789.5,2792,6775,0
20260127,230000,2792,2792.5,2785.5,2787,15501,0
20260128,080000,2788.5,2788.5,2788.5,2788.5,118,0
20260128,090000,2789,2799,2788,2798,26892,0
20260128,100000,2797.5,2798.5,2791,2797.5,56604,0
20260128,110000,2797.5,2801.5,2790.5,2792.5,49574,0
20260128,120000,2792.5,2793,2786,2789.5,27683,0
20260128,130000,2789,2791.5,2788,2789.5,11462,0
20260128,140000,2790,2791.5,2786,2788,19318,0
20260128,150000,2788,2791,2782,2787,41564,0
20260128,160000,2787,2790,2783.5,2786,37367,0
20260128,170000,2786,2794,2785.5,2793.5,25082,0
20260128,180000,2793.5,2794.5,2785,2787.5,29801,0
20260128,190000,2787.5,2792.5,2782,2786.5,18510,0
20260128,200000,2786,2790,2786,2789.5,5783,0
20260128,210000,2789.5,2790,2783,2784,8209,0
20260128,220000,2783.5,2786,2783,2785,2818,0
20260128,230000,2785,2786,2781.5,2783,7778,0
20260129,080000,2788,2788,2788,2788,637,0
20260129,090000,2788.5,2820.5,2788,2806,140335,0
20260129,100000,2806,2824.5,2806,2818,155133,0
20260129,110000,2818.5,2827,2815.5,2819.5,90063,0
20260129,120000,2819,2825,2813.5,2821,36909,0
20260129,130000,2820.5,2835,2818.5,2829.5,72963,0
20260129,140000,2829.5,2832.5,2825.5,2829,30596,0
20260129,150000,2829.5,2833,2821,2826,46280,0
20260129,160000,2825.5,2837.5,2823.5,2837,44668,0
20260129,170000,2837.5,2847,2836,2836.5,95049,0
20260129,180000,2836.5,2837,2788,2800.5,311510,0
20260129,190000,2802,2812.5,2799.5,2808,56411,0
20260129,200000,2807.5,2822,2803,2807.5,73423,0
20260129,210000,2807,2815.5,2805.5,2813.5,14794,0
20260129,220000,2812.5,2822,2809.5,2820.5,19874,0
20260129,230000,2820.5,2826,2818.5,2823,32629,0
20260130,080000,2817.5,2817.5,2817.5,2817.5,341,0
20260130,090000,2817,2817.5,2808,2814,42389,0
20260130,100000,2814.5,2816.5,2802,2814.5,73793,0
20260130,110000,2814,2814.5,2778.5,2779,204402,0
20260130,120000,2779,2783.5,2772.5,2779.5,129792,0
20260130,130000,2779,2796,2778,2790.5,91941,0
20260130,140000,2790.5,2794.5,2787.5,2790,26956,0
20260130,150000,2789.5,2794,2782.5,2784,19466,0
20260130,160000,2783.5,2791.5,2782,2790.5,17019,0
20260130,170000,2790,2796,2786.5,2791.5,35806,0
20260130,180000,2792,2792,2780,2784,25320,0
20260130,190000,2784.5,2787,2778,2782,14260,0
20260130,200000,2781,2785,2775,2776.5,19910,0
20260130,210000,2776.5,2788.5,2767.5,2776.5,64589,0
20260130,220000,2776.5,2783,2771,2782.5,28505,0
20260130,230000,2782.5,2783,2778,2779.5,6592,0
20260131,090000,2780,2780,2780,2780,7,0
20260131,100000,2780,2793,2777,2789,8105,0
20260131,110000,2789.5,2790.5,2787.5,2787.5,3823,0
20260131,120000,2787.5,2787.5,2781.5,2783,6692,0
20260131,130000,2783,2785.5,2782,2784.5,733,0
20260131,140000,2783.5,2787,2783,2786.5,1543,0
20260131,150000,2785.5,2786.5,2785.5,2786,395,0
20260131,160000,2785.5,2786.5,2784,2786,1131,0
20260131,170000,2786,2786,2784.5,2785,615,0
20260131,180000,2785,2788.5,2784,2784,4431,0
20260201,090000,2784,2784,2784,2784,28,0
20260201,100000,2785,2788,2784,2786,2335,0
20260201,110000,2786,2786.5,2784.5,2785.5,2054,0
20260201,120000,2786,2786.5,2783.5,2783.5,2196,0
20260201,130000,2783.5,2795,2782.5,2794.5,9045,0
20260201,140000,2794.5,2799,2792,2793,9859,0
20260201,150000,2793,2794,2787.5,2788,7841,0
20260201,160000,2788.5,2790.5,2787.5,2788.5,2593,0
20260201,170000,2788.5,2790.5,2786,2789.5,2275,0
20260201,180000,2789,2791,2788,2790.5,1972,0
20260202,080000,2778.5,2778.5,2778.5,2778.5,651,0
20260202,090000,2778,2778,2756,2763,99455,0
20260202,100000,2762.5,2772,2755.5,2769,87333,0
20260202,110000,2769,2769.5,2762.5,2765.5,24414,0
20260202,120000,2765,2782,2763.5,2780,69022,0
20260202,130000,2780.5,2782.5,2773.5,2777,30091,0
20260202,140000,2776.5,2778.5,2772,2777.5,30922,0
20260202,150000,2777.5,2781,2770.5,2775.5,31491,0
20260202,160000,2775,2776.5,2766.5,2771.5,24335,0
20260202,170000,2772,2773.5,2765.5,2771,17849,0
20260202,180000,2770.5,2772.5,2769,2769.5,8848,0
20260202,190000,2770.5,2782.5,2770.5,2780.5,30897,0
20260202,200000,2780.5,2783.5,2776.5,2777,9425,0
20260202,210000,2776.5,2780.5,2774.5,2777.5,5002,0
20260202,220000,2777.5,2788.5,2777,2787.5,25448,0
20260202,230000,2786.5,2788,2781.5,2784,9702,0
20260203,080000,2784,2784,2784,2784,276,0
20260203,090000,2784.5,2792,2780,2789.5,39662,0
20260203,100000,2789,2796,2784,2789,51223,0
20260203,110000,2789,2789.5,2781.5,2782,22116,0
20260203,120000,2782,2788.5,2778,2786.5,40818,0
20260203,130000,2786.5,2791,2785.5,2785.5,25497,0
20260203,140000,2786,2791,2783,2787.5,36383,0
20260203,150000,2787.5,2794.5,2784.5,2787.5,38920,0
20260203,160000,2787,2792,2782.5,2791.5,24300,0
20260203,170000,2792,2793,2789,2792,12864,0
20260203,180000,2791.5,2793,2786,2791,11780,0
20260203,190000,2790.5,2791,2785,2787.5,6700,0
20260203,200000,2787,2789,2781,2782,9893,0
20260203,210000,2782.5,2789.5,2779,2787,30275,0
20260203,220000,2788,2789.5,2784,2786,6530,0
20260203,230000,2786.5,2788,2782.5,2785,8030,0
20260204,080000,2789.5,2789.5,2789.5,2789.5,544,0
20260204,090000,2789.5,2802.5,2788,2802,31004,0
20260204,100000,2802.5,2805,2797,2804,49736,0
20260204,110000,2804.5,2805.5,2799,2800,25279,0
20260204,120000,2800,2801,2790.5,2797.5,42005,0
20260204,130000,2797,2799,2792,2796.5,20133,0
20260204,140000,2796.5,2796.5,2783.5,2787.5,35384,0
20260204,150000,2787,2793,2785.5,2785.5,27531,0
20260204,160000,2785.5,2785.5,2777,2783,44120,0
20260204,170000,2782.5,2785.5,2778,2781.5,32717,0
20260204,180000,2781,2782,2771.5,2774.5,42522,0
20260204,190000,2774.5,2775,2767,2772.5,41669,0
20260204,200000,2772,2776.5,2760.5,2765,47121,0
20260204,210000,2765,2770,2761,2769,20045,0
20260204,220000,2768.5,2772.5,2764.5,2772,13993,0
20260204,230000,2771,2772.5,2768.5,2772,7973,0
20260205,080000,2766.5,2766.5,2766.5,2766.5,1373,0
20260205,090000,2765,2766,2750,2753.5,63550,0
20260205,100000,2753.5,2758.5,2746.5,2757,83573,0
20260205,110000,2757.5,2761.5,2751,2758.5,52420,0
20260205,120000,2759,2759.5,2747.5,2749.5,35942,0
20260205,130000,2749,2752.5,2737,2739.5,89841,0
20260205,140000,2740,2742,2728.5,2734.5,69750,0
20260205,150000,2734,2735,2723.5,2729.5,110784,0
20260205,160000,2729.5,2741.5,2726,2739,106208,0
20260205,170000,2739,2744.5,2732.5,2743.5,58034,0
20260205,180000,2744,2744,2730.5,2732.5,38600,0
20260205,190000,2732,2739.5,2732,2738,35656,0
20260205,200000,2738,2742.5,2736.5,2741,16359,0
20260205,210000,2741,2743.5,2738.5,2740,21567,0
20260205,220000,2739.5,2743,2738,2738,6007,0
20260205,230000,2739,2741.5,2737.5,2740,7566,0
20260206,080000,2745.5,2745.5,2745.5,2745.5,814,0
20260206,090000,2746,2747.5,2741.5,2744,16883,0
20260206,100000,2744,2746,2730.5,2734,46965,0
20260206,110000,2733.5,2740.5,2732.5,2739.5,31355,0
20260206,120000,2739.5,2740.5,2734.5,2738,16689,0
20260206,130000,2738,2745.5,2738,2743.5,26750,0
20260206,140000,2744,2745.5,2736.5,2739.5,15730,0
20260206,150000,2740,2743,2738.5,2741.5,17982,0
20260206,160000,2741.5,2747.5,2739,2740,24482,0
20260206,170000,2740.5,2740.5,2733.5,2733.5,30757,0
20260206,180000,2733.5,2737.5,2732,2735.5,13132,0
20260206,190000,2736,2741,2735,2740,9216,0
20260206,200000,2740,2742,2735.5,2739,8157,0
20260206,210000,2739,2740,2737.5,2738.5,2757,0
20260206,220000,2739,2743,2738.5,2738.5,6753,0
20260206,230000,2739.5,2739.5,2734.5,2738,4976,0
20260207,090000,2739.5,2739.5,2739.5,2739.5,17,0
20260207,100000,2740,2744.5,2740,2741,4071,0
20260207,110000,2741,2744,2740,2742.5,2248,0
20260207,120000,2742.5,2746,2742,2745,4801,0
20260207,130000,2745.5,2745.5,2743,2744.5,1038,0
20260207,140000,2744.5,2744.5,2743,2744,297,0
20260207,150000,2743.5,2745,2743.5,2744.5,863,0
20260207,160000,2745,2745,2743,2744.5,1159,0
20260207,170000,2744.5,2745,2743,2743,1331,0
20260207,180000,2743,2744.5,2743,2744.5,902,0
20260208,090000,2742,2742,2742,2742,55,0
20260208,100000,2744,2749,2743,2747.5,5767,0
20260208,110000,2748,2748.5,2742.5,2744,3425,0
20260208,120000,2743.5,2744,2741,2741.5,2667,0
20260208,130000,2741.5,2741.5,2739.5,2739.5,3165,0
20260208,140000,2739.5,2741,2737,2737.5,5404,0
20260208,150000,2737.5,2740,2737.5,2739,2088,0
20260208,160000,2739,2740,2735,2735.5,3872,0
20260208,170000,2736,2737.5,2734,2735.5,1890,0
20260208,180000,2735.5,2736.5,2734,2734.5,2074,0
20260209,080000,2733,2733,2733,2733,102,0
20260209,090000,2733,2734,2725.5,2727,24693,0
20260209,100000,2727,2728.5,2715,2720,76932,0
20260209,110000,2719.5,2726.5,2718.5,2723,34224,0
20260209,120000,2723.5,2729.5,2720,2721,29308,0
20260209,130000,2720,2723.5,2717.5,2722,21880,0
20260209,140000,2721,2725,2716,2716,18080,0
20260209,150000,2716,2724.5,2713.5,2721.5,32058,0
20260209,160000,2722,2728,2721,2725,25253,0
20260209,170000,2725,2729,2723.5,2726.5,13047,0
20260209,180000,2726.5,2728,2721.5,2723,11500,0
20260209,190000,2723,2732,2722.5,2729.5,12290,0
20260209,200000,2729.5,2731,2724,2725.5,4318,0
20260209,210000,2725,2727.5,2724.5,2727.5,3222,0
20260209,220000,2727,2728,2724.5,2726.5,2807,0
20260209,230000,2726.5,2729.5,2726,2729,4533,0
20260210,080000,2730,2730,2730,2730,62,0
20260210,090000,2730,2732,2726.5,2731,11986,0
20260210,100000,2731,2741.5,2726.5,2740,62264,0
20260210,110000,2740,2742,2734,2735,24838,0
20260210,120000,2735,2740,2728,2731,32331,0
20260210,130000,2730.5,2732,2722.5,2725.5,37041,0
20260210,140000,2725,2729,2721.5,2726,26523,0
20260210,150000,2725.5,2727,2719,2721,22283,0
20260210,160000,2721,2727,2717,2725.5,24570,0
20260210,170000,2726,2728.5,2718,2718.5,26511,0
20260210,180000,2718.5,2722.5,2718,2719,18409,0
20260210,190000,2720,2722,2717,2722,11008,0
20260210,200000,2722,2722,2712.5,2715.5,18393,0
20260210,210000,2715.5,2717,2714,2716.5,5989,0
20260210,220000,2716.5,2718,2716,2716.5,2775,0
20260210,230000,2716,2718,2715.5,2715.5,4965,0
20260211,080000,2724,2724,2724,2724,821,0
20260211,090000,2724,2731.5,2722.5,2728,44360,0
20260211,100000,2728,2738,2721,2731,59670,0
20260211,110000,2731.5,2734,2727.5,2729.5,25406,0
20260211,120000,2730,2751.5,2728,2750,103099,0
20260211,130000,2750,2751.5,2742,2742.5,69492,0
20260211,140000,2743,2749.5,2741,2743,37741,0
20260211,150000,2743,2762,2743,2753,96279,0
20260211,160000,2754,2762,2752,2762,52876,0
20260211,170000,2762,2765.5,2755.5,2762,54593,0
20260211,180000,2762,2764,2756.5,2761.5,24767,0
20260211,190000,2761.5,2768.5,2761.5,2766,31275,0
20260211,200000,2766.5,2769.5,2761,2762,23892,0
20260211,210000,2761.5,2764,2755.5,2757.5,19919,0
20260211,220000,2757.5,2761,2756.5,2761,4165,0
20260211,230000,2761,2761,2752,2753.5,15076,0
20260212,080000,2757,2757,2757,2757,250,0
20260212,090000,2756.5,2758,2751.5,2756,14683,0
20260212,100000,2756,2756.5,2749,2749,32434,0
20260212,110000,2749,2757,2748,2755,24971,0
20260212,120000,2755,2772.5,2753.5,2771,55752,0
20260212,130000,2771,2774,2767,2770,59889,0
20260212,140000,2769,2771,2767,2768,10887,0
20260212,150000,2768.5,2773,2765,2770,31408,0
20260212,160000,2770,2772,2765.5,2769,22579,0
20260212,170000,2769,2772.5,2765.5,2772,16949,0
20260212,180000,2772,2773.5,2767,2768,18117,0
20260212,190000,2768.5,2771,2757,2760,39817,0
20260212,200000,2760,2763,2759,2759,9198,0
20260212,210000,2759,2761.5,2757,2760.5,8373,0
20260212,220000,2760,2766,2755.5,2757,26279,0
20260212,230000,2756,2759.5,2752.5,2758.5,12938,0
20260213,080000,2760,2760,2760,2760,79,0
20260213,090000,2759,2759,2752,2752.5,22535,0
20260213,100000,2752.5,2763,2751,2762,41783,0
20260213,110000,2761.5,2766.5,2755,2756,34928,0
20260213,120000,2756,2764.5,2750,2756.5,69565,0
20260213,130000,2756.5,2782.5,2745.5,2780.5,344195,0
20260213,140000,2780.5,2784.5,2773,2773.5,77615,0
20260213,150000,2774.5,2781.5,2771.5,2774,61384,0
20260213,160000,2774.5,2777,2769,2774.5,47270,0
20260213,170000,2775,2778,2773,2777.5,27137,0
20260213,180000,2777,2781,2776,2780,18575,0
20260213,190000,2779.5,2781.5,2777,2779,9650,0
20260213,200000,2778,2784,2778,2782,19601,0
20260213,210000,2782,2788,2781.5,2787,18852,0
20260213,220000,2787.5,2787.5,2784.5,2786,7198,0
20260213,230000,2786,2786.5,2784,2786.5,9191,0
20260216,080000,2793,2793,2793,2793,448,0
20260216,090000,2792.5,2794.5,2789.5,2793,25425,0
20260216,100000,2793,2798,2786.5,2790.5,42330,0
20260216,110000,2790.5,2793,2788,2789,21164,0
20260216,120000,2789,2796,2788.5,2795.5,36423,0
20260216,130000,2795,2796.5,2791.5,2793.5,18233,0
20260216,140000,2794,2794,2784.5,2787.5,22056,0
20260216,150000,2787.5,2792,2785.5,2791,10916,0
20260216,160000,2791.5,2794.5,2789,2791,10728,0
20260216,170000,2791,2792,2781.5,2783,24406,0
20260216,180000,2783,2786,2781.5,2782,14985,0
20260216,190000,2783,2787,2782.5,2785.5,6295,0
20260216,200000,2785.5,2786,2783.5,2786,2971,0
20260216,210000,2786,2786.5,2783.5,2784.5,2918,0
20260216,220000,2785,2785.5,2784,2785,1623,0
20260216,230000,2785,2786,2784.5,2784.5,2806,0
20260217,080000,2785.5,2785.5,2785.5,2785.5,50,0
20260217,090000,2785.5,2792.5,2784.5,2790.5,14105,0
20260217,100000,2791,2793.5,2785,2786,27353,0
20260217,110000,2786.5,2787,2778.5,2785.5,44589,0
20260217,120000,2785,2791.5,2782.5,2788.5,29049,0
20260217,130000,2788.5,2790,2784.5,2786.5,14046,0
20260217,140000,2787,2789,2782.5,2783,13330,0
20260217,150000,2782.5,2784.5,2773.5,2777,31137,0
20260217,160000,2777,2780.5,2769,2772,57583,0
20260217,170000,2771.5,2775.5,2768,2769,28818,0
20260217,180000,2769,2772.5,2767.5,2767.5,24695,0
20260217,190000,2768,2774,2768,2772,12031,0
20260217,200000,2772,2782,2771.5,2777.5,31727,0
20260217,210000,2777.5,2779,2772.5,2778,17744,0
20260217,220000,2778,2778,2775.5,2776.5,3106,0
20260217,230000,2777,2777.5,2772.5,2772.5,5065,0
20260218,080000,2771,2771,2771,2771,143,0
20260218,090000,2771.5,2773,2766,2769,17013,0
20260218,100000,2769.5,2780.5,2768.5,2779.5,37709,0
20260218,110000,2780,2780.5,2774.5,2775.5,32552,0
20260218,120000,2775,2778,2761.5,2763,67396,0
20260218,130000,2763,2770,2760.5,2766,68798,0
20260218,140000,2766,2767.5,2761,2763.5,27445,0
20260218,150000,2763.5,2772,2762.5,2769,38953,0
20260218,160000,2768.5,2775,2768,2775,33994,0
20260218,170000,2775,2776,2772,2773.5,15132,0
20260218,180000,2773.5,2782,2773.5,2780,28490,0
20260218,190000,2779,2782,2778.5,2780,8288,0
20260218,200000,2780.5,2786.5,2780.5,2782.5,14073,0
20260218,210000,2782,2784,2780.5,2783,7520,0
20260218,220000,2783.5,2784.5,2782,2783,4824,0
20260218,230000,2783,2783.5,2780.5,2782,5526,0
20260219,080000,2785.5,2785.5,2785.5,2785.5,176,0
20260219,090000,2785,2789.5,2783.5,2789,23922,0
20260219,100000,2788.5,2794.5,2787,2788.5,47369,0
20260219,110000,2788,2789.5,2784.5,2788.5,17167,0
20260219,120000,2788.5,2792.5,2781.5,2782,27582,0
20260219,130000,2782,2786,2779,2782.5,20488,0
20260219,140000,2783,2785,2777,2778,13040,0
20260219,150000,2777.5,2778.5,2773.5,2776.5,24842,0
20260219,160000,2776.5,2778,2773,2777,33799,0
20260219,170000,2777.5,2778.5,2774,2777.5,20337,0
20260219,180000,2777.5,2777.5,2771,2771,16145,0
20260219,190000,2773,2777,2772,2776,7991,0
20260219,200000,2776,2778.5,2774,2774.5,9514,0
20260219,210000,2774.5,2776.5,2774,2775.5,2621,0
20260219,220000,2775.5,2776.5,2775,2775,1253,0
20260219,230000,2775.5,2777,2774.5,2775,4394,0
20260220,080000,2775.5,2775.5,2775.5,2775.5,50,0
20260220,090000,2775,2781.5,2775,2780.5,19364,0
20260220,100000,2780.5,2785,2777.5,2781.5,28925,0
20260220,110000,2781,2784,2780,2781,9204,0
20260220,120000,2781.5,2783,2775.5,2777.5,18260,0
20260220,130000,2777.5,2781,2769,2777,45518,0
20260220,140000,2777,2782.5,2775,2781,12334,0
20260220,150000,2781.5,2787,2781,2786.5,19743,0
20260220,160000,2786,2787.5,2784,2785.5,14871,0
20260220,170000,2785.5,2786,2783,2783.5,11525,0
20260220,180000,2784,2785.5,2780.5,2783.5,23602,0
20260220,190000,2783,2785.5,2781.5,2784.5,11372,0
20260220,200000,2785.5,2785.5,2783,2783.5,3588,0
20260220,210000,2783.5,2785,2783,2785,1990,0
20260220,220000,2785,2785.5,2784.5,2784.5,2604,0
20260220,230000,2785,2786,2784,2785.5,4354,0
20260221,090000,2782.5,2782.5,2782.5,2782.5,8,0
20260221,100000,2782.5,2786.5,2782.5,2786,2427,0
20260221,110000,2786,2786.5,2783.5,2785.5,1087,0
20260221,120000,2786.5,2786.5,2785.5,2786,239,0
20260221,130000,2785.5,2786,2784.5,2785,702,0
20260221,140000,2785.5,2785.5,2784.5,2785,409,0
20260221,150000,2785,2786,2785,2785.5,336,0
20260221,160000,2785.5,2786,2785,2786,94,0
20260221,170000,2785.5,2786,2785,2786,541,0
20260221,180000,2785.5,2786,2784.5,2785,389,0
20260222,090000,2788,2788,2788,2788,282,0
20260222,100000,2787,2792,2786,2792,6387,0
20260222,110000,2791.5,2792,2788.5,2790.5,2936,0
20260222,120000,2791,2791,2789.5,2790,1067,0
20260222,130000,2790,2794.5,2789.5,2792,5604,0
20260222,140000,2791.5,2791.5,2789,2789.5,959,0
20260222,150000,2790,2791,2789.5,2790.5,1384,0
20260222,160000,2790.5,2792,2789.5,2790,948,0
20260222,170000,2789.5,2793,2789.5,2792,1064,0
20260222,180000,2792.5,2793.5,2790.5,2793.5,1778,0
20260223,090000,2790.5,2790.5,2790.5,2790.5,30,0
20260223,100000,2793.5,2796,2790.5,2794,6717,0
20260223,110000,2794,2794.5,2792.5,2794,2154,0
20260223,120000,2793.5,2793.5,2792,2793,1224,0
20260223,130000,2792.5,2795,2792.5,2794,1601,0
20260223,140000,2794,2794.5,2792,2792,1929,0
20260223,150000,2792,2793,2791.5,2792.5,1658,0
20260223,160000,2792.5,2793.5,2792.5,2793.5,882,0
20260223,170000,2793.5,2794.5,2793,2794,1142,0
20260223,180000,2794.5,2797,2794,2796,2792,0
20260224,080000,2798,2798,2798,2798,181,0
20260224,090000,2797,2798,2793.5,2795,15339,0
20260224,100000,2795,2811,2792.5,2809,71732,0
20260224,110000,2809,2810,2800.5,2802,30845,0
20260224,120000,2802,2803.5,2796,2797.5,25390,0
20260224,130000,2797.5,2798.5,2787.5,2790,33787,0
20260224,140000,2789.5,2792.5,2785,2790,40249,0
20260224,150000,2790,2792,2788.5,2789,8425,0
20260224,160000,2789,2791,2781,2781,29855,0
20260224,170000,2781,2782,2777,2781,35580,0
20260224,180000,2780.5,2781,2777,2778,11998,0
20260224,190000,2778.5,2782.5,2777.5,2782,12383,0
20260224,200000,2782,2782,2780,2780.5,3923,0
20260224,210000,2781,2783.5,2780.5,2783.5,2717,0
20260224,220000,2783.5,2785,2781.5,2783.5,4873,0
20260224,230000,2784,2785,2781.5,2784,4651,0
20260225,080000,2785.5,2785.5,2785.5,2785.5,31,0
20260225,090000,2785.5,2789,2783.5,2785.5,16934,0
20260225,100000,2785.5,2791.5,2783.5,2784.5,29808,0
20260225,110000,2784.5,2787.5,2784,2787.5,10192,0
20260225,120000,2787.5,2791,2786.5,2789.5,13083,0
20260225,130000,2789,2790,2784.5,2786.5,8812,0
20260225,140000,2786.5,2793,2785.5,2787.5,18387,0
20260225,150000,2787.5,2788.5,2781.5,2783.5,22380,0
20260225,160000,2783,2791,2781.5,2790.5,24329,0
20260225,170000,2790.5,2791.5,2787,2790,15096,0
20260225,180000,2790,2801.5,2789,2797.5,46314,0
20260225,190000,2797.5,2800,2796,2798,13101,0
20260225,200000,2798,2801.5,2797.5,2801,15066,0
20260225,210000,2801.5,2802,2798,2798.5,9214,0
20260225,220000,2798,2800,2793.5,2795.5,14572,0
20260225,230000,2795.5,2800,2795,2800,6652,0
20260226,080000,2800,2800,2800,2800,28,0
20260226,090000,2799,2806,2798,2804,20843,0
20260226,100000,2804,2804.5,2795,2799,37122,0
20260226,110000,2798.5,2804,2795.5,2798,28716,0
20260226,120000,2797,2799.5,2795,2797,11821,0
20260226,130000,2797,2800,2797,2799,8618,0
20260226,140000,2799.5,2799.5,2793.5,2795,13339,0
20260226,150000,2795,2795.5,2791,2794,23643,0
20260226,160000,2793.5,2796,2791,2795.5,17371,0
20260226,170000,2795.5,2795.5,2785.5,2788.5,36828,0
20260226,180000,2788.5,2790.5,2784,2786,21102,0
20260226,190000,2787.5,2791,2786,2788.5,11411,0
20260226,200000,2788.5,2792.5,2787,2792,8311,0
20260226,210000,2791.5,2792.5,2789.5,2791,6484,0
20260226,220000,2791,2792.5,2790,2790,5879,0
20260226,230000,2790.5,2790.5,2788,2788.5,4103,0
20260227,080000,2788.5,2788.5,2788.5,2788.5,7,0
20260227,090000,2788.5,2790.5,2782.5,2784.5,16853,0
20260227,100000,2784.5,2793,2784,2789,26853,0
20260227,110000,2788.5,2792,2786,2790.5,13483,0
20260227,120000,2790.5,2792.5,2789.5,2791.5,6399,0
20260227,130000,2791.5,2792,2787.5,2790.5,9358,0
20260227,140000,2790,2800,2789,2797.5,27555,0
20260227,150000,2797.5,2799.5,2794.5,2797.5,16580,0
20260227,160000,2797.5,2804,2796,2803.5,36509,0
20260227,170000,2804,2806,2801.5,2804,26153,0
20260227,180000,2804.5,2805,2799,2804,24767,0
20260227,190000,2802.5,2808,2802,2803.5,20636,0
20260227,200000,2802.5,2804.5,2800,2804,11667,0
20260227,210000,2804,2806.5,2803,2804,8739,0
20260227,220000,2803.5,2804,2802.5,2802.5,1697,0
20260227,230000,2802.5,2804.5,2802,2804,6999,0
20260228,090000,2804.5,2804.5,2804.5,2804.5,208,0
20260228,100000,2804,2813.5,2803,2806.5,12708,0
20260228,110000,2807,2814.5,2807,2812.5,10415,0
20260228,120000,2812.5,2819,2811,2818,13021,0
20260228,130000,2818,2818.5,2814,2817.5,6568,0
20260228,140000,2818,2819,2815.5,2815.5,4070,0
20260228,150000,2815.5,2817,2808.5,2811,18067,0
20260228,160000,2811,2815,2811,2814.5,2614,0
20260228,170000,2815,2818.5,2813,2815,9062,0
20260228,180000,2816,2824.5,2816,2823,15528,0
20260301,090000,2823,2823,2823,2823,186,0
20260301,100000,2823,2832.5,2816,2831.5,27822,0
20260301,110000,2831.5,2832,2822,2825,14840,0
20260301,120000,2824,2825,2815.5,2822,16867,0
20260301,130000,2822.5,2828.5,2821.5,2825,7150,0
20260301,140000,2825,2829,2823,2827,12173,0
20260301,150000,2827,2829,2826.5,2827,4321,0
20260301,160000,2827.5,2832,2823.5,2831,12139,0
20260301,170000,2832,2833,2828.5,2832,9564,0
20260301,180000,2832.5,2838,2830,2830,14019,0
20260302,080000,2830,2830,2830,2830,646,0
20260302,090000,2831,2831.5,2815,2821.5,84267,0
20260302,100000,2820.5,2841,2819,2840.5,92397,0
20260302,110000,2841,2851,2839.5,2841,100387,0
20260302,120000,2841.5,2842.5,2836,2842,37050,0
20260302,130000,2842,2842.5,2834.5,2840,24223,0
20260302,140000,2839.5,2842,2832.5,2838.5,24374,0
20260302,150000,2838.5,2853,2838.5,2850.5,46100,0
20260302,160000,2850.5,2851,2843.5,2847,29594,0
20260302,170000,2847,2849,2830,2836.5,66089,0
20260302,180000,2836,2837,2830,2832.5,30028,0
20260302,190000,2833,2833,2822,2831,59227,0
20260302,200000,2831,2835.5,2827,2830,32891,0
20260302,210000,2830,2831,2826,2828.5,16240,0
20260302,220000,2828.5,2834,2828,2831.5,8089,0
20260302,230000,2831.5,2847.5,2830.5,2847.5,30973,0
20260303,080000,2853.5,2853.5,2853.5,2853.5,675,0
20260303,090000,2853.5,2860,2845.5,2848.5,54261,0
20260303,100000,2848.5,2851,2835.5,2846.5,67261,0
20260303,110000,2846,2850.5,2842.5,2843.5,45831,0
20260303,120000,2844,2847,2836,2841.5,36637,0
20260303,130000,2841.5,2841.5,2833.5,2838.5,71004,0
20260303,140000,2837.5,2846.5,2836.5,2845,39083,0
20260303,150000,2845,2847,2835.5,2837,35443,0
20260303,160000,2836.5,2837,2826.5,2832.5,66968,0
20260303,170000,2832.5,2835,2827.5,2828,29202,0
20260303,180000,2827.5,2827.5,2821,2822,31588,0
20260303,190000,2824.5,2826.5,2818.5,2823.5,25546,0
20260303,200000,2823.5,2824,2818,2820.5,22776,0
20260303,210000,2820,2825,2819,2822.5,16278,0
20260303,220000,2822,2822.5,2812,2816,32535,0
20260303,230000,2815.5,2816,2808,2813,39247,0
20260304,080000,2819,2819,2819,2819,240,0
20260304,090000,2818,2826,2815,2824,47924,0
20260304,100000,2825,2830,2822,2827,26972,0
20260304,110000,2827,2830,2818.5,2828.5,32246,0
20260304,120000,2829,2839.5,2827.5,2829.5,46715,0
20260304,130000,2829.5,2831.5,2821,2824.5,29079,0
20260304,140000,2824,2825.5,2816,2816,35379,0
20260304,150000,2815.5,2822.5,2813,2817,23257,0
20260304,160000,2816,2817.5,2810,2811.5,32344,0
20260304,170000,2811.5,2812.5,2804,2806,39403,0
20260304,180000,2805.5,2811.5,2805,2809.5,21485,0
20260304,190000,2811,2815.5,2809.5,2814,14956,0
20260304,200000,2815,2816,2811,2812.5,8848,0
20260304,210000,2812.5,2812.5,2808,2808,10671,0
20260304,220000,2808,2809.5,2806.5,2808.5,6512,0
20260304,230000,2808.5,2812,2807.5,2811.5,6339,0
20260305,080000,2817.5,2817.5,2817.5,2817.5,767,0
20260305,090000,2817.5,2821,2814,2816,36081,0
20260305,100000,2815.5,2825.5,2812.5,2822.5,46365,0
20260305,110000,2822.5,2824.5,2816.5,2821,22252,0
20260305,120000,2821,2821.5,2814.5,2817.5,21512,0
20260305,130000,2817.5,2823.5,2816.5,2822.5,18451,0
20260305,140000,2821.5,2831,2820,2829.5,41514,0
20260305,150000,2830,2830.5,2824.5,2825.5,22483,0
20260305,160000,2825.5,2828.5,2820.5,2827.5,19540,0
20260305,170000,2828,2830.5,2824.5,2828,18555,0
20260305,180000,2827.5,2829.5,2823,2827.5,13725,0
20260305,190000,2827,2831,2827,2831,10991,0
20260305,200000,2831,2834.5,2829.5,2833,11235,0
20260305,210000,2833,2838.5,2833,2837.5,16509,0
20260305,220000,2837,2838,2833.5,2834.5,4758,0
20260305,230000,2834.5,2836,2828,2831.5,12304,0
20260306,080000,2831,2831,2831,2831,36,0
20260306,090000,2831.5,2839,2831.5,2838.5,14992,0
20260306,100000,2837.5,2838,2832.5,2837,16468,0
20260306,110000,2837.5,2841,2833.5,2833.5,19408,0
20260306,120000,2833.5,2840,2830.5,2838,23351,0
20260306,130000,2837.5,2841,2835,2839.5,25634,0
20260306,140000,2839,2845.5,2838.5,2843.5,23002,0
20260306,150000,2844,2849.5,2841.5,2848.5,22670,0
20260306,160000,2848.5,2852.5,2842.5,2852,28003,0
20260306,170000,2852.5,2863,2849.5,2862,63605,0
20260306,180000,2862,2863.5,2853.5,2855.5,24812,0
20260306,190000,2856,2861,2854,2860,26725,0
20260306,200000,2860.5,2863,2858.5,2863,17970,0
20260306,210000,2862.5,2862.5,2858.5,2861.5,20648,0
20260306,220000,2861,2864,2859,2862.5,10630,0
20260306,230000,2862.5,2863,2859.5,2862,8948,0
20260309,080000,2903.5,2903.5,2903.5,2903.5,2441,0
20260309,090000,2905,2915,2889,2904.5,147383,0
20260309,100000,2904.5,2905.5,2887,2895,60863,0
20260309,110000,2896,2898,2888.5,2889.5,21946,0
20260309,120000,2889,2892,2872,2879.5,63947,0
20260309,130000,2879.5,2885.5,2879,2883.5,27514,0
20260309,140000,2883.5,2886,2882,2886,13117,0
20260309,150000,2885.5,2894.5,2883,2891.5,16078,0
20260309,160000,2891,2894.5,2885,2892,11651,0
20260309,170000,2892,2900.5,2891,2895.5,45409,0
20260309,180000,2895.5,2897.5,2886.5,2888,32522,0
20260309,190000,2889,2897,2888.5,2895.5,8474,0
20260309,200000,2894.5,2895.5,2890.5,2892,8174,0
20260309,210000,2892,2892.5,2885,2891,7516,0
20260309,220000,2891.5,2892.5,2863,2876,66978,0
20260309,230000,2877,2880,2866.5,2866.5,17128,0
20260310,080000,2875,2875,2875,2875,127,0
20260310,090000,2875.5,2895,2872.5,2889,51969,0
20260310,100000,2889,2893,2882,2884,46242,0
20260310,110000,2883.5,2888,2879,2880.5,25133,0
20260310,120000,2881,2883.5,2871,2880.5,27428,0
20260310,130000,2881,2888,2879,2883,21280,0
20260310,140000,2883,2885.5,2876.5,2881.5,23864,0
20260310,150000,2881.5,2887,2880,2882,19238,0
20260310,160000,2882,2884,2875,2876.5,11196,0
20260310,170000,2876,2876.5,2856,2859.5,50583,0
20260310,180000,2859.5,2860.5,2853,2857,25110,0
20260310,190000,2857.5,2863.5,2851.5,2852.5,17098,0
20260310,200000,2852,2855.5,2844,2853,36465,0
20260310,210000,2853,2865.5,2851,2862.5,22710,0
20260310,220000,2862,2868,2861,2867,13185,0
20260310,230000,2867,2867,2862,2862,5945,0
20260311,080000,2864,2864,2864,2864,66,0
20260311,090000,2864,2866,2857,2864.5,17272,0
20260311,100000,2865,2871,2860.5,2868.5,35408,0
20260311,110000,2868.5,2871,2864,2866.5,18284,0
20260311,120000,2866,2876,2866,2872.5,34142,0
20260311,130000,2872.5,2873,2861,2863.5,24610,0
20260311,140000,2863.5,2869.5,2862,2867.5,14558,0
20260311,150000,2868,2871.5,2866.5,2866.5,15976,0
20260311,160000,2867,2867,2858,2858.5,17821,0
20260311,170000,2859,2862.5,2853.5,2857.5,42124,0
20260311,180000,2857.5,2859.5,2852,2855,13341,0
20260311,190000,2855,2860.5,2854,2859.5,9805,0
20260311,200000,2859.5,2863.5,2857,2863.5,7574,0
20260311,210000,2863,2863,2859.5,2862.5,4204,0
20260311,220000,2862.5,2864.5,2862,2863.5,4713,0
20260311,230000,2863.5,2867,2863.5,2866,4482,0
20260312,080000,2870.5,2870.5,2870.5,2870.5,257,0
20260312,090000,2871,2877.5,2867,2871,36639,0
20260312,100000,2870.5,2873,2868,2872,19501,0
20260312,110000,2871.5,2876,2870.5,2872,16471,0
20260312,120000,2872,2874,2868.5,2869.5,13197,0
20260312,130000,2869,2870.5,2866,2867,10520,0
20260312,140000,2867.5,2870.5,2863.5,2868.5,11811,0
20260312,150000,2868.5,2870.5,2866.5,2867.5,9265,0
20260312,160000,2867.5,2875,2867,2874.5,14270,0
20260312,170000,2874.5,2880,2873.5,2877.5,25868,0
20260312,180000,2877.5,2879,2875,2875.5,11688,0
20260312,190000,2876,2878.5,2872,2873.5,11965,0
20260312,200000,2874,2876,2873.5,2874.5,2032,0
20260312,210000,2874.5,2881.5,2874,2879.5,9497,0
20260312,220000,2880.5,2881,2878.5,2879,3752,0
20260312,230000,2878.5,2879.5,2876.5,2876.5,4581,0
20260313,080000,2877.5,2877.5,2877.5,2877.5,2,0
20260313,090000,2879.5,2881,2875.5,2881,13125,0
20260313,100000,2881,2890,2879,2889.5,27326,0
20260313,110000,2890,2893.5,2883.5,2885,28455,0
20260313,120000,2885,2888.5,2883.5,2885.5,9964,0
20260313,130000,2885.5,2888,2877,2880.5,20714,0
20260313,140000,2880.5,2884,2878.5,2879.5,10643,0
20260313,150000,2880,2883,2872.5,2874,16457,0
20260313,160000,2874,2874.5,2869,2873.5,26897,0
20260313,170000,2873.5,2875,2870,2873,14698,0
20260313,180000,2873,2874,2871,2872.5,10253,0
20260313,190000,2873,2875.5,2872,2875,5944,0
20260313,200000,2874,2878,2872.5,2878,13287,0
20260313,210000,2877,2880.5,2873,2873.5,8642,0
20260313,220000,2873.5,2874,2872.5,2873.5,1872,0
20260313,230000,2873,2878,2873,2878,4233,0
20260314,090000,2878,2878,2878,2878,2,0
20260314,100000,2878,2882,2876,2879.5,3940,0
20260314,110000,2879.5,2881,2879,2879.5,447,0
20260314,120000,2879.5,2884.5,2879.5,2882,3550,0
20260314,130000,2882.5,2882.5,2881.5,2882,1760,0
20260314,140000,2882,2883,2880.5,2882.5,1159,0
20260314,150000,2882.5,2885,2882.5,2884.5,2083,0
20260314,160000,2884.5,2884.5,2883,2883.5,615,0
20260314,170000,2884,2886,2882.5,2882.5,1297,0
20260314,180000,2882.5,2883.5,2882,2882,476,0
20260315,090000,2882,2882,2882,2882,10,0
20260315,100000,2882.5,2885,2882.5,2882.5,1304,0
20260315,110000,2882,2883,2881,2882,467,0
20260315,120000,2882,2882.5,2879,2881,1398,0
20260315,130000,2880.5,2882.5,2879,2881.5,1109,0
20260315,140000,2881.5,2882.5,2880,2882.5,1309,0
20260315,150000,2882.5,2884.5,2882,2883.5,1093,0
20260315,160000,2884,2886,2883.5,2884.5,2815,0
20260315,170000,2885,2885,2884,2885,1744,0
20260315,180000,2885,2886,2884.5,2885.5,4359,0
20260316,080000,2886,2886,2886,2886,72,0
20260316,090000,2885.5,2888,2882.5,2884.5,16526,0
20260316,100000,2884,2891.5,2884,2888,26442,0
20260316,110000,2888.5,2889,2878,2880,12511,0
20260316,120000,2879.5,2880,2870.5,2873,38971,0
20260316,130000,2873,2875.5,2870,2870,27268,0
20260316,140000,2870.5,2873,2866,2868,20583,0
20260316,150000,2867.5,2871.5,2861.5,2862.5,22304,0
20260316,160000,2862,2862.5,2852,2853.5,55641,0
20260316,170000,2853.5,2859,2851.5,2856.5,46701,0
20260316,180000,2856.5,2858.5,2851.5,2853,14684,0
20260316,190000,2854.5,2860,2853.5,2859.5,12298,0
20260316,200000,2860,2860,2856.5,2857,4935,0
20260316,210000,2857,2858.5,2853,2855,6717,0
20260316,220000,2855,2857,2854.5,2855,2532,0
20260316,230000,2855.5,2857,2853.5,2856,5842,0
20260317,080000,2862.5,2862.5,2862.5,2862.5,587,0
20260317,090000,2862.5,2866,2857,2861.5,17699,0
20260317,100000,2861.5,2864,2856.5,2858.5,28235,0
20260317,110000,2858,2864.5,2856,2862,40684,0
20260317,120000,2862,2863.5,2859,2859.5,11260,0
20260317,130000,2859,2864,2858.5,2862,9436,0
20260317,140000,2862.5,2867,2862,2867,11516,0
20260317,150000,2867,2867,2861,2864,21639,0
20260317,160000,2864.5,2865.5,2859,2860.5,13535,0
20260317,170000,2860.5,2863,2852,2853,25849,0
20260317,180000,2853.5,2856.5,2851.5,2855,25039,0
20260317,190000,2855.5,2858,2854,2857.5,7601,0
20260317,200000,2857.5,2861.5,2856.5,2860,9309,0
20260317,210000,2860,2860.5,2858.5,2860,3237,0
20260317,220000,2860,2860.5,2858,2859,2480,0
20260317,230000,2859.5,2861,2859,2861,3447,0
20260318,080000,2856.5,2856.5,2856.5,2856.5,74,0
20260318,090000,2856.5,2857.5,2853,2856.5,18697,0
20260318,100000,2856,2870.5,2856,2865,65308,0
20260318,110000,2865.5,2870,2863.5,2864,33202,0
20260318,120000,2864.5,2867.5,2862.5,2866,16694,0
20260318,130000,2866,2871.5,2863.5,2864.5,22138,0
20260318,140000,2865,2868,2860,2861,25668,0
20260318,150000,2861,2873.5,2858,2869.5,53855,0
20260318,160000,2870,2877,2867.5,2875,44186,0
20260318,170000,2875.5,2878,2871,2874.5,30071,0
20260318,180000,2873.5,2875.5,2869,2874,15608,0
20260318,190000,2874,2879,2870.5,2877,12931,0
20260318,200000,2877,2878,2872.5,2873.5,9871,0
20260318,210000,2874,2876.5,2872.5,2876,4974,0
20260318,220000,2875.5,2881,2875,2880,8090,0
20260318,230000,2880,2882.5,2879,2880,10073,0
20260319,080000,2885,2885,2885,2885,251,0
20260319,090000,2885,2889,2884,2885.5,39134,0
20260319,100000,2885.5,2891,2883.5,2887.5,36871,0
20260319,110000,2888,2894.5,2884,2893.5,36704,0
20260319,120000,2893.5,2897,2882.5,2884.5,33020,0
20260319,130000,2884.5,2887,2880,2886,21564,0
20260319,140000,2885.5,2893.5,2884.5,2890.5,22863,0
20260319,150000,2890.5,2891.5,2873.5,2874,61414,0
20260319,160000,2873.5,2880.5,2871.5,2875,32169,0
20260319,170000,2874.5,2876,2870,2871.5,19288,0
20260319,180000,2871,2872.5,2865.5,2871,31192,0
20260319,190000,2869.5,2876.5,2868,2873,16734,0
20260319,200000,2873,2875,2871.5,2873.5,9177,0
20260319,210000,2874,2875,2870,2873,7857,0
20260319,220000,2873,2876,2867.5,2875,14088,0
20260319,230000,2875.5,2876.5,2871,2876,5230,0
20260320,080000,2879,2879,2879,2879,22,0
20260320,090000,2879,2883.5,2877,2882.5,19159,0
20260320,100000,2882,2889.5,2875,2886.5,50729,0
20260320,110000,2887,2888,2881.5,2886.5,33801,0
20260320,120000,2887,2887.5,2883,2886,19472,0
20260320,130000,2886.5,2890,2875,2880,78559,0
20260320,140000,2879.5,2880,2875,2876,20567,0
20260320,150000,2875.5,2875.5,2868,2873.5,29251,0
20260320,160000,2873,2875,2868.5,2870,10349,0
20260320,170000,2869,2872,2867,2871,17729,0
20260320,180000,2871.5,2871.5,2864,2868,17338,0
20260323,080000,2868,2868,2868,2868,6,0
20260323,090000,2866,2874,2865,2872,30740,0
20260323,100000,2872,2876.5,2867,2872,31623,0
20260323,110000,2872.5,2872.5,2868,2868.5,20159,0
20260323,120000,2868.5,2870.5,2857,2860,27630,0
20260323,130000,2860,2860.5,2841,2841.5,78188,0
20260323,140000,2841,2847,2807.5,2838.5,202964,0
20260323,150000,2838,2842,2826,2832.5,53563,0
20260323,160000,2832.5,2835.5,2827.5,2831,49857,0
20260323,170000,2831,2832,2820.5,2826.5,42790,0
20260323,180000,2826.5,2838.5,2820,2837,44007,0
20260323,190000,2837,2838.5,2830.5,2831.5,16946,0
20260323,200000,2831.5,2836,2829.5,2834.5,10362,0
20260323,210000,2834.5,2836,2826.5,2829.5,14876,0
20260323,220000,2829,2831,2826.5,2830.5,7837,0
20260323,230000,2830.5,2831,2823.5,2829,17016,0
20260324,080000,2831.5,2831.5,2831.5,2831.5,56,0
20260324,090000,2833,2840,2831,2838,21741,0
20260324,100000,2838,2839.5,2830.5,2830.5,38220,0
20260324,110000,2831,2835.5,2829.5,2834,13214,0
20260324,120000,2834.5,2836.5,2829,2832,18215,0
20260324,130000,2832,2834.5,2828,2834,18726,0
20260324,140000,2833.5,2836.5,2830,2836,16365,0
20260324,150000,2835.5,2840,2835.5,2837.5,24779,0
20260324,160000,2836.5,2837.5,2833.5,2835.5,16575,0
20260324,170000,2835,2845,2834,2842.5,36302,0
20260324,180000,2842,2844,2839,2841.5,11886,0
20260324,190000,2841,2844.5,2839.5,2841,7697,0
20260324,200000,2841,2843.5,2837,2839.5,6840,0
20260324,210000,2839.5,2840.5,2834.5,2840,11810,0
20260324,220000,2839.5,2843,2838.5,2841.5,8425,0
20260324,230000,2841,2842.5,2829.5,2832.5,19679,0
20260325,080000,2836,2836,2836,2836,68,0
20260325,090000,2837,2844,2836.5,2841.5,16275,0
20260325,100000,2841,2843,2836.5,2837.5,16678,0
20260325,110000,2837,2839,2832,2837,18565,0
20260325,120000,2837,2837,2832,2835,12917,0
20260325,130000,2835,2836.5,2833,2835.5,6635,0
20260325,140000,2835.5,2838.5,2833.5,2836,8780,0
20260325,150000,2836,2842,2833.5,2839.5,18153,0
20260325,160000,2840,2841.5,2836,2841.5,8655,0
20260325,170000,2841.5,2844.5,2839.5,2842,16885,0
20260325,180000,2842,2844,2840.5,2843,10150,0
20260325,190000,2843,2843,2841.5,2842.5,5074,0
20260325,200000,2842.5,2843.5,2839,2840,11056,0
20260325,210000,2840,2842,2839,2841,2870,0
20260325,220000,2840.5,2841.5,2840,2841.5,2772,0
20260325,230000,2841,2842,2837.5,2839,4197,0
20260326,080000,2841.5,2841.5,2841.5,2841.5,2,0
20260326,090000,2844,2852,2844,2849,30096,0
20260326,100000,2850,2850.5,2841.5,2842,21773,0
20260326,110000,2842.5,2842.5,2826.5,2829,63884,0
20260326,120000,2829,2836.5,2827.5,2830.5,29386,0
20260326,130000,2830.5,2832,2829,2832,9836,0
20260326,140000,2832,2836,2831,2833.5,13169,0
20260326,150000,2833.5,2836,2829,2830,19829,0
20260326,160000,2830,2831,2822,2822.5,28642,0
20260326,170000,2822,2826.5,2820.5,2822,26036,0
20260326,180000,2822,2825,2816.5,2823.5,26253,0
20260326,190000,2823.5,2825.5,2820.5,2822,12930,0
20260326,200000,2822.5,2824,2820.5,2823,4186,0
20260326,210000,2823,2823,2818.5,2819,6520,0
20260326,220000,2818.5,2820,2813,2816,17371,0
20260326,230000,2815,2824,2812.5,2822,20860,0
20260327,080000,2818,2818,2818,2818,474,0
20260327,090000,2817,2825.5,2814.5,2822.5,18442,0
20260327,100000,2822.5,2831,2820.5,2826,35987,0
20260327,110000,2826,2827,2817,2818,25635,0
20260327,120000,2818.5,2821.5,2815,2816.5,15240,0
20260327,130000,2816,2817.5,2807.5,2809.5,31559,0
20260327,140000,2809.5,2817,2809,2811,23636,0
20260327,150000,2811,2813.5,2801.5,2802,29821,0
20260327,160000,2801.5,2802.5,2785.5,2788,104019,0
20260327,170000,2788,2794,2784,2785.5,46397,0
20260327,180000,2785.5,2793.5,2782.5,2793,35922,0
20260327,190000,2793,2795.5,2788,2794,14622,0
20260327,200000,2793.5,2794,2790,2793,6040,0
20260327,210000,2793,2795,2791.5,2792,10863,0
20260327,220000,2792.5,2795.5,2792,2793.5,8204,0
20260327,230000,2793.5,2795.5,2791,2795.5,3871,0
20260328,090000,2796,2796,2796,2796,43,0
20260328,100000,2795.5,2799,2788,2788,4534,0
20260328,110000,2788,2790,2786,2786,3408,0
20260328,120000,2786.5,2787.5,2786,2787.5,845,0
20260328,130000,2788,2790,2787.5,2788.5,1301,0
20260328,140000,2788,2789.5,2787,2788.5,502,0
20260328,150000,2789,2789.5,2788.5,2789.5,614,0
20260328,160000,2790,2790,2788,2788,834,0
20260328,170000,2788.5,2789.5,2788,2789,314,0
20260328,180000,2789,2789,2787,2787.5,355,0
20260329,090000,2787.5,2787.5,2787.5,2787.5,50,0
20260329,100000,2788,2790,2786.5,2790,2112,0
20260329,110000,2790,2795,2787.5,2792.5,4338,0
20260329,120000,2792.5,2796,2792.5,2795,1988,0
20260329,130000,2794.5,2795.5,2794,2795,569,0
20260329,140000,2795,2796,2794.5,2796,2168,0
20260329,150000,2795.5,2798,2795.5,2796,2145,0
20260329,160000,2797.5,2799.5,2796.5,2799,4248,0
20260329,170000,2799,2799.5,2796.5,2799,1901,0
20260329,180000,2798.5,2803,2797.5,2799.5,3662,0
20260330,080000,2800,2800,2800,2800,31,0
20260330,090000,2801,2805,2795.5,2798,29918,0
20260330,100000,2797.5,2800,2785,2785.5,50065,0
20260330,110000,2785,2789,2778.5,2785.5,56479,0
20260330,120000,2786,2816.5,2781,2809.5,121271,0
20260330,130000,2809.5,2814.5,2804.5,2812.5,65256,0
20260330,140000,2812.5,2814.5,2803,2804,43228,0
20260330,150000,2804,2812,2804,2809,27590,0
20260330,160000,2809,2811.5,2799.5,2800.5,36443,0
20260330,170000,2801,2801,2794.5,2799,24166,0
20260330,180000,2799,2809.5,2798.5,2807,32749,0
20260330,190000,2806.5,2807,2802,2804,10097,0
20260330,200000,2803,2805,2803,2804,4446,0
20260330,210000,2804,2804.5,2801,2803,4334,0
20260330,220000,2803,2804,2802,2804,2211,0
20260330,230000,2803.5,2805.5,2803.5,2805,3901,0
20260331,080000,2802.5,2802.5,2802.5,2802.5,39,0
20260331,090000,2801.5,2804.5,2797,2802.5,14183,0
20260331,100000,2802.5,2802.5,2790.5,2790.5,35155,0
20260331,110000,2790.5,2793,2787,2790,27278,0
20260331,120000,2790,2797,2786,2794.5,23483,0
20260331,130000,2794.5,2797,2781,2786,37790,0
20260331,140000,2785.5,2785.5,2775,2780,71467,0
20260331,150000,2780,2784.5,2776,2778.5,38699,0
20260331,160000,2778.5,2780,2770.5,2772.5,42821,0
20260331,170000,2772,2777,2766.5,2772,32862,0
20260331,180000,2772,2779.5,2771,2777.5,20026,0
20260331,190000,2777.5,2779.5,2769.5,2774.5,16203,0
20260331,200000,2774.5,2776,2771,2773.5,7784,0
20260331,210000,2773.5,2775,2772,2774.5,3146,0
20260331,220000,2774.5,2777,2774,2777,6260,0
20260331,230000,2777,2778,2774,2776.5,4351,0
20260401,080000,2774,2774,2774,2774,44,0
20260401,090000,2774,2775.5,2769,2771,28362,0
20260401,100000,2771,2790.5,2770,2783.5,73305,0
20260401,110000,2784,2786,2777,2782,29161,0
20260401,120000,2782.5,2784,2778,2781.5,14704,0
20260401,130000,2781.5,2787.5,2778,2785,15590,0
20260401,140000,2785.5,2786.5,2769.5,2771,39512,0
20260401,150000,2771.5,2774.5,2767.5,2772,26082,0
20260401,160000,2771.5,2775,2767.5,2770.5,24627,0
20260401,170000,2771,2776,2769.5,2774,15774,0
20260401,180000,2774.5,2782,2773,2779.5,20073,0
20260401,190000,2779.5,2780.5,2775,2777.5,9543,0
20260401,200000,2777,2778,2775,2777,4852,0
20260401,210000,2777,2784,2776.5,2783.5,13670,0
20260401,220000,2783.5,2787,2782.5,2784.5,11669,0
20260401,230000,2785,2786,2782,2784,5642,0
20260402,080000,2784,2784,2784,2784,30,0
20260402,090000,2784,2789.5,2784,2788,21981,0
20260402,100000,2788.5,2789.5,2777,2779.5,37137,0
20260402,110000,2779,2787,2777.5,2786.5,27738,0
20260402,120000,2786,2786.5,2778.5,2782.5,17880,0
20260402,130000,2782,2783,2778,2782,11595,0
20260402,140000,2782,2784.5,2778.5,2781,8729,0
20260402,150000,2780.5,2782,2775,2780.5,11291,0
20260402,160000,2780,2785,2778.5,2782.5,11221,0
20260402,170000,2782.5,2783.5,2770.5,2773.5,41252,0
20260402,180000,2773,2779,2771,2776.5,22758,0
20260402,190000,2776.5,2777.5,2775,2776,2967,0
20260402,200000,2776,2778,2775,2777.5,1965,0
20260402,210000,2777.5,2779.5,2776.5,2777.5,5158,0
20260402,220000,2777.5,2778,2775,2775,3842,0
20260402,230000,2775,2777,2773.5,2776.5,4450,0
20260403,080000,2782.5,2782.5,2782.5,2782.5,309,0
20260403,090000,2783,2787.5,2781,2783,24214,0
20260403,100000,2782.5,2784,2777.5,2777.5,17308,0
20260403,110000,2777.5,2781,2771,2774,35490,0
20260403,120000,2774,2775,2760.5,2764,70070,0
20260403,130000,2763.5,2768.5,2760,2760.5,34030,0
20260403,140000,2761,2762.5,2756.5,2759.5,38418,0
20260403,150000,2759,2765,2758,2761.5,20548,0
20260403,160000,2761.5,2762,2756.5,2757,21550,0
20260403,170000,2757,2759,2754,2757,22959,0
20260403,180000,2757,2762,2757,2760,29172,0
20260403,190000,2760,2761.5,2759,2759.5,5479,0
20260403,200000,2759.5,2764,2759.5,2763,7987,0
20260403,210000,2763,2764,2761.5,2762,5728,0
20260403,220000,2761.5,2763,2760.5,2762,2779,0
20260403,230000,2761.5,2762,2760,2760.5,2740,0
20260404,090000,2761,2761,2761,2761,60,0
20260404,100000,2761.5,2764,2755,2756.5,5749,0
20260404,110000,2756.5,2762,2755.5,2760.5,2995,0
20260404,120000,2760.5,2762,2760,2761.5,1106,0
20260404,130000,2762,2762.5,2761,2762,1058,0
20260404,140000,2762.5,2762.5,2761,2761,277,0
20260404,150000,2761,2762.5,2760.5,2762.5,376,0
20260404,160000,2763,2763,2762,2763,566,0
20260404,170000,2761.5,2764.5,2761.5,2763.5,1024,0
20260404,180000,2764,2764.5,2763.5,2764.5,983,0
20260405,100000,2763.5,2764.5,2760.5,2760.5,1555,0
20260405,110000,2760.5,2761.5,2757,2760,1723,0
20260405,120000,2759.5,2760,2758.5,2759.5,1889,0
20260405,130000,2759.5,2760,2758,2758.5,480,0
20260405,140000,2758.5,2760,2758,2759.5,458,0
20260405,150000,2760,2760.5,2759.5,2760,344,0
20260405,160000,2760,2763.5,2759.5,2763,1908,0
20260405,170000,2762,2763.5,2759.5,2760.5,1160,0
20260405,180000,2761,2763,2760.5,2761,1254,0
20260406,080000,2759,2759,2759,2759,76,0
20260406,090000,2759,2761,2750,2752,34564,0
20260406,100000,2752,2757.5,2749,2752.5,31521,0
20260406,110000,2752.5,2756.5,2750,2753,12893,0
20260406,120000,2753.5,2761,2753.5,2760.5,21852,0
20260406,130000,2761,2763.5,2755,2758.5,32889,0
20260406,140000,2759,2760.5,2755.5,2758.5,10215,0
20260406,150000,2758.5,2770,2758,2769.5,38400,0
20260406,160000,2770,2773,2767.5,2770.5,22157,0
20260406,170000,2770.5,2782,2770.5,2781,38062,0
20260406,180000,2781.5,2789.5,2779,2784.5,35244,0
20260406,190000,2785,2789,2784.5,2788,12243,0
20260406,200000,2788.5,2791,2786.5,2788.5,17758,0
20260406,210000,2788.5,2790,2785.5,2787,7599,0
20260406,220000,2787.5,2788.5,2785.5,2787,4339,0
20260406,230000,2786.5,2787,2784.5,2786,6354,0
20260407,080000,2788,2788,2788,2788,92,0
20260407,090000,2788,2790.5,2784,2785,22255,0
20260407,100000,2785,2787,2780.5,2786.5,29354,0
20260407,110000,2786,2802.5,2785,2794,66456,0
20260407,120000,2794,2800.5,2791.5,2798.5,35594,0
20260407,130000,2798.5,2802.5,2789.5,2790,34828,0
20260407,140000,2790,2800,2789.5,2793,32473,0
20260407,150000,2793.5,2802,2793.5,2799,33180,0
20260407,160000,2799,2799.5,2795,2796,19983,0
20260407,170000,2796,2806.5,2796,2801,41309,0
20260407,180000,2801,2803,2795.5,2798,21919,0
20260407,190000,2798,2798.5,2795.5,2796.5,7118,0
20260407,200000,2796.5,2797.5,2796,2797,3353,0
20260407,210000,2796.5,2797.5,2795,2795.5,3027,0
20260407,220000,2796.5,2797,2790,2792,12243,0
20260407,230000,2791.5,2792,2785,2787,15739,0
20260408,080000,2772.5,2772.5,2772.5,2772.5,608,0
20260408,090000,2772,2780,2770,2775,48673,0
20260408,100000,2775,2779.5,2771.5,2774,34610,0
20260408,110000,2773,2773.5,2765.5,2766,33789,0
20260408,120000,2766,2771,2765.5,2767,30855,0
20260408,130000,2767,2769.5,2763,2767,17912,0
20260408,140000,2767.5,2771,2767,2768.5,14773,0
20260408,150000,2769,2769,2760.5,2761,22578,0
20260408,160000,2760.5,2767.5,2760,2762.5,27055,0
20260408,170000,2762.5,2770,2760.5,2769,25506,0
20260408,180000,2769,2769.5,2766,2767.5,9520,0
20260408,190000,2767,2768.5,2765.5,2767,3801,0
20260408,200000,2767.5,2768.5,2766.5,2767.5,3288,0
20260408,210000,2767.5,2769.5,2766.5,2768,3993,0
20260408,220000,2768,2772.5,2768,2771,6742,0
20260408,230000,2770.5,2771,2765,2765,4207,0
20260409,080000,2770,2770,2770,2770,110,0
20260409,090000,2770.5,2771.5,2765,2767,14373,0
20260409,100000,2767,2772.5,2763,2769,19923,0
20260409,110000,2768.5,2770,2764,2767,12404,0
20260409,120000,2767,2768,2754,2757,40419,0
20260409,130000,2757,2763.5,2756.5,2760,16439,0
20260409,140000,2760.5,2760.5,2750.5,2753.5,26721,0
20260409,150000,2753.5,2754.5,2747.5,2749,30383,0
20260409,160000,2748.5,2748.5,2738.5,2739,51855,0
20260409,170000,2739,2744.5,2737,2739.5,29596,0
20260409,180000,2739,2742.5,2735.5,2737,21892,0
20260409,190000,2737.5,2739.5,2735,2738.5,16201,0
20260409,200000,2738.5,2740,2736.5,2739,7961,0
20260409,210000,2739.5,2742.5,2739.5,2740.5,9854,0
20260409,220000,2740,2756.5,2740,2747,63843,0
20260409,230000,2747.5,2749,2743,2745,7480,0
20260410,080000,2748.5,2748.5,2748.5,2748.5,99,0
20260410,090000,2747.5,2748.5,2738.5,2743,25512,0
20260410,100000,2743,2746.5,2731,2733,40730,0
20260410,110000,2733,2735.5,2726.5,2734.5,45662,0
20260410,120000,2735,2746,2735,2740.5,49878,0
20260410,130000,2740.5,2747.5,2738,2746,22308,0
20260410,140000,2746.5,2747.5,2742,2742.5,18973,0
20260410,150000,2742.5,2743,2735,2738,23097,0
20260410,160000,2737.5,2738.5,2733.5,2735,12775,0
20260410,170000,2735,2736,2723.5,2723.5,37804,0
20260410,180000,2723.5,2729,2722.5,2727,29275,0
20260410,190000,2727.5,2732.5,2727.5,2730.5,16854,0
20260410,200000,2731,2731,2726,2726,6514,0
20260410,210000,2726,2728,2725.5,2727,9636,0
20260410,220000,2727.5,2728,2724.5,2727,7098,0
20260410,230000,2726,2726,2720.5,2721.5,12055,0
20260411,090000,2720,2720,2720,2720,240,0
20260411,100000,2721,2724,2719,2724,6070,0
20260411,110000,2724,2725.5,2723.5,2725,3342,0
20260411,120000,2725,2725,2720,2720,2173,0
20260411,130000,2720,2722.5,2719,2720.5,1585,0
20260411,140000,2720.5,2723,2720,2723,1054,0
20260411,150000,2723,2724,2723,2723.5,703,0
20260411,160000,2723.5,2724,2721,2723,672,0
20260411,170000,2723,2723.5,2722,2723,702,0
20260411,180000,2723.5,2724,2722,2724,1107,0
20260412,090000,2725.5,2725.5,2725.5,2725.5,416,0
20260412,100000,2726,2734,2726,2730.5,9390,0
20260412,110000,2730,2735,2728.5,2735,5876,0
20260412,120000,2735,2735.5,2730,2732.5,3132,0
20260412,130000,2733,2734.5,2731.5,2733,1549,0
20260412,140000,2734,2734.5,2730.5,2733,2614,0
20260412,150000,2733.5,2734.5,2731.5,2734,2341,0
20260412,160000,2734.5,2753,2733,2749.5,30312,0
20260412,170000,2749,2753,2748,2750,7492,0
20260412,180000,2751.5,2753,2748,2749,5931,0
20260413,080000,2748,2748,2748,2748,49,0
20260413,090000,2747.5,2749,2742,2747.5,25598,0
20260413,100000,2748,2749,2737,2739.5,29930,0
20260413,110000,2739.5,2739.5,2730,2731,43366,0
20260413,120000,2730.5,2734.5,2728.5,2733,16970,0
20260413,130000,2733,2734.5,2720,2722.5,78233,0
20260413,140000,2722.5,2724.5,2716.5,2721,31333,0
20260413,150000,2721,2724.5,2719.5,2720,11445,0
20260413,160000,2719.5,2722.5,2712,2714,34543,0
20260413,170000,2714,2721.5,2712.5,2718,20268,0
20260413,180000,2717.5,2723.5,2714,2721,18824,0
20260413,190000,2721,2722,2717,2717.5,5960,0
20260413,200000,2717.5,2719.5,2714.5,2717.5,3659,0
20260413,210000,2717,2718.5,2714.5,2715,4042,0
20260413,220000,2715,2721,2715,2720,4895,0
20260413,230000,2721,2721.5,2716.5,2719.5,5046,0
20260414,080000,2725,2725,2725,2725,165,0
20260414,090000,2725.5,2728,2721,2726,21221,0
20260414,100000,2725.5,2727,2718,2720,22652,0
20260414,110000,2721,2724.5,2705.5,2707.5,56335,0
20260414,120000,2707.5,2710.5,2703,2706,24905,0
20260414,130000,2706,2733.5,2705.5,2730,74600,0
20260414,140000,2730,2733,2721.5,2724.5,33415,0
20260414,150000,2724.5,2727.5,2720,2721.5,20200,0
20260414,160000,2721.5,2731.5,2720,2723.5,30279,0
20260414,170000,2724,2729,2722,2725.5,24886,0
20260414,180000,2726,2732.5,2725,2725.5,21711,0
20260414,190000,2725.5,2727,2721,2722,6898,0
20260414,200000,2722,2723,2720,2721.5,4478,0
20260414,210000,2721.5,2722.5,2720.5,2722,2285,0
20260414,220000,2722,2723,2721.5,2722,2668,0
20260414,230000,2722,2722.5,2714.5,2717.5,12978,0
20260415,080000,2722.5,2722.5,2722.5,2722.5,308,0
20260415,090000,2724,2724,2717.5,2720,10861,0
20260415,100000,2719.5,2723.5,2709,2712.5,32159,0
20260415,110000,2712,2719.5,2709,2716.5,17939,0
20260415,120000,2716.5,2721.5,2711.5,2715,20088,0
20260415,130000,2714.5,2730.5,2714.5,2729,38633,0
20260415,140000,2729,2737.5,2729,2734.5,57609,0
20260415,150000,2734.5,2741,2734,2735.5,37231,0
20260415,160000,2735,2737.5,2731,2734,21873,0
20260415,170000,2734.5,2748,2732,2743,62084,0
20260415,180000,2743,2747,2742.5,2743.5,27453,0
20260415,190000,2743.5,2749.5,2743,2748,15345,0
20260415,200000,2747.5,2751.5,2746,2747.5,10123,0
20260415,210000,2747.5,2747.5,2744.5,2746,7139,0
20260415,220000,2746.5,2747.5,2745,2747.5,4344,0
20260415,230000,2747,2747.5,2743.5,2745.5,8713,0
20260416,080000,2749.5,2749.5,2749.5,2749.5,68,0
20260416,090000,2749.5,2753,2748,2750,27518,0
20260416,100000,2750.5,2768.5,2744.5,2763.5,80447,0
20260416,110000,2763.5,2765.5,2757.5,2760.5,35358,0
20260416,120000,2760,2764.5,2758.5,2762,15251,0
20260416,130000,2761.5,2763,2757,2760,15305,0
20260416,140000,2760,2761,2755,2756,14741,0
20260416,150000,2755,2758.5,2745.5,2750,49331,0
20260416,160000,2749.5,2755.5,2746,2754.5,35080,0
20260416,170000,2754.5,2756,2743,2747.5,17126,0
20260416,180000,2747.5,2748,2740.5,2743.5,28713,0
20260416,190000,2743.5,2746,2742,2744,7013,0
20260416,200000,2744.5,2745.5,2742.5,2743,2458,0
20260416,210000,2743,2744,2738.5,2739.5,8792,0
20260416,220000,2739.5,2743.5,2738.5,2742.5,3217,0
20260416,230000,2742.5,2743.5,2740,2740,4709,0
20260417,080000,2744,2744,2744,2744,30,0
20260417,090000,2743.5,2744.5,2739.5,2741,17259,0
20260417,100000,2741,2751,2736,2750,49937,0
20260417,110000,2750,2754.5,2745.5,2745.5,28722,0
20260417,120000,2745.5,2746,2740.5,2744,23097,0
20260417,130000,2743,2747.5,2741.5,2743.5,15238,0
20260417,140000,2743.5,2756.5,2743,2753.5,43283,0
20260417,150000,2754,2760,2745,2745.5,60639,0
20260417,160000,2746,2747.5,2720,2726,170466,0
20260417,170000,2725.5,2728,2717.5,2720.5,86505,0
20260417,180000,2720,2728.5,2718.5,2726.5,25848,0
20260417,190000,2726.5,2728.5,2724.5,2725,9583,0
20260417,200000,2725,2729.5,2725,2728,6420,0
20260417,210000,2728,2729.5,2726,2727.5,5869,0
20260417,220000,2727.5,2728.5,2726.5,2727.5,2093,0
20260417,230000,2727.5,2729.5,2727,2727,4934,0
20260418,090000,2730,2730,2730,2730,283,0
20260418,100000,2730.5,2735,2729,2730,7638,0
20260418,110000,2730.5,2736,2730,2734.5,6398,0
20260418,120000,2735,2736,2732.5,2736,4639,0
20260418,130000,2735.5,2738,2734.5,2737,3903,0
20260418,140000,2737,2739,2734.5,2737.5,11614,0
20260418,150000,2737.5,2739.5,2736,2736.5,2405,0
20260418,160000,2736.5,2738,2734.5,2735.5,1961,0
20260418,170000,2736,2736,2732,2734.5,5035,0
20260418,180000,2735,2736.5,2734,2736,1464,0
20260419,090000,2736,2736,2736,2736,50,0
20260419,100000,2737,2740,2736.5,2739,6190,0
20260419,110000,2739,2740.5,2737.5,2738.5,3054,0
20260419,120000,2738,2739.5,2737.5,2739.5,723,0
20260419,130000,2739.5,2741,2738.5,2740.5,3031,0
20260419,140000,2740.5,2740.5,2737.5,2740,1806,0
20260419,150000,2740,2740,2738,2739,939,0
20260419,160000,2739,2739.5,2736,2737.5,3530,0
20260419,170000,2737.5,2738.5,2735.5,2737.5,2200,0
20260419,180000,2738,2739,2737,2738.5,1405,0
20260420,080000,2742,2742,2742,2742,720,0
20260420,090000,2742,2745.5,2739,2741,29605,0
20260420,100000,2741,2743.5,2732,2738.5,55401,0
20260420,110000,2738,2738.5,2732,2732,17589,0
20260420,120000,2732,2734.5,2728.5,2730,24088,0
20260420,130000,2730.5,2736.5,2729,2734,29037,0
20260420,140000,2734.5,2739,2732,2734.5,17889,0
20260420,150000,2734.5,2739,2733.5,2738.5,11423,0
20260420,160000,2738.5,2739,2732,2736,19354,0
20260420,170000,2736,2755.5,2734.5,2751.5,76163,0
20260420,180000,2751.5,2759.5,2751,2757,56506,0
20260420,190000,2757,2758.5,2753.5,2755.5,12634,0
20260420,200000,2756,2757.5,2755,2756,4931,0
20260420,210000,2756.5,2757,2753,2754,6831,0
20260420,220000,2754,2755.5,2753,2753.5,3115,0
20260420,230000,2753.5,2757,2753.5,2757,9777,0
20260421,080000,2750.5,2750.5,2750.5,2750.5,258,0
20260421,090000,2750.5,2754.5,2750,2753.5,16281,0
20260421,100000,2753,2757,2747,2748,29029,0
20260421,110000,2747.5,2752,2745.5,2750,15551,0
20260421,120000,2749,2753,2742.5,2743,33200,0
20260421,130000,2743.5,2749,2741.5,2743,28116,0
20260421,140000,2742.5,2746,2739.5,2744.5,15776,0
20260421,150000,2744.5,2748.5,2740,2742.5,19090,0
20260421,160000,2742,2746,2740,2744.5,13045,0
20260421,170000,2744.5,2764,2744.5,2761.5,97699,0
20260421,180000,2761.5,2766,2755.5,2759.5,36699,0
20260421,190000,2759,2760.5,2756,2760,7361,0
20260421,200000,2759.5,2763.5,2757,2758.5,9323,0
20260421,210000,2758,2760,2755.5,2756.5,5106,0
20260421,220000,2758,2761.5,2756.5,2759.5,4655,0
20260421,230000,2759.5,2761.5,2756,2756,8262,0
20260422,080000,2756.5,2756.5,2756.5,2756.5,12,0
20260422,090000,2756.5,2764.5,2755.5,2764.5,13563,0
20260422,100000,2764,2768.5,2760.5,2761.5,29301,0
20260422,110000,2761.5,2764.5,2756,2758,34371,0
20260422,120000,2758,2760.5,2755,2759.5,16662,0
20260422,130000,2760,2760.5,2752,2756.5,35071,0
20260422,140000,2756.5,2760,2753.5,2757,21949,0
20260422,150000,2757.5,2764.5,2756.5,2764,13634,0
20260422,160000,2764,2764.5,2759.5,2760,6935,0
20260422,170000,2759.5,2770.5,2759,2766.5,28382,0
20260422,180000,2767,2770.5,2766,2767,18900,0
20260422,190000,2767,2774.5,2766.5,2772,23878,0
20260422,200000,2772,2772.5,2768.5,2771,6683,0
20260422,210000,2770.5,2771,2768.5,2770,2714,0
20260422,220000,2770,2773,2769.5,2770,6083,0
20260422,230000,2770.5,2772.5,2769.5,2771.5,3340,0
20260423,080000,2774.5,2774.5,2774.5,2774.5,40,0
20260423,090000,2774.5,2776,2771,2772,21875,0
20260423,100000,2772,2777.5,2770,2771.5,28908,0
20260423,110000,2771.5,2773,2769,2770.5,9913,0
20260423,120000,2770,2773,2769,2770,12425,0
20260423,130000,2770,2771.5,2767,2769.5,36389,0
20260423,140000,2769.5,2772.5,2768.5,2771.5,12613,0
20260423,150000,2771.5,2781.5,2768.5,2777,49326,0
20260423,160000,2777,2778,2772.5,2775,18244,0
20260423,170000,2775,2778.5,2771.5,2775,17323,0
20260423,180000,2776,2778,2774,2776,7530,0
20260423,190000,2776.5,2776.5,2771.5,2772,5631,0
20260423,200000,2772.5,2777.5,2770.5,2773,9201,0
20260423,210000,2773,2774,2771.5,2773,3538,0
20260423,220000,2773,2773.5,2768,2769,12988,0
20260423,230000,2769,2773,2768.5,2772.5,7968,0
20260424,080000,2773,2773,2773,2773,80,0
20260424,090000,2773,2777,2773,2777,9219,0
20260424,100000,2777,2777,2771,2774.5,25240,0
20260424,110000,2774.5,2778,2773,2776.5,18229,0
20260424,120000,2776,2776.5,2772.5,2775,20257,0
20260424,130000,2775,2779.5,2753,2757.5,195787,0
20260424,140000,2757.5,2760,2750,2751,64350,0
20260424,150000,2751,2753.5,2740.5,2741,67903,0
20260424,160000,2741.5,2742.5,2733.5,2735.5,43348,0
20260424,170000,2735.5,2740,2729.5,2736,62461,0
20260424,180000,2735.5,2739.5,2732.5,2736,27392,0
20260424,190000,2737,2742.5,2735.5,2740,14637,0
20260424,200000,2740.5,2741.5,2737.5,2739,10994,0
20260424,210000,2739,2741,2738.5,2740,3854,0
20260424,220000,2740.5,2740.5,2738.5,2739,3169,0
20260424,230000,2739.5,2744,2739,2743.5,8613,0
20260425,090000,2743.5,2743.5,2743.5,2743.5,6,0
20260425,100000,2742,2743.5,2738,2738.5,3324,0
20260425,110000,2738.5,2740.5,2738.5,2740,1222,0
20260425,120000,2740.5,2741.5,2739.5,2740,1223,0
20260425,130000,2740,2741.5,2739.5,2741,449,0
20260425,140000,2741.5,2741.5,2739.5,2741.5,865,0
20260425,150000,2741,2741,2739.5,2740,126,0
20260425,160000,2741,2741,2739.5,2740,331,0
20260425,170000,2740,2741,2739.5,2740,499,0
20260425,180000,2739.5,2741,2738.5,2741,804,0
20260426,090000,2741,2741,2741,2741,4,0
20260426,100000,2740.5,2741,2739,2740,919,0
20260426,110000,2740.5,2741.5,2739,2739.5,1378,0
20260426,120000,2739.5,2740.5,2738.5,2739,966,0
20260426,130000,2739,2740,2737,2737.5,1160,0
20260426,140000,2737.5,2738.5,2736.5,2737.5,560,0
20260426,150000,2737.5,2737.5,2731.5,2734,8429,0
20260426,160000,2734,2736,2733.5,2736,2059,0
20260426,170000,2735.5,2737,2735,2735.5,672,0
20260426,180000,2736.5,2737.5,2735,2735,1269,0
20260427,080000,2737,2737,2737,2737,184,0
20260427,090000,2737.5,2738,2723.5,2726,41725,0
20260427,100000,2725.5,2741.5,2724.5,2740,71776,0
20260427,110000,2740.5,2743.5,2739.5,2741.5,35234,0
20260427,120000,2742,2745.5,2739.5,2741.5,22743,0
20260427,130000,2741.5,2742,2735,2738,32036,0
20260427,140000,2739,2742,2736,2742,18253,0
20260427,150000,2741.5,2742,2737,2739.5,17432,0
20260427,160000,2739.5,2744.5,2739,2740,19846,0
20260427,170000,2740,2741.5,2737,2740,21567,0
20260427,180000,2740.5,2741,2733,2736.5,24673,0
20260427,190000,2735.5,2737,2735,2736,4481,0
20260427,200000,2736,2736,2728,2730,13033,0
20260427,210000,2729.5,2731,2728.5,2730.5,4060,0
20260427,220000,2730.5,2732,2730,2731,2303,0
20260427,230000,2731,2732.5,2730,2731,2545,0
20260428,080000,2731,2731,2731,2731,25,0
20260428,090000,2731.5,2737.5,2731,2736,26831,0
20260428,100000,2736,2737.5,2724.5,2724.5,39008,0
20260428,110000,2724.5,2729.5,2720,2720,37117,0
20260428,120000,2720.5,2722,2712,2712.5,55446,0
20260428,130000,2712.5,2717,2712,2714,26514,0
20260428,140000,2714,2715.5,2711,2715,22433,0
20260428,150000,2715,2718.5,2706,2708.5,50549,0
20260428,160000,2708,2712,2698,2700.5,76273,0
20260428,170000,2700,2709.5,2699,2702.5,51526,0
20260428,180000,2702,2704.5,2697.5,2701,24028,0
20260428,190000,2700.5,2703,2697,2698,12473,0
20260428,200000,2698,2701,2696,2700,12873,0
20260428,210000,2699.5,2702,2698,2699,6594,0
20260428,220000,2699,2701,2698,2699,4145,0
20260428,230000,2699,2701,2698,2698,4242,0
20260429,080000,2703,2703,2703,2703,93,0
20260429,090000,2703.5,2708.5,2702.5,2707.5,30559,0
20260429,100000,2707,2708,2690.5,2698.5,81225,0
20260429,110000,2698.5,2701.5,2695.5,2701,31255,0
20260429,120000,2701,2704,2696,2701.5,39308,0
20260429,130000,2701.5,2702,2681,2685,78961,0
20260429,140000,2685,2687.5,2677.5,2680.5,61272,0
20260429,150000,2680.5,2681,2663,2671.5,118254,0
20260429,160000,2671.5,2674,2647,2649.5,151306,0
20260429,170000,2649.5,2659.5,2639,2639,114206,0
20260429,180000,2639,2644,2632.5,2639.5,130896,0
20260429,190000,2640,2651,2639.5,2648,38820,0
20260429,200000,2648,2667,2643.5,2660.5,99784,0
20260429,210000,2660,2676.5,2660,2670.5,56826,0
20260429,220000,2671,2672,2658,2662.5,34005,0
20260429,230000,2662,2665,2659.5,2661.5,10249,0
20260430,080000,2665,2665,2665,2665,283,0
20260430,090000,2665,2666.5,2642,2654.5,65716,0
20260430,100000,2655,2676.5,2648.5,2676.5,134317,0
20260430,110000,2676.5,2677,2666,2669.5,41726,0
20260430,120000,2669.5,2675,2660,2665,33940,0
20260430,130000,2665,2673,2662,2669.5,26189,0
20260430,140000,2669.5,2671,2653.5,2659,59873,0
20260430,150000,2658.5,2664,2653.5,2656.5,27446,0
20260430,160000,2657,2662.5,2648.5,2654.5,29166,0
20260430,170000,2655,2667,2652.5,2660,45711,0
20260430,180000,2660,2661,2654.5,2660,14561,0
20260430,190000,2661,2663,2657,2660.5,16015,0
20260430,200000,2660.5,2667,2658,2666,18803,0
20260430,210000,2666.5,2670,2664.5,2669,22264,0
20260430,220000,2669,2672,2668,2670,16218,0
20260430,230000,2670,2673,2669.5,2671,15753,0
20260501,100000,2653,2658,2648,2654.5,56808,0
20260501,110000,2653.5,2655,2652.5,2652.5,5379,0
20260501,120000,2653.5,2653.5,2650,2651,4275,0
20260501,130000,2650.5,2652,2650.5,2652,1761,0
20260501,140000,2652,2652,2650,2651,1919,0
20260501,150000,2651.5,2652,2648.5,2649,11502,0
20260501,160000,2649,2649.5,2647.5,2649,3862,0
20260501,170000,2648.5,2649,2643,2644.5,8921,0
20260501,180000,2645,2647,2644.5,2644.5,5493,0
20260501,190000,2644.5,2645,2641.5,2643.5,5647,0
20260501,200000,2643,2647,2642.5,2646,5454,0
20260501,210000,2646,2647,2644.5,2646.5,1377,0
20260501,220000,2646.5,2647.5,2645.5,2646,606,0
20260501,230000,2646,2646,2644,2645,1303,0
20260502,090000,2645,2645,2645,2645,19,0
20260502,100000,2645,2647.5,2644.5,2646.5,1690,0
20260502,110000,2646.5,2647,2644.5,2644.5,767,0
20260502,120000,2645,2646,2644,2645,736,0
20260502,130000,2645,2645.5,2644,2645,201,0
20260502,140000,2645,2646,2644.5,2645,949,0
20260502,150000,2646,2646,2645,2645.5,592,0
20260502,160000,2645,2647,2644,2644.5,1313,0
20260502,170000,2644.5,2645.5,2644,2645,357,0
20260502,180000,2645,2646,2643,2646,1501,0
20260503,100000,2646,2647,2644.5,2645,807,0
20260503,110000,2646,2646,2642,2645,2152,0
20260503,120000,2644.5,2645.5,2644,2645,377,0
20260503,130000,2645.5,2645.5,2644,2644.5,597,0
20260503,140000,2644.5,2645.5,2644.5,2645,283,0
20260503,150000,2645,2646,2644.5,2644.5,593,0
20260503,160000,2645,2646,2644.5,2646,413,0
20260503,170000,2646.5,2648,2646,2648,1263,0
20260503,180000,2648,2651,2647.5,2650,4786,0
20260504,080000,2651,2651,2651,2651,15,0
20260504,090000,2651,2659,2650,2652.5,43226,0
20260504,100000,2652,2657.5,2649.5,2655,41565,0
20260504,110000,2655.5,2657,2634.5,2634.5,70460,0
20260504,120000,2635,2638,2626,2628.5,80284,0
20260504,130000,2628.5,2639,2626.5,2632.5,76851,0
20260504,140000,2632.5,2634.5,2612.5,2613.5,85155,0
20260504,150000,2614,2619.5,2611.5,2619.5,45311,0
20260504,160000,2619,2619.5,2608.5,2612,46314,0
20260504,170000,2612,2618,2606,2614.5,45835,0
20260504,180000,2614.5,2623.5,2611,2621.5,40030,0
20260504,190000,2621.5,2623,2616,2617.5,16786,0
20260504,200000,2618.5,2622.5,2613.5,2614,15366,0
20260504,210000,2614,2628.5,2613,2627.5,37106,0
20260504,220000,2628,2630,2621.5,2622,18173,0
20260504,230000,2622,2626,2621.5,2625.5,7091,0
20260505,080000,2626.5,2626.5,2626.5,2626.5,51,0
20260505,090000,2625,2626,2615,2621,33174,0
20260505,100000,2621,2629.5,2610,2610.5,55085,0
20260505,110000,2610.5,2613,2591,2602,132110,0
20260505,120000,2602,2629,2597,2625,122416,0
20260505,130000,2625,2632.5,2615,2621.5,75112,0
20260505,140000,2622,2626.5,2617.5,2623,29200,0
20260505,150000,2622.5,2641,2622.5,2638.5,84086,0
20260505,160000,2638.5,2650,2635,2647,69787,0
20260505,170000,2647.5,2653.5,2643.5,2653,44698,0
20260505,180000,2652.5,2654,2643,2643.5,33958,0
20260505,190000,2644,2648,2638,2639.5,18865,0
20260505,200000,2639.5,2645,2638,2642,11711,0
20260505,210000,2642,2646,2640,2645,6406,0
20260505,220000,2645,2645,2640,2643.5,7522,0
20260505,230000,2643,2644,2641,2643,5244,0
20260506,080000,2643,2643,2643,2643,230,0
20260506,090000,2643.5,2643.5,2630.5,2631.5,50926,0
20260506,100000,2631.5,2640,2626.5,2632,58140,0
20260506,110000,2631.5,2650,2630.5,2641.5,80984,0
20260506,120000,2641.5,2642.5,2618.5,2621,86360,0
20260506,130000,2621,2621.5,2611.5,2617.5,114718,0
20260506,140000,2617,2631.5,2615,2627,77042,0
20260506,150000,2627,2633,2622,2624,45202,0
20260506,160000,2623.5,2631.5,2620.5,2626.5,36488,0
20260506,170000,2626.5,2638.5,2623,2637,35854,0
20260506,180000,2636.5,2639,2633.5,2634,13566,0
20260506,190000,2635,2639.5,2625,2628,18950,0
20260506,200000,2628,2631,2624,2626,6377,0
20260506,210000,2626.5,2627.5,2621.5,2623,7602,0
20260506,220000,2623,2626,2621.5,2623.5,6682,0
20260506,230000,2623.5,2624.5,2622,2623.5,4593,0
20260507,080000,2623.5,2623.5,2623.5,2623.5,20,0
20260507,090000,2623,2628.5,2615,2624,45538,0
20260507,100000,2623.5,2625.5,2613.5,2616.5,62052,0
20260507,110000,2616.5,2620.5,2613,2617,36713,0
20260507,120000,2616.5,2626.5,2614.5,2624.5,29275,0
20260507,130000,2624.5,2630,2621.5,2626,32912,0
20260507,140000,2625,2634,2623,2631.5,23886,0
20260507,150000,2631.5,2632,2621.5,2622.5,29522,0
20260507,160000,2623,2625.5,2615,2618.5,42094,0
20260507,170000,2618,2623,2616.5,2620,19495,0
20260507,180000,2620,2621.5,2614,2618,27869,0
20260507,190000,2618.5,2621.5,2614.5,2618.5,11246,0
20260507,200000,2618,2619,2615.5,2615.5,5379,0
20260507,210000,2615.5,2616.5,2614.5,2614.5,4014,0
20260507,220000,2615.5,2615.5,2612.5,2614.5,6593,0
20260507,230000,2614.5,2615,2606,2611,14657,0
20260508,090000,2610,2612.5,2604.5,2608,29214,0
20260508,100000,2607.5,2612,2602.5,2609,26745,0
20260508,110000,2609,2615.5,2604.5,2607,34490,0
20260508,120000,2607.5,2611,2606.5,2607,8407,0
