20250620,090000,126.22,126.36,126,126.22,739,0
20250620,100000,126.22,126.49,125.68,126.37,1991,0
20250620,110000,126.36,126.54,126.02,126.14,1166,0
20250620,120000,126.2,126.34,126.12,126.15,821,0
20250620,130000,126.15,126.26,125.86,126.04,872,0
20250620,140000,126.03,126.31,125.53,125.73,1135,0
20250620,150000,125.62,126.85,125.34,126.23,3688,0
20250620,160000,126.29,126.3,125.63,125.73,1038,0
20250620,170000,125.65,125.71,124.33,124.77,2771,0
20250620,180000,124.77,124.79,123.88,123.9,3493,0
20250620,190000,123.9,127.8,123.65,124.13,4550,0
20250620,200000,124.09,124.21,123.81,124.04,988,0
20250620,210000,124.06,124.61,124.06,124.36,325,0
20250620,220000,124.33,124.5,124.16,124.47,285,0
20250620,230000,124.49,124.54,124.14,124.46,660,0
20250623,090000,124.87,125,124.53,125,1313,0
20250623,100000,125,125.02,123.79,124.1,3257,0
20250623,110000,124.1,124.74,123.76,124.74,851,0
20250623,120000,124.74,125.49,124.22,125.22,1694,0
20250623,130000,125.32,125.6,124.9,125.21,1163,0
20250623,140000,125.18,125.7,124.74,125.1,1358,0
20250623,150000,125.02,125.31,124.83,125.01,1050,0
20250623,160000,124.95,126.03,124.95,125.57,2263,0
20250623,170000,125.65,125.86,125.42,125.65,615,0
20250623,180000,125.62,125.82,125.22,125.28,582,0
20250623,190000,125.38,125.82,125.19,125.5,636,0
20250623,200000,125.65,125.65,124.82,125.3,781,0
20250623,210000,125.24,125.24,124.79,125,845,0
20250623,220000,125.02,125.14,124.89,124.97,112,0
20250623,230000,124.97,125.04,124.42,124.8,535,0
20250624,090000,125.15,125.21,122,124.17,7528,0
20250624,100000,124.18,124.36,123.51,123.85,4743,0
20250624,110000,123.79,124.1,123.45,123.76,6949,0
20250624,120000,123.74,124.64,123.49,124.5,2944,0
20250624,130000,124.5,124.64,123.54,123.76,1990,0
20250624,140000,123.77,123.95,123.51,123.78,1101,0
20250624,150000,123.81,123.83,123.16,123.64,1087,0
20250624,160000,123.71,124.23,123.71,123.95,1562,0
20250624,170000,124,125.05,124,124.79,2162,0
20250624,180000,124.84,124.91,124.54,124.81,380,0
20250624,190000,124.82,125.1,124.42,124.49,615,0
20250624,200000,124.49,124.81,124.43,124.47,357,0
20250624,210000,124.47,125.07,124.45,124.65,526,0
20250624,220000,124.65,125.13,124.65,125.13,477,0
20250624,230000,125.14,125.46,125.14,125.46,418,0
20250625,090000,125.15,125.36,124.79,125.22,986,0
20250625,100000,125.19,126.63,125.17,126.3,7446,0
20250625,110000,126.3,126.3,125.83,126.26,1177,0
20250625,120000,126.26,126.27,125.82,126.17,2149,0
20250625,130000,126.19,126.45,126.06,126.27,1407,0
20250625,140000,126.28,126.43,125.89,126.13,833,0
20250625,150000,126.19,126.19,125.4,125.72,1106,0
20250625,160000,125.72,126.04,125.42,125.61,2155,0
20250625,170000,125.49,126.35,125.38,126.3,1140,0
20250625,180000,126.3,127.04,126.3,126.81,3955,0
20250625,190000,126.89,127.19,126.35,126.94,1018,0
20250625,200000,126.88,127.03,126.61,126.68,287,0
20250625,210000,126.68,126.75,126.55,126.57,359,0
20250625,220000,126.69,126.98,126.69,126.88,107,0
20250625,230000,126.88,126.88,126.7,126.73,266,0
20250626,090000,126.89,126.89,126.37,126.37,491,0
20250626,100000,126.44,126.44,125.97,126.36,1083,0
20250626,110000,126.27,127.01,126.02,126.13,4492,0
20250626,120000,126.2,126.53,125.78,126.51,1552,0
20250626,130000,126.55,126.73,126.38,126.66,751,0
20250626,140000,126.59,127.75,126.38,127.75,897,0
20250626,150000,127.76,128.31,127.46,127.64,2886,0
20250626,160000,127.62,127.84,127.17,127.62,2073,0
20250626,170000,127.61,127.9,127.57,127.69,703,0
20250626,180000,127.71,127.72,126.88,127.26,1320,0
20250626,190000,127.27,127.35,127.06,127.06,1937,0
20250626,200000,127.11,127.12,126.86,126.95,260,0
20250626,210000,126.95,127.02,126.86,127,135,0
20250626,220000,126.99,127.13,126.99,127.04,339,0
20250626,230000,127,127.12,126.88,126.97,616,0
20250627,090000,126.65,127.03,126.62,126.8,1190,0
20250627,100000,126.8,126.86,126.3,126.53,1799,0
20250627,110000,126.45,127.09,126.39,126.88,1099,0
20250627,120000,126.82,127.29,126.58,127.04,858,0
20250627,130000,126.94,127.19,126.3,126.39,1394,0
20250627,140000,126.34,126.34,125.8,126.2,1344,0
20250627,150000,126.19,126.31,126.08,126.27,1075,0
20250627,160000,126.23,126.74,126,126.65,581,0
20250627,170000,126.71,128.25,126.54,127.47,2782,0
20250627,180000,127.63,127.86,127.02,127.13,1374,0
20250627,190000,127.02,128,127,127.76,793,0
20250627,200000,127.76,127.96,127.23,127.79,2110,0
20250627,210000,127.67,127.67,127.44,127.45,1292,0
20250627,220000,127.5,127.67,127.38,127.63,1182,0
20250627,230000,127.62,127.79,127.57,127.72,147,0
20250630,090000,127.01,127.24,126.5,127.16,1534,0
20250630,100000,127.16,127.39,126.74,127.03,822,0
20250630,110000,127.04,127.57,126.87,126.87,1572,0
20250630,120000,126.93,127.37,126.93,127.05,918,0
20250630,130000,127.14,128.3,127.14,128.12,2417,0
20250630,140000,128.12,128.71,128.12,128.33,3676,0
20250630,150000,128.42,129.73,128.42,129.68,3106,0
20250630,160000,129.72,130.73,129.66,129.95,6557,0
20250630,170000,129.95,130.23,129.45,130.08,2971,0
20250630,180000,130.14,130.19,129.58,130.08,2044,0
20250630,190000,130.15,130.15,129.73,129.93,1044,0
20250630,200000,129.94,130.05,129.91,130.05,363,0
20250630,210000,130.03,130.21,130.02,130.03,213,0
20250630,220000,130.03,130.37,130.03,130.21,238,0
20250630,230000,130.33,130.33,130.01,130.09,126,0
20250701,090000,130.52,130.86,130.23,130.64,2003,0
20250701,100000,130.7,130.7,130.09,130.32,3810,0
20250701,110000,130.48,130.67,129.5,129.65,3266,0
20250701,120000,129.7,129.87,129.14,129.87,2120,0
20250701,130000,129.78,129.88,129.5,129.7,982,0
20250701,140000,129.76,130.14,129.51,129.99,1279,0
20250701,150000,130,130.26,129.95,130.16,558,0
20250701,160000,130.16,130.32,129.84,130.06,921,0
20250701,170000,129.97,130.15,129.69,130.02,548,0
20250701,180000,130.1,130.1,129.42,129.74,841,0
20250701,190000,129.73,130.25,129.4,129.4,577,0
20250701,200000,129.41,129.62,129.3,129.48,361,0
20250701,210000,129.49,129.49,128.55,128.77,2158,0
20250701,220000,128.74,128.96,128.2,128.34,639,0
20250701,230000,128.5,128.61,128.41,128.46,341,0
20250702,080000,128.95,128.95,128.95,128.95,2,0
20250702,090000,128.95,129.22,128.4,128.79,458,0
20250702,100000,128.69,128.91,128.35,128.57,2986,0
20250702,110000,128.34,128.62,127.69,127.72,3977,0
20250702,120000,127.79,128.2,127.56,127.86,552,0
20250702,130000,128.06,128.27,127.13,128.05,2221,0
20250702,140000,128.02,128.56,127.75,127.75,733,0
20250702,150000,128.06,128.49,127.93,128.18,1587,0
20250702,160000,128.18,128.41,127.69,127.9,11442,0
20250702,170000,127.93,128.04,127.15,127.15,681,0
20250702,180000,127.12,127.24,126.61,127.03,2275,0
20250702,190000,127.23,127.96,126.95,127.41,2397,0
20250702,200000,127.49,127.76,127.47,127.57,611,0
20250702,210000,127.57,127.61,126.82,127.19,1018,0
20250702,220000,127.07,127.46,126.98,127.34,597,0
20250702,230000,127.27,127.37,127.15,127.37,360,0
20250703,090000,127.59,127.81,127.04,127.17,1023,0
20250703,100000,127.18,127.73,126.67,127.66,1848,0
20250703,110000,127.66,129,127.5,128.87,4055,0
20250703,120000,128.93,129.07,128.24,128.36,2382,0
20250703,130000,128.41,128.65,128.17,128.65,1105,0
20250703,140000,128.49,128.64,128.2,128.25,439,0
20250703,150000,128.29,128.69,128.01,128.28,1379,0
20250703,160000,128.27,129.65,128.04,129.3,2143,0
20250703,170000,129.3,129.38,128.87,129.02,1633,0
20250703,180000,129.02,129.12,128.68,128.85,1466,0
20250703,190000,128.91,129.39,128.08,128.42,1557,0
20250703,200000,128.35,128.38,128,128.01,982,0
20250703,210000,128.1,128.32,128,128.19,1397,0
20250703,220000,128.27,128.36,128.17,128.17,285,0
20250703,230000,128.14,128.26,128.11,128.26,91,0
20250704,080000,127.91,127.91,127.91,127.91,21,0
20250704,090000,127.86,128.3,127.71,127.73,1714,0
20250704,100000,127.75,128.19,127.27,127.37,1662,0
20250704,110000,127.29,127.59,127.1,127.41,1604,0
20250704,120000,127.41,128.14,127.28,128.08,949,0
20250704,130000,128.07,128.49,127.95,128.34,796,0
20250704,140000,128.35,128.92,128.18,128.76,1920,0
20250704,150000,128.62,128.93,127.95,127.95,2501,0
20250704,160000,128.07,128.07,127.51,127.75,561,0
20250704,170000,127.74,128.05,127.53,127.91,1544,0
20250704,180000,127.86,127.95,127.44,127.61,2623,0
20250704,190000,127.6,127.7,127.47,127.68,153,0
20250704,200000,127.6,127.84,127.59,127.66,191,0
20250704,210000,127.61,127.99,127.61,127.99,240,0
20250704,220000,127.9,127.93,127.74,127.75,142,0
20250704,230000,127.84,128.06,127.76,127.99,274,0
20250707,080000,127.84,127.84,127.84,127.84,1,0
20250707,090000,127.76,127.76,127.1,127.19,3751,0
20250707,100000,127.19,127.35,125.52,125.86,9706,0
20250707,110000,125.83,126.06,125.58,125.76,5712,0
20250707,120000,125.73,126.3,125.45,125.7,4821,0
20250707,130000,125.68,125.7,124.88,125.29,2260,0
20250707,140000,125.25,125.69,125.14,125.51,1056,0
20250707,150000,125.59,125.59,124.97,125.25,2605,0
20250707,160000,125.12,125.19,124.17,124.4,2246,0
20250707,170000,124.2,124.5,124.07,124.29,3297,0
20250707,180000,124.3,124.39,123.47,123.96,3301,0
20250707,190000,124.02,124.5,123.87,124.4,1407,0
20250707,200000,124.46,124.55,124.24,124.45,223,0
20250707,210000,124.51,124.56,124.25,124.32,1117,0
20250707,220000,124.28,124.46,124.28,124.39,95,0
20250707,230000,124.38,124.41,124.18,124.26,209,0
20250708,090000,124.46,124.67,123.92,124.16,1226,0
20250708,100000,124.2,124.61,123.92,124.43,1326,0
20250708,110000,124.37,124.9,124.21,124.6,1267,0
20250708,120000,124.6,124.83,124.28,124.69,470,0
20250708,130000,124.69,124.73,123.67,124.02,609,0
20250708,140000,123.9,123.95,123,123,2686,0
20250708,150000,123,123.38,122.7,122.88,3372,0
20250708,160000,122.86,123.49,122.86,123.22,1487,0
20250708,170000,123.23,123.78,123.23,123.76,438,0
20250708,180000,123.82,123.94,123.71,123.75,600,0
20250708,190000,123.84,123.93,122.87,122.91,1321,0
20250708,200000,123.05,123.09,122.24,122.28,1193,0
20250708,210000,122.29,122.4,121.42,121.92,4285,0
20250708,220000,121.82,121.93,121.54,121.85,2438,0
20250708,230000,121.83,121.83,121,121.1,6595,0
20250709,080000,121.65,121.65,121.65,121.65,29,0
20250709,090000,121.65,122.27,121,122.27,4361,0
20250709,100000,122.27,122.27,120.58,121.31,8160,0
20250709,110000,121.22,121.82,121,121.68,5229,0
20250709,120000,121.68,121.74,120.6,120.65,6737,0
20250709,130000,120.65,121.08,120.38,120.83,3372,0
20250709,140000,120.71,120.87,120.07,120.46,2520,0
20250709,150000,120.58,121.48,120.58,121.03,2492,0
20250709,160000,120.98,121.04,120.1,120.3,5290,0
20250709,170000,120.28,120.34,118.6,118.99,9063,0
20250709,180000,119.01,119.13,118.2,119.1,2845,0
20250709,190000,118.82,119.72,118.8,119.71,2563,0
20250709,200000,119.7,119.96,119.18,119.45,1344,0
20250709,210000,119.38,119.72,119.32,119.64,243,0
20250709,220000,119.55,120,119.44,119.92,1606,0
20250709,230000,119.93,120,119.62,119.77,1268,0
20250710,080000,120,120,120,120,30,0
20250710,090000,120,120.69,119.97,120.29,2463,0
20250710,100000,120.29,120.74,120.03,120.51,2059,0
20250710,110000,120.51,120.97,120.29,120.94,1980,0
20250710,120000,120.86,121,120.53,120.7,1229,0
20250710,130000,120.7,120.95,120.39,120.55,1968,0
20250710,140000,120.55,120.7,120.05,120.07,2420,0
20250710,150000,120.03,120.88,119.55,120.77,5642,0
20250710,160000,120.81,121.32,120.61,120.97,1702,0
20250710,170000,120.97,121.5,120.47,120.73,3990,0
20250710,180000,120.73,120.75,120.13,120.74,1108,0
20250710,190000,120.74,120.88,120.32,120.32,534,0
20250710,200000,120.39,120.76,120.16,120.76,1021,0
20250710,210000,120.76,120.88,120.46,120.74,282,0
20250710,220000,120.72,121,120.72,120.81,343,0
20250710,230000,120.79,121,120.59,120.89,281,0
20250711,080000,119.95,119.95,119.95,119.95,37,0
20250711,090000,119.94,120.02,119.21,119.29,1232,0
20250711,100000,119.41,120.34,119.41,120.16,2066,0
20250711,110000,120.07,120.13,119.3,119.43,1897,0
20250711,120000,119.44,119.6,118.83,118.9,3015,0
20250711,130000,118.82,118.97,118.45,118.61,1429,0
20250711,140000,118.53,118.82,118.02,118.29,2089,0
20250711,150000,118.24,118.55,117.92,118.29,2203,0
20250711,160000,118.19,118.93,118.16,118.8,2970,0
20250711,170000,118.85,118.85,117,117.07,6952,0
20250711,180000,117.09,117.47,116.25,116.64,4562,0
20250711,190000,116.5,117.2,116.5,117.08,2280,0
20250711,200000,117.11,117.2,116.58,116.82,511,0
20250711,210000,116.71,116.83,116.52,116.64,468,0
20250711,220000,116.7,116.88,116.62,116.62,516,0
20250711,230000,116.61,116.91,116.48,116.57,1866,0
20250714,080000,116.27,116.27,116.27,116.27,22,0
20250714,090000,116.2,116.62,115.92,116.51,3485,0
20250714,100000,116.51,116.85,116.31,116.67,1641,0
20250714,110000,116.67,117.54,116.1,117.31,7191,0
20250714,120000,117.37,117.93,117.21,117.28,7706,0
20250714,130000,117.38,117.6,117.01,117.01,1950,0
20250714,140000,117.01,117.07,116.72,116.91,727,0
20250714,150000,117,117.73,116.99,117.36,703,0
20250714,160000,117.37,117.37,116.56,116.87,1324,0
20250714,170000,116.93,117.73,116.86,116.96,1391,0
20250714,180000,116.93,122,116.42,121.38,18182,0
20250714,190000,121.49,122.45,121.38,122.31,7954,0
20250714,200000,122.36,122.54,121.51,122.03,1714,0
20250714,210000,122.03,122.3,121.81,122.05,1306,0
20250714,220000,122.04,122.26,121.98,122.24,218,0
20250714,230000,122.27,122.65,122.27,122.47,970,0
20250715,080000,122.67,122.67,122.67,122.67,6,0
20250715,090000,122.7,122.87,122.01,122.07,2555,0
20250715,100000,122.05,122.43,121.89,121.91,5302,0
20250715,110000,121.91,122.28,121.89,121.92,1474,0
20250715,120000,121.99,122.93,121.77,122.33,3174,0
20250715,130000,122.34,122.6,122.05,122.25,1816,0
20250715,140000,122.21,122.46,122,122.17,861,0
20250715,150000,122.22,122.39,121.41,121.73,2285,0
20250715,160000,121.75,121.92,121.51,121.67,1039,0
20250715,170000,121.78,122.37,121.78,122,1397,0
20250715,180000,122,122.1,121.64,122.06,804,0
20250715,190000,121.89,121.93,121.8,121.88,669,0
20250715,200000,121.95,122.09,121.89,122,91,0
20250715,210000,122.08,122.2,122.03,122.13,287,0
20250715,220000,122.1,122.1,122,122,373,0
20250715,230000,122,122.03,121.85,121.98,276,0
20250716,090000,122.19,122.19,121.52,121.96,1597,0
20250716,100000,121.94,121.96,121.13,121.45,2277,0
20250716,110000,121.45,121.73,121.37,121.51,1484,0
20250716,120000,121.37,122.35,121.33,122.35,2260,0
20250716,130000,122.35,123.99,121.99,123.42,6036,0
20250716,140000,123.5,123.85,123.4,123.49,3478,0
20250716,150000,123.44,123.45,123.1,123.23,872,0
20250716,160000,123.34,123.78,123.29,123.34,1207,0
20250716,170000,123.33,123.57,123.29,123.49,185,0
20250716,180000,123.5,123.51,123.03,123.11,1541,0
20250716,190000,123.28,123.59,123.2,123.28,1101,0
20250716,200000,123.32,123.59,123.29,123.51,636,0
20250716,210000,123.51,123.54,123.17,123.19,276,0
20250716,220000,123.19,123.32,122.96,122.96,992,0
20250716,230000,122.96,123.28,122.82,123.26,767,0
20250717,090000,123.33,123.8,123.33,123.47,1135,0
20250717,100000,123.46,123.65,123.27,123.44,660,0
20250717,110000,123.48,123.79,123.41,123.65,990,0
20250717,120000,123.6,123.68,123.36,123.6,617,0
20250717,130000,123.6,123.77,122.43,122.72,2634,0
20250717,140000,122.67,122.9,122.33,122.82,1721,0
20250717,150000,122.82,122.82,122.03,122.1,1692,0
20250717,160000,122.07,122.12,121.76,122.03,1231,0
20250717,170000,122,122.38,121.83,122.01,1090,0
20250717,180000,122.01,122.15,121.87,121.88,1437,0
20250717,190000,122.02,122.23,121.01,121.23,2181,0
20250717,200000,121.14,121.96,121.01,121.76,1060,0
20250717,210000,121.75,121.79,121.25,121.5,604,0
20250717,220000,121.53,121.79,121.1,121.24,676,0
20250717,230000,121.29,121.44,121.24,121.3,364,0
20250718,090000,121.44,122.49,120.45,120.62,1784,0
20250718,100000,120.61,123.24,120.61,122.72,3943,0
20250718,110000,122.71,123.94,122.3,123.42,5590,0
20250718,120000,123.41,123.72,123.17,123.42,3217,0
20250718,130000,123.47,124.57,123.43,124.29,3472,0
20250718,140000,124.34,124.5,123.88,124.23,2356,0
20250718,150000,124.35,124.59,124.01,124.1,895,0
20250718,160000,124.05,125.09,124.03,124.88,3271,0
20250718,170000,124.91,126.68,124.91,126.01,6115,0
20250718,180000,126.1,126.65,125.57,125.88,6397,0
20250718,190000,126.29,126.49,126,126.21,2673,0
20250718,200000,126.18,126.21,125.89,126.06,823,0
20250718,210000,126.02,126.26,125.98,126.26,896,0
20250718,220000,126.23,127.77,126.19,126.91,2254,0
20250718,230000,126.95,127.15,126.8,127.15,2007,0
20250721,080000,128.75,128.75,128.75,128.75,65,0
20250721,090000,128.75,128.94,126.9,127.28,3849,0
20250721,100000,127.27,127.76,126.85,127.56,4421,0
20250721,110000,127.51,128.03,127.35,127.62,1502,0
20250721,120000,127.68,128.53,127.55,128.32,2884,0
20250721,130000,128.3,128.74,128.09,128.27,2618,0
20250721,140000,128.17,128.49,127.81,128.3,1897,0
20250721,150000,128.34,128.35,128.01,128.01,398,0
20250721,160000,128.01,128.26,127.6,128.07,712,0
20250721,170000,127.99,128.88,127.9,128.67,728,0
20250721,180000,128.64,128.68,127.79,128.2,1333,0
20250721,190000,128.22,128.34,127.67,128.11,385,0
20250721,200000,128.14,128.67,128.03,128.36,620,0
20250721,210000,128.23,128.62,128.23,128.52,137,0
20250721,220000,128.51,128.51,128.15,128.15,138,0
20250721,230000,128.15,128.52,128.15,128.45,111,0
20250722,080000,128.15,128.15,128.15,128.15,4,0
20250722,090000,128.15,128.28,127.5,127.96,1760,0
20250722,100000,127.92,128.45,127.79,127.79,4421,0
20250722,110000,127.79,128.09,127.7,127.86,938,0
20250722,120000,127.8,128.5,127.48,128.48,2284,0
20250722,130000,128.47,129,128.17,128.89,1558,0
20250722,140000,128.89,129.19,128.5,128.66,1916,0
20250722,150000,128.57,129.31,128.49,128.81,3716,0
20250722,160000,128.91,129.61,128.83,129.4,3247,0
20250722,170000,129.38,129.68,128.7,128.88,3492,0
20250722,180000,128.81,128.91,128.67,128.91,1387,0
20250722,190000,128.91,129.46,128.81,129.01,3866,0
20250722,200000,128.99,129.17,128.89,129.17,78,0
20250722,210000,129.16,129.19,129.02,129.11,426,0
20250722,220000,129.17,129.5,129.14,129.46,299,0
20250722,230000,129.48,129.54,129.32,129.32,472,0
20250723,080000,129.49,129.49,129.49,129.49,4,0
20250723,090000,129.35,129.88,129.25,129.79,774,0
20250723,100000,129.68,129.96,129.54,129.64,9736,0
20250723,110000,129.62,129.72,129.31,129.43,5383,0
20250723,120000,129.46,129.83,129.37,129.75,2897,0
20250723,130000,129.74,129.88,129.5,129.87,1307,0
20250723,140000,129.86,130.17,129.77,130.13,3323,0
20250723,150000,130.11,130.22,129.71,129.84,1245,0
20250723,160000,129.81,129.99,129.17,129.54,3503,0
20250723,170000,129.5,129.57,129.02,129.28,2155,0
20250723,180000,129.2,130.12,129.14,130.12,1691,0
20250723,190000,130.13,130.32,129.42,129.93,1249,0
20250723,200000,129.95,130.16,129.93,129.99,151,0
20250723,210000,130.04,130.5,129.66,130.06,820,0
20250723,220000,129.98,129.99,129.27,129.55,1519,0
20250723,230000,129.56,129.64,129.32,129.44,306,0
20250724,080000,129.45,129.45,129.45,129.45,5,0
20250724,090000,129.45,129.95,129.37,129.57,567,0
20250724,100000,129.65,129.7,128.73,129.04,1905,0
20250724,110000,129.04,129.21,128.3,128.89,2501,0
20250724,120000,128.93,129.05,128.5,128.84,1055,0
20250724,130000,128.75,128.99,128.19,128.23,4942,0
20250724,140000,128.3,128.3,127.81,128.24,1659,0
20250724,150000,128.17,128.65,128.05,128.29,5045,0
20250724,160000,128.33,128.33,127.78,128.08,1372,0
20250724,170000,128.09,128.14,127.82,127.85,232,0
20250724,180000,127.84,127.84,127.22,127.57,1899,0
20250724,190000,127.63,127.95,127.41,127.95,1979,0
20250724,200000,127.96,128.21,127.96,128.09,708,0
20250724,210000,128.08,128.24,128.07,128.19,301,0
20250724,220000,128.22,128.23,128.02,128.04,139,0
20250724,230000,128.04,128.27,128.02,128.27,133,0
20250725,090000,128.23,128.66,128.16,128.17,745,0
20250725,100000,128.13,128.3,127.96,128.02,615,0
20250725,110000,128.03,128.21,127.98,128.15,413,0
20250725,120000,128.15,128.82,128.15,128.6,1716,0
20250725,130000,128.58,129.21,126.29,127.95,11809,0
20250725,140000,127.97,128.66,127.38,127.96,1731,0
20250725,150000,127.94,128.77,127.41,127.76,1922,0
20250725,160000,127.71,127.72,126.85,127.25,2931,0
20250725,170000,127.17,127.17,126.3,126.63,2535,0
20250725,180000,126.53,126.56,125.91,126.36,1604,0
20250725,190000,126.45,126.46,125.78,126.24,456,0
20250725,200000,126.3,126.88,126.3,126.74,345,0
20250725,210000,126.77,126.87,126.66,126.86,332,0
20250725,220000,126.82,126.87,126.67,126.8,370,0
20250725,230000,126.76,126.88,126.66,126.66,272,0
20250728,080000,125.88,125.88,125.88,125.88,43,0
20250728,090000,125.82,125.94,124.89,125.05,2950,0
20250728,100000,125.03,125.48,124.29,124.87,3237,0
20250728,110000,124.87,125.35,124.64,125.35,2544,0
20250728,120000,125.27,125.5,124.83,125.18,2254,0
20250728,130000,125.16,125.64,124.93,125.03,927,0
20250728,140000,125,125.12,124.11,124.24,2517,0
20250728,150000,124.2,124.2,122.87,123.54,8591,0
20250728,160000,123.57,123.81,122.25,123.39,8132,0
20250728,170000,123.23,123.45,122.59,123.13,2889,0
20250728,180000,123.19,123.21,122.8,122.85,1262,0
20250728,190000,122.95,123.35,122.92,123,674,0
20250728,200000,122.98,123.22,122.91,122.97,295,0
20250728,210000,122.97,123.1,122.8,123.02,727,0
20250728,220000,123.01,123.02,122.76,122.88,608,0
20250728,230000,122.88,123.14,122.75,123.14,451,0
20250729,090000,123.16,123.24,121.77,123.21,1807,0
20250729,100000,123.21,123.45,122.32,123.05,6395,0
20250729,110000,123.06,123.33,122.56,122.99,1665,0
20250729,120000,122.99,123.03,122.54,122.92,844,0
20250729,130000,122.94,123.19,122.64,122.95,540,0
20250729,140000,123.14,123.77,123.14,123.63,1595,0
20250729,150000,123.67,123.99,123,123.83,4306,0
20250729,160000,123.83,123.83,123.15,123.36,1203,0
20250729,170000,123.4,123.83,123.33,123.83,1050,0
20250729,180000,123.83,124.03,123.54,123.7,1808,0
20250729,190000,123.67,123.92,123.63,123.67,414,0
20250729,200000,123.67,123.84,122.23,122.34,1927,0
20250729,210000,122.34,122.71,122.3,122.71,1156,0
20250729,220000,122.71,122.9,122.64,122.8,451,0
20250729,230000,122.77,123.09,122.74,122.77,221,0
20250730,080000,122.73,122.73,122.73,122.73,10,0
20250730,090000,122.71,122.85,122.45,122.81,836,0
20250730,100000,122.6,122.65,121.82,122.49,1729,0
20250730,110000,122.45,122.85,122.33,122.54,870,0
20250730,120000,122.53,122.65,122.14,122.17,167,0
20250730,130000,122.14,122.45,122.03,122.34,1035,0
20250730,140000,122.33,122.42,122.08,122.39,395,0
20250730,150000,122.28,122.43,121.4,121.47,2238,0
20250730,160000,121.4,121.79,121.16,121.41,2063,0
20250730,170000,121.49,121.78,121.38,121.63,928,0
20250730,180000,121.63,121.64,121.31,121.48,857,0
20250730,190000,121.56,121.67,121.34,121.34,488,0
20250730,200000,121.34,121.56,121.28,121.48,1298,0
20250730,210000,121.45,121.58,121.42,121.47,236,0
20250730,220000,121.43,121.6,121.43,121.6,116,0
20250730,230000,121.57,121.94,121.42,121.63,654,0
20250731,080000,121.65,121.65,121.65,121.65,10,0
20250731,090000,121.98,122.45,121.82,122.29,3881,0
20250731,100000,122.23,122.53,121.4,121.64,5105,0
20250731,110000,121.66,121.85,120.9,121.2,2604,0
20250731,120000,121.2,122.17,121.15,121.99,2088,0
20250731,130000,122.04,122.3,121.84,122.14,847,0
20250731,140000,122.16,122.31,121.65,121.73,1209,0
20250731,150000,121.68,121.8,121.52,121.52,955,0
20250731,160000,121.63,122.3,121.57,122.23,485,0
20250731,170000,122.23,122.27,121.97,122.24,982,0
20250731,180000,122.27,122.49,122.03,122.42,2180,0
20250731,190000,122.41,123.03,122.36,122.65,2448,0
20250731,200000,122.63,122.98,122.63,122.91,530,0
20250731,210000,122.81,122.86,122.43,122.45,412,0
20250731,220000,122.51,122.84,122.47,122.84,440,0
20250731,230000,122.65,122.93,122.65,122.8,651,0
20250801,080000,124,124,124,124,196,0
20250801,090000,124.06,124.5,123.71,124.1,3354,0
20250801,100000,124.04,124.3,123.53,123.8,2283,0
20250801,110000,123.79,123.86,123.53,123.77,642,0
20250801,120000,123.81,123.84,123.13,123.49,1127,0
20250801,130000,123.49,123.62,123.19,123.46,982,0
20250801,140000,123.42,123.45,122,122.34,3196,0
20250801,150000,122.32,122.71,122.1,122.11,1324,0
20250801,160000,122.11,122.66,122.11,122.33,757,0
20250801,170000,122.35,122.54,122.14,122.54,1329,0
20250801,180000,122.54,122.55,122.25,122.28,534,0
20250801,190000,122.19,122.57,121.32,121.58,1181,0
20250801,200000,121.58,122.09,120.26,121.95,3712,0
20250801,210000,121.96,122.25,121.68,122.25,1092,0
20250801,220000,122.03,122.11,121.63,121.99,516,0
20250801,230000,122.05,122.17,121.75,121.79,387,0
20250804,080000,122.36,122.36,122.36,122.36,21,0
20250804,090000,122.36,122.86,121.78,122.02,1952,0
20250804,100000,122.02,123.19,121.94,123.01,1706,0
20250804,110000,123,123.54,122.91,123.05,1267,0
20250804,120000,123.05,123.65,122.99,123.42,1923,0
20250804,130000,123.42,124.18,123.2,124.04,1962,0
20250804,140000,124.04,124.56,124.04,124.34,3717,0
20250804,150000,124.35,124.83,124.1,124.71,1698,0
20250804,160000,124.66,125.2,124.62,124.83,2524,0
20250804,170000,124.78,125.85,124.64,125.26,3934,0
20250804,180000,125.27,126.18,125.26,125.79,1939,0
20250804,190000,125.87,126.09,125.35,125.64,1514,0
20250804,200000,125.68,126.08,125.34,125.79,610,0
20250804,210000,125.78,125.81,125.5,125.8,755,0
20250804,220000,125.79,125.9,125.7,125.7,285,0
20250804,230000,125.71,126.18,125.71,126.05,424,0
20250805,090000,125.75,126.9,125.67,126.47,1975,0
20250805,100000,126.42,126.42,125.85,125.85,1632,0
20250805,110000,125.85,125.85,125.37,125.53,2775,0
20250805,120000,125.45,125.55,124.93,125.18,2670,0
20250805,130000,125.24,125.6,125.04,125.29,779,0
20250805,140000,125.16,125.72,125.15,125.5,640,0
20250805,150000,125.49,126.38,125.01,126.05,3611,0
20250805,160000,126.05,126.3,125.71,126.18,1583,0
20250805,170000,126.07,126.32,125.73,125.94,2442,0
20250805,180000,125.84,126.15,125.72,125.84,1037,0
20250805,190000,125.95,126.47,125.86,126.15,712,0
20250805,200000,126.2,126.72,126.08,126.14,551,0
20250805,210000,126.06,126.34,126.06,126.34,102,0
20250805,220000,126.35,126.45,126.14,126.14,125,0
20250805,230000,126.21,126.33,126.14,126.32,164,0
20250806,090000,126.15,126.68,126.14,126.53,1326,0
20250806,100000,126.54,126.8,125.9,126.18,1105,0
20250806,110000,126.17,126.32,125.52,125.8,1254,0
20250806,120000,125.78,126.04,125.73,125.88,1061,0
20250806,130000,125.98,126.12,125.79,125.93,2143,0
20250806,140000,125.97,126.1,125.54,126.07,787,0
20250806,150000,126.1,126.37,125.5,125.64,3493,0
20250806,160000,125.55,125.99,124.42,125.05,5208,0
20250806,170000,125.05,126.45,124,124.32,10579,0
20250806,180000,124.35,124.78,124.05,124.54,2331,0
20250806,190000,124.44,125.94,123.96,124.72,2069,0
20250806,200000,124.7,127.31,124.7,126.97,4913,0
20250806,210000,127.08,131.19,126.9,131.02,6537,0
20250806,220000,131.15,132.95,129.22,131.04,15055,0
20250806,230000,130.87,131.59,129.46,130.3,5953,0
20250807,090000,130.36,130.8,129.95,129.99,2446,0
20250807,100000,130.05,131.3,129.71,130.83,2750,0
20250807,110000,130.87,135.92,130.87,135.39,34468,0
20250807,120000,135.45,135.75,134.64,134.92,11170,0
20250807,130000,134.92,136.21,134.61,135.75,7839,0
20250807,140000,135.75,136.13,135.04,135.99,9943,0
20250807,150000,135.94,136.18,134.66,135.4,6562,0
20250807,160000,135.27,135.33,134.66,135.19,2718,0
20250807,170000,135.19,135.44,134.9,135.22,3855,0
20250807,180000,135.22,135.4,132.3,132.73,20507,0
20250807,190000,132.75,133.41,131.52,133.06,7591,0
20250807,200000,132.9,133,131.95,132.12,1959,0
20250807,210000,132.12,134.3,132.01,133.82,3190,0
20250807,220000,133.82,134.2,133.59,134.1,423,0
20250807,230000,134.1,136.3,133.4,134.7,4007,0
20250808,090000,134.6,134.9,134.37,134.75,1484,0
20250808,100000,134.7,134.7,133.19,133.47,4334,0
20250808,110000,133.49,133.82,133.3,133.82,1196,0
20250808,120000,133.82,134.06,133.07,133.28,2370,0
20250808,130000,133.29,133.8,132.74,133.53,2435,0
20250808,140000,133.64,134.59,133.5,134.42,1500,0
20250808,150000,134.42,134.8,134,134.01,2562,0
20250808,160000,134.1,134.59,134.01,134.56,401,0
20250808,170000,134.52,137.69,133.9,137.61,13709,0
20250808,180000,137.7,138.49,137.24,137.74,10393,0
20250808,190000,137.75,138.34,137.4,138.25,3968,0
20250808,200000,138.17,138.47,137.36,138.06,4221,0
20250808,210000,138.06,138.4,137.92,138.16,1486,0
20250808,220000,138.16,138.27,137.96,138.23,557,0
20250808,230000,138.24,143.55,138.16,141.49,15128,0
20250811,090000,143.1,143.65,141.55,142.87,9884,0
20250811,100000,142.83,143.1,141.75,141.9,8142,0
20250811,110000,141.91,143.07,141.91,142.73,3894,0
20250811,120000,142.72,142.92,142.02,142.22,1410,0
20250811,130000,142.27,142.34,141.65,142.14,3853,0
20250811,140000,142,142.99,141.96,142.7,2466,0
20250811,150000,142.65,142.81,142.38,142.65,2192,0
20250811,160000,142.5,142.74,141.7,142.6,3500,0
20250811,170000,142.53,143.2,142.22,142.8,1169,0
20250811,180000,142.78,142.95,138.12,140.31,15452,0
20250811,190000,140.2,140.99,138.81,139.24,8487,0
20250811,200000,139.28,140.41,139.15,139.7,1629,0
20250811,210000,139.76,140.27,139.7,140.16,401,0
20250811,220000,140.1,140.2,139.77,140.18,152,0
20250811,230000,140.19,140.5,140.15,140.35,518,0
20250812,090000,139.6,140.15,139.46,139.9,1607,0
20250812,100000,139.84,140.22,139.35,139.72,1852,0
20250812,110000,139.71,140.05,139.19,139.6,2579,0
20250812,120000,139.56,139.88,139.34,139.88,561,0
20250812,130000,139.83,140.09,139.39,139.65,681,0
20250812,140000,139.57,139.6,139.15,139.38,550,0
20250812,150000,139.33,139.75,139.14,139.71,791,0
20250812,160000,139.69,140.58,139.31,140.1,2749,0
20250812,170000,140.1,141.45,140.07,140.87,4642,0
20250812,180000,140.87,141.61,140.73,141.34,2906,0
20250812,190000,141.29,141.4,140.98,141.22,1872,0
20250812,200000,141.13,141.2,140.29,141.14,899,0
20250812,210000,141.17,141.29,141.03,141.17,494,0
20250812,220000,141.12,141.33,140.93,141.08,538,0
20250812,230000,141.09,141.16,140.84,141.02,625,0
20250813,090000,141.58,142.03,141.35,141.81,1263,0
20250813,100000,141.77,142.05,140.5,140.6,2195,0
20250813,110000,140.51,140.7,139.92,140.3,2391,0
20250813,120000,140.25,140.7,139.77,140.2,1451,0
20250813,130000,140.19,140.69,139.8,140.44,1773,0
20250813,140000,140.4,140.45,139.51,139.75,1357,0
20250813,150000,139.75,140.85,139.69,140.27,3964,0
20250813,160000,140.26,140.57,139.9,140.25,1261,0
20250813,170000,140.23,140.8,139.6,139.93,5916,0
20250813,180000,139.92,140.4,139.75,140.12,1831,0
20250813,190000,140.48,140.48,139.74,139.92,1757,0
20250813,200000,139.9,140.18,139.61,139.87,1029,0
20250813,210000,139.93,140.2,139.85,140.16,796,0
20250813,220000,140.03,140.1,139.74,139.88,177,0
20250813,230000,139.81,139.81,139.25,139.71,797,0
20250814,090000,138.64,139.08,138.02,138.69,3198,0
20250814,100000,138.62,138.62,137.83,138.28,4045,0
20250814,110000,138.2,138.36,137.45,137.5,2369,0
20250814,120000,137.5,138.5,137.49,138.31,2247,0
20250814,130000,138.21,138.92,138.13,138.83,1503,0
20250814,140000,138.7,139.31,138.6,139.2,1508,0
20250814,150000,139.21,140.1,139.21,140.08,2744,0
20250814,160000,140.09,140.8,139.9,140.71,3227,0
20250814,170000,140.8,140.8,139.38,139.7,3080,0
20250814,180000,139.77,139.81,139.4,139.52,707,0
20250814,190000,139.63,140.09,139.47,140.03,1087,0
20250814,200000,140.02,140.68,139.91,140.56,748,0
20250814,210000,140.53,141.05,140.53,140.79,2113,0
20250814,220000,140.79,140.79,140.36,140.6,582,0
20250814,230000,140.63,140.76,140.36,140.51,375,0
20250815,090000,140.69,140.79,140.24,140.49,706,0
20250815,100000,140.43,140.5,139.83,140.37,1360,0
20250815,110000,140.34,140.86,140.13,140.75,1311,0
20250815,120000,140.73,141.28,140.63,140.8,2045,0
20250815,130000,140.76,141.43,140.55,141.11,3612,0
20250815,140000,141.1,141.73,140.86,141.6,2822,0
20250815,150000,141.66,141.86,140.96,141.62,2096,0
20250815,160000,141.62,142.65,141.55,142.65,3108,0
20250815,170000,142.65,143.24,142.52,142.79,3995,0
20250815,180000,142.8,142.9,142.52,142.86,3248,0
20250815,190000,142.89,143.26,142.65,143.26,4004,0
20250815,200000,143.22,143.48,142.61,142.83,1155,0
20250815,210000,142.9,143.62,142.78,143.14,1684,0
20250815,220000,143.14,143.36,142.03,142.72,2826,0
20250815,230000,142.68,143.19,142.34,142.83,1230,0
20250816,100000,139.03,139.03,138.63,138.76,5923,0
20250816,110000,138.68,138.77,138.63,138.63,539,0
20250816,120000,138.63,138.63,138.63,138.63,413,0
20250816,130000,138.63,138.63,138.63,138.63,264,0
20250816,140000,138.63,138.63,138.63,138.63,79,0
20250816,150000,138.63,138.63,138.63,138.63,53,0
20250816,160000,138.63,139.37,138.63,138.64,2662,0
20250816,170000,138.65,138.79,138.63,138.63,651,0
20250816,180000,138.63,138.63,138.63,138.63,208,0
20250817,100000,138.63,138.63,138.63,138.63,34,0
20250817,110000,138.63,138.63,138.63,138.63,13,0
20250817,120000,138.63,138.63,138.63,138.63,8,0
20250817,130000,138.63,138.63,138.63,138.63,7,0
20250817,150000,138.63,138.63,138.63,138.63,1,0
20250817,160000,138.63,138.63,138.63,138.63,11,0
20250817,170000,138.63,138.63,138.63,138.63,12,0
20250817,180000,138.63,138.63,138.63,138.63,6,0
20250818,090000,138.62,138.74,136.71,138.01,10547,0
20250818,100000,138,138,137.07,137.8,11560,0
20250818,110000,137.85,138.15,137.48,138.07,5335,0
20250818,120000,138.07,138.66,138.07,138.37,2477,0
20250818,130000,138.3,138.37,137.79,138.02,2041,0
20250818,140000,138.1,138.15,137.54,138,1141,0
20250818,150000,137.96,138.89,137.85,138.79,1699,0
20250818,160000,138.73,139.1,138.3,138.3,2343,0
20250818,170000,138.33,138.6,137.58,137.65,2684,0
20250818,180000,137.74,137.9,137.26,137.51,2120,0
20250818,190000,137.57,138.32,137.21,137.66,2049,0
20250818,200000,137.66,138.54,137.58,138.1,2336,0
20250818,210000,138.1,140.47,137.73,139.91,2489,0
20250818,220000,139.94,141.95,138.78,139.65,10808,0
20250818,230000,139.65,140.1,139.46,139.63,1357,0
20250819,090000,140.06,140.95,140.06,140.41,4788,0
20250819,100000,140.38,140.89,139.84,140.12,6037,0
20250819,110000,140.18,140.39,139.8,140.02,1617,0
20250819,120000,140.01,140.61,139.3,139.55,2538,0
20250819,130000,139.56,139.92,139.05,139.49,1486,0
20250819,140000,139.57,140.2,139.56,140.19,1131,0
20250819,150000,140.11,140.2,139.07,139.21,3664,0
20250819,160000,139.21,139.72,139.04,139.72,1552,0
20250819,170000,139.66,139.72,139.08,139.08,492,0
20250819,180000,139.07,139.21,137.45,137.66,4125,0
20250819,190000,137.6,138.19,137.47,138,1092,0
20250819,200000,137.93,138.98,137.12,138.52,5144,0
20250819,210000,138.49,138.88,138.14,138.32,1569,0
20250819,220000,138.33,138.6,138.25,138.59,1167,0
20250819,230000,138.52,138.53,138.13,138.23,670,0
20250820,090000,138.03,138.57,137.64,138.56,924,0
20250820,100000,138.55,138.55,137.72,137.74,1897,0
20250820,110000,137.7,137.96,137.41,137.67,1394,0
20250820,120000,137.68,137.76,137.11,137.11,1360,0
20250820,130000,137.1,137.63,136.91,137.28,1496,0
20250820,140000,137.2,137.26,136.4,136.68,3166,0
20250820,150000,136.68,136.68,136.09,136.65,2654,0
20250820,160000,136.68,136.68,135.03,135.27,4404,0
20250820,170000,135.26,135.67,133.87,135.3,5223,0
20250820,180000,135.31,135.7,135.23,135.63,1783,0
20250820,190000,135.52,135.59,134.98,135.19,1876,0
20250820,200000,135.27,135.5,135.16,135.31,312,0
20250820,210000,135.22,135.58,135.17,135.5,329,0
20250820,220000,135.44,135.67,135.36,135.51,503,0
20250820,230000,135.5,135.54,135.39,135.53,332,0
20250821,090000,135.01,135.42,134.87,134.87,1044,0
20250821,100000,134.87,135,133.98,134.16,5019,0
20250821,110000,134.13,134.17,133.58,133.69,3656,0
20250821,120000,133.66,134.58,133.45,134.5,1659,0
20250821,130000,134.5,134.5,133,133.42,4265,0
20250821,140000,133.54,135.22,133.54,134.49,4065,0
20250821,150000,134.5,134.68,134.25,134.45,643,0
20250821,160000,134.29,134.29,132.83,133.02,3353,0
20250821,170000,133.02,133.13,131.79,131.98,6671,0
20250821,180000,131.97,132.21,130.67,131.08,3636,0
20250821,190000,131.23,131.62,130.82,131.2,2605,0
20250821,200000,131.4,131.61,131.06,131.61,1708,0
20250821,210000,131.61,131.65,130.85,131.04,1749,0
20250821,220000,131.21,131.29,130.7,130.76,833,0
20250821,230000,130.76,131.27,130.76,131.27,1970,0
20250822,090000,131,131.98,131,131.41,2936,0
20250822,100000,131.35,131.8,130.89,131.24,3033,0
20250822,110000,131.12,131.5,130.93,131.1,1569,0
20250822,120000,131.08,131.71,130.96,131.2,1795,0
20250822,130000,131.21,132.29,131.21,132.23,3389,0
20250822,140000,132.29,132.8,132.01,132.48,2128,0
20250822,150000,132.49,132.61,131.79,131.86,1787,0
20250822,160000,131.86,132.47,131.79,132.42,1144,0
20250822,170000,132.22,132.57,131.53,131.73,1443,0
20250822,180000,131.66,132.35,131.65,132.22,643,0
20250822,190000,132.16,132.46,131.96,132.16,1236,0
20250822,200000,132.19,132.5,131.75,132.17,613,0
20250822,210000,132.03,132.13,131.81,132.13,418,0
20250822,220000,132.03,132.49,131.91,132.19,2888,0
20250822,230000,132.2,132.72,132.2,132.62,760,0
20250823,100000,132.73,133.2,132.47,132.58,728,0
20250823,110000,132.58,132.99,132.55,132.99,295,0
20250823,120000,132.98,133,132.8,132.99,179,0
20250823,130000,132.97,133,132.7,132.91,1728,0
20250823,140000,132.99,133.04,132.66,132.77,153,0
20250823,150000,132.83,132.94,132.83,132.94,35,0
20250823,160000,132.94,132.94,132.9,132.9,19,0
20250823,170000,132.9,132.97,132.86,132.86,61,0
20250823,180000,132.92,132.95,132.84,132.9,100,0
20250824,100000,132.84,133.1,131.91,132.33,972,0
20250824,110000,132.22,132.52,132.12,132.28,439,0
20250824,120000,132.2,132.5,132.2,132.45,236,0
20250824,130000,132.3,132.42,132.19,132.42,246,0
20250824,140000,132.24,132.62,132.22,132.49,561,0
20250824,150000,132.51,132.61,132.45,132.45,124,0
20250824,160000,132.43,132.47,132.05,132.3,149,0
20250824,170000,132.3,132.46,132.16,132.39,80,0
20250824,180000,132.26,132.34,132.08,132.14,79,0
20250825,090000,132.18,132.18,131.34,131.92,2003,0
20250825,100000,131.84,132.02,131.61,131.72,2843,0
20250825,110000,131.67,131.67,130.03,130.58,4458,0
20250825,120000,130.58,131.22,130.58,130.67,1538,0
20250825,130000,130.67,131.11,130.6,131.06,849,0
20250825,140000,131.08,131.11,130.41,130.53,898,0
20250825,150000,130.5,130.67,129.87,130.28,1691,0
20250825,160000,130.29,131.45,130.13,131.29,4155,0
20250825,170000,131.4,131.79,131.19,131.27,2442,0
20250825,180000,131.3,132.26,131.25,132.15,1928,0
20250825,190000,132.35,132.92,132.33,132.72,1599,0
20250825,200000,132.78,132.84,132.3,132.61,695,0
20250825,210000,132.59,132.65,132.31,132.38,281,0
20250825,220000,132.42,132.64,132.41,132.6,71,0
20250825,230000,132.55,132.56,132.35,132.56,1205,0
20250826,090000,132.99,134.1,132.92,133.9,4059,0
20250826,100000,133.94,134.62,133.92,133.94,5231,0
20250826,110000,133.95,134.17,133.65,134,2298,0
20250826,120000,134.04,134.06,133.4,133.5,1136,0
20250826,130000,133.56,134.15,133.54,134.12,1001,0
20250826,140000,134.05,134.41,133.85,133.9,4186,0
20250826,150000,133.9,134.04,133.5,133.68,870,0
20250826,160000,133.59,133.59,132.76,132.76,2426,0
20250826,170000,132.8,133.25,132.56,132.57,3546,0
20250826,180000,132.57,132.98,132.31,132.83,1794,0
20250826,190000,132.9,133.24,132.52,132.6,1144,0
20250826,200000,132.85,133.03,132.74,132.81,214,0
20250826,210000,132.84,133.58,132.84,133.43,930,0
20250826,220000,133.35,133.5,133.1,133.5,260,0
20250826,230000,133.41,133.79,133.35,133.7,513,0
20250827,090000,133.88,133.88,133.01,133.37,1785,0
20250827,100000,133.35,134.34,133.24,133.97,1500,0
20250827,110000,134.05,134.21,133.58,133.9,879,0
20250827,120000,133.97,134.12,133.82,133.82,592,0
20250827,130000,133.92,134.08,133.79,134.03,390,0
20250827,140000,133.9,135.18,133.83,134.8,2182,0
20250827,150000,134.8,135.7,134.8,135.63,3221,0
20250827,160000,135.67,136.16,135.26,135.43,5467,0
20250827,170000,135.46,135.86,135.45,135.54,3449,0
20250827,180000,135.51,135.51,135.07,135.28,1101,0
20250827,190000,135.47,135.99,135.37,135.73,796,0
20250827,200000,135.68,136.17,135.54,135.91,1567,0
20250827,210000,135.93,136.35,135.93,136.16,1131,0
20250827,220000,136.1,136.14,135.89,136.05,372,0
20250827,230000,136.14,136.27,135.71,135.87,463,0
20250828,090000,135.91,136.08,135.59,135.66,2424,0
20250828,100000,135.63,135.87,135.03,135.04,4977,0
20250828,110000,135.11,135.4,134.93,135.13,1104,0
20250828,120000,135.06,135.4,134.82,135.3,2288,0
20250828,130000,135.36,135.65,134.58,134.8,1719,0
20250828,140000,134.8,135.01,134.64,134.66,2353,0
20250828,150000,134.77,135.41,134.72,135.37,706,0
20250828,160000,135.39,135.47,134.65,134.65,936,0
20250828,170000,134.72,135.02,134.68,134.86,411,0
20250828,180000,134.98,135.34,134.73,134.99,1826,0
20250828,190000,134.96,135.14,134.96,135,126,0
20250828,200000,135.01,135.06,132,132.93,7099,0
20250828,210000,132.94,132.98,131.85,132.83,7675,0
20250828,220000,132.84,132.84,132.11,132.22,623,0
20250828,230000,132.35,133.58,132.26,133.58,898,0
20250829,090000,133.59,134.06,133.51,133.53,3565,0
20250829,100000,133.57,134.45,133.24,134.31,6647,0
20250829,110000,134.26,134.51,133.9,134.48,633,0
20250829,120000,134.33,134.38,133.24,133.63,1532,0
20250829,130000,133.6,133.81,132.57,133.52,4003,0
20250829,140000,133.52,133.52,132.03,133.25,3854,0
20250829,150000,133.21,133.34,132.94,133.34,655,0
20250829,160000,133.32,133.63,133.1,133.13,926,0
20250829,170000,133.24,136.54,133.24,135.8,7769,0
20250829,180000,135.85,136.43,135.26,135.63,3436,0
20250829,190000,135.59,135.71,135.35,135.71,1013,0
20250829,200000,135.62,136.13,135.5,136.01,1905,0
20250829,210000,136.06,136.19,135.75,135.88,530,0
20250829,220000,135.84,135.86,135.63,135.8,238,0
20250829,230000,135.88,136.11,135.77,136.08,993,0
20250830,100000,135.83,136.29,135.8,136.29,1683,0
20250830,110000,136.32,136.43,136.12,136.22,534,0
20250830,120000,136.21,136.26,136.05,136.24,80,0
20250830,130000,136.22,136.25,135.93,136.2,228,0
20250830,140000,136.14,136.23,135.99,136.12,28,0
20250830,150000,136.16,136.22,135.96,136.16,72,0
20250830,160000,136.14,136.14,136,136.14,92,0
20250830,170000,136.01,136.17,135.95,135.95,39,0
20250830,180000,135.92,135.99,135.5,135.94,219,0
20250831,100000,136.15,136.48,136.08,136.4,171,0
20250831,110000,136.42,136.65,136.38,136.5,564,0
20250831,120000,136.47,136.55,136.31,136.31,610,0
20250831,130000,136.32,136.67,136.25,136.34,255,0
20250831,140000,136.25,136.51,136.1,136.5,974,0
20250831,150000,136.45,136.64,136.16,136.25,194,0
20250831,160000,136.27,136.44,135.87,136.41,234,0
20250831,170000,136.36,136.54,136.36,136.54,102,0
20250831,180000,136.48,136.62,136.48,136.5,131,0
20250901,080000,136.95,136.95,136.95,136.95,50,0
20250901,090000,136.95,137.65,136.95,137.27,2398,0
20250901,100000,137.25,137.36,136.1,136.2,3072,0
20250901,110000,136.13,136.56,136.12,136.4,1926,0
20250901,120000,136.47,136.72,136.06,136.06,625,0
20250901,130000,136.03,136.34,135.82,136.22,812,0
20250901,140000,136.26,136.4,136.24,136.26,347,0
20250901,150000,136.21,136.34,135.95,136.02,1003,0
20250901,160000,136.03,136.04,135.38,135.71,1590,0
20250901,170000,135.6,135.71,134.27,134.99,3890,0
20250901,180000,135.02,135.29,134.6,134.75,1909,0
20250901,190000,134.59,134.88,134.15,134.29,929,0
20250901,200000,134.33,134.84,134.15,134.77,348,0
20250901,210000,134.77,135.05,134.51,134.68,423,0
20250901,220000,134.69,135.1,134.66,135.1,421,0
20250901,230000,135.09,135.19,134.78,135.12,1102,0
20250902,080000,135.7,135.7,135.7,135.7,275,0
20250902,090000,135.7,135.98,134.14,134.24,4692,0
20250902,100000,134.16,134.53,133.35,133.99,5136,0
20250902,110000,133.96,134.42,133.5,134.29,1796,0
20250902,120000,134.26,135,133.9,134.27,1313,0
20250902,130000,134.28,134.33,133.87,134.04,1051,0
20250902,140000,134.11,134.48,134.02,134.29,316,0
20250902,150000,134.31,134.66,132.45,132.61,2564,0
20250902,160000,132.56,132.56,131.55,131.91,2810,0
20250902,170000,131.94,132.17,131.64,131.64,903,0
20250902,180000,131.63,131.65,130.62,130.96,2394,0
20250902,190000,130.95,131.56,130.9,131.46,916,0
20250902,200000,131.38,131.46,130.74,131.07,1466,0
20250902,210000,131.07,132.03,131.07,131.98,1255,0
20250902,220000,131.99,132.41,131.88,132.37,697,0
20250902,230000,132.25,132.45,132.2,132.41,472,0
20250903,080000,131.82,131.82,131.82,131.82,3,0
20250903,090000,132.13,132.28,131.71,132.21,999,0
20250903,100000,132.15,132.89,131.18,131.69,1450,0
20250903,110000,131.62,131.72,130.85,131.29,1172,0
20250903,120000,131.25,131.8,131.2,131.43,1479,0
20250903,130000,131.41,131.98,131.4,131.58,753,0
20250903,140000,131.57,132,131.5,131.77,727,0
20250903,150000,131.82,131.82,131.05,131.66,2024,0
20250903,160000,131.68,132.48,131.11,131.39,1590,0
20250903,170000,131.43,131.64,131.16,131.4,409,0
20250903,180000,131.39,131.62,131.08,131.18,953,0
20250903,190000,131.27,132.29,131.27,131.87,1234,0
20250903,200000,131.79,132.23,131.79,131.99,495,0
20250903,210000,132.08,132.24,131.91,132.21,1624,0
20250903,220000,132.21,132.63,132.21,132.55,1303,0
20250903,230000,132.55,132.55,132.27,132.34,314,0
20250904,090000,132.57,132.6,131.78,132.4,2152,0
20250904,100000,132.47,132.75,132.3,132.53,1762,0
20250904,110000,132.6,132.74,132.12,132.39,3262,0
20250904,120000,132.47,132.56,131.53,131.85,1320,0
20250904,130000,131.93,132.18,131.87,131.87,257,0
20250904,140000,131.85,131.92,131.66,131.8,413,0
20250904,150000,131.84,131.89,131.21,131.36,969,0
20250904,160000,131.33,131.93,131.22,131.78,660,0
20250904,170000,131.64,131.7,130.14,130.47,7328,0
20250904,180000,130.44,130.83,130.27,130.57,1165,0
20250904,190000,130.82,130.9,130.38,130.69,1948,0
20250904,200000,130.65,131.49,130.63,131.25,907,0
20250904,210000,131.26,131.57,131.17,131.39,906,0
20250904,220000,131.39,131.39,131.14,131.17,370,0
20250904,230000,131.25,131.4,131.1,131.1,63,0
20250905,080000,131.46,131.46,131.46,131.46,12,0
20250905,090000,131.49,131.9,131.37,131.65,1099,0
20250905,100000,131.58,131.6,131.27,131.46,1342,0
20250905,110000,131.5,132.53,131.21,132.25,1476,0
20250905,120000,132.48,132.63,131.75,132.1,1109,0
20250905,130000,132.21,132.21,131.88,132.03,334,0
20250905,140000,132.05,132.23,131.87,132.2,607,0
20250905,150000,132.24,132.42,131.95,132.42,623,0
20250905,160000,132.43,132.48,132.06,132.4,903,0
20250905,170000,132.4,132.56,132.1,132.12,1193,0
20250905,180000,132.18,132.37,131.97,132.09,598,0
20250905,190000,132.16,132.3,132,132.18,370,0
20250905,200000,132.29,132.46,132.13,132.14,677,0
20250905,210000,132.16,132.18,132.01,132.08,495,0
20250905,220000,132.15,132.24,132.11,132.19,140,0
20250905,230000,132.16,132.23,132.03,132.19,332,0
20250906,100000,132.23,132.43,132.06,132.41,374,0
20250906,110000,132.41,132.41,132.03,132.05,52,0
20250906,120000,132.3,132.3,132.2,132.2,21,0
20250906,130000,132.2,132.23,132.2,132.22,10,0
20250906,140000,132.18,132.22,131.83,131.97,163,0
20250906,150000,132.1,132.14,132.06,132.08,26,0
20250906,160000,132.1,132.16,132.01,132.01,25,0
20250906,170000,132,132.22,131.94,132.09,542,0
20250906,180000,132.11,132.34,132,132.34,477,0
20250907,100000,132.26,132.4,132.14,132.15,363,0
20250907,110000,132.15,132.34,132.14,132.27,34,0
20250907,120000,132.37,132.49,132.27,132.27,29,0
20250907,130000,132.36,132.53,132.36,132.53,44,0
20250907,140000,132.53,132.86,132.47,132.6,195,0
20250907,150000,132.57,132.63,132.53,132.57,22,0
20250907,160000,132.68,132.81,132.31,132.39,158,0
20250907,170000,132.5,132.62,132.45,132.57,57,0
20250907,180000,132.55,132.77,132.55,132.66,21,0
20250908,080000,132.7,132.7,132.7,132.7,5,0
20250908,090000,132.7,133.5,132.7,133.21,2089,0
20250908,100000,133.23,133.65,133.1,133.39,1320,0
20250908,110000,133.39,134.26,133.39,134.08,3331,0
20250908,120000,134.08,134.08,133.63,133.9,859,0
20250908,130000,133.9,133.9,133.23,133.46,762,0
20250908,140000,133.45,133.54,133.27,133.54,320,0
20250908,150000,133.52,133.52,132.9,132.98,1426,0
20250908,160000,132.87,133.34,132.83,133.17,1524,0
20250908,170000,133.16,133.44,133.14,133.22,675,0
20250908,180000,133.21,133.45,133.02,133.44,569,0
20250908,190000,133.45,133.95,133.41,133.7,1119,0
20250908,200000,133.7,133.77,133.54,133.54,343,0
20250908,210000,133.52,133.84,133.44,133.84,493,0
20250908,220000,133.78,133.82,133.64,133.82,360,0
20250908,230000,133.75,133.83,133.7,133.7,533,0
20250909,080000,134.15,134.15,134.15,134.15,15,0
20250909,090000,133.94,134.26,133.55,133.78,1399,0
20250909,100000,133.78,134.01,133.6,133.76,737,0
20250909,110000,133.89,133.92,133.31,133.36,929,0
20250909,120000,133.32,133.43,132.88,133.08,739,0
20250909,130000,133.06,133.12,132.74,132.83,1461,0
20250909,140000,132.87,133.26,132.82,132.96,1781,0
20250909,150000,132.99,133.08,132.75,132.93,868,0
20250909,160000,132.9,133.63,132.87,133.14,1129,0
20250909,170000,133.09,133.38,133.04,133.38,211,0
20250909,180000,133.37,133.75,133.35,133.65,822,0
20250909,190000,133.44,133.59,133.27,133.37,876,0
20250909,200000,133.4,133.62,133.15,133.56,454,0
20250909,210000,133.59,133.77,133.55,133.73,625,0
20250909,220000,133.75,133.75,133.54,133.54,337,0
20250909,230000,133.59,133.9,133.58,133.83,250,0
20250910,090000,132.75,132.92,132.07,132.19,2538,0
20250910,100000,132.2,132.83,132.07,132.66,1776,0
20250910,110000,132.66,132.95,132.18,132.25,2348,0
20250910,120000,132.23,132.27,131.7,132.1,3042,0
20250910,130000,132.1,132.1,131.37,131.5,1765,0
20250910,140000,131.5,132,131.31,131.38,1365,0
20250910,150000,131.31,131.41,130.81,131.02,2107,0
20250910,160000,130.98,131.31,130.9,131.17,2156,0
20250910,170000,131.13,131.31,131.02,131.28,911,0
20250910,180000,131.3,131.41,130.3,130.42,2816,0
20250910,190000,130.42,131.04,130.2,130.93,2425,0
20250910,200000,130.93,131.37,130.64,131.28,966,0
20250910,210000,131.16,131.31,131.09,131.21,563,0
20250910,220000,131.11,131.11,130.78,130.85,343,0
20250910,230000,130.87,131.05,130.87,130.96,318,0
20250911,080000,131.22,131.22,131.22,131.22,15,0
20250911,090000,131.01,131.37,130.96,131.06,1047,0
20250911,100000,131.06,131.19,130.05,130.16,1297,0
20250911,110000,130.06,130.06,129.19,129.94,2677,0
20250911,120000,129.94,130.1,129.76,129.86,2279,0
20250911,130000,129.86,129.97,129.35,129.91,1474,0
20250911,140000,129.83,130.72,129.55,130.45,3213,0
20250911,150000,130.42,130.5,129.89,129.99,960,0
20250911,160000,130.06,130.56,129.72,130.56,1441,0
20250911,170000,130.53,131.06,130.44,130.59,1561,0
20250911,180000,130.59,130.7,130.27,130.52,775,0
20250911,190000,130.52,130.82,130.32,130.38,679,0
20250911,200000,130.37,130.52,130.12,130.44,288,0
20250911,210000,130.46,130.74,130.35,130.54,749,0
20250911,220000,130.5,130.52,130.35,130.46,651,0
20250911,230000,130.51,130.52,130.33,130.37,329,0
20250912,080000,130.44,130.44,130.44,130.44,5,0
20250912,090000,130.52,130.95,129.95,129.99,795,0
20250912,100000,129.99,130.13,129.61,129.85,820,0
20250912,110000,129.72,129.96,129.52,129.71,1008,0
20250912,120000,129.7,129.75,129.51,129.71,2942,0
20250912,130000,129.74,130.4,126.3,128.58,20312,0
20250912,140000,128.58,129.59,128,128.1,3240,0
20250912,150000,128.09,128.18,126.13,126.75,19554,0
20250912,160000,126.7,126.98,125.8,126.06,13243,0
20250912,170000,126.04,126.58,125.54,125.62,3050,0
20250912,180000,125.63,126.2,125.61,125.93,3531,0
20250912,190000,126.25,126.25,125.04,125.63,4557,0
20250912,200000,125.61,125.82,125.49,125.66,1339,0
20250912,210000,125.66,125.98,125.63,125.92,1092,0
20250912,220000,125.92,125.92,125.61,125.62,1675,0
20250912,230000,125.67,125.79,125.67,125.74,211,0
20250913,090000,125.59,125.59,125.59,125.59,10,0
20250913,100000,125.59,125.63,125.36,125.55,196,0
20250913,110000,125.49,125.97,125.24,125.97,131,0
20250913,120000,125.88,125.99,125.58,125.72,45,0
20250913,130000,125.63,125.84,125.59,125.67,84,0
20250913,140000,125.72,125.72,125.39,125.62,179,0
20250913,150000,125.68,125.68,125.68,125.68,4,0
20250913,160000,125.68,125.68,125.5,125.53,36,0
20250913,170000,125.51,125.51,125.09,125.38,214,0
20250913,180000,125.37,125.44,125.2,125.24,71,0
20250914,100000,125.28,125.55,125.22,125.55,119,0
20250914,110000,125.51,125.74,125.19,125.6,2352,0
20250914,120000,125.41,125.42,125.31,125.4,498,0
20250914,130000,125.62,125.77,125.49,125.76,94,0
20250914,140000,125.79,126.28,125.79,126.25,3126,0
20250914,150000,126.3,126.51,126.13,126.13,1561,0
20250914,160000,126.17,126.51,126.17,126.46,310,0
20250914,170000,126.47,126.81,126.33,126.59,667,0
20250914,180000,126.59,126.72,126.18,126.18,311,0
20250915,080000,125.94,125.94,125.94,125.94,7,0
20250915,090000,125.94,126.02,125.24,125.34,2505,0
20250915,100000,125.37,126.08,125.32,125.78,1786,0
20250915,110000,125.75,125.82,124.31,124.62,17232,0
20250915,120000,124.47,124.58,123.9,124.35,9042,0
20250915,130000,124.28,124.41,123.7,123.8,6768,0
20250915,140000,123.75,124.65,123.63,124.52,4255,0
20250915,150000,124.55,125.19,124.05,124.3,4716,0
20250915,160000,124.21,124.33,123.74,123.8,4164,0
20250915,170000,123.8,124.44,123.66,124.18,3280,0
20250915,180000,124.23,124.34,124.11,124.11,1216,0
20250915,190000,124.27,124.72,124.19,124.53,746,0
20250915,200000,124.61,124.61,124.4,124.44,259,0
20250915,210000,124.35,124.35,124.03,124.23,434,0
20250915,220000,124.16,124.35,123.91,124.34,1235,0
20250915,230000,124.36,124.46,124.2,124.36,551,0
20250916,080000,125.05,125.05,125.05,125.05,40,0
20250916,090000,125.05,125.55,124.69,124.76,2236,0
20250916,100000,124.71,125.34,124.53,124.83,6750,0
20250916,110000,124.84,125.06,123.24,123.95,6494,0
20250916,120000,123.86,124.03,122.46,122.71,8325,0
20250916,130000,122.71,122.95,122,122.78,9929,0
20250916,140000,122.76,122.92,122.4,122.56,2054,0
20250916,150000,122.56,122.67,122.37,122.64,4136,0
20250916,160000,122.55,123.22,122.36,122.87,5008,0
20250916,170000,122.85,123.7,122.84,123.41,4684,0
20250916,180000,123.39,123.51,123.17,123.3,1240,0
20250916,190000,123.27,123.62,123.27,123.61,802,0
20250916,200000,123.41,123.47,123.23,123.37,228,0
20250916,210000,123.35,123.47,123.34,123.37,833,0
20250916,220000,123.37,123.4,123.05,123.09,565,0
20250916,230000,123.05,123.12,122.78,122.95,972,0
20250917,090000,122.98,123.15,122.32,122.49,2309,0
20250917,100000,122.49,122.77,122.11,122.42,3822,0
20250917,110000,122.43,122.62,122.15,122.26,3570,0
20250917,120000,122.28,122.71,122.19,122.3,1577,0
20250917,130000,122.27,123.53,122.23,123.11,6442,0
20250917,140000,123.14,123.24,122.82,122.82,1091,0
20250917,150000,122.82,123.27,122.79,123.2,978,0
20250917,160000,123.17,123.4,123.04,123.14,2102,0
20250917,170000,123.25,124.8,123.25,124.56,5402,0
20250917,180000,124.59,125.25,124.37,124.78,3595,0
20250917,190000,124.87,125.67,124.87,124.97,2884,0
20250917,200000,125.04,125.22,124.87,124.98,623,0
20250917,210000,125.05,125.44,124.9,125.24,1182,0
20250917,220000,125.2,125.4,125.11,125.32,939,0
20250917,230000,125.31,125.36,125.18,125.3,884,0
20250918,080000,125.05,125.05,125.05,125.05,6,0
20250918,090000,125.01,125.05,124.46,124.63,2053,0
20250918,100000,124.69,124.73,124.05,124.22,10350,0
20250918,110000,124.19,124.95,124.13,124.58,11367,0
20250918,120000,124.58,124.63,124.05,124.09,2616,0
20250918,130000,124.07,124.13,123.47,123.57,4220,0
20250918,140000,123.56,123.59,123,123.1,2212,0
20250918,150000,123.04,123.41,122.52,123.1,3152,0
20250918,160000,123.1,123.32,122.59,122.7,1395,0
20250918,170000,122.66,123.62,122.62,123.1,5092,0
20250918,180000,123.05,123.58,122.71,123.28,3118,0
20250918,190000,123.36,123.7,123.21,123.22,1800,0
20250918,200000,123.28,123.4,122.85,122.89,2009,0
20250918,210000,122.89,123.04,122.63,123.04,961,0
20250918,220000,123.12,123.13,122.98,122.98,378,0
20250918,230000,123.01,123.24,122.7,123.1,2552,0
20250919,080000,122.6,122.6,122.6,122.6,50,0
20250919,090000,122.6,123.43,122.52,123.29,2089,0
20250919,100000,123.32,123.98,123.12,123.41,5078,0
20250919,110000,123.39,123.45,122.8,122.91,4776,0
20250919,120000,122.99,123.38,122.81,122.9,788,0
20250919,130000,123.08,123.2,122.22,122.49,5324,0
20250919,140000,122.5,123.29,122.03,123.16,6117,0
20250919,150000,123.16,123.26,122.69,123.04,3062,0
20250919,160000,122.98,123.59,122.83,122.87,6116,0
20250919,170000,122.87,122.87,121.59,121.9,7891,0
20250919,180000,121.88,121.98,120.6,121.42,19616,0
20250919,190000,121.1,121.2,118.6,121.14,10490,0
20250919,200000,121.13,121.64,120.71,121.1,2992,0
20250919,210000,121.14,121.28,120.96,120.97,1037,0
20250919,220000,120.93,120.99,120.72,120.73,2097,0
20250919,230000,120.72,120.84,120.43,120.47,638,0
20250922,080000,120.85,120.85,120.85,120.85,11,0
20250922,090000,120.85,120.94,118.25,120.04,6182,0
20250922,100000,119.91,120.76,118.68,120.04,14685,0
20250922,110000,120.01,120.13,119.48,120,8567,0
20250922,120000,119.96,119.96,118.55,118.77,11955,0
20250922,130000,118.74,118.89,117.92,118.43,6334,0
20250922,140000,118.42,120.06,118.31,119.4,9122,0
20250922,150000,119.44,120.01,119.18,119.21,3417,0
20250922,160000,119.2,119.22,118.75,118.81,2163,0
20250922,170000,118.81,119.89,118.45,119.73,3665,0
20250922,180000,119.72,120.29,119.49,119.68,4607,0
20250922,190000,119.69,120.8,118.35,119.88,5600,0
20250922,200000,119.9,120.32,119.47,120.1,1981,0
20250922,210000,120.15,120.38,119.94,120.21,1790,0
20250922,220000,120.21,120.21,119.83,119.94,622,0
20250922,230000,119.88,119.89,119.52,119.89,720,0
20250923,080000,119.49,119.49,119.49,119.49,54,0
20250923,090000,119.47,119.99,119.2,119.92,1256,0
20250923,100000,119.9,120.3,119.29,119.75,2690,0
20250923,110000,119.94,120.62,119.38,120.41,3165,0
20250923,120000,120.48,121.28,120.39,121.03,5874,0
20250923,130000,121.04,121.27,120.77,121.21,2245,0
20250923,140000,121.24,121.65,120.79,121.12,5949,0
20250923,150000,121.11,121.4,120.52,120.72,2412,0
20250923,160000,120.78,121.5,120.74,121.07,2341,0
20250923,170000,121.01,121.25,120.3,120.48,2315,0
20250923,180000,120.51,120.89,120.37,120.63,884,0
20250923,190000,120.65,120.77,119.94,120.11,1373,0
20250923,200000,120.06,120.3,119.74,119.74,1661,0
20250923,210000,119.76,119.99,118.91,119.04,2226,0
20250923,220000,119.09,119.16,116.87,117.07,18812,0
20250923,230000,117.08,117.77,117.08,117.45,4467,0
20250924,080000,117.65,117.65,117.65,117.65,20,0
20250924,090000,117.64,117.9,116.2,116.63,10920,0
20250924,100000,116.62,117.49,116.14,117.44,4153,0
20250924,110000,117.42,118.89,117.29,118.73,7420,0
20250924,120000,118.65,119,118.23,118.5,3637,0
20250924,130000,118.62,118.64,117.9,118.21,1575,0
20250924,140000,118.01,119.58,118.01,119.3,5037,0
20250924,150000,119.31,119.59,118.8,118.99,6082,0
20250924,160000,118.82,119.73,118.66,119.26,3427,0
20250924,170000,119.36,119.53,118.72,119.27,1404,0
20250924,180000,119.27,119.42,118.74,118.75,830,0
20250924,190000,118.9,119.1,118.5,118.91,882,0
20250924,200000,119.12,119.12,118.79,118.87,301,0
20250924,210000,118.95,119.01,118.63,118.7,168,0
20250924,220000,118.74,119.04,118.69,119.01,432,0
20250924,230000,119.04,119.08,118.95,119.08,661,0
20250925,090000,119.07,119.31,118.83,119.18,2627,0
20250925,100000,119.21,119.22,118.23,118.56,5319,0
20250925,110000,118.5,119.28,118.28,119.2,2742,0
20250925,120000,119.14,119.6,118.94,119.04,868,0
20250925,130000,119.13,119.13,118.64,118.95,1050,0
20250925,140000,118.88,119.19,118.76,119.19,389,0
20250925,150000,119.18,119.18,118.8,118.85,241,0
20250925,160000,118.83,118.99,118.37,118.42,892,0
20250925,170000,118.45,118.7,118.05,118.4,1472,0
20250925,180000,118.47,118.54,117.59,117.7,3598,0
20250925,190000,117.6,117.78,117.05,117.65,2260,0
20250925,200000,117.66,117.71,117.43,117.53,3163,0
20250925,210000,117.5,117.6,117.28,117.56,912,0
20250925,220000,117.52,117.79,117.47,117.73,1360,0
20250925,230000,117.74,117.96,117.61,117.93,1201,0
20250926,080000,117.42,117.42,117.42,117.42,5,0
20250926,090000,117.53,118.35,117.49,118.11,1708,0
20250926,100000,118.07,118.23,117.62,117.7,2469,0
20250926,110000,117.68,117.9,117.31,117.39,2780,0
20250926,120000,117.35,118.53,117.31,118.52,2317,0
20250926,130000,118.55,119,118.3,118.88,2393,0
20250926,140000,118.81,118.92,118.32,118.86,3287,0
20250926,150000,118.86,118.89,118.16,118.62,3091,0
20250926,160000,118.56,118.8,118.3,118.51,2658,0
20250926,170000,118.51,119.51,118,119.34,3307,0
20250926,180000,119.36,120.51,118.89,120.4,6048,0
20250926,190000,120.14,120.7,120.1,120.3,4194,0
20250926,200000,120.3,120.36,119.9,120.24,1383,0
20250926,210000,120.3,120.71,119.95,120.34,3390,0
20250926,220000,120.36,120.36,119.98,120.01,1470,0
20250926,230000,120.07,120.36,120.06,120.36,212,0
20250927,100000,120.31,120.41,119.84,119.96,901,0
20250927,110000,119.96,120.1,119.95,119.97,105,0
20250927,120000,120.02,120.37,120.02,120.23,112,0
20250927,130000,120.19,120.24,120.19,120.24,7,0
20250927,140000,120.22,120.4,120.07,120.4,164,0
20250927,150000,120.21,120.45,120.21,120.25,116,0
20250927,170000,120.27,120.41,120.24,120.41,5,0
20250927,180000,120.35,120.37,120.35,120.37,22,0
20250928,100000,120.24,120.46,119.97,119.98,213,0
20250928,110000,119.97,120.11,119.97,120,53,0
20250928,120000,120.01,120.1,119.84,119.89,328,0
20250928,130000,119.89,120,119.52,120,518,0
20250928,140000,120,120.01,119.9,120.01,36,0
20250928,150000,120.02,120.04,119.93,119.93,10,0
20250928,160000,120.03,120.25,120,120,37,0
20250928,170000,120.23,120.23,120.02,120.02,9,0
20250928,180000,119.94,119.94,119.84,119.84,17,0
20250929,080000,119.71,119.71,119.71,119.71,2,0
20250929,090000,119.55,119.58,119.19,119.33,3482,0
20250929,100000,119.26,120.34,119.19,120.25,3010,0
20250929,110000,120.3,120.87,120.1,120.23,5501,0
20250929,120000,120.39,120.78,119.77,119.86,1294,0
20250929,130000,119.9,120.27,119.49,119.97,836,0
20250929,140000,119.78,119.98,119.27,119.58,1764,0
20250929,150000,119.54,119.8,119.22,119.49,868,0
20250929,160000,119.5,119.75,118.43,118.72,2447,0
20250929,170000,118.7,118.74,118,118.01,2439,0
20250929,180000,118.01,118.01,116.62,116.96,5724,0
20250929,190000,116.98,117.69,116.91,117.3,3294,0
20250929,200000,117.37,117.5,117,117.5,896,0
20250929,210000,117.42,117.43,116.71,117.3,1517,0
20250929,220000,117.23,117.42,117,117.26,3460,0
20250929,230000,117.31,117.4,117.16,117.23,512,0
20250930,090000,117.36,117.5,116.81,117.26,2121,0
20250930,100000,117.18,117.51,116.2,117.44,7212,0
20250930,110000,117.31,117.43,116.94,117,2325,0
20250930,120000,116.99,117.33,116.51,117.24,3170,0
20250930,130000,117.18,118,116.99,117.78,2526,0
20250930,140000,117.62,118.13,117.35,117.35,2911,0
20250930,150000,117.35,118,116.97,117.63,1212,0
20250930,160000,117.55,118.34,117.24,118.28,3440,0
20250930,170000,118.29,118.38,117.71,117.96,1215,0
20250930,180000,117.98,118.58,117.85,118.46,1431,0
20250930,190000,118.27,118.49,117.88,117.88,914,0
20250930,200000,117.9,118.16,117.83,118.1,395,0
20250930,210000,118.1,118.33,118.01,118.31,388,0
20250930,220000,118.31,118.32,118.17,118.17,355,0
20250930,230000,118.26,118.45,118.21,118.38,130,0
20251001,080000,118.5,118.5,118.5,118.5,1,0
20251001,090000,118.54,119.52,118.5,118.86,1616,0
20251001,100000,118.8,118.95,118.33,118.4,1010,0
20251001,110000,118.34,119.13,118.33,118.68,4493,0
20251001,120000,118.74,118.89,118.3,118.59,1302,0
20251001,130000,118.66,118.69,117.13,117.59,3838,0
20251001,140000,117.6,117.66,116.83,117.14,1465,0
20251001,150000,117.11,117.53,116.57,117.26,3575,0
20251001,160000,117.19,117.63,116.88,117.33,1913,0
20251001,170000,117.38,117.38,115.7,116.64,7521,0
20251001,180000,116.59,117.01,116.12,116.25,2677,0
20251001,190000,116.3,116.51,116.02,116.12,1582,0
20251001,200000,116.14,116.45,116.08,116.38,948,0
20251001,210000,116.36,116.41,116.1,116.3,767,0
20251001,220000,116.29,116.56,116.24,116.47,1077,0
20251001,230000,116.53,116.82,116.53,116.66,162,0
20251002,080000,116.07,116.07,116.07,116.07,20,0
20251002,090000,116.07,116.35,115.82,116.14,2420,0
20251002,100000,116.09,117.07,115.76,116.79,6805,0
20251002,110000,116.83,117.14,116.32,116.4,1451,0
20251002,120000,116.37,117.07,116.06,116.92,1947,0
20251002,130000,116.96,117.02,116.49,116.61,1853,0
20251002,140000,116.56,117.51,116.4,117.42,1983,0
20251002,150000,117.46,117.55,117.03,117.05,921,0
20251002,160000,117.14,117.23,116.72,116.88,1407,0
20251002,170000,116.9,117.58,116.86,117.27,1174,0
20251002,180000,117.22,117.32,116.5,116.7,1924,0
20251002,190000,116.66,117.09,116.6,116.92,1101,0
20251002,200000,116.84,116.86,116.52,116.77,412,0
20251002,210000,116.75,116.75,115.94,116.1,987,0
20251002,220000,116.1,116.98,116.03,116.78,875,0
20251002,230000,116.74,116.78,116.36,116.47,363,0
20251003,080000,116.35,116.35,116.35,116.35,2,0
20251003,090000,116.65,117.03,116.52,117.02,1221,0
20251003,100000,116.99,117.26,116.96,117.01,1865,0
20251003,110000,117,117.26,116.73,116.78,2093,0
20251003,120000,116.77,116.79,116.01,116.01,2843,0
20251003,130000,116.07,116.53,116,116.52,4640,0
20251003,140000,116.3,116.7,116.12,116.2,2347,0
20251003,150000,116.23,116.7,116.05,116.58,1464,0
20251003,160000,116.53,116.53,116,116.03,2194,0
20251003,170000,116.16,116.42,115.75,116.33,2837,0
20251003,180000,116.33,116.4,116.01,116.03,1593,0
20251003,190000,116.05,116.14,115.11,115.36,4621,0
20251003,200000,115.4,115.54,115.11,115.42,2129,0
20251003,210000,115.38,115.77,115.3,115.65,3501,0
20251003,220000,115.64,115.71,115.45,115.65,692,0
20251003,230000,115.55,115.58,115.37,115.37,646,0
20251004,090000,115.32,115.32,115.32,115.32,2,0
20251004,100000,115.3,115.73,114.12,114.46,2749,0
20251004,110000,114.47,114.63,114.13,114.39,1163,0
20251004,120000,114.37,114.64,114.24,114.28,1210,0
20251004,130000,114.29,114.43,113.73,114,2140,0
20251004,140000,114.18,114.3,113.77,114.23,961,0
20251004,150000,114.25,114.5,114.13,114.5,441,0
20251004,160000,114.48,114.48,114.02,114.27,228,0
20251004,170000,114.19,114.47,114.01,114.19,353,0
20251004,180000,114.33,114.49,114.13,114.46,566,0
20251005,090000,114.47,114.47,114.47,114.47,19,0
20251005,100000,114.46,114.47,113.82,114.37,657,0
20251005,110000,114.23,114.58,114.14,114.49,641,0
20251005,120000,114.35,114.58,114.23,114.56,299,0
20251005,130000,114.35,114.55,114.34,114.51,62,0
20251005,140000,114.51,114.86,114.51,114.61,228,0
20251005,150000,114.67,114.67,114.42,114.42,140,0
20251005,160000,114.57,114.69,114.55,114.63,37,0
20251005,170000,114.57,114.89,114.57,114.83,424,0
20251005,180000,114.85,115.34,114.85,115.31,574,0
20251006,080000,115.3,115.3,115.3,115.3,10,0
20251006,090000,115.28,115.3,114.75,114.83,1648,0
20251006,100000,114.84,116.54,114.57,116.24,13744,0
20251006,110000,116.25,116.38,115.78,116.04,2529,0
20251006,120000,116.12,117.3,116.08,117.17,2963,0
20251006,130000,117.2,117.46,116.72,116.96,5427,0
20251006,140000,116.93,117.01,116.37,116.4,4086,0
20251006,150000,116.3,116.69,115.87,116.48,4433,0
20251006,160000,116.48,119.03,116.45,118.96,6744,0
20251006,170000,118.99,119.33,118.41,118.46,16174,0
20251006,180000,118.45,119.61,118.44,119.3,3009,0
20251006,190000,119.35,119.59,118.98,119.59,2137,0
20251006,200000,119.49,119.51,118.56,118.94,3661,0
20251006,210000,118.91,119.44,118.68,119.19,2413,0
20251006,220000,119.19,119.3,119.1,119.25,4204,0
20251006,230000,119.25,119.55,119.07,119.17,1726,0
20251007,090000,119.36,119.53,118.15,118.61,6037,0
20251007,100000,118.61,119.68,117.92,119.23,9238,0
20251007,110000,119.24,120.32,119.24,119.94,5461,0
20251007,120000,120.01,120.08,119.34,119.99,1657,0
20251007,130000,119.99,120.04,119.48,119.8,809,0
20251007,140000,119.82,119.84,118.71,119.06,2306,0
20251007,150000,119,119.38,118.35,119.18,3268,0
20251007,160000,119.08,119.08,118.55,119,1113,0
20251007,170000,118.96,118.96,118.46,118.73,2143,0
20251007,180000,118.67,119.19,118.57,118.93,3770,0
20251007,190000,118.86,118.87,118.25,118.54,5835,0
20251007,200000,118.55,118.9,118.55,118.75,554,0
20251007,210000,118.75,118.84,118.48,118.57,178,0
20251007,220000,118.5,118.77,118.4,118.77,96,0
20251007,230000,118.78,118.96,118.72,118.92,216,0
20251008,080000,118.77,118.77,118.77,118.77,8,0
20251008,090000,118.7,119.05,118.4,119.05,1399,0
20251008,100000,119.08,119.56,117.92,118.14,1787,0
20251008,110000,118.03,118.22,117.53,117.89,5062,0
20251008,120000,117.82,117.82,116.73,117.34,5058,0
20251008,130000,117.34,117.39,116.41,116.7,2905,0
20251008,140000,116.64,117.43,116.34,116.82,2797,0
20251008,150000,116.76,116.99,115.93,115.98,2585,0
20251008,160000,115.93,116.09,115.32,115.36,4541,0
20251008,170000,115.32,115.65,114,114.3,7341,0
20251008,180000,114.17,115.08,113.6,114.29,11403,0
20251008,190000,114.2,114.91,113.61,114.49,3095,0
20251008,200000,114.53,115.11,114.53,114.85,2147,0
20251008,210000,114.8,115.28,114.73,115.07,1537,0
20251008,220000,114.99,114.99,113.7,114.69,2353,0
20251008,230000,114.62,114.72,114.42,114.42,430,0
20251009,090000,114.61,114.64,113.64,114.55,2523,0
20251009,100000,114.57,115.39,114.12,114.58,10447,0
20251009,110000,114.58,114.77,112,113.5,16120,0
20251009,120000,113.42,116.67,113.25,115.54,13420,0
20251009,130000,115.58,116.47,115.29,115.29,3611,0
20251009,140000,115.41,115.86,114.76,115.7,2988,0
20251009,150000,115.72,116.35,115.49,115.68,1764,0
20251009,160000,115.65,117.48,115.51,117.23,9768,0
20251009,170000,117.28,117.71,116.9,117.55,4909,0
20251009,180000,117.57,117.91,117.41,117.41,5432,0
20251009,190000,117.2,117.45,115.5,116.75,3240,0
20251009,200000,116.73,117.55,116.69,117.53,798,0
20251009,210000,117.53,117.55,117.11,117.46,996,0
20251009,220000,117.41,117.53,117.16,117.44,864,0
20251009,230000,117.35,117.65,117.08,117.19,1336,0
20251010,090000,117.19,117.19,116.62,117.13,1517,0
20251010,100000,116.94,117.11,116.14,116.66,3809,0
20251010,110000,116.7,118.16,116.48,117.81,5644,0
20251010,120000,117.84,117.98,117.24,117.36,2011,0
20251010,130000,117.32,117.4,115.84,116.34,4244,0
20251010,140000,116.4,116.71,116.07,116.34,1795,0
20251010,150000,116.27,117.63,116.02,116.5,5909,0
20251010,160000,116.56,116.86,115.31,115.82,6442,0
20251010,170000,115.67,117.31,115.3,116.28,5396,0
20251010,180000,116.22,116.45,115.55,116.05,826,0
20251010,190000,116.05,117.1,115.9,116.23,852,0
20251010,200000,116.22,116.22,115.98,116.12,194,0
20251010,210000,116.06,116.18,115.92,115.92,623,0
20251010,220000,115.93,116.03,115.51,115.51,1744,0
20251010,230000,115.51,115.6,115.41,115.42,1143,0
20251011,090000,115.35,115.35,115.35,115.35,30,0
20251011,100000,115.35,115.5,112.8,115.37,2713,0
20251011,110000,115.21,115.6,114.2,115.28,1421,0
20251011,120000,115.33,115.64,115.28,115.64,315,0
20251011,130000,115.67,115.89,115.55,115.7,235,0
20251011,140000,115.71,115.83,115.48,115.63,125,0
20251011,150000,115.66,115.75,115.42,115.68,295,0
20251011,160000,115.71,115.75,115.62,115.69,78,0
20251011,170000,115.77,115.82,115.59,115.65,37,0
20251011,180000,115.6,115.82,115.54,115.82,186,0
20251012,100000,115.57,116.38,114.99,116.06,1670,0
20251012,110000,116.01,116.29,116.01,116.29,290,0
20251012,120000,116.22,116.55,116.12,116.54,744,0
20251012,130000,116.56,116.6,116.14,116.18,217,0
20251012,140000,116.23,116.36,116,116.26,155,0
20251012,150000,116.37,116.42,116.11,116.24,130,0
20251012,160000,116.24,116.32,115.98,116.01,506,0
20251012,170000,116.06,116.15,115.94,116.08,150,0
20251012,180000,116.14,116.2,116.07,116.15,33,0
20251013,090000,116.25,117.25,115.99,116.98,1991,0
20251013,100000,116.99,117.6,115.52,115.52,3996,0
20251013,110000,115.51,116.51,115.2,116.36,3644,0
20251013,120000,116.43,116.5,115.47,116,971,0
20251013,130000,116.01,116.01,115.26,115.57,1845,0
20251013,140000,115.46,116.1,114.56,115.97,10123,0
20251013,150000,116.06,117.44,116.02,116.8,4331,0
20251013,160000,116.85,117.1,116.19,116.57,1874,0
20251013,170000,116.58,116.73,115.48,115.83,6770,0
20251013,180000,115.76,116.19,115.68,115.89,916,0
20251013,190000,115.91,116.27,115.78,116.09,1058,0
20251013,200000,116.24,116.38,116.09,116.14,814,0
20251013,210000,116.21,116.21,115.82,116,193,0
20251013,220000,115.89,116,115.82,115.86,415,0
20251013,230000,115.92,116.04,115.91,116.04,94,0
20251014,090000,116.1,116.3,115.9,116.13,432,0
20251014,100000,116.1,116.29,115.67,115.71,4979,0
20251014,110000,115.71,116.08,115.64,115.86,673,0
20251014,120000,115.85,116.43,115.78,115.97,1121,0
20251014,130000,115.96,116.34,115.82,116.2,583,0
20251014,140000,116.21,116.4,115.92,116.1,445,0
20251014,150000,116.14,116.32,115.11,115.47,2377,0
20251014,160000,115.38,115.38,114.38,114.83,4249,0
20251014,170000,114.81,115.55,114.6,115.13,1955,0
20251014,180000,115.13,115.64,115.08,115.24,2787,0
20251014,190000,115.19,115.26,114.87,115.08,1978,0
20251014,200000,115.08,115.21,115.05,115.2,337,0
20251014,210000,115.16,115.21,114.94,115.12,636,0
20251014,220000,115.18,115.2,114.83,115.01,537,0
20251014,230000,115.04,115.57,115.04,115.47,873,0
20251015,080000,115.2,115.2,115.2,115.2,30,0
20251015,090000,115.51,115.69,114.99,115.37,656,0
20251015,100000,115.28,115.48,114.69,114.86,1129,0
20251015,110000,114.8,115.29,114.8,114.86,482,0
20251015,120000,114.82,115.89,114.8,115.41,2295,0
20251015,130000,115.38,116.53,115.38,116.07,6219,0
20251015,140000,116.01,116.98,115.84,116.83,2687,0
20251015,150000,116.9,117.38,116.5,117.3,3719,0
20251015,160000,117.34,117.39,116.05,116.05,3437,0
20251015,170000,116,116.3,115.35,115.36,3863,0
20251015,180000,115.31,115.7,115.31,115.5,701,0
20251015,190000,115.51,115.84,115.43,115.63,582,0
20251015,200000,115.59,115.62,115.13,115.28,1080,0
20251015,210000,115.27,115.56,115.25,115.38,328,0
20251015,220000,115.4,115.61,115.37,115.46,505,0
20251015,230000,115.53,115.6,115.39,115.43,254,0
20251016,090000,115.36,115.79,115.21,115.45,2156,0
20251016,100000,115.39,115.99,115,115.84,4002,0
20251016,110000,115.79,116.16,115.07,115.23,3305,0
20251016,120000,115.23,115.92,115.15,115.7,2771,0
20251016,130000,115.68,115.7,115.3,115.46,2687,0
20251016,140000,115.45,116.03,115.44,115.58,2269,0
20251016,150000,115.66,116.16,115.53,116.12,1951,0
20251016,160000,116.15,116.31,115.79,115.98,3307,0
20251016,170000,115.93,119.45,115.81,118.65,23620,0
20251016,180000,118.81,118.9,116.5,118.3,9270,0
20251016,190000,118.3,118.88,117.32,117.97,3397,0
20251016,200000,118.02,124.67,118.02,123.4,23377,0
20251016,210000,123.5,123.52,122.37,122.88,4220,0
20251016,220000,122.93,123.35,122.75,122.86,5042,0
20251016,230000,122.89,125,122.89,124.62,5577,0
20251017,080000,123.52,123.52,123.52,123.52,100,0
20251017,090000,123.52,123.59,122.65,123.1,4784,0
20251017,100000,123.09,124.64,123.01,123.61,3740,0
20251017,110000,123.6,124.2,123.42,123.74,1494,0
20251017,120000,123.74,123.93,123.14,123.8,708,0
20251017,130000,123.84,123.84,123.25,123.46,466,0
20251017,140000,123.52,124.33,123.48,123.9,4954,0
20251017,150000,123.98,125.45,123.82,124.97,4958,0
20251017,160000,124.99,125.18,123.77,124.5,2959,0
20251017,170000,124.5,124.52,123.42,123.51,3083,0
20251017,180000,123.62,124.89,123.61,124.73,2491,0
20251017,190000,124.55,124.82,124.31,124.57,1961,0
20251017,200000,124.6,127.17,124.52,125.82,5101,0
20251017,210000,125.96,126.24,124.12,125.37,2758,0
20251017,220000,125.39,125.41,124.83,125.08,401,0
20251017,230000,125,125.37,124.6,124.6,1264,0
20251018,090000,125.15,125.15,125.15,125.15,20,0
20251018,100000,125.44,127.79,125.44,126.63,3638,0
20251018,110000,126.68,127.17,126.55,126.93,1251,0
20251018,120000,126.92,126.92,126.32,126.87,1239,0
20251018,130000,126.91,126.91,126.45,126.51,249,0
20251018,140000,126.57,126.9,126.53,126.68,204,0
20251018,150000,126.63,126.79,126.53,126.53,388,0
20251018,160000,126.78,126.86,126.5,126.55,223,0
20251018,170000,126.62,126.62,126.4,126.41,1038,0
20251018,180000,126.46,126.55,126.33,126.4,236,0
20251019,100000,126.5,126.84,125.5,125.7,1239,0
20251019,110000,125.79,126.11,125.76,125.88,264,0
20251019,120000,125.88,126.27,125.88,125.95,285,0
20251019,130000,126.07,126.28,126.05,126.2,287,0
20251019,140000,126.26,126.26,125.99,125.99,92,0
20251019,150000,125.9,125.9,125.56,125.68,108,0
20251019,160000,125.6,125.7,125.22,125.36,825,0
20251019,170000,125.41,125.87,125.34,125.66,224,0
20251019,180000,125.72,125.86,125.59,125.86,224,0
20251020,080000,125.81,125.81,125.81,125.81,36,0
20251020,090000,125.75,125.88,125.3,125.72,2330,0
20251020,100000,125.69,127.94,125.4,127.62,7562,0
20251020,110000,127.64,127.7,126.86,127.42,1625,0
20251020,120000,127.43,127.45,126.63,126.74,1294,0
20251020,130000,126.69,127,126.5,126.77,1438,0
20251020,140000,126.73,127.62,126.67,127.24,2562,0
20251020,150000,127.23,127.45,127.08,127.3,3884,0
20251020,160000,127.4,127.41,126.6,126.7,3285,0
20251020,170000,126.67,127.12,126.67,126.95,2265,0
20251020,180000,126.83,126.99,126.73,126.88,961,0
20251020,190000,126.74,126.8,126.07,126.24,1617,0
20251020,200000,126.24,126.46,126.22,126.41,475,0
20251020,210000,126.37,126.37,126.1,126.2,890,0
20251020,220000,126.22,126.32,126.18,126.31,544,0
20251020,230000,126.25,126.37,126.25,126.35,236,0
20251021,080000,123.45,123.45,123.45,123.45,261,0
20251021,090000,123.44,123.65,121.83,123.36,16245,0
20251021,100000,123.33,124.04,123.08,123.25,5096,0
20251021,110000,123.27,123.27,122.62,122.91,2770,0
20251021,120000,122.8,123.87,122.74,123.21,1747,0
20251021,130000,123.11,123.97,122.95,123.68,3870,0
20251021,140000,123.71,123.72,123.11,123.57,1373,0
20251021,150000,123.53,123.56,122.94,123.02,972,0
20251021,160000,122.97,123.03,122.57,122.79,2136,0
20251021,170000,122.71,122.72,121,121.05,6401,0
20251021,180000,121.03,121.13,117.72,119.01,24100,0
20251021,190000,119.14,120.86,119,120.63,5953,0
20251021,200000,120.57,120.64,118.88,119.25,3130,0
20251021,210000,119.21,119.96,119.21,119.67,2056,0
20251021,220000,119.68,120.31,119.27,119.33,858,0
20251021,230000,119.33,121.57,119,121.4,2697,0
20251022,080000,121.57,121.57,121.57,121.57,61,0
20251022,090000,121.5,121.5,120.72,120.8,2118,0
20251022,100000,120.76,121.13,120.1,121.13,1863,0
20251022,110000,121.03,122.48,120.8,121.96,5074,0
20251022,120000,121.91,122.2,121.37,121.96,2684,0
20251022,130000,122,122.08,120.95,121.14,2307,0
20251022,140000,121.15,121.71,120.82,121.3,1827,0
20251022,150000,121.3,121.6,120.31,120.53,1030,0
20251022,160000,120.57,121.93,120.12,121.32,3535,0
20251022,170000,121.3,121.41,120.94,121.11,964,0
20251022,180000,121.15,121.5,120.77,120.91,772,0
20251022,190000,120.93,121.31,120.5,121.27,1054,0
20251022,200000,121.24,121.27,120.8,121,966,0
20251022,210000,121.08,121.22,120.92,120.92,583,0
20251022,220000,120.98,120.98,118,118.73,13664,0
20251022,230000,118.64,119.56,117.72,119.37,5333,0
20251023,080000,117.44,117.44,117.44,117.44,238,0
20251023,090000,117.41,118.01,116.9,116.96,7365,0
20251023,100000,116.99,118.05,116.85,117.73,2379,0
20251023,110000,117.79,117.82,116.5,116.82,7398,0
20251023,120000,116.79,117.34,116.52,117.16,2713,0
20251023,130000,117.21,117.42,116.9,117.1,872,0
20251023,140000,117.05,117.6,116.78,117.08,1937,0
20251023,150000,117.06,117.74,117.06,117.36,2371,0
20251023,160000,117.44,117.64,117.08,117.08,1821,0
20251023,170000,117.1,117.25,116.75,116.99,2082,0
20251023,180000,116.9,119.02,116.9,118.07,3062,0
20251023,190000,117.81,118.08,117.42,117.8,2286,0
20251023,200000,117.8,118.29,117.56,118.04,1133,0
20251023,210000,118.06,118.21,117.92,117.99,480,0
20251023,220000,118,118.03,117.75,117.75,553,0
20251023,230000,117.76,118.25,117.75,118.05,700,0
20251024,080000,118.08,118.08,118.08,118.08,3,0
20251024,090000,118.26,118.3,117.81,118.13,1281,0
20251024,100000,118.13,118.21,117.72,117.96,986,0
20251024,110000,117.96,118.19,117.9,118.13,689,0
20251024,120000,118,118.01,117.59,117.6,823,0
20251024,130000,117.55,119.24,116.3,117,13409,0
20251024,140000,116.97,117.44,115.96,117.15,8202,0
20251024,150000,117.08,118.1,116.85,117.91,4394,0
20251024,160000,117.89,117.9,117.35,117.81,2297,0
20251024,170000,117.72,117.72,117.37,117.51,2369,0
20251024,180000,117.45,117.52,116.9,117.01,1405,0
20251024,190000,117.15,117.66,116.81,117.28,1026,0
20251024,200000,117.2,117.42,117.15,117.15,109,0
20251024,210000,117.15,117.2,117.04,117.05,269,0
20251024,220000,117.09,117.33,117.04,117.33,613,0
20251024,230000,117.3,117.34,117.11,117.23,328,0
20251027,080000,116.94,116.94,116.94,116.94,248,0
20251027,090000,116.91,116.91,114.68,115.38,6181,0
20251027,100000,115.46,116.55,115.34,116.4,3822,0
20251027,110000,116.4,116.84,116.19,116.45,2611,0
20251027,120000,116.39,117.07,116.39,116.67,1325,0
20251027,130000,116.62,116.75,115.62,115.94,3659,0
20251027,140000,115.96,116.21,115.18,115.53,4897,0
20251027,150000,115.59,116.66,115.49,115.96,6454,0
20251027,160000,115.95,116.07,115.33,115.5,1573,0
20251027,170000,115.5,116,115.28,115.78,2349,0
20251027,180000,115.83,115.9,115.4,115.66,576,0
20251027,190000,115.66,116.09,115.45,115.94,1902,0
20251027,200000,115.9,115.94,115.76,115.89,341,0
20251027,210000,115.83,115.86,115.4,115.56,858,0
20251027,220000,115.67,115.88,115.61,115.73,85,0
20251027,230000,115.81,115.81,115.33,115.42,669,0
20251028,090000,115.79,116.88,115.79,116.72,4051,0
20251028,100000,116.72,116.79,115.83,116.33,1744,0
20251028,110000,116.33,117.71,116.33,117.37,4418,0
20251028,120000,117.32,117.44,116.91,117.02,2916,0
20251028,130000,116.99,117.02,116.5,116.73,2280,0
20251028,140000,116.7,117.14,116.63,116.83,1684,0
20251028,150000,116.97,117.16,116.21,116.34,2449,0
20251028,160000,116.21,116.52,115.91,116.52,2299,0
20251028,170000,116.45,116.55,116.01,116.12,1569,0
20251028,180000,116.15,116.3,115.7,116.04,2832,0
20251028,190000,116.21,116.77,116.09,116.57,964,0
20251028,200000,116.58,117.04,116.5,116.77,1176,0
20251028,210000,116.73,116.77,116.15,116.4,478,0
20251028,220000,116.45,116.75,116.38,116.66,372,0
20251028,230000,116.65,116.78,116.64,116.64,409,0
20251029,080000,116.7,116.7,116.7,116.7,4,0
20251029,090000,116.79,116.88,116.44,116.74,479,0
20251029,100000,116.73,117.56,116.71,117.21,2560,0
20251029,110000,117.22,117.36,116.76,117.1,1995,0
20251029,120000,117.05,117.13,116.62,116.68,933,0
20251029,130000,116.68,117.08,116.68,116.92,841,0
20251029,140000,116.94,117.19,116.35,116.67,2029,0
20251029,150000,116.58,116.73,116.35,116.49,624,0
20251029,160000,116.48,116.54,116.14,116.29,2836,0
20251029,170000,116.23,116.56,116.02,116.18,4727,0
20251029,180000,116.14,116.97,116.01,116.69,4526,0
20251029,190000,116.7,116.7,116.41,116.57,528,0
20251029,200000,116.49,116.59,116.37,116.38,300,0
20251029,210000,116.38,116.46,116.23,116.37,713,0
20251029,220000,116.44,116.64,116.31,116.58,342,0
20251029,230000,116.62,116.67,116.53,116.56,312,0
20251030,090000,116.26,117.09,116.17,116.86,1894,0
20251030,100000,116.85,117.03,116.41,116.49,2110,0
20251030,110000,116.49,116.83,116.48,116.77,1210,0
20251030,120000,116.73,117.07,116.69,116.89,2084,0
20251030,130000,116.9,116.98,116.48,116.88,1802,0
20251030,140000,116.9,118.36,116.87,117.94,5735,0
20251030,150000,118.03,118.24,117.56,118.13,3212,0
20251030,160000,117.96,118.33,117.51,118.33,2126,0
20251030,170000,118.33,118.39,117.39,117.47,3980,0
20251030,180000,117.47,117.62,117.1,117.1,1629,0
20251030,190000,117.26,118.13,117.05,117.48,776,0
20251030,200000,117.56,117.6,117.37,117.49,357,0
20251030,210000,117.5,117.72,117.5,117.7,418,0
20251030,220000,117.69,117.7,117.52,117.57,207,0
20251030,230000,117.57,117.57,117.45,117.45,259,0
20251031,090000,117.55,117.72,116.85,117.18,2321,0
20251031,100000,117.17,117.2,116.67,116.92,1995,0
20251031,110000,116.8,117.24,116.79,116.96,1498,0
20251031,120000,116.91,117.04,116.75,117,776,0
20251031,130000,117,117.06,116.6,116.65,707,0
20251031,140000,116.62,116.62,116.01,116.45,2736,0
20251031,150000,116.39,116.64,116.36,116.46,691,0
20251031,160000,116.44,116.56,116.17,116.18,1231,0
20251031,170000,116.17,116.62,116.16,116.45,1128,0
20251031,180000,116.49,116.65,116.27,116.35,838,0
20251031,190000,116.33,116.45,116.29,116.42,397,0
20251031,200000,116.36,116.76,115.74,116.29,6238,0
20251031,210000,116.29,116.42,116.14,116.21,1348,0
20251031,220000,116.27,116.36,116.16,116.21,300,0
20251031,230000,116.24,116.5,116.09,116.48,886,0
20251101,090000,116.37,116.52,116.05,116.24,374,0
20251101,100000,116.48,116.76,116.31,116.71,2096,0
20251101,110000,116.65,116.76,116.53,116.66,688,0
20251101,120000,116.64,116.68,116.49,116.61,391,0
20251101,130000,116.62,116.65,116.42,116.61,206,0
20251101,140000,116.57,116.63,116.28,116.38,493,0
20251101,150000,116.3,116.48,116.2,116.47,592,0
20251101,160000,116.41,116.5,116.31,116.37,779,0
20251101,170000,116.34,116.46,116.3,116.36,680,0
20251101,180000,116.37,116.48,116.31,116.37,256,0
20251101,190000,116.38,116.47,116.35,116.43,221,0
20251101,200000,116.41,116.47,116.37,116.47,179,0
20251101,210000,116.42,116.47,116.41,116.44,30,0
20251101,220000,116.41,116.44,116.31,116.31,209,0
20251101,230000,116.38,116.47,116.31,116.35,162,0
20251103,090000,116.66,117.65,116.66,117.46,3498,0
20251103,100000,117.63,118.23,117.63,117.8,1373,0
20251103,110000,117.79,117.83,117.24,117.33,1540,0
20251103,120000,117.36,117.45,117.22,117.44,798,0
20251103,130000,117.45,117.71,117.37,117.7,602,0
20251103,140000,117.7,117.86,117.45,117.77,739,0
20251103,150000,117.7,118,117.69,117.75,1437,0
20251103,160000,117.75,117.77,117.5,117.66,730,0
20251103,170000,117.66,117.87,117.66,117.87,740,0
20251103,180000,117.87,117.92,117.56,117.77,1638,0
20251103,190000,117.76,117.77,117.68,117.71,346,0
20251103,200000,117.72,117.9,117.65,117.71,964,0
20251103,210000,117.76,117.82,117.54,117.58,1265,0
20251103,220000,117.55,117.63,117.51,117.63,439,0
20251103,230000,117.63,117.69,117.57,117.69,451,0
20251105,090000,117.46,117.46,116.63,116.94,3321,0
20251105,100000,116.94,116.95,116.51,116.75,2909,0
20251105,110000,116.74,117.14,116.7,117.13,2019,0
20251105,120000,117,117.29,116.89,117.2,1190,0
20251105,130000,117.17,117.67,117.12,117.47,3726,0
20251105,140000,117.47,117.53,117.04,117.18,1892,0
20251105,150000,117.15,117.48,116.94,117.32,1507,0
20251105,160000,117.32,117.49,116.74,116.74,2049,0
20251105,170000,116.74,117.07,116.27,116.51,7285,0
20251105,180000,116.5,116.83,116.4,116.67,2844,0
20251105,190000,116.67,116.9,116.58,116.83,583,0
20251105,200000,116.76,116.82,116.59,116.77,450,0
20251105,210000,116.67,116.85,116.6,116.79,318,0
20251105,220000,116.79,116.82,116.74,116.79,62,0
20251105,230000,116.79,116.83,116.6,116.83,705,0
20251106,090000,116.98,117.26,116.41,116.93,2290,0
20251106,100000,116.9,116.95,116.51,116.62,1036,0
20251106,110000,116.65,116.95,116.51,116.88,394,0
20251106,120000,116.79,116.95,116.58,116.84,621,0
20251106,130000,116.8,116.94,116.5,116.67,1637,0
20251106,140000,116.67,116.92,116.45,116.92,1114,0
20251106,150000,116.91,117.05,116.7,116.77,2542,0
20251106,160000,116.77,116.81,116.6,116.65,837,0
20251106,170000,116.63,117.03,116.57,116.97,4677,0
20251106,180000,116.93,117.15,116.81,117.15,1310,0
20251106,200000,117.18,117.69,116.69,117.62,2714,0
20251106,210000,117.63,117.68,117.38,117.41,870,0
20251106,220000,117.41,117.57,117.29,117.52,542,0
20251106,230000,117.56,117.6,117.39,117.39,835,0
20251107,090000,117.68,119.24,117.14,118.72,6297,0
20251107,100000,118.78,120.46,118.78,119.83,15142,0
20251107,110000,119.82,120.21,119.76,120.01,5366,0
20251107,120000,120,121.06,120,120.38,6673,0
20251107,130000,120.42,120.68,120,120.15,2484,0
20251107,140000,120.14,120.46,119.97,120.31,2517,0
20251107,150000,120.34,120.42,119.89,119.97,2502,0
20251107,160000,120,120.57,119.98,120.38,5594,0
20251107,170000,120.38,121,120.38,121,5211,0
20251107,180000,120.97,121.06,120.53,120.55,1276,0
20251107,190000,120.7,120.91,120.52,120.52,542,0
20251107,200000,120.56,121.49,120.5,120.58,2357,0
20251107,210000,120.52,120.59,119.81,120.13,3933,0
20251107,220000,120.19,120.45,120.19,120.29,609,0
20251107,230000,120.36,120.73,120.25,120.69,528,0
20251108,100000,120.69,121.3,120.69,120.94,2171,0
20251108,110000,120.8,120.89,120.49,120.54,301,0
20251108,120000,120.61,120.99,120.6,120.81,154,0
20251108,130000,120.81,120.81,120.4,120.6,90,0
20251108,140000,120.67,120.67,120.53,120.65,27,0
20251108,150000,120.65,120.88,120.51,120.81,217,0
20251108,160000,120.81,120.92,120.69,120.74,328,0
20251108,170000,120.75,120.75,120.71,120.75,115,0
20251108,180000,120.75,120.79,120.5,120.79,153,0
20251109,100000,120.63,120.73,120.51,120.73,175,0
20251109,110000,120.62,120.76,120.6,120.72,51,0
20251109,120000,120.75,120.8,120.65,120.8,45,0
20251109,130000,120.8,120.85,120.74,120.84,81,0
20251109,140000,120.75,120.89,120.49,120.88,442,0
20251109,150000,120.89,120.89,120.67,120.71,134,0
20251109,160000,120.71,120.89,120.7,120.85,68,0
20251109,170000,120.83,121.27,120.77,121.12,411,0
20251109,180000,121.1,121.27,121.01,121.27,299,0
20251110,090000,121.45,121.91,120.95,121.79,2805,0
20251110,100000,121.79,122.86,121.39,122.86,6039,0
20251110,110000,122.86,122.9,122.01,122.33,5188,0
20251110,120000,122.36,122.49,121.87,122.15,3312,0
20251110,130000,122.16,122.18,121.95,122.16,3249,0
20251110,140000,122.18,122.43,121.49,121.73,2144,0
20251110,150000,121.61,121.68,121.16,121.28,2410,0
20251110,160000,121.31,121.35,120.27,120.75,3877,0
20251110,170000,120.69,120.84,119.57,119.91,4030,0
20251110,180000,119.8,119.86,119.46,119.74,1824,0
20251110,190000,119.77,120.25,119.74,120.19,867,0
20251110,200000,120.14,120.46,120.05,120.41,418,0
20251110,210000,120.39,120.41,119.92,120.07,810,0
20251110,220000,120.12,120.12,119.85,119.89,857,0
20251110,230000,119.86,119.86,119.5,119.8,680,0
20251111,090000,119.85,120.09,119.5,119.83,1635,0
20251111,100000,119.79,120.26,119.05,120.25,2946,0
20251111,110000,120.11,120.13,119.67,119.83,3215,0
20251111,120000,119.84,120.7,119.58,120.49,4821,0
20251111,130000,120.58,120.79,120.29,120.62,2043,0
20251111,140000,120.67,121.06,120.34,121,1945,0
20251111,150000,121.06,121.13,120.52,120.64,2324,0
20251111,160000,120.64,121.14,120.57,121.09,1515,0
20251111,170000,121.1,121.26,120.82,120.93,1883,0
20251111,180000,120.99,121.04,120.6,120.67,1358,0
20251111,190000,120.67,121.03,120.67,120.9,885,0
20251111,200000,120.9,121.25,120.89,121.2,859,0
20251111,210000,121.2,122,121.17,121.52,2381,0
20251111,220000,121.59,121.78,121.53,121.7,299,0
20251111,230000,121.69,121.73,121.56,121.71,688,0
20251112,090000,121.64,121.7,121.11,121.35,937,0
20251112,100000,121.3,121.38,120.62,120.82,3646,0
20251112,110000,120.76,121.33,120.76,121.07,1146,0
20251112,120000,121.08,121.25,121,121.18,421,0
20251112,130000,121.19,121.19,120.23,120.46,1771,0
20251112,140000,120.41,120.79,120.27,120.54,1121,0
20251112,150000,120.5,120.52,119.61,120.06,3901,0
20251112,160000,119.94,120.13,119.68,119.87,3151,0
20251112,170000,119.78,120.02,119.43,119.92,2794,0
20251112,180000,119.88,120.24,119.66,119.81,1036,0
20251112,190000,119.91,119.93,119.3,119.43,2880,0
20251112,200000,119.44,119.6,118.48,118.96,4509,0
20251112,210000,118.97,119.4,118.97,119.38,1187,0
20251112,220000,119.35,119.35,119.04,119.35,942,0
20251112,230000,119.34,119.49,119.22,119.4,2254,0
20251113,090000,119.64,120.25,119.54,119.82,2281,0
20251113,100000,119.83,119.98,119.27,119.53,2146,0
20251113,110000,119.64,120.17,119.49,119.76,2215,0
20251113,120000,119.76,119.82,119.08,119.4,2449,0
20251113,130000,119.38,119.49,119.15,119.42,969,0
20251113,140000,119.42,119.42,118.85,119.2,2491,0
20251113,150000,119.2,119.49,119.14,119.42,583,0
20251113,160000,119.4,119.5,119,119.19,972,0
20251113,170000,119.2,119.4,118.87,119.15,649,0
20251113,180000,119.06,119.69,119.02,119.55,1019,0
20251113,190000,119.47,119.65,119.41,119.54,730,0
20251113,200000,119.48,119.72,119.4,119.72,331,0
20251113,210000,119.82,120.27,119.55,119.78,1274,0
20251113,220000,119.79,119.81,119.62,119.73,218,0
20251113,230000,119.66,119.75,119.32,119.32,311,0
20251114,090000,119.53,119.83,119.34,119.73,836,0
20251114,100000,119.73,120.06,118.87,119.16,1387,0
20251114,110000,119.1,119.17,118.21,118.9,5505,0
20251114,120000,118.82,119.19,118.73,118.96,1769,0
20251114,130000,118.93,119.43,118.85,118.85,937,0
20251114,140000,118.87,118.92,118.52,118.55,1683,0
20251114,150000,118.58,119.14,118.56,118.89,2272,0
20251114,160000,118.91,118.92,118.4,118.61,2091,0
20251114,170000,118.52,118.62,117.85,117.97,3062,0
20251114,180000,117.95,118.19,117.88,118.02,1437,0
20251114,190000,118.02,118.31,118,118.17,1659,0
20251114,200000,118.17,118.3,118.13,118.15,1218,0
20251114,210000,118.15,118.15,117.97,118.1,596,0
20251114,220000,118.08,118.39,118.03,118.37,638,0
20251114,230000,118.34,118.56,118.33,118.33,476,0
20251115,100000,118.43,118.59,118.25,118.46,603,0
20251115,110000,118.42,118.47,118.41,118.41,35,0
20251115,120000,118.41,118.47,117.99,118.21,203,0
20251115,130000,118.27,118.48,118.27,118.48,22,0
20251115,140000,118.39,118.6,118.29,118.29,79,0
20251115,150000,118.39,118.49,118.36,118.36,27,0
20251115,160000,118.49,118.55,118.33,118.33,28,0
20251115,170000,118.33,118.42,118.22,118.25,174,0
20251115,180000,118.41,118.41,118.41,118.41,3,0
20251116,100000,118.22,118.27,118.17,118.27,104,0
20251116,110000,118.14,118.27,118.13,118.22,73,0
20251116,120000,118.21,118.22,118.02,118.11,62,0
20251116,130000,118.18,118.3,118.12,118.3,12,0
20251116,140000,118.36,118.39,118.05,118.28,81,0
20251116,160000,118.24,118.29,117.9,117.9,536,0
20251116,170000,118.02,118.1,118.02,118.1,42,0
20251116,180000,118.18,118.19,118.04,118.16,13,0
20251117,090000,117.9,118.24,117.28,117.36,3000,0
20251117,100000,117.38,117.97,117.2,117.85,1859,0
20251117,110000,117.81,118.78,117.81,118.67,3709,0
20251117,120000,118.68,119.36,118.68,119.2,3449,0
20251117,130000,119.14,119.23,118.4,118.64,2267,0
20251117,140000,118.61,119.8,118.42,119.36,6362,0
20251117,150000,119.39,119.59,118.86,118.96,2695,0
20251117,160000,118.96,119.04,118.58,119.03,1748,0
20251117,170000,119.03,119.34,118.91,119.05,1965,0
20251117,180000,119.03,119.14,118.77,118.99,780,0
20251117,190000,119.09,119.09,118.92,118.92,735,0
20251117,200000,118.92,118.96,118.72,118.79,693,0
20251117,210000,118.77,118.79,118.33,118.4,2021,0
20251117,220000,118.4,118.53,118.22,118.28,1787,0
20251117,230000,118.26,118.42,118.23,118.41,1284,0
20251118,090000,118.47,118.8,118,118.64,1309,0
20251118,100000,118.62,121.35,118.01,120.44,12094,0
20251118,110000,120.44,122.53,120.16,122.4,14885,0
20251118,120000,122.5,122.63,121.4,121.65,10208,0
20251118,130000,121.62,121.78,121.3,121.63,2085,0
20251118,140000,121.62,122.31,121.62,122.27,4474,0
20251118,150000,122.28,122.35,121.23,121.47,3504,0
20251118,160000,121.55,121.85,121.42,121.64,744,0
20251118,170000,121.49,122.25,121.44,121.73,2265,0
20251118,180000,121.69,122.14,121.61,121.91,1617,0
20251118,190000,122,122.22,121.97,122.12,766,0
20251118,200000,122.03,122.09,121.75,122.04,579,0
20251118,210000,122.08,122.27,121.91,122.25,409,0
20251118,220000,122.25,122.5,122.05,122.12,816,0
20251118,230000,122.12,122.16,120.62,121.35,3610,0
20251119,090000,122.37,122.97,122.22,122.68,2717,0
20251119,100000,122.68,123.3,122.23,123.3,2640,0
20251119,110000,123.31,123.95,122.5,122.96,8936,0
20251119,120000,122.95,122.96,121.62,121.94,3514,0
20251119,130000,121.86,122.41,121.82,122.25,4550,0
20251119,140000,122.25,124.86,122.08,124.66,9077,0
20251119,150000,124.72,125.37,124.41,125.14,12666,0
20251119,160000,125.14,127.04,125.14,126.43,20879,0
20251119,170000,126.37,126.51,125,125.61,14522,0
20251119,180000,125.7,126.22,125.11,125.91,2724,0
20251119,190000,125.59,126.5,125.49,126.34,3037,0
20251119,200000,126.29,126.33,125.68,125.96,1404,0
20251119,210000,125.91,126.36,124.22,124.73,5925,0
20251119,220000,124.76,124.81,123.47,123.93,5186,0
20251119,230000,123.95,124.2,123.85,124.09,1234,0
20251120,090000,124.75,125.1,124.17,124.17,3242,0
20251120,100000,124.19,124.56,123.15,124.08,7342,0
20251120,110000,124.07,124.58,123.8,124.36,9267,0
20251120,120000,124.36,125.86,124.26,124.99,8605,0
20251120,130000,124.96,125.32,124.39,124.4,11529,0
20251120,140000,124.39,124.44,123.84,124.2,5299,0
20251120,150000,124.23,124.61,123.56,124.61,3839,0
20251120,160000,124.63,124.82,123.64,123.73,5362,0
20251120,170000,123.73,123.95,122.78,123.39,3632,0
20251120,180000,123.36,123.83,123.36,123.73,1403,0
20251120,190000,123.84,124.55,123.7,123.91,1973,0
20251120,200000,123.93,129.45,123.7,128.97,8475,0
20251120,210000,128.98,129.26,125.66,127.06,8217,0
20251120,220000,127.23,128.16,126.84,127.77,5065,0
20251120,230000,127.79,128.46,127.36,128.24,5043,0
20251121,090000,127,127.2,126.43,127.11,4550,0
20251121,100000,127.01,127.71,126.61,127.34,4862,0
20251121,110000,127.34,127.61,126.42,126.83,2703,0
20251121,120000,126.87,127.17,126.6,127.06,3025,0
20251121,130000,127,127,126.03,126.29,3389,0
20251121,140000,126.21,126.71,125.71,125.86,3774,0
20251121,150000,125.89,126.88,125.51,126.45,5085,0
20251121,160000,126.44,126.52,125.42,125.48,4185,0
20251121,170000,125.51,128.34,125.48,127.69,6714,0
20251121,180000,127.77,127.83,125.48,127.2,4939,0
20251121,190000,127.32,128.2,127.03,127.88,4899,0
20251121,200000,127.86,128.99,127.59,127.98,4223,0
20251121,210000,127.97,128.15,127.69,127.89,1437,0
20251121,220000,127.96,128.7,127.53,127.96,899,0
20251121,230000,127.96,127.99,127.29,127.34,1851,0
20251124,090000,128.87,129,128.25,128.59,4030,0
20251124,100000,128.61,129.3,128.23,128.41,10568,0
20251124,110000,128.39,128.49,126,126.43,11653,0
20251124,120000,126.44,127.03,125.86,126.35,5081,0
20251124,130000,126.31,126.92,125.99,126.57,4057,0
20251124,140000,126.47,126.7,126.02,126.54,1662,0
20251124,150000,126.51,126.51,125.86,126.25,3012,0
20251124,160000,126.26,127.11,126.12,126.89,3868,0
20251124,170000,126.85,126.9,124.65,125.65,11028,0
20251124,180000,125.59,125.81,125.4,125.43,1218,0
20251124,190000,125.47,125.67,124.97,125.59,1651,0
20251124,200000,125.59,125.7,125.39,125.69,851,0
20251124,210000,125.64,125.74,125.53,125.64,179,0
20251124,220000,125.7,125.71,125.21,125.33,728,0
20251124,230000,125.3,126.41,125.2,126.01,1106,0
20251125,090000,126.53,127.31,126.24,126.87,3624,0
20251125,100000,126.94,127.42,126.57,126.83,984,0
20251125,110000,126.89,126.97,125.8,125.97,3488,0
20251125,120000,126.01,126.08,125.26,125.89,2645,0
20251125,130000,125.89,126.08,125.44,125.78,1360,0
20251125,140000,125.78,126.9,125.62,125.94,3553,0
20251125,150000,125.92,128.55,125.63,126.89,9475,0
20251125,160000,126.8,128,126.73,128,4689,0
20251125,170000,127.99,128.15,127.21,128.07,2500,0
20251125,180000,127.97,128.35,127.67,128.04,4990,0
20251125,190000,128.01,130,127.94,128.38,5182,0
20251125,200000,128.42,128.57,127.16,128.1,4302,0
20251125,210000,128.16,128.24,127.5,127.81,3250,0
20251125,220000,127.87,128.97,127.7,128,2082,0
20251125,230000,128,128.18,127.71,127.76,886,0
20251126,090000,127.48,127.63,127.04,127.56,904,0
20251126,100000,127.6,127.67,127.09,127.18,834,0
20251126,110000,127.16,127.37,126.69,126.84,3023,0
20251126,120000,126.77,127.15,126.66,126.72,992,0
20251126,130000,126.72,127.02,126.49,127.01,1852,0
20251126,140000,126.96,127.14,126.63,126.88,1528,0
20251126,150000,126.81,127.2,126.69,127.17,1143,0
20251126,160000,127.18,127.25,126.81,126.99,1202,0
20251126,170000,126.98,127.2,126.89,126.96,356,0
20251126,180000,126.93,127.19,126.89,127.09,1022,0
20251126,190000,126.99,127.08,126.86,126.94,287,0
20251126,200000,126.95,127.21,126.94,127.16,403,0
20251126,210000,127.16,127.16,127,127.01,200,0
20251126,220000,127,127.09,126.99,127.09,294,0
20251126,230000,127.03,127.03,126.72,126.96,741,0
20251127,090000,127.21,127.55,127.05,127.3,1728,0
20251127,100000,127.24,127.49,126.36,126.65,1220,0
20251127,110000,126.65,126.95,126.6,126.83,848,0
20251127,120000,126.8,127.44,126.64,126.97,1731,0
20251127,130000,126.97,126.97,126.64,126.77,374,0
20251127,140000,126.8,126.99,126.52,126.68,1503,0
20251127,150000,126.63,126.76,125.75,126.04,4070,0
20251127,160000,126.04,126.78,125.7,126.2,3959,0
20251127,170000,126.2,126.2,123.25,124.1,14836,0
20251127,180000,124.1,124.77,124,124.21,2341,0
20251127,190000,124.36,124.49,123.98,124.27,2938,0
20251127,200000,124.17,124.45,124.06,124.38,939,0
20251127,210000,124.33,124.45,124.23,124.42,1184,0
20251127,220000,124.42,124.46,124.15,124.4,980,0
20251127,230000,124.38,124.56,124.23,124.45,343,0
20251128,090000,124.12,124.85,124.05,124.65,1798,0
20251128,100000,124.63,125,124.28,124.78,2336,0
20251128,110000,124.78,125.15,124.59,125.15,2449,0
20251128,120000,125.17,125.86,124.99,125.76,3479,0
20251128,130000,125.76,125.83,125.45,125.61,1191,0
20251128,140000,125.55,125.55,124.88,125.05,2493,0
20251128,150000,125.06,125.15,124.75,124.9,829,0
20251128,160000,124.89,126.14,124.8,125.82,5530,0
20251128,170000,125.9,126.54,125.9,126.54,1955,0
20251128,180000,126.58,128.5,126.43,127.79,5723,0
20251128,190000,127.78,128.01,127.29,127.76,3763,0
20251128,200000,127.78,128.12,127.71,127.83,1296,0
20251128,210000,127.98,128.08,127.68,127.75,348,0
20251128,220000,127.78,127.82,127.68,127.79,413,0
20251128,230000,127.79,128.05,127.77,127.94,1714,0
20251129,100000,127.97,128.03,127.68,127.81,665,0
20251129,110000,127.7,127.78,127.65,127.65,153,0
20251129,120000,127.66,127.81,127.32,127.39,585,0
20251129,130000,127.39,127.56,127.15,127.41,508,0
20251129,140000,127.51,127.61,127.35,127.51,103,0
20251129,150000,127.5,127.61,127.45,127.61,24,0
20251129,160000,127.57,127.6,127.46,127.48,104,0
20251129,170000,127.48,127.6,127.46,127.6,20,0
20251129,180000,127.64,127.8,127.4,127.46,177,0
20251130,100000,127.81,128.02,127.57,128.01,284,0
20251130,110000,128.01,128.5,127.89,128.39,664,0
20251130,120000,128.39,128.95,128.37,128.68,739,0
20251130,130000,128.5,128.7,128.35,128.53,133,0
20251130,140000,128.55,128.63,128.5,128.5,16,0
20251130,150000,128.67,128.89,128.58,128.82,656,0
20251130,160000,128.82,128.88,128.32,128.52,840,0
20251130,170000,128.55,128.82,128.55,128.81,139,0
20251130,180000,128.82,128.89,128.48,128.89,287,0
20251201,090000,128.57,128.6,127.53,128.32,2369,0
20251201,100000,128.24,128.76,127.65,127.99,1302,0
20251201,110000,127.9,128.7,127.69,128.4,1419,0
20251201,120000,128.33,129.33,128.33,128.63,1834,0
20251201,130000,128.54,128.84,128.19,128.42,1101,0
20251201,140000,128.47,128.69,128.01,128.14,1425,0
20251201,150000,128.13,128.67,128.13,128.67,762,0
20251201,160000,128.63,128.68,128.2,128.49,1064,0
20251201,170000,128.66,128.99,128.58,128.67,1353,0
20251201,180000,128.74,128.74,128.24,128.3,1717,0
20251201,190000,128.44,128.47,128.03,128.46,1753,0
20251201,200000,128.5,128.6,128.37,128.42,614,0
20251201,210000,128.46,128.56,128.34,128.41,536,0
20251201,220000,128.37,128.47,127.79,127.99,964,0
20251201,230000,127.94,128.18,127.73,128.04,763,0
20251202,090000,127.9,128.32,127.74,128.1,576,0
20251202,100000,128.06,128.52,127.88,128.1,1200,0
20251202,110000,127.96,128.03,127.35,127.77,2080,0
20251202,120000,127.78,128.31,127.78,128.3,435,0
20251202,130000,128.3,128.64,128.09,128.53,3210,0
20251202,140000,128.51,128.66,128.3,128.54,3149,0
20251202,150000,128.55,129,128.37,128.74,687,0
20251202,160000,128.77,129,128.53,128.67,1016,0
20251202,170000,128.82,128.87,127.79,128.18,1797,0
20251202,180000,128.2,128.38,126.3,127.25,5524,0
20251202,190000,127.15,127.56,127.14,127.21,1319,0
20251202,200000,127.21,127.58,127,127,1192,0
20251202,210000,126.89,127.93,126.7,127.48,839,0
20251202,220000,127.49,127.55,127.05,127.29,692,0
20251202,230000,127.27,127.48,127.02,127.48,607,0
20251203,090000,125.44,127.62,125.01,125.25,12629,0
20251203,100000,125.19,125.25,124.42,124.72,4835,0
20251203,110000,124.66,124.66,123.82,124.24,5290,0
20251203,120000,124.24,124.81,124.14,124.71,4150,0
20251203,130000,124.67,124.96,124.5,124.55,1406,0
20251203,140000,124.54,124.83,124.39,124.57,1270,0
20251203,150000,124.61,124.61,124.27,124.47,1248,0
20251203,160000,124.45,124.45,124.1,124.2,1206,0
20251203,170000,124.32,124.8,124.32,124.65,1029,0
20251203,180000,124.63,125.37,124.52,125.19,2008,0
20251203,190000,125.19,125.56,124.91,125.32,1732,0
20251203,200000,125.41,125.49,124.95,125,750,0
20251203,210000,125,125.42,124.81,125.26,566,0
20251203,220000,125.26,125.42,125,125.18,455,0
20251203,230000,125.14,125.28,125.06,125.08,242,0
20251204,090000,125.65,126.14,125.65,125.99,2157,0
20251204,100000,126.01,126.31,125.86,126.14,1616,0
20251204,110000,126.1,126.54,125.91,126.49,2071,0
20251204,120000,126.45,126.54,126.21,126.51,1754,0
20251204,130000,126.53,126.54,126.08,126.24,1094,0
20251204,140000,126.15,126.39,126,126.15,727,0
20251204,150000,126.1,126.46,126,126.39,1230,0
20251204,160000,126.34,126.53,126.05,126.17,302,0
20251204,170000,126.16,126.2,125.7,125.86,541,0
20251204,180000,125.85,125.89,125.49,125.76,1650,0
20251204,190000,125.78,126.03,125.71,125.89,330,0
20251204,200000,125.88,125.88,125.51,125.64,575,0
20251204,210000,125.67,125.73,125.5,125.55,411,0
20251204,220000,125.58,125.6,125.5,125.6,237,0
20251204,230000,125.51,125.76,125.42,125.61,363,0
20251205,090000,125.64,126.06,125.4,125.74,3600,0
20251205,100000,125.78,126.64,125.51,126.57,1763,0
20251205,110000,126.61,127.41,126.52,127,4150,0
20251205,120000,127.11,128.13,127,127.92,3688,0
20251205,130000,127.96,128.49,127.5,127.93,3095,0
20251205,140000,127.92,128.84,127.92,128.4,2445,0
20251205,150000,128.43,128.57,128.01,128.11,1341,0
20251205,160000,128.13,128.65,128.09,128.42,1046,0
20251205,170000,128.5,128.96,128.26,128.8,2435,0
20251205,180000,128.8,128.86,128.35,128.73,1902,0
20251205,190000,128.64,128.72,128.32,128.53,810,0
20251205,200000,128.53,128.58,128.4,128.46,439,0
20251205,210000,128.46,128.74,128.43,128.68,368,0
20251205,220000,128.68,128.8,128.51,128.7,789,0
20251205,230000,128.69,128.84,128.53,128.72,592,0
20251208,090000,129.61,129.75,129.01,129.18,2159,0
20251208,100000,129.23,130.63,128.85,130.49,10095,0
20251208,110000,130.49,130.92,129.82,129.9,3256,0
20251208,120000,129.9,130.01,129.42,129.8,3446,0
20251208,130000,129.7,129.92,128.5,129.4,10189,0
20251208,140000,129.4,129.75,128.79,128.81,3093,0
20251208,150000,128.89,129.05,128.59,128.95,1400,0
20251208,160000,129.01,129.43,128.79,128.94,1727,0
20251208,170000,128.96,129.12,127.75,128.43,5090,0
20251208,180000,128.36,128.84,128.25,128.63,930,0
20251208,190000,128.58,128.83,128.47,128.74,874,0
20251208,200000,128.71,128.94,128,128.13,672,0
20251208,210000,128.03,128.25,127.03,127.45,2759,0
20251208,220000,127.36,127.72,127.3,127.4,654,0
20251208,230000,127.59,127.77,127.36,127.36,532,0
20251209,090000,127.37,128.36,127.2,127.66,6321,0
20251209,100000,127.66,127.89,126.93,127.21,2095,0
20251209,110000,127.2,127.57,127.02,127.29,1168,0
20251209,120000,127.3,127.56,127.17,127.19,783,0
20251209,130000,127.18,127.55,127.18,127.42,605,0
20251209,140000,127.43,128.7,127.35,128.47,7089,0
20251209,150000,128.49,128.58,128.01,128.28,2905,0
20251209,160000,128.26,128.77,128.19,128.49,1664,0
20251209,170000,128.49,128.51,127.23,127.53,3774,0
20251209,180000,127.5,127.69,127.22,127.49,2490,0
20251209,190000,127.52,127.83,127.44,127.73,585,0
20251209,200000,127.75,127.95,127.48,127.89,923,0
20251209,210000,127.87,128.58,127.82,128.54,1004,0
20251209,220000,128.58,130.21,128.53,129.59,7376,0
20251209,230000,129.6,129.63,129.12,129.49,1439,0
20251210,090000,129.32,129.32,128.7,129.11,1666,0
20251210,100000,129.11,129.29,128.33,128.42,2632,0
20251210,110000,128.41,128.91,128.28,128.77,6619,0
20251210,120000,128.69,129.24,128.63,129.06,1852,0
20251210,130000,129.1,129.1,128.53,128.63,1182,0
20251210,140000,128.64,128.82,128.49,128.6,760,0
20251210,150000,128.64,128.79,128.55,128.73,240,0
20251210,160000,128.77,128.79,128.41,128.66,1070,0
20251210,170000,128.7,129.15,128.3,128.44,1162,0
20251210,180000,128.44,128.65,128.41,128.47,558,0
20251210,190000,128.74,128.85,128.68,128.8,375,0
20251210,200000,128.7,128.82,128.53,128.61,620,0
20251210,210000,128.6,128.86,128.5,128.78,503,0
20251210,220000,128.78,128.86,128.58,128.8,335,0
20251210,230000,128.68,128.78,128.5,128.5,195,0
20251211,090000,128.89,129.69,128.89,129.54,9570,0
20251211,100000,129.46,129.97,129.45,129.73,2921,0
20251211,110000,129.76,130.72,129.76,130.4,5951,0
20251211,120000,130.4,130.83,130.14,130.25,3726,0
20251211,130000,130.24,130.33,130.01,130.25,1345,0
20251211,140000,130.22,130.61,130.07,130.26,2335,0
20251211,150000,130.2,130.7,130.2,130.58,1308,0
20251211,160000,130.6,130.74,130.18,130.39,2508,0
20251211,170000,130.39,130.87,129.84,129.84,1164,0
20251211,180000,129.95,130.02,129.23,129.7,2613,0
20251211,190000,130,132.6,130,131.13,3313,0
20251211,200000,131.16,131.64,130.96,131.16,1699,0
20251211,210000,131.14,131.14,130.52,130.86,1004,0
20251211,220000,130.78,130.92,130.51,130.67,727,0
20251211,230000,130.8,130.8,130.46,130.51,596,0
20251212,090000,130.62,130.66,130.07,130.37,599,0
20251212,100000,130.31,130.35,129.89,130.01,1211,0
20251212,110000,129.98,130.73,129.92,130.3,821,0
20251212,120000,130.3,130.64,130.18,130.39,273,0
20251212,130000,130.45,131.09,130.08,130.18,889,0
20251212,140000,130.14,130.36,129.71,129.98,806,0
20251212,150000,129.98,130.17,129.93,130.12,1112,0
20251212,160000,129.97,130.02,128.11,128.85,5423,0
20251212,170000,128.8,129.22,128.39,128.97,1742,0
20251212,180000,128.97,129.15,128.28,128.5,1309,0
20251212,190000,128.5,128.5,127.73,128.31,3012,0
20251212,200000,128.28,128.35,127.8,127.81,1683,0
20251212,210000,127.9,128.14,127.26,127.47,3132,0
20251212,220000,127.49,127.71,127.4,127.63,1355,0
20251212,230000,127.75,127.79,127.57,127.6,611,0
20251213,100000,127.86,128.67,127.63,128.4,606,0
20251213,110000,128.31,128.48,128.18,128.35,351,0
20251213,120000,128.29,128.35,128.1,128.1,427,0
20251213,130000,128.14,128.17,128.08,128.15,32,0
20251213,140000,128.22,128.22,128.11,128.14,31,0
20251213,150000,128.18,128.34,128.18,128.34,26,0
20251213,160000,128.33,128.34,128.2,128.33,84,0
20251213,170000,128.25,128.34,128.25,128.34,147,0
20251213,180000,128.34,128.34,128.26,128.29,88,0
20251214,100000,128.17,128.17,127.78,127.88,262,0
20251214,110000,127.92,127.94,127.5,127.58,388,0
20251214,120000,127.54,127.68,127.39,127.39,287,0
20251214,130000,127.4,127.74,127.39,127.72,185,0
20251214,140000,127.68,127.95,127.6,127.94,102,0
20251214,150000,127.94,127.94,127.78,127.87,37,0
20251214,160000,127.81,127.82,127.52,127.59,378,0
20251214,170000,127.56,127.79,127.42,127.79,1009,0
20251214,180000,127.74,127.77,127.51,127.77,223,0
20251215,090000,128.4,128.53,128.04,128.25,1396,0
20251215,100000,128.2,128.35,127.87,128.09,1110,0
20251215,110000,128.13,128.39,127.82,128.26,2193,0
20251215,120000,128.35,128.7,128.24,128.37,942,0
20251215,130000,128.35,128.86,128.31,128.42,651,0
20251215,140000,128.42,129.29,128.32,129.29,1787,0
20251215,150000,129.3,129.43,128.36,128.66,1766,0
20251215,160000,128.6,128.6,128.16,128.45,2335,0
20251215,170000,128.45,128.91,128.34,128.87,1334,0
20251215,180000,128.83,128.97,128.55,128.88,1198,0
20251215,190000,128.83,129.7,128.46,128.67,829,0
20251215,200000,128.72,129.15,128.65,129.01,410,0
20251215,210000,129.01,129.03,128.86,128.91,100,0
20251215,220000,128.89,129.18,128.89,129.17,424,0
20251215,230000,129.17,129.38,129.12,129.17,1080,0
20251216,090000,129.2,129.3,129.02,129.08,537,0
20251216,100000,129.09,130.39,128.87,130.17,2792,0
20251216,110000,130.19,130.38,129.88,130.25,3242,0
20251216,120000,130.25,130.63,130.08,130.37,1231,0
20251216,130000,130.37,130.51,130.18,130.27,3140,0
20251216,140000,130.27,130.39,130,130.23,3166,0
20251216,150000,130.24,131.07,130.18,131.07,6884,0
20251216,160000,131.04,131.1,130.58,130.85,1980,0
20251216,170000,130.81,131.35,130.81,131.14,3577,0
20251216,180000,131.13,131.22,130.66,130.81,2275,0
20251216,190000,130.9,130.92,130.41,130.58,1021,0
20251216,200000,130.55,130.9,130.49,130.63,314,0
20251216,210000,130.67,130.77,130.61,130.7,492,0
20251216,220000,130.73,130.74,130.57,130.66,241,0
20251216,230000,130.73,130.84,130.58,130.58,181,0
20251217,080000,130.99,130.99,130.99,130.99,8,0
20251217,090000,131.04,131.12,130.58,130.76,1501,0
20251217,100000,130.59,130.72,129.37,129.8,8684,0
20251217,110000,129.8,130.64,129.76,129.99,8969,0
20251217,120000,129.97,129.98,128.99,129.13,5954,0
20251217,130000,129.08,129.35,128.2,129.24,5883,0
20251217,140000,129.26,129.27,128.58,129.17,2946,0
20251217,150000,129.16,129.2,128.8,129.12,720,0
20251217,160000,129.06,129.11,128.6,128.64,1385,0
20251217,170000,128.63,128.65,128.1,128.65,2283,0
20251217,180000,128.65,129.43,128.3,129.43,3097,0
20251217,190000,129.23,129.56,129.04,129.16,1195,0
20251217,200000,129.16,129.41,129.13,129.2,459,0
20251217,210000,129.23,129.35,128.98,128.98,696,0
20251217,220000,129.02,129.52,128.64,129.32,1008,0
20251217,230000,129.33,129.5,129.19,129.43,657,0
