20250620,090000,2789,2790,2780,2785,26706,0
20250620,100000,2784.5,2785,2774,2784,40485,0
20250620,110000,2783,2787.5,2779,2779,20437,0
20250620,120000,2780,2783.5,2777,2781,17119,0
20250620,130000,2781,2783,2776,2782,20029,0
20250620,140000,2781.5,2786,2768.5,2771.5,34825,0
20250620,150000,2771,2778.5,2768,2772,32776,0
20250620,160000,2772,2773.5,2759.5,2761.5,67466,0
20250620,170000,2762,2765,2755.5,2762,42870,0
20250620,180000,2762,2763.5,2748,2749.5,45071,0
20250620,190000,2750.5,2756.5,2749,2752,30065,0
20250620,200000,2752,2752.5,2748.5,2752,12924,0
20250620,210000,2752,2759.5,2751.5,2756.5,24147,0
20250620,220000,2757,2760,2755,2756.5,7335,0
20250620,230000,2756.5,2760,2755.5,2758,13880,0
20250623,090000,2764.5,2765,2751,2756,40950,0
20250623,100000,2756,2756.5,2739,2745,66372,0
20250623,110000,2745,2751.5,2741,2751,38624,0
20250623,120000,2751,2754.5,2745.5,2753,30867,0
20250623,130000,2752.5,2759,2746,2751.5,37597,0
20250623,140000,2751.5,2754,2745,2749,40082,0
20250623,150000,2748.5,2755.5,2747.5,2753,15588,0
20250623,160000,2753,2773.5,2751.5,2763,58422,0
20250623,170000,2763,2771,2762,2765,26364,0
20250623,180000,2765,2769,2760.5,2764.5,22814,0
20250623,190000,2765,2771.5,2756.5,2762,30912,0
20250623,200000,2761.5,2761.5,2747.5,2753,49947,0
20250623,210000,2752.5,2754.5,2747.5,2753,9789,0
20250623,220000,2753,2755.5,2749,2749,9277,0
20250623,230000,2749.5,2750,2740.5,2746,14105,0
20250624,090000,2748.5,2751,2725,2731.5,79346,0
20250624,100000,2731.5,2738,2723,2726,71809,0
20250624,110000,2725.5,2733.5,2718,2726.5,43513,0
20250624,120000,2726.5,2737.5,2720.5,2736,26521,0
20250624,130000,2736,2739,2729.5,2734,29887,0
20250624,140000,2733.5,2737,2723.5,2729.5,27621,0
20250624,150000,2730,2735,2723,2731,26562,0
20250624,160000,2730.5,2741,2730.5,2734.5,32099,0
20250624,170000,2734,2753,2734,2748,73207,0
20250624,180000,2749.5,2750.5,2745,2745,18453,0
20250624,190000,2746,2751,2741,2743.5,23675,0
20250624,200000,2743.5,2750,2743.5,2748,7948,0
20250624,210000,2748,2760.5,2747,2754.5,29532,0
20250624,220000,2754.5,2764.5,2754,2763,26144,0
20250624,230000,2763,2768,2761.5,2768,15267,0
20250625,090000,2763.5,2766,2756.5,2764.5,21297,0
20250625,100000,2764.5,2781.5,2763.5,2781,80420,0
20250625,110000,2781,2783,2772.5,2779,52258,0
20250625,120000,2779,2781.5,2771.5,2777.5,19265,0
20250625,130000,2777,2780.5,2774,2779,27836,0
20250625,140000,2779,2784,2773.5,2778,37387,0
20250625,150000,2779,2782.5,2773.5,2775,24609,0
20250625,160000,2775,2782,2772,2773.5,22464,0
20250625,170000,2773,2792,2770,2790,49914,0
20250625,180000,2790.5,2794,2787,2791.5,32365,0
20250625,190000,2790.5,2802,2788,2796.5,44694,0
20250625,200000,2797,2799,2794.5,2796,20289,0
20250625,210000,2795,2795,2791,2791.5,7276,0
20250625,220000,2792,2797.5,2792,2797.5,20318,0
20250625,230000,2797.5,2797.5,2794,2795,5583,0
20250626,090000,2796,2803,2796,2797,18124,0
20250626,100000,2796.5,2797,2787.5,2790.5,37777,0
20250626,110000,2790.5,2794,2785.5,2786.5,27880,0
20250626,120000,2786.5,2795,2784,2793.5,23709,0
20250626,130000,2793.5,2801.5,2792,2794.5,26663,0
20250626,140000,2794,2800,2790.5,2799.5,17961,0
20250626,150000,2800,2802,2793.5,2798.5,22638,0
20250626,160000,2799,2800.5,2793.5,2799,13868,0
20250626,170000,2799,2810,2798,2804,45390,0
20250626,180000,2804,2807,2795,2797,35234,0
20250626,190000,2797,2802.5,2794.5,2798.5,16769,0
20250626,200000,2798.5,2798.5,2790.5,2794,16125,0
20250626,210000,2794,2796.5,2791.5,2796.5,4301,0
20250626,220000,2796.5,2798.5,2795,2795.5,4052,0
20250626,230000,2795.5,2797.5,2793,2797.5,5538,0
20250627,090000,2795,2797,2792,2793.5,9010,0
20250627,100000,2793.5,2795,2785.5,2788.5,29848,0
20250627,110000,2788,2797.5,2787,2795.5,21365,0
20250627,120000,2795.5,2800,2789.5,2795.5,30043,0
20250627,130000,2795,2800.5,2787,2788.5,26649,0
20250627,140000,2788,2790,2782,2788,41114,0
20250627,150000,2788.5,2794.5,2787,2793.5,24791,0
20250627,160000,2793,2808.5,2790.5,2807.5,44683,0
20250627,170000,2807.5,2815.5,2804,2810.5,64514,0
20250627,180000,2811,2817.5,2805.5,2807.5,37338,0
20250627,190000,2808,2825,2807,2824,69638,0
20250627,200000,2824,2826,2819,2820.5,34433,0
20250627,210000,2821.5,2823,2819.5,2822,12092,0
20250627,220000,2821.5,2825,2821.5,2824,13460,0
20250627,230000,2823.5,2825.5,2821.5,2825.5,14445,0
20250630,090000,2824,2830,2815,2827.5,36573,0
20250630,100000,2828,2830,2813,2816.5,53728,0
20250630,110000,2816.5,2822.5,2810.5,2810.5,32176,0
20250630,120000,2810.5,2819.5,2809,2814.5,19864,0
20250630,130000,2813,2837.5,2813,2833.5,73790,0
20250630,140000,2833.5,2839.5,2832,2834.5,33913,0
20250630,150000,2833.5,2845.5,2833.5,2844,43814,0
20250630,160000,2843.5,2848,2841.5,2842.5,34933,0
20250630,170000,2842.5,2848,2840.5,2846,25764,0
20250630,180000,2846,2850.5,2844,2848,29727,0
20250630,190000,2848.5,2851.5,2846.5,2849,18622,0
20250630,200000,2849.5,2851.5,2847,2847.5,6994,0
20250630,210000,2847.5,2850.5,2847.5,2849,5774,0
20250630,220000,2849.5,2850.5,2848,2849,3696,0
20250630,230000,2849,2849.5,2847,2847.5,6651,0
20250701,090000,2852.5,2859,2849,2854,35905,0
20250701,100000,2854.5,2855,2845.5,2855,40922,0
20250701,110000,2855,2862.5,2847.5,2849,46517,0
20250701,120000,2849,2854,2839.5,2850.5,52121,0
20250701,130000,2850,2851.5,2845.5,2850.5,14013,0
20250701,140000,2851.5,2858.5,2850.5,2856,18341,0
20250701,150000,2855.5,2862,2854,2855.5,27852,0
20250701,160000,2856,2862,2851.5,2855.5,30171,0
20250701,170000,2855.5,2860,2849,2855,42950,0
20250701,180000,2855,2856.5,2847,2847.5,26431,0
20250701,190000,2848.5,2862.5,2844,2845.5,33959,0
20250701,200000,2845.5,2849,2843.5,2845.5,8537,0
20250701,210000,2845.5,2848,2840,2840,14871,0
20250701,220000,2840,2842.5,2837.5,2840.5,15550,0
20250701,230000,2840,2842.5,2839,2842,5691,0
20250702,080000,2843.5,2843.5,2843.5,2843.5,175,0
20250702,090000,2844,2845,2835.5,2841,22929,0
20250702,100000,2841,2847,2829,2830,50423,0
20250702,110000,2829.5,2831.5,2821.5,2824.5,62097,0
20250702,120000,2825,2832,2821,2828.5,28435,0
20250702,130000,2829,2830.5,2819,2827,46908,0
20250702,140000,2827,2837.5,2827,2828.5,31666,0
20250702,150000,2828.5,2840,2828.5,2838.5,19004,0
20250702,160000,2839,2843,2829,2831,32007,0
20250702,170000,2831,2834,2820.5,2820.5,31552,0
20250702,180000,2820,2823,2813,2818.5,48378,0
20250702,190000,2820,2836.5,2818,2829.5,91036,0
20250702,200000,2829,2836.5,2829,2831.5,20954,0
20250702,210000,2831,2832,2818,2823,25681,0
20250702,220000,2823,2826.5,2820,2824.5,9283,0
20250702,230000,2824.5,2830,2821.5,2829.5,10238,0
20250703,080000,2830,2830,2830,2830,117,0
20250703,090000,2830.5,2832,2821,2822,20490,0
20250703,100000,2822,2830.5,2816.5,2829,47610,0
20250703,110000,2829,2843,2828,2842.5,64047,0
20250703,120000,2842.5,2847,2832.5,2838,58403,0
20250703,130000,2838.5,2842,2833,2838.5,34231,0
20250703,140000,2838,2839,2830.5,2834,21289,0
20250703,150000,2833.5,2840.5,2829,2834.5,23443,0
20250703,160000,2833.5,2848.5,2830,2843.5,51244,0
20250703,170000,2843.5,2844,2834.5,2837.5,26757,0
20250703,180000,2837,2838,2821,2827.5,50267,0
20250703,190000,2829,2836.5,2819,2821.5,52765,0
20250703,200000,2821,2823,2815,2819,25765,0
20250703,210000,2818.5,2822.5,2817.5,2819.5,10061,0
20250703,220000,2819,2821,2811.5,2813.5,15630,0
20250703,230000,2813.5,2816,2810.5,2815.5,13344,0
20250704,080000,2808,2808,2808,2808,240,0
20250704,090000,2808,2816,2805,2809.5,36566,0
20250704,100000,2809.5,2817,2803,2806,45978,0
20250704,110000,2805.5,2810,2795.5,2801,57319,0
20250704,120000,2801,2807,2793.5,2806.5,59972,0
20250704,130000,2807.5,2819.5,2805,2813,44638,0
20250704,140000,2813,2823,2810,2817.5,47113,0
20250704,150000,2817.5,2821.5,2805.5,2807,46831,0
20250704,160000,2807,2813,2804.5,2806,23476,0
20250704,170000,2805.5,2814,2801.5,2809,26556,0
20250704,180000,2810,2811,2803,2804,16956,0
20250704,190000,2806,2809.5,2802,2807.5,29485,0
20250704,200000,2808,2813.5,2806.5,2808.5,11457,0
20250704,210000,2807.5,2810.5,2807.5,2809,4142,0
20250704,220000,2809,2809.5,2805.5,2806,8861,0
20250704,230000,2805.5,2810,2805.5,2808.5,6711,0
20250707,080000,2793,2793,2793,2793,983,0
20250707,090000,2792.5,2798.5,2788,2792,52063,0
20250707,100000,2792,2794,2775,2780,76568,0
20250707,110000,2779.5,2783,2773.5,2775,37286,0
20250707,120000,2774.5,2787,2768,2782,68285,0
20250707,130000,2782.5,2783,2767.5,2771,38171,0
20250707,140000,2771.5,2782,2770.5,2778.5,25321,0
20250707,150000,2778.5,2780.5,2773.5,2777.5,13727,0
20250707,160000,2777,2778.5,2763,2763,31102,0
20250707,170000,2763,2768,2759,2766.5,48824,0
20250707,180000,2766.5,2767,2757.5,2762,35322,0
20250707,190000,2763,2767,2762,2764,21446,0
20250707,200000,2764,2766,2762.5,2764,6821,0
20250707,210000,2764.5,2765,2760,2761.5,9340,0
20250707,220000,2761.5,2764.5,2760.5,2763.5,6459,0
20250707,230000,2764,2766,2761.5,2763,6646,0
20250708,080000,2758,2758,2758,2758,533,0
20250708,090000,2758,2762,2750,2756,38147,0
20250708,100000,2755.5,2768,2751,2762,54920,0
20250708,110000,2761.5,2769,2758,2766.5,29634,0
20250708,120000,2767,2769,2761,2766.5,17147,0
20250708,130000,2767,2768,2751,2754.5,35260,0
20250708,140000,2754,2758,2745.5,2746,51343,0
20250708,150000,2746,2751,2742,2743,33509,0
20250708,160000,2743,2754,2742.5,2751,23832,0
20250708,170000,2751.5,2761,2749.5,2761,31354,0
20250708,180000,2760.5,2761.5,2756.5,2759,20464,0
20250708,190000,2760.5,2762,2736,2740,71692,0
20250708,200000,2739.5,2742.5,2733,2733,31559,0
20250708,210000,2733,2734.5,2723,2726,46759,0
20250708,220000,2726,2729,2723.5,2728,13542,0
20250708,230000,2728,2728.5,2720.5,2722.5,15886,0
20250709,080000,2725,2725,2725,2725,29,0
20250709,090000,2725.5,2739.5,2725.5,2737,42872,0
20250709,100000,2737,2738,2711,2718.5,91256,0
20250709,110000,2718.5,2725,2710,2720.5,54624,0
20250709,120000,2720,2722.5,2707.5,2709,31387,0
20250709,130000,2709,2714,2702,2711,45626,0
20250709,140000,2711,2713.5,2705.5,2710.5,24637,0
20250709,150000,2711,2727,2711,2716.5,83918,0
20250709,160000,2717,2720,2709,2713,24456,0
20250709,170000,2712.5,2714.5,2694,2699,55639,0
20250709,180000,2699,2700.5,2689.5,2698,59176,0
20250709,190000,2698.5,2713,2698.5,2710,60028,0
20250709,200000,2710.5,2717.5,2702,2703.5,26672,0
20250709,210000,2703.5,2712,2702.5,2710,17562,0
20250709,220000,2710.5,2721,2709,2720,20926,0
20250709,230000,2720,2720.5,2713,2718,10757,0
20250710,080000,2718.5,2718.5,2718.5,2718.5,183,0
20250710,090000,2718.5,2724,2717,2719,27556,0
20250710,100000,2719.5,2732.5,2716,2730,49833,0
20250710,110000,2730.5,2732.5,2725.5,2725.5,28867,0
20250710,120000,2725.5,2729,2718,2720,29916,0
20250710,130000,2720,2728,2717.5,2719,17695,0
20250710,140000,2718.5,2727,2716,2719,22723,0
20250710,150000,2718.5,2737,2709.5,2734.5,58947,0
20250710,160000,2734,2738,2729,2734.5,34872,0
20250710,170000,2735,2743,2734,2739,31079,0
20250710,180000,2739.5,2741,2734.5,2739.5,23018,0
20250710,190000,2740.5,2746,2735,2737,35503,0
20250710,200000,2736.5,2739.5,2733,2738,13684,0
20250710,210000,2738,2739.5,2733.5,2738,10405,0
20250710,220000,2737.5,2743,2737,2741,10165,0
20250710,230000,2740.5,2741.5,2737.5,2737.5,9663,0
20250711,080000,2722,2722,2722,2722,766,0
20250711,090000,2721.5,2721.5,2706.5,2708.5,55439,0
20250711,100000,2708.5,2714.5,2703.5,2710,61919,0
20250711,110000,2710,2710.5,2690,2693.5,67250,0
20250711,120000,2693.5,2694.5,2682,2685.5,65492,0
20250711,130000,2686,2691.5,2677.5,2683.5,49730,0
20250711,140000,2683,2687,2675.5,2679,50775,0
20250711,150000,2679,2686,2676.5,2682,28800,0
20250711,160000,2682,2694,2678,2691,45625,0
20250711,170000,2691,2691,2661,2662,94491,0
20250711,180000,2661,2664.5,2641.5,2645,112527,0
20250711,190000,2647,2659.5,2643.5,2657,49342,0
20250711,200000,2657,2659,2642,2644,26468,0
20250711,210000,2643,2645,2637,2641.5,28925,0
20250711,220000,2641.5,2648.5,2639.5,2642.5,17482,0
20250711,230000,2643,2646,2639,2642.5,18628,0
20250714,080000,2620,2620,2620,2620,741,0
20250714,090000,2620.5,2628,2608,2627,79325,0
20250714,100000,2626,2644,2625,2643,67715,0
20250714,110000,2643,2647,2634.5,2641.5,38845,0
20250714,120000,2641.5,2651,2637.5,2642.5,36412,0
20250714,130000,2642,2645,2636.5,2642,20413,0
20250714,140000,2642.5,2644,2636,2642.5,22514,0
20250714,150000,2642.5,2665.5,2642,2660,62998,0
20250714,160000,2660.5,2663.5,2645.5,2649.5,63046,0
20250714,170000,2649.5,2669,2644,2646,70622,0
20250714,180000,2646,2727.5,2635.5,2718,372223,0
20250714,190000,2724,2754.5,2719.5,2744.5,172130,0
20250714,200000,2744.5,2749.5,2736.5,2741.5,38067,0
20250714,210000,2741.5,2744.5,2737,2741.5,18833,0
20250714,220000,2741.5,2745,2740,2744.5,14405,0
20250714,230000,2744.5,2749,2744,2745.5,15455,0
20250715,080000,2750.5,2750.5,2750.5,2750.5,628,0
20250715,090000,2750.5,2759.5,2744,2752,54199,0
20250715,100000,2752.5,2756.5,2738,2738.5,59373,0
20250715,110000,2738.5,2749.5,2737.5,2744,38572,0
20250715,120000,2744,2767,2740.5,2760,79201,0
20250715,130000,2759.5,2765,2757.5,2761.5,35589,0
20250715,140000,2762,2762,2754,2759.5,23084,0
20250715,150000,2759,2761,2746.5,2755,54149,0
20250715,160000,2755,2761.5,2751,2759.5,27579,0
20250715,170000,2760,2765,2757,2757.5,50145,0
20250715,180000,2758,2763,2755,2760,30917,0
20250715,190000,2760,2765,2758.5,2763.5,17540,0
20250715,200000,2763,2765,2759.5,2764,13182,0
20250715,210000,2763.5,2766,2762.5,2763,10557,0
20250715,220000,2763.5,2765.5,2760.5,2760.5,4864,0
20250715,230000,2761,2764.5,2760.5,2764.5,6064,0
20250716,080000,2766.5,2766.5,2766.5,2766.5,173,0
20250716,090000,2767,2770,2758.5,2766.5,33321,0
20250716,100000,2766.5,2769,2754,2757,54530,0
20250716,110000,2757,2764,2756,2762,21810,0
20250716,120000,2761,2777,2759,2775.5,80377,0
20250716,130000,2775.5,2784.5,2771,2780.5,53199,0
20250716,140000,2781,2791.5,2779.5,2785,74934,0
20250716,150000,2784.5,2786.5,2778.5,2781.5,31427,0
20250716,160000,2782,2786,2778,2781,27760,0
20250716,170000,2781.5,2785,2779,2782,20846,0
20250716,180000,2782,2784.5,2777,2778.5,31165,0
20250716,190000,2780,2794,2780,2790.5,49778,0
20250716,200000,2790,2794.5,2790,2792.5,11626,0
20250716,210000,2792.5,2798,2790,2790.5,21976,0
20250716,220000,2790.5,2791.5,2787,2787,9801,0
20250716,230000,2787,2790,2786.5,2788.5,8463,0
20250717,080000,2785,2785,2785,2785,2104,0
20250717,090000,2785,2789,2772.5,2784,57980,0
20250717,100000,2784.5,2793,2782.5,2792,40391,0
20250717,110000,2792.5,2794.5,2787,2788.5,25402,0
20250717,120000,2788,2791.5,2785,2790,22594,0
20250717,130000,2790,2792.5,2783,2784,23354,0
20250717,140000,2783.5,2783.5,2772,2779.5,58831,0
20250717,150000,2779,2782,2772.5,2772.5,35366,0
20250717,160000,2773,2773,2763,2768,45844,0
20250717,170000,2767.5,2777.5,2767,2769,29731,0
20250717,180000,2769,2773.5,2764.5,2764.5,30283,0
20250717,190000,2765,2772,2762.5,2763.5,38994,0
20250717,200000,2763.5,2774.5,2761.5,2774.5,23143,0
20250717,210000,2774.5,2775,2769,2772,14636,0
20250717,220000,2771.5,2777,2769,2772,28580,0
20250717,230000,2772,2774.5,2768.5,2772,24779,0
20250718,080000,2736,2736,2736,2736,9111,0
20250718,090000,2736.5,2749,2730,2737.5,144605,0
20250718,100000,2737.5,2757,2731,2751.5,170705,0
20250718,110000,2751.5,2771,2747.5,2764,96827,0
20250718,120000,2764,2768.5,2761,2766.5,39818,0
20250718,130000,2766,2779.5,2765,2772.5,59013,0
20250718,140000,2773,2781,2767,2772,54204,0
20250718,150000,2773,2777,2765.5,2769,36090,0
20250718,160000,2769,2782,2768,2779,37151,0
20250718,170000,2779.5,2793,2778.5,2786,63845,0
20250718,180000,2786.5,2793.5,2786,2790,31539,0
20250718,190000,2791,2797,2790.5,2793,38733,0
20250718,200000,2793,2794,2789.5,2792,14419,0
20250718,210000,2792.5,2793,2790.5,2791,6113,0
20250718,220000,2791.5,2799.5,2791,2799.5,23892,0
20250718,230000,2799,2810,2797.5,2801,31156,0
20250721,080000,2830,2830,2830,2830,980,0
20250721,090000,2830.5,2835,2814,2819.5,81372,0
20250721,100000,2819.5,2824,2808,2811.5,67794,0
20250721,110000,2812,2824,2808,2819,42395,0
20250721,120000,2819,2829.5,2817,2828,39869,0
20250721,130000,2827.5,2832,2818.5,2821.5,37112,0
20250721,140000,2822,2825,2813,2820.5,34990,0
20250721,150000,2820,2827,2817,2821.5,32654,0
20250721,160000,2821.5,2829,2819,2824,32317,0
20250721,170000,2824.5,2833.5,2822.5,2832.5,39908,0
20250721,180000,2833,2833,2822,2822,30989,0
20250721,190000,2824,2830,2820,2823.5,33511,0
20250721,200000,2824,2828.5,2820.5,2824,20500,0
20250721,210000,2824.5,2832,2822.5,2830,13974,0
20250721,220000,2830.5,2830.5,2825,2826,7748,0
20250721,230000,2825.5,2827.5,2824.5,2825.5,7119,0
20250722,080000,2822,2822,2822,2822,839,0
20250722,090000,2821,2821,2811,2814,35743,0
20250722,100000,2814,2821,2809,2809,45968,0
20250722,110000,2808.5,2815.5,2807.5,2812.5,35107,0
20250722,120000,2812.5,2826,2804.5,2824.5,56203,0
20250722,130000,2824.5,2831.5,2820,2826,50037,0
20250722,140000,2827,2831.5,2824,2824,22266,0
20250722,150000,2824,2831.5,2822.5,2828.5,21520,0
20250722,160000,2828.5,2837.5,2826.5,2833.5,45945,0
20250722,170000,2834,2836.5,2826,2828.5,28026,0
20250722,180000,2828.5,2829,2825,2829,19281,0
20250722,190000,2829,2835,2829,2832,19952,0
20250722,200000,2832.5,2835,2831.5,2835,5214,0
20250722,210000,2835,2835,2830.5,2831.5,7034,0
20250722,220000,2831.5,2835,2831,2835,8213,0
20250722,230000,2834.5,2837.5,2832,2832,7760,0
20250723,080000,2836,2836,2836,2836,49,0
20250723,090000,2836.5,2846.5,2834,2844.5,27174,0
20250723,100000,2844,2850,2842.5,2849,36152,0
20250723,110000,2849.5,2852.5,2845,2846.5,40307,0
20250723,120000,2847,2851,2843.5,2848,26059,0
20250723,130000,2848,2849,2840.5,2846.5,27925,0
20250723,140000,2846,2854,2844,2852,34175,0
20250723,150000,2851.5,2853.5,2847,2847,18582,0
20250723,160000,2847,2849.5,2836.5,2840,50002,0
20250723,170000,2839.5,2842.5,2831,2836,53806,0
20250723,180000,2836.5,2845,2832,2843.5,46166,0
20250723,190000,2844,2853.5,2832,2846,67159,0
20250723,200000,2845.5,2847,2841,2841.5,10603,0
20250723,210000,2842.5,2847.5,2835.5,2838,42821,0
20250723,220000,2838,2840.5,2830.5,2838.5,45680,0
20250723,230000,2838.5,2839.5,2833.5,2836,10331,0
20250724,080000,2837.5,2837.5,2837.5,2837.5,121,0
20250724,090000,2837,2843.5,2832,2840,16706,0
20250724,100000,2840,2842,2825.5,2831,54475,0
20250724,110000,2830.5,2833,2821,2831.5,64382,0
20250724,120000,2830.5,2835.5,2826.5,2829.5,37677,0
20250724,130000,2829.5,2833.5,2822.5,2825.5,37293,0
20250724,140000,2825.5,2827,2815,2819.5,41758,0
20250724,150000,2819,2826,2816,2821.5,39217,0
20250724,160000,2821.5,2822,2815.5,2819,22959,0
20250724,170000,2819,2822,2816,2818,19529,0
20250724,180000,2818,2818,2810,2811.5,31911,0
20250724,190000,2812,2819,2812,2819,31562,0
20250724,200000,2819,2824,2818,2819,13807,0
20250724,210000,2819,2825.5,2818.5,2824.5,10383,0
20250724,220000,2824.5,2826,2818,2821,12485,0
20250724,230000,2820.5,2824,2820.5,2822,5656,0
20250725,080000,2822,2822,2822,2822,29,0
20250725,090000,2823,2829,2818,2818,26766,0
20250725,100000,2818,2821,2814.5,2818,26269,0
20250725,110000,2818,2819.5,2816,2816.5,14294,0
20250725,120000,2816.5,2825.5,2816.5,2820.5,38762,0
20250725,130000,2820,2840,2789,2809.5,393828,0
20250725,140000,2810,2823.5,2802.5,2808.5,95774,0
20250725,150000,2808.5,2818,2796.5,2799.5,86689,0
20250725,160000,2799,2801.5,2781.5,2787.5,155074,0
20250725,170000,2787,2788,2771.5,2779.5,101859,0
20250725,180000,2779.5,2779.5,2769.5,2777,57272,0
20250725,190000,2775.5,2780.5,2766.5,2775,50674,0
20250725,200000,2775.5,2786.5,2775,2783,37428,0
20250725,210000,2782.5,2784.5,2778,2780.5,13730,0
20250725,220000,2780.5,2783,2780,2781,9033,0
20250725,230000,2780.5,2783.5,2780,2783,11071,0
20250728,080000,2781.5,2781.5,2781.5,2781.5,285,0
20250728,090000,2780,2782,2759.5,2764.5,57408,0
20250728,100000,2764.5,2770.5,2754,2765,67809,0
20250728,110000,2764.5,2778.5,2761,2775,77212,0
20250728,120000,2775,2782.5,2772,2777.5,50078,0
20250728,130000,2777.5,2788,2776.5,2781.5,47758,0
20250728,140000,2782,2782.5,2759,2762,82432,0
20250728,150000,2762,2763,2735.5,2751,222405,0
20250728,160000,2751,2755.5,2728.5,2743.5,177561,0
20250728,170000,2743.5,2745.5,2731,2739.5,57789,0
20250728,180000,2739.5,2745,2733.5,2736,43569,0
20250728,190000,2737,2743,2734.5,2738,23612,0
20250728,200000,2737.5,2740.5,2734,2736,16788,0
20250728,210000,2736,2740,2735,2739.5,10215,0
20250728,220000,2739.5,2739.5,2735,2736.5,11109,0
20250728,230000,2736.5,2739,2735,2738.5,8651,0
20250729,080000,2742.5,2742.5,2742.5,2742.5,506,0
20250729,090000,2743,2750,2739.5,2747,38393,0
20250729,100000,2747,2754.5,2734,2741.5,75903,0
20250729,110000,2742,2754,2737,2749,57415,0
20250729,120000,2749.5,2752.5,2742,2749,33082,0
20250729,130000,2749,2751,2743.5,2747,22032,0
20250729,140000,2747,2761.5,2746.5,2757.5,68212,0
20250729,150000,2757.5,2764,2755.5,2760.5,43685,0
20250729,160000,2760.5,2761,2748,2753,35605,0
20250729,170000,2752.5,2767,2750,2765.5,42492,0
20250729,180000,2766,2767.5,2759.5,2760.5,34504,0
20250729,190000,2761,2766,2759,2759.5,25650,0
20250729,200000,2759.5,2766.5,2736,2736,86343,0
20250729,210000,2736.5,2743.5,2735.5,2740.5,46702,0
20250729,220000,2741,2749,2741,2747,18066,0
20250729,230000,2747.5,2755.5,2746.5,2753.5,15385,0
20250730,080000,2748.5,2748.5,2748.5,2748.5,166,0
20250730,090000,2748,2757,2745,2753,23054,0
20250730,100000,2753,2754,2741,2751.5,61173,0
20250730,110000,2752,2754.5,2742,2746.5,29179,0
20250730,120000,2746,2749,2740.5,2742,23015,0
20250730,130000,2741.5,2747,2738.5,2744,32044,0
20250730,140000,2743.5,2743.5,2736.5,2737.5,23123,0
20250730,150000,2738,2740.5,2719,2724.5,104554,0
20250730,160000,2723.5,2730,2721,2729,37853,0
20250730,170000,2729,2733.5,2725,2728.5,27397,0
20250730,180000,2727.5,2730.5,2725,2728,17046,0
20250730,190000,2728.5,2732.5,2722,2724,34529,0
20250730,200000,2724,2727.5,2721.5,2724,13134,0
20250730,210000,2724,2729,2723.5,2724,7181,0
20250730,220000,2724,2726.5,2722,2725,14858,0
20250730,230000,2724.5,2728.5,2723,2727.5,11763,0
20250731,080000,2733,2733,2733,2733,638,0
20250731,090000,2733,2741,2730,2737,40921,0
20250731,100000,2737,2745.5,2725.5,2727.5,66697,0
20250731,110000,2728,2731.5,2718.5,2720.5,43928,0
20250731,120000,2720.5,2732,2719.5,2730.5,35624,0
20250731,130000,2730.5,2738,2728,2730.5,36677,0
20250731,140000,2731,2736,2721.5,2724.5,35095,0
20250731,150000,2724.5,2732.5,2722.5,2726.5,21032,0
20250731,160000,2726,2735,2723.5,2730.5,26400,0
20250731,170000,2731,2734.5,2728.5,2729.5,18103,0
20250731,180000,2729.5,2735,2727.5,2733,17693,0
20250731,190000,2734,2743,2733,2740.5,43946,0
20250731,200000,2741,2742.5,2740,2740.5,12193,0
20250731,210000,2740,2741,2737.5,2739.5,20849,0
20250731,220000,2739.5,2741,2739,2739.5,5403,0
20250731,230000,2739.5,2744.5,2739,2744,9871,0
20250801,080000,2750,2750,2750,2750,781,0
20250801,090000,2750,2757.5,2749.5,2752.5,53126,0
20250801,100000,2753,2757,2746.5,2751.5,38268,0
20250801,110000,2751.5,2752,2747.5,2750.5,27272,0
20250801,120000,2751,2751.5,2745,2746.5,33735,0
20250801,130000,2746,2750.5,2745,2748,25842,0
20250801,140000,2749,2750,2727.5,2729.5,84188,0
20250801,150000,2730,2735,2726,2726,43787,0
20250801,160000,2726,2735.5,2725,2731,35286,0
20250801,170000,2730.5,2734,2728,2732.5,17364,0
20250801,180000,2732,2733,2728.5,2731.5,19798,0
20250801,190000,2732,2735,2718,2720.5,29190,0
20250801,200000,2720,2733,2711.5,2730.5,94718,0
20250801,210000,2730.5,2739.5,2729,2735,27314,0
20250801,220000,2735,2737,2733,2733.5,14329,0
20250801,230000,2733,2738,2733,2735,15879,0
20250804,080000,2735.5,2735.5,2735.5,2735.5,141,0
20250804,090000,2736,2741,2728.5,2733.5,45375,0
20250804,100000,2732.5,2744,2729,2740.5,49533,0
20250804,110000,2741,2747.5,2738.5,2744,30995,0
20250804,120000,2744,2753.5,2743.5,2751,50294,0
20250804,130000,2752,2756,2748.5,2754,24717,0
20250804,140000,2755,2757.5,2752,2753.5,37830,0
20250804,150000,2754,2760,2752.5,2757,36705,0
20250804,160000,2757.5,2763,2757.5,2762,34147,0
20250804,170000,2762,2775,2759,2766.5,91458,0
20250804,180000,2767,2779,2767,2775.5,47628,0
20250804,190000,2775.5,2779,2771,2774,19299,0
20250804,200000,2773.5,2783.5,2773.5,2781,23615,0
20250804,210000,2781.5,2785.5,2779,2784,13249,0
20250804,220000,2784.5,2785.5,2780,2780.5,11726,0
20250804,230000,2780.5,2785,2780.5,2784,8521,0
20250805,090000,2779.5,2789,2777.5,2786.5,29840,0
20250805,100000,2786.5,2786.5,2778,2780,41694,0
20250805,110000,2779.5,2782.5,2774,2776.5,42059,0
20250805,120000,2776,2776.5,2766.5,2769,70820,0
20250805,130000,2769,2778.5,2769,2775,39873,0
20250805,140000,2775,2777,2769,2773.5,17786,0
20250805,150000,2773,2798.5,2766,2789.5,117858,0
20250805,160000,2789.5,2793,2781,2787.5,53309,0
20250805,170000,2787.5,2791.5,2781.5,2784,32465,0
20250805,180000,2784,2789.5,2782.5,2785.5,13478,0
20250805,190000,2786.5,2797.5,2785.5,2796,34157,0
20250805,200000,2796,2803.5,2792,2792,40631,0
20250805,210000,2792,2796.5,2790.5,2795.5,12717,0
20250805,220000,2796,2799.5,2794,2795,10472,0
20250805,230000,2795.5,2797,2793,2797,7456,0
20250806,090000,2795.5,2801,2793.5,2796.5,21037,0
20250806,100000,2795.5,2803.5,2784.5,2790,47509,0
20250806,110000,2790,2794.5,2781,2786,32476,0
20250806,120000,2786,2789,2783,2788,21527,0
20250806,130000,2788,2792.5,2782,2783.5,19183,0
20250806,140000,2784.5,2794,2777.5,2791,45774,0
20250806,150000,2791,2797.5,2781,2784.5,63525,0
20250806,160000,2784.5,2787.5,2772,2775,50070,0
20250806,170000,2774.5,2799.5,2758,2762.5,191273,0
20250806,180000,2761.5,2767,2755.5,2766,58226,0
20250806,190000,2766.5,2790,2759,2767.5,169452,0
20250806,200000,2767.5,2813,2765.5,2803.5,240878,0
20250806,210000,2804,2866.5,2803.5,2863.5,177152,0
20250806,220000,2863,2888.5,2841,2857.5,476121,0
20250806,230000,2857.5,2863.5,2834,2849,221450,0
20250807,090000,2847,2851,2835,2837,50707,0
20250807,100000,2837.5,2853,2826,2848,148160,0
20250807,110000,2848.5,2919,2848,2910,438878,0
20250807,120000,2910,2923,2898,2900.5,189505,0
20250807,130000,2900.5,2915,2892.5,2902,102456,0
20250807,140000,2903.5,2916.5,2900,2910,93017,0
20250807,150000,2910,2918.5,2893,2907,150377,0
20250807,160000,2906,2908.5,2898.5,2904.5,37788,0
20250807,170000,2906,2908.5,2901.5,2906,31345,0
20250807,180000,2906.5,2912,2871,2879.5,221565,0
20250807,190000,2877,2884.5,2863.5,2877.5,122903,0
20250807,200000,2877.5,2878,2865.5,2868,57156,0
20250807,210000,2867,2905,2867,2888,141462,0
20250807,220000,2888,2889,2880.5,2887,21751,0
20250807,230000,2887,2905,2875,2894.5,133530,0
20250808,090000,2897.5,2898,2889,2895,35774,0
20250808,100000,2895.5,2896,2876.5,2879.5,79706,0
20250808,110000,2879.5,2884,2874,2883,51550,0
20250808,120000,2883,2884.5,2878,2880.5,35007,0
20250808,130000,2880.5,2893.5,2876,2886.5,82635,0
20250808,140000,2886.5,2906,2883.5,2901,91238,0
20250808,150000,2900,2910,2897.5,2898,75100,0
20250808,160000,2898.5,2902.5,2895.5,2902,35981,0
20250808,170000,2902,2927.5,2894.5,2926,210650,0
20250808,180000,2926,2930,2919,2923,75393,0
20250808,190000,2923.5,2933,2921.5,2929.5,41617,0
20250808,200000,2930,2935.5,2926.5,2929.5,34930,0
20250808,210000,2929.5,2934.5,2928,2930,20216,0
20250808,220000,2930,2934,2928,2933.5,15253,0
20250808,230000,2933,2970,2930.5,2969,164793,0
20250811,090000,2995,2998,2982,2991,127218,0
20250811,100000,2991,2997,2978.5,2980,121096,0
20250811,110000,2981,2991.5,2980,2989.5,53501,0
20250811,120000,2989.5,2990,2978,2982,42053,0
20250811,130000,2983,2983.5,2977,2982,30469,0
20250811,140000,2982.5,2992.5,2981,2986.5,43578,0
20250811,150000,2986,2988.5,2982.5,2983,22240,0
20250811,160000,2983,2988,2977,2984.5,46556,0
20250811,170000,2984.5,2995,2981,2990,54181,0
20250811,180000,2990.5,2992.5,2956.5,2965,174042,0
20250811,190000,2965,2976.5,2953.5,2960,112241,0
20250811,200000,2960,2971.5,2958.5,2962.5,32628,0
20250811,210000,2962.5,2966.5,2957.5,2962,19402,0
20250811,220000,2962,2966,2961,2966,10520,0
20250811,230000,2966,2973,2964.5,2972,15941,0
20250812,090000,2961.5,2969.5,2960,2966,22640,0
20250812,100000,2966,2971,2958.5,2962,54512,0
20250812,110000,2961.5,2964.5,2956,2962,40542,0
20250812,120000,2962,2967,2957.5,2966,23243,0
20250812,130000,2965,2968.5,2961,2966.5,20193,0
20250812,140000,2965,2966,2961,2963.5,26927,0
20250812,150000,2963.5,2964.5,2956.5,2962.5,26815,0
20250812,160000,2962,2978,2961.5,2971.5,40242,0
20250812,170000,2972,2983,2967.5,2979,58533,0
20250812,180000,2979.5,2983,2972,2980,39383,0
20250812,190000,2981.5,2983.5,2979,2982,14040,0
20250812,200000,2982.5,2983,2973,2979,27653,0
20250812,210000,2979,2983,2979,2981,12535,0
20250812,220000,2981,2983,2979.5,2980.5,5450,0
20250812,230000,2980,2981,2978.5,2979.5,4584,0
20250813,090000,2983.5,2994.5,2981,2991,43046,0
20250813,100000,2991,2991.5,2977,2977.5,41803,0
20250813,110000,2977.5,2981.5,2971,2978,55133,0
20250813,120000,2977.5,2983,2972,2975.5,40915,0
20250813,130000,2975.5,2976.5,2971,2974,36770,0
20250813,140000,2973.5,2976.5,2961.5,2964,35940,0
20250813,150000,2964,2980.5,2963,2974,52699,0
20250813,160000,2975,2982,2969,2976.5,40263,0
20250813,170000,2977,2985.5,2968,2977.5,84918,0
20250813,180000,2977.5,2982,2974,2975,32155,0
20250813,190000,2977,2982,2970,2970,27345,0
20250813,200000,2970.5,2973.5,2968,2972,20084,0
20250813,210000,2971,2975,2970,2973,11028,0
20250813,220000,2973,2974,2968.5,2970.5,7981,0
20250813,230000,2970.5,2971,2955,2961,36789,0
20250814,090000,2959.5,2964,2947.5,2954,52750,0
20250814,100000,2953,2953,2941,2947.5,81714,0
20250814,110000,2947,2951.5,2938,2940.5,60433,0
20250814,120000,2940.5,2958.5,2939,2954.5,77254,0
20250814,130000,2954.5,2964.5,2953,2963.5,47190,0
20250814,140000,2963,2969,2958,2968.5,55267,0
20250814,150000,2968,2990.5,2968,2981.5,88597,0
20250814,160000,2982,2986.5,2977,2985,69623,0
20250814,170000,2985,2988.5,2975,2981,84769,0
20250814,180000,2981,2982,2976,2976.5,21359,0
20250814,190000,2977.5,2985,2977.5,2983,25572,0
20250814,200000,2983,2995,2982,2991,38850,0
20250814,210000,2991,2999,2990.5,2995,39002,0
20250814,220000,2995,2996.5,2990,2991.5,15876,0
20250814,230000,2991.5,2994,2989.5,2993.5,11233,0
20250815,090000,2993,2994.5,2985.5,2988,24509,0
20250815,100000,2987.5,2990,2982,2989,39628,0
20250815,110000,2988.5,2993.5,2984.5,2992.5,19960,0
20250815,120000,2992.5,2999.5,2992,2996.5,42463,0
20250815,130000,2996.5,3005,2995.5,2999,51554,0
20250815,140000,2999,3006,2999,3005,41300,0
20250815,150000,3005,3007,2992.5,3006,87010,0
20250815,160000,3006.5,3009,3000,3008,32339,0
20250815,170000,3008,3020,3007,3014.5,108594,0
20250815,180000,3014.5,3023,3011.5,3019,38733,0
20250815,190000,3021,3026.5,3014.5,3024.5,58928,0
20250815,200000,3025,3026,3005.5,3015,61619,0
20250815,210000,3015.5,3022.5,3015,3018,27315,0
20250815,220000,3017.5,3020.5,3006.5,3012.5,45840,0
20250815,230000,3011.5,3016.5,3007.5,3014,34692,0
20250816,100000,2968,2970,2922,2957.5,103663,0
20250816,110000,2957,2958,2940.5,2948.5,39182,0
20250816,120000,2948,2951.5,2945,2948,14398,0
20250816,130000,2947.5,2948.5,2940,2941.5,19468,0
20250816,140000,2941.5,2946.5,2940.5,2946,11759,0
20250816,150000,2946,2950.5,2944.5,2950,9925,0
20250816,160000,2950,2956,2948.5,2952.5,10565,0
20250816,170000,2952.5,2952.5,2946.5,2948.5,5282,0
20250816,180000,2948,2950,2946,2949,5515,0
20250817,100000,2947,2954.5,2945,2948,10869,0
20250817,110000,2949,2949,2945.5,2946,2866,0
20250817,120000,2946,2947.5,2945,2947.5,1799,0
20250817,130000,2947,2948,2946,2947,3373,0
20250817,140000,2947,2947.5,2942.5,2943,4712,0
20250817,150000,2943,2944.5,2940,2940.5,15949,0
20250817,160000,2940,2941.5,2932,2936,18177,0
20250817,170000,2936,2938,2934,2934,7161,0
20250817,180000,2934,2937.5,2932.5,2933.5,5873,0
20250818,090000,2952,2959,2948.5,2955.5,85484,0
20250818,100000,2955.5,2955.5,2942.5,2951,71522,0
20250818,110000,2950.5,2958,2947.5,2957.5,33871,0
20250818,120000,2958,2968.5,2957.5,2963,59568,0
20250818,130000,2963,2965,2956,2958,40632,0
20250818,140000,2958.5,2963,2955.5,2962,23628,0
20250818,150000,2962.5,2973,2959.5,2970.5,40889,0
20250818,160000,2970.5,2976.5,2967.5,2968,63149,0
20250818,170000,2967.5,2972,2954.5,2956.5,78649,0
20250818,180000,2956.5,2960.5,2949,2951.5,45354,0
20250818,190000,2952,2970.5,2945,2963.5,77673,0
20250818,200000,2963,2977,2955.5,2965,104729,0
20250818,210000,2964.5,2999,2960,2994.5,118994,0
20250818,220000,2995,3020,2981,2996,232225,0
20250818,230000,2996,2997.5,2987,2995.5,48838,0
20250819,090000,2995.5,3008,2993,3001,67466,0
20250819,100000,3000.5,3010,2999,3003.5,53326,0
20250819,110000,3004,3005,2999,3000.5,34224,0
20250819,120000,3000.5,3007,2990,2992,75804,0
20250819,130000,2992,2995.5,2989.5,2994,33092,0
20250819,140000,2994.5,2998.5,2993.5,2997,24388,0
20250819,150000,2997,3001,2981,2983,97059,0
20250819,160000,2983,2993,2981,2992,52892,0
20250819,170000,2992,2995,2983,2984,39988,0
20250819,180000,2983.5,2985.5,2963,2966.5,108692,0
20250819,190000,2967,2968,2958.5,2964,42674,0
20250819,200000,2963.5,2980,2956,2977,91671,0
20250819,210000,2976.5,2979.5,2971.5,2973.5,24619,0
20250819,220000,2973.5,2978.5,2973.5,2977,14168,0
20250819,230000,2976.5,2977.5,2968,2970,18706,0
20250820,090000,2970.5,2979,2963.5,2978,30572,0
20250820,100000,2978.5,2979,2966.5,2968.5,42780,0
20250820,110000,2969,2972,2965.5,2969.5,26488,0
20250820,120000,2969.5,2975.5,2961,2962.5,44663,0
20250820,130000,2962,2967,2960,2961.5,35575,0
20250820,140000,2962.5,2962.5,2943,2947.5,111636,0
20250820,150000,2948,2950.5,2937,2950.5,91138,0
20250820,160000,2950.5,2951,2933,2938,81815,0
20250820,170000,2937,2941.5,2932,2937,68643,0
20250820,180000,2937.5,2946,2935.5,2939,50850,0
20250820,190000,2940,2947.5,2932,2933,44743,0
20250820,200000,2934,2938.5,2932.5,2937,22313,0
20250820,210000,2936.5,2940,2936,2939.5,9804,0
20250820,220000,2939.5,2942,2938.5,2941,13346,0
20250820,230000,2941,2943.5,2939.5,2941.5,9714,0
20250821,090000,2939.5,2944,2931.5,2931.5,31778,0
20250821,100000,2931.5,2937,2919.5,2923.5,106387,0
20250821,110000,2923,2923.5,2913.5,2919,82576,0
20250821,120000,2920,2932,2916,2930,64358,0
20250821,130000,2930,2932,2911,2920.5,93988,0
20250821,140000,2920.5,2941,2920.5,2931,159538,0
20250821,150000,2931.5,2938,2924,2927.5,45217,0
20250821,160000,2927.5,2927.5,2901.5,2903,134003,0
20250821,170000,2903,2904.5,2894.5,2897.5,110166,0
20250821,180000,2897.5,2899.5,2881.5,2882.5,114573,0
20250821,190000,2882.5,2889,2878.5,2886,63319,0
20250821,200000,2886,2890.5,2882.5,2890,23081,0
20250821,210000,2890,2890,2880,2883,27548,0
20250821,220000,2883,2884.5,2875.5,2878,29408,0
20250821,230000,2877.5,2883,2876.5,2883,23680,0
20250822,090000,2883.5,2896,2881,2884,70039,0
20250822,100000,2884.5,2895,2881.5,2883.5,71525,0
20250822,110000,2884,2890,2883,2884,33792,0
20250822,120000,2884,2895,2879,2889.5,52682,0
20250822,130000,2888.5,2899.5,2887,2897,51874,0
20250822,140000,2898,2907.5,2890,2895,93436,0
20250822,150000,2895,2898,2883,2884.5,55362,0
20250822,160000,2884.5,2897,2884,2892.5,40918,0
20250822,170000,2893,2899,2887,2889,38911,0
20250822,180000,2889.5,2903.5,2889,2900,42132,0
20250822,190000,2901,2907,2897,2901.5,34676,0
20250822,200000,2901.5,2908.5,2892,2895.5,44604,0
20250822,210000,2896.5,2899.5,2894.5,2897.5,8794,0
20250822,220000,2898,2908,2895,2902,24883,0
20250822,230000,2901.5,2907.5,2901.5,2905,20416,0
20250823,100000,2904.5,2915.5,2902.5,2907.5,10157,0
20250823,110000,2907,2907.5,2905,2905.5,2728,0
20250823,120000,2906.5,2906.5,2904.5,2905,1137,0
20250823,130000,2906,2906.5,2905.5,2906.5,1471,0
20250823,140000,2906.5,2907,2906,2906.5,983,0
20250823,150000,2906,2906.5,2905.5,2906,868,0
20250823,160000,2905.5,2906.5,2905.5,2906,315,0
20250823,170000,2905.5,2907,2905.5,2905.5,464,0
20250823,180000,2905.5,2907.5,2905.5,2906.5,817,0
20250824,100000,2907,2907.5,2894,2896,10363,0
20250824,110000,2895.5,2896.5,2891.5,2893,4696,0
20250824,120000,2893,2895,2892.5,2894.5,3192,0
20250824,130000,2894.5,2895,2894,2894.5,953,0
20250824,140000,2894.5,2895,2893,2895,1240,0
20250824,150000,2895,2897.5,2895,2897.5,1710,0
20250824,160000,2897.5,2899.5,2895.5,2897,2977,0
20250824,170000,2897,2897,2894,2895,2238,0
20250824,180000,2895,2896.5,2894,2894,1086,0
20250825,090000,2894.5,2894.5,2881,2887,41053,0
20250825,100000,2886.5,2894,2884,2884.5,39804,0
20250825,110000,2884,2886,2866.5,2872,109910,0
20250825,120000,2872.5,2875.5,2869,2873,42532,0
20250825,130000,2872.5,2882,2872,2881.5,61367,0
20250825,140000,2880.5,2883.5,2870,2874.5,62787,0
20250825,150000,2874,2875.5,2862,2865.5,65538,0
20250825,160000,2865.5,2880,2861.5,2878.5,60146,0
20250825,170000,2878.5,2887,2878,2882,56713,0
20250825,180000,2882,2894.5,2881.5,2890.5,56747,0
20250825,190000,2891,2898.5,2891,2896.5,33424,0
20250825,200000,2896,2899,2892,2895.5,17185,0
20250825,210000,2896,2896.5,2893,2895,6429,0
20250825,220000,2894.5,2895,2893,2894,2337,0
20250825,230000,2894,2895.5,2892.5,2895.5,7281,0
20250826,090000,2899,2914.5,2898.5,2911.5,71115,0
20250826,100000,2911.5,2920.5,2906,2907,88746,0
20250826,110000,2907.5,2913.5,2907,2911.5,36622,0
20250826,120000,2911,2912,2899.5,2903.5,36494,0
20250826,130000,2903.5,2912,2902.5,2909.5,43881,0
20250826,140000,2910.5,2915,2906,2906.5,27841,0
20250826,150000,2906,2907.5,2900,2903.5,31234,0
20250826,160000,2903.5,2904,2885,2888,74419,0
20250826,170000,2887.5,2890.5,2882,2884.5,66975,0
20250826,180000,2884,2890.5,2882.5,2889,28713,0
20250826,190000,2890.5,2895.5,2886,2891.5,34762,0
20250826,200000,2891,2895,2889.5,2892,9452,0
20250826,210000,2892,2900,2892,2897.5,19422,0
20250826,220000,2897,2902.5,2893.5,2898,20424,0
20250826,230000,2898.5,2904,2898,2904,9378,0
20250827,090000,2897.5,2901.5,2891.5,2895,27330,0
20250827,100000,2895,2906.5,2892.5,2901,54404,0
20250827,110000,2901,2909.5,2900,2906,41645,0
20250827,120000,2906,2907,2900,2901,21556,0
20250827,130000,2901,2905.5,2896,2900.5,30091,0
20250827,140000,2900,2916.5,2897.5,2913.5,57106,0
20250827,150000,2913.5,2916,2910,2916,53409,0
20250827,160000,2916,2918,2910,2914.5,43333,0
20250827,170000,2915,2919,2912.5,2913,42468,0
20250827,180000,2913,2918,2909.5,2917.5,33643,0
20250827,190000,2916,2924,2914,2921.5,40726,0
20250827,200000,2922,2928.5,2920,2925.5,24159,0
20250827,210000,2925.5,2929.5,2925,2927,15655,0
20250827,220000,2927.5,2927.5,2923,2924.5,9541,0
20250827,230000,2924.5,2925,2922.5,2923.5,5512,0
20250828,090000,2924,2927,2918,2920,26672,0
20250828,100000,2920,2920.5,2913.5,2914,38037,0
20250828,110000,2913.5,2917.5,2911.5,2912.5,24746,0
20250828,120000,2912.5,2917,2910,2913.5,27940,0
20250828,130000,2914.5,2919.5,2905,2908.5,42934,0
20250828,140000,2908,2911,2903,2906,41981,0
20250828,150000,2906.5,2916,2905.5,2914.5,27538,0
20250828,160000,2914.5,2920,2907.5,2909.5,34018,0
20250828,170000,2909,2914.5,2908.5,2911,50364,0
20250828,180000,2910.5,2917,2910.5,2912,24480,0
20250828,190000,2912.5,2915,2912.5,2913.5,11499,0
20250828,200000,2913.5,2914,2872,2888,248024,0
20250828,210000,2888,2894,2880,2889,69036,0
20250828,220000,2889,2889,2879,2881.5,36833,0
20250828,230000,2882.5,2892,2880,2890,19878,0
20250829,090000,2894.5,2901.5,2890.5,2892.5,39562,0
20250829,100000,2892.5,2901.5,2887,2900,60190,0
20250829,110000,2899.5,2904,2893,2899,46703,0
20250829,120000,2898.5,2901,2885.5,2888,56124,0
20250829,130000,2888,2904,2888,2896,89772,0
20250829,140000,2895,2897,2886.5,2892.5,48562,0
20250829,150000,2892,2896,2889.5,2894,32546,0
20250829,160000,2894,2896,2887.5,2889.5,27967,0
20250829,170000,2890,2904.5,2889.5,2901.5,69615,0
20250829,180000,2901.5,2905,2897.5,2902.5,38084,0
20250829,190000,2901,2905,2898.5,2899.5,19537,0
20250829,200000,2899,2904.5,2898,2902.5,9201,0
20250829,210000,2903,2903,2900.5,2901,4063,0
20250829,220000,2901.5,2903.5,2899,2903,8686,0
20250829,230000,2903,2908,2901.5,2906.5,10444,0
20250830,100000,2907.5,2909,2902.5,2906.5,4247,0
20250830,110000,2906.5,2906.5,2901.5,2902,3143,0
20250830,120000,2902,2905,2901.5,2904,846,0
20250830,130000,2904.5,2905.5,2902.5,2902.5,843,0
20250830,140000,2902.5,2904.5,2901.5,2903,1683,0
20250830,150000,2904,2907,2901.5,2905,4483,0
20250830,160000,2906,2906,2902.5,2903.5,1854,0
20250830,170000,2903.5,2904.5,2901.5,2902,2368,0
20250830,180000,2902,2906,2900,2903.5,5419,0
20250831,100000,2907,2918,2905,2912,9734,0
20250831,110000,2912,2917.5,2911,2916.5,8495,0
20250831,120000,2916.5,2917.5,2912,2914,3325,0
20250831,130000,2914,2914.5,2910.5,2910.5,1378,0
20250831,140000,2910.5,2913,2910,2912,3192,0
20250831,150000,2912.5,2912.5,2909,2909,2324,0
20250831,160000,2910,2913,2910,2912,2194,0
20250831,170000,2912.5,2913,2912.5,2913,1860,0
20250831,180000,2913,2914,2910.5,2913,1328,0
20250901,080000,2916,2916,2916,2916,242,0
20250901,090000,2916.5,2927,2916.5,2925,39004,0
20250901,100000,2925.5,2926.5,2917,2918,36927,0
20250901,110000,2918,2920.5,2915,2918.5,23978,0
20250901,120000,2918,2919.5,2915,2915.5,15307,0
20250901,130000,2915.5,2916.5,2911,2913.5,26717,0
20250901,140000,2913,2917,2912.5,2913,13725,0
20250901,150000,2913,2916.5,2911,2914,16533,0
20250901,160000,2914,2914.5,2906.5,2909,30594,0
20250901,170000,2909,2910.5,2895,2898,58838,0
20250901,180000,2897,2901,2892.5,2894,33578,0
20250901,190000,2894,2899,2887,2891,38885,0
20250901,200000,2890.5,2896.5,2887,2894,32335,0
20250901,210000,2894,2897,2890.5,2893,18173,0
20250901,220000,2892.5,2895.5,2891,2895.5,8623,0
20250901,230000,2895,2896.5,2892,2894,9159,0
20250902,080000,2889.5,2889.5,2889.5,2889.5,200,0
20250902,090000,2890,2891.5,2877.5,2880.5,61347,0
20250902,100000,2880.5,2884,2871,2874,92441,0
20250902,110000,2874,2880.5,2867.5,2879.5,68112,0
20250902,120000,2879,2884,2873,2878.5,43999,0
20250902,130000,2878.5,2881,2871.5,2875,38457,0
20250902,140000,2875,2881.5,2873.5,2881,19505,0
20250902,150000,2880,2888.5,2864,2865.5,116772,0
20250902,160000,2865.5,2865.5,2857,2862.5,108256,0
20250902,170000,2863,2866,2859,2859.5,32718,0
20250902,180000,2859,2859,2846.5,2848,81365,0
20250902,190000,2848.5,2857.5,2848.5,2856,40296,0
20250902,200000,2855.5,2856,2847,2849,33144,0
20250902,210000,2849,2863.5,2848,2862.5,60243,0
20250902,220000,2862,2872,2859,2868,64094,0
20250902,230000,2867.5,2874,2867,2871,17365,0
20250903,080000,2869,2869,2869,2869,748,0
20250903,090000,2868.5,2871,2861,2868.5,36710,0
20250903,100000,2868,2876,2857.5,2860.5,59917,0
20250903,110000,2860.5,2861,2851.5,2860,44978,0
20250903,120000,2860.5,2866.5,2858,2859.5,39063,0
20250903,130000,2859.5,2871.5,2859.5,2865,44897,0
20250903,140000,2865,2868.5,2861,2866,31716,0
20250903,150000,2866,2868,2862.5,2866.5,18462,0
20250903,160000,2866.5,2879,2861.5,2864.5,74153,0
20250903,170000,2864,2872,2864,2870,33503,0
20250903,180000,2870.5,2873.5,2867.5,2868.5,23713,0
20250903,190000,2869.5,2885.5,2868.5,2878,105501,0
20250903,200000,2878,2883.5,2878,2880.5,17017,0
20250903,210000,2881,2883.5,2877,2882.5,14214,0
20250903,220000,2882,2887.5,2882,2885.5,33162,0
20250903,230000,2885,2887,2883.5,2885,9697,0
20250904,080000,2884,2884,2884,2884,68,0
20250904,090000,2885,2894.5,2879.5,2894,45993,0
20250904,100000,2894,2898,2891.5,2896.5,68361,0
20250904,110000,2896.5,2897,2890,2891,31051,0
20250904,120000,2891,2895,2886.5,2890.5,45790,0
20250904,130000,2890.5,2896,2889.5,2892.5,39068,0
20250904,140000,2893,2895,2888.5,2890,22041,0
20250904,150000,2890.5,2893,2881,2884.5,51608,0
20250904,160000,2885,2895,2884,2892,43670,0
20250904,170000,2892,2894,2870,2877.5,143526,0
20250904,180000,2877,2885.5,2873.5,2877.5,54223,0
20250904,190000,2877.5,2882.5,2877,2881,21626,0
20250904,200000,2881,2890.5,2880,2887,29783,0
20250904,210000,2887,2895,2887,2892,41470,0
20250904,220000,2892.5,2893.5,2889,2892,12858,0
20250904,230000,2891.5,2894.5,2889,2893.5,8347,0
20250905,080000,2893,2893,2893,2893,147,0
20250905,090000,2892.5,2897.5,2890.5,2894.5,26866,0
20250905,100000,2894.5,2897.5,2890.5,2892,36230,0
20250905,110000,2892,2907,2889,2905.5,87053,0
20250905,120000,2905.5,2909,2896.5,2903,74648,0
20250905,130000,2903,2904,2896.5,2899,32353,0
20250905,140000,2899,2904,2898,2901.5,20494,0
20250905,150000,2901.5,2904,2898.5,2904,19189,0
20250905,160000,2904,2904.5,2898,2904.5,34574,0
20250905,170000,2904.5,2909,2903,2904,36125,0
20250905,180000,2904,2907,2901.5,2904,21101,0
20250905,190000,2905,2906.5,2902,2905,11022,0
20250905,200000,2905.5,2906,2903,2903,7585,0
20250905,210000,2903.5,2906,2903,2904,7800,0
20250905,220000,2904,2910,2903.5,2908,14270,0
20250905,230000,2907.5,2908.5,2905,2907.5,7766,0
20250906,090000,2907,2907,2907,2907,3,0
20250906,100000,2908,2919,2900.5,2908,12749,0
20250906,110000,2908.5,2908.5,2906,2907,1659,0
20250906,120000,2907,2907,2906,2906.5,826,0
20250906,130000,2907,2907.5,2906.5,2906.5,1217,0
20250906,140000,2907,2907,2905.5,2906,629,0
20250906,150000,2906.5,2906.5,2904.5,2905,697,0
20250906,160000,2905,2906,2904.5,2906,934,0
20250906,170000,2905,2906,2905,2906,299,0
20250906,180000,2906,2907,2905,2907,826,0
20250907,100000,2907.5,2908,2905.5,2906,805,0
20250907,110000,2906.5,2907,2905.5,2906.5,560,0
20250907,120000,2906.5,2908.5,2905,2907,1731,0
20250907,130000,2907,2913,2907,2912,4015,0
20250907,140000,2912,2913,2910,2910.5,2288,0
20250907,150000,2912,2912,2910,2911,1602,0
20250907,160000,2911,2911,2907.5,2908.5,3503,0
20250907,170000,2909,2910,2908,2910,1440,0
20250907,180000,2910,2914,2909,2911.5,3031,0
20250908,080000,2913,2913,2913,2913,77,0
20250908,090000,2913.5,2917.5,2913,2914,29740,0
20250908,100000,2914.5,2918.5,2913.5,2916.5,39498,0
20250908,110000,2916.5,2923,2916,2920,52565,0
20250908,120000,2920,2921,2918,2919.5,19785,0
20250908,130000,2919.5,2921,2914,2914.5,39438,0
20250908,140000,2915,2918,2914,2918,12019,0
20250908,150000,2917.5,2918,2910,2911.5,34165,0
20250908,160000,2911.5,2915,2910,2914,29428,0
20250908,170000,2914,2923,2912.5,2920,41665,0
20250908,180000,2920.5,2924.5,2919,2923,27924,0
20250908,190000,2923,2930,2923,2926.5,44773,0
20250908,200000,2927,2929.5,2926,2927,11858,0
20250908,210000,2927,2931,2926.5,2929,9249,0
20250908,220000,2929,2929.5,2928,2929.5,3767,0
20250908,230000,2929.5,2930,2926.5,2928.5,7276,0
20250909,080000,2932,2932,2932,2932,138,0
20250909,090000,2932,2934,2927,2931.5,26946,0
20250909,100000,2931.5,2938,2930,2937,44485,0
20250909,110000,2937.5,2942,2935.5,2936.5,62992,0
20250909,120000,2936.5,2938.5,2930.5,2933,35656,0
20250909,130000,2932.5,2934,2923,2925.5,57152,0
20250909,140000,2925.5,2933,2924,2927.5,45872,0
20250909,150000,2927.5,2931.5,2923,2925.5,31725,0
20250909,160000,2925.5,2938.5,2923,2930,82511,0
20250909,170000,2929.5,2933.5,2927.5,2933,30311,0
20250909,180000,2933,2937.5,2932,2935.5,19433,0
20250909,190000,2936,2939,2934.5,2935,17091,0
20250909,200000,2935.5,2940,2930,2937,32255,0
20250909,210000,2936.5,2940,2936.5,2939,9535,0
20250909,220000,2939,2940,2938,2938.5,7773,0
20250909,230000,2938.5,2942,2938.5,2941,8939,0
20250910,090000,2932,2932.5,2917.5,2922,81179,0
20250910,100000,2921.5,2935.5,2920,2935,71705,0
20250910,110000,2935,2939.5,2932.5,2932.5,48645,0
20250910,120000,2932.5,2937,2926.5,2934.5,55690,0
20250910,130000,2934,2934.5,2922,2925.5,37022,0
20250910,140000,2925,2929.5,2921,2921.5,41323,0
20250910,150000,2921,2928,2918,2922.5,54397,0
20250910,160000,2922,2926,2920.5,2923.5,23687,0
20250910,170000,2923.5,2927.5,2922.5,2926.5,20722,0
20250910,180000,2926.5,2928,2915.5,2916,42647,0
20250910,190000,2916,2919,2907.5,2914.5,60761,0
20250910,200000,2914,2918,2911.5,2916.5,18145,0
20250910,210000,2917,2919.5,2914.5,2919,15513,0
20250910,220000,2918.5,2919.5,2912,2913,15014,0
20250910,230000,2913.5,2915,2912,2913.5,8117,0
20250911,080000,2914,2914,2914,2914,701,0
20250911,090000,2915,2922,2915,2918.5,28125,0
20250911,100000,2918,2919.5,2901.5,2901.5,85536,0
20250911,110000,2901.5,2907,2897.5,2905.5,77068,0
20250911,120000,2906,2907.5,2901.5,2903,32804,0
20250911,130000,2902.5,2903.5,2897,2901,39651,0
20250911,140000,2901,2910,2900.5,2906.5,43695,0
20250911,150000,2905.5,2909,2900,2903.5,25076,0
20250911,160000,2903.5,2910,2900,2908,51350,0
20250911,170000,2908,2917.5,2908,2912.5,50648,0
20250911,180000,2913,2917.5,2909,2914.5,88735,0
20250911,190000,2915,2919.5,2915,2915.5,24093,0
20250911,200000,2915,2917.5,2913.5,2914.5,10564,0
20250911,210000,2915,2918,2913,2917,8319,0
20250911,220000,2916,2916.5,2914.5,2916,3230,0
20250911,230000,2915.5,2917,2915,2917,4810,0
20250912,080000,2917,2917,2917,2917,194,0
20250912,090000,2917,2918,2907.5,2909.5,30070,0
20250912,100000,2909.5,2910,2896.5,2899.5,66579,0
20250912,110000,2899,2907.5,2895.5,2904,80555,0
20250912,120000,2904,2904,2900,2902,32785,0
20250912,130000,2902,2905,2868.5,2878.5,325813,0
20250912,140000,2878.5,2885,2876,2879,91792,0
20250912,150000,2879,2881,2845.5,2855.5,222996,0
20250912,160000,2855.5,2861.5,2846,2848.5,115256,0
20250912,170000,2848.5,2855,2841,2841.5,100698,0
20250912,180000,2841.5,2847.5,2840,2841,45539,0
20250912,190000,2842,2846,2832,2835,84886,0
20250912,200000,2835,2840,2833,2836,32975,0
20250912,210000,2836,2842,2835.5,2840.5,22686,0
20250912,220000,2841,2841.5,2837,2838,12095,0
20250912,230000,2838.5,2842,2838,2839,9032,0
20250913,090000,2838,2838,2838,2838,58,0
20250913,100000,2841,2841,2833.5,2837,4470,0
20250913,110000,2837,2838,2836,2838,3074,0
20250913,120000,2838,2838,2834.5,2836.5,2949,0
20250913,130000,2836.5,2837,2835.5,2836,2566,0
20250913,140000,2836,2837.5,2835,2837,3929,0
20250913,150000,2837,2837,2835,2835,1994,0
20250913,160000,2835,2836,2834,2834.5,2764,0
20250913,170000,2835,2835,2829,2830,15131,0
20250913,180000,2830,2831,2829.5,2829.5,5821,0
20250914,090000,2830.5,2830.5,2830.5,2830.5,47,0
20250914,100000,2830.5,2832.5,2826,2827.5,7668,0
20250914,110000,2828,2828.5,2826.5,2828,1704,0
20250914,120000,2828,2830.5,2827.5,2830,3048,0
20250914,130000,2829.5,2835.5,2829.5,2833.5,9931,0
20250914,140000,2833.5,2838.5,2833.5,2838.5,7949,0
20250914,150000,2838.5,2843,2838,2838.5,19488,0
20250914,160000,2838.5,2842,2838.5,2841,4242,0
20250914,170000,2841,2841.5,2840,2840.5,3855,0
20250914,180000,2840.5,2846,2837.5,2843.5,11440,0
20250915,080000,2836,2836,2836,2836,227,0
20250915,090000,2838.5,2838.5,2825.5,2830,82541,0
20250915,100000,2830,2837.5,2828,2829,63287,0
20250915,110000,2829,2830,2812,2816.5,115342,0
20250915,120000,2817,2819,2808.5,2811.5,89856,0
20250915,130000,2811,2817.5,2809,2811,60265,0
20250915,140000,2810.5,2818,2808,2816.5,37401,0
20250915,150000,2816,2824,2811,2813,80392,0
20250915,160000,2813.5,2817,2810,2811.5,57153,0
20250915,170000,2811.5,2824.5,2807,2818.5,99786,0
20250915,180000,2818.5,2819.5,2813,2813,27624,0
20250915,190000,2814.5,2824,2814.5,2821,29616,0
20250915,200000,2820,2822,2818.5,2818.5,9073,0
20250915,210000,2819.5,2819.5,2812.5,2815,14444,0
20250915,220000,2815,2818,2814,2818,7144,0
20250915,230000,2818,2820,2817,2819.5,8159,0
20250916,080000,2827.5,2827.5,2827.5,2827.5,1981,0
20250916,090000,2828,2835,2825,2826.5,58292,0
20250916,100000,2826.5,2835.5,2822.5,2830,60051,0
20250916,110000,2830.5,2833,2805,2817.5,190937,0
20250916,120000,2817,2820.5,2789,2793.5,223618,0
20250916,130000,2793.5,2797.5,2783,2796.5,113425,0
20250916,140000,2795.5,2802,2791,2799.5,63154,0
20250916,150000,2800,2802,2791,2796,43564,0
20250916,160000,2795.5,2810.5,2788,2804.5,129561,0
20250916,170000,2805,2816,2804.5,2810.5,92845,0
20250916,180000,2810.5,2811.5,2805,2805.5,39962,0
20250916,190000,2807,2815,2807,2813,34526,0
20250916,200000,2813.5,2814,2809.5,2812.5,16269,0
20250916,210000,2812.5,2813,2810,2811.5,5584,0
20250916,220000,2811,2811.5,2809,2809.5,7188,0
20250916,230000,2809.5,2810,2807.5,2810,15030,0
20250917,080000,2811,2811,2811,2811,76,0
20250917,090000,2811,2813,2792.5,2795,83251,0
20250917,100000,2794.5,2802.5,2790.5,2797,72761,0
20250917,110000,2797,2800,2792,2795,40089,0
20250917,120000,2795,2799,2791.5,2792,27371,0
20250917,130000,2792,2812,2790,2807,94237,0
20250917,140000,2807.5,2809,2801.5,2802.5,32443,0
20250917,150000,2802.5,2805,2795,2798,50440,0
20250917,160000,2798,2805.5,2794,2800,52018,0
20250917,170000,2800,2825.5,2799,2822.5,189425,0
20250917,180000,2822.5,2828,2816,2821.5,103532,0
20250917,190000,2823,2837,2823,2825.5,69460,0
20250917,200000,2826,2827.5,2823,2825,18734,0
20250917,210000,2825.5,2831.5,2824.5,2825.5,25015,0
20250917,220000,2825.5,2829,2825,2829,7668,0
20250917,230000,2828.5,2829,2825,2826.5,8183,0
20250918,080000,2824.5,2824.5,2824.5,2824.5,49,0
20250918,090000,2824,2824.5,2818,2819.5,29204,0
20250918,100000,2819.5,2820.5,2811,2812.5,51962,0
20250918,110000,2812.5,2823.5,2812,2821.5,46089,0
20250918,120000,2821.5,2823,2810,2811.5,60007,0
20250918,130000,2811.5,2812,2805,2807.5,55006,0
20250918,140000,2808,2811.5,2800.5,2802,51276,0
20250918,150000,2801.5,2801.5,2792.5,2795.5,149076,0
20250918,160000,2795.5,2801.5,2786,2787.5,119806,0
20250918,170000,2787.5,2802.5,2787,2795.5,95593,0
20250918,180000,2796,2805.5,2794,2803,71027,0
20250918,190000,2804,2812.5,2804,2806,51180,0
20250918,200000,2806,2807,2791,2791,50172,0
20250918,210000,2791,2796,2787,2796,43262,0
20250918,220000,2795,2795.5,2791,2793,10665,0
20250918,230000,2792.5,2796,2791.5,2791.5,14220,0
20250919,080000,2790.5,2790.5,2790.5,2790.5,1058,0
20250919,090000,2790.5,2801,2788.5,2800.5,59025,0
20250919,100000,2800,2804,2791.5,2791.5,71680,0
20250919,110000,2791.5,2791.5,2773,2779,145840,0
20250919,120000,2779,2785.5,2775,2783.5,94061,0
20250919,130000,2783.5,2788,2768,2769,137110,0
20250919,140000,2769.5,2784.5,2764,2783,137252,0
20250919,150000,2783,2783.5,2771,2776.5,86370,0
20250919,160000,2776,2783,2773,2776.5,64010,0
20250919,170000,2776.5,2776.5,2757.5,2757.5,128899,0
20250919,180000,2757,2761.5,2750,2750.5,101058,0
20250919,190000,2751.5,2755.5,2741.5,2749.5,102620,0
20250919,200000,2749.5,2750,2742,2748.5,46197,0
20250919,210000,2748.5,2753,2745,2745.5,32456,0
20250919,220000,2745,2747,2742,2743.5,23360,0
20250919,230000,2743,2745,2736,2737.5,35824,0
20250922,080000,2740.5,2740.5,2740.5,2740.5,398,0
20250922,090000,2741,2743.5,2731,2734,70812,0
20250922,100000,2733,2743,2721,2729.5,144416,0
20250922,110000,2729.5,2732,2720.5,2727.5,70446,0
20250922,120000,2728,2728,2707.5,2711.5,125071,0
20250922,130000,2712,2715.5,2707,2713,76893,0
20250922,140000,2713,2738,2708,2726,231570,0
20250922,150000,2726.5,2736,2722,2725.5,129513,0
20250922,160000,2725,2725,2712,2714,74057,0
20250922,170000,2713.5,2744,2713,2738.5,147235,0
20250922,180000,2739,2754,2736,2738.5,157900,0
20250922,190000,2741,2755.5,2738.5,2747,57798,0
20250922,200000,2747,2759,2740,2752.5,63374,0
20250922,210000,2752.5,2764,2752.5,2759,73051,0
20250922,220000,2759.5,2760.5,2754,2754.5,14989,0
20250922,230000,2754.5,2756,2750.5,2753.5,19303,0
20250923,080000,2753,2753,2753,2753,223,0
20250923,090000,2752.5,2762,2747,2759.5,55891,0
20250923,100000,2759.5,2759.5,2742.5,2745.5,113953,0
20250923,110000,2745.5,2757.5,2737,2753.5,102256,0
20250923,120000,2753.5,2767.5,2751.5,2763.5,115544,0
20250923,130000,2763.5,2767,2756,2761,63347,0
20250923,140000,2761.5,2769,2760.5,2764,60730,0
20250923,150000,2764,2769.5,2756,2759,69967,0
20250923,160000,2759,2773,2759,2766,104992,0
20250923,170000,2766,2771.5,2753,2761,98521,0
20250923,180000,2761,2765,2757,2761,50609,0
20250923,190000,2761.5,2762.5,2747,2749.5,59483,0
20250923,200000,2749,2752,2740.5,2741.5,67880,0
20250923,210000,2741,2748.5,2725.5,2728,68619,0
20250923,220000,2727.5,2728,2688.5,2690,397304,0
20250923,230000,2690,2707,2688.5,2703.5,107888,0
20250924,080000,2703.5,2703.5,2703.5,2703.5,472,0
20250924,090000,2703.5,2704.5,2679.5,2690.5,191926,0
20250924,100000,2690,2707.5,2681,2707,189758,0
20250924,110000,2706.5,2724.5,2702.5,2722,175827,0
20250924,120000,2722.5,2724.5,2712.5,2719,93626,0
20250924,130000,2719,2723.5,2712.5,2717,57538,0
20250924,140000,2717,2738,2714,2736.5,145661,0
20250924,150000,2737,2744,2731.5,2736,143914,0
20250924,160000,2736.5,2750,2729.5,2741,139298,0
20250924,170000,2741,2742.5,2723.5,2734,126952,0
20250924,180000,2734,2738,2722,2726,59582,0
20250924,190000,2726.5,2733.5,2719,2732,106372,0
20250924,200000,2732,2738,2726,2727.5,63015,0
20250924,210000,2727.5,2732,2721,2724.5,29611,0
20250924,220000,2724,2730,2723.5,2730,20971,0
20250924,230000,2730,2732.5,2726.5,2729,14356,0
20250925,080000,2730.5,2730.5,2730.5,2730.5,100,0
20250925,090000,2731,2744,2727.5,2740.5,45813,0
20250925,100000,2740,2741,2722.5,2724,84062,0
20250925,110000,2724,2735,2718,2732,92929,0
20250925,120000,2732,2739,2725.5,2732,63271,0
20250925,130000,2732.5,2733.5,2724.5,2727.5,40190,0
20250925,140000,2727.5,2735,2724,2733,43189,0
20250925,150000,2733.5,2734,2722.5,2725,46798,0
20250925,160000,2725.5,2727.5,2718,2719.5,51842,0
20250925,170000,2719.5,2725,2716.5,2719,51192,0
20250925,180000,2719.5,2720,2700.5,2701,128069,0
20250925,190000,2701,2710.5,2696,2709.5,87647,0
20250925,200000,2710,2711,2704,2704.5,34586,0
20250925,210000,2704,2706.5,2700,2702.5,37453,0
20250925,220000,2702.5,2705,2701,2704,16241,0
20250925,230000,2704,2708.5,2702,2707,18171,0
20250926,080000,2701.5,2701.5,2701.5,2701.5,580,0
20250926,090000,2701,2709.5,2700.5,2703,52593,0
20250926,100000,2703.5,2706.5,2691,2694,98834,0
20250926,110000,2694.5,2702.5,2694,2694.5,57834,0
20250926,120000,2694.5,2718.5,2694.5,2717,88506,0
20250926,130000,2717,2722,2711.5,2716,83960,0
20250926,140000,2716,2716,2705,2711,48071,0
20250926,150000,2710.5,2712.5,2701.5,2709.5,55937,0
20250926,160000,2710,2714,2703,2705.5,49649,0
20250926,170000,2705.5,2723,2700,2721,89438,0
20250926,180000,2721.5,2734,2717,2732,119635,0
20250926,190000,2732,2738,2730,2735,80829,0
20250926,200000,2735,2737,2731,2734,37543,0
20250926,210000,2734.5,2742,2731,2734,67687,0
20250926,220000,2734.5,2736.5,2730.5,2732.5,18991,0
20250926,230000,2732.5,2734,2731,2731.5,16203,0
20250927,090000,2730.5,2730.5,2730.5,2730.5,15,0
20250927,100000,2731,2731,2718,2728,14305,0
20250927,110000,2728,2729,2727,2728.5,1503,0
20250927,120000,2727.5,2733,2727.5,2732,3478,0
20250927,130000,2732.5,2733,2729,2732,4153,0
20250927,140000,2732,2733,2728.5,2732,1398,0
20250927,150000,2732,2733,2730,2730,828,0
20250927,160000,2732,2732.5,2730,2731.5,1058,0
20250927,170000,2732,2734.5,2731,2733,2027,0
20250927,180000,2733.5,2734,2731,2732.5,991,0
20250928,100000,2733,2733,2728.5,2729.5,2017,0
20250928,110000,2729.5,2730.5,2729,2729.5,896,0
20250928,120000,2729,2732,2729,2730,1006,0
20250928,130000,2729.5,2731,2729,2731,670,0
20250928,140000,2730,2731,2730,2731,553,0
20250928,150000,2731,2732,2730,2732,1048,0
20250928,160000,2732,2733,2730,2730,1582,0
20250928,170000,2731,2731.5,2725,2727.5,4209,0
20250928,180000,2727,2728,2722.5,2728,8398,0
20250929,080000,2723.5,2723.5,2723.5,2723.5,202,0
20250929,090000,2723.5,2723.5,2715,2717,46189,0
20250929,100000,2718,2735,2714,2734,89392,0
20250929,110000,2734.5,2744,2734.5,2739.5,94242,0
20250929,120000,2739,2749,2737.5,2740.5,80982,0
20250929,130000,2741,2746,2739,2741,53669,0
20250929,140000,2740.5,2744,2735,2738.5,38665,0
20250929,150000,2739,2740,2731.5,2733,47003,0
20250929,160000,2733.5,2739,2720,2722.5,104265,0
20250929,170000,2722.5,2724,2712.5,2714.5,89257,0
20250929,180000,2714.5,2715,2680,2683,220242,0
20250929,190000,2684,2694.5,2681,2689,67484,0
20250929,200000,2689.5,2692,2683,2689,41780,0
20250929,210000,2688.5,2688.5,2673,2683.5,67481,0
20250929,220000,2684,2689.5,2680,2686.5,24949,0
20250929,230000,2687,2690.5,2686.5,2688.5,10332,0
20250930,080000,2692,2692,2692,2692,388,0
20250930,090000,2692,2693,2683,2686.5,50014,0
20250930,100000,2686.5,2688.5,2666,2684.5,183335,0
20250930,110000,2684.5,2687,2669,2672.5,92947,0
20250930,120000,2672,2674,2654,2666.5,191129,0
20250930,130000,2666.5,2679.5,2662,2676.5,111725,0
20250930,140000,2676,2685.5,2665,2665,129445,0
20250930,150000,2665.5,2679.5,2660.5,2671,101998,0
20250930,160000,2671.5,2689.5,2665.5,2688.5,111709,0
20250930,170000,2688.5,2692.5,2678,2683,80703,0
20250930,180000,2683,2694,2681,2685,71589,0
20250930,190000,2685,2692.5,2678,2679,34078,0
20250930,200000,2679,2680.5,2670.5,2680,38704,0
20250930,210000,2680,2686.5,2678,2685,20306,0
20250930,220000,2685,2686,2680.5,2683.5,7102,0
20250930,230000,2682.5,2685.5,2681,2682.5,4574,0
20251001,080000,2689,2689,2689,2689,195,0
20251001,090000,2688.5,2695,2685.5,2692.5,48654,0
20251001,100000,2692.5,2692.5,2676,2677,69699,0
20251001,110000,2677.5,2693,2675.5,2685,72450,0
20251001,120000,2685,2693,2683.5,2687.5,53071,0
20251001,130000,2687,2687.5,2667.5,2676.5,87588,0
20251001,140000,2677,2679.5,2665,2670,63286,0
20251001,150000,2669.5,2669.5,2657.5,2663.5,123794,0
20251001,160000,2663,2674.5,2659,2670.5,71694,0
20251001,170000,2670.5,2670.5,2645,2654,180885,0
20251001,180000,2653.5,2665,2646.5,2648,102625,0
20251001,190000,2649,2656.5,2647.5,2652.5,45719,0
20251001,200000,2652,2653,2643,2648.5,38551,0
20251001,210000,2648.5,2649.5,2640.5,2647,40744,0
20251001,220000,2647,2652.5,2645.5,2652,18868,0
20251001,230000,2651.5,2655,2651,2654,11002,0
20251002,080000,2639.5,2639.5,2639.5,2639.5,999,0
20251002,090000,2639.5,2644,2633.5,2637,72570,0
20251002,100000,2637,2648.5,2627,2641.5,110231,0
20251002,110000,2642,2647.5,2632,2636.5,74804,0
20251002,120000,2636.5,2649.5,2631.5,2647,74366,0
20251002,130000,2647,2651.5,2639.5,2642,69625,0
20251002,140000,2641,2649.5,2636.5,2648,54342,0
20251002,150000,2648,2652,2641.5,2644,50310,0
20251002,160000,2644.5,2647,2636,2638.5,49850,0
20251002,170000,2638.5,2654.5,2637.5,2648,81231,0
20251002,180000,2648.5,2651.5,2631.5,2637.5,94869,0
20251002,190000,2638,2645,2635,2639,53768,0
20251002,200000,2639,2641.5,2632.5,2639,26698,0
20251002,210000,2638.5,2639,2622.5,2625.5,61732,0
20251002,220000,2626,2643,2625,2640.5,53828,0
20251002,230000,2641,2642.5,2637,2638.5,17994,0
20251003,080000,2640,2640,2640,2640,644,0
20251003,090000,2640,2644,2636,2641,42118,0
20251003,100000,2641.5,2652,2641,2647,72875,0
20251003,110000,2647,2653,2644.5,2646.5,35308,0
20251003,120000,2647,2647.5,2623,2623.5,94627,0
20251003,130000,2624,2629,2618,2627.5,114023,0
20251003,140000,2626.5,2627,2615,2617.5,94711,0
20251003,150000,2617.5,2624,2615.5,2621.5,61899,0
20251003,160000,2621.5,2622,2612.5,2618,81649,0
20251003,170000,2618.5,2619,2604.5,2610.5,118696,0
20251003,180000,2610,2612,2604.5,2605.5,57673,0
20251003,190000,2605.5,2609.5,2593,2596,110338,0
20251003,200000,2595.5,2602,2595,2601,32571,0
20251003,210000,2601,2608,2598.5,2602,41781,0
20251003,220000,2602,2604.5,2598,2602,24966,0
20251003,230000,2602.5,2603,2596,2597,20246,0
20251004,090000,2595,2595,2595,2595,449,0
20251004,100000,2595,2596,2575.5,2579,57132,0
20251004,110000,2579,2582.5,2576.5,2577,14294,0
20251004,120000,2577,2578,2563,2565,44015,0
20251004,130000,2564.5,2564.5,2550.5,2559,65667,0
20251004,140000,2558.5,2566,2551.5,2563,42517,0
20251004,150000,2563,2567.5,2559.5,2566,22463,0
20251004,160000,2566.5,2567.5,2560,2562,12003,0
20251004,170000,2562,2566,2558.5,2563,8082,0
20251004,180000,2563,2566,2559,2561.5,9819,0
20251005,090000,2565,2565,2565,2565,153,0
20251005,100000,2564.5,2564.5,2553,2560,16833,0
20251005,110000,2560,2565,2557.5,2563,7663,0
20251005,120000,2563,2564.5,2561.5,2563.5,5608,0
20251005,130000,2563.5,2567.5,2561,2565.5,7176,0
20251005,140000,2565,2577,2564.5,2571,21751,0
20251005,150000,2571,2573,2566.5,2571.5,8875,0
20251005,160000,2571.5,2573.5,2570,2573.5,4955,0
20251005,170000,2573.5,2575,2571,2573.5,8710,0
20251005,180000,2573.5,2587,2572,2584.5,30470,0
20251006,080000,2590,2590,2590,2590,615,0
20251006,090000,2589,2595.5,2577.5,2586,98914,0
20251006,100000,2585.5,2617,2581,2613.5,244659,0
20251006,110000,2613.5,2618,2607,2613,76857,0
20251006,120000,2613,2627,2612.5,2626.5,153012,0
20251006,130000,2626.5,2629,2615.5,2621,102847,0
20251006,140000,2621,2624.5,2602.5,2603.5,122451,0
20251006,150000,2604,2608.5,2587,2598,199026,0
20251006,160000,2598.5,2640,2597,2637,233325,0
20251006,170000,2637.5,2644,2629.5,2636.5,198677,0
20251006,180000,2636.5,2654.5,2636.5,2648,126874,0
20251006,190000,2648,2662,2645,2659,88785,0
20251006,200000,2658.5,2661.5,2648.5,2650,46414,0
20251006,210000,2650,2656,2646.5,2654.5,39116,0
20251006,220000,2654.5,2659,2652,2654,27375,0
20251006,230000,2654,2661,2651,2651.5,31612,0
20251007,080000,2656,2656,2656,2656,109,0
20251007,090000,2657,2664,2642,2647,92083,0
20251007,100000,2646.5,2668,2636.5,2660,184912,0
20251007,110000,2660,2676.5,2660,2669,162468,0
20251007,120000,2669,2672.5,2662.5,2670,67868,0
20251007,130000,2670.5,2673,2661.5,2670.5,72215,0
20251007,140000,2670.5,2670.5,2659.5,2662.5,67321,0
20251007,150000,2662.5,2672.5,2654,2669.5,97116,0
20251007,160000,2669,2670,2656,2667,76160,0
20251007,170000,2667.5,2667.5,2655.5,2663,78410,0
20251007,180000,2662.5,2671,2661,2666.5,71673,0
20251007,190000,2666.5,2670,2658.5,2662,37460,0
20251007,200000,2662.5,2668.5,2660.5,2668,14926,0
20251007,210000,2667.5,2667.5,2662,2665,12902,0
20251007,220000,2665,2668,2663,2667,6862,0
20251007,230000,2667.5,2674,2667.5,2672.5,20639,0
20251008,080000,2670.5,2670.5,2670.5,2670.5,85,0
20251008,090000,2671,2675,2668,2673,34856,0
20251008,100000,2672.5,2683,2654,2657.5,122507,0
20251008,110000,2657.5,2663.5,2652,2654.5,88367,0
20251008,120000,2654,2655,2628,2633,200699,0
20251008,130000,2632.5,2637,2614,2617.5,193958,0
20251008,140000,2617,2629.5,2609,2616.5,175391,0
20251008,150000,2616,2623,2596.5,2596.5,164233,0
20251008,160000,2596.5,2603.5,2586.5,2588,229292,0
20251008,170000,2588,2591.5,2565,2566,305768,0
20251008,180000,2566,2582.5,2553,2559.5,270438,0
20251008,190000,2560.5,2576,2551,2570,172328,0
20251008,200000,2570,2582,2569,2573,100197,0
20251008,210000,2572.5,2586.5,2572,2581,70739,0
20251008,220000,2581,2582,2572,2573.5,34225,0
20251008,230000,2573.5,2582,2572.5,2580.5,21163,0
20251009,080000,2580,2580,2580,2580,916,0
20251009,090000,2579,2579.5,2556.5,2573,120482,0
20251009,100000,2571.5,2590.5,2565,2577,198538,0
20251009,110000,2577,2581,2522.5,2551.5,467257,0
20251009,120000,2551.5,2615,2547.5,2601.5,721500,0
20251009,130000,2602,2625,2597,2601,389758,0
20251009,140000,2601,2614.5,2590,2609,179780,0
20251009,150000,2609,2623,2604.5,2612.5,163640,0
20251009,160000,2612,2645,2607,2636.5,190036,0
20251009,170000,2637.5,2644,2632,2642,130181,0
20251009,180000,2642.5,2652,2642,2642.5,106851,0
20251009,190000,2643,2648,2637,2638.5,62817,0
20251009,200000,2638.5,2646.5,2632.5,2645.5,53360,0
20251009,210000,2645.5,2648.5,2640.5,2644.5,33215,0
20251009,220000,2645,2649,2641,2646.5,36873,0
20251009,230000,2646.5,2647,2639.5,2642.5,15571,0
20251010,090000,2632,2642,2628.5,2640.5,67900,0
20251010,100000,2639,2639,2614.5,2621.5,159543,0
20251010,110000,2621,2644.5,2616,2638,135080,0
20251010,120000,2638.5,2641.5,2625,2628.5,105533,0
20251010,130000,2628,2631,2605,2613.5,224221,0
20251010,140000,2614.5,2619.5,2606.5,2609,80551,0
20251010,150000,2609,2619.5,2600,2605,156467,0
20251010,160000,2604.5,2610.5,2576.5,2590,281546,0
20251010,170000,2589,2611,2577,2591,276360,0
20251010,180000,2591,2598,2573.5,2586,208565,0
20251010,190000,2586,2597,2580.5,2593,59510,0
20251010,200000,2593,2594,2586,2589,26168,0
20251010,210000,2588,2593,2586.5,2589,28816,0
20251010,220000,2589.5,2593,2582.5,2584,27114,0
20251010,230000,2584,2584.5,2577,2578.5,33633,0
20251011,090000,2575,2575,2575,2575,1623,0
20251011,100000,2574.5,2574.5,2552,2562.5,54898,0
20251011,110000,2563,2568,2562.5,2566.5,8381,0
20251011,120000,2565.5,2569,2563.5,2568.5,5646,0
20251011,130000,2568.5,2575,2567,2572.5,11025,0
20251011,140000,2572,2576,2569,2572,4704,0
20251011,150000,2572,2572.5,2567.5,2571.5,3089,0
20251011,160000,2573,2575.5,2570.5,2574.5,3819,0
20251011,170000,2573.5,2575,2571,2574,2378,0
20251011,180000,2572.5,2575,2571.5,2575,2916,0
20251012,090000,2575.5,2575.5,2575.5,2575.5,140,0
20251012,100000,2575.5,2581,2574.5,2578,11717,0
20251012,110000,2578,2581,2576,2581,3016,0
20251012,120000,2581,2593.5,2580.5,2590.5,24673,0
20251012,130000,2591,2593.5,2586,2588,9047,0
20251012,140000,2588.5,2588.5,2584.5,2585.5,3105,0
20251012,150000,2586.5,2590,2584.5,2585,3289,0
20251012,160000,2585,2587,2583.5,2585,2767,0
20251012,170000,2585,2587.5,2584.5,2586.5,2395,0
20251012,180000,2586.5,2590.5,2586,2589.5,7433,0
20251013,080000,2590,2590,2590,2590,532,0
20251013,090000,2590.5,2609,2584,2604,119355,0
20251013,100000,2605,2614.5,2574,2575,297569,0
20251013,110000,2575,2589,2566.5,2582.5,218737,0
20251013,120000,2583.5,2585.5,2569,2578.5,110599,0
20251013,130000,2579,2580.5,2562.5,2568.5,78843,0
20251013,140000,2568,2586,2552,2578.5,260316,0
20251013,150000,2578,2608,2578,2598.5,268187,0
20251013,160000,2598.5,2604.5,2586,2593.5,97200,0
20251013,170000,2593,2596,2567,2574,148183,0
20251013,180000,2574,2582.5,2570,2575.5,62163,0
20251013,190000,2576,2592,2575,2591.5,58112,0
20251013,200000,2591,2593,2583,2583.5,26317,0
20251013,210000,2583.5,2588,2577.5,2580,22652,0
20251013,220000,2580,2583,2577.5,2581.5,11742,0
20251013,230000,2581.5,2585.5,2579.5,2585,14048,0
20251014,080000,2582,2582,2582,2582,25,0
20251014,090000,2581,2583,2564.5,2570.5,76516,0
20251014,100000,2570,2577.5,2562,2565.5,98657,0
20251014,110000,2566,2572.5,2556.5,2565,90450,0
20251014,120000,2564.5,2575,2558.5,2564,85380,0
20251014,130000,2564.5,2569,2558.5,2565.5,49091,0
20251014,140000,2565,2571.5,2559,2563.5,56558,0
20251014,150000,2563.5,2567.5,2539,2544.5,174218,0
20251014,160000,2544,2544,2531,2535,152375,0
20251014,170000,2534.5,2552,2533,2542.5,101647,0
20251014,180000,2542.5,2552.5,2538,2539,66080,0
20251014,190000,2540,2547,2536.5,2538.5,36941,0
20251014,200000,2538,2543,2538,2540.5,12096,0
20251014,210000,2540,2542.5,2536.5,2540,19186,0
20251014,220000,2540,2542.5,2536.5,2539.5,16135,0
20251014,230000,2540,2548.5,2538.5,2548.5,33824,0
20251015,080000,2548,2548,2548,2548,114,0
20251015,090000,2547.5,2548.5,2534,2539.5,45962,0
20251015,100000,2540,2545,2526.5,2528,108315,0
20251015,110000,2528,2536,2527,2528.5,64250,0
20251015,120000,2528,2545,2526,2537,82631,0
20251015,130000,2537,2562.5,2537,2546,144718,0
20251015,140000,2546,2559,2538.5,2553.5,111064,0
20251015,150000,2553.5,2567.5,2550.5,2564.5,121226,0
20251015,160000,2565,2566.5,2545.5,2546,91532,0
20251015,170000,2546,2554.5,2542.5,2544,78038,0
20251015,180000,2544,2551,2541.5,2546,39504,0
20251015,190000,2545.5,2553.5,2543.5,2545,31625,0
20251015,200000,2546,2547.5,2535,2539,49172,0
20251015,210000,2538.5,2543.5,2538.5,2542,19461,0
20251015,220000,2542,2548,2540,2546,11602,0
20251015,230000,2546,2548.5,2539.5,2544,22014,0
20251016,080000,2544.5,2544.5,2544.5,2544.5,56,0
20251016,090000,2544.5,2545,2536.5,2538.5,31993,0
20251016,100000,2538,2547.5,2531.5,2543.5,92335,0
20251016,110000,2543,2551,2534.5,2539,75710,0
20251016,120000,2538.5,2554,2536,2550,83900,0
20251016,130000,2550.5,2552,2544.5,2549,42725,0
20251016,140000,2549.5,2563.5,2549,2553.5,99305,0
20251016,150000,2554,2568,2552,2564,100066,0
20251016,160000,2564.5,2574,2563.5,2567.5,81905,0
20251016,170000,2567.5,2623.5,2566,2609.5,546413,0
20251016,180000,2609.5,2613.5,2597,2611,175904,0
20251016,190000,2611.5,2620,2587.5,2601,184517,0
20251016,200000,2602,2738,2598,2714,1166518,0
20251016,210000,2714.5,2715,2693,2702,203354,0
20251016,220000,2701.5,2713.5,2700,2708,81291,0
20251016,230000,2708.5,2739,2708.5,2735,130832,0
20251017,080000,2721,2721,2721,2721,1861,0
20251017,090000,2721.5,2721.5,2697,2700,148415,0
20251017,100000,2700,2717,2695,2702,229184,0
20251017,110000,2702,2709,2694,2699,126270,0
20251017,120000,2699.5,2712.5,2693,2707.5,104218,0
20251017,130000,2708,2711.5,2699.5,2708,58624,0
20251017,140000,2707,2739,2706.5,2722.5,258916,0
20251017,150000,2722.5,2740,2719.5,2733.5,122746,0
20251017,160000,2734,2738.5,2716.5,2730.5,153415,0
20251017,170000,2731,2732.5,2711,2713.5,116945,0
20251017,180000,2713.5,2729.5,2711.5,2726.5,81853,0
20251017,190000,2727,2732,2721.5,2727,51537,0
20251017,200000,2727.5,2771,2725,2743,285656,0
20251017,210000,2743.5,2749,2715.5,2731.5,138596,0
20251017,220000,2731,2733,2721.5,2727.5,28951,0
20251017,230000,2728,2737.5,2726,2737.5,22408,0
20251018,090000,2739.5,2739.5,2739.5,2739.5,1183,0
20251018,100000,2740,2762.5,2738.5,2758,57493,0
20251018,110000,2758,2765,2757,2763,22930,0
20251018,120000,2762,2763,2755.5,2760,11574,0
20251018,130000,2760,2760,2758,2758.5,3382,0
20251018,140000,2758.5,2761.5,2758,2760,5416,0
20251018,150000,2760.5,2761.5,2758.5,2759,5180,0
20251018,160000,2759,2760.5,2759,2760,3759,0
20251018,170000,2759.5,2760,2756,2759.5,6827,0
20251018,180000,2759.5,2760,2758,2760,4390,0
20251019,090000,2759,2759,2759,2759,10,0
20251019,100000,2760,2765,2743,2748,41271,0
20251019,110000,2748,2751,2745.5,2749.5,7618,0
20251019,120000,2749.5,2757,2749,2752.5,9184,0
20251019,130000,2753.5,2755.5,2750,2751.5,3853,0
20251019,140000,2751,2751.5,2747.5,2748,4335,0
20251019,150000,2748,2748,2737,2738.5,21909,0
20251019,160000,2739,2741.5,2732,2738,22218,0
20251019,170000,2739,2746,2736,2744,14525,0
20251019,180000,2744,2746,2740.5,2743,8155,0
20251020,080000,2744,2744,2744,2744,543,0
20251020,090000,2743,2743,2728.5,2733,70699,0
20251020,100000,2733.5,2762,2728.5,2753,217536,0
20251020,110000,2753.5,2756.5,2746,2750.5,83237,0
20251020,120000,2750.5,2751.5,2735.5,2737,83150,0
20251020,130000,2736.5,2744,2732.5,2738.5,58368,0
20251020,140000,2738.5,2757.5,2736.5,2751.5,142353,0
20251020,150000,2751.5,2758,2749.5,2757.5,53182,0
20251020,160000,2757.5,2757.5,2744.5,2745.5,61529,0
20251020,170000,2745,2754,2744.5,2748,45760,0
20251020,180000,2748,2749.5,2743.5,2746,34116,0
20251020,190000,2747.5,2749.5,2741,2745,37399,0
20251020,200000,2745,2747.5,2744,2746.5,9514,0
20251020,210000,2745.5,2750.5,2744.5,2748,13498,0
20251020,220000,2748,2750.5,2748,2750,4468,0
20251020,230000,2749.5,2753,2748.5,2751,9119,0
20251021,080000,2700,2700,2700,2700,6335,0
20251021,090000,2700,2714,2689.5,2710,277358,0
20251021,100000,2710,2714,2697.5,2699,127089,0
20251021,110000,2698.5,2703,2690,2697.5,99327,0
20251021,120000,2697,2716,2691.5,2705,157903,0
20251021,130000,2704.5,2720,2703,2716.5,128211,0
20251021,140000,2715.5,2716,2704.5,2710.5,60006,0
20251021,150000,2711,2711,2698,2701.5,54635,0
20251021,160000,2701,2706.5,2695.5,2698.5,48386,0
20251021,170000,2698.5,2698.5,2661,2665.5,251741,0
20251021,180000,2665,2666,2609,2635,647797,0
20251021,190000,2634.5,2667,2631.5,2663,237046,0
20251021,200000,2663,2664.5,2623.5,2630.5,229536,0
20251021,210000,2630,2643.5,2628,2639.5,71782,0
20251021,220000,2639,2653.5,2633,2637.5,61601,0
20251021,230000,2637,2679.5,2631.5,2672,99161,0
20251022,080000,2673.5,2673.5,2673.5,2673.5,589,0
20251022,090000,2673,2673,2654,2656.5,72678,0
20251022,100000,2656.5,2667.5,2647.5,2662.5,120397,0
20251022,110000,2662,2683.5,2654,2676,129562,0
20251022,120000,2675.5,2679.5,2668.5,2675,86251,0
20251022,130000,2676,2676.5,2653.5,2658,83290,0
20251022,140000,2657.5,2662.5,2647,2659,78165,0
20251022,150000,2658.5,2665.5,2640.5,2643.5,93945,0
20251022,160000,2643.5,2672,2638.5,2662.5,170331,0
20251022,170000,2662.5,2664.5,2653.5,2659.5,53068,0
20251022,180000,2659,2665.5,2651,2653.5,52782,0
20251022,190000,2653,2659.5,2647,2657,37313,0
20251022,200000,2656.5,2658,2650,2654.5,23257,0
20251022,210000,2654.5,2658,2651.5,2653.5,18413,0
20251022,220000,2653.5,2654,2600,2611,413736,0
20251022,230000,2611,2625,2586,2615.5,345880,0
20251023,080000,2577.5,2577.5,2577.5,2577.5,1918,0
20251023,090000,2577,2584.5,2560,2564,186884,0
20251023,100000,2564.5,2587.5,2563,2582.5,173647,0
20251023,110000,2583,2583,2553.5,2557.5,194072,0
20251023,120000,2557,2570,2548.5,2562,150129,0
20251023,130000,2563,2571,2559,2562.5,65674,0
20251023,140000,2562,2573.5,2554,2558,135044,0
20251023,150000,2558.5,2568.5,2557,2560,87608,0
20251023,160000,2560,2572,2559,2559,70073,0
20251023,170000,2559.5,2564,2554,2558,73530,0
20251023,180000,2559,2587.5,2558,2570,176452,0
20251023,190000,2568.5,2580.5,2564,2575,56332,0
20251023,200000,2575.5,2584.5,2569.5,2583.5,69572,0
20251023,210000,2583.5,2584,2575,2579,39244,0
20251023,220000,2578.5,2582.5,2576,2577.5,24296,0
20251023,230000,2577.5,2587.5,2577.5,2587,32699,0
20251024,080000,2589,2589,2589,2589,157,0
20251024,090000,2589.5,2592,2577,2580.5,48023,0
20251024,100000,2580,2585,2572.5,2573.5,62740,0
20251024,110000,2573,2580.5,2572,2575.5,65747,0
20251024,120000,2575.5,2575.5,2564.5,2567.5,75198,0
20251024,130000,2568,2613,2541.5,2549.5,841754,0
20251024,140000,2549.5,2558.5,2531.5,2549.5,337623,0
20251024,150000,2549.5,2563.5,2541,2562.5,216652,0
20251024,160000,2562,2563,2551,2557.5,88266,0
20251024,170000,2557.5,2561,2552.5,2556.5,45242,0
20251024,180000,2556.5,2557,2545,2546.5,71351,0
20251024,190000,2548,2552,2542,2549,56095,0
20251024,200000,2549,2553.5,2548.5,2549,23204,0
20251024,210000,2549,2549.5,2544,2545.5,26844,0
20251024,220000,2545.5,2551,2544.5,2550,15480,0
20251024,230000,2550,2553,2546.5,2549.5,27857,0
20251027,080000,2527,2527,2527,2527,2331,0
20251027,090000,2526.5,2526.5,2493,2497,232416,0
20251027,100000,2497.5,2506.5,2491.5,2500.5,184059,0
20251027,110000,2500.5,2506.5,2492.5,2495.5,114391,0
20251027,120000,2495,2509.5,2494,2500.5,140884,0
20251027,130000,2500.5,2502.5,2480,2487,151910,0
20251027,140000,2486.5,2487.5,2460,2468,195367,0
20251027,150000,2468,2482,2465,2479,148235,0
20251027,160000,2479,2482.5,2460,2468.5,144080,0
20251027,170000,2468,2485,2464,2478.5,134494,0
20251027,180000,2478.5,2482,2470.5,2476,72124,0
20251027,190000,2476,2486.5,2475,2484,49850,0
20251027,200000,2484.5,2484.5,2476.5,2480.5,25985,0
20251027,210000,2479.5,2480,2468,2472.5,55745,0
20251027,220000,2472.5,2477,2471.5,2474,24720,0
20251027,230000,2473.5,2474.5,2454.5,2460.5,49552,0
20251028,080000,2465.5,2465.5,2465.5,2465.5,191,0
20251028,090000,2465.5,2494.5,2465,2489,176640,0
20251028,100000,2489,2495,2477,2486,146896,0
20251028,110000,2486.5,2514,2486,2509,222214,0
20251028,120000,2509,2513.5,2501.5,2506,101435,0
20251028,130000,2505.5,2507.5,2495,2496.5,94333,0
20251028,140000,2497.5,2515.5,2497.5,2510.5,102726,0
20251028,150000,2511.5,2520.5,2497.5,2497.5,127309,0
20251028,160000,2498,2504.5,2487.5,2503.5,153220,0
20251028,170000,2503.5,2510.5,2497,2500,85737,0
20251028,180000,2500.5,2506,2494,2498,74365,0
20251028,190000,2498.5,2511.5,2495.5,2509.5,52947,0
20251028,200000,2509,2516.5,2508,2513,44077,0
20251028,210000,2513,2514,2504,2509.5,30279,0
20251028,220000,2509,2515.5,2506.5,2512,31657,0
20251028,230000,2512.5,2514,2507.5,2513,22279,0
20251029,080000,2513,2513,2513,2513,447,0
20251029,090000,2512.5,2513.5,2502,2506,51944,0
20251029,100000,2506,2529,2503,2526,187014,0
20251029,110000,2526,2531,2519,2524.5,92212,0
20251029,120000,2525.5,2529,2516.5,2522,55068,0
20251029,130000,2522,2529.5,2521.5,2525.5,60054,0
20251029,140000,2525,2535,2518.5,2523,89136,0
20251029,150000,2523.5,2526.5,2517.5,2523,58926,0
20251029,160000,2523,2523,2511,2515,71982,0
20251029,170000,2515,2521.5,2510,2513.5,67459,0
20251029,180000,2513.5,2524.5,2513,2522.5,47145,0
20251029,190000,2524,2527,2521,2523.5,34118,0
20251029,200000,2524,2524.5,2519,2519.5,14890,0
20251029,210000,2519.5,2521,2515,2517.5,20536,0
20251029,220000,2517,2522.5,2516,2521.5,14740,0
20251029,230000,2521,2524.5,2519,2520,20682,0
20251030,080000,2515,2515,2515,2515,316,0
20251030,090000,2514.5,2537,2510.5,2532.5,71689,0
20251030,100000,2533,2540.5,2530,2531,117178,0
20251030,110000,2531,2540.5,2531,2539.5,54132,0
20251030,120000,2539.5,2548,2537.5,2546,80140,0
20251030,130000,2546.5,2546.5,2540.5,2543,49130,0
20251030,140000,2543,2555,2543,2554,80800,0
20251030,150000,2554,2559.5,2549.5,2557,90925,0
20251030,160000,2557,2572,2552,2571,125180,0
20251030,170000,2571,2572,2558.5,2560.5,81961,0
20251030,180000,2560,2565,2556,2560,64103,0
20251030,190000,2561,2567.5,2560.5,2564,44726,0
20251030,200000,2564,2565,2559.5,2563,21751,0
20251030,210000,2563,2567,2562,2565,16930,0
20251030,220000,2565,2565.5,2560,2561.5,14602,0
20251030,230000,2562,2563.5,2560,2561.5,10195,0
20251031,080000,2564.5,2564.5,2564.5,2564.5,32,0
20251031,090000,2565,2570,2555.5,2558.5,63018,0
20251031,100000,2558.5,2561,2545.5,2549.5,112109,0
20251031,110000,2549,2557.5,2545,2547.5,73790,0
20251031,120000,2547.5,2550.5,2542.5,2548,51824,0
20251031,130000,2548,2548,2537.5,2539,65424,0
20251031,140000,2539,2539,2530.5,2537,97822,0
20251031,150000,2536.5,2544.5,2535,2540.5,74135,0
20251031,160000,2541,2542.5,2527,2529.5,75571,0
20251031,170000,2529,2535.5,2527,2531.5,55656,0
20251031,180000,2532,2532,2522,2523,62343,0
20251031,190000,2524,2526.5,2521,2523,32795,0
20251031,200000,2523,2523.5,2502.5,2514,157983,0
20251031,210000,2514,2520,2511.5,2514.5,39513,0
20251031,220000,2514.5,2519,2514,2515.5,21381,0
20251031,230000,2515.5,2525.5,2515,2524.5,19125,0
20251101,080000,2529,2529,2529,2529,245,0
20251101,090000,2529,2532,2522,2527.5,48247,0
20251101,100000,2528,2538,2527,2538,46103,0
20251101,110000,2538,2539,2534,2536,32402,0
20251101,120000,2536,2538.5,2531,2533,21399,0
20251101,130000,2533,2534,2527,2533,29353,0
20251101,140000,2532,2533,2525,2527.5,29157,0
20251101,150000,2527.5,2531.5,2526.5,2530.5,14851,0
20251101,160000,2530,2533.5,2529,2530,12152,0
20251101,170000,2530,2530.5,2527,2530,11545,0
20251101,180000,2529.5,2533,2529,2530.5,12398,0
20251101,190000,2531,2534,2530.5,2533,8988,0
20251101,200000,2533,2535,2532.5,2533.5,6322,0
20251101,210000,2533.5,2534.5,2532.5,2533,3373,0
20251101,220000,2533.5,2534.5,2532.5,2533.5,2682,0
20251101,230000,2534,2535.5,2532.5,2535.5,7790,0
20251103,090000,2550,2575,2544.5,2570.5,111338,0
20251103,100000,2571.5,2585.5,2571.5,2575.5,108433,0
20251103,110000,2576,2578,2567.5,2570,43336,0
20251103,120000,2569.5,2571,2566,2569.5,19955,0
20251103,130000,2569,2571.5,2567.5,2570,20015,0
20251103,140000,2570,2571,2564.5,2568,25389,0
20251103,150000,2567,2574,2566.5,2570.5,23855,0
20251103,160000,2571,2572,2567,2568.5,16287,0
20251103,170000,2569.5,2576.5,2569.5,2575.5,24376,0
20251103,180000,2575,2576.5,2571,2572,18306,0
20251103,190000,2573,2576,2572.5,2575.5,10405,0
20251103,200000,2575.5,2576.5,2573,2573.5,8546,0
20251103,210000,2574,2574.5,2571,2572,7360,0
20251103,220000,2572,2573.5,2571,2572,8900,0
20251103,230000,2571.5,2574,2571,2574,8254,0
20251105,090000,2565.5,2565.5,2552,2556,59339,0
20251105,100000,2555.5,2562,2548,2558,88766,0
20251105,110000,2557.5,2567.5,2556.5,2566.5,59762,0
20251105,120000,2566.5,2569,2560.5,2567,45157,0
20251105,130000,2567,2583,2566.5,2579.5,70481,0
20251105,140000,2580,2583,2576,2577.5,47889,0
20251105,150000,2578,2579.5,2572.5,2573.5,27163,0
20251105,160000,2574,2580,2556.5,2557.5,90687,0
20251105,170000,2557,2562.5,2537.5,2543,312447,0
20251105,180000,2543,2555.5,2539,2547,177713,0
20251105,190000,2547.5,2555,2544,2552.5,42115,0
20251105,200000,2552,2553.5,2547,2549.5,20301,0
20251105,210000,2550,2553.5,2546,2551,26381,0
20251105,220000,2551,2555,2551,2553.5,15847,0
20251105,230000,2554,2557,2551.5,2557,16649,0
20251106,090000,2558,2561.5,2553.5,2558.5,31033,0
20251106,100000,2558.5,2559,2542.5,2544.5,74558,0
20251106,110000,2544.5,2551.5,2541.5,2548,60063,0
20251106,120000,2548,2549,2540.5,2543.5,51154,0
20251106,130000,2544,2548,2537.5,2540.5,47600,0
20251106,140000,2541,2547.5,2534.5,2545.5,57629,0
20251106,150000,2546,2550.5,2542.5,2546,38821,0
20251106,160000,2545.5,2546,2536.5,2538,34023,0
20251106,170000,2538,2547,2537,2542,54770,0
20251106,180000,2541.5,2545,2538.5,2541.5,23998,0
20251106,200000,2543,2557,2541.5,2554.5,67356,0
20251106,210000,2555,2557.5,2552,2554,19909,0
20251106,220000,2554,2554.5,2551.5,2554,7652,0
20251106,230000,2554,2556.5,2553.5,2554.5,10013,0
20251107,090000,2541.5,2551,2537.5,2547,56006,0
20251107,100000,2547,2572.5,2545.5,2566,180048,0
20251107,110000,2566.5,2570.5,2564.5,2567.5,40643,0
20251107,120000,2568.5,2577.5,2568.5,2570.5,67983,0
20251107,130000,2571,2574.5,2567,2568.5,40725,0
20251107,140000,2569,2570.5,2566.5,2568.5,21952,0
20251107,150000,2568.5,2569.5,2564,2565,29242,0
20251107,160000,2565,2571.5,2562,2567,48744,0
20251107,170000,2567,2575.5,2567,2573.5,38836,0
20251107,180000,2573,2574.5,2569,2571.5,32100,0
20251107,190000,2571.5,2579,2571.5,2572,37695,0
20251107,200000,2572,2586.5,2571.5,2573,61305,0
20251107,210000,2573.5,2574.5,2561,2567.5,83199,0
20251107,220000,2567,2570,2566,2569.5,11230,0
20251107,230000,2570,2575,2568.5,2575,13050,0
20251108,100000,2575,2578,2571.5,2573,6942,0
20251108,110000,2573,2573,2571,2572.5,3539,0
20251108,120000,2572,2573,2572,2573,1096,0
20251108,130000,2572.5,2573,2569.5,2570.5,2293,0
20251108,140000,2570.5,2572,2569,2572,4006,0
20251108,150000,2571.5,2574,2571,2572.5,1519,0
20251108,160000,2572.5,2573,2572,2572.5,884,0
20251108,170000,2572.5,2574.5,2572,2572.5,2523,0
20251108,180000,2573.5,2575,2571,2572,1416,0
20251109,100000,2573,2574.5,2571,2572.5,2269,0
20251109,110000,2574.5,2574.5,2572,2573,2011,0
20251109,120000,2573,2574,2571.5,2574,704,0
20251109,130000,2574,2575.5,2573,2574.5,1711,0
20251109,140000,2574.5,2576,2572.5,2574.5,1148,0
20251109,150000,2575,2578,2574,2577.5,3430,0
20251109,160000,2577,2578.5,2572,2575.5,4931,0
20251109,170000,2576,2577.5,2575,2577.5,1485,0
20251109,180000,2577,2579,2576,2578,4380,0
20251110,090000,2587,2595,2583.5,2592,79565,0
20251110,100000,2591.5,2599,2587.5,2599,83552,0
20251110,110000,2599,2603.5,2593,2594,73784,0
20251110,120000,2594.5,2599.5,2589,2591,51512,0
20251110,130000,2590,2593,2587,2593,29515,0
20251110,140000,2593,2595,2584,2585,30244,0
20251110,150000,2585,2586.5,2574,2575,83593,0
20251110,160000,2574.5,2575.5,2563,2568.5,81607,0
20251110,170000,2568,2569.5,2557,2558.5,72547,0
20251110,180000,2558.5,2563.5,2555.5,2558,55011,0
20251110,190000,2558,2566.5,2557.5,2564.5,24336,0
20251110,200000,2564.5,2570,2563,2568,21651,0
20251110,210000,2568,2569,2561,2566.5,17124,0
20251110,220000,2566.5,2566.5,2563,2563.5,9774,0
20251110,230000,2564,2566.5,2560,2562,12483,0
20251111,090000,2565,2568.5,2561,2563.5,34603,0
20251111,100000,2563.5,2568,2552,2563.5,83740,0
20251111,110000,2563,2564.5,2557,2559,28439,0
20251111,120000,2558.5,2566,2553,2563,59877,0
20251111,130000,2563.5,2566,2558.5,2564.5,38079,0
20251111,140000,2564.5,2578.5,2562,2575,71893,0
20251111,150000,2575.5,2579.5,2570,2573,64789,0
20251111,160000,2573,2576.5,2569.5,2573.5,53599,0
20251111,170000,2573.5,2577.5,2571.5,2572,42725,0
20251111,180000,2572,2573.5,2563.5,2569,45995,0
20251111,190000,2569,2575,2568.5,2573,19507,0
20251111,200000,2572.5,2583,2572,2581,20524,0
20251111,210000,2581.5,2584,2578.5,2580.5,20549,0
20251111,220000,2580.5,2582.5,2579.5,2580.5,7108,0
20251111,230000,2581,2582,2578.5,2581,9061,0
20251112,090000,2579,2580,2573.5,2576,26387,0
20251112,100000,2576,2578.5,2560,2562.5,91995,0
20251112,110000,2562.5,2564.5,2558,2563.5,50470,0
20251112,120000,2563,2566.5,2560.5,2564,37800,0
20251112,130000,2563.5,2564,2546,2547.5,90295,0
20251112,140000,2547.5,2552,2544,2547.5,57189,0
20251112,150000,2547,2547.5,2536,2546,95179,0
20251112,160000,2546,2546,2536,2539,67815,0
20251112,170000,2538.5,2539,2530.5,2536.5,75722,0
20251112,180000,2536,2542.5,2533,2536,51600,0
20251112,190000,2536,2540,2526,2533,68624,0
20251112,200000,2533,2535,2530,2532.5,14256,0
20251112,210000,2532,2541.5,2532,2540.5,32591,0
20251112,220000,2540.5,2541,2538.5,2538.5,10220,0
20251112,230000,2539,2543.5,2538,2541.5,12979,0
20251113,090000,2543,2551.5,2541.5,2543,41942,0
20251113,100000,2543,2547.5,2532.5,2536.5,67689,0
20251113,110000,2536.5,2554,2533.5,2552,88453,0
20251113,120000,2552,2552.5,2544.5,2546.5,41311,0
20251113,130000,2547,2549.5,2543.5,2546,42724,0
20251113,140000,2545.5,2546.5,2536,2540.5,43925,0
20251113,150000,2540.5,2548,2538.5,2544.5,33004,0
20251113,160000,2544,2546.5,2539,2542.5,31703,0
20251113,170000,2543,2546.5,2535,2540,49683,0
20251113,180000,2540,2549,2539,2546.5,29223,0
20251113,190000,2546.5,2549,2545,2546,18190,0
20251113,200000,2546,2553,2544.5,2551.5,18858,0
20251113,210000,2551.5,2559.5,2547,2548.5,37346,0
20251113,220000,2549,2550.5,2545,2547,14750,0
20251113,230000,2547,2548.5,2540.5,2543.5,22018,0
20251114,090000,2544.5,2550.5,2542,2547,32653,0
20251114,100000,2548,2552.5,2538.5,2539.5,54142,0
20251114,110000,2539,2539,2527,2533.5,91608,0
20251114,120000,2533,2534,2526.5,2530.5,40964,0
20251114,130000,2530.5,2534.5,2524.5,2527.5,34023,0
20251114,140000,2527.5,2528,2519.5,2522,48157,0
20251114,150000,2522.5,2533.5,2520,2528.5,63125,0
20251114,160000,2529,2529.5,2516.5,2519,48922,0
20251114,170000,2519,2526,2517,2522.5,56600,0
20251114,180000,2522,2529,2520.5,2526,26948,0
20251114,190000,2527,2531.5,2525.5,2528,16707,0
20251114,200000,2528.5,2531,2527,2528,8162,0
20251114,210000,2528,2528,2524,2526.5,8443,0
20251114,220000,2526.5,2538.5,2526,2535.5,32458,0
20251114,230000,2536,2540.5,2533.5,2537.5,23393,0
20251115,100000,2539,2544,2533,2534.5,10276,0
20251115,110000,2534.5,2536,2532.5,2535,4375,0
20251115,120000,2535,2536,2532,2534.5,3081,0
20251115,130000,2534.5,2535,2533,2534,1266,0
20251115,140000,2534,2535.5,2534,2535,1333,0
20251115,150000,2535.5,2535.5,2534.5,2535.5,1261,0
20251115,160000,2535.5,2535.5,2534,2534.5,1381,0
20251115,170000,2534.5,2535.5,2534,2535.5,789,0
20251115,180000,2535,2535.5,2534,2534,633,0
20251116,100000,2530.5,2535,2517,2526.5,11923,0
20251116,110000,2526,2528,2526,2526.5,1788,0
20251116,120000,2526,2527.5,2521.5,2523,6321,0
20251116,130000,2523,2525,2521,2524,3419,0
20251116,140000,2523.5,2526.5,2523.5,2525.5,2251,0
20251116,150000,2525.5,2526,2524,2525.5,1178,0
20251116,160000,2525.5,2525.5,2523.5,2524,1331,0
20251116,170000,2524,2526.5,2523.5,2526.5,1135,0
20251116,180000,2525.5,2528,2525.5,2526.5,3080,0
20251117,090000,2517,2517,2506,2509,60456,0
20251117,100000,2508.5,2517.5,2503.5,2513.5,79817,0
20251117,110000,2513.5,2521,2513,2517.5,47329,0
20251117,120000,2518,2521.5,2515,2521,34464,0
20251117,130000,2520.5,2522,2512.5,2517,38882,0
20251117,140000,2517,2518.5,2509,2515.5,41008,0
20251117,150000,2515.5,2516,2509.5,2510.5,21517,0
20251117,160000,2510,2513,2506,2513,32478,0
20251117,170000,2513,2518,2512.5,2514,33307,0
20251117,180000,2514,2516.5,2512.5,2516,17701,0
20251117,190000,2516,2516.5,2513.5,2514.5,10646,0
20251117,200000,2514.5,2515,2511.5,2512.5,11174,0
20251117,210000,2512,2512.5,2505.5,2507,38057,0
20251117,220000,2506.5,2509,2505,2506,18713,0
20251117,230000,2505.5,2508,2504,2505.5,16521,0
20251118,090000,2505,2511,2500.5,2506,31856,0
20251118,100000,2506,2548,2495,2534,451779,0
20251118,110000,2534,2576,2527,2569,417655,0
20251118,120000,2569.5,2577,2553,2559.5,241185,0
20251118,130000,2559.5,2564,2552,2557,89216,0
20251118,140000,2556.5,2570.5,2556.5,2566,105631,0
20251118,150000,2566.5,2569,2556.5,2561,81396,0
20251118,160000,2561,2566,2558.5,2560,54468,0
20251118,170000,2560.5,2573.5,2560,2563,87269,0
20251118,180000,2563,2568,2561,2567,38979,0
20251118,190000,2567,2572,2565.5,2570,30649,0
20251118,200000,2570,2571.5,2566,2568,19068,0
20251118,210000,2568,2573,2567.5,2572.5,22752,0
20251118,220000,2572.5,2578,2572,2573.5,28683,0
20251118,230000,2574,2574.5,2553,2561,83636,0
20251119,090000,2578,2584.5,2574,2579.5,80164,0
20251119,100000,2579,2587.5,2572.5,2585,100887,0
20251119,110000,2585,2589,2564,2576.5,232589,0
20251119,120000,2576.5,2576.5,2560,2566,103661,0
20251119,130000,2565.5,2577,2562.5,2574,56181,0
20251119,140000,2574,2622,2571,2616.5,357848,0
20251119,150000,2617,2631,2616,2627.5,237309,0
20251119,160000,2627.5,2673,2627,2662.5,529499,0
20251119,170000,2663,2664.5,2640.5,2649,294697,0
20251119,180000,2649.5,2662,2639.5,2648,134848,0
20251119,190000,2647.5,2667,2639.5,2662,180934,0
20251119,200000,2662,2663.5,2647.5,2655.5,73814,0
20251119,210000,2655,2663.5,2627.5,2639.5,318849,0
20251119,220000,2639,2639.5,2621.5,2629,109078,0
20251119,230000,2629,2632.5,2628,2631.5,30740,0
20251120,090000,2638,2646.5,2633,2635.5,65461,0
20251120,100000,2636.5,2640.5,2620,2634,115474,0
20251120,110000,2634.5,2640.5,2626.5,2637.5,60653,0
20251120,120000,2637,2666.5,2634.5,2654,186947,0
20251120,130000,2654,2662,2644,2647,106319,0
20251120,140000,2648,2648,2630.5,2634,106924,0
20251120,150000,2634,2642.5,2625.5,2642.5,108841,0
20251120,160000,2642,2645.5,2627.5,2629,103888,0
20251120,170000,2629,2636,2620,2628,141235,0
20251120,180000,2628,2633.5,2624,2628,54191,0
20251120,190000,2629,2646.5,2629,2633,94992,0
20251120,200000,2632.5,2726,2627.5,2708,392815,0
20251120,210000,2707,2718,2659.5,2676,600455,0
20251120,220000,2677,2694,2667.5,2691,137100,0
20251120,230000,2691,2704,2690,2702,80249,0
20251121,090000,2693.5,2693.5,2680,2685,95017,0
20251121,100000,2685,2694,2672.5,2684.5,133771,0
20251121,110000,2684.5,2693,2672.5,2678,99113,0
20251121,120000,2678,2683.5,2675,2681.5,49468,0
20251121,130000,2681,2681.5,2666,2669,76692,0
20251121,140000,2668.5,2673,2658.5,2664,94126,0
20251121,150000,2663,2679,2653.5,2668,231750,0
20251121,160000,2667.5,2670,2652,2652.5,99796,0
20251121,170000,2652.5,2700,2651.5,2686,277840,0
20251121,180000,2686,2694.5,2673,2682,163750,0
20251121,190000,2677.5,2692.5,2675.5,2689.5,42008,0
20251121,200000,2690,2712.5,2688,2698,198038,0
20251121,210000,2698,2700.5,2693,2696.5,42422,0
20251121,220000,2696,2700,2693,2697.5,22473,0
20251121,230000,2697,2698,2692.5,2693,25459,0
20251124,090000,2707,2713.5,2703.5,2708,98308,0
20251124,100000,2708.5,2714.5,2694.5,2697.5,101673,0
20251124,110000,2697,2698,2665.5,2670.5,156626,0
20251124,120000,2670.5,2680,2662,2667.5,134253,0
20251124,130000,2667,2673,2656.5,2671.5,135267,0
20251124,140000,2671.5,2672.5,2661,2668.5,67789,0
20251124,150000,2668,2670,2658.5,2662.5,70694,0
20251124,160000,2663,2679,2661,2672,99461,0
20251124,170000,2672,2672.5,2646.5,2657.5,178646,0
20251124,180000,2657,2661.5,2653.5,2653.5,56727,0
20251124,190000,2654,2660,2651,2656,35221,0
20251124,200000,2656,2659,2654.5,2659,13172,0
20251124,210000,2659,2660.5,2656,2656.5,12813,0
20251124,220000,2657,2658.5,2653,2653,9949,0
20251124,230000,2654,2672,2653,2666,49965,0
20251125,090000,2670,2679,2661.5,2673.5,74605,0
20251125,100000,2674,2682.5,2668.5,2672.5,69194,0
20251125,110000,2673,2674,2651,2655,106793,0
20251125,120000,2655,2655.5,2641,2654,115076,0
20251125,130000,2653.5,2657,2647,2651,45623,0
20251125,140000,2651,2665.5,2645.5,2652,83632,0
20251125,150000,2652,2700,2644,2667.5,490636,0
20251125,160000,2667.5,2683.5,2667,2680.5,128130,0
20251125,170000,2680.5,2689,2672,2685,134588,0
20251125,180000,2684.5,2689,2678.5,2683,80344,0
20251125,190000,2683,2699,2683,2694.5,105863,0
20251125,200000,2695,2698.5,2678.5,2689.5,97649,0
20251125,210000,2690,2692,2680.5,2684.5,27895,0
20251125,220000,2685,2702,2683,2688.5,110193,0
20251125,230000,2689,2691.5,2682.5,2685,20244,0
20251126,090000,2684.5,2685,2676,2684,62826,0
20251126,100000,2684,2684,2674.5,2678,45897,0
20251126,110000,2678,2680.5,2665.5,2667,77695,0
20251126,120000,2667,2674,2665,2665.5,42940,0
20251126,130000,2665.5,2673,2662,2670,39411,0
20251126,140000,2669,2675.5,2664.5,2667,44907,0
20251126,150000,2667,2673.5,2664.5,2671.5,31939,0
20251126,160000,2671.5,2674.5,2665,2669,44367,0
20251126,170000,2669,2671,2666,2666.5,17625,0
20251126,180000,2666.5,2673.5,2666.5,2667.5,29628,0
20251126,190000,2669.5,2672,2667.5,2669.5,13163,0
20251126,200000,2669.5,2674.5,2669,2672,9154,0
20251126,210000,2671.5,2672.5,2669,2670.5,5173,0
20251126,220000,2670,2671.5,2669,2669.5,5610,0
20251126,230000,2669,2669.5,2664,2669.5,18017,0
20251127,090000,2672,2683,2671.5,2675.5,47077,0
20251127,100000,2675,2678.5,2657,2659,69345,0
20251127,110000,2659,2663,2655.5,2661,43986,0
20251127,120000,2661,2668.5,2655,2662.5,50994,0
20251127,130000,2663,2663,2656.5,2661.5,35446,0
20251127,140000,2660.5,2665,2659.5,2660.5,18201,0
20251127,150000,2660,2661.5,2650.5,2652,47513,0
20251127,160000,2652,2662.5,2648.5,2651,134534,0
20251127,170000,2651,2653.5,2607,2620.5,363463,0
20251127,180000,2621,2628,2615.5,2622,77849,0
20251127,190000,2622.5,2626,2620,2623,31434,0
20251127,200000,2623,2626.5,2621,2624.5,15349,0
20251127,210000,2624.5,2626.5,2622.5,2626,10598,0
20251127,220000,2625.5,2628,2623,2623.5,10140,0
20251127,230000,2623,2625.5,2622,2624.5,9463,0
20251128,090000,2626,2634,2619,2630.5,55890,0
20251128,100000,2630.5,2637.5,2626,2633.5,53157,0
20251128,110000,2633.5,2637,2625,2634,50645,0
20251128,120000,2634,2644.5,2631,2643,68658,0
20251128,130000,2643,2643,2639.5,2641.5,31694,0
20251128,140000,2641.5,2642.5,2633.5,2635.5,43615,0
20251128,150000,2635.5,2638,2626.5,2629.5,46765,0
20251128,160000,2629.5,2654.5,2628.5,2646,178475,0
20251128,170000,2646.5,2663,2645,2662.5,120283,0
20251128,180000,2663,2689.5,2663,2678,187654,0
20251128,190000,2677,2683.5,2677,2679.5,52291,0
20251128,200000,2679.5,2683,2679,2680.5,23848,0
20251128,210000,2681,2686,2680.5,2682,29705,0
20251128,220000,2681.5,2683,2678,2680.5,12574,0
20251128,230000,2680,2684,2679,2680,17979,0
20251129,100000,2681.5,2685.5,2679.5,2680.5,7297,0
20251129,110000,2681.5,2683,2680.5,2682,1925,0
20251129,120000,2681,2682.5,2680,2681,2033,0
20251129,130000,2681,2681,2679,2680.5,4001,0
20251129,140000,2680,2680.5,2672,2676,22948,0
20251129,150000,2675.5,2679,2675.5,2677,6087,0
20251129,160000,2675.5,2677,2674.5,2676.5,7016,0
20251129,170000,2676.5,2680,2674,2678.5,4086,0
20251129,180000,2678.5,2680,2677,2677.5,1867,0
20251130,100000,2680,2684.5,2677.5,2684.5,5959,0
20251130,110000,2684,2686,2683.5,2685,4873,0
20251130,120000,2686,2689,2684.5,2687,8197,0
20251130,130000,2687.5,2688,2685,2687,1751,0
20251130,140000,2687,2689,2687,2688,3845,0
20251130,150000,2688,2697,2687.5,2692,14235,0
20251130,160000,2692,2696,2690,2695,10575,0
20251130,170000,2695.5,2697.5,2692.5,2696,11842,0
20251130,180000,2696,2697,2694.5,2696,4346,0
20251201,090000,2689,2690,2669.5,2680,94079,0
20251201,100000,2679,2681,2665,2674.5,86829,0
20251201,110000,2674.5,2692.5,2673.5,2687.5,87770,0
20251201,120000,2687.5,2702.5,2686,2691,127112,0
20251201,130000,2690.5,2697,2679,2688.5,145662,0
20251201,140000,2689,2692.5,2680.5,2684,50421,0
20251201,150000,2683.5,2693.5,2683,2690.5,52150,0
20251201,160000,2690.5,2698.5,2688.5,2696.5,32186,0
20251201,170000,2696.5,2699,2692,2693.5,30104,0
20251201,180000,2693.5,2695.5,2685.5,2685.5,28850,0
20251201,190000,2686.5,2692,2686,2690.5,15434,0
20251201,200000,2691,2695,2690,2691,10025,0
20251201,210000,2691,2694,2690,2692.5,8320,0
20251201,220000,2692,2694,2681.5,2682,20508,0
20251201,230000,2683,2687.5,2678,2684,37598,0
20251202,090000,2681,2692.5,2679,2686.5,32992,0
20251202,100000,2687,2691.5,2680.5,2683.5,30171,0
20251202,110000,2683,2688,2676.5,2682.5,51574,0
20251202,120000,2682.5,2686.5,2681,2684.5,19175,0
20251202,130000,2684,2687,2679,2684.5,39790,0
20251202,140000,2684.5,2687.5,2682.5,2684.5,25181,0
20251202,150000,2684,2695.5,2683.5,2691,31260,0
20251202,160000,2690.5,2695.5,2687,2692,39250,0
20251202,170000,2692,2693,2680,2685,42278,0
20251202,180000,2685,2687.5,2659,2670.5,199582,0
20251202,190000,2672,2680,2670.5,2675,37104,0
20251202,200000,2674.5,2680,2669,2671,26220,0
20251202,210000,2671,2691,2668.5,2684,105120,0
20251202,220000,2683,2684,2673,2680,30235,0
20251202,230000,2680,2683.5,2672,2676.5,25224,0
20251203,090000,2648,2649,2641,2644.5,112669,0
20251203,100000,2644.5,2644.5,2631,2634,86907,0
20251203,110000,2633.5,2634,2622,2627,97307,0
20251203,120000,2626.5,2636.5,2625,2636,62753,0
20251203,130000,2636,2639,2631.5,2633,37133,0
20251203,140000,2634,2638,2630,2635,24781,0
20251203,150000,2635,2638,2631,2635.5,38434,0
20251203,160000,2636,2636.5,2626.5,2630,43564,0
20251203,170000,2630,2645.5,2629,2640,56806,0
20251203,180000,2640,2652,2638,2648,68490,0
20251203,190000,2647,2658,2643.5,2650.5,61058,0
20251203,200000,2651.5,2655.5,2647,2649,15125,0
20251203,210000,2648.5,2653.5,2644.5,2652,16336,0
20251203,220000,2652,2655,2650.5,2651.5,12605,0
20251203,230000,2651.5,2655,2649,2654.5,12856,0
20251204,090000,2660,2672.5,2660,2666.5,52981,0
20251204,100000,2666.5,2668,2660,2664.5,37011,0
20251204,110000,2664.5,2670,2660.5,2667,44673,0
20251204,120000,2667,2669,2663.5,2667,19149,0
20251204,130000,2667,2669,2662,2664,23961,0
20251204,140000,2663.5,2666.5,2661,2665,20955,0
20251204,150000,2665,2671.5,2662.5,2669,36152,0
20251204,160000,2668.5,2672.5,2664.5,2666,25693,0
20251204,170000,2666.5,2668,2658.5,2659.5,45274,0
20251204,180000,2659,2662,2657.5,2660.5,21427,0
20251204,190000,2660.5,2663,2659,2661,14172,0
20251204,200000,2661,2661,2656.5,2658.5,11357,0
20251204,210000,2659,2660,2657,2658.5,6325,0
20251204,220000,2658.5,2659.5,2656.5,2656.5,6188,0
20251204,230000,2656.5,2659,2655.5,2659,13306,0
20251205,090000,2661,2667,2660,2664.5,31506,0
20251205,100000,2664.5,2682,2659.5,2680.5,116321,0
20251205,110000,2680.5,2697.5,2680.5,2692,126695,0
20251205,120000,2692,2711.5,2691,2703.5,138075,0
20251205,130000,2703.5,2704.5,2696,2699.5,60305,0
20251205,140000,2699.5,2717.5,2699.5,2710.5,121847,0
20251205,150000,2711,2715.5,2706.5,2708,60327,0
20251205,160000,2708.5,2717.5,2705.5,2714,57930,0
20251205,170000,2713.5,2721.5,2709.5,2717.5,73478,0
20251205,180000,2718,2719,2708,2714.5,58718,0
20251205,190000,2713.5,2716,2710,2715.5,25203,0
20251205,200000,2715,2717.5,2712.5,2713.5,11548,0
20251205,210000,2713.5,2718,2713,2716,19458,0
20251205,220000,2716,2719.5,2715.5,2718.5,11129,0
20251205,230000,2718,2719.5,2715.5,2717.5,14046,0
20251208,090000,2731.5,2735.5,2725,2728,71924,0
20251208,100000,2728,2741,2721.5,2736,93061,0
20251208,110000,2736,2743.5,2727,2730.5,75896,0
20251208,120000,2730.5,2732,2724.5,2731,43258,0
20251208,130000,2731,2731.5,2716,2724.5,80131,0
20251208,140000,2725,2731.5,2719.5,2719.5,48079,0
20251208,150000,2719.5,2720.5,2709,2717.5,87716,0
20251208,160000,2717,2724,2711.5,2715,45406,0
20251208,170000,2715,2717,2702,2706,92197,0
20251208,180000,2705.5,2711.5,2703,2705.5,30945,0
20251208,190000,2705.5,2716.5,2705.5,2715.5,31186,0
20251208,200000,2715.5,2720,2702,2704.5,65936,0
20251208,210000,2704.5,2707.5,2686.5,2694,114202,0
20251208,220000,2694.5,2700,2692,2696,24207,0
20251208,230000,2695.5,2700,2689.5,2693,26500,0
20251209,090000,2693.5,2698,2685.5,2697.5,32308,0
20251209,100000,2697.5,2701,2689,2692,62312,0
20251209,110000,2691.5,2699.5,2691,2698,27040,0
20251209,120000,2698.5,2703.5,2695,2697,46712,0
20251209,130000,2697,2702.5,2696,2701.5,22170,0
20251209,140000,2701,2722.5,2700.5,2719,134167,0
20251209,150000,2719.5,2721.5,2713,2716,38514,0
20251209,160000,2716.5,2726.5,2715,2722,45945,0
20251209,170000,2722,2722.5,2700.5,2704,104383,0
20251209,180000,2703.5,2708,2696.5,2704,66965,0
20251209,190000,2703.5,2710,2703,2707,26215,0
20251209,200000,2707,2712.5,2704,2711,19252,0
20251209,210000,2710.5,2722,2709,2722,44951,0
20251209,220000,2721.5,2743,2720,2733,190389,0
20251209,230000,2733.5,2735,2723,2727,43049,0
20251210,090000,2724.5,2730,2718.5,2729,44560,0
20251210,100000,2728.5,2733,2719,2721,56461,0
20251210,110000,2721,2729.5,2720.5,2727,34672,0
20251210,120000,2726,2735.5,2724,2729,35721,0
20251210,130000,2729,2729,2719,2723,39503,0
20251210,140000,2723.5,2726.5,2717,2722.5,34949,0
20251210,150000,2722.5,2725.5,2721,2725,16566,0
20251210,160000,2725,2725.5,2719,2724.5,24882,0
20251210,170000,2724.5,2732,2715.5,2718.5,59555,0
20251210,180000,2718.5,2726,2718,2722.5,38235,0
20251210,190000,2722.5,2728.5,2721.5,2726.5,25287,0
20251210,200000,2726.5,2727,2724,2724.5,11990,0
20251210,210000,2725,2731,2722,2728,24881,0
20251210,220000,2727.5,2730,2725,2727,9676,0
20251210,230000,2727,2729.5,2724,2724,9645,0
20251211,090000,2733.5,2740,2732,2737.5,57167,0
20251211,100000,2738,2746.5,2737,2741.5,76990,0
20251211,110000,2741,2758,2741,2754.5,169401,0
20251211,120000,2754.5,2763.5,2750,2751.5,108157,0
20251211,130000,2751.5,2754,2746.5,2752,53004,0
20251211,140000,2751.5,2754,2747.5,2748.5,35003,0
20251211,150000,2748.5,2761.5,2748.5,2756.5,44401,0
20251211,160000,2757,2759,2751,2757.5,47713,0
20251211,170000,2757.5,2766.5,2752.5,2753.5,91496,0
20251211,180000,2754,2757.5,2738,2751,209513,0
20251211,190000,2751.5,2805,2751.5,2774,370775,0
20251211,200000,2774,2777,2772,2774.5,28043,0
20251211,210000,2774,2774.5,2760,2765,74251,0
20251211,220000,2764.5,2767,2761,2764.5,17567,0
20251211,230000,2764,2765.5,2762,2762,12534,0
20251212,090000,2766.5,2769,2756,2762.5,43338,0
20251212,100000,2763,2764,2753.5,2758.5,46926,0
20251212,110000,2758,2770,2753.5,2758.5,77623,0
20251212,120000,2758.5,2763.5,2757,2758.5,35348,0
20251212,130000,2759.5,2773.5,2759,2761,68048,0
20251212,140000,2762,2768,2755,2759,61471,0
20251212,150000,2758.5,2759.5,2756,2756.5,22232,0
20251212,160000,2756.5,2756.5,2742.5,2745.5,115794,0
20251212,170000,2745.5,2751,2741.5,2748,57328,0
20251212,180000,2748,2749.5,2732,2735.5,70520,0
20251212,190000,2736,2738.5,2727.5,2732.5,64216,0
20251212,200000,2732.5,2734.5,2726.5,2728,38449,0
20251212,210000,2728,2734,2713.5,2719,94516,0
20251212,220000,2718,2719.5,2715,2719,33882,0
20251212,230000,2718.5,2720,2716,2717,26437,0
20251213,100000,2723,2733,2722.5,2731.5,26097,0
20251213,110000,2731,2731.5,2729,2729.5,2215,0
20251213,120000,2729,2730,2725.5,2728,5642,0
20251213,130000,2728,2728,2727,2728,2824,0
20251213,140000,2728,2728,2727,2728,3676,0
20251213,150000,2728,2732,2727.5,2731.5,8236,0
20251213,160000,2731,2732,2730,2730.5,2271,0
20251213,170000,2731,2732,2730.5,2731.5,1919,0
20251213,180000,2732,2733,2729.5,2730.5,4162,0
20251214,100000,2730,2730.5,2726.5,2726.5,4574,0
20251214,110000,2726.5,2727,2723,2723,5980,0
20251214,120000,2723,2723.5,2719.5,2720,9143,0
20251214,130000,2720,2725,2718.5,2724.5,6240,0
20251214,140000,2724,2725,2722.5,2725,3028,0
20251214,150000,2725,2725,2718,2721,7925,0
20251214,160000,2721.5,2721.5,2720,2720,1762,0
20251214,170000,2720,2721.5,2719,2720.5,3947,0
20251214,180000,2720.5,2723.5,2720,2723,6476,0
20251215,090000,2735.5,2744.5,2732.5,2738.5,79355,0
20251215,100000,2739,2740.5,2729,2732.5,66711,0
20251215,110000,2733,2734,2725,2731,42042,0
20251215,120000,2731.5,2742.5,2731.5,2739.5,62236,0
20251215,130000,2740,2746.5,2738.5,2741,37942,0
20251215,140000,2740.5,2755,2738.5,2755,85123,0
20251215,150000,2755,2755.5,2734,2739.5,98557,0
20251215,160000,2740,2746.5,2733,2746,63429,0
20251215,170000,2745,2754,2741.5,2754,84063,0
20251215,180000,2753.5,2754,2745.5,2751.5,46843,0
20251215,190000,2751,2763.5,2740.5,2746.5,116712,0
20251215,200000,2746.5,2753,2743,2752,29364,0
20251215,210000,2751.5,2752.5,2748,2749,11856,0
20251215,220000,2749,2755.5,2748.5,2753.5,12692,0
20251215,230000,2753,2759,2751,2758,31668,0
20251216,080000,2757.5,2757.5,2757.5,2757.5,53,0
20251216,090000,2757.5,2759.5,2751.5,2751.5,38094,0
20251216,100000,2751.5,2775,2749,2775,96360,0
20251216,110000,2775,2778.5,2767,2776.5,97093,0
20251216,120000,2776.5,2776.5,2766.5,2770.5,87450,0
20251216,130000,2770,2775,2768.5,2771.5,33260,0
20251216,140000,2772,2774.5,2768.5,2773,24839,0
20251216,150000,2772.5,2780,2768,2778,52614,0
20251216,160000,2778.5,2779,2772.5,2776,33464,0
20251216,170000,2776,2783.5,2775,2781,43214,0
20251216,180000,2781.5,2783,2775.5,2776,26342,0
20251216,190000,2777,2780,2774,2774.5,23892,0
20251216,200000,2775,2779,2773.5,2777,13780,0
20251216,210000,2777,2780,2776.5,2779.5,7226,0
20251216,220000,2779.5,2779.5,2776.5,2777,5169,0
20251216,230000,2777.5,2780.5,2777,2780,9279,0
20251217,080000,2785,2785,2785,2785,271,0
20251217,090000,2784.5,2788.5,2782,2782.5,36912,0
20251217,100000,2782.5,2784,2767.5,2773,96957,0
20251217,110000,2772.5,2786.5,2771.5,2775.5,81175,0
20251217,120000,2775.5,2776,2762,2763.5,130956,0
20251217,130000,2763.5,2769,2759,2766,75858,0
20251217,140000,2765.5,2767,2753.5,2760,89758,0
20251217,150000,2759.5,2764,2755.5,2759,45884,0
20251217,160000,2759,2761.5,2753,2754,22797,0
20251217,170000,2754.5,2754.5,2742.5,2753,132849,0
20251217,180000,2753,2765.5,2748.5,2764,104983,0
20251217,190000,2765.5,2772,2762,2762.5,55842,0
20251217,200000,2763,2767.5,2762,2765,18733,0
20251217,210000,2765.5,2767.5,2762.5,2763.5,13818,0
20251217,220000,2763.5,2769.5,2756,2766,52576,0
20251217,230000,2765.5,2769.5,2765,2765.5,15910,0
