20230103,100000,350.4,351.5,349.3,351.4,93927,0
20230103,110000,351.3,351.5,350.4,350.5,46939,0
20230103,120000,350.5,350.5,349.6,349.8,71981,0
20230103,130000,349.8,350,349.7,349.9,32177,0
20230103,140000,350,350.8,349.6,350.7,73275,0
20230103,150000,350.6,350.7,349.9,350,62337,0
20230103,160000,350.1,350.8,349.9,350.7,47128,0
20230103,170000,350.7,351.8,350.4,351.6,99691,0
20230103,180000,351.6,351.9,350.7,351.6,92336,0
20230103,190000,351.6,351.6,350.6,350.7,12946,0
20230103,200000,350.9,351,350.5,350.9,18365,0
20230103,210000,350.9,351.5,350.7,351.4,10772,0
20230103,220000,351.4,351.7,351.1,351.5,8603,0
20230103,230000,351.3,351.7,351.1,351.6,6123,0
20230104,100000,352,352.3,349.9,350.5,167865,0
20230104,110000,350.5,350.7,350.4,350.5,42428,0
20230104,120000,350.5,350.5,350,350.4,45235,0
20230104,130000,350.3,350.3,349.7,349.9,26463,0
20230104,140000,349.9,350.1,349.7,350,30037,0
20230104,150000,350,350.2,349.8,350.1,33456,0
20230104,160000,350.1,350.5,348.9,350,85653,0
20230104,170000,350.1,350.5,349.9,350.5,49989,0
20230104,180000,350.4,351.2,350.2,351.2,57784,0
20230104,190000,350.5,351.1,350,350.4,12626,0
20230104,200000,350.4,350.8,350.1,350.8,3546,0
20230104,210000,350.8,350.9,350.4,350.7,5057,0
20230104,220000,350.6,351.3,350.2,350.8,26908,0
20230104,230000,350.7,351,350.6,350.8,4223,0
20230105,100000,350.5,350.6,349.8,350.2,61246,0
20230105,110000,350.1,350.1,349.6,349.9,22848,0
20230105,120000,349.9,350,349.8,350,44559,0
20230105,130000,349.9,350,349.7,349.9,47200,0
20230105,140000,349.9,350,349.8,350,35827,0
20230105,150000,350,350,349,350,64535,0
20230105,160000,350,350,349.7,350,20628,0
20230105,170000,349.9,350,349.7,350,27940,0
20230105,180000,350,350,349,349,30934,0
20230105,190000,349.9,349.9,349.2,349.2,8055,0
20230105,200000,349.3,349.6,349.2,349.5,6008,0
20230105,210000,349.6,349.9,349.4,349.7,22236,0
20230105,220000,349.7,349.9,349.5,349.6,13286,0
20230105,230000,349.6,350.1,349.4,349.4,12511,0
20230106,100000,349.4,350.3,348.8,349,77280,0
20230106,110000,349,349,348.6,348.8,42270,0
20230106,120000,348.9,348.9,348.6,348.9,29101,0
20230106,130000,348.9,349,348.7,349,15213,0
20230106,140000,349,349.3,348.9,349.3,55471,0
20230106,150000,349.3,350,348.9,349,67402,0
20230106,160000,349,349,348.8,349,80340,0
20230106,170000,349,350.2,348.9,350,118829,0
20230106,180000,349.9,350,349.4,349.7,50933,0
20230106,190000,349.6,349.8,349.4,349.7,24685,0
20230106,200000,349.7,350.1,349.6,349.6,36968,0
20230106,210000,349.7,350.1,349.2,349.9,35662,0
20230106,220000,350,350.2,349.7,349.9,17412,0
20230106,230000,349.9,350.6,349.9,350.6,59463,0
20230109,100000,345.7,347,345.3,346.1,323948,0
20230109,110000,346.1,346.2,345.7,345.9,109010,0
20230109,120000,345.9,346.4,345.8,346.3,57614,0
20230109,130000,346.2,346.3,346.1,346.3,31738,0
20230109,140000,346.3,346.6,346.2,346.6,30842,0
20230109,150000,346.5,347.3,346.2,346.6,58038,0
20230109,160000,346.6,346.7,346.1,346.4,25240,0
20230109,170000,346.3,346.8,346.2,346.7,13560,0
20230109,180000,346.7,347,345.3,345.3,113300,0
20230109,190000,346.2,346.4,346.1,346.4,16318,0
20230109,200000,346.4,346.4,346.1,346.3,9209,0
20230109,210000,346.3,346.4,345.7,346.3,38953,0
20230109,220000,346.4,346.5,346.1,346.5,9665,0
20230109,230000,346.5,346.8,346.3,346.7,16101,0
20230110,100000,346.6,346.6,345.3,345.4,78567,0
20230110,110000,345.4,346.2,345.3,346.1,42007,0
20230110,120000,346.1,346.4,345.9,346,23217,0
20230110,130000,346,346,345.8,345.9,7942,0
20230110,140000,346,346.1,345.1,346,76827,0
20230110,150000,346.1,346.2,345.1,345.4,44370,0
20230110,160000,345.4,345.7,343.9,345.4,160092,0
20230110,170000,345.4,345.5,344.9,345.4,79419,0
20230110,180000,345.5,346.6,345.3,346.6,52662,0
20230110,190000,346.5,346.5,345.4,345.8,6026,0
20230110,200000,345.9,346.2,345.7,345.7,6723,0
20230110,210000,345.7,345.9,345.5,345.7,5723,0
20230110,220000,345.8,346,345.6,345.9,7243,0
20230110,230000,345.9,345.9,345.5,345.7,5580,0
20230111,100000,345.5,346,344.7,345.8,61417,0
20230111,110000,345.8,346,343.7,344.8,157031,0
20230111,120000,344.8,345.4,344.4,345.2,64490,0
20230111,130000,345.2,345.3,343,344,102006,0
20230111,140000,344,344.3,343.7,344.3,97889,0
20230111,150000,344.2,345,344,344.6,30456,0
20230111,160000,344.6,345,344.2,344.7,42169,0
20230111,170000,344.7,344.9,344.2,344.9,58836,0
20230111,180000,344.9,346,344.8,346,126808,0
20230111,190000,345.9,346,345.1,345.6,23589,0
20230111,200000,345.6,345.8,345.3,345.6,10760,0
20230111,210000,345.7,346.4,345.4,346.2,32920,0
20230111,220000,346.1,346.4,345.8,346.2,20629,0
20230111,230000,346.2,346.5,346,346,22016,0
20230112,100000,345.8,345.8,344.1,344.7,74601,0
20230112,110000,344.6,345.5,344.5,345.2,28482,0
20230112,120000,345.2,345.5,344.8,345,31740,0
20230112,130000,345,345,344.9,345,29523,0
20230112,140000,344.9,345,344.9,345,12709,0
20230112,150000,344.9,345.3,344.6,345.3,45870,0
20230112,160000,345.2,347,345.1,346.8,99462,0
20230112,170000,346.8,346.8,345.4,345.5,62219,0
20230112,180000,345.5,346.1,344.8,344.8,61613,0
20230112,190000,345.8,345.8,344.5,345.4,23715,0
20230112,200000,345.5,345.8,345.4,345.6,5856,0
20230112,210000,345.6,345.6,345.2,345.2,10285,0
20230112,220000,345.2,345.9,345.2,345.8,11021,0
20230112,230000,345.8,345.9,345.2,345.5,7011,0
20230113,100000,346,346,344.8,345,71019,0
20230113,110000,345,345,344.8,345,58313,0
20230113,120000,344.9,345,344.7,344.9,38288,0
20230113,130000,344.9,346,344.8,345.2,59468,0
20230113,140000,345.2,345.2,344.7,344.9,80721,0
20230113,150000,345,345,344.8,345,21219,0
20230113,160000,345,345,344.7,345,22080,0
20230113,170000,344.9,345,344.7,345,30763,0
20230113,180000,344.9,346.2,344.7,346.2,86994,0
20230113,190000,345.2,345.7,345.2,345.6,13974,0
20230113,200000,345.6,345.6,345,345.5,16805,0
20230113,210000,345.4,345.5,345.2,345.5,10118,0
20230113,220000,345.5,345.5,345,345.2,24059,0
20230113,230000,345.2,345.4,344.9,345.4,8096,0
20230116,100000,345.8,346,344.8,345,119746,0
20230116,110000,345.2,345.6,344.7,344.9,155859,0
20230116,120000,345,345,344.7,345,89936,0
20230116,130000,345,345,344.8,345,48519,0
20230116,140000,344.9,345,344.9,344.9,37221,0
20230116,150000,345,345,344.5,344.7,66547,0
20230116,160000,344.7,345,344.5,345,81490,0
20230116,170000,345,345.5,344.8,345,139253,0
20230116,180000,345,347,344.8,347,189095,0
20230116,190000,346.6,346.6,345.3,345.8,46703,0
20230116,200000,345.8,345.9,345.4,345.6,25452,0
20230116,210000,345.5,345.8,345.5,345.6,9709,0
20230116,220000,345.6,345.8,345.4,345.7,18761,0
20230116,230000,345.7,345.8,345.5,345.7,15241,0
20230117,100000,345.8,346.8,344.7,345,86017,0
20230117,110000,345,345.5,340.1,344,269122,0
20230117,120000,344,344,343.5,343.8,53860,0
20230117,130000,343.8,343.8,343.7,343.7,32498,0
20230117,140000,343.7,343.8,343.7,343.8,23597,0
20230117,150000,343.8,345,343.7,344.7,48363,0
20230117,160000,344.7,345,344.2,344.2,35704,0
20230117,170000,344.4,344.5,343.5,343.6,66404,0
20230117,180000,343.6,343.8,341.5,341.5,105959,0
20230117,190000,342.4,343,341.6,342.1,62390,0
20230117,200000,342.3,342.9,342,342.6,21962,0
20230117,210000,342.6,343,342.3,342.9,17209,0
20230117,220000,342.9,343.5,341.8,341.9,22315,0
20230117,230000,341.8,342.1,341.5,341.8,23460,0
20230118,100000,341.6,342.2,340.1,341.7,94338,0
20230118,110000,341.8,341.8,341.6,341.8,31776,0
20230118,120000,341.8,343,341.5,341.9,47694,0
20230118,130000,341.9,342.4,341.4,341.5,50665,0
20230118,140000,341.5,342,341.3,341.9,38067,0
20230118,150000,342,342,341.3,341.5,36748,0
20230118,160000,341.6,341.8,340.8,340.9,53166,0
20230118,170000,341,341.8,340.1,341.1,135873,0
20230118,180000,341.2,341.3,338.3,338.3,268999,0
20230118,190000,339.1,339.9,339,339.9,54461,0
20230118,200000,339.9,339.9,339.1,339.6,54757,0
20230118,210000,339.6,339.6,338.7,339,37842,0
20230118,220000,338.9,339.2,338.7,338.9,16629,0
20230118,230000,338.9,339.2,338.7,339,20121,0
20230119,100000,338.9,339.4,336,337.7,184604,0
20230119,110000,337.4,337.8,334.4,334.6,191259,0
20230119,120000,334.6,335,333.6,333.8,151451,0
20230119,130000,333.9,334,333.7,334,137662,0
20230119,140000,334,336.2,333.7,335,147962,0
20230119,150000,335,335.6,333.3,333.7,198173,0
20230119,160000,333.7,334.5,333.6,334,100881,0
20230119,170000,334,334.5,333.8,334,69384,0
20230119,180000,334,334.5,333.7,334.5,68604,0
20230119,190000,334.7,334.7,333.3,334.1,33374,0
20230119,200000,334.2,335.9,334.1,335.3,41230,0
20230119,210000,335.2,335.6,334.1,334.3,19053,0
20230119,220000,334.3,335.4,334,335.4,38111,0
20230119,230000,335.4,335.4,334.8,335.2,14980,0
20230120,100000,335,335.8,333.8,333.9,168056,0
20230120,110000,334,334,333.5,333.8,45554,0
20230120,120000,333.8,333.8,333,333,78362,0
20230120,130000,333.1,334,333,333.5,28961,0
20230120,140000,333.6,333.8,333.5,333.6,27033,0
20230120,150000,333.7,333.8,333.5,333.5,54446,0
20230120,160000,333.6,333.8,333.2,333.6,48780,0
20230120,170000,333.5,334,333.3,333.7,59140,0
20230120,180000,333.8,334,333,333,87730,0
20230120,190000,333.8,334,333,333.3,25189,0
20230120,200000,333.4,333.6,333.2,333.5,8245,0
20230120,210000,333.6,333.9,333.4,333.7,11357,0
20230120,220000,333.8,333.8,333.4,333.8,10271,0
20230120,230000,333.8,333.9,333.5,333.7,13306,0
20230123,100000,335.6,335.6,333,334.3,116831,0
20230123,110000,334.3,334.3,333.7,333.9,38788,0
20230123,120000,334,334,333.7,334,34829,0
20230123,130000,334,334,333,333.8,57547,0
20230123,140000,333.8,333.9,332.2,333,82215,0
20230123,150000,333,333.6,332.7,333.1,67644,0
20230123,160000,333.1,334,332.9,333.5,73861,0
20230123,170000,333.5,333.9,333.2,333.9,45818,0
20230123,180000,333.9,334.5,332.9,334.5,83207,0
20230123,190000,334.2,334.5,333.7,334.3,21067,0
20230123,200000,334.4,334.4,333.9,334.1,15281,0
20230123,210000,334,334.2,333.9,334.2,8063,0
20230123,220000,334.1,334.3,333.9,334.3,15257,0
20230123,230000,334.3,334.9,334.1,334.7,16595,0
20230124,100000,334.8,335.7,334.4,335,186005,0
20230124,110000,335,335,334.2,335,80966,0
20230124,120000,335,335,334.3,334.4,59571,0
20230124,130000,334.3,334.7,334.3,334.4,43352,0
20230124,140000,334.4,334.6,334.1,334.3,36726,0
20230124,150000,334.3,334.7,333.7,334,81711,0
20230124,160000,333.9,334,333.2,333.6,47587,0
20230124,170000,333.6,333.7,333.2,333.4,30216,0
20230124,180000,333.4,333.5,333.2,333.2,31375,0
20230124,190000,334.4,334.4,333.3,333.6,15130,0
20230124,200000,333.6,334,333.5,334,11725,0
20230124,210000,334,334,333.5,333.5,6551,0
20230124,220000,333.5,333.7,333.3,333.6,6942,0
20230124,230000,333.5,333.8,333.3,333.7,10189,0
20230125,100000,333.1,333.4,331.5,332.9,142961,0
20230125,110000,332.7,332.8,332.1,332.4,66118,0
20230125,120000,332.3,332.8,331.6,332.5,65077,0
20230125,130000,332.4,332.9,332.1,332.7,34651,0
20230125,140000,332.7,333.2,332.6,333.2,33334,0
20230125,150000,333.2,333.2,332.5,332.9,66086,0
20230125,160000,332.9,332.9,332.2,332.5,53068,0
20230125,170000,332.5,333,332.1,333,50392,0
20230125,180000,333,333,332,332,64473,0
20230125,190000,333,333.1,332.5,333,10880,0
20230125,200000,333,333.5,332.9,333.5,16110,0
20230125,210000,333.4,334.7,333.3,334.3,42922,0
20230125,220000,334.2,334.6,334,334.2,12811,0
20230125,230000,334.2,334.5,333.9,334.4,9258,0
20230126,100000,334.5,335.4,333.4,333.9,101119,0
20230126,110000,333.9,334,333.6,333.9,38058,0
20230126,120000,333.9,333.9,332.7,332.9,38969,0
20230126,130000,333,333,332.5,332.9,30647,0
20230126,140000,332.9,332.9,332.2,332.2,48089,0
20230126,150000,332.3,332.9,332.2,332.9,77252,0
20230126,160000,332.9,332.9,332.3,332.8,68902,0
20230126,170000,332.9,333.5,332.8,333.3,74094,0
20230126,180000,333.2,333.3,332.6,332.6,55277,0
20230126,190000,333.7,333.7,333,333.3,14006,0
20230126,200000,333.4,333.4,332.3,333.1,26899,0
20230126,210000,333.1,333.5,332.6,333.1,12717,0
20230126,220000,333,333.5,333,333.3,6770,0
20230126,230000,333.3,333.5,333.2,333.3,5558,0
20230127,100000,333.6,333.6,330.3,331.9,136407,0
20230127,110000,331.8,332.1,331.7,332.1,39165,0
20230127,120000,332.1,332.1,331.8,331.9,36815,0
20230127,130000,332,332.5,331.6,332.4,34473,0
20230127,140000,332.3,332.6,331.6,331.8,53087,0
20230127,150000,331.8,331.9,330.9,331.5,149485,0
20230127,160000,331.5,331.7,331,331.7,70895,0
20230127,170000,331.7,332.9,331.6,332.8,104785,0
20230127,180000,332.8,332.8,331.8,332.8,159715,0
20230127,190000,332.9,332.9,332.1,332.9,20807,0
20230127,200000,332.8,333.1,332.7,333.1,10783,0
20230127,210000,333.1,333.2,332.9,333,28037,0
20230127,220000,333,333,332.8,333,15187,0
20230127,230000,333,333.1,332.7,333,14583,0
20230130,100000,334.4,335,331.8,334,303011,0
20230130,110000,334,334.2,332.2,333,166365,0
20230130,120000,333,333,331,331.7,258226,0
20230130,130000,331.6,331.9,331,331.4,99559,0
20230130,140000,331.5,332,331.4,331.7,71253,0
20230130,150000,331.9,332,331.7,331.9,48980,0
20230130,160000,331.8,332,330.8,331.4,176929,0
20230130,170000,331.5,332,331.2,331.3,155904,0
20230130,180000,331.2,331.9,330.8,331.9,183696,0
20230130,190000,332.3,332.4,331.7,332.3,41337,0
20230130,200000,332.3,332.9,332.2,332.8,38358,0
20230130,210000,332.8,332.9,332.5,332.8,22822,0
20230130,220000,332.7,332.9,332.5,332.7,23523,0
20230130,230000,332.8,332.9,332,332.7,35912,0
20230131,100000,332.3,332.8,331,331.8,203268,0
20230131,110000,331.8,332.6,331.4,331.7,192561,0
20230131,120000,331.7,331.9,330.4,330.5,281235,0
20230131,130000,330.5,330.8,330.2,330.8,146199,0
20230131,140000,330.8,330.8,328.3,329.5,490398,0
20230131,150000,329.5,329.7,326.7,328.3,464019,0
20230131,160000,328.3,328.5,326.7,327.8,377606,0
20230131,170000,327.8,328.1,327.1,328,189456,0
20230131,180000,328,329,327.8,329,150993,0
20230131,190000,329.1,329.1,327.5,328.9,63464,0
20230131,200000,328.9,328.9,328.6,328.9,26203,0
20230131,210000,328.9,328.9,328.5,328.8,28788,0
20230131,220000,328.8,328.8,328.4,328.6,37424,0
20230131,230000,328.6,328.9,328.6,328.8,24316,0
20230201,100000,328.6,329.5,327.2,328.8,230203,0
20230201,110000,328.9,330,328.1,330,230690,0
20230201,120000,330,330.2,328.4,328.9,183301,0
20230201,130000,328.9,328.9,328.3,328.9,83989,0
20230201,140000,328.9,328.9,328.5,328.6,58482,0
20230201,150000,328.7,328.7,328.3,328.5,56749,0
20230201,160000,328.5,328.5,328,328.3,71122,0
20230201,170000,328.3,328.7,328.2,328.6,69563,0
20230201,180000,328.6,328.9,328.1,328.9,64230,0
20230201,190000,328.8,328.8,328,328.6,24208,0
20230201,200000,328.5,328.6,328,328.3,21935,0
20230201,210000,328.4,328.4,327.4,328.1,53240,0
20230201,220000,328.2,328.5,327.9,328.2,20097,0
20230201,230000,328.1,328.5,328.1,328.5,20968,0
20230202,100000,328,329.1,327.4,327.7,164056,0
20230202,110000,327.7,327.8,327.2,327.4,44937,0
20230202,120000,327.4,327.6,326.7,327.4,105180,0
20230202,130000,327.3,327.7,327,327.1,76471,0
20230202,140000,327.1,327.7,326.3,327.2,210202,0
20230202,150000,327.1,327.5,326.8,327.4,50765,0
20230202,160000,327.4,327.6,326.7,326.9,152878,0
20230202,170000,327,327.4,326.5,326.6,154062,0
20230202,180000,326.6,327.2,326.1,327.2,104918,0
20230202,190000,327.1,327.2,326.4,326.5,50922,0
20230202,200000,326.5,326.8,326.4,326.4,62192,0
20230202,210000,326.5,326.8,326.3,326.7,41887,0
20230202,220000,326.6,326.8,326.3,326.6,34232,0
20230202,230000,326.6,326.7,326.2,326.6,38465,0
20230203,100000,326.3,326.5,322.2,324.6,340589,0
20230203,110000,324.6,325.7,324.5,325.2,112687,0
20230203,120000,325.2,325.2,323.1,323.5,188909,0
20230203,130000,323.5,324,322.9,322.9,133246,0
20230203,140000,322.9,324.5,322,322.7,257466,0
20230203,150000,322.7,324.7,322,324.7,230418,0
20230203,160000,324.7,325.9,322.4,324,279670,0
20230203,170000,324,325,321.7,323.3,423613,0
20230203,180000,323.3,324.5,322.5,324.5,111042,0
20230203,190000,324.2,324.5,323,324,57034,0
20230203,200000,324,324.1,323.2,323.9,23073,0
20230203,210000,323.8,324,323.3,323.6,19363,0
20230203,220000,323.7,323.7,323.4,323.7,26336,0
20230203,230000,323.6,324,323.3,323.9,28941,0
20230206,100000,323.9,325.5,323.1,325.2,257934,0
20230206,110000,325.2,325.5,323.5,324.7,147874,0
20230206,120000,324.8,325,323.2,323.8,197919,0
20230206,130000,323.8,324.6,323.5,324.4,83679,0
20230206,140000,324.4,325,323.7,324.6,216048,0
20230206,150000,324.5,324.9,324,324.5,103115,0
20230206,160000,324.6,324.9,323.1,324,326865,0
20230206,170000,324.1,324.4,323.9,324.2,79737,0
20230206,180000,324.3,325.1,323.4,325.1,169577,0
20230206,190000,324.7,324.9,324.2,324.4,56373,0
20230206,200000,324.4,324.7,324,324.5,34171,0
20230206,210000,324.6,325,324.5,324.9,26105,0
20230206,220000,324.8,325.3,324.7,325.2,46749,0
20230206,230000,325.2,325.9,325.1,325.5,31688,0
20230207,100000,325.5,326.6,323.7,324.6,706190,0
20230207,110000,324.6,324.6,323.4,324.6,296550,0
20230207,120000,324.6,324.6,323.4,323.6,160484,0
20230207,130000,323.6,323.6,323,323.6,201543,0
20230207,140000,323.5,323.6,322.6,323,235064,0
20230207,150000,323,323.6,322.8,323.5,89792,0
20230207,160000,323.5,324.3,322.9,324.2,169365,0
20230207,170000,324.2,324.5,323,323.7,157003,0
20230207,180000,323.6,323.7,322,322,505308,0
20230207,190000,322.4,323,321.9,322.9,125629,0
20230207,200000,322.9,323.3,322.6,323.2,53032,0
20230207,210000,323.2,323.4,322.7,323.2,66181,0
20230207,220000,323.2,323.4,323,323.3,47443,0
20230207,230000,323.3,323.8,323,323.8,44426,0
20230208,100000,323.6,324,322.3,323.3,234892,0
20230208,110000,323.3,323.7,323,323.1,285694,0
20230208,120000,323.2,323.7,322.4,323.6,296566,0
20230208,130000,323.6,323.9,322.7,322.7,415644,0
20230208,140000,322.9,323.5,322.7,323.2,198696,0
20230208,150000,323.2,323.2,322.6,323,190460,0
20230208,160000,323,323.8,322.2,322.4,253272,0
20230208,170000,322.4,323.1,322.3,323,152307,0
20230208,180000,323,323.8,322.1,322.1,241691,0
20230208,190000,322.8,323.3,322.4,323.3,66145,0
20230208,200000,323.3,324,323.2,323.6,121534,0
20230208,210000,323.6,324.1,323.4,324.1,71030,0
20230208,220000,324.1,324.2,323.8,324,35248,0
20230208,230000,324,324.2,323.8,324.2,23739,0
20230209,100000,325.6,328.7,325.3,325.7,693800,0
20230209,110000,325.7,327.4,324.6,324.9,259615,0
20230209,120000,325,326.8,324.8,325.6,143633,0
20230209,130000,325.8,326,324.5,325,205868,0
20230209,140000,325,325,324.3,324.8,204631,0
20230209,150000,324.7,326,324.5,325.4,108745,0
20230209,160000,325.4,325.7,324.6,324.6,170629,0
20230209,170000,324.6,325.3,323.5,324.4,379609,0
20230209,180000,324.1,325.1,323.9,325,170646,0
20230209,190000,325.1,325.1,324.3,324.9,27056,0
20230209,200000,324.9,325.1,324.2,324.2,33270,0
20230209,210000,324.3,324.8,324.2,324.8,23931,0
20230209,220000,324.7,324.9,324.2,324.3,36748,0
20230209,230000,324.3,324.6,324.1,324.4,46204,0
20230210,100000,324.1,324.6,323,323.5,314576,0
20230210,110000,323.5,323.9,322.5,323,153443,0
20230210,120000,323,323.9,323,323.4,66141,0
20230210,130000,323.3,323.9,322.6,323.6,134441,0
20230210,140000,323.5,324.5,322.8,322.8,111455,0
20230210,150000,323,324.8,322.8,323.5,222965,0
20230210,160000,323.5,323.8,323.3,323.5,99826,0
20230210,170000,323.4,323.6,322.8,323.3,147601,0
20230210,180000,323.3,323.8,322.7,322.8,212650,0
20230210,190000,323.8,323.8,323,323.6,23874,0
20230210,200000,323.5,323.7,323.2,323.4,20736,0
20230210,210000,323.4,323.7,323.2,323.6,22530,0
20230210,220000,323.6,323.6,323.3,323.5,22061,0
20230210,230000,323.5,323.6,323.1,323.5,29775,0
20230213,100000,324.1,325.7,323,325.3,270767,0
20230213,110000,325.3,325.3,323.3,323.5,243499,0
20230213,120000,323.5,324.5,323.2,324,144435,0
20230213,130000,324,327.5,323.8,326.9,687760,0
20230213,140000,326.8,327.9,325.1,327,896608,0
20230213,150000,327,327.1,324.9,325,506885,0
20230213,160000,325,326.3,324.5,325.1,372528,0
20230213,170000,325.2,326,324.6,325,212421,0
20230213,180000,325,325.2,324.5,324.9,80752,0
20230213,190000,325.5,325.9,324.4,325.6,73555,0
20230213,200000,325.6,325.9,325.5,325.7,38260,0
20230213,210000,325.8,326.3,325.4,325.5,62695,0
20230213,220000,325.5,326,325.3,325.8,58305,0
20230213,230000,325.7,326,325.3,325.3,42797,0
20230214,100000,325.5,326.2,323.2,324.2,443588,0
20230214,110000,324.2,325.7,323.4,325.2,212090,0
20230214,120000,325.2,325.9,325,325.6,164929,0
20230214,130000,325.5,326,324.8,325.5,151008,0
20230214,140000,325.5,326.5,325.2,326.5,114867,0
20230214,150000,326.5,326.5,324.8,325.5,117529,0
20230214,160000,325.5,325.8,325.1,325.8,108290,0
20230214,170000,325.8,326.5,325.5,326.5,165186,0
20230214,180000,326.5,327.2,326.5,326.5,180323,0
20230214,190000,326.5,327.5,326,326.1,38387,0
20230214,200000,326.1,326.5,325.8,326.2,39348,0
20230214,210000,326.2,326.7,326.1,326.5,19462,0
20230214,220000,326.6,326.6,326,326.2,15804,0
20230214,230000,326.1,326.5,326,326.4,18802,0
20230215,100000,325.1,325.1,313,319.8,1352525,0
20230215,110000,319.8,320.7,317.1,319.2,500352,0
20230215,120000,319.2,319.8,318.4,319.2,151028,0
20230215,130000,319.2,319.7,317.6,318.7,217123,0
20230215,140000,318.7,319,317.9,318.9,102057,0
20230215,150000,318.9,319,318,318.1,103576,0
20230215,160000,318.1,318.2,317.3,317.8,124709,0
20230215,170000,317.8,317.9,315.2,315.4,275693,0
20230215,180000,315.3,316,313,313,641146,0
20230215,190000,313.6,315.4,313.4,314.9,126534,0
20230215,200000,314.9,315,310,312.2,392375,0
20230215,210000,312.2,314.6,312,314.4,142618,0
20230215,220000,314.3,315.7,314,314.9,126510,0
20230215,230000,314.9,315,312.8,313.8,86497,0
20230216,100000,315.7,320,315.5,318.3,444832,0
20230216,110000,318.2,319.1,317.3,318.8,136668,0
20230216,120000,319,319.2,317,317.4,82217,0
20230216,130000,317.4,317.9,317.2,317.8,42100,0
20230216,140000,317.9,318.5,317.7,318.5,51870,0
20230216,150000,318.5,318.7,316.7,317.3,86497,0
20230216,160000,317.2,318.5,315,316.4,251490,0
20230216,170000,316.1,317.2,315.1,316.2,248164,0
20230216,180000,316.2,316.7,312.1,312.1,419135,0
20230216,190000,313.7,314.4,313.4,314.1,120745,0
20230216,200000,313.9,314.5,313.6,314.3,55594,0
20230216,210000,314.3,315.1,314.1,314.8,22168,0
20230216,220000,314.7,315,314.4,314.7,23949,0
20230216,230000,314.6,315.7,314.5,315.6,32115,0
20230217,100000,314.9,318.8,314.3,318.4,286011,0
20230217,110000,318.4,319.3,317.6,318.6,294101,0
20230217,120000,318.8,319,317.9,318.3,91236,0
20230217,130000,318.3,318.6,317.4,318.3,102161,0
20230217,140000,318.1,318.4,317.2,317.8,72859,0
20230217,150000,317.8,317.8,315.2,315.6,153298,0
20230217,160000,315.7,316.2,315,315.2,113594,0
20230217,170000,315.2,316.6,315,316.2,109515,0
20230217,180000,316.2,317.8,316.1,316.2,231875,0
20230217,190000,316.6,317.3,315.6,316.8,60595,0
20230217,200000,316.8,317.2,316.5,316.6,13250,0
20230217,210000,316.6,316.6,316.1,316.6,12380,0
20230217,220000,316.4,317,316.4,316.5,14393,0
20230217,230000,316.7,317.4,316.1,316.6,38216,0
20230220,100000,317.1,317.2,312,313.2,449084,0
20230220,110000,313.1,313.6,311,312.4,244223,0
20230220,120000,312.4,313.7,312.2,312.8,147493,0
20230220,130000,312.8,312.9,311.8,312,95046,0
20230220,140000,312,312.1,311.5,312.1,86870,0
20230220,150000,312.1,313.7,312.1,312.6,112306,0
20230220,160000,312.6,314,312.4,313.7,213257,0
20230220,170000,313.8,315.9,313.6,314.7,267601,0
20230220,180000,314.7,315.7,313.7,314.1,336805,0
20230220,190000,315,315.5,314.1,314.4,56519,0
20230220,200000,314.4,314.9,314.1,314.3,34043,0
20230220,210000,314.3,314.7,314.1,314.1,41145,0
20230220,220000,314.1,314.5,313.2,314.2,68390,0
20230220,230000,314.2,314.4,313.8,314.1,26883,0
20230221,100000,314.1,316.5,314.1,315.2,304274,0
20230221,110000,315.2,316,314.7,315.2,125503,0
20230221,120000,315.3,318.8,313.4,318.4,577220,0
20230221,130000,318.4,318.7,315,315.9,379681,0
20230221,140000,316,316.3,313.7,315,429931,0
20230221,150000,315,315,313.4,313.7,338177,0
20230221,160000,313.8,314.8,313.7,314,264608,0
20230221,170000,314.2,314.8,313.5,314.6,241879,0
20230221,180000,314.6,314.7,313.7,314,193311,0
20230221,190000,314.5,314.7,314.1,314.4,34371,0
20230221,200000,314.5,317.1,314.4,316.7,164952,0
20230221,210000,316.6,316.7,315.3,316.1,37607,0
20230221,220000,316.1,316.7,315.2,316.1,73028,0
20230221,230000,316,316.6,315.8,315.8,41550,0
20230222,100000,315.9,315.9,313.1,313.3,296804,0
20230222,110000,313.4,314.3,312.7,313.7,180815,0
20230222,120000,313.6,313.9,313.2,313.5,39569,0
20230222,130000,313.5,314,313.1,313.8,76412,0
20230222,140000,313.7,313.8,312.8,313.1,153126,0
20230222,150000,313.1,314.2,312.8,313.2,282982,0
20230222,160000,313.2,313.3,312.2,313.2,149666,0
20230222,170000,313.2,313.9,312.6,313.9,246250,0
20230222,180000,313.9,314.4,313,313.1,213647,0
20230222,190000,313.3,313.8,313.2,313.5,22997,0
20230222,200000,313.5,313.9,313.1,313.5,39937,0
20230222,210000,313.5,313.7,313.2,313.5,32755,0
20230222,220000,313.6,313.8,313.4,313.6,38849,0
20230222,230000,313.6,313.8,313.3,313.4,29913,0
20230224,100000,313.5,314.6,312,312.6,334711,0
20230224,110000,312.6,313.8,312.6,313.6,206571,0
20230224,120000,313.7,314.3,313.4,313.8,147491,0
20230224,130000,313.8,314.4,312.8,313.1,117327,0
20230224,140000,313.1,313.7,312.5,312.9,91912,0
20230224,150000,312.8,313,312.4,312.7,84809,0
20230224,160000,312.7,313,312.6,312.6,34911,0
20230224,170000,312.6,313.8,312.4,312.9,49000,0
20230224,180000,312.9,313.7,312.5,312.5,100983,0
20230224,190000,313,313.3,312.5,313.3,22820,0
20230224,200000,313.3,313.3,312.4,312.8,111250,0
20230224,210000,312.8,313,312.6,312.8,8885,0
20230224,220000,312.9,313,312.7,312.9,16857,0
20230224,230000,313,313,312.5,312.6,31751,0
20230227,100000,311.9,313.6,310,313.2,268368,0
20230227,110000,313.2,313.4,311.5,312.6,264452,0
20230227,120000,312.7,313.5,311.8,312.2,157146,0
20230227,130000,312.2,312.5,311.9,312.5,93305,0
20230227,140000,312.4,312.5,312,312.3,68201,0
20230227,150000,312.3,313.2,312.1,312.8,99474,0
20230227,160000,312.8,318,312.8,315.5,489825,0
20230227,170000,315.4,316,314.5,315.2,224452,0
20230227,180000,315.2,315.6,314.9,315.6,77457,0
20230227,190000,314.6,316,314.6,315.7,69479,0
20230227,200000,315.7,315.9,314.9,315.8,60604,0
20230227,210000,315.7,315.8,315.3,315.6,12337,0
20230227,220000,315.6,316.6,315.4,316,56255,0
20230227,230000,316.1,316.3,315.7,316.1,21980,0
20230228,100000,315,317.8,314.9,315.8,502465,0
20230228,110000,315.9,321.8,315.7,320.7,769934,0
20230228,120000,320.7,324.5,318.9,320.4,1277711,0
20230228,130000,320.4,322.6,318.2,319,768172,0
20230228,140000,318.9,322,318.5,321.5,304491,0
20230228,150000,321.5,323.6,321,323.1,500343,0
20230228,160000,323.1,325,322.6,324.8,623705,0
20230228,170000,324.8,328.6,324,327.8,1065525,0
20230228,180000,327.8,330.7,327.1,327.9,870490,0
20230228,190000,327.7,329,327,327.1,142444,0
20230228,200000,327.1,327.4,325.9,327,159802,0
20230228,210000,327,327.9,326.9,327.8,71253,0
20230228,220000,327.8,328.5,327.6,327.6,139036,0
20230228,230000,327.6,328.3,326.8,328.3,107737,0
20230301,100000,328.1,329.6,325.1,326.4,1655025,0
20230301,110000,326.3,331.5,326.1,330,1684230,0
20230301,120000,330,333.3,329,332.6,1099846,0
20230301,130000,332.5,334.5,332.4,333,839389,0
20230301,140000,333.2,333.8,331.2,333.4,617783,0
20230301,150000,333.3,333.3,330.4,332,426556,0
20230301,160000,332,333.1,331.7,332.3,229789,0
20230301,170000,332.2,335.3,331.5,335,588458,0
20230301,180000,335,335.5,334,334,424354,0
20230301,190000,334.9,334.9,333.6,334.3,113480,0
20230301,200000,334.3,334.8,333.9,334.7,60499,0
20230301,210000,334.7,335.3,333.2,333.9,212707,0
20230301,220000,333.8,335,333.4,334.3,86130,0
20230301,230000,334.3,335.2,334.3,334.8,77939,0
20230302,100000,334.7,336.8,332.6,336.1,900331,0
20230302,110000,336.2,337.8,334.1,336.4,603642,0
20230302,120000,336.3,336.4,332,334.1,907079,0
20230302,130000,334,334.2,328,331.7,1577335,0
20230302,140000,331.7,335,330,334.5,504245,0
20230302,150000,334.5,334.5,330.4,330.6,395038,0
20230302,160000,330.8,332.3,330.2,330.3,244740,0
20230302,170000,330.3,331.9,329.7,330.6,239221,0
20230302,180000,330.5,332,330.1,330.1,190423,0
20230302,190000,330.6,331.2,330.3,330.8,42292,0
20230302,200000,331,331.5,330.7,330.9,32067,0
20230302,210000,330.9,331.3,330.5,330.7,27975,0
20230302,220000,330.8,331.1,330.3,330.6,46347,0
20230302,230000,330.6,330.7,330,330.2,50274,0
20230303,100000,331.1,333.5,330,332.7,476300,0
20230303,110000,332.8,334.8,332.4,333.2,358061,0
20230303,120000,333.3,333.4,331.8,332.9,164263,0
20230303,130000,332.9,333.1,331.8,332.5,133593,0
20230303,140000,332.5,332.9,331,332.4,214350,0
20230303,150000,332.3,332.8,331.5,332,265485,0
20230303,160000,332,334.1,332,333.6,246185,0
20230303,170000,333.6,335.2,333.5,334.1,418835,0
20230303,180000,334.1,334.8,333,333.5,196897,0
20230303,190000,333.7,334.7,333,333.8,81079,0
20230303,200000,333.8,333.9,333,333.7,46534,0
20230303,210000,333.8,334.5,333.6,334.4,87411,0
20230303,220000,334.4,334.8,333.3,334.4,85933,0
20230303,230000,334.5,335.2,334.1,334.9,100121,0
20230306,100000,336,339.6,335.5,335.9,789042,0
20230306,110000,335.9,340,335.8,338.2,937986,0
20230306,120000,338.2,338.7,336.3,338,634928,0
20230306,130000,337.9,338.2,336.7,337.4,299647,0
20230306,140000,337.5,337.5,335.8,337.5,317348,0
20230306,150000,337.5,338,336.7,337.5,350724,0
20230306,160000,337.6,338,336.9,337,241086,0
20230306,170000,337,337.8,336.5,337.6,167091,0
20230306,180000,337.7,338,337.4,337.4,123827,0
20230306,190000,337.4,338,337.3,337.6,46759,0
20230306,200000,337.6,338,337.5,337.7,29824,0
20230306,210000,337.7,338.1,337.6,338,41114,0
20230306,220000,338,338.3,337.7,338,44225,0
20230306,230000,338,338.2,337,337.6,62482,0
20230307,100000,338,338.4,336.4,336.9,366296,0
20230307,110000,337,337.9,335.1,336.9,333036,0
20230307,120000,336.8,338,336,337.2,137030,0
20230307,130000,337.3,337.3,335.4,335.9,305962,0
20230307,140000,335.7,336.2,335.4,335.8,195437,0
20230307,150000,335.8,336.3,334.9,336,355120,0
20230307,160000,335.9,336.2,335.3,335.5,141455,0
20230307,170000,335.6,337.5,335.6,337.4,174851,0
20230307,180000,337.3,337.8,335.8,336.5,274046,0
20230307,190000,336.4,336.6,335.8,336.4,33987,0
20230307,200000,336.3,337.1,336.1,336.7,50581,0
20230307,210000,336.6,336.7,336,336.3,37619,0
20230307,220000,336.2,336.3,335.5,335.8,56317,0
20230307,230000,335.8,336,335.6,336,52836,0
20230309,100000,336.8,337.3,335.3,335.4,351619,0
20230309,110000,335.4,335.5,333.5,334.6,282385,0
20230309,120000,334.6,334.8,333.8,334.3,133819,0
20230309,130000,334.3,334.5,333.8,333.9,78396,0
20230309,140000,333.9,335.9,333.7,334.8,195193,0
20230309,150000,334.7,335.9,334.5,334.8,81116,0
20230309,160000,334.8,337,334.8,334.9,230507,0
20230309,170000,334.8,337.2,333.9,335.8,318993,0
20230309,180000,335.8,337.2,335.6,336.5,176107,0
20230309,190000,336.5,336.6,335.6,336.1,22288,0
20230309,200000,336.1,336.4,335.7,335.9,41174,0
20230309,210000,335.9,336.1,335.1,335.5,51492,0
20230309,220000,335.6,336.6,335.3,335.8,54903,0
20230309,230000,336,336.2,335.1,335.2,53767,0
20230310,100000,334,334.5,331.3,333.2,329479,0
20230310,110000,333.2,334.4,332.9,334.4,75514,0
20230310,120000,334.4,335.2,333.6,334.7,105623,0
20230310,130000,334.6,334.7,333.4,333.8,97987,0
20230310,140000,333.8,333.8,331.8,332,294400,0
20230310,150000,332,332.8,331.8,332.4,107175,0
20230310,160000,332.3,333.5,331.9,333,162602,0
20230310,170000,333,334.4,332.1,334.1,211285,0
20230310,180000,334.2,335,332.5,335,160967,0
20230310,190000,334.8,334.8,333.6,334.1,57197,0
20230310,200000,333.9,334,333.4,333.9,15922,0
20230310,210000,333.9,334,333.1,333.2,39845,0
20230310,220000,333.2,333.4,333,333.3,36798,0
20230310,230000,333.3,333.6,333.1,333.3,39569,0
20230313,100000,334.2,335.7,334.2,335.4,284497,0
20230313,110000,335.4,335.5,334.5,334.6,61484,0
20230313,120000,334.6,334.9,333.4,333.9,114550,0
20230313,130000,334,335,331.1,334.6,402326,0
20230313,140000,334.5,335.1,333.2,333.5,168988,0
20230313,150000,333.4,333.4,328.2,331.5,790862,0
20230313,160000,331.5,332.2,330,332.1,226394,0
20230313,170000,332.2,335.2,331.8,334.8,444342,0
20230313,180000,335,335.6,334.4,335,177395,0
20230313,190000,334.8,335.5,334.5,334.5,41109,0
20230313,200000,334.6,334.6,333,333.4,54942,0
20230313,210000,333.4,334.1,333.3,333.9,19866,0
20230313,220000,334,334.5,333,333.7,41615,0
20230313,230000,333.7,334.8,333.3,334.7,34253,0
20230314,100000,333.1,334.5,332.6,334.2,108199,0
20230314,110000,334.3,334.5,333.3,333.8,87848,0
20230314,120000,333.8,335.9,333.6,335.8,201462,0
20230314,130000,335.8,338.3,335.7,336.4,354095,0
20230314,140000,336.4,337.7,336.1,337.2,172204,0
20230314,150000,337.3,340.8,336.9,339.5,811693,0
20230314,160000,339.3,340.5,339.3,339.7,320996,0
20230314,170000,339.8,341.3,339,340.3,344694,0
20230314,180000,340.2,341,340.2,340.8,139310,0
20230314,190000,340.2,340.8,339.2,340.1,90146,0
20230314,200000,340.1,340.2,339.3,339.5,106617,0
20230314,210000,339.4,340,336.7,337.4,223463,0
20230314,220000,337.3,338.3,337.2,338,50270,0
20230314,230000,338.1,339.1,338,339,45460,0
20230315,100000,339.8,343,339.5,341.9,528884,0
20230315,110000,342,342.9,341.1,342,170509,0
20230315,120000,342,342.1,340.5,341.1,132116,0
20230315,130000,341.1,341.5,339,339.5,277275,0
20230315,140000,339.5,340,336.7,337.7,307768,0
20230315,150000,337.6,337.8,335.5,336.2,348062,0
20230315,160000,336.2,338,335.5,337.1,203700,0
20230315,170000,337.2,338.4,336.3,337.7,132047,0
20230315,180000,337.7,338.1,336.5,336.5,95125,0
20230315,190000,336.5,336.8,335.6,335.9,105764,0
20230315,200000,335.9,336.7,335.6,336.5,30863,0
20230315,210000,336.4,337.5,336.2,337.4,68402,0
20230315,220000,337.3,338.3,337.3,337.9,49577,0
20230315,230000,337.8,338.1,337.6,337.6,14027,0
20230316,100000,337.3,338.2,336.6,337.6,86112,0
20230316,110000,337.6,338,337.1,338,51259,0
20230316,120000,337.9,339.7,337.6,339.3,153564,0
20230316,130000,339.3,339.8,338.5,339,176122,0
20230316,140000,339,339,335.6,335.6,511467,0
20230316,150000,335.6,336.2,333.7,334.1,426240,0
20230316,160000,334.1,335.2,333.8,334.3,267464,0
20230316,170000,334.3,337.8,334,337.3,242496,0
20230316,180000,337.5,337.7,334,334,257756,0
20230316,190000,334.5,335.5,334.5,335.4,71457,0
20230316,200000,335.3,336.5,335.3,336.2,63415,0
20230316,210000,336.2,336.2,335.8,336.2,15826,0
20230316,220000,336.2,336.5,335.9,336,34955,0
20230316,230000,336,336.4,335.8,336.3,27205,0
20230317,100000,335.9,338.3,334.5,336.5,569901,0
20230317,110000,336.5,338,336.2,337.4,386428,0
20230317,120000,337.4,337.4,335.6,337,256868,0
20230317,130000,337,337.6,335.6,336.4,252163,0
20230317,140000,336.4,337.5,335.6,336.9,352901,0
20230317,150000,336.8,339.9,336.8,338.4,442035,0
20230317,160000,338.6,345.9,337.5,345.8,1173899,0
20230317,170000,345.9,347.8,343.8,346.4,1489916,0
20230317,180000,346.4,348.5,346,346.4,415883,0
20230317,190000,346.4,347.4,345.2,346.7,145673,0
20230317,200000,346.7,346.7,345.1,346.6,127571,0
20230317,210000,346.5,347,346.3,346.6,60313,0
20230317,220000,346.6,348.9,346.5,348,243146,0
20230317,230000,348,348.5,347.5,347.8,72674,0
20230320,100000,349,349.4,345.3,347.4,741953,0
20230320,110000,347.4,350.2,347.3,349.7,508127,0
20230320,120000,349.7,351.3,346.7,350.3,1098853,0
20230320,130000,350.4,351.2,349.1,350,373028,0
20230320,140000,350,350.1,348.5,349.1,267374,0
20230320,150000,349,350.7,348.6,349.9,950016,0
20230320,160000,349.9,350.9,349.6,350.5,271021,0
20230320,170000,350.5,353,350.2,352.8,523740,0
20230320,180000,352.8,355.8,352.7,355.8,569961,0
20230320,190000,355.2,356,353.9,354.9,143510,0
20230320,200000,355,355.3,353.2,353.7,168039,0
20230320,210000,353.8,357.5,353.5,356.8,224349,0
20230320,220000,356.7,356.8,354.5,355.5,119832,0
20230320,230000,355.5,355.7,353.4,355,118972,0
20230321,100000,355.1,356.5,350.2,351.8,958874,0
20230321,110000,351.9,353.4,351.2,352.7,257242,0
20230321,120000,352.7,353.9,352.1,352.5,235133,0
20230321,130000,352.5,352.5,350.8,351.7,229151,0
20230321,140000,351.7,353.5,351.6,352.8,108876,0
20230321,150000,353,353.5,352.6,352.9,196544,0
20230321,160000,352.9,353.5,352.2,353.2,201628,0
20230321,170000,353.1,353.5,351.8,353.4,490015,0
20230321,180000,353.4,355,352.5,352.5,465605,0
20230321,190000,353.1,353.4,350.6,352,169777,0
20230321,200000,352,352.6,351.3,352.6,34643,0
20230321,210000,352.6,352.7,351.4,351.6,30504,0
20230321,220000,351.6,352,350.7,351,59545,0
20230321,230000,351,351,350.6,350.8,26640,0
20230322,100000,350.9,351.8,348.2,350,397508,0
20230322,110000,350,350.2,348.2,349.1,240252,0
20230322,120000,349.2,350,348.8,350,160273,0
20230322,130000,350,350,349.3,349.4,257918,0
20230322,140000,349.3,350,349.3,349.8,87431,0
20230322,150000,349.9,349.9,349.2,349.7,127258,0
20230322,160000,349.7,349.8,348.6,348.8,114411,0
20230322,170000,348.8,350,348.7,349.8,204545,0
20230322,180000,349.8,350.8,349,349.2,375612,0
20230322,190000,350,350.5,349.4,350.5,38836,0
20230322,200000,350.5,351.3,350.3,351,44871,0
20230322,210000,351.1,351.5,350.7,351.3,41615,0
20230322,220000,351.3,351.5,350.6,350.8,39097,0
20230322,230000,350.9,351,349.5,350.4,56640,0
20230323,100000,349.9,350.5,349,349.6,303833,0
20230323,110000,349.7,349.7,346.9,347.3,375302,0
20230323,120000,347.3,348,345.6,347.5,383059,0
20230323,130000,347.4,347.8,345.8,346.9,311097,0
20230323,140000,347,347.5,345.5,346.8,205090,0
20230323,150000,346.8,346.9,344.2,345.6,409756,0
20230323,160000,345.5,346.7,343.9,346.1,600692,0
20230323,170000,346.1,346.1,343.1,344.8,893929,0
20230323,180000,344.8,345.4,344.5,344.9,84689,0
20230323,190000,345.2,345.3,344.4,344.9,47710,0
20230323,200000,345,345.2,344.5,345.1,33143,0
20230323,210000,345.1,345.2,344.1,344.7,69346,0
20230323,220000,344.7,345.1,344.6,344.8,28294,0
20230323,230000,344.7,345.2,343.6,344.6,105990,0
20230324,100000,344,346.7,343.6,346.2,277533,0
20230324,110000,346.2,347.6,345.9,347,340060,0
20230324,120000,347,348,346.5,347.5,161006,0
20230324,130000,347.5,347.8,346.7,347,90758,0
20230324,140000,347,348.2,346.3,347.9,113171,0
20230324,150000,348,348.9,347.7,348.2,93983,0
20230324,160000,348.2,348.4,347.3,348.2,98197,0
20230324,170000,348.3,348.5,346.9,347.6,104034,0
20230324,180000,347.4,348.8,347.3,348.8,89498,0
20230324,190000,348.2,348.8,348.2,348.8,28039,0
20230324,200000,348.8,348.8,348.1,348.6,29018,0
20230324,210000,348.6,349,348.4,348.9,29478,0
20230324,220000,348.9,349.5,348.4,349.1,54204,0
20230324,230000,349.1,349.4,348.7,349.3,29818,0
20230327,100000,350.8,357.5,350.5,356.3,881020,0
20230327,110000,356.3,358.7,356,358,835678,0
20230327,120000,358,360.6,358,358.5,1010986,0
20230327,130000,358.6,359.5,358.5,358.8,185791,0
20230327,140000,358.8,360.8,358.8,360.5,292591,0
20230327,150000,360.6,362.9,360.2,362.2,314150,0
20230327,160000,362.2,363.8,361.2,363.3,514856,0
20230327,170000,363.2,363.7,361.6,363.5,425585,0
20230327,180000,363.3,363.9,362.5,362.5,269658,0
20230327,190000,362.5,363.6,362,363.1,78672,0
20230327,200000,363.1,363.2,362.1,363,86848,0
20230327,210000,363,363.3,362.8,363.2,46636,0
20230327,220000,363.1,363.2,362.9,363.2,56123,0
20230327,230000,363.1,363.4,362.9,363.4,46564,0
20230328,100000,364.3,364.4,360.4,362.3,540202,0
20230328,110000,362.3,362.3,357.5,359.9,680288,0
20230328,120000,359.8,361.3,358.1,361,232800,0
20230328,130000,361.1,361.3,360.7,361.3,85732,0
20230328,140000,361.3,361.3,360,361.3,67089,0
20230328,150000,361.2,364.7,361.2,363.8,214853,0
20230328,160000,363.8,366.9,363.6,366.4,421205,0
20230328,170000,366.4,368.5,366.2,367.2,659296,0
20230328,180000,367.2,368.2,366.8,366.8,355335,0
20230328,190000,366.6,367.4,366.2,366.2,45625,0
20230328,200000,366.1,367,365.2,366.3,69150,0
20230328,210000,366.3,366.5,366,366.4,31428,0
20230328,220000,366.3,366.8,366.1,366.1,27081,0
20230328,230000,366.2,367.5,365.6,367.1,56697,0
20230329,100000,368.5,369,365.1,366.8,212652,0
20230329,110000,366.9,367.2,365.1,365.4,208025,0
20230329,120000,365.3,367.9,365,367.8,265150,0
20230329,130000,367.7,368,367.5,367.7,145825,0
20230329,140000,367.6,367.9,367.5,367.7,144387,0
20230329,150000,367.8,368,367.5,367.8,181134,0
20230329,160000,367.8,368,367.5,367.9,277134,0
20230329,170000,367.9,369,367.5,368.4,354376,0
20230329,180000,368.4,369.5,367.9,368.7,433382,0
20230329,190000,367.7,368.4,365.8,367.9,103333,0
20230329,200000,367.8,367.9,366.7,367.3,51641,0
20230329,210000,367.3,367.4,366.9,367.3,31725,0
20230329,220000,367.2,367.9,366.9,367.6,58845,0
20230329,230000,367.7,368.4,367.4,367.8,24347,0
20230330,100000,367,372.1,365.3,372.1,407607,0
20230330,110000,372,372.4,370.5,370.9,214100,0
20230330,120000,370.9,373.3,370.8,373.1,188404,0
20230330,130000,373,376.8,372.8,376.7,486058,0
20230330,140000,376.7,377.9,376.6,377.3,535799,0
20230330,150000,377.3,379.4,377,378,494440,0
20230330,160000,378,379,377.2,377.9,190456,0
20230330,170000,377.8,377.8,376.8,377.1,198968,0
20230330,180000,377.3,377.3,373.4,373.4,435134,0
20230330,190000,373.9,375.3,373.6,375.1,115976,0
20230330,200000,375.1,376,375.1,375.5,49162,0
20230330,210000,375.5,375.7,375.3,375.6,25377,0
20230330,220000,375.6,375.8,374.6,374.7,56889,0
20230330,230000,374.7,375.5,374.7,375.2,29625,0
20230331,100000,375.2,377.9,373,373,519369,0
20230331,110000,373,373.9,371.1,371.3,509363,0
20230331,120000,371.3,371.6,369,369,679421,0
20230331,130000,369,369.7,366.8,367.9,447584,0
20230331,140000,367.7,369.8,367.4,369.8,198821,0
20230331,150000,369.8,370.7,368.1,370.1,167211,0
20230331,160000,370,371.6,369.7,371.5,116952,0
20230331,170000,371.6,374.4,370.9,373.8,259879,0
20230331,180000,373.8,374,372.1,373.3,104719,0
20230331,190000,373.2,375.5,372.5,374.5,81469,0
20230331,200000,374.5,374.7,373,373.3,52521,0
20230331,210000,373.4,373.7,372.1,372.9,39243,0
20230331,220000,372.9,373.8,372.9,373.6,36578,0
20230331,230000,373.6,373.7,372.8,373.7,35669,0
20230403,100000,383,384.9,380.6,381.3,1000063,0
20230403,110000,381.3,382.4,380.7,381.8,193608,0
20230403,120000,381.7,382.4,380.2,380.5,181965,0
20230403,130000,380.5,381.7,378.5,380.6,290389,0
20230403,140000,380.7,381.9,379.4,381.8,139892,0
20230403,150000,381.9,383.8,381.8,383.8,326637,0
20230403,160000,383.8,389,383.1,388.5,900628,0
20230403,170000,388.3,388.5,386.6,388,317059,0
20230403,180000,387.9,388.9,386.7,388.9,300431,0
20230403,190000,387.5,389,384.4,386.5,122742,0
20230403,200000,386.5,386.6,385.2,385.8,70356,0
20230403,210000,385.8,386.9,385.8,386.3,57998,0
20230403,220000,386.3,386.9,386.2,386.7,39876,0
20230403,230000,386.6,387,386.6,386.8,37548,0
20230404,100000,387.1,389,386.6,388.3,454654,0
20230404,110000,388.4,388.5,387.2,387.9,238424,0
20230404,120000,387.8,387.9,384,386,390900,0
20230404,130000,385.9,386,384.6,385.6,104167,0
20230404,140000,385.5,386,384.4,385.7,119829,0
20230404,150000,385.7,386.8,383.2,383.5,264119,0
20230404,160000,383.5,385.2,382.6,383.7,196349,0
20230404,170000,383.5,385.6,383.1,385,277237,0
20230404,180000,385,385.8,383.3,383.3,228559,0
20230404,190000,383.5,384,382.8,383.2,93154,0
20230404,200000,383.2,384.1,383,383.5,41409,0
20230404,210000,383.5,384.7,383.1,383.6,32462,0
20230404,220000,383.7,383.9,382.8,383,55010,0
20230404,230000,383,383.1,381.6,382.7,56757,0
20230405,100000,381.5,382.9,376.2,382.3,503685,0
20230405,110000,382.3,382.8,380.1,381.6,145042,0
20230405,120000,381.5,384.3,381.1,382.4,211876,0
20230405,130000,382.2,383.9,381.8,382.7,165796,0
20230405,140000,382.7,382.7,382,382.7,143094,0
20230405,150000,382.6,384.5,382.6,383.9,143975,0
20230405,160000,383.9,385.9,383.9,384.9,261715,0
20230405,170000,384.9,387.7,383.9,387.2,238351,0
20230405,180000,387.1,387.5,386.5,386.9,129327,0
20230405,190000,385.8,387,383,385.8,125552,0
20230405,200000,386,388,385.6,386.9,96577,0
20230405,210000,387,387,385.7,386.6,29243,0
20230405,220000,386.6,387,386.3,387,32044,0
20230405,230000,387,387.4,386.5,387.3,25967,0
20230406,100000,388,391.5,386.1,391,532806,0
20230406,110000,391.1,391.3,388.7,389.3,195152,0
20230406,120000,389.2,390.9,389.2,389.9,98452,0
20230406,130000,390.2,391.3,390,390.9,112972,0
20230406,140000,390.8,391.2,389.6,390.4,111894,0
20230406,150000,390.3,390.9,389.6,390.7,148402,0
20230406,160000,390.4,391,389,390.9,299526,0
20230406,170000,390.9,391,390.4,390.5,200138,0
20230406,180000,390.5,390.5,389.1,389.2,167079,0
20230406,190000,387.1,390,387.1,388.7,119717,0
20230406,200000,388.8,389,388.3,389,32551,0
20230406,210000,389,390.4,388.9,389.8,36782,0
20230406,220000,389.8,390,389.4,389.7,15097,0
20230406,230000,389.7,389.7,388.3,389.5,108032,0
20230407,100000,390.5,393.1,389.5,391.2,469757,0
20230407,110000,391.2,391.2,390.7,391,153743,0
20230407,120000,391,393,390.7,392.6,273961,0
20230407,130000,392.8,393.1,391.6,392.8,138374,0
20230407,140000,392.9,393.5,391.8,392.8,219483,0
20230407,150000,392.8,392.9,390,392,265078,0
20230407,160000,392,393.5,392,393.4,244026,0
20230407,170000,393.4,393.8,392.3,393.8,207847,0
20230407,180000,393.8,394,393.5,393.6,222613,0
20230407,190000,393.8,394,393.1,393.6,40684,0
20230407,200000,393.9,394.6,393.6,394.1,74244,0
20230407,210000,394.1,396.8,393.4,394.8,172566,0
20230407,220000,394.9,395.8,394.7,395.5,37522,0
20230407,230000,395.6,396.9,395.5,396.2,136388,0
20230410,100000,399.7,405,399.6,401.8,647963,0
20230410,110000,401.9,403.6,401.7,403.1,242681,0
20230410,120000,403.1,403.8,400.3,401.7,328439,0
20230410,130000,402,402.5,398.1,399.2,239201,0
20230410,140000,399.2,401.2,398.6,399.5,148699,0
20230410,150000,399.6,401.4,399.5,400.7,160953,0
20230410,160000,400.8,401.2,400.7,400.9,114227,0
20230410,170000,400.9,402,400.6,401.4,128591,0
20230410,180000,401.6,402.2,400.1,400.1,160795,0
20230410,190000,400.8,401.8,400.3,401.6,40952,0
20230410,200000,401.6,401.9,401.5,401.9,19006,0
20230410,210000,401.9,403.7,401.7,402.6,54952,0
20230410,220000,402.7,403,401.6,402.3,35462,0
20230410,230000,402.4,402.8,401.6,402.8,33148,0
20230411,100000,402.9,403.4,399.1,400.9,481793,0
20230411,110000,400.8,401.7,399.8,400.7,167210,0
20230411,120000,400.8,401.4,399.5,400.4,258645,0
20230411,130000,400.3,400.4,399.5,400,129402,0
20230411,140000,399.9,400.1,399.2,399.7,53447,0
20230411,150000,399.8,399.9,398,399.4,177265,0
20230411,160000,399.3,399.5,391.6,394.8,749048,0
20230411,170000,394.8,397.1,393.7,395.4,354089,0
20230411,180000,395.3,395.4,393.6,393.7,152479,0
20230411,190000,392.6,397.6,392.6,393.8,94555,0
20230411,200000,393.8,394.6,392.5,394.6,72469,0
20230411,210000,394.6,394.7,393.8,394.2,40364,0
20230411,220000,394.3,395.6,394,394.6,68737,0
20230411,230000,394.5,394.6,393,393.8,40872,0
20230412,100000,395.1,396,387.1,392.6,675356,0
20230412,110000,392.6,392.9,391,391.2,164773,0
20230412,120000,391.2,392.5,391.2,392.4,199426,0
20230412,130000,392.5,397,392.1,394.3,323697,0
20230412,140000,394.3,396,393.4,394.9,102509,0
20230412,150000,394.9,397.9,394,395.9,174084,0
20230412,160000,395.9,396.8,395.3,396,120429,0
20230412,170000,396,396.7,395.6,395.9,70532,0
20230412,180000,395.9,396.6,394.4,394.7,204489,0
20230412,190000,394.9,396.6,394.4,394.9,58520,0
20230412,200000,394.6,395.2,394.3,394.9,8771,0
20230412,210000,394.9,395.4,394.7,395.2,15515,0
20230412,220000,395.3,395.9,395,395.2,24013,0
20230412,230000,395,395.4,394.6,395.4,17549,0
20230413,100000,396,397.5,392.4,392.9,171031,0
20230413,110000,392.9,395.9,392.7,394.3,110242,0
20230413,120000,394.4,395.7,394.3,394.5,114362,0
20230413,130000,394.4,394.8,393.2,394,95370,0
20230413,140000,394,394.9,393.9,394.8,51930,0
20230413,150000,394.7,394.8,393.9,394.4,68180,0
20230413,160000,394.3,395,393.9,394.2,106589,0
20230413,170000,394.3,394.3,393,393.4,52537,0
20230413,180000,393.5,395,392.3,395,140861,0
20230413,190000,394.8,394.8,394.1,394.2,13945,0
20230413,200000,394.2,394.8,394.1,394.8,9708,0
20230413,210000,394.8,394.8,394,394.2,20337,0
20230413,220000,394.1,394.5,394,394.1,5567,0
20230413,230000,394.2,394.5,393.9,394.5,10911,0
20230414,100000,394.9,395.5,392.2,393.7,126646,0
20230414,110000,393.9,393.9,392.5,392.8,74211,0
20230414,120000,392.8,393.6,392.5,392.9,71790,0
20230414,130000,392.8,392.9,391,392,164273,0
20230414,140000,391.9,392.6,391.8,392.3,47979,0
20230414,150000,392.3,393.7,392.1,392.8,135201,0
20230414,160000,392.8,394.4,392.8,394.2,101436,0
20230414,170000,394.2,394.3,392.6,393.4,182765,0
20230414,180000,393.3,396,393.3,396,193193,0
20230414,190000,395.6,395.9,394.4,394.9,33301,0
20230414,200000,394.9,394.9,394.4,394.6,18572,0
20230414,210000,394.4,394.7,394.3,394.7,13020,0
20230414,220000,394.6,394.7,393.6,394.3,34051,0
20230414,230000,394.4,394.6,394.1,394.4,20958,0
20230417,100000,396.2,398.5,394.2,397.2,545812,0
20230417,110000,397.2,397.3,395.7,395.7,138899,0
20230417,120000,395.7,395.9,395.2,395.9,178132,0
20230417,130000,395.9,397.3,395.1,397.3,272107,0
20230417,140000,397.2,397.6,396.7,397.6,128841,0
20230417,150000,397.6,398.3,397.4,397.8,126402,0
20230417,160000,397.8,398,396.5,397.9,241880,0
20230417,170000,397.8,398,397.5,398,133453,0
20230417,180000,397.9,399.9,397.5,399.9,387907,0
20230417,190000,399.4,400,398,398.7,117379,0
20230417,200000,398.8,399.6,398.6,399.3,24115,0
20230417,210000,399.4,399.5,398.7,399.3,21115,0
20230417,220000,399.1,399.3,398.8,398.9,16856,0
20230417,230000,399,399.8,398.5,399.3,35676,0
20230418,100000,400,401.6,396.6,399.9,442327,0
20230418,110000,399.9,401,399.9,400.2,127906,0
20230418,120000,400.1,400.4,396,397.4,305079,0
20230418,130000,397.3,398.3,396.9,397.9,81499,0
20230418,140000,398,398.3,397.1,397.8,98501,0
20230418,150000,397.8,398.3,397.8,397.8,60135,0
20230418,160000,397.9,399,397.8,399,66587,0
20230418,170000,398.9,401,398.6,400.5,192014,0
20230418,180000,400.7,402.3,400.6,402.3,234434,0
20230418,190000,401.6,401.9,400.2,401,82802,0
20230418,200000,400.9,401,399.7,399.9,51627,0
20230418,210000,399.9,400.1,399.1,399.7,34505,0
20230418,220000,399.9,400.7,399.4,400,33406,0
20230418,230000,400,400.4,399.5,400.2,16746,0
20230419,100000,399,400.2,398.1,399.8,219507,0
20230419,110000,399.8,400,397.8,398.6,166563,0
20230419,120000,398.6,399,398,398.9,97275,0
20230419,130000,398.8,399.3,398.2,398.4,90190,0
20230419,140000,398.4,399,398.2,398.3,118601,0
20230419,150000,398.3,398.3,396.1,397,241643,0
20230419,160000,397,398.3,393.7,394.8,396565,0
20230419,170000,394.8,398,393.1,398,264116,0
20230419,180000,398,399.8,395.6,399.8,214110,0
20230419,190000,399.1,400.3,397.6,398.7,152635,0
20230419,200000,398.7,399.4,397.6,397.9,26728,0
20230419,210000,397.8,398.3,397.5,397.7,37394,0
20230419,220000,397.7,397.9,396.7,397.2,27104,0
20230419,230000,397.2,397.7,396.2,396.4,26336,0
20230420,100000,396,397,394.4,395,210192,0
20230420,110000,395,396,388.1,391.5,475973,0
20230420,120000,391.6,393.5,391.3,393.5,113001,0
20230420,130000,393.5,393.7,392.5,393.2,110128,0
20230420,140000,393.1,413,392.6,410.3,2241396,0
20230420,150000,410.3,411.4,405.5,406,702551,0
20230420,160000,405.9,408,404,404.9,362903,0
20230420,170000,405,406.6,403.8,406.2,258663,0
20230420,180000,406.3,408,405.4,407.9,286649,0
20230420,190000,407.2,408,406.2,407.9,70523,0
20230420,200000,407.8,408,407.2,407.6,55139,0
20230420,210000,407.6,407.7,405.4,407.3,71056,0
20230420,220000,407.3,407.7,406.2,407.1,46313,0
20230420,230000,407,407.6,406.2,407.3,75259,0
20230421,100000,407.3,409.7,404.8,406,284994,0
20230421,110000,405.8,408,405.5,407.8,128588,0
20230421,120000,407.8,407.9,406.1,406.3,174912,0
20230421,130000,406.2,407.2,406,407,61624,0
20230421,140000,407,407.3,406.3,406.8,61529,0
20230421,150000,406.9,407,406.5,407,62046,0
20230421,160000,407,407,406.2,406.9,140723,0
20230421,170000,406.8,407,405.4,406.6,129728,0
20230421,180000,406.6,406.9,406,406.1,94159,0
20230421,190000,406.6,407.4,405.8,406.1,46162,0
20230421,200000,406.1,406.5,405.4,405.5,52507,0
20230421,210000,405.5,406,405.4,405.9,35189,0
20230421,220000,405.8,406.5,405.6,406.5,17921,0
20230421,230000,406.4,406.5,405.7,406.3,27804,0
20230424,100000,406.3,415.7,405.8,414.1,978040,0
20230424,110000,414.1,415.3,410.1,412.1,642619,0
20230424,120000,412.1,412.3,410.3,411.7,223085,0
20230424,130000,411.7,412,409.1,411.4,267871,0
20230424,140000,411.3,412,411,411.5,91950,0
20230424,150000,411.4,411.5,410.1,411.4,61777,0
20230424,160000,411.3,411.9,410.2,411.7,124758,0
20230424,170000,411.7,411.8,409.2,410,115396,0
20230424,180000,410,410.8,409.1,409.1,99112,0
20230424,190000,409.3,412,406,411.6,217706,0
20230424,200000,411.5,412,411.4,411.8,25686,0
20230424,210000,412,412,411.3,411.4,30068,0
20230424,220000,411.6,411.7,411.3,411.7,36204,0
20230424,230000,411.7,411.7,411.5,411.7,53386,0
20230425,100000,412.3,413,408.3,408.7,334690,0
20230425,110000,408.6,411.5,408.2,409.8,151175,0
20230425,120000,409.8,411,408.7,409.6,90130,0
20230425,130000,409.6,409.8,408.1,408.2,103810,0
20230425,140000,408.3,409.1,408.2,408.4,61503,0
20230425,150000,408.5,409,408.2,408.8,132229,0
20230425,160000,408.7,409,408,408.4,143340,0
20230425,170000,408.3,408.5,408,408,60392,0
20230425,180000,408,409,406.8,409,204667,0
20230425,190000,408.7,410.4,408.6,409.5,74345,0
20230425,200000,409.4,409.6,408.9,409,19474,0
20230425,210000,409,409.2,408.6,409.1,21734,0
20230425,220000,409,409.1,408.2,408.5,25793,0
20230425,230000,408.5,409.2,408.3,408.8,21443,0
20230426,100000,409.3,410.8,406.3,409.9,185045,0
20230426,110000,409.8,409.9,409.3,409.6,60079,0
20230426,120000,409.5,409.6,408.5,408.9,62045,0
20230426,130000,408.9,409.2,408.1,408.5,57721,0
20230426,140000,408.5,408.5,408.1,408.5,159210,0
20230426,150000,408.5,408.5,406.4,407,459635,0
20230426,160000,407,407,406.5,406.9,165683,0
20230426,170000,406.8,407,406.4,406.5,162983,0
20230426,180000,406.5,407.2,406.3,407.2,120045,0
20230426,190000,407,408.3,406.4,407.8,84299,0
20230426,200000,407.7,407.8,407.6,407.8,52942,0
20230426,210000,407.8,407.8,407.4,407.8,66210,0
20230426,220000,407.8,407.8,407.1,407.5,48910,0
20230426,230000,407.4,407.8,407.1,407.4,62070,0
20230427,100000,408.2,418.6,407.9,415.8,2615591,0
20230427,110000,415.7,417.4,413.8,414.5,1032679,0
20230427,120000,414.4,414.5,413.4,414.2,379112,0
20230427,130000,414.2,414.5,412,413.1,469663,0
20230427,140000,413.1,413.3,410.1,410.5,314973,0
20230427,150000,410.3,411,410.2,410.9,134463,0
20230427,160000,410.9,411.9,410.5,410.9,206429,0
20230427,170000,410.9,411.5,410.4,411,148522,0
20230427,180000,411,413,409.5,413,339697,0
20230427,190000,412.3,412.6,411,412.2,94977,0
20230427,200000,412.2,414,411.9,412.8,55437,0
20230427,210000,412.8,412.9,411.6,412,23103,0
20230427,220000,412,412.3,411.3,411.7,32231,0
20230427,230000,411.6,412.8,411.3,411.8,39246,0
20230428,100000,413,413.7,409.6,410.2,332140,0
20230428,110000,410.2,410.2,408.3,409.2,216163,0
20230428,120000,409.2,410.2,408.3,409.5,103463,0
20230428,130000,409.5,409.5,404.1,404.6,583736,0
20230428,140000,404.5,404.5,401,403.4,554642,0
20230428,150000,403.4,404.7,401.2,404.7,217566,0
20230428,160000,404.7,404.8,404,404.5,125926,0
20230428,170000,404.5,405,403.9,405,201789,0
20230428,180000,405,405.4,404,404.6,170737,0
20230428,190000,404.6,405.9,403.6,404,112635,0
20230428,200000,404,404.2,403.5,403.8,62735,0
20230428,210000,403.8,404,403.2,404,61403,0
20230428,220000,403.9,404,403,404,79596,0
20230428,230000,404,404,403.2,404,60306,0
20230502,100000,405.4,406.8,403.3,405,522318,0
20230502,110000,405,406,403,405.7,339556,0
20230502,120000,405.6,405.7,404.5,405.5,118073,0
20230502,130000,405.7,406,405,405.7,139697,0
20230502,140000,405.8,405.9,404,404.3,102816,0
20230502,150000,404.3,404.5,401.1,401.8,201103,0
20230502,160000,401.8,402.2,400.2,401,205126,0
20230502,170000,401,401,394.5,395,585847,0
20230502,180000,394.7,399,394.5,396.1,280444,0
20230502,190000,396.6,399.5,396.6,399.5,76414,0
20230502,200000,399.5,399.5,397.7,398.2,37593,0
20230502,210000,398.2,398.3,397.6,397.9,14271,0
20230502,220000,397.8,398.7,397.7,398.1,20563,0
20230502,230000,398.1,398.2,397.1,397.1,15088,0
20230503,100000,395.3,396.3,381.8,390.8,1427511,0
20230503,110000,390.9,391.8,389,391.7,284039,0
20230503,120000,391.7,393.8,391.3,393.7,170527,0
20230503,130000,393.6,394.5,391.3,393.6,135151,0
20230503,140000,393.6,394.4,392.2,393,99399,0
20230503,150000,393,393.1,390.4,391.6,121555,0
20230503,160000,391.5,392.5,390,392.3,140597,0
20230503,170000,392.4,392.7,387.9,388.5,256774,0
20230503,180000,388.5,388.8,384.1,384.1,282032,0
20230503,190000,384,385.7,384,385.4,185652,0
20230503,200000,385.5,386.6,384.8,384.9,53863,0
20230503,210000,384.9,385,382.3,383.4,127398,0
20230503,220000,383.4,383.9,381.7,382.3,125025,0
20230503,230000,382.3,382.5,380,381.8,146450,0
20230504,100000,382,387,382,384.9,331784,0
20230504,110000,384.9,390.5,384.7,386.4,243936,0
20230504,120000,386.6,390.5,386.4,390.4,226937,0
20230504,130000,390.4,391.5,386.4,387.2,170960,0
20230504,140000,387.2,389.4,387,388.6,128729,0
20230504,150000,388.6,389,387,387.8,56198,0
20230504,160000,387.7,388.1,385.2,387.6,178146,0
20230504,170000,387.6,387.6,382,383.4,194441,0
20230504,180000,383.4,385.4,381.8,381.8,180548,0
20230504,190000,382.4,383.9,382,383.9,95380,0
20230504,200000,383.9,386.3,383.5,386.3,46773,0
20230504,210000,386.2,388.5,386.1,386.7,69228,0
20230504,220000,386.6,387.9,386.1,387.7,32490,0
20230504,230000,387.8,388.7,386.9,388,50021,0
20230505,100000,388.5,388.6,383,387.8,308884,0
20230505,110000,388,388,385,386.4,137667,0
20230505,120000,386.5,386.5,379.5,381.1,626264,0
20230505,130000,381.1,384.7,380.8,384.1,261813,0
20230505,140000,384.2,385.8,382.3,384.9,227948,0
20230505,150000,384.9,386.1,382.4,383.6,121375,0
20230505,160000,383.4,384,382.5,384,113677,0
20230505,170000,384,384.9,383.8,384.5,102734,0
20230505,180000,384.5,385.3,383.4,385.3,61183,0
20230505,190000,385.1,385.1,383.3,383.4,39050,0
20230505,200000,383.4,383.8,381.2,382.6,69545,0
20230505,210000,382.5,383.2,382,382.2,34096,0
20230505,220000,382.2,383.3,382,383.2,36437,0
20230505,230000,383.2,383.5,382.6,383,41849,0
20230508,100000,384.3,386.6,383.6,385.2,153854,0
20230508,110000,385.2,385.8,384.1,385.8,62913,0
20230508,120000,385.8,386,385.4,385.7,41421,0
20230508,130000,385.7,387.4,384,387.2,178664,0
20230508,140000,387.2,387.7,386.8,387.4,72890,0
20230508,150000,387.4,391.7,387.3,390.3,201436,0
20230508,160000,390.4,396.6,390.1,393.9,358621,0
20230508,170000,393.8,394.6,393.1,394.2,148297,0
20230508,180000,394.2,394.3,390.8,390.8,219377,0
20230508,190000,391.1,391.9,389.6,391.3,116732,0
20230508,200000,391.5,391.7,390.9,391.4,17818,0
20230508,210000,391.4,392,391.1,392,36651,0
20230508,220000,392.1,392.8,391.1,391.9,46527,0
20230508,230000,391.9,392.3,390.8,391.9,60191,0
20230510,100000,392.4,400,392.4,398.1,556552,0
20230510,110000,398.1,401.5,397.2,400.9,337414,0
20230510,120000,400.9,402.6,400,402.1,466227,0
20230510,130000,402.1,402.1,400,400.1,268576,0
20230510,140000,400.1,403,400,401.8,364663,0
20230510,150000,401.8,403,400.7,401.2,216976,0
20230510,160000,401.4,401.6,400,400.5,212563,0
20230510,170000,400.5,400.5,399.1,400.4,138780,0
20230510,180000,400.5,401,400,401,112538,0
20230510,190000,400.2,401.5,400.2,401.2,90900,0
20230510,200000,401.3,401.8,401,401.2,58888,0
20230510,210000,401.3,402,401.1,401.2,75647,0
20230510,220000,401.3,402.3,401.1,402.2,50362,0
20230510,230000,402.2,402.5,401.7,402.4,37230,0
20230511,100000,402.9,406.9,401.8,404.9,452552,0
20230511,110000,404.9,406,404,404.1,299647,0
20230511,120000,404.1,405,404,404.6,82846,0
20230511,130000,404.6,404.6,401.1,401.9,232449,0
20230511,140000,401.8,403.1,399,400.9,228044,0
20230511,150000,400.9,403,400.7,402.7,172696,0
20230511,160000,402.7,404,402.6,403.8,162094,0
20230511,170000,403.7,404.9,403,403.9,117235,0
20230511,180000,403.9,403.9,401.4,401.4,67508,0
20230511,190000,401.7,403.4,401.7,403,41249,0
20230511,200000,402.9,403,400,400.3,78580,0
20230511,210000,400.2,401,390.7,396.6,550693,0
20230511,220000,396.6,400.8,394.6,397.9,230351,0
20230511,230000,397.8,399.5,396.4,398.7,101547,0
20230512,100000,400,403.4,395.6,401.3,377731,0
20230512,110000,401.4,401.9,397.9,398.6,169336,0
20230512,120000,398.5,399.8,398.4,399.3,103031,0
20230512,130000,399.4,400,398.3,399.9,132726,0
20230512,140000,399.8,401,398.4,398.8,71971,0
20230512,150000,398.8,400.5,398.5,399.6,101813,0
20230512,160000,399.8,401.5,399.7,401.5,152102,0
20230512,170000,401.4,402,401,401.9,118885,0
20230512,180000,402,402,400.3,400.3,87134,0
20230512,190000,400.7,401.2,400,400.2,45065,0
20230512,200000,400.2,400.3,399.5,400.1,24929,0
20230512,210000,400.1,400.4,399.6,400.1,13930,0
20230512,220000,400.1,400.5,399.9,400.5,34061,0
20230512,230000,400.5,401,399.2,400.7,45201,0
20230515,100000,402.9,405,402.2,403.6,310068,0
20230515,110000,403.6,404,402.8,403.7,163611,0
20230515,120000,403.7,404,401.9,402.2,161650,0
20230515,130000,402.1,402.5,401.6,402.2,173011,0
20230515,140000,402.3,402.5,401.5,402.2,240181,0
20230515,150000,402.1,403.5,401.8,403.5,275450,0
20230515,160000,403.5,404.6,403.2,404.5,370199,0
20230515,170000,404.5,404.5,403.7,404.3,162004,0
20230515,180000,404.3,404.5,403.8,403.8,96139,0
20230515,190000,403.8,405.9,402.9,405.5,125521,0
20230515,200000,405.5,405.5,405.2,405.5,78638,0
20230515,210000,405.5,405.5,405.3,405.5,97365,0
20230515,220000,405.5,405.5,405.3,405.4,61337,0
20230515,230000,405.5,406.3,405.4,406,119769,0
20230516,100000,407,410,406.4,407.3,627634,0
20230516,110000,407.3,407.3,406.6,406.7,171836,0
20230516,120000,406.7,407,404.4,406.4,197507,0
20230516,130000,406.3,407.3,406.1,407,226754,0
20230516,140000,407.1,407.3,406.4,406.8,116650,0
20230516,150000,406.8,406.9,406.4,406.7,102989,0
20230516,160000,406.7,407.3,405.8,407.2,115809,0
20230516,170000,407.2,407.3,406.4,406.8,99905,0
20230516,180000,406.7,406.9,405.6,405.6,79816,0
20230516,190000,405.8,406.9,405.8,406.9,29082,0
20230516,200000,406.9,407,406.6,406.9,26898,0
20230516,210000,406.9,407,406.6,406.8,19597,0
20230516,220000,406.8,406.9,406.7,406.7,16370,0
20230516,230000,406.8,406.8,406.6,406.8,17736,0
20230517,100000,407,408.4,404.8,405.4,179054,0
20230517,110000,405.4,405.4,404,404.8,185454,0
20230517,120000,405,405,404.3,405,79996,0
20230517,130000,404.9,405.9,404.2,405,236322,0
20230517,140000,405,405.2,404.2,404.4,61099,0
20230517,150000,404.4,404.8,404,404.8,111092,0
20230517,160000,404.8,404.8,404,404.6,150379,0
20230517,170000,404.6,404.6,404.2,404.2,98751,0
20230517,180000,404.2,404.4,404.2,404.2,155715,0
20230517,190000,404.8,405,404.4,404.9,79527,0
20230517,200000,405,405,404.9,405,65303,0
20230517,210000,405,405,404.8,405,44554,0
20230517,220000,405,405.5,404.8,405.3,30465,0
20230517,230000,405.3,405.7,405.1,405.4,27850,0
20230518,100000,406.3,407,404.5,407,199365,0
20230518,110000,406.8,407,404.4,405.7,115979,0
20230518,120000,405.7,406.5,405.6,406.5,93488,0
20230518,130000,406.5,406.6,405.9,406.3,102960,0
20230518,140000,406.3,406.4,405.5,406.4,89189,0
20230518,150000,406.4,406.7,405.5,405.8,204717,0
20230518,160000,405.8,406.5,405.6,406.5,131100,0
20230518,170000,406.4,409.3,406.3,407.5,356370,0
20230518,180000,407.5,409.1,407.5,409.1,71161,0
20230518,190000,408.5,409.6,407.5,409.4,117082,0
20230518,200000,409.4,409.5,408.6,409.2,36215,0
20230518,210000,409.3,412.8,409.2,410.7,210857,0
20230518,220000,410.4,411.7,410,410.9,86713,0
20230518,230000,411,412.2,410.8,411.7,124975,0
20230519,100000,412,412,408,410.6,243573,0
20230519,110000,410.6,410.9,408.2,410.3,163324,0
20230519,120000,410.3,411.5,410.3,411.1,67799,0
20230519,130000,411.1,411.3,410.6,410.8,51901,0
20230519,140000,410.9,411.8,410.8,411.4,68735,0
20230519,150000,411.4,411.5,411,411.3,70030,0
20230519,160000,411.3,411.5,411,411.2,64998,0
20230519,170000,411.3,411.3,407,407.6,288003,0
20230519,180000,407.6,410.7,407,410.7,96913,0
20230519,190000,410.7,410.7,409.5,409.6,19399,0
20230519,200000,409.6,410,409.3,409.8,30662,0
20230519,210000,409.7,411.4,409.6,410.6,81137,0
20230519,220000,410.9,410.9,410.1,410.3,19267,0
20230519,230000,410.5,410.9,410,410.3,25791,0
20230522,100000,412.1,413,409.9,411.6,348213,0
20230522,110000,411.5,414.2,411.5,413.3,179566,0
20230522,120000,413.3,414.3,411.6,414,193758,0
20230522,130000,414.1,415,413.9,414.7,153363,0
20230522,140000,414.6,416.6,414,414.9,404979,0
20230522,150000,414.9,417.5,414.3,415.8,237252,0
20230522,160000,415.8,417,414.9,416.4,142553,0
20230522,170000,416.4,417.3,416.2,417.3,111973,0
20230522,180000,417.2,417.7,414.6,414.6,224186,0
20230522,190000,414.9,416.4,414.8,416.1,63687,0
20230522,200000,416.1,416.5,415.1,416.3,30795,0
20230522,210000,416.2,416.6,416,416.4,24012,0
20230522,220000,416.6,416.6,416.3,416.5,21217,0
20230522,230000,416.4,416.9,416,416.5,53430,0
20230523,100000,416.7,416.8,413.6,414.6,205235,0
20230523,110000,414.9,416.4,414.8,415.3,130849,0
20230523,120000,415.4,416.1,415.3,416,60229,0
20230523,130000,416.1,418.1,416,418,209562,0
20230523,140000,418.1,418.8,417.9,418.7,163019,0
20230523,150000,418.7,420.8,416.5,419.9,488961,0
20230523,160000,419.8,422.7,418.8,421.4,356562,0
20230523,170000,421.6,424,421.6,423.2,366947,0
20230523,180000,423.3,423.7,421.8,421.8,249094,0
20230523,190000,421.8,423.3,421.7,423,91987,0
20230523,200000,423.1,423.2,422.2,422.8,48310,0
20230523,210000,422.8,424.5,422.6,424.2,65578,0
20230523,220000,424.2,425,424,424.7,71611,0
20230523,230000,424.9,428.7,424.7,427.3,159224,0
20230524,100000,428.5,431,426.3,429.4,418938,0
20230524,110000,429.4,429.7,426.3,427.3,251048,0
20230524,120000,427.3,428.3,426,428,195674,0
20230524,130000,427.9,429.5,427.8,429,209066,0
20230524,140000,429.1,429.5,428.3,429,99711,0
20230524,150000,429,429.3,428,428.4,91133,0
20230524,160000,428.4,429.5,428.2,429.2,193894,0
20230524,170000,429.2,429.7,428.3,429.5,193670,0
20230524,180000,429.5,429.8,428,428,176331,0
20230524,190000,428.3,429,428.2,429,40082,0
20230524,200000,429.1,429.6,428.8,429.3,32758,0
20230524,210000,429.3,429.3,428.9,429.3,27757,0
20230524,220000,429.3,429.5,429.1,429.4,46511,0
20230524,230000,429.5,429.5,428.9,429.4,37244,0
20230525,100000,429.7,429.8,427,428.3,233002,0
20230525,110000,428.3,428.6,423.6,424.5,227505,0
20230525,120000,424.5,427.7,422.5,426.2,264552,0
20230525,130000,426.2,426.8,425.2,425.5,87037,0
20230525,140000,425.5,427,425.1,426.5,107417,0
20230525,150000,426.5,426.6,426,426.6,35732,0
20230525,160000,426.6,427,424.2,425.4,189403,0
20230525,170000,425.4,426.4,425.3,426.4,82878,0
20230525,180000,426.3,427.3,426,426,89802,0
20230525,190000,426.2,426.6,426.2,426.6,35221,0
20230525,200000,426.5,426.6,425.2,426.2,43719,0
20230525,210000,426.2,426.6,426,426.5,21403,0
20230525,220000,426.5,426.6,425.8,426.4,23697,0
20230525,230000,426.4,426.6,425.9,426.4,15915,0
20230526,100000,426.5,426.5,425,426.1,105687,0
20230526,110000,426,426.1,425,425.3,94830,0
20230526,120000,425.3,426.4,424.4,426.4,320081,0
20230526,130000,426.4,429.4,426.3,427.8,170219,0
20230526,140000,427.8,428.7,427.2,428.5,120610,0
20230526,150000,428.5,432,427,430.3,313491,0
20230526,160000,430.1,431.5,430,431,121476,0
20230526,170000,430.9,431.5,430.7,431.2,99925,0
20230526,180000,431.1,431.5,429.7,431.2,122939,0
20230526,190000,431.4,431.4,429,430.4,43096,0
20230526,200000,430.4,431.1,429.5,429.8,41184,0
20230526,210000,429.8,430.7,429.5,429.8,44114,0
20230526,220000,429.7,430.6,429.7,430.2,27364,0
20230526,230000,430.2,430.5,429.4,429.5,32886,0
20230529,100000,434.2,438.4,429.5,438.3,549633,0
20230529,110000,438.4,440,437,437.9,482068,0
20230529,120000,437.9,439.8,437,439.7,209714,0
20230529,130000,439.8,439.8,439.4,439.7,109454,0
20230529,140000,439.6,440.7,439.5,439.8,202803,0
20230529,150000,439.8,440.1,439.2,440,155381,0
20230529,160000,440,440.7,439.5,440.5,135060,0
20230529,170000,440.6,441.9,440,441.9,237370,0
20230529,180000,441.9,443,441.3,441.4,214983,0
20230529,190000,442.6,442.9,439,441.4,161203,0
20230529,200000,441.3,441.4,439.5,440.2,76004,0
20230529,210000,440,440.9,439.5,440.5,51898,0
20230529,220000,440.5,441.9,440.3,441.5,66042,0
20230529,230000,441.5,441.7,441,441.7,38658,0
20230530,100000,439.9,447.8,438,446.7,588645,0
20230530,110000,446.9,447,446.1,446.9,201250,0
20230530,120000,447,448.4,445,447.9,386857,0
20230530,130000,447.9,448,446.1,447.2,324665,0
20230530,140000,447.1,448,446.4,447.2,169151,0
20230530,150000,447.2,448,447,447.3,180410,0
20230530,160000,447.3,448.1,440.7,443.4,811361,0
20230530,170000,443.4,444,435.6,440.7,801158,0
20230530,180000,440.6,444,438.1,443.3,345919,0
20230530,190000,443.3,445.4,441.3,444.5,135669,0
20230530,200000,444.8,444.8,440.9,441,93433,0
20230530,210000,441,441.2,440.9,441,50124,0
20230530,220000,441,441,440.1,440.5,55718,0
20230530,230000,440.5,440.8,437.5,438.9,178972,0
20230531,100000,437.9,444.5,436.3,441.8,373080,0
20230531,110000,441.9,442.9,441,441.6,203503,0
20230531,120000,441.7,442.4,441.6,442,85986,0
20230531,130000,442,443,441.6,441.8,151727,0
20230531,140000,441.8,441.8,441.1,441.4,89400,0
20230531,150000,441.4,441.6,440.1,441.3,111852,0
20230531,160000,441.3,441.8,441,441.8,75025,0
20230531,170000,441.7,444.4,441,441.9,153937,0
20230531,180000,441.9,444.5,441.9,444.5,76577,0
20230531,190000,444.4,444.4,442.4,443.3,35540,0
20230531,200000,443.3,443.8,442.2,443.3,29877,0
20230531,210000,443.3,443.8,443.1,443.6,24499,0
20230531,220000,443.6,443.8,442.9,443,41943,0
20230531,230000,443,443.2,442.7,443.2,41960,0
20230601,100000,444.5,450,443.9,448.6,508474,0
20230601,110000,448.6,451.2,448.2,449.6,333422,0
20230601,120000,449.5,449.8,448.1,448.8,172535,0
20230601,130000,448.7,449.7,448,449.7,144224,0
20230601,140000,449.7,450.5,449.1,450.5,174097,0
20230601,150000,450.5,451.8,450.1,450.2,160287,0
20230601,160000,450.5,450.5,448.5,448.8,88151,0
20230601,170000,448.8,450.8,448.1,450.8,192141,0
20230601,180000,450.7,451.9,450.5,451.9,100854,0
20230601,190000,451.7,452,450.5,451.7,146199,0
20230601,200000,451.7,451.7,451.4,451.4,37799,0
20230601,210000,451.4,451.5,449.1,449.5,104158,0
20230601,220000,449.7,450.5,449,450.3,46323,0
20230601,230000,450.3,450.3,449.5,450.3,62005,0
20230602,100000,450.5,459.8,450.5,457.8,684068,0
20230602,110000,457.7,458.8,456,457.7,173240,0
20230602,120000,457.7,458,457.4,457.7,110360,0
20230602,130000,457.7,458.5,457.4,458.5,109025,0
20230602,140000,458.5,458.5,457,457.9,99434,0
20230602,150000,457.9,458.2,457.4,458.2,99000,0
20230602,160000,458.2,458.6,458.1,458.4,94969,0
20230602,170000,458.4,458.6,458.2,458.5,194363,0
20230602,180000,458.6,460,458.3,460,203856,0
20230602,190000,459.8,460,459,459.8,95350,0
20230602,200000,459.8,460,459.7,460,90429,0
20230602,210000,460,460,459.2,459.6,148879,0
20230602,220000,459.6,460,459.5,460,85480,0
20230602,230000,459.9,463.9,459.6,463.7,178187,0
20230605,100000,471.5,486,468.7,484.1,1896136,0
20230605,110000,484.3,486,483,484.2,694522,0
20230605,120000,484.3,485,480,483.5,649965,0
20230605,130000,483.4,484.8,481.3,481.4,280149,0
20230605,140000,481.4,483.2,476,478.1,576001,0
20230605,150000,478.1,481.4,472,480.1,789960,0
20230605,160000,480.1,481.5,478.4,479.1,241945,0
20230605,170000,479.2,479.7,476,478,213757,0
20230605,180000,478,479.5,474,476,321832,0
20230605,190000,475.8,478.3,475.1,477.7,102431,0
20230605,200000,477.9,478,472.3,473,160830,0
20230605,210000,473,475.4,470.7,473.5,433247,0
20230605,220000,473.5,474.9,471.7,472.6,134616,0
20230605,230000,472.6,475,472.1,475,104948,0
20230606,100000,474.8,477.7,462.7,468,1248454,0
20230606,110000,467.9,478.7,467,474.7,747038,0
20230606,120000,474.5,476,470,471.1,326992,0
20230606,130000,471,472.9,470.5,472.5,92122,0
20230606,140000,472.5,473.2,471.1,473,132666,0
20230606,150000,472.9,473.2,470.5,472.5,169275,0
20230606,160000,472.6,473,470.3,471,155664,0
20230606,170000,470.8,472,468.2,471.8,268084,0
20230606,180000,471.9,474.5,471.3,471.3,264242,0
20230606,190000,471.6,473.7,471.3,473.1,154958,0
20230606,200000,473.1,473.6,473,473.5,55741,0
20230606,210000,473.5,473.6,473.3,473.3,40619,0
20230606,220000,473.3,473.4,473.1,473.2,43052,0
20230606,230000,473.2,473.3,471.3,473,70278,0
20230607,100000,474.5,474.9,465.2,471.4,437678,0
20230607,110000,471.4,473,468.5,470.8,515326,0
20230607,120000,470.7,471.9,469.4,470,115920,0
20230607,130000,469.9,471,469.9,470.7,112739,0
20230607,140000,470.8,470.9,469.1,470.1,95358,0
20230607,150000,470.1,471.1,469.7,470.8,66565,0
20230607,160000,470.8,471.5,470.5,471.2,65559,0
20230607,170000,471.2,471.6,469,470.3,107587,0
20230607,180000,470.4,470.4,469.4,469.9,33240,0
20230607,190000,469.3,470.9,469.3,470.1,26040,0
20230607,200000,470.2,470.2,469,469.9,49089,0
20230607,210000,469.8,470,469,469.2,20452,0
20230607,220000,469.1,470.5,469.1,470.3,19880,0
20230607,230000,470,470.8,470,470.7,25896,0
20230608,100000,470.7,475.8,466.3,475.5,408813,0
20230608,110000,475.5,475.6,470.3,471.3,181785,0
20230608,120000,471.6,473,471,472.8,121745,0
20230608,130000,472.8,473.9,472,472.7,91937,0
20230608,140000,472.7,472.9,472.3,472.5,46386,0
20230608,150000,472.5,472.9,472.1,472.2,121188,0
20230608,160000,472.3,472.6,470,470.8,152244,0
20230608,170000,470.8,472.8,470.7,472.5,112813,0
20230608,180000,472.4,472.9,468.3,471.8,330462,0
20230608,190000,471.1,471.5,470.8,471.2,44792,0
20230608,200000,471.2,471.3,470.5,471,30726,0
20230608,210000,471,471.2,470.5,470.5,16633,0
20230608,220000,470.5,470.7,470.3,470.6,37250,0
20230608,230000,470.4,470.9,470.4,470.9,28539,0
20230609,100000,471.4,472,470,470.5,216949,0
20230609,110000,470.3,470.5,469,470.5,167548,0
20230609,120000,470.4,470.5,469.3,469.7,89688,0
20230609,130000,469.7,470.1,468.8,469.8,93694,0
20230609,140000,469.9,470.5,469.8,470.4,60142,0
20230609,150000,470.4,470.6,470,470.6,85038,0
20230609,160000,470.6,473.8,470.1,473.7,309343,0
20230609,170000,473.7,473.7,472.2,473.4,192396,0
20230609,180000,473.2,473.4,471.5,473,131472,0
20230609,190000,473,474,471.9,472.7,47769,0
20230609,200000,472.6,472.7,471.9,472.6,31644,0
20230609,210000,472.6,473,472.4,473,42575,0
20230609,220000,473,473.1,471,472,70734,0
20230609,230000,472.2,472.5,472,472.4,27784,0
20230613,100000,473.8,480.9,473.2,478,561216,0
20230613,110000,478.2,479,478,478.4,192999,0
20230613,120000,478.3,479,477.6,478.9,132764,0
20230613,130000,478.7,479,478,478.7,103884,0
20230613,140000,478.7,479,478.2,478.6,87998,0
20230613,150000,478.7,479.2,478.6,479.1,130758,0
20230613,160000,479.2,479.5,479,479.2,116327,0
20230613,170000,479.3,479.4,478.6,479,74027,0
20230613,180000,478.9,481,477.7,481,227329,0
20230613,190000,480.7,481.9,480.3,481.4,106120,0
20230613,200000,481.3,481.5,481,481.4,39393,0
20230613,210000,481.5,481.5,480,481,88946,0
20230613,220000,481,481.5,480.6,481.3,64756,0
20230613,230000,481.2,481.4,480.5,481,60517,0
20230614,100000,482.2,486.6,481.1,483.6,608645,0
20230614,110000,483.7,486.3,483.5,486.2,511891,0
20230614,120000,486.2,486.4,484.3,485,171525,0
20230614,130000,485,485.9,483.5,484.3,183755,0
20230614,140000,484,486.1,483.8,486,255037,0
20230614,150000,486.1,487,485.6,486.3,212051,0
20230614,160000,486.1,487,486.1,486.8,135418,0
20230614,170000,486.7,486.9,486.3,486.9,101107,0
20230614,180000,486.9,487.8,485.7,485.7,234651,0
20230614,190000,486.8,487.8,485.7,486.4,102479,0
20230614,200000,486.5,487.2,486,487.2,58635,0
20230614,210000,487.1,488.3,487.1,488.2,158933,0
20230614,220000,488.2,488.3,487.3,488,49278,0
20230614,230000,488,488.5,487.7,488.1,116166,0
20230615,100000,489.2,495.3,488.2,493.4,900328,0
20230615,110000,493.4,495,493.3,493.4,299411,0
20230615,120000,493.5,496.4,493.5,496.4,306680,0
20230615,130000,496.4,499,496.3,498.6,467492,0
20230615,140000,498.7,503.6,498.3,501.1,782068,0
20230615,150000,501.2,507.4,500.9,507.4,1055265,0
20230615,160000,507.4,507.6,500.6,506.1,976573,0
20230615,170000,506,507,504.1,504.9,398990,0
20230615,180000,504.9,505.3,502,503.5,273835,0
20230615,190000,503.5,509.1,503.1,508.2,313490,0
20230615,200000,507.9,514.5,507.9,513.5,796863,0
20230615,210000,513.4,515.6,512.1,514,548996,0
20230615,220000,514.1,514.5,512.2,513.9,293143,0
20230615,230000,513.9,515,513.3,515,275487,0
20230616,100000,516.3,521,510.2,512.2,1833223,0
20230616,110000,512.2,516.5,505.7,512.4,1139417,0
20230616,120000,512.3,514.8,509,510,369459,0
20230616,130000,510.2,512,509.8,511.4,272601,0
20230616,140000,511.3,511.5,510.1,510.9,183603,0
20230616,150000,510.8,513.8,510.5,511.7,333931,0
20230616,160000,511.6,512,508,510.1,299651,0
20230616,170000,510.1,512.1,509.8,511,161488,0
20230616,180000,511,512.2,510.5,511,100289,0
20230616,190000,511.7,511.8,508.2,508.7,182996,0
20230616,200000,508.7,510,507.9,509.7,118883,0
20230616,210000,509.8,510.8,508.7,510.8,69382,0
20230616,220000,510.8,510.8,510.2,510.7,71535,0
20230616,230000,510.8,511.8,510.5,511.7,140390,0
20230619,100000,507.7,509.7,500.2,503.7,2073814,0
20230619,110000,503.8,506,502.4,502.9,250535,0
20230619,120000,502.7,503,499,500.4,556759,0
20230619,130000,500.2,504.9,500,502.5,247781,0
20230619,140000,502.5,503.8,501.5,503.7,142709,0
20230619,150000,503.7,504,501.5,502.3,314031,0
20230619,160000,502.1,502.5,501.9,502.4,168346,0
20230619,170000,502.4,504,502,503.9,226007,0
20230619,180000,503.9,507.6,503.8,507.6,269392,0
20230619,190000,506.6,507.3,505.5,505.6,90132,0
20230619,200000,505.6,505.6,503,504.3,89751,0
20230619,210000,504.5,504.5,502.4,503.7,73875,0
20230619,220000,503.8,504.5,503.3,504.3,33267,0
20230619,230000,504,504.4,502.3,503.6,40605,0
20230620,100000,503.9,504.6,500.2,501.5,298868,0
20230620,110000,501.3,503,501,501.7,202434,0
20230620,120000,501.7,503.5,501.1,503.4,145695,0
20230620,130000,503.4,503.8,502.7,502.7,192126,0
20230620,140000,502.8,503,501.9,502.2,114959,0
20230620,150000,502.2,504.5,501.5,502.7,260780,0
20230620,160000,502.7,503,494,500.6,860292,0
20230620,170000,500.7,501.7,500,500.7,171617,0
20230620,180000,500.7,504,500.7,504,166302,0
20230620,190000,504,506.8,503.1,504.9,174319,0
20230620,200000,504.9,505.1,503.3,503.9,53213,0
20230620,210000,504,504.8,503.8,504.1,32127,0
20230620,220000,504.1,504.5,503.9,504.2,43285,0
20230620,230000,504.3,504.3,503.1,503.6,31617,0
20230621,100000,504.5,505.1,501.9,503.1,174234,0
20230621,110000,503.1,503.4,502.3,503,147135,0
20230621,120000,503,503.4,503,503.3,135079,0
20230621,130000,503.3,503.5,503,503.5,93990,0
20230621,140000,503.5,503.5,502.2,503.4,175805,0
20230621,150000,503.3,503.7,502.7,502.8,124768,0
20230621,160000,502.9,503,501,502.4,205105,0
20230621,170000,502.4,502.4,500.6,501.6,168600,0
20230621,180000,501.7,503,501.7,503,61891,0
20230621,190000,501.7,502.8,501.3,502.4,44762,0
20230621,200000,502.4,502.8,501.9,502.1,31478,0
20230621,210000,502.1,504.3,502,504,103549,0
20230621,220000,504,504.5,502.8,503.1,39253,0
20230621,230000,503.2,504,502.9,503.3,23928,0
20230622,100000,503.3,503.5,501,501.2,134250,0
20230622,110000,501.2,502.1,501,501.7,114317,0
20230622,120000,501.6,503.3,501.3,503,72111,0
20230622,130000,503,505.8,502.5,505.6,176018,0
20230622,140000,505.8,506.2,504.2,505.6,142204,0
20230622,150000,505.5,505.9,504.1,504.8,154513,0
20230622,160000,504.8,505.9,504.5,505.4,76832,0
20230622,170000,505.1,508.8,505,508.1,305538,0
20230622,180000,508.1,511.4,507.5,507.5,289137,0
20230622,190000,508.1,508.1,506.7,506.9,50696,0
20230622,200000,506.9,507.5,506.6,507.1,21284,0
20230622,210000,507.1,507.1,506,506.2,38972,0
20230622,220000,506.2,506.7,502.9,503.7,124224,0
20230622,230000,503.7,505.5,502.3,504.3,94572,0
20230623,100000,503.9,505.6,501,502,451067,0
20230623,110000,502,504.5,501.8,504.4,95062,0
20230623,120000,504.4,505.3,504.3,504.8,133000,0
20230623,130000,504.9,505,504.1,504.7,62234,0
20230623,140000,504.7,505,504.5,504.5,35777,0
20230623,150000,504.5,504.7,503.5,503.8,79350,0
20230623,160000,504,504.5,503,503.5,37614,0
20230623,170000,503.5,504.3,503,504,72691,0
20230623,180000,503.7,508.5,503.2,506.6,305823,0
20230623,190000,506.3,507.7,505.8,505.8,34095,0
20230623,200000,505.8,506,505.1,505.8,26222,0
20230623,210000,505.8,506,501,501.6,172271,0
20230623,220000,501.5,503.4,495.6,497.6,582137,0
20230623,230000,497.9,500,486.6,494.6,660717,0
20230626,100000,499.2,505,497,497,785459,0
20230626,110000,497.1,502.1,496.6,500.4,352844,0
20230626,120000,500.6,500.9,499.6,500.5,100784,0
20230626,130000,500.4,500.5,499,499.2,100501,0
20230626,140000,499.2,499.8,498.7,499.3,86996,0
20230626,150000,499.3,499.9,498.8,499.2,42448,0
20230626,160000,499.1,500.5,499,500.4,74302,0
20230626,170000,500.2,500.4,499.2,499.2,40564,0
20230626,180000,499.4,500.4,497.9,497.9,141252,0
20230626,190000,498.5,499,496.6,499,109100,0
20230626,200000,499,501.9,498.8,499.9,108460,0
20230626,210000,500,500,494,494.4,217770,0
20230626,220000,494.4,500.9,490,498.7,516585,0
20230626,230000,498.7,499.2,498.1,498.5,51010,0
20230627,100000,498.5,499.9,496.4,499.6,100824,0
20230627,110000,499.5,501.3,499.2,500.5,185835,0
20230627,120000,500.6,501.7,498,499.2,157950,0
20230627,130000,499.3,499.7,495.1,497.3,332514,0
20230627,140000,497.3,498.8,496.5,497.9,79120,0
20230627,150000,498.2,499.6,497.8,499.4,95088,0
20230627,160000,499.4,499.8,498,498.5,131785,0
20230627,170000,498.4,499.3,498.1,498.4,124489,0
20230627,180000,498.6,499.4,495.2,495.3,346621,0
20230627,190000,496.3,499,495.9,498.8,115457,0
20230627,200000,498.7,499.1,498.1,498.4,68323,0
20230627,210000,498.5,498.7,497.7,497.9,28008,0
20230627,220000,498,498.5,497.8,497.9,33321,0
20230627,230000,497.9,498.5,496.7,497.9,56807,0
20230628,100000,499,502,498.1,500.2,300152,0
20230628,110000,500.4,501,499,499.8,198899,0
20230628,120000,499.7,500,499,499.6,99852,0
20230628,130000,499.6,501,499.5,500.7,148430,0
20230628,140000,500.7,500.9,499.5,500.3,90049,0
20230628,150000,500.3,500.4,498.4,499.5,121412,0
20230628,160000,499.5,500,499.3,500,78061,0
20230628,170000,500,501,499.8,500.9,85705,0
20230628,180000,500.9,501.9,500.4,501.9,115816,0
20230628,190000,501.5,501.9,499.4,500.7,71334,0
20230628,200000,500.5,501,499.3,499.9,80679,0
20230628,210000,499.9,500.3,499.8,499.9,43639,0
20230628,220000,499.9,500.3,499.2,499.7,38565,0
20230628,230000,499.9,500.2,499.6,500,13142,0
20230629,100000,500.2,503.7,499,503.1,528936,0
20230629,110000,503.1,503.9,502.9,503.6,189181,0
20230629,120000,503.6,503.8,502.2,502.7,121138,0
20230629,130000,502.5,504,502,502.5,195971,0
20230629,140000,502.5,503.1,500.1,500.7,254401,0
20230629,150000,500.9,502.6,500.7,502.2,84668,0
20230629,160000,502.2,503.4,502,503.3,79626,0
20230629,170000,503.3,503.8,502.6,503.3,88824,0
20230629,180000,503.2,504,502.9,504,102015,0
20230629,190000,504,504,502.4,503,41098,0
20230629,200000,503.1,503.6,502.5,503.5,32687,0
20230629,210000,503.5,504,503.1,503.7,33303,0
20230629,220000,503.6,509.5,503.3,508.2,381294,0
20230629,230000,508.4,509.1,504.9,507.7,195300,0
20230630,100000,508,509.1,503,507,414873,0
20230630,110000,506.8,507.2,504.1,504.6,96083,0
20230630,120000,504.5,507.5,502.1,506.5,339265,0
20230630,130000,506.5,506.8,505.4,506,40681,0
20230630,140000,506,507.4,505.5,505.7,67547,0
20230630,150000,505.7,506.9,505.5,506.7,97232,0
20230630,160000,506.8,509.8,505.6,506,580677,0
20230630,170000,505.9,507.2,504.7,507,148572,0
20230630,180000,507,507.8,506,507.8,89535,0
20230630,190000,507.8,507.9,506.1,506.5,58324,0
20230630,200000,506.4,506.5,505.6,506,72156,0
20230630,210000,506.1,506.4,505,505.5,71338,0
20230630,220000,505.7,505.7,504.3,504.3,81479,0
20230630,230000,504.2,505.7,504.1,505.7,115072,0
20230703,100000,505.9,507.8,500.6,501.2,485416,0
20230703,110000,501.3,502.7,500.8,501.9,180778,0
20230703,120000,501.9,504.6,501.8,504,107859,0
20230703,130000,504,504.2,502.7,503.1,81122,0
20230703,140000,502.9,503.5,501.3,503.4,129149,0
20230703,150000,503.4,503.5,501.1,501.8,101303,0
20230703,160000,501.8,503.5,501.5,503.1,145827,0
20230703,170000,503.1,503.1,501.6,502.7,99838,0
20230703,180000,502.7,503.4,501.4,503.4,197692,0
20230703,190000,503.3,503.3,502,502.5,23456,0
20230703,200000,502.5,502.5,501.3,501.8,45116,0
20230703,210000,501.8,502.3,501.6,501.8,26142,0
20230703,220000,501.8,501.9,499.2,499.2,98242,0
20230703,230000,499.2,500.6,499.2,500.1,62056,0
20230704,100000,500.1,500.7,491.8,495,750575,0
20230704,110000,495,495,492,493.9,386756,0
20230704,120000,493.9,494.6,493.4,493.6,148474,0
20230704,130000,493.6,493.7,492.8,493.2,173860,0
20230704,140000,493.1,494.4,493,493.9,80055,0
20230704,150000,494,494.9,493.9,494.4,108599,0
20230704,160000,494.4,494.4,492.9,493.6,95443,0
20230704,170000,493.7,495.1,493.1,495.1,137011,0
20230704,180000,495.1,498.7,495,498.6,210909,0
20230704,190000,498.7,498.9,497,497.2,54383,0
20230704,200000,497.2,498,496,496,60404,0
20230704,210000,496.1,496.1,493.6,493.9,90766,0
20230704,220000,493.8,494.7,493.5,493.6,48728,0
20230704,230000,493.9,494,493.1,493.4,39602,0
20230705,100000,494.9,497.6,494.4,497.5,176282,0
20230705,110000,497.5,502.6,497.5,501.9,452181,0
20230705,120000,501.9,502,498.8,500,195981,0
20230705,130000,500,500.2,497.1,497.4,178295,0
20230705,140000,497.4,498.4,497.1,498.2,101069,0
20230705,150000,498.2,499.2,497.1,499.1,113487,0
20230705,160000,499,501.7,498.2,501.6,263918,0
20230705,170000,501.6,502.4,501.1,501.7,303072,0
20230705,180000,501.7,502.5,500.9,502.5,239147,0
20230705,190000,501.7,501.9,498.7,500.7,77428,0
20230705,200000,500.7,500.7,499.8,500.7,31148,0
20230705,210000,500.7,501,500.4,501,35832,0
20230705,220000,501,501.8,500.8,501.7,53639,0
20230705,230000,501.7,501.8,501.4,501.7,45684,0
20230706,100000,501.9,502.7,499.3,500.4,380100,0
20230706,110000,500.3,501.6,500.3,501.3,230115,0
20230706,120000,501.2,501.7,500.4,501.2,136681,0
20230706,130000,501.2,501.3,500.2,500.3,82102,0
20230706,140000,500.2,500.8,500,500.7,47761,0
20230706,150000,500.8,501,498.9,499,120176,0
20230706,160000,499.1,499.9,498.7,499.6,74595,0
20230706,170000,499.5,500.5,499,499.6,132787,0
20230706,180000,499.6,502,499.4,502,264656,0
20230706,190000,502,502,499.3,500.3,62455,0
20230706,200000,500.3,500.3,499.3,500,25513,0
20230706,210000,500,500.2,499.7,500.1,33389,0
20230706,220000,500.2,500.6,499.8,500,41204,0
20230706,230000,499.9,500.2,498.8,499.2,83796,0
20230707,100000,497.5,499.6,496.1,497.6,460459,0
20230707,110000,497.7,498.9,497.1,498.5,287399,0
20230707,120000,498.3,499.7,498,499.3,173618,0
20230707,130000,499.5,500,498.4,498.7,300175,0
20230707,140000,498.6,499.3,498.2,498.4,109193,0
20230707,150000,498.5,500,498.4,499.4,275037,0
20230707,160000,499.4,499.8,498.9,499.5,160246,0
20230707,170000,499.4,499.7,498.6,498.8,239635,0
20230707,180000,498.8,500,498.5,499.8,267256,0
20230707,190000,499.1,499.8,498.4,499.2,193392,0
20230707,200000,499.1,500,499,499.9,250691,0
20230707,210000,500,502,499.8,500,271659,0
20230707,220000,500.2,502,499.8,501.1,227659,0
20230707,230000,501.3,501.4,499.8,501,393506,0
20230710,100000,476.6,488.5,475.2,488.1,2961768,0
20230710,110000,488.1,488.6,485.3,487.8,572241,0
20230710,120000,487.9,488.3,485.8,487.4,343893,0
20230710,130000,487.4,487.7,486.1,486.4,135812,0
20230710,140000,486.4,487.1,485,485.2,310748,0
20230710,150000,485.2,487,485.2,486.3,132519,0
20230710,160000,486.3,487.1,485.9,487,135627,0
20230710,170000,487,488.1,486.9,488,142978,0
20230710,180000,488,489,487.7,489,214521,0
20230710,190000,489.2,489.2,486.2,488,136876,0
20230710,200000,487.9,488.5,487.8,488.4,50992,0
20230710,210000,488.4,488.5,488.1,488.4,39043,0
20230710,220000,488.4,488.6,488.3,488.3,52358,0
20230710,230000,488.4,488.5,487.2,487.9,76458,0
20230711,100000,487.9,492.3,486.2,491.9,657189,0
20230711,110000,491.9,491.9,490.4,490.9,104592,0
20230711,120000,490.9,491.2,488.4,489.9,206551,0
20230711,130000,489.9,490.5,488.1,490.4,122670,0
20230711,140000,490.4,490.7,490.2,490.7,64101,0
20230711,150000,490.6,490.8,490,490.3,124583,0
20230711,160000,490.4,490.4,489.4,489.9,124529,0
20230711,170000,489.9,490.4,489.2,490.4,90888,0
20230711,180000,490.4,490.4,488.5,488.5,68494,0
20230711,190000,488.6,490.9,488.5,489.8,52245,0
20230711,200000,489.8,490.3,488.9,489.9,35879,0
20230711,210000,490,490,489.8,490,16420,0
20230711,220000,490,490.5,489.9,490.4,35349,0
20230711,230000,490.4,490.7,490.2,490.7,23426,0
20230712,100000,492,492,488.7,491.2,236622,0
20230712,110000,491.3,492,491,492,109428,0
20230712,120000,492,492,491.2,491.6,69569,0
20230712,130000,491.6,492.3,491.2,492,78462,0
20230712,140000,492,493.3,491.7,493.1,115128,0
20230712,150000,493,493.1,492.2,493,220606,0
20230712,160000,493,494.4,492.6,493.8,264860,0
20230712,170000,494.1,495.7,493.5,495.5,185338,0
20230712,180000,495.5,496.7,495.2,496.7,169323,0
20230712,190000,496.1,497.8,495.1,495.2,95527,0
20230712,200000,495.3,495.5,492.2,493.6,174605,0
20230712,210000,493.6,496.5,493.4,496.1,61990,0
20230712,220000,496.5,496.5,494.6,495,44059,0
20230712,230000,494.9,495.7,494.9,495.6,23503,0
20230713,100000,496,499.6,496,496.3,479590,0
20230713,110000,496.3,498.5,494.6,497.5,324375,0
20230713,120000,497.5,498.5,496.3,497.1,92414,0
20230713,130000,497.1,497.1,493.5,494.4,161874,0
20230713,140000,494.4,495.6,494.3,495,53031,0
20230713,150000,495.1,497,494.9,496.7,125445,0
20230713,160000,496.7,496.9,496,496.4,84047,0
20230713,170000,496.4,496.9,496,496.3,77432,0
20230713,180000,496.4,496.8,493.7,493.7,167093,0
20230713,190000,494.8,495.2,493.5,494.8,79796,0
20230713,200000,494.8,494.9,493.5,494.2,35518,0
20230713,210000,494,495,493.7,494.2,22154,0
20230713,220000,494.2,495.1,494.2,495.1,18805,0
20230713,230000,495,495.9,494.5,494.7,53192,0
20230714,100000,493.5,494.4,492,493.7,214769,0
20230714,110000,493.7,495.3,493.3,494.8,111538,0
20230714,120000,494.9,495.6,494.5,494.9,91752,0
20230714,130000,495,496.2,494.9,496.1,84279,0
20230714,140000,496.1,496.5,495.4,496.5,66491,0
20230714,150000,496.3,496.7,495.9,495.9,62063,0
20230714,160000,496.1,496.5,495.7,495.8,86505,0
20230714,170000,496,496.1,495,495.4,126363,0
20230714,180000,495.5,497,494.9,497,222011,0
20230714,190000,496.1,496.7,495.8,496.2,44881,0
20230714,200000,496.3,496.6,496,496.2,32913,0
20230714,210000,496.2,496.4,495.8,496.4,25654,0
20230714,220000,496.3,496.5,496,496.4,35373,0
20230714,230000,496.4,496.4,495.9,496,47693,0
20230717,100000,494,496.4,493.1,495.7,237052,0
20230717,110000,495.7,496.6,495.1,496.6,178870,0
20230717,120000,496.6,498.9,496.4,497.7,187383,0
20230717,130000,497.8,499.3,495.5,498.5,300982,0
20230717,140000,498.5,499.2,497.3,498.3,122668,0
20230717,150000,498.3,499,498,498.5,86650,0
20230717,160000,498.5,498.5,497,497.6,104128,0
20230717,170000,497.6,497.7,495.4,495.5,290916,0
20230717,180000,495.5,496.3,495.1,496.3,327017,0
20230717,190000,496.3,497.2,495.7,497.1,37421,0
20230717,200000,497.1,497.2,496.2,496.6,30041,0
20230717,210000,496.6,496.8,496.4,496.6,13224,0
20230717,220000,496.5,496.7,495.7,496.5,62177,0
20230717,230000,496.4,496.6,495.7,496.4,25998,0
20230718,100000,496.7,497.6,495.6,497.1,164019,0
20230718,110000,497.1,498.5,496.2,498.5,191653,0
20230718,120000,498.5,498.6,496.7,497.7,113988,0
20230718,130000,497.6,498,496.8,497.3,72548,0
20230718,140000,497.4,498.5,496.8,497.7,111425,0
20230718,150000,497.5,498,497.3,497.9,57184,0
20230718,160000,497.9,497.9,496.5,497,74517,0
20230718,170000,497,497.6,496.1,497.6,101713,0
20230718,180000,497.6,498.6,496.6,498.6,170464,0
20230718,190000,498.1,498.3,497.5,497.8,50369,0
20230718,200000,497.8,497.9,497.6,497.8,25866,0
20230718,210000,497.7,497.8,497.5,497.8,20699,0
20230718,220000,497.8,497.8,497.4,497.6,18786,0
20230718,230000,497.6,497.7,497.4,497.7,58073,0
20230719,100000,497.7,498.5,497.1,498.2,203600,0
20230719,110000,498.2,498.2,496.8,497.7,170683,0
20230719,120000,497.6,497.8,495.9,497.1,137652,0
20230719,130000,497,497.3,495.6,495.9,79563,0
20230719,140000,495.8,496.1,495.3,496,54028,0
20230719,150000,496.1,498,495.9,496.6,88002,0
20230719,160000,496.5,497,496.1,496.3,47710,0
20230719,170000,496.5,497,496.1,496.4,50919,0
20230719,180000,496.5,497.2,496.2,497,48163,0
20230719,190000,497,497.1,496,496.6,40572,0
20230719,200000,496.8,496.8,496.6,496.7,19075,0
20230719,210000,496.7,496.8,496.6,496.7,19005,0
20230719,220000,496.7,496.8,496,496.2,21092,0
20230719,230000,496.3,496.6,496.1,496.5,9520,0
20230720,100000,496.5,496.9,493.7,495.1,189247,0
20230720,110000,495,495.1,492.5,492.6,179460,0
20230720,120000,492.6,492.6,487.1,491.6,418058,0
20230720,130000,491.5,492,488.4,491.2,266747,0
20230720,140000,491.3,492.5,491.1,492.4,74368,0
20230720,150000,492.4,493.3,492.3,493.3,88565,0
20230720,160000,493.3,494.5,492.8,493,152926,0
20230720,170000,493,493.6,491.6,492.9,151506,0
20230720,180000,493.1,493.2,489.7,490.7,119743,0
20230720,190000,490.8,491,488.6,489,95107,0
20230720,200000,489,490,488,489.8,91155,0
20230720,210000,489.8,490,488.6,489.1,54264,0
20230720,220000,489.1,489.1,488.2,488.5,24978,0
20230720,230000,488.4,489,488.1,488.6,32956,0
20230721,100000,489.5,491.8,488,491.7,150169,0
20230721,110000,491.8,493.1,491.5,493.1,238234,0
20230721,120000,493.1,493.7,490.7,492.5,296959,0
20230721,130000,492.5,493,489,491.2,165031,0
20230721,140000,491.2,491.6,489,490.2,167810,0
20230721,150000,490.4,491.7,490.1,491,94632,0
20230721,160000,491,492.8,490.7,491.4,100396,0
20230721,170000,491.4,492.8,491.4,492.5,94564,0
20230721,180000,492.3,495,492.2,495,187106,0
20230721,190000,494.8,495,493.5,493.9,74681,0
20230721,200000,493.9,494.5,493.6,494.4,19782,0
20230721,210000,494.4,494.8,494.2,494.7,29325,0
20230721,220000,494.8,495.2,494.7,495,38174,0
20230721,230000,494.8,495,493.9,494.7,43394,0
20230724,100000,495,497.3,493.3,496.7,249792,0
20230724,110000,496.5,497.9,495.3,496.8,223700,0
20230724,120000,496.8,496.9,495.6,496.1,62340,0
20230724,130000,496.1,496.7,495.5,496.6,63669,0
20230724,140000,496.5,497.4,496,496.7,75720,0
20230724,150000,496.7,497,496.5,497,44471,0
20230724,160000,496.9,497,496,496.3,59928,0
20230724,170000,496.2,496.4,495.9,496,38687,0
20230724,180000,496.1,496.9,495.9,496.9,63031,0
20230724,190000,496.4,497.8,496.2,497.6,59325,0
20230724,200000,497.6,497.6,497,497.4,34273,0
20230724,210000,497.5,497.8,497.2,497.6,36371,0
20230724,220000,497.8,498.5,497.6,498.3,66611,0
20230724,230000,498.4,498.8,497.1,498.1,60527,0
20230725,100000,499,508,498.3,503.6,1115121,0
20230725,110000,503.6,503.9,502.1,503,180132,0
20230725,120000,502.9,503.6,502.7,503.3,108735,0
20230725,130000,503.2,504,503.1,503.9,130670,0
20230725,140000,503.9,504.2,503,504.2,164436,0
20230725,150000,504.2,505.4,503.8,504.3,217541,0
20230725,160000,504.4,506,504.1,505.9,204514,0
20230725,170000,505.8,507,505.8,507,208615,0
20230725,180000,507,512.2,506.8,512.2,498566,0
20230725,190000,511.5,511.5,509.1,509.4,291941,0
20230725,200000,509.3,511,509.1,510.5,83912,0
20230725,210000,510.5,512.2,508,509.8,312020,0
20230725,220000,509.9,510,509.3,509.9,48403,0
20230725,230000,509.9,509.9,509.3,509.3,38712,0
20230726,100000,509.4,513.5,505.1,506.5,537587,0
20230726,110000,506.5,506.7,502.5,506.7,276316,0
20230726,120000,506.7,507.2,504.9,504.9,113514,0
20230726,130000,504.9,507.5,504.1,507.4,98236,0
20230726,140000,507.5,510.9,507.4,509.2,242007,0
20230726,150000,509.4,510,508,509.4,104988,0
20230726,160000,509.4,510.4,509,509.9,120344,0
20230726,170000,509.9,510,507.2,507.8,205431,0
20230726,180000,508,509.1,506.3,506.3,260902,0
20230726,190000,506.8,506.9,505.5,506.8,59105,0
20230726,200000,506.8,507,505.9,507,90902,0
20230726,210000,507,507.2,506,506.4,40280,0
20230726,220000,506.3,506.8,506.1,506.6,17496,0
20230726,230000,506.6,506.7,506.1,506.4,24155,0
20230727,100000,507.9,509.3,506.4,508.7,212299,0
20230727,110000,508.5,510.7,508.4,510.3,208563,0
20230727,120000,510.1,510.6,509.1,510.1,148442,0
20230727,130000,510,510.7,510,510.2,196850,0
20230727,140000,510.4,510.7,509.4,509.9,94923,0
20230727,150000,509.8,510.6,509.6,510.1,142056,0
20230727,160000,510.1,511.6,509.6,510.9,213297,0
20230727,170000,510.8,511.1,510.1,510.2,135601,0
20230727,180000,510.2,511.2,509.2,509.2,193237,0
20230727,190000,509.2,510.7,507.2,510.2,105340,0
20230727,200000,510.2,512.6,509.4,510.7,136381,0
20230727,210000,510.7,511.3,506.1,510,119334,0
20230727,220000,510,510.6,508.3,509.1,62309,0
20230727,230000,509,509.7,508.6,509.4,26627,0
20230728,100000,509.7,511,506.9,510.3,175557,0
20230728,110000,510.3,511.9,510,511.8,172582,0
20230728,120000,511.8,512.5,510.8,511.9,170436,0
20230728,130000,511.9,519.8,511.9,517.9,844223,0
20230728,140000,517.9,518,514.3,514.7,384995,0
20230728,150000,514.8,516.3,514.4,516,163165,0
20230728,160000,516,516.7,515.4,516,76104,0
20230728,170000,516.1,518,515.1,517.2,172393,0
20230728,180000,517.5,517.6,516.3,517.5,132026,0
20230728,190000,518,518,516,516.1,50413,0
20230728,200000,516,516.6,515.6,516,30524,0
20230728,210000,516.3,516.9,515.5,516.9,55186,0
20230728,220000,516.9,517.4,516.6,517,68388,0
20230728,230000,516.9,517,516,516.5,43726,0
20230731,100000,519.4,525.5,518.7,523.5,959491,0
20230731,110000,523.5,524.3,520.1,522.5,360608,0
20230731,120000,522.4,523,521.1,522,146018,0
20230731,130000,521.9,523,520.2,522.6,221017,0
20230731,140000,522.7,523,520.1,520.7,225152,0
20230731,150000,520.7,521.1,516.3,518.7,523646,0
20230731,160000,518.8,520.3,518,519.4,141772,0
20230731,170000,519.4,520.5,519.1,519.6,174613,0
20230731,180000,519.6,523.5,518.1,523.5,284657,0
20230731,190000,522.7,523,521.4,522,125176,0
20230731,200000,522,522.2,521,521.8,31497,0
20230731,210000,521.8,522.7,521,522.6,62138,0
20230731,220000,522.6,524.3,522.5,523.4,96871,0
20230731,230000,523.3,524,522.8,523.5,36273,0
20230801,100000,525,525,518.7,521,397156,0
20230801,110000,521.1,522.9,519.8,520.9,243488,0
20230801,120000,520.8,524,520.8,522.8,237906,0
20230801,130000,522.8,523.3,521.4,523.2,133926,0
20230801,140000,523.2,523.8,522,523.4,125751,0
20230801,150000,523.4,525.7,522.7,524.2,286928,0
20230801,160000,524.4,529.6,523,528.4,363544,0
20230801,170000,528.4,531.6,527.1,527.5,411218,0
20230801,180000,527.4,527.6,523.4,523.4,298693,0
20230801,190000,524,527.2,523.1,526.9,160754,0
20230801,200000,527,527.4,525,525,45477,0
20230801,210000,525.1,525.5,525,525.5,60909,0
20230801,220000,525.4,527,525,527,57368,0
20230801,230000,527,527,525.7,526.5,34555,0
20230802,100000,526.7,529.5,521.9,524.7,390323,0
20230802,110000,524.8,526.7,524.6,526.4,121764,0
20230802,120000,526.4,528.4,525.1,527.4,171339,0
20230802,130000,527.4,535,526.4,533.7,626450,0
20230802,140000,533.7,535.5,533.5,533.8,472114,0
20230802,150000,533.8,534,532,533,307406,0
20230802,160000,533,540.1,533,537.7,660735,0
20230802,170000,537.7,538.6,535,536.2,542857,0
20230802,180000,536.2,538.2,535,535.1,208575,0
20230802,190000,536,538.5,535,537.2,121026,0
20230802,200000,537.2,538.3,537,537.3,41908,0
20230802,210000,537.5,537.7,537.2,537.7,35043,0
20230802,220000,537.8,538,537.5,537.9,40411,0
20230802,230000,537.8,538,537.2,537.5,38822,0
20230803,100000,539,539.9,531.6,534,607090,0
20230803,110000,533.7,539.6,533.7,537.4,281874,0
20230803,120000,537.4,542.3,536,541.5,302845,0
20230803,130000,541.3,543.9,540.1,543.7,268524,0
20230803,140000,543.9,544.4,542.2,543.9,188040,0
20230803,150000,544,545,542.3,542.5,341570,0
20230803,160000,542.5,543.7,541.4,543,198968,0
20230803,170000,542.9,546,542.9,544.8,293464,0
20230803,180000,544.7,549,544.1,548,269390,0
20230803,190000,549,549.3,547.1,548.4,71644,0
20230803,200000,548.5,548.5,547.1,547.4,37548,0
20230803,210000,547.4,549,547.1,549,34680,0
20230803,220000,549,549,547.4,547.8,42961,0
20230803,230000,547.6,549,547.2,547.7,57818,0
20230804,100000,548,551.8,547.9,551.6,485904,0
20230804,110000,551.5,564.3,550.8,563.5,717755,0
20230804,120000,563.7,572,561.8,565.9,1074349,0
20230804,130000,565.9,569.7,565.5,567.8,466246,0
20230804,140000,567.8,568.7,552.2,559.3,947162,0
20230804,150000,559.2,559.3,535.1,552,1715527,0
20230804,160000,552,557,551.4,551.7,544322,0
20230804,170000,551.7,553.6,545.8,551.4,555816,0
20230804,180000,551.4,551.7,540.3,540.3,332032,0
20230804,190000,540.9,541.3,527,534,596722,0
20230804,200000,533.9,542.4,533.5,539.1,235712,0
20230804,210000,539.1,541.8,538.3,541.7,79512,0
20230804,220000,541.7,543,540.7,541.5,74581,0
20230804,230000,541.5,542,538.3,541.9,75160,0
20230807,100000,546,565,545.9,565,1423085,0
20230807,110000,565,565.6,558.4,560.8,1028716,0
20230807,120000,560.4,562,556,558,457911,0
20230807,130000,558,560,555.6,559.5,222380,0
20230807,140000,559.7,562.9,559.3,561.4,257194,0
20230807,150000,561.4,561.7,558.3,559.1,256131,0
20230807,160000,558.8,561.7,558.2,561.7,129854,0
20230807,170000,561.7,561.9,550,551.8,703746,0
20230807,180000,551.9,552,542.3,542.3,642849,0
20230807,190000,543.1,548.6,542.3,545.6,322805,0
20230807,200000,545.7,548.2,542.5,547.7,199042,0
20230807,210000,548.1,548.3,545.5,546.9,103066,0
20230807,220000,546.8,548.8,546.7,548,102120,0
20230807,230000,548.1,549,546.8,548.7,44963,0
20230808,100000,549.1,557.2,542.7,548.5,1087183,0
20230808,110000,548.6,549.3,542,548.9,568566,0
20230808,120000,548.9,551.8,547.2,549.5,293716,0
20230808,130000,549.5,551,549.2,550,198110,0
20230808,140000,550,551,549.5,551,261702,0
20230808,150000,550.9,551,545.2,546.8,417750,0
20230808,160000,546.9,549.5,545.6,549.1,133527,0
20230808,170000,549.2,551.9,548.8,550.9,180889,0
20230808,180000,550.8,551,549.1,549.3,93006,0
20230808,190000,550.5,553.3,550,552.5,95461,0
20230808,200000,552.4,555.2,552.1,553.9,145505,0
20230808,210000,554,554.3,553.2,553.8,56079,0
20230808,220000,553.8,554.9,553.6,554.9,56923,0
20230808,230000,554.9,555.8,554.8,555.5,69176,0
20230809,100000,557,559.6,552.5,557.3,360725,0
20230809,110000,557.3,559.3,557.3,558.6,138323,0
20230809,120000,558.6,563.6,558.1,560.7,437336,0
20230809,130000,560.8,562.7,556.5,560,353485,0
20230809,140000,560,562.8,559,560.3,236818,0
20230809,150000,560.5,562.9,560.3,562.4,148876,0
20230809,160000,562.3,563.9,560.8,563.6,238289,0
20230809,170000,563.6,564,562,562.5,123872,0
20230809,180000,562.6,565,562.4,562.4,371838,0
20230809,190000,562.9,564.7,562.7,564.1,116795,0
20230809,200000,564.2,564.5,564,564.2,31162,0
20230809,210000,564.2,566.9,564,566.2,207392,0
20230809,220000,566.2,569.3,566.2,568.7,237929,0
20230809,230000,568.7,569.8,568.1,569.5,84415,0
20230810,100000,571.7,579,571,574.3,1070361,0
20230810,110000,574.5,578,573.9,576.5,435985,0
20230810,120000,576.3,579.5,575.7,578.9,352393,0
20230810,130000,579,579.3,574.5,577.1,299934,0
20230810,140000,577.5,578.5,576.5,578,217167,0
20230810,150000,578,578.1,573.1,575.9,297612,0
20230810,160000,575.5,576,573.2,574,262707,0
20230810,170000,574.1,574.2,573.6,574.1,215365,0
20230810,180000,574.1,576.5,574,576.5,186938,0
20230810,190000,576,576.5,573.7,575.9,276223,0
20230810,200000,575.9,576,574,575.6,129528,0
20230810,210000,575.8,576,574.9,575.4,44389,0
20230810,220000,575.4,575.8,574.3,574.5,43585,0
20230810,230000,574.5,575.3,573.8,574.9,64516,0
20230811,100000,575.9,578.6,567.7,577.2,635340,0
20230811,110000,577,577.3,572.6,573.9,197917,0
20230811,120000,573.6,575.8,572,574.5,149358,0
20230811,130000,574.5,577.1,574.4,576.5,154738,0
20230811,140000,576.6,579,575.2,577.2,462937,0
20230811,150000,577.3,578.8,576.4,578.7,172414,0
20230811,160000,578.6,578.7,576.7,577.5,153835,0
20230811,170000,577.7,578.7,575.2,577.9,173379,0
20230811,180000,577.9,578.3,575.5,575.5,193098,0
20230811,190000,576,577.4,575,577,127843,0
20230811,200000,577,577,576,577,64173,0
20230811,210000,576.9,577,576.4,576.8,81107,0
20230811,220000,577,577,576.3,576.8,66044,0
20230811,230000,576.8,577.5,576.3,577.4,80548,0
20230814,100000,587.2,598.2,581,595,2792639,0
20230814,110000,595.1,595.9,590.5,593.5,514360,0
20230814,120000,593.5,595,592.4,593.4,249485,0
20230814,130000,593.2,597.3,593,597.2,446555,0
20230814,140000,597.2,597.3,593.5,594,249071,0
20230814,150000,593.9,594.9,593,594.7,223892,0
20230814,160000,594.7,597,594.3,595,256400,0
20230814,170000,595,595.4,556.9,588.8,2634257,0
20230814,180000,588.7,589.3,575.5,576.1,886533,0
20230814,190000,576.1,587.2,572.6,581.8,455585,0
20230814,200000,581.8,582.9,573,574.8,457121,0
20230814,210000,574.8,575.4,564.9,574.8,496764,0
20230814,220000,574.8,579.7,574.5,576.9,193631,0
20230814,230000,576.9,577.8,574.3,576.3,86337,0
20230815,100000,575.5,590,564.6,589,1626577,0
20230815,110000,588.7,589,580,582.9,427908,0
20230815,120000,582.9,588,582.3,586.8,223057,0
20230815,130000,586.5,587.4,584.3,586.2,209844,0
20230815,140000,586.2,588.9,586,587.9,177171,0
20230815,150000,587.6,587.9,584.2,584.7,233189,0
20230815,160000,584.7,586.1,584,584.8,96780,0
20230815,170000,584.7,588.5,581,586.1,909755,0
20230815,180000,586,586.3,575.3,578.1,574660,0
20230815,190000,580.9,582.8,578.9,580.5,119261,0
20230815,200000,580.4,581.5,579.1,581.2,57263,0
20230815,210000,581.2,581.6,578.6,579.6,70564,0
20230815,220000,579.6,580,574.2,576.9,110698,0
20230815,230000,576.8,576.8,572,574,137840,0
20230816,100000,575,581.5,572.8,574.5,598717,0
20230816,110000,574.6,574.7,563.1,566.2,656789,0
20230816,120000,566.5,571.8,561,562.5,594894,0
20230816,130000,562.4,571.5,560,568,797222,0
20230816,140000,568.1,568.1,560.9,561.2,331433,0
20230816,150000,561,563.7,551.5,559.1,851419,0
20230816,160000,559.1,561.7,555,560.4,405466,0
20230816,170000,560.8,561.5,556.9,561.3,266881,0
20230816,180000,561.3,563.7,560,560.4,132509,0
20230816,190000,560.8,569.2,560.5,564,212957,0
20230816,200000,564,564.8,561.2,564.1,94220,0
20230816,210000,564.2,564.4,561.3,562.3,49221,0
20230816,220000,562.3,562.9,561,562.1,40449,0
20230816,230000,562.1,563,561.7,563,35607,0
20230817,100000,565,570,562.6,567.6,512477,0
20230817,110000,567.6,569.9,566,569.4,267938,0
20230817,120000,569.4,569.9,558.7,561,559123,0
20230817,130000,561.1,565.3,559.8,563.4,232273,0
20230817,140000,563.7,567.9,563.7,564.9,197923,0
20230817,150000,564.6,565.4,561.6,563,154032,0
20230817,160000,563.4,565.4,562.5,565.2,100284,0
20230817,170000,565.4,566.8,563.8,565.9,239502,0
20230817,180000,565.9,566.1,564.3,564.3,152596,0
20230817,190000,564.3,565.3,564.2,565,25869,0
20230817,200000,565,565.3,564.4,565.3,24778,0
20230817,210000,565.3,567,565,567,47037,0
20230817,220000,567,569,565.1,567.7,116003,0
20230817,230000,567.7,568.9,567.1,568.2,38566,0
20230818,100000,568.5,572.4,565.1,566.9,485644,0
20230818,110000,566.9,568.9,566.1,568.9,93867,0
20230818,120000,568.9,569.6,566.2,567.3,100885,0
20230818,130000,567.5,569.2,566.6,567.4,74977,0
20230818,140000,567.3,568.8,565.9,567.2,93310,0
20230818,150000,566.8,568.2,563.4,564.1,245448,0
20230818,160000,564.4,568,564.1,567.5,116115,0
20230818,170000,567.2,569.2,566.7,568.8,123068,0
20230818,180000,568.8,576.4,568.4,576.4,395481,0
20230818,190000,575.6,576.6,573.1,573.9,212184,0
20230818,200000,573.8,576.7,573.3,575.7,60338,0
20230818,210000,575.7,575.8,575,575.5,32171,0
20230818,220000,575.5,575.7,575,575.2,36717,0
20230818,230000,575.2,575.2,574.7,575.1,43485,0
20230821,100000,578.7,583,577.6,582,557544,0
20230821,110000,582,583.9,579.1,583.1,409194,0
20230821,120000,583,583.2,580,582.5,266166,0
20230821,130000,582.6,585.5,582,585.5,342872,0
20230821,140000,585.4,586.6,585,585.9,146341,0
20230821,150000,585.9,587.3,584.7,587,185885,0
20230821,160000,587,587,582,583,218569,0
20230821,170000,583,584.8,578.6,581.3,508245,0
20230821,180000,581.1,584.7,581,582.2,188275,0
20230821,190000,582.9,583.4,581.3,583,72098,0
20230821,200000,583,583.7,582.7,583.7,39397,0
20230821,210000,583.5,583.8,582.5,582.8,23716,0
20230821,220000,582.8,585,582.5,584.7,60210,0
20230821,230000,584.7,584.9,583.9,584.6,24687,0
20230822,100000,584,584.6,581,584.6,301625,0
20230822,110000,584.4,585.2,583.3,583.8,294396,0
20230822,120000,583.9,584.4,582.5,583.8,104340,0
20230822,130000,583.8,584.6,583.1,583.3,70274,0
20230822,140000,583.2,583.5,582.5,582.9,93686,0
20230822,150000,582.9,584.2,581.7,583.6,244408,0
20230822,160000,583.7,587.7,583.6,586.2,909613,0
20230822,170000,586.2,587,585.1,586.3,524104,0
20230822,180000,586.2,587,585.7,586.4,94110,0
20230822,190000,586.9,592.5,586.2,590.6,329020,0
20230822,200000,590.6,592,588.1,590.5,162449,0
20230822,210000,590.5,590.5,589.5,590.5,77792,0
20230822,220000,590.5,590.5,589.5,590.2,78339,0
20230822,230000,590.2,590.5,589.8,590.3,39119,0
20230823,100000,591.9,593.9,590,591.3,348057,0
20230823,110000,591.3,591.7,585,588.1,321556,0
20230823,120000,588.3,589.9,587,587.2,144596,0
20230823,130000,587.4,588.3,586.1,587.9,102390,0
20230823,140000,587.4,588.5,582.8,583.7,293008,0
20230823,150000,583.5,584.2,577.5,578.4,365583,0
20230823,160000,578.4,581,574.1,580.3,727010,0
20230823,170000,580.1,581.9,576.4,581.8,267870,0
20230823,180000,581.8,583.2,580.1,583.2,329154,0
20230823,190000,582.9,585.7,580.2,583.6,182070,0
20230823,200000,583.6,583.6,576.8,579.9,208984,0
20230823,210000,579.9,581.2,571.4,576.4,300132,0
20230823,220000,576.3,577.4,572,574,211522,0
20230823,230000,574,579,573.1,575.9,118355,0
20230824,100000,576,584.6,574.5,580.6,435615,0
20230824,110000,580.6,581,578.5,579.9,149129,0
20230824,120000,580,580,577.3,580,130055,0
20230824,130000,580,580,574.3,575.3,136408,0
20230824,140000,575.2,579.4,575,579.1,119041,0
20230824,150000,579.3,579.9,575.4,578.7,184255,0
20230824,160000,578.7,580.4,577.9,578.8,106885,0
20230824,170000,578.7,580.9,578.3,580.3,38526,0
20230824,180000,580.6,581,577.7,580.2,87811,0
20230824,190000,579.9,583.9,579,582.1,115410,0
20230824,200000,582,584.5,581.5,583,123552,0
20230824,210000,583,583.8,581.8,582.6,39693,0
20230824,220000,582.6,582.8,581,581.4,37185,0
20230824,230000,581.2,582,580.4,581.6,25235,0
20230825,100000,583,583.8,578,581.9,327819,0
20230825,110000,581.9,582.2,579.1,580.2,103811,0
20230825,120000,580,583.8,579.9,582,291994,0
20230825,130000,582,585.5,582,585.1,237234,0
20230825,140000,585,585.5,583,584,193963,0
20230825,150000,584,584.2,582.5,583.3,101785,0
20230825,160000,583.5,584.1,582.3,583.2,120627,0
20230825,170000,583,585,582.9,584.8,99188,0
20230825,180000,584.8,585,583.8,585,64314,0
20230825,190000,585,585.5,583.8,584.3,41479,0
20230825,200000,584.3,584.6,583.2,583.6,36440,0
20230825,210000,583.6,587.8,583.3,587.7,217128,0
20230825,220000,587.7,587.8,586.1,586.8,106283,0
20230825,230000,586.8,587.8,586.3,587.7,56511,0
20230828,100000,589.2,590.4,587.6,590,360980,0
20230828,110000,590,590,585.6,588.4,434817,0
20230828,120000,588.1,588.6,586.4,586.5,148480,0
20230828,130000,586.7,587,585.1,585.8,148871,0
20230828,140000,585.8,587.7,585.3,587.6,150075,0
20230828,150000,587.6,588,584.2,586.7,253211,0
20230828,160000,586.5,588,585.3,586.3,188355,0
20230828,170000,586.3,587.3,585.2,587.3,293233,0
20230828,180000,587.2,587.7,586.2,587.7,180100,0
20230828,190000,587.7,588,586.6,587.5,81897,0
20230828,200000,587.5,588,587.1,587.6,39340,0
20230828,210000,587.6,587.7,586.6,587.3,34382,0
20230828,220000,587.3,588.2,587.2,588.1,43368,0
20230828,230000,588.2,588.2,587.3,587.5,26778,0
20230829,100000,588.3,589.9,586.2,587.1,503655,0
20230829,110000,587.1,588.9,586,587.1,388288,0
20230829,120000,587,587.8,586,586.3,243659,0
20230829,130000,586.3,588,585.5,586.3,232934,0
20230829,140000,586.3,587.4,585.4,585.8,167523,0
20230829,150000,585.8,586.1,585,585.8,268051,0
20230829,160000,586,586.2,584.4,585.3,159607,0
20230829,170000,585.4,586.5,584.5,585,193596,0
20230829,180000,585.1,587,585,587,252397,0
20230829,190000,586.1,587.6,586.1,586.7,78718,0
20230829,200000,586.7,586.8,586,586.2,66736,0
20230829,210000,586.2,586.7,586,586.6,29283,0
20230829,220000,586.5,587.3,586,586.6,59212,0
20230829,230000,586.7,587.1,586.2,586.5,21534,0
20230830,100000,586.9,589.6,586.7,589.1,319254,0
20230830,110000,589.2,589.3,587.3,588.5,172707,0
20230830,120000,588.6,589.4,587,588,214630,0
20230830,130000,587.8,589.9,586.6,589.8,264819,0
20230830,140000,589.9,592.3,589.6,591.2,525941,0
20230830,150000,591.2,591.5,590,590.8,179675,0
20230830,160000,590.8,590.8,587,587.1,268109,0
20230830,170000,587,588.3,585.5,588,275617,0
20230830,180000,588.1,589.2,587.8,587.8,90982,0
20230830,190000,586.2,589.5,586.2,589.3,62059,0
20230830,200000,589.2,589.6,588.6,589.3,44955,0
20230830,210000,589.3,589.3,588.6,588.8,26036,0
20230830,220000,589,589.6,588.7,589.2,33239,0
20230830,230000,589.3,591,588.4,589.4,72706,0
20230831,100000,592,592.8,589.1,591,378427,0
20230831,110000,590.8,595.5,590.8,594.2,574647,0
20230831,120000,594,594.4,590.3,591.5,311330,0
20230831,130000,591.5,594.3,591,592.8,182000,0
20230831,140000,592.7,593.3,591.1,591.7,118185,0
20230831,150000,591.7,592,590.2,591.3,208351,0
20230831,160000,591.3,591.6,587.3,587.4,370107,0
20230831,170000,587.3,589.6,587.1,588.7,141587,0
20230831,180000,589,590.4,587.7,590.4,134707,0
20230831,190000,589.6,590.6,589.2,589.4,74375,0
20230831,200000,589.3,590.2,589.3,589.7,25369,0
20230831,210000,589.7,590.1,589.3,589.7,38178,0
20230831,220000,589.7,590,589.3,589.9,31817,0
20230831,230000,589.9,590.5,589.6,590.2,21745,0
20230901,100000,591,591.6,587.3,587.8,220168,0
20230901,110000,587.8,588.5,587.4,588,156799,0
20230901,120000,588,591.4,587.7,591.1,328276,0
20230901,130000,591.1,592.7,591,592,249510,0
20230901,140000,591.9,592.3,591.3,591.9,152808,0
20230901,150000,591.7,592,590,591.2,226662,0
20230901,160000,591.2,592,591,591.8,66125,0
20230901,170000,591.8,592.9,590.8,592.5,194300,0
20230901,180000,592.3,594,592.1,594,192050,0
20230901,190000,593.6,593.8,592.7,593.2,45765,0
20230901,200000,593.3,593.3,592.3,593,38957,0
20230901,210000,593,593.6,592.4,593.2,43320,0
20230901,220000,593.3,593.7,592.4,593.1,39070,0
20230901,230000,593.2,593.4,592.6,593,29376,0
20230904,100000,595.2,603.5,594.6,601,964359,0
20230904,110000,601,601.5,598.9,600.1,224383,0
20230904,120000,600.1,600.4,598,599.9,149368,0
20230904,130000,599.8,600.4,598.7,599.7,126765,0
20230904,140000,599.9,600.4,599,599.5,98078,0
20230904,150000,599.5,600.4,598.2,600.2,149089,0
20230904,160000,600.3,600.7,598.7,599.9,172564,0
20230904,170000,599.8,600.9,599,600.9,197947,0
20230904,180000,600.9,603.5,600.8,603.5,289974,0
20230904,190000,602.7,603.2,600,602.1,117919,0
20230904,200000,602.1,602.5,601,601.9,67547,0
20230904,210000,602,602.9,601.2,602.2,72267,0
20230904,220000,602.2,602.4,601.4,602.4,34883,0
20230904,230000,602.4,602.6,602.2,602.5,36964,0
20230905,100000,603.4,607,602,605.7,581856,0
20230905,110000,605.6,609.7,604.2,608.9,353303,0
20230905,120000,608.9,609,597,600.4,829455,0
20230905,130000,600.4,603.5,598.9,603.4,289558,0
20230905,140000,603.3,608,603,604.3,360411,0
20230905,150000,604.3,606.4,604,605.8,146585,0
20230905,160000,605.8,607,605.7,606.3,199706,0
20230905,170000,606.4,607.4,605,606.5,185390,0
20230905,180000,606.4,607.6,606.2,607.1,119248,0
20230905,190000,607.1,608.3,605.1,607.5,84418,0
20230905,200000,607.4,607.9,606.3,606.5,30579,0
20230905,210000,606.8,607,605,606.7,65004,0
20230905,220000,606.9,606.9,606.2,606.8,25058,0
20230905,230000,606.9,607.2,606.2,607.2,31439,0
20230906,100000,607.3,607.9,602.8,603.3,402926,0
20230906,110000,603.5,605,602.8,603.7,236806,0
20230906,120000,603.8,606.6,603.6,606.3,130014,0
20230906,130000,606.2,606.4,603.7,605,156980,0
20230906,140000,604.8,607,604.2,605.4,172601,0
20230906,150000,605,607.1,604.7,606.8,155848,0
20230906,160000,606.7,609,606.7,608.9,242787,0
20230906,170000,608.9,612.4,608,612.1,440558,0
20230906,180000,612.2,612.5,608.1,608.1,279333,0
20230906,190000,607.4,609.4,607,609.1,53326,0
20230906,200000,609.1,610.5,609,609.7,53051,0
20230906,210000,609.6,609.9,608.9,609.3,63125,0
20230906,220000,609.3,610.3,608.1,609.6,45566,0
20230906,230000,609.8,610.4,608.2,608.8,47294,0
20230907,100000,608.8,620.5,608.8,618.3,1122693,0
20230907,110000,618.4,620,616.4,617.1,570486,0
20230907,120000,617.1,620.5,616.5,618.1,564473,0
20230907,130000,618.1,619,613.4,615,999219,0
20230907,140000,615.1,618,610,612.6,1084733,0
20230907,150000,612.5,614.5,605,606.7,630464,0
20230907,160000,606.6,609.6,604,606,458783,0
20230907,170000,606.2,606.2,583,596,1525284,0
20230907,180000,596,605,595.8,600.4,577673,0
20230907,190000,602,608.2,600.3,601.7,345668,0
20230907,200000,601.8,603.8,599.2,600.6,119138,0
20230907,210000,600.6,604.3,600.3,603.9,91877,0
20230907,220000,603.9,609.1,603.1,603.5,144986,0
20230907,230000,603.6,604,602,603.7,45799,0
20230908,100000,603.7,606.5,589.7,593.9,933122,0
20230908,110000,594,604,591.5,597.5,786536,0
20230908,120000,597.5,599.1,592.4,593.4,281754,0
20230908,130000,593.3,598.9,593.3,597.9,181709,0
20230908,140000,597.9,599.5,596.7,599.3,186315,0
20230908,150000,599.1,599.5,597,598,201619,0
20230908,160000,598,598.6,594.6,596.7,145699,0
20230908,170000,596.5,597.3,595.2,597,103959,0
20230908,180000,597.1,599.5,596.3,596.3,153821,0
20230908,190000,596.8,598,595.9,596.8,63132,0
20230908,200000,596.8,597.2,596.2,597,21922,0
20230908,210000,597,597.3,595.3,595.6,36862,0
20230908,220000,595.5,596,595,595.5,62652,0
20230908,230000,595.5,596.7,594.5,595.5,44047,0
20230911,100000,597,600,592.2,596,578182,0
20230911,110000,595.8,597.5,593,593.3,203228,0
20230911,120000,593.3,593.5,588,589,362471,0
20230911,130000,588.9,589.8,583.1,588.1,427859,0
20230911,140000,588,589.4,585.2,589.4,104724,0
20230911,150000,589.5,593.1,587.7,591.5,161838,0
20230911,160000,591.5,593,588.5,592.5,170186,0
20230911,170000,592.8,593,589.3,590.3,161506,0
20230911,180000,590.6,591.5,588.8,591.5,118321,0
20230911,190000,590.4,592,589.2,589.2,67488,0
20230911,200000,589.2,590,588.5,589.9,28347,0
20230911,210000,589.9,590,589,589.1,30472,0
20230911,220000,589.1,589.5,586.3,587.1,53228,0
20230911,230000,587.1,588.6,586.8,588.4,32416,0
20230912,100000,588.8,597.8,587.1,597.5,503682,0
20230912,110000,597.7,601.3,597.3,600.7,344349,0
20230912,120000,600.7,601.7,598.2,598.7,161499,0
20230912,130000,598.4,600.8,598.2,599.7,110629,0
20230912,140000,600.2,601,596.5,598,155168,0
20230912,150000,598,599.6,595,598.7,308687,0
20230912,160000,598.9,600,598,599,108163,0
20230912,170000,599,600.5,598.6,599,168220,0
20230912,180000,599,603.1,598.9,603.1,322600,0
20230912,190000,602,605.6,602,605.6,154350,0
20230912,200000,605.6,606,604.6,605.2,55155,0
20230912,210000,605.2,605.9,604.2,604.6,55466,0
20230912,220000,604.6,605.9,604.2,605.7,59437,0
20230912,230000,605.8,606.8,605.4,606.6,75424,0
20230913,100000,608.4,611.2,607,610.1,351968,0
20230913,110000,610.5,610.5,607.1,607.5,117091,0
20230913,120000,607.6,609.9,607.5,609.9,226773,0
20230913,130000,609.8,609.9,606.1,607.6,273982,0
20230913,140000,607.4,610,606.7,606.7,219890,0
20230913,150000,607,610,606.5,610,176898,0
20230913,160000,610,613,608.4,608.7,382912,0
20230913,170000,608.6,609,608.1,608.6,119451,0
20230913,180000,608.6,610.4,605.6,605.6,285155,0
20230913,190000,606.6,607.3,604.2,606.1,111410,0
20230913,200000,606,606.8,606,606.8,20225,0
20230913,210000,606.8,607,606.3,606.7,12250,0
20230913,220000,606.6,606.9,604,604.3,96087,0
20230913,230000,604.3,605.9,602.6,604.7,69202,0
20230914,100000,606.4,608,600,602.3,507367,0
20230914,110000,602.2,602.3,596.1,597,363407,0
20230914,120000,597,599.7,594.7,595.5,355065,0
20230914,130000,595.5,600,593,598.6,379721,0
20230914,140000,598.6,598.9,595.9,598.4,88022,0
20230914,150000,598.3,598.5,596.2,597.6,79202,0
20230914,160000,598.1,605,597.4,605,211114,0
20230914,170000,605,605,600.4,601.4,110306,0
20230914,180000,601.4,606.4,601.4,606.4,191183,0
20230914,190000,605.7,606.1,604,604.3,94152,0
20230914,200000,604.3,604.8,602.8,602.9,65471,0
20230914,210000,603.1,603.4,599.7,600.4,116789,0
20230914,220000,600.5,602.7,600.4,602,29113,0
20230914,230000,602,602.5,600.8,602.5,17030,0
20230915,100000,602.6,610,600.2,608.6,502044,0
20230915,110000,608.6,610,606.2,606.8,215922,0
20230915,120000,606.8,607.1,603.5,605,154735,0
20230915,130000,605.1,612.6,603.9,608.9,530419,0
20230915,140000,608.8,611.8,605.8,609.8,306115,0
20230915,150000,609.8,611,607.5,609,179974,0
20230915,160000,609,611.7,608.6,610.5,158487,0
20230915,170000,610.5,613.6,609.1,612,280721,0
20230915,180000,612,612.8,610.6,612.4,115056,0
20230915,190000,612.4,612.9,610,611.7,76625,0
20230915,200000,611.7,613.1,611.2,612.4,63544,0
20230915,210000,612.2,612.5,611.7,612.3,42993,0
20230915,220000,612.4,613.9,612,612.5,79344,0
20230915,230000,612.4,615,612,614.8,151276,0
20230918,100000,619,628.1,616.4,624.3,966307,0
20230918,110000,624.2,626.9,622.2,624.3,322742,0
20230918,120000,624.2,624.9,620,620.3,317112,0
20230918,130000,620.3,623.4,619.1,622.5,304517,0
20230918,140000,622.5,623,620.1,621.1,360374,0
20230918,150000,621.1,623.7,619.4,622.9,312336,0
20230918,160000,622.5,623.5,620.2,623,254684,0
20230918,170000,623,625,621.8,622,263477,0
20230918,180000,622.1,626,620.5,626,538004,0
20230918,190000,625.1,625.4,622.2,623.5,148091,0
20230918,200000,623.2,625,623.2,624.6,63574,0
20230918,210000,624.6,625,623.8,624.8,66078,0
20230918,220000,624.9,625,624.3,625,137139,0
20230918,230000,624.9,626.5,624.9,626.2,119536,0
20230919,100000,627.5,630,623.7,627.7,747565,0
20230919,110000,627.8,627.8,621.5,624.5,618264,0
20230919,120000,624.2,624.9,619.2,621.8,344725,0
20230919,130000,621.6,624.9,616.3,622.5,543688,0
20230919,140000,622.5,622.6,615.4,618.2,333476,0
20230919,150000,617.9,618.7,609.3,612.9,723653,0
20230919,160000,612.8,615,610,614.1,388979,0
20230919,170000,614,618,612.7,614.2,266176,0
20230919,180000,614.2,617.1,614.1,616.8,108751,0
20230919,190000,616,621,615.1,620,176571,0
20230919,200000,620,623,616.7,616.7,140572,0
20230919,210000,617,618.9,615.3,616,61623,0
20230919,220000,616,618.3,614,614.2,82633,0
20230919,230000,614.1,614.1,605.2,610.1,225723,0
20230920,100000,610.8,615.4,601.8,608.2,844498,0
20230920,110000,607.9,615,602.4,615,805427,0
20230920,120000,615,620.7,615,618.8,809489,0
20230920,130000,618.8,619,609.5,611.5,432530,0
20230920,140000,611.6,617.2,611.2,613.8,229956,0
20230920,150000,613.8,617.8,613.5,616.5,129441,0
20230920,160000,616.5,617.6,616,616.6,93771,0
20230920,170000,616.6,617,611.2,611.7,178409,0
20230920,180000,611.8,616.4,610.7,612.5,205016,0
20230920,190000,613.3,613.3,611,611.9,85178,0
20230920,200000,611.9,612.9,611.8,612.8,35265,0
20230920,210000,612.8,614.6,612.6,614.5,42467,0
20230920,220000,614.5,614.6,611.2,612,61382,0
20230920,230000,611.6,613,610.1,611.8,58447,0
20230921,100000,612,612,606.5,610,404137,0
20230921,110000,610,611.7,606.2,609.5,245508,0
20230921,120000,609.5,612,609.1,611,170696,0
20230921,130000,611,615.5,610.9,615.4,310816,0
20230921,140000,615.5,615.7,608.2,610.1,225585,0
20230921,150000,610.2,611.3,605,605.7,514738,0
20230921,160000,605.7,608.8,605.6,606.2,218792,0
20230921,170000,606.2,606.9,594.6,599.1,763750,0
20230921,180000,599.4,599.8,593.6,599.4,283875,0
20230921,190000,599,601.4,596.4,601.1,127972,0
20230921,200000,601.1,602.6,597.7,598.2,110357,0
20230921,210000,598.1,601,595.1,598.7,141259,0
20230921,220000,598.7,598.8,595.3,595.6,70866,0
20230921,230000,595.6,597.9,595,597.6,100017,0
20230922,100000,597,600.1,588.1,594.9,1055473,0
20230922,110000,594.8,594.8,590,590.6,346564,0
20230922,120000,590.7,592.8,590,592,186525,0
20230922,130000,592,594.9,590,591.3,262371,0
20230922,140000,591.2,596.4,591,594.7,118345,0
20230922,150000,594.7,600.9,593.9,600.8,215360,0
20230922,160000,600.8,604.6,600.4,604.6,269258,0
20230922,170000,604.6,605.7,602.6,605.1,216758,0
20230922,180000,605,605.2,603,603,138083,0
20230922,190000,603,604.7,602,603.1,53026,0
20230922,200000,603,610,601.5,608.8,177582,0
20230922,210000,608.9,610.1,608.1,609.2,77702,0
20230922,220000,609.2,610,609,609.8,40151,0
20230922,230000,609.6,611,609.5,610.8,44994,0
20230925,100000,607.4,608.9,598.5,602.3,587716,0
20230925,110000,602.3,607,601.3,605.1,165895,0
20230925,120000,605,606.3,602.3,603.7,133397,0
20230925,130000,603.8,603.8,601.2,603,92266,0
20230925,140000,603,604.2,602.6,604,46123,0
20230925,150000,603.8,604.9,601.8,602.3,85151,0
20230925,160000,602.3,603.8,601.6,602.9,54969,0
20230925,170000,602.9,604.2,602.2,604,61510,0
20230925,180000,604,606.8,603.6,606.8,106678,0
20230925,190000,606.5,607.5,604,605.4,55649,0
20230925,200000,605.8,606.3,604.2,606,24487,0
20230925,210000,605.9,606.2,604.7,605.1,11869,0
20230925,220000,605.1,605.1,603.6,603.8,27921,0
20230925,230000,603.9,604.8,603.1,604.6,22193,0
20230926,100000,604.6,604.6,599.1,599.8,209469,0
20230926,110000,599.8,599.9,595.2,596.5,375637,0
20230926,120000,596.5,599,596.1,598.1,230989,0
20230926,130000,598.1,599.8,598,598.7,73015,0
20230926,140000,598.7,599.8,598,598,64675,0
20230926,150000,598.1,600,598,599,82799,0
20230926,160000,599,600.9,598.6,600.3,96924,0
20230926,170000,600.2,605,600,603.7,294900,0
20230926,180000,603.7,606.2,603,606.2,151742,0
20230926,190000,607.4,607.4,605.4,606.2,75729,0
20230926,200000,606.1,606.2,605.2,605.4,29004,0
20230926,210000,605.3,605.4,603.4,603.5,74288,0
20230926,220000,603.7,604,603.4,604,30973,0
20230926,230000,604,604.4,603.4,603.4,16180,0
20230927,100000,605.1,611.8,604.7,609.7,262920,0
20230927,110000,609.7,610.7,609.5,609.6,112110,0
20230927,120000,609.5,610.9,609.5,609.9,84279,0
20230927,130000,610,612.4,609.8,611.6,110891,0
20230927,140000,611.6,613,611.2,613,88384,0
20230927,150000,613,614.9,612.1,613.9,116691,0
20230927,160000,613.7,615.4,613,614.1,125664,0
20230927,170000,614.1,614.8,609.5,611.4,178226,0
20230927,180000,611.3,614.8,610.9,611.2,160051,0
20230927,190000,612,612.6,611.4,611.6,44278,0
20230927,200000,611.6,613,611.5,612.3,22279,0
20230927,210000,612.3,613,612.1,612.4,15851,0
20230927,220000,612.4,613,611.6,612.9,31489,0
20230927,230000,612.9,615.7,612.6,615.3,93497,0
20230928,100000,616.7,621.7,616,620.5,452843,0
20230928,110000,620.5,620.9,618,618.8,174756,0
20230928,120000,618.9,621.6,618.8,620.4,166880,0
20230928,130000,620.4,622.6,620.1,621.8,148223,0
20230928,140000,621.8,623.1,618.6,618.9,176589,0
20230928,150000,618.8,620.8,613.6,617.4,694427,0
20230928,160000,617.4,620,616.9,620,273169,0
20230928,170000,620,620,618.4,619,89911,0
20230928,180000,619.4,621.5,618.5,621.5,185572,0
20230928,190000,621.4,621.4,618.5,619.9,67113,0
20230928,200000,619.8,619.9,616,616.8,84489,0
20230928,210000,617,618,616.5,617.4,36730,0
20230928,220000,617.4,618.5,616.9,618.5,50372,0
20230928,230000,618.3,619.7,617,619.4,45737,0
20230929,100000,620,624,612.2,619.2,535103,0
20230929,110000,619.1,619.9,618.8,619.5,105671,0
20230929,120000,619.8,621.7,619.5,621.3,192222,0
20230929,130000,621.3,625.3,621.1,625.1,287637,0
20230929,140000,625.1,625.1,621.6,623,176747,0
20230929,150000,623.5,624.4,622.8,624,115721,0
20230929,160000,624,624.1,621.2,622.1,138878,0
20230929,170000,622.1,624.5,621.7,623.7,102999,0
20230929,180000,623.6,624.9,622,622,226061,0
20230929,190000,622.9,623.8,621.2,622.6,93368,0
20230929,200000,622.5,624.1,622.2,622.5,82709,0
20230929,210000,622.6,623.8,622.5,623,21995,0
20230929,220000,623.1,624.1,622.7,624,26212,0
20230929,230000,623.7,625.4,623.5,625.4,187277,0
20231002,100000,627.9,635.8,625.9,634,1187959,0
20231002,110000,634,638.5,632.4,634.8,454723,0
20231002,120000,634.9,637.2,634.4,636.7,260447,0
20231002,130000,636.9,637,633,634,212809,0
20231002,140000,634,635,634,634.9,157364,0
20231002,150000,634.8,635,634,634,207120,0
20231002,160000,634,635.5,634,635,301108,0
20231002,170000,635,637.8,635,637.3,222373,0
20231002,180000,637.4,639.7,636.5,639.7,277881,0
20231002,190000,639.1,639.6,637.6,637.6,109989,0
20231002,200000,637.7,638.3,636.6,636.9,84687,0
20231002,210000,636.9,639,636.8,638.3,34952,0
20231002,220000,638.3,638.8,637.4,637.7,34240,0
20231002,230000,638,639.5,637.8,639.3,48775,0
20231003,100000,639,641.4,634.2,637.2,1043439,0
20231003,110000,637.2,638.8,636.1,636.6,273712,0
20231003,120000,636.6,637.5,633.8,634,218066,0
20231003,130000,633.9,634.4,631,632.3,330617,0
20231003,140000,632.7,635.3,632,634.1,151893,0
20231003,150000,633.8,634.9,632,634.2,160991,0
20231003,160000,634.2,636.9,633.2,636.1,226711,0
20231003,170000,636,637.8,634.7,637.4,165281,0
20231003,180000,637.3,640.1,637.3,640.1,286114,0
20231003,190000,640.2,641,638.6,639.5,86932,0
20231003,200000,639.9,640,638.8,639.8,41029,0
20231003,210000,639.9,639.9,638.2,638.6,54228,0
20231003,220000,638.6,639,638,638.4,48988,0
20231003,230000,638.4,639.2,638.2,639.1,20699,0
20231004,100000,639.5,643.1,637.1,641.7,425165,0
20231004,110000,641.8,642.8,638.5,639.8,275420,0
20231004,120000,639.9,640,638.4,639.6,131705,0
20231004,130000,639.7,640,636.5,637.4,202751,0
20231004,140000,637.1,638,636.4,636.8,110258,0
20231004,150000,636.8,639.4,636.2,639.2,166972,0
20231004,160000,639.3,639.4,638,638.6,134777,0
20231004,170000,638.6,639.8,637,638.8,210394,0
20231004,180000,639,640,637.1,637.1,167803,0
20231004,190000,637.3,638.1,637.2,637.2,59270,0
20231004,200000,637.2,637.7,636.1,636.2,88564,0
20231004,210000,636.1,637,634.5,636.2,113660,0
20231004,220000,636,636.4,633.7,634.5,58789,0
20231004,230000,634.5,635.9,634.2,634.2,39177,0
20231005,100000,634.4,638,631,633.5,372520,0
20231005,110000,633.6,636.6,632.2,633.8,141502,0
20231005,120000,633.9,638.6,633.5,637.2,234170,0
20231005,130000,637.4,638.5,636.7,636.8,102639,0
20231005,140000,636.8,637,634.8,635.8,132732,0
20231005,150000,635.7,637,635.5,635.8,85794,0
20231005,160000,635.8,636,634.4,635.5,213189,0
20231005,170000,635.4,635.9,635.1,635.7,94492,0
20231005,180000,635.7,636.7,635.5,636.7,92386,0
20231005,190000,635,636.5,635,636,31769,0
20231005,200000,636,636,633.3,633.3,47705,0
20231005,210000,633.4,633.7,631.9,632.4,94826,0
20231005,220000,632.4,633.6,631.7,633,38921,0
20231005,230000,633,633.8,632,633.8,26994,0
20231006,100000,635.1,636.7,632.5,633,219871,0
20231006,110000,632.9,633,630.4,632,272238,0
20231006,120000,632,633.5,631.8,632.7,66529,0
20231006,130000,632.7,636,632.4,635.8,204882,0
20231006,140000,635.8,636.7,634.5,635,273832,0
20231006,150000,635,636,634,635.4,95218,0
20231006,160000,635.4,636.7,634.9,636.3,140672,0
20231006,170000,636.4,639.9,636.2,639.7,311725,0
20231006,180000,639.7,640,638.6,639.5,290174,0
20231006,190000,639,640.7,639,640.4,107713,0
20231006,200000,640.5,641.4,638.7,639.5,115718,0
20231006,210000,639.5,640,639.4,640,116413,0
20231006,220000,639.7,640,637,639,88493,0
20231006,230000,638.8,639.7,637.6,638,58056,0
20231009,100000,640.2,647.2,640.2,644,1006234,0
20231009,110000,644,644,641,642.5,314132,0
20231009,120000,642.8,642.9,639.2,640.9,442493,0
20231009,130000,640.8,642.7,640.6,642.1,221157,0
20231009,140000,642.1,642.9,640.7,642,262842,0
20231009,150000,641.9,643,640.4,640.7,248311,0
20231009,160000,640.6,641.8,640.5,640.9,329799,0
20231009,170000,640.9,643.7,640.9,642.9,319008,0
20231009,180000,643.3,643.5,641.5,642.7,203122,0
20231009,190000,641.1,642.3,640.3,640.7,129531,0
20231009,200000,640.7,642.8,640.3,642.8,69084,0
20231009,210000,642.8,642.9,641.9,642.5,95703,0
20231009,220000,642.4,642.7,641.7,642.4,55943,0
20231009,230000,642.4,644,641.7,643.7,93079,0
20231010,100000,645.1,645.8,643,643.7,437872,0
20231010,110000,643.7,645,642.1,643.4,342170,0
20231010,120000,643.4,646.8,643.4,646.4,378264,0
20231010,130000,646.4,649.2,645.8,648.7,330813,0
20231010,140000,648.6,649.9,647.4,648.5,322782,0
20231010,150000,648.5,649.7,648,648.6,176369,0
20231010,160000,648.7,649.1,647.3,649,180847,0
20231010,170000,649,650,648.6,649.8,308179,0
20231010,180000,649.9,650,648.3,648.3,380080,0
20231010,190000,648.3,649.6,647.3,649.1,266401,0
20231010,200000,649,649.8,648.2,649.2,196393,0
20231010,210000,649.1,649.7,649,649.5,207455,0
20231010,220000,649.5,649.7,648.9,649.4,239754,0
20231010,230000,649.4,649.5,647.5,649.5,486140,0
20231011,100000,624.3,629.2,622.1,626.8,3581719,0
20231011,110000,626.8,631.5,626.6,631.3,1048084,0
20231011,120000,631.4,633,628,628.6,939681,0
20231011,130000,628.6,628.8,627,627.1,590112,0
20231011,140000,627.1,629,627,627.7,474995,0
20231011,150000,627.5,628,625.5,626,485957,0
20231011,160000,626,627.2,625.8,626.9,334514,0
20231011,170000,627,628.2,626.2,627.2,667228,0
20231011,180000,627.1,629.3,626,629.3,237430,0
20231011,190000,628.4,629,626.1,628.3,152918,0
20231011,200000,628.3,629.2,628,628.8,81195,0
20231011,210000,628.8,629.9,628.5,629.8,117526,0
20231011,220000,629.8,630,619.1,623.5,775497,0
20231011,230000,623.5,623.5,617,618.8,433582,0
20231012,100000,616.8,622.6,608.5,620.5,1152807,0
20231012,110000,620.5,620.6,616.1,619.9,475405,0
20231012,120000,619.8,619.9,612.3,613.5,574439,0
20231012,130000,613.5,614.9,608.5,614,963285,0
20231012,140000,614,616.8,612.3,612.4,527219,0
20231012,150000,612.4,613.9,610.3,612.9,314659,0
20231012,160000,612.9,618,611.7,617.5,624195,0
20231012,170000,617.4,619,616,617.3,465438,0
20231012,180000,617.4,618.7,616,618.7,113017,0
20231012,190000,618.6,618.6,615.4,616.4,85061,0
20231012,200000,616.4,616.4,615.5,616.2,39080,0
20231012,210000,616.2,618.2,615.6,616.7,55932,0
20231012,220000,616.9,617.4,615.9,617.3,43267,0
20231012,230000,617,618,617,617.6,33771,0
20231013,100000,618.9,619.8,615.2,618.4,487658,0
20231013,110000,618.4,618.6,616.2,616.2,294081,0
20231013,120000,616.2,618,615.5,615.8,325647,0
20231013,130000,615.8,620.8,615.6,618.6,600609,0
20231013,140000,618.6,620,617.1,618.9,329396,0
20231013,150000,618.9,622.7,618.2,622.5,643176,0
20231013,160000,622.5,623.7,620.3,622,383535,0
20231013,170000,622.3,624.7,621.6,624.5,231867,0
20231013,180000,624.5,627.9,621.6,623.7,455925,0
20231013,190000,624.3,626,623.8,625.7,126269,0
20231013,200000,625.7,630,625.5,627.6,356923,0
20231013,210000,627.7,628.4,626,628.1,116972,0
20231013,220000,628,628.4,626.6,627.2,98632,0
20231013,230000,627.2,628.8,627,628.3,92185,0
20231016,100000,634.9,637.5,631.5,631.5,1257009,0
20231016,110000,631.7,633.5,629.2,630.2,703743,0
20231016,120000,630.2,632.2,629.1,630.4,600617,0
20231016,130000,630.4,630.8,626.6,627.1,463934,0
20231016,140000,627.1,629.3,625.1,625.2,384342,0
20231016,150000,625.2,628,625.2,627.9,339710,0
20231016,160000,627.8,628,625.1,627.4,350563,0
20231016,170000,627.5,629.6,627.1,629.5,275420,0
20231016,180000,629.5,630.1,629.3,630.1,189725,0
20231016,190000,629.6,629.9,628.3,629.5,80572,0
20231016,200000,629.5,629.5,629,629.4,34220,0
20231016,210000,629.3,629.4,628.7,629,47506,0
20231016,220000,629,629,628,628.2,50877,0
20231016,230000,628.3,629,628,628.9,46926,0
20231017,100000,629.5,629.6,626.1,627.1,301790,0
20231017,110000,627.1,629.8,626.3,628.9,182229,0
20231017,120000,628.9,630,628.7,629.2,144323,0
20231017,130000,629.1,629.4,627.6,628.1,94692,0
20231017,140000,628.2,629.4,627.5,627.8,112591,0
20231017,150000,627.8,628.5,626.1,628.2,186205,0
20231017,160000,628.2,629.1,627.3,628.7,104877,0
20231017,170000,628.7,629,627.4,628.4,153378,0
20231017,180000,628.6,628.8,627.4,627.4,113027,0
20231017,190000,627.4,628.2,627,627.1,53135,0
20231017,200000,627.2,628,626.5,627.3,56240,0
20231017,210000,627.4,627.4,626.6,627.2,41356,0
20231017,220000,627.4,628,627.2,628,33368,0
20231017,230000,628,628.6,627.5,628.5,45759,0
20231018,100000,629.6,630,628,629.3,271963,0
20231018,110000,629.4,629.4,627,628.9,153979,0
20231018,120000,628.9,634.1,628,632.7,799677,0
20231018,130000,632.7,637.9,632.7,635.4,1161240,0
20231018,140000,635.4,636.2,633.2,633.7,265104,0
20231018,150000,633.5,635,629.3,629.6,342854,0
20231018,160000,629.7,631,623.2,630.9,768123,0
20231018,170000,630.9,635,630,633.8,461539,0
20231018,180000,633.7,634.5,633.1,634.5,173502,0
20231018,190000,634.3,634.3,631.5,633.8,98382,0
20231018,200000,633.8,634.6,632.4,632.7,90017,0
20231018,210000,632.5,633.6,632,632.2,42785,0
20231018,220000,632.4,633.2,632.2,633,25852,0
20231018,230000,633,633.3,630.5,632.3,43592,0
20231019,100000,631,634.2,627.5,628.7,308028,0
20231019,110000,628.8,631.7,628,629.9,178928,0
20231019,120000,629.8,630.3,628,628.1,130143,0
20231019,130000,628.2,629.8,627.8,629.8,91464,0
20231019,140000,629.7,629.9,628,628.9,73814,0
20231019,150000,628.9,630,628.2,629.9,91447,0
20231019,160000,630,630.3,629,629.5,151214,0
20231019,170000,629.5,629.7,628,629.4,67382,0
20231019,180000,629.4,630.5,628,630.5,143252,0
20231019,190000,629.9,630.5,629.3,630.3,51643,0
20231019,200000,630.3,630.4,629.2,630,42428,0
20231019,210000,630,631.5,629.7,631.4,64468,0
20231019,220000,631.3,633,630.4,632.7,87107,0
20231019,230000,632.7,634,632.3,633.1,102369,0
20231020,100000,633.8,633.8,627.8,628.4,316591,0
20231020,110000,628.4,629,626.2,628.6,190166,0
20231020,120000,628.5,628.6,626.5,627.3,114318,0
20231020,130000,627.2,628.2,625.5,628,126884,0
20231020,140000,628,628.2,626.5,628.1,97282,0
20231020,150000,628.1,630.5,627.9,630.4,190505,0
20231020,160000,630.4,630.7,628.7,629.2,104525,0
20231020,170000,629.2,631,628.7,630.7,132555,0
20231020,180000,630.7,633.8,630.6,633.8,317094,0
20231020,190000,632.8,633.3,631,631.4,133201,0
20231020,200000,631.5,632,630.7,630.7,43611,0
20231020,210000,630.8,631.3,630,630.6,50389,0
20231020,220000,630.6,631.4,630.5,630.7,39248,0
20231020,230000,630.7,631,630,630.4,99357,0
20231023,100000,630.8,632,630.1,630.2,183756,0
20231023,110000,630.2,630.4,627.7,628,181518,0
20231023,120000,627.8,629.1,627,627.5,140602,0
20231023,130000,627.7,627.7,624.1,627.4,168323,0
20231023,140000,627.4,628,626.4,626.9,88297,0
20231023,150000,626.8,627.9,626.5,627.2,70488,0
20231023,160000,627,627.6,626.3,626.4,60826,0
20231023,170000,626.4,627.7,626.1,626.9,121000,0
20231023,180000,626.9,628,626.5,628,110334,0
20231023,190000,627.8,627.8,626,627,36535,0
20231023,200000,626.9,627,626.1,626.5,27891,0
20231023,210000,626.5,626.7,626.1,626.3,13696,0
20231023,220000,626.4,626.6,626,626.1,17193,0
20231023,230000,626.2,627.8,626,626.6,43109,0
20231024,100000,626.7,627.5,620,624.2,412699,0
20231024,110000,624,624.9,622.8,624.8,128336,0
20231024,120000,624.9,626.8,624.7,626.6,104009,0
20231024,130000,626.5,626.7,625.1,625.4,67864,0
20231024,140000,625.4,626.3,624.6,624.9,50650,0
20231024,150000,624.9,625,624.3,624.8,58372,0
20231024,160000,624.8,625,624.4,624.9,39092,0
20231024,170000,624.9,627,624.9,627,63080,0
20231024,180000,627,627.8,626.1,627.5,108350,0
20231024,190000,627,627,626,626.6,29953,0
20231024,200000,626.6,626.9,626.1,626.7,16879,0
20231024,210000,626.7,626.9,626.1,626.9,23746,0
20231024,220000,626.8,627,626.1,626.4,27402,0
20231024,230000,626.3,626.6,625.5,625.5,40944,0
20231025,100000,624.4,625,622,622.1,201255,0
20231025,110000,622.1,622.4,620.5,622.3,228132,0
20231025,120000,622.1,623.6,621.6,622.3,163246,0
20231025,130000,622.3,622.5,618.2,619.5,261370,0
20231025,140000,619.6,620,619,619.8,100497,0
20231025,150000,619.8,620.8,619.2,619.3,97846,0
20231025,160000,619.3,619.9,619,619.4,247036,0
20231025,170000,619.4,620.2,619.3,620.2,93449,0
20231025,180000,620.2,622,619.8,622,137990,0
20231025,190000,621.9,622,620.9,622,49341,0
20231025,200000,622,623,621.8,623,74922,0
20231025,210000,623,623,622.1,622.6,17954,0
20231025,220000,622.7,623.4,622.6,623.2,33494,0
20231025,230000,623.4,623.4,622,622.3,22958,0
20231026,100000,622.7,625,622.5,623.3,196422,0
20231026,110000,623.5,625.2,623.4,625.2,112776,0
20231026,120000,625.1,626.4,625.1,626.1,115054,0
20231026,130000,626,626.2,623,623.6,145455,0
20231026,140000,623.8,623.8,620.5,622.1,292925,0
20231026,150000,622.1,624,621.5,623.7,115968,0
20231026,160000,623.7,625.9,622.8,623.8,106760,0
20231026,170000,623.8,623.8,620,620.2,204886,0
20231026,180000,620,620.4,618,618,256132,0
20231026,190000,618.2,618.8,616,618.5,78823,0
20231026,200000,618.7,618.7,616.7,616.9,59201,0
20231026,210000,616.9,617,616,616.4,50341,0
20231026,220000,616.3,617.9,616.3,617.5,30667,0
20231026,230000,617.4,617.5,613,613.6,117062,0
20231027,100000,613.5,618.8,613.3,618.2,231589,0
20231027,110000,618.3,622.2,618.2,619.6,142952,0
20231027,120000,619.6,622.4,618.6,622,119903,0
20231027,130000,622,622.1,613.5,613.8,361266,0
20231027,140000,613.7,617.2,612.2,614.5,269967,0
20231027,150000,614.4,616.9,614,616.9,117292,0
20231027,160000,616.9,620.6,615.9,620.3,135125,0
20231027,170000,620.4,620.9,618.3,618.8,67247,0
20231027,180000,618.8,619.3,618.1,619.1,97870,0
20231027,190000,618.1,619.8,618,618.4,53640,0
20231027,200000,618.5,623.3,618,622.8,100245,0
20231027,210000,622.8,623,619.6,621.4,116561,0
20231027,220000,621.4,622.7,620.5,622.3,42147,0
20231027,230000,622.4,622.9,622,622.4,38540,0
20231030,100000,622.4,623.6,617.3,619,253115,0
20231030,110000,619,622.4,619,621.9,148441,0
20231030,120000,621.9,624.2,621.8,624,177509,0
20231030,130000,624,624.8,622.4,623.6,124749,0
20231030,140000,623.6,623.6,622.2,623,61708,0
20231030,150000,623,623.7,622.4,623.5,50577,0
20231030,160000,623.5,624.8,623.1,624.7,87145,0
20231030,170000,624.7,624.9,623.1,624.2,69653,0
20231030,180000,624.3,624.3,620.4,622.6,205869,0
20231030,190000,622.6,624.1,621.6,622.4,43498,0
20231030,200000,622.7,622.7,621.3,621.6,23674,0
20231030,210000,621.6,622.2,621.3,621.7,8470,0
20231030,220000,621.7,622,621.5,621.5,7833,0
20231030,230000,621.5,621.7,621.1,621.2,15207,0
20231031,100000,621.2,621.9,617,617.1,246930,0
20231031,110000,617,617.9,613.6,614.4,285736,0
20231031,120000,614.4,615.5,613.4,614.4,144007,0
20231031,130000,614.4,614.4,608.2,610.8,429155,0
20231031,140000,610.8,611.1,602.5,608.5,447779,0
20231031,150000,608.5,609,606.1,608.6,196267,0
20231031,160000,608.5,611,605.1,605.6,225825,0
20231031,170000,605.6,606.6,604,604.5,139925,0
20231031,180000,604.6,608.3,604.3,607.1,127529,0
20231031,190000,608,608,604.9,605.9,54756,0
20231031,200000,606,606.6,605,606.4,28525,0
20231031,210000,606.4,606.6,604.2,605,54778,0
20231031,220000,605.1,605.2,603.6,604.6,46742,0
20231031,230000,604.6,607.8,604.2,607.6,43318,0
20231101,100000,609,610.5,605.3,607,173312,0
20231101,110000,607,610,604.5,609.9,178999,0
20231101,120000,610,612.4,609.2,611,172884,0
20231101,130000,611,612.2,610,611,138733,0
20231101,140000,611,613.7,610,610.6,171415,0
20231101,150000,610.5,610.7,609.1,609.9,148675,0
20231101,160000,609.9,610,607.4,607.9,170679,0
20231101,170000,607.9,610.2,606.9,607,180968,0
20231101,180000,606.9,607,603.1,603.1,271244,0
20231101,190000,603.9,606.1,603.5,606.1,87407,0
20231101,200000,606.1,606.4,595,600.5,281871,0
20231101,210000,600.5,604.4,600,604.3,138266,0
20231101,220000,604.3,606.1,603.6,605.8,73237,0
20231101,230000,605.7,606.5,605.7,606.3,23419,0
20231102,100000,607.9,610.1,607.6,608.4,256029,0
20231102,110000,608.4,608.5,606.1,606.3,147327,0
20231102,120000,606.2,606.4,602.7,603.3,142057,0
20231102,130000,603.3,604.8,602.5,604,121680,0
20231102,140000,604,604,601.7,601.8,175971,0
20231102,150000,601.9,604.6,601.1,603.1,300803,0
20231102,160000,603.1,605.8,602.8,605.7,99223,0
20231102,170000,605.7,605.7,602,602.6,139494,0
20231102,180000,602.6,604,602,602.2,50861,0
20231102,190000,602.2,602.9,601.2,602.3,67576,0
20231102,200000,602.3,602.9,602,602.3,38806,0
20231102,210000,602.2,603.3,602.2,602.6,31639,0
20231102,220000,602.9,603,602.1,602.9,21123,0
20231102,230000,602.8,603.2,602,602.7,20397,0
20231103,100000,603.1,604.8,600,601.1,256839,0
20231103,110000,601,604.3,596,602.2,500832,0
20231103,120000,602.3,603.8,600.6,601.1,160098,0
20231103,130000,601.2,601.5,598,598.1,134683,0
20231103,140000,598.1,601.9,596.8,601.2,174991,0
20231103,150000,601.2,601.6,599.2,600,67419,0
20231103,160000,600,603.4,599.9,603,160940,0
20231103,170000,602.9,603.1,601.2,601.5,68584,0
20231103,180000,601.3,603,600.6,603,107776,0
20231103,190000,603.2,603.2,602,602.5,56466,0
20231103,200000,602.5,602.9,601.8,602,26332,0
20231103,210000,601.8,602.5,601.5,602.1,47311,0
20231103,220000,602.1,602.6,601.8,602.4,15868,0
20231103,230000,602.5,602.7,601,601.7,35540,0
20231106,100000,602.1,603,600,601.7,103207,0
20231106,110000,601.7,602.8,600.7,602.8,49846,0
20231106,120000,602.8,604.7,602.7,604.1,82207,0
20231106,130000,604.1,604.1,602.6,603,39754,0
20231106,140000,603,606.8,602.6,606.2,141354,0
20231106,150000,606.2,606.5,604,604.7,50075,0
20231106,160000,604.7,605.5,604.5,605.5,25681,0
20231106,170000,605.5,608.3,605.3,608.1,94603,0
20231106,180000,608.3,609.8,607,607,129508,0
20231106,190000,607.3,609.2,605.4,608.4,86978,0
20231106,200000,608.8,609.4,607.7,608.5,37706,0
20231106,210000,608.3,608.8,607.5,608.5,27207,0
20231106,220000,608.5,609,608.4,609,14822,0
20231106,230000,609,609.8,608.1,609.7,32496,0
20231107,100000,609.9,611,606.1,607.8,199534,0
20231107,110000,607.8,609,606.3,608.4,104236,0
20231107,120000,608.5,611.4,607.8,609.2,163986,0
20231107,130000,609.1,609.6,604.2,606.7,154808,0
20231107,140000,606.7,610,606.3,609.5,121418,0
20231107,150000,609.6,609.7,608.3,609,57043,0
20231107,160000,608.8,609.3,608.1,608.9,78984,0
20231107,170000,608.9,611.5,608.8,611.1,147272,0
20231107,180000,611,613,611,613,144523,0
20231107,190000,612.5,613,612,612.6,47129,0
20231107,200000,612.4,612.7,611.2,611.8,42778,0
20231107,210000,611.8,611.8,610.2,610.3,31260,0
20231107,220000,610.3,611.9,610.2,611.7,36253,0
20231107,230000,611.8,612.1,610.6,611.2,33663,0
20231108,100000,611.1,611.8,608.2,611.6,190717,0
20231108,110000,611.7,617.8,611.5,617,415112,0
20231108,120000,616.9,618.7,615.1,618.5,180120,0
20231108,130000,618.5,619,615.2,616.1,165421,0
20231108,140000,616.2,618.6,616.1,618,88655,0
20231108,150000,618.2,619.9,617.6,618.1,152803,0
20231108,160000,618,620,616.2,616.5,176410,0
20231108,170000,616.4,619.1,616.4,618.2,87355,0
20231108,180000,618.2,619.9,617.5,617.5,195757,0
20231108,190000,617.5,617.9,613.4,614.2,130989,0
20231108,200000,614.1,616.1,613.2,614.6,64020,0
20231108,210000,614.6,616.5,614.4,614.7,42590,0
20231108,220000,614.9,614.9,613.3,613.8,41718,0
20231108,230000,613.8,614.9,613.1,614.5,38608,0
20231109,100000,616,616.4,613.3,614.8,120325,0
20231109,110000,614.7,614.8,611.1,613.1,130292,0
20231109,120000,613,615,612,614.6,51465,0
20231109,130000,614.6,616.4,614,615.9,111906,0
20231109,140000,615.9,619,615.1,618.9,181130,0
20231109,150000,618.9,618.9,617.4,617.6,64354,0
20231109,160000,617.6,619.4,617.3,617.8,207633,0
20231109,170000,617.7,618.7,616.4,616.5,52282,0
20231109,180000,616.6,618.7,616.5,618.7,81362,0
20231109,190000,618.1,618.3,616.5,616.7,33456,0
20231109,200000,616.7,617.2,616.3,616.5,16436,0
20231109,210000,616.3,616.5,615.1,615.5,36052,0
20231109,220000,615.6,616.5,615.2,615.6,28426,0
20231109,230000,615.6,615.6,614.6,615.2,22246,0
20231110,100000,617.1,618,614.1,617,103018,0
20231110,110000,616.8,618.5,615.5,618.1,71093,0
20231110,120000,618.1,620.5,618,619.8,242664,0
20231110,130000,619.6,619.7,617.1,618,77446,0
20231110,140000,618,618.4,617.1,617.8,37421,0
20231110,150000,618.1,618.1,615.9,616.2,95923,0
20231110,160000,616.3,618.2,616.2,617.1,53729,0
20231110,170000,617.5,620,617.4,619.9,152381,0
20231110,180000,619.9,620,619.2,620,73379,0
20231110,190000,620,620.3,619.2,620,53206,0
20231110,200000,619.9,620,619.5,620,42847,0
20231110,210000,619.9,620,618.9,619.7,38410,0
20231110,220000,619.4,620,619.1,619.5,37730,0
20231110,230000,619.6,620,619.4,620,35119,0
20231113,100000,620.1,623.3,620.1,621.3,239016,0
20231113,110000,621.3,621.6,618.4,620.4,162611,0
20231113,120000,620.5,622.2,618,618.2,148095,0
20231113,130000,618.3,619.1,617,617.9,102887,0
20231113,140000,617.9,618.8,617,617.7,93764,0
20231113,150000,617.8,620,617,619,138490,0
20231113,160000,618.9,620,617.6,619.2,82606,0
20231113,170000,619.1,620,618.7,619.2,83855,0
20231113,180000,619.1,620.6,618,620.6,99538,0
20231113,190000,620.6,620.6,616.4,616.5,75714,0
20231113,200000,616.5,617.4,615.9,617,35465,0
20231113,210000,617,617.8,616.5,616.8,18961,0
20231113,220000,616.6,616.8,615.9,616.7,21098,0
20231113,230000,616.7,616.7,616.1,616.3,8863,0
20231114,100000,616.4,618.5,611.2,614.7,346049,0
20231114,110000,614.7,614.9,611.1,611.9,156204,0
20231114,120000,611.9,612,606.3,607.8,266370,0
20231114,130000,607.8,608.2,607,608.1,63673,0
20231114,140000,608.2,609.3,605.1,607.3,173203,0
20231114,150000,607.3,618.7,606.9,614.1,782566,0
20231114,160000,613.8,617.4,611.8,615.3,174392,0
20231114,170000,615.3,616.2,607.8,610,356446,0
20231114,180000,609.9,612.5,609.4,612.5,98357,0
20231114,190000,612.3,612.4,610.5,611.7,32831,0
20231114,200000,611.7,612.1,610.1,610.2,20717,0
20231114,210000,610.6,610.8,609.9,610.1,18338,0
20231114,220000,610.5,610.6,609.4,609.6,11925,0
20231114,230000,609.5,611.9,607.1,610.7,49074,0
20231115,100000,610.6,610.7,606.6,608.1,231576,0
20231115,110000,608.1,609.5,608,609.3,53376,0
20231115,120000,609.3,609.9,608.1,609.7,82311,0
20231115,130000,609.6,610,609,610,58279,0
20231115,140000,610,612.4,608.3,610.6,90628,0
20231115,150000,610.5,611.6,609.5,610.3,49395,0
20231115,160000,610.3,613.5,610,612.7,93671,0
20231115,170000,612.7,614.8,612.2,614.8,101767,0
20231115,180000,614.7,614.8,611.3,611.3,121586,0
20231115,190000,611.9,612.3,610.5,611.6,63572,0
20231115,200000,611.4,611.6,611.1,611.4,15443,0
20231115,210000,611.4,611.5,610,610.7,34554,0
20231115,220000,610.7,611.2,610.4,611,14690,0
20231115,230000,611.2,612.1,610.9,611.8,16114,0
20231116,100000,611.8,613,608.8,610.4,101801,0
20231116,110000,610.4,610.7,608,609.1,143300,0
20231116,120000,609.1,609.9,608.6,609.7,56406,0
20231116,130000,609.7,610,608.5,609,62008,0
20231116,140000,609,610.1,607.6,609.2,131068,0
20231116,150000,609.3,610,608.2,608.7,38615,0
20231116,160000,608.5,609,608.5,608.7,33323,0
20231116,170000,608.7,609.7,607.4,607.9,86384,0
20231116,180000,607.9,607.9,606.2,607.4,92449,0
20231116,190000,606.7,607.7,600.5,603.5,187860,0
20231116,200000,603.5,605.2,600.4,603.5,152419,0
20231116,210000,603.5,604.8,601.9,604.4,43155,0
20231116,220000,604.3,604.4,601.2,601.3,27901,0
20231116,230000,601.5,604.4,601,602.1,45011,0
20231117,100000,602.1,607.7,598.1,607.2,311222,0
20231117,110000,607.3,607.4,601.1,602.2,232554,0
20231117,120000,602.3,605.7,601.8,605.1,87063,0
20231117,130000,605.1,607.5,604.2,605.2,181386,0
20231117,140000,605.4,613.5,605.3,613.5,464107,0
20231117,150000,613.6,614.6,612.2,614.4,258975,0
20231117,160000,614.4,616.5,614.1,615.7,323276,0
20231117,170000,615.7,619,615.2,617.9,462622,0
20231117,180000,617.9,618.5,616,616,178214,0
20231117,190000,616.1,617.5,614,616,81202,0
20231117,200000,616,616,614.1,614.7,28326,0
20231117,210000,614.5,615.5,614,614.4,32647,0
20231117,220000,614.4,615.5,614.3,615.5,34031,0
20231117,230000,615.5,616,615.3,615.5,34586,0
20231120,100000,616.8,618.7,612.1,614.3,370310,0
20231120,110000,614.3,615,612,614.4,135690,0
20231120,120000,614.8,616,613.3,613.7,66949,0
20231120,130000,613.7,613.7,611.5,612.6,121764,0
20231120,140000,612.6,613.4,612,612.5,75178,0
20231120,150000,612.6,613.8,612,613.4,76817,0
20231120,160000,613.4,614.3,612.4,613.5,95545,0
20231120,170000,613.4,613.6,612.2,613.2,50969,0
20231120,180000,613.2,616.1,613,616.1,194056,0
20231120,190000,615.4,615.9,615,615.1,50806,0
20231120,200000,615,615.5,614.1,614.4,30391,0
20231120,210000,614.4,617.2,614.2,617.2,54174,0
20231120,220000,617.1,617.8,615.3,615.8,50425,0
20231120,230000,615.7,616.4,614.6,615.4,8893,0
20231121,100000,614.5,615,612.4,613.5,92412,0
20231121,110000,613.4,614,611.1,611.7,83654,0
20231121,120000,611.5,614.2,611.5,612.8,45562,0
20231121,130000,612.8,613.8,612.1,612.9,53012,0
20231121,140000,612.8,614.9,612.3,614.3,61018,0
20231121,150000,614.4,614.6,613.8,614.3,31019,0
20231121,160000,614.3,630,611.9,629.3,2208957,0
20231121,170000,629.4,631.6,628.1,630.8,1355497,0
20231121,180000,630.7,634,630.5,633,777905,0
20231121,190000,633,633,628.6,631.3,308204,0
20231121,200000,631.2,631.8,629.4,631.6,127292,0
20231121,210000,631.5,632.2,630.4,631.1,77245,0
20231121,220000,631.1,633.8,630.8,632.7,156953,0
20231121,230000,633,634.4,632.8,634.2,94276,0
20231122,100000,635.9,638.8,634.3,636.1,803518,0
20231122,110000,636.1,636.6,634.2,634.9,236543,0
20231122,120000,634.9,636.8,634.5,636.6,153273,0
20231122,130000,636.5,638,635.7,637.8,214934,0
20231122,140000,637.9,638,636.4,637.3,194055,0
20231122,150000,637.2,638,633.1,635.6,340249,0
20231122,160000,635.7,640,634.8,640,851347,0
20231122,170000,639.7,643.4,639.2,642.8,742226,0
20231122,180000,642.9,642.9,638.9,639,312589,0
20231122,190000,639,640.8,638.1,640,104764,0
20231122,200000,639.8,640.4,638.7,640.2,27409,0
20231122,210000,640.2,640.3,639.2,639.7,45176,0
20231122,220000,639.7,640.1,638.2,640.1,59542,0
20231122,230000,640.1,641,640,640.8,85591,0
20231123,100000,642.3,642.5,639,640,298868,0
20231123,110000,640,643.2,639.7,642.5,331955,0
20231123,120000,642.6,643.4,641.7,642.9,232462,0
20231123,130000,642.8,643.2,641,643.2,242620,0
20231123,140000,643.2,645,642.8,644.6,322222,0
20231123,150000,644.8,645,643.2,644.2,186311,0
20231123,160000,644.2,645.8,644.1,644.8,152205,0
20231123,170000,644.8,644.9,640.3,640.4,189201,0
20231123,180000,640.6,644,640.6,644,118274,0
20231123,190000,644,644.2,641.4,641.6,85250,0
20231123,200000,641.6,641.9,638.6,640,131607,0
20231123,210000,640,641.6,639.3,640.5,40319,0
20231123,220000,640.4,643.3,640.2,642,68019,0
20231123,230000,642,642,639.6,641.1,31802,0
20231124,100000,643.1,644,641.4,642.9,190707,0
20231124,110000,642.9,647,642.5,646.8,366776,0
20231124,120000,646.8,647.7,645.7,646.9,245916,0
20231124,130000,646.7,647.9,645.8,647.5,148064,0
20231124,140000,647.6,647.8,645.8,646.3,122605,0
20231124,150000,646.3,646.6,644.3,645.4,239829,0
20231124,160000,645.4,647.4,644,647.1,185834,0
20231124,170000,647.2,648.5,646.2,648.5,204800,0
20231124,180000,648.5,649,646.4,646.4,234387,0
20231124,190000,646.9,648.8,646.5,647.3,78052,0
20231124,200000,647.3,648.6,647,648.5,58657,0
20231124,210000,648.5,649.4,648,648.1,64996,0
20231124,220000,648.1,648.1,646.8,647.8,49321,0
20231124,230000,647.8,648.7,647.3,648,50821,0
20231127,100000,649.1,649.9,643,648.6,579536,0
20231127,110000,648.7,648.8,646.1,648.6,180650,0
20231127,120000,648.4,649.3,645.3,646,188332,0
20231127,130000,646,646.4,644.2,645.6,206742,0
20231127,140000,645.3,645.8,644.5,644.5,121368,0
20231127,150000,644.5,644.7,641.3,642,180781,0
20231127,160000,642,642.5,639.1,639.4,227907,0
20231127,170000,639.4,640,636.8,638,218527,0
20231127,180000,638,642.5,636.4,642,227208,0
20231127,190000,641,642.5,638.7,639.4,36353,0
20231127,200000,639.4,641.2,639.2,640.3,33131,0
20231127,210000,640.3,640.6,639.4,639.9,16377,0
20231127,220000,639.7,639.9,638.4,638.6,35439,0
20231127,230000,638.6,640.4,638.2,638.4,40524,0
20231128,100000,638.2,639.8,632.6,633.2,271272,0
20231128,110000,633.2,636.5,632.3,634.7,155443,0
20231128,120000,634.7,636,633.5,635,80780,0
20231128,130000,635,636,634.9,634.9,46461,0
20231128,140000,635,635,633,633.7,78091,0
20231128,150000,633.7,636.9,633.5,636.2,178181,0
20231128,160000,636.2,638.3,634.5,638,150240,0
20231128,170000,637.9,640,637.8,639.9,133394,0
20231128,180000,640,643.7,639.9,643.4,248217,0
20231128,190000,643.4,643.7,640,641.5,66826,0
20231128,200000,641.7,641.9,640.4,641.7,24294,0
20231128,210000,641.7,641.8,640.3,640.7,11248,0
20231128,220000,640.8,641.3,640.3,640.6,23492,0
20231128,230000,640.6,641.9,640.2,641.2,14943,0
20231129,100000,641.9,644.2,637.2,638.9,238313,0
20231129,110000,639.1,640.8,636.6,637.9,99867,0
20231129,120000,638,639.6,637,637.9,98171,0
20231129,130000,637.9,641.7,637.8,640.8,80187,0
20231129,140000,640.7,641.4,640.1,640.3,44693,0
20231129,150000,640.3,641.4,640.3,641.2,39053,0
20231129,160000,641.2,642.1,640.7,641,41954,0
20231129,170000,641.1,641.9,641,641.5,56958,0
20231129,180000,641.6,641.6,638.1,638.1,112323,0
20231129,190000,638.3,639.2,637.7,638.9,45607,0
20231129,200000,638.9,639.3,638.6,638.7,19063,0
20231129,210000,638.7,639.1,638.3,639,16283,0
20231129,220000,639,639,638.1,638.9,24642,0
20231129,230000,638.9,639.5,638.5,638.7,15447,0
20231130,100000,639,640,636,636.8,128196,0
20231130,110000,636.8,639.4,635,639.4,126222,0
20231130,120000,639.2,640,638.5,639.3,82035,0
20231130,130000,639.3,644,639.2,643.4,179239,0
20231130,140000,643.4,643.4,641,643,86698,0
20231130,150000,643,643.9,642.6,643.2,84913,0
20231130,160000,643.3,643.3,639,640.7,126937,0
20231130,170000,640.7,643.5,640.1,642.8,77039,0
20231130,180000,642.8,643,638.6,638.6,143611,0
20231130,190000,639,639.9,638.1,638.7,54332,0
20231130,200000,638.7,639,637.7,638.7,39050,0
20231130,210000,638.7,639.4,638.4,638.7,9589,0
20231130,220000,638.7,638.8,638,638.3,20593,0
20231130,230000,638.3,638.8,638,638.8,12099,0
20231201,100000,638.8,638.8,635.3,637.4,83623,0
20231201,110000,637.4,638.5,635.8,638.4,69359,0
20231201,120000,638.4,639.9,638.3,639.9,54354,0
20231201,130000,639.7,641,639.5,639.6,61588,0
20231201,140000,639.6,640.7,638.8,639.6,59198,0
20231201,150000,639.7,640.5,637.2,637.8,65883,0
20231201,160000,637.8,638.3,636.9,637.8,68678,0
20231201,170000,637.8,639,625.6,635.1,515826,0
20231201,180000,635.2,636.2,633.6,634.5,282885,0
20231201,190000,634.5,635,632.3,632.8,35617,0
20231201,200000,632.7,634.3,632.6,634.3,32215,0
20231201,210000,634.3,635.3,633,633.1,28098,0
20231201,220000,633,633.9,632.9,632.9,32147,0
20231201,230000,633,633.5,632.4,632.5,19384,0
20231204,100000,630.6,631.3,622.7,628.7,339062,0
20231204,110000,628.9,630.2,622.8,623.7,277824,0
20231204,120000,623.7,624,620,623.2,303391,0
20231204,130000,623.2,626,623.2,624.8,101020,0
20231204,140000,624.8,625.1,622.8,624.2,41665,0
20231204,150000,624.1,625.4,622.8,624.8,60357,0
20231204,160000,624.4,627.6,624.4,626.1,173332,0
20231204,170000,626.3,632,626,631.9,282211,0
20231204,180000,631.9,633.5,627.7,627.7,359554,0
20231204,190000,627.7,627.7,622.7,624.3,98929,0
20231204,200000,624.2,625.7,623.4,625.7,54860,0
20231204,210000,625.7,626.5,624.8,625.8,31266,0
20231204,220000,625.8,625.8,622.5,623.4,57145,0
20231204,230000,623.4,624.8,622.8,623.7,17449,0
20231205,100000,624.9,629.8,624.2,628.4,151462,0
20231205,110000,628.5,628.8,622.4,626,113477,0
20231205,120000,625.9,629.5,625,628.1,67311,0
20231205,130000,628.1,629.5,628,629.5,86456,0
20231205,140000,629.5,632.8,629.4,632.3,88499,0
20231205,150000,632.4,633.5,631.2,631.6,58075,0
20231205,160000,631.9,633.4,630.1,632,130150,0
20231205,170000,631.9,636,631.9,635.7,125264,0
20231205,180000,635.7,637.2,632.8,632.8,136945,0
20231205,190000,632.9,634.6,632.8,634.4,32711,0
20231205,200000,634.4,635.6,634.2,635.5,18484,0
20231205,210000,635.6,635.8,635,635.5,13440,0
20231205,220000,635.5,635.8,634,634.1,18794,0
20231205,230000,634,635.2,634,635.2,7638,0
20231206,100000,636,636.9,633.1,633.1,99663,0
20231206,110000,633.2,633.5,630.6,632.2,67692,0
20231206,120000,631.9,632.8,627.9,629.6,98000,0
20231206,130000,629.5,631.1,624.2,628.9,129194,0
20231206,140000,628.8,629,627.1,628.1,48378,0
20231206,150000,628,633.9,628,633.8,98255,0
20231206,160000,633.7,634,627,628.8,93633,0
20231206,170000,628.6,629.4,626.5,629.1,104065,0
20231206,180000,629.1,629.2,622.1,622.1,216498,0
20231206,190000,622.1,626.2,622,623.3,128974,0
20231206,200000,623.4,624,619.3,621.9,110478,0
20231206,210000,621.9,623.9,621.7,623.5,25368,0
20231206,220000,623.2,623.7,622,623,15143,0
20231206,230000,623,623.5,621.8,622.2,15904,0
20231207,100000,622.2,627.7,619.8,619.9,222564,0
20231207,110000,619.9,627.9,619.1,627.7,285514,0
20231207,120000,627.8,631.9,627.4,631.5,279429,0
20231207,130000,631.5,634.2,629.8,634.1,276171,0
20231207,140000,634.2,634.5,629.9,633,297781,0
20231207,150000,633.1,635.8,631.6,634.7,275830,0
20231207,160000,634.3,636.5,632.3,633.8,125894,0
20231207,170000,633.8,634.4,631.1,632.5,92866,0
20231207,180000,632.5,633.3,624.3,624.3,275117,0
20231207,190000,624.9,628,624.8,626.9,85260,0
20231207,200000,626.9,627.7,625.7,627.4,21093,0
20231207,210000,627.4,627.8,626.5,627.2,8150,0
20231207,220000,627.4,627.8,626.5,626.9,13223,0
20231207,230000,626.9,626.9,626,626.2,16274,0
20231208,100000,626.9,635.9,626.5,631.3,229881,0
20231208,110000,631.3,634.5,630.6,632.4,68603,0
20231208,120000,632.4,632.9,632,632.2,53058,0
20231208,130000,632.2,632.6,630.5,631.2,73921,0
20231208,140000,631.2,631.9,630,630.7,26734,0
20231208,150000,630.7,631,629,629.2,68072,0
20231208,160000,629.3,631.9,629,631.9,51050,0
20231208,170000,631.9,633.3,631.8,632.5,69469,0
20231208,180000,632.5,637.8,631.4,637.8,201861,0
20231208,190000,637.4,637.7,635.6,636.4,77747,0
20231208,200000,636.4,637.7,636.2,636.3,32680,0
20231208,210000,636.4,636.7,636.1,636.3,13124,0
20231208,220000,636.4,637.4,636.3,637.1,27817,0
20231208,230000,637.1,637.8,636.7,637.7,66208,0
20231211,100000,638.7,638.9,633.7,634.2,164020,0
20231211,110000,634.2,637.5,632.8,635.4,116449,0
20231211,120000,635.2,636.6,631,635,184878,0
20231211,130000,634.9,635.2,631.5,632.1,65366,0
20231211,140000,632.6,634.3,630,631.6,208841,0
20231211,150000,631.5,633.2,631,632.5,99247,0
20231211,160000,632.5,633.3,628.3,628.4,188619,0
20231211,170000,628.4,630.7,628.2,628.8,103965,0
20231211,180000,628.8,629.7,624.7,624.7,108702,0
20231211,190000,625,625.9,622.9,625.8,97873,0
20231211,200000,625.8,627.3,624,625.1,32110,0
20231211,210000,624.6,625.2,623.5,624.8,25279,0
20231211,220000,624.8,624.9,623.4,623.7,23840,0
20231211,230000,623.8,625.3,623.1,625,18940,0
20231212,100000,625.5,628.9,623.7,626.9,143903,0
20231212,110000,627,627,620,623.9,221244,0
20231212,120000,624,624.5,621.6,622.5,65300,0
20231212,130000,622.5,627.3,622.4,626.5,89685,0
20231212,140000,626.5,630,626.1,629.6,89473,0
20231212,150000,629.4,630,627.6,629.6,68175,0
20231212,160000,629.6,631.8,628.2,628.6,147720,0
20231212,170000,628.5,629.1,625.6,627,97094,0
20231212,180000,627,629,622,622,163602,0
20231212,190000,623,624.4,622.3,623.2,63383,0
20231212,200000,623.3,625.2,623.2,624.7,59133,0
20231212,210000,624.5,624.8,622.8,623.6,16606,0
20231212,220000,623.5,625.1,623.2,624.2,16293,0
20231212,230000,624.1,625.5,624.1,625.5,24927,0
20231213,100000,624.2,626,621.3,625.2,91916,0
20231213,110000,625.2,627,625,626.9,48338,0
20231213,120000,626.9,629.8,626.9,628.7,75440,0
20231213,130000,628.7,629.3,628.1,628.6,26308,0
20231213,140000,628.7,630.2,627.9,630.1,72602,0
20231213,150000,630.2,630.3,627.1,628.6,77712,0
20231213,160000,628.5,629.3,626.7,627.2,49907,0
20231213,170000,627.2,627.7,625.6,626.8,45177,0
20231213,180000,626.8,628.1,626,628.1,42661,0
20231213,190000,627.9,628,626.3,627.2,16010,0
20231213,200000,627.5,628.3,627.3,627.9,5980,0
20231213,210000,627.7,628.9,627.6,628.9,9634,0
20231213,220000,628.9,629.5,628.4,628.5,6402,0
20231213,230000,628.4,629.4,627,628.7,13531,0
20231214,100000,630,631.2,627.4,628,50698,0
20231214,110000,628,628.1,627,627.6,38388,0
20231214,120000,627.7,629.5,627.6,628.1,28407,0
20231214,130000,628.1,628.5,627,627.1,18973,0
20231214,140000,627.3,627.6,625.1,626.1,33624,0
20231214,150000,625.8,626.8,624.9,625.2,48514,0
20231214,160000,625.2,626.3,623.6,625.7,53667,0
20231214,170000,625.7,626,621,621.4,116274,0
20231214,180000,621.4,625.3,619.1,625.3,223018,0
20231214,190000,624.3,624.6,620.1,620.6,149277,0
20231214,200000,620.6,620.9,616.8,617,73985,0
20231214,210000,617,619.3,615.2,618.9,57026,0
20231214,220000,618.9,620.8,617.8,619.4,38632,0
20231214,230000,619.5,619.5,616.2,617,39740,0
20231215,100000,616.6,624.5,616.2,624,218391,0
20231215,110000,623.7,629.3,623.6,626.1,242714,0
20231215,120000,626.7,627,625.2,626.6,46281,0
20231215,130000,626.9,631.1,626.6,628.6,276454,0
20231215,140000,628.6,634.5,628.6,631.2,227732,0
20231215,150000,631.2,633.9,630.2,632.4,220000,0
20231215,160000,632.4,634.5,631.4,634.3,102575,0
20231215,170000,634.2,636.5,633,635.7,151038,0
20231215,180000,635.8,636.4,634.7,634.7,123499,0
20231215,190000,634,635.4,632.7,633.8,36994,0
20231215,200000,633.7,635.5,633.7,634.8,30758,0
20231215,210000,634.9,635.1,634,634.6,30415,0
20231215,220000,634.3,634.7,633.6,634.3,19773,0
20231215,230000,634,635.5,634,635.3,34785,0
20231218,100000,640,648.1,635.5,644.9,544461,0
20231218,110000,644.9,645,644,644.8,126955,0
20231218,120000,644.8,645,644,644.9,139587,0
20231218,130000,644.9,645,642.8,643.7,90806,0
20231218,140000,643.6,645.9,643.2,645.3,139219,0
20231218,150000,645,645.6,644.3,644.5,59794,0
20231218,160000,644.6,645.3,642,645.2,155367,0
20231218,170000,645.2,645.5,643.8,644.5,96585,0
20231218,180000,644.8,647.8,641.3,641.3,325462,0
20231218,190000,642.4,644.9,642.1,643.6,127392,0
20231218,200000,643.7,644.5,643.5,644.3,16146,0
20231218,210000,644.3,645.3,644.2,644.8,26749,0
20231218,220000,644.8,645.1,644.1,644.9,23908,0
20231218,230000,644.8,644.9,643.6,643.6,17012,0
20231219,100000,643.7,645,640.5,643.9,207649,0
20231219,110000,644,644.9,642.2,644.6,118233,0
20231219,120000,644.4,649.5,644.4,648.5,406211,0
20231219,130000,648.3,654,648,652.9,626528,0
20231219,140000,652.9,653,647.2,649.8,262143,0
20231219,150000,649.9,649.9,644.9,646.5,202108,0
20231219,160000,646.5,650.6,645.6,650.2,118190,0
20231219,170000,650.2,652.4,648.7,652.2,154206,0
20231219,180000,652.3,652.5,650.3,650.3,81869,0
20231219,190000,650.8,653,650.8,652,62616,0
20231219,200000,652,652.8,651.7,652,28617,0
20231219,210000,652,652.5,651.5,652.2,23849,0
20231219,220000,652.3,653.8,651.8,653.3,65089,0
20231219,230000,653.3,654,653.2,653.4,54248,0
20231220,100000,654.9,657,652,654.7,379223,0
20231220,110000,654.6,660,654,658.4,280379,0
20231220,120000,658.5,659,657.2,658,83274,0
20231220,130000,657.8,659.9,657.7,659.3,90876,0
20231220,140000,659.3,659.8,657.5,659.8,98087,0
20231220,150000,659.7,661.6,659,661,191592,0
20231220,160000,661,661.3,660,661.1,93854,0
20231220,170000,660.9,663.9,660.8,662.8,214832,0
20231220,180000,662.8,663.1,660.2,660.2,168719,0
20231220,190000,660.8,661.5,659.1,661,86553,0
20231220,200000,660.9,662,660,661,52623,0
20231220,210000,661,661.2,658.6,659.1,36323,0
20231220,220000,659,660.4,658.9,659.2,37930,0
20231220,230000,659.2,660.2,658,658.4,43065,0
20231221,100000,660,662,654.1,658.7,236106,0
20231221,110000,658.6,659.2,656,658.3,117341,0
20231221,120000,658.2,660.9,657,659.3,91090,0
20231221,130000,659.6,660.6,658.4,660.1,41934,0
20231221,140000,660,661.4,659.5,660.8,143424,0
20231221,150000,660.9,661,648.7,650.5,535007,0
20231221,160000,650.5,656.9,650.5,653.4,268375,0
20231221,170000,653.4,655,652.1,654.8,85549,0
20231221,180000,654.9,661.3,654.6,661.3,363784,0
20231221,190000,660,660.4,658.6,658.6,59501,0
20231221,200000,658.7,658.9,657.1,658.8,32474,0
20231221,210000,658.5,658.8,657.9,658.3,18464,0
20231221,220000,658.4,659,658,658.6,15499,0
20231221,230000,658.6,659,657.4,658.5,15333,0
20231222,100000,660.9,666,659.5,665,277493,0
20231222,110000,664.7,665.3,660.8,664.5,115390,0
20231222,120000,664.5,665,662.5,663.4,98450,0
20231222,130000,663.5,663.7,661.1,661.9,93766,0
20231222,140000,661.9,662.9,660,660.8,108124,0
20231222,150000,661.2,662,660,660.6,142709,0
20231222,160000,660.5,663.9,660.5,662.9,72823,0
20231222,170000,663,664,662.9,663.9,73684,0
20231222,180000,663.9,664,660.7,660.7,139940,0
20231222,190000,660.8,662.4,660.8,661.8,56180,0
20231222,200000,661.8,662,661.2,662,16586,0
20231222,210000,662,662,661.1,661.9,6800,0
20231222,220000,661.9,662,661.3,661.5,20500,0
20231222,230000,661.5,662,661.3,661.5,30000,0
20231225,100000,660.3,666.6,657.6,666.5,400363,0
20231225,110000,666.6,670.8,666.5,668.7,465390,0
20231225,120000,668.4,675.5,668.4,674.7,304761,0
20231225,130000,674.6,674.7,672.5,673.8,149326,0
20231225,140000,674,674.6,668.7,673.2,247448,0
20231225,150000,673.2,674,671,671.5,158694,0
20231225,160000,671.5,673.9,670.8,672.9,176420,0
20231225,170000,673,677.3,672.5,677.2,246007,0
20231225,180000,677.2,677.6,674.3,674.3,199919,0
20231225,190000,674.9,677.8,674.8,676.1,56700,0
20231225,200000,676,677.3,675.5,676.3,47499,0
20231225,210000,676.2,676.4,675.8,676.3,16895,0
20231225,220000,676.3,677.1,676,676.5,28591,0
20231225,230000,676.5,677.1,676,676,31116,0
20231226,100000,678.2,682,677.1,678,358281,0
20231226,110000,678.1,680.6,676.7,679.8,226483,0
20231226,120000,679.8,682.5,679.3,679.8,222333,0
20231226,130000,679.8,681.8,679.8,681.4,86531,0
20231226,140000,681.2,684.5,681.2,684.4,365821,0
20231226,150000,684.4,693,684.3,693,520880,0
20231226,160000,693,696,689.1,689.7,551321,0
20231226,170000,689.7,691.8,687.5,691.8,253934,0
20231226,180000,691.8,691.8,688.7,689.4,166510,0
20231226,190000,689.5,691.9,689.5,691.4,67910,0
20231226,200000,691.3,693.1,691.3,693.1,72236,0
20231226,210000,693.1,695.5,692.5,695.4,90894,0
20231226,220000,695.3,700,695.3,697.7,214765,0
20231226,230000,697.6,698.8,696.1,698.3,105430,0
20231227,100000,699.1,715.9,697.5,715,1263083,0
20231227,110000,715,715.8,708.5,710.2,494680,0
20231227,120000,710.2,714.7,710.2,712.2,281975,0
20231227,130000,712.2,712.7,710.8,711.1,149640,0
20231227,140000,711.4,712.9,710.8,712,163464,0
20231227,150000,711.9,714,711,712.3,190723,0
20231227,160000,712.4,712.8,708.7,712.2,275331,0
20231227,170000,712.3,712.7,710.5,711,164447,0
20231227,180000,711.2,711.3,703.7,703.7,760768,0
20231227,190000,704.2,709,704,708.4,288240,0
20231227,200000,708.5,712.8,708.4,712,183719,0
20231227,210000,712,712.8,710.9,711.1,82482,0
20231227,220000,711.1,713,711.1,712.7,74294,0
20231227,230000,712.9,720,712.8,717.7,403242,0
20231228,100000,718.6,718.6,704.1,712.9,850872,0
20231228,110000,713,714,708,708.3,278662,0
20231228,120000,708.3,712,708,708.5,183322,0
20231228,130000,708.4,710,705,709.3,228783,0
20231228,140000,709.3,712.3,706.5,710.7,312411,0
20231228,150000,710.7,714,709.3,713.1,211811,0
20231228,160000,713.1,713.1,708.2,710.4,255811,0
20231228,170000,710.4,711.4,709,709.8,90774,0
20231228,180000,709.7,711.5,708.2,711.5,164906,0
20231228,190000,711.6,711.6,708.5,709.2,58297,0
20231228,200000,709.3,710.8,709,710.4,34807,0
20231228,210000,710.4,710.6,709.1,709.2,29669,0
20231228,220000,709.2,710.5,709.1,709.6,40295,0
20231228,230000,709.6,710.2,708,708.2,50192,0
20231229,100000,708,710,698.8,700.3,515907,0
20231229,110000,700.3,707.3,699.5,706,247591,0
20231229,120000,706,707.4,705.1,706.8,94827,0
20231229,130000,707.1,709.8,706.7,709.3,154686,0
20231229,140000,709.3,710.5,707.8,708.6,150263,0
20231229,150000,708.7,708.8,706.2,707.5,187724,0
20231229,160000,707.5,707.9,706.3,707.5,71319,0
20231229,170000,707.7,709.8,707.3,709,115908,0
20231229,180000,709.4,711.9,709,711.3,168192,0
20231229,190000,711.3,711.4,708.7,709.4,41123,0
20231229,200000,709.5,710.7,709.4,710.1,30899,0
20231229,210000,710.1,710.3,709.1,709.6,35036,0
20231229,220000,709.7,709.7,708.8,709.5,53653,0
20231229,230000,709.5,710.5,709.1,710,63581,0
20240103,100000,714.7,719,712,718.9,364740,0
20240103,110000,718.9,719,714.6,718.2,176123,0
20240103,120000,718.3,718.8,717.1,718,109006,0
20240103,130000,718,718.3,717.3,717.9,49495,0
20240103,140000,717.9,719,717.7,718.7,60192,0
20240103,150000,718.6,719.9,718.4,719.5,56576,0
20240103,160000,719.6,720,718.6,719.9,87393,0
20240103,170000,719.9,722,718.9,722,132532,0
20240103,180000,722,723,720.1,720.1,136741,0
20240103,190000,720.1,721.5,718.6,720.5,66832,0
20240103,200000,720.4,721.6,720,721.1,42658,0
20240103,210000,720.7,722.3,720.6,722.3,25573,0
20240103,220000,722.3,722.3,721,721.6,23504,0
20240103,230000,721.7,721.9,720.3,720.9,25825,0
20240104,100000,723.9,729,721.8,726.1,276814,0
20240104,110000,726.1,726.8,726.1,726.2,59214,0
20240104,120000,726.3,727.5,726.2,727.5,60566,0
20240104,130000,727.4,727.5,726.8,726.8,37472,0
20240104,140000,727.1,728,726.8,727.4,35500,0
20240104,150000,727.5,727.8,726.9,727.2,48013,0
20240104,160000,727.2,727.2,726,726.3,64755,0
20240104,170000,726.3,726.9,726,726.1,48098,0
20240104,180000,726.1,726.2,723.2,723.9,130140,0
20240104,190000,724.7,725.6,724.1,725,34286,0
20240104,200000,725,725,724.4,724.8,33732,0
20240104,210000,725,726,724.7,725.8,20839,0
20240104,220000,725.9,726,725.4,725.5,17384,0
20240104,230000,725.5,725.9,724.6,725.9,46500,0
20240105,100000,726.2,727.4,724.1,725,164466,0
20240105,110000,725,725,722.9,724,136890,0
20240105,120000,724,724.3,722.2,722.8,90456,0
20240105,130000,722.6,723.1,721,721.1,113324,0
20240105,140000,721,722,720.3,721.1,68509,0
20240105,150000,721.1,722.3,720.6,721.9,49021,0
20240105,160000,721.4,722.5,721,721.6,47123,0
20240105,170000,721.6,723.3,721.5,722.6,53839,0
20240105,180000,722.8,723.4,722.7,723.4,69380,0
20240105,190000,723.4,723.9,723,723,48529,0
20240105,200000,723.1,723.1,722,722.9,61400,0
20240105,210000,723,723,721,721.9,37348,0
20240105,220000,721.9,723.4,721.8,723.2,46078,0
20240105,230000,723.2,725.4,722.8,725,118534,0
20240108,100000,725.5,726.7,718.2,723.7,1156293,0
20240108,110000,723.6,724.4,723.2,723.4,223032,0
20240108,120000,723.4,723.6,718.6,719.4,374862,0
20240108,130000,719.4,722,719.1,721.8,152084,0
20240108,140000,721.8,722,721,721.8,66892,0
20240108,150000,721.8,722.5,721.4,722,138765,0
20240108,160000,722,724.1,721.8,724,242380,0
20240108,170000,724.1,725,722.1,723.8,388602,0
20240108,180000,723.8,724,722,724,250545,0
20240108,190000,722,723.6,720.1,721,279677,0
20240108,200000,720.9,723,720.8,723,157844,0
20240108,210000,723,723,721.5,721.7,107724,0
20240108,220000,722.2,723,721.7,722.9,188112,0
20240108,230000,722.7,723,721.1,722.9,386765,0
20240109,100000,695,698.6,685.5,686.9,3133175,0
20240109,110000,686.9,688.7,686.2,688.6,517274,0
20240109,120000,688.6,688.7,686.5,688,244946,0
20240109,130000,688,689.3,687.3,689.1,305659,0
20240109,140000,689.1,689.2,687.1,687.8,271800,0
20240109,150000,687.7,688,686,686.2,447711,0
20240109,160000,686.1,686.8,685.1,686.4,459097,0
20240109,170000,686.6,687.5,685.8,687.3,521118,0
20240109,180000,687.3,688.7,686.6,688.2,313641,0
20240109,190000,688.2,688.8,687,687.8,100085,0
20240109,200000,687.8,688,687.6,687.6,36532,0
20240109,210000,687.6,688.2,686.9,688,75344,0
20240109,220000,688,688.1,687,687.4,44791,0
20240109,230000,687.5,687.7,686.6,686.7,36497,0
20240110,100000,687,689,686.3,688.7,214946,0
20240110,110000,688.6,690,688,689.6,246655,0
20240110,120000,689.5,694.3,687.3,693.1,381957,0
20240110,130000,693.1,698.9,692.8,697.4,367723,0
20240110,140000,697.4,697.7,695.1,695.7,213439,0
20240110,150000,695.6,698,695.1,697,208675,0
20240110,160000,697,699.5,696.8,697.7,245257,0
20240110,170000,697.6,698,696.6,698,157610,0
20240110,180000,698,698.3,694.7,694.7,187148,0
20240110,190000,695.5,696.5,695.1,695.7,60880,0
20240110,200000,695.7,696.2,694.4,694.7,51176,0
20240110,210000,694.7,694.7,692.3,694,87529,0
20240110,220000,694,694.4,693,693.2,22226,0
20240110,230000,693.2,694.2,692,694,139455,0
20240111,100000,693.9,694.2,689.1,690.2,423555,0
20240111,110000,690.3,693.2,690.1,693,108119,0
20240111,120000,693.1,693.7,692.6,693,57051,0
20240111,130000,692.9,693,691.6,692.3,164759,0
20240111,140000,692.2,692.3,690.6,691.2,81447,0
20240111,150000,691,691.7,690.1,690.7,126304,0
20240111,160000,690.4,692.8,687.9,688.5,300866,0
20240111,170000,688.5,689.6,687,689.4,224924,0
20240111,180000,689.4,691.5,685.7,691.5,600380,0
20240111,190000,690.8,691.4,689.8,689.8,118140,0
20240111,200000,689.8,690.7,689.4,690.2,23809,0
20240111,210000,690.2,690.7,689.9,690.7,11500,0
20240111,220000,690.6,690.7,689.1,689.1,29826,0
20240111,230000,689.1,689.6,688.2,689.1,28452,0
20240112,100000,693.1,695.4,691.7,693.3,362601,0
20240112,110000,693.2,697.1,692.4,695.9,469490,0
20240112,120000,695.9,696.8,695.4,696.6,154614,0
20240112,130000,696.6,699,695,699,234406,0
20240112,140000,698.9,704.3,698,700.6,556432,0
20240112,150000,700.7,704.5,700.6,702.7,248134,0
20240112,160000,702.6,703.5,698.2,698.4,358071,0
20240112,170000,698.4,699.7,696,697.7,344045,0
20240112,180000,697.9,699,695.3,695.3,172500,0
20240112,190000,696.3,696.3,694.1,696.3,87633,0
20240112,200000,696.3,697.4,696.2,697.4,31893,0
20240112,210000,697.4,697.6,696.3,696.6,28711,0
20240112,220000,696.6,697.3,696.4,697.1,19239,0
20240112,230000,697,697.8,696.8,697.8,39719,0
20240115,100000,699.6,702,697.8,698,242545,0
20240115,110000,698,698.7,697.2,698.1,74537,0
20240115,120000,698.2,699.7,697.4,699,82666,0
20240115,130000,698.8,699,695.2,695.7,140313,0
20240115,140000,695.8,697.9,695.3,696.2,83278,0
20240115,150000,696.2,697.5,695.5,697.1,63672,0
20240115,160000,697.1,697.2,695.7,696,83816,0
20240115,170000,695.9,698.1,695.1,697.5,195429,0
20240115,180000,697.5,700.7,696.1,700.7,507838,0
20240115,190000,700,700.5,699.7,700,131711,0
20240115,200000,700,700.3,699.5,699.6,33195,0
20240115,210000,699.6,699.9,699.3,699.5,18417,0
20240115,220000,699.5,700.3,699.3,700.3,28034,0
20240115,230000,700.2,701,700.1,701,53456,0
20240116,100000,702.1,702.7,697.4,698.3,360282,0
20240116,110000,698.4,698.9,697,698.3,107637,0
20240116,120000,698.3,699.2,697.7,698.6,58339,0
20240116,130000,698.6,701,698.5,701,124125,0
20240116,140000,700.8,701,699.9,700.5,51726,0
20240116,150000,700.6,701,700,700.7,61152,0
20240116,160000,700.7,701,700.3,700.8,43877,0
20240116,170000,700.8,701.7,699.8,701.7,96196,0
20240116,180000,701.7,702.5,700.5,700.5,151760,0
20240116,190000,700.8,701,700.4,700.5,14982,0
20240116,200000,700.4,700.6,700,700.1,24700,0
20240116,210000,700,700.1,697.8,699.3,46922,0
20240116,220000,699.3,700,699,699.9,13588,0
20240116,230000,699.9,699.9,698.3,699.2,10527,0
20240117,100000,700.5,700.5,698.1,699,80292,0
20240117,110000,699,699.9,697.8,698.4,83445,0
20240117,120000,698.3,699.4,697.9,698.2,69835,0
20240117,130000,698.3,698.9,698,698,141363,0
20240117,140000,698.2,698.7,697.1,698.4,117115,0
20240117,150000,698.4,698.6,696.5,697,119165,0
20240117,160000,697,697.8,696.7,697,108517,0
20240117,170000,697.2,698.3,697,697.9,45167,0
20240117,180000,697.8,700,697.7,700,129574,0
20240117,190000,698.7,699.5,697.7,698.8,29999,0
20240117,200000,698.5,699,698.2,698.6,8982,0
20240117,210000,698.6,699.1,698.5,698.5,9516,0
20240117,220000,698.6,698.9,698,698.9,28815,0
20240117,230000,698.8,698.8,697.5,697.8,23373,0
20240118,100000,698,700,697.9,697.9,72894,0
20240118,110000,697.9,698.9,697.9,698.6,24998,0
20240118,120000,698.9,701,698.5,699.9,111815,0
20240118,130000,699.9,700,698.7,699.2,51053,0
20240118,140000,699.3,699.5,698.5,698.8,67155,0
20240118,150000,698.8,699.2,698.2,698.6,77904,0
20240118,160000,698.6,699.4,698.2,698.5,87667,0
20240118,170000,698.5,699.3,698.3,699.1,67211,0
20240118,180000,699.1,699.4,697.8,697.8,72168,0
20240118,190000,698.1,698.5,697.1,698.3,39629,0
20240118,200000,698.4,698.8,698,698.6,25668,0
20240118,210000,698.5,698.7,698,698.1,12975,0
20240118,220000,698.1,698.5,698,698.2,11191,0
20240118,230000,698,698.3,697.8,698,22825,0
20240119,100000,698,700.2,698,698.7,202084,0
20240119,110000,698.7,698.8,697.8,697.9,77637,0
20240119,120000,697.9,698.1,696,696.1,236740,0
20240119,130000,696.1,696.1,692.5,693.3,260094,0
20240119,140000,693,693.8,692.1,692.6,91044,0
20240119,150000,692.6,693.3,690.2,690.7,219717,0
20240119,160000,690.6,690.7,687.5,689.4,230544,0
20240119,170000,689.4,691,689.2,690.9,119703,0
20240119,180000,690.9,692,690.9,691.2,75950,0
20240119,190000,691.3,691.3,688.5,691.2,49701,0
20240119,200000,691.1,691.7,691,691.2,13208,0
20240119,210000,691.5,691.6,690,690.2,19050,0
20240119,220000,690.3,692,690.1,691.7,29000,0
20240119,230000,691.7,691.7,690,690.3,31125,0
20240122,100000,690.4,695,690.4,693.4,155146,0
20240122,110000,693.4,695,692.9,694.7,86506,0
20240122,120000,694.8,696,694.4,695.5,70707,0
20240122,130000,695.5,697.2,695.4,696,83216,0
20240122,140000,696.1,697.3,695,696.7,88415,0
20240122,150000,696.7,697.3,694.8,695.1,71099,0
20240122,160000,695.2,696.3,694.5,694.7,84154,0
20240122,170000,694.7,696.2,694.5,694.8,59662,0
20240122,180000,694.9,695.5,694.8,694.9,38114,0
20240122,190000,694.2,695.5,694.2,695,8536,0
20240122,200000,695.1,695.1,694.5,694.9,14439,0
20240122,210000,694.9,696,694.6,695.2,23349,0
20240122,220000,695.1,695.1,694.4,694.9,5142,0
20240122,230000,694.9,695.7,694.9,695.5,6933,0
20240123,100000,695.6,695.9,694,694.4,57256,0
20240123,110000,694.5,694.5,691,691.8,150299,0
20240123,120000,691.8,692.2,690.3,691,65941,0
20240123,130000,691,692,690.7,691,43726,0
20240123,140000,691.1,692.7,691,691.7,62550,0
20240123,150000,691.9,693.4,691.4,693,71470,0
20240123,160000,693,694.7,691.8,694.5,66039,0
20240123,170000,694.5,695.4,693.6,695,105841,0
20240123,180000,695,696.4,693.8,696.4,121735,0
20240123,190000,696.1,696.5,695.1,695.5,50915,0
20240123,200000,695.4,696,695,695.2,13209,0
20240123,210000,695.2,695.4,695,695.1,5959,0
20240123,220000,695.3,695.7,694.6,695.6,23389,0
20240123,230000,695.6,695.7,694.3,695.4,19618,0
20240124,100000,695.7,697.6,694,695.1,103032,0
20240124,110000,695.1,695.1,694.2,694.8,37788,0
20240124,120000,694.9,694.9,692.2,693.1,62698,0
20240124,130000,693,694.7,691.4,692.6,48145,0
20240124,140000,692.6,693.6,690.5,691.2,77325,0
20240124,150000,691.2,692.2,690.1,691.2,76941,0
20240124,160000,691.4,692.1,691.1,691.9,38605,0
20240124,170000,691.9,692.3,690.7,691,78815,0
20240124,180000,691,691.6,690.5,690.7,51773,0
20240124,190000,691.8,691.8,690.5,690.9,26628,0
20240124,200000,690.9,692,690.6,691.3,17703,0
20240124,210000,691.2,691.8,691,691.5,11578,0
20240124,220000,691.5,691.6,691.1,691.4,3733,0
20240124,230000,691.4,691.4,691,691.1,11831,0
20240125,100000,691.9,692.2,688.3,688.5,230116,0
20240125,110000,688.5,689.3,687.3,688.7,143639,0
20240125,120000,688.6,689.8,688.5,689.6,56615,0
20240125,130000,689.6,690.3,688.7,689.9,37596,0
20240125,140000,689.9,691,688.9,690.6,60570,0
20240125,150000,690.4,694.9,690.3,692.1,164812,0
20240125,160000,692.2,693.8,692,692.2,111991,0
20240125,170000,692.1,692.5,689,689.8,111703,0
20240125,180000,689.8,690.1,688.1,688.1,148404,0
20240125,190000,688.2,689.3,688.2,688.9,23457,0
20240125,200000,688.9,689.3,688,688.5,21098,0
20240125,210000,688.5,689.5,688.3,689.5,14074,0
20240125,220000,689.5,690.3,689.4,689.7,5863,0
20240125,230000,689.7,690.8,689.3,689.3,13959,0
20240126,100000,689.3,690.6,688.1,689.8,85613,0
20240126,110000,689.8,691.1,689.5,691,67407,0
20240126,120000,691,693,690.8,692.5,65126,0
20240126,130000,692.5,693,689.8,690.7,116750,0
20240126,140000,690.8,692.2,690.6,691.5,32738,0
20240126,150000,691.5,691.7,690,691.2,45485,0
20240126,160000,691.2,692.4,690.5,692,56948,0
20240126,170000,692,692.4,691.5,692,41355,0
20240126,180000,692,693.2,690.7,693.2,143660,0
20240126,190000,692.6,693.3,692.3,692.9,44927,0
20240126,200000,692.9,693.1,692.6,693,13891,0
20240126,210000,693,693.5,692.8,693.3,27527,0
20240126,220000,693.4,693.6,693,693.3,16301,0
20240126,230000,693.2,693.6,692.9,693.5,9617,0
20240129,100000,694.6,698.4,694.4,698,248781,0
20240129,110000,698,698.1,696,696.3,93162,0
20240129,120000,696.3,697,695,695.7,52825,0
20240129,130000,695.9,696.3,695.3,696.1,23194,0
20240129,140000,696,697.8,696,697.6,72505,0
20240129,150000,697.6,697.8,695.9,695.9,30686,0
20240129,160000,695.8,695.9,694.8,695.3,49190,0
20240129,170000,695.3,695.4,693.5,693.9,78658,0
20240129,180000,694,694.4,693.5,693.5,65420,0
20240129,190000,693.5,695.7,693.5,694.7,30050,0
20240129,200000,694.7,694.7,693.5,694.2,18313,0
20240129,210000,694.2,694.4,693.5,693.8,16100,0
20240129,220000,693.6,694.5,693,694.5,22626,0
20240129,230000,694.6,695.3,693.8,694.1,20489,0
20240130,100000,694.8,696.1,693.2,695.4,72786,0
20240130,110000,695.4,696.5,695,695.2,73896,0
20240130,120000,695.2,696,694.4,694.5,53773,0
20240130,130000,694.5,694.5,693.1,693.9,55690,0
20240130,140000,693.9,694,691.6,692,112150,0
20240130,150000,692,692.5,690.4,690.6,116601,0
20240130,160000,690.5,691.6,690.2,691.4,130818,0
20240130,170000,691.3,691.9,690.9,691.4,60238,0
20240130,180000,691.4,692.9,690.4,692.9,145563,0
20240130,190000,693,693,691,691.5,41926,0
20240130,200000,691.5,692,691.3,691.7,25917,0
20240130,210000,691.7,693,691.7,692.3,34586,0
20240130,220000,692.5,692.9,692.2,692.3,21357,0
20240130,230000,692.4,692.7,692.1,692.2,7613,0
20240131,100000,692.1,694,691.2,693.8,144758,0
20240131,110000,693.8,695,693.1,695,94572,0
20240131,120000,695,697.8,695,696.9,191925,0
20240131,130000,697,697.3,695.5,697.2,153841,0
20240131,140000,697.2,697.7,696.8,697.5,68939,0
20240131,150000,697.5,705.8,697.2,702.8,611574,0
20240131,160000,702.8,705.4,702.5,704.1,533992,0
20240131,170000,704.1,705.8,703.9,704.1,191179,0
20240131,180000,704.1,704.5,701.2,701.2,184805,0
20240131,190000,701.7,702.2,701.6,701.9,36429,0
20240131,200000,702.1,702.5,701.8,702.4,18095,0
20240131,210000,702.4,702.9,701.8,702.5,18387,0
20240131,220000,702.4,703,702.4,702.7,19007,0
20240131,230000,702.8,704,702.8,703.5,27166,0
20240201,100000,704.6,711.2,704,709.6,416232,0
20240201,110000,709.6,710.2,708.9,710,171117,0
20240201,120000,710,710.1,707.2,707.3,158059,0
20240201,130000,707.6,709.7,707,707.3,170951,0
20240201,140000,707.3,707.5,705.4,706.1,140633,0
20240201,150000,706.2,707,704.3,705.1,133971,0
20240201,160000,705.1,705.1,702.5,703.3,117842,0
20240201,170000,703.3,705.7,702.1,705.7,136056,0
20240201,180000,705.7,709.7,704.2,709.7,263350,0
20240201,190000,708.9,709.3,708.1,709.2,93923,0
20240201,200000,709.2,709.5,706.6,706.6,49045,0
20240201,210000,706.5,707.1,702.8,704.8,155852,0
20240201,220000,704.9,706.2,704.5,705.2,26839,0
20240201,230000,705.1,705.6,703.1,704.4,31065,0
20240202,100000,705,706.8,702.5,704.4,172488,0
20240202,110000,704.4,705.6,703.5,705.5,75492,0
20240202,120000,705.6,706.4,705,705.9,70545,0
20240202,130000,705.8,706,704.8,705.9,63738,0
20240202,140000,705.9,706.4,705.4,706.1,57812,0
20240202,150000,706.2,708.8,705.9,708.4,158040,0
20240202,160000,708.4,709.5,708.3,709,96629,0
20240202,170000,709.1,709.4,707,707,93409,0
20240202,180000,707.1,709,705.9,705.9,118806,0
20240202,190000,706,707.2,705.9,706.8,75784,0
20240202,200000,706.7,707.3,705.4,706.1,33882,0
20240202,210000,706.2,706.4,704.1,705.2,46500,0
20240202,220000,705,705.9,705,705.7,12299,0
20240202,230000,705.8,706.9,704.9,706.9,24425,0
20240205,100000,707,713,707,711.4,294046,0
20240205,110000,711.5,712,710,710.5,172272,0
20240205,120000,710.6,711.9,710.5,711.5,58070,0
20240205,130000,711.5,711.8,710.9,711,54212,0
20240205,140000,711,711.6,710.9,711,38356,0
20240205,150000,711,711,708.2,708.9,136849,0
20240205,160000,709,709,707.2,708.7,91203,0
20240205,170000,708.7,710.7,708.5,710.1,75172,0
20240205,180000,710.2,711,709.8,709.8,94142,0
20240205,190000,709.8,709.8,708.5,709.1,11131,0
20240205,200000,709.2,710,709.1,709.8,10714,0
20240205,210000,709.8,709.9,709.2,709.6,10308,0
20240205,220000,709.6,710,709.5,709.9,8415,0
20240205,230000,709.9,710.6,709,709,18547,0
20240206,100000,709.8,711,708,710.4,92207,0
20240206,110000,710.4,710.7,709,710,46923,0
20240206,120000,710,710,708.2,709.2,56841,0
20240206,130000,709.2,709.5,707.2,708.5,56482,0
20240206,140000,708.6,710.7,708.5,710.6,43051,0
20240206,150000,710.6,710.8,710,710.5,44981,0
20240206,160000,710.5,711.8,710,711.6,97057,0
20240206,170000,711.5,711.8,710.7,711.3,63027,0
20240206,180000,711.4,711.8,710.2,711.8,64999,0
20240206,190000,711.7,711.7,710,710.8,23884,0
20240206,200000,710.8,711,710.3,710.6,11187,0
20240206,210000,710.6,710.6,710,710.3,18054,0
20240206,220000,710.1,710.9,710.1,710.5,10500,0
20240206,230000,710.6,710.6,710.1,710.3,11558,0
20240207,100000,711,714.5,710.8,713.7,122487,0
20240207,110000,713.6,713.7,711.6,712.5,74829,0
20240207,120000,712.8,714,711.3,714,83003,0
20240207,130000,713.9,714.9,713.9,714.7,91775,0
20240207,140000,714.7,715.5,713.8,715.1,97261,0
20240207,150000,715.1,715.3,713.7,714,45321,0
20240207,160000,714.3,716,713.7,716,78097,0
20240207,170000,715.9,716.8,714,714.9,89850,0
20240207,180000,714.9,716,714,716,76401,0
20240207,190000,715.7,715.9,714.6,715.2,31119,0
20240207,200000,715.2,715.2,713.3,714.3,53286,0
20240207,210000,714.1,714.3,713.3,714,31173,0
20240207,220000,714,714.2,713.3,714,20906,0
20240207,230000,714,715.5,713.8,715,39371,0
20240208,100000,715.6,716.5,705.5,709.1,298511,0
20240208,110000,709.1,712.9,708.4,710.7,162331,0
20240208,120000,710.6,714,709.2,712.9,113246,0
20240208,130000,712.9,712.9,710.5,711.2,39852,0
20240208,140000,711.2,713.7,710.7,713.6,59061,0
20240208,150000,713.6,713.6,711.2,711.8,39050,0
20240208,160000,711.7,712.5,710.6,711.2,63226,0
20240208,170000,711.2,711.8,710.8,711.7,47911,0
20240208,180000,711.8,712,708.6,708.6,71486,0
20240208,190000,708.7,709.9,708.1,709.7,26272,0
20240208,200000,709.7,710.1,709.3,709.3,9263,0
20240208,210000,709.4,709.6,708.2,708.2,32162,0
20240208,220000,708.2,709,708.2,708.9,23267,0
20240208,230000,708.9,710,708.8,709.6,23137,0
20240209,100000,710.3,712.2,707,708.6,99413,0
20240209,110000,708.5,712,708.4,711.8,48678,0
20240209,120000,711.7,712.7,711,712.5,44015,0
20240209,130000,712.4,712.5,710,712.4,36043,0
20240209,140000,712.1,712.6,711.5,712,27598,0
20240209,150000,712,712,711.2,711.5,27621,0
20240209,160000,711.6,711.7,708.7,710.9,56632,0
20240209,170000,710.7,713.8,710.6,713.6,104492,0
20240209,180000,713.6,714.3,711.6,714.3,124476,0
20240209,190000,713.7,713.8,712.9,713.2,30139,0
20240209,200000,713.2,713.6,713,713.1,14397,0
20240209,210000,713.2,713.2,712.9,713,10096,0
20240209,220000,713,713.2,712.6,712.7,12076,0
20240209,230000,712.7,712.8,712,712.1,8857,0
20240212,100000,712.5,715.2,711.2,711.7,121568,0
20240212,110000,711.7,711.8,710.4,711.6,37811,0
20240212,120000,711.7,711.7,710.8,711.3,33258,0
20240212,130000,711.4,711.7,710.5,710.5,41604,0
20240212,140000,710.6,711.1,707.3,707.3,75332,0
20240212,150000,707.3,708.2,705.1,707.2,136562,0
20240212,160000,707.1,708.6,706,708.1,68097,0
20240212,170000,708.1,710.9,706.2,710.8,87432,0
20240212,180000,710.9,713.7,710.8,712.8,95498,0
20240212,190000,712.1,713,711.5,712.4,24408,0
20240212,200000,712.4,712.8,711.6,712.3,12584,0
20240212,210000,712.4,712.4,711.5,711.6,16329,0
20240212,220000,711.9,712,711.6,711.9,4749,0
20240212,230000,712,712,710.8,711.6,11813,0
20240213,100000,712.2,714.4,712.2,713.3,104813,0
20240213,110000,713.4,715,712.3,714.2,127284,0
20240213,120000,714.2,716.2,714.2,715,112263,0
20240213,130000,714.9,716,714.7,715.6,59340,0
20240213,150000,715.7,715.8,714.2,714.4,42414,0
20240213,160000,714.5,717,714.4,715.9,155027,0
20240213,170000,715.9,718,714.7,715.7,141734,0
20240213,180000,715.7,717.1,715,716,69944,0
20240213,190000,716,716,714,714.9,34333,0
20240213,200000,714.9,715,714.2,714.2,25128,0
20240213,210000,714.3,714.3,711.5,713.1,76506,0
20240213,220000,713.1,713.2,711.3,712.2,54594,0
20240213,230000,712.1,712.3,711.3,712.1,17718,0
20240214,100000,713,713.9,712,712.9,61397,0
20240214,110000,712.9,713.2,711.7,711.7,42833,0
20240214,120000,711.7,712.6,710,712.5,156838,0
20240214,130000,712.4,712.5,710.1,710.5,49904,0
20240214,140000,710.5,711.7,710,711,98237,0
20240214,150000,710.9,711.2,710,710.8,77200,0
20240214,160000,710.7,711,709.5,711,63404,0
20240214,170000,710.9,711,707.1,708.9,305580,0
20240214,180000,708.9,709.9,707.5,709.9,108245,0
20240214,190000,709.3,709.8,708.8,709.2,33703,0
20240214,200000,709.2,709.5,708.8,709.1,13723,0
20240214,210000,709.1,709.1,707.8,707.8,13871,0
20240214,220000,707.7,708.2,707.7,707.7,26975,0
20240214,230000,707.7,707.8,707.7,707.7,20908,0
20240215,100000,707.8,709,707.3,709,105800,0
20240215,110000,709,709,707.1,707.5,64466,0
20240215,120000,707.5,708.9,707.4,708.2,38310,0
20240215,130000,708.3,708.5,706.4,707.6,62693,0
20240215,140000,707.7,710,707.7,709.8,86345,0
20240215,150000,709.8,710.5,709.6,709.9,35212,0
20240215,160000,710,711.5,709.9,711.3,40291,0
20240215,170000,711.3,711.5,710.2,711.1,61853,0
20240215,180000,711.2,711.4,709.1,709.1,115896,0
20240215,190000,709.5,709.5,708.3,708.7,14830,0
20240215,200000,708.7,708.8,708.3,708.5,8617,0
20240215,210000,708.4,709.6,708.4,709.6,13522,0
20240215,220000,709.6,709.6,708.4,708.4,11320,0
20240215,230000,708.4,709.5,708.4,709.3,17860,0
20240216,100000,709.9,710.6,708,709.3,95976,0
20240216,110000,709.3,710.3,708.6,710.3,65196,0
20240216,120000,710.2,710.3,708.5,710.2,102434,0
20240216,130000,710.2,710.3,709.2,710.3,44372,0
20240216,140000,710.3,710.3,708.7,709.6,105412,0
20240216,150000,709.8,710.1,708,709.5,172303,0
20240216,160000,709.5,709.5,708.1,708.5,47466,0
20240216,170000,708.5,709.7,708,709.2,69557,0
20240216,180000,709.2,709.3,707.1,707.1,88345,0
20240216,190000,707.2,708.3,707.1,707.5,60981,0
20240216,200000,707.5,708.2,707.4,707.7,37660,0
20240216,210000,707.7,708.2,707.6,708.1,10942,0
20240216,220000,708,708.4,707.9,708.3,6666,0
20240216,230000,708.3,708.3,707.8,707.8,12127,0
20240219,100000,707.8,708.5,703.4,705.2,231866,0
20240219,110000,705.1,705.4,703,703.2,139311,0
20240219,120000,703.1,704.1,703,703.5,136741,0
20240219,130000,703.5,704.6,703.4,704.1,154090,0
20240219,140000,704.3,705.1,703.8,705,110503,0
20240219,150000,705,705.4,704.7,705.4,78494,0
20240219,160000,705.4,706,705,706,80346,0
20240219,170000,705.9,706.3,703.8,705.4,81876,0
20240219,180000,705.5,705.6,703.8,704.2,52196,0
20240219,190000,703.7,704.7,703.6,703.7,21238,0
20240219,200000,703.7,704.6,703.3,703.5,17392,0
20240219,210000,703.6,704,703.3,703.7,9558,0
20240219,220000,703.7,703.7,703,703.3,12283,0
20240219,230000,703.3,703.7,703.1,703.5,9274,0
20240220,100000,703.1,704.4,698.1,699.8,214357,0
20240220,110000,699.8,702,697.4,697.8,167448,0
20240220,120000,697.9,700.7,697.8,700,143835,0
20240220,130000,700.1,700.6,699.5,700,69862,0
20240220,140000,700.6,701.8,699.6,701.8,36484,0
20240220,150000,701.8,701.8,698.1,699.7,136853,0
20240220,160000,699.8,701,698.1,700.7,81568,0
20240220,170000,700.8,701,698.8,698.8,72750,0
20240220,180000,699.1,699.4,696,696,195137,0
20240220,190000,696.2,697.5,692,694.1,213958,0
20240220,200000,694.1,695.4,694,694.4,155297,0
20240220,210000,694.4,695.4,694,694.3,40449,0
20240220,220000,694.4,695.8,694,695.3,73007,0
20240220,230000,695.3,695.4,694,694.3,26950,0
20240221,100000,694.2,695.9,681.1,694.7,621018,0
20240221,110000,694.6,695.4,688.4,692.5,223349,0
20240221,120000,692.5,694.4,688.6,691.9,204981,0
20240221,130000,691.9,692.7,689.3,691,176291,0
20240221,140000,691,692,690,691.3,165588,0
20240221,150000,691.3,697.6,690.8,695.8,244852,0
20240221,160000,695.6,697.9,694.2,696.4,113438,0
20240221,170000,696.3,696.3,690,691.4,86705,0
20240221,180000,691.3,692.2,686.1,686.1,163093,0
20240221,190000,686.6,689.4,686,686.3,101558,0
20240221,200000,686.3,688.5,686.2,687.7,32451,0
20240221,210000,687.7,687.8,686.2,686.8,17775,0
20240221,220000,686.8,688.3,686.7,688.3,18424,0
20240221,230000,688.2,688.9,688,688.1,17606,0
20240222,100000,689,692.9,687.8,689.2,156269,0
20240222,110000,689.2,691.9,689.1,690.2,117367,0
20240222,120000,690.1,691.7,688.6,688.8,56047,0
20240222,130000,688.8,690.5,688.7,689.5,43268,0
20240222,140000,689.1,690.9,689,690,97310,0
20240222,150000,690.1,690.4,688.9,689.1,82856,0
20240222,160000,688.8,689.2,685.3,685.6,125336,0
20240222,170000,685.4,687.6,682.6,687.5,371923,0
20240222,180000,687.4,688.7,686.1,686.1,154452,0
20240222,190000,686.1,686.9,684.8,685.5,47319,0
20240222,200000,685.5,686,685,685.5,25828,0
20240222,210000,685.6,693.6,685,692.2,146768,0
20240222,220000,692.3,697.5,691.9,697.5,92528,0
20240222,230000,697.3,697.5,693,694.3,40190,0
20240226,100000,696.4,706.4,696.4,704.8,447120,0
20240226,110000,704.8,707,703.7,706,134462,0
20240226,120000,706.4,706.6,704.1,704.1,52388,0
20240226,130000,704.3,704.9,702.7,704.4,101702,0
20240226,140000,704.4,704.9,703.2,704,55079,0
20240226,150000,703.7,704.3,702,702.1,38145,0
20240226,160000,702,702.9,699.1,699.2,95607,0
20240226,170000,699.3,701.2,698.3,700.8,95636,0
20240226,180000,700.8,703,700.3,703,87752,0
20240226,190000,703,704.3,702.4,704.1,30862,0
20240226,200000,704.2,704.2,703.2,703.7,9119,0
20240226,210000,703.7,703.9,702.8,703,19066,0
20240226,220000,702.9,703,702.6,703,6944,0
20240226,230000,703,703.4,702.1,702.5,10397,0
20240227,100000,703,704.3,700.1,701.2,125147,0
20240227,110000,701.2,702.7,701.1,701.2,100876,0
20240227,120000,701.3,702.3,700.7,701.5,56818,0
20240227,130000,701.5,702.9,701,701.6,70043,0
20240227,140000,701.7,702.1,700.7,701.8,44081,0
20240227,150000,701.9,702.9,701.4,702.9,61150,0
20240227,160000,702.9,703.5,701,701.2,44203,0
20240227,170000,701.6,701.7,698.6,698.7,83449,0
20240227,180000,698.7,698.7,695.4,695.4,160852,0
20240227,190000,695.8,697.4,694.8,696.9,87048,0
20240227,200000,696.9,697.2,696.6,697.2,14550,0
20240227,210000,697.1,697.2,696.6,696.9,8122,0
20240227,220000,696.8,697.4,696.6,696.6,7953,0
20240227,230000,696.6,696.8,696.3,696.7,8255,0
20240228,100000,697.1,704.9,695.1,704.4,349722,0
20240228,110000,704.4,705.5,704.2,705,191746,0
20240228,120000,705,705,704.4,705,146708,0
20240228,130000,705,705,703.6,704.7,144412,0
20240228,140000,704.9,705.3,704.4,705.3,90123,0
20240228,150000,705.3,708.3,705.1,706.9,153763,0
20240228,160000,706.9,707,704.1,704.6,61124,0
20240228,170000,704.5,705.5,702.8,703.1,76087,0
20240228,180000,703.1,704.7,701.9,704,57516,0
20240228,190000,703.6,704,702.7,703.3,10550,0
20240228,200000,703.3,703.9,703,703.8,13094,0
20240228,210000,703.5,704,703.3,703.8,4200,0
20240228,220000,703.8,703.9,703.2,703.3,19219,0
20240228,230000,703.3,706.3,703.2,705,21120,0
20240229,100000,705,709.8,702.6,706.8,169058,0
20240229,110000,706.8,708.8,706,708.1,109101,0
20240229,120000,707.9,709.7,707.6,709.5,99320,0
20240229,130000,709.4,712.8,709.3,712.5,201513,0
20240229,140000,712.5,713.1,711.8,712.5,103231,0
20240229,150000,712.5,715,712.3,714.5,138656,0
20240229,160000,714.4,714.5,712.8,714.2,101957,0
20240229,170000,714.1,717.7,714,717.2,175173,0
20240229,180000,717.3,722.9,717.3,721,450662,0
20240229,190000,721,721,718.4,719.5,126433,0
20240229,200000,719.5,720,718.4,719.1,37657,0
20240229,210000,719.1,719.4,718.2,718.2,28789,0
20240229,220000,718.6,719.5,718,718.9,34015,0
20240229,230000,719,719,718.3,718.8,19996,0
20240301,100000,718.8,722.2,718.3,718.3,190789,0
20240301,110000,718.2,718.9,714.2,718,167453,0
20240301,120000,718,718.5,715,717.4,169403,0
20240301,130000,717.5,718.3,716.5,717,35287,0
20240301,140000,717.1,717.3,714.2,716,117566,0
20240301,150000,716,716.2,714.6,715.9,60288,0
20240301,160000,715.8,717.4,715,716.9,101802,0
20240301,170000,717,719.7,716.9,718.6,138691,0
20240301,180000,718.5,719.9,716.3,719.9,80084,0
20240301,190000,719.3,719.5,716.8,718.3,38702,0
20240301,200000,718.3,718.7,717.2,717.8,8517,0
20240301,210000,717.5,717.9,717.2,717.6,7067,0
20240301,220000,717.4,718.4,717.3,718.1,7512,0
20240301,230000,718.2,718.4,717.3,717.3,14956,0
20240304,100000,718.7,722.3,718,722.1,237949,0
20240304,110000,722.1,724.9,720.4,724.4,225684,0
20240304,120000,724.4,726.8,722.6,726.2,212034,0
20240304,130000,726.2,728.5,726.2,728.1,210963,0
20240304,140000,728.1,730.2,728.1,730,264054,0
20240304,150000,730,732.8,729.9,730.6,212484,0
20240304,160000,730.6,731.2,729.1,729.5,92550,0
20240304,170000,729.4,730.1,726.1,730,120671,0
20240304,180000,729.9,731.2,728.5,729.9,80882,0
20240304,190000,729.9,729.9,727.8,729.2,36972,0
20240304,200000,729.3,737,728.6,732.7,109871,0
20240304,210000,732.7,738,732.1,735.1,177280,0
20240304,220000,735.1,735.1,732.3,732.5,62723,0
20240304,230000,732.5,732.8,729.5,732.5,62688,0
20240305,100000,732.5,733,728.8,729.5,178735,0
20240305,110000,729.6,733.7,729.3,733.2,127657,0
20240305,120000,733.2,733.5,729.2,731.8,164198,0
20240305,130000,731.8,732.6,731.3,732.4,62882,0
20240305,140000,732.4,732.4,729.3,729.5,72586,0
20240305,150000,729.6,732,729.4,731,62542,0
20240305,160000,731,734.2,730.7,733.7,97152,0
20240305,170000,733.8,735.8,733.2,735.2,84574,0
20240305,180000,735.3,735.5,731.9,731.9,58178,0
20240305,190000,731.8,733,731.6,732,16549,0
20240305,200000,732,733,732,732.2,6680,0
20240305,210000,732.1,732.2,730.2,731.3,39833,0
20240305,220000,731.6,731.7,730.3,730.8,11285,0
20240305,230000,731,731.5,730.1,730.4,11003,0
20240306,100000,730.3,735.5,729.5,735.5,149551,0
20240306,110000,735.5,738.7,735.1,738.1,221153,0
20240306,120000,738.1,738.9,735.8,738.7,231474,0
20240306,130000,738.9,743.9,738.5,743.6,354059,0
20240306,140000,743.6,745.5,741.9,745.3,305572,0
20240306,150000,745.2,747,742.8,742.8,324425,0
20240306,160000,742.7,744.9,740,741.2,248797,0
20240306,170000,741.1,742.3,740.8,740.9,100531,0
20240306,180000,740.9,741.3,740,740.5,155201,0
20240306,190000,740.5,743.9,740,743.6,51128,0
20240306,200000,743.8,744,742.8,743.1,31638,0
20240306,210000,743.3,743.4,742,742.5,15213,0
20240306,220000,742.6,743,742.1,742.7,17063,0
20240306,230000,742.6,743.8,742.4,743.3,23851,0
20240307,100000,743.5,743.7,740,742.7,126775,0
20240307,110000,742.8,743,737.8,743,239269,0
20240307,120000,742.9,745.2,741,744.9,246413,0
20240307,130000,744.9,746.5,744.1,746.4,203882,0
20240307,140000,746.2,749,746.2,748.6,237750,0
20240307,150000,748.5,752.9,748.3,752.5,366244,0
20240307,160000,752.4,752.7,748.6,749.6,190077,0
20240307,170000,749.6,751,748,748.4,92554,0
20240307,180000,748.4,748.6,747.9,747.9,108350,0
20240307,190000,748,750,748,748.4,38095,0
20240307,200000,748.5,750,748.1,750,20029,0
20240307,210000,749.9,750,745,747.5,81498,0
20240307,220000,747.7,748.2,746.7,747,32497,0
20240307,230000,747,749.9,746.6,749.3,46021,0
20240311,100000,751,755.3,746.5,749,448615,0
20240311,110000,749,750.2,746.9,749.4,138203,0
20240311,120000,749.4,751.6,747,750.8,212949,0
20240311,130000,751.1,751.8,749.6,751.1,116273,0
20240311,140000,751.2,756.4,750.8,754.6,266360,0
20240311,150000,754.6,756.2,753,755.1,186139,0
20240311,160000,755.1,755.9,752.8,753.8,139228,0
20240311,170000,753.8,753.9,750.4,751.3,117917,0
20240311,180000,751.2,752,749.8,751.6,104570,0
20240311,190000,751.6,753,750.6,752.4,22813,0
20240311,200000,752.1,753,751.2,751.6,19226,0
20240311,210000,752.1,752.2,751.4,751.9,15345,0
20240311,220000,751.9,752.2,751.6,751.7,19175,0
20240311,230000,752,754,751,753.7,62113,0
20240312,100000,751.2,752.9,746.6,750.9,212338,0
20240312,110000,750.8,751.4,748.7,749.8,74146,0
20240312,120000,749.9,750.3,747.8,748.6,59710,0
20240312,130000,748.7,750,748.3,749.9,26639,0
20240312,140000,749.9,752.9,749.8,751.6,73296,0
20240312,150000,751.5,752,750.9,751.6,50380,0
20240312,160000,751.7,752,750.9,751.1,57459,0
20240312,170000,751.2,752.5,750.9,752.3,57574,0
20240312,180000,752.3,754.9,752.3,753,101791,0
20240312,190000,753,754,752.3,753.1,43056,0
20240312,200000,753.2,753.8,753.1,753.1,22426,0
20240312,210000,753.1,753.6,753.1,753.1,6529,0
20240312,220000,753.1,753.5,753.1,753.2,10308,0
20240312,230000,753.2,753.4,753.1,753.2,15872,0
20240313,100000,753.4,755.5,752.3,754.9,148351,0
20240313,110000,754.8,756,753,754.8,212987,0
20240313,120000,754.7,755.9,753.6,753.6,73439,0
20240313,130000,753.5,754.5,749.6,753.5,135702,0
20240313,140000,753.3,753.4,751.8,752.3,34262,0
20240313,150000,752.5,754.7,751.6,753.1,75962,0
20240313,160000,753.1,753.1,751.5,751.6,31955,0
20240313,170000,751.6,752.2,750.2,750.7,85103,0
20240313,180000,750.7,751.6,742.9,745.4,352725,0
20240313,190000,745.8,746,744.5,745.9,39577,0
20240313,200000,745.9,750,745.3,747.8,103921,0
20240313,210000,747.6,748.1,747.2,747.8,17958,0
20240313,220000,747.8,748.1,747,748,8416,0
20240313,230000,747.9,748,745.7,746.6,16705,0
20240314,100000,746.8,748.7,743.1,746.8,261706,0
20240314,110000,746.7,746.9,743.8,744.5,207195,0
20240314,120000,744.5,746.4,744.1,745,145789,0
20240314,130000,745,746.8,744.6,745.5,93863,0
20240314,140000,745.5,748.1,745.3,748.1,63899,0
20240314,150000,748.1,751.1,745.3,745.9,223737,0
20240314,160000,745.9,749.5,745.2,749.4,106156,0
20240314,170000,749.5,750.8,748.9,749.4,80721,0
20240314,180000,749.5,750.3,748.8,748.8,80102,0
20240314,190000,748.2,749.1,748,748.4,16310,0
20240314,200000,748.4,749.8,748.3,749.5,10827,0
20240314,210000,749.4,749.5,748.5,748.9,6039,0
20240314,220000,748.5,749,748.1,748.5,6869,0
20240314,230000,748.8,749.8,748.7,749.2,14805,0
20240315,100000,749.2,752.5,748.4,750.4,76000,0
20240315,110000,750.6,750.6,746,748.3,100520,0
20240315,120000,748.4,748.9,747,748,45968,0
20240315,130000,747.7,751.3,747.6,750.2,61596,0
20240315,140000,750.2,752.9,749,752.9,197275,0
20240315,150000,752.9,753.4,747.3,748,453096,0
20240315,160000,748,748.7,728.3,732.4,1076622,0
20240315,170000,732.4,732.8,723.7,729.5,1373644,0
20240315,180000,729.5,731.8,725.5,727.2,465691,0
20240315,190000,727.2,728.3,724,725.7,192272,0
20240315,200000,725.5,727.2,725.4,727,99731,0
20240315,210000,727,727.6,726.9,727.4,44173,0
20240315,220000,727.4,728.6,725,725.2,220684,0
20240315,230000,725.2,726.3,724.3,725.7,125837,0
20240318,100000,724,728.6,717.9,722.7,800101,0
20240318,110000,722.7,724.1,718.9,721.2,364581,0
20240318,120000,721.3,725.1,720.5,723.5,412711,0
20240318,130000,723.6,723.8,720.8,721.6,272001,0
20240318,140000,721.6,721.9,720,720.5,174492,0
20240318,150000,720.5,721.5,719,720.6,198017,0
20240318,160000,720.7,721,718.2,720.1,305162,0
20240318,170000,720.1,721.4,717.3,717.5,280392,0
20240318,180000,717.5,718.3,715.5,716.3,245964,0
20240318,190000,716.3,717.4,716,717.3,43550,0
20240318,200000,717.4,718,715.4,715.8,87441,0
20240318,210000,715.9,716,715.1,715.4,83951,0
20240318,220000,715.4,718.5,715.3,718,66150,0
20240318,230000,718,718.2,713.1,714.9,77311,0
20240319,100000,715,720.8,713.1,719.8,460484,0
20240319,110000,719.9,720.1,717.7,718.6,202080,0
20240319,120000,718.5,719.8,717.5,717.7,166110,0
20240319,130000,717.5,718,714.1,717.1,246038,0
20240319,140000,717.1,719,713.7,715,309288,0
20240319,150000,715,716.9,712.1,716.7,331544,0
20240319,160000,716.7,718.7,713.9,714.1,199120,0
20240319,170000,714.2,715,703.7,705.3,700207,0
20240319,180000,705.5,708,693.4,697.9,1286496,0
20240319,190000,699.1,704.7,696.8,703.5,258474,0
20240319,200000,703.5,704.6,701.7,702.7,77639,0
20240319,210000,702.7,704,699.4,702.6,101545,0
20240319,220000,702.6,703.3,701.3,701.7,37898,0
20240319,230000,701.6,703,701.4,702.7,36498,0
20240320,100000,704,705.6,694.5,696.3,687214,0
20240320,110000,696.3,698.4,685.6,695.5,1423726,0
20240320,120000,695.5,700.7,695.4,700,368111,0
20240320,130000,700,702.1,698,699.5,248352,0
20240320,140000,699.5,700.9,695.6,698.2,337434,0
20240320,150000,698,698.3,692.4,693.2,365903,0
20240320,160000,693.6,694.8,691.2,692.9,215942,0
20240320,170000,692.9,696.3,690.2,691.1,278277,0
20240320,180000,691.1,694.2,690.8,694.2,151945,0
20240320,190000,694,695,693,695,41928,0
20240320,200000,694.8,696,693.8,693.9,69044,0
20240320,210000,693.8,694.8,693.4,694.8,28679,0
20240320,220000,694.8,695.9,693.6,695.9,42503,0
20240320,230000,695.9,695.9,694,695.7,30088,0
20240321,100000,696,703,695.7,701.6,257780,0
20240321,110000,701.7,703.4,700,700.2,173875,0
20240321,120000,700.2,701.3,699.2,700.6,102686,0
20240321,130000,700.6,701,690.6,693.1,488847,0
20240321,140000,693.1,696.4,693.1,695.8,195844,0
20240321,150000,695.8,696.5,690.3,693.8,685466,0
20240321,160000,693.8,702.3,692.8,701.4,359102,0
20240321,170000,701.4,701.7,698.3,698.4,250049,0
20240321,180000,698.8,701.9,698.8,701.9,139729,0
20240321,190000,701.8,704.8,700.9,704.2,123590,0
20240321,200000,704.2,704.3,701.4,702.3,63899,0
20240321,210000,702.1,702.8,702.1,702.8,11214,0
20240321,220000,702.8,702.8,702.2,702.7,16458,0
20240321,230000,702.6,704,702.5,703.7,29075,0
20240322,100000,704.2,711.6,703.6,706.4,617065,0
20240322,110000,706.3,709,704,705,302436,0
20240322,120000,705,705.5,698.5,698.8,357984,0
20240322,130000,698.9,701.9,697.5,698,300510,0
20240322,140000,698,699.2,697,697.4,141991,0
20240322,150000,697.3,698.1,696,696.8,222287,0
20240322,160000,696.8,702.3,696.8,697.6,353021,0
20240322,170000,697.6,698.5,693.6,695.7,346209,0
20240322,180000,695.7,701,695.6,701,266412,0
20240322,190000,700.9,701,698.8,699.7,41178,0
20240322,200000,699.5,699.5,693,693.8,103616,0
20240322,210000,693.7,697.1,690.4,693.5,162294,0
20240322,220000,693.2,695.1,691,691.6,104463,0
20240322,230000,691.6,696,691.5,694.5,93708,0
20240325,100000,694.7,699.9,690.7,691.3,387130,0
20240325,110000,691.3,691.8,688.4,689,553378,0
20240325,120000,689,689.1,681.1,683.9,758454,0
20240325,130000,683.9,686,680.4,682.8,568104,0
20240325,140000,683,683.3,680.5,681.1,305166,0
20240325,150000,681.3,685,679.1,684.5,506576,0
20240325,160000,684.6,688.6,682.8,688,475435,0
20240325,170000,688.2,689,683.5,685,549697,0
20240325,180000,685.1,688.7,684.2,688.7,343367,0
20240325,190000,688.1,688.9,687.2,688.9,118436,0
20240325,200000,688.8,689.4,686.6,687.7,79847,0
20240325,210000,687.7,688.5,686.9,688.3,50665,0
20240325,220000,688.5,689.1,687.8,688.9,46909,0
20240325,230000,689.1,689.3,688.9,689,60194,0
20240326,100000,689.8,690,683.3,685.1,387079,0
20240326,110000,685,687.6,685,686,157520,0
20240326,120000,685.9,687.3,685.4,686.7,132956,0
20240326,130000,686.6,687.1,683.5,686.4,208372,0
20240326,140000,686.5,688.7,685.4,688.6,286511,0
20240326,150000,688.7,694.1,687,691.8,427451,0
20240326,160000,691.9,693.5,688.4,689.3,365309,0
20240326,170000,689.1,693.4,689,693.3,207137,0
20240326,180000,693.4,693.5,691.5,691.5,182060,0
20240326,190000,692,693.7,691.5,693.2,46568,0
20240326,200000,693.3,693.6,691.6,692.9,23581,0
20240326,210000,693,693.2,692.5,692.9,23768,0
20240326,220000,692.9,693.6,692.6,693.4,35629,0
20240326,230000,693.4,693.5,692.8,692.8,15143,0
20240327,100000,694.1,695.5,691,692.5,294706,0
20240327,110000,692.5,695.8,691.8,695.8,204790,0
20240327,120000,695.8,695.8,691.5,691.9,237605,0
20240327,130000,691.9,692.9,686,688.7,460093,0
20240327,140000,688.7,691,687,688.7,190188,0
20240327,150000,688.7,689.9,687.2,688,120426,0
20240327,160000,688,689.7,686,689.4,173661,0
20240327,170000,689.5,691.7,687.5,687.9,284347,0
20240327,180000,688,692.8,687.6,692.8,221851,0
20240327,190000,692,692.2,690.7,691.6,68215,0
20240327,200000,691.6,691.8,690.5,690.9,37785,0
20240327,210000,691,691.4,689.5,689.5,25526,0
20240327,220000,689.5,690.9,689.2,690.8,26011,0
20240327,230000,690.8,690.8,689.3,689.4,16494,0
20240328,100000,690,692.9,688.8,690.2,221733,0
20240328,110000,690.1,691.4,688,688.5,175925,0
20240328,120000,688.6,688.6,686,687.4,271690,0
20240328,130000,687.5,688,685.6,686.1,261036,0
20240328,140000,686.2,689.4,685.4,686.5,225540,0
20240328,150000,686.5,687.3,685.8,685.9,170611,0
20240328,160000,686,687.3,684,687,273804,0
20240328,170000,687.1,688,685,687.8,148051,0
20240328,180000,687.8,690.3,687.4,689.5,267224,0
20240328,190000,689.4,689.4,688.3,688.7,39769,0
20240328,200000,688.7,688.8,686.9,687,54149,0
20240328,210000,687,687.6,686.7,687.2,14263,0
20240328,220000,687.2,688.7,687,688.4,17356,0
20240328,230000,688.4,688.7,686.7,687.9,18202,0
20240329,100000,686.9,691.5,686.8,687.7,223594,0
20240329,110000,687.7,687.9,686,687.5,121234,0
20240329,120000,687.5,689.7,687.4,689.5,80441,0
20240329,130000,689.5,690.7,688,689.6,150340,0
20240329,140000,689.7,691.1,688.8,691.1,137058,0
20240329,150000,691,694.8,691,692,260474,0
20240329,160000,691.9,694.4,691.9,693,139592,0
20240329,170000,692.8,696.5,692.8,696.4,188265,0
20240329,180000,696.3,699,696.1,699,454412,0
20240329,190000,699,699,696.2,696.8,138344,0
20240329,200000,696.9,698.4,695.2,697.3,117490,0
20240329,210000,697.3,698.4,697.3,698.4,32753,0
20240329,220000,698.4,698.4,694.3,694.7,112341,0
20240329,230000,694.8,696.1,693.8,694.3,65171,0
20240401,100000,696.5,704.6,696.5,704.1,584100,0
20240401,110000,704.1,706.1,703.3,705,203480,0
20240401,120000,705,705.5,703,704,163182,0
20240401,130000,704,704.3,700.6,702.3,170948,0
20240401,140000,702.3,704,701,702.9,94813,0
20240401,150000,703,706.9,702.4,705.4,169268,0
20240401,160000,705.3,708.3,705.3,707.7,160830,0
20240401,170000,708,710.3,706.9,710.2,216609,0
20240401,180000,710.3,713.4,709.2,710.4,221555,0
20240401,190000,710.4,713.3,708.5,709.3,127178,0
20240401,200000,709.3,711,707.6,710.5,58862,0
20240401,210000,710.5,712,710.5,711.9,42655,0
20240401,220000,712,712.3,710.5,711.9,33227,0
20240401,230000,711.9,712.4,710.6,711.5,34378,0
20240402,100000,711,712.8,707.7,708,324715,0
20240402,110000,708,708.6,705.2,707.6,214926,0
20240402,120000,707.7,709,707.5,708.9,83267,0
20240402,130000,709,710.4,707.3,710.2,119183,0
20240402,140000,710.2,711.8,708.8,711.7,98264,0
20240402,150000,711.8,711.8,710.6,711.1,72750,0
20240402,160000,711,711.3,709.7,710,144228,0
20240402,170000,710,711.5,708.5,710.9,138316,0
20240402,180000,710.8,711.6,708.4,708.4,166405,0
20240402,190000,710.4,710.4,707.6,708.3,30163,0
20240402,200000,708.3,709.3,708.1,709.1,14902,0
20240402,210000,708.8,709.9,708.8,709.6,19863,0
20240402,220000,709.7,709.9,709,709.3,18748,0
20240402,230000,709.2,709.8,709,709.3,17089,0
20240403,100000,709.4,711,707.5,709,138291,0
20240403,110000,708.7,709.2,701,705.9,312222,0
20240403,120000,705.8,705.9,703.5,704.6,158592,0
20240403,130000,704.6,705.5,703.8,704.5,129392,0
20240403,140000,704.5,705,702.3,702.8,168094,0
20240403,150000,702.8,703,701.6,702.5,139346,0
20240403,160000,702.5,704.5,702.3,703.3,151759,0
20240403,170000,703.2,704.5,702.7,703.2,157030,0
20240403,180000,703.1,704.4,702.1,704.4,239731,0
20240403,190000,704.4,707.7,703.7,707.3,143367,0
20240403,200000,707.4,708,705.5,706.4,56182,0
20240403,210000,706.5,707.7,706,707.5,64422,0
20240403,220000,707.5,707.8,706.8,707.2,56655,0
20240403,230000,707.2,707.8,706.9,707.2,61960,0
20240404,100000,708,711.3,707.2,709,285000,0
20240404,110000,709.1,712.3,707,710.1,367792,0
20240404,120000,710.2,716.2,708.7,715,489428,0
20240404,130000,715,715.5,715,715,201196,0
20240404,140000,715.1,715.1,711.1,712,229347,0
20240404,150000,712,714.4,708,708,217535,0
20240404,160000,708.1,710.1,708,708.7,106872,0
20240404,170000,708.7,710.9,708.5,709.5,106729,0
20240404,180000,709.5,712.2,709.4,710,112826,0
20240404,190000,710.1,710.1,708.5,709.6,54228,0
20240404,200000,709.5,709.9,708.8,709.8,19582,0
20240404,210000,709.6,712.7,709.4,712.1,95078,0
20240404,220000,712.1,712.8,711.3,711.9,52111,0
20240404,230000,711.9,712,709,710.8,49617,0
20240405,100000,712,713.3,708.6,708.7,189489,0
20240405,110000,708.7,710.8,708.4,710.7,77386,0
20240405,120000,710.7,711.3,709.3,709.9,87997,0
20240405,130000,709.9,711.1,708.1,709.3,132251,0
20240405,140000,709.6,710,707,709.3,144980,0
20240405,150000,709.4,710,708.8,710,61516,0
20240405,160000,710,710,707.5,707.7,107960,0
20240405,170000,707.7,710.6,707.6,710.6,107412,0
20240405,180000,710.6,710.8,708.2,708.2,114774,0
20240405,190000,708.3,709.8,708.3,709.6,35011,0
20240405,200000,709.6,710.1,709.2,709.9,33791,0
20240405,210000,709.9,710.1,707.6,708.3,72785,0
20240405,220000,708.5,709.6,708.2,709.4,28790,0
20240405,230000,709.4,709.6,708.2,709.1,25527,0
20240408,100000,709.4,711.7,707.3,709.3,279249,0
20240408,110000,709.4,710.6,708.4,710.5,94609,0
20240408,120000,710.6,712.1,710.3,710.9,133927,0
20240408,130000,710.8,711.4,709.3,709.7,74814,0
20240408,140000,709.6,710.8,709.4,709.5,46140,0
20240408,150000,709.4,710.5,708.6,710.1,70878,0
20240408,160000,710.1,710.3,708.8,710.1,70759,0
20240408,170000,710.2,711.5,710.2,711,71188,0
20240408,180000,711,711.8,709.5,709.5,86466,0
20240408,190000,709.7,710.5,709.4,709.8,40175,0
20240408,200000,709.9,710.4,709.4,710.4,30080,0
20240408,210000,710.4,710.4,709.4,710.1,11874,0
20240408,220000,710.1,710.4,709.9,710.2,13685,0
20240408,230000,710.2,711.1,710,710.8,22690,0
20240409,100000,710.8,712.9,710,712.5,164447,0
20240409,110000,712.5,715.2,712.4,712.5,215223,0
20240409,120000,712.5,712.7,710.1,711.3,125650,0
20240409,130000,711.3,712,710.1,710.3,69963,0
20240409,140000,710.4,710.9,708.4,708.6,87999,0
20240409,150000,708.6,710.5,701.6,707.9,400285,0
20240409,160000,707.9,709,706.3,707.6,173488,0
20240409,170000,707.7,707.7,704.3,704.4,135448,0
20240409,180000,704.3,706.2,701.8,706.2,175797,0
20240409,190000,705.6,707.4,705.2,706.6,44770,0
20240409,200000,706.6,707,705.9,706.4,28870,0
20240409,210000,706.4,707.4,706.3,707.2,24268,0
20240409,220000,707.2,708.3,707,707.7,15721,0
20240409,230000,707.7,708,705.8,706.1,40883,0
20240410,100000,707,707.4,701.1,703.6,267077,0
20240410,110000,703.6,704.2,701.7,703.6,96263,0
20240410,120000,703.9,705.2,703.6,704.9,73870,0
20240410,130000,704.9,709,704.8,708.9,148287,0
20240410,140000,708.8,710.8,708.8,710.5,101950,0
20240410,150000,710.5,710.9,709.4,710.5,49002,0
20240410,160000,710.5,710.9,709,710.6,75927,0
20240410,170000,710.5,710.9,708.4,709.5,69244,0
20240410,180000,709.4,711.2,709.1,711.2,76811,0
20240410,190000,711.1,711.9,710.4,710.5,54551,0
20240410,200000,710.4,710.6,709.5,709.8,40346,0
20240410,210000,709.9,710.3,709.8,709.9,14970,0
20240410,220000,709.9,710,709.4,709.5,11197,0
20240410,230000,709.5,709.5,708.6,709.2,15968,0
20240411,100000,709,711.5,709,709.1,168945,0
20240411,110000,709,709.5,707.6,709.2,125867,0
20240411,120000,709.2,709.9,708.3,709,60595,0
20240411,130000,708.9,712,708.8,711.2,123036,0
20240411,140000,711.1,711.5,710.5,711.2,51367,0
20240411,150000,711.2,711.3,709.4,710,66991,0
20240411,160000,710.1,710.8,709.2,709.3,65038,0
20240411,170000,709.2,710.4,709.1,709.6,40563,0
20240411,180000,709.7,710.4,708.7,710.4,139088,0
20240411,190000,710.4,710.4,708,708.6,40653,0
20240411,200000,708.6,708.9,708.1,708.3,10351,0
20240411,210000,708.3,708.9,708.1,708.6,15593,0
20240411,220000,708.6,709.2,708.5,708.6,15821,0
20240411,230000,708.6,709.8,707.8,708.9,31218,0
20240412,100000,710,710.6,707.1,707.8,281987,0
20240412,110000,707.9,708.5,707.7,708.2,63177,0
20240412,120000,708.2,711.5,708.1,711,146139,0
20240412,130000,711,711.3,710.7,710.8,70114,0
20240412,140000,710.8,711,710.1,710.9,55676,0
20240412,150000,711,711.1,710.3,711.1,77717,0
20240412,160000,711.1,716,711,714.7,513978,0
20240412,170000,714.7,723,714.4,721.7,523998,0
20240412,180000,721.6,721.7,715.5,715.6,406835,0
20240412,190000,715.6,718.8,715.5,716.2,103535,0
20240412,200000,716.2,717,715.6,715.7,35852,0
20240412,210000,715.8,716.3,712.3,714.3,157588,0
20240412,220000,714.3,714.3,712.7,713.8,72676,0
20240412,230000,713.6,714.9,713.3,714.9,38642,0
20240415,100000,716.3,722,716.3,721.6,364579,0
20240415,110000,721.6,728,721,727.9,366093,0
20240415,120000,727.6,729.5,726,729.3,347110,0
20240415,130000,729.2,735.7,729.2,735.7,482045,0
20240415,140000,735.6,740.1,734.8,738,835213,0
20240415,150000,738,740.4,736.7,739.3,552155,0
20240415,160000,739.4,739.4,736.1,737.4,340268,0
20240415,170000,737.4,738.5,735.2,737.3,270227,0
20240415,180000,737.3,737.6,735,735,145020,0
20240415,190000,735,740.9,735,739.2,188000,0
20240415,200000,739.2,739.4,736.6,737.9,51640,0
20240415,210000,738.1,740,737.5,739,67806,0
20240415,220000,738.9,739.4,736,736.8,61226,0
20240415,230000,736.7,738.3,736.4,736.5,64079,0
20240416,100000,738,740.8,731.2,734,391509,0
20240416,110000,734,734.2,726.3,729,499720,0
20240416,120000,729,732.4,727.2,732.1,223223,0
20240416,130000,732.1,732.2,729,729.5,123143,0
20240416,140000,729.3,729.7,724.4,726,277036,0
20240416,150000,726,727.1,724.6,725,177289,0
20240416,160000,725,728.8,724.9,726.9,201079,0
20240416,170000,726.9,727,725.1,726.7,80010,0
20240416,180000,726.7,729.3,726.4,729.3,99364,0
20240416,190000,727.5,728.9,727.5,728.2,38224,0
20240416,200000,728.1,729.7,727.8,727.9,49134,0
20240416,210000,727.8,729.1,727.8,728.7,22705,0
20240416,220000,728.6,729.1,728.4,728.6,20569,0
20240416,230000,728.6,729,727.9,728.2,22306,0
20240417,100000,732.3,739.7,731.4,733.7,727119,0
20240417,110000,733.6,733.7,725.6,726.1,502742,0
20240417,120000,725.9,727.7,717.8,721.4,550258,0
20240417,130000,721.4,724.5,720.1,723,260399,0
20240417,140000,723,723.9,718.4,719,196418,0
20240417,150000,719,721.5,717.3,721.1,215856,0
20240417,160000,721.2,721.9,719,721.4,122939,0
20240417,170000,721.4,723.3,720.2,723.3,105142,0
20240417,180000,723.4,724.9,720.4,722.5,202918,0
20240417,190000,721.6,722.5,720.7,722.1,48850,0
20240417,200000,722.1,722.5,721.8,722.4,29867,0
20240417,210000,722.4,723.2,722,722.5,24181,0
20240417,220000,722.2,722.5,721.5,722,12698,0
20240417,230000,721.8,722.9,721.3,722.6,26402,0
20240418,100000,722,723.9,714.9,716.2,475074,0
20240418,110000,716.3,718.6,712.1,712.8,314495,0
20240418,120000,712.9,715.8,712.8,715.1,177910,0
20240418,130000,715.2,715.3,712.4,712.4,133111,0
20240418,140000,712.4,712.5,709.8,711.9,399110,0
20240418,150000,712,712,711.5,711.9,153985,0
20240418,160000,712,712.8,711.6,712.3,139359,0
20240418,170000,712.3,713.8,712.3,713.2,134007,0
20240418,180000,713.2,716.2,711.5,716.2,255826,0
20240418,190000,715.3,715.9,714.5,715.9,48077,0
20240418,200000,715.9,715.9,714,715.3,69755,0
20240418,210000,715.3,715.6,714.7,714.9,18936,0
20240418,220000,714.9,715.6,714.9,715.5,28993,0
20240418,230000,715.4,715.9,714.7,715.3,44864,0
20240419,100000,716.3,719,713.7,717.2,371955,0
20240419,110000,717.2,718,715.4,716.5,216926,0
20240419,120000,716.2,717,713,713.8,248414,0
20240419,130000,714,716,713.7,715.7,104804,0
20240419,140000,715.7,716.9,715.6,716.8,217907,0
20240419,150000,716.9,719.7,715.9,719.4,446788,0
20240419,160000,719.3,722,718.5,721,467274,0
20240419,170000,721,722.2,719.4,720.4,202490,0
20240419,180000,720.5,720.5,715.1,716,549001,0
20240419,190000,715,716.7,714.3,715.3,139639,0
20240419,200000,715.4,716.6,715.3,716,72527,0
20240419,210000,716,716.6,715.9,716.5,52178,0
20240419,220000,716.5,716.6,716,716.3,27550,0
20240419,230000,716.3,716.7,715.9,716.4,70281,0
20240422,100000,716.2,719.9,706.1,714.8,836345,0
20240422,110000,714.7,714.8,712.8,714.5,196448,0
20240422,120000,714.5,714.5,711,712.1,239555,0
20240422,130000,712.1,714,711,713.8,141844,0
20240422,140000,713.7,714.1,712.6,714,169317,0
20240422,150000,713.7,714.5,713.2,714.4,143508,0
20240422,160000,714.4,714.5,711.3,711.5,174033,0
20240422,170000,711.6,713,711.4,712.1,239798,0
20240422,180000,712.2,712.3,710.1,711,178630,0
20240422,190000,711.4,712.2,710.8,711,62709,0
20240422,200000,711.1,711.7,710.1,711.4,66968,0
20240422,210000,711.4,712.3,711,711.5,77860,0
20240422,220000,711.5,711.6,710.5,711.1,57696,0
20240422,230000,711.2,711.9,710.8,711.4,35504,0
20240423,100000,712.7,716,712.4,714.4,334822,0
20240423,110000,714.5,729.7,714.3,725.3,2948272,0
20240423,120000,725.3,727.8,722.5,724,639222,0
20240423,130000,724,725.8,721.4,725.7,380662,0
20240423,140000,725.6,725.7,722.8,724.3,171639,0
20240423,150000,724.4,725,721.9,723.1,207747,0
20240423,160000,723.1,723.3,717.6,719.5,329968,0
20240423,170000,719.6,722.2,717,719.3,234984,0
20240423,180000,719.3,720.3,718.1,718.1,157455,0
20240423,190000,718.2,721,718.2,720.8,70997,0
20240423,200000,720.6,722,720.4,721.3,63126,0
20240423,210000,721.1,723,718,720.8,86116,0
20240423,220000,720.8,721.4,718.4,719,32087,0
20240423,230000,719,719.9,718.6,719.6,35015,0
20240424,100000,720.5,724,718.5,721.9,316823,0
20240424,110000,721.9,722.7,719.7,721.1,305242,0
20240424,120000,721,721.2,716.3,718.5,174514,0
20240424,130000,718.5,718.5,716.6,718.3,125475,0
20240424,140000,718.4,720.5,716.8,720.4,99110,0
20240424,150000,720.4,720.4,717,717.2,94819,0
20240424,160000,717.2,720,717.2,719.4,73935,0
20240424,170000,719.3,719.3,717.2,717.5,126674,0
20240424,180000,717.5,718.4,717.1,717.2,93246,0
20240424,190000,717.1,718.5,717,718.5,22266,0
20240424,200000,718.4,718.5,717.7,717.9,6601,0
20240424,210000,717.9,718.3,717.7,718.2,12350,0
20240424,220000,718.3,719,718.2,719,11458,0
20240424,230000,719,719,717.6,717.6,6636,0
20240425,100000,718,719.8,717.5,717.5,153355,0
20240425,110000,717.5,717.6,715.1,716.3,177551,0
20240425,120000,716.3,716.3,715.6,715.8,100239,0
20240425,130000,715.8,716.3,715.7,716.1,115599,0
20240425,140000,716,717.5,715.5,717,230581,0
20240425,150000,716.9,717.8,715.5,715.6,127849,0
20240425,160000,715.7,717.7,715.4,717.4,77623,0
20240425,170000,717.4,722.9,717.2,722.5,158337,0
20240425,180000,722.6,723.9,719.2,719.2,145282,0
20240425,190000,720.4,720.4,718.9,719.9,40930,0
20240425,200000,720,720.6,719.8,720.4,13151,0
20240425,210000,720.3,722.6,720.1,722,28167,0
20240425,220000,722.1,722.9,721.4,722.1,32441,0
20240425,230000,722.1,722.4,721.9,722.2,17490,0
20240426,100000,722.4,723.6,720.3,721.6,83951,0
20240426,110000,721.5,722.8,719.2,721,83762,0
20240426,120000,721,721,716.8,717.8,151468,0
20240426,130000,717.8,718.4,716.3,717.3,159712,0
20240426,140000,717.3,717.8,716,717,184866,0
20240426,150000,717,718.4,716.2,717.3,170869,0
20240426,160000,717.2,720,717,719.6,132594,0
20240426,170000,719.7,721.3,718.7,720.4,161048,0
20240426,180000,720.5,722.4,720.1,722.4,168278,0
20240426,190000,720.6,722,719.3,721.1,35813,0
20240426,200000,721.1,721.9,717,719,161743,0
20240426,210000,719,719.6,718.9,719.6,11879,0
20240426,220000,719.5,719.9,719.4,719.8,11032,0
20240426,230000,719.8,719.8,718.4,718.8,15899,0
20240427,100000,718.9,720.9,718.9,720.3,50626,0
20240427,110000,720.4,720.6,718.7,720.2,76305,0
20240427,120000,720.1,720.6,718.6,719.2,66635,0
20240427,130000,719.1,721,718.5,720.8,65512,0
20240427,140000,720.9,721.4,719.9,720.7,96743,0
20240427,150000,720.7,721.5,720.1,721.4,97532,0
20240427,160000,721.5,722,720.4,722,123474,0
20240427,170000,722,723.6,721.8,723.4,123918,0
20240427,180000,723.3,724.3,723.2,724.3,85675,0
20240427,190000,724.4,724.4,720.7,720.9,52709,0
20240427,200000,721,721.5,720.8,720.9,29803,0
20240427,210000,720.9,721.3,720.9,721.2,7667,0
20240427,220000,721.1,722.2,721,721,19574,0
20240427,230000,721,721.6,719.1,720.5,56860,0
20240429,100000,721.9,723.3,720.5,720.5,68579,0
20240429,110000,720.5,720.9,718,719,57609,0
20240429,120000,718.7,719.4,718.2,719.4,33026,0
20240429,130000,719.4,721.1,719.3,720.8,35563,0
20240429,140000,720.8,721.1,718.3,719.2,45071,0
20240429,150000,719.2,719.5,718.5,719.1,41728,0
20240429,160000,719.1,719.9,719,719.3,23907,0
20240429,170000,719.3,720.6,718.6,720,47529,0
20240429,180000,720,720.9,719,720.9,50193,0
20240429,190000,720.9,720.9,719.1,720.6,17646,0
20240429,200000,720.6,720.7,720,720.1,11166,0
20240429,210000,720,720.2,720,720.1,2679,0
20240429,220000,720.1,721.5,719.3,720.6,31103,0
20240429,230000,720.6,721.3,720.3,720.6,18757,0
20240430,100000,721.7,721.7,718.6,719.4,84564,0
20240430,110000,719.4,720.5,718.5,720,22436,0
20240430,120000,720,721.5,719.7,720.1,37688,0
20240430,130000,720,720.3,719.5,719.9,17440,0
20240430,140000,719.8,720.2,719.3,719.3,32655,0
20240430,150000,719.3,719.4,719,719.1,20928,0
20240430,160000,719.1,719.1,718.6,718.8,28388,0
20240430,170000,718.7,720.3,718.7,720,29709,0
20240430,180000,720.1,720.5,719,719,32746,0
20240430,190000,719,720.1,719,719.6,24359,0
20240430,200000,719.5,719.6,719,719.3,4035,0
20240430,210000,719.3,719.3,718.9,719,5191,0
20240430,220000,719,719.3,718.7,719,13790,0
20240430,230000,719.1,719.1,718.2,718.3,25131,0
20240502,100000,718.5,721.9,717.2,721.5,228876,0
20240502,110000,721.6,722.3,720.4,721.6,123466,0
20240502,120000,721.6,722,719.7,721.3,124509,0
20240502,130000,721.2,721.4,719.2,721.2,133535,0
20240502,140000,721.2,722.9,720.9,722.2,127836,0
20240502,150000,722.2,726.3,722.2,722.5,204818,0
20240502,160000,722.6,724.3,720.7,724,96426,0
20240502,170000,723.9,724.2,721.6,721.6,77863,0
20240502,180000,721.7,722,719.3,719.3,77587,0
20240502,190000,719.7,720.7,718,719.8,44420,0
20240502,200000,719.7,720.4,719.1,720,19890,0
20240502,210000,720,720.2,719.8,719.8,7635,0
20240502,220000,719.8,720,719.6,719.9,4318,0
20240502,230000,719.9,720.1,719.7,719.7,9555,0
20240503,100000,720,720.6,717.7,718.8,103880,0
20240503,110000,718.8,719.8,717.6,717.8,81221,0
20240503,120000,717.7,719.6,717.3,718.5,53197,0
20240503,130000,718.5,719.9,718.4,719.8,28226,0
20240503,140000,719.8,719.8,718.5,718.9,17094,0
20240503,150000,718.9,719.5,718.5,719.2,71185,0
20240503,160000,719.3,720.4,718.5,720.3,70510,0
20240503,170000,720.2,721.9,719.5,721,94667,0
20240503,180000,720.9,721.2,718,718,107907,0
20240503,190000,718,719.4,718,718.1,22252,0
20240503,200000,718.5,718.9,718.1,718.8,7883,0
20240503,210000,718.7,719,718.2,718.3,5976,0
20240503,220000,718.4,718.8,718.3,718.7,7453,0
20240503,230000,718.8,718.8,718.1,718.4,17489,0
20240506,100000,718.4,719.7,714,716.2,306517,0
20240506,110000,716.4,716.4,714.2,714.6,165127,0
20240506,120000,714.6,714.6,711.2,711.7,318496,0
20240506,130000,711.6,714.8,711.2,712.8,166108,0
20240506,140000,712.8,713.5,711.3,713.5,88916,0
20240506,150000,713.4,713.6,711.4,712.1,120067,0
20240506,160000,712.1,717.2,712.1,712.4,456592,0
20240506,170000,712.4,719.2,712.3,717.6,347630,0
20240506,180000,717.6,718.1,716.1,717.9,182199,0
20240506,190000,717.7,717.7,715.6,715.9,26285,0
20240506,200000,715.9,716.2,715,715.7,25306,0
20240506,210000,715.7,715.9,715,715.3,21106,0
20240506,220000,715.4,715.9,714.5,715.3,31348,0
20240506,230000,715.3,715.3,714.4,715.1,38126,0
20240507,100000,715.3,718.8,714,716.4,175195,0
20240507,110000,716.4,718,716.3,716.8,58968,0
20240507,120000,716.8,719.6,716.3,717,153161,0
20240507,130000,717.1,717.3,715.2,715.6,30282,0
20240507,140000,715.6,716.2,715,716,67123,0
20240507,150000,715.9,716.3,715.4,715.5,58333,0
20240507,160000,715.6,717.3,715.2,717.2,97663,0
20240507,170000,717.1,719.3,717,718.3,332272,0
20240507,180000,718.3,720.4,717.5,720.4,173589,0
20240507,190000,719.8,721.2,719.4,719.9,70842,0
20240507,200000,719.8,720.1,718.4,718.4,27234,0
20240507,210000,718.6,719.1,717.6,718.2,15456,0
20240507,220000,718.2,718.3,717.9,718,2789,0
20240507,230000,718,718.6,717.8,718,7922,0
20240508,100000,718.1,720.8,717.2,720.2,93679,0
20240508,110000,720.2,721.9,720,720.2,99659,0
20240508,120000,720.2,721.3,720.2,720.5,29841,0
20240508,130000,720.3,721,720.1,721,26246,0
20240508,140000,721,721.7,720.4,721,61580,0
20240508,150000,721.1,722.7,720.9,722.3,109430,0
20240508,160000,722.5,724.2,721,721.2,133337,0
20240508,170000,721.2,723.5,721.1,723.3,67072,0
20240508,180000,723.2,723.8,721.8,721.8,63190,0
20240508,190000,722.4,723.4,721.3,721.7,16534,0
20240508,200000,721.8,721.9,721.4,721.6,7766,0
20240508,210000,721.5,721.6,721,721.6,6355,0
20240508,220000,721.6,721.8,721.3,721.7,8867,0
20240508,230000,721.8,722.5,721.3,721.8,20924,0
20240510,100000,722.7,727.6,722.7,727.4,164504,0
20240510,110000,727.3,727.6,726.4,726.9,31253,0
20240510,120000,727,727.2,726.4,727.2,31010,0
20240510,130000,727.2,727.6,726.5,726.7,26320,0
20240510,140000,726.7,727.4,726.3,726.4,12113,0
20240510,150000,726.4,727.6,726.3,727.3,32203,0
20240510,160000,727.2,728,727.2,727.8,59076,0
20240510,170000,727.8,727.9,726.3,726.3,28784,0
20240510,180000,726.4,727.9,726.3,727.9,38836,0
20240510,190000,727.5,727.7,727.1,727.2,11199,0
20240510,200000,727.2,727.3,726.8,727,10935,0
20240510,210000,726.9,727,726.6,726.7,3793,0
20240510,220000,726.5,728.8,726.5,727.8,73062,0
20240510,230000,727.8,728.9,727.7,728.9,22317,0
20240513,100000,730.4,735.2,728.9,732.9,375418,0
20240513,110000,732.9,732.9,729.5,729.9,131024,0
20240513,120000,729.8,730,726.2,726.2,132428,0
20240513,130000,726.2,728.5,726.2,728.5,76611,0
20240513,140000,728.5,729.4,727.2,728.1,158340,0
20240513,150000,728.3,729.4,725.4,729.3,199658,0
20240513,160000,729.3,730.7,729.2,730.5,167655,0
20240513,170000,730.5,732.9,730.4,732.8,111049,0
20240513,180000,732.8,733.6,730.3,730.3,121752,0
20240513,190000,730.7,731.1,728.8,730.7,39749,0
20240513,200000,730.7,732,730.5,731.1,20786,0
20240513,210000,731.1,731.2,730.5,730.7,7297,0
20240513,220000,730.8,731,730,730.4,16270,0
20240513,230000,730.1,730.2,729.6,729.8,13008,0
20240514,100000,730.2,731.9,730,730.9,58677,0
20240514,110000,730.8,730.9,727.4,728.1,144690,0
20240514,120000,728.2,728.5,728.1,728.5,79310,0
20240514,130000,728.4,728.5,726.4,726.7,135805,0
20240514,140000,726.7,727.9,725.6,727.9,89491,0
20240514,150000,727.9,729.1,727.4,727.6,109093,0
20240514,160000,727.6,728.5,727.6,728.1,67616,0
20240514,170000,728.1,728.5,727.5,727.6,66155,0
20240514,180000,727.6,731.3,727.5,731.3,125613,0
20240514,190000,731.1,732,729.8,731.8,56130,0
20240514,200000,731.7,732.8,731,731,44953,0
20240514,210000,731.1,731.5,731.1,731.3,13661,0
20240514,220000,731.4,732.3,731.2,731.5,32703,0
20240514,230000,731.4,731.6,731.2,731.2,8660,0
20240515,100000,731.7,738.2,731.5,734.7,196164,0
20240515,110000,734.8,736.9,734.8,736.5,164273,0
20240515,120000,736.5,738.2,736,738,180565,0
20240515,130000,738.1,739.9,738,738.7,163801,0
20240515,140000,738.8,741.3,738.7,740.5,269633,0
20240515,150000,740.5,742.1,739.2,739.9,284830,0
20240515,160000,739.9,739.9,738,738.6,81781,0
20240515,170000,738.7,739.3,738.5,738.6,48234,0
20240515,180000,738.6,739,736.2,736.2,123844,0
20240515,190000,735.9,737.4,735.7,736.4,23456,0
20240515,200000,736.4,739,736.4,738.6,39256,0
20240515,210000,738.6,739.5,736.8,738.3,25222,0
20240515,220000,738.3,738.7,738.2,738.5,7195,0
20240515,230000,738.5,740.1,738.1,739.7,28152,0
20240516,100000,740.2,744.9,739.5,744,143368,0
20240516,110000,743.9,745,743.2,743.5,91835,0
20240516,120000,743.5,746.3,743.4,745,236236,0
20240516,130000,745,746.3,744.7,745,109229,0
20240516,140000,745,746,744.9,745.9,64272,0
20240516,150000,745.9,747,743.6,746.8,138310,0
20240516,160000,746.9,750.7,746.8,750.2,422194,0
20240516,170000,750.1,751,749.5,749.8,190008,0
20240516,180000,749.8,749.9,748,748.1,101235,0
20240516,190000,748.5,750.6,748.3,748.6,49698,0
20240516,200000,748.5,749.3,748,748.1,20969,0
20240516,210000,748.1,749,748,748.8,15390,0
20240516,220000,748.9,749.2,748.1,748.2,10554,0
20240516,230000,748.5,752,748.4,751.9,70542,0
20240517,100000,752,752.1,745.3,745.3,215501,0
20240517,110000,745.4,746.3,742.8,745,110622,0
20240517,120000,745,745.2,743.3,745,65005,0
20240517,130000,745,747.2,743.6,745.1,104672,0
20240517,140000,745.1,746.7,744.8,745.6,34731,0
20240517,150000,745.6,746.8,744.4,746.5,69855,0
20240517,160000,746.5,746.6,743.6,744.1,85265,0
20240517,170000,744,745.1,741.5,745.1,116015,0
20240517,180000,745.1,746.8,744.7,744.7,66023,0
20240517,190000,744.7,746.2,743.7,744.4,16212,0
20240517,200000,744.3,747,743.9,746.4,25284,0
20240517,210000,746.2,746.6,745.8,746.5,15480,0
20240517,220000,746.6,746.7,746.2,746.2,7299,0
20240517,230000,746.2,746.5,745.6,746.5,22811,0
20240520,100000,747.1,747.9,743.5,744.5,139433,0
20240520,110000,744.5,748.4,744.4,746.4,231761,0
20240520,120000,746.2,746.6,741.8,742.6,123457,0
20240520,130000,742.5,745.8,736.2,739.2,217518,0
20240520,140000,739.1,744.9,738.1,740.7,129773,0
20240520,150000,740.8,741.6,737,741.3,113177,0
20240520,160000,741.3,743,740.5,741.8,65652,0
20240520,170000,741.8,744.7,741.4,741.9,95677,0
20240520,180000,741.9,741.9,737.1,737.1,183238,0
20240520,190000,737.9,738.1,733,733.2,134527,0
20240520,200000,733.2,734.5,730.2,734.1,141394,0
20240520,210000,734.1,736.4,733.6,735,56620,0
20240520,220000,735.2,736,734.1,734.7,19742,0
20240520,230000,734.6,735.7,733.1,733.4,23997,0
20240521,100000,733.4,737.5,731.1,733.5,193656,0
20240521,110000,733.6,739,733.5,737.1,197883,0
20240521,120000,737.1,737.6,732.1,732.5,229546,0
20240521,130000,732.5,733,732,732.9,119572,0
20240521,140000,732.8,733.3,731,732.1,127269,0
20240521,150000,732.1,732.6,731,731.1,140970,0
20240521,160000,731.1,732.2,726.4,726.7,264952,0
20240521,170000,726.8,737.1,726.4,736.7,193192,0
20240521,180000,737,737.4,734.2,736.2,92666,0
20240521,190000,736.2,737.5,735.8,737.2,36305,0
20240521,200000,737.3,737.3,735,735.4,33603,0
20240521,210000,735.6,735.7,733.1,733.3,15278,0
20240521,220000,733.4,733.4,732.6,732.7,14025,0
20240521,230000,732.6,734.6,732.2,734.2,14643,0
20240522,100000,735.9,737,734.1,735.3,86023,0
20240522,110000,735.3,741.4,735.2,741,79444,0
20240522,120000,741,742.5,738.8,740.2,84986,0
20240522,130000,740.3,743.8,740.2,740.9,89906,0
20240522,140000,740.9,741,737.5,740,45196,0
20240522,150000,740,740.7,739.2,740.6,41677,0
20240522,160000,740.6,744.9,740.6,743,108679,0
20240522,170000,742.9,745,741.6,745,134491,0
20240522,180000,745,748,744.5,747.5,387404,0
20240522,190000,747.5,748.5,745.5,745.6,96548,0
20240522,200000,745.6,745.6,744.2,745.2,27239,0
20240522,210000,745.3,746,744.1,744.8,34665,0
20240522,220000,744.8,745.2,744.2,744.7,46642,0
20240522,230000,744.6,746.1,744.6,745.8,14934,0
20240523,100000,745.7,745.8,739.9,740.9,147855,0
20240523,110000,740.8,742.2,738.1,742.1,82170,0
20240523,120000,742,747,741.8,745.3,111388,0
20240523,130000,745.3,746.3,743.9,745.8,71168,0
20240523,140000,746,746.3,741.4,741.4,75124,0
20240523,150000,741.5,745,741.4,743.5,91660,0
20240523,160000,743.5,746.8,743.4,745.9,104361,0
20240523,170000,745.8,746.7,743.5,746.7,70375,0
20240523,180000,746.6,746.8,742.8,745.7,98251,0
20240523,190000,745.1,745.1,744.4,744.6,37594,0
20240523,200000,744.6,744.8,743.2,743.7,19909,0
20240523,210000,743.7,744,743.5,744,3257,0
20240523,220000,744,744,743.5,743.8,3541,0
20240523,230000,743.8,744,743.4,743.4,14935,0
20240524,100000,744,745.1,737,738,222693,0
20240524,110000,737.9,738,727.2,727.4,352390,0
20240524,120000,727.4,730.1,720.1,729.8,991834,0
20240524,130000,729.8,730.5,722.3,728,638916,0
20240524,140000,728,728.4,722.6,724.9,250542,0
20240524,150000,724.7,728.8,724,728.2,254863,0
20240524,160000,728.1,732,725.1,732,426216,0
20240524,170000,732,736,731,736,195819,0
20240524,180000,736,738.9,731.6,736.1,228450,0
20240524,190000,735.5,735.5,731.3,731.3,82615,0
20240524,200000,731.3,732,728.2,731.4,53302,0
20240524,210000,731.4,732.5,730.9,731,18121,0
20240524,220000,731,733,730.7,732.4,14864,0
20240524,230000,732.5,732.9,731.8,732.1,13249,0
20240527,100000,732,732.8,723.5,726.9,279393,0
20240527,110000,727,729.3,722.3,722.6,255484,0
20240527,120000,722.5,723.4,718.5,720.5,304697,0
20240527,130000,720.6,721.4,716.7,721.2,252345,0
20240527,140000,721.3,721.6,719.3,720.5,119631,0
20240527,150000,720.6,721.6,718.7,720.8,65798,0
20240527,160000,720.8,721.6,716.3,718,366700,0
20240527,170000,718,718,708.1,708.9,280955,0
20240527,180000,708.8,712,705.2,705.2,545588,0
20240527,190000,706,712.6,705.2,712.2,178958,0
20240527,200000,712.2,717.6,712.1,713.8,65760,0
20240527,210000,713.8,716,713.5,714.9,18830,0
20240527,220000,714.7,715.2,714.4,714.9,13489,0
20240527,230000,714.9,715.6,712.8,713,14928,0
20240528,100000,712.9,721,706.8,720.4,298219,0
20240528,110000,720.5,723,715.2,719.9,156629,0
20240528,120000,719.9,724.1,719.8,721.7,102792,0
20240528,130000,721.6,725.8,718.2,723.9,131270,0
20240528,140000,723.8,725.3,722.7,723.4,65751,0
20240528,150000,723.6,724.8,716,716.1,218425,0
20240528,160000,716.1,718,710.2,711.6,279062,0
20240528,170000,711.8,714.2,708.3,709.3,335546,0
20240528,180000,709.1,712.8,704.5,704.5,476917,0
20240528,190000,705.3,707.8,703.7,707,338299,0
20240528,200000,707.3,709.9,705,709.8,69567,0
20240528,210000,709.7,710.8,708.9,709.2,22452,0
20240528,220000,709.3,712.4,706,710.7,61292,0
20240528,230000,710.7,711.3,710.5,710.8,22939,0
20240529,100000,710.7,714,708,710.4,134812,0
20240529,110000,710.3,711.5,709.2,709.9,64421,0
20240529,120000,710,710.9,706.5,710.9,54969,0
20240529,130000,710.9,711.3,707.9,708.8,98510,0
20240529,140000,708.8,710.2,706.7,706.7,56098,0
20240529,150000,706.8,707.3,705.3,707.2,69959,0
20240529,160000,707.2,709,706.9,708.5,72688,0
20240529,170000,708.6,712.8,708.1,709.6,107203,0
20240529,180000,709.6,717,709,713.3,211253,0
20240529,190000,712,713.7,712,712.4,23606,0
20240529,200000,712.4,713.7,712.2,713.6,10411,0
20240529,210000,713.6,715.5,713.5,715,13556,0
20240529,220000,714.7,715.4,714.6,714.9,9497,0
20240529,230000,714.9,715.3,714,715.2,26013,0
20240530,100000,715.8,720.4,714.2,716.5,189655,0
20240530,110000,716.6,717,709.5,710,201055,0
20240530,120000,710,712.2,708.9,710,147067,0
20240530,130000,710.1,710.1,708.3,709,91380,0
20240530,140000,709,709,707,707.4,65819,0
20240530,150000,707.5,712.1,706.8,707.4,135232,0
20240530,160000,707.4,707.9,705.7,707.7,132827,0
20240530,170000,707.7,707.7,705.3,705.4,81169,0
20240530,180000,705.6,706,700.1,702.1,270869,0
20240530,190000,701.9,703.6,700.3,702.9,77029,0
20240530,200000,702.8,702.9,696.4,701.5,173950,0
20240530,210000,701.3,704.3,698.7,701.6,54358,0
20240530,220000,701.6,704.1,700.5,702,45547,0
20240530,230000,702,703.8,702,702.8,50637,0
20240531,100000,704.1,706.9,700,700.1,300627,0
20240531,110000,700,705,700,704.9,165215,0
20240531,120000,704.8,704.9,695.5,700.4,262332,0
20240531,130000,700.4,700.5,693.4,695.4,153778,0
20240531,140000,695.4,700,695.3,699.6,224443,0
20240531,150000,699.7,700,699,699.2,85651,0
20240531,160000,699.2,699.4,698.6,699,109320,0
20240531,170000,699,700,698.5,699.8,129074,0
20240531,180000,699.8,699.8,694.9,698.3,240234,0
20240531,190000,697.8,699,688,697.5,338366,0
20240531,200000,697.6,697.6,691.1,691.3,69548,0
20240531,210000,691.2,693.5,688,693.5,154722,0
20240531,220000,693.5,695.8,689.9,690,82919,0
20240531,230000,690,690.7,688,688.5,113394,0
20240603,100000,688.3,696.4,685,692.4,537259,0
20240603,110000,692.4,694.5,686.9,687.2,158231,0
20240603,120000,687.2,690,683.4,686.2,310974,0
20240603,130000,686.3,688.3,680.4,685.4,342026,0
20240603,140000,685.3,686.2,675.1,675.2,330846,0
20240603,150000,675.2,684.5,673.1,682.8,410289,0
20240603,160000,682.9,684.8,681.1,682.1,283660,0
20240603,170000,682.2,684.2,680.3,681.9,385415,0
20240603,180000,681.9,684.9,680,682.3,211893,0
20240603,190000,682.1,685.9,682.1,685.9,78965,0
20240603,200000,685.9,687.9,684.6,687.1,69247,0
20240603,210000,687.1,687.3,684.5,685.2,60605,0
20240603,220000,685.3,687.7,684.6,685.3,36062,0
20240603,230000,685.2,686.9,684.8,685.5,13714,0
20240604,100000,685.5,687.8,677.2,683.1,211742,0
20240604,110000,683.1,684.6,675,675.9,319013,0
20240604,120000,676,685.9,675.9,684.2,461459,0
20240604,130000,684.2,687.9,683.9,684.5,255717,0
20240604,140000,684.5,687.9,682,685.8,154804,0
20240604,150000,685.8,690,685.8,687.3,152428,0
20240604,160000,687.3,691.9,686.5,689.4,217946,0
20240604,170000,689.3,695.7,688.8,694.9,247559,0
20240604,180000,694.9,694.9,686.6,686.6,242449,0
20240604,190000,686.6,688.7,686.3,688.5,43554,0
20240604,200000,688.4,692.3,688.1,691.5,41479,0
20240604,210000,691.5,694.5,691.2,694,26070,0
20240604,220000,694.1,696,692.7,693.7,79311,0
20240604,230000,693.6,695.1,693.6,694,35293,0
20240605,100000,694.2,695.5,687.7,690.1,285645,0
20240605,110000,690,693.7,689,692.5,283534,0
20240605,120000,692.5,698.4,691.3,698.2,159931,0
20240605,130000,698.2,704,696.5,702,258359,0
20240605,140000,702,702.1,694.9,699.1,170527,0
20240605,150000,699.1,700.2,692.4,698.4,217340,0
20240605,160000,698.4,701,695.1,700,180861,0
20240605,170000,700,701.7,699.5,701.7,136146,0
20240605,180000,701.7,701.7,695.4,695.9,114215,0
20240605,190000,696.2,697.2,695.7,696.1,22533,0
20240605,200000,696,696.1,689.6,689.8,50620,0
20240605,210000,689.8,693.3,689.6,691.2,31664,0
20240605,220000,691.2,692.6,689.6,692,29030,0
20240605,230000,692,692.1,690.5,691.6,7309,0
20240606,100000,692.1,696.4,692,695.5,118977,0
20240606,110000,695.4,697,694.4,695.4,99374,0
20240606,120000,695.3,696,692.3,693,74300,0
20240606,130000,693,693.1,686.1,688.7,227481,0
20240606,140000,688.6,689.5,684.2,686.4,189259,0
20240606,150000,686.4,686.4,685.6,686.2,164894,0
20240606,160000,686.2,690.5,686.1,688.6,195477,0
20240606,170000,688.7,690.4,687.3,689.4,165429,0
20240606,180000,689.5,692.1,688,692.1,159442,0
20240606,190000,691.2,692.9,690.7,692.7,64499,0
20240606,200000,692.7,692.8,690.9,691,16788,0
20240606,210000,691,692,690.7,692,13507,0
20240606,220000,692,693,691.7,692.7,16925,0
20240606,230000,692.5,692.9,691.8,692.9,29893,0
20240607,100000,693,696.2,691.7,695,178732,0
20240607,110000,695,697.6,690.5,694.8,173063,0
20240607,120000,694.8,700.8,694.3,699.4,257490,0
20240607,130000,699.5,712.5,697.6,705.2,704696,0
20240607,140000,705.2,706.7,700,700.3,226423,0
20240607,150000,700.2,702.5,693.3,698.8,217531,0
20240607,160000,699.1,699.2,692.2,692.8,270571,0
20240607,170000,693,695.9,689.5,691.7,420111,0
20240607,180000,691.7,699.5,690.8,696.1,249319,0
20240607,190000,696.1,698.7,692.9,695.6,66267,0
20240607,200000,695.6,696.8,695.1,695.8,29094,0
20240607,210000,696.1,696.5,695.4,696.3,24174,0
20240607,220000,696.4,697.7,696.3,697.1,22992,0
20240607,230000,697.1,697.1,695,695.7,36534,0
20240610,100000,698.6,700.9,697.8,699.4,226304,0
20240610,110000,699.4,701.6,698.1,700.4,140623,0
20240610,120000,700.4,700.7,696.3,699,214028,0
20240610,130000,699,699.9,695.5,696.5,115707,0
20240610,140000,697.2,698,691.5,695.4,127357,0
20240610,150000,695.4,697.8,693.6,695.2,97832,0
20240610,160000,695.2,699.5,695.2,699.3,81460,0
20240610,170000,699.3,700,697,698.4,64979,0
20240610,180000,698.3,698.8,691.1,691.5,154975,0
20240610,190000,692.5,692.5,685.1,688.8,125060,0
20240610,200000,688.8,689.5,687,689.1,32425,0
20240610,210000,689.1,689.7,686.5,687.9,22028,0
20240610,220000,688,688,686.6,687.1,26895,0
20240610,230000,687.1,687.2,685.8,686.3,15600,0
20240611,100000,686.7,690.7,670.5,689.8,412652,0
20240611,110000,689.8,690.9,687,687.1,162231,0
20240611,120000,687.2,691,685,690.1,337307,0
20240611,130000,690,697.5,688.4,695.4,601296,0
20240611,140000,695.4,699.9,691.7,695,295212,0
20240611,150000,694.9,695.5,691.2,693.2,110087,0
20240611,160000,693.2,694.6,692.2,694.4,88590,0
20240611,170000,694.3,695.8,691.8,692.2,129089,0
20240611,180000,692.1,693.5,689.1,691.2,162131,0
20240611,190000,690.5,695,690.5,694.1,26550,0
20240611,200000,694.2,694.2,692.5,693.1,11261,0
20240611,210000,693,693.1,692.5,693.1,7792,0
20240611,220000,693,693.3,692.7,693,7552,0
20240611,230000,693,694,692.9,693.2,21846,0
20240613,100000,677.6,695,655,677.2,875189,0
20240613,110000,677.2,680,667.1,674.7,635135,0
20240613,120000,674.7,677.3,670.1,671.8,375561,0
20240613,130000,671.6,672,666.5,668.7,391815,0
20240613,140000,668.7,672.6,668.6,670.8,194675,0
20240613,150000,670.8,678.8,670.3,678.5,309949,0
20240613,160000,678.5,684,676.2,681.3,435640,0
20240613,170000,681.3,682,676.9,682,203681,0
20240613,180000,682,684.1,681,684.1,183371,0
20240613,190000,683.7,684,681.7,682,76973,0
20240613,200000,682,682.3,672.2,673.2,184103,0
20240613,210000,673.3,676.7,670.6,676.2,96281,0
20240613,220000,676.2,677,674.7,676.7,25267,0
20240613,230000,676.7,678.2,676.7,678,25488,0
20240614,100000,677.6,680,672,673.3,264981,0
20240614,110000,673.4,674,671,673.9,182571,0
20240614,120000,673.9,677.2,673.9,677.2,127917,0
20240614,130000,677.2,682.5,676.9,681.5,128286,0
20240614,140000,681.2,683.8,681.2,683.1,114603,0
20240614,150000,683.1,684.9,679.3,684.6,141207,0
20240614,160000,684.6,699,684.5,698.6,401100,0
20240614,170000,698.5,699.9,691.1,696.8,342031,0
20240614,180000,697,697.1,694,695.7,145005,0
20240614,190000,695.2,698.8,693.7,697.8,91069,0
20240614,200000,697.8,697.8,693.8,695.5,35975,0
20240614,210000,695.5,696.4,694.7,695,8872,0
20240614,220000,695,697.2,694.5,696.3,25058,0
20240614,230000,696.7,697.9,694.6,695.3,64837,0
20240617,100000,700,701.5,691.4,694.2,315658,0
20240617,110000,694.2,694.5,685.3,688.6,243787,0
20240617,120000,688.6,695.4,687,694.3,172086,0
20240617,130000,694.2,697,693.6,696,75649,0
20240617,140000,696,697.8,693.7,695.6,151131,0
20240617,150000,695.4,695.9,689.6,690.2,232782,0
20240617,160000,690.2,694.7,689,691.7,159294,0
20240617,170000,692,692.4,688.8,690.4,213269,0
20240617,180000,690.3,691.2,688,688,151829,0
20240617,190000,688.4,688.4,684.2,685.8,74844,0
20240617,200000,685.8,689.3,685.5,689.1,35854,0
20240617,210000,689.1,689.7,689,689,12143,0
20240617,220000,689.1,689.9,688.3,689.6,12701,0
20240617,230000,689.9,689.9,688.3,688.3,9143,0
20240618,100000,688.3,691.7,683.9,691.1,270584,0
20240618,110000,691.1,691.9,686.8,688.2,103934,0
20240618,120000,688.1,688.2,681.5,683.4,159739,0
20240618,130000,683.5,686.6,682.5,683.7,247079,0
20240618,140000,683.7,685.4,680.1,682.3,109223,0
20240618,150000,682.3,682.4,676.6,680,201724,0
20240618,160000,680.3,686,680,685.5,175447,0
20240618,170000,685.4,687.5,683.9,685,117985,0
20240618,180000,684.9,685.1,682,684,84477,0
20240618,190000,683.1,684.3,676,680.6,133768,0
20240618,200000,680.7,682.1,677.3,679.2,39629,0
20240618,210000,679.2,681.2,678.2,679.5,34342,0
20240618,220000,679.6,679.7,677.2,677.4,19389,0
20240618,230000,677.3,680,677.2,679.8,17226,0
20240619,100000,678,682.1,671,678.8,311448,0
20240619,110000,679.2,684.7,675,675.1,223969,0
20240619,120000,675.1,680,672.4,677.9,191005,0
20240619,130000,678,681.3,673.2,674.8,144143,0
20240619,140000,674.8,680,672.5,677.4,129863,0
20240619,150000,677.4,680.2,675.6,680.2,105225,0
20240619,160000,680.2,681,676.5,677.4,111213,0
20240619,170000,677.3,677.9,666.7,669,276660,0
20240619,180000,669,672.5,668.3,670.3,163989,0
20240619,190000,670.2,671,660.4,661.5,196871,0
20240619,200000,661.5,661.5,642,654.5,677466,0
20240619,210000,654.2,657.6,653.4,654.6,115798,0
20240619,220000,654.6,657.3,648.5,657.1,150259,0
20240619,230000,656.9,658.5,651.6,657.2,97674,0
20240620,100000,658,672.3,655.2,671,555224,0
20240620,110000,670.6,675.7,670.1,673.9,388799,0
20240620,120000,673.9,674,665.2,672.9,646302,0
20240620,130000,672.8,672.9,665,668.1,452646,0
20240620,140000,667.6,675,658.5,667.7,975449,0
20240620,150000,667.7,687,659.1,676.8,5950687,0
20240620,160000,676.8,681.7,674.8,677.2,318362,0
20240620,170000,677.1,679.8,674.8,678.8,211057,0
20240620,180000,678.5,684.8,678.2,684.6,276769,0
20240620,190000,684.6,686.4,680.9,681.6,121134,0
20240620,200000,681.9,686,681.6,685.5,58028,0
20240620,210000,685.5,686,684.8,685.4,25582,0
20240620,220000,685.4,687,685.3,686.7,51108,0
20240620,230000,686.7,688,686.4,688,52230,0
20240621,100000,689,690.6,680.5,685.1,418548,0
20240621,110000,685,689.4,683.2,686,151143,0
20240621,120000,686.3,687.8,684.3,687.1,116743,0
20240621,130000,687,692.7,686.9,691.9,234204,0
20240621,140000,692,693.8,691.8,693.5,192487,0
20240621,150000,693.5,693.6,688.9,691.3,316513,0
20240621,160000,691.2,692.9,690.7,691.4,77501,0
20240621,170000,691.4,691.4,686.7,687.9,109361,0
20240621,180000,687.8,689.1,682.5,685.8,179105,0
20240621,190000,685.7,688.7,683.2,686,82397,0
20240621,200000,686,686.6,684.8,685.8,22887,0
20240621,210000,686.1,686.9,684,686,15348,0
20240621,220000,686.1,687.1,685.9,686.2,10378,0
20240621,230000,686.1,688.3,686.1,688.2,19422,0
20240624,100000,688.5,688.7,685.1,686.8,99794,0
20240624,110000,686.8,688,683.3,684,119273,0
20240624,120000,684,685,679.2,682.1,111419,0
20240624,130000,682,683.7,679.4,683.6,82568,0
20240624,140000,683.5,685.4,682.5,684,51140,0
20240624,150000,684,685.8,682.6,685,63180,0
20240624,160000,685.1,688.4,684.2,688.3,117394,0
20240624,170000,688.3,689,685.5,687.6,135431,0
20240624,180000,688,688.3,683.5,683.5,95130,0
20240624,190000,683.5,685.7,683.5,685.2,13652,0
20240624,200000,685.2,685.2,682,682.8,31215,0
20240624,210000,682.8,683.4,680.8,680.9,31188,0
20240624,220000,680.9,681,680,680.6,35648,0
20240624,230000,680.8,681.8,680.2,681.1,14414,0
20240625,100000,682.1,683.8,677,682.7,294763,0
20240625,110000,682.7,684,680,682.8,118455,0
20240625,120000,682.7,685.5,682.4,684.2,89238,0
20240625,130000,684.3,687.7,684.3,686,92755,0
20240625,140000,686,686.2,683.3,683.7,82910,0
20240625,150000,683.9,684.2,681,681.8,51782,0
20240625,160000,681.8,686.5,680.7,685.6,76147,0
20240625,170000,685.6,686.4,683.6,684.5,76421,0
20240625,180000,684.5,692.3,684,690.7,322942,0
20240625,190000,690,692,689.2,692,83642,0
20240625,200000,692,692,690.8,691.2,19056,0
20240625,210000,691.3,692,690.3,691.9,28813,0
20240625,220000,691.6,696,691.3,695.8,108367,0
20240625,230000,695.7,696.5,693.4,694.4,55036,0
20240626,100000,696,696.8,690.5,693.3,183140,0
20240626,110000,693.4,697.6,691.6,693.8,127840,0
20240626,120000,693.9,696,692.5,695,70130,0
20240626,130000,695,696.9,694.9,696.1,71972,0
20240626,140000,696.1,696.6,692.5,693.2,52163,0
20240626,150000,693.1,694.5,691.4,693.1,103920,0
20240626,160000,693.1,696.9,691.5,696.9,100189,0
20240626,170000,696.9,697,693.3,696.8,187756,0
20240626,180000,696.8,701.7,696.4,701.7,257102,0
20240626,190000,701.1,704.2,699.8,700.7,160609,0
20240626,200000,700.7,701.8,700.2,701,22535,0
20240626,210000,701,701.5,700.3,701.5,19542,0
20240626,220000,701.4,701.6,701.3,701.5,13393,0
20240626,230000,701.5,702.9,701.2,701.5,28763,0
20240627,100000,703,703.3,694.9,697.5,210205,0
20240627,110000,697.5,699.3,695.1,698.2,119234,0
20240627,120000,698.3,699.5,696.5,698.2,76231,0
20240627,130000,698.3,700.2,697.1,700,96033,0
20240627,140000,700.1,701.1,697.1,698.7,82477,0
20240627,150000,698.7,706.7,698.2,704.8,273276,0
20240627,160000,704.8,710.3,703.8,707.8,369256,0
20240627,170000,707.8,708.8,705.6,707.1,163796,0
20240627,180000,707.1,708.9,704.9,705.1,176407,0
20240627,190000,705.2,705.9,702,704,54535,0
20240627,200000,703.9,704,702.6,702.9,25289,0
20240627,210000,702.9,702.9,702.3,702.7,23505,0
20240627,220000,702.7,703,702.3,702.7,11584,0
20240627,230000,702.7,703,702.3,702.7,14246,0
20240628,100000,703,706.9,701.6,703.8,211225,0
20240628,110000,704.1,704.5,702.8,703.4,36835,0
20240628,120000,703.4,703.8,702.1,703,47939,0
20240628,130000,703,703.1,698.4,699.7,125969,0
20240628,140000,699.7,699.7,698.2,698.2,100673,0
20240628,150000,698.2,699.9,698,699.9,69642,0
20240628,160000,699.9,702,699.1,700.3,66715,0
20240628,170000,700.3,701,700.1,700.8,45959,0
20240628,180000,700.9,701.9,698,701.9,91389,0
20240628,190000,701.8,702.6,701,701.9,17389,0
20240628,200000,701.8,702,700.3,701.6,12110,0
20240628,210000,701.6,701.8,700.9,701.7,10864,0
20240628,220000,701.7,701.8,699.9,700,28402,0
20240628,230000,700,700,699.5,699.9,12961,0
20240701,100000,701.2,705,700.8,704.3,122191,0
20240701,110000,704.2,704.6,700.9,702.2,91287,0
20240701,120000,702.1,704,702.1,703.1,27244,0
20240701,130000,703.1,704.8,702.8,704.7,48369,0
20240701,140000,704.6,708.9,704.4,708.5,139543,0
20240701,150000,708.7,709.1,707.6,708.9,119343,0
20240701,160000,708.9,709,708.4,709,138562,0
20240701,170000,709,709.4,708.3,709.4,94647,0
20240701,180000,709.1,715,709.1,712.9,249513,0
20240701,190000,712.9,712.9,709.4,710.6,69525,0
20240701,200000,710.7,712,710.2,711.9,40176,0
20240701,210000,712,712,710.8,711.9,18177,0
20240701,220000,711.9,712.2,711.2,711.5,5375,0
20240701,230000,711.4,711.5,710,710.9,19836,0
20240702,100000,710.9,712.5,708,710.7,100798,0
20240702,110000,710.7,711,709.7,709.8,78506,0
20240702,120000,709.8,712,709.5,711.4,72503,0
20240702,130000,711.4,711.4,709,709.5,73221,0
20240702,140000,709.6,712.1,709.6,711.7,141470,0
20240702,150000,711.7,712.6,710,710,103036,0
20240702,160000,710,711,708.4,709.5,109745,0
20240702,170000,709.5,712.5,709.4,711.9,132473,0
20240702,180000,711.9,712.5,710.4,712.4,121075,0
20240702,190000,712.2,712.2,709,709.6,32931,0
20240702,200000,709.6,712.6,709,711.3,61862,0
20240702,210000,711.3,711.3,710.9,711,3461,0
20240702,220000,711.1,711.1,710.5,710.8,5274,0
20240702,230000,710.7,710.9,710,710.4,8177,0
20240703,100000,711.1,712.8,709.7,710.8,131580,0
20240703,110000,710.8,711.6,710.1,711,80356,0
20240703,120000,711,712.5,710.7,711.5,91058,0
20240703,130000,711.5,712.4,709,710.3,101777,0
20240703,140000,710.3,711.2,709.4,711.1,54998,0
20240703,150000,711.1,711.7,710,710.4,43586,0
20240703,160000,710.4,710.5,707.2,710.5,116950,0
20240703,170000,710.4,710.8,707.2,709,67008,0
20240703,180000,708.9,711.2,708.3,711.2,111763,0
20240703,190000,710.4,710.7,707.3,708.3,51104,0
20240703,200000,708,709.8,708,708.7,30554,0
20240703,210000,708.8,709,707.6,707.7,13536,0
20240703,220000,707.7,707.7,704.8,705.3,31101,0
20240703,230000,705.3,706.1,704.1,704.1,38350,0
20240704,100000,702.9,706.5,700.9,705,125462,0
20240704,110000,705.1,706.8,705,705.6,45206,0
20240704,120000,705.7,706.7,704.1,705.3,45029,0
20240704,130000,705.3,706.7,702,704.1,35319,0
20240704,140000,704.2,704.9,701.1,704.1,49873,0
20240704,150000,704,706.9,703.2,704.2,51041,0
20240704,160000,704.2,704.8,695.8,699.4,153197,0
20240704,170000,699.4,701.6,692.1,698.6,147206,0
20240704,180000,698.5,698.6,692.3,696.5,85653,0
20240704,190000,695.7,700.2,695.5,699.4,70852,0
20240704,200000,699.2,700.3,697.9,699.5,33392,0
20240704,210000,699.5,699.7,698.8,699.1,8057,0
20240704,220000,699.1,699.5,698.4,698.9,18948,0
20240704,230000,698.9,700.4,698.5,699.1,10977,0
20240705,100000,699,703,694.9,695.6,175697,0
20240705,110000,695.6,700,693.2,695.1,145005,0
20240705,120000,695.1,700,694.1,695.8,125944,0
20240705,130000,695.5,697.4,695.3,696.1,112355,0
20240705,140000,696.8,696.8,691.3,693,121940,0
20240705,150000,693,693.1,690.5,691,60768,0
20240705,160000,690.8,692,689.5,690,144272,0
20240705,170000,690,693.6,688.8,692.7,165034,0
20240705,180000,692.7,696,691.4,691.4,148307,0
20240705,190000,692,694.2,691.8,693,55323,0
20240705,200000,693,695.3,692.4,693.9,41617,0
20240705,210000,693.9,694.2,691.6,694,50056,0
20240705,220000,694,694.2,692.4,693.4,21850,0
20240705,230000,693.1,693.5,691.6,692.1,20999,0
20240708,100000,692.5,694.1,689.2,693.2,207179,0
20240708,110000,693.2,693.2,690.2,691.5,85414,0
20240708,120000,691.5,692.7,688.9,691.7,131614,0
20240708,130000,691.7,693.9,691.3,693.2,146202,0
20240708,140000,693.2,694.8,691.7,692.4,152964,0
20240708,150000,692.9,694.4,692.1,693.9,102901,0
20240708,160000,693.8,693.9,691.1,693.7,117323,0
20240708,170000,693.8,693.9,691.5,692.6,85149,0
20240708,180000,692.6,694,691.4,691.5,105487,0
20240708,190000,691.4,691.5,691,691.2,37845,0
20240708,200000,691.2,692.2,690.4,691.3,67577,0
20240708,210000,691.1,692.2,690.9,691.7,55714,0
20240708,220000,691.6,694,691.5,693.5,72971,0
20240708,230000,693.5,695.3,693.5,695.3,147519,0
20240709,100000,673.2,673.9,662.3,662.9,736094,0
20240709,110000,662.9,667,661,661.8,260498,0
20240709,120000,661.8,664.4,660.3,662.3,196880,0
20240709,130000,662.4,665.1,661,664.7,92916,0
20240709,140000,664.9,666.8,663,663.2,96768,0
20240709,150000,663.1,663.2,661.1,661.4,67195,0
20240709,160000,661.4,665,660.4,664.5,153338,0
20240709,170000,664.3,664.5,658.9,659.3,232928,0
20240709,180000,659.7,661.9,659.6,661,304074,0
20240709,190000,661,662.7,661,661.9,150752,0
20240709,200000,661.9,662,661.2,661.7,25583,0
20240709,210000,661.6,662.4,661,662.1,81771,0
20240709,220000,662.1,662.2,661,661.7,32672,0
20240709,230000,661.8,661.9,659.5,660.5,88405,0
20240710,100000,660.1,666.6,656.6,662.1,317595,0
20240710,110000,662.1,663.2,654.6,654.8,200448,0
20240710,120000,654.8,656,652.5,653.6,269057,0
20240710,130000,653.6,655,649.2,649.4,332395,0
20240710,140000,649.4,654,648,650.1,237716,0
20240710,150000,650,650.1,645.1,645.5,283461,0
20240710,160000,645.4,649.2,643.7,646.5,330457,0
20240710,170000,646.6,647.9,637.6,639.1,410177,0
20240710,180000,639.2,643.6,638.1,641.8,319927,0
20240710,190000,641.8,642.8,636.7,636.7,98404,0
20240710,200000,636.8,637,627.6,634,217095,0
20240710,210000,633.8,637,633.7,633.8,68081,0
20240710,220000,633.7,637,633.7,637,50853,0
20240710,230000,636.9,637.2,634.5,635.1,49889,0
20240711,100000,635.1,663.2,633.3,655.1,668654,0
20240711,110000,655.1,657.9,650.1,650.7,195104,0
20240711,120000,650.7,652.5,646.9,651.9,256587,0
20240711,130000,651.8,653,649.7,651,95846,0
20240711,140000,650.9,655.7,650,655.2,141685,0
20240711,150000,655.2,658.1,650.7,652.3,156418,0
20240711,160000,652.3,652.6,649.7,649.8,173834,0
20240711,170000,649.7,650,648.7,649.5,184211,0
20240711,180000,649.2,650,648,648,148214,0
20240711,190000,648.2,651,648.2,651,95017,0
20240711,200000,651,651,648,650.6,61489,0
20240711,210000,650.6,651,649.3,649.7,54505,0
20240711,220000,649.7,650.7,649.5,649.5,25153,0
20240711,230000,649.5,650.4,649,650.4,33662,0
20240712,100000,651.4,655.7,648.2,651.8,338388,0
20240712,110000,651.8,653.7,646,652.4,185221,0
20240712,120000,652.4,652.6,650.5,651.3,124417,0
20240712,130000,651.4,653.3,647.4,648,146707,0
20240712,140000,648,652.4,646.2,651.1,167514,0
20240712,150000,651,657.6,646.9,656.9,366611,0
20240712,160000,656.8,664.7,656.4,662.5,214214,0
20240712,170000,662.4,662.5,657,657.6,119830,0
20240712,180000,657.7,657.7,650.5,652,227847,0
20240712,190000,652.2,654.4,650.4,650.8,69013,0
20240712,200000,650.9,654,650.8,653.6,16786,0
20240712,210000,653.6,654.8,653,654.6,29668,0
20240712,220000,654.6,654.6,653.1,653.2,18239,0
20240712,230000,653.2,654.3,653.1,653.9,26896,0
20240715,100000,655.5,657.8,648.8,650.1,277568,0
20240715,110000,650.1,655.6,648.9,655.6,143777,0
20240715,120000,655.6,655.6,650.1,651.9,108950,0
20240715,130000,651.9,658,650.3,656.2,195070,0
20240715,140000,656.1,657.3,654.1,654.7,157559,0
20240715,150000,654.6,655,651,654.5,173104,0
20240715,160000,654.5,655.9,650.2,650.5,123235,0
20240715,170000,650.4,650.9,643.2,643.9,214482,0
20240715,180000,643.8,647,641,642.9,188443,0
20240715,190000,641.4,647.1,641.4,646.6,79439,0
20240715,200000,646.5,648,645.2,647.8,18883,0
20240715,210000,647.9,650.9,645.6,650.5,47369,0
20240715,220000,650.5,650.5,643.1,643.4,50434,0
20240715,230000,643.3,644.2,643.1,643.8,15564,0
20240716,100000,642.5,654.5,641.5,646.6,280422,0
20240716,110000,646.5,648.9,641.3,644.9,241752,0
20240716,120000,645.2,664,644.6,662,478127,0
20240716,130000,662,662.7,652.8,654.3,263093,0
20240716,140000,654.3,655.4,648.4,653.4,201943,0
20240716,150000,653.5,654,648,648.6,155515,0
20240716,160000,648.5,649.5,638,641.9,591094,0
20240716,170000,641.9,651.7,640.5,651.5,208838,0
20240716,180000,651.7,657.5,642.7,649.4,470907,0
20240716,190000,649.4,651.6,646.6,647,97518,0
20240716,200000,646.9,651.7,646.9,651.4,32293,0
20240716,210000,651.4,652,651.3,651.5,89983,0
20240716,220000,651.5,652,651.3,652,31057,0
20240716,230000,651.9,652,646.7,648.5,54359,0
20240717,100000,650,653,641.2,645.3,335867,0
20240717,110000,645.3,653.8,645,650.4,238245,0
20240717,120000,650.5,653.8,650.2,651,165631,0
20240717,130000,651,653.5,648.2,650.1,92667,0
20240717,140000,650.1,653.3,648.5,650.9,72024,0
20240717,150000,650.6,654.9,649.8,651.1,57127,0
20240717,160000,651.2,653.6,650,652.9,59554,0
20240717,170000,652.9,654.5,651,652.1,90864,0
20240717,180000,652.1,652.3,647.3,649.6,96625,0
20240717,190000,649.7,653.4,649.7,651.6,49495,0
20240717,200000,651.6,651.8,649.8,650.7,34938,0
20240717,210000,650.7,651.5,649.9,650.4,18288,0
20240717,220000,650.4,650.4,649.1,649.5,9727,0
20240717,230000,649.4,651.1,649,650.2,12400,0
20240718,100000,649.7,652.7,645.2,648.5,165248,0
20240718,110000,648.5,650.2,647,649.9,40588,0
20240718,120000,649.9,652.3,648.4,650.9,85534,0
20240718,130000,650.9,652,648.2,649.5,44599,0
20240718,140000,649.4,650.2,647.5,648.4,47291,0
20240718,150000,648.3,650.7,646.8,649.6,64961,0
20240718,160000,649.7,655.1,648.9,652.9,91788,0
20240718,170000,652.9,656.7,652.4,656.6,182190,0
20240718,180000,656.6,660.8,656,660,259049,0
20240718,190000,660,660,657.1,659.2,69240,0
20240718,200000,659.2,659.9,658.1,659.4,71816,0
20240718,210000,659.6,659.9,657,657.6,45612,0
20240718,220000,657.7,659.8,657.6,659.5,19527,0
20240718,230000,659.6,661.9,659.5,661.7,53403,0
20240719,100000,662.4,664.1,657.3,660.9,246400,0
20240719,110000,660.9,666,658.2,658.4,216699,0
20240719,120000,658.5,660.5,658.4,660.3,142719,0
20240719,130000,660.4,662.9,659.2,661.6,263533,0
20240719,140000,661.6,662,659.2,660.2,110111,0
20240719,150000,660.4,661,658.2,660,162742,0
20240719,160000,659.9,662.8,659,661.3,131470,0
20240719,170000,661.4,663.6,660.1,661.8,100325,0
20240719,180000,661.8,662.2,658.2,661.4,153116,0
20240719,190000,661,661.7,660.3,661.7,41467,0
20240719,200000,661.6,661.8,660.1,660.9,28760,0
20240719,210000,660.9,661.1,660.4,661,13536,0
20240719,220000,661,661.7,660.7,661.5,21013,0
20240719,230000,661.4,662.7,661.1,662.7,45090,0
20240722,100000,665.8,666.5,662.7,665.7,264589,0
20240722,110000,665.7,666.2,664.5,664.9,129369,0
20240722,120000,665,665.7,661.3,663.4,214809,0
20240722,130000,663.3,665.5,662.3,664.6,88676,0
20240722,140000,664.7,669.4,664.6,669.3,393340,0
20240722,150000,669.2,670,666.2,666.3,133925,0
20240722,160000,666.2,666.3,662.6,663.7,180562,0
20240722,170000,663.6,665,662.7,664.4,120713,0
20240722,180000,664.4,665.6,662.8,662.8,114777,0
20240722,190000,663.4,664.7,662.7,664.6,69903,0
20240722,200000,664.7,664.9,663.6,664,20319,0
20240722,210000,663.9,664.1,663.3,664.1,16388,0
20240722,220000,664.1,664.5,663.2,663.7,27128,0
20240722,230000,663.7,664.1,663,663.2,24329,0
20240723,100000,663.2,665.2,660.2,663.9,139796,0
20240723,110000,663.9,664.4,661.2,662.8,83287,0
20240723,120000,662.8,662.8,657.1,659,126173,0
20240723,130000,659,660.3,658.8,660.3,30067,0
20240723,140000,660.3,661.7,659.6,661.6,70225,0
20240723,150000,661.5,662.3,659.6,661.8,44553,0
20240723,160000,661.8,662.4,660.1,661.2,39034,0
20240723,170000,661.1,665,660.9,663,97273,0
20240723,180000,663,663.9,659.6,663.9,71323,0
20240723,190000,662.1,665,662,663.8,57435,0
20240723,200000,663.8,664.9,663,663.2,14999,0
20240723,210000,663.1,664.6,662.9,664.4,27229,0
20240723,220000,664.4,664.4,663.7,663.7,2185,0
20240723,230000,663.7,664.5,663.4,663.6,15973,0
20240724,100000,664,664.8,660.9,662.8,108867,0
20240724,110000,662.8,664.8,661,663.6,92709,0
20240724,120000,663.6,665.8,662,662.9,127809,0
20240724,130000,662.9,664,661.8,663.7,88273,0
20240724,140000,663.7,667.1,662.6,667,163062,0
20240724,150000,667,667.3,663.9,664.2,174527,0
20240724,160000,664.2,666.5,664.2,665.7,61947,0
20240724,170000,665.7,669.1,665.4,667.7,169047,0
20240724,180000,667.6,668.5,664.3,667.6,109076,0
20240724,190000,665.7,668.8,665.6,668.7,141914,0
20240724,200000,668.8,669.7,667.8,667.9,80721,0
20240724,210000,667.9,667.9,667.1,667.4,21659,0
20240724,220000,667.5,667.8,666.6,667,20943,0
20240724,230000,666.8,667.6,666.6,667.5,9661,0
20240725,100000,667.1,668.3,662.1,666.7,153382,0
20240725,110000,666.6,667,657.5,659.7,265608,0
20240725,120000,659.8,661,658.5,659.2,108997,0
20240725,130000,659.1,660.9,659,660.3,88157,0
20240725,140000,660.2,660.3,658,658.1,163310,0
20240725,150000,658.2,659,656,657.1,182382,0
20240725,160000,657,658.6,656.5,658.4,113528,0
20240725,170000,658.5,660.1,657.3,660,132669,0
20240725,180000,660.1,662.3,658.3,662.3,148678,0
20240725,190000,661.3,662.2,661,661.5,48424,0
20240725,200000,661.5,662,660.1,660.2,20851,0
20240725,210000,660.3,661,656.6,657.5,58629,0
20240725,220000,657.5,659,657.3,658.4,28530,0
20240725,230000,658.5,658.6,657.5,657.6,12648,0
20240726,100000,657.7,661.5,657.6,659.8,138773,0
20240726,110000,659.8,661.3,659,660.5,128105,0
20240726,120000,660.5,662,659.8,661.9,125858,0
20240726,130000,661.9,661.9,652.3,655.1,555709,0
20240726,140000,655.1,658.7,650,651.1,404596,0
20240726,150000,651.1,653,648.2,653,363664,0
20240726,160000,653,658,652.9,657.8,199744,0
20240726,170000,657.8,657.9,651.5,652.6,204274,0
20240726,180000,652.2,654.1,650.1,651.9,157808,0
20240726,190000,652,652.5,649.6,651.4,145103,0
20240726,200000,651.2,651.2,649,649.2,58266,0
20240726,210000,649.2,649.3,645.2,645.6,114118,0
20240726,220000,645.5,646.2,643.3,645.5,76196,0
20240726,230000,645.5,650.3,645.4,650.3,80394,0
20240729,100000,646.7,653.9,645,653.5,387648,0
20240729,110000,653.4,653.5,647.1,647.5,287463,0
20240729,120000,647.6,649.2,645.6,647.9,264127,0
20240729,130000,647.8,648.7,644.3,647.5,174304,0
20240729,140000,647.5,648.4,646,647.7,76316,0
20240729,150000,647.7,647.8,644.4,646.9,83760,0
20240729,160000,647,649.9,645.6,649.4,66289,0
20240729,170000,649.4,649.4,644.5,644.7,137394,0
20240729,180000,644.8,645,638,638,292452,0
20240729,190000,638,640.4,638,640.2,51607,0
20240729,200000,640,647.1,639.6,646,114385,0
20240729,210000,646,647.1,645.2,645.2,60285,0
20240729,220000,645.1,647.7,645.1,647.6,60397,0
20240729,230000,647.7,647.7,646.4,646.7,20541,0
20240730,100000,646.5,652,642.7,649.5,354283,0
20240730,110000,649.6,649.9,646.8,647.5,93227,0
20240730,120000,647.3,650,646.9,649.2,97645,0
20240730,130000,649.2,649.7,647.7,649.2,82672,0
20240730,140000,649.3,649.6,647.2,649.6,79620,0
20240730,150000,649.6,650.5,646.5,646.5,214359,0
20240730,160000,646.6,646.7,639,641.9,465210,0
20240730,170000,641.8,643.2,638.6,640.6,503617,0
20240730,180000,640.7,642,632.1,635.2,979651,0
20240730,190000,638.8,641.1,635.2,640.6,378048,0
20240730,200000,640.6,640.8,640,640.4,75769,0
20240730,210000,640.4,640.6,640,640.5,56645,0
20240730,220000,640.5,641.5,640,641.4,29300,0
20240730,230000,641.4,642.9,641.3,641.6,33349,0
20240731,100000,642.9,645.2,634.5,636.4,444229,0
20240731,110000,636.4,637.5,635.5,637.5,295889,0
20240731,120000,637.5,637.5,633.2,633.5,212835,0
20240731,130000,633.6,634.7,632.3,632.4,131908,0
20240731,140000,632.3,636.7,630.2,636.2,198739,0
20240731,150000,636.2,639.8,633.8,636.2,271940,0
20240731,160000,636.2,639.2,635.5,639.2,120366,0
20240731,170000,639.1,639.9,634.7,636.4,146146,0
20240731,180000,636.5,638.7,636.1,636.7,72886,0
20240731,190000,637.1,639,635,635.2,74152,0
20240731,200000,635.2,635.6,634.2,634.9,27032,0
20240731,210000,634.9,637,634.7,637,16952,0
20240731,220000,637,637.7,635.6,637.7,23074,0
20240731,230000,637.6,639.8,637.4,638.8,67711,0
20240801,100000,638.5,641.5,634.8,640.5,170894,0
20240801,110000,640.5,640.7,637.5,637.7,62104,0
20240801,120000,637.7,637.7,635.8,637,116219,0
20240801,130000,637.1,637.8,636.7,637.2,42429,0
20240801,140000,637.2,637.4,635.3,636.9,61009,0
20240801,150000,636.9,637,635.5,636.1,72768,0
20240801,160000,636.1,637.7,635.7,637.4,48009,0
20240801,170000,637.4,637.6,635.3,635.4,47230,0
20240801,180000,635.4,635.4,631.9,631.9,165191,0
20240801,190000,632,634.3,632,634.3,39495,0
20240801,200000,634.4,634.5,632,632.5,61889,0
20240801,210000,632.5,632.7,630,630.9,64101,0
20240801,220000,630.9,631.5,630.7,631.4,13037,0
20240801,230000,631.3,631.3,630.3,630.9,14532,0
20240802,100000,629.9,634,623.6,631.9,243279,0
20240802,110000,632,632.7,629.6,629.6,61446,0
20240802,120000,629.7,630.1,625.6,628.3,145666,0
20240802,130000,628.2,628.3,625.6,626.1,57535,0
20240802,140000,626.1,626.6,621.3,625.8,183825,0
20240802,150000,625.8,626,620.6,621.9,82545,0
20240802,160000,622,626.1,621.2,623.7,161362,0
20240802,170000,623.8,628,623.7,625.2,97780,0
20240802,180000,625.3,625.8,622.3,625,117916,0
20240802,190000,625,625,620.6,621.2,67729,0
20240802,200000,621.3,626.3,621.2,624.5,104094,0
20240802,210000,624.5,624.6,622.9,623.5,29086,0
20240802,220000,623.5,624.6,623.4,624.4,13732,0
20240802,230000,624.4,624.6,622.5,622.9,23424,0
20240805,100000,609.9,618,606.9,612,528365,0
20240805,110000,611.9,614.3,609.4,613,275884,0
20240805,120000,612.9,614,607.7,610.2,345935,0
20240805,130000,610.2,611.9,606.8,611,238133,0
20240805,140000,610.7,611.6,606.8,611,136670,0
20240805,150000,611,612,606,609.1,217484,0
20240805,160000,609.1,611.2,606,608,196658,0
20240805,170000,608,609.6,607.3,608.9,83660,0
20240805,180000,609,611,607.5,611,124123,0
20240805,190000,611,611.2,609,610.6,51141,0
20240805,200000,610.5,611.9,610.2,611.9,59594,0
20240805,210000,611.9,611.9,608.1,608.1,27578,0
20240805,220000,608.3,609.2,608.1,608.3,14367,0
20240805,230000,608.1,609.2,608,608.8,17592,0
20240806,100000,611.6,617.7,610.9,616.8,264810,0
20240806,110000,616.8,618.3,615.3,615.5,158683,0
20240806,120000,615.4,615.7,611.3,612.2,117048,0
20240806,130000,612.2,616.2,611.3,615.9,63085,0
20240806,140000,615.9,616.5,611.8,612.7,117931,0
20240806,150000,612.9,613.1,609,609.6,102463,0
20240806,160000,609.6,611,608,610.7,100504,0
20240806,170000,610.6,616.2,610.6,611.7,140494,0
20240806,180000,611.6,614,605.3,605.3,630786,0
20240806,190000,606.4,608.7,605.3,607.5,363976,0
20240806,200000,607.5,609.1,607,608.9,57323,0
20240806,210000,608.9,610.3,608.7,609.1,29285,0
20240806,220000,609.2,609.2,607.6,608.4,23534,0
20240806,230000,608.4,608.5,607,607.1,16934,0
20240807,100000,608.3,610.8,605.1,606.3,150722,0
20240807,110000,606.3,606.5,600.8,604.9,228702,0
20240807,120000,605,607.7,602,607.5,231715,0
20240807,130000,607.7,611.1,604.1,605.7,408617,0
20240807,140000,605.8,608.8,605.1,608.5,168264,0
20240807,150000,608.5,615.8,608.5,614.5,201278,0
20240807,160000,614.4,616.4,609.1,611.1,155373,0
20240807,170000,610.8,614.8,610.7,614.3,120954,0
20240807,180000,614.3,617.8,613.7,617,138587,0
20240807,190000,617,618.9,616.1,616.3,69198,0
20240807,200000,616.3,616.8,613.3,614.6,61519,0
20240807,210000,614.6,617.2,613.6,616.5,83183,0
20240807,220000,616.6,622.8,616.2,621.5,136750,0
20240807,230000,621.4,627.4,620.1,623.6,67792,0
20240808,100000,622.3,624.8,618,622.2,225116,0
20240808,110000,622.3,624.5,621.5,621.5,100403,0
20240808,120000,621.5,622.6,618.2,619.1,82356,0
20240808,130000,619.4,619.4,615.1,615.8,112879,0
20240808,140000,615.4,617.7,614.1,617.1,68371,0
20240808,150000,617,617.1,615.1,615.7,38830,0
20240808,160000,615.7,615.7,612,612,157619,0
20240808,170000,612,615,612,613.7,117344,0
20240808,180000,613.5,613.8,610.5,613.8,293344,0
20240808,190000,613.6,613.6,610.5,610.8,37023,0
20240808,200000,610.9,612.8,609.5,612.5,44984,0
20240808,210000,612.8,614,612.3,614,33768,0
20240808,220000,613.9,614.5,613.8,613.8,18330,0
20240808,230000,613.8,614.2,613.6,613.8,13345,0
20240809,100000,613.5,621.2,610.8,620.8,259578,0
20240809,110000,620.9,621.8,612.6,616.4,210469,0
20240809,120000,616.2,617.2,613.6,615.1,56794,0
20240809,130000,615.1,616.3,612.7,613.4,61381,0
20240809,140000,613.4,613.9,612.3,613.1,58412,0
20240809,150000,613.1,615.7,611.7,613.8,71020,0
20240809,160000,613.9,614.4,609.2,610.7,152892,0
20240809,170000,610.7,611.3,608.8,611.1,115801,0
20240809,180000,611,612.1,609,612.1,135653,0
20240809,190000,611.7,612.6,609,610,122564,0
20240809,200000,610,610.1,608.8,609.1,54978,0
20240809,210000,609.1,609.1,607.2,608.1,115129,0
20240809,220000,608.1,609.3,607.8,607.9,32246,0
20240809,230000,607.8,610,607.7,610,51620,0
20240812,100000,610.1,610.7,603.7,608.2,313652,0
20240812,110000,608.1,608.8,602.3,602.5,188668,0
20240812,120000,602.5,603.9,601.7,603.5,139185,0
20240812,130000,603.7,604.9,602.8,604.9,192846,0
20240812,140000,604.9,606.8,604,604.1,344117,0
20240812,150000,604.1,610.4,603.6,609.2,401684,0
20240812,160000,609.3,610,605.3,605.8,145654,0
20240812,170000,605.9,608.1,605,608,111026,0
20240812,180000,608.1,608.6,606.1,606.1,191403,0
20240812,190000,606.5,607.4,604.3,605.1,174782,0
20240812,200000,605.1,606.4,603.4,606.2,266875,0
20240812,210000,606.2,606.5,602.6,604.3,370127,0
20240812,220000,604.3,605.3,602.7,603.7,346141,0
20240812,230000,603.7,606.3,603,604.5,219825,0
20240813,100000,605.8,610.2,605.5,609.6,324983,0
20240813,110000,609.5,613.5,607.7,612.6,266423,0
20240813,120000,612.6,614.7,612.5,613.7,164120,0
20240813,130000,613.7,613.7,610,613,115050,0
20240813,140000,612.8,613.1,610,611.5,189989,0
20240813,150000,611.4,613.9,610.2,610.9,183054,0
20240813,160000,610.9,611.2,609.5,610.7,168439,0
20240813,170000,610.7,611.7,607.9,610.2,136853,0
20240813,180000,610.1,610.3,604.6,606.9,628348,0
20240813,190000,606.8,606.8,604.1,604.9,129280,0
20240813,200000,604.9,606.3,604.3,606.2,126974,0
20240813,210000,606.2,607.4,604,604.7,140231,0
20240813,220000,604.8,605.6,604,604.6,103342,0
20240813,230000,604.6,610.5,604.5,609.1,209068,0
20240814,100000,609.3,612.3,606.2,609.9,608295,0
20240814,110000,609.9,610,607,610,241973,0
20240814,120000,610,611.3,608.1,610.7,90841,0
20240814,130000,610.7,611.9,608.3,609.3,181014,0
20240814,140000,609.5,619.1,607.3,618.6,914200,0
20240814,150000,618.6,624.5,618.4,623.3,1157634,0
20240814,160000,623.3,623.7,622.8,623.2,62229,0
20240814,170000,623.1,623.3,618.1,619.8,432468,0
20240814,180000,619.8,620.2,615,615.8,547742,0
20240814,190000,615.3,618.2,612.3,615,222398,0
20240814,200000,615,616.4,613.6,615.3,179240,0
20240814,210000,615.3,615.8,613.6,615.2,160257,0
20240814,220000,615.2,616.8,613.4,614.3,158472,0
20240814,230000,614.4,614.9,612.5,613.1,56912,0
20240815,100000,613.4,616.6,612.7,614.1,304838,0
20240815,110000,613.9,616,612.9,613.4,150456,0
20240815,120000,613.3,615.9,612.1,615.9,188095,0
20240815,130000,615.9,618.2,615.5,616,216921,0
20240815,140000,616,617.3,614.7,616.9,103743,0
20240815,150000,617,617.2,615.2,616,123022,0
20240815,160000,616,616.4,613,614.5,298653,0
20240815,170000,614.4,615,613.7,614.3,144439,0
20240815,180000,614.3,614.3,610,610,351567,0
20240815,190000,610.2,611.3,610,610.3,65079,0
20240815,200000,610.4,610.6,608.9,610.2,95160,0
20240815,210000,610.3,610.3,609.5,610,27833,0
20240815,220000,610,610,608,608.7,64411,0
20240815,230000,608.7,609.1,608,608.5,47012,0
20240816,100000,609.3,612,606.3,609.1,262803,0
20240816,110000,609.1,610,607.5,609,289517,0
20240816,120000,608.9,610,608.2,610,74128,0
20240816,130000,610,610,604,607.7,214759,0
20240816,140000,607.7,608.2,607,607.8,59274,0
20240816,150000,607.9,609,607,608.9,80020,0
20240816,160000,609,609.5,608,609.4,96788,0
20240816,170000,609.4,609.4,607.8,608.7,154355,0
20240816,180000,608.7,608.7,605.1,607.2,135479,0
20240816,190000,607.7,607.7,601.2,601.7,358696,0
20240816,200000,601.7,602.6,600,600.7,399475,0
20240816,210000,600.6,600.8,599.1,600.1,274757,0
20240816,220000,600.1,601.7,599,599.6,157654,0
20240816,230000,599.6,603.3,599.3,600.8,125251,0
20240819,100000,602.3,604.6,600.3,601.3,251242,0
20240819,110000,601.3,606.3,601.3,602.5,183594,0
20240819,120000,602.4,602.5,599.1,600.3,169673,0
20240819,130000,600.3,600.3,596.2,597.9,226176,0
20240819,140000,597.9,599.7,595,595.8,197098,0
20240819,150000,595.9,596.2,592.1,593.6,113253,0
20240819,160000,593.7,597.8,591.1,597.7,225644,0
20240819,170000,597.6,599,594.2,596.2,151025,0
20240819,180000,596,596.2,591.9,591.9,138302,0
20240819,190000,591.9,592.5,587,590.7,204814,0
20240819,200000,590.7,591.4,589.5,590.5,45487,0
20240819,210000,590.5,591.8,588.5,589.2,63627,0
20240819,220000,589.1,592,588.7,592,51165,0
20240819,230000,591.9,593,591.4,591.6,48341,0
20240820,100000,591.2,593.4,584.5,585.5,426268,0
20240820,110000,585.5,586.4,577,582.3,663867,0
20240820,120000,582.3,589,580.3,589,200165,0
20240820,130000,589,591.5,587.5,590.3,287479,0
20240820,140000,590.5,592.6,588,591.5,279744,0
20240820,150000,591.5,597.1,590.9,592.1,352070,0
20240820,160000,592.1,599.6,591.7,598.1,353624,0
20240820,170000,598.1,599.6,592.4,594.1,312174,0
20240820,180000,594,594.5,583.6,584.3,795777,0
20240820,190000,585.2,588.4,583.1,584.5,455502,0
20240820,200000,584.5,587.4,583.7,586.1,49976,0
20240820,210000,586.1,587.8,585.6,586,51380,0
20240820,220000,586,586.5,584.9,586.2,36405,0
20240820,230000,586.3,587.5,585.6,586.9,27161,0
20240821,100000,587.4,590.8,585.9,589.1,269794,0
20240821,110000,589,592.9,586.9,592,266647,0
20240821,120000,592,594.5,591.7,594.4,318608,0
20240821,130000,594.4,599.9,590.1,594.9,872624,0
20240821,140000,594.9,598,591.2,596.7,300658,0
20240821,150000,596.6,598.5,595.6,596.7,239703,0
20240821,160000,596.6,601.6,596,600.5,550314,0
20240821,170000,600.3,604.7,600.1,602.2,281313,0
20240821,180000,602.2,605,600,600.7,532107,0
20240821,190000,600.7,601.2,597.5,599.5,217070,0
20240821,200000,599.4,599.8,598.6,599.7,44079,0
20240821,210000,599.8,601.1,598.9,600.7,56930,0
20240821,220000,600.7,602.8,600.6,602.6,49259,0
20240821,230000,602.6,603.7,602.3,603.5,46047,0
20240822,100000,603.5,605,601.2,602.6,153994,0
20240822,110000,602.5,606.3,602.5,604.8,204616,0
20240822,120000,604.8,604.9,602.5,603.6,93124,0
20240822,130000,603.6,604.8,602,602.9,239317,0
20240822,140000,602.9,604,598.6,602.5,182680,0
20240822,150000,602.5,604.9,600.7,601.9,137326,0
20240822,160000,601.8,604.1,599.1,601.6,167316,0
20240822,170000,601.6,604.1,600,602.3,214070,0
20240822,180000,602.3,602.5,600,600,193834,0
20240822,190000,600.1,602.5,598.7,598.9,169730,0
20240822,200000,598.9,598.9,596.3,597.6,100054,0
20240822,210000,597.7,599.5,595.4,597.4,73119,0
20240822,220000,597.3,600.4,597,600.2,75490,0
20240822,230000,600.3,602.4,600,601.7,28998,0
20240823,100000,603.9,605.5,598.3,601.4,385607,0
20240823,110000,601.5,604,599.8,601.8,349359,0
20240823,120000,602.1,605.9,601.8,605.5,281526,0
20240823,130000,605.5,605.6,601.5,603,216149,0
20240823,140000,603,604,596.5,599.6,498804,0
20240823,150000,599.4,601.2,596,601.1,301665,0
20240823,160000,601.2,601.2,597.5,597.9,163439,0
20240823,170000,597.9,598,588.1,588.9,532039,0
20240823,180000,588.8,592,586.5,592,293976,0
20240823,190000,592.9,592.9,589.7,591.9,55643,0
20240823,200000,592,593.5,591.9,592,34057,0
20240823,210000,592.1,592.5,591.5,592.1,25537,0
20240823,220000,592.1,594.1,592,592.2,114597,0
20240823,230000,592.2,597.7,592.1,596.6,201835,0
20240826,100000,606,609,602,603.5,511145,0
20240826,110000,603.6,604.5,600.5,604.3,177012,0
20240826,120000,604.5,607.4,603.8,607.3,244555,0
20240826,130000,607.4,612.8,606.6,612.4,311861,0
20240826,140000,612.4,615.2,609,610.8,224954,0
20240826,150000,610.8,616.6,609.1,615.2,290604,0
20240826,160000,615.3,616.6,613.1,613.6,324717,0
20240826,170000,613.7,614.4,610.5,612.9,181267,0
20240826,180000,612.8,612.9,602.1,603,893590,0
20240826,190000,604.2,607,603.7,606.5,409239,0
20240826,200000,606.5,606.9,605,606.2,100846,0
20240826,210000,606.1,607.8,606,607,26303,0
20240826,220000,607.1,608.6,606.7,608,56485,0
20240826,230000,608,609.2,607.8,607.8,41825,0
20240827,100000,608.4,616,606.3,611.3,334043,0
20240827,110000,611.3,613.9,608.6,609.6,180563,0
20240827,120000,609.6,611,608.1,610.2,121426,0
20240827,130000,610.5,610.9,608.1,608.5,72241,0
20240827,140000,608.3,612.1,607.9,611.8,206737,0
20240827,150000,611.8,613.8,610.3,613.8,192119,0
20240827,160000,613.8,613.9,608.5,609.5,481578,0
20240827,170000,609.6,613.5,609.3,613.4,190805,0
20240827,180000,613.4,614.4,609.9,612.3,320407,0
20240827,190000,612.4,612.8,609.3,610.3,113330,0
20240827,200000,610.2,611.2,610.2,610.9,35315,0
20240827,210000,611,611.1,608.5,609,79353,0
20240827,220000,608.9,611.9,608.8,611.1,21571,0
20240827,230000,611.1,611.8,610.6,611.6,19968,0
20240828,100000,611.6,613.9,609.2,611.3,170297,0
20240828,110000,611.2,612.9,609.8,610.2,147480,0
20240828,120000,610.2,611.5,606,606.2,259989,0
20240828,130000,606,606.2,598.1,602.7,489824,0
20240828,140000,602.8,602.8,598.8,598.9,114924,0
20240828,150000,599,605,598.8,603.2,230128,0
20240828,160000,603.2,605.7,601,603.5,234470,0
20240828,170000,603.5,605.7,601.1,602.4,259150,0
20240828,180000,602.7,604.2,600.2,600.2,234352,0
20240828,190000,601,602.3,600.3,600.5,45457,0
20240828,200000,600.5,603.9,600.3,603.9,28215,0
20240828,210000,603.9,605,603.6,604.2,44529,0
20240828,220000,604.2,605.2,603.7,605,29578,0
20240828,230000,604.9,605,604.1,604.1,11849,0
20240829,100000,604.1,605.8,598.6,601,244669,0
20240829,110000,601.1,603.7,601,602.3,144404,0
20240829,120000,602.1,603.4,598.8,599.2,136251,0
20240829,130000,599.2,603.4,599.2,603.3,95549,0
20240829,140000,602.9,604,600.4,603.3,96352,0
20240829,150000,603.3,608.2,603.3,604,215068,0
20240829,160000,604.1,606.4,603.5,606,109026,0
20240829,170000,606,606,605,605.9,142716,0
20240829,180000,606,606,596.4,596.5,708912,0
20240829,190000,597.7,600.5,595.1,600.1,259772,0
20240829,200000,600.2,600.5,598.5,600.2,43528,0
20240829,210000,600.2,600.5,598.7,598.8,51542,0
20240829,220000,598.8,599.3,598.5,598.6,21030,0
20240829,230000,598.5,600.7,598.4,599,81997,0
20240830,100000,600.2,602.1,596.7,597.7,214348,0
20240830,110000,597.6,599.2,595.5,598.5,146383,0
20240830,120000,598.4,598.5,592.3,594.9,146013,0
20240830,130000,595,597,589.4,593.5,257364,0
20240830,140000,593.6,595.7,590.2,592.7,160982,0
20240830,150000,592.6,597.1,591,595,167849,0
20240830,160000,595.1,595.2,591.8,594.9,142136,0
20240830,170000,594.9,598.5,594.7,594.9,160755,0
20240830,180000,594.9,598,594.8,594.8,160033,0
20240830,190000,595,595.3,590.5,590.6,108000,0
20240830,200000,590.6,591,586.6,590.9,150652,0
20240830,210000,590.9,591.5,590.6,591.2,23799,0
20240830,220000,591.2,591.4,590.5,590.6,27871,0
20240830,230000,590.7,592,589.8,590,42668,0
20240902,100000,588.8,590,584.1,586.4,403872,0
20240902,110000,586.4,589.5,577,577.3,595923,0
20240902,120000,577.5,579.7,572.2,576.2,354010,0
20240902,130000,576.2,582.7,575.6,579.1,268144,0
20240902,140000,579.1,579.8,573,574.8,233088,0
20240902,150000,574.9,575.2,566.3,566.3,342726,0
20240902,160000,566.3,571.2,564.2,565,339900,0
20240902,170000,565,570.8,563.6,567.6,426413,0
20240902,180000,567.6,568.2,563.8,563.8,148012,0
20240902,190000,563.8,564.5,558,559.8,232028,0
20240902,200000,559.8,559.8,555.6,556.9,146216,0
20240902,210000,556.8,558,555,557.1,126150,0
20240902,220000,557.1,565.8,557,561.2,179183,0
20240902,230000,561.2,565.2,560.6,565,57000,0
20240903,100000,565.1,571.9,556.8,557.5,483671,0
20240903,110000,557.4,574.5,556,574.2,628188,0
20240903,120000,574.1,575.9,568.5,573,404160,0
20240903,130000,572.9,575.8,568.8,569,187261,0
20240903,140000,569.1,569.1,560.8,563.6,245098,0
20240903,150000,563.8,568,560,564.1,417341,0
20240903,160000,564.1,567.3,562.5,563.8,161506,0
20240903,170000,563.8,565.4,558,560.6,310782,0
20240903,180000,560.6,561,558.6,559.1,175096,0
20240903,190000,559.2,561,558.5,559.6,56303,0
20240903,200000,559.7,561,559.6,559.9,27180,0
20240903,210000,559.9,564.3,559.8,564.3,71460,0
20240903,220000,564.3,565.2,563.9,564.8,26634,0
20240903,230000,564.8,565.1,562.9,564.1,34352,0
20240904,100000,565,573,563.2,570.4,404898,0
20240904,110000,570.4,574.7,570,570.8,192110,0
20240904,120000,570.9,573,570,572.7,174844,0
20240904,130000,572.7,573,570.1,572.3,156396,0
20240904,140000,572.7,574.6,570,573.7,148558,0
20240904,150000,573.7,575,570.6,571.7,167924,0
20240904,160000,571.7,573,570,571.1,105573,0
20240904,170000,571.1,575,570.9,574.4,199572,0
20240904,180000,574.5,579.2,573.5,579.2,189098,0
20240904,190000,579.3,582.7,577.6,580.6,130752,0
20240904,200000,580.6,581.2,579.3,580.8,46993,0
20240904,210000,580.9,580.9,579,579.5,15271,0
20240904,220000,579.5,582.6,579.2,582.6,62495,0
20240904,230000,582.6,583.4,582.2,583.4,42353,0
20240905,100000,587.9,587.9,577.8,583.6,443971,0
20240905,110000,583.7,586,582,582.9,207129,0
20240905,120000,583,585.8,582.2,583.9,133823,0
20240905,130000,583.7,585,580.6,585,119353,0
20240905,140000,585,589.6,584.7,588.9,186036,0
20240905,150000,588.8,590.9,587.2,589.2,129835,0
20240905,160000,589.4,589.7,588,588.2,46799,0
20240905,170000,588.2,589,586.3,586.6,49365,0
20240905,180000,586.6,588.1,583.5,583.5,148220,0
20240905,190000,583.6,584.9,579.2,579.5,146786,0
20240905,200000,579.6,581.9,579.3,581.8,48360,0
20240905,210000,581.7,581.8,580.4,581.3,25503,0
20240905,220000,580.9,581.3,580.1,580.2,15919,0
20240905,230000,580.2,581.2,580.1,581.2,15112,0
20240906,100000,581.7,587,579.1,586.5,173677,0
20240906,110000,586.4,590,585.7,586.9,187887,0
20240906,120000,587.1,587.1,583,586.6,115124,0
20240906,130000,586.4,586.5,583,584,122383,0
20240906,140000,584.1,587.4,583,586.5,80834,0
20240906,150000,586.6,592,585,591.1,282029,0
20240906,160000,591.1,592,588.6,591.6,115647,0
20240906,170000,591.5,592.8,586.2,587.1,178104,0
20240906,180000,587.1,587.4,582,585.5,246630,0
20240906,190000,584.7,586.7,583.5,586.3,77481,0
20240906,200000,586.3,587.5,585.5,585.9,29665,0
20240906,210000,585.8,586.6,585.6,586,25321,0
20240906,220000,586.4,587.3,586.2,587.1,25846,0
20240906,230000,587.1,589.2,586.7,588.9,33224,0
20240909,100000,590.1,594.9,590,594.2,222903,0
20240909,110000,594.1,601.1,594.1,597.9,306549,0
20240909,120000,597.9,600,597.5,599.4,121778,0
20240909,130000,599.4,601.4,599,600.6,154174,0
20240909,140000,600.7,600.9,597.5,599,131724,0
20240909,150000,599.2,601.4,599.2,601.1,107598,0
20240909,160000,601,602,599.9,600.4,199295,0
20240909,170000,600.4,602,599.9,601.9,135034,0
20240909,180000,601.9,603,601.3,603,151480,0
20240909,190000,603,605,602.6,605,92784,0
20240909,200000,605,606,604.1,605.1,45911,0
20240909,210000,605.2,605.6,604.5,605.5,16528,0
20240909,220000,605.6,609,605.3,608.8,60478,0
20240909,230000,608.8,610.6,608.6,610.5,41996,0
20240910,100000,610.8,611.5,602.6,603.7,272614,0
20240910,110000,603.7,604.6,598.6,599.3,223621,0
20240910,120000,599.3,602.5,599,601,74540,0
20240910,130000,601,603.6,599.4,600.7,83943,0
20240910,140000,600.8,602.6,599,599,93571,0
20240910,150000,599,600,593.3,595.1,336697,0
20240910,160000,595,597,595,596.7,145273,0
20240910,170000,596.7,597,592.3,593.6,191362,0
20240910,180000,593.5,595,591.5,593.6,136757,0
20240910,190000,593.6,593.7,591.1,593,66350,0
20240910,200000,593,593.8,592.2,593.1,56342,0
20240910,210000,593.1,593.8,592.8,593.8,18328,0
20240910,220000,593.7,596,593.6,595.5,38670,0
20240910,230000,595.5,595.9,595.3,595.8,7585,0
20240911,100000,596.1,598.8,593.7,594.5,106819,0
20240911,110000,594.5,595.5,587.7,590.1,257598,0
20240911,120000,590.2,592.6,589.6,591.8,115920,0
20240911,130000,591.7,593.5,590,591.1,72915,0
20240911,140000,591.6,596.3,590.7,596.2,60074,0
20240911,150000,596.2,597.5,592.5,595.1,197163,0
20240911,160000,595.1,597.5,593.8,595.8,89495,0
20240911,170000,595.8,596,590.3,590.3,151446,0
20240911,180000,590.3,593.6,590.3,591.8,140817,0
20240911,190000,591.8,591.8,589.6,590.5,122552,0
20240911,200000,590.4,592.3,590.1,590.7,31589,0
20240911,210000,590.6,591.3,584.5,587.6,160517,0
20240911,220000,587.6,589.2,586.9,588.3,120901,0
20240911,230000,588.3,591.7,588.1,590.7,50646,0
20240912,100000,590.6,594,588.8,590.2,214460,0
20240912,110000,590.2,590.5,585,586.7,193758,0
20240912,120000,586.5,588,583.3,586.3,128192,0
20240912,130000,586.2,586.7,582.2,586.7,101120,0
20240912,140000,586.7,590.8,585.9,590.3,141541,0
20240912,150000,590.4,591.5,587.6,588.1,317740,0
20240912,160000,588,591.2,587.8,590.1,110004,0
20240912,170000,590.2,594.1,589.6,592.6,183852,0
20240912,180000,592.8,593.4,589.1,591.5,79158,0
20240912,190000,592.3,592.7,589.9,590.4,74291,0
20240912,200000,590.4,591.4,590,591.2,22359,0
20240912,210000,591.1,593.7,591.1,592.2,45795,0
20240912,220000,592.3,593.7,592.1,592.6,25271,0
20240912,230000,592.9,593.4,592.2,593.4,18884,0
20240913,100000,594,595.4,591.7,594.3,132237,0
20240913,110000,594.4,594.8,594,594.3,89782,0
20240913,120000,594.3,594.6,594,594,69621,0
20240913,130000,594,596,590,593.4,640468,0
20240913,140000,593.3,593.4,582.9,586.9,491494,0
20240913,150000,587,592.5,584.1,592.5,260168,0
20240913,160000,592.5,596.3,591,595.2,214804,0
20240913,170000,595.1,600,594,600,259218,0
20240913,180000,600,610.6,599.9,609.1,459148,0
20240913,190000,608.6,610.2,605.3,608.6,177770,0
20240913,200000,608.6,609.1,605,607.1,92870,0
20240913,210000,607.3,608.6,606,606.1,66860,0
20240913,220000,606.1,609.5,605.8,609.1,40940,0
20240913,230000,609.2,610,607,607.3,49408,0
20240916,100000,610.3,614.8,607.5,610.3,343074,0
20240916,110000,610.3,613.8,610.3,611.7,240294,0
20240916,120000,611.8,617,611.2,616.2,357764,0
20240916,130000,616.3,618,615,617.2,191235,0
20240916,140000,617,619.2,616.2,617,202728,0
20240916,150000,617.1,619.5,615.6,618.8,104332,0
20240916,160000,618.8,620,617,618.1,182006,0
20240916,170000,618.4,619.7,617.7,619.7,121210,0
20240916,180000,619.7,621.9,619.3,621.9,155738,0
20240916,190000,621.9,622.3,621.4,621.8,31779,0
20240916,200000,621.8,622,619.3,621.8,124460,0
20240916,210000,621.7,623,621.7,622.9,59295,0
20240916,220000,622.9,622.9,621,622.1,60278,0
20240916,230000,622.1,622.5,621.1,621.2,33809,0
20240917,100000,622.3,624.8,616.4,617.4,369175,0
20240917,110000,617.3,621.4,614.7,620.6,240853,0
20240917,120000,620.5,621.8,619.5,620,178173,0
20240917,130000,620,620.2,616.1,619,133711,0
20240917,140000,619,619.7,616.9,618.3,70059,0
20240917,150000,618.2,622,616.7,621.5,116182,0
20240917,160000,621.4,634.4,620.2,633.6,611713,0
20240917,170000,633.6,633.8,629.2,631.7,467047,0
20240917,180000,631.7,635,631,632.6,203835,0
20240917,190000,633.1,635.1,633.1,634.5,72474,0
20240917,200000,634.5,635.4,634.1,635.2,56555,0
20240917,210000,635.1,636.2,633.6,634,72455,0
20240917,220000,634,634.3,633.1,634.1,43687,0
20240917,230000,634.1,635.9,634,635.4,38363,0
20240918,100000,636.5,637.6,628.4,632,510568,0
20240918,110000,632.2,632.8,629,631,198681,0
20240918,120000,631.3,633,630,632.9,164161,0
20240918,130000,632.9,633,627.6,629.9,220605,0
20240918,140000,629.7,631.1,623.7,625.4,264390,0
20240918,150000,625.1,629.7,624.5,626.3,176322,0
20240918,160000,626.1,629.8,625.3,628.2,150789,0
20240918,170000,628.3,631,627,628.8,178495,0
20240918,180000,628.9,629,625,625,165657,0
20240918,190000,626.9,626.9,624,626.8,84464,0
20240918,200000,626.8,627.3,626.7,627.3,16502,0
20240918,210000,627.2,629.1,627.2,627.9,30579,0
20240918,220000,628,629.2,628,629,25287,0
20240918,230000,629,629.1,626,626.8,43912,0
20240919,100000,628.1,630.4,626,626.5,297844,0
20240919,110000,626.6,628.9,625.5,627.2,179755,0
20240919,120000,627.2,630.6,626.9,629.8,186720,0
20240919,130000,629.8,630,625.9,626,217455,0
20240919,140000,625.8,628,623.1,627.9,290870,0
20240919,150000,627.8,627.9,620.4,622.2,1387264,0
20240919,160000,622.2,624.2,620.7,621.4,169681,0
20240919,170000,621.4,623.9,621,623,173621,0
20240919,180000,623.1,623.7,621.1,621.1,103233,0
20240919,190000,622.2,623.8,621.6,623.5,36395,0
20240919,200000,623.5,624,623,623.7,33341,0
20240919,210000,623.7,623.9,623.5,623.9,20448,0
20240919,220000,623.9,624,623,623.5,17703,0
20240919,230000,623.5,624.4,623.2,624.2,30338,0
20240920,100000,624.6,628.1,624.5,626.5,260276,0
20240920,110000,626.6,630.6,624.7,630.5,306339,0
20240920,120000,630.5,633.6,630.3,632.2,502117,0
20240920,130000,632.2,632.8,629.1,631.8,235944,0
20240920,140000,631.5,632.4,630.1,632.3,180563,0
20240920,150000,632.4,632.7,629.2,630.7,253592,0
20240920,160000,630.6,632.2,629.5,631.2,137474,0
20240920,170000,631.2,632,630.1,630.9,85180,0
20240920,180000,630.9,631.9,629.1,630,94897,0
20240920,190000,631,631.9,630.3,630.9,26155,0
20240920,200000,630.8,630.9,629.3,629.9,44528,0
20240920,210000,629.9,630.4,629.1,630.3,48487,0
20240920,220000,630.2,631.1,630.1,631,21274,0
20240920,230000,631.1,631.9,630.6,631.7,26965,0
20240923,100000,633.3,636.7,633,636.7,495680,0
20240923,110000,636.7,639.5,636,638.2,191393,0
20240923,120000,638.2,638.3,636.3,636.8,75926,0
20240923,130000,636.7,638.7,636.3,638.7,61472,0
20240923,140000,638.7,646.8,638,646.5,419451,0
20240923,150000,646.6,647.7,645.6,647,265556,0
20240923,160000,647.1,647.7,639.9,642.4,521769,0
20240923,170000,642.3,643.1,638,642.9,434537,0
20240923,180000,642.9,642.9,639,640.5,116843,0
20240923,190000,639.3,641,639,640.2,56317,0
20240923,200000,640.3,640.9,639.4,640.8,34891,0
20240923,210000,640.7,642.5,640.6,642.3,25117,0
20240923,220000,642.3,643.3,642.1,643.1,25825,0
20240923,230000,643.1,643.2,640,641.1,48623,0
20240924,100000,644,644,633.3,636.4,483164,0
20240924,110000,636.3,640,634.3,638.8,245441,0
20240924,120000,638.9,641.5,637.1,638.5,279436,0
20240924,130000,638.5,640.4,637.3,637.4,123704,0
20240924,140000,637.4,641,636.4,641,172661,0
20240924,150000,641,645.6,639,645.2,382965,0
20240924,160000,645.2,645.5,642.6,644.5,288195,0
20240924,170000,644.7,645.5,642,644.9,253086,0
20240924,180000,644.8,647,643.5,646.1,228391,0
20240924,190000,646.1,646.6,645,645,91482,0
20240924,200000,645.1,647,644.2,644.5,92322,0
20240924,210000,644.5,644.9,643.8,644,21750,0
20240924,220000,644,645.1,643.5,644.8,37535,0
20240924,230000,644.9,645.6,642,642,34081,0
20240925,100000,643.7,644.9,637.4,639,326921,0
20240925,110000,638.9,644.4,638.4,644,378404,0
20240925,120000,644,646,643,645.6,207383,0
20240925,130000,645.5,647.3,645.5,646.3,208942,0
20240925,140000,646.5,647.3,642.8,644,178552,0
20240925,150000,644,647.5,640.8,646.6,289074,0
20240925,160000,646.6,647.3,640,640.6,216895,0
20240925,170000,640.7,641.4,635.5,640,295519,0
20240925,180000,640,642.3,638.5,638.7,108286,0
20240925,190000,638.7,641.5,638.7,639.7,41271,0
20240925,200000,639.7,641,638.9,640.8,99710,0
20240925,210000,640.8,642.1,639.9,641.4,53361,0
20240925,220000,641.4,641.6,640.2,640.5,21808,0
20240925,230000,640.3,640.9,639.6,640,13304,0
20240926,100000,639.2,640.5,635.7,638,321932,0
20240926,110000,637.9,641,637,639.8,148768,0
20240926,120000,639.8,644.6,639.7,642.7,169570,0
20240926,130000,642.7,645.9,636,638.6,325587,0
20240926,140000,638.6,641.5,637.1,640.3,166608,0
20240926,150000,640.3,640.3,636.4,637.6,162368,0
20240926,160000,637.6,638,633.6,635.8,179296,0
20240926,170000,635.9,641.4,635.8,641.2,184443,0
20240926,180000,641.2,643,639.7,642,103431,0
20240926,190000,642.2,642.8,640.4,640.7,43288,0
20240926,200000,640.7,641,640.1,640.7,33162,0
20240926,210000,640.8,641,639.1,639.5,26996,0
20240926,220000,639.5,640.3,639.1,639.3,22911,0
20240926,230000,639.3,640.8,635,639.5,58460,0
20240927,100000,640.2,643.9,640.1,642.5,170301,0
20240927,110000,642.6,643.5,640.5,643.1,82438,0
20240927,120000,642.9,643.5,642.5,643.1,51779,0
20240927,130000,643.2,643.5,640.5,642.9,80389,0
20240927,140000,642.9,643.1,640.5,641.3,57794,0
20240927,150000,641,643.2,640.9,641.8,46405,0
20240927,160000,641.5,643.1,641,643,78436,0
20240927,170000,643,644.1,642.4,643.5,105636,0
20240927,180000,643.5,644.7,643,644.6,79083,0
20240927,190000,644.6,644.6,640.7,642.8,79134,0
20240927,200000,642.8,644,642.4,643,41110,0
20240927,210000,643,643.9,642.7,643.2,12315,0
20240927,220000,643.2,643.9,642.6,643.3,36278,0
20240927,230000,643.3,644.1,643.2,644,33959,0
20240930,100000,646.9,649.9,644,649.5,368157,0
20240930,110000,649.6,650,647.3,648.1,212664,0
20240930,120000,648.2,648.4,647.2,647.5,218741,0
20240930,130000,647.3,647.8,644,645.5,144766,0
20240930,140000,645.6,645.7,639.2,641.8,296432,0
20240930,150000,641.8,645.9,641.4,642.5,177868,0
20240930,160000,642.4,643.9,642.2,642.4,67076,0
20240930,170000,642.4,643.2,640.6,640.7,83819,0
20240930,180000,640.6,643.4,640.1,643.4,59365,0
20240930,190000,643.6,643.6,642.4,642.5,31603,0
20240930,200000,642.5,642.8,641.6,641.8,29458,0
20240930,210000,641.9,642,641.4,641.7,28057,0
20240930,220000,641.7,641.8,640,640.5,49320,0
20240930,230000,640.4,641.4,640.2,641.4,34658,0
20241001,100000,642.5,642.7,636.2,637.7,214591,0
20241001,110000,637.7,640,636.5,637.4,114942,0
20241001,120000,637.3,639.8,635.5,639.6,106724,0
20241001,130000,639.4,641.7,639,640.3,61920,0
20241001,140000,640.2,640.8,638.2,640.4,45370,0
20241001,150000,640.1,641.2,638.8,639.2,59068,0
20241001,160000,639.1,643.8,637.8,642.1,202421,0
20241001,170000,642.1,646.3,641,646.3,352745,0
20241001,180000,646.3,647,644.2,646.6,301140,0
20241001,190000,646.2,647,644,646.9,110618,0
20241001,200000,646.9,649.1,645,645.4,180827,0
20241001,210000,645.4,646.2,644,645.6,38747,0
20241001,220000,645.5,647.8,645.5,646.8,28881,0
20241001,230000,646.9,647,646.2,646.6,24646,0
20241002,100000,649,653.1,647.1,653.1,470988,0
20241002,110000,653,654.8,651.8,654.2,293767,0
20241002,120000,654.1,655.5,652.5,655.4,310765,0
20241002,130000,655.3,659.6,655.2,659.1,446099,0
20241002,140000,659.2,665.1,658.4,660.5,460140,0
20241002,150000,660.5,665.1,657.3,657.6,555905,0
20241002,160000,657.7,659.2,654,656.1,751756,0
20241002,170000,656.1,656.7,650.7,652,586258,0
20241002,180000,652.1,652.1,643.8,644,732269,0
20241002,190000,643.6,650.5,639.6,646.5,400536,0
20241002,200000,646.5,650.5,646.1,648.7,81587,0
20241002,210000,648.7,649.9,646.4,649.8,60396,0
20241002,220000,649.7,649.9,647.6,648.8,38030,0
20241002,230000,648.7,649.7,648.4,649.7,33229,0
20241003,100000,649.5,651.8,642.5,645.3,656937,0
20241003,110000,645.5,648.5,640.5,641.2,395814,0
20241003,120000,641.2,642.8,640.5,640.6,298417,0
20241003,130000,640.5,642,636.5,637.9,195263,0
20241003,140000,637.9,639.1,636,636.7,329275,0
20241003,150000,636.7,643,636.6,641,165622,0
20241003,160000,641.1,649,640,644.7,309260,0
20241003,170000,644.8,652,643,648.9,605961,0
20241003,180000,649,650.5,648.4,649.5,175408,0
20241003,190000,649.5,652,648,649.4,186476,0
20241003,200000,649.5,649.8,642.3,647.2,97654,0
20241003,210000,647.2,651.5,647.1,650.7,55428,0
20241003,220000,650.6,650.6,647.2,648.6,77694,0
20241003,230000,648.6,649,647.8,649,27282,0
20241004,100000,649.7,652.5,648.1,651,295506,0
20241004,110000,650.8,655.2,650.7,655.1,186827,0
20241004,120000,655,661.6,654.3,657.2,445052,0
20241004,130000,657.3,660.2,655.6,659,192121,0
20241004,140000,659.2,661.7,658.3,658.8,232288,0
20241004,150000,658.9,659.1,653.6,656.5,259459,0
20241004,160000,656.6,659.6,653.4,656,173266,0
20241004,170000,656,659.7,655.7,659.5,146886,0
20241004,180000,659.5,661.5,655.8,659,305987,0
20241004,190000,658.7,659.1,657.1,657.7,59797,0
20241004,200000,657.7,657.7,655.8,656.3,155265,0
20241004,210000,656.4,657.2,655.5,656.3,46670,0
20241004,220000,656.1,658.1,656,657.5,52461,0
20241004,230000,657.8,659.1,656.8,659.1,55197,0
20241007,100000,660.6,661.9,657.6,658.3,538759,0
20241007,110000,658.2,660.3,658,659.9,197457,0
20241007,120000,659.8,660.6,655.7,656.9,354521,0
20241007,130000,656.8,656.8,651.8,652.7,340884,0
20241007,140000,652.8,657.2,652.4,655.7,119996,0
20241007,150000,655.8,657.2,655,655,133889,0
20241007,160000,655,658.2,654.1,657.4,204174,0
20241007,170000,657.5,660.6,656,656.9,329274,0
20241007,180000,656.6,659.8,655.6,658.5,153739,0
20241007,190000,658.5,659.9,658.2,659.8,107536,0
20241007,200000,659.8,660,658,659.4,122953,0
20241007,210000,659.5,662,659,660.8,215976,0
20241007,220000,660.8,662.5,660,662.4,195242,0
20241007,230000,662.5,663,660.5,661.9,265488,0
20241008,100000,627.5,631,625.1,625.2,2368696,0
20241008,110000,625.1,625.6,619.2,622.5,1188249,0
20241008,120000,622.2,626.6,621.6,626.6,630427,0
20241008,130000,626.6,628.7,626,628.4,451540,0
20241008,140000,628.4,628.8,625.2,625.5,257905,0
20241008,150000,625.5,628,625.3,625.6,320752,0
20241008,160000,625.5,626.5,624.1,624.3,196663,0
20241008,170000,624.6,625.8,622.1,625.7,243753,0
20241008,180000,625.7,625.8,621.3,623.9,296952,0
20241008,190000,623.7,624.1,622.2,623.5,61676,0
20241008,200000,623.5,624.4,623.1,624.1,48576,0
20241008,210000,624,624.2,623,623.1,46630,0
20241008,220000,623.1,623.4,622.8,623.3,38409,0
20241008,230000,623.2,623.5,622.4,622.6,19477,0
20241009,100000,622.7,624.6,621.7,623.1,283084,0
20241009,110000,623.1,623.5,621.8,622.9,143904,0
20241009,120000,622.8,623,619.1,619.7,498007,0
20241009,130000,619.6,619.8,615.8,618.7,334763,0
20241009,140000,618.6,618.8,616.2,616.8,136388,0
20241009,150000,616.6,618.1,615,616.1,236362,0
20241009,160000,616.1,616.8,610.5,610.8,270002,0
20241009,170000,610.8,612,608.3,611.7,353735,0
20241009,180000,611.7,613,609.8,610.1,140469,0
20241009,190000,610.7,613,610.7,612.3,55744,0
20241009,200000,612.2,612.4,611.1,611.7,28220,0
20241009,210000,611.5,612.2,611.3,611.8,17398,0
20241009,220000,611.8,613,611,613,37357,0
20241009,230000,612.9,613.6,612.9,613.2,30671,0
20241010,100000,613.3,615.9,610.4,615.6,225686,0
20241010,110000,615.6,620,615.5,619.7,310172,0
20241010,120000,619.7,619.8,617.4,618.2,118640,0
20241010,130000,618.2,618.6,616.2,617.9,100544,0
20241010,140000,617.9,618.8,614,614.2,132279,0
20241010,150000,614.2,617.3,613.4,616.8,164805,0
20241010,160000,616.8,618.3,615.3,617.8,102145,0
20241010,170000,617.8,621.4,616.6,620,254599,0
20241010,180000,620,620.3,616.5,616.5,164699,0
20241010,190000,616.9,617.4,616.6,617.3,37866,0
20241010,200000,617.3,618.9,617.1,618.6,32747,0
20241010,210000,618.6,619.3,618.6,619.1,20529,0
20241010,220000,619,619.1,617.7,618.2,22248,0
20241010,230000,618.2,619.1,618,618.8,13441,0
20241011,100000,618.5,619.9,617,617.9,164186,0
20241011,110000,617.9,619.4,616.9,618.7,106527,0
20241011,120000,618.8,619.1,614,614.5,206589,0
20241011,130000,614.5,614.5,611.4,611.7,147703,0
20241011,140000,612.1,614.3,611.4,612,161020,0
20241011,150000,612,613.6,611.1,611.7,134734,0
20241011,160000,611.7,615,611,613.7,208526,0
20241011,170000,613.5,616,613,614.3,209527,0
20241011,180000,614.2,618.8,613.5,617.8,142859,0
20241011,190000,617.3,617.7,615.5,617.7,48480,0
20241011,200000,617.7,617.7,616,616.1,12604,0
20241011,210000,616.1,616.4,615.5,615.5,10540,0
20241011,220000,615.6,615.6,614.8,614.9,13426,0
20241011,230000,614.9,614.9,613.4,614.3,25914,0
20241014,100000,611,615,605,605.5,522831,0
20241014,110000,605.5,606.4,602.3,604.3,267252,0
20241014,120000,604.3,607.5,603.2,606.4,359431,0
20241014,130000,606.5,612,606.4,610.3,309425,0
20241014,140000,610.3,611.5,608.7,611,285823,0
20241014,150000,611,611.1,608,610,274702,0
20241014,160000,610,615,609.6,611.2,868884,0
20241014,170000,611.8,613.5,608.8,609.6,375866,0
20241014,180000,609.7,612.6,608.8,610,287157,0
20241014,190000,609,611.6,608.4,611.3,121384,0
20241014,200000,611.1,612.2,611,611.9,58228,0
20241014,210000,611.9,612,611,612,29224,0
20241014,220000,612,612,610.8,611.4,25687,0
20241014,230000,611.5,611.5,609.8,610.6,23343,0
20241015,100000,609.9,610,605,606.5,456470,0
20241015,110000,606.5,613.4,603.5,612.4,539956,0
20241015,120000,612.4,612.6,607.6,610.4,477205,0
20241015,130000,610.4,611,608.4,610.2,138843,0
20241015,140000,610.2,612.4,609.8,611.5,203599,0
20241015,150000,611.5,611.5,610,610.1,133421,0
20241015,160000,610.1,610.3,607.8,609.3,251703,0
20241015,170000,609.2,610.8,608.9,610.3,229984,0
20241015,180000,610.2,610.5,609.1,610,235098,0
20241015,190000,610.2,610.2,608.9,609.2,78109,0
20241015,200000,609.3,609.6,609,609.4,9987,0
20241015,210000,609.4,609.8,607,607.8,205618,0
20241015,220000,607.8,609.3,607.7,609,21594,0
20241015,230000,609.1,609.3,608.6,608.6,20238,0
20241016,100000,609.1,611.9,607.6,607.9,327441,0
20241016,110000,608,610.1,605.1,609.7,594453,0
20241016,120000,609.7,610.4,605.2,605.9,286470,0
20241016,130000,605.8,607.2,605,605.9,149217,0
20241016,140000,605.9,606.3,601.4,604.1,301173,0
20241016,150000,604.1,606.6,603.6,604.7,87228,0
20241016,160000,604.6,605.3,601.8,602.4,193522,0
20241016,170000,602.5,603.5,601.1,601.3,192309,0
20241016,180000,601.2,602.6,594.2,597.2,865497,0
20241016,190000,598,602.3,597.3,600.3,364417,0
20241016,200000,600.3,601,600.2,600.5,35087,0
20241016,210000,600.6,602.4,600.2,602,45308,0
20241016,220000,601.9,602.9,601.9,602.9,17587,0
20241016,230000,602.9,603.4,602.5,603.1,20243,0
20241017,100000,603,603.8,598.1,599.8,250298,0
20241017,110000,599.8,600.8,595.7,596,346914,0
20241017,120000,595.9,596,591.8,594.5,444233,0
20241017,130000,594.5,596.6,592,594.6,327705,0
20241017,140000,594.6,596.9,593.5,596,125190,0
20241017,150000,595.9,598,595.7,596.8,115707,0
20241017,160000,596.8,597.3,595.4,596.2,120906,0
20241017,170000,596.2,597.7,595.8,597,137420,0
20241017,180000,596.9,597.5,593.6,593.6,147638,0
20241017,190000,593.6,594.9,593,593.8,58997,0
20241017,200000,593.9,594.1,593,594,39026,0
20241017,210000,594.1,595,593.6,594.6,44709,0
20241017,220000,594.6,594.8,593.7,593.8,13816,0
20241017,230000,593.7,594.6,593,593,39389,0
20241018,100000,593,596,589.3,594.6,407368,0
20241018,110000,594.5,595.5,593.1,593.6,245246,0
20241018,120000,593.6,595,590,592,265669,0
20241018,130000,592,593.5,589.5,591,234303,0
20241018,140000,591,594,590.2,592.9,122739,0
20241018,150000,592.9,595,592.3,594.4,134396,0
20241018,160000,594.4,596.6,594.2,595.1,206803,0
20241018,170000,595.5,596,593.5,594.4,171671,0
20241018,180000,594.5,595,593.3,593.4,99368,0
20241018,190000,593.6,595.3,593.1,595.3,67808,0
20241018,200000,595.3,595.5,594.1,594.3,12849,0
20241018,210000,594.3,594.3,593.4,594.2,39633,0
20241018,220000,594.3,596.7,594.1,595.4,157691,0
20241018,230000,595.4,596,595.1,595.8,22497,0
20241021,100000,595.9,597.6,595,596.1,166781,0
20241021,110000,596.1,596.6,594.1,595.8,153754,0
20241021,120000,595.8,596.6,595.2,596.1,142083,0
20241021,130000,596.1,596.7,594.5,594.9,130553,0
20241021,140000,594.9,595.3,592.6,593.5,152753,0
20241021,150000,593.5,594.7,593.2,593.8,87028,0
20241021,160000,593.8,595,593.7,594.4,96140,0
20241021,170000,594.3,594.6,592.3,593.4,116833,0
20241021,180000,593.4,593.6,591.3,593.6,85003,0
20241021,190000,593.6,593.9,593.2,593.3,38904,0
20241021,200000,593.4,593.7,593,593.2,24125,0
20241021,210000,593.2,594.2,593.1,593.8,38813,0
20241021,220000,593.9,595.1,593.8,595,97916,0
20241021,230000,595.1,595.2,594.8,595.2,15239,0
20241022,100000,594.5,594.7,592.2,594.5,195985,0
20241022,110000,594.5,595.5,593.1,595,143154,0
20241022,120000,595.2,600.5,595,599.7,345532,0
20241022,130000,599.7,600,598.2,598.4,140542,0
20241022,140000,598.8,600,597.8,599.7,101210,0
20241022,150000,599.8,600.5,598,598.1,132458,0
20241022,160000,598,598,595,595.8,113311,0
20241022,170000,595.9,597.8,595.1,595.1,136240,0
20241022,180000,595.1,595.7,594,595.4,105296,0
20241022,190000,595,595.8,593.5,593.5,68178,0
20241022,200000,593.7,595.4,592.6,593,82685,0
20241022,210000,593.2,593.2,591.7,592.4,88767,0
20241022,220000,592.4,593.1,592.3,592.8,20772,0
20241022,230000,592.9,593.1,592.3,592.9,18203,0
20241023,100000,592.3,593.2,591.4,592.1,151069,0
20241023,110000,592.1,592.8,591.1,592,136235,0
20241023,120000,592,593.1,590.2,591.1,177399,0
20241023,130000,591.1,594,590.2,593.5,146959,0
20241023,140000,593.5,594,590.3,590.6,134500,0
20241023,150000,590.6,591.7,588.9,591.7,212214,0
20241023,160000,591.5,592.8,590.6,591.7,82806,0
20241023,170000,591.8,592.9,591.2,592.4,116602,0
20241023,180000,592.4,592.6,590,590,104587,0
20241023,190000,590,590.4,588.1,588.8,65768,0
20241023,200000,588.8,589.6,585.1,585.5,83090,0
20241023,210000,585.5,586.5,585,586.5,37916,0
20241023,220000,586.5,587.6,585.9,586.5,28213,0
20241023,230000,586.5,587.9,586.2,587,24037,0
20241024,100000,586.6,588.7,584.3,586.2,212095,0
20241024,110000,586.2,587.9,585.8,587.3,100308,0
20241024,120000,587.4,587.6,583.1,583.3,189341,0
20241024,130000,583.2,583.5,575.2,580.4,530003,0
20241024,140000,580.3,583.3,579,582.3,130644,0
20241024,150000,582.3,583.8,579.7,583,158240,0
20241024,160000,583.1,586.4,582.7,586.4,155014,0
20241024,170000,586.4,588.5,586,587,211261,0
20241024,180000,587.2,587.7,583.1,583.1,111254,0
20241024,190000,583.4,584.5,583.1,583.9,20964,0
20241024,200000,583.9,585.3,583.7,585.2,42945,0
20241024,210000,585.1,586.2,584.7,585.2,53238,0
20241024,220000,585.2,586.1,585,586.1,50108,0
20241024,230000,586.1,586.9,586,586.6,24951,0
20241025,100000,586,586.4,583.7,585.5,158843,0
20241025,110000,585.5,586.3,583.7,584.1,95079,0
20241025,120000,584,585.9,579.5,580,238487,0
20241025,130000,580,589.5,576.3,582.7,693489,0
20241025,140000,582.7,585.4,579.6,582.2,451989,0
20241025,150000,582.4,588,580.4,580.8,719314,0
20241025,160000,580.8,583,578,579.9,387504,0
20241025,170000,580,582,577.2,579,366187,0
20241025,180000,579,580,575.2,575.2,250328,0
20241025,190000,575.7,578.1,574.6,575.5,139361,0
20241025,200000,575.4,576,574.5,576,139020,0
20241025,210000,576,576,574.9,575.9,35293,0
20241025,220000,575.9,576,574.7,575,37023,0
20241025,230000,575.1,575.1,572.2,572.4,57099,0
20241028,100000,569.4,572,561.5,568.4,626965,0
20241028,110000,568.4,570.8,564.6,570.3,295759,0
20241028,120000,570.2,573.5,565.5,565.7,319218,0
20241028,130000,565.6,566.6,562,562.1,248680,0
20241028,140000,562.1,563,560.3,560.3,191359,0
20241028,150000,560.5,562.3,557.1,558,242451,0
20241028,160000,558,558.5,555,555.3,269414,0
20241028,170000,555.4,560,553,558.2,522180,0
20241028,180000,558.1,560,544,547.4,697368,0
20241028,190000,547.4,550,543.4,544.6,335994,0
20241028,200000,544.4,546.7,544,546.4,125729,0
20241028,210000,546.4,546.7,541.3,543.2,178644,0
20241028,220000,543.2,543.3,540.5,542.5,92268,0
20241028,230000,542.4,543,541.8,542.4,35911,0
20241029,100000,542.4,551.5,542.2,551.1,619119,0
20241029,110000,551.1,551.5,542.1,545.4,369627,0
20241029,120000,545.4,549.4,542.2,546.8,266430,0
20241029,130000,546.8,549.7,543.7,547.6,227420,0
20241029,140000,547.6,552.9,546.1,551.1,295419,0
20241029,150000,551.1,554,547.7,550.4,297629,0
20241029,160000,550.4,554.5,549.4,550.4,242747,0
20241029,170000,550.4,552.7,548.5,551.4,134274,0
20241029,180000,551.4,553.8,548,550,178421,0
20241029,190000,550,553.6,548.9,553.3,94519,0
20241029,200000,553.3,555,552.2,554,190746,0
20241029,210000,554,554,550,550.6,319866,0
20241029,220000,550.6,551.5,546.7,547.2,203442,0
20241029,230000,547,548.6,546.7,547.2,65709,0
20241030,100000,548.9,550.7,543.9,548.2,309446,0
20241030,110000,548.1,551.2,547,548,263904,0
20241030,120000,548,551,547.7,550.1,143991,0
20241030,130000,550.2,550.6,548.7,549.9,172086,0
20241030,140000,549.8,551.3,548.7,549.2,212683,0
20241030,150000,549,552.7,544.8,551.7,531522,0
20241030,160000,551.5,551.5,545.5,547.1,252212,0
20241030,170000,547.1,549.9,544.3,549.4,304138,0
20241030,180000,549.2,551,548,548,156570,0
20241030,190000,548.3,548.3,543,543.6,271903,0
20241030,200000,543.6,543.7,539,540.3,260630,0
20241030,210000,540.4,541.5,538.5,539.7,109170,0
20241030,220000,539.8,540.1,538.6,539.7,41891,0
20241030,230000,539.7,540.8,538.1,538.3,33848,0
20241031,100000,533,543,533,542.3,383848,0
20241031,110000,542.2,542.9,538.8,539.5,271381,0
20241031,120000,539.1,540,533.8,537.4,262288,0
20241031,130000,537.4,542.9,537.4,541.4,235752,0
20241031,140000,541.4,546.7,540,546,387807,0
20241031,150000,545.9,546.3,542.2,543.9,197912,0
20241031,160000,543.9,543.9,538.9,539.9,279354,0
20241031,170000,539.9,540.6,537,537.3,239967,0
20241031,180000,537.3,539.9,536,537.3,147536,0
20241031,190000,537.6,537.8,531.2,532.9,313285,0
20241031,200000,532.9,534.4,530.6,531.7,82922,0
20241031,210000,531.7,533.2,530,532.7,135252,0
20241031,220000,532.6,535.5,531.8,535.5,132719,0
20241031,230000,535.5,536.2,534.8,536,40405,0
20241101,100000,536.7,538.7,534.4,537.2,274946,0
20241101,110000,537.5,540.9,534.7,540.8,353703,0
20241101,120000,540.7,540.8,537,537.5,180118,0
20241101,130000,537.5,539.1,536,536.7,158708,0
20241101,140000,536.9,541.4,536.5,541,236145,0
20241101,150000,541,541.4,537.9,538.2,187731,0
20241101,160000,538.2,542.6,538,542.6,174181,0
20241101,170000,542.5,545,539.1,543.8,595044,0
20241101,180000,543.8,544.7,540,540.1,239267,0
20241101,190000,540.2,542.3,539,540.2,240298,0
20241101,200000,540.2,540.3,536,537.2,222083,0
20241101,210000,537.3,538.3,535,535.1,139675,0
20241101,220000,535.1,536.2,532.8,532.9,112473,0
20241101,230000,532.9,536.1,532.2,536,100522,0
20241102,100000,536,540,536,540,220427,0
20241102,110000,539.8,540.8,539.5,540.7,127257,0
20241102,120000,540.7,540.7,540.1,540.6,63532,0
20241102,130000,540.6,541.9,540.2,541.4,108785,0
20241102,140000,541.4,544.2,541.2,544.1,175716,0
20241102,150000,544,545.7,543.8,544.1,212049,0
20241102,160000,544,545.6,543.9,545.4,125577,0
20241102,170000,545.4,548,544.9,547.8,210752,0
20241102,180000,547.9,548.7,545.9,545.9,143175,0
20241102,190000,545.8,547.2,545.8,546.6,58312,0
20241102,200000,546.6,547.2,546.1,547.1,18490,0
20241102,210000,547,549.1,546.6,547.7,71693,0
20241102,220000,547.6,550.7,547.4,549.9,113187,0
20241102,230000,549.9,550.5,549.8,550.5,19092,0
20241105,100000,552.2,558,551.2,557.3,467066,0
20241105,110000,557.4,557.6,553,554.9,567075,0
20241105,120000,554.8,556,550.6,552.1,403850,0
20241105,130000,552.1,553.8,552.1,553,317695,0
20241105,140000,553.3,553.4,549.4,551.1,263658,0
20241105,150000,551.3,552.5,550.9,551.7,92024,0
20241105,160000,551.8,552.8,549.6,551.2,133310,0
20241105,170000,551.4,553.8,550.1,553.2,192285,0
20241105,180000,553.3,555,551.3,553.7,108510,0
20241105,190000,554.5,554.6,551.3,552.6,180324,0
20241105,200000,552.6,552.9,549,549.3,181376,0
20241105,210000,549.4,550,548.8,549.3,57035,0
20241105,220000,549.3,549.6,548.8,549.6,39491,0
20241105,230000,549.6,549.6,548,548.4,60675,0
20241106,100000,557.2,571.4,554.1,567.1,1155379,0
20241106,110000,567.1,576,567.1,571.4,421151,0
20241106,120000,571.4,575.6,568.5,569.4,389758,0
20241106,130000,569.5,569.9,564.7,565.4,290679,0
20241106,140000,565.1,569.2,564.3,564.9,203149,0
20241106,150000,564.9,566.1,560.2,562.5,290480,0
20241106,160000,562.6,567.9,559.5,567,271438,0
20241106,170000,566.9,569.7,564.3,568.6,201597,0
20241106,180000,568.6,569.7,567,567,88171,0
20241106,190000,567,567.4,565,567.1,48186,0
20241106,200000,567.3,569.3,566.8,568.8,49827,0
20241106,210000,568.8,568.9,563,564.9,79548,0
20241106,220000,564.8,567.3,564.7,566.4,35454,0
20241106,230000,566.4,567.8,566.4,567.6,30474,0
20241107,120000,568.7,568.7,561.3,562.3,258809,0
20241107,130000,562.3,562.5,557.3,558.9,344279,0
20241107,140000,558.9,563.7,558.8,563.1,219328,0
20241107,150000,563.1,565.7,557.7,560.5,396654,0
20241107,160000,560.5,561.6,559.7,561,145472,0
20241107,170000,561,571.1,559.8,570.9,526040,0
20241107,180000,571,576.2,565.7,567.9,1147043,0
20241107,190000,568.4,569.4,567.4,567.6,314170,0
20241107,200000,567.6,576.2,566.8,573.3,389803,0
20241107,210000,573.3,575.3,572.2,574.9,74207,0
20241107,220000,575,578.4,575,576.4,122301,0
20241107,230000,576.4,580,576.4,578,143949,0
20241108,100000,580.6,582,574.9,579.6,539516,0
20241108,110000,579.7,581.6,572.6,575,534806,0
20241108,120000,575,577.4,574.6,575.6,135915,0
20241108,130000,575.6,577.9,573,576.1,379976,0
20241108,140000,576.2,578.4,575.6,578,119565,0
20241108,150000,577.9,581.5,577,581.4,189191,0
20241108,160000,581.4,584.8,576.6,577.9,453101,0
20241108,170000,577.9,578.5,574.5,578.4,335043,0
20241108,180000,578.5,583.2,577.8,582.5,263481,0
20241108,190000,582.5,584.6,582,583.5,133089,0
20241108,200000,583.7,585.9,583.5,585.7,97318,0
20241108,210000,585.8,586,584.8,586,67704,0
20241108,220000,586,596,585.2,594.6,402885,0
20241108,230000,594.6,595.7,593.7,595.5,128661,0
20241111,100000,599.2,604,596,600.1,772602,0
20241111,110000,600.1,603.7,598,600.6,527514,0
20241111,120000,600.5,603.2,599.2,601.8,347121,0
20241111,130000,601.8,603.5,601.6,603.3,107593,0
20241111,140000,603.4,603.5,599.6,599.6,372257,0
20241111,150000,599.6,602,599.6,600.8,146214,0
20241111,160000,600.7,603.6,600,601.3,214968,0
20241111,170000,601.3,603.5,600.2,600.4,202276,0
20241111,180000,600.4,604.5,597.9,598.5,1556565,0
20241111,190000,598.3,598.7,593.1,594,579495,0
20241111,200000,594,594.4,588.8,590,282755,0
20241111,210000,590.2,591.1,589.1,590.4,141876,0
20241111,220000,590.4,591.9,590,591.8,56550,0
20241111,230000,591.8,592.8,591.5,592,50461,0
20241112,100000,590.8,593.5,584.9,592.4,562858,0
20241112,110000,592.4,597.4,592,596.5,457025,0
20241112,120000,596.5,599.5,595.5,598.1,387556,0
20241112,130000,598.1,598.5,589.9,591.8,441910,0
20241112,140000,591.8,594.8,590.2,594.5,189479,0
20241112,150000,594.5,595.6,593.2,594.3,131708,0
20241112,160000,594.3,595.3,589.8,590,321614,0
20241112,170000,590,593.1,588,592.8,375571,0
20241112,180000,592.8,596.9,591.5,591.5,274837,0
20241112,190000,591.7,593.2,590.3,591.9,77287,0
20241112,200000,591.8,592.9,591.3,591.5,23443,0
20241112,210000,591.5,592,590.1,590.2,69641,0
20241112,220000,590.2,590.5,588,590.4,87322,0
20241112,230000,590.5,592.9,590.5,592.5,47141,0
20241113,100000,592.6,599.4,589.4,590.8,566815,0
20241113,110000,590.6,595,589.5,594.7,213692,0
20241113,120000,594.9,597.7,593,595.9,164517,0
20241113,130000,595.9,596.9,590.6,590.9,234724,0
20241113,140000,590.9,591.7,588.3,589.7,311256,0
20241113,150000,589.6,595,587.3,591.7,460237,0
20241113,160000,591.8,595.1,591.7,592.9,146985,0
20241113,170000,592.8,593.7,591.2,592.4,151282,0
20241113,180000,592.4,594.8,591.5,593.2,137133,0
20241113,190000,593,593.2,583.6,585.1,417001,0
20241113,200000,585.2,586.6,582.6,585.4,153258,0
20241113,210000,585.4,586.5,585.3,586.1,30398,0
20241113,220000,586.1,586.2,584.3,584.8,31700,0
20241113,230000,584.8,584.8,581.4,583.2,64709,0
20241114,100000,581.7,588.9,581.4,585.2,267223,0
20241114,110000,585.2,586,561.4,568.5,3278130,0
20241114,120000,568.6,568.9,566.7,568.9,270653,0
20241114,130000,568.9,571.7,567.1,570.7,410756,0
20241114,140000,570.7,572.5,569.1,572.2,302394,0
20241114,150000,572.2,572.4,569.9,572.1,240143,0
20241114,160000,572.1,578.2,571.5,575.8,423076,0
20241114,170000,575.9,577.2,571.5,571.6,365068,0
20241114,180000,571.6,572,568.8,569.3,221382,0
20241114,190000,569.4,572.6,568.6,568.9,120348,0
20241114,200000,568.9,570.2,568.5,569.3,60068,0
20241114,210000,569.3,569.3,568.6,569.1,33279,0
20241114,220000,569.2,571.5,568.6,569.3,67873,0
20241114,230000,569.4,570,568.2,569.9,47647,0
20241115,100000,568.9,570.5,566.4,568.1,345750,0
20241115,110000,568.1,571.8,567.7,570.4,253108,0
20241115,120000,570.4,573.3,568.9,571.4,155822,0
20241115,130000,571.3,572.6,570.5,571.7,107184,0
20241115,140000,571.7,572,571.3,571.3,44690,0
20241115,150000,571.4,574.8,570,574.1,298865,0
20241115,160000,574.2,575.3,573,574.1,161760,0
20241115,170000,574.2,575,574,574.3,57004,0
20241115,180000,574.2,575.5,574,575,120488,0
20241115,190000,575,578,575,576.4,138566,0
20241115,200000,576.6,577.4,575,575.2,60960,0
20241115,210000,575.2,576,575,575.9,25770,0
20241115,220000,575.9,576,575.1,575.4,24073,0
20241115,230000,575.5,576.2,575,576.1,22714,0
20241118,100000,571.1,571.1,557.9,567.2,697071,0
20241118,110000,567.1,569.5,565.7,569.2,163415,0
20241118,120000,569.2,570,556,558.5,525210,0
20241118,130000,558.6,564.2,558.5,560.6,309214,0
20241118,140000,560.7,563.3,559.9,562.5,139366,0
20241118,150000,562.7,565.8,562.2,562.9,201224,0
20241118,160000,562.9,566.2,562.5,564.2,116934,0
20241118,170000,564.2,565.6,559.8,564.4,296578,0
20241118,180000,564.4,565,561.3,563.4,127414,0
20241118,190000,563.5,563.5,560.9,563.1,43569,0
20241118,200000,563.1,565,563.1,564.4,36357,0
20241118,210000,564.4,564.7,562.1,562.8,42286,0
20241118,220000,562.8,563.7,562.1,562.9,45262,0
20241118,230000,563.1,563.2,562,562.4,24861,0
20241119,100000,562.6,565,561.3,561.8,177129,0
20241119,110000,561.7,563.2,558.6,560.4,347137,0
20241119,120000,560.5,560.5,549.7,554.8,651839,0
20241119,130000,554.6,555.8,552.3,554.6,132823,0
20241119,140000,554.6,557.3,552.9,555.2,205319,0
20241119,150000,555.1,557.2,553.7,555,143997,0
20241119,160000,555,555.1,549.5,549.5,366981,0
20241119,170000,549.5,550.5,540,546.1,553842,0
20241119,180000,546,547.5,540.7,541.3,203808,0
20241119,190000,542,543.1,540.8,541.7,200715,0
20241119,200000,541.7,545,540.8,544.6,97846,0
20241119,210000,544.6,547.9,543.5,544.1,97197,0
20241119,220000,544.1,547.3,544,545.6,73247,0
20241119,230000,545.7,546.2,545.2,545.2,17754,0
20241120,100000,545.7,548.7,541.1,541.6,520272,0
20241120,110000,541.6,545.4,538.7,544.7,244880,0
20241120,120000,544.7,549.7,544.5,548.9,336006,0
20241120,130000,548.9,557,545.1,547.1,297731,0
20241120,140000,547.2,550.6,545.6,548.1,120769,0
20241120,150000,547.8,551,544,545.4,146695,0
20241120,160000,545.4,546.2,539.9,541,192552,0
20241120,170000,541,543,539,540.3,234936,0
20241120,180000,540.4,540.4,534.3,534.3,330514,0
20241120,190000,533.5,539,531.6,535.4,319994,0
20241120,200000,535.5,538.8,535.4,537.7,85697,0
20241120,210000,537.7,539.2,536.6,538,43218,0
20241120,220000,538,538.3,535,536.7,50691,0
20241120,230000,536.7,539,535.6,536.9,53631,0
20241121,100000,537.3,540,533.2,534.6,270002,0
20241121,110000,534.8,537.9,530.2,530.8,210666,0
20241121,120000,530.9,535.8,528.3,531,305681,0
20241121,130000,531,535,530.7,533.4,91178,0
20241121,140000,533.4,535.8,533.3,533.9,115452,0
20241121,150000,533.8,534.5,531.2,532.7,101996,0
20241121,160000,532.6,535.7,531.6,534.9,94684,0
20241121,170000,534.9,535.7,530.1,530.4,179009,0
20241121,180000,530.4,539.9,529,530.8,409874,0
20241121,190000,531.2,534.3,530.8,534.1,51296,0
20241121,200000,534.1,536.1,525.2,536.1,338409,0
20241121,210000,536,538.8,533.3,537.4,106420,0
20241121,220000,537.4,541.3,537.4,540.9,139828,0
20241121,230000,540.9,544.7,540.6,543.5,111468,0
20241122,100000,544,546.1,539.6,543.2,235619,0
20241122,110000,543.2,544.1,536.4,537.2,149199,0
20241122,120000,537,540,534,538.2,159514,0
20241122,130000,538.2,543.9,537.1,541,191790,0
20241122,140000,541.2,542.4,538,539,118483,0
20241122,150000,538.9,539.6,534.7,537.6,186467,0
20241122,160000,537.7,538.3,534.3,535.7,140874,0
20241122,170000,535.7,539.2,535.5,536.9,79903,0
20241122,180000,536.9,540,536.5,539.3,118134,0
20241122,190000,539.3,544.6,538.7,544.3,179695,0
20241122,200000,544.3,544.6,541.3,543.6,56678,0
20241122,210000,543.6,543.7,538.5,543.5,98839,0
20241122,220000,543.5,544.6,543,543.3,50824,0
20241122,230000,543.3,543.3,541.1,541.9,26731,0
20241125,100000,542.2,543.2,536,537.4,252997,0
20241125,110000,537.4,537.5,531.3,535.4,466394,0
20241125,120000,535.4,537.1,530.6,531.4,283659,0
20241125,130000,531.3,534.4,530.9,531.6,243552,0
20241125,140000,531.8,535.6,530.3,533.9,158233,0
20241125,150000,534,534.8,528.9,529.8,123576,0
20241125,160000,529.6,531.4,522.6,525.6,497134,0
20241125,170000,525.5,525.8,520.2,521.7,274928,0
20241125,180000,521.7,523.9,512.2,514,1331860,0
20241125,190000,514.5,518.4,513.5,514.8,456335,0
20241125,200000,514.8,515.8,513,514.9,177142,0
20241125,210000,515,516.4,514,514.5,79774,0
20241125,220000,514.5,516.8,513.5,515.8,102240,0
20241125,230000,515.8,516.9,513.9,515.3,112434,0
20241126,100000,515.3,518,511,514.9,571516,0
20241126,110000,514.9,519,513.2,515.1,398853,0
20241126,120000,515.1,516.3,514,514.3,160870,0
20241126,130000,514.2,515.5,511,511.3,192646,0
20241126,140000,511.3,513.6,508,508.9,465449,0
20241126,150000,508.8,511.4,500.5,505,599932,0
20241126,160000,505.1,508.1,501.2,504.2,287497,0
20241126,170000,504.2,506.9,500.3,500.5,266368,0
20241126,180000,500.6,502.9,498.1,502.4,497460,0
20241126,190000,502.7,506.6,500.1,504.9,133799,0
20241126,200000,504.8,505.6,502.7,504.6,75597,0
20241126,210000,504.6,505.6,502.2,505.5,72647,0
20241126,220000,505.4,506,505,506,44560,0
20241126,230000,506,506,505.6,506,28949,0
20241127,100000,506.2,508.6,499,501,579114,0
20241127,110000,501,504.5,500.9,503.1,241067,0
20241127,120000,503.1,513.5,502.8,511.3,467339,0
20241127,130000,511.3,514.7,506.1,509.7,519886,0
20241127,140000,509.7,515.6,506.5,515.2,538435,0
20241127,150000,515.3,517.8,503,505.3,604850,0
20241127,160000,505.2,516.8,503.3,516.3,453179,0
20241127,170000,516.3,516.3,506,510.4,412450,0
20241127,180000,510.4,514.6,509.4,511,144911,0
20241127,190000,510.8,518,508.4,516.7,379668,0
20241127,200000,516.8,518.6,514.4,518.2,293119,0
20241127,210000,518.2,518.4,514.6,517.5,71815,0
20241127,220000,517.5,518,515.2,517.8,49098,0
20241127,230000,517.9,519.4,517,519,97125,0
20241128,100000,522.1,523,514.8,522.3,425522,0
20241128,110000,522.1,529,521.1,522.3,778009,0
20241128,120000,522.2,524,517.5,523.3,391179,0
20241128,130000,523.3,524,519,522.1,195185,0
20241128,140000,522.1,524,517.5,518,223325,0
20241128,150000,518,520.8,512.3,512.5,324235,0
20241128,160000,512.5,518.3,508.5,514.9,206512,0
20241128,170000,514.8,526.5,513.3,526.2,437535,0
20241128,180000,526,533.7,524.3,531.9,498747,0
20241128,190000,533,540.8,532.9,536.8,271743,0
20241128,200000,536.7,539.1,533.5,534.6,102763,0
20241128,210000,534.6,535,533.6,534.1,51342,0
20241128,220000,534.1,534.8,534,534.4,47639,0
20241128,230000,534.4,535.5,534.1,534.3,59972,0
20241129,100000,534.4,539.8,531.1,537.7,282972,0
20241129,110000,537.6,545.5,537.3,545.3,572084,0
20241129,120000,545.1,547,544,546.7,250658,0
20241129,130000,546.7,547.5,544.2,544.8,207706,0
20241129,140000,544.7,546.9,544,546.3,306461,0
20241129,150000,546.3,546.7,542,542.1,395203,0
20241129,160000,542,543.9,537.8,537.9,429814,0
20241129,170000,538.3,541,535.6,540.8,258362,0
20241129,180000,540.9,548.9,540.9,548.9,394948,0
20241129,190000,548.8,549,546.1,547.1,87963,0
20241129,200000,547.1,547.5,545.8,545.9,28367,0
20241129,210000,545.9,546.2,545.1,545.2,29137,0
20241129,220000,545.1,548.3,545,546.2,29159,0
20241129,230000,546,546.1,544.2,544.9,54424,0
20241202,100000,545.1,552,545.1,551.6,224560,0
20241202,110000,551.5,556.3,550.5,554.9,245349,0
20241202,120000,554.7,557,553.4,553.4,182149,0
20241202,130000,553.5,555.2,548.6,551.4,399611,0
20241202,140000,551.6,556.3,549.6,553.5,361971,0
20241202,150000,553.5,553.5,550.1,550.6,146562,0
20241202,160000,550.6,552,545.7,548.4,294881,0
20241202,170000,548.5,551.1,546.7,550.3,156758,0
20241202,180000,550.3,555.2,548.3,549.6,345468,0
20241202,190000,549.6,550.1,545.2,548.1,155163,0
20241202,200000,548.2,548.5,547.2,547.7,23996,0
20241202,210000,547.7,548.1,547.5,548.1,10319,0
20241202,220000,548.1,548.7,547.9,548.3,8834,0
20241202,230000,548.3,548.8,548.2,548.5,10445,0
20241203,100000,549.7,552,545.4,546.6,225957,0
20241203,110000,546.5,546.8,542.1,542.2,282270,0
20241203,120000,542.1,543.7,540,540.3,144327,0
20241203,130000,540.6,543.8,540.4,543.4,69114,0
20241203,140000,543.4,545.8,543.3,544.8,141286,0
20241203,150000,544.8,545.5,540.3,542,211888,0
20241203,160000,542,544.5,540.4,541.2,253766,0
20241203,170000,540.9,541,536.4,539.5,329669,0
20241203,180000,539.5,542.8,537.9,541,210497,0
20241203,190000,541,541.1,534.7,539,189220,0
20241203,200000,539,539.2,537.2,538.3,33993,0
20241203,210000,538,538.6,535.4,536,42249,0
20241203,220000,536,538.3,535.9,536.9,25692,0
20241203,230000,537.1,539,536.8,538.5,38158,0
20241204,100000,538.2,543.3,536.5,540.2,357731,0
20241204,110000,540.4,549.7,539.7,547.3,283150,0
20241204,120000,547.3,547.5,543.2,545.1,204156,0
20241204,130000,545.4,545.8,544,544.9,59707,0
20241204,140000,544.9,547.7,543.5,544.6,139141,0
20241204,150000,544.7,545.1,540.6,541.5,124028,0
20241204,160000,541.5,542.7,537.2,537.4,164521,0
20241204,170000,537.3,537.5,530.6,532.1,356225,0
20241204,180000,532,533.8,525.7,528.5,276640,0
20241204,190000,526.2,529.1,520,526.2,438894,0
20241204,200000,526.1,526.6,521.2,523,123000,0
20241204,210000,523.1,524.8,521.6,521.8,76298,0
20241204,220000,521.8,522,521.4,521.6,39547,0
20241204,230000,521.5,521.7,521,521.6,49586,0
20241205,100000,521.8,525.6,520.3,524.7,745543,0
20241205,110000,524.7,531.3,523.1,523.4,359770,0
20241205,120000,523.5,528.6,520.2,528,214955,0
20241205,130000,527.8,529.8,524.8,525.4,165983,0
20241205,140000,525.5,531.2,524.6,526,272751,0
20241205,150000,526,528,520.2,521.7,327935,0
20241205,160000,521.8,534.5,521.7,531.7,341498,0
20241205,170000,531.8,550,531.8,548.6,811430,0
20241205,180000,548.6,551.4,545.1,546,430188,0
20241205,190000,546.6,554.8,545.7,549.5,546579,0
20241205,200000,549.4,550.4,545.1,547.2,233206,0
20241205,210000,547.4,550,546.6,548.6,110612,0
20241205,220000,548.6,550.7,548.2,550.4,90085,0
20241205,230000,550.4,550.7,547.1,547.5,104870,0
20241206,100000,548.2,555.5,545,555,466135,0
20241206,110000,555,558.7,553.9,556.8,461947,0
20241206,120000,556.5,557,551.8,552.9,443675,0
20241206,130000,553,555.2,551.8,553.1,184854,0
20241206,140000,553.4,560.8,552.8,560.3,365992,0
20241206,150000,560.3,561.2,556.9,560.2,250218,0
20241206,160000,560.2,565,555.2,562.6,636405,0
20241206,170000,562.6,564.1,560.9,563.3,255689,0
20241206,180000,563.2,564,561.8,562.6,278451,0
20241206,190000,563,563,560.6,561.5,174047,0
20241206,200000,561.3,561.8,560.9,561.5,36747,0
20241206,210000,561.4,561.5,560.3,561.2,66820,0
20241206,220000,561.2,561.5,561,561.4,28412,0
20241206,230000,561.3,561.5,557.1,558.9,131662,0
20241209,100000,560.5,567,560.4,566.5,337335,0
20241209,110000,566.5,567.8,564.1,564.7,292881,0
20241209,120000,564.9,566.8,562.3,565.7,176700,0
20241209,130000,565.7,567.5,565.5,566.5,115770,0
20241209,140000,566.5,566.9,563.6,566.5,166712,0
20241209,150000,566.5,572.7,566,572.3,297789,0
20241209,160000,572.1,575.5,571.2,574.9,449431,0
20241209,170000,575,575.5,571.8,574.3,274428,0
20241209,180000,574.3,575.4,565.5,567.4,1058122,0
20241209,190000,568,568.6,565.5,567.9,279891,0
20241209,200000,567.9,569,566.8,567.5,52739,0
20241209,210000,567.4,568.8,566.9,568.6,59231,0
20241209,220000,568.5,569.5,568,568.7,41106,0
20241209,230000,568.7,568.7,565.9,566.2,29635,0
20241210,100000,564.8,566,562.5,563.6,744648,0
20241210,110000,563.6,565.6,562.2,563.5,296269,0
20241210,120000,563.4,564.7,556,559.8,459712,0
20241210,130000,559.8,562.9,559,561.2,222645,0
20241210,140000,561.2,562.2,559,560.5,398236,0
20241210,150000,560.6,562,559,559.5,182826,0
20241210,160000,559,565.9,559,562.2,679562,0
20241210,170000,562.3,564.1,561.1,563,275697,0
20241210,180000,563,565.5,558.3,564.5,817741,0
20241210,190000,564.9,568.8,563.5,565.8,320596,0
20241210,200000,565.5,566.6,563.3,566.4,104383,0
20241210,210000,566.3,567.7,565.1,567.4,80521,0
20241210,220000,567.4,567.5,565,565.7,88561,0
20241210,230000,565.9,567,564.1,564.9,73653,0
20241211,100000,564.4,568.3,562.5,565.1,456138,0
20241211,110000,564.9,566.6,561.7,562.2,379167,0
20241211,120000,562.2,567.1,562.1,566.3,366889,0
20241211,130000,566.3,566.3,563.5,564.6,193581,0
20241211,140000,564.5,565,564.5,564.5,110967,0
20241211,150000,564.8,565,563.2,563.7,235100,0
20241211,160000,563.7,566.2,563.6,565.3,203084,0
20241211,170000,565.3,570.7,565.2,569.3,479276,0
20241211,180000,569.3,569.3,564.5,566,186278,0
20241211,190000,566,570.7,564,569,208188,0
20241211,200000,569.1,571.9,569,570,126335,0
20241211,210000,570,570.8,568.7,569.6,98940,0
20241211,220000,569.6,570.9,569.3,570.8,38968,0
20241211,230000,570.9,574.9,570.8,574.1,82610,0
20241212,100000,574,581.6,571.5,580.8,595033,0
20241212,110000,580.8,581.5,576.9,576.9,350705,0
20241212,120000,577,578,575,576.9,292766,0
20241212,130000,576.8,579,570.5,572.6,301053,0
20241212,140000,572.5,576.6,569.5,569.9,357481,0
20241212,150000,569.8,570,567,570,284549,0
20241212,160000,569.9,570,565,565.1,231834,0
20241212,170000,565,565.1,560,560.4,391747,0
20241212,180000,560.5,562.1,557.4,558.5,329451,0
20241212,190000,558.5,561.5,557.4,559.4,146662,0
20241212,200000,559.4,560.8,559,560.3,55604,0
20241212,210000,560.3,560.5,559,559.4,24667,0
20241212,220000,559.4,560,556.5,558.4,74060,0
20241212,230000,558.3,559,557.7,557.8,38719,0
20241213,100000,557.7,558.9,553.3,554.9,346217,0
20241213,110000,554.9,558.4,554.9,557.8,123625,0
20241213,120000,557.8,563.9,557,562.1,344147,0
20241213,130000,562.1,568.7,561.8,566.8,330948,0
20241213,140000,566.9,567.6,565.2,565.7,211613,0
20241213,150000,565.6,572,565.5,569.9,404034,0
20241213,160000,570,570,565.5,568.1,230309,0
20241213,170000,568.1,570.5,567.5,569.8,131401,0
20241213,180000,569.9,573.7,568.3,571.9,156059,0
20241213,190000,571.9,573,570.6,570.7,69042,0
20241213,200000,570.8,573.5,570.6,572,78886,0
20241213,210000,572,572,570.1,570.2,46024,0
20241213,220000,570.2,572,570.1,571.2,62043,0
20241213,230000,571.3,572,570.5,571.6,51124,0
20241216,100000,569.4,573.4,562.6,564.1,663870,0
20241216,110000,564,565,561.7,564.9,369076,0
20241216,120000,564.7,565.9,559.7,561.1,363915,0
20241216,130000,561.1,562.5,558.7,559.5,203855,0
20241216,140000,559.5,559.8,545.8,550.5,830566,0
20241216,150000,550.6,552,547,549.9,378435,0
20241216,160000,549.9,557.8,549.8,555,382230,0
20241216,170000,555.1,555.7,548.2,549.6,159470,0
20241216,180000,549.6,554.1,548.9,551.7,166110,0
20241216,190000,551.7,553.9,547,548.2,128852,0
20241216,200000,548.3,555.5,548.2,552.7,126586,0
20241216,210000,552.6,555.1,551.9,552.9,66358,0
20241216,220000,553,553,550,550.4,47274,0
20241216,230000,550.5,550.5,549.1,550,34643,0
20241217,100000,549,558.5,548.4,558.5,440804,0
20241217,110000,558.5,558.6,555.2,557.4,127287,0
20241217,120000,557.4,564,557.2,562.2,390416,0
20241217,130000,562.2,563,560.5,562.5,378057,0
20241217,140000,562.6,563,556.8,560.4,430245,0
20241217,150000,560.4,560.5,556.9,557.5,155869,0
20241217,160000,557.5,558.1,550.7,553.6,288565,0
20241217,170000,553.8,556,550.8,554.7,387911,0
20241217,180000,554.7,554.9,550.3,550.8,199842,0
20241217,190000,550.6,554.9,550.3,554.7,91953,0
20241217,200000,554.7,555.4,553.2,554.9,48301,0
20241217,210000,554.9,555.5,553.5,554.1,34152,0
20241217,220000,554.1,555.5,554.1,555.2,23883,0
20241217,230000,555.2,556.9,554.9,556.2,35021,0
20241218,100000,556.2,561.9,555.8,558.2,322877,0
20241218,110000,558.2,563,557.1,562.1,320941,0
20241218,120000,562.1,563.4,562,562.3,246569,0
20241218,130000,562.3,563.7,562,563.4,205433,0
20241218,140000,563.4,566,563.3,564,203149,0
20241218,150000,564,567.5,563.5,565.2,225219,0
20241218,160000,565.2,565.8,565.1,565.1,102498,0
20241218,170000,565.1,569.5,565.1,569.3,231972,0
20241218,180000,569.2,570.5,566.3,568.3,244784,0
20241218,190000,570.9,573.1,568.6,572.5,256427,0
20241218,200000,572.4,572.8,570,570,67712,0
20241218,210000,570,572.4,569.9,572.3,72910,0
20241218,220000,572.2,572.4,570.1,570.3,45427,0
20241218,230000,570.3,570.4,568.8,569.3,38137,0
20241219,100000,570.5,573.9,568,572.7,361546,0
20241219,110000,572.7,580,572.6,578.9,413293,0
20241219,120000,578.8,583,571.5,574.6,707947,0
20241219,130000,574.6,576.4,571.6,571.9,315395,0
20241219,140000,572,572.8,565.2,567,354507,0
20241219,150000,567,582.7,562.5,564.7,5325565,0
20241219,160000,564.7,566.7,561,562.2,487195,0
20241219,170000,562.2,565.5,557.5,561.9,521816,0
20241219,180000,561.9,565,558.5,560,487791,0
20241219,190000,560.4,565.1,560.3,562.9,178102,0
20241219,200000,563.1,567.7,562.7,566.5,104820,0
20241219,210000,566.5,567.3,565,565.1,51600,0
20241219,220000,565,565.2,564.4,564.6,22368,0
20241219,230000,564.7,565.3,563.6,563.9,20566,0
20241220,100000,564,568.5,562.7,567.1,485515,0
20241220,110000,567.2,573,566,572.6,588326,0
20241220,120000,572.6,575.9,569.5,575.2,419215,0
20241220,130000,575.2,589.9,573.4,585.9,1128513,0
20241220,140000,585.9,595,585.5,594.7,865892,0
20241220,150000,594.7,599,592.5,596.6,1263326,0
20241220,160000,596.3,599,593.6,596.7,782482,0
20241220,170000,596.8,603.3,596,599.6,1108034,0
20241220,180000,599.5,603.8,598.5,600.1,485077,0
20241220,190000,599.1,602.4,597,597.2,184105,0
20241220,200000,597.3,600,597.2,599.9,60590,0
20241220,210000,600,602.2,599.9,601.3,59352,0
20241220,220000,601.2,602.5,600.6,601.3,51638,0
20241220,230000,601.3,603.7,597.3,599.9,126220,0
20241223,100000,605.2,620,605.2,612.6,659145,0
20241223,110000,612.6,619.7,610,613.7,582462,0
20241223,120000,613.6,615,609.9,612,408124,0
20241223,130000,612.1,619.9,611.2,619.8,236300,0
20241223,140000,619.8,634.9,619.7,630.4,721133,0
20241223,150000,630.5,634.5,626.2,634.1,480722,0
20241223,160000,634.1,637.4,632.8,637.2,421579,0
20241223,170000,637.1,638.7,635.1,637,328514,0
20241223,180000,637,637.7,632.1,632.2,266169,0
20241223,190000,632.1,635.2,632.1,632.7,89368,0
20241223,200000,632.7,634.3,632.6,633.3,45000,0
20241223,210000,633.3,635.4,633.3,635.2,43417,0
20241223,220000,635.2,637,634.4,636.8,44092,0
20241223,230000,636.7,638,636,636,39425,0
20241224,100000,637.1,638.5,621,624.2,967952,0
20241224,110000,624.1,630,623,630,591046,0
20241224,120000,630,636.9,629.7,635.3,704246,0
20241224,130000,635.3,636.8,631.2,633.3,327495,0
20241224,140000,633.2,635.7,630,630.4,224271,0
20241224,150000,630.3,632.8,626.2,629.1,269027,0
20241224,160000,629,629.5,622,622.9,278585,0
20241224,170000,622.9,626.6,622.5,626,307657,0
20241224,180000,625.7,628,624.1,628,222525,0
20241224,190000,628,628.5,625.4,625.6,74217,0
20241224,200000,625.6,627.9,625.2,626.8,25721,0
20241224,210000,626.9,627.4,626.3,627.2,14882,0
20241224,220000,627.2,627.4,625.8,625.8,15291,0
20241224,230000,626,626,625.3,625.3,13880,0
20241225,100000,624.8,630,620.8,621.4,329260,0
20241225,110000,621.5,623.4,617,622,406910,0
20241225,120000,622,626.7,621,623.7,302597,0
20241225,130000,623.7,624.7,619.2,624.4,275678,0
20241225,140000,624.4,626,622,625.2,152422,0
20241225,150000,625,627,619.7,627,277146,0
20241225,160000,627,634.6,626,633,300684,0
20241225,170000,633,633.9,627.8,630.6,181184,0
20241225,180000,630.5,630.7,627.2,629.3,158304,0
20241225,190000,630.6,633.2,627.1,628.1,167069,0
20241225,200000,628.1,629.8,627.9,628.9,42896,0
20241225,210000,628.8,629.9,628.1,629.4,31261,0
20241225,220000,629.4,629.7,626.8,628.3,45416,0
20241225,230000,628.4,629.7,628,629.2,34932,0
20241226,100000,630,633.8,626.8,630.1,354045,0
20241226,110000,630.1,632.7,628.5,629.1,243083,0
20241226,120000,628.9,632,627.5,631.9,214959,0
20241226,130000,631.9,633.6,631.5,633,219486,0
20241226,140000,632.9,634,630.2,633.7,373824,0
20241226,150000,633.8,635,631.8,633.2,239072,0
20241226,160000,633.2,634,630.2,632.4,246041,0
20241226,170000,632.3,632.9,630,631.8,80164,0
20241226,180000,632,633.5,630.9,633.5,108822,0
20241226,190000,633.3,633.5,630,631.3,77449,0
20241226,200000,631.3,631.7,629,629,59789,0
20241226,210000,629.1,631,629,629.9,37327,0
20241226,220000,629.9,632.6,629.6,630.3,55070,0
20241226,230000,630.3,631.1,629.7,630.9,29955,0
20241227,100000,631.6,632.5,629.4,631.9,144025,0
20241227,110000,632,632.4,629,629.2,204073,0
20241227,120000,629.2,630.4,628.6,630.2,142038,0
20241227,130000,630.2,630.8,629,629.9,235551,0
20241227,140000,629.9,631,628.8,631,99181,0
20241227,150000,630.9,634.8,630,633.8,253614,0
20241227,160000,633.8,634.9,631.5,632.2,166020,0
20241227,170000,632.4,632.9,630,632.7,113505,0
20241227,180000,632.7,635.8,632,635.4,224209,0
20241227,190000,635,637.4,633.2,635.7,115327,0
20241227,200000,635.7,637,635.1,635.2,77245,0
20241227,210000,635.3,636.8,635.2,636.1,46441,0
20241227,220000,636,636.8,635.7,636.2,23569,0
20241227,230000,636.2,636.8,635.7,635.8,29289,0
20241228,100000,636.9,642.9,636.9,641.9,346652,0
20241228,110000,641.9,646.7,641.5,644.4,288867,0
20241228,120000,644.1,646.8,643.1,645.2,132566,0
20241228,130000,645.2,645.5,641.3,642.9,188651,0
20241228,140000,642.9,645.6,641.5,645.4,131943,0
20241228,150000,645.4,647,642.3,646,153020,0
20241228,160000,645.8,646.6,643.6,645,94241,0
20241228,170000,645,653,644.5,651.2,332999,0
20241228,180000,651.1,652.7,650,652.2,126504,0
20241228,190000,652.2,654.8,652.2,652.7,104779,0
20241228,200000,652.6,652.7,651.1,651.8,40320,0
20241228,210000,651.8,652.8,651.2,652.6,31944,0
20241228,220000,652.6,653.8,652.4,653.7,37928,0
20241228,230000,653.5,654,652.4,652.4,58652,0
20241230,100000,653.9,671.1,653.9,666.5,661133,0
20241230,110000,666.2,672,665.3,671.7,262453,0
20241230,120000,671.7,678,671.4,675.7,277950,0
20241230,130000,675.7,683.9,674.4,683.5,342812,0
20241230,140000,683.5,695.7,683.3,693.1,712131,0
20241230,150000,693.1,695.1,683.5,685.9,471564,0
20241230,160000,685.7,688.7,683.2,686,216455,0
20241230,170000,686,689.7,684.6,688.3,169145,0
20241230,180000,688.4,692.7,688.2,692.7,193271,0
20241230,190000,692.7,694.1,688.8,689.7,185606,0
20241230,200000,689.5,689.9,688.3,688.9,38013,0
20241230,210000,688.9,691.4,688.4,691,41428,0
20241230,220000,691.1,691.3,685,687.9,142942,0
20241230,230000,687.9,690.7,687.4,688.9,119485,0
20250103,100000,693.2,693.2,673.2,675.4,505232,0
20250103,110000,675.4,675.7,667,674,253393,0
20250103,120000,674,674.8,664.3,665,194748,0
20250103,130000,665.2,666.6,663.5,664.9,119000,0
20250103,140000,664.8,669,663,666.5,163403,0
20250103,150000,666.6,667.7,664,664.6,97531,0
20250103,160000,664.5,667.4,664.5,666.7,90842,0
20250103,170000,666.7,668.3,665,666.7,70407,0
20250103,180000,666.7,666.7,665,666.4,54145,0
20250103,190000,666.4,667.3,665.7,667.1,40249,0
20250103,200000,667.3,668.4,667,668.2,27128,0
20250103,210000,668.2,670.3,668.1,670,37813,0
20250103,220000,670,671.8,669.4,669.4,35405,0
20250103,230000,669.4,669.9,667.9,668.7,29800,0
20250106,100000,668.7,669.1,655.7,659.9,412693,0
20250106,110000,660,663,658.5,659.3,138301,0
20250106,120000,659.4,659.6,657,657.7,108059,0
20250106,130000,657.9,661.2,657.7,661,89022,0
20250106,140000,660.8,665.1,660.1,664.8,81809,0
20250106,150000,664.6,665.5,662.6,663.8,99972,0
20250106,160000,663.7,665.2,662.6,664.8,76293,0
20250106,170000,665.1,669.4,664.8,669,106662,0
20250106,180000,669,670,662.5,664.6,188286,0
20250106,190000,670.3,670.3,666.3,666.3,95518,0
20250106,200000,666.3,667,665.4,666,32352,0
20250106,210000,665.9,666.6,665.1,666.2,37844,0
20250106,220000,666.1,666.6,665.5,666.6,43352,0
20250106,230000,666.5,666.6,665.5,666.2,145219,0
20250108,100000,648.8,653.3,647.4,651.7,399250,0
20250108,110000,651.7,653,651.6,652.5,106021,0
20250108,120000,652.4,654.8,652.3,654.2,104136,0
20250108,130000,654.2,655.2,653.7,655.1,77069,0
20250108,140000,655.1,657.5,655,656.6,134954,0
20250108,150000,656.5,660.8,656.5,658,195761,0
20250108,160000,658,659.9,657.9,659.7,56884,0
20250108,170000,659.7,659.7,656.2,658.2,65146,0
20250108,180000,658.3,658.4,656,656,56390,0
20250108,190000,656.6,657.2,656.1,656.8,21431,0
20250108,200000,656.8,657.8,656.7,657.3,22783,0
20250108,210000,657.4,657.5,656.9,657,22060,0
20250108,220000,657,657.4,655.5,656.1,47833,0
20250108,230000,656.1,656.3,653.6,654.7,38225,0
20250109,100000,653.7,659.3,647.6,647.8,353581,0
20250109,110000,647.9,649.7,644.2,647.2,211207,0
20250109,120000,647.1,649.8,644.5,648,153728,0
20250109,130000,647.6,647.6,641.5,641.8,194339,0
20250109,140000,641.7,642.5,634.5,634.5,210858,0
20250109,150000,634.6,636,631.4,635.3,171058,0
20250109,160000,635.3,640,633.6,639.9,202462,0
20250109,170000,639.8,640.6,638,639.6,107021,0
20250109,180000,639.6,639.6,635.4,635.4,41777,0
20250109,190000,636,637.6,635.4,637.3,39161,0
20250109,200000,637.4,637.5,635,635.1,41409,0
20250109,210000,635.3,635.7,635,635.6,44272,0
20250109,220000,635.6,635.7,633.3,633.6,42123,0
20250109,230000,633.5,633.9,632,633.9,51254,0
20250110,100000,633.9,640.8,633.6,637.7,382899,0
20250110,110000,637.3,641.5,636.6,637.9,459143,0
20250110,120000,637.7,639,633.6,635,183111,0
20250110,130000,635,657.1,634.4,655.5,1181089,0
20250110,140000,655.5,662.6,655.3,662.2,690239,0
20250110,150000,662.2,664.8,658,658.5,319469,0
20250110,160000,658.7,659.6,652.2,654.6,297686,0
20250110,170000,654.6,656.7,649.5,656,598031,0
20250110,180000,656,658.8,651.6,654.2,562191,0
20250110,190000,653.7,653.7,647.9,648.2,223785,0
20250110,200000,648.2,651.5,647.8,650,106979,0
20250110,210000,649.9,652.3,649.9,651.3,69340,0
20250110,220000,651.3,653.7,651.3,652.9,34728,0
20250110,230000,652.8,654.7,652.7,653.5,29510,0
20250113,100000,656.8,662.2,655.2,657.6,845176,0
20250113,110000,657.6,670.8,657.6,667.9,750487,0
20250113,120000,667.9,674,667,672.8,480330,0
20250113,130000,672.8,673.2,669.4,669.7,367351,0
20250113,140000,669.7,671.4,665,666.2,410168,0
20250113,150000,666.2,670,662.5,669.8,563866,0
20250113,160000,669.9,670,663.3,665.7,231331,0
20250113,170000,665.7,670,663.6,669,248251,0
20250113,180000,668.9,670.3,667.4,669.2,106738,0
20250113,190000,669.2,669.8,666.1,667.5,64957,0
20250113,200000,667.8,668.5,666.7,667.3,54316,0
20250113,210000,667.1,667.3,664.3,664.5,80954,0
20250113,220000,664.5,665.3,664.2,665,38380,0
20250113,230000,664.9,668,664.9,667.9,53705,0
20250114,100000,666.1,669.5,664.5,665.8,395636,0
20250114,110000,665.7,667.1,660,664.6,384894,0
20250114,120000,664.4,667.9,663.4,665.5,190677,0
20250114,130000,665.5,670.8,665.5,668.2,332874,0
20250114,140000,668.2,669.1,666.3,667,72625,0
20250114,150000,666.8,669.4,665.5,669.3,104213,0
20250114,160000,669.3,670,666.9,667.6,70251,0
20250114,170000,667.4,668.4,665,665.2,129336,0
20250114,180000,665.5,667,664.1,664.5,110072,0
20250114,190000,664,666,664,665.4,71414,0
20250114,200000,665.4,667.5,665.2,666.7,24409,0
20250114,210000,666.6,669,666.1,668.8,33654,0
20250114,220000,668.8,669,667.3,667.8,22278,0
20250114,230000,667.6,668,666.9,667.9,22008,0
20250115,100000,668.1,668.9,664,664.6,210989,0
20250115,110000,664.4,665.5,661,661.5,214618,0
20250115,120000,661.5,662.9,655.1,655.3,221120,0
20250115,130000,655.1,656.3,649.5,655.3,343729,0
20250115,140000,655.2,659.3,654.1,659.3,212810,0
20250115,150000,659.2,663.3,656.7,661.2,192179,0
20250115,160000,661.1,662.3,658.2,659.5,130552,0
20250115,170000,659.5,660.3,656.6,658.6,89319,0
20250115,180000,658.5,660,656.8,656.8,57321,0
20250115,190000,658.2,669.5,658.2,668.1,410319,0
20250115,200000,668.2,670,667.1,667.8,109561,0
20250115,210000,667.8,669.9,667.8,669.5,51319,0
20250115,220000,669.5,671.1,669.3,670.4,46795,0
20250115,230000,670.4,671.6,670.3,670.6,29686,0
20250116,100000,671,677,671,676.7,454983,0
20250116,110000,676.8,679.9,674.8,677.9,330507,0
20250116,120000,677.9,683.4,677.9,683.2,351092,0
20250116,130000,683.3,683.3,681.9,682.3,153006,0
20250116,140000,682.3,682.7,676.8,679.5,425067,0
20250116,150000,679.5,680,678,678.3,126867,0
20250116,160000,678.3,678.3,674.3,676.2,264237,0
20250116,170000,676.2,679,675.7,678,137985,0
20250116,180000,678,678.1,675,676.4,84794,0
20250116,190000,676.5,679.5,676.1,676.8,64521,0
20250116,200000,676.9,677.1,675.5,675.9,20097,0
20250116,210000,675.9,678.2,675.3,678,28599,0
20250116,220000,677.7,678.1,677.2,677.5,27521,0
20250116,230000,677.6,677.6,675.5,677.1,26155,0
20250117,100000,678.7,682.7,675.5,679.9,294983,0
20250117,110000,679.9,681.9,678.8,678.9,208179,0
20250117,120000,678.9,680.4,673.5,675.1,232010,0
20250117,130000,675.1,675.1,669.3,673.6,461863,0
20250117,140000,673.6,674.7,670.8,671.3,211750,0
20250117,150000,671.3,672.7,670,671.6,208756,0
20250117,160000,671.6,673.2,670.8,672,201341,0
20250117,170000,672,674.5,670.7,674.2,212369,0
20250117,180000,674,674.3,673.5,673.6,71113,0
20250117,190000,673.5,677,673.5,675.2,121731,0
20250117,200000,675.1,676.4,674.2,674.6,53619,0
20250117,210000,674.6,675.5,674.1,674.8,35210,0
20250117,220000,674.8,675.9,674.3,675.6,33475,0
20250117,230000,675.6,675.8,673.1,673.6,59724,0
20250120,100000,676.1,684.7,674.4,681.1,754832,0
20250120,110000,680.9,683.9,674.7,683.3,457419,0
20250120,120000,683.3,684.5,677.5,678.5,416183,0
20250120,130000,678.5,679.6,675.2,677.1,318304,0
20250120,140000,677,682.8,676.4,680.2,199138,0
20250120,150000,680.2,682.8,678,680.2,360679,0
20250120,160000,680.3,684.8,679.5,683,322462,0
20250120,170000,683,684,678.6,680,324485,0
20250120,180000,680,680.1,675.7,678.4,183431,0
20250120,190000,678.4,681,676,679.6,249851,0
20250120,200000,679.5,680.5,677.1,677.9,83617,0
20250120,210000,677.8,679.5,673.6,678,242235,0
20250120,220000,678,678,676.8,677.5,42191,0
20250120,230000,677.4,677.4,671.3,676,55064,0
20250121,100000,677.1,682,676.3,679.5,295690,0
20250121,110000,679.5,680,676.1,676.6,127313,0
20250121,120000,676.6,676.9,674.5,674.7,95006,0
20250121,130000,674.7,678.6,674.4,675.8,101923,0
20250121,140000,675.8,678.7,675.3,677.4,126119,0
20250121,150000,677.3,678.6,675.3,677.4,93767,0
20250121,160000,677.4,681.3,676.9,679,148945,0
20250121,170000,678.9,681.8,677.1,681.4,192329,0
20250121,180000,681.3,682,679.8,681,199021,0
20250121,190000,680,681,679.2,680.5,38939,0
20250121,200000,680.5,681,679.3,681,61917,0
20250121,210000,681,681,679.7,680.8,34770,0
20250121,220000,680.7,681,679.9,679.9,23546,0
20250121,230000,680,681,678,681,109825,0
20250122,100000,681,681,674.5,675.5,257322,0
20250122,110000,675.5,681.6,675.5,680.8,289732,0
20250122,120000,680.9,682,677.1,680.7,250805,0
20250122,130000,680.8,681.3,677.8,679.7,163653,0
20250122,140000,679.8,681.5,678.5,679.7,137691,0
20250122,150000,679.7,680.9,678,679,182144,0
20250122,160000,679,679.6,677.3,678.9,146870,0
20250122,170000,678.9,682,678,681.4,221477,0
20250122,180000,681.3,691.1,681.2,689.8,562796,0
20250122,190000,689.8,691,681.3,683.4,400797,0
20250122,200000,683.3,684.4,681,683.6,119582,0
20250122,210000,683.8,684,681.4,682.7,76144,0
20250122,220000,683,684,681.6,682,50857,0
20250122,230000,681.9,682.7,681,681.5,66642,0
20250123,100000,680.9,685.5,679.5,685.5,303308,0
20250123,110000,685.5,686.8,682.6,684.5,204618,0
20250123,120000,684.4,684.5,679,680.9,176903,0
20250123,130000,680.9,684.7,680.7,683.4,120632,0
20250123,140000,683.4,686,680.8,685.1,147347,0
20250123,150000,685.2,686,683,684.7,122942,0
20250123,160000,684.7,685.5,682.4,685,129289,0
20250123,170000,685.1,685.5,682,684.1,64848,0
20250123,180000,684.1,686.5,681.1,686.5,195217,0
20250123,190000,686,687,681.2,684.3,125909,0
20250123,200000,684.6,688.8,684.5,686.7,173766,0
20250123,210000,686.7,687.2,686,686.1,30177,0
20250123,220000,686,686.3,684.5,684.8,31012,0
20250123,230000,684.9,687.7,683.8,686.4,52840,0
20250124,100000,686.4,687.4,684.2,685.3,185467,0
20250124,110000,685.3,686.5,684.8,685.6,67528,0
20250124,120000,685.5,686.7,684.5,686.3,87376,0
20250124,130000,686.4,686.7,684.5,686.1,76142,0
20250124,140000,686,686.5,683.8,684.8,112218,0
20250124,150000,684.8,685.6,682.3,683.2,172652,0
20250124,160000,683.3,683.8,681.9,681.9,142608,0
20250124,170000,681.9,683.5,677,680.2,346098,0
20250124,180000,680.1,683,679.4,680.3,84927,0
20250124,190000,680.4,682.6,680.4,682.2,24270,0
20250124,200000,682,682.3,680.5,680.9,22403,0
20250124,210000,680.6,681.8,680.3,681.8,32197,0
20250124,220000,681.8,683.5,681,682,28447,0
20250124,230000,682.1,682.9,681.4,682.6,18959,0
20250127,070000,682.6,682.9,678.8,681.4,9188,0
20250127,080000,681.4,681.4,680.2,680.6,8992,0
20250127,090000,680.4,680.9,677,678.2,72651,0
20250127,100000,678.4,678.4,669.4,671.2,432468,0
20250127,110000,671.2,671.2,668.5,668.8,238951,0
20250127,120000,668.8,672,666.9,671.9,198267,0
20250127,130000,671.8,673.9,670.8,672.4,64965,0
20250127,140000,672.5,672.5,668.4,669.1,97238,0
20250127,150000,669,672.5,668.5,672.1,76975,0
20250127,160000,672.1,672.1,667.6,667.8,224045,0
20250127,170000,667.7,671,665,667.3,212512,0
20250127,180000,667.3,669.7,667.2,668,58782,0
20250127,190000,667.9,668.2,662.6,663.8,191869,0
20250127,200000,663.7,663.9,662.5,662.8,33299,0
20250127,210000,662.6,665.4,661.1,665.4,69233,0
20250127,220000,665.4,668,664.5,667.6,40540,0
20250127,230000,667.7,669.3,666.2,667.5,21290,0
20250128,070000,667.8,667.9,662.4,663.4,20109,0
20250128,080000,663.7,663.7,655.9,661.6,76454,0
20250128,090000,661.6,668.8,661.6,666.4,58677,0
20250128,100000,666.3,670.5,665.6,669.5,191545,0
20250128,110000,669.6,671.2,667.6,670.1,149406,0
20250128,120000,670,670.2,667.7,669.9,106515,0
20250128,130000,670,673.5,670,671.5,199561,0
20250128,140000,671.5,676.9,671.1,674.5,174341,0
20250128,150000,674.5,676.8,672.5,674.1,190763,0
20250128,160000,674.2,677.8,673.2,673.2,172073,0
20250128,170000,673.2,675,670.6,674.8,104344,0
20250128,180000,675,680.5,674,677,265939,0
20250128,190000,677.2,679.4,676.7,679.2,77836,0
20250128,200000,679.3,680,679,679.4,26550,0
20250128,210000,679.2,679.7,678.6,679.7,31182,0
20250128,220000,679.4,680.5,677.3,677.9,40526,0
20250128,230000,677.9,678.6,677.1,677.8,17727,0
20250129,070000,677.8,680.5,677.1,680.2,19252,0
20250129,080000,680.2,681.8,680.1,681.4,15407,0
20250129,090000,681.4,681.4,675.4,676.8,58213,0
20250129,100000,676.9,679,673.4,677.3,117183,0
20250129,110000,677.4,682.1,677.4,681.5,125912,0
20250129,120000,681.5,683,678,682.8,130942,0
20250129,130000,682.8,683,680.1,680.6,65630,0
20250129,140000,680.6,683,680.3,681.3,103456,0
20250129,150000,681.3,683.7,681,681.9,125959,0
20250129,160000,681.9,682.6,681,681,128322,0
20250129,170000,681,682.2,679.4,682,128091,0
20250129,180000,682.2,683.7,682.2,683.5,80299,0
20250129,190000,683.5,683.5,679.9,680.6,89102,0
20250129,200000,680.7,680.7,679.6,680,39280,0
20250129,210000,680,680.3,678.3,678.8,33375,0
20250129,220000,678.9,680.3,678.7,679.6,19095,0
20250129,230000,679.6,679.6,678.4,679,9891,0
20250130,070000,679,680.2,678.4,679.9,4655,0
20250130,080000,680,680,679.4,679.8,1517,0
20250130,090000,679.6,679.8,677.7,679.7,18856,0
20250130,100000,679.8,681.9,677.9,681.7,128868,0
20250130,110000,681.8,683.6,680.3,680.8,218239,0
20250130,120000,680.6,682.6,678.6,681,88522,0
20250130,130000,680.9,680.9,678.5,679.5,94668,0
20250130,140000,679.4,680.6,678.1,679.2,117993,0
20250130,150000,679.2,679.9,678.6,679.4,48454,0
20250130,160000,679.3,679.5,678.4,678.8,48928,0
20250130,170000,678.7,679.8,678.5,679.1,63601,0
20250130,180000,679.1,690,679.1,690,443569,0
20250130,190000,689.4,690.4,687.7,688.7,168969,0
20250130,200000,688.7,689,687.6,688.1,39334,0
20250130,210000,688.1,691,687.6,690.4,116803,0
20250130,220000,690.3,690.4,688.6,690.1,27892,0
20250130,230000,689.8,690.8,689.8,690.7,39275,0
20250131,070000,689.9,691,689.6,690.8,22568,0
20250131,080000,690.8,691,690.5,690.9,24109,0
20250131,090000,691,692.8,689.9,691.7,68060,0
20250131,100000,691.7,694.3,688.6,693.5,269239,0
20250131,110000,693.5,694.1,688.9,688.9,140131,0
20250131,120000,689,690.9,686.6,689.2,147924,0
20250131,130000,689.2,690.5,687.8,689.5,110557,0
20250131,140000,689.5,689.5,687.4,688.1,102930,0
20250131,150000,687.8,688.1,681.3,682.2,253403,0
20250131,160000,682,684.4,680,684.3,257320,0
20250131,170000,684.3,687.5,682.5,685.6,320280,0
20250131,180000,685.2,685.9,682.7,684.6,65403,0
20250131,190000,683.8,685.5,683,685.5,48803,0
20250131,200000,685.5,686.3,684.1,684.5,22521,0
20250131,210000,684.5,685.9,684,685.3,18393,0
20250131,220000,685.2,685.3,683,683.2,29246,0
20250131,230000,683.2,684.9,683,683.9,32433,0
20250203,070000,683.9,684.4,680,682.2,24918,0
20250203,080000,682.2,682.5,681,681.9,19982,0
20250203,090000,682,686.4,681.8,682.8,49266,0
20250203,100000,682.7,689.9,682,688.7,195827,0
20250203,110000,688.7,689.2,684.6,684.8,149631,0
20250203,120000,684.9,685.5,680.5,683,218731,0
20250203,130000,682.9,684,681.5,682.3,137064,0
20250203,140000,682.4,682.8,680.4,682.1,128662,0
20250203,150000,682,682.9,680,680.7,142106,0
20250203,160000,680.5,682.4,680,681.6,125476,0
20250203,170000,681.7,683.9,678.3,679.5,183730,0
20250203,180000,679.2,685.4,677.4,685.4,229979,0
20250203,190000,685.3,686,684.8,685.6,112906,0
20250203,200000,685.6,687,685,686.6,48437,0
20250203,210000,686.5,686.8,686.1,686.8,24680,0
20250203,220000,686.8,687.5,686.6,687.4,26898,0
20250203,230000,687.3,689,685.5,685.5,56591,0
20250204,070000,685.5,691.8,685.1,690.2,36716,0
20250204,080000,690.2,691,688.4,688.7,24493,0
20250204,090000,688.7,693,687.4,692.2,109162,0
20250204,100000,691.9,692.7,688,691.3,239954,0
20250204,110000,691.4,692.4,686,687,241780,0
20250204,120000,687,688.4,686,686.1,144631,0
20250204,130000,686.1,688.4,686.1,686.8,67241,0
20250204,140000,686.9,688.6,686.5,687.3,72624,0
20250204,150000,687.3,688,686.6,687.5,91913,0
20250204,160000,687.3,690.6,686.6,689.4,154951,0
20250204,170000,689.4,689.5,683.2,686.5,352532,0
20250204,180000,686.3,687.4,684.2,686.7,250274,0
20250204,190000,686.5,688,686.5,687,79490,0
20250204,200000,687,687.3,685.9,686.2,9487,0
20250204,210000,686.2,686.8,684.5,685.1,60261,0
20250204,220000,685.2,687.5,684.2,685.6,64864,0
20250204,230000,685.6,686.9,685.5,686.7,36120,0
20250205,070000,685,688.5,685,688.3,9940,0
20250205,080000,688.4,688.4,686.1,686.5,15242,0
20250205,090000,686.5,687.4,683.7,686.3,86128,0
20250205,100000,686.3,687.1,684.8,686.6,150393,0
20250205,110000,686.6,686.9,683.1,683.2,193295,0
20250205,120000,683.1,687,681,685.8,307191,0
20250205,130000,685.8,686.8,679.7,680.6,152409,0
20250205,140000,680.5,683.5,674.5,676.9,304853,0
20250205,150000,676.9,681,676.2,676.8,256124,0
20250205,160000,676.7,678.8,675.8,678.3,134251,0
20250205,170000,678.5,680.5,676.8,679.9,162972,0
20250205,180000,679.7,683.8,679.6,683.8,181202,0
20250205,190000,684,687.8,683.7,687,179083,0
20250205,200000,687,687.8,686.9,687.8,35976,0
20250205,210000,687.7,692,687.2,691.7,133821,0
20250205,220000,691.6,692,688.7,690.5,83100,0
20250205,230000,690.5,691.5,689.7,690.6,55869,0
20250206,070000,691,692,690.3,690.5,45799,0
20250206,080000,690.5,691.6,690.3,691,12729,0
20250206,090000,690.7,690.8,688.2,690,87687,0
20250206,100000,690,690.3,685.6,688.2,298606,0
20250206,110000,688,690.8,685.6,685.6,202378,0
20250206,120000,685.6,687.8,683.1,683.9,184915,0
20250206,130000,683.9,690,683.6,686.2,157330,0
20250206,140000,686.4,686.5,682.7,684.6,171206,0
20250206,150000,684.6,688.4,682.9,687.9,162258,0
20250206,160000,687.9,690.7,686,688.4,173449,0
20250206,170000,688.6,699.1,688.6,697.3,738708,0
20250206,180000,697.4,699.3,695.4,697,224901,0
20250206,190000,697,697.6,694.5,695,83202,0
20250206,200000,694.9,696.2,694.5,696.2,41180,0
20250206,210000,696.2,696.3,695.4,695.7,15310,0
20250206,220000,695.5,695.9,694.5,694.8,18876,0
20250206,230000,694.9,695.9,694.6,695.8,25279,0
20250207,070000,697,698,696.3,697.8,24267,0
20250207,080000,697.8,698.8,697.5,698,25512,0
20250207,090000,698,702.5,696.5,700.3,142218,0
20250207,100000,700.3,704.6,697,704.6,440677,0
20250207,110000,704.6,704.6,700.6,701.8,167001,0
20250207,120000,701.7,703.4,698,699.8,240629,0
20250207,130000,699.8,702.2,699.3,701.4,202445,0
20250207,140000,701.3,701.4,696.4,697.6,244456,0
20250207,150000,697.5,699.7,696,696.8,152465,0
20250207,160000,696.6,697.7,693,694.8,263269,0
20250207,170000,694.7,695.7,690.5,691,270150,0
20250207,180000,690.8,696.2,688.6,695.9,189000,0
20250207,190000,695.8,695.9,694.4,695.8,18497,0
20250207,200000,695.8,698.2,695.3,697.3,39201,0
20250207,210000,697.2,698,697,697.3,11860,0
20250207,220000,697.4,697.7,696,696.5,15502,0
20250207,230000,696.6,697,696.4,697,15835,0
20250210,070000,698.4,701.5,697.6,701.3,47868,0
20250210,080000,701.3,702.7,699.8,701.5,30635,0
20250210,090000,701.5,701.5,696.8,700.2,65883,0
20250210,100000,700,701.6,699.2,700.9,142733,0
20250210,110000,700.7,701.3,697.7,698.1,103658,0
20250210,120000,697.8,700.2,697.7,699.8,70207,0
20250210,130000,699.5,700.9,698.8,699.6,79375,0
20250210,140000,699.6,706.4,698.2,704.2,369383,0
20250210,150000,704.2,705.6,702.5,704.4,197712,0
20250210,160000,704.3,707,704,705.5,207166,0
20250210,170000,705.5,705.7,704.2,705.2,132890,0
20250210,180000,705.2,705.3,705,705.2,95321,0
20250210,190000,705.3,706.5,705.1,705.8,17266,0
20250210,200000,705.8,706.8,705.5,706,17188,0
20250210,210000,706,706.6,705.8,706.1,13589,0
20250210,220000,706.2,706.3,702.1,703.8,142157,0
20250210,230000,703.7,704.7,700.1,700.3,109576,0
20250211,070000,700.4,703.7,700.3,701.9,33421,0
20250211,080000,701.9,703.6,701.8,702.7,12896,0
20250211,090000,702.7,703.4,700.5,703,43799,0
20250211,100000,702.9,705.9,700.8,705.2,110769,0
20250211,110000,705.1,707,700.5,701.2,186937,0
20250211,120000,701.2,703.6,700.9,703.3,133670,0
20250211,130000,703.5,706.8,701.5,704.9,208659,0
20250211,140000,704.9,706,702.4,703.1,141316,0
20250211,150000,702.9,704.4,702.1,703.3,120601,0
20250211,160000,703.5,704.2,701.1,701.5,124074,0
20250211,170000,701.7,703.4,701.4,702.4,89427,0
20250211,180000,702.6,703.8,701.2,701.3,115941,0
20250211,190000,701.9,703.1,701.1,701.4,50928,0
20250211,200000,701.5,702.6,700,702.2,118524,0
20250211,210000,702,704,700.9,703.9,43004,0
20250211,220000,703.9,704,703.3,703.9,16857,0
20250211,230000,703.8,703.9,701.9,702.8,26374,0
20250212,070000,702.6,705.8,702.2,704.4,38723,0
20250212,080000,704.4,704.4,703.8,704.1,21431,0
20250212,090000,704,704,701,702.2,77909,0
20250212,100000,702.3,703.3,700.9,701.9,215459,0
20250212,110000,701.9,704.4,701.8,702.8,93686,0
20250212,120000,702.8,704,701.8,701.9,158307,0
20250212,130000,701.9,702,698,700.4,237639,0
20250212,140000,700.5,701.3,699,700,116437,0
20250212,150000,700.1,701.2,697.7,700.8,144599,0
20250212,160000,701.1,703.5,699.9,702.5,134718,0
20250212,170000,702.7,703.3,698,698.8,109139,0
20250212,180000,698.8,700.7,693.7,696.5,329337,0
20250212,190000,695.9,702,694.2,702,319830,0
20250212,200000,701.9,715,701.9,714.6,1029766,0
20250212,210000,714.9,728.4,713.1,719.7,694781,0
20250212,220000,719.8,736.3,718.6,733.3,549068,0
20250212,230000,733.6,739,733,737,216847,0
20250213,070000,735.6,752.8,730.7,750.7,411274,0
20250213,080000,750.7,752.8,741.5,742.5,238614,0
20250213,090000,743.2,747,716.1,732.4,593233,0
20250213,100000,732.4,732.9,708,715.8,745736,0
20250213,110000,715.9,717,709,716.2,741263,0
20250213,120000,715.9,720,711.1,716.5,486780,0
20250213,130000,716.5,720,714.5,718.4,277606,0
20250213,140000,718.3,719.5,714,715.7,233986,0
20250213,150000,715.7,718,714.1,716,222842,0
20250213,160000,716,716,710,710.2,338151,0
20250213,170000,710.2,714.8,709,713.9,282639,0
20250213,180000,713.9,714,710.8,712,327786,0
20250213,190000,711.9,712,708.7,710.8,98431,0
20250213,200000,710.8,712,710.6,711.6,45827,0
20250214,070000,698.7,714.4,675,713,178146,0
20250214,080000,713,715.7,711.8,715.2,70257,0
20250214,090000,715.4,725.1,715.4,721.3,239287,0
20250214,100000,721.3,724.6,718.4,724,300135,0
20250214,110000,724.1,733,721.5,728.9,901540,0
20250214,120000,728.8,730.6,722.6,730.5,406211,0
20250214,130000,730,738.7,718.7,719.9,757179,0
20250214,140000,719.9,721.4,716.1,717.6,444687,0
20250214,150000,717.6,723.2,715.6,717.1,310779,0
20250214,160000,717,720,708.9,712.3,426911,0
20250214,170000,712.3,720.8,710.7,715.1,308218,0
20250214,180000,715.1,716.5,709.8,711.6,175119,0
20250214,190000,712.2,717.5,712,713.9,73274,0
20250214,200000,714,716,713.4,713.9,34924,0
20250214,210000,713.9,717.6,713.9,717.6,23932,0
20250214,220000,717.5,717.9,716.2,717.1,14914,0
20250214,230000,717.2,718,716.6,716.9,20780,0
20250217,070000,720.6,729,720.6,725.4,84471,0
20250217,080000,725.5,726.7,724.1,725.7,26136,0
20250217,090000,725.7,725.7,717.9,723.9,119475,0
20250217,100000,723.8,725.8,720.1,725.1,230821,0
20250217,110000,725.3,728.7,724.1,726.7,200756,0
20250217,120000,726.7,731.3,726.1,729.7,200253,0
20250217,130000,729.6,730.8,727.9,728.9,107963,0
20250217,140000,728.6,730.1,725.3,728.5,117776,0
20250217,150000,728.5,736.2,727.2,734.2,150881,0
20250217,160000,734.2,736.2,732.3,735.7,155925,0
20250217,170000,735.6,737.9,732.6,736.9,223029,0
20250217,180000,736.9,747.6,736.9,745,275832,0
20250217,190000,745,747,741.8,742.6,105729,0
20250217,200000,742.6,745,742.6,745,55986,0
20250217,210000,745,745.4,743.5,745,31091,0
20250217,220000,744.9,747.8,743.5,745,80417,0
20250217,230000,745.2,749.1,743.2,748.9,122448,0
20250218,070000,749,750,739.1,741.2,167966,0
20250218,080000,741.3,743,740.8,741.6,42159,0
20250218,090000,742.2,747.4,740.2,742.4,148316,0
20250218,100000,742.6,747.7,740,746.5,235859,0
20250218,110000,746.4,747,739.4,740.2,134732,0
20250218,120000,740.1,744.1,737.6,739.6,256029,0
20250218,130000,739.6,745,739.3,741.8,137949,0
20250218,140000,742,748.8,738.7,746.6,210118,0
20250218,150000,746.7,748.1,731.9,737.7,522242,0
20250218,160000,737.4,745.3,734.4,739.6,260617,0
20250218,170000,739.6,740,736.3,737.1,112411,0
20250218,180000,737.1,738.9,737,737,222764,0
20250218,190000,737.2,742,737.1,741,58417,0
20250218,200000,741.2,741.5,738.4,738.8,18132,0
20250218,210000,738.8,738.8,732.5,737.4,97607,0
20250218,220000,737.1,738.7,733,736.6,20805,0
20250218,230000,736.7,739,736.6,737.5,16339,0
20250219,070000,737.5,741,737.1,740.3,15593,0
20250219,080000,740.3,740.3,737,738.9,11549,0
20250219,090000,738.9,745.9,735,742.6,86397,0
20250219,100000,742.7,743.2,737,738.1,68216,0
20250219,110000,737.9,739.3,728.1,730.6,278291,0
20250219,120000,730.5,735.5,730.2,733.9,74850,0
20250219,130000,733.8,739.8,732,736.5,112790,0
20250219,140000,736.4,739,735.1,738,73594,0
20250219,150000,738,739.5,732.8,737.4,111712,0
20250219,160000,737.6,741,735,740.2,118205,0
20250219,170000,740.2,744.7,737,744.4,147538,0
20250219,180000,744.4,745,738.2,739.1,63452,0
20250219,190000,740,749.9,739.6,746.8,187488,0
20250219,200000,746.6,748.9,746.6,748,44638,0
20250219,210000,748,748.6,746.8,747,41520,0
20250219,220000,747,747.4,743.1,744.8,41456,0
20250219,230000,744.9,746.2,742,744.5,48608,0
20250220,070000,744.5,747.3,741.8,745.6,11253,0
20250220,080000,745.6,745.6,743.6,744.5,11574,0
20250220,090000,744.5,746.3,741.7,742.6,52107,0
20250220,100000,742.5,743.7,738.3,739.5,151796,0
20250220,110000,739.5,741.2,736.8,740.4,139143,0
20250220,120000,740.3,746,738.1,745.5,102070,0
20250220,130000,745.6,746.2,741.1,741.9,136818,0
20250220,140000,741.8,744,740,743.7,79615,0
20250220,150000,743.7,747.6,742.4,746.4,140997,0
20250220,160000,746.3,750.3,745.5,746.2,333161,0
20250220,170000,746.4,749.2,744.6,747.8,144023,0
20250220,180000,747.7,747.9,741.8,742,172943,0
20250220,190000,742.2,744.2,741.8,743,56517,0
20250220,200000,742.8,743.5,741.8,743,33706,0
20250220,210000,743,745,742,744.8,14193,0
20250220,220000,744.8,745,743.4,744.1,18141,0
20250220,230000,744,745.4,743.9,745.3,11478,0
20250221,070000,745.8,746.4,743.1,745,10722,0
20250221,080000,745,746.5,745,746.5,12705,0
20250221,090000,746.3,759.4,746,755.6,544593,0
20250221,100000,755.6,756.6,751.9,755.4,207722,0
20250221,110000,755.2,757.6,750.6,752.7,201596,0
20250221,120000,752.8,754,750.7,750.7,89775,0
20250221,130000,750.7,754.9,746.6,747.2,550628,0
20250221,140000,747.1,749.5,745,747.1,234907,0
20250221,150000,747,747.2,742,743.7,271202,0
20250221,160000,743.6,746.5,742.8,743.4,147253,0
20250221,170000,743.4,748.6,743.4,746.9,145335,0
20250221,180000,746.7,747.1,743.8,744.1,85403,0
20250221,190000,744.2,749,744.2,747.9,77220,0
20250221,200000,747.7,749.5,747,749.1,37645,0
20250221,210000,749,750.6,748.9,749.6,66838,0
20250221,220000,749.6,750.5,749.5,750.1,32909,0
20250221,230000,750.2,755.1,749.8,754.4,74609,0
20250224,070000,749.9,754.4,746,754,47798,0
20250224,080000,754,754.2,752,752.2,15838,0
20250224,090000,752.3,757.6,752.1,754,149042,0
20250224,100000,753.8,756,750.3,753.4,148815,0
20250224,110000,753.3,755.7,751.4,751.5,109959,0
20250224,120000,751.5,752.9,750,751.5,144830,0
20250224,130000,751.5,752.5,747.3,748.7,161155,0
20250224,140000,748.5,751,745.5,745.9,184028,0
20250224,150000,745.8,747.1,743.1,743.2,250907,0
20250224,160000,743.2,745.3,742.5,745.1,173369,0
20250224,170000,745,747,742.1,743,386475,0
20250224,180000,743.1,750,742.8,750,349260,0
20250224,190000,748.8,750,748,748.3,77799,0
20250224,200000,748.3,753.5,748.1,752.5,100911,0
20250224,210000,752.5,753.9,751.6,752.4,57571,0
20250224,220000,752.6,752.6,750.6,751.2,36462,0
20250224,230000,751.1,753,750.5,752.8,36186,0
20250225,070000,752.8,753.3,749.3,749.7,23108,0
20250225,080000,749.7,752.9,749.1,752.2,30040,0
20250225,090000,752.5,755.8,750.4,754.4,103960,0
20250225,100000,754.2,764.9,753,763.4,612088,0
20250225,110000,763.4,767.1,761.6,764.7,442607,0
20250225,120000,764.8,769,764.1,768.3,348235,0
20250225,130000,768.4,768.8,762.4,763.2,271270,0
20250225,140000,763.1,767.5,762.5,766.1,246846,0
20250225,150000,766.4,769.8,763.3,763.9,348719,0
20250225,160000,764.1,765.5,761.3,763.5,215364,0
20250225,170000,763.5,765.8,759.8,763.4,511726,0
20250225,180000,763.1,763.2,759.8,762,181699,0
20250225,190000,761.4,764.7,759.8,762.9,111160,0
20250225,200000,762.7,763.9,761.7,763,43184,0
20250225,210000,763,764.8,762.6,764.1,63452,0
20250225,220000,764.1,766.1,763.7,763.9,103645,0
20250225,230000,764,764.9,762.4,764.3,36651,0
20250226,070000,764.3,767.4,763.5,767.2,31100,0
20250226,080000,767.1,768,766.8,767.5,26586,0
20250226,090000,767.8,769.5,764.4,765.9,106509,0
20250226,100000,765.8,767.8,761.6,766.9,194639,0
20250226,110000,766.9,768.4,762,762.3,149078,0
20250226,120000,762,763.6,757.1,758.5,217218,0
20250226,130000,758.6,760,751,753.1,407356,0
20250226,140000,752.8,757.7,750.3,751.4,294107,0
20250226,150000,751.4,752.3,738,738.4,558646,0
20250226,160000,738.4,741.1,733,738.2,554388,0
20250226,170000,738.2,740.7,735.3,740.4,260364,0
20250226,180000,740.6,743.4,738.2,740.7,184730,0
20250226,190000,738,738.4,729,735.9,329072,0
20250226,200000,735.9,741,731,735.3,154500,0
20250226,210000,735.5,738.5,734.4,735,67541,0
20250226,220000,734.5,735.2,731.7,734.3,80224,0
20250226,230000,734.3,737.7,734.2,737.3,35174,0
20250227,070000,737.1,737.3,724.7,729.5,92764,0
20250227,080000,729.2,732,729,730.1,53395,0
20250227,090000,730.1,739.9,730.1,737.2,154217,0
20250227,100000,737.4,741.8,733.4,735.1,245820,0
20250227,110000,735,737,727,731,216719,0
20250227,120000,731.1,733.4,716,717.1,385733,0
20250227,130000,717.1,720,710,717.8,296905,0
20250227,140000,717.8,719.2,715,715.9,113218,0
20250227,150000,715.8,729.6,715.3,726,295954,0
20250227,160000,726.1,727.6,717.6,720.1,147948,0
20250227,170000,720.1,722.3,719.2,720.9,83195,0
20250227,180000,720.7,723.2,720.2,722.6,68208,0
20250227,190000,722.6,723.4,713.1,721,213787,0
20250227,200000,720.7,723.2,717.2,719.4,65349,0
20250227,210000,719.4,721.7,716.1,719.4,47113,0
20250227,220000,719.3,720.2,713.6,714.8,40069,0
20250227,230000,714.9,715.1,712.1,713,40038,0
20250228,070000,713,713.3,704.2,711.6,101132,0
20250228,080000,711.3,711.6,710,710.9,19843,0
20250228,090000,710.9,715,710.6,714.9,50245,0
20250228,100000,714.8,718.2,709.1,710.6,212923,0
20250228,110000,710.4,719.9,709,719.8,216140,0
20250228,120000,719.7,723.5,714.5,714.5,213384,0
20250228,130000,714.8,717.8,713.1,714.2,156518,0
20250228,140000,714.2,719,713.4,717.5,139794,0
20250228,150000,717.7,718.4,714.2,716.3,90873,0
20250228,160000,716.2,721.6,715,719.8,158722,0
20250228,170000,719.8,725.4,716.7,725.4,247130,0
20250228,180000,725.5,729,724.6,728.9,168749,0
20250228,190000,729,735,725.5,733.6,227838,0
20250228,200000,733.6,740.5,729.7,739.6,194787,0
20250228,210000,739.2,740.7,722,731.4,544872,0
20250228,220000,731.4,734.4,725.2,733.6,68258,0
20250228,230000,734,737.9,731.5,732.4,108794,0
20250301,140000,732.7,737.3,732.7,735.7,8439,0
20250301,150000,736.5,736.6,735,736.6,2403,0
20250301,160000,736.6,739.2,735.8,736.3,15790,0
20250301,170000,737.3,739.2,736,737.7,7892,0
20250301,180000,738,739,736.2,736.8,4729,0
20250302,090000,738,738,738,738,39,0
20250302,100000,738,739,736.8,736.9,3386,0
20250302,110000,736.8,737.6,735.8,737.1,6922,0
20250302,120000,737,737,735.6,736.5,3032,0
20250302,130000,736.5,736.7,735.8,736.4,1078,0
20250302,140000,736.4,736.6,735.5,736.4,3297,0
20250302,150000,735.8,736.6,735.5,736.2,1477,0
20250302,160000,736,736.4,735.5,736.4,2672,0
20250302,170000,736,736.5,734.9,735.1,5456,0
20250302,180000,735.1,736.3,734.9,735.5,8243,0
20250303,070000,735.3,735.5,727.7,729.8,63106,0
20250303,080000,729.9,729.9,724.3,726,73913,0
20250303,090000,726.3,727.1,719.4,722.2,137732,0
20250303,100000,721.8,721.8,709.6,715.6,465824,0
20250303,110000,715.6,718.5,708.7,714.3,367770,0
20250303,120000,714.2,715.2,711.7,713.3,162930,0
20250303,130000,713.1,714.3,705.7,707.5,332430,0
20250303,140000,707.5,713,704,710,340023,0
20250303,150000,710,710,703.9,707.3,166052,0
20250303,160000,707.1,713.9,706.7,713.2,156887,0
20250303,170000,713.2,714.1,707.3,709.5,184250,0
20250303,180000,709.3,711.2,707,707,158713,0
20250303,190000,707.6,713.8,705,711.6,225800,0
20250303,200000,711.6,715.5,709.3,714.5,116969,0
20250303,210000,714.5,715,707,709.4,105752,0
20250303,220000,709.4,719.2,707.7,718,231192,0
20250303,230000,718.1,718.7,711,711.3,99669,0
20250304,070000,711.5,719.2,711.4,718.7,85523,0
20250304,080000,718.8,719.9,717.6,719.2,44618,0
20250304,090000,719.2,719.4,713.8,718.2,110022,0
20250304,100000,718.3,724.3,714.1,722.9,475121,0
20250304,110000,723.1,725,719,719.9,194489,0
20250304,120000,720,720.1,716,717.5,280222,0
20250304,130000,717.5,718,715.7,716.2,127494,0
20250304,140000,716.2,718,713.9,715,243167,0
20250304,150000,715,715.8,705.8,708.8,455355,0
20250304,160000,708.8,715,707.4,712.6,259888,0
20250304,170000,712.6,712.9,706.4,708.9,327352,0
20250304,180000,709.2,712,707.7,711.3,270534,0
20250304,190000,712.5,719.7,712.2,716.2,455708,0
20250304,200000,716.3,718.5,715.8,716.3,70840,0
20250304,210000,716.1,717.5,714.1,716.8,81455,0
20250304,220000,716.9,718,714.7,715.8,52744,0
20250304,230000,715.9,717.9,714.6,714.7,48121,0
20250305,070000,715,716,706,709.1,105779,0
20250305,080000,709.2,710.9,707.4,710.1,20574,0
20250305,090000,710.4,716.3,710.4,715.6,126082,0
20250305,100000,715.7,718,711.9,712.1,293422,0
20250305,110000,712.1,718.9,711.9,718,236364,0
20250305,120000,718,722.5,716.6,720.7,250527,0
20250305,130000,720.5,722,717.1,717.8,134780,0
20250305,140000,718,718.3,713.5,716.8,135218,0
20250305,150000,716.9,720,712.2,713.7,164173,0
20250305,160000,713.7,715.3,712.4,715.2,90209,0
20250305,170000,715,717.3,708,709.2,236058,0
20250305,180000,709,712.5,707,709.7,252099,0
20250305,190000,711.5,714.9,708.3,710.9,133322,0
20250305,200000,710.9,712.4,709.9,710.6,36934,0
20250305,210000,710.6,711.9,709,711.6,38951,0
20250305,220000,711.8,712.2,704.5,706.1,302335,0
20250305,230000,706.3,708.2,703.5,705,92990,0
20250306,070000,705.2,709.8,705,707.8,51090,0
20250306,080000,708.1,708.1,705,705.5,57160,0
20250306,090000,705.6,705.9,701.1,703.3,229315,0
20250306,100000,703.4,703.6,698.4,699.5,361059,0
20250306,110000,699.4,699.9,692.2,697.2,279977,0
20250306,120000,697,700.6,695.9,698.9,161209,0
20250306,130000,698.9,700.2,693.9,697.6,190558,0
20250306,140000,697.6,701.2,697.4,699.8,106465,0
20250306,150000,699.8,703,698.9,700,151095,0
20250306,160000,700,701.7,696.2,700.9,390300,0
20250306,170000,701,704,700.1,701.4,282520,0
20250306,180000,701.4,701.4,696,696.3,141216,0
20250306,190000,697.4,699,695,697.1,81616,0
20250306,200000,697.2,703,694.7,700.4,78593,0
20250306,210000,700.4,702,697.4,701.5,53411,0
20250306,220000,701.2,701.5,699.2,700,16541,0
20250306,230000,699.9,700.8,699.6,700.5,20603,0
20250307,070000,700.1,704,700,703,27908,0
20250307,080000,703.2,710,702.7,707,197309,0
20250307,090000,707.5,708.8,698.8,704.7,234192,0
20250307,100000,704.8,705.7,701.1,702.1,181637,0
20250307,110000,702,705.5,701.4,704,239566,0
20250307,120000,703.9,704,698.1,698.6,156883,0
20250307,130000,698.9,701.3,698.3,699.2,114885,0
20250307,140000,699.5,700.8,697.3,698.2,108221,0
20250307,150000,698.1,699.7,694.4,694.8,197585,0
20250307,160000,694.8,700,694.6,699.6,302941,0
20250307,170000,699.6,699.8,680.4,685.2,974191,0
20250307,180000,685,687.2,681.5,685.9,201240,0
20250307,190000,685.9,691.2,683.4,689,149834,0
20250307,200000,688.9,697.5,688.6,694.4,136573,0
20250307,210000,694.5,694.7,692.5,693.3,16860,0
20250307,220000,693.3,695.5,691.6,695.1,61223,0
20250307,230000,695.2,696.3,691.7,693,30828,0
20250310,070000,693,697.7,693,695.7,34205,0
20250310,080000,695.8,698.4,695.7,697.5,26270,0
20250310,090000,697.2,698.6,694,698.1,66620,0
20250310,100000,698,698.3,685.9,687.6,266142,0
20250310,110000,687.5,689.7,684.3,686.5,249150,0
20250310,120000,686.5,689.7,684.4,689.1,100566,0
20250310,130000,689.3,690.8,687.2,690,107866,0
20250310,140000,690,692.9,689.8,692.3,160002,0
20250310,150000,692.1,692.3,689.7,690.4,48756,0
20250310,160000,690.4,693,690,690.1,85191,0
20250310,170000,690.1,690.9,685.2,685.2,78532,0
20250310,180000,685.2,686.4,684.1,684.1,94482,0
20250310,190000,685,688.5,684.2,685.4,64868,0
20250310,200000,685.4,685.6,680.6,683,88231,0
20250310,210000,683,685,681.8,684.7,27630,0
20250310,220000,684.5,684.7,681.1,682.4,33051,0
20250310,230000,682.4,684.2,682.3,683.6,47199,0
20250311,070000,684.3,687.3,682.7,683.6,28171,0
20250311,080000,684.1,684.4,682.1,682.6,13419,0
20250311,090000,682.6,686.5,682.6,684.8,62277,0
20250311,100000,684.8,686.4,679.2,685,242818,0
20250311,110000,685,688.1,684.8,685.8,133963,0
20250311,120000,685.8,687.5,685.4,686.6,63742,0
20250311,130000,686.7,689.2,685.8,688.4,85746,0
20250311,140000,688.3,688.6,683.7,684.1,90464,0
20250311,150000,684.1,688.7,683.6,687,46657,0
20250311,160000,686.9,690.6,686.7,689,92235,0
20250311,170000,688.8,691.8,686.6,688,137501,0
20250311,180000,687.6,688.7,686.1,688,26228,0
20250311,190000,688,692.6,686.1,692.6,73104,0
20250311,200000,692.6,697.3,689.6,691.8,181374,0
20250311,210000,691.7,696.5,685.1,690.7,261409,0
20250311,220000,690.6,693.1,688.8,693.1,58843,0
20250311,230000,693,695,692.9,694.7,63973,0
20250312,070000,694.6,695.9,691.9,692.9,9199,0
20250312,080000,692.7,692.9,689.3,690.1,20171,0
20250312,090000,690.3,692.9,690.2,692.1,29976,0
20250312,100000,692.2,695,685.9,688,209024,0
20250312,110000,688,688,683.2,686.3,131001,0
20250312,120000,686.1,690.7,685.3,688,103059,0
20250312,130000,688,690.9,685.7,687.2,79673,0
20250312,140000,687.2,691.8,685.5,691.7,145890,0
20250312,150000,691.7,696.6,689.2,695.1,146160,0
20250312,160000,695,696.3,692.9,694.7,81122,0
20250312,170000,694.7,697,693.6,694.6,104993,0
20250312,180000,694.6,697.9,693.2,695.7,96555,0
20250312,190000,697.4,699.5,694,694.5,63663,0
20250312,200000,694.2,697.7,691.2,697,53369,0
20250312,210000,696.8,698.8,696.1,696.2,36563,0
20250312,220000,696.5,696.8,695,695.1,17044,0
20250312,230000,695.1,695.6,693.2,694.1,28371,0
20250313,070000,697,697.1,690.7,691.4,14373,0
20250313,080000,691.6,692.7,691.1,692.4,9897,0
20250313,090000,692.4,693.3,686,689.6,85141,0
20250313,100000,689.5,691.8,687,690,129128,0
20250313,110000,690,693,688.2,691.3,155704,0
20250313,120000,690.9,698.4,690.8,698.3,242298,0
20250313,130000,698.2,709.3,697.7,702.2,693474,0
20250313,140000,702.2,703.7,693.6,694.1,239801,0
20250313,150000,693.6,697,690.9,693.2,290062,0
20250313,160000,693.5,697.9,692.6,696.7,221297,0
20250313,170000,696.7,700,695,696.1,195250,0
20250313,180000,695.9,697,692.2,694,110142,0
20250313,190000,700,723.2,700,716.8,1112341,0
20250313,200000,716.9,719.4,708.4,709.4,461114,0
20250313,210000,709.3,712.9,707.8,712.7,141883,0
20250313,220000,712.6,714,711.1,711.4,64579,0
20250313,230000,711.4,712.3,708,710.3,67149,0
20250314,070000,708.5,709,703.7,705.5,112302,0
20250314,080000,705.5,705.7,701.7,704.1,87624,0
20250314,090000,704.1,708.5,703.8,707.8,98133,0
20250314,100000,707.4,714.9,706.6,711.3,491051,0
20250314,110000,711.2,714.4,703.1,703.4,460257,0
20250314,120000,703.4,708.9,702.8,702.9,357148,0
20250314,130000,702.9,706.7,702.6,705.7,207946,0
20250314,140000,705.7,710.6,705,706,146141,0
20250314,150000,705.9,709.8,705.2,708.6,140195,0
20250314,160000,708.9,713.6,707.1,712,333499,0
20250314,170000,711.9,712.6,708.7,711.1,92603,0
20250314,180000,711.2,714.5,709,714.5,128776,0
20250314,190000,713.7,717,712.3,716.7,135900,0
20250314,200000,716.8,716.9,712.7,715,49456,0
20250314,210000,715,715.3,713,714.2,26661,0
20250314,220000,714.2,715.9,713.7,714.9,27877,0
20250314,230000,714.8,719.3,714.4,715.8,80928,0
20250315,090000,715,715,715,715,217,0
20250315,100000,715.7,719.6,714.1,719,10693,0
20250315,110000,718.6,719,718.4,718.9,3722,0
20250315,120000,718.9,719,718,718.5,3105,0
20250315,130000,718.4,718.5,718,718.2,1423,0
20250315,140000,718.2,718.4,717,717.5,3706,0
20250315,150000,717.5,718,717.1,717.9,2063,0
20250315,160000,717.5,718,716.7,716.8,1766,0
20250315,170000,717.5,717.9,716.5,717.1,1640,0
20250315,180000,717.1,717.7,716.2,717.6,3578,0
20250316,090000,716.6,716.6,716.6,716.6,223,0
20250316,100000,717.6,718.9,716.6,718.4,6544,0
20250316,110000,718.8,719,718.1,718.5,4120,0
20250316,120000,719,719.1,718.2,718.8,3737,0
20250316,130000,718.8,718.9,718.2,718.5,2700,0
20250316,140000,718.7,718.8,718.1,718.6,5604,0
20250316,150000,718.5,718.9,718.4,718.8,1448,0
20250316,160000,718.8,720.5,718.4,720.5,18633,0
20250316,170000,720.5,723.6,720.3,722.3,23032,0
20250316,180000,722.2,726.2,721.4,724.8,68479,0
20250317,070000,724.1,728.6,723.4,728.5,84295,0
20250317,080000,728.5,731.5,726,731.1,104818,0
20250317,090000,731.1,731.1,725,726.7,166188,0
20250317,100000,726.7,727,720.4,724.4,356919,0
20250317,110000,724.3,725,720.4,723.5,217172,0
20250317,120000,723.2,723.7,720.8,721.6,207521,0
20250317,130000,721.6,721.6,715.3,716.5,323321,0
20250317,140000,716.6,718.9,709.2,715.1,471159,0
20250317,150000,715,718.5,711,711.2,275903,0
20250317,160000,711,713.9,711,712.8,203000,0
20250317,170000,712.7,715.1,711.1,711.7,254178,0
20250317,180000,711.7,712.9,710.9,711.8,176448,0
20250317,190000,713,714.6,711.1,713.3,69347,0
20250317,200000,713.3,714.3,712.1,713,45744,0
20250317,210000,713,715.5,712.7,714.9,41343,0
20250317,220000,715.2,716.2,714.7,716,22324,0
20250317,230000,715.9,716.6,713.5,714.8,40497,0
20250318,070000,715.5,717.2,715,716.2,34373,0
20250318,080000,716.1,716.6,715.4,716,28931,0
20250318,090000,716,716.6,713.8,716.4,61751,0
20250318,100000,716.2,716.4,713.8,715,222576,0
20250318,110000,715,715.6,706.7,709.3,353384,0
20250318,120000,709.2,711.4,708.2,708.8,266259,0
20250318,130000,708.9,711.5,708.9,711.3,172337,0
20250318,140000,711.4,712.9,710.5,712.7,116454,0
20250318,150000,712.6,714.5,712,713.9,142547,0
20250318,160000,713.8,716.3,711.4,713.2,212075,0
20250318,170000,713.3,715,710.2,714.1,185301,0
20250318,180000,714.2,717.3,707,713,492274,0
20250318,190000,712.9,716.3,707.6,712.4,331510,0
20250318,200000,712.3,714,698,705.4,626397,0
20250318,210000,705.2,708.4,703.7,708.1,99420,0
20250318,220000,708,708,705.9,706,32283,0
20250318,230000,706,706.5,702.3,705,51918,0
20250319,070000,705,709.3,705,706.8,33601,0
20250319,080000,706.8,708.4,706.3,707.6,15139,0
20250319,090000,707.6,707.6,703.6,704.2,67744,0
20250319,100000,704.4,704.9,699.2,701,225190,0
20250319,110000,700.8,701.6,696.4,700.3,228451,0
20250319,120000,700.2,700.4,696,696.9,196680,0
20250319,130000,696.9,699.3,695.1,695.5,208884,0
20250319,140000,695.6,701.1,695,699.5,297048,0
20250319,150000,699.4,702,697.2,702,251389,0
20250319,160000,702,703.4,697,699.7,260910,0
20250319,170000,699.7,700.8,697,698.7,222107,0
20250319,180000,698.7,701,697.7,700.8,77770,0
20250319,190000,701,704.4,700.1,703.3,131291,0
20250319,200000,703.3,704.5,701.8,703,63283,0
20250319,210000,703,704.1,697,698.7,109634,0
20250319,220000,698.8,701.4,697.4,700.9,89345,0
20250319,230000,700.7,701.4,699,699.9,56065,0
20250320,070000,699.6,702.3,699.4,702.3,25804,0
20250320,080000,702.3,703,698.9,700.1,41413,0
20250320,090000,700,701.9,700,701.6,22086,0
20250320,100000,701.5,702.6,696,698,275248,0
20250320,110000,698.1,698.7,695.2,698.3,124396,0
20250320,120000,698.1,700.8,698,700.3,97082,0
20250320,130000,700.2,700.5,696.9,697.8,97618,0
20250320,140000,697.8,699.5,695,695.6,148562,0
20250320,150000,695.5,700.1,677.3,682.1,3618030,0
20250320,160000,681.9,689,681.3,687.9,447491,0
20250320,170000,687.9,692.7,686.8,692.1,326218,0
20250320,180000,692.1,693.8,689.9,692.5,257147,0
20250320,190000,692.5,692.5,690.1,690.7,56096,0
20250320,200000,690.8,690.9,688.3,688.5,37049,0
20250320,210000,688.6,689.6,687.7,689,41555,0
20250320,220000,689.1,691.3,689.1,691,32897,0
20250320,230000,690.9,693,688.4,688.6,46698,0
20250321,070000,688,692.2,687,689.2,38255,0
20250321,080000,689.2,690.5,689.2,690.1,16202,0
20250321,090000,690.2,690.4,688,689.1,46790,0
20250321,100000,689.1,692.8,688,692.8,179635,0
20250321,110000,692.7,695,691.7,694.9,318270,0
20250321,120000,695,695,692.7,695,139813,0
20250321,130000,695,695,687.3,689.9,320569,0
20250321,140000,689.8,690.9,687,687.7,107919,0
20250321,150000,687.7,689.4,682.1,687.4,220066,0
20250321,160000,687.4,687.7,681.9,682.2,176103,0
20250321,170000,682,686.3,681.1,681.2,135228,0
20250321,180000,681.3,686,681,682,108161,0
20250321,190000,682.8,688.2,682.3,686.4,45667,0
20250321,200000,686.5,688.5,685.9,688.4,26046,0
20250321,210000,688.4,688.5,687.2,688.2,23800,0
20250321,220000,688.2,691.2,686.8,691,73426,0
20250321,230000,691,694,690.6,693.9,84236,0
20250324,070000,693,694.2,690.5,692.6,23195,0
20250324,080000,692.5,692.6,690.5,691.4,8385,0
20250324,090000,691.4,693.6,691.4,692.3,14542,0
20250324,100000,692.2,692.8,685.3,686,121256,0
20250324,110000,686,688.6,685,688.5,142438,0
20250324,120000,688.5,691.7,685.8,687.6,172017,0
20250324,130000,687.6,688,686,687.2,73038,0
20250324,140000,687.4,692.9,686.6,690.8,139415,0
20250324,150000,690.7,693.6,689.2,691.1,130020,0
20250324,160000,691,692.7,685,685.1,203774,0
20250324,170000,685,689.6,684,689.6,158838,0
20250324,180000,689.5,690.5,686.3,688.6,69087,0
20250324,190000,688,690.7,686.4,690,51972,0
20250324,200000,689.9,691.6,689.4,691.6,28271,0
20250324,210000,691.5,691.9,683.9,687.7,205852,0
20250324,220000,687.7,687.8,685,686.1,36364,0
20250324,230000,686.1,687.9,685.9,686.6,11025,0
20250325,070000,686,689.9,685.5,688.9,15796,0
20250325,080000,689,691.4,689,691,16753,0
20250325,090000,690.9,691.3,688.8,690.7,29522,0
20250325,100000,690.7,691.2,688.9,690.3,75395,0
20250325,110000,690.2,694.7,689.2,690.2,191568,0
20250325,120000,690.2,690.7,683.5,684.5,201203,0
20250325,130000,684.4,686.8,682.4,686.7,127960,0
20250325,140000,686.6,686.7,685.3,685.9,46214,0
20250325,150000,685.9,687.5,683.6,685.8,161695,0
20250325,160000,685.8,685.8,678.8,679.4,306133,0
20250325,170000,679.4,682.3,675.1,682,235535,0
20250325,180000,682,688.8,680.7,688.8,264192,0
20250325,190000,689.2,697.3,689.1,696.3,416941,0
20250325,200000,696.2,698,696.2,697.4,97411,0
20250325,210000,697.4,701,697.2,698.5,109979,0
20250325,220000,698.5,698.9,698.1,698.6,13157,0
20250325,230000,698.5,698.6,696.2,697.9,22226,0
20250326,070000,698,704,698,700.8,56217,0
20250326,080000,700.8,700.8,698.1,698.1,18701,0
20250326,090000,698.2,700.2,698.1,699.8,28934,0
20250326,100000,699.8,699.8,695,695.7,247736,0
20250326,110000,695.5,698.3,694,694.7,159657,0
20250326,120000,694.6,701.5,694.5,699.4,209448,0
20250326,130000,699.4,700,695.3,696.5,112583,0
20250326,140000,696.4,698.1,691.5,691.8,97136,0
20250326,150000,691.5,695.5,690.5,693.7,121115,0
20250326,160000,693.6,694.1,688.8,690,83616,0
20250326,170000,689.9,691.8,686.8,688.7,94648,0
20250326,180000,688.4,688.5,684.9,687.1,101579,0
20250326,190000,687,688.7,682,683.2,100015,0
20250326,200000,683.1,686.3,682.7,683.4,63790,0
20250326,210000,683.3,685.5,683,683.7,18862,0
20250326,220000,683.5,685,683.5,685,35961,0
20250326,230000,684.9,685,684,684.5,13821,0
20250327,070000,685.2,686.4,680,681.4,57825,0
20250327,080000,681.4,682.7,680,680.5,40691,0
20250327,090000,680.5,682.9,680,681.4,50306,0
20250327,100000,681.2,682.9,679.7,682.2,183361,0
20250327,110000,682.5,682.9,678,678.6,182550,0
20250327,120000,678.6,685,677.2,682.4,156059,0
20250327,130000,682.3,684.1,681.3,682.3,53215,0
20250327,140000,682.3,684,681.5,682.6,76707,0
20250327,150000,682.6,683,676,676.4,192514,0
20250327,160000,676.3,680.5,676,680.2,167494,0
20250327,170000,680,681.4,677,679.6,108523,0
20250327,180000,679.5,682.2,678,682.2,71379,0
20250327,190000,682.2,682.9,678.5,681.9,56594,0
20250327,200000,682,682.8,680.6,680.7,23613,0
20250327,210000,680.8,681.2,677.5,677.9,48218,0
20250327,220000,677.9,677.9,676.2,677.5,37009,0
20250327,230000,677.4,677.4,675.6,675.9,34508,0
20250328,070000,677.2,677.8,671.1,676.2,107543,0
20250328,080000,676.2,676.3,667.1,667.3,115190,0
20250328,090000,668.4,684.4,668.4,682.1,243280,0
20250328,100000,681.8,688.9,681.3,685.7,284310,0
20250328,110000,685.7,687.1,681,681.6,243482,0
20250328,120000,681.6,687,679.1,686,340315,0
20250328,130000,686,687,681.5,682.3,227898,0
20250328,140000,682.3,683,675.1,681.7,277937,0
20250328,150000,681.7,684.8,680.2,682.5,321317,0
20250328,160000,682.3,689.2,681.1,684.8,372464,0
20250328,170000,684.7,687,680.5,681.1,208913,0
20250328,180000,681.4,686.3,681,682.3,174519,0
20250328,190000,682.8,685.2,680.8,683.1,105213,0
20250328,200000,683.1,683.5,680.7,682.8,51034,0
20250328,210000,682.6,683.7,681.3,683.1,50858,0
20250328,220000,683.4,684.1,682.3,684.1,44963,0
20250328,230000,684,687.7,684,687.6,53454,0
20250329,090000,686.8,686.8,686.8,686.8,58,0
20250329,100000,686.8,688,676.1,676.9,29518,0
20250329,110000,676.9,680.9,676.2,677.8,43836,0
20250329,120000,677.8,678.6,677.1,677.1,26053,0
20250329,130000,677.1,677.7,676,677,14086,0
20250329,140000,677.1,678.5,676.6,678.3,7109,0
20250329,150000,678.3,678.3,676.2,677.7,9781,0
20250329,160000,677.7,679.8,677.3,679.7,8256,0
20250329,170000,679.6,679.6,676.1,676.4,18264,0
20250329,180000,676.7,676.8,676.4,676.8,11029,0
20250330,090000,676.4,676.4,676.4,676.4,160,0
20250330,100000,676.8,676.8,673.9,675.5,20387,0
20250330,110000,675.5,675.9,674.1,675.7,6382,0
20250330,120000,675.7,675.7,674.8,675,2557,0
20250330,130000,675,675.7,675,675.3,3519,0
20250330,140000,675.2,675.6,674.8,674.9,7922,0
20250330,150000,674.9,675.4,674.7,675.4,2925,0
20250330,160000,675.3,676,674.9,675.9,5844,0
20250330,170000,675.9,675.9,662.1,665.9,203360,0
20250330,180000,666,666,661.8,662.2,121789,0
20250331,070000,663.7,671.2,661,671.2,203701,0
20250331,080000,671.5,676.6,668,673.9,138765,0
20250331,090000,673.8,684.9,673.7,683.8,222212,0
20250331,100000,683.7,688.1,678.8,678.8,239915,0
20250331,110000,678.7,683.7,672.2,673.6,170461,0
20250331,120000,673.7,678.4,673,676.8,161803,0
20250331,130000,676.8,682.4,676.6,678.7,206306,0
20250331,140000,679,682.6,673.9,676.7,151606,0
20250331,150000,676.7,677,672,674.8,124772,0
20250331,160000,674.5,678.9,672.2,672.4,171934,0
20250331,170000,672.4,676,669.3,674.1,141543,0
20250331,180000,674.3,676.7,673.2,673.9,82690,0
20250331,190000,675,675.9,672.4,674.6,42796,0
20250331,200000,674.3,674.8,672.7,673.3,16543,0
20250331,210000,673.3,674.3,671.8,674,19204,0
20250331,220000,674,674,671.4,673.4,16762,0
20250331,230000,673.4,673.5,672.4,673.3,19297,0
20250401,070000,673.5,677.9,673.5,677.1,23887,0
20250401,080000,677.2,678,676.7,677.6,13128,0
20250401,090000,677.6,677.6,672.1,675.3,97599,0
20250401,100000,675.3,677.6,672.7,674.8,109119,0
20250401,110000,674.8,675.9,673.6,673.9,50387,0
20250401,120000,674.1,677.1,673.6,676.5,98074,0
20250401,130000,676.6,676.6,670.2,671.3,102385,0
20250401,140000,671.3,672.8,668.8,670.7,216390,0
20250401,150000,670.6,672.7,668,671,128884,0
20250401,160000,670.7,671.5,664.8,668.5,198721,0
20250401,170000,668.5,674,666.1,669.8,202094,0
20250401,180000,670.3,671,664.6,666.1,68310,0
20250401,190000,666.5,668.4,662,663.5,121130,0
20250401,200000,663.3,665.5,658.3,660.4,137180,0
20250401,210000,660,664.6,658.5,660.1,102836,0
20250401,220000,660.2,662.6,656.6,658.7,86337,0
20250401,230000,658.5,658.8,653,653.5,70039,0
20250402,070000,654.6,659.8,652.2,657.4,50726,0
20250402,080000,657.7,659.5,656.8,657.5,11852,0
20250402,090000,657.5,658.6,652.6,657.4,69796,0
20250402,100000,657.4,662.6,654,654.8,228367,0
20250402,110000,654.9,656.5,650.1,650.4,175409,0
20250402,120000,650.5,655,648.9,650,245521,0
20250402,130000,650.4,651.3,644.3,647.8,284657,0
20250402,140000,647.8,649.7,640,644.2,420524,0
20250402,150000,644,646.5,642.2,644.5,211592,0
20250402,160000,644.5,648.4,640.3,640.6,327908,0
20250402,170000,640.5,649.5,640.1,645.3,298270,0
20250402,180000,645.3,649.9,644.4,648.4,170993,0
20250402,190000,647,659.7,643.8,657.4,263682,0
20250402,200000,657.3,660,655.6,659.9,98294,0
20250402,210000,659.9,670,658.9,666.5,188518,0
20250402,220000,666.5,671.3,665.8,671.2,110587,0
20250402,230000,671.4,673.9,668.8,673.2,150326,0
20250403,070000,671.5,672.9,666.8,666.9,104549,0
20250403,080000,666.9,668.9,665.7,668.5,29176,0
20250403,090000,668.1,668.4,661.4,663.1,85857,0
20250403,100000,663,663.6,657.3,662.1,177932,0
20250403,110000,662.1,664.8,659.2,660.8,140870,0
20250403,120000,660.9,664.6,657.1,664.1,257757,0
20250403,130000,664.2,667.7,662.7,664,155428,0
20250403,140000,663.9,664.8,657.1,661.2,271185,0
20250403,150000,661.2,668.5,658.8,665.6,273952,0
20250403,160000,665.5,665.9,659.3,662.6,305737,0
20250403,170000,662.5,662.8,649.2,650.2,587701,0
20250403,180000,650.2,651,642,643,438427,0
20250403,190000,643.3,651.5,640.2,648.8,272688,0
20250403,200000,648.5,652,645,649.6,109686,0
20250403,210000,649.6,649.9,646.7,649.3,53524,0
20250403,220000,649.3,651,647.2,649.6,49680,0
20250403,230000,649.6,651.7,649.1,649.4,44060,0
20250404,070000,652,654.2,649.6,653.1,88588,0
20250404,080000,653,654.8,652,654.4,28074,0
20250404,090000,653.7,654.1,649,653.1,78831,0
20250404,100000,653.3,654.8,648.6,653,177465,0
20250404,110000,652.8,652.9,643.6,645.8,241899,0
20250404,120000,646,647,640,641.3,294329,0
20250404,130000,640.9,642.5,629.4,630.9,541321,0
20250404,140000,631,632.3,622,628.1,706054,0
20250404,150000,628,636.3,624.2,630.7,382004,0
20250404,160000,630.6,632.5,623.5,625,258111,0
20250404,170000,625,631.1,622.7,624.1,370770,0
20250404,180000,624.4,632.2,619.1,619.1,494278,0
20250404,190000,620.1,622.6,616,616,296237,0
20250404,200000,616,623,614,620.5,221950,0
20250404,210000,620.5,622.8,618,621,124753,0
20250404,220000,621,621,618.2,618.3,55006,0
20250404,230000,618.4,619,616.1,618.2,69019,0
20250405,090000,615.7,615.7,615.7,615.7,1393,0
20250405,100000,615.5,615.9,600.5,600.5,101015,0
20250405,110000,600.5,602.8,600.5,601.9,43647,0
20250405,120000,601.9,602.4,600.5,601.2,34779,0
20250405,130000,601.2,608.1,600.7,607,49717,0
20250405,140000,607,612.2,604.1,611.5,56813,0
20250405,150000,611.5,612,607.1,607.8,38136,0
20250405,160000,608.9,610,607.1,608.9,8536,0
20250405,170000,609.4,610.8,607.6,609.9,8529,0
20250405,180000,609.9,611,607,608.1,11293,0
20250406,090000,608.4,608.4,608.4,608.4,252,0
20250406,100000,608.9,614.2,606.1,613.1,29669,0
20250406,110000,613.1,618.2,612.6,617.5,32677,0
20250406,120000,617.5,619.4,616.5,618.7,25669,0
20250406,130000,618.8,619.7,617.3,619.2,29637,0
20250406,140000,619.4,624.2,618.8,624.2,59772,0
20250406,150000,624.2,624.9,622.6,624.9,25062,0
20250406,160000,624.7,627,624.5,625.6,27880,0
20250406,170000,625.6,625.6,622.1,624.6,21046,0
20250406,180000,624.1,624.5,622.3,623.5,25503,0
20250407,070000,619,621.2,586,593,547921,0
20250407,080000,593,596.7,586.1,591.2,396126,0
20250407,090000,591.2,596.7,581.5,593.4,462235,0
20250407,100000,593.2,615,590.6,613.8,726772,0
20250407,110000,613.8,621.1,611.7,614.5,440321,0
20250407,120000,614.3,615,606,606.3,486084,0
20250407,130000,606.1,614,605.1,612.4,427295,0
20250407,140000,612.6,615,608.8,611.5,288642,0
20250407,150000,611.5,611.5,606.7,610.4,289791,0
20250407,160000,610.6,630.6,609.6,627.9,619905,0
20250407,170000,627.9,639.2,623.3,628.9,1192616,0
20250407,180000,629.2,634.7,619.1,630.1,423852,0
20250407,190000,630,634.1,623,632.5,189548,0
20250407,200000,632.5,637,631.2,636.5,106035,0
20250407,210000,636.3,637.3,631.4,633.3,104323,0
20250407,220000,633,633.5,628.3,632.3,79136,0
20250407,230000,632.3,636.5,631.4,636.3,39164,0
20250408,070000,638.2,647.8,636.6,647.8,140971,0
20250408,080000,647.8,649.8,644.3,645.3,78871,0
20250408,090000,644.9,645.9,639.1,641.8,204110,0
20250408,100000,641.8,642.4,632.9,637.8,491113,0
20250408,110000,637.8,640.3,634.3,634.7,164142,0
20250408,120000,634.9,634.9,628.6,631.2,244640,0
20250408,130000,631.6,638,626.3,635.8,193447,0
20250408,140000,635.9,644.6,634.8,642.5,223892,0
20250408,150000,642.2,646,639.2,644.9,149739,0
20250408,160000,644.9,645.4,638.3,638.7,128956,0
20250408,170000,638.6,644.1,638.6,640.4,157318,0
20250408,180000,640.4,641.1,633.7,639.3,196704,0
20250408,190000,637.5,641.5,623.2,624.5,240933,0
20250408,200000,624.7,638.6,624.2,635.3,208788,0
20250408,210000,635.1,635.1,628.6,629.3,114873,0
20250408,220000,629.4,629.6,617.9,621.2,284011,0
20250408,230000,621,622.2,616.7,621.1,104385,0
20250409,070000,619.7,619.8,610.9,617,147048,0
20250409,080000,617.2,618.4,612.7,613.6,52830,0
20250409,090000,613.6,629.7,613.1,626.9,266776,0
20250409,100000,626.7,635.6,624.8,629.2,458110,0
20250409,110000,629,630,624.1,626.3,177196,0
20250409,120000,626.5,628,614.8,616.4,261003,0
20250409,130000,616.6,621.7,613.2,613.9,430263,0
20250409,140000,613.7,613.7,604.2,606.8,1011381,0
20250409,150000,606.6,610.6,603,609.9,527918,0
20250409,160000,609.6,621,606.2,616.8,418039,0
20250409,170000,616.8,620.6,605.4,605.9,309865,0
20250409,180000,605.8,613.8,605.2,611.5,137685,0
20250409,190000,611,619.4,609,618.1,140626,0
20250409,200000,618.2,645.3,611.3,638,771834,0
20250409,210000,638,639.4,629.7,629.7,171209,0
20250409,220000,629.7,632.3,623.5,631.9,153949,0
20250409,230000,631.8,639.3,631.8,638.2,152452,0
20250410,070000,639.4,639.6,630.9,636.2,109276,0
20250410,080000,636.5,637.3,633.2,635.9,27679,0
20250410,090000,635.8,640.5,631.5,639.6,107109,0
20250410,100000,639.7,640.8,628.2,631.6,274394,0
20250410,110000,631.7,635.4,630.7,631.8,135907,0
20250410,120000,631.7,632.8,628.6,629,250135,0
20250410,130000,629,630.9,626.5,627.3,132280,0
20250410,140000,627.4,629,621.6,624.9,157141,0
20250410,150000,624.9,649.2,624.8,648,2885176,0
20250410,160000,648,650,641.7,646.4,827010,0
20250410,170000,646.3,655.6,645,646.9,598246,0
20250410,180000,646.9,652.3,646.2,649.9,279949,0
20250410,190000,647.5,652.1,640.7,651.9,484923,0
20250410,200000,651.6,658.9,648.8,658.8,364027,0
20250410,210000,658.6,659,655.5,658.5,98136,0
20250410,220000,658.4,659.5,654.4,655,76123,0
20250410,230000,654.9,658,654.1,655.8,50472,0
20250411,070000,655.4,669.7,653.4,669,215217,0
20250411,080000,669,669,666.7,667.8,102750,0
20250411,090000,667.7,683.8,667.7,682,577781,0
20250411,100000,682,686.7,678,685,523254,0
20250411,110000,684.9,685,678.8,680.1,491890,0
20250411,120000,680,681,677.9,679.7,265288,0
20250411,130000,679.8,686,679.1,680.4,353675,0
20250411,140000,680.4,682.4,676.2,679.1,248285,0
20250411,150000,679.2,681.9,675.2,681.1,328196,0
20250411,160000,681.1,681.3,671.6,675.7,484804,0
20250411,170000,675.6,679.1,672.2,676.5,478476,0
20250411,180000,676.3,684.3,676.3,680.1,354595,0
20250411,190000,680.2,684.8,679.2,682.9,254200,0
20250411,200000,682.6,686.7,682,683.7,229001,0
20250411,210000,683.7,686.2,681,683.9,120138,0
20250411,220000,683.5,686,682.5,685.1,45826,0
20250411,230000,685.4,686.9,685,686.9,64569,0
20250412,090000,689,689,689,689,5111,0
20250412,100000,689,697,688.1,695.8,137549,0
20250412,110000,695.8,696,691.6,693.3,54820,0
20250412,120000,693.3,696.8,693,694.4,45725,0
20250412,130000,694.3,697,694.3,695.3,32287,0
20250412,140000,695.3,696.5,693.7,696,24072,0
20250412,150000,695.9,696.9,693.9,696.2,17160,0
20250412,160000,695.8,696.5,694.7,694.9,10369,0
20250412,170000,695.3,695.7,694.7,695.4,7369,0
20250412,180000,695.4,695.7,693.9,695,18733,0
20250413,090000,696.4,696.4,696.4,696.4,1416,0
20250413,100000,696.2,697.3,694,695.6,27419,0
20250413,110000,695.2,696.9,694.3,695.7,23064,0
20250413,120000,695.7,696.2,695.2,695.7,2670,0
20250413,130000,695.7,696.5,695.2,696,11704,0
20250413,140000,696,696.3,695.4,695.9,9767,0
20250413,150000,696,696.3,695.5,695.8,5586,0
20250413,160000,696,696,695.5,695.9,5105,0
20250413,170000,695.9,696,695.4,695.8,4911,0
20250413,180000,695.8,696.1,694.1,695.6,17119,0
20250414,070000,696.7,696.7,688.5,689.2,66669,0
20250414,080000,689.9,689.9,685.6,689,69790,0
20250414,090000,689,689,682.6,683.4,275706,0
20250414,100000,683.2,684.7,677.2,682.7,454087,0
20250414,110000,683,686.3,678.9,685.4,244711,0
20250414,120000,685.4,688.1,682.9,687,269844,0
20250414,130000,686.9,689.4,686,688.6,196235,0
20250414,140000,688.5,689.6,685.3,689.4,154280,0
20250414,150000,689.4,693.6,686.6,689.2,279305,0
20250414,160000,688.9,690.4,684.6,685.1,311077,0
20250414,170000,684.9,692,684.6,690.6,325639,0
20250414,180000,690.6,691.3,682.4,683.4,158733,0
20250414,190000,683.5,685.9,681.1,683.9,135064,0
20250414,200000,683.9,684.3,678.3,680.7,121211,0
20250414,210000,680.3,685.3,678.3,685,46124,0
20250414,220000,685,685,682.2,683.1,15643,0
20250414,230000,683.1,686.7,682.1,686.4,22209,0
20250415,070000,683.5,689.6,682.6,684.9,15421,0
20250415,080000,684.9,685.2,681.6,682.2,15250,0
20250415,090000,682.2,689,682.2,686.2,119316,0
20250415,100000,686.3,688,682.3,682.8,135924,0
20250415,110000,682.8,683.9,678.5,679.7,189273,0
20250415,120000,679.7,683.4,675.5,677.1,276635,0
20250415,130000,677.1,679.5,675,676.1,247013,0
20250415,140000,676.1,678.4,674.6,677,187100,0
20250415,150000,677,682.5,676.2,681.9,187882,0
20250415,160000,681.9,684.6,678.8,682.4,212693,0
20250415,170000,682.4,687.3,679.8,681.8,253655,0
20250415,180000,682.1,682.8,679.5,681,45860,0
20250415,190000,680.6,683.4,679.7,682.6,33683,0
20250415,200000,682.3,686.5,680,684.8,64860,0
20250415,210000,684.8,686.8,683.6,686.5,38832,0
20250415,220000,686.4,686.9,684.5,685.5,30342,0
20250415,230000,685.7,687.1,684.1,684.1,11702,0
20250416,070000,684.4,686.8,683.8,685.7,17795,0
20250416,080000,685.7,685.8,680,680.3,51293,0
20250416,090000,680.3,680.8,676,676.6,132408,0
20250416,100000,676.2,680.9,675.7,679.3,104799,0
20250416,110000,679.4,684,675.5,682.9,216979,0
20250416,120000,682.9,688.4,681.7,682.8,212619,0
20250416,130000,683,687,680.8,682.4,165085,0
20250416,140000,682.4,684.5,680.6,682.3,88644,0
20250416,150000,682.3,683.5,680.4,681.9,87623,0
20250416,160000,682,686,681,686,142628,0
20250416,170000,686,693.6,683.5,692.6,322455,0
20250416,180000,692.7,693.4,689.1,690.1,121590,0
20250416,190000,690,692,689.7,691.8,63091,0
20250416,200000,691.4,691.9,687.7,688.7,53951,0
20250416,210000,688.6,691.4,688.6,691.4,30561,0
20250416,220000,691.3,691.6,687.2,688.2,25727,0
20250416,230000,687.8,688.5,685.9,685.9,31719,0
20250417,070000,687,691.6,686.2,690.8,53201,0
20250417,080000,690.9,692.5,690.1,691.3,26433,0
20250417,090000,691.2,691.5,688,689.6,65422,0
20250417,100000,689.3,691.4,686.2,689.9,159645,0
20250417,110000,689.9,692.7,687.3,689.8,316910,0
20250417,120000,690.1,690.4,684.1,684.8,210132,0
20250417,130000,684.9,688.3,684.6,685.9,145642,0
20250417,140000,686.1,687.4,683,686.8,162144,0
20250417,150000,686.5,689.4,684.3,685.2,114904,0
20250417,160000,685.3,686.7,682,683.5,193841,0
20250417,170000,683.4,684.7,676.7,677.4,292984,0
20250417,180000,677.1,687.4,676.5,686.2,233523,0
20250417,190000,685.9,689.7,683.4,685.2,274578,0
20250417,200000,684.8,694.4,683.8,692.6,243764,0
20250417,210000,692.6,697.3,690.5,693.3,231362,0
20250417,220000,693.5,693.7,691.2,692.4,28837,0
20250417,230000,692.4,694.3,691.7,694,31644,0
20250418,070000,690,690.2,687.2,688.1,35619,0
20250418,080000,688.1,689.3,687.7,689.1,26608,0
20250418,090000,688.8,695,688.6,691.4,106149,0
20250418,100000,691.5,694,689.1,689.7,165821,0
20250418,110000,689.6,690.3,687,688.6,89205,0
20250418,120000,688.6,691.4,684,684.4,227999,0
20250418,130000,684.2,688.3,681.4,682,275471,0
20250418,140000,681.8,688.2,680,686.5,153805,0
20250418,150000,686.3,688.4,682.1,683.4,78579,0
20250418,160000,683.4,695,683.3,693.8,292293,0
20250418,170000,693.8,695,692.3,693.6,117954,0
20250418,180000,693.7,696,693.6,693.6,118382,0
20250418,190000,693.8,698.7,693.3,697.6,163009,0
20250418,200000,697.6,697.7,690.7,692.8,92016,0
20250418,210000,692.4,694.1,692.3,693.8,26722,0
20250418,220000,693.7,694.5,693,693.1,11493,0
20250418,230000,693.1,694.8,693.1,693.4,29355,0
20250421,070000,695.3,699,694,698.1,147575,0
20250421,080000,698.1,698.9,695.3,695.7,74005,0
20250421,090000,695.7,695.8,690.3,692.7,188642,0
20250421,100000,692.7,694.8,691.1,693.6,179902,0
20250421,110000,693.7,695.8,692.3,695,181026,0
20250421,120000,695,696.7,693.7,695.2,160644,0
20250421,130000,695.2,699.5,695.1,699,189317,0
20250421,140000,699.1,703,699,702.5,246036,0
20250421,150000,702.5,703.7,699.3,701.1,168198,0
20250421,160000,701.1,702,699.3,699.7,104693,0
20250421,170000,699.8,703,699.5,702.8,131859,0
20250421,180000,702.7,702.8,699.5,700,82824,0
20250421,190000,700,706.7,700,704.9,186495,0
20250421,200000,704.9,707.7,704.1,705.8,101811,0
20250421,210000,705.4,707,705,706.8,30463,0
20250421,220000,706.7,707.6,703.5,703.5,53266,0
20250421,230000,703.5,706.9,702,706.6,55295,0
20250422,070000,708.2,710,708.1,709.3,46486,0
20250422,080000,709.2,709.6,707.5,709.1,31274,0
20250422,090000,708.6,708.6,705.8,707.7,119823,0
20250422,100000,707.7,707.7,703.3,706.5,174805,0
20250422,110000,706.5,706.5,703.1,704.8,85570,0
20250422,120000,704.9,705.3,699.3,700.6,306900,0
20250422,130000,700.4,703,698.2,699.8,257181,0
20250422,140000,699.8,701,695.1,696.8,159926,0
20250422,150000,696.6,698.8,696.4,698.2,72569,0
20250422,160000,698.2,707.1,697.8,702.3,503468,0
20250422,170000,702.4,704.1,698,701.4,302189,0
20250422,180000,701.3,702.1,698.3,701.2,183523,0
20250422,190000,701.2,706,700.5,703.5,111817,0
20250422,200000,703.5,709.4,702.2,707.6,280512,0
20250422,210000,707.6,710,704.5,706.6,183367,0
20250422,220000,706.5,707.5,703.2,705,61616,0
20250422,230000,704.7,705.7,702,703.5,22013,0
20250423,070000,703.1,705.8,701.8,704.8,20538,0
20250423,080000,704.7,704.7,698.3,701.1,63908,0
20250423,090000,701.1,701.4,691.8,697.3,211025,0
20250423,100000,697.2,698.6,692,694,251944,0
20250423,110000,694,696.3,685.5,687.7,625924,0
20250423,120000,687.7,693.2,685,688.1,278381,0
20250423,130000,688.1,693.8,687,691.1,120300,0
20250423,140000,691.1,692.5,687.7,688.3,74795,0
20250423,150000,688.4,690.3,686.5,689.2,73386,0
20250423,160000,689.2,692.5,686.2,690.6,100616,0
20250423,170000,690.8,692.9,686.1,692.4,78320,0
20250423,180000,692.9,694.5,691.4,694,78066,0
20250423,190000,694.1,698.8,688.1,695.6,202906,0
20250423,200000,695.5,699,692.9,694.4,105507,0
20250423,210000,694.5,696.3,691.6,693.6,63985,0
20250423,220000,693.6,694.3,691.1,692.1,9716,0
20250423,230000,692,695,690.8,693.7,42917,0
20250424,070000,696.1,699.2,692.5,696,42465,0
20250424,080000,695.6,698.4,695,697.9,25370,0
20250424,090000,697.7,699,695.6,698.5,67603,0
20250424,100000,698.5,699,694.3,695.6,95834,0
20250424,110000,695.6,696.6,691.4,696.3,95810,0
20250424,120000,696.3,697,692.7,695.9,55413,0
20250424,130000,695.9,696.1,693,693.9,60931,0
20250424,140000,693.9,694.2,692.2,692.4,49348,0
20250424,150000,692.3,694.7,689.2,692.3,150225,0
20250424,160000,692.4,693.5,689.5,690.6,103078,0
20250424,170000,690.7,692,687,690.5,135443,0
20250424,180000,690.5,692,689.6,690,29165,0
20250424,190000,690,693.2,689.5,693.2,52195,0
20250424,200000,693.2,693.2,689.5,690.8,67119,0
20250424,210000,690.8,691.2,688,689.9,79159,0
20250424,220000,689.9,692.2,689.9,691.2,18462,0
20250424,230000,691.3,692,690.4,690.5,43285,0
20250425,070000,689.8,693,689.3,692.9,33402,0
20250425,080000,692.9,693.3,692.4,692.9,12874,0
20250425,090000,692.6,697.5,690.5,696.8,88831,0
20250425,100000,697.2,697.8,695,696.4,80724,0
20250425,110000,696.4,696.5,693.5,693.7,93705,0
20250425,120000,693.7,699.6,691.2,697.6,407211,0
20250425,130000,697.7,699.6,693.2,696.3,245809,0
20250425,140000,696.3,703.7,696.1,703,158737,0
20250425,150000,702.7,707,702,706.6,194368,0
20250425,160000,706.3,713.4,704.5,712.7,420537,0
20250425,170000,712.6,716.4,711.1,716.2,446752,0
20250425,180000,716.2,719.1,715.4,718,455804,0
20250425,190000,717.7,720.5,715.9,716.2,234297,0
20250425,200000,716.3,717.5,714.1,714.7,88353,0
20250425,210000,714.6,717.9,714.6,717.6,50948,0
20250425,220000,717.6,719.4,716.3,719.1,56683,0
20250425,230000,719,719.8,718,719.5,76104,0
20250426,090000,719.5,719.5,719.5,719.5,1534,0
20250426,100000,719.5,724.1,717.6,723.4,57257,0
20250426,110000,722.9,725.2,722.9,724.9,42218,0
20250426,120000,724.9,725.1,723.4,723.8,9115,0
20250426,130000,723.8,723.8,721.6,721.9,22670,0
20250426,140000,721.7,722.6,721.6,721.9,14998,0
20250426,150000,721.9,722,719.9,720.5,11859,0
20250426,160000,720.4,722.5,718.5,719,22352,0
20250426,170000,719,719.5,717.2,717.3,19246,0
20250426,180000,717.5,720.7,716.5,720.7,22372,0
20250427,090000,719.2,719.2,719.2,719.2,978,0
20250427,100000,719.5,721.4,719.2,720,8417,0
20250427,110000,720,720.8,719.5,720.2,4499,0
20250427,120000,719.7,720.3,719.5,719.7,1969,0
20250427,130000,720,720,719.5,719.9,2417,0
20250427,140000,719.7,719.9,719.4,719.7,1637,0
20250427,150000,719.8,719.9,719.1,719.1,3035,0
20250427,160000,719.5,719.7,718.6,719.5,4227,0
20250427,170000,719.5,721.4,719.2,720.9,12375,0
20250427,180000,721.3,721.6,720.1,721.1,5492,0
20250428,070000,721.4,722.4,718.5,719.7,33791,0
20250428,080000,719.7,720,717,717.5,24752,0
20250428,090000,717.5,717.6,712.1,714,155983,0
20250428,100000,714.1,714.2,708.8,711.9,211277,0
20250428,110000,711.9,713.5,707.8,707.9,145150,0
20250428,120000,707.8,712.5,707.4,711,168126,0
20250428,130000,711,718.8,710.3,716.9,268109,0
20250428,140000,716.8,728.4,715.3,728.4,532850,0
20250428,150000,728.4,729.9,726.5,728.5,306542,0
20250428,160000,728.3,733.8,725.7,730,386845,0
20250428,170000,729.9,732.4,729.4,729.4,162009,0
20250428,180000,729.5,730.2,728.4,729.7,98260,0
20250428,190000,729.8,730,726.4,729.4,70202,0
20250428,200000,729.1,729.3,723.2,727.4,146138,0
20250428,210000,727.4,727.4,722.8,723,40324,0
20250428,220000,722.9,727.9,722.4,724.8,52395,0
20250428,230000,724.8,726.4,724.7,725.4,14243,0
20250429,070000,725.4,730,725.2,728.3,47071,0
20250429,080000,728.3,728.7,724,724.3,22178,0
20250429,090000,724.4,724.7,722.5,724,66112,0
20250429,100000,724,726.3,722.5,723.7,109876,0
20250429,110000,723.7,725.4,718.2,720.4,227764,0
20250429,120000,720.5,722,716.8,720,165178,0
20250429,130000,720.1,721.9,716.6,719.2,135099,0
20250429,140000,719.2,719.8,714.3,719.8,236091,0
20250429,150000,719.5,723.1,718.6,722.4,85291,0
20250429,160000,722.5,727.5,719.5,724.4,282332,0
20250429,170000,724.4,724.9,717.5,718,169923,0
20250429,180000,718.1,719.3,716.4,718.2,179472,0
20250429,190000,718.4,720.4,709,710.9,214593,0
20250429,200000,710.9,724.4,709,721.9,211389,0
20250429,210000,722,725,717.9,723,141751,0
20250429,220000,722.9,724.1,722,723.4,93769,0
20250429,230000,723.7,724.8,721.9,723.1,27299,0
20250430,070000,722,723.7,718.1,719,84102,0
20250430,080000,719,722.6,717.9,721.3,69053,0
20250430,090000,721.2,725.7,720.2,722.9,104072,0
20250430,100000,722.9,723,716.2,718.4,136528,0
20250430,110000,718.4,718.4,709.1,710,272992,0
20250430,120000,710,710.9,701.9,707.9,345073,0
20250430,130000,708,709.9,706.5,709.7,260345,0
20250430,140000,709.4,722,709,721,506636,0
20250430,150000,721.1,727,718.1,718.1,512906,0
20250430,160000,718.1,719.6,712.6,713,247735,0
20250430,170000,713,717,711.5,713.5,193955,0
20250430,180000,713.5,715.2,711.1,711.5,206784,0
20250430,190000,711.2,713,706.5,710,156528,0
20250430,200000,710,715.1,709.3,712,106786,0
20250430,210000,712.1,713.6,710,711.6,32312,0
20250430,220000,711.6,720,711.1,717.7,79296,0
20250430,230000,717.6,717.9,713.6,714.9,26768,0
20250502,070000,714.9,714.9,709.6,711,24930,0
20250502,080000,711,713,711,711.1,8584,0
20250502,090000,711.3,711.6,702.3,703.2,141499,0
20250502,100000,703.2,704.6,700,701.5,258274,0
20250502,110000,701.3,703.8,698.6,702.9,139157,0
20250502,120000,702.7,702.9,699.2,700.8,68047,0
20250502,130000,700.7,703.1,700.3,701.1,43176,0
20250502,140000,701.1,702.6,698.4,699.9,61506,0
20250502,150000,700.1,701.3,698.1,701.1,231152,0
20250502,160000,700.7,702,699.3,699.3,26510,0
20250502,170000,699.4,701.4,698.7,699.3,104991,0
20250502,180000,699.3,699.3,696.3,696.3,135119,0
20250502,190000,696.5,700,696.4,697.9,107468,0
20250502,200000,697.9,699.7,696.3,698.6,66226,0
20250502,210000,698.6,702,697.9,699,61130,0
20250502,220000,699,700.9,696.4,697.3,41350,0
20250502,230000,697.3,701,696.3,698.9,90993,0
20250503,090000,700.8,700.8,700.8,700.8,151,0
20250503,100000,699,700.8,697.5,700.4,11301,0
20250503,110000,700.2,700.4,699.4,699.6,3248,0
20250503,120000,699.6,700.3,699.5,699.7,4142,0
20250503,130000,700.2,700.2,699.1,699.4,3759,0
20250503,140000,699.4,700.4,699.3,699.9,1662,0
20250503,150000,699.9,699.9,699.6,699.9,535,0
20250503,160000,699.6,699.8,698.8,699.1,1592,0
20250503,170000,698.8,699.2,698.3,699.2,2207,0
20250503,180000,699.4,699.6,698.4,698.7,2512,0
20250504,090000,698.7,698.7,698.7,698.7,119,0
20250504,100000,698.8,700.4,698.7,699.9,2719,0
20250504,110000,699.9,700.7,699.3,700.5,4705,0
20250504,120000,700.6,703.8,700.3,702.8,35466,0
20250504,130000,702.4,703,702.2,702.7,6588,0
20250504,140000,702.6,702.9,702.2,702.8,3732,0
20250504,150000,702.6,703.2,702.4,703,20349,0
20250504,160000,702.7,703.1,700,700,16275,0
20250504,170000,700,701.5,700,701.4,3130,0
20250504,180000,701.1,702.1,700,701.1,11226,0
20250505,070000,698.9,699.9,692.1,694,94318,0
20250505,080000,694,696.7,693,693.5,42251,0
20250505,090000,693.5,693.8,687,689.6,154883,0
20250505,100000,689.9,694.9,685.5,685.8,363625,0
20250505,110000,685.8,689,683.5,685.5,408103,0
20250505,120000,685.6,687.7,682.4,682.6,159226,0
20250505,130000,682.5,685.1,677.3,679.5,306044,0
20250505,140000,679.5,683,677.1,681,367077,0
20250505,150000,680.9,683.7,679.3,682.8,111127,0
20250505,160000,683,683,677.6,677.9,175779,0
20250505,170000,677.8,680.5,675.3,677.9,305481,0
20250505,180000,677.8,678.2,673.7,675.9,255948,0
20250505,190000,675.5,679.6,675.1,677.7,114657,0
20250505,200000,677.7,684.4,676.8,683.8,88132,0
20250505,210000,683.8,684.3,678.8,679.7,66872,0
20250505,220000,679.7,681.6,679.2,680.1,15132,0
20250505,230000,680.2,680.2,678.7,680,12529,0
20250506,070000,683.2,685.5,680.2,683,44163,0
20250506,080000,683,684.9,681.6,681.9,44104,0
20250506,090000,681.6,681.8,669,677.1,171368,0
20250506,100000,677.4,692.4,677.4,687.2,354133,0
20250506,110000,687.3,692.4,686,686.6,248957,0
20250506,120000,686.6,692.8,686.2,687.2,258904,0
20250506,130000,687.3,687.3,681.3,681.9,181618,0
20250506,140000,681.9,685.1,681.2,683.8,71498,0
20250506,150000,683.6,690,683.4,688.8,120906,0
20250506,160000,688.8,691.8,684.5,685.7,238691,0
20250506,170000,685.8,690.2,683.5,688.1,181880,0
20250506,180000,688.2,691,686.9,688.5,110956,0
20250506,190000,688.6,690.6,688,689.3,44492,0
20250506,200000,689.2,692,688.1,691.8,38931,0
20250506,210000,691.8,694.9,690.3,693.6,55948,0
20250506,220000,693.6,695,691.1,691.2,39806,0
20250506,230000,691.1,693.1,684.3,685,83344,0
20250507,070000,686.3,691.8,685.5,691.4,37540,0
20250507,080000,691.3,693.5,689.9,690.2,22736,0
20250507,090000,690.2,690.2,683.1,684.2,149924,0
20250507,100000,684.1,689.8,680.7,688,181142,0
20250507,110000,688,695.7,686.5,694.4,209418,0
20250507,120000,694.3,694.8,691.1,692.9,131573,0
20250507,130000,693.1,694.6,690.5,693.2,157272,0
20250507,140000,693.3,694.2,691.1,693.7,150047,0
20250507,150000,693.5,694.1,687.9,692.7,296092,0
20250507,160000,692.3,692.8,684,684.1,323780,0
20250507,170000,684.3,698,683,693.3,360907,0
20250507,180000,693.7,693.9,686.6,691.2,323472,0
20250507,190000,693,697.4,691.2,693.1,159480,0
20250507,200000,693,694,689.4,689.9,30986,0
20250507,210000,690,691.8,686.5,689.8,27084,0
20250507,220000,689.8,691.8,689.6,690.3,16202,0
20250507,230000,690.4,693,689.7,691.6,30428,0
20250508,070000,691.6,696.5,691.6,694.9,21777,0
20250508,080000,694.6,696.3,694.6,695.2,14436,0
20250508,090000,695.2,696.6,693.1,695.7,42563,0
20250508,100000,695.5,698,693.7,696.7,123435,0
20250508,110000,696.6,697.9,696,697.6,13378,0
20250508,120000,697.6,698.3,695.9,697.3,46727,0
20250508,130000,697.3,698.2,696.3,696.8,33665,0
20250508,140000,696.8,697.2,692.5,693.2,73583,0
20250508,150000,693,694.9,690.4,692.9,48360,0
20250508,160000,693.1,697.9,692.9,695.8,84784,0
20250508,170000,696.1,697.5,695.5,696.1,18242,0
20250508,180000,696.2,697,694.1,695.4,18023,0
20250508,190000,695.5,696.4,692.4,695.5,31827,0
20250508,200000,695.4,699.8,694.8,698.9,52523,0
20250508,210000,698.9,698.9,695.6,696.7,25574,0
20250508,220000,696.9,697.9,696.3,697.1,14002,0
20250508,230000,697.1,697.4,696.2,696.8,20071,0
20250510,090000,697.7,697.7,697.7,697.7,64,0
20250510,100000,697.8,702,697.8,700.9,20711,0
20250510,110000,700.8,700.8,699.2,699.4,6006,0
20250510,120000,699.4,700,699.2,699.6,2172,0
20250510,130000,699.6,700.4,699.2,700.3,6312,0
20250510,140000,700.4,700.9,699.9,700.7,4800,0
20250510,150000,700.9,700.9,699.4,700,3785,0
20250510,160000,699.9,700,699.3,699.5,2352,0
20250510,170000,699.7,700,699.3,699.9,3438,0
20250510,180000,699.9,700.8,698.6,700.5,12493,0
20250511,090000,703.3,703.3,703.3,703.3,3172,0
20250511,100000,703.4,712.5,703.4,708.3,49352,0
20250511,110000,708.3,709.2,707.1,707.8,16703,0
20250511,120000,707.1,709.1,706.5,708.4,17708,0
20250511,130000,708.2,708.5,707.2,708.1,4690,0
20250511,140000,708.2,708.3,707.2,708.3,4831,0
20250511,150000,708.2,708.5,706.1,706.2,8521,0
20250511,160000,706.3,706.8,705.2,705.7,9017,0
20250511,170000,706.1,706.8,705.3,705.5,2606,0
20250511,180000,705.7,706.8,705.3,705.7,5399,0
20250512,070000,708.5,713.9,707.2,713.6,72704,0
20250512,080000,713.7,717,713.6,714,50339,0
20250512,090000,714.3,719.9,714,719.4,123199,0
20250512,100000,719.4,724.6,718.7,719.8,501244,0
20250512,110000,719.9,720.9,714.4,715,266703,0
20250512,120000,715,717.1,713.3,715.7,332070,0
20250512,130000,715.7,716,713.2,714.8,177406,0
20250512,140000,714.8,718.4,713,716.2,150452,0
20250512,150000,716.2,717.6,714.3,716,88406,0
20250512,160000,715.9,717.6,710.3,711.1,116152,0
20250512,170000,711.1,719.5,710.3,715.7,371664,0
20250512,180000,715.8,718.7,714.3,718.7,94391,0
20250512,190000,718.5,719,717.1,718,30365,0
20250512,200000,718,720.6,717.4,719.9,42622,0
20250512,210000,719.9,720,718.2,719.1,25628,0
20250512,220000,719.2,719.2,717.9,718.6,18831,0
20250512,230000,718.6,721.2,718.6,720.9,41677,0
20250513,070000,720.9,721.9,717.3,720.2,26343,0
20250513,080000,720.3,722.8,720,721.6,40991,0
20250513,090000,721.2,721.5,719.5,719.9,37916,0
20250513,100000,719.8,720.7,718,719.3,166256,0
20250513,110000,719.3,719.9,715.3,716.2,259379,0
20250513,120000,716,719,712.7,717.4,328943,0
20250513,130000,717.4,717.6,714.7,715,74810,0
20250513,140000,715,715,712.9,712.9,65260,0
20250513,150000,713,719,712.5,715.7,284446,0
20250513,160000,715.8,717,715.4,716.8,179826,0
20250513,170000,716.8,716.8,714.5,715,118479,0
20250513,180000,715,715,713.5,714,92553,0
20250513,190000,714,715.7,712.8,714,53459,0
20250513,200000,714.1,715,714,714.2,7566,0
20250513,210000,714.1,715,714,714.4,9470,0
20250513,220000,714.4,715.5,714.2,715,10395,0
20250513,230000,714.9,716.3,714.1,715.8,16002,0
20250514,070000,716.9,716.9,714.2,714.3,5627,0
20250514,080000,714.6,715,714.6,714.9,2218,0
20250514,090000,715,715.8,713.8,714.8,23979,0
20250514,100000,714.8,716.2,712.1,715.5,203534,0
20250514,110000,715.4,715.5,714.1,714.3,141410,0
20250514,120000,714.3,715.1,713.5,714,45482,0
20250514,130000,714,714.6,713,713.2,56783,0
20250514,140000,713.2,715.5,713.1,714,141072,0
20250514,150000,714.1,716.8,713.6,716.4,106934,0
20250514,160000,716.4,720.2,713.4,713.6,173841,0
20250514,170000,713.6,714,712,712.1,73569,0
20250514,180000,712.2,713.9,711.7,712,30784,0
20250514,190000,712,714,711.2,711.8,25198,0
20250514,200000,711.8,713,711.2,712.4,6946,0
20250514,210000,712.4,712.4,708,709.8,88404,0
20250514,220000,709.8,711.7,702,703.5,110252,0
20250514,230000,703.5,707.8,700,700.5,148379,0
20250515,070000,701,706.4,698,706.4,46759,0
20250515,080000,706.3,706.4,705.3,705.6,8498,0
20250515,090000,705.6,706.9,702.1,702.7,47730,0
20250515,100000,702.7,703.8,695.9,696.8,218059,0
20250515,110000,696.9,698.5,693,695,235893,0
20250515,120000,695,695.9,689.6,694.1,427108,0
20250515,130000,694.1,695,690,692.8,177881,0
20250515,140000,692.8,696.3,691,695.1,146013,0
20250515,150000,695,697,694.8,696.3,76404,0
20250515,160000,696.3,700,690.1,698.1,183042,0
20250515,170000,698,699,695.6,696.9,64007,0
20250515,180000,696.8,697.2,690.2,690.2,133488,0
20250515,190000,691.3,694.1,690.3,692.9,85866,0
20250515,200000,692.8,694.4,691.7,693.3,20315,0
20250515,210000,693.3,696.4,693.1,695.3,53074,0
20250515,220000,695.4,695.7,694,694.2,5430,0
20250515,230000,694.3,695.8,694.2,695.7,8314,0
20250516,070000,695,698.1,693,696.4,17344,0
20250516,080000,696.4,699,695.1,698.7,36034,0
20250516,090000,698.7,698.7,693.5,694.4,28630,0
20250516,100000,694.5,698.8,693,696.3,92928,0
20250516,110000,696.3,698.3,695.4,697.6,51076,0
20250516,120000,697.5,698.8,696.3,698.7,80201,0
20250516,130000,698.6,698.8,693.1,695.5,90293,0
20250516,140000,695.4,700.8,692.2,699.7,111791,0
20250516,150000,699.7,701.3,684.9,687.5,485525,0
20250516,160000,687.3,710.8,682.2,705,1186201,0
20250516,170000,705,708.8,700,701.2,219655,0
20250516,180000,701.2,702.9,697.1,699.3,146097,0
20250516,190000,698.6,703.2,698,701.7,37119,0
20250516,200000,701.9,703.9,698.2,699.3,51579,0
20250516,210000,699.3,700,699,699.2,10903,0
20250516,220000,699.3,700,698.4,700,19030,0
20250516,230000,699.9,700,697.9,699,27736,0
20250517,090000,700.8,700.8,700.8,700.8,178,0
20250517,100000,700.9,703,700.8,702.3,7449,0
20250517,110000,702.7,702.9,701.9,702.4,3101,0
20250517,120000,702.4,702.9,702,702.2,2806,0
20250517,130000,702.6,702.8,701.9,702.5,1567,0
20250517,140000,701.9,702.8,701.8,702.1,1372,0
20250517,150000,702.5,702.9,702.5,702.9,712,0
20250517,160000,702.6,703.4,702.5,703,2831,0
20250517,170000,703,703,702.4,703,1213,0
20250517,180000,703,706.3,703,706.3,27455,0
20250518,090000,707,707,707,707,5309,0
20250518,100000,707,712,706.5,710.9,55989,0
20250518,110000,710.9,712,709.7,712,24173,0
20250518,120000,712,712.2,710.7,710.9,8998,0
20250518,130000,710.9,711.2,709.5,709.8,19503,0
20250518,140000,709.7,710.3,707.1,708.4,51780,0
20250518,150000,708.3,708.7,707.5,708.7,4807,0
20250518,160000,708.6,710.3,708.1,709.9,7675,0
20250518,170000,709.9,710.3,709.2,710.1,6666,0
20250518,180000,709.7,710.3,709.1,709.9,10106,0
20250519,070000,710,710.7,704.7,706,25841,0
20250519,080000,706.2,707.4,704.4,704.7,40703,0
20250519,090000,704.5,704.7,700.3,700.9,86231,0
20250519,100000,700.8,703.2,697.7,699.2,148406,0
20250519,110000,699.1,702,698.3,702,51772,0
20250519,120000,702,705,700.3,703.1,66177,0
20250519,130000,703.1,703.2,701.8,702.4,34310,0
20250519,140000,702.4,708.3,701.9,707.5,72357,0
20250519,150000,707.5,708.3,704.4,706.1,44480,0
20250519,160000,706.2,707.3,701.9,701.9,128434,0
20250519,170000,701.9,704.2,699,700.8,156205,0
20250519,180000,700.6,706.8,700.5,703.7,118855,0
20250519,190000,703.7,713.9,703.5,708,409626,0
20250519,200000,708.1,712,703.9,705.1,184368,0
20250519,210000,705,706.4,701,702.3,112910,0
20250519,220000,702.3,702.4,701,701.6,22040,0
20250519,230000,701.4,703.9,700,703.9,53539,0
20250520,070000,703,705,702.7,704.4,9039,0
20250520,080000,704.6,705.3,704.1,704.6,11841,0
20250520,090000,704.2,704.3,700,702,66668,0
20250520,100000,702,702,698,699.5,138752,0
20250520,110000,699.6,700.7,697,698.1,132390,0
20250520,120000,698,705,696.5,702.4,160418,0
20250520,130000,702.5,702.7,697.4,700.6,86232,0
20250520,140000,700.8,701.2,698.9,699.2,44690,0
20250520,150000,699.3,699.3,696.8,697.2,67499,0
20250520,160000,697.2,699.5,696.1,696.7,152494,0
20250520,170000,696.6,697.6,694.1,694.9,131226,0
20250520,180000,694.9,694.9,689.7,689.7,190881,0
20250520,190000,690,693.4,688,689.8,171155,0
20250520,200000,689.7,690.8,689.4,690.7,34626,0
20250520,210000,690.7,690.9,688.8,690.9,36691,0
20250520,220000,690.5,690.9,689.3,690,25018,0
20250520,230000,690,690.9,689.4,690.9,20189,0
20250521,070000,691.6,697.7,691.4,694.7,75516,0
20250521,080000,694.7,694.7,693.6,694.2,13189,0
20250521,090000,693.9,695.7,690.6,691.5,118900,0
20250521,100000,691.5,692.1,688.2,691,104932,0
20250521,110000,690.7,693.3,690.1,690.7,109403,0
20250521,120000,690.6,691.3,688.2,690.4,71507,0
20250521,130000,690.4,691,689.1,689.7,47004,0
20250521,140000,689.6,699.9,689.2,696.4,227225,0
20250521,150000,696.3,699.4,695.4,697.9,102723,0
20250521,160000,697.7,698.6,694.2,695.6,61232,0
20250521,170000,695.4,696,692.1,695.2,71384,0
20250521,180000,695.2,696.3,687.4,688.2,279839,0
20250521,190000,689.9,691,688,689.4,55075,0
20250521,200000,689.3,689.7,687.6,689.2,21868,0
20250521,210000,689.2,690.5,688.5,689.9,22463,0
20250521,220000,690,690.5,687.7,690.3,38641,0
20250521,230000,690.3,693.3,690.2,691.4,34368,0
20250522,070000,691,691.8,689,689.4,13515,0
20250522,080000,689.5,689.5,681.3,687,61260,0
20250522,090000,687.1,687.2,682,683.8,95676,0
20250522,100000,683.8,683.8,678.4,678.7,206436,0
20250522,110000,678.7,686.6,678.4,682.4,318780,0
20250522,120000,682.5,684.6,680,683.2,213158,0
20250522,130000,683.2,683.9,680.6,681.6,82330,0
20250522,140000,681.6,684.7,680.5,681.2,169424,0
20250522,150000,680.9,693,678.3,689.2,457679,0
20250522,160000,689.2,690.8,682.2,685.5,267748,0
20250522,170000,685.5,699,683.7,696,542577,0
20250522,180000,696,696.6,690.6,691,222111,0
20250522,190000,691.4,692.9,684.7,688.5,89640,0
20250522,200000,688.5,689.8,686.9,689.8,30316,0
20250522,210000,689.7,689.9,686.9,688.2,36506,0
20250522,220000,688,691.2,688,689.7,21618,0
20250522,230000,689.8,692.7,689.3,692.7,20306,0
20250523,070000,692.7,692.9,689.9,692,7354,0
20250523,080000,692,693.8,688.9,690,34569,0
20250523,090000,689.7,694.3,689.2,694.2,49840,0
20250523,100000,694.2,699,691.3,696.3,288800,0
20250523,110000,696.2,696.7,692.2,694.8,156262,0
20250523,120000,694.9,697.3,693.5,695,127460,0
20250523,130000,695.3,697.9,694,697.4,161339,0
20250523,140000,697.1,697.4,690.6,691.5,187166,0
20250523,150000,691.3,692.9,688.1,689.2,268996,0
20250523,160000,689,692.6,688.1,690,210046,0
20250523,170000,690.1,695.9,690,690.9,142570,0
20250523,180000,690.8,691.2,686,686,117759,0
20250523,190000,686.3,690.2,686.3,689.5,29027,0
20250523,200000,689.6,689.9,688.9,688.9,6743,0
20250523,210000,688.9,689.4,688.5,689.4,9494,0
20250523,220000,689.4,690.3,688.9,690,16347,0
20250523,230000,689.9,692,688.7,690.7,20960,0
20250526,070000,690.4,690.4,683,683.5,59813,0
20250526,080000,683.3,685,681.1,684.2,56193,0
20250526,090000,684.2,686.2,683.8,685.9,60155,0
20250526,100000,685.9,687,683.7,684.7,112192,0
20250526,110000,684.7,685.6,679.9,681.9,148213,0
20250526,120000,681.9,682.5,679,679.5,183606,0
20250526,130000,679.8,681.2,678.2,678.4,95297,0
20250526,140000,678.7,680,674.1,675.2,205469,0
20250526,150000,675.1,681.8,674,679.1,86156,0
20250526,160000,679.1,680,676.8,677.1,61357,0
20250526,170000,677,678.6,675.3,675.6,104084,0
20250526,180000,675.6,676.8,674.2,674.2,56963,0
20250526,190000,675.3,678.2,675,678,81025,0
20250526,200000,677.9,678.2,677.2,678,12274,0
20250526,210000,678,678.6,677.4,678.6,16782,0
20250526,220000,678.6,680.2,678.6,679.9,13555,0
20250526,230000,679.9,680.2,678.5,678.6,9221,0
20250527,070000,678.6,680.2,670.1,671.7,74833,0
20250527,080000,672,677,670.2,676.8,24304,0
20250527,090000,676.8,685.9,676.8,684.8,94343,0
20250527,100000,684.7,684.9,680.5,681.2,75110,0
20250527,110000,681.2,685.4,680.5,684,219563,0
20250527,120000,684.2,684.6,680.7,683.9,42084,0
20250527,130000,683.9,684,682.4,683,47293,0
20250527,140000,682.9,683.4,680.6,682.6,41232,0
20250527,150000,682.6,683,679.2,680.4,98816,0
20250527,160000,680.3,680.9,676.2,679.3,88047,0
20250527,170000,679.3,681.3,678,679.3,79416,0
20250527,180000,679.3,682.1,677.6,680.1,96551,0
20250527,190000,680.1,682.6,679.5,682.2,22521,0
20250527,200000,682.2,682.4,680.6,681.6,12948,0
20250527,210000,682,683,678.8,679.3,37764,0
20250527,220000,679.3,680.6,679.3,680.2,4058,0
20250527,230000,680.2,680.9,680,680.1,7128,0
20250528,070000,680.5,685.7,679,684.2,57532,0
20250528,080000,684.2,690,684.2,688.8,70631,0
20250528,090000,688.8,689,684.5,685.6,97149,0
20250528,100000,685.6,689,683.5,683.9,199331,0
20250528,110000,684,685.3,681.3,682.1,119800,0
20250528,120000,682.4,684.2,681.2,683.2,137798,0
20250528,130000,683.5,683.5,678.3,678.9,134750,0
20250528,140000,679.2,680.9,672,672.7,398273,0
20250528,150000,672.7,679.3,672.1,678.5,212036,0
20250528,160000,678.5,680.9,676,677.1,155125,0
20250528,170000,677.6,679.7,676.5,679.7,74565,0
20250528,180000,679.6,680,676,676.8,141348,0
20250528,190000,678.7,684.8,678,684.4,261537,0
20250528,200000,684.4,684.4,683.1,683.8,31778,0
20250528,210000,683.8,686.2,683.6,685.1,150105,0
20250528,220000,685.1,686.4,684.1,685.9,48751,0
20250528,230000,686,686,684.9,685.8,36398,0
20250529,070000,686.2,688.2,683.1,688,56478,0
20250529,080000,687.8,689.7,685,685.7,47680,0
20250529,090000,685.9,687,683.6,684.5,43711,0
20250529,100000,684.5,686.7,682,685.3,144893,0
20250529,110000,685.3,689.9,684.9,688.7,159476,0
20250529,120000,688.9,689.9,687.1,687.8,69940,0
20250529,130000,687.7,695.9,686.5,695.3,502465,0
20250529,140000,695.2,695.9,692.8,695.2,183784,0
20250529,150000,695.4,698,693.3,694.6,452250,0
20250529,160000,694.6,694.6,690.1,692.9,253833,0
20250529,170000,693,693.8,686.1,688.8,344209,0
20250529,180000,688.8,691.9,687.5,687.9,94298,0
20250529,190000,687.9,690.1,683,690,126334,0
20250529,200000,690,690,686.7,687.7,57371,0
20250529,210000,687.7,690.7,687,690.7,52241,0
20250529,220000,690.4,690.7,688.7,690,27107,0
20250529,230000,689.9,690,687.5,687.8,32320,0
20250530,070000,687,692.8,683.6,692.7,81656,0
20250530,080000,692.8,695.8,691.9,693.9,64685,0
20250530,090000,693.9,694.9,692.3,693.7,51389,0
20250530,100000,693.6,695.1,692.7,694.1,194805,0
20250530,110000,694.1,695.9,692.5,695.4,222858,0
20250530,120000,695.7,699.1,694,697.8,408825,0
20250530,130000,697.9,702.5,697.8,699.9,224559,0
20250530,140000,699.9,703.3,698.5,699.8,200428,0
20250530,150000,699.8,702,695.8,701.7,289192,0
20250530,160000,701.7,705.8,701.3,703.5,415275,0
20250530,170000,703.6,705.7,703.1,705.5,309406,0
20250530,180000,705.5,706.7,704.3,706.1,303131,0
20250530,190000,705.9,706.6,703.3,704.5,121167,0
20250530,200000,704.4,705.3,703.5,705,81845,0
20250530,210000,705,706.3,703.7,704,95822,0
20250530,220000,704,705.9,703.8,705.9,47734,0
20250530,230000,705.8,706.1,703.4,704.8,227730,0
20250602,070000,654.7,658.1,640,656.4,524208,0
20250602,080000,656.4,656.6,652.6,654.8,102923,0
20250602,090000,654.8,666.2,654.5,663.4,444967,0
20250602,100000,663.4,663.7,660.8,662.7,345172,0
20250602,110000,662.7,663.6,660.3,661.6,259984,0
20250602,120000,661.6,666,661.2,665.9,421622,0
20250602,130000,665.7,666.8,661.5,662.6,456594,0
20250602,140000,662.6,662.8,658.1,660.9,548550,0
20250602,150000,660.6,665.5,656.1,656.5,324017,0
20250602,160000,656.2,660.2,651.2,651.4,496254,0
20250602,170000,651.4,659.3,650.9,655.9,473818,0
20250602,180000,656,658.9,655.3,658.9,169244,0
20250602,190000,658.9,659.9,655.5,657.5,130253,0
20250602,200000,657.5,659.2,655.6,657.8,79161,0
20250602,210000,657.8,658.9,657.5,657.7,63316,0
20250602,220000,657.5,657.9,654.5,657,106565,0
20250602,230000,656.9,657,656,656.5,36291,0
20250603,070000,656.5,659.6,655.3,658,41856,0
20250603,080000,658,659.3,657,657.2,38827,0
20250603,090000,657.2,658.7,656,657.8,60497,0
20250603,100000,657.7,659.3,654,655,414241,0
20250603,110000,654.9,656.1,652.9,655.8,262795,0
20250603,120000,655.8,658.9,655.1,658,322589,0
20250603,130000,657.9,658.8,655.5,657.5,199753,0
20250603,140000,657.9,659,657.1,658,144757,0
20250603,150000,658,658.2,655.4,655.4,105212,0
20250603,160000,655.4,658,654.5,656.8,178043,0
20250603,170000,656.9,657.9,654.9,656.1,139414,0
20250603,180000,656.4,658,654.5,657.5,126847,0
20250603,190000,657.5,658.8,655.5,657.8,50942,0
20250603,200000,657.8,658.8,656.7,658.6,28184,0
20250603,210000,658.4,661.9,658.4,659.9,128340,0
20250603,220000,659.8,662,659.4,661.6,35939,0
20250603,230000,661.6,662,661.2,661.7,19021,0
20250604,070000,662.2,664,658,659.5,178530,0
20250604,080000,659.5,661,659,660.5,17243,0
20250604,090000,660.5,661.7,659.2,661.6,40683,0
20250604,100000,661.6,662.3,659.5,660,150653,0
20250604,110000,659.9,660.3,659.1,659.7,97777,0
20250604,120000,659.6,661.6,659.2,661.3,83834,0
20250604,130000,661.4,663.8,659.8,660.1,258269,0
20250604,140000,660.1,661.2,659.6,661.1,165556,0
20250604,150000,661.1,662,657.9,658.6,454410,0
20250604,160000,658.6,661.3,656.8,659.8,280313,0
20250604,170000,659.8,660.3,651.1,657.3,648193,0
20250604,180000,657.2,657.7,654,655.4,164243,0
20250604,190000,659.2,661,657.4,660.8,182420,0
20250604,200000,661,662,658.4,659.8,48311,0
20250604,210000,659.5,660,657.7,657.9,41820,0
20250604,220000,657.9,658.2,655.8,657,27297,0
20250604,230000,657.2,658.9,655.6,656.7,37914,0
20250605,070000,656.8,660,656.5,660,9051,0
20250605,080000,660,660,658.4,658.9,8724,0
20250605,090000,658.5,660.8,657.9,660.4,30223,0
20250605,100000,660.4,661.5,658,658.1,77807,0
20250605,110000,658.1,658.9,656,657.4,130722,0
20250605,120000,657.5,659.5,654.8,656.7,318482,0
20250605,130000,656.7,659.2,654.6,658.5,99853,0
20250605,140000,658.5,659.6,656.2,658.9,61564,0
20250605,150000,658.9,659,655.1,655.1,103368,0
20250605,160000,655.3,657,654.5,655.1,127065,0
20250605,170000,655.1,657.9,653,655.4,155877,0
20250605,180000,655.4,658,655,658,100843,0
20250605,190000,658,658,654.2,654.6,64752,0
20250605,200000,654.6,655.4,653.2,653.7,52949,0
20250605,210000,653.7,654.6,653.4,654.5,18907,0
20250605,220000,654.5,656.2,654.4,656.2,15189,0
20250605,230000,656.2,656.6,654.1,654.3,20005,0
20250606,070000,654.9,656.7,654.6,656,13350,0
20250606,080000,656,656.3,655.7,656,9291,0
20250606,090000,656,657,655.8,656.3,27002,0
20250606,100000,656.3,666,655.7,665,350808,0
20250606,110000,665,665.8,659.3,663.3,254195,0
20250606,120000,663.3,664.6,661.1,662.1,192813,0
20250606,130000,662,670,660,663,920607,0
20250606,140000,662.9,663.1,655.6,657.2,339948,0
20250606,150000,657.1,657.8,652,654.5,634080,0
20250606,160000,654.5,656,652.2,656,248640,0
20250606,170000,655.9,656.8,648,648.8,803646,0
20250606,180000,648.8,650.2,644.3,644.5,245487,0
20250606,190000,644.5,646,643.3,644.7,135802,0
20250606,200000,644.8,646,643.2,644.5,67233,0
20250606,210000,644.5,644.7,643.3,644.6,12756,0
20250606,220000,644.6,644.7,639.6,640.6,120128,0
20250606,230000,640.9,641.5,638.4,639.1,48231,0
20250607,090000,642.7,642.7,642.7,642.7,256,0
20250607,100000,642.7,645.4,642.2,644.4,14005,0
20250607,110000,644.4,644.6,642.2,643.3,8113,0
20250607,120000,643.3,643.5,642.5,643.2,3784,0
20250607,130000,643.2,643.6,642.5,643,4902,0
20250607,140000,643.4,643.9,643,643.8,2240,0
20250607,150000,643.5,644.1,643.3,643.9,1011,0
20250607,160000,643.7,644.4,643.1,643.6,1626,0
20250607,170000,643.6,644.2,643.1,644,2789,0
20250607,180000,644.2,644.6,643.8,644,3645,0
20250608,090000,644,644,644,644,221,0
20250608,100000,644.1,645.7,643.2,643.2,4195,0
20250608,110000,643.5,644.5,643.2,644,10190,0
20250608,120000,643.9,644.4,643.9,644.4,1110,0
20250608,130000,644,644.4,643.1,643.4,10856,0
20250608,140000,643.1,643.7,642.8,642.8,2040,0
20250608,150000,643,643,641.5,642.1,12625,0
20250608,160000,642.1,643.2,641.5,642.5,7191,0
20250608,170000,642.5,643.4,642,642.5,4346,0
20250608,180000,642.8,644.1,642.3,643.6,6002,0
20250609,070000,643.6,644.9,638.7,643,89792,0
20250609,080000,643,643,640.6,641.5,11902,0
20250609,090000,641.3,641.5,635.8,637.1,109570,0
20250609,100000,637.4,640.9,633.2,633.4,173242,0
20250609,110000,633.3,636,631,631.4,180984,0
20250609,120000,631.5,634.9,628.4,634.3,275554,0
20250609,130000,634.2,635.4,630.7,632.1,116382,0
20250609,140000,632.2,632.5,625.5,628.9,274508,0
20250609,150000,628.9,630.4,625.2,629.8,159373,0
20250609,160000,629.9,630.8,628,628,71428,0
20250609,170000,628.1,632.3,627.5,629.5,170867,0
20250609,180000,629.5,631.5,629,631.1,90982,0
20250609,190000,630.8,639.3,630.5,637.2,263718,0
20250609,200000,637.6,641,636.8,639,119132,0
20250609,210000,638.9,639.4,636.9,638.3,38673,0
20250609,220000,638.3,641.1,638.3,640.3,38901,0
20250609,230000,640,640.7,638.6,640.2,12694,0
20250610,070000,641.3,643.4,638.2,643.1,28510,0
20250610,080000,642.9,643.3,642.2,642.8,20616,0
20250610,090000,642.5,642.6,640.1,640.9,49075,0
20250610,100000,640.7,641.6,634,635,204141,0
20250610,110000,635,636.4,631.8,633.5,156556,0
20250610,120000,633.7,633.9,630.5,631,119689,0
20250610,130000,630.8,630.9,624.4,626.7,435311,0
20250610,140000,626.6,628,624,625.4,72799,0
20250610,150000,625.3,625.4,622.5,622.6,193483,0
20250610,160000,622.6,623.5,621,623.1,216898,0
20250610,170000,623.1,624,620.5,620.9,130090,0
20250610,180000,620.9,626.6,620,625.2,168025,0
20250610,190000,625.3,627,625.2,626.1,65393,0
20250610,200000,626.1,626.5,623.4,624.4,38880,0
20250610,210000,624.6,626,624.3,625.8,11915,0
20250610,220000,625.7,626.6,624.7,625.4,34616,0
20250610,230000,625.9,626.4,624.7,626,11123,0
20250611,070000,625,627.6,625,626.7,19051,0
20250611,080000,626.7,627,622.2,624.9,15005,0
20250611,090000,625.2,626.9,623.3,626.8,16847,0
20250611,100000,626.5,631.3,625.6,629.3,175282,0
20250611,110000,629.2,630.8,626.8,627.6,56294,0
20250611,120000,627.6,628.6,624.5,627.8,54940,0
20250611,130000,627.8,630.3,627.8,629.5,54307,0
20250611,140000,629.3,630,628.3,630,39997,0
20250611,150000,630,633.2,629.6,630.9,121290,0
20250611,160000,630.9,631.7,627.5,627.7,137561,0
20250611,170000,627.7,627.7,624.4,626.9,103225,0
20250611,180000,626.8,627.2,625.3,625.3,47614,0
20250611,190000,625.5,626.6,618.6,620.1,160891,0
20250611,200000,620.1,622.3,618,618.6,51419,0
20250611,210000,618.7,622.9,618.6,622,24807,0
20250611,220000,621.8,623.5,621.8,623.3,24317,0
20250611,230000,623.3,623.7,622.3,622.9,16358,0
20250613,070000,639.6,639.6,631.3,635.6,110333,0
20250613,080000,635.6,637,635,636.2,46542,0
20250613,090000,635.8,635.8,624.6,628.2,124511,0
20250613,100000,628.3,636.1,626,635,209465,0
20250613,110000,635,635.7,633.9,635.1,83967,0
20250613,120000,635.2,642.9,635.1,642.5,234951,0
20250613,130000,642.5,652.5,642,649.5,463064,0
20250613,140000,649.6,650.5,646,649.2,118188,0
20250613,150000,649.2,652,648.3,649.9,266620,0
20250613,160000,650,655,649.9,653.6,194993,0
20250613,170000,653.6,657.2,651.9,653.6,168133,0
20250613,180000,653.6,654.8,651.3,653,91126,0
20250613,190000,653,653.5,651.3,653.3,43056,0
20250613,200000,653.2,656,652.7,655.5,41279,0
20250613,210000,655.5,657.1,655,656.1,79820,0
20250613,220000,656,656.9,653.5,653.8,78120,0
20250613,230000,653.7,655.7,653,654.7,41463,0
20250614,090000,660.2,660.2,660.2,660.2,10013,0
20250614,100000,659.9,663.1,657.9,660.9,131769,0
20250614,110000,660.9,662.9,660.2,662.4,40839,0
20250614,120000,662.4,666.3,662.3,666,152692,0
20250614,130000,666,666.1,664.3,665,24703,0
20250614,140000,665,666,663.9,665.3,31208,0
20250614,150000,665.2,665.5,664,664.8,16819,0
20250614,160000,665.2,665.9,664.2,664.8,15823,0
20250614,170000,664.8,665.2,663.8,664.7,32311,0
20250614,180000,665.2,666.9,664.1,666.6,117063,0
20250615,090000,671.4,671.4,671.4,671.4,7958,0
20250615,100000,671.8,674.2,654.2,658,609285,0
20250615,110000,658,661.5,657.7,658.6,73169,0
20250615,120000,658.6,658.8,655.7,657.4,35565,0
20250615,130000,657.8,657.8,656,657,26801,0
20250615,140000,657.3,663.1,657.2,662.2,55434,0
20250615,150000,662.4,663,662.1,662.6,14153,0
20250615,160000,662.3,663.4,659.5,660.4,37143,0
20250615,170000,660.5,661.8,658.5,659.6,31316,0
20250615,180000,659,661.4,659,660.9,9221,0
20250616,070000,660.6,660.8,654.7,657,60971,0
20250616,080000,657,658.3,656.2,657.4,15732,0
20250616,090000,657.4,657.4,645.4,650.9,383102,0
20250616,100000,650.9,651.4,645.4,646.2,419692,0
20250616,110000,646.2,650.3,645.7,648.6,174264,0
20250616,120000,648.5,654,648.4,653.5,224259,0
20250616,130000,653.4,654.8,650,650.7,225834,0
20250616,140000,650.4,650.5,647.6,649.5,416111,0
20250616,150000,649.5,650.1,646.5,647.5,141658,0
20250616,160000,647.4,648.5,643,643.5,180651,0
20250616,170000,643.4,645.6,642,644.2,197198,0
20250616,180000,643.9,646,642.9,645.4,92710,0
20250616,190000,645.4,648,643.3,647.2,76531,0
20250616,200000,647.2,647.7,645.8,646.6,20211,0
20250616,210000,646.6,647.6,646,646.6,21486,0
20250616,220000,646.5,646.6,644.1,644.7,32414,0
20250616,230000,644.9,646.4,644.1,646,19239,0
20250617,070000,644.5,649.8,644.5,648.5,68319,0
20250617,080000,648.8,651.5,648.6,650.2,83873,0
20250617,090000,650,650.4,645.7,645.7,48545,0
20250617,100000,645.6,654.7,645,652.5,218050,0
20250617,110000,652.6,654.1,650.7,651.8,131893,0
20250617,120000,651.8,658,651.7,656.9,223364,0
20250617,130000,656.9,657.2,654.2,655.2,86681,0
20250617,140000,655.2,655.6,654.4,654.7,37468,0
20250617,150000,654.8,658.2,654.8,656.7,108129,0
20250617,160000,656.7,661.4,656.4,660.7,226823,0
20250617,170000,660.7,661.3,659,660.3,97543,0
20250617,180000,660.5,661.3,659,660.2,130039,0
20250617,190000,660.2,661.1,660.2,661.1,47091,0
20250617,200000,661,665.4,660.9,664,92969,0
20250617,210000,663.9,666,663.5,663.9,102262,0
20250617,220000,663.8,664.1,661.3,664.1,75343,0
20250617,230000,664.1,665,662.2,663.6,37587,0
20250618,070000,667,667.4,662.3,663.2,34151,0
20250618,080000,663,663.4,660.9,662.6,16575,0
20250618,090000,662.9,664,661.8,663,28896,0
20250618,100000,662.9,663,658.2,661.1,157313,0
20250618,110000,661.1,661.4,658.7,659.6,103047,0
20250618,120000,659.6,664,658.8,663,142056,0
20250618,130000,663,666.5,662.1,664.9,118877,0
20250618,140000,664.9,665.5,663,663.1,65253,0
20250618,150000,663.1,665,661.4,665,55184,0
20250618,160000,664.9,665.8,663,665.1,98446,0
20250618,170000,665.2,665.3,658.3,661.5,324725,0
20250618,180000,661.5,663.1,661.1,661.6,54598,0
20250618,190000,662,665,661.6,664.3,73761,0
20250618,200000,664.3,664.3,661,662,44273,0
20250618,210000,661.7,662.8,661.6,662.5,23325,0
20250618,220000,662.5,662.5,660.4,660.9,30051,0
20250618,230000,660.9,661.9,659,660.8,34031,0
20250619,070000,661.2,663,660.8,662.3,8158,0
20250619,080000,662.1,662.9,661.8,662.3,7354,0
20250619,090000,662.3,662.3,660.6,661.1,37642,0
20250619,100000,661.3,661.6,659.8,659.9,87497,0
20250619,110000,659.8,661.2,659.1,661,74526,0
20250619,120000,661,661.2,653.1,656.2,269645,0
20250619,130000,656.1,656.7,654.3,656.4,210875,0
20250619,140000,656.3,658.4,655.5,657,173928,0
20250619,150000,657.1,657.2,648.2,651.6,1452539,0
20250619,160000,651.4,652.9,648.3,652.2,250525,0
20250619,170000,652.2,655.6,650.2,655.5,144433,0
20250619,180000,655.4,661.5,655.1,657.4,437277,0
20250619,190000,657.6,659,656.1,657.2,69614,0
20250619,200000,657.3,657.5,653.5,654,60830,0
20250619,210000,654,654.8,652.3,654.7,45739,0
20250619,220000,654.8,654.9,653.8,654,5930,0
20250619,230000,653.9,655.5,653.9,655.5,17848,0
20250620,070000,655.4,655.6,652.6,654.8,21234,0
20250620,080000,654.8,655.8,654.1,654.4,15209,0
20250620,090000,654.3,655.3,653.7,654.8,27814,0
20250620,100000,655.4,657.2,653.7,657.1,124417,0
20250620,110000,657,659.3,656.3,657.9,293340,0
20250620,120000,657.9,658.9,655.7,657,134276,0
20250620,130000,656.8,657.4,653.1,654.6,140692,0
20250620,140000,654.6,655.5,650.3,650.6,144860,0
20250620,150000,650.5,652.7,648.5,649,188430,0
20250620,160000,649.1,650.3,646.5,647.3,112909,0
20250620,170000,647.3,648.8,645.5,648.7,121752,0
20250620,180000,648.8,649.4,645,648,102623,0
20250620,190000,647.8,649,644.8,646.2,71024,0
20250620,200000,646.1,646.2,644.8,645.4,32082,0
20250620,210000,645.4,655,645.2,652.4,224944,0
20250620,220000,652.1,652.5,651,651.1,18552,0
20250620,230000,651.1,651.7,648.6,651.5,41246,0
20250623,070000,660,664,656.6,657.2,149379,0
20250623,080000,657.3,659.1,656.3,658.8,23069,0
20250623,090000,658.2,658.6,652,654.1,138231,0
20250623,100000,654.1,654.1,645.4,647,530244,0
20250623,110000,647,647.2,641.7,646.9,294726,0
20250623,120000,646.8,649,645.6,648.5,103144,0
20250623,130000,648.4,649.8,645.1,648.5,104797,0
20250623,140000,648.6,650.3,647.6,649.5,132634,0
20250623,150000,649.6,650.9,648.2,649.1,63014,0
20250623,160000,649,655.3,649,650.3,160481,0
20250623,170000,650.4,652.6,649.9,651.4,80179,0
20250623,180000,651.3,652.5,649.9,650.4,56664,0
20250623,190000,650.8,652.5,647.2,651,59246,0
20250623,200000,651,651,645.7,647.1,119966,0
20250623,210000,647.1,647.1,645.3,647,40340,0
20250623,220000,647,647,645.2,645.2,15681,0
20250623,230000,645.2,645.4,641.8,642.5,117522,0
20250624,070000,639.7,640.8,633.1,639.8,217045,0
20250624,080000,639.5,641.7,637.5,638.4,72928,0
20250624,090000,638.4,639.4,632.7,635.5,199033,0
20250624,100000,635.2,638.6,632.3,634.2,372389,0
20250624,110000,634.2,637.3,630,633.4,351483,0
20250624,120000,633.4,635.8,632.2,635.4,150464,0
20250624,130000,635.3,637.8,633,637.1,201804,0
20250624,140000,636.9,638.3,633.9,635.5,179324,0
20250624,150000,635.5,636,633.6,635.7,117058,0
20250624,160000,635.7,638.5,635.7,637.5,97593,0
20250624,170000,637.4,642.7,637.1,641.8,202261,0
20250624,180000,641.9,643,640.4,642.4,66242,0
20250624,190000,642,642.4,639.9,640.9,18154,0
20250624,200000,640.7,642.4,640.7,641.3,25237,0
20250624,210000,641.3,645.5,640.3,643.5,111502,0
20250624,220000,643.5,646.8,643.5,645.5,60420,0
20250624,230000,645.9,648,645.7,647,31964,0
20250625,070000,646.8,648.8,645.8,647.5,14341,0
20250625,080000,647.4,647.6,645.4,645.8,11594,0
20250625,090000,645.5,645.8,643.9,644.7,35540,0
20250625,100000,644.5,649.9,644.1,649.8,111367,0
20250625,110000,649.8,651.4,648.4,650.7,113350,0
20250625,120000,650.7,651.4,648,650,102717,0
20250625,130000,650,651.3,648.6,651,135803,0
20250625,140000,650.9,653.2,650.1,652,187677,0
20250625,150000,652,653.3,650.2,651.2,173717,0
20250625,160000,651.2,652.9,650.2,650.5,126074,0
20250625,170000,650.4,655.4,649.4,655.3,159828,0
20250625,180000,655.4,657.1,655.3,657.1,96107,0
20250625,190000,657.1,659.8,655.5,658.2,67992,0
20250625,200000,658.5,658.8,656.9,657.4,19222,0
20250625,210000,657.4,657.4,655.5,655.7,15660,0
20250625,220000,655.9,657.3,655.6,657.2,22575,0
20250625,230000,657.3,657.6,653.2,655.3,24302,0
20250626,070000,654.1,657.5,654.1,656.7,8663,0
20250626,080000,656.3,658,655.7,657.5,12819,0
20250626,090000,657.8,658,656.1,656.3,13019,0
20250626,100000,656.2,656.4,652.2,653.2,115533,0
20250626,110000,653.3,657,653,654.3,151713,0
20250626,120000,654.5,656.6,652.9,656,56482,0
20250626,130000,656.2,656.5,654.2,656.2,39342,0
20250626,140000,655.9,657,655.4,657,61544,0
20250626,150000,657,657.9,655.1,657.4,80332,0
20250626,160000,657.3,658.7,656.6,658.6,54018,0
20250626,170000,658.6,659.9,658.2,659.4,104868,0
20250626,180000,659.3,659.7,655.7,655.7,91665,0
20250626,190000,655.7,656.5,654.2,655.7,51742,0
20250626,200000,655.5,655.7,653.1,653.7,31802,0
20250626,210000,653.9,653.9,651.9,652,43106,0
20250626,220000,652,653.4,651.9,653.3,14540,0
20250626,230000,653.3,654,652.8,653,13805,0
20250627,070000,652.1,654.5,651.5,653,11209,0
20250627,080000,653,653,652,652.8,13488,0
20250627,090000,652.8,654.7,652.8,654.3,21580,0
20250627,100000,654.4,654.5,652.2,654,35241,0
20250627,110000,654,655.6,653,654.8,41009,0
20250627,120000,654.7,657,654,656,94396,0
20250627,130000,655.9,657,652.5,653,135040,0
20250627,140000,652.8,653,649.8,652.1,188211,0
20250627,150000,652.5,656.9,651.4,656.8,220211,0
20250627,160000,656.7,663,656,662.5,347452,0
20250627,170000,662.3,666.1,662.3,665.8,454061,0
20250627,180000,665.6,669.9,665.6,666.4,421973,0
20250627,190000,666.4,672,665.6,671.8,163091,0
20250627,200000,671.6,672,669.9,670.9,78386,0
20250627,210000,671,671.6,670.4,670.7,36250,0
20250627,220000,670.7,671,670.1,670.9,25086,0
20250627,230000,670.9,671,669.5,670.2,39992,0
20250628,090000,669,669,669,669,99,0
20250628,100000,669.6,674.2,669.6,672.8,29776,0
20250628,110000,672.8,672.9,672,672.1,7841,0
20250628,120000,672.1,672.1,671.4,671.7,2853,0
20250628,130000,671.7,671.8,670.1,670.4,9840,0
20250628,140000,670.6,670.9,670.4,670.4,5228,0
20250628,150000,670.4,670.5,669.3,669.9,8355,0
20250628,160000,669.9,670.3,669,669.5,4309,0
20250628,170000,669.3,670,669.3,669.9,2706,0
20250628,180000,669.7,670,669,669.1,6572,0
20250629,090000,669.9,669.9,669.9,669.9,35,0
20250629,100000,669.5,669.9,668.3,668.9,2346,0
20250629,110000,668.9,669,668.4,668.5,3397,0
20250629,120000,668.4,668.7,667.5,667.6,7276,0
20250629,130000,667.7,667.9,667.2,667.4,8094,0
20250629,140000,667.5,668,667.4,667.6,3501,0
20250629,150000,667.5,668.8,667.5,668.1,3234,0
20250629,160000,668.5,668.8,668,668.3,4985,0
20250629,170000,668,668,666.7,667.4,16385,0
20250629,180000,667.4,667.8,666.2,666.2,10424,0
20250630,070000,666.4,667.6,664.7,667,35550,0
20250630,080000,666.9,667,665.3,665.9,13951,0
20250630,090000,666,668.8,665.6,667.8,66612,0
20250630,100000,668,670,664.2,665.4,185239,0
20250630,110000,665.6,666.7,662.2,662.8,139773,0
20250630,120000,662.8,664.5,662.2,662.3,63209,0
20250630,130000,662.4,667.6,662.3,666.8,131340,0
20250630,140000,666.9,667.6,664.7,665.8,119748,0
20250630,150000,665.8,673.9,665.8,670.9,376490,0
20250630,160000,671,671,669.2,669.5,145094,0
20250630,170000,669.6,670.1,667.9,669.5,95144,0
20250630,180000,669.5,673,669.4,672.6,107419,0
20250630,190000,672.5,672.6,670.8,671.3,39279,0
20250630,200000,671.3,671.5,670.7,670.7,7764,0
20250630,210000,670.7,671.1,670.3,670.9,11372,0
20250630,220000,671.1,671.4,670.1,670.4,7212,0
20250630,230000,670.3,670.5,668.8,670.1,36564,0
20250701,070000,670.7,671.9,667.7,671.8,28487,0
20250701,080000,671.8,671.9,670.4,671.1,2197,0
20250701,090000,671.1,671.9,669,670.7,50787,0
20250701,100000,670.6,670.6,667.1,668.1,130256,0
20250701,110000,668.1,670,667.2,667.6,109566,0
20250701,120000,667.5,667.5,662.9,663.8,254521,0
20250701,130000,663.7,664.4,662.8,663.7,119859,0
20250701,140000,663.9,664.5,662,662.1,173063,0
20250701,150000,662,665.7,650.8,655.7,736751,0
20250701,160000,655.8,656.1,651.5,655,430973,0
20250701,170000,655,655.1,652.9,653.5,319057,0
20250701,180000,653.5,655.8,653.3,655.8,60862,0
20250701,190000,655.8,659.8,654.8,656.5,176903,0
20250701,200000,656.4,657.2,654.9,656.9,35174,0
20250701,210000,656.8,657.1,655.1,655.6,18316,0
20250701,220000,655.1,655.3,653.5,654.3,31126,0
20250701,230000,654.3,654.8,653.6,653.9,12955,0
20250702,060000,654.2,654.2,654.2,654.2,114,0
20250702,070000,655.5,656.7,654.2,655.5,16891,0
20250702,080000,655.1,656.4,654.9,655.3,11950,0
20250702,090000,655.6,655.6,652,653,48553,0
20250702,100000,653,654.7,647.8,647.8,133407,0
20250702,110000,647.8,648.8,644.8,648.3,265598,0
20250702,120000,648.4,650.7,647.5,650.1,81684,0
20250702,130000,650,650.3,645.6,648.4,196616,0
20250702,140000,648.3,651.4,647.9,649.9,121863,0
20250702,150000,649.9,653,649.7,651.8,96420,0
20250702,160000,651.9,652.6,647,647.8,181416,0
20250702,170000,647.5,648.4,644,644.1,208822,0
20250702,180000,644,645.4,643,644.1,138020,0
20250702,190000,644.4,649.8,644.1,648.1,99297,0
20250702,200000,648,650.4,647.9,649.4,29367,0
20250702,210000,649.4,649.6,645.6,646.3,36529,0
20250702,220000,646.3,647.5,645.7,646.1,12531,0
20250702,230000,646,647.7,645.6,646.3,13921,0
20250703,060000,647.7,647.7,647.7,647.7,119,0
20250703,070000,647.7,647.9,646.5,647,10805,0
20250703,080000,647,647.8,646.6,647.6,7377,0
20250703,090000,647.4,648.3,645,645.5,27250,0
20250703,100000,645.7,647.4,642.9,646.9,156826,0
20250703,110000,647.1,652.1,647,651.8,140034,0
20250703,120000,651.8,653.7,644.7,645.8,187365,0
20250703,130000,645.9,645.9,644.4,645,112211,0
20250703,140000,645,645.7,644.5,645.2,47534,0
20250703,150000,645.2,645.7,642.6,643,148771,0
20250703,160000,642.9,649.5,642.9,647.6,252592,0
20250703,170000,647.7,647.7,642.7,644.2,235093,0
20250703,180000,644.2,644.4,640,641.9,115167,0
20250703,190000,641.7,643.8,641,641.9,50099,0
20250703,200000,641.7,641.7,640.3,641.2,15337,0
20250703,210000,641.1,642,640.4,641.5,18544,0
20250703,220000,641.1,641.5,637.4,637.6,62860,0
20250703,230000,637.6,638.1,636.6,637.2,27950,0
20250704,060000,637.2,637.2,637.2,637.2,364,0
20250704,070000,637,639.5,632.3,634.7,64891,0
20250704,080000,634.7,636.3,633.1,636.2,28599,0
20250704,090000,636.3,642.2,636.3,640.5,110630,0
20250704,100000,640.6,646.6,639.1,644.3,310808,0
20250704,110000,643.9,644.6,640,641.5,308281,0
20250704,120000,641.5,643,639.5,643,183470,0
20250704,130000,643.1,645.4,643,644.9,206432,0
20250704,140000,644.9,649.2,643.5,646.2,254789,0
20250704,150000,646.4,646.9,642.1,642.1,119828,0
20250704,160000,642.3,645.2,641.7,643.1,88363,0
20250704,170000,643,645.1,640.9,643.4,87772,0
20250704,180000,643.4,643.8,641,641.1,45907,0
20250704,190000,641.3,643.3,641,643.1,15283,0
20250704,200000,643.1,644.8,642.7,643.7,19589,0
20250704,210000,643.7,643.7,642.5,642.5,10852,0
20250704,220000,642.8,642.9,641.8,642,3449,0
20250704,230000,642,642.4,641.8,642,8258,0
20250705,090000,642,642,642,642,187,0
20250705,100000,642.6,643.5,641.3,643,5197,0
20250705,110000,642.9,643,642,642.2,10067,0
20250705,120000,642.2,642.3,641.3,641.7,2445,0
20250705,130000,641.7,641.8,641.1,641.7,4570,0
20250705,140000,641.7,642,641.3,641.6,1437,0
20250705,150000,641.6,642,641.6,641.8,902,0
20250705,160000,641.8,642,641.6,641.7,451,0
20250705,170000,641.7,642,641.6,642,649,0
20250705,180000,642,642,641.4,641.6,1773,0
20250706,090000,641.6,641.6,641.6,641.6,67,0
20250706,100000,641.7,642.3,640.3,641.2,6444,0
20250706,110000,641.2,641.2,640.4,641.1,3368,0
20250706,120000,640.9,641.2,640.9,641.1,1158,0
20250706,130000,641,641.2,640.9,640.9,1055,0
20250706,140000,640.9,641.2,640.9,640.9,2865,0
20250706,150000,641.1,641.2,640.7,640.7,1514,0
20250706,160000,641,641.3,640.6,640.6,3070,0
20250706,170000,640.7,641.4,640.6,640.8,900,0
20250706,180000,640.8,641.7,640.8,641.5,7967,0
20250707,060000,641.5,641.5,641.5,641.5,10,0
20250707,070000,641.5,641.7,635.6,637.6,37293,0
20250707,080000,637.5,638.2,637,637.5,4569,0
20250707,090000,637.5,640,637.5,639.3,33782,0
20250707,100000,639.3,640.9,636.2,638.1,117642,0
20250707,110000,638.1,639.2,636.6,637,34624,0
20250707,120000,636.9,641.2,635,640.6,171547,0
20250707,130000,640.6,641.7,637.2,638.6,147843,0
20250707,140000,638.3,640.3,636.8,639.7,96307,0
20250707,150000,639.7,639.9,637.3,637.9,46568,0
20250707,160000,637.8,639.8,635.5,635.8,99132,0
20250707,170000,635.7,637,635,635.4,91232,0
20250707,180000,635.3,636.9,633.4,636.5,82636,0
20250707,190000,634.2,637.9,634.2,637.7,21133,0
20250707,200000,637.6,637.7,636.2,636.8,16484,0
20250707,210000,636.8,637.4,636.5,637.3,4972,0
20250707,220000,637.3,638.9,637,638.7,17724,0
20250707,230000,638.7,639.7,638.6,639.2,13774,0
20250708,060000,635,635,635,635,157,0
20250708,070000,638.4,638.4,636,637.5,12974,0
20250708,080000,637.5,638,636.2,638,7094,0
20250708,090000,638,640.4,637,637.1,42218,0
20250708,100000,637.2,640.4,637,638.4,86659,0
20250708,110000,638.3,638.5,629.4,634,567755,0
20250708,120000,633.7,634.3,631,633.4,95480,0
20250708,130000,633.4,633.7,629.3,630.2,121450,0
20250708,140000,630.2,631.7,627,627.1,225251,0
20250708,150000,627.2,627.8,622,622,432034,0
20250708,160000,622,625.1,621.3,624,250816,0
20250708,170000,624.1,624.5,622,624.4,254514,0
20250708,180000,624.4,625,622.7,624.6,87357,0
20250708,190000,624.5,624.8,620.6,621,103886,0
20250708,200000,620.9,622.1,620.7,621.6,50734,0
20250708,210000,621.4,622.9,621.1,621.8,53844,0
20250708,220000,621.8,622.8,620.8,622.2,26519,0
20250708,230000,622.2,622.2,619.6,621.2,67005,0
20250709,060000,621,621,621,621,311,0
20250709,070000,621.7,625.1,621,624,44734,0
20250709,080000,624,624.3,622.3,622.3,12504,0
20250709,090000,622.3,628.7,622.2,626.3,83139,0
20250709,100000,626.4,626.6,621.4,624,178354,0
20250709,110000,624,625.8,621,625,183591,0
20250709,120000,624.9,625.5,618.3,619.4,188962,0
20250709,130000,619.4,620,616.3,617.3,171655,0
20250709,140000,617.4,617.7,612,613.4,293087,0
20250709,150000,613.5,616.4,613.2,614.8,190980,0
20250709,160000,614.8,616.1,611.8,613.2,163239,0
20250709,170000,613.2,613.9,608.1,612,418358,0
20250709,180000,612.1,613.7,611.3,611.7,89530,0
20250709,190000,614.7,614.9,612.1,614.4,151345,0
20250709,200000,614.2,616.3,612.6,613.1,52111,0
20250709,210000,613,614.8,612.6,613.9,11923,0
20250709,220000,613.8,617.7,613.4,616.6,43156,0
20250709,230000,616.5,616.9,614.2,614.2,20106,0
20250710,060000,615,615,615,615,26,0
20250710,070000,615.6,618.5,614.2,617.7,27103,0
20250710,080000,617.6,617.9,615.9,617.5,10996,0
20250710,090000,617.5,619.6,617.1,618.4,41132,0
20250710,100000,618.1,618.6,614.5,616.8,92152,0
20250710,110000,616.9,617.2,613.7,613.8,36581,0
20250710,120000,614,614,610.6,612.8,96208,0
20250710,130000,612.8,616,612.5,614.7,67886,0
20250710,140000,614.7,617.8,613.4,616.9,63162,0
20250710,150000,616.8,622.4,614.8,622.4,137534,0
20250710,160000,622.4,623.8,621.2,622.6,93497,0
20250710,170000,622.8,627.5,622.6,627,231126,0
20250710,180000,627,627,624.6,625.7,79300,0
20250710,190000,625.5,626.8,624.2,624.4,37951,0
20250710,200000,624.3,625.2,624,624.9,14095,0
20250710,210000,624.9,625,623.7,624.9,11797,0
20250710,220000,624.8,625.5,624.5,624.6,5293,0
20250710,230000,624.7,624.7,623,623.8,12078,0
20250711,060000,622.3,622.3,622.3,622.3,100,0
20250711,070000,623.8,624.9,620.4,620.5,27398,0
20250711,080000,620.7,620.7,618.1,618.9,16571,0
20250711,090000,618.9,619.9,617.5,618.5,39394,0
20250711,100000,618.7,626.6,618.7,620.7,242639,0
20250711,110000,620.7,621.8,616.2,619.1,110987,0
20250711,120000,619,619.6,615,617.1,165887,0
20250711,130000,617,619,616.1,617,63562,0
20250711,140000,617,618.1,614.2,614.6,132536,0
20250711,150000,614.5,616.6,614.3,614.8,90959,0
20250711,160000,614.9,617.5,614.2,616.9,112988,0
20250711,170000,617,617.2,610.6,610.8,256352,0
20250711,180000,611,611.7,604,605.7,340562,0
20250711,190000,605,609.6,605,609.5,46310,0
20250711,200000,609.5,609.9,608.8,609.4,20653,0
20250711,210000,609.3,610,608.3,609.8,11868,0
20250711,220000,609.6,609.6,608.1,608.1,9881,0
20250711,230000,608.2,608.2,607.3,608.1,9019,0
20250712,090000,610,610,610,610,122,0
20250712,100000,610,611.8,609,610.2,5870,0
20250712,110000,610.2,610.6,610.1,610.3,3400,0
20250712,120000,610.2,610.6,610.2,610.4,2100,0
20250712,130000,610.5,610.6,610.1,610.3,1963,0
20250712,140000,610.6,610.6,609.2,609.5,3993,0
20250712,150000,609.5,610.4,609.3,610.1,3471,0
20250712,160000,610.1,610.2,609.1,609.9,930,0
20250712,170000,609.9,609.9,609.1,609.2,1014,0
20250712,180000,609.1,609.8,608.7,608.7,2521,0
20250713,090000,609,609,609,609,53,0
20250713,100000,609,610.7,608.9,609.5,2168,0
20250713,110000,609.4,609.5,604.9,606.8,15163,0
20250713,120000,606.8,607.5,605.5,607.2,8025,0
20250713,130000,606.8,606.8,605.6,605.7,2999,0
20250713,140000,605.7,606.8,605.7,606.8,3122,0
20250713,150000,606.8,607.7,606.2,606.7,11798,0
20250713,160000,606.9,607,606.4,607,1969,0
20250713,170000,607,608.3,606.7,608.2,7328,0
20250713,180000,608.2,609.6,608,609.3,7275,0
20250714,060000,606.3,606.3,606.3,606.3,217,0
20250714,070000,606.4,609.3,598.2,602,103613,0
20250714,080000,602,602.6,598,600,70219,0
20250714,090000,599.9,600,596.9,600,114850,0
20250714,100000,599.9,607,599.4,605.4,400353,0
20250714,110000,605.4,607,602.8,605.1,201231,0
20250714,120000,605.1,606.6,601,602.1,149180,0
20250714,130000,602.2,602.8,599.9,600.4,83571,0
20250714,140000,600.7,601.5,599,600.1,62786,0
20250714,150000,600.1,605.5,600.1,605,90269,0
20250714,160000,604.6,605.8,599.2,600.5,84430,0
20250714,170000,600.5,604.7,600,600.3,95402,0
20250714,180000,600.3,634.5,600,628.9,585805,0
20250714,190000,628.8,639.8,628.8,630.8,407685,0
20250714,200000,630.8,631.2,626.1,628.7,91160,0
20250714,210000,628.7,629.4,628.3,629.1,31261,0
20250714,220000,629.1,629.6,622.3,625.5,125651,0
20250714,230000,625.5,626,624.1,624.6,33412,0
20250715,060000,625.1,625.1,625.1,625.1,48,0
20250715,070000,625.5,629.2,624,628.2,61748,0
20250715,080000,627.9,629.3,627.9,628,25705,0
20250715,090000,628,628.8,624.9,626.6,66544,0
20250715,100000,626.6,628.5,625.9,626.5,108401,0
20250715,110000,626.3,628,625.3,626.2,82842,0
20250715,120000,626.1,629.7,625.1,628.4,167557,0
20250715,130000,628.4,629.5,626.7,627.4,50164,0
20250715,140000,627.3,629.4,626.1,628,63474,0
20250715,150000,627.8,628.9,624.8,626.8,91682,0
20250715,160000,626.7,628.1,625.5,627.7,60579,0
20250715,170000,627.7,629.4,626.5,626.7,94263,0
20250715,180000,626.9,628.6,626.8,628.6,64120,0
20250715,190000,628.6,628.6,627.2,627.9,21250,0
20250715,200000,627.9,628,627,627.6,15103,0
20250715,210000,627.4,629,627.4,629,6863,0
20250715,220000,629,629,628.1,628.1,3669,0
20250715,230000,628.5,628.6,628,628.1,4295,0
20250716,060000,628.1,628.1,628.1,628.1,11,0
20250716,070000,628.5,631.2,627.8,630.8,25088,0
20250716,080000,630.6,631,630,630.9,4943,0
20250716,090000,630.8,630.8,627.4,629.5,37475,0
20250716,100000,629.6,629.6,624,625.9,122427,0
20250716,110000,625.7,626.9,624.1,625.7,64792,0
20250716,120000,625.5,629.7,625.4,627.2,200707,0
20250716,130000,627.2,630.5,626.1,629.5,98885,0
20250716,140000,629.3,635.9,628.9,635.7,159233,0
20250716,150000,635.6,636.3,633.6,634.5,122426,0
20250716,160000,634.6,635,632.9,633.8,62783,0
20250716,170000,633.9,633.9,632,632.9,57689,0
20250716,180000,633,633,627.8,630.7,179629,0
20250716,190000,630.8,633,629.5,631,74367,0
20250716,200000,631,633,631,632.7,14143,0
20250716,210000,632.7,632.9,630.9,631.1,18769,0
20250716,220000,631.2,631.2,628.6,629.5,56183,0
20250716,230000,629.7,630.1,628.7,628.8,13016,0
20250717,060000,628.9,628.9,628.9,628.9,11,0
20250717,070000,629.3,632.7,628.6,632.1,15264,0
20250717,080000,632.1,632.7,631.1,632,7552,0
20250717,090000,631.5,632.3,631.3,631.8,18805,0
20250717,100000,632.1,632.2,629,630.2,140339,0
20250717,110000,630.1,630.4,627,627.6,110490,0
20250717,120000,627.5,628.5,626.6,628.3,91959,0
20250717,130000,628.3,630.4,628,629.9,56993,0
20250717,140000,629.9,630.5,628.5,629.5,60888,0
20250717,150000,629.4,630.5,628.5,629.1,60840,0
20250717,160000,629.1,630.5,628,629,69289,0
20250717,170000,629.3,634.7,629.3,633.9,172576,0
20250717,180000,633.9,636,633.1,635,103647,0
20250717,190000,634.6,634.9,631.2,631.7,54182,0
20250717,200000,631.7,633.5,631.4,633.4,11108,0
20250717,210000,633.5,633.5,633,633.4,8298,0
20250717,220000,633.4,633.5,631.2,631.4,17393,0
20250717,230000,631.2,633.5,631.2,632.9,40881,0
20250718,060000,629.6,629.6,629.6,629.6,501,0
20250718,070000,632.4,639,629.8,636,83855,0
20250718,080000,636,636.6,635.9,636.4,15833,0
20250718,090000,636.6,637.3,633.8,634,52140,0
20250718,100000,634,640.5,634,638.3,459015,0
20250718,110000,638.3,645.5,637.1,643.1,233774,0
20250718,120000,643,651.2,641.5,650.1,405017,0
20250718,130000,650.2,654.8,648.5,654,417404,0
20250718,140000,654.2,660.9,652.6,656.9,508561,0
20250718,150000,657,661.6,652,654.7,615049,0
20250718,160000,655,657,650.9,655.7,486298,0
20250718,170000,655.7,657,655.1,655.9,303455,0
20250718,180000,655.9,658.1,652,653.1,210283,0
20250718,190000,652.8,655.7,652.1,655.3,39596,0
20250718,200000,655.5,656,654.8,655.4,21841,0
20250718,210000,655.5,656,654.8,655.9,12320,0
20250718,220000,655.9,658.9,655.7,658.8,106400,0
20250718,230000,658.8,660,657.7,659.9,64995,0
20250719,090000,661.8,661.8,661.8,661.8,2525,0
20250719,100000,661.8,668,661.1,664.6,62561,0
20250719,110000,664.7,664.7,664,664.2,11358,0
20250719,120000,664.3,664.6,664,664,7890,0
20250719,130000,664,664.3,662.4,662.9,5589,0
20250719,140000,662.9,663.5,662.4,662.5,3070,0
20250719,150000,662.4,663.5,662.4,662.4,2917,0
20250719,160000,662.4,662.8,661.9,662.3,3753,0
20250719,170000,662,662.5,661.9,662,4477,0
20250719,180000,662,662.5,661.9,662.3,1850,0
20250720,090000,663.8,663.8,663.8,663.8,820,0
20250720,100000,663.8,666,663.8,664.8,14900,0
20250720,110000,664.8,665.2,664.5,664.5,3983,0
20250720,120000,664.8,664.9,664.2,664.7,2954,0
20250720,130000,664.4,665,664.4,665,3485,0
20250720,140000,665,665,664.8,664.8,1265,0
20250720,150000,664.8,665,664.8,664.8,772,0
20250720,160000,664.9,664.9,664.8,664.9,1433,0
20250720,170000,664.9,664.9,664.8,664.9,2303,0
20250720,180000,664.8,664.9,664.2,664.4,6018,0
20250721,060000,664.4,664.4,664.4,664.4,280,0
20250721,070000,664.3,665.5,663.3,664.6,36692,0
20250721,080000,664.6,665.5,664.2,664.9,15459,0
20250721,090000,664.7,664.7,657.8,658,140286,0
20250721,100000,658,658,654,656.3,177113,0
20250721,110000,656.2,656.7,653.8,654.7,139601,0
20250721,120000,654.6,658,653.5,657.8,203008,0
20250721,130000,657.8,658,655.6,656.5,97049,0
20250721,140000,656.6,658,655,657.9,129319,0
20250721,150000,657.9,658,655.9,656.1,151595,0
20250721,160000,656.1,659.8,652.7,659.4,259395,0
20250721,170000,659.4,661.2,659.4,661.1,129917,0
20250721,180000,661,661.1,659.3,660.7,53920,0
20250721,190000,660.2,661.1,658.2,659.6,38392,0
20250721,200000,659.4,661,658.7,660.2,30542,0
20250721,210000,660.2,662.3,659.9,662.2,28079,0
20250721,220000,662,662.9,661.2,661.6,18562,0
20250721,230000,661.9,662.8,660.7,660.9,18932,0
20250722,060000,661,661,661,661,16,0
20250722,070000,661,662.1,659.1,659.4,13818,0
20250722,080000,659.1,660,658.7,658.9,8297,0
20250722,090000,658.7,659.4,656.9,657.4,22290,0
20250722,100000,657.4,659.2,656.8,657.1,92238,0
20250722,110000,657.1,657.7,653.6,655.4,156962,0
20250722,120000,655.5,662.9,653.2,662.7,327730,0
20250722,130000,662.6,664.6,660.2,661,178876,0
20250722,140000,661.1,665.6,661.1,662.7,141085,0
20250722,150000,662.6,665,662.3,663.6,90654,0
20250722,160000,663.6,665.9,663.1,665.4,59497,0
20250722,170000,665.4,666.1,664.4,665.2,59276,0
20250722,180000,665.3,665.5,663.8,665.1,29462,0
20250722,190000,665.1,666.5,664.5,666,35202,0
20250722,200000,666.2,667,665.7,667,20692,0
20250722,210000,667,667,666.5,666.6,6810,0
20250722,220000,666.6,666.6,666.1,666.6,6290,0
20250722,230000,666.7,666.7,666.3,666.5,7670,0
20250723,060000,666.9,666.9,666.9,666.9,1052,0
20250723,070000,667,670.9,666.9,669,46950,0
20250723,080000,669,669.1,668.7,669,5574,0
20250723,090000,669,670.9,667.4,670.2,55783,0
20250723,100000,670,672.3,669.7,671,122101,0
20250723,110000,670.9,673.2,668.2,670.9,338871,0
20250723,120000,670.8,673.8,670.1,672.9,168128,0
20250723,130000,672.9,674,670.3,673.2,158644,0
20250723,140000,672.9,675.5,672.2,674.7,148620,0
20250723,150000,674.5,676,673.4,675.4,133167,0
20250723,160000,675.3,676,672.8,674,114488,0
20250723,170000,674.1,674.5,671.1,671.8,145251,0
20250723,180000,671.6,673.4,671.1,673.2,90727,0
20250723,190000,675,675.5,671,673.7,67431,0
20250723,200000,673.6,674.9,672.8,674.3,20231,0
20250723,210000,674.3,675,671.9,674.1,40591,0
20250723,220000,674,674,671.1,674,36817,0
20250723,230000,673.9,673.9,671.1,671.6,17433,0
20250724,060000,672.8,672.8,672.8,672.8,154,0
20250724,070000,672.7,673.5,671.6,673.4,9074,0
20250724,080000,673.4,674.2,673.3,674,9464,0
20250724,090000,674,676,673.5,674.4,32102,0
20250724,100000,674.4,677,674.2,675.4,186402,0
20250724,110000,675.4,675.6,672.2,675,178508,0
20250724,120000,675.1,677.4,673.7,676.5,91084,0
20250724,130000,676.5,677.2,673.9,675.7,54793,0
20250724,140000,675.5,676.1,673.8,674.9,52883,0
20250724,150000,674.7,676.9,674.2,675,62866,0
20250724,160000,674.9,675,674,674.7,27547,0
20250724,170000,674.6,675,673.3,673.9,31817,0
20250724,180000,673.7,674.1,664.6,665.3,427140,0
20250724,190000,665.4,669.7,665.4,669.7,61959,0
20250724,200000,669.7,671.6,669.5,671,43047,0
20250724,210000,670.8,672,670.6,672,18284,0
20250724,220000,672,673.4,669,669.4,47791,0
20250724,230000,669.4,669.9,669,669.6,8363,0
20250725,060000,668,668,668,668,1420,0
20250725,070000,669.6,673,668.3,672.7,14531,0
20250725,080000,672.8,673,671.7,672.6,8714,0
20250725,090000,672.6,673.4,670.5,670.5,28628,0
20250725,100000,670.5,671.7,669.4,671.3,50618,0
20250725,110000,671.3,673.4,670.8,673.1,69043,0
20250725,120000,673,674.4,671.4,671.9,62092,0
20250725,130000,671.9,674.8,660.1,666.9,568725,0
20250725,140000,666.7,670.5,663.1,664.3,366657,0
20250725,150000,664.2,667.5,659.2,659.8,263471,0
20250725,160000,659.7,660.3,653.5,654.4,371762,0
20250725,170000,654.4,655.3,650.3,654.3,205965,0
20250725,180000,654.4,655.7,651.8,655.7,119866,0
20250725,190000,655.9,659.2,654.3,658,236552,0
20250725,200000,657.7,664.5,657.7,662,137342,0
20250725,210000,661.9,664.4,661.8,662.8,28321,0
20250725,220000,662.8,663,662.2,662.3,5595,0
20250725,230000,662.4,664.4,662.4,664,36426,0
20250726,090000,663.8,663.8,663.8,663.8,143,0
20250726,100000,664,666.7,663.8,665,9652,0
20250726,110000,665,665.2,664.5,664.8,4518,0
20250726,120000,664.8,665.1,664.7,664.9,704,0
20250726,130000,664.9,665.1,664.6,665.1,1645,0
20250726,140000,665.1,665.2,664.5,664.7,1587,0
20250726,150000,664.7,665,664.6,664.8,2595,0
20250726,160000,664.9,664.9,664.6,664.8,2573,0
20250726,170000,664.9,665,664.6,665,1068,0
20250726,180000,664.8,665.2,664.6,664.8,2389,0
20250727,090000,663.6,663.6,663.6,663.6,406,0
20250727,100000,663.3,664.4,663.2,663.9,7423,0
20250727,110000,664,664.3,663.3,663.6,3256,0
20250727,120000,663.6,664,663.3,663.9,1660,0
20250727,130000,663.9,664,663.3,663.5,2124,0
20250727,140000,663.9,663.9,663.3,663.3,641,0
20250727,150000,663.3,663.4,663,663.3,3377,0
20250727,160000,663.3,663.4,663.1,663.4,1197,0
20250727,170000,663.4,663.8,663.1,663.6,1090,0
20250727,180000,663.6,664,663.3,663.5,4198,0
20250728,060000,663.9,663.9,663.9,663.9,201,0
20250728,070000,663.5,664.7,658.7,660.6,99726,0
20250728,080000,660.6,661.4,660.2,660.9,13074,0
20250728,090000,660.9,661.5,654.8,657.1,129298,0
20250728,100000,657.1,657.9,653.3,654.2,246810,0
20250728,110000,654.2,658.3,653,658,160071,0
20250728,120000,657.9,659.8,656.1,657.1,116492,0
20250728,130000,657.1,659.6,656,656.4,103556,0
20250728,140000,656.4,657,651.3,653.1,192445,0
20250728,150000,653.1,654.3,648.5,652.1,412625,0
20250728,160000,652.1,654.8,647.4,653.5,365014,0
20250728,170000,653.5,654.5,649,652.3,139970,0
20250728,180000,652.3,652.9,650.2,651.1,99803,0
20250728,190000,651.2,652.5,650.3,651.7,36659,0
20250728,200000,651.5,651.9,650,651,32440,0
20250728,210000,650.8,651,650,650.7,53462,0
20250728,220000,650.7,650.7,648.3,649.5,44859,0
20250728,230000,649.6,650.3,649.6,650.3,12320,0
20250729,060000,652.9,652.9,652.9,652.9,3000,0
20250729,070000,652.7,652.8,649.3,650.7,30872,0
20250729,080000,650.7,650.9,650,650.9,11773,0
20250729,090000,650.8,650.8,648.2,649.6,46818,0
20250729,100000,649.3,652,646.2,649.5,169179,0
20250729,110000,649.5,651.8,648.1,649.1,141581,0
20250729,120000,649.2,649.2,645.5,646.5,166550,0
20250729,130000,646.6,646.7,642.5,644.5,151516,0
20250729,140000,644.7,648.5,644.3,646.6,165258,0
20250729,150000,646.4,649.4,645.2,647,138174,0
20250729,160000,647,647.4,643.4,644.2,76809,0
20250729,170000,644.4,645.8,643,645.6,160556,0
20250729,180000,645.8,646.6,644.5,644.8,75019,0
20250729,190000,645.2,646.4,645.2,646.3,19388,0
20250729,200000,646.3,649.3,640,640.3,263152,0
20250729,210000,640.8,644.8,639.9,643,130905,0
20250729,220000,643,646.3,642.9,646.3,58595,0
20250729,230000,646.2,646.4,643.3,644.2,40928,0
20250730,060000,644.2,644.2,644.2,644.2,15,0
20250730,070000,644.2,645.7,640.6,641.9,12772,0
20250730,080000,641.8,642.1,641,641.6,4761,0
20250730,090000,641.6,645.6,641.4,644.4,31726,0
20250730,100000,644.2,648.9,641,648.4,235865,0
20250730,110000,648.3,648.6,645,646.2,101235,0
20250730,120000,646.1,647.9,644.4,644.8,48278,0
20250730,130000,644.7,647.5,644.3,646.9,39479,0
20250730,140000,647,647.1,642.1,642.8,119880,0
20250730,150000,642.7,644,640,642.3,178030,0
20250730,160000,642.3,644.8,641.7,643.4,76986,0
20250730,170000,643.3,645.2,643.2,644,32228,0
20250730,180000,643.9,645.3,642.8,643.7,23300,0
20250730,190000,644.7,644.7,642,642.4,31938,0
20250730,200000,642.1,643.3,641.4,643.1,19372,0
20250730,210000,643.1,644.4,643.1,643.7,8687,0
20250730,220000,643.7,645.7,643.6,645.3,31365,0
20250730,230000,645.6,646.6,644.6,646,16698,0
20250731,060000,644.4,644.4,644.4,644.4,147,0
20250731,070000,644.3,646.8,644.3,645.9,8399,0
20250731,080000,645.7,646.8,645.5,646.7,5591,0
20250731,090000,646.5,647,645.2,646.1,24799,0
20250731,100000,646,648.1,643.1,645,140307,0
20250731,110000,645.2,645.7,641,641.4,152575,0
20250731,120000,641.3,644.5,641.3,642.4,140818,0
20250731,130000,642.4,644.4,642,643.5,114347,0
20250731,140000,643.2,643.5,640.5,641.7,87538,0
20250731,150000,641.7,643,640,641.2,89524,0
20250731,160000,641,642.6,639,640.8,82866,0
20250731,170000,640.6,642.6,638.9,640.6,131865,0
20250731,180000,640.5,645,640.1,645,88595,0
20250731,190000,644.9,646.5,643.4,645.5,70892,0
20250731,200000,645.7,645.9,644.1,644.2,20939,0
20250731,210000,644.2,645.5,643.9,645.5,10569,0
20250731,220000,645.6,646,645.1,645.5,12525,0
20250731,230000,645.9,647.6,645.9,647,15887,0
20250801,060000,647,647,647,647,225,0
20250801,070000,646.9,650.7,644.5,649.7,63549,0
20250801,080000,650,652.3,648.8,649,65523,0
20250801,090000,649,649.9,644.1,645.3,206880,0
20250801,100000,645.1,647.3,643.7,646.3,173803,0
20250801,110000,646.4,648.7,644.7,647.9,124404,0
20250801,120000,648,648.5,646,647.8,107741,0
20250801,130000,647.8,648.2,647,647.6,36161,0
20250801,140000,647.6,648.1,644.4,645.4,162250,0
20250801,150000,645.3,648,645,645.7,83814,0
20250801,160000,645.7,647.3,645.2,646.2,82385,0
20250801,170000,646.2,647.9,645.8,647.6,79169,0
20250801,180000,647.6,648,646.8,647.5,53835,0
20250801,190000,647.3,650,645.8,646.9,203604,0
20250801,200000,646.4,649.8,645,648.8,128574,0
20250801,210000,648.5,650,646.9,649.6,44061,0
20250801,220000,649.4,649.7,648.7,648.7,13347,0
20250801,230000,648.9,651.3,648.8,651.1,53372,0
20250804,060000,651.4,651.4,651.4,651.4,2317,0
20250804,070000,651.2,657.8,650.6,653.3,74671,0
20250804,080000,653.3,654.3,651.9,652.5,19672,0
20250804,090000,652.6,653.2,649.3,650.3,37928,0
20250804,100000,650.1,650.4,648.3,649.8,107935,0
20250804,110000,649.8,652.4,649.6,650.3,131080,0
20250804,120000,650.3,653,649.7,651.6,165246,0
20250804,130000,651.5,652.8,650.6,652.1,46528,0
20250804,140000,652.2,652.8,649.2,650,111122,0
20250804,150000,649.9,653.5,649.7,652.8,150965,0
20250804,160000,652.9,653.1,650.4,651.1,86588,0
20250804,170000,651.1,653,649.8,651,100050,0
20250804,180000,651,654.9,650.9,653.5,94231,0
20250804,190000,653.5,654,653.1,653.7,14808,0
20250804,200000,653.7,658,653.5,657.7,60225,0
20250804,210000,657.5,659.9,657.4,659.9,80400,0
20250804,220000,659.9,660.5,657.1,657.7,68825,0
20250804,230000,657.7,658.6,657.5,658.6,14846,0
20250805,070000,661.5,664.3,656.1,656.3,35539,0
20250805,080000,656.3,657.5,656.1,656.9,7810,0
20250805,090000,656.8,659.7,656.6,659.6,16110,0
20250805,100000,659.5,659.9,657.3,658.2,67868,0
20250805,110000,658.1,660.7,658,658.8,63283,0
20250805,120000,658.7,659,656.1,656.3,90806,0
20250805,130000,656.2,658.6,656.2,656.9,62949,0
20250805,140000,656.9,657.7,655.1,656.3,35817,0
20250805,150000,656.4,664,654.5,660.6,200076,0
20250805,160000,660.6,662,657.9,659.3,82310,0
20250805,170000,659.3,660,657,657.7,58407,0
20250805,180000,657.6,660.6,657.6,660.6,50986,0
20250805,190000,660.6,664.5,660.1,664,101600,0
20250805,200000,663.9,667.7,663.9,666,163540,0
20250805,210000,665.9,668.3,665.9,667.2,42192,0
20250805,220000,667.2,668.3,666.7,668,25468,0
20250805,230000,668.3,668.9,667.5,668.7,37869,0
20250806,070000,669,669,666.9,666.9,21919,0
20250806,080000,666.9,667,665.1,665.3,13664,0
20250806,090000,665.3,667,665.1,666,26685,0
20250806,100000,666.1,667,661.6,663.5,179382,0
20250806,110000,663.4,664.7,660.5,662.1,71681,0
20250806,120000,662.1,662.5,660,660.7,81866,0
20250806,130000,660.7,661,659,659.2,74956,0
20250806,140000,659.2,662.4,657.7,661.8,130088,0
20250806,150000,661.8,664.1,659.1,661,155415,0
20250806,160000,660.6,661.1,656.7,658.3,164033,0
20250806,170000,658.3,664.9,651.7,654.1,480998,0
20250806,180000,654.1,655.7,652.5,655,115045,0
20250806,190000,654.4,661.8,653.2,656,270533,0
20250806,200000,656,671.5,655.6,669.5,588563,0
20250806,210000,669.7,706,669,705.9,617903,0
20250806,220000,705.9,710,690.8,696.8,1038352,0
20250806,230000,696.7,697.5,686.6,688.6,367673,0
20250807,070000,688.3,689.8,680.1,685.5,115069,0
20250807,080000,685.5,686.6,683.8,686.3,35938,0
20250807,090000,686.4,688.8,683.8,683.8,61802,0
20250807,100000,683.8,688,679.6,684.5,365450,0
20250807,110000,684.7,705,684.1,702.1,1077834,0
20250807,120000,702.2,711.7,700,705.4,847718,0
20250807,130000,705.3,708.5,701.5,704.9,396580,0
20250807,140000,704.8,709.5,703.7,706.3,238035,0
20250807,150000,706.2,709.4,702.9,704.6,362199,0
20250807,160000,704.4,705,701.7,704.1,162583,0
20250807,170000,703.8,705.1,702.2,704.8,152590,0
20250807,180000,704.6,706.9,698.2,703.1,684088,0
20250807,190000,701,705.7,699.6,703.4,419428,0
20250807,200000,703,704,701.7,702.7,141568,0
20250807,210000,702.4,707,702.4,705.1,248011,0
20250807,220000,705.1,705.1,702.3,703.4,67717,0
20250807,230000,703.4,707,702.1,703,111628,0
20250808,070000,703.4,706.8,698.8,699.2,82863,0
20250808,080000,699.2,701.1,699.2,701,22860,0
20250808,090000,701,701.2,699,700.6,62989,0
20250808,100000,700.3,700.5,695.4,695.9,237450,0
20250808,110000,695.9,701,695.2,700.5,146183,0
20250808,120000,700.5,702.1,698.4,701,232747,0
20250808,130000,701,707.5,699.1,703.8,353378,0
20250808,140000,703.7,709.4,702.1,707.8,301049,0
20250808,150000,707.8,710,706.2,706.3,239186,0
20250808,160000,706.4,708,704.5,707.2,261967,0
20250808,170000,707.2,717.9,705.2,716.1,987336,0
20250808,180000,716.2,717.4,714.4,715.2,346218,0
20250808,190000,715.2,718,715.2,717.6,83867,0
20250808,200000,717.4,720,717.4,717.8,116215,0
20250808,210000,717.7,719.5,717.2,718.5,56471,0
20250808,220000,718.5,718.5,716.5,717.7,37099,0
20250808,230000,717.8,731.4,717.7,728.7,311047,0
20250811,070000,729.2,746,729.2,740.5,246516,0
20250811,080000,740.2,740.8,736.1,736.2,73103,0
20250811,090000,736.4,736.4,731,732.6,283168,0
20250811,100000,732.6,735.3,723.5,724,436839,0
20250811,110000,723.7,726,721.3,725.2,479811,0
20250811,120000,725.3,725.6,720,723.9,245022,0
20250811,130000,724,724.5,719.1,721.7,256618,0
20250811,140000,721.6,725.5,720.5,721.9,173788,0
20250811,150000,721.9,724.9,720.6,723.2,225557,0
20250811,160000,723.1,727.1,720.5,722.7,305057,0
20250811,170000,722.7,724.8,720,723.3,285180,0
20250811,180000,723.1,726,718.1,721.6,242694,0
20250811,190000,721.5,722.7,718.7,721.5,141966,0
20250811,200000,721.2,723,720.2,720.4,53345,0
20250811,210000,720.4,721.4,719.2,720.3,33409,0
20250811,220000,720.3,720.7,719.7,720.6,10114,0
20250811,230000,720.7,721.8,720.5,721.2,24771,0
20250812,070000,721.6,722.8,717.6,718.8,36841,0
20250812,080000,718.5,719.4,717.2,719,20814,0
20250812,090000,719,722.4,719,722.2,27950,0
20250812,100000,721.9,724.7,720.1,720.6,118078,0
20250812,110000,720.5,724.4,720.3,724.3,107531,0
20250812,120000,724.3,726.9,722.4,726,144857,0
20250812,130000,726.2,726.6,722.7,723.7,103428,0
20250812,140000,723.4,724.6,720.5,720.5,106665,0
20250812,150000,720.5,721,717.6,718.5,183340,0
20250812,160000,718.3,723.7,718,720.6,165499,0
20250812,170000,720.6,723.7,719.9,722.3,186878,0
20250812,180000,722.1,724.2,720.6,722.4,135954,0
20250812,190000,723.2,723.4,721.1,723.4,28613,0
20250812,200000,723.3,724,721.5,723.9,19849,0
20250812,210000,723.9,724.5,723.3,723.6,13276,0
20250812,220000,723.6,723.6,722.8,723,5941,0
20250812,230000,723,723.3,722.6,723.2,5858,0
20250813,070000,723,724.7,722.2,723.2,6069,0
20250813,080000,723.1,723.2,721.9,722.4,7584,0
20250813,090000,722.1,724.8,719.5,724.7,55437,0
20250813,100000,724.5,726.3,724.3,724.3,127426,0
20250813,110000,724.4,725.9,722.1,724.7,141364,0
20250813,120000,724.6,725.7,723.3,723.5,122933,0
20250813,130000,723.3,723.3,720,720.9,118479,0
20250813,140000,720.7,721.8,715.4,717,177215,0
20250813,150000,716.9,720.7,715.6,718.5,115539,0
20250813,160000,718.4,719.9,710.1,713.6,324128,0
20250813,170000,713.6,718.5,710.4,714.5,323797,0
20250813,180000,714.5,714.5,711.1,711.4,85377,0
20250813,190000,711.4,715.1,711.4,714,85425,0
20250813,200000,714,715.6,713.7,715.1,42184,0
20250813,210000,715,716.4,714.6,715.7,20819,0
20250813,220000,715.7,715.7,713.8,713.9,7956,0
20250813,230000,713.8,713.9,712.1,712.5,47036,0
20250814,070000,712.6,714,709.5,711.3,31520,0
20250814,080000,711,713,710.7,713,15754,0
20250814,090000,713,713.7,708.6,710.6,50003,0
20250814,100000,710.3,712.5,709,711,115608,0
20250814,110000,711,712.7,709.3,710.7,86657,0
20250814,120000,710.3,718.8,710.3,713.2,284111,0
20250814,130000,713.1,717.7,712.5,715.2,163672,0
20250814,140000,715,717.8,712.4,717,176497,0
20250814,150000,717,721,716.4,719.8,215994,0
20250814,160000,719.9,721,717.2,720.9,211384,0
20250814,170000,720.9,722,716.9,720.9,239557,0
20250814,180000,721,721.2,717.5,718.4,54774,0
20250814,190000,718.4,719.5,716.2,718.1,78880,0
20250814,200000,718.1,721.5,716.7,719.4,86830,0
20250814,210000,719.5,724,719.1,722.3,65031,0
20250814,220000,722.3,722.6,721.6,721.9,15166,0
20250814,230000,721.8,722.5,721.5,721.6,24399,0
20250815,070000,722.9,723,718.2,718.8,23990,0
20250815,080000,718.8,721,718.5,720.9,8996,0
20250815,090000,720.9,721.6,719,719,22103,0
20250815,100000,719,720.7,717.3,720.1,68176,0
20250815,110000,720.1,721.9,719.8,721.3,77839,0
20250815,120000,721.3,721.5,718.6,719.2,48239,0
20250815,130000,719.2,721.6,718.3,718.6,187337,0
20250815,140000,718.6,720.9,718,719.5,59339,0
20250815,150000,719.6,721,719,720.5,90600,0
20250815,160000,720.5,720.5,718.2,719.1,25007,0
20250815,170000,719.1,725.6,719,724.7,151068,0
20250815,180000,724.8,727.5,724.1,726.5,78343,0
20250815,190000,725.5,730,725.5,728.7,82933,0
20250815,200000,728.7,728.8,721.9,722.9,100258,0
20250815,210000,723.1,726.6,722.9,725.8,40381,0
20250815,220000,725.6,726.1,722.1,724.5,32786,0
20250815,230000,724.3,726.9,723.9,725.4,39212,0
20250816,090000,715,715,715,715,1748,0
20250816,100000,715,718.7,704.1,710.1,134914,0
20250816,110000,710.4,710.5,709.2,710,31170,0
20250816,120000,709.8,711.8,709.2,711.5,26623,0
20250816,130000,711.3,712,709.8,710.5,24430,0
20250816,140000,710.4,710.5,709.7,710.3,5822,0
20250816,150000,710.2,710.5,709.8,710.5,11160,0
20250816,160000,710.4,710.5,708.9,710.5,31755,0
20250816,170000,710.5,710.5,708.8,709.1,5697,0
20250816,180000,709.1,710.5,709.1,710.1,4237,0
20250817,090000,710.1,710.1,710.1,710.1,188,0
20250817,100000,710,711,708.4,710.8,15682,0
20250817,110000,710.8,711.1,709.2,710.1,4685,0
20250817,120000,710.1,710.8,709.5,710.5,3445,0
20250817,130000,710.5,710.6,709.2,710,4909,0
20250817,140000,710,710.6,709,709.1,5334,0
20250817,150000,709.1,709.1,707.1,707.3,17323,0
20250817,160000,707.3,707.9,704.6,706.7,59907,0
20250817,170000,706.5,707.5,706.4,707,13611,0
20250817,180000,707,707.3,704.8,706.8,16119,0
20250818,070000,706,711.6,705,710.8,43009,0
20250818,080000,711,713.7,710.5,711.4,32893,0
20250818,090000,711.2,711.2,698.1,700.5,968380,0
20250818,100000,700.5,702.9,699.1,701.6,632836,0
20250818,110000,701.6,701.8,695.1,699,499764,0
20250818,120000,698.9,702.7,698.9,702.1,298389,0
20250818,130000,702,702.7,696.3,697.8,310252,0
20250818,140000,697.7,701,697.7,701,150128,0
20250818,150000,701,702.3,699.1,701.9,133509,0
20250818,160000,701.8,702.9,700.6,701.6,133589,0
20250818,170000,701.6,701.7,698.4,698.9,218805,0
20250818,180000,698.5,700.1,698,698.4,111686,0
20250818,190000,698.4,701.8,696.2,701.2,177234,0
20250818,200000,701.2,706.7,700.1,706.4,319610,0
20250818,210000,706.6,712.1,701.4,710,292041,0
20250818,220000,710.1,715.4,705.1,708.2,317004,0
20250818,230000,708.2,709.6,706.2,706.2,65287,0
20250819,070000,709,709.9,704.2,706.2,78215,0
20250819,080000,706.2,706.8,705.5,706.5,12645,0
20250819,090000,706.5,714,706.2,710.8,215188,0
20250819,100000,710.7,715,710.3,714,356472,0
20250819,110000,714.2,714.3,710,710.1,163191,0
20250819,120000,710.2,710.5,706.1,706.5,216682,0
20250819,130000,706.7,707.7,706,706.7,44932,0
20250819,140000,706.9,708.1,706.5,707.1,48190,0
20250819,150000,707.1,708,703,703.8,127311,0
20250819,160000,703.7,705.1,702,704.9,168458,0
20250819,170000,704.7,705.9,701.3,702.8,102531,0
20250819,180000,702.8,703,700,703,159947,0
20250819,190000,702.8,702.8,697.7,700.6,229396,0
20250819,200000,700.5,704.7,697.7,703.8,142055,0
20250819,210000,703.8,704.3,699.9,700,64886,0
20250819,220000,700,700.6,699.2,699.9,30642,0
20250819,230000,699.9,700,698,698.3,35641,0
20250820,070000,698.6,702.5,698.6,700,35153,0
20250820,080000,700.1,700.3,698.6,699.1,13014,0
20250820,090000,699.1,701.1,698,701.1,47083,0
20250820,100000,701,701.9,697.4,698.9,109576,0
20250820,110000,698.9,702.9,697.9,702.3,91453,0
20250820,120000,702.3,703.5,699.5,699.7,70894,0
20250820,130000,699.7,700,698.7,699,47982,0
20250820,140000,698.9,700,696.5,698.9,147156,0
20250820,150000,698.9,699,693.1,696,213461,0
20250820,160000,696,697,691.5,694.3,253007,0
20250820,170000,694.4,697,693,696.1,86047,0
20250820,180000,696.1,698.3,695.8,696.9,61594,0
20250820,190000,696.9,696.9,692.3,693.6,75867,0
20250820,200000,693.5,694.8,692.4,694.4,26384,0
20250820,210000,694.4,696.3,694.4,695.6,23133,0
20250820,220000,695.2,695.2,694.7,694.9,17909,0
20250820,230000,694.7,694.9,693,694.3,21447,0
20250821,070000,694.3,695,693.7,694.7,8152,0
20250821,080000,694.7,694.7,692.8,693.1,12535,0
20250821,090000,693.2,694.3,691.6,691.7,38132,0
20250821,100000,691.6,693,690,690.5,109298,0
20250821,110000,690.5,692.4,689.1,691.5,84258,0
20250821,120000,691.4,695.4,690.3,694.7,186430,0
20250821,130000,694.6,695.2,690.2,691.3,123702,0
20250821,140000,691.1,697.6,690,697,217820,0
20250821,150000,697,698,689.8,690.2,283363,0
20250821,160000,690.2,690.3,684.1,684.4,271194,0
20250821,170000,684.3,686,681.3,682.4,248970,0
20250821,180000,682.3,682.5,678.9,681.7,161000,0
20250821,190000,681.7,682.2,678.9,679.6,92175,0
20250821,200000,679.7,682,679,681.7,32826,0
20250821,210000,681.6,681.7,679.1,679.6,26724,0
20250821,220000,679.6,680.1,677.8,678.3,58880,0
20250821,230000,678.4,681.7,678.3,681.2,22394,0
20250822,070000,682.9,682.9,677.5,677.8,42097,0
20250822,080000,677.8,680.7,677.5,680.7,18953,0
20250822,090000,680.7,683.8,680.6,682,113267,0
20250822,100000,682.1,684.9,680.7,682,292851,0
20250822,110000,681.9,682,676.1,677.2,217306,0
20250822,120000,677.1,678.7,675.5,677.8,191216,0
20250822,130000,677.8,677.8,673.9,675.4,232669,0
20250822,140000,675.4,675.6,669.5,669.9,582380,0
20250822,150000,670,670.7,667.2,667.3,211309,0
20250822,160000,667.3,671,667,669.8,224235,0
20250822,170000,669.8,671.9,669.2,670,218990,0
20250822,180000,670.1,673,669.5,672,283478,0
20250822,190000,672,676.6,671.6,674.8,114916,0
20250822,200000,674.8,677.3,672.1,672.9,61931,0
20250822,210000,672.8,673.7,672.1,672.4,23154,0
20250822,220000,672.5,674.7,671.3,674.4,39155,0
20250822,230000,674.5,675.6,674.5,675,14085,0
20250823,090000,676.3,676.3,676.3,676.3,131,0
20250823,100000,676.3,676.5,674.8,676.4,9433,0
20250823,110000,676.4,676.5,675.4,675.4,6047,0
20250823,120000,675.7,676.2,675,675.7,6976,0
20250823,130000,675.7,675.9,675,675.9,4438,0
20250823,140000,675.9,676.4,675.9,675.9,847,0
20250823,150000,676,676.5,675.9,676.5,964,0
20250823,160000,676.5,676.9,676.4,676.7,1469,0
20250823,170000,676.7,677.3,676.3,677,2870,0
20250823,180000,677.2,678.3,677,677.8,11269,0
20250824,090000,677.8,677.8,677.8,677.8,61,0
20250824,100000,677.9,678,673.3,673.7,19815,0
20250824,110000,673.7,673.8,672.5,672.5,9752,0
20250824,120000,672.5,673.8,672.5,673.1,3513,0
20250824,130000,673.2,674,673.1,673.9,3152,0
20250824,140000,673.9,674.1,673.3,673.3,2753,0
20250824,150000,673.3,673.7,673.1,673.7,2735,0
20250824,160000,673.7,674.1,673.2,673.7,5321,0
20250824,170000,674,674.3,673.3,674.3,2114,0
20250824,180000,674.2,674.5,673.3,673.9,4062,0
20250825,070000,673.9,674,670,670.4,13148,0
20250825,080000,670.4,671.6,670.1,671.3,8302,0
20250825,090000,671.3,671.4,665.6,667.1,100267,0
20250825,100000,666.6,669.5,666.5,667.4,69491,0
20250825,110000,667.5,668.4,664,666.1,149409,0
20250825,120000,666.1,667.3,663,665.7,100727,0
20250825,130000,665.7,666.7,663.7,665,97250,0
20250825,140000,665,667.6,664.8,665.8,90246,0
20250825,150000,665.6,666.4,660.2,660.9,201592,0
20250825,160000,660.9,665,659.1,664.4,133240,0
20250825,170000,664.4,667,664.1,664.5,185065,0
20250825,180000,664.6,666.3,662.2,665.5,163608,0
20250825,190000,665.5,667.9,665.5,667.7,36982,0
20250825,200000,667.5,668.2,667,668.1,23165,0
20250825,210000,667.9,668,666.6,667.3,8312,0
20250825,220000,667.3,667.3,666.2,666.3,16012,0
20250825,230000,666.4,666.7,665.5,665.5,8579,0
20250826,070000,666,668.7,665.5,668.6,15052,0
20250826,080000,668.3,670,668.2,669.3,11339,0
20250826,090000,669.3,672.3,668.3,671.4,57025,0
20250826,100000,671.3,674.2,669.7,669.9,121907,0
20250826,110000,670,670,667.9,670,142135,0
20250826,120000,670,670,668.1,668.7,36130,0
20250826,130000,668.7,669.7,666.3,667.9,136069,0
20250826,140000,667.7,669.7,666.1,666.3,82802,0
20250826,150000,666.3,666.8,664.5,665,95554,0
20250826,160000,665,665,660.1,660.7,151925,0
20250826,170000,660.5,661.5,658.9,659.8,141025,0
20250826,180000,659.8,660.9,656,657.8,175676,0
20250826,190000,657.9,659.9,657.8,659.8,43647,0
20250826,200000,659.7,660,659.2,659.9,16785,0
20250826,210000,659.9,661,659.4,661,43309,0
20250826,220000,661,661,659.5,659.5,13730,0
20250826,230000,659.4,660.7,658.1,660.2,28037,0
20250827,070000,661.9,662.1,660,660.2,10118,0
20250827,080000,660.3,660.6,660,660.1,4625,0
20250827,090000,660,660.1,655.4,656.2,117538,0
20250827,100000,656.1,662.3,655.6,657.5,384432,0
20250827,110000,657.5,658.7,656.9,657.9,149125,0
20250827,120000,658,658,655,655.6,154099,0
20250827,130000,655.6,656.2,653,653.9,267524,0
20250827,140000,654.2,659,653,658.3,502832,0
20250827,150000,658.3,659,656.1,657.2,161666,0
20250827,160000,657.2,657.7,651.7,655,334309,0
20250827,170000,655.1,655.5,653,654,191348,0
20250827,180000,654,654,652.2,653.9,149196,0
20250827,190000,653.9,656.6,653.5,655.9,123220,0
20250827,200000,656,658,655.3,657.2,48175,0
20250827,210000,657.1,658,656.6,657.6,41411,0
20250827,220000,657.8,657.8,654,655.2,50202,0
20250827,230000,655.2,655.5,653.7,653.7,25038,0
20250828,070000,653.7,656.3,652,656.2,20193,0
20250828,080000,656.2,656.5,654.8,656.4,18490,0
20250828,090000,656.4,656.5,654.1,654.6,47265,0
20250828,100000,654.4,654.9,652,652.6,95553,0
20250828,110000,652.7,652.8,650,652,198445,0
20250828,120000,652,653.3,650.8,653.2,269608,0
20250828,130000,653.2,655,652.4,653.4,188403,0
20250828,140000,653.4,654.5,652.1,653.4,45119,0
20250828,150000,653.3,654,651.3,652.5,126084,0
20250828,160000,652.5,655,652.4,654.3,139135,0
20250828,170000,654.3,655.7,650,652.1,170120,0
20250828,180000,652.1,655.1,652.1,655.1,93179,0
20250828,190000,655,655.5,653.6,653.8,22936,0
20250828,200000,653.7,653.8,644.5,647.8,367739,0
20250828,210000,647.7,649.7,646.5,648.8,39448,0
20250828,220000,648.7,648.7,645.7,646.3,55257,0
20250828,230000,646.3,647.8,645.5,647.7,22055,0
20250829,070000,648.3,648.5,645.7,648,11433,0
20250829,080000,648,650.2,647.9,650,11697,0
20250829,090000,650,652.4,649.1,650,52179,0
20250829,100000,650,651.7,648.6,649,133520,0
20250829,110000,648.9,650.6,648,650,103350,0
20250829,120000,650,650.1,646,647.3,145829,0
20250829,130000,647.4,648.5,642.4,643.5,323435,0
20250829,140000,643.5,646,642.3,645.5,173205,0
20250829,150000,645.5,647.5,645,647.3,78098,0
20250829,160000,647.3,649.5,646.5,649.3,115094,0
20250829,170000,649.3,653,649.3,651.2,178157,0
20250829,180000,651.2,651.8,649.3,649.7,65275,0
20250829,190000,650,651.9,650,650.7,17935,0
20250829,200000,650.7,651.8,650.3,650.9,18434,0
20250829,210000,650.9,650.9,649.1,649.2,14842,0
20250829,220000,649.2,649.8,647.8,649.8,20560,0
20250829,230000,649.6,651.5,649.6,651.3,19335,0
20250830,090000,653,653,653,653,263,0
20250830,100000,653,655.8,651.6,654.9,25573,0
20250830,110000,654.9,654.9,653.3,653.4,3475,0
20250830,120000,653.5,654.4,652.8,653.1,16108,0
20250830,130000,653.1,654.2,652.8,653.2,6075,0
20250830,140000,653.2,653.2,652.6,652.6,3183,0
20250830,150000,652.6,654,652.5,653.5,4641,0
20250830,160000,653.8,653.9,653.2,653.4,2140,0
20250830,170000,653.7,654,653.2,653.9,2875,0
20250830,180000,654,654.4,653.5,654.4,4719,0
20250831,090000,654.5,654.5,654.5,654.5,89,0
20250831,100000,654.8,656.6,654.4,656.1,13867,0
20250831,110000,656.1,657.8,656.1,657.7,16780,0
20250831,120000,657.7,657.8,657.6,657.6,4191,0
20250831,130000,657.7,657.8,657.6,657.7,2972,0
20250831,140000,657.7,657.8,657.4,657.5,9211,0
20250831,150000,657.7,657.7,657.4,657.4,2424,0
20250831,160000,657.6,657.6,657.3,657.3,1953,0
20250831,170000,657.4,657.4,657.1,657.3,2149,0
20250831,180000,657.4,657.4,657.1,657.4,2505,0
20250901,070000,659.1,659.5,658.1,659.3,21658,0
20250901,080000,659.3,659.5,657.4,658.3,53408,0
20250901,090000,658,662.4,657.3,661.3,126125,0
20250901,100000,661.4,662,657.6,658.3,162991,0
20250901,110000,658.3,659.2,657.3,659,68762,0
20250901,120000,659.2,659.3,658,658.4,33964,0
20250901,130000,658.5,659.2,655.7,656.8,104084,0
20250901,140000,656.9,658.2,655.5,657.2,82999,0
20250901,150000,657.2,657.9,655,655.7,108831,0
20250901,160000,655.7,656.2,653.4,655,73121,0
20250901,170000,655,655.2,652.5,653,53048,0
20250901,180000,652.9,653.2,651,651,68273,0
20250901,190000,651.3,653.2,649.1,650.3,64286,0
20250901,200000,650.1,652.9,650.1,652.8,19742,0
20250901,210000,652.8,653,650.3,651.2,35683,0
20250901,220000,651.2,651.9,650.6,651.4,12670,0
20250901,230000,651.4,651.4,650.6,651,6269,0
20250902,070000,652,652.8,649.3,649.3,16467,0
20250902,080000,649.3,649.6,646.9,648,24779,0
20250902,090000,648,648,645.6,647.7,54138,0
20250902,100000,647.6,647.8,642.7,643,131493,0
20250902,110000,643,646,641.4,645.9,79004,0
20250902,120000,646,646,643,643.5,125913,0
20250902,130000,643.5,646,642.6,645.7,105415,0
20250902,140000,645.7,646,644.5,646,69782,0
20250902,150000,646,648.9,644,644.6,170203,0
20250902,160000,644.6,644.7,641.8,644.1,172230,0
20250902,170000,644.1,645.7,643.5,644.3,102477,0
20250902,180000,644.2,644.2,641,642.1,116140,0
20250902,190000,642,642.9,641,641.8,44648,0
20250902,200000,641.8,642.1,640.1,641,52637,0
20250902,210000,641.2,646,640.5,646,57436,0
20250902,220000,645.9,646,644.5,645.9,23530,0
20250902,230000,645.7,647,645.7,647,16695,0
20250903,070000,647,648.4,642.9,643.3,20209,0
20250903,080000,643.7,644,643.4,644,3921,0
20250903,090000,644,645.8,643.8,644.8,13273,0
20250903,100000,644.7,646.3,640.2,641.6,137320,0
20250903,110000,641.5,643.5,640,643.5,151374,0
20250903,120000,643.5,646,642.8,644.3,84394,0
20250903,130000,644.3,650.2,644.3,649.4,205542,0
20250903,140000,649.3,650.8,647.8,650.7,84862,0
20250903,150000,650.6,652,649.3,651.9,72584,0
20250903,160000,651.9,657.7,650,650.9,182796,0
20250903,170000,651,653.1,650.5,652.6,55487,0
20250903,180000,652.5,653.2,650.7,653.1,51188,0
20250903,190000,653.2,657.3,652.5,653.5,126846,0
20250903,200000,653.5,654,652.1,652.6,26827,0
20250903,210000,652.4,653.1,651.1,653.1,32709,0
20250903,220000,653.1,654,652.8,654,14937,0
20250903,230000,654,655.2,653.8,653.9,19937,0
20250904,070000,653.9,655,652.8,654,7955,0
20250904,080000,654,657,653.8,655.6,51006,0
20250904,090000,655.5,655.5,651.8,654.8,50280,0
20250904,100000,654.8,656.1,653.7,655.5,99073,0
20250904,110000,655.5,655.9,653,654,36169,0
20250904,120000,654.3,656.8,653.6,654.8,83302,0
20250904,130000,654.8,656.1,653.5,653.8,61369,0
20250904,140000,653.6,654,652.2,652.6,52322,0
20250904,150000,652.5,652.6,650,651.4,82975,0
20250904,160000,651.4,654.2,651,654.1,108998,0
20250904,170000,654,654.4,648.4,650.4,137808,0
20250904,180000,650.3,652.8,649.7,652,65827,0
20250904,190000,652,653.2,650.9,652.6,36148,0
20250904,200000,652.5,655.5,652.5,655,33621,0
20250904,210000,655,656.9,655,655.7,24229,0
20250904,220000,655.7,655.7,654.8,654.9,10905,0
20250904,230000,654.9,655.4,654.8,655.4,19177,0
20250905,070000,656,658.9,656,657.3,28135,0
20250905,080000,657.3,657.5,655.2,655.9,29459,0
20250905,090000,655.9,657.3,655.9,657,43020,0
20250905,100000,657,660.9,656,660.1,149258,0
20250905,110000,660,663.5,658.3,663.5,140110,0
20250905,120000,663.5,664.7,661.7,663.7,149912,0
20250905,130000,663.6,663.9,662.3,663.7,67865,0
20250905,140000,663.7,665.8,663.1,664.4,107243,0
20250905,150000,664.4,664.4,662.7,664,84308,0
20250905,160000,663.9,664,661.1,663.4,93575,0
20250905,170000,663.4,664.4,663,664,117334,0
20250905,180000,664,664.2,663.1,663.7,33253,0
20250905,190000,663.9,664,662,662.8,25427,0
20250905,200000,662.6,663.1,662.2,662.3,9850,0
20250905,210000,662.3,662.5,661.5,662.5,9738,0
20250905,220000,662.5,664.3,662.4,663.4,25588,0
20250905,230000,663.4,664.3,662.7,664.3,15152,0
20250906,090000,664.3,664.3,664.3,664.3,60,0
20250906,100000,664.3,664.9,662,663.5,7348,0
20250906,110000,663.6,663.7,662.9,663.3,1505,0
20250906,120000,663.3,663.5,663.1,663.4,1017,0
20250906,130000,663.3,663.8,663.1,663.6,2552,0
20250906,140000,663.5,663.7,662.7,663.5,2381,0
20250906,150000,663.5,663.5,662.7,663.1,840,0
20250906,160000,663.1,663.2,662.7,663.1,3197,0
20250906,170000,662.7,663.1,662.6,663.1,907,0
20250906,180000,663.1,663.2,663.1,663.2,5401,0
20250907,090000,663.2,663.2,663.2,663.2,38,0
20250907,100000,663.2,664.2,662.5,663.8,1417,0
20250907,110000,663.6,663.9,662.7,663,1025,0
20250907,120000,663,663,662.6,662.9,824,0
20250907,130000,663,664,662.9,664,8214,0
20250907,140000,663.6,664.3,661.9,664.1,22037,0
20250907,150000,663.9,664,663,663.7,1653,0
20250907,160000,663.7,664.1,662.5,663.9,14776,0
20250907,170000,663.8,665.5,663.7,665.3,11822,0
20250907,180000,665,665.3,664,664,4976,0
20250908,070000,663.9,666,663.9,664.4,15681,0
20250908,080000,664.4,664.9,663.9,664.9,6637,0
20250908,090000,665,665.8,664.2,664.3,50754,0
20250908,100000,664.2,664.5,661.9,662,120270,0
20250908,110000,662.2,662.5,661,661.3,100874,0
20250908,120000,661.3,661.9,659.2,660.3,145392,0
20250908,130000,660.5,660.7,658.1,659.3,97489,0
20250908,140000,659.4,660.5,658.8,660.1,119485,0
20250908,150000,659.9,660,656,656.5,135277,0
20250908,160000,656.2,656.6,655,655.6,162304,0
20250908,170000,655.5,658,655,656,152854,0
20250908,180000,656,657.4,655.1,657.1,73621,0
20250908,190000,657.5,659.3,657.1,658.9,20112,0
20250908,200000,658.9,659,658.1,658.6,8235,0
20250908,210000,658.6,659,658.5,658.9,15528,0
20250908,220000,658.9,659.1,658.6,658.7,6550,0
20250908,230000,658.6,659.2,658.6,658.7,5517,0
20250909,070000,659,659.6,658.3,658.7,11595,0
20250909,080000,658.8,659.4,658.7,659.3,12288,0
20250909,090000,659.3,659.3,658,658.3,11276,0
20250909,100000,658.4,659.2,657.1,658.5,69986,0
20250909,110000,658.5,661.6,657.5,660.9,177072,0
20250909,120000,661,661.4,658.7,660.8,83656,0
20250909,130000,660.7,660.9,655.5,655.8,164026,0
20250909,140000,655.8,657.3,655.5,656.6,60115,0
20250909,150000,656.6,657.2,653.3,653.9,137790,0
20250909,160000,653.9,659,653.4,655.6,154825,0
20250909,170000,655.6,656.1,654,656.1,90109,0
20250909,180000,656.1,657.3,655.4,657,36945,0
20250909,190000,657,657.4,655,656.2,23153,0
20250909,200000,656.2,657.1,654,656,27096,0
20250909,210000,656,657.2,655.4,656.9,16191,0
20250909,220000,656.9,657.1,656.5,656.9,5638,0
20250909,230000,657,657.5,656.9,657.3,13564,0
20250910,070000,657.3,657.9,655.9,656,5477,0
20250910,080000,655.9,655.9,653.6,654.8,21286,0
20250910,090000,654.7,655.4,653.7,654.2,21566,0
20250910,100000,654.3,657.9,653.7,657.8,52503,0
20250910,110000,657.9,659.5,657,657.7,115290,0
20250910,120000,657.7,661,657.1,660.7,142483,0
20250910,130000,660.7,660.9,653.9,655.3,231626,0
20250910,140000,655.3,658.9,655,657,112318,0
20250910,150000,656.9,659.6,656.2,658.7,79408,0
20250910,160000,658.8,661.1,658.2,659.9,62649,0
20250910,170000,659.9,660.8,658.7,659.8,71738,0
20250910,180000,659.8,660.2,656.6,657.7,53578,0
20250910,190000,658.8,659.1,654.4,656.2,63459,0
20250910,200000,656.1,656.5,655,656.4,23587,0
20250910,210000,656.3,656.4,654.3,654.9,22356,0
20250910,220000,654.9,655.1,653.8,654.1,23970,0
20250910,230000,654.1,654.1,650,650.1,93181,0
20250911,070000,650.2,654.2,650.1,654,11900,0
20250911,080000,654.1,655,654.1,654.9,6554,0
20250911,090000,654.8,654.9,652.9,653.4,21067,0
20250911,100000,653.3,654,651.6,651.8,130915,0
20250911,110000,651.7,656,651.6,655.6,140836,0
20250911,120000,655.6,656.6,653.9,654,60181,0
20250911,130000,654,656.3,653.1,655.6,67584,0
20250911,140000,655.6,658.3,654.9,656.8,136573,0
20250911,150000,656.8,657.3,652.4,656.5,66202,0
20250911,160000,656.4,664.7,655,659.6,238830,0
20250911,170000,659.6,660.6,658.8,659.5,72509,0
20250911,180000,659.5,659.5,652,657.5,306829,0
20250911,190000,657.1,658.7,657,657.7,16937,0
20250911,200000,657.8,658,656.5,656.8,11057,0
20250911,210000,656.9,657.2,656.2,656.4,8446,0
20250911,220000,656.4,656.4,655,655.2,19272,0
20250911,230000,655.7,655.8,654.4,655.1,10442,0
20250912,070000,656.9,657.9,655.1,657.5,7591,0
20250912,080000,657.5,657.8,657.2,657.6,4620,0
20250912,090000,657.6,657.6,655.3,655.8,38977,0
20250912,100000,655.8,656.7,653.5,656,125160,0
20250912,110000,656,658.8,653,657.9,162651,0
20250912,120000,657.9,660,656.9,657.7,152908,0
20250912,130000,657.9,659.3,648.3,650.2,452687,0
20250912,140000,650.3,651.1,648.5,649.4,149735,0
20250912,150000,649.6,650,643,644.2,441686,0
20250912,160000,644.2,645.8,643,644.3,156728,0
20250912,170000,644.4,645.7,643.5,643.9,142444,0
20250912,180000,644,647.3,643,643.8,121269,0
20250912,190000,644,644.9,640,641.7,129857,0
20250912,200000,641.6,642.6,640,640.6,66876,0
20250912,210000,640.6,643.2,640.2,643.1,59809,0
20250912,220000,643.1,643.1,641.8,642,17717,0
20250912,230000,641.9,646.1,641.9,645.5,18444,0
20250913,090000,645.5,645.5,645.5,645.5,418,0
20250913,110000,645.5,646.8,645.5,646.2,2298,0
20250913,120000,646.2,646.8,643.7,643.8,11274,0
20250913,130000,643.9,645,643.7,644.6,5107,0
20250913,140000,644.2,644.6,643.4,643.4,7548,0
20250913,150000,643.7,644.2,643.4,643.9,3163,0
20250913,160000,643.9,643.9,642.4,642.8,6411,0
20250913,170000,642.8,642.8,640.9,641.7,9165,0
20250913,180000,641.7,642.3,641.4,641.4,4601,0
20250914,090000,643.6,643.6,643.6,643.6,31,0
20250914,100000,643,643.4,640.3,640.7,13083,0
20250914,110000,640.9,641,640.4,640.5,8332,0
20250914,120000,640.5,641,640.4,640.9,2929,0
20250914,130000,641,642.4,640.6,642,15153,0
20250914,140000,642,642.1,641.2,641.6,3488,0
20250914,150000,641.6,642.7,641,641.3,13805,0
20250914,160000,641.3,642.3,641,641.1,3617,0
20250914,170000,641.2,642.1,641.2,642.1,5990,0
20250914,180000,641.9,642.8,641.7,642.8,3396,0
20250915,070000,643.4,644.2,637,638.9,98529,0
20250915,080000,638.9,640.9,638.3,638.9,55275,0
20250915,090000,638.9,640.2,638,639,102226,0
20250915,100000,638.9,643.7,638.1,639,232096,0
20250915,110000,638.9,640.5,635.4,640,250204,0
20250915,120000,640,642.9,638.7,640.8,141271,0
20250915,130000,640.7,644,640.2,641.6,126103,0
20250915,140000,641.4,642.9,640.9,641.5,54562,0
20250915,150000,641.4,643.4,638.6,639.9,93246,0
20250915,160000,639.9,641.4,638.9,640.4,73262,0
20250915,170000,640.2,643.5,638.5,642.3,180371,0
20250915,180000,642.1,642.4,640.3,641,70265,0
20250915,190000,641.3,643.4,640.5,642.6,30292,0
20250915,200000,642.5,642.7,641.7,641.8,13574,0
20250915,210000,641.7,641.8,640.1,640.9,20207,0
20250915,220000,640.8,641.4,640.2,641,5931,0
20250915,230000,641,642.6,641,641.9,6841,0
20250916,070000,643,643.5,642,642.8,6813,0
20250916,080000,642.8,646.5,642.8,644,38351,0
20250916,090000,644,644.6,643,643.1,42064,0
20250916,100000,643.1,646.7,642.2,644.7,130459,0
20250916,110000,644.7,645.6,641.4,643.8,163797,0
20250916,120000,643.7,644.7,634.9,636,302675,0
20250916,130000,635.9,636.2,632.2,634.2,486234,0
20250916,140000,634.4,635.2,631,631.8,596181,0
20250916,150000,631.7,634.7,629.6,631.6,423744,0
20250916,160000,631.7,635,630.3,634.1,274846,0
20250916,170000,634,635,631.5,633.4,203724,0
20250916,180000,633.4,635,631.3,632.5,150606,0
20250916,190000,632.5,632.5,631.5,632.5,25278,0
20250916,200000,632.5,632.5,631.8,632.5,18066,0
20250916,210000,632.5,632.5,632.1,632.5,8413,0
20250916,220000,632.5,632.5,631.9,631.9,14366,0
20250916,230000,632.1,632.5,631.5,631.7,15238,0
20250917,070000,631.5,634.3,631.4,633.4,12337,0
20250917,080000,633.7,634,633.3,633.9,7468,0
20250917,090000,633.9,634,629,629.8,64120,0
20250917,100000,629.7,632,628.1,630.2,231463,0
20250917,110000,630.1,631.1,627.9,628.8,70780,0
20250917,120000,628.8,629.1,626.6,627,53542,0
20250917,130000,627,629.1,626.1,628.8,123449,0
20250917,140000,628.9,630.4,627.6,629.6,126275,0
20250917,150000,629.5,630.7,627.2,627.6,99025,0
20250917,160000,627.8,628.6,626.4,626.6,89323,0
20250917,170000,626.5,629.1,626.1,628.4,208489,0
20250917,180000,628.4,630.4,628.1,628.4,165578,0
20250917,190000,628.9,631,628.3,629.5,85699,0
20250917,200000,629.6,630.7,629.5,630.3,23900,0
20250917,210000,630.4,631,629.8,630.1,45907,0
20250917,220000,629.9,629.9,629,629.3,15525,0
20250917,230000,629.3,629.5,628,629.3,11193,0
20250918,070000,630.5,630.5,628.1,628.8,4566,0
20250918,080000,628.8,629.9,628.7,629.3,5660,0
20250918,090000,629.3,629.9,628.6,629.2,31606,0
20250918,100000,629.3,632.6,627.8,630.9,181359,0
20250918,110000,630.8,632.3,630.4,632,88511,0
20250918,120000,632,632.2,630,630.3,74832,0
20250918,130000,630.1,632.1,629.5,631,97497,0
20250918,140000,630.9,632.3,630.4,630.6,148170,0
20250918,150000,630.5,631,621.9,624.1,2178963,0
20250918,160000,624,625.8,618.1,621.2,549772,0
20250918,170000,621.2,625.9,621.1,622.5,389403,0
20250918,180000,622.3,624.2,621.2,622.2,199257,0
20250918,190000,622.2,624.1,622.2,622.6,50956,0
20250918,200000,622.6,622.6,618.7,619.7,74654,0
20250918,210000,619.7,621.2,618.8,621,28722,0
20250918,220000,621,621.2,620.7,620.9,5624,0
20250918,230000,620.9,621.2,620.2,620.4,15172,0
20250919,070000,620.3,621.5,617.5,617.8,27350,0
20250919,080000,617.8,619.6,616.8,617.3,35902,0
20250919,090000,617.3,621.6,617.3,621.1,53782,0
20250919,100000,621.1,623.5,621.1,622.4,65831,0
20250919,110000,622.3,622.7,617.6,618.1,133095,0
20250919,120000,618.1,622.4,617.1,622.4,163037,0
20250919,130000,622.3,623.4,618.5,618.8,173595,0
20250919,140000,618.8,624.2,618.5,624.2,192280,0
20250919,150000,624.2,624.2,621.1,623,142849,0
20250919,160000,623,623.8,621.8,622,70587,0
20250919,170000,622,622.5,618.9,619.4,149966,0
20250919,180000,619.3,622,618.7,621.5,96965,0
20250919,190000,620.9,621.5,616.5,617.9,166379,0
20250919,200000,617.9,618.2,616.3,617.9,37909,0
20250919,210000,618,618,615.8,616.7,55848,0
20250919,220000,616.8,617.7,616.7,617,23907,0
20250919,230000,617,617.4,615.7,616.5,40513,0
20250922,070000,616.6,619.9,614.4,618.9,17404,0
20250922,080000,618.8,622,618.7,620.8,35090,0
20250922,090000,621,621,617.5,618.2,25692,0
20250922,100000,618,620.8,613.7,615,116372,0
20250922,110000,615.1,615.3,610.4,611.7,95671,0
20250922,120000,611.6,612.5,610,611.7,103237,0
20250922,130000,611.7,613.8,611.1,613.1,92478,0
20250922,140000,613.1,618.8,612.1,615.2,141076,0
20250922,150000,615.4,616.9,611.4,611.4,81549,0
20250922,160000,611.5,611.8,607.5,607.8,108704,0
20250922,170000,607.8,616.7,607.6,615.1,87687,0
20250922,180000,615.3,620.5,615.3,618.5,116726,0
20250922,190000,618.7,620.5,616.8,619.4,41336,0
20250922,200000,619.3,624,618,621.7,65215,0
20250922,210000,621.9,625.1,621.8,623.7,62645,0
20250922,220000,623.8,624,623.2,623.7,9616,0
20250922,230000,623.7,624.4,622.6,623.9,19578,0
20250923,070000,623.9,624.3,620.9,620.9,28790,0
20250923,080000,621.2,621.2,620.5,620.6,5362,0
20250923,090000,620.7,623.9,620.2,623.2,34370,0
20250923,100000,622.9,622.9,619.1,620.5,80229,0
20250923,110000,620.4,622.2,618,621.1,94991,0
20250923,120000,621.2,624.9,620.5,624.5,130362,0
20250923,130000,624.5,624.9,622.7,624.2,33548,0
20250923,140000,624.2,626,623.6,624.8,81574,0
20250923,150000,624.8,625.9,622,624.6,84805,0
20250923,160000,624.6,627.5,624.1,624.5,119266,0
20250923,170000,624.5,625.8,621.1,623,140735,0
20250923,180000,623.1,625.4,623.1,624,31657,0
20250923,190000,624,624.3,621.1,621.7,40005,0
20250923,200000,621.6,623,619.5,619.8,27674,0
20250923,210000,619.8,620.9,615.2,616.8,104172,0
20250923,220000,616.7,616.7,607.1,607.1,214468,0
20250923,230000,607.2,611.6,606.7,610.3,62532,0
20250924,070000,611.8,613.5,610.9,613.5,18554,0
20250924,080000,613.5,613.5,611.5,612.1,9939,0
20250924,090000,612.1,612.2,605.7,610.1,99923,0
20250924,100000,609.8,615.6,607.6,615.1,210246,0
20250924,110000,615,617.6,612.7,617.1,167418,0
20250924,120000,617.3,618.8,614.7,615.3,107334,0
20250924,130000,615.3,616.2,613.3,614.4,62394,0
20250924,140000,614.5,622.3,612.8,621.8,115186,0
20250924,150000,621.9,627,621.8,625.3,116238,0
20250924,160000,625.3,631.7,623.9,627,229617,0
20250924,170000,627.3,627.7,624,625.5,96767,0
20250924,180000,625.4,627.7,624.4,625.2,82273,0
20250924,190000,625,628.3,624.1,628.3,50775,0
20250924,200000,628.3,630.3,626.7,628.8,47197,0
20250924,210000,628.6,629.4,625.4,626.8,73691,0
20250924,220000,626.8,627.5,626.5,627.5,7207,0
20250924,230000,627.3,627.9,626,627.2,9780,0
20250925,070000,625.7,628.9,625.7,628.8,13079,0
20250925,080000,628.7,629,627.9,628.2,3554,0
20250925,090000,628,629.8,625.8,629.2,62593,0
20250925,100000,629.2,629.5,624.7,626.2,82585,0
20250925,110000,626.2,634.1,624.8,632.7,246097,0
20250925,120000,632.7,634.8,629.9,634.7,144702,0
20250925,130000,634.8,635.8,632,633,151583,0
20250925,140000,632.9,634.6,631.8,633.9,51896,0
20250925,150000,633.9,634.6,629.4,630.6,115316,0
20250925,160000,630.5,631.6,627.5,628,127736,0
20250925,170000,628,630.5,627.8,628.8,120689,0
20250925,180000,628.6,629,625,628.3,106074,0
20250925,190000,626.5,635,625,629.1,135141,0
20250925,200000,629,629.3,627.5,628.2,16584,0
20250925,210000,628.2,628.3,625,626.4,42652,0
20250925,220000,626.4,626.6,625,626.1,27110,0
20250925,230000,626.1,627.5,625.1,627.3,19531,0
20250926,070000,627.4,629.1,620.8,622.1,48505,0
20250926,080000,622.2,624.2,620.9,623.4,30949,0
20250926,090000,623.3,628.5,623.2,626.3,43809,0
20250926,100000,625.9,627.2,623.4,625.5,134461,0
20250926,110000,625.4,630.9,625.4,629.2,159794,0
20250926,120000,629.1,637.5,628.8,636.9,217381,0
20250926,130000,637.1,637.7,635.4,636.3,132410,0
20250926,140000,636.3,636.3,632.7,634.5,140746,0
20250926,150000,634.2,637,630.9,635.8,173337,0
20250926,160000,635.8,637,633.8,635.2,102637,0
20250926,170000,635.2,641,632.5,640.5,375957,0
20250926,180000,640.5,644,638.2,643,180333,0
20250926,190000,642.4,645.9,641.2,645.2,158843,0
20250926,200000,645,647,643.7,646.9,70026,0
20250926,210000,646.6,648,644.3,646.8,159984,0
20250926,220000,646.8,647.1,644.1,645.1,58971,0
20250926,230000,645.2,645.9,644.2,645.9,40414,0
20250927,090000,645.9,645.9,645.9,645.9,102,0
20250927,100000,645.9,647.4,644.6,645.5,2717,0
20250927,110000,645.5,645.9,644.1,644.5,11095,0
20250927,120000,644.4,644.5,643,643.1,18853,0
20250927,130000,643.2,644.5,643.1,644.4,7984,0
20250927,140000,644.4,644.9,643.8,644.6,3554,0
20250927,150000,644.8,644.9,644.6,644.8,1387,0
20250927,160000,644.7,644.8,644,644.3,3522,0
20250927,170000,644.4,644.8,644,644.8,2193,0
20250927,180000,644.5,644.8,644,644,1360,0
20250928,090000,644.5,644.5,644.5,644.5,9,0
20250928,100000,644.5,645.6,642.9,644,22490,0
20250928,110000,644,644,638,638.1,58790,0
20250928,120000,638,640,630,640,136354,0
20250928,130000,640,640,637,639.3,25309,0
20250928,140000,639.3,639.4,638.2,639.2,5676,0
20250928,150000,639.2,640.5,639.2,640.1,21715,0
20250928,160000,640.4,640.5,639.2,639.7,7728,0
20250928,170000,639.7,640.3,639.6,640,7793,0
20250928,180000,640.1,640.6,639.4,640.1,20372,0
20250929,070000,639.9,640.1,635.9,637.5,39652,0
20250929,080000,637.3,639.2,637.3,638.3,20862,0
20250929,090000,638.4,638.5,636.5,636.8,23097,0
20250929,100000,636.7,643.4,634.7,642.8,342836,0
20250929,110000,642.9,645,642.9,644.4,62884,0
20250929,120000,644.4,647.5,644.2,646,129318,0
20250929,130000,645.9,647.3,642.5,643,91574,0
20250929,140000,643.2,643.9,640.1,641,108374,0
20250929,150000,640.8,641.3,635,637.4,280335,0
20250929,160000,637.4,639,631.2,632.3,245380,0
20250929,170000,632.3,635.2,631.7,635,136480,0
20250929,180000,635.1,635.1,631.7,633.7,242636,0
20250929,190000,633.6,635.2,630.1,632.7,99730,0
20250929,200000,632.5,640.4,631.7,635.7,221768,0
20250929,210000,635.7,635.7,630.1,632.3,137106,0
20250929,220000,632.3,632.5,630.4,631.7,21186,0
20250929,230000,631.8,632.4,631,632.1,14021,0
20250930,070000,632,635.8,630.7,635,28389,0
20250930,080000,635,636.6,634.7,635,9203,0
20250930,090000,634.8,634.8,630.5,630.9,61322,0
20250930,100000,630.8,631.3,625,629.8,273027,0
20250930,110000,629.7,630.2,626.5,627,147631,0
20250930,120000,627,629.8,622.3,626.8,335598,0
20250930,130000,626.8,630.8,625.1,628.7,130292,0
20250930,140000,628.5,632.4,626.6,626.6,143591,0
20250930,150000,626.6,628.3,624.4,625.2,200588,0
20250930,160000,625.2,631.2,623.6,630.8,149414,0
20250930,170000,631,633.4,630.4,632.3,122408,0
20250930,180000,632.3,635.1,631.3,633.2,92187,0
20250930,190000,632.6,634.2,630,630.1,39966,0
20250930,200000,630.1,630.4,627.5,629.9,56391,0
20250930,210000,629.9,632.2,629.6,631.4,32050,0
20250930,220000,631.4,631.4,630.6,631,4159,0
20250930,230000,631,631.2,629.6,630,16797,0
20251001,070000,630.8,633.3,630.1,633,7854,0
20251001,080000,633,633.9,632.4,632.4,7021,0
20251001,090000,632.4,633.8,630.6,632.1,22708,0
20251001,100000,632,632,625.3,625.3,115318,0
20251001,110000,625.3,629,625,626.3,79555,0
20251001,120000,626.3,628.3,624,625.8,61414,0
20251001,130000,625.7,625.7,617.7,619.5,145042,0
20251001,140000,619.9,620.7,617.7,619.7,118213,0
20251001,150000,619.6,621,618.3,620.3,104349,0
20251001,160000,620.3,623,619.1,621.8,94212,0
20251001,170000,621.7,621.7,616.7,618.1,206705,0
20251001,180000,618.2,621.9,614.3,616.8,179448,0
20251001,190000,616.9,617.9,615.4,616.8,35335,0
20251001,200000,616.8,617,614.5,615.6,21532,0
20251001,210000,615.6,615.8,611.6,613.8,81280,0
20251001,220000,613.9,614.8,613.1,614.7,18877,0
20251001,230000,614.7,614.9,614,614.6,14245,0
20251002,070000,615,616,611.8,613.4,15173,0
20251002,080000,612.9,613,607.8,609.9,79262,0
20251002,090000,609.9,610.7,607,609.4,106796,0
20251002,100000,609.2,612.8,606.8,611.7,128400,0
20251002,110000,611.8,613.1,610,611.7,64244,0
20251002,120000,611.8,612.1,607.4,608.2,224570,0
20251002,130000,608.2,608.8,602.4,603.1,233135,0
20251002,140000,603.2,603.8,600,602.9,167184,0
20251002,150000,602.9,607.1,602.5,605.3,166073,0
20251002,160000,605.5,606.2,600.8,601.2,123234,0
20251002,170000,601.3,605.8,601,604.4,52338,0
20251002,180000,604.5,605,601,603.8,62513,0
20251002,190000,603.7,604,601.3,601.8,38397,0
20251002,200000,602.1,602.9,601,602.3,12790,0
20251002,210000,602.5,602.8,600,600.2,60361,0
20251002,220000,600.3,602.9,599.2,602.2,72620,0
20251002,230000,602.2,602.7,598.3,600,31592,0
20251003,070000,602.7,603.6,600.1,603,13167,0
20251003,080000,603,603,601.8,602.4,7867,0
20251003,090000,602.3,602.3,599.8,600.8,24316,0
20251003,100000,600.6,604.5,600.4,603.6,66475,0
20251003,110000,603.5,605.9,603.3,604.4,75857,0
20251003,120000,604.5,604.8,594.1,595.3,160310,0
20251003,130000,595.3,595.8,592,595.5,111299,0
20251003,140000,595.5,595.5,592.1,592.5,74107,0
20251003,150000,592.4,594.3,590,591.1,133980,0
20251003,160000,591,591.2,586.7,587.1,127279,0
20251003,170000,587.3,587.5,583.6,584.9,208158,0
20251003,180000,584.9,585,582.8,582.8,37143,0
20251003,190000,582.9,583.6,581,582.5,104719,0
20251003,200000,582.6,583.6,581.3,583.6,59432,0
20251003,210000,583.4,584.7,583.2,583.9,24957,0
20251003,220000,583.7,584,582.1,583.1,25407,0
20251003,230000,583.5,584,581.8,581.8,16749,0
20251004,090000,581.8,581.8,581.8,581.8,250,0
20251004,100000,582,583.8,573.2,575.4,88114,0
20251004,110000,575.5,575.9,573.4,574.6,26604,0
20251004,120000,574.6,574.8,572.4,573.2,32065,0
20251004,130000,573.3,573.3,568.2,571.5,61508,0
20251004,140000,571.5,571.5,569.1,570.8,46226,0
20251004,150000,570.7,571.5,570.5,571.5,28665,0
20251004,160000,571.4,571.5,570.5,571.1,14828,0
20251004,170000,571.3,572.1,570.7,571.8,9447,0
20251004,180000,571.8,573.4,571,572.8,19281,0
20251005,090000,572.8,572.8,572.8,572.8,243,0
20251005,100000,573,573.6,570,572.4,16635,0
20251005,110000,572.4,572.6,571.5,572.3,7581,0
20251005,120000,572.3,573.4,572,573,5786,0
20251005,130000,573,573.8,572.4,573.8,13451,0
20251005,140000,573.8,574,573.4,573.8,4101,0
20251005,150000,573.8,573.8,573.1,573.7,4498,0
20251005,160000,573.7,575,573.6,575,10660,0
20251005,170000,575,575.9,574.6,575.3,15414,0
20251005,180000,575.3,578.4,575.2,578.4,18864,0
20251006,070000,581.7,581.7,577.8,580.4,55246,0
20251006,080000,580.4,581.2,579.7,580.6,14786,0
20251006,090000,580.7,580.7,577.9,578.7,29148,0
20251006,100000,578.6,579.9,575.3,577.6,293549,0
20251006,110000,577.5,580,576.8,579.3,100362,0
20251006,120000,579.4,581.4,576,579.2,294653,0
20251006,130000,579.4,580.8,575.4,576.3,217457,0
20251006,140000,576.2,576.9,571.3,572.8,206192,0
20251006,150000,572.9,576,569.7,574.7,255066,0
20251006,160000,574.5,588.3,574.5,586.7,518018,0
20251006,170000,586.8,588.5,583.4,584.9,520602,0
20251006,180000,585.1,590,584.7,589.2,212940,0
20251006,190000,589,589.8,584.9,588.8,109331,0
20251006,200000,589,591.3,589,590,67082,0
20251006,210000,590,590.2,588.9,590,14365,0
20251006,220000,590,592.4,589.8,592.2,18413,0
20251006,230000,592.4,593.2,590.8,591.9,21632,0
20251007,070000,592.9,593.5,588.7,589.8,27719,0
20251007,080000,589.9,594.7,588.6,593.6,37299,0
20251007,090000,593.6,593.6,586.2,587.7,74947,0
20251007,100000,587.5,591.9,585.4,590.4,121654,0
20251007,110000,590.4,591.1,586.7,590.2,294950,0
20251007,120000,590.1,593.9,590,591.9,239248,0
20251007,130000,592,595.7,589.3,595.4,292389,0
20251007,140000,595.4,595.7,592.2,592.9,160096,0
20251007,150000,592.9,595.5,589.4,594.7,149274,0
20251007,160000,594.7,595.3,592,594.7,118219,0
20251007,170000,594.7,594.7,591.8,594.2,88756,0
20251007,180000,593.9,597.9,593.1,597.9,158328,0
20251007,190000,596.9,598.2,596.6,596.9,64549,0
20251007,200000,596.9,598.7,596.9,598.2,17955,0
20251007,210000,598.2,598.2,596.4,597.3,14341,0
20251007,220000,597.3,597.9,596.5,597.9,13660,0
20251007,230000,597.9,598.4,597.4,598,17764,0
20251008,070000,597.5,602.7,596.6,599.8,43373,0
20251008,080000,599.8,600.6,599.6,600.3,8466,0
20251008,090000,600.1,600.1,598.1,599.5,30564,0
20251008,100000,599.6,601.7,592.2,593.8,123049,0
20251008,110000,593.6,597.3,593.1,594.7,91045,0
20251008,120000,594.6,594.8,586.8,588,243636,0
20251008,130000,588,588.5,582.1,583.1,226974,0
20251008,140000,583.1,583.2,579.4,581.7,264953,0
20251008,150000,581.7,582.6,576.1,576.4,93341,0
20251008,160000,576.3,577.2,571.9,572.9,229643,0
20251008,170000,572.9,575.9,572,572,253261,0
20251008,180000,572,579,572,578.2,180522,0
20251008,190000,578,578.9,572,574,154041,0
20251008,200000,574,576.2,573.1,573.8,72881,0
20251008,210000,573.8,578.8,573.3,578.7,120305,0
20251008,220000,578.7,578.7,576.5,577,48800,0
20251008,230000,577,578.2,577,578,15624,0
20251009,070000,579,580.2,576.1,580.2,9671,0
20251009,080000,580.2,580.2,577.2,577.7,34410,0
20251009,090000,577.7,579.1,574.3,576.4,93974,0
20251009,100000,576.2,579,574.4,575.9,118533,0
20251009,110000,575.9,576.8,568,575.5,376506,0
20251009,120000,575.4,594.2,574.2,592.3,581732,0
20251009,130000,592.5,598,592.2,593.1,284934,0
20251009,140000,593,595.3,591.2,591.8,151129,0
20251009,150000,591.8,596.7,589.5,595.9,149285,0
20251009,160000,595.9,604.1,595.2,602.4,244120,0
20251009,170000,602.4,607.5,602.4,606.5,268034,0
20251009,180000,606.5,609.9,606.3,607.5,143363,0
20251009,190000,607.3,607.5,605.5,605.8,70849,0
20251009,200000,605.9,609.3,605.8,609,77144,0
20251009,210000,609,609.4,607.1,608.5,48875,0
20251009,220000,608.9,610.6,608.3,609.1,61030,0
20251009,230000,609.1,609.1,607.5,607.7,15881,0
20251010,070000,608.6,609.6,604.8,606.4,35263,0
20251010,080000,606.1,606.1,602.5,605.1,38018,0
20251010,090000,605.4,610.9,605.4,610.6,85144,0
20251010,100000,610.5,610.6,600.8,601.8,190133,0
20251010,110000,601.8,606,600.4,603,166630,0
20251010,120000,602.9,603.2,595.2,596.4,206958,0
20251010,130000,596.6,597,592.4,595.3,257829,0
20251010,140000,595.3,596.8,592.9,595.9,100548,0
20251010,150000,595.7,596.9,593.3,594.5,117929,0
20251010,160000,594.6,595.3,583.5,587.7,355010,0
20251010,170000,587.6,591.3,583.5,587,196187,0
20251010,180000,587.3,588.9,581.2,586,206746,0
20251010,190000,585.8,586.5,584,586.4,44840,0
20251010,200000,586.4,586.6,584.5,585.8,37172,0
20251010,210000,585.8,586,584.2,584.6,44828,0
20251010,220000,584.7,585,582.5,583,37321,0
20251010,230000,582.8,583.1,580.3,581.9,47130,0
20251011,090000,581.9,581.9,581.9,581.9,437,0
20251011,100000,583,583.5,578,583.2,35682,0
20251011,110000,583.3,584.5,583.1,583.8,14337,0
20251011,120000,583.8,586.3,583.8,584.8,22831,0
20251011,130000,584.8,584.8,583.1,583.4,17848,0
20251011,140000,583.4,583.9,583,583.8,3464,0
20251011,150000,584,585,583.9,584.9,6518,0
20251011,160000,584.9,584.9,584.4,584.7,2804,0
20251011,170000,584.7,584.8,584,584.5,7912,0
20251011,180000,584.5,585,584.2,584.9,4838,0
20251012,090000,585.2,585.2,585.2,585.2,167,0
20251012,100000,585.3,588.3,585.3,587.1,25683,0
20251012,110000,587,587.8,586.7,587,13560,0
20251012,120000,587,588,586.8,587.3,5261,0
20251012,130000,587.3,588.6,587.2,588.6,3892,0
20251012,140000,588.7,589,587.7,589,11170,0
20251012,150000,588.8,589.9,588.6,589.5,6720,0
20251012,160000,589.6,589.7,587.5,587.7,15100,0
20251012,170000,587.7,588.5,587.6,588.1,5452,0
20251012,180000,588.2,588.2,587.7,588.2,6952,0
20251013,070000,589.7,593.1,589.2,593,65964,0
20251013,080000,593,593.1,590.5,591.4,43587,0
20251013,090000,591.1,594.9,590.4,593.5,79403,0
20251013,100000,593.4,594.2,585,585,346636,0
20251013,110000,585.1,590,583.1,588.2,289956,0
20251013,120000,588.2,588.4,585.2,586.7,115465,0
20251013,130000,586.4,586.7,583.5,585.6,85549,0
20251013,140000,585.7,589.7,580.5,587.1,433200,0
20251013,150000,587.3,595.3,587.3,593.9,343686,0
20251013,160000,593.9,595.2,589.6,591.8,115369,0
20251013,170000,591.9,592.1,586,586.8,180833,0
20251013,180000,586.6,590.6,586.3,590.3,125238,0
20251013,190000,590.3,594,588.3,594,120036,0
20251013,200000,594,594,592.3,592.8,52085,0
20251013,210000,592.9,593.7,592.3,592.8,56666,0
20251013,220000,592.6,594.9,592.3,594.6,81044,0
20251013,230000,594.5,596,594,595.3,106613,0
20251014,090000,580.5,580.5,580.5,580.5,5506,0
20251014,100000,580.7,580.7,572.4,575.1,527866,0
20251014,110000,575,576.5,571.7,574.2,324097,0
20251014,120000,574.3,575.5,572.1,573.6,177777,0
20251014,130000,573.7,574.9,572.1,574.4,56049,0
20251014,140000,574.4,575.2,570.6,571,116138,0
20251014,150000,571,571.8,563.3,563.4,481497,0
20251014,160000,563.3,563.3,556.8,557,349784,0
20251014,170000,557.1,562.8,556.1,560.9,190795,0
20251014,180000,560.9,562.4,559,559.9,178041,0
20251014,190000,559.9,561.4,558.1,558.6,110090,0
20251014,200000,558.5,559.3,558,558.3,54528,0
20251014,210000,558.3,558.3,556,557.1,72106,0
20251014,220000,557.4,557.6,555.6,557.1,54685,0
20251014,230000,557,558.8,556.4,557.5,41641,0
20251015,070000,557.5,561,557.2,558.5,60666,0
20251015,080000,558.5,559,558,558.7,12858,0
20251015,090000,558.8,558.9,553.4,555,87142,0
20251015,100000,555,555,552.4,553.1,173598,0
20251015,110000,552.9,553.7,546.9,547,247795,0
20251015,120000,547,548,542.7,546.5,299829,0
20251015,130000,546.5,552,545.3,546,242835,0
20251015,140000,546,547.8,544.2,547.7,154383,0
20251015,150000,547.8,549.5,545.7,548.3,165515,0
20251015,160000,548.4,548.7,542.8,543.7,160489,0
20251015,170000,543.7,544.9,541.1,542.8,132196,0
20251015,180000,542.9,544.9,541.4,541.4,94267,0
20251015,190000,542.4,543.9,541.5,542,63673,0
20251015,200000,542,542.1,539.7,540.9,177026,0
20251015,210000,540.9,541.8,540.5,541.1,35266,0
20251015,220000,541.2,541.8,540.6,541.8,22824,0
20251015,230000,541.7,542.6,540.8,542.2,54997,0
20251016,070000,543,543.5,541.2,542.2,30770,0
20251016,080000,542.2,542.6,541.7,542.4,7736,0
20251016,090000,542.3,542.3,536.2,537.8,136008,0
20251016,100000,537.6,539.7,535.5,539.3,213695,0
20251016,110000,539.3,541.1,536.6,539.2,159926,0
20251016,120000,539.2,546.6,537.4,544.5,388750,0
20251016,130000,544.4,544.5,541.1,543.2,100195,0
20251016,140000,543.2,548,542.7,546.5,173633,0
20251016,150000,546.5,550.2,546.3,550,168942,0
20251016,160000,550,550.7,548,549.2,138922,0
20251016,170000,549.2,563,548.4,560.3,779604,0
20251016,180000,560.3,561.4,555.1,558,185487,0
20251016,190000,557.7,559.9,553.8,557.1,158394,0
20251016,200000,557.1,589.1,556.6,588.7,1459384,0
20251016,210000,588.7,589.1,581.8,586.4,441950,0
20251016,220000,586.4,588.8,585.2,585.7,115234,0
20251016,230000,585.8,589.1,585.8,589.1,119384,0
20251017,070000,589.5,591.5,585.4,586.7,153812,0
20251017,080000,586.7,588.2,581.8,585.7,169273,0
20251017,090000,585.7,587.8,581.1,584.9,312375,0
20251017,100000,584.8,594.9,584.1,587.6,750775,0
20251017,110000,587.8,590.2,583.5,585.4,176655,0
20251017,120000,585.5,592.2,584.4,591.1,149015,0
20251017,130000,591.1,591.6,587,589.4,74162,0
20251017,140000,589.4,602.8,589.1,597.5,441990,0
20251017,150000,597.4,601.9,596.1,600.2,167141,0
20251017,160000,600.1,602.7,597,600.3,191608,0
20251017,170000,600.5,600.8,596.6,597,95245,0
20251017,180000,597.1,604,596.5,601,169659,0
20251017,190000,600.9,602.9,600.6,601.9,47282,0
20251017,200000,601.9,612,601.1,607,273388,0
20251017,210000,607,609.4,602.7,604.8,148500,0
20251017,220000,604.7,605.1,603,604,27089,0
20251017,230000,604.1,607.3,603.5,606.6,55260,0
20251018,090000,606.4,606.4,606.4,606.4,10038,0
20251018,100000,606.6,616.6,606.4,615.9,166774,0
20251018,110000,616,618.4,615.9,617.8,30664,0
20251018,120000,617.8,617.9,614.9,615.1,12256,0
20251018,130000,615.3,615.7,612.4,615.7,26735,0
20251018,140000,615.7,616.2,614.5,614.7,5314,0
20251018,150000,614.9,616.9,613.5,614,31244,0
20251018,160000,613.7,614.2,613.1,613.5,5566,0
20251018,170000,613.5,615.2,613.2,615.2,13179,0
20251018,180000,615.2,615.5,614.2,614.9,10737,0
20251019,090000,615.3,615.3,615.3,615.3,148,0
20251019,100000,615.3,617.7,604.8,606.5,87718,0
20251019,110000,606.6,611.1,606.3,608.5,26120,0
20251019,120000,608.5,610.4,608.4,609.8,8462,0
20251019,130000,609.5,609.8,609.5,609.7,2083,0
20251019,140000,609.5,609.7,609.1,609.1,4037,0
20251019,150000,609.2,609.2,607.1,607.1,12614,0
20251019,160000,607.1,607.2,605,605.7,22292,0
20251019,170000,605.7,607.2,605.2,607,9943,0
20251019,180000,606.9,609.2,606.9,609.2,16499,0
20251020,070000,611,612.2,605.7,606.3,41074,0
20251020,080000,606.7,607.6,605.1,605.5,18754,0
20251020,090000,605.4,605.5,600.4,602.3,122364,0
20251020,100000,602.3,607.6,601,603.8,220898,0
20251020,110000,604,604.5,602.1,603.8,57487,0
20251020,120000,603.8,604.5,601.5,601.7,62579,0
20251020,130000,601.6,603.4,601.2,602,27595,0
20251020,140000,602,609.4,601.8,606.4,149448,0
20251020,150000,606.5,606.9,605.4,606.6,23369,0
20251020,160000,606.5,606.7,602.1,602.2,33207,0
20251020,170000,602.1,603.8,602.1,603.1,63572,0
20251020,180000,603.1,604.5,602.5,603.2,15523,0
20251020,190000,603.3,603.7,602.2,602.8,23651,0
20251020,200000,603,603.6,602.7,603.5,7508,0
20251020,210000,603.4,604.8,603.3,604.7,17055,0
20251020,220000,604.6,607.4,604.5,607,48444,0
20251020,230000,606.9,610,606.5,607.6,66330,0
20251021,070000,606.6,607.3,592.3,594.8,145454,0
20251021,080000,594.8,596.5,592.7,595.1,47585,0
20251021,090000,595.2,600.1,593.5,598.8,171608,0
20251021,100000,598.8,599.7,595,595.8,106164,0
20251021,110000,595.9,598.3,594.9,597.8,95911,0
20251021,120000,597.8,608,596.9,603.9,196445,0
20251021,130000,604,612.6,604,606.6,243557,0
20251021,140000,606.6,607.2,602.4,603.4,111632,0
20251021,150000,603.5,603.6,601.7,603,50165,0
20251021,160000,603,605.2,602.3,603.2,36828,0
20251021,170000,603.2,603.4,589.8,589.8,245098,0
20251021,180000,589.9,590,568,579.4,520333,0
20251021,190000,579.1,591.4,575.2,586.5,270881,0
20251021,200000,586.5,586.5,572,575.7,177576,0
20251021,210000,575.7,579.1,575,578.3,57647,0
20251021,220000,578.3,582.4,578.1,578.9,57671,0
20251021,230000,579,596.5,578.7,596.5,310155,0
20251022,070000,594.7,595.6,588.3,593.9,101503,0
20251022,080000,593.6,593.9,590.4,591.8,29567,0
20251022,090000,591.7,591.7,586.7,587,64575,0
20251022,100000,587,588.5,583.4,587.4,166607,0
20251022,110000,587.5,592,585.3,591.2,154420,0
20251022,120000,591.2,593.7,589.5,590.6,103358,0
20251022,130000,590.8,591.1,586.2,586.5,67102,0
20251022,140000,586.5,590.9,585,590,79119,0
20251022,150000,590.3,590.8,583.8,584.5,96202,0
20251022,160000,584.4,589.2,582,584.9,209949,0
20251022,170000,584.9,587,582.9,585.8,105293,0
20251022,180000,585.7,588.5,583.1,583.1,71034,0
20251022,190000,584,584.8,582,583.9,51069,0
20251022,200000,584,584.1,582,582.8,13518,0
20251022,210000,582.9,583.3,581.6,582,21352,0
20251022,220000,581.8,581.9,568,570.8,467588,0
20251022,230000,570.8,582.2,565,580.4,371879,0
20251023,070000,570.1,578.2,563.3,567.4,362744,0
20251023,080000,567.3,568.3,564.1,567.8,79130,0
20251023,090000,567.8,570.6,566.5,566.7,102330,0
20251023,100000,566.8,578.4,566.5,573.6,279129,0
20251023,110000,573.6,573.7,565.6,566.7,194397,0
20251023,120000,566.4,567.9,564.6,565.2,100374,0
20251023,130000,565.2,567.6,564.8,565.1,49217,0
20251023,140000,565.1,567.6,562.8,564.2,156709,0
20251023,150000,564.5,567.9,564.2,565,104823,0
20251023,160000,565.3,567.3,563.6,563.8,59822,0
20251023,170000,563.6,564,560.5,561.1,78460,0
20251023,180000,561.1,566.8,559.1,562,143117,0
20251023,190000,562,563.1,560,562.8,49848,0
20251023,200000,562.7,564.4,561.1,563.8,39147,0
20251023,210000,563.7,563.8,562.2,562.5,26363,0
20251023,220000,562.8,563.7,562.4,563.5,20964,0
20251023,230000,563.5,566.7,562.1,565.5,50055,0
20251024,070000,565.5,566.6,565.2,565.9,6160,0
20251024,080000,565.9,567.8,565.7,566.4,12794,0
20251024,090000,566.4,566.4,562.1,562.3,28301,0
20251024,100000,562.5,563.8,560.2,561.4,67687,0
20251024,110000,561.4,565.1,561.3,564.1,62010,0
20251024,120000,564.3,564.6,560.8,562,37079,0
20251024,130000,562,573.6,549.7,552.4,791783,0
20251024,140000,552.4,557.6,550,556.3,326660,0
20251024,150000,556.2,561,553.9,560.1,219727,0
20251024,160000,560.1,560.1,557.2,559.5,52140,0
20251024,170000,559.5,561.6,558.6,561.1,59004,0
20251024,180000,561,562.1,558.7,558.7,62352,0
20251024,190000,559.7,559.7,557.3,558.6,35939,0
20251024,200000,558.8,559.7,558.7,558.9,12066,0
20251024,210000,558.8,558.8,556.9,557.8,18891,0
20251024,220000,557.8,557.9,557,557.9,15062,0
20251024,230000,557.7,558.4,557,557.1,20199,0
20251027,070000,556.1,556.5,549.5,551.9,34398,0
20251027,080000,551.5,551.9,548.6,550.2,44761,0
20251027,090000,550.2,551.4,542.7,543.2,127764,0
20251027,100000,543.2,546.2,539.2,540.9,355174,0
20251027,110000,540.8,544.8,540.3,542.7,124744,0
20251027,120000,542.7,547.9,542.5,545.5,127678,0
20251027,130000,545.4,545.9,538.8,539,171555,0
20251027,140000,539,539.4,532.3,533.5,282902,0
20251027,150000,533.6,538.4,533.2,538.3,115649,0
20251027,160000,538.2,538.6,523.5,524.8,564551,0
20251027,170000,524.7,527.5,522.3,527.1,506382,0
20251027,180000,527.2,528.9,525.4,528.5,108649,0
20251027,190000,528,529.2,526.8,529.1,48581,0
20251027,200000,529.1,529.1,527.3,528.2,41275,0
20251027,210000,528.2,528.2,524.9,525,65540,0
20251027,220000,525,526.3,524.7,525.5,81010,0
20251027,230000,525.5,525.6,516,517.1,144390,0
20251028,070000,517.2,519,511.1,514.1,152096,0
20251028,080000,514.1,518.9,514,518.4,86047,0
20251028,090000,518.4,525,518.4,523.9,187148,0
20251028,100000,523.9,526.2,515.8,516.2,299202,0
20251028,110000,516.3,520.3,514.4,519.7,881890,0
20251028,120000,519.6,519.8,515.5,517,258531,0
20251028,130000,516.9,517,512.4,514,244013,0
20251028,140000,514,520.3,513.9,519.3,255380,0
20251028,150000,519.3,521.9,516.3,516.6,215899,0
20251028,160000,516.6,519.5,513.8,519.1,153565,0
20251028,170000,519.1,522.5,517.9,519.2,213083,0
20251028,180000,519.2,520.5,516.2,517.9,98938,0
20251028,190000,518,520.9,517.3,520.9,81157,0
20251028,200000,520.8,522,520.6,521.3,81770,0
20251028,210000,521.3,521.4,518.5,519.5,42689,0
20251028,220000,519.5,521.1,519.1,520.6,41480,0
20251028,230000,520.5,521.4,519,519.8,57982,0
20251029,070000,522.3,523,516.4,521,55159,0
20251029,080000,521,521.5,520.9,521.3,19561,0
20251029,090000,521.3,521.3,518.5,519.8,63063,0
20251029,100000,519.8,534.7,518.8,533.4,528750,0
20251029,110000,533.4,535.9,532,534.2,373901,0
20251029,120000,534.3,535.5,532.3,534.9,223424,0
20251029,130000,535,536,532.4,532.6,212532,0
20251029,140000,532.6,536.7,532.5,535,262232,0
20251029,150000,534.7,540.5,533.6,540.4,273305,0
20251029,160000,540.5,540.5,534.2,535.2,387271,0
20251029,170000,535,538.9,533.7,535.8,199048,0
20251029,180000,535.8,538.5,534.9,538.5,110155,0
20251029,190000,538.5,538.5,536.3,537.1,60398,0
20251029,200000,536.9,537.3,535,535.1,69718,0
20251029,210000,535.1,535.2,533.2,534.2,109791,0
20251029,220000,534.1,536.3,534,536.2,53230,0
20251029,230000,535.9,538,535.9,536.9,39652,0
20251030,070000,536.9,538.5,528.8,532.3,129535,0
20251030,080000,532.3,533.3,531.4,531.8,34613,0
20251030,090000,531.8,537.2,531.8,535.7,87905,0
20251030,100000,535.8,537.1,531.2,533.6,235941,0
20251030,110000,533.5,534.5,531.1,532.1,111313,0
20251030,120000,532.1,534.4,531.4,533.4,123944,0
20251030,130000,533.6,535.5,533,534.2,134293,0
20251030,140000,534.2,537.1,533.7,537,118677,0
20251030,150000,537.1,543.6,537,540.2,389949,0
20251030,160000,540.2,544.9,539.5,544.7,151727,0
20251030,170000,544.8,547.4,542.7,544,243159,0
20251030,180000,543.8,545.4,543.4,544.8,69961,0
20251030,190000,544.5,549.8,543.5,545.2,201454,0
20251030,200000,545.2,546.3,545.1,546.1,18833,0
20251030,210000,546,548.1,546,547.5,51168,0
20251030,220000,547.3,547.3,545,545,25905,0
20251030,230000,545,545.5,543.9,544.5,30727,0
20251031,070000,543.4,546.8,542.2,546.7,44697,0
20251031,080000,546.7,546.7,545.3,545.3,7095,0
20251031,090000,545.5,546,542.5,544.6,53172,0
20251031,100000,544.7,547.7,543.5,544,201773,0
20251031,110000,543.9,550,543.7,546.8,173846,0
20251031,120000,546.8,547,545.2,546,63595,0
20251031,130000,546,546,541.9,542.4,89602,0
20251031,140000,542.4,543.7,541.1,542.9,107191,0
20251031,150000,543,546,542.5,545.1,110591,0
20251031,160000,545.1,545.6,539.1,539.3,127684,0
20251031,170000,539.3,540.3,535.1,536,102682,0
20251031,180000,535.9,536,533.2,535,59767,0
20251031,190000,535,537.5,530.8,530.8,116278,0
20251031,200000,530.9,531,522.7,529.1,279957,0
20251031,210000,529,529.1,527.3,527.6,28758,0
20251031,220000,527.6,528.9,527.5,528.8,26522,0
20251031,230000,528.9,532.2,528.5,531.9,22899,0
20251101,070000,532.1,534.8,531.9,533.6,29891,0
20251101,080000,533.7,536.9,533.6,535.1,36833,0
20251101,090000,534.9,534.9,530,532.1,36962,0
20251101,100000,532.3,534.3,531.8,534.3,38706,0
20251101,110000,534.2,535.2,529.4,535.2,207492,0
20251101,120000,535.1,535.7,534,534.7,43917,0
20251101,130000,534.7,535.4,533.1,535.3,30577,0
20251101,140000,535.3,536.5,534,535.2,59346,0
20251101,150000,535.2,536.2,533.1,536.1,78033,0
20251101,160000,536,537.4,535.6,536.5,41099,0
20251101,170000,536.5,538,535.1,537.9,63238,0
20251101,180000,537.8,538.9,537,538.9,34843,0
20251101,190000,538.1,539,537.1,538.9,34060,0
20251101,200000,538.8,539.6,538.7,539.2,21537,0
20251101,210000,539.2,539.4,538,538.4,37304,0
20251101,220000,538.4,538.4,536.3,536.6,44372,0
20251101,230000,536.6,538.2,535.5,537.4,45914,0
20251103,070000,538.4,541.8,537.6,541.1,13868,0
20251103,080000,541.1,542.6,540.5,542.6,11901,0
20251103,090000,542.4,555.3,542.4,552.8,216935,0
20251103,100000,552.6,554.9,550.9,551.3,175266,0
20251103,110000,551.3,555.3,550.8,553.1,147847,0
20251103,120000,553.2,554.2,551.4,552.3,72131,0
20251103,130000,552.3,553,551.7,552.2,31633,0
20251103,140000,552.3,552.4,549.5,550.5,64449,0
20251103,150000,550.5,553,550.3,552.5,35653,0
20251103,160000,552.6,554.1,551.5,551.9,37915,0
20251103,170000,551.9,556.8,551.8,554.8,135483,0
20251103,180000,554.8,554.9,554,554.7,29681,0
20251103,190000,554.2,554.9,554.1,554.8,20681,0
20251103,200000,554.9,554.9,553.9,554.2,22346,0
20251103,210000,554.2,554.2,553.4,553.8,9470,0
20251103,220000,553.7,554,550,552.6,69091,0
20251103,230000,552.6,553.1,552.1,553,18073,0
20251105,070000,551.4,551.4,547.5,547.5,39685,0
20251105,080000,547.5,547.7,547.5,547.7,11611,0
20251105,090000,547.6,549.3,546,546.3,72480,0
20251105,100000,546.5,548.3,544.8,546.4,168041,0
20251105,110000,546.4,549.2,546,549,53190,0
20251105,120000,548.8,549.9,547.2,548.6,40760,0
20251105,130000,548.6,554.8,548.2,554,102184,0
20251105,140000,554,554.6,552.7,553.5,104096,0
20251105,150000,553.5,554,551.4,551.6,51711,0
20251105,160000,551.9,553.9,547.6,548.2,61347,0
20251105,170000,548,548.4,541.8,542.4,449260,0
20251105,180000,542.4,545.5,541.8,545.3,205504,0
20251105,190000,545,547.4,544,546.9,51525,0
20251105,200000,546.9,546.9,545.2,545.7,23201,0
20251105,210000,545.7,546.7,544.4,546.3,18711,0
20251105,220000,546.3,546.9,546,546.7,6995,0
20251105,230000,546.7,547.2,545.8,546.8,14405,0
20251106,070000,545.8,547.9,545.7,547.6,19497,0
20251106,080000,547.8,547.9,546.8,547.3,6756,0
20251106,090000,547.3,548.7,546.3,547.3,28070,0
20251106,100000,547.2,547.3,541.1,541.9,209630,0
20251106,110000,541.9,544.2,541.2,542.9,91528,0
20251106,120000,542.8,543.5,540,541.7,120682,0
20251106,130000,541.7,542.7,540.4,541.5,47896,0
20251106,140000,541.2,542,539.4,541.7,66254,0
20251106,150000,541.6,542,540.8,541.7,67056,0
20251106,160000,541.8,541.9,539.6,540.1,38804,0
20251106,170000,540,540.7,537.1,537.7,314948,0
20251106,180000,537.5,540.8,537,540.8,150762,0
20251106,190000,540.7,541.4,539.6,541.1,11466,0
20251106,200000,541.1,542,540,542,57009,0
20251106,210000,541.9,542,541.7,542,20370,0
20251106,220000,542,542.9,541.9,542.9,23479,0
20251106,230000,542.8,542.9,540.7,541.6,38518,0
20251107,070000,539.4,543.5,535.1,539.8,132553,0
20251107,080000,539.8,540.3,539,539.4,15669,0
20251107,090000,539.5,544.9,539.5,542.7,75828,0
20251107,100000,542.6,552.5,542.1,551.2,304579,0
20251107,110000,551.3,554.5,551.2,554,206529,0
20251107,120000,554,555.9,552.9,555.5,136396,0
20251107,130000,555.5,557.7,554.1,554.5,171852,0
20251107,140000,554.3,555,554,554.6,119811,0
20251107,150000,554.6,555,553.6,553.8,201738,0
20251107,160000,553.8,555.7,552.8,554.4,229752,0
20251107,170000,554.4,559.7,554.3,559.1,196130,0
20251107,180000,559,559.5,556.7,557.6,226803,0
20251107,190000,557.6,560.9,557.5,559.9,137292,0
20251107,200000,559.9,564.8,559.6,560.8,208524,0
20251107,210000,560.6,560.9,557.5,559.5,222774,0
20251107,220000,559.5,562,559.3,561.6,98139,0
20251107,230000,561.4,564.7,561.1,562.5,85652,0
20251108,090000,563.4,563.4,563.4,563.4,201,0
20251108,100000,562.5,564.5,560.1,560.3,38986,0
20251108,110000,560.2,560.3,559.1,559.9,20893,0
20251108,120000,559.8,561.3,559.8,561,3297,0
20251108,130000,561,561.3,560.5,560.8,2603,0
20251108,140000,560.8,561.3,560.3,561.2,6043,0
20251108,150000,561.2,561.3,561,561.2,3841,0
20251108,160000,561.2,561.3,560.3,560.8,4817,0
20251108,170000,560.8,561.3,560.5,560.8,5697,0
20251108,180000,560.8,561.1,560.1,560.8,10909,0
20251109,090000,562.5,562.5,562.5,562.5,94,0
20251109,100000,562,562,559,560.2,8533,0
20251109,110000,560,561.1,559.8,560.4,2880,0
20251109,120000,560.9,561.4,560.4,561.4,1919,0
20251109,130000,561.1,561.8,561.1,561.7,4491,0
20251109,140000,561.6,561.7,560.4,560.8,18550,0
20251109,150000,560.8,561.2,560.6,561.1,2833,0
20251109,160000,561.1,562,560.7,561.6,7651,0
20251109,170000,561.3,561.6,560.7,561.3,8130,0
20251109,180000,561,562.5,560.9,562.4,8749,0
20251110,070000,562.4,566.6,561.3,566.2,52032,0
20251110,080000,566.2,568.1,565.2,565.8,60207,0
20251110,090000,565.7,566.6,562,563.4,140050,0
20251110,100000,563.6,566,560.2,560.5,237796,0
20251110,110000,560.5,563.2,559.2,560.8,155839,0
20251110,120000,560.8,562,557.7,558,137655,0
20251110,130000,558,560.9,557.3,560.5,105732,0
20251110,140000,560.5,560.5,557.3,559.5,86065,0
20251110,150000,559.5,562.6,558.3,558.3,226846,0
20251110,160000,558.4,559.3,556.4,558.4,150007,0
20251110,170000,558.6,558.7,555.3,555.8,64250,0
20251110,180000,555.7,557.7,555.4,556.1,31711,0
20251110,190000,556.6,557.6,555.5,556.9,25243,0
20251110,200000,556.9,558.7,556.7,558.7,28251,0
20251110,210000,558.7,558.7,556.3,558,22813,0
20251110,220000,557.9,558.6,557.5,558,10150,0
20251110,230000,557.8,558.4,556.1,557,39981,0
20251111,070000,560.2,560.5,553.8,554.3,61255,0
20251111,080000,554.5,556.8,554.3,555.9,39265,0
20251111,090000,555.9,556.4,554.4,555.3,31919,0
20251111,100000,555.5,556.6,554,556,122414,0
20251111,110000,556,556.1,551,551,83300,0
20251111,120000,551,554.9,549.5,554,116195,0
20251111,130000,554,554.9,551.5,553.2,78495,0
20251111,140000,553.2,560,553,557.8,177163,0
20251111,150000,557.6,559.3,556.2,556.9,82222,0
20251111,160000,557,559.2,556.1,558.4,72395,0
20251111,170000,558.3,559.5,557.7,557.7,38721,0
20251111,180000,557.7,557.9,555.3,557.4,25237,0
20251111,190000,557,558.9,556.8,558.5,25571,0
20251111,200000,558.5,565.8,558.2,563,123417,0
20251111,210000,563.2,563.3,558.8,560.7,48118,0
20251111,220000,560.8,561,560.5,560.7,9341,0
20251111,230000,560.7,562.3,560.4,561.2,24592,0
20251112,070000,561.9,563.1,559.4,559.4,11882,0
20251112,080000,559.5,561,558.9,560.9,10790,0
20251112,090000,560.9,560.9,558.5,558.8,21914,0
20251112,100000,558.7,559.4,551.9,552.9,196592,0
20251112,110000,553,554.8,552.4,554.2,69575,0
20251112,120000,554.2,556.1,553.9,554.7,56466,0
20251112,130000,554.9,555.2,550.4,551.4,72032,0
20251112,140000,551.4,553,550.4,552.6,47880,0
20251112,150000,552.5,554.6,552.1,553.9,76419,0
20251112,160000,553.8,554.5,553,553.8,77670,0
20251112,170000,553.8,553.8,550.8,552.6,89239,0
20251112,180000,552.3,554.3,552,554.1,42783,0
20251112,190000,554.1,554.4,548.6,549.8,103259,0
20251112,200000,549.6,550,548.2,549.5,22113,0
20251112,210000,549.5,552.3,549.4,550.2,38531,0
20251112,220000,550.4,551.2,549.2,550.5,16409,0
20251112,230000,550.6,552.1,549.5,550.3,21808,0
20251113,070000,552,552.6,550.3,551.4,21330,0
20251113,080000,551.4,551.4,549.6,550,36110,0
20251113,090000,550,552.6,548.2,549,78988,0
20251113,100000,549,550,547,549.5,153516,0
20251113,110000,549.6,550.6,547.7,549.9,172563,0
20251113,120000,550.2,550.4,545.1,545.2,90744,0
20251113,130000,545.3,547.8,545.2,546.9,75258,0
20251113,140000,546.9,548.7,546.2,548.3,83721,0
20251113,150000,548.2,551.8,547.5,550.9,89139,0
20251113,160000,550.8,551,548.8,550.4,24491,0
20251113,170000,550.4,551.3,547,548.3,83791,0
20251113,180000,548.2,549.7,547.7,549,16515,0
20251113,190000,549.2,550.6,548.5,549.6,24553,0
20251113,200000,549.9,551.2,549.6,551,18296,0
20251113,210000,551,553.5,550.4,550.5,51818,0
20251113,220000,550.4,550.7,549.6,550,6998,0
20251113,230000,549.9,550.6,547.7,549,30412,0
20251114,070000,549,552.3,548.3,550.4,25958,0
20251114,080000,550.5,551.6,550,550.3,17372,0
20251114,090000,550.3,550.3,543.4,548,129812,0
20251114,100000,548.2,549.2,546.3,546.5,50215,0
20251114,110000,546.4,546.5,543.5,543.7,79846,0
20251114,120000,543.7,546.9,543,546.6,69215,0
20251114,130000,546.6,547,543.6,544.8,63196,0
20251114,140000,544.9,546.5,543,545.5,114778,0
20251114,150000,545.3,549,545,548,101856,0
20251114,160000,548,548.1,545.1,546.6,75528,0
20251114,170000,546.4,546.9,544.4,545.8,117994,0
20251114,180000,545.5,546.9,545.1,546.9,58135,0
20251114,190000,546.8,547.4,546.1,547.2,9713,0
20251114,200000,547.2,547.6,546.8,547.2,12622,0
20251114,210000,547,547.1,545.7,546.3,16667,0
20251114,220000,546.2,548.4,546.2,548,20017,0
20251114,230000,548.2,548.4,546,547.3,31710,0
20251115,090000,547.5,547.5,547.5,547.5,16,0
20251115,100000,548,548.8,546.6,546.9,9568,0
20251115,110000,547,548.6,546.7,548.4,16181,0
20251115,120000,548.4,548.4,547.2,547.7,5827,0
20251115,130000,547.7,548,547.3,547.3,1023,0
20251115,140000,547.6,548.2,546.9,547,4992,0
20251115,150000,547,547.5,546,547.1,8360,0
20251115,160000,547.1,547.2,546.4,546.7,847,0
20251115,170000,546.7,546.9,546.4,546.5,1251,0
20251115,180000,546.7,547,546.4,547,817,0
20251116,090000,545.2,545.2,545.2,545.2,1455,0
20251116,100000,547,547.8,543.7,544.7,9928,0
20251116,110000,544.7,545.5,544.4,545.5,5239,0
20251116,120000,545.5,545.5,544,544.6,5150,0
20251116,130000,544.6,544.7,544,544.7,1124,0
20251116,140000,544.5,544.9,544.4,544.8,1154,0
20251116,150000,544.8,544.8,544,544.5,4674,0
20251116,160000,544.5,544.5,544,544.1,771,0
20251116,170000,544.1,544.8,544.1,544.8,2134,0
20251116,180000,544.8,545.2,544.5,545.1,1341,0
20251117,070000,545.1,545.6,541.1,542,41906,0
20251117,080000,541.9,542.7,541.7,542.3,7712,0
20251117,090000,542.3,542.9,540.1,540.3,55289,0
20251117,100000,540.5,546,540,544.8,84483,0
20251117,110000,544.7,551.4,544.1,545.7,271329,0
20251117,120000,545.9,546.9,544.7,546,94804,0
20251117,130000,546,548,546,547.6,102695,0
20251117,140000,547.6,548.5,541.7,542.7,135158,0
20251117,150000,542.9,543.1,541.1,541.7,20857,0
20251117,160000,541.6,543.5,541.1,543.4,36530,0
20251117,170000,543.4,546,543.4,544.9,86464,0
20251117,180000,544.8,545.4,544.3,544.3,58746,0
20251117,190000,544.7,545.3,544.2,544.8,18651,0
20251117,200000,544.9,545.3,544.1,544.6,9442,0
20251117,210000,544.5,544.8,543.1,544.7,34340,0
20251117,220000,544.6,545,543.9,544.6,36363,0
20251117,230000,544.7,544.7,543.7,544.5,17133,0
20251118,070000,544.5,544.9,542.2,544.8,15283,0
20251118,080000,544.8,545.2,543,543.4,4789,0
20251118,090000,543.4,547.8,542.7,545.7,39867,0
20251118,100000,545.5,563,542.2,556.8,663278,0
20251118,110000,556.9,573.8,554.7,568,836642,0
20251118,120000,568,572.7,564.1,565.3,463707,0
20251118,130000,565.3,566.7,561.9,564.2,222753,0
20251118,140000,564.1,571.2,563.7,568.7,252706,0
20251118,150000,568.6,570,562.1,562.9,441940,0
20251118,160000,562.9,565.4,560,560.5,339256,0
20251118,170000,560.5,567.3,560.2,565.9,272226,0
20251118,180000,566,567.9,564.3,567.5,64570,0
20251118,190000,567.5,568.6,566.2,567.5,51558,0
20251118,200000,567.2,567.4,565.7,566.9,23390,0
20251118,210000,566.7,567.8,565.6,567,49456,0
20251118,220000,567,569.5,567,567.7,32950,0
20251118,230000,567.7,568,564,564.9,58669,0
20251119,070000,563.9,568.8,563.7,567.9,41455,0
20251119,080000,567.6,569.7,566.6,568.8,29546,0
20251119,090000,568.8,569.7,566.9,567.2,53278,0
20251119,100000,567.2,567.6,563.6,567,155007,0
20251119,110000,567,567.6,557.8,562.1,392641,0
20251119,120000,562,562.6,560.2,561.3,68003,0
20251119,130000,561.2,565.5,560.6,565.5,139358,0
20251119,140000,565.2,584.5,563.5,581.1,562871,0
20251119,150000,581.2,588.5,581.1,585.9,451424,0
20251119,160000,586,608.7,586,604.8,1551574,0
20251119,170000,605,606.1,598,600.6,943231,0
20251119,180000,600.8,603.7,599.3,603.7,292343,0
20251119,190000,603,607.1,598.2,605.5,550012,0
20251119,200000,605,605.9,601.7,603.6,194508,0
20251119,210000,603.5,605.8,595.8,599.1,721505,0
20251119,220000,598.8,599.2,593.1,596.2,318032,0
20251119,230000,596.1,599.9,595.8,598.3,193116,0
20251120,070000,595.6,601.4,595.5,599.3,186973,0
20251120,080000,599.3,601.8,598.4,599.5,61594,0
20251120,090000,599.4,600.6,596.3,597.8,106851,0
20251120,100000,597.9,599.2,593.7,598,272089,0
20251120,110000,597.8,600,594.2,598.5,152628,0
20251120,120000,598.3,616,597.9,606.7,657674,0
20251120,130000,606.7,610,604.4,605.5,183634,0
20251120,140000,605.5,606.3,599.5,600.7,233283,0
20251120,150000,600.7,605,597,604.8,328040,0
20251120,160000,604.8,607,597.6,598.3,243948,0
20251120,170000,598,600.1,595.9,599.9,240338,0
20251120,180000,599.9,602.2,598.5,599.2,122427,0
20251120,190000,599.2,605.6,598.5,602.6,219157,0
20251120,200000,602.5,646.2,600,634.9,979946,0
20251120,210000,634.9,643.8,616.3,620,1495087,0
20251120,220000,620.1,626.1,618,625,347724,0
20251120,230000,625.3,629.5,623.7,628.8,257683,0
20251121,070000,629,632.3,623,630,204007,0
20251121,080000,630.2,632.7,623.1,623.4,138923,0
20251121,090000,623.2,624.1,620,622.2,139338,0
20251121,100000,622,626,617,617.5,265105,0
20251121,110000,617.6,621.4,616,617.3,206379,0
20251121,120000,617.4,621,617,620.6,107452,0
20251121,130000,620.6,620.6,612,614.5,278612,0
20251121,140000,614.5,615.7,610.8,613.1,187426,0
20251121,150000,613.1,618.6,609.9,609.9,345859,0
20251121,160000,610,611.4,603.3,605.4,306452,0
20251121,170000,605.4,626.8,605.2,621.1,552579,0
20251121,180000,621.1,622,615.6,617.3,272997,0
20251121,190000,617.1,618.4,613.5,618.1,133678,0
20251121,200000,618.4,631.9,618.1,624.6,349092,0
20251121,210000,624.6,625.6,621.9,623.8,96139,0
20251121,220000,623.4,625.5,622.9,624.9,67944,0
20251121,230000,625,627,623.8,626,51544,0
20251124,070000,628.8,630,624.4,625,97270,0
20251124,080000,624.9,625.9,624,624.5,42411,0
20251124,090000,624.3,625,621.3,624.5,131994,0
20251124,100000,624.5,625.9,614.6,615,301118,0
20251124,110000,614.9,615.9,609.1,610.9,295256,0
20251124,120000,610.9,612.3,603.2,603.9,372380,0
20251124,130000,603.9,608.5,602.3,607.2,381228,0
20251124,140000,607,608.3,598.7,602,605096,0
20251124,150000,602,602.8,599.5,601.4,152207,0
20251124,160000,601.4,606.3,601.3,603.8,158652,0
20251124,170000,604,604,597,600.6,302620,0
20251124,180000,600.3,601.7,599,599.4,62045,0
20251124,190000,599.5,600.7,598,598.8,84847,0
20251124,200000,598.8,600,598.5,599.8,33128,0
20251124,210000,599.8,600,598.6,598.7,22094,0
20251124,220000,598.8,599.9,598.5,598.5,25209,0
20251124,230000,598.6,603,597.5,601,129215,0
20251125,070000,601.5,604.3,600.1,601.9,52828,0
20251125,080000,601.9,603,601.3,602.7,22389,0
20251125,090000,602.6,606.3,598.2,604.5,131948,0
20251125,100000,604.6,607.7,602.2,604.4,140625,0
20251125,110000,604.4,604.5,598,598.3,125699,0
20251125,120000,598.1,598.3,592.4,596.3,219621,0
20251125,130000,596.3,596.4,591,591.9,162804,0
20251125,140000,591.9,596.9,590,591,137294,0
20251125,150000,590.9,608.5,587.8,597.1,814414,0
20251125,160000,597,602.5,596.2,600,201402,0
20251125,170000,600,602,595,600.7,176094,0
20251125,180000,600.7,601.9,598.8,601.7,57219,0
20251125,190000,601,603.6,598.4,602.6,129919,0
20251125,200000,602.7,604,598,600.4,173169,0
20251125,210000,600.4,600.6,597.1,598.7,49337,0
20251125,220000,598.7,606,598.3,603.3,210229,0
20251125,230000,603.2,604.4,600.3,600.4,71442,0
20251126,070000,600.3,603,596.6,597.2,53774,0
20251126,080000,597.1,600.5,597.1,600,30131,0
20251126,090000,600,600.4,597.8,599.6,30408,0
20251126,100000,599.2,600,596.4,597.9,77369,0
20251126,110000,597.7,599,593.5,594.4,124656,0
20251126,120000,594.4,595,592.8,592.9,99074,0
20251126,130000,592.9,594.7,591.5,594.1,84759,0
20251126,140000,594.1,597.2,592.6,594.8,130179,0
20251126,150000,594.6,596.3,593,595.5,93260,0
20251126,160000,595.6,596.2,593.3,594.4,65426,0
20251126,170000,594.4,594.4,590.5,590.5,106022,0
20251126,180000,590.5,594,590.5,593.2,69201,0
20251126,190000,592.6,593.4,591.9,592.8,36871,0
20251126,200000,592.6,594.4,592.6,593.8,24677,0
20251126,210000,593.8,594.3,592.2,592.2,23514,0
20251126,220000,592.2,593.3,592,592.6,13864,0
20251126,230000,592.6,593,590.3,592.8,46951,0
20251127,070000,592.8,599.1,592.6,594.6,90192,0
20251127,080000,594.6,598,594.6,597,93432,0
20251127,090000,597,599.5,594.6,595.7,61405,0
20251127,100000,595.9,597.6,590.1,591.4,125425,0
20251127,110000,591.1,592.4,588.4,590.6,128185,0
20251127,120000,590.6,593.3,588.5,591,142984,0
20251127,130000,590.9,591.8,589.4,591.7,31772,0
20251127,140000,591.6,592.4,590.7,591.5,34175,0
20251127,150000,591.5,592,588.5,590.8,57065,0
20251127,160000,590.8,592.1,587.3,588.2,185992,0
20251127,170000,588.2,588.7,575.7,580.2,450141,0
20251127,180000,580.2,581.2,577.1,577.1,170316,0
20251127,190000,578.1,579.6,577.1,578.1,94248,0
20251127,200000,578,578,575.7,576.5,91008,0
20251127,210000,576.5,577.3,575.8,577.2,32538,0
20251127,220000,577.2,578.3,576.9,577.6,21190,0
20251127,230000,577.6,577.8,576.6,576.6,23852,0
20251128,070000,576.5,578.8,576.4,578.3,14269,0
20251128,080000,578.3,578.4,576.8,578.2,12827,0
20251128,090000,578.2,581.7,576.9,579.9,121461,0
20251128,100000,580.2,583,579.1,582.2,110472,0
20251128,110000,582.1,582.6,579.7,581.8,60313,0
20251128,120000,581.8,588.8,581.4,585,278594,0
20251128,130000,584.9,587.8,583.7,586.8,179054,0
20251128,140000,586.6,587.1,583.7,584.2,117677,0
20251128,150000,584.2,585.3,582.4,583.4,98472,0
20251128,160000,583.1,593,583.1,589.4,448280,0
20251128,170000,589.4,595.6,589.4,595,261942,0
20251128,180000,595,604,595,600.4,372244,0
20251128,190000,600.4,602,598.3,599.6,149407,0
20251128,200000,599.9,600.7,599.1,600,41176,0
20251128,210000,600.2,602,600.2,600.6,55743,0
20251128,220000,600.6,601.2,599.7,600.5,31646,0
20251128,230000,600.4,603,600.4,602.5,69130,0
20251129,090000,601.8,601.8,601.8,601.8,989,0
20251129,100000,601.8,604.7,601,602.4,30475,0
20251129,110000,602.4,602.7,601.1,601.9,15092,0
20251129,120000,601.9,602.2,601.6,601.9,2885,0
20251129,130000,602,602.1,601.4,601.4,2474,0
20251129,140000,601.7,601.9,600.3,600.5,9411,0
20251129,150000,600.5,600.6,599.7,600.1,6182,0
20251129,160000,599.8,600.2,598.9,599.2,10820,0
20251129,170000,599,601.1,599,600.1,6167,0
20251129,180000,600.5,600.5,599,599.5,6074,0
20251130,090000,599.7,599.7,599.7,599.7,22,0
20251130,100000,599.7,602.8,599.5,602.1,13146,0
20251130,110000,601.9,603.2,601.7,602.4,12605,0
20251130,120000,602.2,602.7,601.5,602.1,5993,0
20251130,130000,602.1,602.8,601.7,602.7,3838,0
20251130,140000,602.7,603.5,602.5,603.4,5581,0
20251130,150000,603.3,605,602.8,604.1,30177,0
20251130,160000,604.2,605,603,605,14792,0
20251130,170000,604.9,608,604.9,606.7,39664,0
20251130,180000,606.7,607.3,606,606.2,23751,0
20251201,070000,605.6,605.6,602,602.1,36789,0
20251201,080000,602.1,603.4,600.5,602.6,46739,0
20251201,090000,602.5,602.6,592.9,596.2,280738,0
20251201,100000,596.5,596.5,590,593.3,326706,0
20251201,110000,593.3,602.8,591.9,600.5,326387,0
20251201,120000,600.5,604.9,599.8,600.6,229424,0
20251201,130000,600.5,601.9,593.1,597,318803,0
20251201,140000,597,598.4,593.2,595.9,102132,0
20251201,150000,595.9,599.9,595.7,598.3,59976,0
20251201,160000,598.3,600,597.3,599.9,60421,0
20251201,170000,599.8,601,597.8,597.9,77722,0
20251201,180000,598,599,594.5,595.9,62301,0
20251201,190000,595.3,597.1,595.2,596.7,22572,0
20251201,200000,596.7,599.9,596.7,597.9,39007,0
20251201,210000,597.9,599.4,597.6,599,12098,0
20251201,220000,599,599,593.7,594.6,72206,0
20251201,230000,594.5,597.1,593.3,595.4,52602,0
20251202,070000,595.8,598.2,595.4,595.4,12452,0
20251202,080000,595.6,595.7,595,595.3,10921,0
20251202,090000,595.3,599.7,595.3,597.6,47277,0
20251202,100000,597.3,598.5,595.4,597,65704,0
20251202,110000,597,598.4,595.2,597.6,56901,0
20251202,120000,597.6,598.5,595.5,596.3,59360,0
20251202,130000,596.3,597.5,593.7,596.1,90093,0
20251202,140000,596.1,597.2,596.1,597,43288,0
20251202,150000,596.9,602.2,596.3,599.5,103929,0
20251202,160000,599.6,601.4,597.2,598.6,68413,0
20251202,170000,598.6,599.5,597.3,599.1,82967,0
20251202,180000,599,599.8,590.8,593.8,303887,0
20251202,190000,593.9,595.7,593.4,594.4,28990,0
20251202,200000,594.3,595.8,593.5,594.2,30365,0
20251202,210000,594.2,602.8,593.2,598.7,129234,0
20251202,220000,598.7,598.8,596.5,598.4,40313,0
20251202,230000,598.4,599.7,597.1,598.4,19865,0
20251203,070000,592.2,592.8,588.4,591.4,114715,0
20251203,080000,591.4,592.3,586.5,588.2,120171,0
20251203,090000,588.1,588.2,585.2,586.6,89800,0
20251203,100000,586.7,586.7,582.3,584,153039,0
20251203,110000,584,584,581.5,582.6,235293,0
20251203,120000,582.5,587,582.4,586.2,88509,0
20251203,130000,586.2,587,582.9,583.1,73362,0
20251203,140000,583.1,584.5,581.5,583.5,140542,0
20251203,150000,583.5,585.9,582.7,585.5,79451,0
20251203,160000,585.5,585.5,581.7,582.6,98280,0
20251203,170000,582.6,588.5,581.9,587.1,171395,0
20251203,180000,587.3,591.4,585.3,591.4,175251,0
20251203,190000,590.6,591.6,585.5,587.6,129552,0
20251203,200000,587.6,588.5,585,585.8,38217,0
20251203,210000,585.8,587.8,585,587.2,23460,0
20251203,220000,587.3,588.1,586.6,586.9,14109,0
20251203,230000,586.9,590.3,586.3,588.4,30449,0
20251204,070000,590.3,591.9,589.3,591,42860,0
20251204,080000,591,591.5,590.6,591,11641,0
20251204,090000,591,596,591,593,60936,0
20251204,100000,593.1,594.7,591,592.6,81792,0
20251204,110000,592.6,594,589.1,590.7,92523,0
20251204,120000,590.7,591.6,589.7,591.1,51930,0
20251204,130000,591,591.8,588.5,589.1,71216,0
20251204,140000,589.1,591.7,588.1,591.2,60579,0
20251204,150000,591.2,594.5,591.1,592.4,86773,0
20251204,160000,592.4,592.6,589.4,591,85437,0
20251204,170000,591,592,589,589.3,48993,0
20251204,180000,589.4,590.6,589.1,590.4,39475,0
20251204,190000,590.2,590.4,588.1,588.9,25720,0
20251204,200000,588.9,589.1,587,587.4,32250,0
20251204,210000,587.4,589.1,587.3,587.9,30204,0
20251204,220000,587.6,587.9,587.2,587.5,8128,0
20251204,230000,587.7,588.3,586.5,588.3,22357,0
20251205,070000,588.1,589.6,587.8,589.4,14160,0
20251205,080000,589.4,589.6,588.8,589.5,6230,0
20251205,090000,589.2,591.7,588.5,590.2,35774,0
20251205,100000,590.1,595.5,588.1,594.8,199194,0
20251205,110000,594.9,602,594.1,598.7,419562,0
20251205,120000,598.9,605.5,598.9,601.1,364687,0
20251205,130000,601.1,603.6,599.4,602.6,139479,0
20251205,140000,602.7,607,601.8,604.5,321750,0
20251205,150000,604.7,605.8,603.2,604.8,128948,0
20251205,160000,605,606.7,603.3,606.4,206817,0
20251205,170000,606.4,610,604.7,605,365429,0
20251205,180000,605.2,605.5,602.1,604.3,254527,0
20251205,190000,604.2,605.6,602.7,605.6,61225,0
20251205,200000,605.5,606,604,604,37040,0
20251205,210000,603.9,605.8,603.5,605,46946,0
20251205,220000,605,605.3,604.3,604.7,39509,0
20251205,230000,604.9,605.9,603.9,605.8,51200,0
20251208,070000,603.3,610.9,603.2,608.8,89112,0
20251208,080000,608.8,610.8,607.5,609.6,27722,0
20251208,090000,609.6,609.6,604.3,606,101493,0
20251208,100000,606.1,608.4,603.6,606,128428,0
20251208,110000,606,608.2,601.6,601.6,157988,0
20251208,120000,601.6,603.1,600.1,602.4,91050,0
20251208,130000,602.7,602.9,596.3,599.3,166984,0
20251208,140000,599.2,601.2,597,597.2,129092,0
20251208,150000,597,597.4,592,594.7,346164,0
20251208,160000,594.6,595.6,590.7,591.1,304821,0
20251208,170000,591.1,592.2,588,588.9,297772,0
20251208,180000,588.8,591.3,588.2,591,77723,0
20251208,190000,591,594.5,590.3,593.4,95076,0
20251208,200000,593.3,593.7,588.7,589.9,155897,0
20251208,210000,589.9,591.1,587.5,590.5,147353,0
20251208,220000,590.4,592,589.5,590,39265,0
20251208,230000,590,592.3,589.8,590.3,73687,0
20251209,070000,590.2,592.8,589.6,591.7,25041,0
20251209,080000,591.7,591.8,589.8,590.8,25846,0
20251209,090000,590.5,591.2,587.7,591,57300,0
20251209,100000,590.9,591.4,585.4,586.9,154892,0
20251209,110000,586.9,588.8,585,587.4,122052,0
20251209,120000,587.4,589.7,587.2,588,75357,0
20251209,130000,588,590,587.7,590,31121,0
20251209,140000,590,596.4,589.9,595.3,287500,0
20251209,150000,595.3,596.8,593.6,596,139715,0
20251209,160000,596,599.4,595.3,597.8,150307,0
20251209,170000,597.8,598,593,596.3,302463,0
20251209,180000,596.3,597,594.6,594.8,86212,0
20251209,190000,595.2,595.5,592.9,593.1,55969,0
20251209,200000,593.4,595.2,593,595.2,37394,0
20251209,210000,595.1,599,594.4,599,86055,0
20251209,220000,598.7,608.7,598.7,600.3,450991,0
20251209,230000,600.6,600.9,597.3,598.4,53321,0
20251210,070000,598.2,600,598.1,598.6,18108,0
20251210,080000,599,599.3,598.7,598.7,3683,0
20251210,090000,598.9,601.2,595.7,599.7,66690,0
20251210,100000,599.6,602.5,598.5,599.6,187685,0
20251210,110000,599.6,603.6,599.6,600.2,192266,0
20251210,120000,600.1,602,597.5,600.7,145930,0
20251210,130000,600.7,601.6,598.1,598.5,121475,0
20251210,140000,598.6,599.4,595.5,597.3,131837,0
20251210,150000,597.2,598.9,597.1,598.1,75338,0
20251210,160000,598.1,598.8,596,598.7,73841,0
20251210,170000,598.7,601.1,595.6,596.2,144451,0
20251210,180000,596.6,598.9,596.2,598.9,65427,0
20251210,190000,598.3,599.2,597.6,597.9,29092,0
20251210,200000,598.2,598.2,597.2,597.8,13379,0
20251210,210000,597.8,599.2,596.6,598.1,32716,0
20251210,220000,598.4,599.1,598.1,598.9,27513,0
20251210,230000,598.9,599.1,597.3,597.3,28504,0
20251211,070000,597.1,599.5,597.1,598.9,11266,0
20251211,080000,598.9,604.5,598.9,603,119426,0
20251211,090000,603,603,598.2,600.3,70270,0
20251211,100000,600.4,602.5,599.2,602.4,127601,0
20251211,110000,602.5,606,602.1,605.4,301460,0
20251211,120000,605.4,608.6,603.8,604,197566,0
20251211,130000,603.9,604.9,603.2,604.4,90747,0
20251211,140000,604.1,604.6,602.3,602.7,69980,0
20251211,150000,602.7,605.9,602.5,602.9,79306,0
20251211,160000,602.8,603.7,601,602.5,67406,0
20251211,170000,602.5,604,601.5,601.5,113453,0
20251211,180000,601.6,602.2,597.9,602,199205,0
20251211,190000,601.5,611.5,601.2,606.7,421536,0
20251211,200000,606.6,608.5,606.5,607.9,70236,0
20251211,210000,607.8,608.3,605.9,606.2,42764,0
20251211,220000,606.4,607,606,606.8,10979,0
20251211,230000,607.1,607.3,606.6,607,8243,0
20251212,070000,607.5,609.8,607.2,607.6,11137,0
20251212,080000,607.3,608.5,607.2,607.9,23506,0
20251212,090000,607.9,607.9,600.4,603.9,136816,0
20251212,100000,603.8,604.7,602,603.6,79778,0
20251212,110000,603.4,609.5,602.6,608.9,282867,0
20251212,120000,609,611.1,606.5,607,152442,0
20251212,130000,607,613.2,606.8,610.9,262134,0
20251212,140000,610.8,612.7,610,611.9,180293,0
20251212,150000,611.9,615.5,611.6,614.6,255964,0
20251212,160000,614.7,615.3,610.5,611.2,336920,0
20251212,170000,611.2,612.5,610.1,611.6,221230,0
20251212,180000,611.6,611.7,601.6,604.7,265730,0
20251212,190000,604.7,606.3,601.2,603.1,135798,0
20251212,200000,603.2,603.7,600.6,601,60904,0
20251212,210000,600.9,603.4,597.6,599.6,168140,0
20251212,220000,599.5,599.5,597.7,599.2,53250,0
20251212,230000,598.9,599.3,597.1,597.1,59096,0
20251213,090000,598.6,598.6,598.6,598.6,322,0
20251213,100000,599.4,602,598.7,600.2,48114,0
20251213,110000,600.2,600.3,597.8,598.6,13391,0
20251213,120000,598.6,599.1,597.3,599,11218,0
20251213,130000,598.7,599.3,598,598.4,6897,0
20251213,140000,598.4,599.7,598,599.2,6587,0
20251213,150000,598.9,600.3,598.8,600,7832,0
20251213,160000,600.3,600.4,599.1,599.8,6181,0
20251213,170000,599.8,600.2,599.4,599.6,4824,0
20251213,180000,599.6,600.4,599.1,600.4,6024,0
20251214,090000,601,601,601,601,13,0
20251214,100000,601.2,601.7,598.4,599.4,12790,0
20251214,110000,599.8,600,597.5,598,18722,0
20251214,120000,597.9,598.1,596,597.6,15806,0
20251214,130000,597.5,598.6,597.1,598.3,6535,0
20251214,140000,598.4,599.2,598,599,7628,0
20251214,150000,599,599.6,596.9,597.2,14582,0
20251214,160000,597.2,598.1,597.1,597.8,3283,0
20251214,170000,597.5,598.5,597.4,598.2,2036,0
20251214,180000,598.1,600,597.3,599.2,14188,0
20251215,070000,600,601.7,599.3,601.1,25031,0
20251215,080000,601.2,601.8,601,601.8,11226,0
20251215,090000,601.6,603.8,598.6,601.9,112157,0
20251215,100000,602,602.2,599.2,600.7,161380,0
20251215,110000,600.7,602.9,600,602.4,122554,0
20251215,120000,602.4,605,601.5,604.9,148659,0
20251215,130000,604.9,606.4,602.5,603,104112,0
20251215,140000,602.8,608.9,602.5,608.7,162574,0
20251215,150000,608.7,609.6,602.6,603.7,210855,0
20251215,160000,603.7,606.7,602.1,606.5,105217,0
20251215,170000,606.5,610,606.2,610,251624,0
20251215,180000,609.9,610,602.9,605.1,177516,0
20251215,190000,605,611.5,602.1,605.5,181620,0
20251215,200000,605.5,606.6,604.6,606.6,18240,0
20251215,210000,606.6,606.6,606,606.1,8898,0
20251215,220000,606.1,608.6,606.1,607.9,28474,0
20251215,230000,607.9,610.1,607.6,608.7,38734,0
20251216,070000,609.1,610.9,607,607,28905,0
20251216,080000,607,607.5,606.1,607.4,31670,0
20251216,090000,607.4,607.5,604.6,605,52282,0
20251216,100000,605.3,612.4,604.4,611.9,163116,0
20251216,110000,611.9,612.5,609.4,611.5,165167,0
20251216,120000,611.5,613.4,609,611.1,120305,0
20251216,130000,611.1,612.4,609.6,610.1,70087,0
20251216,140000,610.5,611.6,608.2,609.7,119676,0
20251216,150000,609.7,610.6,607,608.9,177529,0
20251216,160000,608.5,609.2,604.8,605.4,156859,0
20251216,170000,605.4,610.6,605.1,610.1,128637,0
20251216,180000,610.2,610.5,608.5,609.9,71987,0
20251216,190000,609.8,609.9,607.7,608.7,23396,0
20251216,200000,608.7,609,607.9,608.3,30473,0
20251216,210000,608.3,608.5,608.1,608.1,10833,0
20251216,220000,608.2,608.2,607.5,608.1,12818,0
20251216,230000,608.1,608.5,607.9,608.3,18947,0
20251217,070000,608.3,610.2,608,609.9,13156,0
20251217,080000,609.9,614,609.9,611.5,79724,0
20251217,090000,611.5,612,609.2,609.6,64417,0
20251217,100000,609.6,610.3,606.2,607.9,141201,0
20251217,110000,607.9,611.4,607.1,607.1,100566,0
20251217,120000,607.1,607.9,603.9,605.6,234229,0
20251217,130000,605.4,607,604.7,605.8,44109,0
20251217,140000,605.7,606.2,601.8,603.2,130711,0
20251217,150000,603.1,604.5,601.1,602.3,60684,0
20251217,160000,602.3,603.6,600.7,602,141265,0
20251217,170000,602.1,602.9,597.2,600.2,291722,0
20251217,180000,600.2,604,597.4,604,125724,0
20251217,190000,603.8,605.8,602.2,602.3,110711,0
20251217,200000,602.2,604.8,602,603.4,41801,0
20251217,210000,603.3,604.1,603,603.6,10960,0
20251217,220000,603.4,604.6,600.5,602.6,42357,0
20251217,230000,602.4,604.7,602.4,604.2,18959,0
20251218,070000,604.5,605.5,603.2,604,26085,0
20251218,080000,604,604.1,603.3,603.7,4918,0
20251218,090000,603.3,603.4,600,601.6,39355,0
20251218,100000,601.5,604.9,601.1,602.1,131847,0
20251218,110000,602.3,602.3,598,598.8,225284,0
20251218,120000,598.8,599.8,597,597.5,427466,0
20251218,130000,597.5,598.7,595.8,598.3,270231,0
20251218,140000,598.4,598.5,591.8,593.4,406839,0
20251218,150000,593.5,596.2,592.1,592.7,420476,0
20251218,160000,592.6,595.4,588.9,589.9,298176,0
20251218,170000,589.8,590,584,584.3,588406,0
20251218,180000,584.3,586.8,583.2,583.2,374928,0
20251218,190000,584.7,588.3,582.5,587.1,287146,0
20251218,200000,587.1,587.7,584,587.6,119997,0
20251218,210000,587.6,587.7,586.9,587.7,33876,0
20251218,220000,587.7,589.7,587.6,589.5,86046,0
20251218,230000,589.5,590,588.1,589,74002,0
20251219,070000,589,590,585.9,589.5,75616,0
20251219,080000,589.5,590.9,588.9,590.4,35970,0
20251219,090000,590.3,591.4,588.4,589.8,87449,0
20251219,100000,589.7,593.2,589,592.7,286578,0
20251219,110000,592.7,595,592,595,181970,0
20251219,120000,595,597.5,594.4,594.9,217349,0
20251219,130000,595,595.1,581,586.3,1002832,0
20251219,140000,586.2,589.8,585.6,589.8,181704,0
20251219,150000,589.8,590,583.5,583.8,217669,0
20251219,160000,583.8,590,583.6,587.5,234060,0
20251219,170000,587.5,587.9,582.3,585.3,214578,0
20251219,180000,585.3,587,584.6,584.9,56649,0
20251219,190000,585.5,587.6,585.5,587.1,59245,0
20251219,200000,587.1,589.2,586.6,588.1,36256,0
20251219,210000,588.3,588.5,586.7,587,27576,0
20251219,220000,587,587.4,586.4,587.2,9314,0
20251219,230000,587.1,587.6,584.9,585.9,43562,0
20251220,090000,585.9,585.9,585.9,585.9,167,0
20251220,100000,585.9,588.3,585.1,587.6,21418,0
20251220,110000,587.6,587.9,586.9,587.9,4227,0
20251220,120000,587.9,588,586.2,586.6,7859,0
20251220,130000,586.6,586.8,584.4,585,20315,0
20251220,140000,585,585.3,583.7,584.2,19172,0
20251220,150000,584.3,585.4,584,585.4,7359,0
20251220,160000,585.4,586.3,584.7,586.2,8379,0
20251220,170000,586.2,586.2,585.4,585.8,8203,0
20251220,180000,585.8,586.4,585.3,585.3,20283,0
20251221,090000,587,587,587,587,56,0
20251221,100000,587,587.4,584.7,586,4532,0
20251221,110000,586,586,585.1,585.6,8102,0
20251221,120000,585.6,585.6,584.5,585,18277,0
20251221,130000,585,585.1,584.9,585.1,3736,0
20251221,140000,585.1,585.1,584.9,585.1,2484,0
20251221,150000,585.1,585.6,584.7,585.5,6697,0
20251221,160000,585.5,586,584.2,584.3,11312,0
20251221,170000,584.6,585.7,584.1,584.7,8022,0
20251221,180000,584.6,586.3,584.3,586.2,10886,0
20251222,070000,586,588.3,585,586,53516,0
20251222,080000,586,586.9,585.2,585.4,10145,0
20251222,090000,585.4,585.4,581.5,582.7,107249,0
20251222,100000,582.7,582.7,578.2,579.3,237543,0
20251222,110000,579.2,581.4,578.1,578.5,133118,0
20251222,120000,578.5,584.3,576.6,581.5,267763,0
20251222,130000,581.5,582.8,580.3,581,98853,0
20251222,140000,581,582.4,578.4,578.9,124263,0
20251222,150000,578.9,579,574.4,577.2,200169,0
20251222,160000,577.1,577.1,574.5,574.9,69299,0
20251222,170000,574.9,575.3,571,571.2,144716,0
20251222,180000,571.2,573.9,571.1,573.9,94226,0
20251222,190000,573.4,575.4,573,574.8,53906,0
20251222,200000,574.9,575.2,573.1,573.8,28563,0
20251222,210000,573.7,574,573,573.6,19016,0
20251222,220000,573.6,574.5,573.5,574.2,8981,0
20251222,230000,574.2,575.1,574.1,575.1,10399,0
20251223,070000,574.7,576.7,573,576.5,14861,0
20251223,080000,576.5,576.5,574.6,575,13383,0
20251223,090000,574.8,574.8,570.5,572.3,79374,0
20251223,100000,572.2,576.1,571.3,574.5,71849,0
20251223,110000,574.5,575,570.5,572.8,84870,0
20251223,120000,572.8,573.4,570.5,571.4,95219,0
20251223,130000,571.3,574,571,573.1,86894,0
20251223,140000,573.1,576,571.8,575.7,60740,0
20251223,150000,575.7,577.1,574.3,575,112465,0
20251223,160000,575,576.9,574.3,576.9,55475,0
20251223,170000,576.9,578.6,574.4,576.4,154926,0
20251223,180000,576.3,579.8,576.3,579.3,96332,0
20251223,190000,579.3,580.6,577.2,577.4,49485,0
20251223,200000,577.4,577.5,576.2,576.5,22470,0
20251223,210000,576.6,578,576.5,577.9,19647,0
20251223,220000,578,578.4,577.7,577.7,9005,0
20251223,230000,577.7,577.7,575.2,576.5,27165,0
20251224,070000,578.1,579.1,576.3,577.9,20154,0
20251224,080000,577.9,578.6,577.4,577.9,7373,0
20251224,090000,577.7,577.9,574,574.9,68570,0
20251224,100000,574.8,576.8,572.8,575.9,62678,0
20251224,110000,575.8,577.9,573.4,574.4,120043,0
20251224,120000,574.3,577.3,573.8,576.1,70926,0
20251224,130000,576.2,578.5,575.6,576.4,38830,0
20251224,140000,576.5,577,574.5,574.6,49438,0
20251224,150000,574.6,575,572.4,574,82389,0
20251224,160000,574,574.5,572.6,573.9,41884,0
20251224,170000,573.9,574.2,572.8,573.2,31675,0
20251224,180000,573.1,574,571.2,571.7,64221,0
20251224,190000,572.3,573,571.2,571.8,43105,0
20251224,200000,571.8,572.8,571.7,572.7,7434,0
20251224,210000,572.8,573.1,572.3,572.9,32467,0
20251224,220000,572.9,573.1,572.6,573.1,9513,0
20251224,230000,573.1,573.1,571.5,572.9,20503,0
20251225,070000,572.3,573.7,571.8,572.8,9565,0
20251225,080000,572.8,573.3,572.4,573,4652,0
20251225,090000,573.1,573.4,571.6,572.7,26096,0
20251225,100000,572.7,572.7,570.5,570.7,56314,0
20251225,110000,570.8,573.4,570.7,571.4,75452,0
20251225,120000,571.4,571.5,570,570.6,65089,0
20251225,130000,570.4,571.2,568.5,568.7,64266,0
20251225,140000,568.6,570.8,568,568.1,121270,0
20251225,150000,568.2,568.4,563.8,566.1,204166,0
20251225,160000,566.1,568,565.4,567.6,115493,0
20251225,170000,567.6,568.1,566.3,566.7,50316,0
20251225,180000,566.7,567.9,566.2,567.9,26926,0
20251225,190000,567.8,570,566.7,569.9,54615,0
20251225,200000,569.9,569.9,568.7,569,53666,0
20251225,210000,568.9,570.8,568.9,570.7,24025,0
20251225,220000,570.8,572.9,570.6,571.1,40382,0
20251225,230000,571.1,571.4,567.8,568.8,46142,0
20251226,070000,568.8,570.8,568,569.5,22174,0
20251226,080000,569.5,570.7,569.2,569.4,13781,0
20251226,090000,569.3,572.4,568.1,571,90144,0
20251226,100000,571,572.5,569.2,570.2,64353,0
20251226,110000,570.5,576.3,570.2,574.4,168276,0
20251226,120000,574.5,574.9,573.1,574.3,63995,0
20251226,130000,574.3,576,574.3,575.7,63420,0
20251226,140000,575.6,580.9,575.5,579.7,155324,0
20251226,150000,579.9,583.5,577.8,582.2,247786,0
20251226,160000,582.2,583.2,581,582.4,118493,0
20251226,170000,582.5,584.1,582.4,583.3,89241,0
20251226,180000,583.3,584,580.7,581,57462,0
20251226,190000,581,583.4,580.4,580.6,55920,0
20251226,200000,580.6,581.5,579.9,581.2,32319,0
20251226,210000,581.4,581.8,580.9,581.7,13698,0
20251226,220000,581.7,583,581.2,583,31580,0
20251226,230000,583,584.3,582.6,584.3,45625,0
20251227,090000,584.8,584.8,584.8,584.8,316,0
20251227,100000,584.8,585,583.1,583.2,39546,0
20251227,110000,583.2,584.1,581.5,583.3,31081,0
20251227,120000,583.3,584,582.7,582.7,9766,0
20251227,130000,582.7,583.6,582.3,583.4,13838,0
20251227,140000,583.4,584,582.8,583.2,15155,0
20251227,150000,582.9,583.6,582.8,583.4,2034,0
20251227,160000,583.3,583.7,582.8,583.2,5393,0
20251227,170000,583.2,583.4,582.5,583.3,8602,0
20251227,180000,583.3,583.4,581.6,581.9,13323,0
20251228,090000,582.9,582.9,582.9,582.9,23,0
20251228,100000,583.3,583.4,581,581,27945,0
20251228,110000,581.1,581.5,580,581.1,18290,0
20251228,120000,581.1,581.3,580.6,580.9,6344,0
20251228,130000,580.9,581.4,580,580.8,10527,0
20251228,140000,580.8,581.3,580.7,580.9,2680,0
20251228,150000,580.9,582.4,580.8,581.9,7131,0
20251228,160000,581.9,582.7,581.3,582.4,6901,0
20251228,170000,582.4,582.5,581.8,582.5,8220,0
20251228,180000,582.4,582.8,582.2,582.8,10272,0
20251229,070000,583.3,583.9,580.5,583,42979,0
20251229,080000,583.1,583.5,579,581.8,42723,0
20251229,090000,581.9,582.5,579,579.4,73873,0
20251229,100000,579.4,580.4,576.4,578.7,130422,0
20251229,110000,578.8,592,578.4,591.6,378419,0
20251229,120000,591.6,592.7,587.1,589,227743,0
20251229,130000,589.1,591.8,588.3,590.9,158861,0
20251229,140000,590.9,591.2,587.4,587.9,85424,0
20251229,150000,588.1,590.9,587.8,590.1,87079,0
20251229,160000,590,590.1,582.7,584.4,161844,0
20251229,170000,584.5,587,583.6,585.5,79183,0
20251229,180000,585.4,585.4,568.1,572,554259,0
20251229,190000,572.2,576.2,570.3,571.6,255018,0
20251229,200000,571.6,573.7,571,572.3,72781,0
20251229,210000,572.1,574.6,571.1,574.6,95444,0
20251229,220000,574.6,574.6,573.3,573.9,15871,0
20251229,230000,573.9,573.9,572.2,572.3,46732,0
20251230,070000,572.5,575.3,572.4,574.3,32023,0
20251230,080000,574.3,576.4,574,576,28617,0
20251230,090000,575.9,575.9,572.9,573.5,35754,0
20251230,100000,573.6,573.6,570.8,572.5,57118,0
20251230,110000,572.2,577.3,570.5,576,160120,0
20251230,120000,576.1,578.1,573.8,576,339445,0
20251230,130000,576.1,576.8,574.2,574.8,464376,0
20251230,140000,574.8,575.4,573,573.1,104742,0
20251230,150000,573.1,576.4,572.7,576,83121,0
20251230,160000,576,578.6,575.8,577.2,172907,0
20251230,170000,577.2,581.8,577.2,580.4,162835,0
20251230,180000,580.4,581,579.3,581,50940,0
20251230,190000,580.9,581.7,580.5,581.7,54915,0
20251230,200000,581.6,581.7,580.3,580.9,24589,0
20251230,210000,580.7,580.9,580.1,580.6,15435,0
20251230,220000,580.6,580.8,579.7,579.7,36534,0
20251230,230000,579.7,580.7,579.3,580.7,21987,0
20260105,070000,579.4,580,574.1,575.1,78545,0
20260105,080000,575.1,576.5,573,576.5,37277,0
20260105,090000,576.5,576.5,570.6,572.3,121863,0
20260105,100000,572.3,575.9,571.4,575.3,84122,0
20260105,110000,575.2,577.8,574.8,576.4,92866,0
20260105,120000,576.2,577.2,575.1,576.2,55514,0
20260105,130000,576.6,576.6,574.6,574.7,52511,0
20260105,140000,574.8,575.5,573.7,574.3,32470,0
20260105,150000,574.5,575,573.2,574.2,45053,0
20260105,160000,574.3,575.5,574.1,574.6,17788,0
20260105,170000,574.9,576,574.5,575.4,31887,0
20260105,180000,575.6,578.5,575.6,577.3,64962,0
20260105,190000,577,577.4,576.1,576.2,16998,0
20260105,200000,576.2,576.6,575.4,576.2,13635,0
20260105,210000,576.2,576.9,575.9,576.4,9665,0
20260105,220000,576.4,576.6,575.9,576.2,4346,0
20260105,230000,576.1,577,575.5,576.9,16057,0
20260106,070000,576.9,580.2,576.6,579,33958,0
20260106,080000,579,579.5,578.3,578.5,10121,0
20260106,090000,578.4,580.3,577.5,579.1,41164,0
20260106,100000,579.1,579.1,576.9,578.8,120621,0
20260106,110000,578.7,582.2,577.6,580.9,110437,0
20260106,120000,581,581.8,579.7,579.7,36399,0
20260106,130000,579.8,580.4,579,580.1,19837,0
20260106,140000,580,580.3,578,578.6,35708,0
20260106,150000,578.6,578.6,577,577.5,28553,0
20260106,160000,577.5,578,574.5,574.6,36139,0
20260106,170000,574.7,575.1,573.2,573.3,74169,0
20260106,180000,573.3,574.5,572.7,574.5,64620,0
20260106,190000,574,574.7,573.7,574.6,17509,0
20260106,200000,574.6,574.6,574,574,5714,0
20260106,210000,574,574.1,573,573.3,15232,0
20260106,220000,573.4,573.8,573,573.8,12030,0
20260106,230000,573.8,574.9,573.7,574.7,29003,0
20260108,070000,570.5,573.8,570.5,571.5,43801,0
20260108,080000,571.5,572.6,571.2,572.1,7757,0
20260108,090000,572,572.1,569.6,571,49213,0
20260108,100000,571,574.4,570.4,574.2,76084,0
20260108,110000,574,574.8,573.3,574.2,29426,0
20260108,120000,574.2,575.6,574.1,574.7,28168,0
20260108,130000,574.7,575.8,573.1,575.1,63001,0
20260108,140000,575.1,575.2,573.2,573.2,15192,0
20260108,150000,573.1,573.4,569.1,571.3,99719,0
20260108,160000,571.3,571.3,569.6,569.6,31809,0
20260108,170000,569.6,569.7,569,569.5,37945,0
20260108,180000,569.6,571.9,569.5,571.5,28978,0
20260108,190000,571.5,571.5,570.2,570.8,9887,0
20260108,200000,570.9,571,570.7,571,2720,0
20260108,210000,571,572.5,570.9,572.5,24918,0
20260108,220000,572.5,572.8,570.9,571.3,43287,0
20260108,230000,571,571.3,569,569.8,69168,0
20260109,090000,564.8,564.8,564.8,564.8,5297,0
20260109,100000,564.7,564.7,560.1,562.2,222179,0
20260109,110000,562.2,562.9,562,562.1,54073,0
20260109,120000,562.1,562.5,561.5,562,39339,0
20260109,130000,562.2,562.3,561.8,562,13066,0
20260109,140000,562.1,562.5,561.4,562.4,44337,0
20260109,150000,562.4,562.4,562.3,562.3,57533,0
20260109,160000,562.3,562.5,562.3,562.4,32026,0
20260109,170000,562.4,562.4,561.8,562.1,22983,0
20260109,180000,562.2,562.5,561.9,562,17693,0
20260109,190000,562,563.8,561.8,563,40448,0
20260109,200000,562.9,563.7,562.6,563.1,21075,0
20260109,210000,563.1,563.2,562,562.3,25236,0
20260109,220000,562.3,562.3,561.8,562,6773,0
20260109,230000,561.9,562.5,561.5,562.4,24608,0
20260112,070000,562.4,564,561.7,563.1,25314,0
20260112,080000,563.1,563.3,562.4,562.7,6327,0
20260112,090000,562.6,563.8,562.3,562.7,38091,0
20260112,100000,562.7,564.9,560.2,561.4,186975,0
20260112,110000,561.3,561.5,558.2,559.6,116833,0
20260112,120000,559.5,561.1,559,559.3,100660,0
20260112,130000,559.4,559.6,556.6,558,86149,0
20260112,140000,558,558.8,557.5,557.9,51068,0
20260112,150000,557.8,558.9,556.8,558.4,66780,0
20260112,160000,558.6,559.2,557.2,558.7,36756,0
20260112,170000,558.6,559.5,557.3,558,64534,0
20260112,180000,558,560.4,557.4,559.7,72327,0
20260112,190000,559.1,559.1,557.5,558.5,22867,0
20260112,200000,558.8,558.9,558,558.5,8873,0
20260112,210000,558.5,558.6,558.2,558.5,4760,0
20260112,220000,558.5,558.6,558,558.1,10357,0
20260112,230000,558.1,558.1,557.7,558,6917,0
20260113,070000,558.2,559.3,557.5,559.1,15514,0
20260113,080000,559.1,559.3,558.2,558.5,3368,0
20260113,090000,558.4,558.4,553.1,554.8,100160,0
20260113,100000,554.5,555.9,554.1,554.4,38646,0
20260113,110000,554.3,555.6,553.1,553.9,85857,0
20260113,120000,553.9,555.8,551.7,552.8,209210,0
20260113,130000,552.8,553.2,551.1,551.1,125714,0
20260113,140000,551,551.7,549.3,550.7,184497,0
20260113,150000,550.7,551.1,549.5,550.2,134176,0
20260113,160000,550.2,551.4,549.1,549.5,173828,0
20260113,170000,549.6,549.8,545.6,546.2,214320,0
20260113,180000,546.4,547.3,543.2,547.3,155488,0
20260113,190000,546.3,548.2,545.5,547.7,78152,0
20260113,200000,547.5,547.8,546,546,19217,0
20260113,210000,546.1,546.4,544.5,546.4,39590,0
20260113,220000,546.4,546.9,546.2,546.9,22762,0
20260113,230000,547,547.8,546.7,546.8,45682,0
20260114,070000,551.8,553,547,547.7,46942,0
20260114,080000,547.9,547.9,544.7,544.9,46078,0
20260114,090000,544.9,545.6,543.5,544.4,47685,0
20260114,100000,544.2,544.2,540.5,542,246940,0
20260114,110000,542,553,541.9,549,290828,0
20260114,120000,549,553.7,549,552.9,171845,0
20260114,130000,552.9,556.9,552.3,552.7,214540,0
20260114,140000,552.7,555.8,552.6,555.4,59942,0
20260114,150000,555.4,558.9,555,558.5,117723,0
20260114,160000,558.5,559.4,555.1,559.1,145989,0
20260114,170000,559.1,562.7,558.9,559.9,273582,0
20260114,180000,559.9,560.2,558.6,559.4,138974,0
20260114,190000,559.9,559.9,556.1,556.4,96536,0
20260114,200000,556.5,556.8,556.2,556.8,32068,0
20260114,210000,556.8,556.8,556.6,556.8,17986,0
20260114,220000,556.7,561.1,556.7,560.9,119469,0
20260114,230000,560.9,562.1,557,557.1,142670,0
20260115,070000,556.9,559.1,555.8,557.3,44772,0
20260115,080000,557.2,558.3,555.9,557.9,17094,0
20260115,090000,557.9,558.8,556.5,558.7,26547,0
20260115,100000,558.8,562.3,558.2,561.1,202395,0
20260115,110000,561,562.7,560.5,562.1,159935,0
20260115,120000,562.1,562.4,560.6,560.6,124928,0
20260115,130000,560.6,565.4,560.6,564.2,244705,0
20260115,140000,564.2,565.5,563.7,565,109607,0
20260115,150000,564.9,565.5,562.3,562.7,102637,0
20260115,160000,562.8,563.4,560.5,561,135785,0
20260115,170000,561.1,563.5,558.5,559.4,195572,0
20260115,180000,559.4,563.3,558.2,561,102627,0
20260115,190000,560.6,563.7,560.3,561.8,48045,0
20260115,200000,561.7,563.4,561.7,563,30738,0
20260115,210000,563,563.2,562.4,563,8393,0
20260115,220000,562.9,565.5,562.9,563.8,55934,0
20260115,230000,563.9,564.1,562.9,564,14786,0
20260116,070000,565.1,566.2,562.6,563.4,32596,0
20260116,080000,563.1,563.6,562.8,563,8267,0
20260116,090000,563,564.4,562,562.7,81185,0
20260116,100000,562.7,565,562.3,564.4,109681,0
20260116,110000,564.4,565.6,562.4,563.7,110826,0
20260116,120000,563.6,564.3,563,564,66384,0
20260116,130000,564.1,565.1,557.6,559.5,649225,0
20260116,140000,559.5,560,558.4,559.5,104079,0
20260116,150000,559.5,559.6,557.9,558.5,73466,0
20260116,160000,558.5,562.2,558.1,560.9,241643,0
20260116,170000,560.9,561.9,559.4,560.4,169462,0
20260116,180000,560.5,561.3,560,560.5,59672,0
20260116,190000,560.5,561.6,560.2,561,27236,0
20260116,200000,561,562.2,560.8,561.5,39214,0
20260116,210000,561.6,563.3,561.5,563.3,62951,0
20260116,220000,563.3,564.5,562.1,563.1,64668,0
20260116,230000,563.1,563.1,560.4,560.7,52255,0
20260117,090000,560.1,560.1,560.1,560.1,213,0
20260117,100000,560.7,562.8,560.2,561.6,7322,0
20260117,110000,561.3,561.7,561.3,561.7,2910,0
20260117,120000,561.7,562.4,561.5,562.1,6021,0
20260117,130000,562.1,562.2,561.5,562.1,4449,0
20260117,140000,562.2,562.5,561.7,561.7,2485,0
20260117,150000,561.9,562,561.7,562,2043,0
20260117,160000,561.8,562.1,561.3,561.5,2403,0
20260117,170000,561.5,561.6,561.2,561.2,4476,0
20260117,180000,561.4,561.9,561,561.5,4524,0
20260118,090000,561.5,561.5,561.5,561.5,36,0
20260118,100000,561.5,561.9,560.8,561.5,5759,0
20260118,110000,561.4,561.7,561.2,561.7,2537,0
20260118,120000,561.7,561.8,561.1,561.4,1524,0
20260118,130000,561.4,561.7,561.1,561.7,2056,0
20260118,140000,561.6,561.7,561.3,561.5,1460,0
20260118,150000,561.3,561.9,561.3,561.9,2566,0
20260118,160000,561.9,562.1,561.5,561.6,3710,0
20260118,170000,561.6,562.3,561.6,562.3,4046,0
20260118,180000,562.2,562.3,561.2,562.2,5569,0
20260119,070000,563,563,561.3,561.8,10265,0
20260119,080000,561.8,562.4,561.7,562.2,3994,0
20260119,090000,562.2,562.3,558,558.4,84812,0
20260119,100000,558.4,559.4,555.9,557.8,105582,0
20260119,110000,557.7,561.8,557.6,561.1,83534,0
20260119,120000,561,562,560.1,561.1,63286,0
20260119,130000,561.2,561.2,559.4,560,31542,0
20260119,140000,560,560.5,556.5,556.7,167784,0
20260119,150000,556.7,556.7,555,555.7,138119,0
20260119,160000,555.8,557.5,555,556.8,94158,0
20260119,170000,556.9,559,556.5,557.8,52102,0
20260119,180000,557.7,558.4,556.7,557.5,51794,0
20260119,190000,557.4,557.4,556.6,557.3,20867,0
20260119,200000,557.3,557.3,556.7,557.3,6841,0
20260119,210000,557.2,557.7,557,557.1,4694,0
20260119,220000,557.2,557.2,556.1,556.6,16739,0
20260119,230000,556.6,556.6,555,555.5,59634,0
20260120,070000,555.4,556,554.4,555.6,26075,0
20260120,080000,555.5,556.8,555.2,556.8,12309,0
20260120,090000,556.6,556.6,553.7,554.3,67513,0
20260120,100000,554.2,554.2,552.5,553.1,153199,0
20260120,110000,553.2,553.4,551.5,552.4,114752,0
20260120,120000,552.4,552.7,550.5,551.3,140922,0
20260120,130000,551.3,552,550,550.7,76176,0
20260120,140000,550.6,551.2,550,550.8,51029,0
20260120,150000,550.8,551.7,549.2,550.3,120097,0
20260120,160000,550.3,553.4,550.1,550.2,141341,0
20260120,170000,550.3,553.7,549.7,552.7,122425,0
20260120,180000,552.8,554.6,552.8,553.1,51173,0
20260120,190000,553.7,554.1,552.9,553.2,15406,0
20260120,200000,553.3,554,553.2,553.5,7100,0
20260120,210000,553.5,554.9,553.4,554.4,32623,0
20260120,220000,554.5,555,553.9,554.3,27458,0
20260120,230000,554.3,554.6,553.1,553.4,19606,0
20260121,070000,553.5,555.3,553.5,554,9875,0
20260121,080000,554.3,554.3,553.4,553.7,4469,0
20260121,090000,553.5,553.6,552,552.5,22823,0
20260121,100000,552.4,552.8,550.1,550.3,104474,0
20260121,110000,550.4,552.3,549.5,552.2,64636,0
20260121,120000,552.1,554.8,551.3,553.9,83863,0
20260121,130000,553.8,560,553.8,559,261129,0
20260121,140000,559,561.8,559,559.9,147854,0
20260121,150000,559.8,560.9,558.9,560.6,45848,0
20260121,160000,560.6,561.4,559.4,560.4,58005,0
20260121,170000,560.7,564,560.6,563.1,123260,0
20260121,180000,563,563.8,561.8,563.8,85572,0
20260121,190000,563.7,563.7,562.1,562.3,40604,0
20260121,200000,562.5,562.6,561.8,562.6,16022,0
20260121,210000,562.7,563.5,562.6,563.2,18645,0
20260121,220000,563,565.9,562.8,565.6,120456,0
20260121,230000,565.7,566.7,565.5,565.6,51840,0
20260122,070000,565.1,568,564.2,566,30586,0
20260122,080000,565.9,566.3,565.6,565.6,11604,0
20260122,090000,565.6,565.7,563.2,565.6,76845,0
20260122,100000,565.6,566.4,564.8,565.7,89639,0
20260122,110000,565.7,570.5,565.7,567.9,191413,0
20260122,120000,567.9,569.9,565.5,566.5,129590,0
20260122,130000,566.4,567.5,565.6,565.6,38376,0
20260122,140000,565.6,569.1,563,563.1,198290,0
20260122,150000,563,563.1,561,562.5,225056,0
20260122,160000,562.6,564.5,559.9,562.5,161932,0
20260122,170000,562.5,565,558.1,564.5,305936,0
20260122,180000,564.5,565.5,562.6,563.7,66165,0
20260122,190000,563.1,566,562.8,563.8,42662,0
20260122,200000,563.8,563.8,561.2,563,32329,0
20260122,210000,563,566.8,562.7,565.3,48855,0
20260122,220000,565.3,565.3,561,563.2,51247,0
20260122,230000,563.2,564,562.5,563.8,40092,0
20260123,070000,563.9,564.5,562.5,562.6,16903,0
20260123,080000,562.6,563.5,562.5,563.5,6488,0
20260123,090000,563.4,563.4,558.7,560.5,86661,0
20260123,100000,560.5,561.6,558.9,560.3,88514,0
20260123,110000,560.2,563.7,559.9,561.7,72299,0
20260123,120000,561.7,562,560.1,561,29529,0
20260123,130000,561.1,562.7,560.3,562.6,31412,0
20260123,140000,562.5,563.5,561.9,563.1,33973,0
20260123,150000,563.1,566,562.5,565.5,97683,0
20260123,160000,565.5,565.7,562.7,562.9,44675,0
20260123,170000,563,565.9,562.9,565.1,46032,0
20260123,180000,565.1,566.4,564.8,566.3,42814,0
20260123,190000,566.2,566.3,565,565.2,13287,0
20260123,200000,565.2,570,565,568.2,187994,0
20260123,210000,568.2,569.6,567.1,568.1,52915,0
20260123,220000,567.7,568.9,566.8,568.1,34462,0
20260123,230000,568.1,568.2,567.4,567.4,26319,0
20260124,090000,567.4,567.4,567.4,567.4,275,0
20260124,100000,568,569.3,567.1,567.2,16807,0
20260124,110000,567.4,567.7,567.1,567.6,3098,0
20260124,120000,567.6,568.6,566.3,567.9,34132,0
20260124,130000,567.6,568,564,565.3,38028,0
20260124,140000,565.3,565.5,563,563.8,26532,0
20260124,150000,563.8,564.5,560.4,563.6,68548,0
20260124,160000,563.6,564.8,562.8,563.3,14692,0
20260124,170000,563.3,564.8,563.1,563.8,11327,0
20260124,180000,563.8,565.1,563.2,565,14534,0
20260125,090000,565.9,565.9,565.9,565.9,119,0
20260125,100000,565.9,566.2,563.7,565.2,13259,0
20260125,110000,565.1,565.6,565,565.4,3357,0
20260125,120000,565.5,569,565.4,568.1,52945,0
20260125,130000,568.1,568.5,567.2,567.9,15746,0
20260125,140000,567.9,568.5,567.8,568.4,8944,0
20260125,150000,568.4,568.5,567.5,567.8,4086,0
20260125,160000,567.8,568.4,567.8,568.3,3193,0
20260125,170000,568.3,568.3,567.5,567.5,7551,0
20260125,180000,567.8,567.8,566.2,567,12636,0
20260126,070000,566.5,567.5,565.7,566,13539,0
20260126,080000,565.7,566.3,564.6,565.1,24409,0
20260126,090000,565.1,565.1,560,560.2,160189,0
20260126,100000,560.1,562.9,559.4,561.9,124458,0
20260126,110000,561.7,562.1,559.5,559.7,86126,0
20260126,120000,559.8,561.2,558.9,559.7,97889,0
20260126,130000,559.7,563.9,559.5,563.4,84047,0
20260126,140000,563.3,563.7,561,561.4,75328,0
20260126,150000,561.5,562.9,561.3,562.6,47918,0
20260126,160000,562.6,565.7,562.3,564.2,105486,0
20260126,170000,564.1,565.8,563.2,565.8,65364,0
20260126,180000,565.8,565.9,562.1,565.3,84665,0
20260126,190000,564.6,565.5,563.8,565.4,40112,0
20260126,200000,565.5,566.2,564.7,564.7,71574,0
20260126,210000,564.8,565,563.6,563.8,20826,0
20260126,220000,563.7,564.6,563.6,563.8,17641,0
20260126,230000,563.8,564.2,562,562.8,33684,0
20260127,070000,564.7,564.8,562.9,563.4,11524,0
20260127,080000,563.4,564.2,560.1,561.2,65562,0
20260127,090000,561.2,562.4,560.6,562.3,18862,0
20260127,100000,562.1,563,561,561.5,65802,0
20260127,110000,561.4,564.1,559.1,563.4,169576,0
20260127,120000,563.3,565.9,563.2,565.2,60868,0
20260127,130000,565.2,565.9,564,565.2,87969,0
20260127,140000,565.2,569.7,565.1,568.2,218796,0
20260127,150000,568.2,568.9,567.2,567.2,39131,0
20260127,160000,567.3,569.2,566.4,568.8,55262,0
20260127,170000,568.8,572.3,568.7,571.9,296980,0
20260127,180000,571.9,572.1,570.3,571.6,82917,0
20260127,190000,571.1,571.6,571,571.2,43305,0
20260127,200000,571.3,572.7,571.1,572.7,47749,0
20260127,210000,572.7,572.9,572.2,572.9,27217,0
20260127,220000,572.9,573,572.6,572.8,13904,0
20260127,230000,572.8,573,571.9,572.5,28257,0
20260128,070000,572.4,574.2,572.1,573.1,18595,0
20260128,080000,573.1,573.6,572.5,573.6,15094,0
20260128,090000,573.5,573.7,571.4,573.6,73755,0
20260128,100000,573.6,574.1,572.2,572.7,108553,0
20260128,110000,572.7,575.6,571.1,574.2,260587,0
20260128,120000,574.2,575.7,572.7,575.2,175128,0
20260128,130000,575.3,577,575.1,575.2,129419,0
20260128,140000,575.2,576.4,573.6,576,140992,0
20260128,150000,576.1,576.9,574.9,575,142683,0
20260128,160000,575,576.9,575,576.3,215953,0
20260128,170000,576.3,579.3,576.3,578.7,311920,0
20260128,180000,578.8,579.4,576.4,578.7,143132,0
20260128,190000,577.9,578.2,573.6,574.4,83937,0
20260128,200000,574.4,575,574.4,574.6,9717,0
20260128,210000,574.6,575,574.4,574.5,31807,0
20260128,220000,574.4,575.2,574.4,574.7,16074,0
20260128,230000,574.8,575,573.2,573.4,60676,0
20260129,070000,574.9,577.2,573.6,577.1,29999,0
20260129,080000,577.2,578.4,576.7,577.4,35152,0
20260129,090000,577.4,577.7,574,577.2,133377,0
20260129,100000,577.1,586.7,577.1,585.8,459572,0
20260129,110000,585.8,587.5,584.1,584.6,199104,0
20260129,120000,584.6,587.1,584.1,586.9,259371,0
20260129,130000,586.8,589.1,584.8,585.4,293509,0
20260129,140000,585.5,586.4,581.6,583.4,310014,0
20260129,150000,583.5,584.6,580.2,580.8,307836,0
20260129,160000,580.8,583.5,578.6,583.3,363411,0
20260129,170000,583.3,584.7,580.4,581.5,282793,0
20260129,180000,581.4,582.4,570.6,573.5,623006,0
20260129,190000,573.4,577.7,572.6,576.6,118841,0
20260129,200000,576.6,580.2,573,575,145540,0
20260129,210000,575.1,577.6,575,576.7,66812,0
20260129,220000,576.7,578.7,576.1,578.7,26363,0
20260129,230000,578.5,579.5,575.9,578.5,70670,0
20260130,070000,579,579.8,574.2,575,51557,0
20260130,080000,575,577.1,575,576.4,18719,0
20260130,090000,576.4,580.6,576.1,579.3,62697,0
20260130,100000,579.3,581.7,576.6,581.6,161770,0
20260130,110000,581.3,581.8,571.1,571.2,223437,0
20260130,120000,571.1,574,569.7,571.3,261079,0
20260130,130000,571.3,579.6,570.5,577.8,172070,0
20260130,140000,577.8,578.5,576.3,578.1,77453,0
20260130,150000,578.2,581.9,577,577.2,143377,0
20260130,160000,577.4,578.4,577.1,577.8,30568,0
20260130,170000,577.7,580.8,575.8,579.1,103671,0
20260130,180000,579.2,579.5,575.7,577.1,32025,0
20260130,190000,577.3,577.4,575.2,575.2,9655,0
20260130,200000,575.3,576,574,574.3,21302,0
20260130,210000,574.1,577.2,571.1,572.3,87682,0
20260130,220000,572.3,573.9,570,573.8,47454,0
20260130,230000,573.8,574.5,572.4,574.1,15853,0
20260131,090000,575.5,575.5,575.5,575.5,115,0
20260131,100000,575.4,578.8,573.8,577.1,18375,0
20260131,110000,577.3,577.9,576.8,577.3,8880,0
20260131,120000,577.1,577.4,576.5,576.8,3635,0
20260131,130000,577.1,577.3,576.7,577.3,1326,0
20260131,140000,577,577.3,576.6,576.6,1588,0
20260131,150000,576.9,577.2,576.5,577.1,3217,0
20260131,160000,577.1,577.2,577,577.2,2100,0
20260131,170000,577.2,577.2,576.6,577.2,2663,0
20260131,180000,577.2,578,576.5,577.8,12762,0
20260201,090000,578.5,578.5,578.5,578.5,146,0
20260201,100000,578.5,579.8,577.1,577.4,3830,0
20260201,110000,577.4,577.7,577,577.4,3921,0
20260201,120000,577.1,577.4,576.7,577,1732,0
20260201,130000,577,579.3,576.5,578.7,27044,0
20260201,140000,578.9,580.2,578.5,579.9,18371,0
20260201,150000,579.7,580,576.3,576.8,13713,0
20260201,160000,576.7,578.3,576,578.1,4490,0
20260201,170000,578.1,578.1,575.5,577.7,13737,0
20260201,180000,577.7,577.8,576.6,577.4,4677,0
20260202,070000,576,577,571.2,571.4,103305,0
20260202,080000,571.6,573.1,568.4,570.6,64854,0
20260202,090000,570.6,571.7,565.1,566.8,132029,0
20260202,100000,566.9,569,563.3,566.9,223731,0
20260202,110000,567,567,563.7,565.2,95974,0
20260202,120000,565,575,564.5,573.9,162464,0
20260202,130000,573.9,574.1,570.1,570.4,60937,0
20260202,140000,570.5,572.3,569,570.3,88904,0
20260202,150000,570.4,570.5,565.5,567,156259,0
20260202,160000,567.1,567.1,564.5,565.5,89403,0
20260202,170000,565.4,566,563.6,564.1,106249,0
20260202,180000,564.1,567.1,563.8,566,47853,0
20260202,190000,566,568.2,565.4,567,28593,0
20260202,200000,567.1,568,566.7,566.8,21274,0
20260202,210000,566.8,567,566.1,566.6,21928,0
20260202,220000,566.6,571.2,566.6,570.8,47273,0
20260202,230000,570.8,570.9,569,569.8,20053,0
20260203,070000,569,571.1,567.5,569.3,18422,0
20260203,080000,569.3,569.8,567.1,568,25786,0
20260203,090000,568,569.2,565.2,567.9,68190,0
20260203,100000,568.1,569.2,566,567,70784,0
20260203,110000,567.1,567.3,565.1,565.3,118576,0
20260203,120000,565.3,565.4,562.3,564.1,162261,0
20260203,130000,564.3,567.3,564.2,566.3,77749,0
20260203,140000,566.3,567.5,565.1,567.4,70873,0
20260203,150000,567.3,568.9,566.2,567.4,45553,0
20260203,160000,567.4,569.2,565.9,569.1,79828,0
20260203,170000,569.1,569.3,568.4,569,62190,0
20260203,180000,569,569.3,565.5,567.1,60846,0
20260203,190000,567,567.7,566.1,566.7,13464,0
20260203,200000,566.7,568,566.1,566.8,20248,0
20260203,210000,566.8,568.2,565,567.8,40497,0
20260203,220000,567.8,568,567.1,567.5,10305,0
20260203,230000,567.5,567.7,565.9,567.6,14025,0
20260204,070000,567.6,569.2,564.9,568.7,18515,0
20260204,080000,568.8,569.7,567.5,568.3,10996,0
20260204,090000,568.3,572,565.7,571.5,59566,0
20260204,100000,571.3,576.5,569.5,575.7,191372,0
20260204,110000,575.7,576.5,572.9,573.6,86451,0
20260204,120000,573.6,574.5,571.2,574.1,119359,0
20260204,130000,574.2,574.6,572.7,573,60371,0
20260204,140000,572.8,572.9,566.9,568.2,180847,0
20260204,150000,568.2,570.4,568,568,104940,0
20260204,160000,568,568.2,563,564.2,266200,0
20260204,170000,564.1,566,561.6,565.2,179336,0
20260204,180000,565,565.1,562,563.9,90865,0
20260204,190000,564,564.3,562.7,564,32503,0
20260204,200000,564,565.8,562.8,564.6,53443,0
20260204,210000,564.6,567.3,563.8,566,124565,0
20260204,220000,566,568,565.6,567.3,36065,0
20260204,230000,567.2,567.6,566.7,566.7,17501,0
20260205,070000,566,567.5,564.3,565.8,26670,0
20260205,080000,565.7,565.8,563.5,564.1,33921,0
20260205,090000,564.3,568.8,564.3,566.6,85824,0
20260205,100000,566.8,568.9,565.3,567.4,161033,0
20260205,110000,567.3,568.6,566.2,568.3,106786,0
20260205,120000,568.5,568.6,564.6,566,105897,0
20260205,130000,565.7,566,563.5,564.6,106824,0
20260205,140000,564.8,565,562.3,562.7,107839,0
20260205,150000,562.6,563,556.2,557.6,307856,0
20260205,160000,557.8,559,555.4,558.8,279718,0
20260205,170000,558.8,561.4,557.2,561,363808,0
20260205,180000,560.8,561.4,558.4,561,177342,0
20260205,190000,560.4,561.6,559.5,560.9,78460,0
20260205,200000,561,562.3,560.8,562.1,9466,0
20260205,210000,562.1,562.7,560.2,560.4,25247,0
20260205,220000,560.4,561.7,560.4,561.5,12622,0
20260205,230000,561.5,562.6,561.4,561.4,14103,0
20260206,070000,561.3,563.5,560.3,562.6,24235,0
20260206,080000,563,564,562.1,563.5,9119,0
20260206,090000,563,563,561.3,562.1,14701,0
20260206,100000,562,562.2,557.1,558,130366,0
20260206,110000,558,560.1,557.4,559.2,62019,0
20260206,120000,559.4,560.5,558.5,559,39127,0
20260206,130000,559,563.1,558.5,560.7,71140,0
20260206,140000,560.7,561.6,559.8,560.4,51930,0
20260206,150000,560.5,561.1,555.6,556.5,130198,0
20260206,160000,556.5,559,555.8,556.5,73881,0
20260206,170000,556.6,558.4,555.8,556.6,83487,0
20260206,180000,556.7,558.5,556.1,558.5,35371,0
20260206,190000,558.2,558.6,557,557.7,7352,0
20260206,200000,557.8,558,556.7,557.4,14494,0
20260206,210000,557.5,557.9,557,557.4,5470,0
20260206,220000,557.4,558.9,557.3,558.5,17592,0
20260206,230000,558.5,558.8,556.5,557.5,25745,0
20260207,090000,557.5,557.5,557.5,557.5,58,0
20260207,100000,557.5,558.9,556.4,558.5,5422,0
20260207,110000,558.5,558.5,557.4,557.6,2492,0
20260207,120000,557.6,558.1,557,557.5,2212,0
20260207,130000,557.5,557.9,557.1,557.7,3043,0
20260207,140000,557.7,558,557.4,557.5,1457,0
20260207,150000,557.5,557.9,557.4,557.9,774,0
20260207,160000,558,558.4,557.5,557.8,5932,0
20260207,170000,557.9,558.7,557.9,558.7,2754,0
20260207,180000,558.7,558.7,557.5,558.5,1948,0
20260208,090000,557.6,557.6,557.6,557.6,394,0
20260208,100000,558.5,558.6,557.6,558.4,3405,0
20260208,110000,558.4,558.5,556.7,557.5,12352,0
20260208,120000,557.2,557.7,556.7,557.2,6674,0
20260208,130000,557.2,557.9,556.8,557.1,3884,0
20260208,140000,557.5,557.7,556.4,556.7,8753,0
20260208,150000,556.7,557.4,556.4,556.7,5921,0
20260208,160000,556.7,556.9,556,556,6194,0
20260208,170000,556,557.1,556,556.5,4196,0
20260208,180000,556.4,556.9,556.1,556.4,2091,0
20260209,070000,556.4,556.9,553.1,554,33902,0
20260209,080000,554,555.7,554,554.5,9536,0
20260209,090000,554.3,554.3,553,553.3,24745,0
20260209,100000,553.2,553.6,550.6,551.1,131351,0
20260209,110000,551.1,552.2,550.5,552,79400,0
20260209,120000,552,552.4,550.5,550.9,39601,0
20260209,130000,550.9,553,550,551.1,119522,0
20260209,140000,551.3,552.1,548.2,548.3,161957,0
20260209,150000,548.3,550.2,547,549.7,116757,0
20260209,160000,550,550.6,549.1,549.3,43105,0
20260209,170000,549.4,550.6,548.1,548.3,84619,0
20260209,180000,548.3,548.9,547,548.9,69172,0
20260209,190000,548.2,549.9,548.1,549.7,25432,0
20260209,200000,549.7,550,548.8,548.8,7495,0
20260209,210000,548.8,549.4,548.5,549.2,12280,0
20260209,220000,549,549.4,548.6,548.7,9729,0
20260209,230000,548.7,549.3,548.5,549,10552,0
20260210,070000,549.4,551.1,546.6,551,45560,0
20260210,080000,551,551.7,550.4,551.4,18860,0
20260210,090000,551,551.1,548.1,549.8,29366,0
20260210,100000,549.8,552.7,547.6,549.4,127690,0
20260210,110000,549.4,550.2,548.4,549.3,77815,0
20260210,120000,549.3,550.5,547.7,548.8,94573,0
20260210,130000,548.8,549.5,547.1,548.3,57093,0
20260210,140000,548.5,549.3,545.5,547.4,100267,0
20260210,150000,547.4,548.9,545.1,545.7,107507,0
20260210,160000,545.6,546.8,545,546.4,132748,0
20260210,170000,546.4,546.7,542.1,543.1,192614,0
20260210,180000,543.1,544.7,542.9,543.2,50520,0
20260210,190000,543.4,543.9,542.5,543.4,25180,0
20260210,200000,543.4,543.4,541,542.4,72407,0
20260210,210000,542.4,543.2,542.4,543.1,16541,0
20260210,220000,543,543.1,541.6,541.8,10485,0
20260210,230000,541.8,542.6,541.7,542.2,30019,0
20260211,070000,542.2,544.9,542.1,544.6,34109,0
20260211,080000,544.7,547,544.7,545.4,25581,0
20260211,090000,545.4,545.8,542.7,544.7,48007,0
20260211,100000,544.6,547.5,542.6,545.4,100239,0
20260211,110000,545.5,546.4,542.8,543,112233,0
20260211,120000,543.1,549,541,548.7,295976,0
20260211,130000,548.8,549,542.5,542.7,155756,0
20260211,140000,542.9,545,542.2,543.3,235508,0
20260211,150000,543.3,549.9,543.3,547,607943,0
20260211,160000,547,548.8,545.3,547,132738,0
20260211,170000,547,550.3,545.2,550.1,158994,0
20260211,180000,550.1,551.2,548.4,549.4,78183,0
20260211,190000,549,551,547,550.8,83037,0
20260211,200000,550.8,550.8,547.1,547.2,83651,0
20260211,210000,547.2,548.2,544.5,545.2,114047,0
20260211,220000,545.2,546.2,544.4,545.8,32368,0
20260211,230000,545.8,545.8,542.1,543.7,94255,0
20260212,070000,544.7,546,543.7,545.9,35213,0
20260212,080000,545.8,547.3,545.6,546.6,14934,0
20260212,090000,546.5,547.1,544.6,545.4,58613,0
20260212,100000,545.1,545.4,543.1,543.3,46060,0
20260212,110000,543.3,546.2,542.6,545.5,68496,0
20260212,120000,545.5,552.9,544.6,552.3,222042,0
20260212,130000,552.3,555,550.7,552.1,333791,0
20260212,140000,552.2,553.1,549.3,549.8,167319,0
20260212,150000,549.8,550.3,548.5,549.1,158979,0
20260212,160000,549.2,549.3,546.4,547,61522,0
20260212,170000,547.1,548.8,546.4,548.6,70833,0
20260212,180000,548.7,549.9,548,548.3,57689,0
20260212,190000,548.7,549.1,545.6,546.3,60883,0
20260212,200000,546.2,547.4,546.1,546.8,8734,0
20260212,210000,546.6,547.7,546.3,547.4,20476,0
20260212,220000,547.4,551.4,547.2,547.6,82780,0
20260212,230000,547.5,548.4,547.2,548.1,23845,0
20260213,070000,549.3,549.3,547.6,548.5,16180,0
20260213,080000,548.5,548.8,548.1,548.4,9426,0
20260213,090000,548.1,548.8,547,548.2,28013,0
20260213,100000,548.2,552.1,547,550.8,72120,0
20260213,110000,550.7,552.9,546.5,546.7,91993,0
20260213,120000,546.7,549.1,544.7,547.1,115335,0
20260213,130000,547,553,543.7,550.4,428120,0
20260213,140000,550.3,551.7,548.4,548.7,141669,0
20260213,150000,548.9,550,547.2,548.7,97393,0
20260213,160000,548.8,549,545.2,545.8,165433,0
20260213,170000,545.8,549,545.7,548.5,120105,0
20260213,180000,548.5,549.4,547.7,549.1,53494,0
20260213,190000,549,549.4,547.5,547.9,45964,0
20260213,200000,547.9,549.4,546.9,546.9,79875,0
20260213,210000,547.3,548.9,547,548.9,36004,0
20260213,220000,548.9,548.9,547.9,548,12558,0
20260213,230000,548.2,548.2,546.1,546.9,22968,0
20260216,070000,548.8,552.8,547.5,552.8,102744,0
20260216,080000,552.7,553,550.6,550.6,36415,0
20260216,090000,550.6,550.6,547.2,547.8,65305,0
20260216,100000,547.7,549.3,546.5,548.1,97175,0
20260216,110000,548.2,549.4,548,549.1,46601,0
20260216,120000,549.1,549.8,548.4,548.5,42732,0
20260216,130000,548.6,548.7,546.1,546.7,75622,0
20260216,140000,546.7,547.5,546,546.6,39819,0
20260216,150000,546.6,547.6,546.3,546.8,42144,0
20260216,160000,546.9,550.2,546.8,549.5,106477,0
20260216,170000,549.5,549.8,547.4,547.6,64319,0
20260216,180000,547.7,548.2,547.1,548,27964,0
20260216,190000,548,548.7,547,547.6,13738,0
20260216,200000,547.6,547.6,546.5,547,37606,0
20260216,210000,547,547.2,546.7,547.2,5807,0
20260216,220000,547.2,547.4,546.8,547,9203,0
20260216,230000,547,547,546.5,546.8,27828,0
20260217,070000,548.1,548.6,546.9,547.7,10183,0
20260217,080000,547.7,547.8,546.9,547.4,3271,0
20260217,090000,547.2,548.2,546.9,547.6,14134,0
20260217,100000,547.7,549.4,547.3,548.7,45536,0
20260217,110000,548.7,550.9,548.7,550.5,116789,0
20260217,120000,550.5,551.3,548.3,550.3,237541,0
20260217,130000,550.4,551.4,549.8,550.5,49546,0
20260217,140000,550.5,551.1,549.7,550,31341,0
20260217,150000,550,551.1,548.5,550,64578,0
20260217,160000,550,551,548.4,550.1,71018,0
20260217,170000,550,550.7,544.4,544.7,229754,0
20260217,180000,544.8,545.9,544,544.4,86669,0
20260217,190000,544.3,546.4,544.1,545.7,53018,0
20260217,200000,545.7,547,545.3,546.2,41519,0
20260217,210000,546.1,546.7,544.6,545.6,25167,0
20260217,220000,545.6,546.1,545.1,546.1,19634,0
20260217,230000,546.1,546.1,545.2,545.2,28451,0
20260218,070000,545.2,546.3,544.7,546.3,8920,0
20260218,080000,546.3,546.3,544.8,545.7,6134,0
20260218,090000,545.6,545.7,544.4,544.9,18826,0
20260218,100000,544.9,546.3,544.4,544.5,69563,0
20260218,110000,544.4,545.2,543,544.9,153560,0
20260218,120000,544.9,547.4,542,543.1,257886,0
20260218,130000,543.2,543.3,539.3,542,252881,0
20260218,140000,542,542.7,540.4,541,79934,0
20260218,150000,541.1,545,541,543.2,88923,0
20260218,160000,543.1,545,542.7,545,57606,0
20260218,170000,544.9,546,544,545.7,61574,0
20260218,180000,545.6,547.9,544,545.3,84914,0
20260218,190000,545.3,546.2,544.8,545,18992,0
20260218,200000,545.1,547,545.1,546.2,65776,0
20260218,210000,546.2,547.7,546.1,547.2,76993,0
20260218,220000,547.3,547.5,546.2,546.5,23186,0
20260218,230000,546.6,546.9,545,545.6,62037,0
20260219,070000,547.8,549.2,546.5,549,40948,0
20260219,080000,548.9,550.3,547.1,548.7,64401,0
20260219,090000,548.5,548.5,545.9,546.8,43911,0
20260219,100000,546.8,550.2,546.3,549.3,247937,0
20260219,110000,549,549.9,547.7,548.7,125316,0
20260219,120000,548.7,549.6,547.4,548.3,97808,0
20260219,130000,548.2,548.2,547.2,547.7,64223,0
20260219,140000,547.8,548,546.7,547.3,63652,0
20260219,150000,547.4,547.4,544.5,545.7,98015,0
20260219,160000,545.7,546.8,544.4,545,97350,0
20260219,170000,544.9,546.6,544.5,546.3,54248,0
20260219,180000,546.2,546.3,544.6,545.5,32903,0
20260219,190000,545.5,545.8,543.4,544.7,39938,0
20260219,200000,544.7,545.2,544,544.2,26865,0
20260219,210000,544.2,545,544.2,544.9,5036,0
20260219,220000,544.9,545,544,544.3,8199,0
20260219,230000,544.3,544.9,543.3,543.5,20395,0
20260220,070000,543.8,545.5,543.8,544.6,8191,0
20260220,080000,544.4,545.4,544.4,544.8,5785,0
20260220,090000,545,546.1,543.3,543.8,40917,0
20260220,100000,543.6,545.7,542.8,544.4,70588,0
20260220,110000,544.4,544.5,540.3,541.8,179257,0
20260220,120000,541.8,542.9,540.3,540.7,198122,0
20260220,130000,540.6,541.4,539,540.9,211193,0
20260220,140000,541,542.8,540.9,542.5,52088,0
20260220,150000,542.5,544.3,542,543.5,77191,0
20260220,160000,543.4,543.9,542.1,542.9,32550,0
20260220,170000,542.9,542.9,541,541,65493,0
20260220,180000,541.1,543.3,540.6,542.8,47838,0
20260220,190000,542.8,543.8,542.4,543.5,17204,0
20260220,200000,543.6,543.8,542.7,542.9,19403,0
20260220,210000,543,543.5,542.9,543.1,15715,0
20260220,220000,543.2,543.3,542.5,542.6,25549,0
20260220,230000,542.6,542.9,541.7,542,21520,0
20260221,090000,542.4,542.4,542.4,542.4,20,0
20260221,100000,542.7,543.3,541.8,543.1,5951,0
20260221,110000,543.1,544.1,542.9,543.9,19464,0
20260221,120000,543.9,544.1,543.4,544,1414,0
20260221,130000,544,544,543.3,543.5,1410,0
20260221,140000,543.3,543.4,543,543.1,1836,0
20260221,150000,543.1,543.5,543,543.1,3959,0
20260221,160000,543.4,543.5,543.1,543.4,1975,0
20260221,170000,543.4,543.5,543,543.5,3014,0
20260221,180000,543.2,543.6,543.1,543.2,2833,0
20260222,090000,543.2,543.2,543.2,543.2,171,0
20260222,100000,543,543.9,542.5,543.3,11894,0
20260222,110000,543.3,544.1,542.7,543.3,10140,0
20260222,120000,543.3,544,543.1,543.9,5714,0
20260222,130000,543.9,543.9,543.3,543.5,4121,0
20260222,140000,543.5,543.8,542.7,543.1,6782,0
20260222,150000,543.1,543.5,542.4,543.2,6477,0
20260222,160000,543.3,543.5,543,543,1643,0
20260222,170000,543.4,543.8,543,543.6,3716,0
20260222,180000,543.6,543.7,541.9,543.1,14123,0
20260223,090000,543,543,543,543,456,0
20260223,100000,543.1,543.7,542.2,543.3,14849,0
20260223,110000,543.3,543.4,542.6,543,5428,0
20260223,120000,543,543.5,542.7,543.5,6077,0
20260223,130000,543.5,543.8,543.3,543.6,4828,0
20260223,140000,543.6,543.9,543.5,543.7,3749,0
20260223,150000,543.8,543.8,543.1,543.3,5500,0
20260223,160000,543.2,543.7,543,543.6,8196,0
20260223,170000,543.7,543.8,543.3,543.8,3038,0
20260223,180000,543.6,543.9,543.2,543.5,5362,0
20260224,070000,543.6,544.6,543.1,544,15462,0
20260224,080000,543.9,544.8,542.1,544.4,24656,0
20260224,090000,544.2,544.2,542.1,542.9,34486,0
20260224,100000,542.6,547.6,542.1,546.5,160338,0
20260224,110000,546.4,548.1,546,547.5,149059,0
20260224,120000,547.5,548,545.8,546.4,86675,0
20260224,130000,546.4,546.4,543.7,544.4,79671,0
20260224,140000,544.3,544.5,541.4,541.6,141124,0
20260224,150000,541.6,544.2,541.5,542.8,68255,0
20260224,160000,542.9,544.1,541.4,541.4,73939,0
20260224,170000,541.4,541.5,540.1,541.4,122501,0
20260224,180000,541.4,541.7,540.1,540.3,42894,0
20260224,190000,540.5,541.5,540.1,541,20283,0
20260224,200000,541,541.1,539.5,540.7,85926,0
20260224,210000,540.6,542.1,540.6,541.2,35834,0
20260224,220000,541.2,542.6,541.1,541.8,28797,0
20260224,230000,541.7,542.5,540.2,542.5,27311,0
20260225,070000,542.9,543.1,541.3,542.3,21516,0
20260225,080000,542.3,543,541.5,542.4,9790,0
20260225,090000,542.1,542.1,540,541.2,43263,0
20260225,100000,541.2,542.9,540.7,541,62254,0
20260225,110000,541,542.7,540.5,542.5,90331,0
20260225,120000,542.4,543.2,542,543.1,44685,0
20260225,130000,543.2,543.2,541.8,542.9,43646,0
20260225,140000,542.8,543.2,540.5,541.3,80926,0
20260225,150000,541.3,541.6,539.1,539.7,224024,0
20260225,160000,539.7,542,539.5,541.9,170922,0
20260225,170000,541.9,542.1,540,541.8,102437,0
20260225,180000,541.7,544.4,541.6,542.3,134551,0
20260225,190000,542.5,544,542.3,543.4,35587,0
20260225,200000,543.3,543.3,542.8,543.1,26909,0
20260225,210000,543.1,543.3,542.7,542.9,26965,0
20260225,220000,542.9,542.9,541,542.2,28040,0
20260225,230000,542.2,542.3,541,541.3,11321,0
20260226,070000,542.4,543,541.4,542.6,6200,0
20260226,080000,542.7,542.8,542.2,542.8,5251,0
20260226,090000,542.8,542.9,541.6,542.1,20561,0
20260226,100000,542.1,543,539.7,541.9,197419,0
20260226,110000,541.9,542.4,540.4,540.9,90585,0
20260226,120000,540.7,541.4,540,540.4,68029,0
20260226,130000,540.4,541.1,540.1,540.3,47455,0
20260226,140000,540.3,541.3,540,540.1,40104,0
20260226,150000,540.1,540.1,539.1,539.2,121666,0
20260226,160000,539.2,540,537.5,539.6,239321,0
20260226,170000,539.6,539.7,537.5,539.1,113142,0
20260226,180000,539.1,539.6,537.5,539.4,112493,0
20260226,190000,539.1,539.6,538.6,539.3,40658,0
20260226,200000,539.4,539.5,538.4,539.5,11787,0
20260226,210000,539.3,539.7,538.8,539.6,18617,0
20260226,220000,539.5,540.4,539,539.8,26804,0
20260226,230000,539.8,540.9,538.3,539.6,41925,0
20260227,070000,540.3,540.9,538.4,538.4,16139,0
20260227,080000,538.3,539.7,537.8,539.6,7117,0
20260227,090000,539.6,540.7,539,540.3,31545,0
20260227,100000,540.2,542.1,539.4,540.5,115276,0
20260227,110000,540.5,542.1,540.3,541.5,104027,0
20260227,120000,541.4,542.1,541.1,541.8,67539,0
20260227,130000,541.6,542,540.1,542,116251,0
20260227,140000,541.9,543.8,541,543.7,209279,0
20260227,150000,543.8,544.5,542.3,544.4,186554,0
20260227,160000,544.4,547,543.6,546.1,360277,0
20260227,170000,546.1,546.4,544.1,545.5,235887,0
20260227,180000,545.3,545.5,543.6,544.8,79382,0
20260227,190000,544.7,546.2,544.2,545.4,94041,0
20260227,200000,545.5,545.5,544.3,545.1,35015,0
20260227,210000,545.1,546.1,544.7,544.9,23269,0
20260227,220000,545,545,544.5,544.8,13484,0
20260227,230000,544.8,544.9,543,543,32749,0
20260228,090000,547,547,547,547,3591,0
20260228,100000,545.8,552.1,545.3,549.7,265796,0
20260228,110000,549.7,558.7,549.6,557.9,423569,0
20260228,120000,557.9,559.5,557.1,558.9,363893,0
20260228,130000,558.9,559.5,558.5,559,123018,0
20260228,140000,559.1,559.5,558,558.3,126178,0
20260228,150000,558.3,558.3,553.5,555.8,182918,0
20260228,160000,555.8,558,554.1,558,93170,0
20260228,170000,558,559.5,557.6,559.5,257706,0
20260228,180000,559.5,559.5,559.5,559.5,33328,0
20260301,090000,559.5,559.5,559.5,559.5,691,0
20260301,100000,559.5,559.5,559.5,559.5,29048,0
20260301,110000,559.5,559.5,559.5,559.5,46095,0
20260301,120000,559.5,559.5,559.5,559.5,23282,0
20260301,130000,559.5,559.5,559.5,559.5,6713,0
20260301,140000,559.5,559.5,559.5,559.5,1969,0
20260301,150000,559.5,559.5,559.5,559.5,2120,0
20260301,160000,559.5,559.5,559.5,559.5,529,0
20260301,170000,559.5,559.5,559.5,559.5,3320,0
20260301,180000,559.5,559.5,559.5,559.5,4521,0
20260302,070000,565.3,570.6,564.5,567.8,774824,0
20260302,080000,567.7,570,565,569,389088,0
20260302,090000,568.8,573.7,566,571.9,740522,0
20260302,100000,571.7,577.2,570.5,576,867567,0
20260302,110000,576,578.8,575.1,577.8,847395,0
20260302,120000,577.8,577.8,574.4,577.2,715393,0
20260302,130000,577.2,582.9,575.1,582.4,1104962,0
20260302,140000,582.5,587.2,581.4,586.4,1137526,0
20260302,150000,586.4,592.1,586.4,591.7,1242131,0
20260302,160000,591.8,603.7,590,599,2613620,0
20260302,170000,599,603.5,592.7,595.6,2095520,0
20260302,180000,595.6,601.9,594.8,601,647988,0
20260302,190000,600.8,601.1,591.2,592.7,864552,0
20260302,200000,592.9,594.6,589.4,591.5,681979,0
20260302,210000,591.6,595,590.1,593.6,336232,0
20260302,220000,593.5,600,593.4,597.2,492943,0
20260302,230000,597.4,607.8,597.1,606.8,892848,0
20260303,070000,607.4,629.7,607.4,627.9,2421400,0
20260303,080000,627.9,643.1,621.5,637,2041857,0
20260303,090000,636.6,636.6,625.6,632.5,1679538,0
20260303,100000,632.4,632.7,615.6,624.8,3363483,0
20260303,110000,624.7,625.5,617.7,624,1240394,0
20260303,120000,624,631,623.6,627.4,1264215,0
20260303,130000,627.7,631.6,626,630,872874,0
20260303,140000,629.9,633.4,626.5,630.4,963234,0
20260303,150000,630.4,632.8,623.2,626.4,1403675,0
20260303,160000,626.5,630.8,624.6,626.5,993013,0
20260303,170000,626.6,630,626.4,627.5,690225,0
20260303,180000,627.6,629.6,623.5,629.6,697767,0
20260303,190000,628.3,629.6,623.8,625.2,558786,0
20260303,200000,625.3,625.8,622.3,622.9,321455,0
20260303,210000,622.9,625.9,620.3,621.9,440755,0
20260303,220000,622,623.4,616.3,619.4,614428,0
20260303,230000,619.4,622,610.1,617.5,781616,0
20260304,070000,618,628,613.8,615.1,692174,0
20260304,080000,615.3,619.1,611.3,615.8,434984,0
20260304,090000,615.9,623,614.1,620.8,484589,0
20260304,100000,621.2,621.5,616.4,617.9,364390,0
20260304,110000,617.8,618,613.5,615.7,398732,0
20260304,120000,615.8,620,614.4,615.5,348509,0
20260304,130000,615.6,615.9,605.1,606.5,902801,0
20260304,140000,606.5,608.2,600.1,603.7,983855,0
20260304,150000,603.7,608.3,603.1,607.5,440836,0
20260304,160000,607.5,609.3,604.6,608.4,416672,0
20260304,170000,608.3,619.4,606.3,612.1,1206564,0
20260304,180000,612.1,616.3,611.9,615.6,412181,0
20260304,190000,615.4,616.7,610.3,611.9,236041,0
20260304,200000,612,613.6,610.9,612.8,131956,0
20260304,210000,612.7,612.7,608.3,608.7,123345,0
20260304,220000,608.7,609.5,606.4,607.5,118900,0
20260304,230000,607.5,609.5,607.1,609.3,126169,0
20260305,070000,613.3,616.8,609.8,611.6,263799,0
20260305,080000,611.7,613.7,610.7,612.8,171525,0
20260305,090000,612.8,612.8,608.3,610,271367,0
20260305,100000,610,619.7,608.5,618.3,692182,0
20260305,110000,618.3,619.5,616.5,618,357958,0
20260305,120000,618,618.1,612,617.5,767948,0
20260305,130000,617.5,618.9,617.2,617.9,258465,0
20260305,140000,617.9,620,617.7,618.5,269350,0
20260305,150000,618.5,619.8,615.8,617.5,290728,0
20260305,160000,617.5,623.5,617,623.5,922432,0
20260305,170000,623.5,624.6,620.9,623.4,524151,0
20260305,180000,623.4,624.1,621.5,623.9,222220,0
20260305,190000,623.6,629.1,622.6,625.3,566286,0
20260305,200000,625.5,625.5,623.8,624.6,178740,0
20260305,210000,624.6,629.7,624.6,627.4,408262,0
20260305,220000,627.6,628,625.3,626.8,255692,0
20260305,230000,626.8,627.1,623.2,626,252094,0
20260306,070000,626.1,629,621.2,624.8,295050,0
20260306,080000,624.8,625.7,622.7,625,101658,0
20260306,090000,624.8,629.4,624.7,628,258570,0
20260306,100000,628,628.5,627.1,627.8,144183,0
20260306,110000,627.7,629.2,623.8,624.1,332636,0
20260306,120000,624.2,632,623.2,628.7,925145,0
20260306,130000,628.7,630.5,626.6,629.8,559393,0
20260306,140000,629.9,633.4,629.5,632.9,947333,0
20260306,150000,633,633.9,631.5,633.7,657750,0
20260306,160000,633.6,637.7,630.8,637.7,936370,0
20260306,170000,637.7,646.4,635.4,645.7,2104262,0
20260306,180000,645.6,646.7,640.2,641,937958,0
20260306,190000,641,644.2,640.9,643.9,249359,0
20260306,200000,643.9,646,642.3,646,373494,0
20260306,210000,646,646.3,643.6,644.9,226199,0
20260306,220000,644.9,645.6,643.3,644.9,130923,0
20260306,230000,645,645,642,642.9,211616,0
20260309,070000,670.1,694.1,667,694.1,1296410,0
20260309,080000,694.1,694.1,669.1,670,1271325,0
20260309,090000,670,679.5,663.4,675.9,1194345,0
20260309,100000,675.9,676,660.8,666.9,868200,0
20260309,110000,667.1,667.3,661.2,661.3,343240,0
20260309,120000,661.4,661.6,643,650.8,1352767,0
20260309,130000,650.8,653.9,649.3,651.9,430063,0
20260309,140000,651.9,654.5,650.1,654.1,210985,0
20260309,150000,654,663.6,652.6,663.6,653205,0
20260309,160000,663.6,673.5,661,670.4,1259619,0
20260309,170000,670.3,675,670,671.2,520912,0
20260309,180000,671.2,671.6,660.1,661.7,660269,0
20260309,190000,661.8,670,661.7,667.4,373651,0
20260309,200000,667.4,669,666.3,668,138331,0
20260309,210000,667.9,667.9,662.1,666,218019,0
20260309,220000,666,667,646.2,650.9,1047169,0
20260309,230000,650.9,653.3,644.1,646.6,542015,0
20260310,070000,649.3,656.4,631,639,979325,0
20260310,080000,638.6,648,633,646.6,612763,0
20260310,090000,646.5,656.9,645.7,652.4,566901,0
20260310,100000,652.3,653.6,638.5,640.1,738112,0
20260310,110000,640,641.5,639,639.8,369158,0
20260310,120000,639.7,640.3,629,633.5,1129510,0
20260310,130000,633.5,636.8,630.9,632.7,318338,0
20260310,140000,632.8,634.5,629,633.6,435182,0
20260310,150000,633.6,639.8,632.6,639.7,600737,0
20260310,160000,639.8,645.4,639,641.5,1475166,0
20260310,170000,641.4,643.5,631.5,635.6,909122,0
20260310,180000,635.6,635.6,631.1,632.1,256983,0
20260310,190000,632.2,634.8,630,630,173836,0
20260310,200000,630,630.4,621.9,626.5,541211,0
20260310,210000,626.5,635,625.4,631.8,486720,0
20260310,220000,631.8,636,631.7,635.5,222915,0
20260310,230000,635.7,636,632.7,634.1,129438,0
20260311,070000,630.4,631.5,625.2,627.4,350948,0
20260311,080000,627.3,629.6,626.5,629,126879,0
20260311,090000,629,630.9,625.4,626.7,183538,0
20260311,100000,626.7,630.5,625.6,629.4,213465,0
20260311,110000,629.3,632.3,626.9,630.9,247666,0
20260311,120000,630.9,637.4,630.8,636,818254,0
20260311,130000,636,636.2,630.2,631,331864,0
20260311,140000,631,632.4,626.1,631.6,425485,0
20260311,150000,631.6,634.7,631.1,632.9,234686,0
20260311,160000,633,633,629.6,630.7,210023,0
20260311,170000,630.7,633.3,629,630.7,220946,0
20260311,180000,630.7,631.7,629,631.3,169204,0
20260311,190000,630.3,631.7,629.8,631.6,71076,0
20260311,200000,631.7,633.8,631.4,632.2,140740,0
20260311,210000,632.2,632.2,630.4,631.7,25812,0
20260311,220000,631.7,632,630,630.3,40836,0
20260311,230000,630.3,631.3,627,629.5,92218,0
20260312,070000,649,651.5,640.2,641.3,636195,0
20260312,080000,641,641.7,636,638.5,299064,0
20260312,090000,638.5,639.1,633.1,633.7,354019,0
20260312,100000,633.6,635.2,632.4,634.5,250205,0
20260312,110000,634.5,638,634,634.4,303812,0
20260312,120000,634.4,636.6,633.3,636.3,188088,0
20260312,130000,636.3,637.7,634.8,635,190129,0
20260312,140000,634.9,637,634.7,636.3,163921,0
20260312,150000,636.4,638.8,636.3,638,231493,0
20260312,160000,638,640,636.6,639.3,359313,0
20260312,170000,639.3,639.6,637.1,637.6,330717,0
20260312,180000,637.7,638.5,635.2,636,189851,0
20260312,190000,635.8,637.1,634.9,634.9,134718,0
20260312,200000,634.9,635.7,634.4,635.6,54934,0
20260312,210000,635.6,638,635,637.4,83178,0
20260312,220000,637.6,638.8,636.6,637.3,87739,0
20260312,230000,637.4,638.7,635.9,637.5,140765,0
20260313,070000,637.6,638.5,633.9,635.8,103775,0
20260313,080000,635.5,636.8,635.5,636.2,38067,0
20260313,090000,636.1,638,634.8,637.1,96049,0
20260313,100000,636.7,640.6,636.3,640,303866,0
20260313,110000,640,641.2,636.1,638,350508,0
20260313,120000,638,638.9,637.2,637.3,97421,0
20260313,130000,637.3,638.5,635.4,635.6,134181,0
20260313,140000,635.6,637.1,635.1,635.2,62590,0
20260313,150000,635.3,635.3,629,630.5,390050,0
20260313,160000,630.4,631.9,628.6,631.9,156713,0
20260313,170000,631.9,632.7,630.6,631.8,66517,0
20260313,180000,631.7,634,631.7,633.9,84245,0
20260313,190000,633.9,634,632.2,632.5,34972,0
20260313,200000,632.4,634.2,631.2,634,60060,0
20260313,210000,634.1,638,633.8,634.5,129574,0
20260313,220000,634.5,634.6,632,633.4,61863,0
20260313,230000,633.6,633.9,631,632.1,74327,0
20260314,090000,633,633,633,633,335,0
20260314,100000,633.1,636,633.1,635.9,48565,0
20260314,110000,635.6,636,635,635,39264,0
20260314,120000,635,635.1,634.5,634.9,17301,0
20260314,130000,634.8,635,634.5,634.9,15819,0
20260314,140000,634.9,635,634.8,635,11106,0
20260314,150000,635,635.7,634.9,635.7,28420,0
20260314,160000,635.6,635.9,635.1,635.8,25255,0
20260314,170000,635.8,636,635.6,635.7,31988,0
20260314,180000,635.7,636,635,635.6,20511,0
20260315,090000,634.8,634.8,634.8,634.8,8461,0
20260315,100000,635.5,637.4,634.8,636.7,47734,0
20260315,110000,636.7,636.9,634.5,634.6,28880,0
20260315,120000,634.7,635.8,634.2,634.3,27033,0
20260315,130000,634.3,635.6,634.2,635.3,5288,0
20260315,140000,635.4,636.1,634.8,635.6,17274,0
20260315,150000,635.6,636.8,635.6,635.9,11224,0
20260315,160000,635.9,636.1,635.6,636,7482,0
20260315,170000,636,636.8,635.6,636.6,10916,0
20260315,180000,636.7,637.6,635.9,637.2,44479,0
20260316,070000,637.8,637.8,635.3,636.8,86701,0
20260316,080000,636.8,639,636.1,636.6,105318,0
20260316,090000,636.5,638,634.1,636.2,157142,0
20260316,100000,636.2,642.1,635.6,642.1,414145,0
20260316,110000,642.1,642.4,636.1,636.6,212980,0
20260316,120000,636.5,637,634.6,636.9,269738,0
20260316,130000,636.9,637,631,631.2,235177,0
20260316,140000,631.3,634.1,630.1,631.3,151571,0
20260316,150000,631.3,631.4,627.2,628.7,254814,0
20260316,160000,628.6,630.2,627.4,627.8,255515,0
20260316,170000,627.7,628.5,625.2,627.8,213339,0
20260316,180000,627.8,632.7,627.5,631.5,344586,0
20260316,190000,631.1,631.1,629,630.4,56461,0
20260316,200000,630.4,630.4,628.5,629.5,31884,0
20260316,210000,629.4,630.1,627,627.5,30278,0
20260316,220000,627.4,628.9,627.4,628,13558,0
20260316,230000,628.1,629.3,628,629,23436,0
20260317,070000,630.1,632.3,629.5,631.7,45833,0
20260317,080000,631.8,634.2,631.3,633.1,50234,0
20260317,090000,633.1,634.1,631.4,633.3,49896,0
20260317,100000,633,633.3,629,629.7,221143,0
20260317,110000,629.6,633.9,629.6,632.4,129252,0
20260317,120000,632.5,632.9,630.5,630.5,54135,0
20260317,130000,630.5,634.5,630.5,633,142104,0
20260317,140000,633,635,630,633.5,288922,0
20260317,150000,633.4,633.5,631,631.8,65745,0
20260317,160000,631.8,632.4,630,631.1,113262,0
20260317,170000,631.1,631.9,627.4,628.1,115809,0
20260317,180000,628,629.9,627,629.5,62343,0
20260317,190000,629.4,630.1,628.1,628.7,17227,0
20260317,200000,628.6,631,628.6,630.8,23757,0
20260317,210000,631,631,630,630,11821,0
20260317,220000,630.1,630.5,628.8,630,26358,0
20260317,230000,630,630.4,628.7,630.2,22510,0
20260318,070000,629.2,629.8,625.9,627.2,101502,0
20260318,080000,627,627.5,622.2,623.4,138472,0
20260318,090000,623.4,625.9,622.7,625.6,67153,0
20260318,100000,625.5,629.3,625.2,627.1,128890,0
20260318,110000,627.1,633.8,627.1,631.3,289035,0
20260318,120000,631.4,632.2,625.2,627.8,201835,0
20260318,130000,627.8,631.7,625.6,625.8,171030,0
20260318,140000,626.1,631.2,626.1,629.3,111376,0
20260318,150000,629.1,634.3,627.3,633.1,316091,0
20260318,160000,633.1,638.4,631.1,637.3,979096,0
20260318,170000,637.3,645.5,636,640.8,1862841,0
20260318,180000,640.7,643.9,638.6,643.9,501385,0
20260318,190000,644,644,640.7,642.8,262954,0
20260318,200000,642.9,643.4,641.2,641.7,182903,0
20260318,210000,641.5,642.7,640.4,642,80005,0
20260318,220000,642,644,641,643.6,119768,0
20260318,230000,643.6,645,643.1,644.9,199829,0
20260319,070000,645.2,648.2,639.3,642,224853,0
20260319,080000,642.4,644.8,641.9,643.6,63011,0
20260319,090000,643.3,647.4,642.3,645.5,224064,0
20260319,100000,645.4,658,644.7,653.1,1722970,0
20260319,110000,653.2,657.9,651.5,657,813750,0
20260319,120000,657,661,653.9,655.7,1208998,0
20260319,130000,655.5,657.5,650.2,657,821152,0
20260319,140000,657,662.7,655.2,659,1054637,0
20260319,150000,659,659.7,652.8,655.2,1322395,0
20260319,160000,655.2,658.5,652,653.7,649095,0
20260319,170000,653.7,655.9,652,654,430597,0
20260319,180000,654,654.1,649.4,654,386400,0
20260319,190000,653.7,653.7,649.5,649.8,220742,0
20260319,200000,649.8,651,647.4,648.4,174282,0
20260319,210000,648.3,649.6,646.3,648.9,133987,0
20260319,220000,649,651.1,645.3,650.8,199137,0
20260319,230000,650.7,655.1,650.7,653.2,99000,0
20260320,070000,649.9,652.3,648.3,650.5,80162,0
20260320,080000,650.6,652,648.1,651,59071,0
20260320,090000,651,652.3,649.6,652,61112,0
20260320,100000,651.8,656.3,650.4,653,272094,0
20260320,110000,653.1,655,651.3,654,223848,0
20260320,120000,653.8,656.8,653.2,656.3,173678,0
20260320,130000,656.5,656.8,651.7,654.9,284984,0
20260320,140000,654.9,655.1,652,653.7,140656,0
20260320,150000,653.7,654,651.1,652.6,119825,0
20260320,160000,652.5,653.1,651.7,652.5,89416,0
20260320,170000,652.3,655.7,652,655.6,122329,0
20260320,180000,655.6,656,653.6,654.9,86989,0
20260320,190000,654.9,655.3,653.4,654,38297,0
20260320,200000,654.1,655,654,654.8,14287,0
20260320,210000,654.8,656,654.6,655.9,81347,0
20260320,220000,656,656.7,655.7,656.3,34418,0
20260320,230000,656.3,657,655.6,655.7,67886,0
20260323,070000,657.3,657.6,654.7,656.3,68378,0
20260323,080000,656.2,657.3,655,656.5,61227,0
20260323,090000,656.3,659.8,655.7,658.3,141622,0
20260323,100000,658.3,661.1,657.6,660,353259,0
20260323,110000,660,663,657.9,662.3,252793,0
20260323,120000,662.3,670,661.6,665.9,539718,0
20260323,130000,665.9,666.7,658.7,659.5,372920,0
20260323,140000,659.6,660,636.8,651.9,1545771,0
20260323,150000,652,653.4,645.1,647.5,479181,0
20260323,160000,647.5,649.3,645.1,647.8,219662,0
20260323,170000,648,648.2,643,645,270142,0
20260323,180000,645,648.5,641.4,648.5,228420,0
20260323,190000,647.1,648.4,645.2,645.8,71647,0
20260323,200000,645.9,646.9,644.2,646,43579,0
20260323,210000,646,646.4,643.6,644.6,21986,0
20260323,220000,644.4,647.4,644.3,647.3,47021,0
20260323,230000,647.2,647.2,644.4,646,65362,0
20260324,070000,646.8,650.8,646.8,649.3,71229,0
20260324,080000,649.4,650.6,648.5,648.5,42973,0
20260324,090000,648.5,649.5,646.6,647.8,46764,0
20260324,100000,647.7,648.3,645.1,645.4,124247,0
20260324,110000,645.4,646.9,644.9,645.7,59538,0
20260324,120000,645.6,647,645.1,645.5,82233,0
20260324,130000,645.2,646.1,643.2,645.9,87827,0
20260324,140000,645.9,649.5,644.9,647.2,116720,0
20260324,150000,647,651.7,646.3,651,238190,0
20260324,160000,651,654.8,650,653.5,204806,0
20260324,170000,653.5,658.8,653.1,655.6,294311,0
20260324,180000,655.6,657.4,655.1,655.5,170348,0
20260324,190000,655.6,657.5,655,655.9,77098,0
20260324,200000,655.7,656.6,654,654.9,41353,0
20260324,210000,654.9,655.7,653.6,655.2,36211,0
20260324,220000,655.2,655.4,654,654.6,23771,0
20260324,230000,654.5,654.6,649,652.4,188050,0
20260325,070000,649.7,650.4,646.7,649.3,117197,0
20260325,080000,649.3,652,649.2,650.8,26026,0
20260325,090000,650.8,652.4,649.1,650.1,67204,0
20260325,100000,650.2,651.7,649.2,651.2,81920,0
20260325,110000,651.2,655.5,651.2,654,229412,0
20260325,120000,654,656.7,653,654.5,182732,0
20260325,130000,654.5,655,651.5,651.7,124782,0
20260325,140000,651.7,653.7,649,650.9,174573,0
20260325,150000,650.9,655,650.4,653.5,156128,0
20260325,160000,653.5,654.8,653.5,653.8,69515,0
20260325,170000,653.8,656.8,653.8,656.5,171498,0
20260325,180000,656.5,656.6,654.2,656.5,84433,0
20260325,190000,655.6,656.5,655.5,656.3,29048,0
20260325,200000,656.3,656.5,655.4,656,18917,0
20260325,210000,655.9,657.9,655.9,657.3,38798,0
20260325,220000,657.2,658,656.7,657.9,41009,0
20260325,230000,657.9,658.4,656.6,658.4,34320,0
20260326,070000,658.5,659.9,657.1,658.3,58205,0
20260326,080000,658.5,659.6,657.8,659.2,25954,0
20260326,090000,659.1,662.9,658.7,662,133952,0
20260326,100000,661.9,664.5,660.9,663,187166,0
20260326,110000,662.8,664.2,660.9,661.6,316415,0
20260326,120000,661.6,663.5,660.8,661.7,113807,0
20260326,130000,661.6,662.3,660.9,662.1,78262,0
20260326,140000,662.2,667.6,661.8,667.2,505104,0
20260326,150000,667.4,668.1,665,665,193853,0
20260326,160000,665.1,665.7,661,661.2,203343,0
20260326,170000,661.2,665.5,660.1,664.4,184440,0
20260326,180000,664.4,664.9,657.9,661.5,237592,0
20260326,190000,661.4,663.5,657.6,663.3,115266,0
20260326,200000,663.3,664.2,663,663.5,45879,0
20260326,210000,663.4,663.6,663,663,46997,0
20260326,220000,663,663.7,662.2,663.7,62195,0
20260326,230000,663.7,664.9,659,664.7,152261,0
20260327,070000,664.7,665.8,662.2,663.8,35645,0
20260327,080000,663.5,663.9,659.6,660.9,52967,0
20260327,090000,660.9,665,660.9,663.5,60033,0
20260327,100000,663.4,673.5,662.9,672,532259,0
20260327,110000,671.8,679.7,671.8,678.4,658356,0
20260327,120000,678.3,680.8,675.7,676.2,405633,0
20260327,130000,676.2,676.3,672.9,675,209472,0
20260327,140000,675,679.2,674.7,679.1,243199,0
20260327,150000,679.1,680,674.8,675.1,296146,0
20260327,160000,675.1,675.8,665.7,668.5,729783,0
20260327,170000,668.3,670.5,664.5,664.6,355106,0
20260327,180000,664.5,666.9,657.1,661.9,540123,0
20260327,190000,662,666.7,661.9,664.4,277447,0
20260327,200000,664.4,665,662.7,664.3,72218,0
20260327,210000,664.3,666.6,664.3,665.9,54713,0
20260327,220000,665.9,666.9,664.8,665.6,47475,0
20260327,230000,665.5,672.2,665.5,671.4,97696,0
20260328,090000,670.8,670.8,670.8,670.8,3240,0
20260328,100000,669,674.9,666,672.7,127037,0
20260328,110000,672.2,672.7,668.4,669.2,28687,0
20260328,120000,669.2,672.1,669.2,671.5,20602,0
20260328,130000,671.9,671.9,671.2,671.3,6757,0
20260328,140000,671.6,672.3,671.3,671.7,7523,0
20260328,150000,671.7,672.1,671.1,671.5,3286,0
20260328,160000,671.5,671.8,671.1,671.1,2925,0
20260328,170000,671.1,671.3,670.1,670.3,7730,0
20260328,180000,670.3,671.2,669.5,670,14662,0
20260329,090000,670.5,670.5,670.5,670.5,304,0
20260329,100000,670.8,675,670.5,673.9,60590,0
20260329,110000,674.3,674.9,673.8,674.1,13099,0
20260329,120000,674.1,674.8,673.9,674,13959,0
20260329,130000,674,674.3,673.8,673.8,9095,0
20260329,140000,673.8,674.4,673,674.3,15273,0
20260329,150000,674.3,678,673.3,674.5,45657,0
20260329,160000,674.5,674.5,673.2,673.6,7251,0
20260329,170000,673.5,674.6,673.2,674.2,6922,0
20260329,180000,674.4,679.7,674.2,677.5,66469,0
20260330,070000,678,679.8,674.5,676.1,89010,0
20260330,080000,676.1,676.4,674,675.6,38652,0
20260330,090000,675.7,675.7,670.3,673.7,145006,0
20260330,100000,673.8,674.5,667.2,667.9,273022,0
20260330,110000,667.9,672.7,664.7,670.8,315639,0
20260330,120000,670.7,677.1,669.8,674.3,339611,0
20260330,130000,674.3,677.3,674.3,676.8,289418,0
20260330,140000,676.8,678,676.1,676.7,264264,0
20260330,150000,676.7,678.8,676.3,677.9,169685,0
20260330,160000,677.9,680.6,676.6,680.4,388762,0
20260330,170000,680.3,681.9,677.5,679.2,480563,0
20260330,180000,679.1,681,678.2,680.5,181302,0
20260330,190000,680.5,681.1,679.5,679.6,61426,0
20260330,200000,679.6,680.8,679.5,679.9,24276,0
20260330,210000,680,680.5,679.5,680.3,22725,0
20260330,220000,680.2,683.6,680.2,682.4,106711,0
20260330,230000,682.4,682.5,681,682.5,39421,0
20260331,070000,681.9,681.9,678.4,678.5,91382,0
20260331,080000,678.6,680.7,677.2,679.2,79216,0
20260331,090000,679.2,680.5,675.7,676.6,82041,0
20260331,100000,676.6,678.1,674.5,675.4,192785,0
20260331,110000,675.3,675.5,672.2,672.5,260928,0
20260331,120000,672.5,677.4,671.5,676.1,202400,0
20260331,130000,676.3,676.9,673,674.7,199929,0
20260331,140000,674.6,675.7,671.5,672.5,274701,0
20260331,150000,672.5,672.5,668.1,668.6,264375,0
20260331,160000,668.7,669.9,666.3,667.6,181159,0
20260331,170000,667.6,668.6,665.6,667.1,174523,0
20260331,180000,667.1,668.7,665.9,666.6,163393,0
20260331,190000,666.8,668.2,663.3,666.1,152840,0
20260331,200000,666,666.2,664,664.9,58481,0
20260331,210000,664.8,664.9,663.2,663.7,35274,0
20260331,220000,663.7,665,663.4,664.6,21537,0
20260331,230000,664.7,665,664.4,664.9,43334,0
20260401,070000,664.4,666.8,662.2,663.8,79792,0
20260401,080000,663.9,664.2,656.4,659.1,217301,0
20260401,090000,659.2,661.7,654.3,655.1,318936,0
20260401,100000,655.2,659.6,654.7,657.4,360108,0
20260401,110000,657.4,658.3,651,651.8,352845,0
20260401,120000,652,654.4,650.2,651,310343,0
20260401,130000,651.1,654,651,652.5,108494,0
20260401,140000,652.5,652.5,645.3,645.8,335389,0
20260401,150000,645.8,647.8,642.6,645.9,388687,0
20260401,160000,645.8,648.8,645.2,646.6,148760,0
20260401,170000,646.6,650.7,646.2,650.7,151549,0
20260401,180000,650.7,652,648.8,652,177695,0
20260401,190000,650.9,652,648,648.8,40373,0
20260401,200000,648.8,648.8,647,647.4,24156,0
20260401,210000,647.4,650.7,647,650,36885,0
20260401,220000,649.8,652.4,649.7,650.5,68544,0
20260401,230000,650.5,651.8,649.4,651.3,18074,0
20260402,070000,656.4,665.4,654.1,657.8,366048,0
20260402,080000,657.6,665.1,656.7,662.8,202369,0
20260402,090000,662.4,663.3,660.3,661.2,165381,0
20260402,100000,661.2,661.7,653,654,281496,0
20260402,110000,654.1,661.2,653.4,658,346927,0
20260402,120000,658.1,659,655.8,656.6,112072,0
20260402,130000,656.6,659.4,655.8,659.2,66949,0
20260402,140000,659.1,661.4,658.2,660.9,116770,0
20260402,150000,660.9,660.9,654.4,654.7,191507,0
20260402,160000,655,656.7,653.6,655.7,113170,0
20260402,170000,655.8,655.9,647.3,648.9,245746,0
20260402,180000,649,651,647.1,651,127447,0
20260402,190000,650.9,651,649.8,650.3,13701,0
20260402,200000,650.4,652.5,650.2,651.8,27341,0
20260402,210000,651.8,654.1,651.3,653,48410,0
20260402,220000,653,653.8,652.5,653,20470,0
20260402,230000,653,656.6,651.6,654.5,46424,0
20260403,070000,655,661,654.2,656.1,57820,0
20260403,080000,656.1,657.5,655.4,657.2,24988,0
20260403,090000,657.2,657.2,651.5,652.9,76809,0
20260403,100000,652.8,655.3,649.6,649.7,148352,0
20260403,110000,649.8,651.4,648.8,650.2,119214,0
20260403,120000,650.2,651.2,645,646.5,117521,0
20260403,130000,646.5,649.3,641.6,643.7,268198,0
20260403,140000,643.6,646.4,643.6,644.9,73110,0
20260403,150000,644.9,645.6,642.8,645,81822,0
20260403,160000,645,647,643.8,646.8,126766,0
20260403,170000,646.7,648.6,644.2,645.2,111056,0
20260403,180000,645.2,647.4,645.1,646.8,41972,0
20260403,190000,646.8,647.6,646,647.5,25700,0
20260403,200000,647.5,650.8,647.5,650.5,51598,0
20260403,210000,650.5,651,648.4,649.7,36792,0
20260403,220000,649.9,651.3,649.4,649.4,31648,0
20260403,230000,649.3,649.6,648.5,649,21180,0
20260404,090000,649,649,649,649,244,0
20260404,100000,649,650,646.1,646.2,21453,0
20260404,110000,646.5,646.5,645,645.2,13567,0
20260404,120000,645.4,646.8,645.2,646.5,5936,0
20260404,130000,646.4,647.6,646.4,647.5,4911,0
20260404,140000,647.5,647.8,646.4,646.4,5183,0
20260404,150000,646.6,647.9,646.2,647.9,5434,0
20260404,160000,647.8,648.9,647.8,648.4,2294,0
20260404,170000,648.6,648.6,647.8,648,1406,0
20260404,180000,648,648.9,647.8,648.6,7020,0
20260405,090000,648.6,648.6,648.6,648.6,134,0
20260405,100000,649,652.2,646.5,648.8,13649,0
20260405,110000,648.5,648.8,648,648.1,2191,0
20260405,120000,648.1,649,648,648.6,3969,0
20260405,130000,648.2,648.5,641.6,646.3,65690,0
20260405,140000,646.2,646.8,644.9,645.9,13911,0
20260405,150000,645.9,647.2,645.7,647.1,5113,0
20260405,160000,647.1,647.2,646.5,646.6,3925,0
20260405,170000,646.9,647.7,646.4,647.1,5138,0
20260405,180000,647.4,648.4,647.2,648.3,5573,0
20260406,070000,648.3,648.8,643,643.8,61291,0
20260406,080000,643.6,644.1,642.1,643.1,36938,0
20260406,090000,643.1,643.6,633.2,636.1,269538,0
20260406,100000,636.1,638.9,635.6,636.7,149019,0
20260406,110000,636.6,639.8,635.9,638.4,113776,0
20260406,120000,638.5,641.1,638.5,638.5,61342,0
20260406,130000,638.6,643,638.4,640.4,169868,0
20260406,140000,640.6,643.6,640.1,643.1,120272,0
20260406,150000,643,647.5,642.5,647,169556,0
20260406,160000,647.1,647.9,644.3,645.2,173233,0
20260406,170000,645.3,647.1,645.1,646.1,119085,0
20260406,180000,646.3,649.6,644.8,648.4,117959,0
20260406,190000,648.2,649.5,647.8,648.5,54831,0
20260406,200000,648.4,652.2,648.4,651.6,99456,0
20260406,210000,651.6,651.6,648.4,650.5,67481,0
20260406,220000,650.4,650.7,649.9,649.9,15427,0
20260406,230000,650,650.5,649.3,649.6,16194,0
20260407,070000,650,655.2,649.7,652,79473,0
20260407,080000,651.8,655.9,651.2,652.9,37086,0
20260407,090000,653,653.2,650.4,650.8,92077,0
20260407,100000,650.8,651,647.7,650.4,143032,0
20260407,110000,650.4,652.5,649.2,649.6,109537,0
20260407,120000,649.5,650.8,648.4,649.6,66036,0
20260407,130000,649.8,652,648.9,651.1,162016,0
20260407,140000,651.2,659.9,650.3,656.8,441865,0
20260407,150000,656.9,664,656.2,661.3,481652,0
20260407,160000,661.2,661.8,658.2,659,165844,0
20260407,170000,659,663.5,658.9,661.4,121032,0
20260407,180000,661.4,662,658.7,659,96189,0
20260407,190000,659.2,659.9,657.3,658.2,38939,0
20260407,200000,658.4,660,658.2,660,13523,0
20260407,210000,660,662.5,659.2,662.4,75959,0
20260407,220000,662.3,663.7,657.2,657.8,140587,0
20260407,230000,657.8,658.5,655,658,103651,0
20260408,070000,608.2,629.8,608,628.1,962735,0
20260408,080000,627.9,630.4,626.1,627.6,261442,0
20260408,090000,627.7,632.4,627.5,630.7,353816,0
20260408,100000,630.6,635.3,630.5,633.8,305390,0
20260408,110000,633.7,633.9,630,630.3,198563,0
20260408,120000,630.3,630.5,628.3,628.9,124859,0
20260408,130000,629,630,627.6,629.6,115383,0
20260408,140000,629.7,630,628.2,628.7,84407,0
20260408,150000,628.7,630.5,627.2,627.5,127127,0
20260408,160000,627.5,627.9,625,625.7,170242,0
20260408,170000,625.7,629.2,625,628.9,196061,0
20260408,180000,628.9,631.6,628.6,629.9,116339,0
20260408,190000,629.9,630,629,629.9,47457,0
20260408,200000,629.9,631.7,629.3,631.6,75969,0
20260408,210000,631.7,632.5,631,631.3,84180,0
20260408,220000,631.5,633.5,631.2,632.4,80066,0
20260408,230000,632.4,632.8,631.8,632.8,55340,0
20260409,070000,633.8,642.1,633.6,637.4,236716,0
20260409,080000,637.4,638.6,635.9,635.9,62182,0
20260409,090000,635.9,636.5,633.7,635.2,79003,0
20260409,100000,635.1,637.9,633,636.9,140673,0
20260409,110000,636.8,637.4,635.3,636.6,63376,0
20260409,120000,636.7,636.7,630.4,632.2,159017,0
20260409,130000,632.3,634.5,632,633.7,38874,0
20260409,140000,633.7,633.7,628.9,629.8,100157,0
20260409,150000,629.7,632,628.1,628.5,106110,0
20260409,160000,628.5,628.8,626.5,626.6,113625,0
20260409,170000,626.7,629.9,625.3,627.4,101328,0
20260409,180000,627.4,628.6,623.8,624.1,115630,0
20260409,190000,624.5,624.9,622.6,624.5,66629,0
20260409,200000,624.4,624.6,623.4,624.5,18860,0
20260409,210000,624.4,625,623.9,624.8,31048,0
20260409,220000,624.7,628.5,624.7,626.5,98296,0
20260409,230000,626.8,627.1,623.9,624.4,34422,0
20260410,070000,625.8,626.7,624.4,625,23867,0
20260410,080000,625,627,625,625.6,28412,0
20260410,090000,625.5,625.5,623,624.6,50094,0
20260410,100000,624.6,625.7,620,622.5,109528,0
20260410,110000,622.6,623,619.1,622,125986,0
20260410,120000,622,625.4,622,623.8,74888,0
20260410,130000,623.8,625.7,622.3,624.7,74577,0
20260410,140000,624.9,625.5,620.8,621.2,43004,0
20260410,150000,621.3,622,616.7,619,160525,0
20260410,160000,618.9,619,615.1,615.2,120718,0
20260410,170000,615.3,616,610,610.4,219513,0
20260410,180000,610.3,612.5,610,612.5,135097,0
20260410,190000,612.5,613.5,612.3,612.9,35945,0
20260410,200000,613,613.4,611.2,611.6,27795,0
20260410,210000,611.3,612.3,610.8,611.3,29634,0
20260410,220000,611.4,612.1,611,611.8,19007,0
20260410,230000,611.7,611.9,610.5,611.1,25704,0
20260411,090000,611,611,611,611,68,0
20260411,100000,611,613.1,608.4,610.1,31962,0
20260411,110000,609.9,610.6,609.6,610.2,7081,0
20260411,120000,610.2,610.2,609,609.1,18022,0
20260411,130000,609,609.6,609,609.3,4094,0
20260411,140000,609.2,609.4,609,609.4,4456,0
20260411,150000,609.4,610.1,609.3,610,3995,0
20260411,160000,610,610.2,609.3,609.3,2521,0
20260411,170000,609.4,610.3,609.1,609.6,18869,0
20260411,180000,609.7,611.4,609.5,611.4,4305,0
20260412,090000,620,620,620,620,11045,0
20260412,100000,619.4,626.8,618.4,624.3,189065,0
20260412,110000,624,627.6,624,627.1,53976,0
20260412,120000,627.1,629,627.1,628,58128,0
20260412,130000,628,629.4,626.8,627,42579,0
20260412,140000,627,627.5,626.2,627,19118,0
20260412,150000,627.3,628.5,626.2,628.5,27631,0
20260412,160000,628.5,629.5,628.2,629.5,117404,0
20260412,170000,629.5,629.5,629.5,629.5,51452,0
20260412,180000,629.5,629.5,629.5,629.5,10202,0
20260413,070000,642.2,642.2,631.6,633.2,294234,0
20260413,080000,633.2,637.6,633.2,637,58350,0
20260413,090000,637.2,637.2,630.7,631.5,138102,0
20260413,100000,631.8,632.8,627.6,629.1,165733,0
20260413,110000,629,629.7,626.2,628,115609,0
20260413,120000,628,630.1,626.7,628.8,81141,0
20260413,130000,628.9,629.8,623,624.5,182632,0
20260413,140000,624.5,629.3,623.4,625.1,116532,0
20260413,150000,625.1,626.9,624,624.5,63568,0
20260413,160000,624.4,625.2,619.1,619.2,137607,0
20260413,170000,619.1,620.8,615.5,616.5,161267,0
20260413,180000,616.6,619.9,613.1,619.6,174565,0
20260413,190000,619.6,619.6,614,615.7,78142,0
20260413,200000,615.7,615.8,612.3,614.6,63383,0
20260413,210000,614.5,614.9,612.7,612.8,32047,0
20260413,220000,612.8,614,612.8,613.9,11945,0
20260413,230000,614,614.3,612,612.7,38677,0
20260414,070000,614.8,615.1,611.5,614.7,44927,0
20260414,080000,614.6,618.8,614.5,617.6,59862,0
20260414,090000,617.8,617.9,614.4,615,41171,0
20260414,100000,614.7,615.9,613.3,615.4,74338,0
20260414,110000,615.4,617.1,607.1,607.2,150073,0
20260414,120000,607.3,608.2,600.5,602.9,261041,0
20260414,130000,603,612.5,602.9,611.7,161832,0
20260414,140000,611.8,612.9,605.3,607.1,166856,0
20260414,150000,607,610.1,606.9,607.8,52691,0
20260414,160000,607.8,611.6,606.3,606.3,62101,0
20260414,170000,606.4,607,602.2,602.4,132353,0
20260414,180000,602.4,608.7,602.2,606.3,78652,0
20260414,190000,606.2,606.4,605.2,605.3,36505,0
20260414,200000,605.2,605.3,604.3,604.6,22526,0
20260414,210000,604.6,605.9,604.4,605.9,18297,0
20260414,220000,605.9,606.3,605.2,605.6,32454,0
20260414,230000,605.6,605.7,603.4,603.9,38593,0
20260415,070000,603.7,606,601.4,603.8,53784,0
20260415,080000,603.8,606.4,602.5,606.1,24166,0
20260415,090000,605.6,605.7,603,603.3,50868,0
20260415,100000,603.3,604.6,595.9,597.5,259870,0
20260415,110000,597.5,597.5,591,596,384823,0
20260415,120000,596,598.3,595.1,595.8,163196,0
20260415,130000,595.8,600.2,595.4,598.9,189841,0
20260415,140000,599.7,604,599.7,602.5,210745,0
20260415,150000,602.5,604.7,599.6,599.6,128486,0
20260415,160000,600,600,597.2,597.9,125868,0
20260415,170000,598,601.9,597.1,598.9,164667,0
20260415,180000,599,600.8,598.5,599.3,104901,0
20260415,190000,599.6,601.6,599.5,601.2,40071,0
20260415,200000,601.3,602.2,600.5,600.7,26646,0
20260415,210000,600.7,600.8,600,600.3,16288,0
20260415,220000,600.3,601.9,600,601.9,21862,0
20260415,230000,601.6,602,598.9,599,34249,0
20260416,070000,599.8,602.4,599.5,601.5,29676,0
20260416,080000,601.5,601.6,599.8,600.4,43621,0
20260416,090000,600.4,600.4,595.2,596.2,109595,0
20260416,100000,596.2,601.4,595,598.7,214231,0
20260416,110000,598.8,602.5,598.7,601.2,138346,0
20260416,120000,601.2,602.8,600.8,602.6,82700,0
20260416,130000,602.7,604.4,599.8,600.6,91708,0
20260416,140000,600.7,601,597,597.4,171994,0
20260416,150000,597.2,597.8,591,593.2,275499,0
20260416,160000,593.3,594.6,590.9,594.6,236768,0
20260416,170000,594.6,594.9,589.4,592.3,215697,0
20260416,180000,592.2,592.6,590.4,590.7,67154,0
20260416,190000,591,593.6,590.9,593.2,61893,0
20260416,200000,593.2,593.3,591.5,591.7,33185,0
20260416,210000,591.7,593,590.3,590.5,51013,0
20260416,220000,590.5,591.4,590.3,590.5,28899,0
20260416,230000,590.6,590.7,590,590,25843,0
20260417,070000,590.4,592.7,588,590.8,116909,0
20260417,080000,590.5,593,590.1,592.1,44404,0
20260417,090000,592.1,592.1,589,590.6,85346,0
20260417,100000,590.5,591.4,586.8,590.9,156293,0
20260417,110000,590.8,592.7,590.5,591.5,67279,0
20260417,120000,591.5,591.9,589.7,591.1,50940,0
20260417,130000,591.2,592,590.5,591.4,52813,0
20260417,140000,591.4,594.9,591.4,594,107840,0
20260417,150000,594,595.8,588,588.2,336121,0
20260417,160000,588.3,589.4,567.5,569.2,1279301,0
20260417,170000,569.2,570.2,561.2,563.8,857014,0
20260417,180000,563.7,566.1,561.2,563.7,818439,0
20260417,190000,564.3,566.9,564.3,566,166690,0
20260417,200000,566,567.9,565.8,567.1,69946,0
20260417,210000,567.1,567.7,565.5,566.9,43673,0
20260417,220000,566.9,567.7,566.5,567.3,37656,0
20260417,230000,567.3,567.6,566.7,567.5,49993,0
20260418,090000,571.8,571.8,571.8,571.8,2568,0
20260418,100000,571.6,572.9,568.1,570.2,125091,0
20260418,110000,570.2,572.9,569.8,572.6,83369,0
20260418,120000,572.5,576.9,572.5,574.7,167272,0
20260418,130000,574.6,576.4,574.5,576,58709,0
20260418,140000,576,577.7,575.5,577.6,132567,0
20260418,150000,577.6,579.7,577,578,123678,0
20260418,160000,578,578.3,574.8,575.2,61714,0
20260418,170000,575,575.2,573.2,574.1,70883,0
20260418,180000,574.1,575.2,572.6,574.1,38436,0
20260419,090000,576.7,576.7,576.7,576.7,1517,0
20260419,100000,576.3,581.6,575.3,580.7,188340,0
20260419,110000,580.7,580.9,579,579.3,74555,0
20260419,120000,579.2,579.2,577.5,578.7,30393,0
20260419,130000,578.7,579.3,577.9,578.7,29915,0
20260419,140000,578.7,578.8,577,578.6,28668,0
20260419,150000,578.6,579,578,578.1,18790,0
20260419,160000,578,578.6,576.1,577.2,28400,0
20260419,170000,577.4,577.9,576.2,577.5,18149,0
20260419,180000,577.8,579.4,576.7,578.5,44011,0
20260420,070000,583.8,583.8,580,580.9,126736,0
20260420,080000,581.1,582.9,580.8,582.8,63282,0
20260420,090000,582.7,582.7,578.2,579,159171,0
20260420,100000,578.8,580.8,576.3,579.2,195256,0
20260420,110000,579.1,579.2,576.5,576.9,96565,0
20260420,120000,576.8,577.7,574,574.8,182208,0
20260420,130000,574.8,576.5,574.2,575.4,85546,0
20260420,140000,575.4,576,572.6,573.5,74441,0
20260420,150000,573.5,575.4,572.5,574.5,45966,0
20260420,160000,574.6,574.9,570.4,574.8,136247,0
20260420,170000,574.8,581.8,574.7,581.1,333100,0
20260420,180000,581.1,584.4,579.6,582,246433,0
20260420,190000,582.5,583.1,581.6,582.8,53990,0
20260420,200000,582.7,583,581.5,581.8,35334,0
20260420,210000,581.8,583.2,581.6,582.2,19979,0
20260420,220000,582.3,583,582.1,582.6,9930,0
20260420,230000,582.6,582.9,581.3,582.7,27372,0
20260421,070000,582.8,583.7,578,579.4,71304,0
20260421,080000,579.4,579.4,577.5,578.6,52196,0
20260421,090000,578.6,581.2,578.6,580.1,55936,0
20260421,100000,580,582.1,578.6,579.3,76470,0
20260421,110000,579.3,580.8,578.2,580,90219,0
20260421,120000,579.9,581.9,579.7,581.8,77411,0
20260421,130000,581.8,584,580.9,581.5,113467,0
20260421,140000,581.5,585.9,581.4,585.7,143599,0
20260421,150000,585.8,589.8,585.4,586.7,150660,0
20260421,160000,586.9,588.6,586,587.5,84310,0
20260421,170000,587.5,593,587.1,592.1,230417,0
20260421,180000,592.1,593,590,590.8,118391,0
20260421,190000,591,592.7,590.3,592,40778,0
20260421,200000,591.8,593.4,589.7,590.8,131528,0
20260421,210000,590.8,592.3,589.2,589.9,86825,0
20260421,220000,590,594.4,589.3,594.1,156446,0
20260421,230000,594,594.5,589.5,592.5,150947,0
20260422,070000,591.7,591.8,588.7,589.9,74691,0
20260422,080000,589.9,590.6,587,589,53285,0
20260422,090000,589,591.5,588.5,590.3,25711,0
20260422,100000,590.3,592.8,589.4,591.3,149642,0
20260422,110000,591.3,593.3,591.2,591.3,49449,0
20260422,120000,591.3,592,590.1,592,30261,0
20260422,130000,591.9,593,590,591.3,164359,0
20260422,140000,591.3,591.7,589.5,590.8,107160,0
20260422,150000,590.8,593.4,589.7,593.2,73391,0
20260422,160000,593.2,593.9,592.6,592.8,57518,0
20260422,170000,592.8,599.6,592.7,599.2,309672,0
20260422,180000,599.2,601.4,597.7,597.7,197808,0
20260422,190000,598.5,601.7,598.3,601.2,61771,0
20260422,200000,601.2,601.5,598.6,599.8,28039,0
20260422,210000,599.8,600,598,598.2,21579,0
20260422,220000,598.2,599.4,597.8,597.9,17123,0
20260422,230000,597.9,598.2,596.9,598.1,23437,0
20260423,070000,598.1,603,598.1,601.8,106275,0
20260423,080000,602,605.5,601.8,604.6,78502,0
20260423,090000,604.5,604.5,601.2,602.1,51659,0
20260423,100000,602.2,604,601.6,602.5,100962,0
20260423,110000,602.3,603.2,602,602.3,46428,0
20260423,120000,602.3,603.2,602.1,603,46522,0
20260423,130000,602.9,607,601.3,606.9,228300,0
20260423,140000,606.8,606.9,602.2,604,138809,0
20260423,150000,604,606.3,602.5,605.3,169455,0
20260423,160000,605.4,605.9,603.1,604.2,102999,0
20260423,170000,604.1,605,603.4,604,104553,0
20260423,180000,604,604.8,602.3,602.3,62719,0
20260423,190000,602.8,603,600.7,601.1,79819,0
20260423,200000,600.8,605.6,600.6,602.5,212915,0
20260423,210000,602.5,602.5,600.9,601,78405,0
20260423,220000,601.2,601.9,600.8,601,67910,0
20260423,230000,601,602.4,601,601.5,62160,0
20260424,070000,602,604.4,601.9,603.8,76057,0
20260424,080000,603.7,604.5,602.9,603.2,22317,0
20260424,090000,603.2,604,602.6,604,29355,0
20260424,100000,604,604.5,602.7,603.9,51639,0
20260424,110000,603.8,605.5,602.7,602.7,51814,0
20260424,120000,602.8,605.4,601.8,604.7,76567,0
20260424,130000,604.8,607.5,602,602.2,385349,0
20260424,140000,602.4,602.5,596.4,597.5,232657,0
20260424,150000,597.6,597.9,594.6,597.1,142667,0
20260424,160000,597.1,598,591.1,593.4,245858,0
20260424,170000,593.4,594.8,589.4,590.2,223119,0
20260424,180000,590.2,593.6,588.1,591.2,116249,0
20260424,190000,591.9,594.8,591.5,594.4,32715,0
20260424,200000,594.3,595.5,593.6,593.8,20580,0
20260424,210000,593.9,594.7,593.8,594.1,4442,0
20260424,220000,594.4,594.6,593.6,594.1,13349,0
20260424,230000,594.2,595.4,593.6,594.9,23403,0
20260425,090000,594.9,594.9,594.9,594.9,146,0
20260425,100000,594,595.8,593.4,595.7,7447,0
20260425,110000,595.6,595.7,593.7,593.9,12638,0
20260425,120000,594.3,594.9,593.1,594.1,14195,0
20260425,130000,594.1,596.7,594.1,596.7,30166,0
20260425,140000,596.6,596.7,595.9,596.3,6566,0
20260425,150000,596.3,596.3,595.6,595.6,3768,0
20260425,160000,595.8,596.1,595.5,596,1759,0
20260425,170000,595.8,596,595.5,595.9,1944,0
20260425,180000,595.9,596.6,595.5,596.6,16299,0
20260426,090000,596.9,596.9,596.9,596.9,400,0
20260426,100000,596.9,597,595.6,596.2,11889,0
20260426,110000,596.2,596.4,595.4,596.4,3361,0
20260426,120000,596.4,596.5,595.8,596.2,1267,0
20260426,130000,596.2,596.2,594.5,595.9,6345,0
20260426,140000,595.5,596.2,595.5,596,1199,0
20260426,150000,596,596.1,594.3,594.8,4461,0
20260426,160000,594.8,594.8,594.2,594.7,3074,0
20260426,170000,594.7,595,593.4,595,12740,0
20260426,180000,595,595.4,594.7,595,4611,0
20260427,070000,595.3,595.9,593.4,595.5,38447,0
20260427,080000,595.5,595.9,594.6,595.1,16791,0
20260427,090000,595,595,590.9,591.6,107365,0
20260427,100000,591.5,597.8,591,597.3,179820,0
20260427,110000,597.3,602.7,597.3,599.1,264804,0
20260427,120000,599.1,600.4,598,600.2,62419,0
20260427,130000,600.2,600.8,597,598.6,79644,0
20260427,140000,598.7,600,598.6,600,88154,0
20260427,150000,600,602,599,601.8,77198,0
20260427,160000,601.8,603.3,601.1,601.3,65503,0
20260427,170000,601.3,603.3,600,602,66784,0
20260427,180000,602,603.3,601.3,601.3,123482,0
20260427,190000,601.9,602.8,601.5,601.9,28196,0
20260427,200000,601.7,603.2,601,601.5,50286,0
20260427,210000,601.7,602.1,600.9,601.7,11429,0
20260427,220000,601.9,603.1,601.7,603.1,26553,0
20260427,230000,603,604,602.6,604,70745,0
20260428,070000,603.5,605.7,603,605.3,40226,0
20260428,080000,605.3,605.9,603.4,605.1,50055,0
20260428,090000,605.3,610.8,605.3,610.2,219619,0
20260428,100000,610.2,611.3,608,610.2,248130,0
20260428,110000,610.2,610.7,608.9,609.8,122295,0
20260428,120000,609.8,610.9,609,609.6,120383,0
20260428,130000,609.7,611.4,600.8,601.9,1009156,0
20260428,140000,601.9,602.5,598.8,600.3,601423,0
20260428,150000,600.2,604,596.4,597.2,589591,0
20260428,160000,597.2,600.5,594.2,597.4,432386,0
20260428,170000,597.5,600.4,596.6,597.2,147490,0
20260428,180000,597.2,599,596.9,597.8,73225,0
20260428,190000,598.4,600.4,592.3,595.5,222233,0
20260428,200000,595.4,596.5,594,596.4,94590,0
20260428,210000,596.4,596.8,594.9,595.3,29411,0
20260428,220000,595.2,596.6,595,596.5,19296,0
20260428,230000,596.4,597,594.6,596.9,68129,0
20260429,070000,596.8,599.4,595,598,35628,0
20260429,080000,598,598.4,596.1,596.7,24277,0
20260429,090000,596.8,597.8,593.3,594.8,76227,0
20260429,100000,594.8,595.3,591,594,250183,0
20260429,110000,593.8,598.3,593,597.6,185243,0
20260429,120000,597.6,598.4,595.7,596.6,116212,0
20260429,130000,596.5,596.6,591.4,591.6,174172,0
20260429,140000,591.8,592.9,591.2,591.5,138009,0
20260429,150000,591.4,592.7,588.4,590.5,190916,0
20260429,160000,590.5,598,590,590.7,447145,0
20260429,170000,590.7,592.8,583.2,583.3,487887,0
20260429,180000,583.4,585.1,581.6,583.3,242600,0
20260429,190000,582.5,584,582.1,584,92615,0
20260429,200000,583.7,587.8,580.1,582.3,470111,0
20260429,210000,582.3,584.2,581.2,582.7,113854,0
20260429,220000,582.7,583,581.2,581.8,35732,0
20260429,230000,581.7,583.5,580.5,583.5,30432,0
20260430,070000,584,585.3,581.6,582.8,99012,0
20260430,080000,583.2,584,581.8,583.6,26603,0
20260430,090000,583.6,584.5,580.7,582.4,60473,0
20260430,100000,582.3,583.4,577.5,583.3,280017,0
20260430,110000,583.4,585.1,580.6,583.8,235076,0
20260430,120000,583.7,585.6,580.1,582.6,168695,0
20260430,130000,582.7,584.9,582.1,584.8,103418,0
20260430,140000,584.8,585.3,581.7,584.8,251824,0
20260430,150000,584.9,585.4,582.3,583.2,103357,0
20260430,160000,583.4,583.9,579.3,580.5,124468,0
20260430,170000,580.6,582,579.1,579.2,117560,0
20260430,180000,579.3,581.1,576,580,200016,0
20260430,190000,579.5,580.4,579.3,580,22451,0
20260430,200000,580,581.2,579.1,581.1,33698,0
20260430,210000,581,581.8,580.4,581.5,13393,0
20260430,220000,581.8,582.4,581.4,581.9,9612,0
20260430,230000,581.9,582.1,581.1,581.6,36019,0
20260501,090000,581.6,581.6,581.6,581.6,1096,0
20260501,100000,581.6,583.3,578.8,583.2,48948,0
20260501,110000,583.2,583.3,582.4,582.8,8062,0
20260501,120000,582.5,582.8,582.2,582.4,5303,0
20260501,130000,582.4,582.8,582.1,582.4,4689,0
20260501,140000,582.4,582.5,581.4,582.1,4374,0
20260501,150000,581.7,582.1,581,581.4,7672,0
20260501,160000,581.4,581.5,580.2,580.2,9129,0
20260501,170000,580.1,580.2,578.2,578.6,28082,0
20260501,180000,579,579.5,578.8,579.3,5838,0
20260502,090000,580.3,580.3,580.3,580.3,94,0
20260502,100000,580.3,581.4,578.4,579.1,13381,0
20260502,110000,578.9,579.1,578,578.3,7418,0
20260502,120000,578.2,578.3,576.1,577.6,23483,0
20260502,130000,577.2,577.7,575.3,577.5,21237,0
20260502,140000,577.1,577.8,577,577.8,2329,0
20260502,150000,577.8,577.8,576.5,577.3,6283,0
20260502,160000,577.3,577.3,576.9,577,1884,0
20260502,170000,577,577.9,576.4,576.4,12766,0
20260502,180000,576.5,577.3,576.2,577.1,6714,0
20260503,090000,577.1,577.1,577.1,577.1,48,0
20260503,100000,577.1,577.4,576.3,576.5,3516,0
20260503,110000,576.5,577.3,576.5,576.7,4883,0
20260503,120000,576.9,576.9,576,576.7,5058,0
20260503,130000,576.7,576.8,576.1,576.5,2093,0
20260503,140000,576.5,576.7,576,576,3358,0
20260503,150000,576.2,576.4,576,576.4,1680,0
20260503,160000,576.4,576.5,576.1,576.5,1616,0
20260503,170000,576.4,576.6,576.2,576.3,2042,0
20260503,180000,576.6,576.9,576.3,576.7,2213,0
20260504,070000,576.7,579.6,576.7,577.6,21547,0
20260504,080000,577.2,578,577.2,577.8,5010,0
20260504,090000,577.8,579,576.9,577.7,38410,0
20260504,100000,577.8,582.4,577.2,582,100995,0
20260504,110000,582.2,582.7,574.3,574.5,222170,0
20260504,120000,574.4,577,572.8,575,125819,0
20260504,130000,575,580.3,572,573.2,251440,0
20260504,140000,573,574.1,563.9,564.4,232442,0
20260504,150000,564.5,565.3,561.1,564.5,199635,0
20260504,160000,564.5,566,562.4,564.8,199466,0
20260504,170000,564.8,569.9,564.2,569.1,269891,0
20260504,180000,569.1,574.9,568.2,573.2,253170,0
20260504,190000,573.6,575.2,572.6,574.3,82726,0
20260504,200000,574.3,575,571.3,571.4,51364,0
20260504,210000,571.4,577.9,570.8,577.4,69268,0
20260504,220000,577.5,580.8,577.1,577.5,76382,0
20260504,230000,578.1,579.3,575.5,578.8,47118,0
20260505,070000,578.8,579.9,576.4,577.4,29929,0
20260505,080000,577.1,577.9,576.7,577.5,9619,0
20260505,090000,577.4,578,575.1,577.5,40559,0
20260505,100000,577.2,581.1,574.7,574.9,154491,0
20260505,110000,574.9,576,568,572,313406,0
20260505,120000,572,581,570.9,580,283669,0
20260505,130000,579.8,581.7,577.6,578.6,177791,0
20260505,140000,578.6,579.6,576.7,578.7,155773,0
20260505,150000,578.7,584.3,578.6,583.2,247477,0
20260505,160000,583.3,583.9,581,583.5,141156,0
20260505,170000,583.5,584.1,583.2,583.9,130004,0
20260505,180000,583.9,584.7,581.1,581.3,79468,0
20260505,190000,581.8,583.4,580,580.8,55576,0
20260505,200000,580.6,581.5,580,580.2,15053,0
20260505,210000,580.2,581.5,580,581.4,8555,0
20260505,220000,581.3,581.5,580.4,580.7,11567,0
20260505,230000,581,583.9,580.7,581.4,35498,0
20260506,070000,581.5,582.8,580.2,580.5,18507,0
20260506,080000,580.5,581.9,580.4,580.4,10837,0
20260506,090000,580.8,581.1,571.5,574.2,124764,0
20260506,100000,574.3,576.7,572.2,573.1,131904,0
20260506,110000,573.1,578,572.6,574.6,105240,0
20260506,120000,574.6,574.6,566,566.4,197626,0
20260506,130000,566.3,566.3,560.7,562.5,414161,0
20260506,140000,562.4,566,561.4,565,183263,0
20260506,150000,565.1,567.4,564,565,172733,0
20260506,160000,565,568.5,563.8,567.3,190437,0
20260506,170000,567.3,569.3,564.8,569.1,126808,0
20260506,180000,569.1,571.4,568.9,570.5,75481,0
20260506,190000,570.2,571.4,567.1,567.5,56630,0
20260506,200000,567.5,568.4,566.6,566.6,22222,0
20260506,210000,566.6,567.5,565,565,22749,0
20260506,220000,565,565.9,565,565.6,7976,0
20260506,230000,565.6,567.8,560.3,565,89583,0
20260507,070000,564.7,566.2,562.6,564,36665,0
20260507,080000,564.4,564.5,561.6,562.9,36768,0
20260507,090000,562.9,564.3,561,561.9,43602,0
20260507,100000,562,562.3,557.3,557.6,155053,0
20260507,110000,557.6,562,557.4,559.5,108968,0
20260507,120000,559.5,563.4,559.2,562.7,88349,0
20260507,130000,562.6,564.2,561.7,564.1,95558,0
20260507,140000,564.1,570.4,563.3,569.5,180119,0
20260507,150000,569.3,570,566.6,567.4,167744,0
20260507,160000,567.5,567.5,563.8,564.8,172818,0
20260507,170000,564.7,567.7,564,567,75351,0
20260507,180000,567,567,563.6,565.1,73619,0
20260507,190000,565.1,566.6,564.5,566.1,16705,0
20260507,200000,566.2,567.3,565.4,565.6,15345,0
20260507,210000,565.6,565.8,565.1,565.4,8011,0
20260507,220000,565.4,566,565.1,565.6,9243,0
20260507,230000,566.1,566.2,563.9,565.3,22223,0
20260508,070000,565.5,567.8,565,565.1,18601,0
20260508,080000,565,566.1,563.3,564.6,14358,0
20260508,090000,564.3,564.6,562.5,563.6,17682,0
20260508,100000,563.5,565.5,562.1,564.8,34872,0
20260508,110000,564.9,567.3,562.4,564.2,88821,0
20260508,120000,564.2,565.7,564,564.3,27595,0
