20230103,100000,375,378.7,374.5,377.8,227829,0
20230103,110000,377.8,379,375.7,376.4,138748,0
20230103,120000,376.4,378.1,375.9,376.9,55992,0
20230103,130000,376.8,377.5,375.5,375.9,39731,0
20230103,140000,376.1,376.9,375.9,376.6,14903,0
20230103,150000,376.6,376.8,375.7,375.9,56622,0
20230103,160000,375.9,376.5,375.8,376.5,34983,0
20230103,170000,376.5,377.8,376,376.8,64042,0
20230103,180000,376.8,377.1,375.5,375.7,35469,0
20230103,190000,376.4,378,375.7,376.9,16592,0
20230103,200000,376.9,377.4,376.9,377.1,7955,0
20230103,210000,377.1,377.2,375.9,376.7,17907,0
20230103,220000,376.6,377.9,376.3,377.4,24139,0
20230103,230000,377.4,378.5,377.4,378,42866,0
20230104,100000,378.5,381.3,376,378.8,261150,0
20230104,110000,379,380.5,378.8,379.7,70685,0
20230104,120000,379.5,380.3,379.2,379.7,51488,0
20230104,130000,379.7,380.9,379.7,380.6,62003,0
20230104,140000,380.7,381.5,380.3,381.3,45649,0
20230104,150000,381.3,383.7,381.2,382.5,122234,0
20230104,160000,382.3,383.5,381.9,383,57176,0
20230104,170000,383,383.4,381.5,381.7,58015,0
20230104,180000,381.7,381.9,380.3,381.2,73170,0
20230104,190000,381.2,383,381,382.2,16656,0
20230104,200000,382.3,382.5,380.6,380.6,17418,0
20230104,210000,380.6,381.8,380.3,381.3,12756,0
20230104,220000,381.2,383.5,380.6,383.5,53195,0
20230104,230000,383.4,383.7,382.4,382.8,27808,0
20230105,100000,385.2,385.5,380.2,381.2,86561,0
20230105,110000,381.3,381.3,378,380,116093,0
20230105,120000,380.1,380.3,378.3,379.3,35991,0
20230105,130000,379.2,379.5,377.4,379.2,41533,0
20230105,140000,379.1,379.4,377.7,377.9,32079,0
20230105,150000,377.8,378.5,375.2,376.7,109232,0
20230105,160000,376.6,376.7,373.4,374.3,103464,0
20230105,170000,374.3,376.1,374,375.4,48371,0
20230105,180000,375.4,376.4,375.1,375.3,41371,0
20230105,190000,375.3,376.2,374.6,376,20023,0
20230105,200000,376,376.3,375,375.7,10392,0
20230105,210000,375.7,375.8,374.9,375.8,24180,0
20230105,220000,375.8,376.1,375.4,376,9829,0
20230105,230000,376.1,376.3,375.7,375.9,10883,0
20230106,100000,375.8,376.6,373.7,375,48755,0
20230106,110000,375,375,374,374.2,16499,0
20230106,120000,374.4,374.4,373.1,373.2,25630,0
20230106,130000,373.1,374,372.4,373.7,42462,0
20230106,140000,373.8,374.4,373,373.9,20257,0
20230106,150000,373.9,374.6,373.6,374.2,7988,0
20230106,160000,374.3,376.5,373.6,375.7,33043,0
20230106,170000,375.6,375.8,374.4,375.1,14276,0
20230106,180000,375.2,378,375.2,377,46553,0
20230106,190000,377,378,376.8,377.4,34511,0
20230106,200000,377.5,378.5,377.4,378.4,23282,0
20230106,210000,378.4,378.5,377.5,378.5,13741,0
20230106,220000,378.5,378.5,377.5,377.8,9691,0
20230106,230000,377.7,378.5,377.4,378.4,17321,0
20230109,100000,380.2,383,379.9,381.1,133285,0
20230109,110000,381.1,381.9,380,380,49727,0
20230109,120000,380,380.9,378.4,379.5,70875,0
20230109,130000,379.4,380.8,378.7,380.7,23168,0
20230109,140000,380.7,381.1,379.5,380.6,46022,0
20230109,150000,380.6,381,379.4,379.9,26820,0
20230109,160000,379.8,380.8,379.5,380.3,28100,0
20230109,170000,380.3,381,378.8,379.8,54315,0
20230109,180000,379.8,379.8,378.5,379.4,36228,0
20230109,190000,379.4,379.8,379,379.6,15811,0
20230109,200000,379.7,379.8,378.8,379.1,8096,0
20230109,210000,379.1,379.4,378.7,379.2,11920,0
20230109,220000,379.4,379.4,378.7,378.9,12181,0
20230109,230000,378.9,379,378.2,378.3,14404,0
20230110,100000,378.1,378.3,375.3,376.2,116991,0
20230110,110000,376.1,376.4,374.7,376.3,62590,0
20230110,120000,376.3,378.8,376.1,377.8,66270,0
20230110,130000,377.7,378,375.9,377.9,30883,0
20230110,140000,377.8,378.3,377.4,378,21191,0
20230110,150000,377.9,378.1,376.5,377.2,32665,0
20230110,160000,377,377.5,376.5,377,13467,0
20230110,170000,377,379,377,378.4,60506,0
20230110,180000,378.4,379.2,378.2,378.4,14201,0
20230110,190000,378.9,378.9,377.9,378.1,9931,0
20230110,200000,378.1,378.4,377.8,378.4,4538,0
20230110,210000,378.4,378.8,377.8,378.4,6601,0
20230110,220000,378.4,378.4,377.6,377.9,7042,0
20230110,230000,377.8,378,377.4,377.9,10220,0
20230111,100000,379.7,380.8,377.7,379.5,98236,0
20230111,110000,379.4,380.2,378.3,379.4,102891,0
20230111,120000,379.4,379.8,378.5,379.6,37640,0
20230111,130000,379.6,379.9,377.5,378.5,73853,0
20230111,140000,378.5,378.9,377,378,61349,0
20230111,150000,378,378.3,376.8,377.8,26451,0
20230111,160000,377.7,378.3,377,378,32586,0
20230111,170000,377.8,378,376.2,376.3,50040,0
20230111,180000,376.6,377.4,375.4,375.6,68768,0
20230111,190000,377.3,377.3,375.9,376.9,19124,0
20230111,200000,376.9,377.2,376.4,376.6,21464,0
20230111,210000,376.6,377.3,376.6,377,13569,0
20230111,220000,377,378.1,377,377.9,22208,0
20230111,230000,377.9,378.1,377.5,377.9,20493,0
20230112,100000,377.9,378.5,375.2,375.7,94956,0
20230112,110000,375.6,377.9,375.6,377,52389,0
20230112,120000,377,377.8,377,377.4,40585,0
20230112,130000,377.4,379.9,377.3,379.6,105048,0
20230112,140000,379.6,382.3,379.1,382.1,137151,0
20230112,150000,382.1,384.2,380.3,384.2,249567,0
20230112,160000,384.2,384.6,381,384,378572,0
20230112,170000,384.1,389.8,383.2,384.7,491913,0
20230112,180000,384.7,385.9,384,384.8,65983,0
20230112,190000,384.8,386.8,384,385.9,62628,0
20230112,200000,385.8,387.4,385.3,386.8,51458,0
20230112,210000,386.8,388.9,386.7,388.1,83090,0
20230112,220000,388,388.3,386.2,387.2,35751,0
20230112,230000,387.3,387.6,386.6,387.3,26818,0
20230113,100000,388.3,388.3,385,387,81371,0
20230113,110000,387,395.9,386.8,395.3,406267,0
20230113,120000,395.2,403.5,393,403,694378,0
20230113,130000,402.6,403.5,398.2,401.3,366966,0
20230113,140000,401.3,401.6,397.5,397.5,175422,0
20230113,150000,397.6,399,395.8,397.5,149148,0
20230113,160000,397.6,399.8,396.5,399,97476,0
20230113,170000,399.3,403.2,398.3,402.8,144531,0
20230113,180000,402.6,403,399.5,400.6,100813,0
20230113,190000,400.6,401,398.4,399.8,56681,0
20230113,200000,399.9,402.5,399.9,401.8,38443,0
20230113,210000,401.8,403.5,401.5,403.2,52082,0
20230113,220000,403.3,404.6,402,403.1,86664,0
20230113,230000,403.2,404,402,403,58181,0
20230116,100000,405.4,410,405.1,407.9,444860,0
20230116,110000,408.1,408.1,405.4,406,114070,0
20230116,120000,406,407.8,405.4,406.1,94950,0
20230116,130000,406.1,407.2,405.3,406.9,69485,0
20230116,140000,406.9,407.9,405.8,406,73417,0
20230116,150000,405.9,407,405.6,406.2,59427,0
20230116,160000,406.1,407.2,406,406.7,44595,0
20230116,170000,406.7,407.5,405.6,406.1,93791,0
20230116,180000,406.1,406.8,405.7,406.6,28288,0
20230116,190000,407,409.5,406.6,407.5,104087,0
20230116,200000,407.3,408,407,407.3,26809,0
20230116,210000,407.5,407.7,407.1,407.2,17461,0
20230116,220000,407.2,407.3,406.2,406.9,41369,0
20230116,230000,406.9,407.4,406,407.3,33525,0
20230117,100000,405.8,405.8,390.2,402.5,439562,0
20230117,110000,402.4,403,395,398,309010,0
20230117,120000,398.1,402.5,397.3,401.7,79330,0
20230117,130000,401.6,403,400,403,61779,0
20230117,140000,402.8,403,400.8,402,33151,0
20230117,150000,402,404.8,401.9,403.4,109605,0
20230117,160000,403.4,404.2,402.4,403.2,60924,0
20230117,170000,402.8,403.6,401.5,402.3,34030,0
20230117,180000,402.2,403,400.2,400.3,43705,0
20230117,190000,400,405.5,397.7,400.6,108605,0
20230117,200000,400.7,403.9,400.1,402.4,39464,0
20230117,210000,402.3,404,400.8,401.7,33665,0
20230117,220000,401.5,402.2,399.7,399.8,57275,0
20230117,230000,399.8,402,399,400.3,45776,0
20230118,100000,398.8,406,397.1,404.4,212282,0
20230118,110000,404.4,406.7,404,405.4,118854,0
20230118,120000,405.4,406.8,403.2,404,66896,0
20230118,130000,404,405.2,403.2,404,30589,0
20230118,140000,403.9,408.4,403.9,408.1,186227,0
20230118,150000,408,413.3,407,411.5,631280,0
20230118,160000,411.6,414.3,411.5,413,201548,0
20230118,170000,413,413.8,411.6,413.2,159232,0
20230118,180000,413.3,413.8,412,412.9,80223,0
20230118,190000,411.7,412.8,408.6,411.3,150899,0
20230118,200000,411.2,411.4,409.3,409.8,36487,0
20230118,210000,409.7,411,409.1,410.7,38189,0
20230118,220000,410.7,411,409,409.4,58370,0
20230118,230000,409.4,411.2,409,410.7,31827,0
20230119,100000,410.5,414.2,405.8,407.8,380679,0
20230119,110000,407.8,410,404.2,406.4,231417,0
20230119,120000,406,407.9,400.5,402.6,480757,0
20230119,130000,402.9,404.9,400.9,404.9,148287,0
20230119,140000,404.9,406.6,404,404.8,106222,0
20230119,150000,404.8,405,402.5,402.9,71538,0
20230119,160000,402.8,404.1,402,403,69811,0
20230119,170000,403,404,402.8,403.9,46340,0
20230119,180000,403.9,406.1,403.4,404.6,55609,0
20230119,190000,404,406.4,402.8,406.3,40911,0
20230119,200000,406.4,406.4,405,405.1,27646,0
20230119,210000,405,405.6,404,405.2,34023,0
20230119,220000,405.2,406.8,404.2,406.2,48573,0
20230119,230000,406.6,408.5,406,406.5,90746,0
20230120,100000,407.5,410.4,405,409,265742,0
20230120,110000,409,413.3,408.1,411.5,194264,0
20230120,120000,411.3,411.6,409,409.9,91921,0
20230120,130000,409.9,410.1,408.1,409.3,64736,0
20230120,140000,409.2,409.9,407.5,409.3,68610,0
20230120,150000,409.3,410.8,409.1,410.5,56077,0
20230120,160000,410.5,410.5,409.1,409.7,37342,0
20230120,170000,409.6,410.2,409.3,409.3,53533,0
20230120,180000,409.5,409.5,408.1,408.8,45396,0
20230120,190000,409,409.7,408.4,409,13622,0
20230120,200000,409,410.3,403.8,409.2,177595,0
20230120,210000,409,409.4,408.3,409,11752,0
20230120,220000,409,409.5,408.5,409.2,24904,0
20230120,230000,409.1,409.7,408,409.4,25303,0
20230123,100000,411.9,420,410.7,418,643117,0
20230123,110000,418,418.6,416.2,417.2,189368,0
20230123,120000,417.2,418,416.2,416.9,82780,0
20230123,130000,417,418.5,416.9,418,69512,0
20230123,140000,418,418.3,417.2,418.1,56666,0
20230123,150000,418,418.7,417.5,418,64798,0
20230123,160000,417.9,418.9,417.8,418.5,47631,0
20230123,170000,418.6,418.6,416,416.6,135565,0
20230123,180000,416.8,416.8,414.3,415.8,118341,0
20230123,190000,415.5,416.8,415.3,416.8,42638,0
20230123,200000,416.8,417,416,416.9,32754,0
20230123,210000,416.9,417.8,416,416.6,61467,0
20230123,220000,416.6,417.9,416.5,417.3,33323,0
20230123,230000,417.3,418.9,416.9,418.7,44283,0
20230124,100000,422.4,428.7,420.7,424.6,710953,0
20230124,110000,424.9,427.8,423.9,424.7,304450,0
20230124,120000,424.8,425.3,422.2,423.3,184074,0
20230124,130000,423.4,424.7,421.6,423,103417,0
20230124,140000,423,423.8,418,422.6,308126,0
20230124,150000,422.5,425.4,422.4,424.9,116581,0
20230124,160000,424.7,425,421.8,423.3,85944,0
20230124,170000,423.3,423.9,422,422.4,64774,0
20230124,180000,422.4,424.2,421,424,131265,0
20230124,190000,423.9,425.5,423.6,424.1,46836,0
20230124,200000,424.1,426,424,425.6,76631,0
20230124,210000,425.5,426.4,424.1,425,51029,0
20230124,220000,424.8,425.9,424.5,425,34648,0
20230124,230000,424.8,426,424.4,425.4,53573,0
20230125,100000,427,440.4,425.8,437.9,2030499,0
20230125,110000,437.9,440,435,435.4,693194,0
20230125,120000,435.7,438.4,435.7,438.2,265418,0
20230125,130000,438.3,438.7,436,437.5,180530,0
20230125,140000,437.5,438.9,436.5,438.3,144811,0
20230125,150000,438.2,449.3,437,444.5,1668963,0
20230125,160000,444.5,447.3,442,443.3,433303,0
20230125,170000,443.5,446,439.6,444.5,571048,0
20230125,180000,444.5,444.6,440.8,442.7,184023,0
20230125,190000,442,444.4,440,444.3,196130,0
20230125,200000,444.2,446,443.7,445.5,160287,0
20230125,210000,445.5,445.8,444.2,445.5,71368,0
20230125,220000,445.5,449.9,445.4,448.6,275212,0
20230125,230000,448.9,452.6,448.6,451.9,373734,0
20230126,100000,456.4,476.5,454.2,475,2938114,0
20230126,110000,475.2,476,468,468.4,1159336,0
20230126,120000,468.5,469.7,461.8,461.8,731362,0
20230126,130000,461.9,468,461.5,467.4,399657,0
20230126,140000,467.4,471,463.8,469,288633,0
20230126,150000,469,471.7,467.7,469.8,199343,0
20230126,160000,469.7,471.3,465,467.8,258370,0
20230126,170000,467.6,471.6,467.1,469.5,249857,0
20230126,180000,469.5,469.8,466,467.4,154194,0
20230126,190000,467,469.9,466,468.5,83506,0
20230126,200000,468.5,469.9,468.1,468.4,75111,0
20230126,210000,468.4,470.7,468.4,470.6,108019,0
20230126,220000,470.6,476,470.2,473.8,347496,0
20230126,230000,474,484,473.6,483.5,552555,0
20230127,100000,484.2,488.3,464.7,471.4,2261771,0
20230127,110000,471.4,472,463.2,464.2,728457,0
20230127,120000,464.2,468.9,463.5,468.3,372267,0
20230127,130000,468.3,468.5,463.3,464.6,301777,0
20230127,140000,464.6,467.6,464,467.2,182177,0
20230127,150000,467.2,472,464.5,467,421526,0
20230127,160000,466.7,468.4,465.1,466.5,96650,0
20230127,170000,466.5,467.9,465.5,466.6,94953,0
20230127,180000,466.6,470,464.6,466.4,199126,0
20230127,190000,466,471,466,469,151390,0
20230127,200000,469,470.1,467.3,467.9,79365,0
20230127,210000,467.8,469.3,467.4,468.4,57640,0
20230127,220000,468.4,469.2,467.9,468.8,51847,0
20230127,230000,468.9,469,466.9,467.1,91155,0
20230130,100000,469.2,470.9,460.5,466.6,548446,0
20230130,110000,466.6,467.9,462.6,465.5,232230,0
20230130,120000,465.6,467.9,464.9,466.4,160257,0
20230130,130000,466.3,472.9,466.1,470.7,447841,0
20230130,140000,470.6,472.6,467.3,470.2,283088,0
20230130,150000,470.3,470.8,468.5,470.1,161690,0
20230130,160000,470.1,475,469.2,475,258824,0
20230130,170000,474.9,475,472.5,473,255934,0
20230130,180000,473.2,476.6,472.5,476.4,196357,0
20230130,190000,477,481.3,475.3,479.7,283847,0
20230130,200000,479.7,479.9,477.4,478.6,107900,0
20230130,210000,478.6,480.1,478,479.1,81139,0
20230130,220000,479.2,479.9,478.1,479.1,65203,0
20230130,230000,479,480,473.7,475.9,236948,0
20230131,100000,475,477.7,470,473.9,582874,0
20230131,110000,473.9,475.6,468.1,468.3,422969,0
20230131,120000,468.4,473.9,468.1,470.6,190173,0
20230131,130000,470.6,472.3,470.4,471.6,50056,0
20230131,140000,471.7,472.9,470.6,471,66101,0
20230131,150000,471.5,472.8,470.5,472.1,45178,0
20230131,160000,472.1,476.7,471.9,475.9,158034,0
20230131,170000,475.8,476.5,474,476.4,86537,0
20230131,180000,476.3,480.3,476.3,478.2,403969,0
20230131,190000,479.6,481.9,478,479,190338,0
20230131,200000,478.6,479.1,475.3,477.4,104841,0
20230131,210000,477.4,479,477.2,478.1,54323,0
20230131,220000,478.1,478.1,476,477.2,63198,0
20230131,230000,477.2,477.5,475.5,476,68193,0
20230201,100000,479.4,490,478,485.1,953688,0
20230201,110000,485.1,489,483.9,486.3,269188,0
20230201,120000,486.3,486.9,484.2,486.7,207036,0
20230201,130000,486.7,487.5,485.2,486.8,76266,0
20230201,140000,486.8,491.2,486,487.4,353693,0
20230201,150000,487,488.9,486.5,487.7,81397,0
20230201,160000,487.8,489,484.6,486,143693,0
20230201,170000,486,486,478,480.6,390920,0
20230201,180000,480.6,483.8,478.6,481.1,121438,0
20230201,190000,481.2,484.1,479.8,482.6,56307,0
20230201,200000,482.3,483.1,481.8,482.4,22531,0
20230201,210000,482.3,483.3,481.6,482,22816,0
20230201,220000,481.9,489.5,481.1,487.9,495659,0
20230201,230000,488.3,494.8,487.7,493.8,444272,0
20230202,100000,495,504,493.7,496.2,1327123,0
20230202,110000,496.2,502,496,499.2,354317,0
20230202,120000,499.4,500,496.7,499.3,148338,0
20230202,130000,499.3,502,498.1,501.2,205320,0
20230202,140000,501.2,504.7,500.2,503,293750,0
20230202,150000,503,509.7,502.9,509.4,576510,0
20230202,160000,509.5,520.2,508,515.4,1211749,0
20230202,170000,515.5,524.4,515.4,515.9,1046390,0
20230202,180000,515.9,518.9,513.5,517.7,584071,0
20230202,190000,518,522.9,510,512.2,494670,0
20230202,200000,512.2,514.4,506.2,507.7,443927,0
20230202,210000,507.7,515,506.6,512.4,409547,0
20230202,220000,512.5,514.4,509.8,510.2,178676,0
20230202,230000,510.2,514.1,510,513.3,145586,0
20230203,100000,514.1,515,502.5,504.4,966505,0
20230203,110000,504.4,506.7,503.5,503.9,222194,0
20230203,120000,503.8,503.9,494,498.4,991209,0
20230203,130000,498.5,508.4,498.4,507,522717,0
20230203,140000,507,514.7,505.5,513,443719,0
20230203,150000,513,520.9,509.4,518,664745,0
20230203,160000,517.9,518.3,501,505.5,914487,0
20230203,170000,505.5,509.9,500.6,505.6,466966,0
20230203,180000,505.4,508,502,505.3,195745,0
20230203,190000,505.5,507.5,501.3,505.1,133162,0
20230203,200000,505,505.3,503.1,504.8,76650,0
20230203,210000,504.7,507.4,504.2,506.4,57811,0
20230203,220000,506.6,508,505.9,507.6,94555,0
20230203,230000,507.6,509,506.9,507.5,96346,0
20230206,100000,508.6,515,505,513.5,480471,0
20230206,110000,513.4,518,512.7,516.3,387522,0
20230206,120000,516.1,516.9,513.2,515.2,135675,0
20230206,130000,515.2,515.8,514,514.7,77167,0
20230206,140000,514.7,516,514,514.7,104565,0
20230206,150000,515,519.1,514.7,516.6,283249,0
20230206,160000,516.6,516.7,514.7,515.5,93865,0
20230206,170000,515.4,517,515.2,516,63331,0
20230206,180000,515.9,516.2,511.8,513,171289,0
20230206,190000,514,515.8,514,515,56658,0
20230206,200000,514.8,515,513.5,514.5,58920,0
20230206,210000,514.5,514.9,514,514.7,38091,0
20230206,220000,514.8,516.4,514,515.3,62828,0
20230206,230000,515.2,516.5,515,515.5,51791,0
20230207,100000,518.2,519.8,513.3,513.9,436452,0
20230207,110000,514,515.7,510,514.4,277675,0
20230207,120000,514.3,515.7,513.1,513.4,90370,0
20230207,130000,513.4,514.3,511.3,513.1,111821,0
20230207,140000,513.2,514.1,510.4,512.2,166773,0
20230207,150000,512.2,512.9,508.4,511.8,299847,0
20230207,160000,512,515.4,511.3,514.4,145699,0
20230207,170000,514.4,514.4,511.8,513.7,65042,0
20230207,180000,513.7,513.8,510.2,512,77031,0
20230207,190000,513,513.7,512,513.6,44759,0
20230207,200000,513.5,517,512.6,515.6,108605,0
20230207,210000,515.5,515.5,512,512.8,86652,0
20230207,220000,513,515.5,512.9,514.6,34045,0
20230207,230000,514.7,515,513.8,514.4,31786,0
20230208,100000,515.7,517.9,512.6,517.6,253998,0
20230208,110000,517.7,521.4,517.2,520.7,546146,0
20230208,120000,520.6,526.4,520,523.1,711231,0
20230208,130000,523.4,524.9,518,519.5,321905,0
20230208,140000,519.2,522.6,516.6,520.5,327737,0
20230208,150000,520.5,521.7,518.1,521.3,135023,0
20230208,160000,521.3,521.6,517.3,519.4,103724,0
20230208,170000,519.5,520.5,517.8,518.8,85232,0
20230208,180000,518.9,519.5,518,518,44719,0
20230208,190000,518.9,521,518.3,519.6,63897,0
20230208,200000,519.6,520.6,519.2,520.3,23615,0
20230208,210000,520.3,523,520.3,520.5,68832,0
20230208,220000,520.3,520.7,519.5,520.7,31213,0
20230208,230000,520.8,521.3,520,520.6,55559,0
20230209,100000,521.3,526,520.9,522.5,354263,0
20230209,110000,522.5,523.8,518,520.1,306005,0
20230209,120000,519.9,521.7,518.6,519.6,96081,0
20230209,130000,519.6,522.3,519,521.6,122827,0
20230209,140000,521.5,522.5,520.1,521.1,61304,0
20230209,150000,521.2,521.5,519.2,520,70108,0
20230209,160000,519.9,522.2,519.8,521.1,76446,0
20230209,170000,521.2,523,520.4,521.5,102055,0
20230209,180000,521.4,522,519.8,521.5,96153,0
20230209,190000,520.1,521.5,518.2,520.9,81445,0
20230209,200000,521,521.1,519.5,519.8,54513,0
20230209,210000,519.8,520,518.8,519.1,42958,0
20230209,220000,519.2,519.3,515.1,515.5,135050,0
20230209,230000,515.6,517.5,513.2,515.9,176342,0
20230210,100000,512,515.8,504.4,512,540422,0
20230210,110000,511.9,513,510,512.4,111286,0
20230210,120000,512.4,515.3,512.1,512.5,105549,0
20230210,130000,512.6,513,510.4,511.7,61591,0
20230210,140000,512,512.9,511.5,511.9,34797,0
20230210,150000,511.9,512,509,509.9,112696,0
20230210,160000,510.1,512.9,509.6,511.8,50761,0
20230210,170000,511.8,512.5,511,511.8,42488,0
20230210,180000,511.7,512.5,511,512.5,34128,0
20230210,190000,512,512.6,511.2,511.7,30333,0
20230210,200000,511.7,513.8,510.8,512.8,60426,0
20230210,210000,512.9,514,512.8,514,28143,0
20230210,220000,514,514.5,513.3,513.5,31672,0
20230210,230000,513.5,514,512.6,513.7,33390,0
20230213,100000,513.8,522,512.3,519.2,379308,0
20230213,110000,519.3,519.9,515,517.7,139513,0
20230213,120000,517.7,517.7,515.1,517,65353,0
20230213,130000,517,517.6,515.8,516.5,37132,0
20230213,140000,516.5,519,516.1,518.2,69016,0
20230213,150000,517.9,518.1,516.4,516.6,33122,0
20230213,160000,516.7,517,515.4,515.7,38198,0
20230213,170000,515.7,516.5,515,516.2,77294,0
20230213,180000,516.2,516.2,515.3,515.8,15166,0
20230213,190000,515.8,515.8,513.8,514.5,40734,0
20230213,200000,514.5,515.6,514.2,514.9,18417,0
20230213,210000,514.9,515.6,514.5,515.6,10838,0
20230213,220000,515.5,516.9,515.1,515.1,38467,0
20230213,230000,515.2,515.8,514.5,514.9,26715,0
20230214,100000,515.6,518,506.5,506.6,546319,0
20230214,110000,506.8,511.4,506.5,508.7,266212,0
20230214,120000,508.7,509.3,507.5,509.1,101659,0
20230214,130000,509.1,509.5,507,508.6,101730,0
20230214,140000,508.6,509.5,507.9,508.6,50853,0
20230214,150000,508.9,509,503.3,505,272662,0
20230214,160000,505,509,503.5,507.4,183481,0
20230214,170000,507,507.7,502.1,505.5,136152,0
20230214,180000,505.5,508,505,505,88292,0
20230214,190000,505.1,506.4,502.3,502.3,85752,0
20230214,200000,502.3,503.9,496.6,499.8,227505,0
20230214,210000,499.8,501.3,497.6,498.5,106301,0
20230214,220000,498.4,500.5,498,500.1,52313,0
20230214,230000,500,501,499.3,500.5,61631,0
20230215,100000,494,494.6,480,481.7,1199775,0
20230215,110000,481.6,482.6,473.3,478,801311,0
20230215,120000,478.1,482.9,476.2,479.2,355035,0
20230215,130000,479.1,482,477.2,479.5,138269,0
20230215,140000,479.3,482,475.3,481.7,141545,0
20230215,150000,481.7,484.9,478.8,479.3,341262,0
20230215,160000,479.3,480.6,477.7,479.3,113853,0
20230215,170000,479.4,480.3,471,474.1,296800,0
20230215,180000,474,474.9,463.9,468.9,597793,0
20230215,190000,468.9,473,462.5,465.6,294611,0
20230215,200000,465.5,465.6,448.1,453.8,942636,0
20230215,210000,453.8,466.5,453,463.7,828492,0
20230215,220000,463.7,476,463.7,470.7,1094661,0
20230215,230000,470.9,472.3,460,465.8,488464,0
20230216,100000,471.7,478.3,464.9,474.6,766254,0
20230216,110000,474.6,482,474.2,477,653418,0
20230216,120000,477.1,478.3,470.6,474.5,315992,0
20230216,130000,474.4,477.9,473.3,476.9,153796,0
20230216,140000,476.9,479.7,475.2,478.7,137690,0
20230216,150000,478.7,478.8,473.7,474.5,152393,0
20230216,160000,474.6,477.8,465,466,401988,0
20230216,170000,466,471.6,465,466,322452,0
20230216,180000,465.9,468.2,462.3,467.6,155131,0
20230216,190000,467.4,474.8,463.8,471.6,153404,0
20230216,200000,471.5,474.4,471,471.2,115527,0
20230216,210000,471.7,472.9,471.3,472,33669,0
20230216,220000,472.3,474.8,471.8,474.5,70832,0
20230216,230000,474.7,476,472.2,475,98422,0
20230217,100000,467,471.9,462,469.4,557435,0
20230217,110000,469.3,472,466.3,471,164486,0
20230217,120000,471.1,473,468.4,470.9,231428,0
20230217,130000,470.9,471.2,467.1,468,117906,0
20230217,140000,467.9,471.7,467,469,137323,0
20230217,150000,468.9,469.9,465.3,467.8,134955,0
20230217,160000,467.7,469,465,466.9,109874,0
20230217,170000,467.1,468.9,466.2,468.4,70336,0
20230217,180000,468.5,471.7,468,469.8,201931,0
20230217,190000,472.9,474.2,470,473,178493,0
20230217,200000,473,473.5,471,472.3,106096,0
20230217,210000,472.3,472.8,470.7,472.1,60213,0
20230217,220000,472,476.9,471.2,475.9,152383,0
20230217,230000,476,478.5,472.1,473.2,174270,0
20230220,100000,472.7,472.7,465,467.1,355804,0
20230220,110000,467.1,467.4,457.8,459.9,475620,0
20230220,120000,459.8,463.7,459.1,460.2,170694,0
20230220,130000,460.2,462.5,458,459.2,179286,0
20230220,140000,459.1,461.4,458.4,460,112583,0
20230220,150000,460,465.8,459.7,463.3,258133,0
20230220,160000,463.3,469.6,462.1,469.1,251325,0
20230220,170000,469,471.9,465,470.9,310721,0
20230220,180000,471,474.6,469.3,474,236155,0
20230220,190000,474,474,470,470.1,108425,0
20230220,200000,470,471.2,468.1,470.7,63075,0
20230220,210000,470.6,473,470.5,472.8,50898,0
20230220,220000,472.9,473.9,470.8,472,70285,0
20230220,230000,472,472.2,469.1,470,71672,0
20230221,100000,469.5,474,469.4,473.5,275667,0
20230221,110000,473.4,478.5,471.1,475.3,367137,0
20230221,120000,475.3,496.4,475,492.9,1197079,0
20230221,130000,492.9,493.2,481.3,484.7,904225,0
20230221,140000,484.7,489.7,484.7,488.6,160802,0
20230221,150000,488.4,493,487.3,490.3,294819,0
20230221,160000,490.3,493.2,488.6,492.6,180114,0
20230221,170000,492.6,492.6,490,491.2,182914,0
20230221,180000,491.2,492.3,489.1,491.9,105903,0
20230221,190000,491.8,492.2,488,489.7,131549,0
20230221,200000,489.5,492.6,489.3,492.2,73248,0
20230221,210000,492.2,492.3,489.5,491.1,110038,0
20230221,220000,491.1,491.1,488.3,489.1,64901,0
20230221,230000,489.2,489.6,485,487.8,134677,0
20230222,100000,490.9,491.5,478.6,481.7,547649,0
20230222,110000,481.6,484.7,479.1,481.3,237943,0
20230222,120000,481.1,483.7,480.8,481.7,67867,0
20230222,130000,481.7,483,481.4,481.7,38253,0
20230222,140000,481.7,482,480.1,480.6,63285,0
20230222,150000,480.7,485,480.2,485,160326,0
20230222,160000,484.8,484.9,481.6,483.8,126654,0
20230222,170000,483.8,484.9,482.6,484.2,73340,0
20230222,180000,484.1,485.4,483,484.3,69603,0
20230222,190000,483,485,481.8,483,50768,0
20230222,200000,483,483.3,481.8,482.9,47541,0
20230222,210000,482.7,482.7,481.1,482.5,32206,0
20230222,220000,482.5,482.5,476.7,478.5,154388,0
20230222,230000,478.1,481.2,477.5,480.5,102091,0
20230224,100000,480.5,484.5,477.8,481.6,276419,0
20230224,110000,481.6,483.5,480.6,482.9,142224,0
20230224,120000,482.9,484.7,482.5,484.1,65461,0
20230224,130000,484.2,484.5,481.6,482.6,63024,0
20230224,140000,482.6,482.6,480.6,481.4,49122,0
20230224,150000,481.4,481.4,479.1,480.7,76264,0
20230224,160000,480.8,480.8,478.4,479.3,37048,0
20230224,170000,479.3,480.9,478.1,479.4,39312,0
20230224,180000,479.5,481.2,479.5,479.8,27356,0
20230224,190000,479.5,480.5,478,478.4,60874,0
20230224,200000,478.2,479.7,478.2,479.1,9715,0
20230224,210000,479.3,479.7,479,479.7,14299,0
20230224,220000,479.7,481.5,478.9,481,36443,0
20230224,230000,481.4,481.4,480.2,480.8,28461,0
20230227,100000,470.2,481,469.9,479.8,463658,0
20230227,110000,479.8,479.8,476.1,476.7,131118,0
20230227,120000,476.8,478.9,476.2,478.1,56836,0
20230227,130000,478.2,479.5,477.8,478.2,53351,0
20230227,140000,478.2,479.3,477.6,478.4,44422,0
20230227,150000,478.3,487.5,478.3,485.4,255814,0
20230227,160000,485.4,489,484.5,487.7,195293,0
20230227,170000,487.7,492.3,487.5,490.8,265585,0
20230227,180000,491,491.4,486.7,487.9,88901,0
20230227,190000,487.9,491,485.1,489.9,108265,0
20230227,200000,490,490.5,488.8,489.5,21586,0
20230227,210000,489.5,490.5,488.4,489.4,39151,0
20230227,220000,489.3,490.7,488.6,489.3,38653,0
20230227,230000,489.5,490,488.4,489,30231,0
20230228,100000,492,497.6,490.1,491,655281,0
20230228,110000,491,495.9,490.5,494,214117,0
20230228,120000,493.9,494.4,491.7,493.9,102165,0
20230228,130000,494,495,492,492.9,99788,0
20230228,140000,493,493.8,489.2,492.4,175835,0
20230228,150000,492.4,492.6,490.8,492.5,70121,0
20230228,160000,492.4,494.2,492,494,117511,0
20230228,170000,494,494,493.1,493.8,29698,0
20230228,180000,493.7,495.5,493,495.4,140702,0
20230228,190000,495.3,495.3,493,494.1,21218,0
20230228,200000,494.1,495.5,494,495.5,35351,0
20230228,210000,495.5,495.7,494.6,495.1,28117,0
20230228,220000,495,497,494.8,496.7,69042,0
20230228,230000,496.7,502,496.3,499.4,199629,0
20230301,100000,503.4,511.9,502,508.1,869305,0
20230301,110000,508,510.5,507.4,509.4,225554,0
20230301,120000,509.8,511,507.5,508.1,176344,0
20230301,130000,508.1,510.4,508,509.9,86721,0
20230301,140000,509.9,509.9,507.6,509.1,88062,0
20230301,150000,509.1,509.2,503,506.5,233428,0
20230301,160000,506.5,508,505.3,505.4,103453,0
20230301,170000,505.3,507.9,503.1,507,144941,0
20230301,180000,507.1,507.5,505.4,507.5,53822,0
20230301,190000,507.5,509,506.5,508.8,42505,0
20230301,200000,508.9,509.1,507.8,508.5,41631,0
20230301,210000,508.5,511.4,508.3,510.8,114523,0
20230301,220000,510.9,511.5,509.3,510.1,60081,0
20230301,230000,510.1,510.6,509.3,510.1,46169,0
20230302,100000,508.1,509.9,505.1,508.6,269770,0
20230302,110000,508.5,508.7,506.5,507.4,67546,0
20230302,120000,507.4,507.8,502,503.2,294790,0
20230302,130000,503,503.2,492.9,499,1069467,0
20230302,140000,499,505.7,495.1,505.3,356097,0
20230302,150000,505.2,505.7,500.1,500.4,191803,0
20230302,160000,500.4,501.5,496.8,496.9,120413,0
20230302,170000,496.9,500,496.8,499.3,62678,0
20230302,180000,499.3,501.6,498.8,501.2,49620,0
20230302,190000,502.9,503.1,500.1,502.6,38104,0
20230302,200000,502.6,502.6,500,500.5,34745,0
20230302,210000,500.7,501.6,499.4,500.6,34238,0
20230302,220000,500.8,502.6,500.3,500.6,42500,0
20230302,230000,500.6,502.3,497.2,498,63995,0
20230303,100000,500,504.8,500,501.9,281944,0
20230303,110000,502,504.9,501.6,504,205872,0
20230303,120000,503.8,504.4,503.1,503.4,59118,0
20230303,130000,503.3,506.9,503,505.9,159406,0
20230303,140000,506,506,503.1,504,79748,0
20230303,150000,504,504.8,503,503.9,37296,0
20230303,160000,503.9,505.2,503.7,504.9,63193,0
20230303,170000,505,505.9,503.7,505,84194,0
20230303,180000,504.8,505.9,504.4,504.5,31824,0
20230303,190000,505.9,508.2,505,507.9,75698,0
20230303,200000,507.9,507.9,506.8,506.8,27801,0
20230303,210000,507,507.2,506.7,506.9,28586,0
20230303,220000,506.9,507.7,506.8,507.3,50529,0
20230303,230000,507.3,507.7,506.2,506.8,44690,0
20230306,100000,510.8,515.3,508.6,512,336708,0
20230306,110000,511.9,513.6,511.8,512.7,129407,0
20230306,120000,512.7,513.1,511.6,512.7,63071,0
20230306,130000,512.7,512.9,511.6,512.3,27024,0
20230306,140000,512.2,512.6,510.7,512.2,53069,0
20230306,150000,512.3,514.4,512.2,513,95549,0
20230306,160000,513.1,513.5,510.9,512,77689,0
20230306,170000,512,513,510.9,512.9,40278,0
20230306,180000,512.9,513,511.9,512,24158,0
20230306,190000,512.4,512.4,511,511.4,24296,0
20230306,200000,511.4,511.7,510.6,511.5,22537,0
20230306,210000,511.6,511.9,510.4,511,38559,0
20230306,220000,511,511,510,510.5,49728,0
20230306,230000,510.5,510.8,509.5,510.3,20204,0
20230307,100000,511,511,505.4,508,267071,0
20230307,110000,508,510.5,506.6,509.3,103889,0
20230307,120000,509.2,510.2,508.4,509.5,46740,0
20230307,130000,509.3,509.9,507.9,508.4,31582,0
20230307,140000,508.4,508.7,508,508.3,13932,0
20230307,150000,508.3,508.7,507.5,507.9,26452,0
20230307,160000,507.8,508.1,506.3,506.6,66554,0
20230307,170000,506.7,508.1,505.5,507.4,74088,0
20230307,180000,507.3,507.3,503,503.6,209402,0
20230307,190000,503.6,505.1,500.3,505,233834,0
20230307,200000,505.1,507.1,503.6,504.8,135514,0
20230307,210000,504.9,504.9,503.5,504.1,41853,0
20230307,220000,504.2,506.4,504,505,59510,0
20230307,230000,505,506.8,504.9,506.8,46691,0
20230309,100000,505.9,509.7,503.4,506.5,267558,0
20230309,110000,506.4,507.5,505.3,506.6,66635,0
20230309,120000,506.5,506.6,503.7,505.9,109898,0
20230309,130000,505.7,507.4,505.5,506.5,31324,0
20230309,140000,506.5,509,506.3,508.8,78862,0
20230309,150000,508.8,509.5,506,507.6,116238,0
20230309,160000,507.6,509.6,506.5,509,79202,0
20230309,170000,509,510.5,508.8,509.7,146387,0
20230309,180000,509.7,510.3,508.8,509.9,59858,0
20230309,190000,509.8,509.8,508.2,508.7,41875,0
20230309,200000,508.8,510,508.3,509,19612,0
20230309,210000,509.1,509.8,509,509.6,16444,0
20230309,220000,509.6,510,508.2,509,34265,0
20230309,230000,509.2,509.3,507.3,507.9,28963,0
20230310,100000,506.8,507,504,507,219931,0
20230310,110000,507,507.4,505.6,507.2,40442,0
20230310,120000,507.2,509,506.8,508.4,60387,0
20230310,130000,508.4,508.6,506.4,507.2,37285,0
20230310,140000,507.2,507.9,506.5,506.9,28655,0
20230310,150000,506.8,507.1,505.6,506,45021,0
20230310,160000,506,508.8,506,508.2,72876,0
20230310,170000,508.5,509.9,507.4,509.9,96086,0
20230310,180000,509.9,510.7,509.2,510,153267,0
20230310,190000,510.5,510.5,508.3,508.7,51608,0
20230310,200000,508.7,509.9,508.2,509.6,45332,0
20230310,210000,509.8,509.9,506.6,508.4,73133,0
20230310,220000,508.4,508.6,506.8,508.3,56988,0
20230310,230000,508.3,508.6,507.7,508.2,23009,0
20230313,100000,512.9,517.9,511.7,516.6,529531,0
20230313,110000,516.9,519.5,515.4,518.8,230521,0
20230313,120000,518.7,524.6,517.2,522.9,659198,0
20230313,130000,522.9,523.4,520.6,522.2,296730,0
20230313,140000,522.2,523.2,521,522.4,212028,0
20230313,150000,522.2,522.6,516.2,518.7,546086,0
20230313,160000,518.7,524,518.4,522.8,243913,0
20230313,170000,522.8,535,522.5,534.9,805854,0
20230313,180000,535,538.4,531.5,535.1,552657,0
20230313,190000,535.1,543.8,534.5,537,795968,0
20230313,200000,537.1,541.7,536.2,539.5,384405,0
20230313,210000,539.5,542.5,538.5,540.9,197546,0
20230313,220000,540.9,541.6,539.2,541.3,166825,0
20230313,230000,541.3,545,541,544.6,259295,0
20230314,100000,544.8,561.3,538.5,558.6,2521174,0
20230314,110000,558.6,563.6,551.3,553.4,1353703,0
20230314,120000,553.5,556.3,548.7,549.6,696581,0
20230314,130000,549.6,553.5,548,551.3,331489,0
20230314,140000,551.3,553.5,549.5,551.8,192524,0
20230314,150000,551.7,558.6,551.6,556.7,487937,0
20230314,160000,556.9,557.6,546.1,549.9,629153,0
20230314,170000,549.9,552.8,548.2,551.8,278685,0
20230314,180000,551.7,552.2,550,550,83923,0
20230314,190000,552,552,546.8,549.1,156807,0
20230314,200000,549,552.2,548.3,550.1,86363,0
20230314,210000,550,550.5,546.9,547.9,87491,0
20230314,220000,548.1,549.9,547.5,549.3,48765,0
20230314,230000,549.4,551.4,549.3,550,62412,0
20230315,100000,549.8,550.7,532.8,542.3,1279796,0
20230315,110000,542.3,542.4,534,535.8,577085,0
20230315,120000,536.1,546.2,535,544.7,376144,0
20230315,130000,544.5,547.7,542.3,545,444456,0
20230315,140000,545,556.9,543.2,553.9,671854,0
20230315,150000,553.8,559.6,553,556.3,565043,0
20230315,160000,556.3,556.8,548,551.6,380989,0
20230315,170000,551.6,552.3,548,550.4,220556,0
20230315,180000,550.4,554.1,550.1,550.5,119954,0
20230315,190000,550.5,558,550.5,553.9,198500,0
20230315,200000,553.9,554,549.8,551,143333,0
20230315,210000,551,552,547.5,548.5,150436,0
20230315,220000,548.9,550.5,548.2,550.3,63908,0
20230315,230000,550.2,550.9,547.1,549.4,85542,0
20230316,100000,550.5,551,536.2,543.6,1112825,0
20230316,110000,543.7,545.5,540.3,540.9,253433,0
20230316,120000,541,542.9,536.7,538,350664,0
20230316,130000,538,542.3,537.8,540.6,159824,0
20230316,140000,540.8,540.9,536.1,536.5,255702,0
20230316,150000,536.6,536.7,527.4,531.4,778280,0
20230316,160000,531.4,533.7,529.1,531.6,320582,0
20230316,170000,531.6,538.8,531,536.1,382515,0
20230316,180000,536.1,537.4,530.8,531.7,186332,0
20230316,190000,531.7,535.9,531.1,534,67509,0
20230316,200000,534,534.1,531,531.4,87405,0
20230316,210000,531.7,533,531,531.6,30331,0
20230316,220000,531.6,533.8,531.6,533.6,41604,0
20230316,230000,533.5,535.8,533.4,534.8,64169,0
20230317,100000,538.2,542.3,536.2,541,505769,0
20230317,110000,541,545.6,540.7,542.3,430724,0
20230317,120000,542.2,542.5,540.1,541.1,106890,0
20230317,130000,541.1,541.1,536.6,537,136046,0
20230317,140000,537,540.6,535.7,539.2,243486,0
20230317,150000,539.2,543.5,539.2,542.2,206101,0
20230317,160000,542.1,544.5,541.1,541.8,156501,0
20230317,170000,541.8,545.9,540,543.6,282429,0
20230317,180000,543.9,545.3,540.9,542.4,120987,0
20230317,190000,544.5,544.5,540.9,541.3,49126,0
20230317,200000,541.4,544.4,541.3,543.7,68188,0
20230317,210000,543.8,553.3,543.7,550.5,320286,0
20230317,220000,550.5,550.6,545.3,546.6,207375,0
20230317,230000,546.6,548,545.4,546.5,104610,0
20230320,100000,555.8,561,553.1,556.2,775896,0
20230320,110000,556.2,558.6,555.5,555.9,170134,0
20230320,120000,555.9,556.7,551,551.3,343580,0
20230320,130000,551.3,553,548.7,551.9,194460,0
20230320,140000,551.9,556,551.7,554.6,184541,0
20230320,150000,554.6,555.5,551.3,553,102513,0
20230320,160000,553,555.2,551.3,553.7,83795,0
20230320,170000,553.8,554.5,550.1,551.2,172864,0
20230320,180000,551.1,553.2,551,552.9,58481,0
20230320,190000,550.1,554.4,550.1,552.4,45694,0
20230320,200000,552.4,553.4,551.5,552,62749,0
20230320,210000,552,553.6,551.5,552.5,57303,0
20230320,220000,552.4,553,550.2,550.8,118373,0
20230320,230000,551.1,551.8,550.8,551.5,41527,0
20230321,100000,549,552.1,543.3,544.8,385909,0
20230321,110000,544.8,546.8,542.3,546.5,201465,0
20230321,120000,546.6,546.8,543.3,544.2,76251,0
20230321,130000,544.2,545.2,543.5,545.1,43266,0
20230321,140000,545.1,547.7,544.6,547,54498,0
20230321,150000,547,547.4,545.5,546,51569,0
20230321,160000,546.2,546.3,544,544.1,59857,0
20230321,170000,544.1,545.7,543,544.1,108415,0
20230321,180000,544.2,544.3,542.3,542.3,69625,0
20230321,190000,543.8,543.8,537.6,541.3,125167,0
20230321,200000,541.2,543,541.2,542.4,33377,0
20230321,210000,542.2,542.4,539.3,540.9,55189,0
20230321,220000,540.9,542,540.1,541,29390,0
20230321,230000,541,541.9,540.3,540.7,33223,0
20230322,100000,540.3,542.5,536,537.4,294900,0
20230322,110000,537.5,547.9,537.4,545.5,334866,0
20230322,120000,545.6,549.8,545.4,548.3,200330,0
20230322,130000,548.3,548.7,544.7,547.7,101914,0
20230322,140000,547.6,547.9,544.2,545.1,55336,0
20230322,150000,545.1,546.5,544,545.7,36135,0
20230322,160000,545.7,546.4,544.6,546.3,30089,0
20230322,170000,546.1,550.5,546.1,550.2,149935,0
20230322,180000,550.2,551.9,549.3,550.5,119569,0
20230322,190000,550.5,551.5,548,550.6,62914,0
20230322,200000,550.6,550.8,548,549.7,22272,0
20230322,210000,549.7,558.9,549.7,554.8,600094,0
20230322,220000,555,556.8,551.7,554.9,259707,0
20230322,230000,554.9,557.5,554.3,557.5,141157,0
20230323,100000,563,566.6,559,561.4,777958,0
20230323,110000,561.3,562,556,556.5,322934,0
20230323,120000,556.9,560.5,555,558,207294,0
20230323,130000,558,559.7,557.8,559.3,30220,0
20230323,140000,559.3,559.3,555,556.3,74795,0
20230323,150000,556.2,556.5,551.5,553.6,145922,0
20230323,160000,553.9,558.7,553.4,558.5,132965,0
20230323,170000,558.6,559.1,556.7,557.5,61353,0
20230323,180000,557.5,559,557.2,558.6,28678,0
20230323,190000,560,562.7,558,561.7,126925,0
20230323,200000,561.6,561.9,559.7,561.2,97453,0
20230323,210000,561,562.2,559.7,559.9,81028,0
20230323,220000,559.9,560.7,558,558.9,114364,0
20230323,230000,558.9,559.7,554.2,555.5,96313,0
20230324,100000,554.8,557.4,544.4,555.7,337719,0
20230324,110000,555.8,557,553.4,554.3,165310,0
20230324,120000,554.3,558.5,554.2,557.1,127259,0
20230324,130000,557.1,559.5,556.6,557.5,106763,0
20230324,140000,557.4,557.9,556,556.8,55267,0
20230324,150000,556.8,560,556.4,559.4,185287,0
20230324,160000,559.4,561.4,555.4,555.9,205730,0
20230324,170000,555.9,562.6,555.7,559.7,310294,0
20230324,180000,559.5,560.4,557.8,558,146208,0
20230324,190000,556.3,559.7,556.2,559.1,30915,0
20230324,200000,559.2,559.4,556.8,557.5,56498,0
20230324,210000,557.4,558.9,556.4,558.9,50460,0
20230324,220000,558.8,558.8,556,557.3,72543,0
20230324,230000,557.3,557.9,555.8,556.6,64870,0
20230327,100000,555,558.9,554.1,558,173161,0
20230327,110000,557.9,557.9,555.7,556,55370,0
20230327,120000,556,556.5,552.1,553.4,175948,0
20230327,130000,553.5,555.5,552.3,555,160083,0
20230327,140000,554.9,557.5,554.5,557,132271,0
20230327,150000,556.9,558.5,555.8,556.3,89646,0
20230327,160000,556.4,556.9,554.6,555.3,65210,0
20230327,170000,555.5,557.4,555.1,556.4,33632,0
20230327,180000,556.4,557.9,556.3,557.9,47202,0
20230327,190000,557.9,558,555.1,556.4,49426,0
20230327,200000,556,557.3,555.3,556.9,35877,0
20230327,210000,556.9,556.9,556.2,556.7,14419,0
20230327,220000,556.7,557.6,556.2,556.7,33562,0
20230327,230000,556.7,557.1,556.3,557,10185,0
20230328,100000,557.4,557.9,555,555.1,95398,0
20230328,110000,555.2,555.8,553.4,553.7,98035,0
20230328,120000,553.7,556.4,553.3,555.5,66165,0
20230328,130000,555.4,556.5,554.3,556.2,52521,0
20230328,140000,556.2,557,555.5,556.7,30857,0
20230328,150000,556.7,560,556.7,559.2,228070,0
20230328,160000,559.3,559.9,558.5,559.5,155204,0
20230328,170000,559.4,566,558.3,565.5,509906,0
20230328,180000,565.6,567.5,562.2,563.4,228055,0
20230328,190000,562.9,564.3,561.1,563.3,64205,0
20230328,200000,563.3,565,562.6,564.8,71438,0
20230328,210000,564.8,564.9,562.2,562.7,40100,0
20230328,220000,562.9,564.4,562.7,564,45229,0
20230328,230000,564,564.3,561.5,564.2,102872,0
20230329,100000,561.6,562.2,555,561.4,322186,0
20230329,110000,561.4,561.8,559.8,560.5,63609,0
20230329,120000,560.4,562.7,559.9,561.8,180973,0
20230329,130000,561.8,563.2,560.5,561,136108,0
20230329,140000,561,562,560,561.5,65739,0
20230329,150000,561.5,561.9,560.1,561.7,45869,0
20230329,160000,561.6,561.7,560.2,560.8,44615,0
20230329,170000,560.8,561.2,559.2,559.5,92396,0
20230329,180000,559.6,559.6,557.5,558,90880,0
20230329,190000,558,559.8,557.9,559.2,34174,0
20230329,200000,559.2,559.3,558.1,559.3,14896,0
20230329,210000,559.3,559.4,558.1,559,20397,0
20230329,220000,559.1,559.2,558.6,559,24128,0
20230329,230000,559.1,559.3,558.4,558.9,23397,0
20230330,100000,560.8,561.9,559,559.9,166256,0
20230330,110000,559.9,560.8,558.1,559.4,62596,0
20230330,120000,559.2,561,559,561,42855,0
20230330,130000,561,562,559.8,561.2,68364,0
20230330,140000,561.2,562.7,561,562.4,48431,0
20230330,150000,562.4,563.9,560.9,563,120418,0
20230330,160000,562.9,563.2,561.1,562.1,63202,0
20230330,170000,562.1,562.4,560,561.2,47725,0
20230330,180000,561.4,561.9,561,561.1,22324,0
20230330,190000,561.8,567.5,561.2,565.6,236136,0
20230330,200000,565.5,566.9,564.3,565.1,100774,0
20230330,210000,565,565.4,564.4,564.8,36095,0
20230330,220000,564.6,565.1,563.6,564.7,41948,0
20230330,230000,564.7,565.5,563.8,565.5,34718,0
20230331,100000,567.4,571.5,563.5,565,568892,0
20230331,110000,565,566.3,563.9,565.1,87729,0
20230331,120000,565,566.2,561.1,563.2,159432,0
20230331,130000,563.1,564.6,560,563.9,194166,0
20230331,140000,563.9,565.7,562.3,564.9,92972,0
20230331,150000,564.6,567.8,561.8,565.1,182029,0
20230331,160000,565.1,565.1,563.1,564.3,45238,0
20230331,170000,564.3,564.7,563,563,50002,0
20230331,180000,563.1,563.6,562.1,562.5,37742,0
20230331,190000,562.5,564.8,562.5,564,19596,0
20230331,200000,564,564,562.5,562.9,24237,0
20230331,210000,562.9,563.6,562.4,563,17292,0
20230331,220000,562.8,564.1,562.5,563.5,25327,0
20230331,230000,563.9,564,562.4,562.9,21719,0
20230403,100000,559.9,562.9,557,560.5,225445,0
20230403,110000,560.6,561.6,558.5,560.4,171862,0
20230403,120000,560.4,561.8,559.6,559.9,59121,0
20230403,130000,559.6,561.6,559.5,561.5,53580,0
20230403,140000,561.5,561.6,560,561.1,48665,0
20230403,150000,561.1,563.2,561,563,106559,0
20230403,160000,563,563,560.9,562.2,34282,0
20230403,170000,562,568.7,561.8,566.6,434534,0
20230403,180000,566.6,567,564.3,565.6,136752,0
20230403,190000,565.5,567.7,564.8,565.6,115283,0
20230403,200000,565.6,565.6,562.5,565.2,46679,0
20230403,210000,565.2,565.9,564.6,565.6,15668,0
20230403,220000,565.6,566,565.1,565.6,24359,0
20230403,230000,565.6,565.9,565.1,565.2,17162,0
20230404,100000,565.8,566.9,564,564.8,155584,0
20230404,110000,564.8,566,564.5,565.4,65544,0
20230404,120000,565.4,565.7,564.7,565,29590,0
20230404,130000,565,565.8,563,563.1,67875,0
20230404,140000,563.2,564,562.6,563.5,49708,0
20230404,150000,563.6,563.9,562.4,562.9,42206,0
20230404,160000,562.9,565.9,562.1,565.8,75922,0
20230404,170000,565.8,572.8,565.7,568.2,675881,0
20230404,180000,568.1,570,568.1,568.4,95372,0
20230404,190000,568.5,571.5,568.5,570.1,70991,0
20230404,200000,570.1,570.8,569.5,569.8,49082,0
20230404,210000,569.5,573,569.5,573,89549,0
20230404,220000,573,584,572.9,581.4,660476,0
20230404,230000,581.7,581.8,580,581,94202,0
20230405,100000,581.1,591,576.1,587,820401,0
20230405,110000,586.9,592.6,583.6,586.8,373604,0
20230405,120000,586.8,589.8,585.5,588.9,172971,0
20230405,130000,588.8,588.9,586.5,586.9,76002,0
20230405,140000,586.9,586.9,583,585.9,134205,0
20230405,150000,585.9,589.4,585.5,588.3,184216,0
20230405,160000,588.3,588.8,586,587.2,97501,0
20230405,170000,587.2,588.7,580.1,585.5,244270,0
20230405,180000,585.4,589,583.4,589,89631,0
20230405,190000,587.2,588,585,586.9,35628,0
20230405,200000,586.9,588,586.4,587.5,29047,0
20230405,210000,587.5,587.6,586.5,586.9,17321,0
20230405,220000,586.9,586.9,585.7,585.8,20541,0
20230405,230000,586.1,587.3,585.6,586.4,31478,0
20230406,100000,585.9,588.2,584.1,585,169127,0
20230406,110000,585,586.8,584.6,585.6,55798,0
20230406,120000,585.6,586.5,584,584.9,59613,0
20230406,130000,584.9,584.9,582.8,584.8,111797,0
20230406,140000,584.8,586.8,584.7,585.6,73793,0
20230406,150000,585.6,586.6,584.1,585,93767,0
20230406,160000,584.8,586.3,582,584.1,141098,0
20230406,170000,584.1,585.4,583.6,584.8,38182,0
20230406,180000,584.6,585.4,584,584.6,19079,0
20230406,190000,584,586.5,584,585.9,25840,0
20230406,200000,585.9,586.4,585.4,586.2,15974,0
20230406,210000,586.1,587.4,585.1,585.3,30794,0
20230406,220000,585.3,585.4,584.5,584.6,54665,0
20230406,230000,584.5,584.8,581.1,582.1,88174,0
20230407,100000,582.6,586.8,581.1,584.5,122517,0
20230407,110000,584.5,585,583.6,585,80183,0
20230407,120000,585,586.1,584.1,585.7,92122,0
20230407,130000,585.7,588,585.4,587.3,101407,0
20230407,140000,587.1,590.8,586.2,590.2,294837,0
20230407,150000,590.2,591.3,585.2,587.8,183888,0
20230407,160000,587.8,588.3,585.7,587.2,68875,0
20230407,170000,587.2,588.2,587,588.2,64870,0
20230407,180000,588.1,588.2,586.6,588,56771,0
20230407,190000,586.4,590,586.4,589,36634,0
20230407,200000,589,589.9,587.8,588.9,82072,0
20230407,210000,588.8,589.5,588.5,589,18673,0
20230407,220000,589,589,588.1,588.7,19877,0
20230407,230000,588.3,588.9,588,588.7,27378,0
20230410,100000,590.3,597,588.5,596,289429,0
20230410,110000,596,601.2,594.8,600.5,343322,0
20230410,120000,600.4,616.7,600.3,609.9,857199,0
20230410,130000,609.9,611,607.1,610.7,209292,0
20230410,140000,610.7,616.4,610.4,613.8,407183,0
20230410,150000,613.8,617.7,611.8,612.5,299406,0
20230410,160000,612.5,617.2,610.7,615.4,313930,0
20230410,170000,615.3,616.9,613.4,615.3,124821,0
20230410,180000,615.3,616,614.5,616,51232,0
20230410,190000,614.7,618.4,614.7,617.1,83141,0
20230410,200000,617.3,624.8,614.9,620.9,203975,0
20230410,210000,620.7,626.9,620.3,624.4,254917,0
20230410,220000,624.4,626.8,623,625.4,128500,0
20230410,230000,625.2,626.5,623.9,626.2,89893,0
20230411,100000,629.5,650,628.3,649.3,1444328,0
20230411,110000,649.1,660.9,647.4,654.8,1654615,0
20230411,120000,654.8,658,651.3,653.5,327827,0
20230411,130000,653.3,656,651,651.5,194408,0
20230411,140000,651.4,655,651,652,164522,0
20230411,150000,652,652.6,642.3,643,444817,0
20230411,160000,643.2,643.2,624.1,640,1367146,0
20230411,170000,639.7,652,637.4,648.7,697393,0
20230411,180000,648.7,649.9,642.1,644,204241,0
20230411,190000,643.1,649,642.5,642.9,112778,0
20230411,200000,642.6,644.2,635.1,640.6,188251,0
20230411,210000,640.6,642.6,639.1,641.5,52121,0
20230411,220000,641.4,642.7,640.4,640.9,43184,0
20230411,230000,640.9,642.7,640,642.7,52453,0
20230412,100000,647.8,655,645.2,650.4,494519,0
20230412,110000,650.3,650.4,644.4,645.3,133422,0
20230412,120000,645.3,646.9,641.5,646.5,136568,0
20230412,130000,646.5,650,645.7,648.6,95400,0
20230412,140000,648.5,650.9,647.3,649.9,63013,0
20230412,150000,649.8,655,648,653.5,256033,0
20230412,160000,653.4,653.5,645.3,647.3,170617,0
20230412,170000,647.3,649.3,643.6,645.3,141376,0
20230412,180000,645.3,647.8,644.4,646.9,38708,0
20230412,190000,648.5,648.5,645,647.8,30695,0
20230412,200000,648,648.3,646.7,647.8,14892,0
20230412,210000,647.8,650,647.1,648.5,28611,0
20230412,220000,648.6,651.9,648.6,650.1,55041,0
20230412,230000,650,650.5,647.3,648.3,41552,0
20230413,100000,651.4,654.7,648.5,650.8,207160,0
20230413,110000,650.8,652.2,648.2,649,103298,0
20230413,120000,648.9,650.8,648.5,648.8,48259,0
20230413,130000,648.8,650.5,648.1,650.3,83581,0
20230413,140000,650.3,651.7,649.7,650.6,50089,0
20230413,150000,650.5,665.4,650.4,664.2,561246,0
20230413,160000,664.2,672.9,661,671.8,943766,0
20230413,170000,672,672.5,662.3,665.3,445219,0
20230413,180000,665.6,670.6,665,669.6,215141,0
20230413,190000,669.4,672,667.8,669.7,154285,0
20230413,200000,669.7,679.8,669.5,678,336392,0
20230413,210000,678.1,682.2,676,680.1,319800,0
20230413,220000,680.3,681,677.4,679,228238,0
20230413,230000,678.9,684.7,678.1,684.6,228707,0
20230414,100000,688.9,691.8,673.4,679.5,857032,0
20230414,110000,679.4,682.5,675,680.5,295140,0
20230414,120000,680.5,686.8,678.5,686.1,168707,0
20230414,130000,686,689,684.2,687,270240,0
20230414,140000,687,687.1,677,680.1,225936,0
20230414,150000,680.2,688.6,677.1,677.2,563694,0
20230414,160000,677.2,682.7,673.7,678,578004,0
20230414,170000,677.7,679.2,674.2,675.6,282518,0
20230414,180000,675.5,676,670.8,673,324928,0
20230414,190000,670.6,677.8,670.6,677.6,185708,0
20230414,200000,677.2,679.8,675.8,677.8,96681,0
20230414,210000,677.8,679.2,676,677.4,50839,0
20230414,220000,677.3,678.2,676,677,67540,0
20230414,230000,677,679.2,676.5,678.4,73291,0
20230417,100000,680.8,687.3,680.4,684.2,274647,0
20230417,110000,684.1,684.4,680.8,682.1,102575,0
20230417,120000,682,682.8,678.1,682.2,162683,0
20230417,130000,682.3,682.4,678.5,681.2,94656,0
20230417,140000,681.2,684.9,680,683.6,155821,0
20230417,150000,683.6,689.4,683.5,686.2,328835,0
20230417,160000,686.1,687.8,681.2,684.6,174734,0
20230417,170000,684.4,684.6,679.8,680.9,135189,0
20230417,180000,681,683.9,679.5,682.1,117499,0
20230417,190000,681,684,679.6,681,88037,0
20230417,200000,681.1,685,680.6,682.9,83557,0
20230417,210000,683,683.5,682,682.7,16626,0
20230417,220000,682.7,684.9,682.4,684.7,49775,0
20230417,230000,684.6,685,683,683.9,43170,0
20230418,100000,684.9,687,680.2,684,233326,0
20230418,110000,684.1,686.5,683.3,683.4,95448,0
20230418,120000,683.5,684.2,670.2,674.3,257169,0
20230418,130000,674.4,681.4,674,680,190356,0
20230418,140000,679.8,683.2,679.4,682.6,73917,0
20230418,150000,682.6,683.8,681.7,682.4,43851,0
20230418,160000,682.5,682.9,680.4,681.2,68376,0
20230418,170000,681.4,684.3,680.6,684.3,124699,0
20230418,180000,684.3,686.9,683.1,683.9,149808,0
20230418,190000,682,685.7,682,682.9,25154,0
20230418,200000,682.9,683.5,682,682.9,13993,0
20230418,210000,682.8,683.2,681.6,682.9,22342,0
20230418,220000,682.8,685,682.5,683.6,32608,0
20230418,230000,683.6,683.9,682,683.4,23239,0
20230419,100000,682.8,683,677,680.7,182431,0
20230419,110000,680.7,681,675.1,677.7,209123,0
20230419,120000,677.7,677.9,671.1,675.5,291313,0
20230419,130000,675.5,676.6,673,675.4,116019,0
20230419,140000,675.5,677.5,674.1,674.8,113457,0
20230419,150000,674.8,674.8,662.1,666.6,380397,0
20230419,160000,666.6,671.8,652.6,661.5,399094,0
20230419,170000,661.4,672.4,657.3,666.9,311615,0
20230419,180000,667,670.2,666.5,668.8,72095,0
20230419,190000,666.8,673,666.2,672.4,62854,0
20230419,200000,672.5,673,669.9,670.4,26385,0
20230419,210000,670.2,671.4,668,670.3,43484,0
20230419,220000,670.2,670.5,662.3,664.6,83614,0
20230419,230000,664.9,667.4,664.2,666.2,60519,0
20230420,100000,668.3,674,663.2,666.9,211397,0
20230420,110000,666.9,667.1,653.4,658.3,249049,0
20230420,120000,658.3,667.4,658.3,667.4,201668,0
20230420,130000,667.3,670,665.2,667.9,106794,0
20230420,140000,667.8,675,666.1,674,193464,0
20230420,150000,674,676.2,669.9,672.8,236701,0
20230420,160000,672.8,677.3,672.3,675.7,71895,0
20230420,170000,675.7,677.4,672.7,675,84354,0
20230420,180000,675.2,675.2,672.8,674,36109,0
20230420,190000,672,674.4,672,674,18630,0
20230420,200000,674,677,673.7,675.3,45134,0
20230420,210000,675.1,676,673.5,675.7,21157,0
20230420,220000,675.4,675.4,671,672.5,42295,0
20230420,230000,672.5,673.3,671.1,672.4,25421,0
20230421,100000,669.6,670.6,663.2,667.8,266279,0
20230421,110000,667.8,670.6,667.6,669.7,60033,0
20230421,120000,669.7,671.5,666.4,666.9,87226,0
20230421,130000,667,667.5,666.3,667.2,41621,0
20230421,140000,667.2,668,666.7,667,31748,0
20230421,150000,667,668.5,666.5,667.1,36914,0
20230421,160000,667.1,672,667,668.9,72872,0
20230421,170000,668.8,670.9,667.2,669.4,80784,0
20230421,180000,669.5,671.6,669,669.1,29171,0
20230421,190000,668.1,670.5,667.7,668.8,30575,0
20230421,200000,668.8,669.3,667.8,669.1,12133,0
20230421,210000,669.1,669.2,667,667.7,26765,0
20230421,220000,667.7,668.5,667.3,668,19594,0
20230421,230000,668,668.5,667.8,667.9,23548,0
20230424,100000,668.1,676.5,666.7,673.1,251731,0
20230424,110000,673.4,675.8,672.4,675.3,63618,0
20230424,120000,675.3,676.8,674,675.6,62198,0
20230424,130000,675.6,675.7,674.8,675,13751,0
20230424,140000,675,676.3,674.4,675,46411,0
20230424,150000,675,675.7,675,675.4,16585,0
20230424,160000,675.4,675.7,670.1,672.6,86513,0
20230424,170000,672.6,674.7,671.6,674.4,31800,0
20230424,180000,674.3,674.3,672,672.7,17742,0
20230424,190000,674.5,674.5,672.1,673,8238,0
20230424,200000,673.5,675,673.2,675,10020,0
20230424,210000,675,675.4,675,675.1,8578,0
20230424,220000,675.1,675.5,674.5,675.5,23692,0
20230424,230000,675.4,675.7,674.5,674.8,10466,0
20230425,100000,677.1,680,672.8,674.7,191468,0
20230425,110000,674.7,675,672.2,674.5,71682,0
20230425,120000,674.5,675,671,671.6,41361,0
20230425,130000,671.6,671.7,666,667.9,141941,0
20230425,140000,668,669.8,658.5,662.6,175148,0
20230425,150000,662.7,669.6,662.4,669.1,96623,0
20230425,160000,669,669.2,665.2,666.3,28148,0
20230425,170000,666.2,667.4,665.2,666.3,26818,0
20230425,180000,666.3,666.6,664.1,665.6,25306,0
20230425,190000,665.3,670,665.3,667.1,24402,0
20230425,200000,667.4,671.7,666.8,670.3,28860,0
20230425,210000,670.3,671,668.7,669,16620,0
20230425,220000,669,671,668.7,670.4,24728,0
20230425,230000,670.8,670.8,663.9,665.8,51964,0
20230426,100000,667.8,671.7,665.5,667.2,139155,0
20230426,110000,667.5,670.3,666.6,667,44361,0
20230426,120000,667,668,665.5,666,30737,0
20230426,130000,665.8,666.5,664.8,665.1,42203,0
20230426,140000,665.1,667.6,663.6,664,50739,0
20230426,150000,664,665.7,661,665.6,81965,0
20230426,160000,665.6,667.8,663.5,666.6,116800,0
20230426,170000,666.7,667,662.1,663.3,53005,0
20230426,180000,663.3,665.5,663,663.3,25924,0
20230426,190000,662,664.9,662,663.7,18362,0
20230426,200000,664.2,665,663.8,664.2,4165,0
20230426,210000,664.2,665,663.2,664.9,10203,0
20230426,220000,664.9,665,662,663.2,31236,0
20230426,230000,662.9,663.7,662.1,663.2,14348,0
20230427,100000,665,667,663.4,664.2,109832,0
20230427,110000,664.2,665.2,663.2,663.5,33871,0
20230427,120000,663.7,664,662.6,662.9,38017,0
20230427,130000,662.9,666.7,662.7,666.1,81303,0
20230427,140000,666,669.3,665.6,666.4,70079,0
20230427,150000,666.5,668.8,663,664.9,85626,0
20230427,160000,665,666.3,663.6,665.5,58859,0
20230427,170000,665.5,666.3,664.7,665.8,35992,0
20230427,180000,665.8,668.9,664.8,667.8,69736,0
20230427,190000,667.8,668.5,666.1,666.5,15249,0
20230427,200000,666.9,667.5,666.6,666.8,4314,0
20230427,210000,666.8,666.9,666,666.5,10391,0
20230427,220000,666.6,666.7,666,666,9264,0
20230427,230000,666.1,667.2,666,666.5,20123,0
20230428,100000,668.4,668.6,666.4,667.5,49786,0
20230428,110000,667.5,667.6,663.4,664.3,55835,0
20230428,120000,664.7,666.1,663.2,665.2,20898,0
20230428,130000,665.3,665.7,623,652.5,878821,0
20230428,140000,652.5,653.6,640,647.2,332519,0
20230428,150000,647.2,653.9,645,652.8,160419,0
20230428,160000,652.8,652.9,647,649,100810,0
20230428,170000,649,655.7,647.2,655.6,75551,0
20230428,180000,655.6,659.5,655,656.5,54292,0
20230428,190000,656.1,657.6,655,655.8,20407,0
20230428,200000,655.8,655.8,649.9,652.5,41887,0
20230428,210000,652.5,654.5,652.3,654.5,11330,0
20230428,220000,654.1,656.9,654,656.3,32409,0
20230428,230000,656.3,656.4,652.9,653.7,29287,0
20230502,100000,653,659,645.4,645.8,165267,0
20230502,110000,645.9,648.9,641.9,643.5,193471,0
20230502,120000,643.4,648,642.1,643.8,81046,0
20230502,130000,643.8,649.5,643.6,649.3,86977,0
20230502,140000,649.4,649.4,646.6,648,31972,0
20230502,150000,648,648.3,640.9,640.9,104674,0
20230502,160000,640.9,646.2,636,637.3,132320,0
20230502,170000,637.9,642,634,634.5,255159,0
20230502,180000,634.1,650,631.4,649.4,258124,0
20230502,190000,649.4,656.7,648.1,649.8,76756,0
20230502,200000,649.4,652.9,648.4,648.7,31427,0
20230502,210000,648.5,648.8,644,645.9,31254,0
20230502,220000,645.8,649.3,645.8,647.7,32201,0
20230502,230000,647.8,647.9,644,646.6,27340,0
20230503,100000,646.1,648.8,634,639.2,308549,0
20230503,110000,638.9,639.2,635,638.9,80346,0
20230503,120000,638.9,645,638.7,643.8,67802,0
20230503,130000,643.9,644.8,640.8,644.4,27816,0
20230503,140000,644.2,644.2,639,641.6,40850,0
20230503,150000,641.9,641.9,635.5,637.1,74787,0
20230503,160000,637.1,640.7,631.8,634,114434,0
20230503,170000,634,636.2,624.5,628.9,234527,0
20230503,180000,628.9,632,625,627.3,137567,0
20230503,190000,625,630,612,623.8,435164,0
20230503,200000,623.8,628,621.2,626.7,154922,0
20230503,210000,626.5,630,617,617.3,242176,0
20230503,220000,617.5,622.3,616.4,619.1,183179,0
20230503,230000,619.1,621.2,615.9,615.9,120784,0
20230504,100000,617.9,631,616,620.1,643585,0
20230504,110000,620,624.8,618.2,620.1,122837,0
20230504,120000,620,624.5,618.7,622.4,58847,0
20230504,130000,622.2,625.8,622.1,624.6,44568,0
20230504,140000,625,629.9,623.2,629.1,126958,0
20230504,150000,629.1,636.3,626.7,627.5,249856,0
20230504,160000,627.5,633.9,623,631.5,141876,0
20230504,170000,632,645,630.2,642.5,317799,0
20230504,180000,642.4,644.8,637,644.3,215014,0
20230504,190000,643.2,648.8,642.1,645.9,144039,0
20230504,200000,645.7,645.9,641.6,642.7,58518,0
20230504,210000,642.6,648,641.8,648,34511,0
20230504,220000,648,648.3,642.6,647,68372,0
20230504,230000,647.1,650,645.4,650,70578,0
20230505,100000,654,656,643.1,652.9,436648,0
20230505,110000,652.7,654,643.5,645.4,146757,0
20230505,120000,645.8,648.7,645.4,647,37262,0
20230505,130000,647.5,647.8,643.3,644.5,35992,0
20230505,140000,644.5,645.9,638.3,640,86188,0
20230505,150000,640.1,641.3,632.6,636.5,336552,0
20230505,160000,636.5,640.1,636.1,639.4,124963,0
20230505,170000,639.4,641.4,635.5,641.2,132011,0
20230505,180000,641.2,642.2,639.5,642.2,27465,0
20230505,190000,641.9,642.3,638.8,641.7,26398,0
20230505,200000,641.7,643,640,640,20583,0
20230505,210000,640.3,640.7,637,637,37282,0
20230505,220000,637,642.1,636.4,638.1,48320,0
20230505,230000,637.4,639,635.4,636.2,49253,0
20230508,100000,636,644,636,640.8,118167,0
20230508,110000,640.8,641,638,639,43127,0
20230508,120000,639,639.4,635.1,635.9,48966,0
20230508,130000,635.9,636.6,631.2,634.6,57109,0
20230508,140000,634.6,638.8,634.4,638.2,46663,0
20230508,150000,638.1,640.2,637.5,640,17154,0
20230508,160000,640.1,643.6,638.9,643.5,42882,0
20230508,170000,643.6,644.4,640.6,640.8,34856,0
20230508,180000,641,642.5,640.6,642.5,15996,0
20230508,190000,642.5,643.6,641,641.1,13029,0
20230508,200000,641.2,641.9,636,638.7,20678,0
20230508,210000,639.1,639.1,637,637.4,19603,0
20230508,220000,637.3,640.4,637.1,637.7,12423,0
20230508,230000,637.7,638.5,635,635.1,35852,0
20230510,100000,639,668.6,639,657.7,1027494,0
20230510,110000,657.8,661.8,655.7,659.3,231773,0
20230510,120000,659.3,668,659.1,664.1,369182,0
20230510,130000,664.1,682.1,664,677.4,1267059,0
20230510,140000,677.5,683,674.5,680.4,435309,0
20230510,150000,680.5,681.5,676.2,679.6,232775,0
20230510,160000,679.5,686.9,678.5,684.5,525892,0
20230510,170000,684.6,684.8,680.2,682.9,238075,0
20230510,180000,682.8,683.8,680.1,681.1,121416,0
20230510,190000,679.5,688.9,677.6,683,146115,0
20230510,200000,683.4,684,682,682.5,28810,0
20230510,210000,682.5,684.5,681.3,682.5,39952,0
20230510,220000,682.5,682.7,678,680.6,111385,0
20230510,230000,680.6,683,680.1,682.7,40731,0
20230511,100000,684.2,702,684.2,700.9,1573487,0
20230511,110000,700.8,702.7,691.3,692.5,523467,0
20230511,120000,692.4,697.7,691.2,697.7,176731,0
20230511,130000,697.7,698.2,685.6,687.6,234242,0
20230511,140000,688.6,694.1,682.5,687.1,417287,0
20230511,150000,687,691.2,685.3,689,91757,0
20230511,160000,689,689.4,680.3,680.9,174911,0
20230511,170000,681.4,689.6,680.9,687.4,117328,0
20230511,180000,687.4,688.2,684.8,685.6,33342,0
20230511,190000,684,687,683.3,684.5,24810,0
20230511,200000,684.5,684.5,668.2,674.5,192668,0
20230511,210000,674.4,677,650.1,665,726110,0
20230511,220000,665.4,674.8,662.7,671.8,516741,0
20230511,230000,671.7,674.6,668.2,668.8,150191,0
20230512,100000,674.5,679.6,666.2,676.9,354041,0
20230512,110000,677.1,677.1,670.1,670.1,80161,0
20230512,120000,670.1,671.1,662.9,669.5,163968,0
20230512,130000,669.5,673.5,669.5,671.3,64684,0
20230512,140000,671.4,671.4,665.3,666.7,43726,0
20230512,150000,666.7,672.8,666.2,672.2,74011,0
20230512,160000,672.2,674.4,671.9,672.6,55437,0
20230512,170000,672.6,673.6,671.9,672.1,39465,0
20230512,180000,672.2,672.2,669.2,670.5,29986,0
20230512,190000,669.1,673.1,669.1,670.5,16328,0
20230512,200000,670.5,671.4,670.3,671.2,12444,0
20230512,210000,671.2,672.5,671.2,672.3,19317,0
20230512,220000,672.3,673,671,672.9,31430,0
20230512,230000,673,673.8,671.3,673.1,35096,0
20230515,100000,679.9,686,678.2,683.1,267661,0
20230515,110000,683.3,689.6,682.3,684.6,185863,0
20230515,120000,684.6,685.6,683.6,684.8,52737,0
20230515,130000,684.8,685.7,683.8,684.8,53339,0
20230515,140000,684.9,685.1,680.2,681.8,102788,0
20230515,150000,681.4,681.9,676.8,680.4,109236,0
20230515,160000,680.4,681.8,678,678.8,72725,0
20230515,170000,678.8,679.3,676.1,679,47996,0
20230515,180000,679.3,681.8,678.2,680.1,33506,0
20230515,190000,681,683.1,678.9,681.4,35828,0
20230515,200000,681.4,683.9,680,681.5,41719,0
20230515,210000,681.4,682,680.4,681.4,10430,0
20230515,220000,681.4,682.6,681,681.4,19733,0
20230515,230000,681.4,686.2,681.4,686.1,43503,0
20230516,100000,688.5,688.5,680.6,681.9,205100,0
20230516,110000,682.1,683.5,676.9,677.9,149666,0
20230516,120000,677.9,680.3,676.6,678.3,109977,0
20230516,130000,678.8,680.4,677,679.5,53643,0
20230516,140000,679.5,679.6,677.6,677.6,54935,0
20230516,150000,677.6,679.5,677,677.5,57750,0
20230516,160000,677.6,678.6,672.5,677.9,238141,0
20230516,170000,677.5,679.1,674,675.7,68993,0
20230516,180000,675.7,677.3,673.8,675,41384,0
20230516,190000,676,677.9,675,675.1,31017,0
20230516,200000,675,675.9,673.1,675.9,24546,0
20230516,210000,675.9,676.1,674.5,675.9,17047,0
20230516,220000,676,677,675,675.7,20815,0
20230516,230000,676,677.6,675.4,676.9,17548,0
20230517,100000,676.9,677,667.2,670.2,162137,0
20230517,110000,670.2,671,667.6,668.9,95923,0
20230517,120000,668.9,671.5,667.8,669.6,83919,0
20230517,130000,669.5,670.8,668,668.1,61758,0
20230517,140000,668.1,668.7,663.8,664.3,139597,0
20230517,150000,664.2,664.7,662.3,663.4,124095,0
20230517,160000,663.5,667.8,663,663.1,133342,0
20230517,170000,663,666.1,662.5,663.2,77097,0
20230517,180000,663.5,666.5,662.9,665.1,41462,0
20230517,190000,666.9,667,665.3,665.6,42867,0
20230517,200000,665.8,666.5,665.3,666,9399,0
20230517,210000,666,670.7,665.9,669.5,54278,0
20230517,220000,669.5,673,669.2,671.9,50304,0
20230517,230000,671.9,672,669.5,670.6,18587,0
20230518,100000,669.9,670.4,664,665.8,126084,0
20230518,110000,665.8,665.9,662.7,665.1,81529,0
20230518,120000,665.1,667,665,665.5,36470,0
20230518,130000,665.5,666.4,664.3,665.3,20849,0
20230518,140000,665.5,666.1,663,663.5,63804,0
20230518,150000,663.6,664.9,657.6,657.6,162289,0
20230518,160000,657.7,659.2,652.7,656,222882,0
20230518,170000,656,658,653.6,654.3,76284,0
20230518,180000,654.4,656,654,654.4,30662,0
20230518,190000,656.1,658.8,654.7,658.7,36323,0
20230518,200000,658.7,658.8,656,657.4,16473,0
20230518,210000,657.3,658.3,656.5,657.1,7649,0
20230518,220000,657.1,657.9,655,656.8,24100,0
20230518,230000,657.2,657.2,655,655.1,20721,0
20230519,100000,655.9,657,646,646.3,219220,0
20230519,110000,646.3,648.8,643.2,647.5,126106,0
20230519,120000,647.4,652,646.8,648.7,112717,0
20230519,130000,648.8,648.8,645.5,646.3,90323,0
20230519,140000,646.3,647.5,643.8,645.1,151179,0
20230519,150000,644.8,645.2,641.4,642.2,100347,0
20230519,160000,642.2,646.2,642.1,643.3,79785,0
20230519,170000,643.2,646,576.8,589.6,2470691,0
20230519,180000,589.6,593,573.8,585.1,3487720,0
20230519,190000,589.9,603.8,587.8,594.8,1299585,0
20230519,200000,594.8,622,594.7,619.7,1551593,0
20230519,210000,619.7,620.5,609,616.6,1207517,0
20230519,220000,617,619,615,617,309817,0
20230519,230000,617,619.7,616,617.6,283696,0
20230522,100000,628.2,630,596.7,606.7,1463328,0
20230522,110000,606.5,607.5,592.9,597.6,442058,0
20230522,120000,597.6,601.8,591,594.8,615238,0
20230522,130000,594.8,599.8,592.3,593.7,193379,0
20230522,140000,593.7,596,590.1,592.2,224983,0
20230522,150000,592.2,599,589,596.7,276205,0
20230522,160000,596.6,597,593.4,595.8,96813,0
20230522,170000,595.8,595.9,587,589.1,193748,0
20230522,180000,589.3,591.6,589,591.4,62883,0
20230522,190000,590,595,587.8,594,78968,0
20230522,200000,593.8,596.6,591.9,596.3,96669,0
20230522,210000,596.2,596.2,594,595.6,32419,0
20230522,220000,595.6,595.8,591.4,592.1,70123,0
20230522,230000,592.1,595.1,591.4,592.4,56678,0
20230523,100000,590.7,590.8,563.6,566.2,1913534,0
20230523,110000,566.1,566.6,557.5,558.7,1156771,0
20230523,120000,558.7,565,557.3,562.1,475684,0
20230523,130000,562.1,571,560.1,568.6,510197,0
20230523,140000,568.6,572,563.1,567.6,505723,0
20230523,150000,567.6,569,559,563.5,388030,0
20230523,160000,563.6,568.8,562.5,567.4,292532,0
20230523,170000,567.4,568.8,565,566,318157,0
20230523,180000,566,569.7,562,568.8,331122,0
20230523,190000,567.1,569.6,566.5,567.9,113944,0
20230523,200000,567.9,568.6,565.9,567.9,68340,0
20230523,210000,567.5,574,567,573,152859,0
20230523,220000,573,578.8,572.7,574.5,455543,0
20230523,230000,574.9,574.9,566.6,568.8,159437,0
20230524,100000,568.4,586.1,561.1,584,1060610,0
20230524,110000,583.7,586.7,576.1,581.3,657833,0
20230524,120000,580.8,589.7,580.8,587.5,415943,0
20230524,130000,587.5,594.4,584.2,585.7,565545,0
20230524,140000,585.6,593,585,587.1,302856,0
20230524,150000,587.4,592.6,585,589.4,185403,0
20230524,160000,589.5,594,589.3,591.2,173642,0
20230524,170000,591.3,593.8,587,591.3,238715,0
20230524,180000,591.2,593,589.1,590.7,88533,0
20230524,190000,590.7,594,588.6,591.2,91973,0
20230524,200000,591,592.2,589.7,591,37935,0
20230524,210000,591,593,590.7,593,56180,0
20230524,220000,592.8,605,592.8,602.6,610574,0
20230524,230000,602.6,608.6,601.1,606.1,262832,0
20230525,100000,608.6,608.7,596.7,600.6,439800,0
20230525,110000,600.3,602.6,587.3,588.9,328080,0
20230525,120000,589,594.6,588.2,592,157454,0
20230525,130000,591.8,597.2,588.3,594.8,177146,0
20230525,140000,594.8,596.2,591,594,105364,0
20230525,150000,594,595,589.1,590.1,97510,0
20230525,160000,590.1,591.8,581,586.3,353738,0
20230525,170000,586.3,589.9,586.1,587.9,98227,0
20230525,180000,587.9,592.1,586.3,587.2,96994,0
20230525,190000,588.7,590,583,587,91912,0
20230525,200000,586.9,593,586.7,590.6,50218,0
20230525,210000,590.6,592.6,589,590.4,24152,0
20230525,220000,590.3,590.5,587,587.8,57782,0
20230525,230000,587.7,588.6,586.2,586.2,51126,0
20230526,100000,587,595,586.3,591.7,289638,0
20230526,110000,591.7,592.9,588,589.3,105378,0
20230526,120000,589.3,592.7,589.3,592.2,43936,0
20230526,130000,592.3,594.8,592,594,69542,0
20230526,140000,594.3,594.3,592.5,593.2,54551,0
20230526,150000,593.5,594.2,592.7,594,46775,0
20230526,160000,594,604.8,593.8,603,332372,0
20230526,170000,602.7,603,600,601.8,114494,0
20230526,180000,601.8,601.8,598.5,598.8,77057,0
20230526,190000,598.8,603,598.8,601.1,47566,0
20230526,200000,601,604.9,600.6,604.2,124048,0
20230526,210000,604.2,607.8,602,607.3,191246,0
20230526,220000,607.4,607.8,605.5,606.5,129712,0
20230526,230000,606.5,607.3,606,607,109713,0
20230529,100000,610.1,620,607.9,619.3,465127,0
20230529,110000,619.2,623,615.1,621.9,308840,0
20230529,120000,621.8,629.4,620.1,629.2,393862,0
20230529,130000,629.3,629.4,622.3,624.4,273491,0
20230529,140000,624.5,625.6,616,623.2,450924,0
20230529,150000,623.3,623.6,618.1,622.2,82382,0
20230529,160000,622.2,626.7,622.2,624.6,99699,0
20230529,170000,624.6,626,621.9,623.5,93056,0
20230529,180000,623.5,626,623.4,626,62157,0
20230529,190000,626,628,623,625.4,106456,0
20230529,200000,625.4,639.8,624,635.3,489231,0
20230529,210000,635.1,639,631.5,636.9,373073,0
20230529,220000,636.8,637.7,634.1,634.1,148630,0
20230529,230000,634.2,635.4,633.4,634.8,106600,0
20230530,100000,621,648.5,602.1,646.6,1180673,0
20230530,110000,646.6,646.7,636.2,641.9,513636,0
20230530,120000,641.9,647.8,639.2,645.4,207223,0
20230530,130000,645.5,646.3,638.1,643,201338,0
20230530,140000,643.5,644.1,638,643.3,130971,0
20230530,150000,643.2,663.4,638.2,654.1,1455156,0
20230530,160000,654.7,664.4,641,652.6,1049187,0
20230530,170000,652.6,652.6,632,641.7,774131,0
20230530,180000,641.7,646.5,635.5,642.9,192481,0
20230530,190000,645,648.6,639,641.9,147100,0
20230530,200000,641.9,642.2,626,628,270955,0
20230530,210000,628,637.9,627.9,632.7,248056,0
20230530,220000,632.7,633.4,629,632.3,158334,0
20230530,230000,632.4,632.9,622.1,625.4,164908,0
20230531,100000,626,629.8,611,612.6,1111955,0
20230531,110000,613.1,618.9,608.1,615.5,709867,0
20230531,120000,615,626,612,625.1,313571,0
20230531,130000,625.1,633.5,623.1,627.6,386817,0
20230531,140000,627.7,627.7,617.5,618.9,210481,0
20230531,150000,618.6,624,618.1,619.6,97745,0
20230531,160000,619.9,631,619.7,629,250405,0
20230531,170000,628.7,630,624.1,629.6,114296,0
20230531,180000,629.6,636.6,629.1,633,271594,0
20230531,190000,630.1,632.9,627.9,629.5,103065,0
20230531,200000,629.5,632.4,628.6,631.5,42434,0
20230531,210000,631.6,631.6,629,629.9,46437,0
20230531,220000,629.8,630,622,623.5,191219,0
20230531,230000,624.4,626,624,625.9,52205,0
20230601,100000,617.5,639.8,615.5,631.4,891531,0
20230601,110000,631.4,631.4,624.5,626.5,248230,0
20230601,120000,626.5,627,623.2,624.6,110180,0
20230601,130000,625,626.6,622,624.8,106780,0
20230601,140000,624.9,626.2,623.6,624.8,54565,0
20230601,150000,624.8,625.4,621.1,623.4,65420,0
20230601,160000,623.5,624.6,621.5,622.1,62170,0
20230601,170000,622.1,623.8,620,623.2,134018,0
20230601,180000,623.3,624.9,623.1,624.7,37625,0
20230601,190000,627.9,628.9,623.6,624,38631,0
20230601,200000,624,624.6,621.3,622.5,40365,0
20230601,210000,622.4,623.9,620,621.6,58451,0
20230601,220000,622.1,623.4,620.6,622.5,32216,0
20230601,230000,622.4,624.3,621.7,622.7,63716,0
20230602,100000,626,628.8,621.4,622.4,189724,0
20230602,110000,622.4,625,621.1,622.5,94633,0
20230602,120000,622.3,622.3,618.5,620.7,110002,0
20230602,130000,620.7,621.5,619,619.2,81583,0
20230602,140000,619.4,620.4,614,614,230150,0
20230602,150000,614.1,617.3,613.7,616,78669,0
20230602,160000,616,620,615.5,617,93578,0
20230602,170000,617,617.7,615.6,616.1,50714,0
20230602,180000,616.6,618.9,615.9,617.3,35274,0
20230602,190000,615.3,621,615.2,618.9,43626,0
20230602,200000,618.8,619.7,615.5,616.2,31545,0
20230602,210000,616.2,617.5,615.4,617.2,17640,0
20230602,220000,617.2,617.2,615.5,616.4,28611,0
20230602,230000,616.4,618,615.2,617.7,46380,0
20230605,100000,600,610,586,588.8,1911030,0
20230605,110000,588.8,594,587,587.5,503198,0
20230605,120000,587.4,587.9,564,573.2,2072400,0
20230605,130000,573.2,582,572.3,576,542525,0
20230605,140000,576,578.5,571.1,574.4,341510,0
20230605,150000,574.4,585.9,571,585.3,555143,0
20230605,160000,585.2,585.5,577,581.3,297621,0
20230605,170000,581.1,584.5,578.1,579,174882,0
20230605,180000,579,579.5,575.1,577.3,123803,0
20230605,190000,578.8,580.9,575.1,577.4,125766,0
20230605,200000,577.4,581,576.2,576.2,101448,0
20230605,210000,576.2,579.2,573,577,157446,0
20230605,220000,577.3,579.9,575.6,575.7,104256,0
20230605,230000,575.6,577,575.1,576.8,74589,0
20230606,100000,575.2,576.9,546,555.5,1758498,0
20230606,110000,555.4,566.9,552.5,560.4,582196,0
20230606,120000,560.4,565,556.2,564.5,221853,0
20230606,130000,564.5,564.7,561.2,562.3,97608,0
20230606,140000,562.3,564.6,557.4,563.7,204850,0
20230606,150000,563.7,573.6,561.2,568.7,329082,0
20230606,160000,568.7,572.6,561,569.7,244860,0
20230606,170000,569.8,575,566.9,573.5,221976,0
20230606,180000,573.7,577.2,572.5,577,191647,0
20230606,190000,575.2,576.6,567.5,571,162329,0
20230606,200000,571,572.1,568.5,568.5,32246,0
20230606,210000,568.5,568.7,563.9,566.3,114113,0
20230606,220000,566.8,570.9,566,569.7,81156,0
20230606,230000,569.7,572.7,569.2,572.2,81973,0
20230607,100000,569.7,575.3,562.4,568.9,324850,0
20230607,110000,568.9,574.7,568.9,573.2,229168,0
20230607,120000,573.1,573.3,568.1,571.8,129645,0
20230607,130000,571.9,572,570.4,570.7,41789,0
20230607,140000,570.9,571.1,568.6,569.8,67589,0
20230607,150000,569.5,571.9,568.1,569,77998,0
20230607,160000,568.9,570,567.6,569.4,76476,0
20230607,170000,569.6,569.6,563.1,565.8,230308,0
20230607,180000,565.4,566.8,564.8,566,35133,0
20230607,190000,565,567.3,561.3,563.7,133530,0
20230607,200000,563.7,563.7,562.5,562.6,43879,0
20230607,210000,562.6,564.6,561.8,563.7,64509,0
20230607,220000,563.9,566.9,563.5,565,81796,0
20230607,230000,565,567,564.3,565.7,60123,0
20230608,100000,565.5,569.9,558,559,433522,0
20230608,110000,559.2,563,559,562.2,191681,0
20230608,120000,562.1,566,562.1,563.8,96485,0
20230608,130000,563.8,565.3,559.8,561,165932,0
20230608,140000,561.2,561.9,559.9,560.2,62441,0
20230608,150000,560.2,563.6,560,561.6,72402,0
20230608,160000,561.6,563,561,561.3,46555,0
20230608,170000,561.4,563.3,561.2,562.5,59707,0
20230608,180000,562.4,562.7,560.5,562.3,47607,0
20230608,190000,560.6,562.3,560.5,561.6,27846,0
20230608,200000,561.6,564,561.5,562,49103,0
20230608,210000,562,562.7,561.6,561.7,18204,0
20230608,220000,561.8,562.5,560.7,562.1,53216,0
20230608,230000,562,562,559,559.8,79225,0
20230609,100000,559.9,560,550.1,554.6,558829,0
20230609,110000,554.6,554.9,551,552.5,146475,0
20230609,120000,552.4,553.5,546.6,547.9,451545,0
20230609,130000,548,548.5,535.3,540.6,1209131,0
20230609,140000,540.8,544.5,539.2,539.5,290173,0
20230609,150000,539.8,542.4,538.2,539.7,176988,0
20230609,160000,539.6,542,538.4,538.7,156970,0
20230609,170000,538.8,541,533.3,534.7,486419,0
20230609,180000,534.7,535.9,530.7,533.8,391667,0
20230609,190000,532.8,537.8,531.8,535.9,298919,0
20230609,200000,536,537.1,533,535,135243,0
20230609,210000,535,536,532.3,532.5,81046,0
20230609,220000,532.4,533.9,530.4,532,258829,0
20230609,230000,532.2,534,531.1,531.5,145610,0
20230613,100000,522.2,532.9,516,527.7,1606068,0
20230613,110000,527.5,542.6,527.5,539.2,1177987,0
20230613,120000,539.3,541,532.9,540.6,455926,0
20230613,130000,540.7,541,535,537.7,175451,0
20230613,140000,537.7,544,537.7,540.6,296148,0
20230613,150000,540.7,546.5,540.3,544.9,399206,0
20230613,160000,544.9,553,544.8,552.4,709703,0
20230613,170000,552.5,552.7,546.5,551,267156,0
20230613,180000,551.3,553,549,551.9,189442,0
20230613,190000,551.9,552.7,549.5,550.8,72041,0
20230613,200000,550.8,551,549,550.9,52854,0
20230613,210000,550.9,554.5,550.7,553.8,124770,0
20230613,220000,553.7,556.5,553.3,554.8,241594,0
20230613,230000,554.7,555.5,549,550.1,191213,0
20230614,100000,551.9,554.4,543.3,547.5,601763,0
20230614,110000,547.5,547.5,536.4,536.5,668782,0
20230614,120000,536.5,541.8,535.2,540.7,536364,0
20230614,130000,540.7,540.7,538.2,540,75259,0
20230614,140000,540,540.7,536.1,536.9,163994,0
20230614,150000,536.9,543.7,536.5,542.9,230339,0
20230614,160000,543,543.5,539.1,539.4,166119,0
20230614,170000,539.6,540,537,539.1,94693,0
20230614,180000,539.1,541.3,538.8,538.8,73019,0
20230614,190000,538.2,540.2,537,539.4,61009,0
20230614,200000,539.3,542.4,539,540.6,59720,0
20230614,210000,540.6,541.9,538.4,540.5,82316,0
20230614,220000,540.5,542,540.3,541.4,49621,0
20230614,230000,541.2,542.5,540.5,541.3,60310,0
20230615,100000,539.8,540,533.1,533.8,483814,0
20230615,110000,533.7,539.3,533.3,534.5,207410,0
20230615,120000,534.7,535.5,528.3,531,428660,0
20230615,130000,531,531.6,528.4,529.3,248117,0
20230615,140000,529.6,531.8,528.5,529.2,206924,0
20230615,150000,529.2,537.4,529,536.1,456957,0
20230615,160000,536,536.3,530.4,534.1,272466,0
20230615,170000,534.5,535.1,533,533.2,109038,0
20230615,180000,533.3,535.5,533.2,533.6,95546,0
20230615,190000,533.5,539.9,533.2,537.6,193271,0
20230615,200000,537.6,537.7,536.1,536.5,35374,0
20230615,210000,536.8,538,535.4,537.7,51888,0
20230615,220000,537.7,538,536.7,537.8,39691,0
20230615,230000,537.8,538,536.3,538,60070,0
20230616,100000,538.1,543.9,537,539.1,451797,0
20230616,110000,539.1,549.4,539,547.4,677544,0
20230616,120000,546.9,551.4,545.3,546,611365,0
20230616,130000,546,549.3,545.5,549,155994,0
20230616,140000,548.9,550.5,548,549,192141,0
20230616,150000,549.2,549.2,545.4,546.5,132087,0
20230616,160000,546.5,548.2,545.8,546.9,74555,0
20230616,170000,546.9,547,545.5,546.1,55709,0
20230616,180000,546.2,547,543,546,119182,0
20230616,190000,545.2,546.5,543.5,544.9,46304,0
20230616,200000,544.9,547.7,544.3,547,69925,0
20230616,210000,546.9,547.3,545.1,546.5,55308,0
20230616,220000,546.4,549.8,546,548.9,114348,0
20230616,230000,548.9,550.1,547,549.7,127968,0
20230619,100000,552.7,560,546,558.1,1231345,0
20230619,110000,558,558.2,550.8,551.7,351376,0
20230619,120000,551.6,551.6,543.8,546.5,395969,0
20230619,130000,546.5,548.8,545,548.3,123930,0
20230619,140000,548.3,550.8,546.5,547,142425,0
20230619,150000,547,551.7,546.9,551.7,91428,0
20230619,160000,551.5,551.6,548.5,550.2,52744,0
20230619,170000,550.2,551.5,549,550,57473,0
20230619,180000,550,550,546,547,73081,0
20230619,190000,547,549.2,545.5,548.6,49953,0
20230619,200000,548.2,549,548,548.9,20806,0
20230619,210000,548.9,548.9,547.7,547.8,10527,0
20230619,220000,547.8,548.6,547.5,548.1,25725,0
20230619,230000,548.1,549.4,547.5,548.7,30237,0
20230620,100000,547,547.3,539.1,540.7,492741,0
20230620,110000,540.7,545.5,538.6,544,275428,0
20230620,120000,543.7,547,542,542.9,111350,0
20230620,130000,543,544,541,543,103004,0
20230620,140000,543,546.4,541.3,545.6,148850,0
20230620,150000,545.7,549.8,543.5,543.9,198944,0
20230620,160000,543.6,546.9,540.8,542.4,180851,0
20230620,170000,542.4,545,542.4,544.4,47663,0
20230620,180000,544,545.2,543.6,544.8,26420,0
20230620,190000,545,546.6,544.1,545.9,25296,0
20230620,200000,545.9,546.8,545.7,546,15575,0
20230620,210000,546,546.3,545.8,545.8,9230,0
20230620,220000,545.9,548,545.8,547,33985,0
20230620,230000,547,547.9,546.4,547.2,22516,0
20230621,100000,547.2,547.9,543.3,546,101968,0
20230621,110000,546,547.5,545,546.8,37759,0
20230621,120000,546.7,553,545.3,549.6,173846,0
20230621,130000,549.5,551.9,548.7,550.6,105608,0
20230621,140000,550.8,554.6,550.3,553.4,138703,0
20230621,150000,553.4,554,550,550.4,76552,0
20230621,160000,550.4,553,547.8,552.5,102973,0
20230621,170000,552.5,552.6,550.8,551.9,91579,0
20230621,180000,551.9,555,550.3,554.4,124293,0
20230621,190000,554.8,555,551,551.4,91715,0
20230621,200000,551.4,553.7,551.4,553.1,24976,0
20230621,210000,553.2,553.9,551.5,552.9,33023,0
20230621,220000,552.9,552.9,551.5,552.2,16950,0
20230621,230000,552.6,554,552.2,553,38488,0
20230622,100000,554,557.8,548.6,553.2,345898,0
20230622,110000,553.4,556.1,552.4,554.4,107375,0
20230622,120000,554.4,555.5,553,553.2,59853,0
20230622,130000,553.5,554.2,551.2,552.4,68594,0
20230622,140000,552.1,552.6,550.5,552,52949,0
20230622,150000,551.9,552.3,546,547.9,230079,0
20230622,160000,548,550.4,547.9,548.8,93920,0
20230622,170000,548.9,550.3,548,549.6,46722,0
20230622,180000,550,552.3,549.3,551,69927,0
20230622,190000,551,551.2,549.2,549.3,16122,0
20230622,200000,549.3,550,548.6,548.6,16178,0
20230622,210000,548.8,550.7,548.6,549,11683,0
20230622,220000,549.2,549.3,540,542.1,291892,0
20230622,230000,542.1,545.9,540.8,542.2,132667,0
20230623,100000,538.8,539.7,532.7,537.3,631876,0
20230623,110000,537.3,540.1,535.5,539,132471,0
20230623,120000,539,541,537.4,540.7,88698,0
20230623,130000,540.7,540.7,538.7,539.8,28715,0
20230623,140000,539.7,540.6,539.4,539.8,34808,0
20230623,150000,539.7,540.4,538.5,538.8,21174,0
20230623,160000,538.8,539.9,538.4,539.6,29687,0
20230623,170000,539.6,539.8,536,537.7,80875,0
20230623,180000,538,542.4,537.8,542,107832,0
20230623,190000,542,542.5,540.3,541.2,26158,0
20230623,200000,541.2,541.3,540,541.3,17599,0
20230623,210000,541.4,543.4,535,536,151735,0
20230623,220000,535.9,540.9,528,530.2,533067,0
20230623,230000,530.2,535.7,530,535,249695,0
20230626,100000,538.5,544.8,531.3,534.5,456066,0
20230626,110000,534.4,541.1,534,538.7,206876,0
20230626,120000,538.6,540,537.9,539.4,79310,0
20230626,130000,539.6,541.1,538.3,539,91958,0
20230626,140000,539.3,539.6,537.7,537.7,29335,0
20230626,150000,537.9,538.9,537.2,538.3,58527,0
20230626,160000,538.3,539.1,537.8,538.8,49660,0
20230626,170000,538.8,539.1,536.3,536.7,40056,0
20230626,180000,536.8,537.1,532,532,104011,0
20230626,190000,532,535.8,530.7,532,105708,0
20230626,200000,531.5,535,527,531.8,213189,0
20230626,210000,531.8,532.8,520.6,521.9,237867,0
20230626,220000,521.9,537,520,531,420692,0
20230626,230000,530.4,538.9,530.1,538,124337,0
20230627,100000,537.9,538.5,531.7,532.8,140538,0
20230627,110000,532.8,538.4,532.2,536.7,166419,0
20230627,120000,536.4,539,533.9,534.8,102668,0
20230627,130000,534.8,536,533.3,533.9,52731,0
20230627,140000,533.8,536.9,533.8,535.7,50887,0
20230627,150000,535.6,538.2,535.5,537,57350,0
20230627,160000,537.1,537.8,535.1,536,42002,0
20230627,170000,536,536.8,535,535.8,29457,0
20230627,180000,535.8,536.3,535.4,535.9,19004,0
20230627,190000,535,536,532.8,535,40348,0
20230627,200000,535.1,535.1,533,534.5,29597,0
20230627,210000,534.4,534.4,533.6,533.8,16153,0
20230627,220000,533.9,535.3,533.2,535.2,31455,0
20230627,230000,535.2,535.9,534.2,535.4,22057,0
20230628,100000,535.1,535.5,533.3,534.6,77415,0
20230628,110000,534.3,534.6,528,529,178878,0
20230628,120000,529.1,532.1,529,530.2,88037,0
20230628,130000,530.3,533,529.1,531.3,80396,0
20230628,140000,531.3,533.8,529.4,530.4,69938,0
20230628,150000,530.4,531.7,530.1,530.5,24079,0
20230628,160000,530.9,534.7,530.2,533.2,79546,0
20230628,170000,533.1,533.4,531.6,531.9,25977,0
20230628,180000,532,534.7,532,534.5,37533,0
20230628,190000,532.4,534.7,531.5,533.4,36909,0
20230628,200000,533.4,535.5,532.3,534,45125,0
20230628,210000,534,535.5,533.6,534.8,20314,0
20230628,220000,534.8,535.5,534.4,535,22991,0
20230628,230000,534.7,536.2,534.6,536,29096,0
20230629,100000,530.9,533.8,525.1,533,375214,0
20230629,110000,533,533.7,531.5,532.2,55071,0
20230629,120000,532,533.7,530.2,531.8,106098,0
20230629,130000,531.6,533.1,530.8,531.1,40139,0
20230629,140000,531.2,532.9,531.1,531.3,28369,0
20230629,150000,531.5,532,530.1,530.8,58350,0
20230629,160000,530.5,530.9,529,530,71987,0
20230629,170000,529.8,530.9,529.6,530.3,45337,0
20230629,180000,530.6,530.7,529.8,530.6,24021,0
20230629,190000,529.9,530.7,528.5,529.9,16071,0
20230629,200000,529.9,529.9,529,529.4,22147,0
20230629,210000,529.4,530.6,529.3,530.5,26490,0
20230629,220000,530.1,530.9,529.4,530.6,21384,0
20230629,230000,530.6,530.8,529,529.7,22608,0
20230630,100000,529.7,531.1,526.1,528.6,112266,0
20230630,110000,528.6,528.6,523.7,524,149863,0
20230630,120000,524,525.8,523.3,524.7,95946,0
20230630,130000,524.6,524.7,518.5,519.8,437741,0
20230630,140000,519.9,521,517.4,519.2,199429,0
20230630,150000,519.5,524.1,519.3,522.5,152952,0
20230630,160000,522.4,523.4,520.5,520.6,64909,0
20230630,170000,520.8,523,520,522.8,48927,0
20230630,180000,522.9,523,521.1,522.2,28873,0
20230630,190000,522,525.5,520.3,524.3,54848,0
20230630,200000,524.2,524.9,523,524.5,24437,0
20230630,210000,524.5,524.5,523.1,523.8,10661,0
20230630,220000,523.8,523.8,522.1,523,26692,0
20230630,230000,522.8,525.3,521.9,523.4,112431,0
20230703,100000,524,529,521.5,522.5,179833,0
20230703,110000,522.5,525,522,523.1,92281,0
20230703,120000,523.2,527.4,523.1,526.1,67150,0
20230703,130000,526,526.3,524.8,525.9,33872,0
20230703,140000,525.9,527.9,525.8,526.7,45484,0
20230703,150000,527,528.9,526.9,528.5,56207,0
20230703,160000,528.4,536,527.9,533.3,211443,0
20230703,170000,533.3,534.5,530.1,532.7,116918,0
20230703,180000,532.6,534.6,531.8,533.8,54312,0
20230703,190000,534.8,534.8,532,533,45613,0
20230703,200000,533,534,533,533.4,25139,0
20230703,210000,533.4,534.7,533.4,534.6,34038,0
20230703,220000,534.5,551.4,534.5,547.4,1096690,0
20230703,230000,547.5,554.5,545.2,552.6,556256,0
20230704,100000,552.4,552.6,542.2,546.3,639617,0
20230704,110000,546,546.7,541,543.6,185875,0
20230704,120000,543.4,544.7,542,543,86888,0
20230704,130000,543,545.7,542,543.7,82667,0
20230704,140000,543.6,549.5,543.5,547.1,116390,0
20230704,150000,547.1,553.7,545.5,548.9,242613,0
20230704,160000,548.9,549.4,545.9,547.5,48082,0
20230704,170000,547.4,547.7,541.4,545.9,167739,0
20230704,180000,545.9,548.9,545,548.5,72582,0
20230704,190000,548.3,548.3,544.2,545.4,42483,0
20230704,200000,545.4,546.2,542.8,542.8,62123,0
20230704,210000,543,543.6,539,540.5,182677,0
20230704,220000,540.6,546.6,540.1,541.4,104357,0
20230704,230000,541.4,544,540,542,126661,0
20230705,100000,542,548.5,540.3,541.5,263663,0
20230705,110000,541.5,546,541.4,544.9,74979,0
20230705,120000,544.8,547.7,544.6,546.1,100860,0
20230705,130000,545.8,550,545,545.1,113179,0
20230705,140000,545.1,547.9,545,546.5,49887,0
20230705,150000,546.5,547.7,545.5,547.4,58150,0
20230705,160000,547.4,549.2,545.2,546.7,97905,0
20230705,170000,546.6,546.8,545.2,546,27922,0
20230705,180000,546.3,546.6,542.4,543.8,72964,0
20230705,190000,542.2,546.1,542.2,545.4,40171,0
20230705,200000,545.4,545.4,543.3,544.5,13290,0
20230705,210000,544.5,545.4,544.3,545.2,11209,0
20230705,220000,545.1,546.7,544.8,546,24686,0
20230705,230000,545.7,546.4,543.9,544.2,35815,0
20230706,100000,547.5,551.5,545.6,547.2,217821,0
20230706,110000,547.3,554.8,546,552.5,313012,0
20230706,120000,552.5,552.8,548.5,549.6,132684,0
20230706,130000,549.5,551,545.2,547.5,163524,0
20230706,140000,547.2,548.7,546.1,546.9,72461,0
20230706,150000,546.9,548.5,544,544.2,148596,0
20230706,160000,544.2,547.6,541.1,544,131612,0
20230706,170000,544,545.9,542.7,544.4,59066,0
20230706,180000,544.4,545.9,544.4,544.9,18696,0
20230706,190000,544.9,548,544,545.8,28796,0
20230706,200000,545.9,545.9,544.6,545.2,18428,0
20230706,210000,545.2,547.1,544.9,546.1,20900,0
20230706,220000,546.1,547.4,545.1,547,24989,0
20230706,230000,546.6,547.2,546,547.2,20956,0
20230707,100000,546.9,549.5,544.5,548.7,111991,0
20230707,110000,548.8,549,546.7,548.4,47721,0
20230707,120000,548.5,550,547.5,549.4,60068,0
20230707,130000,549.5,552.9,549.2,549.2,185534,0
20230707,140000,549.7,551.5,549.2,550.2,50959,0
20230707,150000,550.2,550.9,549.2,550.6,47381,0
20230707,160000,550.6,551.9,550.5,551,78285,0
20230707,170000,551,551.6,549.7,551.1,40571,0
20230707,180000,551.1,551.5,550.1,550.2,25929,0
20230707,190000,551.5,551.5,549.8,550.6,14875,0
20230707,200000,550.7,559,549.5,558.8,439982,0
20230707,210000,558.4,559.2,555,558,240674,0
20230707,220000,557.4,559.3,556.5,557.7,199550,0
20230707,230000,557.9,558.8,556.7,558.1,118504,0
20230710,100000,566.1,577.4,564.3,571.5,1063012,0
20230710,110000,571.7,574,568.9,571,283727,0
20230710,120000,570.9,577.9,569,572.4,500858,0
20230710,130000,572.4,579.9,572.3,577.4,501327,0
20230710,140000,577.4,579,574,576.6,204913,0
20230710,150000,576.8,577.4,572.1,575.1,141079,0
20230710,160000,574.8,576.8,574.1,575.4,107046,0
20230710,170000,575.4,576.4,574.6,576.1,84422,0
20230710,180000,576,576.6,573.7,574.8,81835,0
20230710,190000,573.3,575.4,564.1,571.1,472810,0
20230710,200000,571.1,573.9,570.2,571.5,105512,0
20230710,210000,571.5,578,571,577.4,133494,0
20230710,220000,577.2,578.3,575.4,577,108086,0
20230710,230000,577,578,575.2,576.5,67938,0
20230711,100000,580,586.2,577.1,583.5,829502,0
20230711,110000,583.3,583.9,577.2,582.5,269016,0
20230711,120000,582.3,584,580.1,581.9,134931,0
20230711,130000,581.9,584.7,581.9,582.9,104299,0
20230711,140000,582.8,583,579.1,580.4,139939,0
20230711,150000,580.3,581.1,579.5,580.9,44584,0
20230711,160000,580.9,581,576,578.8,189485,0
20230711,170000,578.9,578.9,573.2,578.1,162433,0
20230711,180000,578.1,578.3,576.7,578.2,40834,0
20230711,190000,578,581.1,576.1,579.5,71965,0
20230711,200000,579.9,581,579.5,580.4,38132,0
20230711,210000,580.3,580.6,580,580.5,22655,0
20230711,220000,580.5,581.3,580,581,79796,0
20230711,230000,581,583.5,580.8,581.2,98367,0
20230712,100000,583.5,583.5,576.9,581.5,220125,0
20230712,110000,581.7,582,578.6,580.3,90181,0
20230712,120000,580.4,580.8,579.1,580,34390,0
20230712,130000,580,580.2,579.1,579.9,37074,0
20230712,140000,579.9,581.2,579.7,580.7,59477,0
20230712,150000,580.5,583,580.5,582.4,84918,0
20230712,160000,582.3,583.3,581.5,582,69439,0
20230712,170000,581.9,583,581.1,582.8,72806,0
20230712,180000,582.5,584,581.4,582.3,62085,0
20230712,190000,583.2,584.9,581.1,581.5,75323,0
20230712,200000,581.6,582,571.3,580.8,267392,0
20230712,210000,580.7,583.5,580,580.8,49448,0
20230712,220000,580.8,582.6,580,581.9,66379,0
20230712,230000,581.9,582.8,580.5,580.8,45049,0
20230713,100000,583.4,583.9,575.4,579.2,246629,0
20230713,110000,578.9,579.4,574,578.7,181575,0
20230713,120000,579,579,573,575.4,178416,0
20230713,130000,575.6,575.8,570.4,574.6,173258,0
20230713,140000,574.8,576,572,573.9,74422,0
20230713,150000,574.1,575.9,572.8,574.9,60238,0
20230713,160000,574.9,576.6,574,575.8,69718,0
20230713,170000,576,577.5,575.4,575.7,28582,0
20230713,180000,575.8,576.2,574.3,574.5,31753,0
20230713,190000,575,576,574,575.2,16559,0
20230713,200000,575.2,577,574.6,576.8,29527,0
20230713,210000,576.8,576.9,573.3,575.1,30559,0
20230713,220000,575,576.3,574.5,575.7,17642,0
20230713,230000,575.7,576.1,574.6,575.9,28106,0
20230714,100000,575.9,576.3,565,569.2,443967,0
20230714,110000,569.1,572.7,568.7,571,116021,0
20230714,120000,571,571.4,569.1,570.5,118186,0
20230714,130000,570.5,573.9,570.4,572.7,81980,0
20230714,140000,572.8,574,572.7,573,29382,0
20230714,150000,573,573.3,571.4,572.4,45721,0
20230714,160000,572.3,573.5,571,573.3,81807,0
20230714,170000,573.4,573.4,572.5,573.3,42269,0
20230714,180000,573.1,574,572.2,573.4,62422,0
20230714,190000,573,576.5,573,575.3,74603,0
20230714,200000,575.2,575.2,573.4,573.9,13864,0
20230714,210000,573.9,575.6,573.2,575.6,33320,0
20230714,220000,575.6,575.6,574.2,574.5,43281,0
20230714,230000,574.9,575.2,572.8,573.1,71836,0
20230717,100000,569.4,583,568,578.6,418339,0
20230717,110000,578.7,581,577.8,580.3,146394,0
20230717,120000,580.3,580.9,578.6,579.5,90800,0
20230717,130000,579.5,580.2,574.1,576.8,241870,0
20230717,140000,576.8,579.7,576.8,578.8,60506,0
20230717,150000,578.8,581,577.2,579,98726,0
20230717,160000,579,579.5,574.6,577.1,140030,0
20230717,170000,577,577.9,576,577.6,40275,0
20230717,180000,577.6,578.4,577.2,578.4,25660,0
20230717,190000,578.4,579.9,577.5,579.7,27016,0
20230717,200000,579.7,580,578,579.9,46168,0
20230717,210000,579.9,580.7,578.2,579.1,33881,0
20230717,220000,579,580,578,580,36341,0
20230717,230000,580,580.2,578.2,579.1,30399,0
20230718,100000,579.5,592.5,579.5,591.9,864382,0
20230718,110000,591.8,603,591.2,598.5,1490438,0
20230718,120000,599,602,595.4,599.4,455002,0
20230718,130000,599.4,601.6,598.5,599.6,262400,0
20230718,140000,599.8,601.3,597.7,600.2,206719,0
20230718,150000,600,606.5,600,605.2,551837,0
20230718,160000,605.3,608.7,604,605.1,555890,0
20230718,170000,604.9,608.3,602.6,606.9,271129,0
20230718,180000,606.6,610,606.5,609.2,240099,0
20230718,190000,609.2,609.9,606.1,607.8,137836,0
20230718,200000,607.5,607.9,605.5,607.3,83313,0
20230718,210000,607.3,609.5,607.1,609.5,126716,0
20230718,220000,609.5,609.6,607.8,608.9,109140,0
20230718,230000,608.6,609.1,606.1,608.3,129703,0
20230719,100000,611,623,610,617.2,1370036,0
20230719,110000,617.2,617.2,600.2,609,1105477,0
20230719,120000,609,610.3,598.2,601.2,565308,0
20230719,130000,601.2,604.9,600.7,602.6,198597,0
20230719,140000,602.6,609,601.7,608.4,246407,0
20230719,150000,608.2,609.9,606.2,608.4,166236,0
20230719,160000,608.5,611.5,607.6,611.3,174669,0
20230719,170000,611.3,615,610,611.6,438388,0
20230719,180000,611.8,612.9,608.6,610,176999,0
20230719,190000,610.1,612.5,600.6,608.7,486141,0
20230719,200000,608.7,610,603.6,605,169715,0
20230719,210000,605,607.4,601,603.1,211305,0
20230719,220000,603.2,607.1,602.2,602.6,182066,0
20230719,230000,602.6,604,601.1,603.3,172908,0
20230720,100000,600.4,601.8,587.3,589.5,962362,0
20230720,110000,589.4,589.5,566.2,568.3,1660131,0
20230720,120000,568.4,580.7,559.5,576.6,1832794,0
20230720,130000,576.6,582,572,581,388123,0
20230720,140000,581,587,576.1,582.4,550214,0
20230720,150000,582.3,584.9,578.5,579.2,372517,0
20230720,160000,579.5,585.9,578,580.6,353153,0
20230720,170000,580.7,580.7,566,569,816943,0
20230720,180000,569.1,579.4,559,571.5,1425474,0
20230720,190000,571.8,575.9,562.3,566,415484,0
20230720,200000,565.8,569.6,564.1,566.8,235182,0
20230720,210000,566.8,568.9,565.8,567.1,147319,0
20230720,220000,567,571,566.8,567.2,176535,0
20230720,230000,567.2,575,565.8,566.8,242397,0
20230721,100000,563.6,576,559.7,564.4,449436,0
20230721,110000,564.4,565.9,561.8,562.1,227094,0
20230721,120000,562,566.5,561.8,564.9,132767,0
20230721,130000,564.7,565.2,561.2,563.1,137827,0
20230721,140000,563.1,563.1,548.9,550.4,825053,0
20230721,150000,550.5,553.3,543.3,551.8,496156,0
20230721,160000,552,558.9,549.5,555,203956,0
20230721,170000,555,563.2,554,562.1,204151,0
20230721,180000,562.2,566.3,560.5,561.5,209245,0
20230721,190000,561,565.7,561,564.7,57732,0
20230721,200000,564.2,565.5,559.2,562.9,81467,0
20230721,210000,562.8,565,562,562.6,39858,0
20230721,220000,562.6,568,562.3,567.9,184251,0
20230721,230000,567.9,571,563,563.4,311076,0
20230724,100000,556.8,558.5,541,550.5,588525,0
20230724,110000,550.1,553.5,549.1,552,149765,0
20230724,120000,552,553,550,552.3,141942,0
20230724,130000,552.7,555.9,550.5,553.4,141771,0
20230724,140000,553.5,557.5,545.5,550,495225,0
20230724,150000,550,550.2,546.1,547.9,146682,0
20230724,160000,547.9,549,540.6,540.8,468822,0
20230724,170000,540.9,544.4,537.4,543.5,350321,0
20230724,180000,543.6,547,543.5,545.5,113144,0
20230724,190000,544.2,544.2,540.6,542.9,111410,0
20230724,200000,542.7,543.8,542.2,543.8,61323,0
20230724,210000,543.8,545,540.8,542.3,154265,0
20230724,220000,542,543.2,540,541.3,70394,0
20230724,230000,541.3,542.7,540,541.3,71451,0
20230725,100000,542.3,549.4,541.3,547.9,210022,0
20230725,110000,547.9,549,546,547.9,70258,0
20230725,120000,547.6,548.8,547,548.7,47982,0
20230725,130000,548.7,556.1,548.6,554.9,179245,0
20230725,140000,554.5,555.9,550,555.7,102597,0
20230725,150000,555.7,562.5,555,559.5,193872,0
20230725,160000,559.6,595,559.4,567.6,1211795,0
20230725,170000,567.8,574,560,566.7,325613,0
20230725,180000,566.7,566.7,558.8,558.8,145478,0
20230725,190000,558,563.5,551.3,562.6,182955,0
20230725,200000,562.6,563.8,558.5,560.3,95549,0
20230725,210000,560.3,560.8,558.5,559.5,57545,0
20230725,220000,559.8,560.8,559.5,560,46315,0
20230725,230000,559.9,561.7,556.1,556.4,118703,0
20230919,100000,637.7,637.7,573.1,575.5,2964156,0
20230919,110000,575.2,575.5,563.2,573,859682,0
20230919,120000,573,573.6,553.1,555.6,457454,0
20230919,130000,555.6,568.4,547.2,564.7,601873,0
20230919,140000,565.2,567.9,558,559.6,192819,0
20230919,150000,560,560,545.1,548.4,386426,0
20230919,160000,547.9,553.5,544.2,546.8,286954,0
20230919,170000,546.8,551.2,539.1,540,279302,0
20230919,180000,540,547.4,539.1,544.7,125131,0
20230919,190000,545,546.8,540.6,544.5,55817,0
20230919,200000,544.5,550.9,544.3,546.1,59892,0
20230919,210000,546.2,547.5,540,542,62651,0
20230919,220000,542,542.5,532.8,537.2,91508,0
20230919,230000,537.1,540,533.7,534.1,74374,0
20230920,100000,529,542,504.2,510.8,714694,0
20230920,110000,510.7,514,499.1,513.5,480581,0
20230920,120000,513.4,525.8,511.5,525.1,286979,0
20230920,130000,525.8,530.7,520.1,526.4,202555,0
20230920,140000,526.9,530.6,524.3,528.4,83520,0
20230920,150000,528.8,533.2,525.2,526.8,92342,0
20230920,160000,526.9,531.9,526.8,529,54910,0
20230920,170000,528.5,530.8,524.3,524.8,88653,0
20230920,180000,524.8,525,517.1,521.8,106809,0
20230920,190000,520,523.7,512,519,46345,0
20230920,200000,519.8,523.8,518.1,522.3,21530,0
20230920,210000,522.3,523.7,520,522.9,10196,0
20230920,220000,522.9,523.1,521.2,522,7346,0
20230920,230000,522,527.8,521.5,527.4,24314,0
20230921,100000,521.2,533.8,515,518.1,185129,0
20230921,110000,518.1,520.8,508,514,199216,0
20230921,120000,513.9,517,511,512.9,72989,0
20230921,130000,513,513.1,510.2,511,62796,0
20230921,140000,511,516,510.3,511.9,57041,0
20230921,150000,512.2,514.2,505.5,506.2,182267,0
20230921,160000,506.6,508.8,502,504.2,120086,0
20230921,170000,504.5,505,496.8,498.8,175604,0
20230921,180000,499,499.4,489,492,278044,0
20230921,190000,493,497.1,491,497.1,113964,0
20230921,200000,497.1,498.3,493.6,494.7,53567,0
20230921,210000,494.2,494.9,489.4,490.9,55021,0
20230921,220000,490.7,491.9,486.3,490,58906,0
20230921,230000,490,490.8,482,482.2,70523,0
20230922,100000,482.6,497.8,475.6,488.2,476382,0
20230922,110000,488.2,493,485.2,486.8,151795,0
20230922,120000,486.8,489.2,485.2,489,66988,0
20230922,130000,489.2,491.6,487.9,491.1,60524,0
20230922,140000,491.2,497,491,494.5,92572,0
20230922,150000,494.5,513.3,494.1,505.4,266932,0
20230922,160000,505.3,513.8,503.1,511.4,158681,0
20230922,170000,511.4,523.9,508,522.8,382137,0
20230922,180000,522.8,523.2,514.7,520.6,143218,0
20230922,190000,520,539.5,520,527.6,396743,0
20230922,200000,527.7,532,523.6,531.5,168516,0
20230922,210000,531.4,531.5,525,527.8,66628,0
20230922,220000,528,530,525.5,525.9,65178,0
20230922,230000,526,527.8,524,524.3,43055,0
20230925,100000,535,555.5,526.3,541.1,1182059,0
20230925,110000,541,545.6,536.5,537.5,381594,0
20230925,120000,537.5,543,534.3,535.2,234961,0
20230925,130000,535.1,535.2,526.5,533,183192,0
20230925,140000,533.5,540,531.3,537.5,154591,0
20230925,150000,538.1,550,534.1,542,350213,0
20230925,160000,542.1,551.8,542,547.8,233288,0
20230925,170000,547.8,554.7,546.2,554.7,315644,0
20230925,180000,554.7,554.9,548.1,550.2,149451,0
20230925,190000,551.1,557.8,551.1,553.1,128362,0
20230925,200000,553.1,554,545.1,550.8,109366,0
20230925,210000,550.8,551,545.1,546.2,48841,0
20230925,220000,546.2,549,545.3,548,31479,0
20230925,230000,548,549.8,547.9,548.3,24672,0
20230926,100000,544.8,551.9,531,536.5,412753,0
20230926,110000,536.7,537.9,522.2,522.9,303940,0
20230926,120000,523.1,529.2,522.6,527.9,116081,0
20230926,130000,528.2,533.8,527.1,531.1,74103,0
20230926,140000,531.2,531.9,525.7,526.5,62977,0
20230926,150000,526.7,530,524.1,525.4,64261,0
20230926,160000,525.1,527.5,524.5,526.2,57875,0
20230926,170000,526.2,530.5,525.4,529.4,96733,0
20230926,180000,529.6,533,528.1,529,45629,0
20230926,190000,528,532,528,529.1,28942,0
20230926,200000,529.2,529.9,527.5,529.9,28345,0
20230926,210000,529.9,530.8,529.5,530.8,16074,0
20230926,220000,530.5,530.8,528.1,528.6,14461,0
20230926,230000,528.5,529.7,528,528.4,15011,0
20230927,100000,529.3,531.8,525.1,528.9,87635,0
20230927,110000,528.6,531.5,527.8,530.3,66189,0
20230927,120000,530.3,530.4,529.2,529.5,76272,0
20230927,130000,529.5,530.4,523.8,524.7,97924,0
20230927,140000,524.8,527.6,524,527.1,60287,0
20230927,150000,527.1,527.6,525.3,526.3,31616,0
20230927,160000,526.3,528.2,525.3,526.1,36982,0
20230927,170000,526.8,526.9,522.2,524,77258,0
20230927,180000,523.5,524.7,522.6,523.6,25562,0
20230927,190000,523.6,524.6,516.4,518.1,126486,0
20230927,200000,518.1,521.3,517.8,520.6,38602,0
20230927,210000,520.6,521.2,520,521.1,15755,0
20230927,220000,521.1,521.3,520.2,520.9,13400,0
20230927,230000,520.9,521,519.4,519.8,29924,0
20230928,100000,520,523.4,517,520.3,123443,0
20230928,110000,520,521.2,518,519.2,47069,0
20230928,120000,519.3,519.3,516.6,518.1,54979,0
20230928,130000,518.1,518.9,517,517.3,27721,0
20230928,140000,517.6,520,517.1,517.5,50005,0
20230928,150000,517.2,519.5,517.1,517.3,38586,0
20230928,160000,517.3,519.2,517.2,518.1,25792,0
20230928,170000,518.1,519.4,517.5,519,29928,0
20230928,180000,519.2,519.3,517.8,518,13295,0
20230928,190000,518.2,521.4,517,520.7,35152,0
20230928,200000,520.9,521.4,519.5,520.4,23602,0
20230928,210000,520.8,521.1,519.5,519.6,14997,0
20230928,220000,519.6,520.3,519,520.1,10194,0
20230928,230000,520.2,520.9,519.5,519.5,17532,0
20230929,100000,520.9,524.4,520,521,120986,0
20230929,110000,521,521.6,519.8,520.6,37125,0
20230929,120000,520.8,529,520.6,527.4,114748,0
20230929,130000,527.5,528.9,525,526,78029,0
20230929,140000,526,527.5,522,522.9,76393,0
20230929,150000,522.9,523,520.2,520.8,51506,0
20230929,160000,520.8,526,520.5,523,86625,0
20230929,170000,523,524.4,520.6,521.9,30427,0
20230929,180000,521.6,522.7,520,520,49094,0
20230929,190000,520.3,521.7,517,520.9,27110,0
20230929,200000,520.8,520.9,517.7,517.7,31979,0
20230929,210000,517.8,520,517.4,519.8,13499,0
20230929,220000,519.8,520,517.9,518.7,19388,0
20230929,230000,519.2,519.8,510.5,515.1,58537,0
20231002,100000,516.8,518.7,513.5,516.7,121980,0
20231002,110000,517,524.9,516.7,520.3,102497,0
20231002,120000,520.3,521,518.2,520.8,27282,0
20231002,130000,520.9,522.7,519.3,519.6,112718,0
20231002,140000,519.9,520,517.3,517.8,25844,0
20231002,150000,517.7,519.5,514.1,514.9,193675,0
20231002,160000,514.9,515.5,507.4,509.3,132574,0
20231002,170000,509.1,510.6,507.9,508.6,77102,0
20231002,180000,508.5,508.6,503,503,98359,0
20231002,190000,510.8,513.9,502.8,506.9,56849,0
20231002,200000,506.9,510.9,506.8,509.2,21023,0
20231002,210000,509.2,510.9,509.1,510.4,15636,0
20231002,220000,510.4,511.5,501.2,505.2,74713,0
20231002,230000,505.1,508.3,503.7,503.9,26825,0
20231003,100000,505.9,505.9,496,497.5,280150,0
20231003,110000,497.4,502.4,496.3,500.4,115601,0
20231003,120000,500.5,501.1,498,500.3,59709,0
20231003,130000,500.5,500.8,493.2,495,101251,0
20231003,140000,495.4,497.7,492.4,494.6,102957,0
20231003,150000,494.5,499.6,494.2,499.5,67091,0
20231003,160000,499.5,502.2,498.2,501.4,79391,0
20231003,170000,501.4,502,497.5,500.2,37669,0
20231003,180000,500.2,501,497,498.4,22243,0
20231003,190000,498,499.5,497.7,499.3,10084,0
20231003,200000,499.3,504.4,499,504.1,26634,0
20231003,210000,504,505,502.1,502.4,13620,0
20231003,220000,502.4,504,501.6,502.4,14421,0
20231003,230000,502.3,504.2,500.8,502,11299,0
20231004,100000,501.8,503,497.3,502.3,68076,0
20231004,110000,502.3,502.7,497.5,498.6,67421,0
20231004,120000,499,502,498.7,500.6,28572,0
20231004,130000,501.1,502.5,499.7,501.8,30526,0
20231004,140000,502,502.3,499,500,21359,0
20231004,150000,499.8,500,497.5,498.4,31089,0
20231004,160000,498.5,499.3,495,495,58244,0
20231004,170000,495.1,497.7,495,495.6,26196,0
20231004,180000,495.6,499,495.6,498.6,15512,0
20231004,190000,500,500,498,498.8,8035,0
20231004,200000,498.7,499.4,498.2,499,6366,0
20231004,210000,499,499.3,498.5,499.2,10090,0
20231004,220000,499.2,499.7,498.5,498.9,5043,0
20231004,230000,499,500.3,498.6,500.3,11751,0
20231005,100000,500.8,504.4,496.8,500,69174,0
20231005,110000,500,501.8,497.8,499,36563,0
20231005,120000,499,500,497.6,497.8,40843,0
20231005,130000,497.8,500,497,498.5,49378,0
20231005,140000,498.5,499.1,496.9,497.7,25583,0
20231005,150000,497.9,501.4,497.2,498.1,47043,0
20231005,160000,498.5,498.5,496.5,497.9,32225,0
20231005,170000,497.9,498.7,496,497.2,48560,0
20231005,180000,497.2,498,496.1,497,11198,0
20231005,190000,498.1,499.7,496.4,498.3,13685,0
20231005,200000,498,499.1,497.5,499,11854,0
20231005,210000,499,499.8,497.5,499.8,14475,0
20231005,220000,499.5,499.9,498.1,499.4,7335,0
20231005,230000,499.8,500,498.9,499.9,8259,0
20231006,100000,500.3,501.4,495.5,497.6,82719,0
20231006,110000,497.6,498.2,495.9,496.3,28229,0
20231006,120000,496.3,496.8,495.4,495.8,29081,0
20231006,130000,495.7,498,495.4,497,19504,0
20231006,140000,497.1,501,497,497.9,50830,0
20231006,150000,498.4,498.9,497.3,498.3,13865,0
20231006,160000,498.3,499.6,497.9,498,21793,0
20231006,170000,498.3,499,497.2,499,33204,0
20231006,180000,498.9,499.9,498.2,499.2,21394,0
20231006,190000,497.8,501.8,497.8,500.4,38488,0
20231006,200000,500.7,500.8,498.6,500.6,33020,0
20231006,210000,500.6,502,499,500.6,37622,0
20231006,220000,500.7,501.5,499.3,500.7,12858,0
20231006,230000,500.7,502.4,499,501.5,49262,0
20231009,100000,503.7,519.7,502.8,517.8,574716,0
20231009,110000,517.8,522.4,512.6,520.9,254937,0
20231009,120000,520.9,529,516.7,526.1,320077,0
20231009,130000,526.3,526.4,521.1,523.5,95249,0
20231009,140000,523.4,525.4,521.4,522,91515,0
20231009,150000,522,523.4,521,522.5,40038,0
20231009,160000,522.6,526,522.1,525.1,70016,0
20231009,170000,525.1,526.2,521.4,521.4,66148,0
20231009,180000,521.5,523.2,516.5,520.1,91970,0
20231009,190000,520.1,523.3,519,522,28513,0
20231009,200000,522,524.8,521.8,523.5,16153,0
20231009,210000,523.5,524.7,521.9,524.7,15917,0
20231009,220000,524.7,527.3,522.6,526.6,57372,0
20231009,230000,526.6,527.3,522.8,525.7,36064,0
20231010,100000,525.2,525.2,516.3,520.8,221759,0
20231010,110000,520.8,521.4,515.2,517.5,95608,0
20231010,120000,517.1,520.2,516.6,520.2,44013,0
20231010,130000,520.3,520.3,517.3,517.3,56627,0
20231010,140000,517.3,518.8,515,517.5,78180,0
20231010,150000,517.5,522.5,516.1,522,48434,0
20231010,160000,521.8,523.7,517.3,517.8,59508,0
20231010,170000,518.1,523.8,517.2,520.9,69161,0
20231010,180000,520.9,521.8,519.6,520.2,42374,0
20231010,190000,518.6,523,518.5,523,17939,0
20231010,200000,523,523.6,520.9,520.9,22234,0
20231010,210000,520.9,522,520,520.6,13400,0
20231010,220000,520.6,522.5,520.6,522.3,13842,0
20231010,230000,522.1,522.3,520.7,520.9,11116,0
20231011,100000,522.5,527.8,517.2,526.5,205925,0
20231011,110000,526.4,539,525.2,534.6,492971,0
20231011,120000,534.6,540,534,538.1,251602,0
20231011,130000,538.6,540,532.4,539.3,217242,0
20231011,140000,539.7,545,539.5,540.5,246143,0
20231011,150000,540.5,543,536.1,541.2,137832,0
20231011,160000,541.1,544,538.7,540.6,101240,0
20231011,170000,540.4,544,537,543.7,85617,0
20231011,180000,543.6,544.9,541.5,544.9,72278,0
20231011,190000,544.9,549.7,541.3,543.7,144810,0
20231011,200000,543.7,544.9,536.8,541.2,101320,0
20231011,210000,541.2,541.4,538.5,539.5,36326,0
20231011,220000,539.5,540,522.4,529.7,291798,0
20231011,230000,529.7,533,523.7,525.8,113472,0
20231012,100000,524.2,541.5,520,541.5,460798,0
20231012,110000,541.4,541.6,537.1,537.5,66009,0
20231012,120000,537.2,541.6,537.2,539.2,72553,0
20231012,130000,539.2,539.2,531.6,536.3,142476,0
20231012,140000,536.4,539.4,536.2,537.7,32707,0
20231012,150000,537.7,539,533.3,533.4,42531,0
20231012,160000,533.3,535.4,532,532.5,60643,0
20231012,170000,532.5,538,532.1,536.2,69579,0
20231012,180000,536.4,537,535.8,536.8,24101,0
20231012,190000,537.5,539.5,536.2,536.8,28509,0
20231012,200000,536.8,537.2,534.6,536,17069,0
20231012,210000,535.6,537.1,535.5,536.2,8928,0
20231012,220000,536.2,536.9,535.3,536.7,8659,0
20231012,230000,536.6,537.5,533.5,537.5,37862,0
20231013,100000,537.6,547.8,537.6,540.7,274894,0
20231013,110000,540.8,542.8,538.1,542.2,102942,0
20231013,120000,542.2,542.8,538.2,538.8,47694,0
20231013,130000,539,541.2,538.2,539.5,79227,0
20231013,140000,539.6,542.8,539,542,40081,0
20231013,150000,542,545.4,541.5,545,126378,0
20231013,160000,544.9,546.5,543,546.4,147514,0
20231013,170000,546.4,548.7,543.6,545,128695,0
20231013,180000,545,546.6,543.4,546,36492,0
20231013,190000,544.3,545.9,543.4,544,32155,0
20231013,200000,544.2,545.4,540.1,543.9,78095,0
20231013,210000,543.9,547,543.6,546.7,41788,0
20231013,220000,546.4,548.5,546,548.5,35684,0
20231013,230000,548.5,548.5,545,545.5,55473,0
20231016,100000,549,563.6,546,559.7,547578,0
20231016,110000,559.5,564.8,557.4,563,230692,0
20231016,120000,563.5,563.8,559.1,560.4,140847,0
20231016,130000,560.4,562.9,558.8,559.9,77500,0
20231016,140000,559.8,560.8,549.2,551.2,261255,0
20231016,150000,551.2,556,550.9,555.2,131938,0
20231016,160000,555.2,559.3,554.3,556.8,83180,0
20231016,170000,556.7,557.9,554.3,557.5,37180,0
20231016,180000,557.2,560.6,557,560.5,57083,0
20231016,190000,560.3,561.9,555.7,560.7,49846,0
20231016,200000,560.5,560.8,559,560.2,23963,0
20231016,210000,560.2,561.6,559.1,560.5,25590,0
20231016,220000,560.6,561.8,560.2,560.2,16242,0
20231016,230000,560.4,561,560.1,561,13243,0
20231017,100000,562,563,553.1,558,200678,0
20231017,110000,558,561.7,553.7,560.6,83538,0
20231017,120000,560.3,560.7,556,559.4,51103,0
20231017,130000,559.7,561,558.5,559.4,25881,0
20231017,140000,559.5,560,555.6,557.2,43494,0
20231017,150000,556.9,559,550,557.8,149812,0
20231017,160000,557.7,559,555.8,558.6,36090,0
20231017,170000,558.6,560.9,556,556,74010,0
20231017,180000,556,558.3,554.6,557.6,34992,0
20231017,190000,558.2,559,552.1,557.3,12766,0
20231017,200000,557.3,557.9,556.8,557.4,11921,0
20231017,210000,557.4,557.7,555,555.8,14585,0
20231017,220000,555.8,556.4,555,556.2,13372,0
20231017,230000,556.2,559.3,555.9,557.9,30689,0
20231018,100000,560.8,562,558.1,559,100699,0
20231018,110000,559,560.5,556.2,559.1,63850,0
20231018,120000,559.2,560,557,558.8,59200,0
20231018,130000,558.5,559.9,557.3,558.9,40616,0
20231018,140000,558.9,559.5,556.3,557,28150,0
20231018,150000,557,558,556,556.2,46057,0
20231018,160000,556.1,557.9,550.6,555,127663,0
20231018,170000,554.9,564,553.2,560.2,297236,0
20231018,180000,560.1,562.5,556,559.3,105148,0
20231018,190000,558.7,563,557.6,562,61751,0
20231018,200000,562,562,560.2,560.9,27682,0
20231018,210000,560.8,561.3,558,558.5,41580,0
20231018,220000,558.5,561.4,558,559.8,30674,0
20231018,230000,560,561.6,558.8,560.2,25803,0
20231019,100000,561.8,574.3,560,568.8,620149,0
20231019,110000,568.9,569.9,565.6,567.4,124018,0
20231019,120000,567.4,569,565.7,567.3,74288,0
20231019,130000,567.3,568.7,566.8,567.6,53905,0
20231019,140000,567.6,568,563.6,566.7,96310,0
20231019,150000,566.4,568.8,566,568.7,35848,0
20231019,160000,568.8,569,567,567.2,35216,0
20231019,170000,567.2,567.7,556,562.8,259528,0
20231019,180000,562.5,564.5,561.4,564,39638,0
20231019,190000,563.4,565.3,562.3,564.2,25909,0
20231019,200000,563.8,565,562.1,565,19482,0
20231019,210000,565.1,568,565,567.3,55027,0
20231019,220000,567.3,569.9,567.1,569.1,43649,0
20231019,230000,569.2,572.4,569.2,571.8,121749,0
20231020,100000,572,574,562.2,565.2,283853,0
20231020,110000,565.6,566.3,560.1,564.7,135808,0
20231020,120000,564.6,564.7,560.1,562.4,45439,0
20231020,130000,562.2,562.7,560.1,561.6,51543,0
20231020,140000,560.9,562.6,559.6,559.7,47969,0
20231020,150000,559.7,561.8,557.1,561.7,72464,0
20231020,160000,561.7,563.3,560.1,563.2,30573,0
20231020,170000,563.1,565.4,563,563.9,53209,0
20231020,180000,564,567.1,563.9,565.1,50854,0
20231020,190000,563.4,566.8,561,564.3,37467,0
20231020,200000,564.2,564.5,561.6,562.5,16317,0
20231020,210000,562.5,563.2,561,562.6,15733,0
20231020,220000,562.6,563,561.2,562.1,23610,0
20231020,230000,562.1,562.3,560,560.3,30252,0
20231023,100000,562,563.6,557.5,558.4,121892,0
20231023,110000,558.4,558.5,545.4,549.6,308126,0
20231023,120000,549.5,553.2,548.9,550,95682,0
20231023,130000,550.2,550.9,547.2,550.8,93700,0
20231023,140000,550.8,551,549,549.8,35557,0
20231023,150000,549.9,549.9,546,547.2,70442,0
20231023,160000,547.1,547.4,543,544.4,96474,0
20231023,170000,544.5,550,543.1,548.8,87097,0
20231023,180000,548.9,553.8,548.5,550.9,59822,0
20231023,190000,550.9,551.8,549.1,550.3,17142,0
20231023,200000,550.6,550.6,549.1,550.5,12566,0
20231023,210000,550.6,551.9,549.4,550.6,16201,0
20231023,220000,550.8,551,549.8,550.4,8797,0
20231023,230000,550.4,550.5,548,548.6,20597,0
20231024,100000,547,549.8,538.3,542,259468,0
20231024,110000,542,543,539,542.5,102768,0
20231024,120000,542.5,546.7,542,543.7,66528,0
20231024,130000,543.6,545.9,542.3,542.4,32139,0
20231024,140000,542.3,544,542,543.5,45388,0
20231024,150000,543.5,544.2,542.7,543.1,24459,0
20231024,160000,543.1,543.5,541.1,541.6,27101,0
20231024,170000,541.8,544.2,541,544,33042,0
20231024,180000,544,544,541.5,542.4,24680,0
20231024,190000,542.4,547.5,542,545.8,53919,0
20231024,200000,545.8,546.6,544.7,545.7,22827,0
20231024,210000,545.7,546,544.4,545.2,5994,0
20231024,220000,545.5,546.3,545.3,546.1,5734,0
20231024,230000,546.2,547.4,545.7,545.7,17777,0
20231025,100000,546.2,546.5,541.1,542.3,66107,0
20231025,110000,542.3,544.8,542.2,543.7,21407,0
20231025,120000,543.7,545.2,542.6,543.5,32810,0
20231025,130000,543.4,544.8,542.5,542.8,22553,0
20231025,140000,542.8,553.9,542.3,552.4,200825,0
20231025,150000,552,552.5,548.3,548.7,58062,0
20231025,160000,548.8,552.4,547.5,550.4,43022,0
20231025,170000,550.4,552,548.4,551.9,39132,0
20231025,180000,551.9,553.2,550,553,31793,0
20231025,190000,553,557.6,552.2,555.9,91208,0
20231025,200000,555.9,557,552.5,553.2,43507,0
20231025,210000,553.2,554.3,552.5,553.6,17273,0
20231025,220000,553.6,554,552.8,552.9,13187,0
20231025,230000,552.9,553,549.3,549.5,34078,0
20231026,100000,552.4,558.5,551.3,556.4,155951,0
20231026,110000,556.4,556.5,554,555,64065,0
20231026,120000,555.1,557.2,555,557.2,38133,0
20231026,130000,557,558.5,550.2,551.8,85792,0
20231026,140000,551.4,553.3,547.5,548.8,108689,0
20231026,150000,548.7,549.1,545,545.1,63710,0
20231026,160000,545.5,551.5,545.4,551.2,40379,0
20231026,170000,551.1,551.3,545.8,546.4,43149,0
20231026,180000,546.4,546.7,545,545,25248,0
20231026,190000,545,549,545,545.1,35276,0
20231026,200000,545.7,548.8,545.3,546.5,22731,0
20231026,210000,546.5,546.8,545.4,545.5,4958,0
20231026,220000,545.8,546,545.4,545.7,5740,0
20231026,230000,545.6,545.6,541.1,543,33828,0
20231027,100000,545.2,545.9,541.3,545,52880,0
20231027,110000,545,548.8,543.3,546.9,23534,0
20231027,120000,547,547.3,545.4,545.8,16621,0
20231027,130000,545.6,546,530.8,533.3,267269,0
20231027,140000,533.2,537.5,530.6,536.7,116723,0
20231027,150000,536.2,538.5,535.8,537.5,28594,0
20231027,160000,537.6,544,536.2,543.8,49287,0
20231027,170000,543.8,543.9,541.2,541.7,25726,0
20231027,180000,541.7,541.8,539.5,540.3,15018,0
20231027,190000,543,543,536.8,537.2,27925,0
20231027,200000,537.2,541,537,540.8,17119,0
20231027,210000,540.6,547.1,540.2,546,67951,0
20231027,220000,546.2,550.3,545.9,548.6,68266,0
20231027,230000,548.1,549.5,546.5,547.3,23219,0
20231030,100000,550,557.2,545.1,550.1,170593,0
20231030,110000,550,555,549,553.6,64312,0
20231030,120000,553.5,556,552.3,555.2,44106,0
20231030,130000,555.2,557.7,555.1,556,92936,0
20231030,140000,556,556,552,553.3,74190,0
20231030,150000,553.6,555.9,551.8,555.4,45083,0
20231030,160000,555.2,556.5,550.2,550.2,54980,0
20231030,170000,550.2,553,547.2,547.5,67258,0
20231030,180000,547.5,548.1,546.3,547.4,36181,0
20231030,190000,546.5,550.1,545.6,549.5,17327,0
20231030,200000,549.5,549.7,546.7,548.8,17351,0
20231030,210000,548.3,550.9,548.3,549.3,8826,0
20231030,220000,549.3,549.7,548.3,549,5751,0
20231030,230000,549,549,547.4,547.7,9563,0
20231031,100000,550.9,560.8,550.2,552.4,314327,0
20231031,110000,552.4,554.7,547.7,548.2,139577,0
20231031,120000,548.4,548.6,545,545.4,97605,0
20231031,130000,545.4,545.4,526,534.1,850505,0
20231031,140000,534.1,534.1,524.2,532.9,198394,0
20231031,150000,533,534.3,530.5,533.3,79377,0
20231031,160000,533.4,538.2,530.1,532,90144,0
20231031,170000,531.9,539,530.5,538.9,86892,0
20231031,180000,538.7,542.8,534.6,540,125517,0
20231031,190000,540,540.5,535.6,538.6,29423,0
20231031,200000,538.5,538.9,535.1,537.4,22767,0
20231031,210000,537.5,541.1,535.2,540.7,32626,0
20231031,220000,540.7,544,537.7,539,31639,0
20231031,230000,539.3,540.7,538.2,538.3,21121,0
20231101,100000,538.4,542.4,535.2,535.8,70135,0
20231101,110000,535.8,541.7,535.5,540,45817,0
20231101,120000,539.8,543.8,539.6,542.5,33448,0
20231101,130000,542.6,542.6,539,540.8,40746,0
20231101,140000,540.8,541.2,538.5,539.7,35859,0
20231101,150000,539.7,542.8,539.5,541.6,47843,0
20231101,160000,541.6,542.7,540.9,541.6,24593,0
20231101,170000,541.6,542.7,540.6,542.1,32760,0
20231101,180000,542.1,542.3,540.7,541.2,26134,0
20231101,190000,540.2,545,539.7,542.8,43965,0
20231101,200000,542.6,542.7,541,541.6,18669,0
20231101,210000,541.6,543,541.4,542.1,14565,0
20231101,220000,542.4,544.7,542.2,544.5,13428,0
20231101,230000,544.3,544.3,542.2,543.5,13933,0
20231102,100000,545.1,549.5,544.5,549.2,84952,0
20231102,110000,549.1,549.3,546.9,547.3,30210,0
20231102,120000,547.3,547.8,544.9,545,37213,0
20231102,130000,545,546.9,544,546.7,28297,0
20231102,140000,546.8,546.9,545.4,546.3,9584,0
20231102,150000,546.2,548.7,546,547.2,48386,0
20231102,160000,547.5,547.5,546.1,546.5,19059,0
20231102,170000,546.8,547.4,541.7,541.8,74603,0
20231102,180000,542,544.3,539,539.7,70448,0
20231102,190000,542,542.4,539,542.4,27537,0
20231102,200000,542.4,543.7,540.5,542,16269,0
20231102,210000,542.3,543.8,540.2,540.3,10104,0
20231102,220000,540.7,541.2,539.4,539.8,9518,0
20231102,230000,539.8,540.3,537,537.6,38875,0
20231103,100000,538.8,541.7,536.8,537.3,101291,0
20231103,110000,537.3,537.3,529,532.1,123840,0
20231103,120000,531.8,537.7,531.2,536.6,68564,0
20231103,130000,536.6,538,534.7,534.8,47409,0
20231103,140000,535,538.9,533.1,538.8,39906,0
20231103,150000,538.7,543.6,537.2,542.9,105384,0
20231103,160000,542.9,543.7,537.9,541.5,68443,0
20231103,170000,541.3,543.6,540,542.7,42173,0
20231103,180000,542.7,543.3,540.4,542.6,29955,0
20231103,190000,538.5,542.5,538.2,540.4,11386,0
20231103,200000,540.4,540.8,539.5,540.3,9348,0
20231103,210000,540.3,541.5,539.9,541.5,15711,0
20231103,220000,541.5,541.5,540.2,540.8,7238,0
20231103,230000,540.4,540.9,535.3,539.1,45093,0
20231106,100000,539,548,538.8,547.4,121957,0
20231106,110000,547.4,549.5,546.5,547.3,56087,0
20231106,120000,547.3,548.3,545.4,546.9,32327,0
20231106,130000,547.4,547.7,546.2,547.4,15397,0
20231106,140000,547,548,546.6,547.7,17885,0
20231106,150000,547.7,547.7,545.5,546,14954,0
20231106,160000,545.9,546.4,543,543.2,48340,0
20231106,170000,543.2,544.4,542.9,543.5,18093,0
20231106,180000,543.6,547,543.6,547,16213,0
20231106,190000,547,547.5,545,545.2,15578,0
20231106,200000,545.2,548,545.2,547.5,8638,0
20231106,210000,547.3,547.4,543.5,546.2,9378,0
20231106,220000,546.2,546.2,541.3,543.5,19462,0
20231106,230000,543.5,547,543,544.3,17924,0
20231107,100000,544.5,545.5,541.6,543,31479,0
20231107,110000,542.9,543.8,542.2,542.7,17626,0
20231107,120000,542.9,545.8,542.3,545.1,29890,0
20231107,130000,545.2,546,544.1,546,18472,0
20231107,140000,545.9,546.5,544,544.4,23815,0
20231107,150000,544.8,544.8,542,543.2,33336,0
20231107,160000,543.3,546.2,542.5,545.9,36351,0
20231107,170000,546,547,544,544.8,43836,0
20231107,180000,544.9,545.1,543.1,543.3,20088,0
20231107,190000,543.6,544.1,541,542.9,24552,0
20231107,200000,542.7,547,542.5,544.1,36163,0
20231107,210000,544.2,545.4,544,545.3,7862,0
20231107,220000,545.3,545.3,541,543.2,31324,0
20231107,230000,543.2,544.5,541.7,541.9,10350,0
20231108,100000,542,544.2,541.9,542,43936,0
20231108,110000,542,543.9,541.9,543.1,17925,0
20231108,120000,543.1,543.4,541.6,542.7,30944,0
20231108,130000,542.7,544.6,541.6,542,31916,0
20231108,140000,542.1,542.2,540.2,541.7,35217,0
20231108,150000,541.8,542.5,540,540.5,35975,0
20231108,160000,540.5,542.1,539.3,539.7,30757,0
20231108,170000,539.8,540.3,537,539.8,37349,0
20231108,180000,540,541,539,540.4,20142,0
20231108,190000,540.2,542.4,540,541.5,16836,0
20231108,200000,541.5,542.8,540.4,542.7,15581,0
20231108,210000,542.5,542.6,541.1,542.2,13612,0
20231108,220000,542,542.5,540.4,541.4,19309,0
20231108,230000,540.8,542.5,540.6,542,12463,0
20231109,100000,543.7,545,538.2,540.3,86744,0
20231109,110000,540.3,542,539.7,540.3,31204,0
20231109,120000,540.4,541.3,539,540.3,15869,0
20231109,130000,540.3,543.5,539.1,542.2,21654,0
20231109,140000,542,544,541.6,543,21230,0
20231109,150000,543,543.4,542.3,542.3,14067,0
20231109,160000,542.7,543.4,542,543.4,19185,0
20231109,170000,543.4,544.3,542,544,37174,0
20231109,180000,544.1,544.3,543.3,543.8,23212,0
20231109,190000,542.1,544.8,542.1,543.4,52219,0
20231109,200000,543.3,543.5,540.1,541.2,26061,0
20231109,210000,541.1,541.2,540,541,8310,0
20231109,220000,541.2,541.9,540.6,541.2,4335,0
20231109,230000,541.2,541.6,540,540,14928,0
20231110,100000,540.1,542,539,540.6,51157,0
20231110,110000,540.1,541,540,540.6,18196,0
20231110,120000,540.6,541,540,540.3,19623,0
20231110,130000,540,540.5,539,539.2,26433,0
20231110,140000,539.2,541.5,539,539.3,32236,0
20231110,150000,539.2,539.8,535,537.7,68943,0
20231110,160000,537.7,538.1,537,538.1,30796,0
20231110,170000,538.1,538.8,537,538.3,27991,0
20231110,180000,537.8,538.2,537.4,537.5,10559,0
20231110,190000,537.5,538.7,537,537.5,10868,0
20231110,200000,537.5,538,537.1,538,7086,0
20231110,210000,538,539,537.3,538.9,13629,0
20231110,220000,538.6,538.6,537.1,537.7,6851,0
20231110,230000,537.4,537.7,535.1,535.6,23010,0
20231113,100000,535.7,538.8,530.3,535.5,119293,0
20231113,110000,535.5,535.5,532,534.1,47069,0
20231113,120000,534.5,534.9,532.6,534.2,26876,0
20231113,130000,534.6,534.6,533,533,10258,0
20231113,140000,533,536,532.2,533.3,47560,0
20231113,150000,533.5,536,533.3,535,29398,0
20231113,160000,535,535.4,533.2,534.7,38000,0
20231113,170000,534.7,535.5,534.7,535,15014,0
20231113,180000,535.2,535.4,533.5,534.2,21870,0
20231113,190000,532.4,535.4,532.4,534.3,28284,0
20231113,200000,534.2,536.5,532.1,533.6,52162,0
20231113,210000,533.6,533.6,532.2,532.8,18964,0
20231113,220000,532.8,534.9,532.1,534.5,9205,0
20231113,230000,534.5,534.5,532.8,533.3,4914,0
20231114,100000,532.4,533.2,515,526.3,232901,0
20231114,110000,526.2,526.3,518.4,524.2,166367,0
20231114,120000,524,524,521,523.6,35548,0
20231114,130000,523.6,525.4,520.9,520.9,26411,0
20231114,140000,520.9,523.7,515,520.5,126371,0
20231114,150000,520.5,525.4,518.3,523.2,46986,0
20231114,160000,523.2,525.7,522.5,524.5,38663,0
20231114,170000,524.7,533,524.4,528.2,88795,0
20231114,180000,528.2,534.6,528.2,530.7,38205,0
20231114,190000,528.9,532.6,528.9,531.1,17951,0
20231114,200000,531,531.1,524.5,526.2,16606,0
20231114,210000,526.2,528.5,524.8,528.5,12993,0
20231114,220000,528.3,529,526.3,529,12924,0
20231114,230000,529,529.4,525,527.5,7179,0
20231115,100000,527.8,528.8,521,522.6,47894,0
20231115,110000,522.7,523.9,521.1,522.3,27989,0
20231115,120000,522.8,529.5,522,527.6,45676,0
20231115,130000,527.8,529.4,525.9,527.4,20617,0
20231115,140000,527.5,529,525.1,528.2,33110,0
20231115,150000,528,528.6,527,527.6,12813,0
20231115,160000,527.2,528.9,525,528.5,57603,0
20231115,170000,528.5,532,528.1,531.4,43915,0
20231115,180000,531,531.5,528.5,530,18787,0
20231115,190000,532,532,528.5,528.8,11659,0
20231115,200000,529,530,529,529.4,12620,0
20231115,210000,529.4,529.7,528.9,529.7,10089,0
20231115,220000,529.7,530.4,529.6,530.3,13799,0
20231115,230000,530.3,530.4,527.9,528.5,16743,0
20231116,100000,529.3,536.6,528.6,534,114889,0
20231116,110000,534,536,534,535.1,80455,0
20231116,120000,535,535.3,534,534.2,35174,0
20231116,130000,534.2,535,534,534.1,40336,0
20231116,140000,534.3,534.8,534,534.5,28717,0
20231116,150000,534.4,536.5,534,535.6,58941,0
20231116,160000,535.9,536,535,535.8,21995,0
20231116,170000,535.8,536.5,532.3,533,39144,0
20231116,180000,533.3,536,532.6,535.5,44919,0
20231116,190000,535.5,538,530,533.1,53050,0
20231116,200000,533.3,533.8,530.5,530.8,9785,0
20231116,210000,531,532,529.6,529.9,9258,0
20231116,220000,529.7,529.7,522.7,524.5,34430,0
20231116,230000,524.6,528.3,523.4,526.7,15289,0
20231117,100000,526.2,530.5,523.9,530.4,62988,0
20231117,110000,530.4,536,529.1,535.2,91917,0
20231117,120000,535.4,537.1,529.3,529.9,94328,0
20231117,130000,529.9,530.4,527,527.4,30359,0
20231117,140000,527.5,532.2,527.1,531.1,26107,0
20231117,150000,531.4,533.5,530,533.5,23502,0
20231117,160000,533.3,535,530.5,530.9,24827,0
20231117,170000,531.4,533,530.7,532.1,12076,0
20231117,180000,532.1,532.4,531.6,531.6,28056,0
20231117,190000,532,534.1,530.7,533.5,13102,0
20231117,200000,533.7,534,532.2,532.4,2361,0
20231117,210000,532.3,532.7,526.4,529,24118,0
20231117,220000,528.9,531,528.2,530.2,7434,0
20231117,230000,530.2,531.4,529,529.1,14288,0
20231120,100000,530.4,536.7,530,536.1,98660,0
20231120,110000,536,544.1,535.6,543,200460,0
20231120,120000,543,543.8,540.2,541.3,62605,0
20231120,130000,541.3,541.3,537.1,539.4,36458,0
20231120,140000,539.4,539.9,536.3,537.5,31105,0
20231120,150000,537.8,541.3,537.1,539.5,28076,0
20231120,160000,539.5,539.9,537.8,538.8,23217,0
20231120,170000,538.5,539.9,537.2,539.2,23582,0
20231120,180000,539,540,538.1,539.7,8410,0
20231120,190000,538,542.5,537.6,539,33584,0
20231120,200000,539,540.1,538.2,540,17513,0
20231120,210000,540,540.8,538.9,539.5,14150,0
20231120,220000,539.1,541,538.8,540.5,26355,0
20231120,230000,540.7,541.9,537.8,540,25808,0
20231121,100000,541.7,549.6,539.3,548.7,197951,0
20231121,110000,548.5,552.9,548.2,550.6,203484,0
20231121,120000,550.6,552.2,545.2,546.8,82557,0
20231121,130000,547,550.9,546.5,550.8,47181,0
20231121,140000,550.6,550.8,546.5,547.7,45003,0
20231121,150000,547.7,551,547,550.9,42748,0
20231121,160000,550.7,558.9,550.6,558.5,196543,0
20231121,170000,558.5,563,557,561.9,492921,0
20231121,180000,561.9,567,561.1,564.8,170642,0
20231121,190000,564.2,566.7,559,565.7,156946,0
20231121,200000,566,566.1,560.5,563.8,100940,0
20231121,210000,563.8,564.2,562,562.9,40130,0
20231121,220000,562.8,563.6,561.6,563.6,34566,0
20231121,230000,563.6,565,563.4,564.3,41983,0
20231122,100000,565.8,573.8,565.3,569.5,411243,0
20231122,110000,569.5,569.5,557,560,301389,0
20231122,120000,559.8,563.4,557.2,561.6,127965,0
20231122,130000,561.7,563.4,557.4,563.3,72550,0
20231122,140000,563.3,564.6,561.5,564,55538,0
20231122,150000,564,564.5,559.3,561.2,48830,0
20231122,160000,561.1,562.3,557.2,558,75433,0
20231122,170000,558,562,557.4,561.2,82666,0
20231122,180000,561.2,562,558,558.4,41612,0
20231122,190000,558,560.7,558,559.8,10599,0
20231122,200000,560.1,560.6,558.2,559.5,10195,0
20231122,210000,559.5,560,559.2,559.7,15828,0
20231122,220000,559.7,561,559.3,560.2,17512,0
20231122,230000,560,560.4,559.4,559.4,5786,0
20231123,100000,564.5,565.6,547.4,550.5,516379,0
20231123,110000,550.4,553.5,544.6,548,207246,0
20231123,120000,548,548.8,534.4,536.8,521674,0
20231123,130000,536.8,536.8,527.4,529,745709,0
20231123,140000,529,529.1,497.2,502.9,1673325,0
20231123,150000,502.9,511.9,474,507.8,3240898,0
20231123,160000,507.8,521.5,505.2,511.4,1507190,0
20231123,170000,511.5,511.5,501.4,501.5,636369,0
20231123,180000,501.7,505.4,488.1,492,748493,0
20231123,190000,490,497,483.7,488,714374,0
20231123,200000,487.9,493.9,484,487,321128,0
20231123,210000,487,491,486.4,490,173417,0
20231123,220000,490,490,486.1,486.7,121188,0
20231123,230000,486.9,487.2,482.1,482.2,160529,0
20231124,100000,480.7,480.8,443.2,457.6,2772992,0
20231124,110000,457.5,462.5,446,447,842354,0
20231124,120000,447,449.3,436,443.8,1418717,0
20231124,130000,443.6,446,430.2,432.3,1034696,0
20231124,140000,432.3,434.4,422.2,424.3,1367790,0
20231124,150000,423.9,430.6,420,423.3,869874,0
20231124,160000,423.2,432.4,421.7,423.8,678953,0
20231124,170000,423.8,425.6,400.5,409,1559566,0
20231124,180000,409.1,411.8,405,405.2,539937,0
20231124,190000,405.3,408,396.7,402.7,626438,0
20231124,200000,402.7,403.8,401,402.2,183751,0
20231124,210000,402.2,403.4,399.2,401.2,255206,0
20231124,220000,401.3,401.6,392.4,395,503209,0
20231124,230000,395,402.4,391.2,395.5,344065,0
20231127,100000,395.5,418.5,395.5,415.2,2056583,0
20231127,110000,415.2,429.9,410.3,423.3,1326515,0
20231127,120000,423.2,453.6,423.2,450.8,2641888,0
20231127,130000,450.6,490,446.6,463,6229912,0
20231127,140000,462.2,479.2,458.8,469.9,2585257,0
20231127,150000,470,471.9,462,465.6,823695,0
20231127,160000,466.2,469.2,448,466.9,1253787,0
20231127,170000,466.9,476,461,466.4,1045262,0
20231127,180000,466.8,468.9,462.2,464,319338,0
20231127,190000,467,467,460.7,465.5,165695,0
20231127,200000,465.5,467,464.2,465.6,62143,0
20231127,210000,465.5,473,464.9,468.4,178291,0
20231127,220000,468.2,477.4,467.4,474.4,231894,0
20231127,230000,474.4,484.8,472.3,477,468365,0
20231128,100000,484,509,461.1,462.7,3903256,0
20231128,110000,462.9,505,458.1,497.8,3287152,0
20231128,120000,497.8,507.4,496.8,502.6,1123794,0
20231128,130000,502.6,509.6,500.7,509.1,780382,0
20231128,140000,509,526,507.8,521,3123848,0
20231128,150000,521,540,519,522.3,3061980,0
20231128,160000,522.7,524,507.8,513.4,1176645,0
20231128,170000,513.4,515.9,506.1,512,780745,0
20231128,180000,512,515,508.3,514.6,296838,0
20231128,190000,513.9,521.5,512.1,514.7,399559,0
20231128,200000,514.7,516.5,513.1,514.6,103555,0
20231128,210000,514.6,515.7,510,511.8,144828,0
20231128,220000,511.8,514.7,510.2,511.2,102446,0
20231128,230000,511.1,518,510.8,514.4,153038,0
20231129,100000,518,529,496.4,499.5,1628972,0
20231129,110000,499.5,505,489,491,857235,0
20231129,120000,490.9,492.9,478.1,484.4,783070,0
20231129,130000,484.4,492.7,481.2,491.1,374844,0
20231129,140000,491.3,492,487.2,489.3,116446,0
20231129,150000,489.4,490.5,483,489.3,139974,0
20231129,160000,489.3,489.3,483.2,485.9,99571,0
20231129,170000,485.9,488,480.2,485,231076,0
20231129,180000,485,491,484.7,487,113159,0
20231129,190000,487,488.9,482,485,55010,0
20231129,200000,485,485,482.9,483.7,26345,0
20231129,210000,483.7,484.2,476.1,478.4,126154,0
20231129,220000,478.5,479.3,473,476.9,148066,0
20231129,230000,477,482.6,475.5,480.8,108295,0
20231130,100000,480.1,487.2,463.3,463.7,641500,0
20231130,110000,463.8,468.8,461.4,466.8,236671,0
20231130,120000,466.9,467,461.4,465.8,187108,0
20231130,130000,465.8,469.8,463.7,469.1,126128,0
20231130,140000,469.1,478.6,466.9,478.2,204266,0
20231130,150000,478.1,497,478.1,491.5,753577,0
20231130,160000,491.5,493.6,475.5,479,553583,0
20231130,170000,479,488.9,477.1,481.2,199134,0
20231130,180000,481,483.8,480.1,480.1,57467,0
20231130,190000,480,484.8,472.9,475.3,120313,0
20231130,200000,475.2,482.4,474,480.3,67197,0
20231130,210000,480,482.4,479.2,480.7,38365,0
20231130,220000,480.7,481,477,478.4,29944,0
20231130,230000,478.4,479,473.8,475.8,48794,0
20231201,100000,476.2,484,468.1,470.3,337598,0
20231201,110000,470.3,482,468,481,123068,0
20231201,120000,481,491.8,480,480.6,358210,0
20231201,130000,480.6,485,478,482,137708,0
20231201,140000,482,486,480,481.3,118879,0
20231201,150000,481,488.9,481,486.4,242421,0
20231201,160000,486.4,487.9,482.6,483.8,119242,0
20231201,170000,483.6,486.3,482.8,485.3,84428,0
20231201,180000,485,488.3,484.4,487.6,163986,0
20231201,190000,485.1,490,485,485.3,99067,0
20231201,200000,485.8,490,481.7,485.3,64402,0
20231201,210000,484.8,486.3,482,486.3,43047,0
20231201,220000,485.6,486.3,484,484.9,26338,0
20231201,230000,485,486.5,484,484.2,56900,0
20231204,100000,487,506.6,484.8,501.9,991051,0
20231204,110000,502.1,502.5,495.5,501.4,305137,0
20231204,120000,501.4,501.6,497.7,498.4,65225,0
20231204,130000,498.4,501.7,495.3,496.6,143197,0
20231204,140000,496.8,501,496,498.1,128558,0
20231204,150000,497.4,499.9,497.3,499.6,69664,0
20231204,160000,499.7,501.2,498,500.9,106861,0
20231204,170000,501,502.4,500.1,500.8,121773,0
20231204,180000,500.9,502,499.7,502,102264,0
20231204,190000,501.9,502,490.1,496.4,141624,0
20231204,200000,496.4,496.7,490.5,493.3,49919,0
20231204,210000,493.4,497,492.5,496,30866,0
20231204,220000,496,496.1,494.5,495.1,6654,0
20231204,230000,495.3,495.4,490.3,492.3,38703,0
20231205,100000,495.4,502,493.3,500.6,252232,0
20231205,110000,500.1,501.8,495,500.1,260784,0
20231205,120000,500,505.6,499.1,504,201628,0
20231205,130000,504.1,510,504,508.4,308459,0
20231205,140000,508.4,511,508,508.7,194300,0
20231205,150000,508.5,509.4,500.4,501.7,187800,0
20231205,160000,501.8,504,500,501.2,75070,0
20231205,170000,501,503.1,500,502.1,38848,0
20231205,180000,502,505.8,502,505.8,74696,0
20231205,190000,502,506.8,501.3,501.9,54799,0
20231205,200000,501.9,503.7,501.3,502.5,28800,0
20231205,210000,502.3,502.4,500.2,501.8,25667,0
20231205,220000,501.9,503.5,500.9,502.8,12266,0
20231205,230000,502.7,504.9,502.7,504.9,15932,0
20231206,100000,505.9,509.6,495,499.5,370193,0
20231206,110000,499.2,501.2,495,500.2,96324,0
20231206,120000,500.6,502.8,498.2,499.3,90552,0
20231206,130000,499.1,502.9,498.3,502.7,98212,0
20231206,140000,502.6,504.9,500.5,502.9,79392,0
20231206,150000,503,505.8,500,504.5,112395,0
20231206,160000,504.1,506.7,503.7,505.4,93007,0
20231206,170000,505.4,505.8,501.5,505,83780,0
20231206,180000,505.2,506,503.9,505,51758,0
20231206,190000,502.3,505.9,501.7,503.5,35062,0
20231206,200000,503.4,503.6,500,500.5,45111,0
20231206,210000,500.7,501,498,499.9,50315,0
20231206,220000,500,501.3,499.9,500.2,7410,0
20231206,230000,500.2,502.9,500,502,14271,0
20231207,100000,502,505.6,500,501,71124,0
20231207,110000,500.9,503,500,501,77396,0
20231207,120000,500.8,502.9,500,501.4,98670,0
20231207,130000,501.3,504.4,500.8,502.5,47809,0
20231207,140000,502.5,504,500.1,503.4,59334,0
20231207,150000,503.3,511,501.3,508.2,309427,0
20231207,160000,508,510.3,505.6,508.5,130820,0
20231207,170000,508.2,508.7,506.1,508.3,46082,0
20231207,180000,508.3,510.9,507.4,509.8,84893,0
20231207,190000,508.4,510.7,502.2,509.8,67985,0
20231207,200000,509.8,512,508.8,511.2,42250,0
20231207,210000,511.2,511.8,510.8,511,17161,0
20231207,220000,511,511.8,509.9,510.5,28689,0
20231207,230000,510.4,511.1,509,510.1,37578,0
20231208,100000,514.4,515,500,505.7,384904,0
20231208,110000,505.7,507.5,505,505.3,63800,0
20231208,120000,505.3,510,503,505.2,133487,0
20231208,130000,505.2,505.8,503,505,169704,0
20231208,140000,504.6,505.1,503,504.1,64617,0
20231208,150000,504.1,505.3,503,504,52445,0
20231208,160000,503.3,507,503,506.9,59039,0
20231208,170000,506.9,507,504.6,505.5,28503,0
20231208,180000,505.5,505.7,500.7,505.4,89139,0
20231208,190000,503.8,505.3,495.1,497.9,136366,0
20231208,200000,497.8,498.7,496.1,497.3,37333,0
20231208,210000,497.3,504,496.8,500.9,62281,0
20231208,220000,500.9,501.3,498.3,498.9,13748,0
20231208,230000,498.8,500,497.6,500,14202,0
20231211,100000,490,493.1,481.7,487.8,413602,0
20231211,110000,487.8,492.3,485.8,487.7,153942,0
20231211,120000,487.7,491.2,486.6,488.9,71683,0
20231211,130000,488.4,501.3,487.9,499,181114,0
20231211,140000,498.8,499.8,493,494.4,89236,0
20231211,150000,494.6,500,494,499.5,137546,0
20231211,160000,499.2,507,497.3,506.7,179408,0
20231211,170000,506.6,510,502.6,504.6,175989,0
20231211,180000,504.6,506.4,500.3,500.3,52885,0
20231211,190000,500.3,503.6,495.1,498.8,57133,0
20231211,200000,498.6,502,497,500.1,65719,0
20231211,210000,499.6,500.8,497.1,497.4,25287,0
20231211,220000,497.1,498.9,497.1,497.8,13718,0
20231211,230000,497.9,498.2,497.1,497.6,5997,0
20231212,100000,499.7,503,498,501.6,83180,0
20231212,110000,501.6,501.7,495.7,495.8,78197,0
20231212,120000,495.8,501.4,495.2,498,47045,0
20231212,130000,497.8,499.3,495.7,497,49304,0
20231212,140000,497,500,495.8,497.6,84502,0
20231212,150000,497.8,499.2,494.1,497.4,71044,0
20231212,160000,497.4,497.4,494.3,495.7,29107,0
20231212,170000,495.3,501.2,495.2,500,89057,0
20231212,180000,500,500.5,497.1,500,30347,0
20231212,190000,498.8,500,497.5,498.9,6542,0
20231212,200000,498.7,499.5,497.2,497.9,8800,0
20231212,210000,497.9,498.2,495.2,495.7,18874,0
20231212,220000,495.5,496.8,493.3,495.2,37507,0
20231212,230000,495.1,495.5,494.1,495.5,12219,0
20231213,100000,492.1,495.3,485,494.1,135355,0
20231213,110000,493.7,500.6,490.7,498.9,75946,0
20231213,120000,498.9,501.4,497.7,500.2,52604,0
20231213,130000,500.2,500.5,496.8,498.6,36599,0
20231213,140000,498.6,500.9,497.8,499,39698,0
20231213,150000,499,500.1,497.2,498.1,95514,0
20231213,160000,498.1,498.1,495.7,495.9,28227,0
20231213,170000,495.9,500.6,495.5,500,64253,0
20231213,180000,500,501.5,498.5,501.5,50009,0
20231213,190000,501.5,501.5,497.8,499.5,6316,0
20231213,200000,499.8,500.2,497.6,499.1,10787,0
20231213,210000,499.1,500.2,498.3,498.5,13621,0
20231213,220000,498.5,501,498.4,500.9,40033,0
20231213,230000,501,503.8,500.7,502.6,34183,0
20231214,100000,503.2,506.6,499.2,500,78230,0
20231214,110000,500.4,502.3,500,501.3,25575,0
20231214,120000,501.4,503,500,501.4,63146,0
20231214,130000,501.6,503.6,500.6,501.6,55609,0
20231214,140000,501.1,506,500,503.8,85904,0
20231214,150000,503.7,506.5,503,505.2,52389,0
20231214,160000,505.1,508,502.1,507.5,61983,0
20231214,170000,507.8,508,504.3,506.8,65193,0
20231214,180000,506.5,507,504.3,507,37435,0
20231214,190000,505.4,506.9,502.7,505,28691,0
20231214,200000,504.9,505.3,495,496.8,78267,0
20231214,210000,496.9,498.9,495.1,497.2,33116,0
20231214,220000,497.3,499.8,497.1,498,11677,0
20231214,230000,498,499.5,497.1,498.6,9412,0
20231215,100000,498.5,503,488.3,501.5,169963,0
20231215,110000,501.5,505,498.6,502.9,50443,0
20231215,120000,502.4,506,500.7,503,61942,0
20231215,130000,503,504,500.7,502,48163,0
20231215,140000,501.9,503,500.2,502.3,39488,0
20231215,150000,502.6,503,497.5,500.8,78161,0
20231215,160000,500.4,500.6,496.1,497.5,59779,0
20231215,170000,497.5,501.5,495.4,499.5,72389,0
20231215,180000,499.2,503,498.5,499.4,67411,0
20231215,190000,499.4,500.7,496,497.3,39691,0
20231215,200000,497.3,499.7,497.1,498.9,15044,0
20231215,210000,499,499,495.1,498,27056,0
20231215,220000,497.9,498.6,497.8,497.8,5889,0
20231215,230000,497.9,498.7,497.3,498.6,14475,0
20231218,100000,498.7,510.4,497.4,504.6,246712,0
20231218,110000,504.6,505.5,502,503.9,87787,0
20231218,120000,504,505.2,502.2,505.2,66665,0
20231218,130000,505.1,505.3,502.8,504.2,42737,0
20231218,140000,504.6,506,503.4,505.5,39062,0
20231218,150000,505.4,506,504.5,504.9,30956,0
20231218,160000,504.6,507.9,504.5,505.7,84434,0
20231218,170000,506,507,504.5,505.9,27994,0
20231218,180000,506.3,506.5,502.5,505.8,34810,0
20231218,190000,503,505.3,503,504.6,6261,0
20231218,200000,504.6,505.4,503.7,505.1,13373,0
20231218,210000,505,505.2,503.8,503.8,6931,0
20231218,220000,504,504.5,503.4,504,3988,0
20231218,230000,504,505,503.6,504.6,10598,0
20231219,100000,504.1,506.8,496.1,506,180815,0
20231219,110000,505.8,506.9,505,506,51741,0
20231219,120000,505.7,506,504,504.5,11469,0
20231219,130000,504.3,505.7,503.2,505.7,35755,0
20231219,140000,505.6,506,503.5,504.3,35377,0
20231219,150000,504.2,506.4,503.9,505.7,50668,0
20231219,160000,505.7,507.8,505.4,506.9,51601,0
20231219,170000,506.7,507.3,505.2,507.1,22414,0
20231219,180000,506.6,508.2,505.8,508,39126,0
20231219,190000,507.2,511.5,507.2,508.6,86425,0
20231219,200000,508.6,509.2,507,508.8,18457,0
20231219,210000,508.8,508.8,507.4,507.6,1589,0
20231219,220000,507.8,508,506.5,506.7,5667,0
20231219,230000,506.7,507.4,506.3,506.9,4475,0
20231220,100000,508.4,508.8,505.8,507.5,37610,0
20231220,110000,507.7,509.7,506,507.2,51304,0
20231220,120000,507.2,507.8,505,505.6,30560,0
20231220,130000,505.6,506.7,505,506.2,33420,0
20231220,140000,506.6,506.8,503.2,504.5,63463,0
20231220,150000,504.5,507.1,503.3,505.3,44181,0
20231220,160000,505.2,507.1,504,506.8,78599,0
20231220,170000,506.8,508,505.7,507.4,36678,0
20231220,180000,507.3,508,505.3,508,30259,0
20231220,190000,506.4,508,504.6,505.4,20708,0
20231220,200000,505.9,506.3,504.8,505.2,14506,0
20231220,210000,505.2,505.6,504,505.6,10113,0
20231220,220000,505.6,506.2,503.3,504,18141,0
20231220,230000,503.9,505,503.5,504.8,3951,0
20231221,100000,504.7,506.3,502.6,504.1,44524,0
20231221,110000,504.1,516.6,503.3,515,476951,0
20231221,120000,514.9,537,512.3,533.3,1180071,0
20231221,130000,533.3,539,527.3,532,631045,0
20231221,140000,531.7,541.3,531.5,536.9,681741,0
20231221,150000,536.9,537,527.2,532.9,315436,0
20231221,160000,533,538,533,533.7,155962,0
20231221,170000,533.7,537.9,533.7,535.7,102116,0
20231221,180000,535.7,537.9,534.8,537,128954,0
20231221,190000,537.1,538.5,530.8,533.9,52171,0
20231221,200000,533.9,535.6,531.9,532.3,24596,0
20231221,210000,532.3,533.7,529.1,531.4,29783,0
20231221,220000,530.8,533.5,530.7,532.5,24442,0
20231221,230000,532,532.5,529.1,530.4,17375,0
20231222,100000,534.2,542.8,530,533,434914,0
20231222,110000,533.6,535,533,533.9,55868,0
20231222,120000,533.9,536.3,533.5,535.9,49298,0
20231222,130000,535.9,546,535.4,545.4,353281,0
20231222,140000,544.9,545.7,535.5,537.7,210102,0
20231222,150000,537.2,540.7,536.8,538,65049,0
20231222,160000,538.1,539.6,537.8,538,25157,0
20231222,170000,538,538.5,538,538.5,16625,0
20231222,180000,538.3,539.1,537.1,539,38518,0
20231222,190000,537.3,539.5,536.9,538,13153,0
20231222,200000,538,538.5,536.7,537,6197,0
20231222,210000,537.2,540,537,539.6,15222,0
20231222,220000,539.6,539.9,537.2,537.4,6346,0
20231222,230000,537.5,538,537.1,537.8,5339,0
20231225,100000,537,544.8,537,543.2,168618,0
20231225,110000,543.2,543.3,541,541.1,42933,0
20231225,120000,541.3,547.8,541.1,546.5,141490,0
20231225,130000,546.6,548.4,546,546.9,55545,0
20231225,140000,546.8,547,543,545.3,82843,0
20231225,150000,545.6,546,541,541.1,40462,0
20231225,160000,541.5,542.7,541,541.7,18113,0
20231225,170000,541.9,543,541,543,17021,0
20231225,180000,543,544.3,542.2,544.3,11156,0
20231225,190000,542.8,543.6,541.5,542.5,2941,0
20231225,200000,542.5,542.9,541.5,542.2,5055,0
20231225,210000,541.9,542.1,541,541.2,8492,0
20231225,220000,541.2,541.9,540.1,540.8,7853,0
20231225,230000,540.8,541.2,537.4,540,26934,0
20231226,100000,542.4,546.8,540.9,542.3,36562,0
20231226,110000,542.3,542.4,531.5,533.1,109375,0
20231226,120000,533.2,533.3,526.9,529.1,97025,0
20231226,130000,529.2,529.2,520.1,520.2,102609,0
20231226,140000,520.3,535,520.2,525.5,128511,0
20231226,150000,525.6,528.6,523,528,44960,0
20231226,160000,528,535,526,530,78603,0
20231226,170000,530,531.4,528.5,530.9,22479,0
20231226,180000,530.9,531.4,528.1,528.7,16246,0
20231226,190000,528,530.3,526.4,529.6,16834,0
20231226,200000,529.8,530.3,529,529.9,5741,0
20231226,210000,529.9,530.9,529.3,530.1,11783,0
20231226,220000,530.2,530.2,529,529,6603,0
20231226,230000,529.7,529.7,528,529,7601,0
20231227,100000,529.1,530.2,520.8,522.3,86703,0
20231227,110000,522.3,522.9,520.1,521.1,76492,0
20231227,120000,521.3,523.1,521.1,521.1,48640,0
20231227,130000,521.2,521.7,520.1,520.5,36857,0
20231227,140000,520.5,520.5,513.2,516.9,167155,0
20231227,150000,517,517.7,511.8,512.9,80449,0
20231227,160000,512.6,513.1,511.1,511.1,60047,0
20231227,170000,511.1,511.5,508.5,510.9,111107,0
20231227,180000,510.8,511.8,508,511.8,51516,0
20231227,190000,511.7,511.7,510.1,510.9,12359,0
20231227,200000,510.9,515,510.5,514.9,32720,0
20231227,210000,514.6,517.2,514,516,38689,0
20231227,220000,515.8,524.2,515.8,519.9,67950,0
20231227,230000,519.8,519.9,512.5,512.6,26223,0
20231228,100000,514.3,519.4,512,515.4,45363,0
20231228,110000,515.4,516,513.8,514.1,23727,0
20231228,120000,514.5,514.6,512.5,514.2,25472,0
20231228,130000,514.2,514.8,510.6,512.1,60809,0
20231228,140000,512.1,512.5,505.9,507.4,42414,0
20231228,150000,507.6,509.2,505.1,505.9,137547,0
20231228,160000,506,507.5,505.4,505.8,45701,0
20231228,170000,505.6,506.8,505.1,506.5,25069,0
20231228,180000,506.5,507.6,505.6,505.6,29264,0
20231228,190000,507.2,507.6,506,507.6,6265,0
20231228,200000,507.6,509.8,506.6,508.8,15765,0
20231228,210000,508.8,508.9,506.5,506.9,11820,0
20231228,220000,506.5,507.3,505.5,506,15458,0
20231228,230000,505.8,506.4,505.1,505.1,10493,0
20231229,100000,505.6,510.8,505,510.2,55692,0
20231229,110000,510.4,514,508.5,509,88717,0
20231229,120000,508.6,512.4,508,510,41172,0
20231229,130000,510,511.3,508.1,509.2,28038,0
20231229,140000,509,509.9,507.5,508.6,33234,0
20231229,150000,508.2,509,506.3,507.9,32467,0
20231229,160000,507.5,509.8,507.5,509.5,23136,0
20231229,170000,509.4,511,507.6,510.9,61014,0
20231229,180000,510.5,511,510,510.1,13754,0
20231229,190000,510.7,510.8,507.7,507.7,9757,0
20231229,200000,507.8,509,507,507,6191,0
20231229,210000,507.1,508.4,506.7,506.8,9725,0
20231229,220000,506.8,507.3,505.6,507.3,12141,0
20231229,230000,507.3,507.3,505.5,506.1,12276,0
20240103,100000,506.7,512.9,506.3,512.4,26714,0
20240103,110000,512.4,512.5,510,512.2,11752,0
20240103,120000,512.2,512.5,510.3,511.7,7693,0
20240103,130000,511.7,513.7,510.6,512.1,20912,0
20240103,140000,512.3,515,511,512,30133,0
20240103,150000,512,512.5,511.5,511.7,5196,0
20240103,160000,512,513.6,511.6,512.7,5391,0
20240103,170000,512.7,513.1,512.1,512.1,4324,0
20240103,180000,512.1,512.4,508.2,511.3,31130,0
20240103,190000,511.1,512.1,509.9,511.9,5389,0
20240103,200000,511.9,511.9,510.8,511.2,4721,0
20240103,210000,511.2,511.6,510,510.4,3777,0
20240103,220000,510.4,512.3,510.2,511.2,5837,0
20240103,230000,511.4,513.3,511,513.3,6421,0
20240104,100000,514,514.6,511.2,512.6,20636,0
20240104,110000,512.9,513.5,511.1,511.8,9759,0
20240104,120000,511.8,513.1,510.5,510.8,13034,0
20240104,130000,510.8,511.7,507.4,509,30600,0
20240104,140000,509,510.6,506,508.9,56596,0
20240104,150000,508.9,509.9,508.7,509.1,17938,0
20240104,160000,509.3,510,508.6,509.4,23229,0
20240104,170000,509.4,510.9,509.1,510.6,14192,0
20240104,180000,510.6,512.1,510.3,512.1,15495,0
20240104,190000,511.9,512,509.6,511.6,6829,0
20240104,200000,511.6,511.9,511,511.3,2110,0
20240104,210000,511.3,511.9,511,511.6,3283,0
20240104,220000,511.1,511.7,511,511,2323,0
20240104,230000,511,511.3,510.4,510.6,716,0
20240105,100000,510.8,512.1,509.4,510.4,21524,0
20240105,110000,510.1,510.1,508,509.3,22749,0
20240105,120000,509.5,509.7,509,509,5614,0
20240105,130000,509.3,509.4,508.7,509.1,4459,0
20240105,140000,508.9,509.6,508.8,509.2,3318,0
20240105,150000,509.2,509.9,508.9,509.5,9008,0
20240105,160000,509.6,509.6,509,509.3,7894,0
20240105,170000,509.2,510.5,509.1,510.2,13795,0
20240105,180000,510.4,511.5,510,511.5,31368,0
20240105,190000,510.9,511.2,509.9,509.9,4454,0
20240105,200000,510,510.4,509.3,509.5,3937,0
20240105,210000,509.5,510,509.3,509.6,2645,0
20240105,220000,509.9,510,509,509.2,4027,0
20240105,230000,509.2,510.7,508.2,510.7,10400,0
20240108,100000,511.4,516,511,514.4,50367,0
20240108,110000,514.4,515.9,512,512.5,41242,0
20240108,120000,512.2,513.3,511.3,512,11207,0
20240108,130000,512.1,513.3,512,512.9,10170,0
20240108,140000,512.5,512.9,510.1,510.1,24013,0
20240108,150000,510.1,511,509,510.8,22399,0
20240108,160000,510.8,510.8,510,510.4,5873,0
20240108,170000,510.4,512.4,509.7,510.6,27466,0
20240108,180000,510.8,512.2,510.5,512,14838,0
20240108,190000,512,513.5,510.8,512,9428,0
20240108,200000,512,513.4,512,513.2,8299,0
20240108,210000,513,513.3,512.2,512.3,2845,0
20240108,220000,512.3,512.5,511.5,512,4292,0
20240108,230000,512,512.8,511.2,511.3,6482,0
20240109,100000,513,513.1,510,510.9,23724,0
20240109,110000,510.9,511.7,509.2,510.7,16284,0
20240109,120000,511,511,509.4,510.3,13113,0
20240109,130000,510.3,511,509.7,510.4,20474,0
20240109,140000,510.4,513.5,510.3,512.9,29883,0
20240109,150000,512.9,514.7,512.2,514,49277,0
20240109,160000,514,517.3,513.6,514.9,54844,0
20240109,170000,514.9,515.5,514.5,515,18575,0
20240109,180000,515,515.2,513.3,515,18468,0
20240109,190000,514.2,514.9,513.2,513.4,5654,0
20240109,200000,513.8,514,513.3,513.9,3532,0
20240109,210000,514,514,513.1,513.1,7666,0
20240109,220000,513.3,513.6,513,513.2,3913,0
20240109,230000,513.2,513.6,512.3,513.2,5845,0
20240110,100000,513.2,518.8,512.1,517.2,88925,0
20240110,110000,517.2,522,516.9,520.2,82420,0
20240110,120000,520.2,521,517.1,518.9,24620,0
20240110,130000,518.9,519.8,518.7,519.2,11024,0
20240110,140000,518.9,519.7,518.9,519,9229,0
20240110,150000,519,520,518.9,519.7,14684,0
20240110,160000,519.7,519.8,518.8,519.3,14088,0
20240110,170000,519,519.4,517.4,517.6,13537,0
20240110,180000,518,518,515.5,516,21890,0
20240110,190000,516,517.1,515.2,517.1,12464,0
20240110,200000,517,517.5,516,516.5,7347,0
20240110,210000,516.8,516.8,515.6,515.7,4901,0
20240110,220000,516.1,516.9,515.6,516.6,2996,0
20240110,230000,516.5,516.7,516.1,516.3,4486,0
20240111,100000,516.9,518.8,515.3,515.6,29446,0
20240111,110000,515.6,515.7,512.3,513,38947,0
20240111,120000,513,514.4,512.8,513.4,22854,0
20240111,130000,513.5,515,512,514.9,28041,0
20240111,140000,514.9,516.1,513.8,513.9,21573,0
20240111,150000,513.9,514.8,512.6,513.1,23474,0
20240111,160000,513.2,513.4,509.9,511,53599,0
20240111,170000,511.1,511.1,508.6,510.6,74525,0
20240111,180000,510.6,511,509,509.5,30453,0
20240111,190000,512.3,512.3,509.8,511.6,13909,0
20240111,200000,511.5,511.5,510.1,510.6,10620,0
20240111,210000,510.6,512.2,510.1,511.8,10832,0
20240111,220000,511.8,511.9,510.9,511.9,3975,0
20240111,230000,511.8,512.2,510.7,511.5,7491,0
20240112,100000,511.9,512.9,508.5,510.5,64398,0
20240112,110000,510.6,511.8,509.1,511.6,39953,0
20240112,120000,511.5,512.8,511.5,511.5,28727,0
20240112,130000,511.5,512,510.5,511.8,31550,0
20240112,140000,511.8,513.8,507.8,512.3,163978,0
20240112,150000,513,513.2,510.7,512.7,18933,0
20240112,160000,512.7,512.7,509.7,512.4,61205,0
20240112,170000,512.2,515.8,512.1,515.2,44347,0
20240112,180000,515.1,515.5,513.4,515,20264,0
20240112,190000,513.5,515.6,513.5,514.5,25655,0
20240112,200000,514,514.8,513.1,514.3,8433,0
20240112,210000,514.3,514.4,512.4,512.6,15429,0
20240112,220000,512.6,513.3,511.6,512.5,7923,0
20240112,230000,512.5,512.7,510,511.5,23232,0
20240115,100000,512.9,514.6,511.9,513.3,30919,0
20240115,110000,513.5,513.5,511.7,512,33609,0
20240115,120000,512.1,513,512,512.3,19007,0
20240115,130000,512.2,512.5,510,511.1,62109,0
20240115,140000,510.6,511.9,509.2,509.7,27329,0
20240115,150000,509.7,511.1,509.4,510.4,11941,0
20240115,160000,510.5,511.1,510.2,510.8,10060,0
20240115,170000,510.8,511,510.2,510.2,8340,0
20240115,180000,510.2,512,509,512,41380,0
20240115,190000,511.5,511.8,510,510.5,9994,0
20240115,200000,510.5,511,510,510.6,4262,0
20240115,210000,510.6,511.8,510.5,511.1,8637,0
20240115,220000,511.1,511.1,510.8,510.9,2561,0
20240115,230000,510.8,511.9,510.2,510.2,15875,0
20240116,100000,510.4,511.8,504.3,508.5,117228,0
20240116,110000,508.6,510.9,508.3,510,71196,0
20240116,120000,509.8,510,508.4,508.8,12778,0
20240116,130000,508.8,513,508.6,511.7,80275,0
20240116,140000,511.7,511.9,510.2,511.2,19966,0
20240116,150000,511.2,511.9,510,510.6,34248,0
20240116,160000,511,511,510.2,510.5,14592,0
20240116,170000,510.6,511.3,510.1,511.1,13768,0
20240116,180000,511.1,513.5,510.8,513,59877,0
20240116,190000,512.5,513.1,511.3,512.5,10345,0
20240116,200000,512.5,512.5,510.8,511,21282,0
20240116,210000,511,511.4,510.7,511,6976,0
20240116,220000,511.3,512.3,510.9,512.1,2871,0
20240116,230000,512,512.5,511.7,511.8,4916,0
20240117,100000,512,513.5,509.5,511,57986,0
20240117,110000,511,511.6,510,511.5,60327,0
20240117,120000,511.5,512.3,511,512,36429,0
20240117,130000,512,513.2,511,512.2,52224,0
20240117,140000,512.2,512.2,510.6,510.7,15788,0
20240117,150000,510.7,512,510,511,29849,0
20240117,160000,511,511.4,510.5,511.3,5120,0
20240117,170000,511.3,512,510.1,511.4,30926,0
20240117,180000,510.9,513,510.2,513,45483,0
20240117,190000,513,513.3,511,512.4,15620,0
20240117,200000,512.5,512.7,512,512.3,5886,0
20240117,210000,512.3,512.8,512.1,512.6,7106,0
20240117,220000,512.5,512.6,512,512,18828,0
20240117,230000,512,512.6,510.4,512.4,15270,0
20240118,100000,510.8,516,510.8,512.8,75283,0
20240118,110000,512.8,513.4,510,511.3,31729,0
20240118,120000,511.3,514.2,510.1,511.9,83941,0
20240118,130000,511.8,512.3,510.3,510.7,56314,0
20240118,140000,510.8,511.8,510,511,68460,0
20240118,150000,511,511.4,510,510.3,31074,0
20240118,160000,510.2,510.8,509.5,509.9,33582,0
20240118,170000,510,510.7,509.5,510.5,9892,0
20240118,180000,510.2,510.9,509.6,509.7,14488,0
20240118,190000,509.6,511,509,510.4,7308,0
20240118,200000,510.4,510.4,509.5,510,6141,0
20240118,210000,510,510.9,509.6,510.6,4848,0
20240118,220000,510.6,510.8,509.5,509.5,11053,0
20240118,230000,509.6,510.2,509.2,509.6,5028,0
20240119,100000,510.1,510.9,495.6,501,284971,0
20240119,110000,501,502,500,501.5,52670,0
20240119,120000,501.2,504.1,500,502.6,82742,0
20240119,130000,502.6,504.8,501,504.7,46569,0
20240119,140000,504.6,505,502.8,504.2,21813,0
20240119,150000,504.2,504.2,500.7,502.3,29277,0
20240119,160000,502.3,502.5,501.4,502.3,8581,0
20240119,170000,502.2,504,500.5,503.3,48509,0
20240119,180000,503.4,510.3,503,509.9,73005,0
20240119,190000,509,510.2,507.1,509.3,15889,0
20240119,200000,508.8,509.3,507.5,507.5,5298,0
20240119,210000,507.7,507.7,507.3,507.5,1568,0
20240119,220000,507.6,507.6,504.6,504.6,18730,0
20240119,230000,504.7,507.8,503.8,506.2,29358,0
20240122,100000,506.2,508.7,503.1,503.5,49778,0
20240122,110000,503.2,505.8,502.5,504,32262,0
20240122,120000,504,505.7,503.3,503.4,34652,0
20240122,130000,503.3,504,503,503.3,18407,0
20240122,140000,503.3,504.4,503,504.2,11649,0
20240122,150000,504.3,506.2,504.1,505.3,19539,0
20240122,160000,505.5,505.5,503.5,503.5,10030,0
20240122,170000,503.5,505,503,504,21312,0
20240122,180000,504,504,503,503.7,7380,0
20240122,190000,504,505.2,503.2,504.1,6142,0
20240122,200000,504,504.1,503.2,503.7,2465,0
20240122,210000,503.3,504.5,503.1,503.7,6610,0
20240122,220000,503.7,503.7,502.3,502.7,16310,0
20240122,230000,502.7,502.7,500.5,501.7,22160,0
20240123,100000,502.1,506.5,502,504.3,40083,0
20240123,110000,504.2,504.7,503.3,503.7,11865,0
20240123,120000,503.8,504.1,503.2,504.1,8835,0
20240123,130000,504.1,504.1,502.6,502.8,7778,0
20240123,140000,503.2,504,502,502.9,56851,0
20240123,150000,502.9,503.4,500.1,501.2,42693,0
20240123,160000,501.2,503.3,499.5,500.3,69122,0
20240123,170000,500.3,502.5,499.1,501,53607,0
20240123,180000,500.9,501,499.5,500,77768,0
20240123,190000,499.8,501.7,499,499.1,20857,0
20240123,200000,499.5,499.8,499.1,499.4,4655,0
20240123,210000,499.4,499.9,499.1,499.6,7832,0
20240123,220000,499.7,499.7,499.2,499.5,7775,0
20240123,230000,499.5,500.7,499.2,500.4,25409,0
20240124,100000,500.6,501.9,499.3,499.7,50154,0
20240124,110000,499.7,501.5,499.3,500.9,92479,0
20240124,120000,500.8,502.2,500.4,501.7,35620,0
20240124,130000,501.8,502.1,500.4,500.8,15772,0
20240124,140000,500.8,501,500,500.6,9213,0
20240124,150000,500.4,500.7,500,500.1,9882,0
20240124,160000,500.3,501.7,500,500.7,14905,0
20240124,170000,501,501.1,500.2,500.9,6196,0
20240124,180000,500.8,501.9,500.2,501.9,25481,0
20240124,190000,501.8,501.8,499.6,500.4,3865,0
20240124,200000,500.4,500.7,499.7,500.7,1923,0
20240124,210000,500.7,500.7,500,500.1,1398,0
20240124,220000,500.1,500.1,499.3,500,2919,0
20240124,230000,499.7,500.1,499.3,500.1,3675,0
20240125,100000,501.3,501.4,494.1,500.7,81835,0
20240125,110000,500.7,504.4,500.4,502.2,40690,0
20240125,120000,502.2,505.8,502.2,503.2,49773,0
20240125,130000,503,504.4,502.9,504.1,9380,0
20240125,140000,504.1,505.4,503,504.3,19754,0
20240125,150000,504.1,504.5,503.2,503.7,7491,0
20240125,160000,503.9,505.8,503.6,504,16994,0
20240125,170000,504.3,504.5,503.5,504.4,5317,0
20240125,180000,504.4,504.5,502,502,10114,0
20240125,190000,502.3,502.5,500.1,501.2,9110,0
20240125,200000,501.2,501.2,499.9,501,11030,0
20240125,210000,500.7,501.1,499.7,500,5466,0
20240125,220000,500,500.4,499.9,500.1,2490,0
20240125,230000,500.1,501.2,499.6,501.1,8710,0
20240126,100000,501.4,502.4,500.7,501,12958,0
20240126,110000,501,502,499,499.5,30608,0
20240126,120000,499.5,500.5,499.2,499.7,23636,0
20240126,130000,499.9,500.1,497.5,498,24899,0
20240126,140000,498.2,499.2,496,496.1,51208,0
20240126,150000,496.4,498.5,494.9,497.5,38224,0
20240126,160000,497.6,498,495,496.5,29445,0
20240126,170000,496.5,497.1,495.7,496.1,8659,0
20240126,180000,496.1,497.5,495.9,497,9343,0
20240126,190000,497,497.8,495.3,497,13528,0
20240126,200000,497,497,496.1,496.7,2380,0
20240126,210000,496.7,497.6,496.2,497.2,7699,0
20240126,220000,497.2,500.5,496.7,499.1,40038,0
20240126,230000,499.4,499.4,498,498.4,4596,0
20240129,100000,500.7,505.4,492.6,496,232880,0
20240129,110000,496.1,503.5,495.7,502.8,94442,0
20240129,120000,502.7,504,502.5,502.8,44222,0
20240129,130000,502.7,503.1,499.4,500.2,40439,0
20240129,140000,500,502.6,500,502.4,25080,0
20240129,150000,502.4,502.7,501,502.5,30339,0
20240129,160000,502.4,502.8,501,501.5,31959,0
20240129,170000,501.2,502.3,500.1,502.3,39111,0
20240129,180000,502.3,502.6,500.1,500.1,28821,0
20240129,190000,498.7,500.2,497.3,499.3,14426,0
20240129,200000,499.3,500,499,499.6,18159,0
20240129,210000,499.6,499.7,498.2,498.3,14491,0
20240129,220000,498.3,499.5,498.1,498.9,9716,0
20240129,230000,498.8,499.2,498.4,499,10440,0
20240130,100000,498.4,502,498.4,500.5,50403,0
20240130,110000,500.8,501.2,496,497.8,74491,0
20240130,120000,497.8,499.2,497,497,24359,0
20240130,130000,497.1,499,497,498.5,17857,0
20240130,140000,498.4,498.9,496.5,496.6,40630,0
20240130,150000,496.8,496.9,496,496.1,28717,0
20240130,160000,496.1,496.8,495.6,495.7,29975,0
20240130,170000,495.6,496.9,493,496.2,90902,0
20240130,180000,496.5,496.8,495.2,495.7,15497,0
20240130,190000,495.7,496.8,495.6,496.4,5272,0
20240130,200000,496.6,496.8,495.3,495.4,13035,0
20240130,210000,495.4,496.5,495.4,496.1,5295,0
20240130,220000,496.1,496.7,496,496.7,21435,0
20240130,230000,496.7,496.9,496.2,496.4,4953,0
20240131,100000,496.3,498.3,495,495.6,78443,0
20240131,110000,495.5,496.2,493.4,494.9,73775,0
20240131,120000,495,495.6,491.2,492.2,76637,0
20240131,130000,492.2,494.3,473.7,475.2,599383,0
20240131,140000,475.2,485,474.3,481.5,351212,0
20240131,150000,481.5,484.5,481,481.2,129474,0
20240131,160000,481.2,483,476.4,478.7,149832,0
20240131,170000,478.6,478.7,468.6,469.6,509204,0
20240131,180000,469.9,471,469.1,470.4,168241,0
20240131,190000,470,478.8,469,474.7,185912,0
20240131,200000,474.7,475.6,472,474.5,67974,0
20240131,210000,474.3,474.8,470.4,471.9,84910,0
20240131,220000,472,473.3,471.9,472.8,33998,0
20240131,230000,472.8,474.9,472.6,474.4,53850,0
20240201,100000,474.5,476.9,465.2,467.1,318428,0
20240201,110000,466.9,470,457.7,458.3,428147,0
20240201,120000,458.3,462.7,457.9,460.1,242964,0
20240201,130000,460.1,462.6,460,460.9,122735,0
20240201,140000,461,462.6,460.6,462.4,63176,0
20240201,150000,462.5,464.2,462.2,462.5,69235,0
20240201,160000,462.6,465.1,462.5,464.5,50671,0
20240201,170000,464.5,464.8,462.1,462.7,33877,0
20240201,180000,462.7,462.8,460.1,462,73445,0
20240201,190000,462,463.5,461.8,463.5,27136,0
20240201,200000,463.4,464.3,462,462.1,30433,0
20240201,210000,462,462.1,460.2,462,19884,0
20240201,220000,462,462,460.2,461.2,23835,0
20240201,230000,461.1,461.4,460.1,461,29674,0
20240202,100000,460.9,462,453.2,453.5,252288,0
20240202,110000,453.6,456.9,453,456.9,98275,0
20240202,120000,456.4,458.2,456,456.8,52563,0
20240202,130000,456.8,457.5,456.2,457.4,22055,0
20240202,140000,457.4,457.7,456.3,457.5,37597,0
20240202,150000,457.6,458,456,457.6,29397,0
20240202,160000,457.5,457.8,456.9,457.2,22792,0
20240202,170000,457.4,458,457.3,457.5,14548,0
20240202,180000,457.6,457.9,457,457,26232,0
20240202,190000,457,457.7,456.4,457.2,9018,0
20240202,200000,457.1,464.6,457,462.8,59218,0
20240202,210000,462.3,468.9,460,466,103897,0
20240202,220000,466,466.5,460.6,464,32379,0
20240202,230000,463.6,464.9,463,464,15933,0
20240205,100000,465,469.5,461,467.1,130298,0
20240205,110000,466.9,467.2,465,465.2,42631,0
20240205,120000,465.2,465.5,462,463.2,44495,0
20240205,130000,463,463.9,462,462.9,30491,0
20240205,140000,462.9,463.9,462,463.9,17448,0
20240205,150000,463.9,465.5,463.5,465.3,20915,0
20240205,160000,465.3,466.8,463.8,464,37993,0
20240205,170000,464,464.4,463,463.3,18320,0
20240205,180000,463.3,464.5,463,464.5,13013,0
20240205,190000,465,465.4,462.8,465.4,12940,0
20240205,200000,465.4,466.6,465.1,466.4,13650,0
20240205,210000,466.4,466.9,465.4,465.7,19444,0
20240205,220000,465.8,466,465.1,466,6824,0
20240205,230000,466,466,465.1,465.4,13623,0
20240206,100000,466.4,466.7,463.1,464.9,38519,0
20240206,110000,464.9,467,464.7,466,35810,0
20240206,120000,465.8,466.2,465,465,11128,0
20240206,130000,465.1,465.9,465,465,12531,0
20240206,140000,465.1,465.8,465,465.8,11940,0
20240206,150000,465.8,465.8,464.7,464.8,13609,0
20240206,160000,464.8,465,462.5,463.3,57382,0
20240206,170000,463.6,464.5,462.8,463.5,18116,0
20240206,180000,463.5,465.2,462.2,464.3,49986,0
20240206,190000,464.3,464.3,463.4,464.1,7763,0
20240206,200000,464.1,464.2,463.5,463.8,3196,0
20240206,210000,463.8,464.6,463.6,463.7,5751,0
20240206,220000,463.7,466.6,463.4,464.9,21297,0
20240206,230000,465,465.4,464.1,464.3,5958,0
20240207,100000,464.2,465.8,462.5,464.5,32476,0
20240207,110000,464.5,464.7,464,464,44339,0
20240207,120000,464.3,465.7,462.4,465.7,61375,0
20240207,130000,465.6,466.8,464.6,465.4,47232,0
20240207,140000,465.5,468.9,465.5,468,95865,0
20240207,150000,468.3,468.5,467,468,41274,0
20240207,160000,468,468,467,467.7,20392,0
20240207,170000,467.7,467.8,465.6,467,29731,0
20240207,180000,467,467.4,466,466.1,13468,0
20240207,190000,466.2,467.5,465.1,467.3,12726,0
20240207,200000,467.3,467.5,466.7,466.7,8335,0
20240207,210000,467,467.4,466.6,466.9,14123,0
20240207,220000,466.9,467.4,466.6,467.3,3303,0
20240207,230000,467.3,467.3,466.6,466.9,3845,0
20240208,100000,473.1,473.3,467.1,470.2,161608,0
20240208,110000,470.2,479.5,470,478.2,210534,0
20240208,120000,478.1,481.8,477.7,479.5,159903,0
20240208,130000,479.1,479.4,474.2,477.2,134079,0
20240208,140000,477.5,477.5,473.1,473.9,73265,0
20240208,150000,473.9,477.6,473.4,477,47641,0
20240208,160000,477,479,474,474.4,45907,0
20240208,170000,474.4,475.5,474,474.1,17063,0
20240208,180000,474.1,475.9,473.5,473.5,24930,0
20240208,190000,473.1,474.9,470.6,472.3,28068,0
20240208,200000,472.3,472.5,466.1,467.3,104601,0
20240208,210000,467.2,467.5,463.2,467.1,31690,0
20240208,220000,467.1,470.7,467,468.2,30864,0
20240208,230000,468.4,469.6,467.7,468,9499,0
20240209,100000,469.5,471,463,463.8,55872,0
20240209,110000,463.9,465,460.1,464.5,43433,0
20240209,120000,464.5,464.5,461,462.3,35300,0
20240209,130000,462.3,462.7,460.7,461.5,24025,0
20240209,140000,461.5,461.7,460,460.8,32219,0
20240209,150000,460.8,462.1,458.6,460.1,68479,0
20240209,160000,460,460.5,458.3,460.5,36283,0
20240209,170000,460.4,461,458.4,458.9,28316,0
20240209,180000,458.8,460,457.7,459.9,30110,0
20240209,190000,458.5,462.6,458.5,460.3,16394,0
20240209,200000,460.5,463.5,459.8,462.2,22955,0
20240209,210000,462.3,462.3,461.3,462.2,5426,0
20240209,220000,462.2,462.2,460.6,461.7,6573,0
20240209,230000,461.5,462.3,461.4,462,7121,0
20240212,100000,463.5,464.7,455.1,457.8,86799,0
20240212,110000,457.8,457.8,454.3,454.5,86421,0
20240212,120000,454.5,454.7,451.3,453.9,99138,0
20240212,130000,453.6,454.4,453,453.2,26409,0
20240212,140000,453.3,453.9,452,452.1,40472,0
20240212,150000,452.1,453,452,452.8,26046,0
20240212,160000,452.8,453.6,452.3,453.6,37301,0
20240212,170000,453.6,453.9,452.1,453.8,51459,0
20240212,180000,453.8,454,452.1,453.5,32336,0
20240212,190000,452.6,455.6,452.6,454.6,26069,0
20240212,200000,454.7,454.8,454,454.1,9514,0
20240212,210000,454.3,454.4,448,451,101680,0
20240212,220000,451.1,452.2,450.7,451.7,20467,0
20240212,230000,451.7,451.7,448.8,449,30627,0
20240213,100000,449.9,453.9,449.9,453.9,64803,0
20240213,110000,453.7,454.3,452.2,452.6,33857,0
20240213,120000,452.6,454.7,452.4,452.5,38459,0
20240213,130000,452.6,453.9,452.6,452.9,24624,0
20240213,150000,452.7,452.9,449,449.7,44150,0
20240213,160000,449.1,451.2,448.5,449.8,55099,0
20240213,170000,449.8,450.4,448.7,448.9,33306,0
20240213,180000,448.8,450.4,448.5,449,40726,0
20240213,190000,448.6,450.5,448.6,449.8,11442,0
20240213,200000,449.8,451.3,449.8,451.2,15789,0
20240213,210000,451.3,451.4,450.8,451.2,5378,0
20240213,220000,451.4,451.4,450,450.5,15233,0
20240213,230000,450.6,450.9,450,450.3,4210,0
20240214,100000,451.5,451.9,450.4,451.2,16380,0
20240214,110000,451.2,451.4,450.4,450.5,12554,0
20240214,120000,450.5,451,450,450.6,29711,0
20240214,130000,450.8,451,450.2,450.6,15471,0
20240214,140000,450.5,450.6,449.3,449.5,38991,0
20240214,150000,449.5,450.2,449,450,21188,0
20240214,160000,450,450.7,449.6,450.3,14913,0
20240214,170000,450.3,453.2,450,452.2,29412,0
20240214,180000,452.2,454,452.1,453.6,36559,0
20240214,190000,453,453.4,451.8,452.8,7965,0
20240214,200000,452.7,453,451.7,451.7,9352,0
20240214,210000,452,452.2,451,451,3756,0
20240214,220000,451.4,451.4,450.2,450.2,5952,0
20240214,230000,450.3,451,450.1,450.9,7732,0
20240215,100000,451,452.8,448,449.5,57153,0
20240215,110000,449.5,449.9,447.7,449,45575,0
20240215,120000,449,449.9,448.8,449.3,18066,0
20240215,130000,449.3,449.7,448.4,448.8,18027,0
20240215,140000,448.7,450.2,448.6,449.2,27460,0
20240215,150000,449.3,449.8,447.8,448.9,38794,0
20240215,160000,448.9,449.5,447,447.9,57505,0
20240215,170000,447.9,448.5,447.6,448.4,31670,0
20240215,180000,448.4,449.2,447.9,449.2,27568,0
20240215,190000,449.1,454.6,449.1,451,34294,0
20240215,200000,451,451.5,450.4,450.5,17453,0
20240215,210000,450.4,450.7,449.2,449.6,13748,0
20240215,220000,449.5,449.8,449.2,449.5,9709,0
20240215,230000,449.5,449.5,448.9,449.5,13316,0
20240216,100000,450.9,451.7,447.9,448.5,61801,0
20240216,110000,448.3,448.6,447.2,448,42787,0
20240216,120000,448,448,447.5,448,15681,0
20240216,130000,447.8,448.1,446.6,447.2,48920,0
20240216,140000,447.2,447.9,444,444.1,77472,0
20240216,150000,444.1,444.4,440,442.5,87854,0
20240216,160000,442.3,443.7,441.1,443,29961,0
20240216,170000,443,443,435.4,440.6,150149,0
20240216,180000,440.8,441.1,436.4,438,47574,0
20240216,190000,439,440.9,437.8,440.6,18573,0
20240216,200000,440.5,441.1,440,441,11863,0
20240216,210000,441,441.7,440.2,441.1,32129,0
20240216,220000,441,441.3,440.3,440.3,11905,0
20240216,230000,440.3,441.7,440,441.1,14073,0
20240219,100000,444,444.9,417.2,421.6,1187794,0
20240219,110000,421.6,423.6,419.1,422,296704,0
20240219,120000,422,427.5,411.5,413.6,735046,0
20240219,130000,413.6,416.4,406.9,408.2,724910,0
20240219,140000,408.1,408.8,403,406.4,689185,0
20240219,150000,406.5,410.7,405,405.4,307498,0
20240219,160000,405.9,408.7,403,406.2,261235,0
20240219,170000,406.5,406.5,402,402.7,366293,0
20240219,180000,402.6,404.5,401.3,401.6,220946,0
20240219,190000,401.6,404.3,401,401.7,203501,0
20240219,200000,401.5,403,395.2,397.3,390536,0
20240219,210000,397.3,402.1,397,399.9,328954,0
20240219,220000,399.9,401.9,397.8,399.9,105908,0
20240219,230000,399.9,400.4,397.2,399.5,79924,0
20240220,100000,394.5,399,378,380,1471175,0
20240220,110000,379.9,382.9,372.2,376.9,968815,0
20240220,120000,376.9,378,363.4,367.8,1024170,0
20240220,130000,367.9,377.5,366.7,376,612935,0
20240220,140000,376,378.8,370.5,372.3,487156,0
20240220,150000,372.3,375.5,370.1,371.4,241964,0
20240220,160000,371.5,372.9,366.1,368,410806,0
20240220,170000,368.4,370,366.1,367.8,349686,0
20240220,180000,367.5,370.6,366.8,370,161205,0
20240220,190000,369.3,375,366.5,368.4,279641,0
20240220,200000,368.4,368.9,364,366.8,201137,0
20240220,210000,366.8,373.5,366.7,371.7,389832,0
20240220,220000,372,372,368,370.9,148724,0
20240220,230000,370.6,377.8,368.6,368.9,371855,0
20240221,100000,368.6,368.9,351.4,354.6,845834,0
20240221,110000,354.6,357.3,346.1,347.2,649049,0
20240221,120000,347,350.9,338.6,346.4,791925,0
20240221,130000,346.3,349.8,341.3,343.7,237762,0
20240221,140000,343.6,347.5,339.2,342.4,271321,0
20240221,150000,342.4,343.9,337.5,341,406315,0
20240221,160000,340.8,342,336,341.3,437431,0
20240221,170000,341.3,343.2,338,338.3,194264,0
20240221,180000,338.3,340,337.1,337.1,178320,0
20240221,190000,337.1,341.5,337.1,340.2,155882,0
20240221,200000,340.5,341.8,339.1,340,85670,0
20240221,210000,340,342,339,340.6,134824,0
20240221,220000,341,363.8,340.7,355.1,2545282,0
20240221,230000,355.1,358.9,351.2,352,391926,0
20240222,100000,371,405.7,355.1,358.2,2631273,0
20240222,110000,358.2,359.6,352.5,357.5,644395,0
20240222,120000,357.5,357.7,354,356.4,204983,0
20240222,130000,356.4,357.9,355,357.2,132947,0
20240222,140000,357.1,357.3,355.1,356.9,72086,0
20240222,150000,356.9,367.2,356.2,357.1,557971,0
20240222,160000,357,358.3,348.2,354.1,583500,0
20240222,170000,354.1,354.1,346,348,216998,0
20240222,180000,347.8,352,347.4,350,116143,0
20240222,190000,351,351.9,348.1,348.6,73028,0
20240222,200000,348.6,356,348.1,352.7,125229,0
20240222,210000,352.7,355,351.4,352.6,42791,0
20240222,220000,352.6,353.8,349.7,349.8,81768,0
20240222,230000,349.8,352.4,348.5,349.1,85434,0
20240226,100000,350,354,341.1,344.9,316133,0
20240226,110000,344.7,359.9,344.3,358.5,324078,0
20240226,120000,358.1,358.6,351.5,354.5,186322,0
20240226,130000,354.5,354.7,347.3,349.4,137011,0
20240226,140000,349.5,351.8,347.3,351,72914,0
20240226,150000,350.7,352.3,348.2,349.6,72542,0
20240226,160000,349.5,351,347.3,348.6,66246,0
20240226,170000,348.6,351.9,348.1,350.5,42230,0
20240226,180000,350.4,351,349.2,349.8,32920,0
20240226,190000,349.4,355.4,349,351,73985,0
20240226,200000,351,352.3,350.7,351.7,26376,0
20240226,210000,351.7,352.1,349.3,351.7,36421,0
20240226,220000,351.9,354.3,351.5,354.2,60474,0
20240226,230000,354.2,354.2,352.8,353.2,28268,0
20240227,100000,354,355,346.1,350.9,192707,0
20240227,110000,350.9,351.6,348.6,348.6,84331,0
20240227,120000,348.7,349.5,347.1,349.1,54650,0
20240227,130000,349.3,349.8,346.4,347.3,66246,0
20240227,140000,347.3,347.6,345.2,345.8,70011,0
20240227,150000,345.8,347.7,345.1,347.1,71161,0
20240227,160000,347.1,348.5,347,347.5,42466,0
20240227,170000,347.5,351.9,345.9,350,193354,0
20240227,180000,350,351.2,350,350.7,51360,0
20240227,190000,349.6,350.6,346.8,350.6,41079,0
20240227,200000,350.6,351.4,350,350.5,11496,0
20240227,210000,350.5,350.8,350,350.6,11978,0
20240227,220000,350.6,350.8,349.6,349.7,15435,0
20240227,230000,349.7,349.8,348,349.2,25226,0
20240228,100000,350.2,351.5,345,348.3,122600,0
20240228,110000,348.4,349.6,347.1,348.1,49747,0
20240228,120000,348.2,348.3,345.6,346.3,47615,0
20240228,130000,346.3,350.6,346.1,350.1,164519,0
20240228,140000,350,352.6,350,351.6,74796,0
20240228,150000,351.6,351.7,350,350,59766,0
20240228,160000,350,351.5,350,350,95905,0
20240228,170000,350.3,358,350,354.2,163312,0
20240228,180000,354.2,364.7,352.5,363.3,289235,0
20240228,190000,362.9,365,354.8,356.5,333619,0
20240228,200000,356.7,358.9,353,358.6,129953,0
20240228,210000,358.3,359.7,355.9,356.8,56952,0
20240228,220000,356.7,358.8,356.7,358.6,23445,0
20240228,230000,358.7,362.8,358.6,361.4,86341,0
20240229,100000,361.5,377.6,359,369.3,1133205,0
20240229,110000,369.6,370.8,363.1,366.6,419548,0
20240229,120000,366.6,370.6,365.8,368.4,186177,0
20240229,130000,368.3,368.3,364.1,366.7,93979,0
20240229,140000,366.7,370,361.2,362.9,177016,0
20240229,150000,362.7,364.4,356.6,357.7,249536,0
20240229,160000,358,360.5,357.1,358.4,112003,0
20240229,170000,358.4,358.5,353.6,355.9,152231,0
20240229,180000,355.9,357.2,355.6,356.6,58043,0
20240229,190000,355.9,360,355.9,358.8,60228,0
20240229,200000,359.2,359.2,355.7,356.5,39232,0
20240229,210000,356.6,356.8,351.4,353.3,123660,0
20240229,220000,353.3,354.8,352,354.2,49698,0
20240229,230000,354.1,355.8,353.7,354,43683,0
20240301,100000,354,357.7,350,351.4,129726,0
20240301,110000,351,352.8,350.8,352.1,32647,0
20240301,120000,352.2,357.4,352,356.5,61078,0
20240301,130000,356.3,356.3,354.2,355.1,19085,0
20240301,140000,355,356.5,352,353.8,78020,0
20240301,150000,354.1,356.3,353.8,355.6,28607,0
20240301,160000,355.6,358.8,355.1,356.8,72910,0
20240301,170000,356.8,357.2,355.7,356.7,25353,0
20240301,180000,356.7,357.4,355.2,355.8,25573,0
20240301,190000,355.1,357.5,355,355.3,21900,0
20240301,200000,355.3,356,353.8,354.1,24289,0
20240301,210000,354.2,356.2,354.2,355.9,13984,0
20240301,220000,355.9,356,354.5,354.5,11976,0
20240301,230000,354.5,355.2,354,355.2,17616,0
20240304,100000,355,361.8,354.3,359.1,281318,0
20240304,110000,359,360.9,358.9,359.8,110223,0
20240304,120000,359.9,363,359,360.4,179799,0
20240304,130000,360.3,363.9,359.8,362.6,111663,0
20240304,140000,362.4,367.9,361.8,363,273269,0
20240304,150000,363.3,366.8,361.6,362.5,141832,0
20240304,160000,362.5,364.9,361.9,364.3,92233,0
20240304,170000,364.3,366.8,363,366.2,79180,0
20240304,180000,366,367.5,363.1,363.8,97679,0
20240304,190000,362.7,371.5,362.5,369.4,250026,0
20240304,200000,369.4,370,368.5,369.2,66150,0
20240304,210000,369.2,373.4,366.6,370.7,162597,0
20240304,220000,370.7,371.4,368.7,370.4,61336,0
20240304,230000,370.5,370.5,369,370,30381,0
20240305,100000,370,376,363,363,524562,0
20240305,110000,363,364.9,359.1,363.1,342724,0
20240305,120000,363,364.9,360.6,364.6,97817,0
20240305,130000,364.6,364.9,361.2,362.5,50310,0
20240305,140000,362.5,363.4,359.4,360.8,107825,0
20240305,150000,360.8,362.6,360.6,362.6,37485,0
20240305,160000,362.5,363.3,360.8,362.5,58507,0
20240305,170000,362.5,364.1,361.7,362,85513,0
20240305,180000,361.8,362.8,361.4,362.4,27418,0
20240305,190000,362,362.9,360.2,362.4,34990,0
20240305,200000,362.4,362.5,360.7,361.6,36371,0
20240305,210000,361.6,361.7,360.5,361.7,23691,0
20240305,220000,361.7,361.8,360.1,360.6,29241,0
20240305,230000,360.5,361.2,360.1,360.4,20582,0
20240306,100000,360.3,363,356.3,360,170082,0
20240306,110000,360,361,358.9,360.3,63001,0
20240306,120000,360.2,361.2,359.2,361.1,30198,0
20240306,130000,361.1,362,360.3,361.6,34597,0
20240306,140000,361.6,362.1,360,361.7,38563,0
20240306,150000,361.7,362,359.5,360,34857,0
20240306,160000,360,360.9,359.4,360.6,32900,0
20240306,170000,360.4,362.5,359,362.2,77400,0
20240306,180000,362.2,363.8,361.1,362.4,65536,0
20240306,190000,360.1,363.7,360.1,361.3,48155,0
20240306,200000,361.4,362.1,359.5,360.4,16381,0
20240306,210000,360.5,361.3,359.6,360.5,20106,0
20240306,220000,360.5,360.8,359.7,360.6,9397,0
20240306,230000,360.6,360.9,359.6,359.8,13656,0
20240307,100000,359.7,361.9,356.7,358.6,101402,0
20240307,110000,358.5,359,352,355,253200,0
20240307,120000,354.9,355,351,351.9,131504,0
20240307,130000,351.8,354.7,351.5,353,105955,0
20240307,140000,353.2,354.6,352.5,352.8,34600,0
20240307,150000,352.7,353.7,352.6,353,24825,0
20240307,160000,352.8,353.4,351.3,352.7,52008,0
20240307,170000,352.7,353.1,348.2,349.6,152703,0
20240307,180000,349.5,350.7,347.1,349.3,95344,0
20240307,190000,348.6,350.6,348.6,349.7,58074,0
20240307,200000,349.6,350.2,347.9,348.7,49748,0
20240307,210000,349,349.3,347.5,348.5,35207,0
20240307,220000,348.5,350.8,348.2,350.7,41773,0
20240307,230000,350.5,350.7,348,349.1,42988,0
20240311,100000,350.7,357.6,350.7,355.4,253183,0
20240311,110000,355.4,356,350.5,352,193656,0
20240311,120000,352.1,358.9,352,358.5,182911,0
20240311,130000,358.4,361.7,356.5,359.6,293647,0
20240311,140000,359.6,359.9,355.1,357.6,157855,0
20240311,150000,357.6,359.8,355.1,358.5,102971,0
20240311,160000,358.5,359.6,356.3,359.2,84690,0
20240311,170000,359,359.2,355.2,356.3,86850,0
20240311,180000,356.1,356.5,353.2,354.3,58016,0
20240311,190000,354.3,356.2,352.3,354.6,71020,0
20240311,200000,354.6,356,353.1,354.3,26170,0
20240311,210000,354.8,356.7,354.3,355.6,17962,0
20240311,220000,355.6,355.8,354.3,354.4,9256,0
20240311,230000,354.6,356.7,354.3,356.1,38896,0
20240312,100000,356.7,357.7,352.3,357,122874,0
20240312,110000,356.9,359.5,356.5,357.2,93794,0
20240312,120000,357.2,357.8,356.1,357.4,44021,0
20240312,130000,357.4,358,353.5,354,72208,0
20240312,140000,354,354.6,352.5,354,45470,0
20240312,150000,353.6,354.9,352.1,352.9,47879,0
20240312,160000,352.9,353.5,350.5,351.8,58511,0
20240312,170000,351.8,352.4,350,350.2,56075,0
20240312,180000,350.2,352.2,350,351,56605,0
20240312,190000,350.5,352,350,350.9,26517,0
20240312,200000,350.9,351.9,350.5,351.9,12004,0
20240312,210000,351.7,352.1,351.5,351.8,12537,0
20240312,220000,351.8,351.8,351.3,351.8,9259,0
20240312,230000,351.6,352,351.6,352,20313,0
20240313,100000,352.1,353,350.1,350.8,70358,0
20240313,110000,350.9,353.7,350.5,353.5,97573,0
20240313,120000,353.5,354.3,352.5,353.3,73590,0
20240313,130000,353.3,353.3,350.7,351.8,46200,0
20240313,140000,351.9,353.5,351.3,352,40679,0
20240313,150000,351.7,352.4,351.6,352,13081,0
20240313,160000,351.9,352.5,351.4,352.2,19169,0
20240313,170000,352,352.2,351.2,351.7,10392,0
20240313,180000,351.7,353.2,351.3,352.7,23536,0
20240313,190000,353,353.6,351.9,353.6,20872,0
20240313,200000,353.5,353.8,353,353.3,21570,0
20240313,210000,353.3,353.6,352.9,353.1,12664,0
20240313,220000,352.9,353.2,352.1,352.5,8865,0
20240313,230000,352.8,352.8,352,352.8,7918,0
20240314,100000,353.4,353.4,347,349.4,160906,0
20240314,110000,349.4,350.3,348.2,349.5,40588,0
20240314,120000,349.5,350,349,349.7,20131,0
20240314,130000,349.8,352.1,349.7,351,17001,0
20240314,140000,351,351.3,350.1,350.2,16475,0
20240314,150000,350.2,352.5,349.9,350.8,62281,0
20240314,160000,350.6,352.3,350.1,351.7,25436,0
20240314,170000,351.7,353,351.2,351.6,33642,0
20240314,180000,351.4,351.8,349.9,349.9,23693,0
20240314,190000,349.9,351.9,349.9,351,7329,0
20240314,200000,351.3,351.6,350.8,351,7604,0
20240314,210000,351,351.4,350.9,351,2104,0
20240314,220000,351.1,351.1,350,350.3,7983,0
20240314,230000,350.3,351.2,350.2,350.5,5602,0
20240315,100000,350.5,352.1,348.7,349.2,110046,0
20240315,110000,349.2,351.7,349,351,52971,0
20240315,120000,350.8,351.7,350.3,350.7,12188,0
20240315,130000,350.7,350.7,349.6,349.8,17176,0
20240315,140000,350,350.1,348,350.1,71258,0
20240315,150000,350,351.2,349.6,350,52865,0
20240315,160000,350,350,348.6,349.3,35965,0
20240315,170000,349.3,349.5,346.9,348.1,94976,0
20240315,180000,348.1,348.2,347,347.5,34931,0
20240315,190000,347.2,348.2,347.2,347.5,21354,0
20240315,200000,347.5,347.5,347.1,347.5,14714,0
20240315,210000,347.4,347.9,347,347.3,18544,0
20240315,220000,347.4,348.1,347.2,348,24019,0
20240315,230000,348,348.1,347,347,35657,0
20240318,100000,349.1,349.1,338.8,340,362341,0
20240318,110000,340,340,338.2,339.3,172935,0
20240318,120000,339.3,340,338.9,339.9,91983,0
20240318,130000,340,341.7,339.7,340.3,83858,0
20240318,140000,340.4,342,340.2,341.9,52406,0
20240318,150000,341.7,341.9,339.5,339.8,60679,0
20240318,160000,340.2,340.6,338.5,338.8,72742,0
20240318,170000,338.8,339.3,338,339,80915,0
20240318,180000,338.8,339.7,338,339.3,57615,0
20240318,190000,339.4,339.7,338.5,338.6,13046,0
20240318,200000,338.7,339,338.5,338.9,8974,0
20240318,210000,338.9,339.5,338.5,338.6,18402,0
20240318,220000,338.7,339.2,338.2,339.2,10042,0
20240318,230000,339,339.3,338.8,338.8,7230,0
20240319,100000,338.3,338.9,333.2,335.6,222771,0
20240319,110000,335.5,338.6,335.3,337.6,73002,0
20240319,120000,337.5,337.7,335.4,337.2,47993,0
20240319,130000,337.2,338,336.4,337.1,40856,0
20240319,140000,337.1,339.7,336.8,339,45916,0
20240319,150000,339.1,339.1,337.4,338.3,28000,0
20240319,160000,338.4,339.5,337.5,338.4,24152,0
20240319,170000,338.3,338.4,334.4,334.7,91460,0
20240319,180000,334.5,335.9,334,334.1,40685,0
20240319,190000,334.1,335.4,334,334.6,24257,0
20240319,200000,334.6,335,334.2,334.9,15582,0
20240319,210000,334.9,335,334,334.3,20285,0
20240319,220000,334.3,334.5,332.2,333.5,47046,0
20240319,230000,333.5,334.3,333.1,333.8,18595,0
20240320,100000,333.7,335.2,331.6,332,75896,0
20240320,110000,331.9,334.7,330.6,334.5,94016,0
20240320,120000,334.5,338.8,334.2,336.2,136637,0
20240320,130000,336.7,338.4,335.7,338.2,58354,0
20240320,140000,338.2,338.5,336.9,337.4,76892,0
20240320,150000,337.3,337.4,336,337.3,61335,0
20240320,160000,337.3,340,337,339.6,100925,0
20240320,170000,339.6,341.1,339.6,341,78610,0
20240320,180000,341,341,338.1,338.3,71850,0
20240320,190000,338.3,340.6,338.2,339.8,12056,0
20240320,200000,339.9,340,338,338.3,12678,0
20240320,210000,338.6,340.9,338.1,340.8,21872,0
20240320,220000,340.8,341.8,339.6,340.5,37124,0
20240320,230000,340.5,340.7,338.7,340.6,9578,0
20240321,100000,341.6,343.5,340,341.7,87701,0
20240321,110000,341.7,342.2,338.1,338.2,54167,0
20240321,120000,338.3,339,334.3,335.2,73464,0
20240321,130000,335.1,335.9,334.4,335.2,42068,0
20240321,140000,335,335.7,333.3,335,90887,0
20240321,150000,334.9,335,331.3,333,196664,0
20240321,160000,332.6,333.6,331.8,332.5,72146,0
20240321,170000,332.5,334,331.1,331.9,105516,0
20240321,180000,331.6,332.5,331,331,87509,0
20240321,190000,331,332.7,330.8,332.3,25201,0
20240321,200000,332.4,332.7,332.1,332.7,12385,0
20240321,210000,332.7,332.7,332.2,332.5,19278,0
20240321,220000,332.5,332.7,331.7,332.2,22569,0
20240321,230000,332.2,332.6,331.9,332.5,12919,0
20240322,100000,332.6,332.8,330.1,332.5,69901,0
20240322,110000,332.4,332.8,330.1,331.2,85145,0
20240322,120000,331.5,331.7,330.1,331.1,30036,0
20240322,130000,330.9,332.2,330.8,331.6,21654,0
20240322,140000,331.5,331.7,330.8,331,17523,0
20240322,150000,331,331.5,330.8,331,13356,0
20240322,160000,330.9,331.5,330.7,331.2,36239,0
20240322,170000,331.1,333.3,331,332.6,51551,0
20240322,180000,333,334,330.8,330.8,72747,0
20240322,190000,330.8,331.7,330.5,331,13844,0
20240322,200000,331,331.5,326.5,326.9,51177,0
20240322,210000,326.9,327.5,322.4,326.9,121492,0
20240322,220000,326.9,327.4,326.4,326.5,36669,0
20240322,230000,326.8,326.9,322.2,325.8,45328,0
20240325,100000,326.6,328.8,326.2,328.2,58545,0
20240325,110000,328.2,328.5,325.6,325.8,36905,0
20240325,120000,326,326,323.8,324.6,54079,0
20240325,130000,324.6,325.2,323,325.1,57944,0
20240325,140000,325.1,325.5,324.2,325,23454,0
20240325,150000,325,326.5,324.6,326.3,27431,0
20240325,160000,326.5,326.5,324.7,325.4,40350,0
20240325,170000,325.7,326.4,325.3,326.1,14978,0
20240325,180000,326.1,327,326,327,16993,0
20240325,190000,326,327.7,325.4,326.8,15230,0
20240325,200000,326.7,327.6,326.5,327,6288,0
20240325,210000,327,327.1,326.6,327,5154,0
20240325,220000,326.8,327,326.7,326.8,4086,0
20240325,230000,326.9,327.2,326.8,327.2,16505,0
20240326,100000,327,331.5,327,330.7,49834,0
20240326,110000,330.7,333.4,330.6,331.9,53099,0
20240326,120000,331.9,338.9,331.6,337,220299,0
20240326,130000,336.9,337.4,335.2,336.8,78244,0
20240326,140000,336.6,339.8,335.2,337.8,118085,0
20240326,150000,337.8,339.3,336.9,337.8,48323,0
20240326,160000,338,338.2,335.5,335.6,50422,0
20240326,170000,335.7,335.7,332,332.5,47779,0
20240326,180000,332.5,332.7,331.5,331.5,46578,0
20240326,190000,331.2,332.4,328.9,329.1,55948,0
20240326,200000,329.4,330.1,329,330,21973,0
20240326,210000,329.8,330.5,329.4,329.9,16795,0
20240326,220000,329.9,330.5,329.6,330.2,14764,0
20240326,230000,330.1,331,329.5,330.9,12957,0
20240327,100000,331.3,331.6,325.2,325.5,111610,0
20240327,110000,325.6,327,325,325.1,62170,0
20240327,120000,325.3,326.1,323.3,324.9,171812,0
20240327,130000,324.9,325.9,323.7,324.5,28033,0
20240327,140000,324.1,325,322,322.1,102308,0
20240327,150000,322.1,323.2,322,322.5,36762,0
20240327,160000,322.4,322.5,321.5,322.5,46869,0
20240327,170000,322.5,324.2,322,323.6,39923,0
20240327,180000,323.6,323.8,322.3,322.3,28111,0
20240327,190000,322.3,322.8,320,321.7,33827,0
20240327,200000,321.7,321.7,320.3,320.9,22467,0
20240327,210000,321,321,319.5,320.2,37343,0
20240327,220000,320.5,321,319.9,320.3,11985,0
20240327,230000,320.3,320.7,320,320.5,8954,0
20240328,100000,320.7,321.9,315.4,315.7,182866,0
20240328,110000,315.5,315.7,313.1,313.7,158113,0
20240328,120000,313.5,314.4,313.5,313.8,44661,0
20240328,130000,313.9,314,305,307,344712,0
20240328,140000,307,308.1,304,305.7,178638,0
20240328,150000,305.7,307.9,305.4,307.8,102183,0
20240328,160000,307.8,311.5,307.4,309.6,123510,0
20240328,170000,309.6,310.8,308,308.5,61104,0
20240328,180000,308.5,309.4,307.5,308.7,17187,0
20240328,190000,308.7,312.6,308.7,310.9,30904,0
20240328,200000,310.8,311.3,308.9,309.7,18291,0
20240328,210000,309.9,310,309.5,310,10902,0
20240328,220000,309.8,310,308.5,308.7,17044,0
20240328,230000,308.6,308.7,307.5,307.5,24976,0
20240329,100000,307,311.3,306.3,310.3,78260,0
20240329,110000,310.3,315.1,309.9,314.5,145125,0
20240329,120000,314.4,320,314.3,316.5,254331,0
20240329,130000,316.1,317.2,314.6,315.1,81895,0
20240329,140000,315.1,317,314.6,315.2,58845,0
20240329,150000,315,315.4,312.1,313.3,61166,0
20240329,160000,313.4,314.9,313.3,314.1,24706,0
20240329,170000,313.8,317.5,312.4,315.9,78784,0
20240329,180000,315.9,316.9,313.4,314.4,52085,0
20240329,190000,315.9,315.9,306.3,309.3,81922,0
20240329,200000,309.3,310.6,309,309.7,19831,0
20240329,210000,309.8,309.9,307.3,309.2,29550,0
20240329,220000,309.3,311,308.8,309.5,30097,0
20240329,230000,309.5,309.8,308,309.1,31836,0
20240401,100000,309.1,316.2,306.4,314.3,171404,0
20240401,110000,314.3,318,314.3,317.2,182910,0
20240401,120000,317.1,317.4,316.6,317.2,24188,0
20240401,130000,317,319,316.4,316.8,70636,0
20240401,140000,316.5,319.4,315.8,319,63093,0
20240401,150000,319,321,317.4,320.7,83500,0
20240401,160000,320.7,322.1,319,322.1,92026,0
20240401,170000,322,325,322,322.8,121798,0
20240401,180000,322.5,323.4,318.2,320.4,62674,0
20240401,190000,320.4,322.7,320,322.7,16142,0
20240401,200000,322.5,322.7,319,319.5,16642,0
20240401,210000,319.5,319.6,318.6,318.8,7550,0
20240401,220000,318.8,319.1,318.6,318.8,4689,0
20240401,230000,318.8,320.9,318.6,320.2,14480,0
20240402,100000,320.3,327.6,320.3,326.3,150703,0
20240402,110000,326.6,329.9,326.6,328.8,80017,0
20240402,120000,328.8,332.9,328.1,331.8,98363,0
20240402,130000,331.9,335.8,328.7,335.8,227964,0
20240402,140000,335.7,335.9,330.5,334.8,99912,0
20240402,150000,334.9,335.8,332.9,335.5,70617,0
20240402,160000,335.6,336,334.5,335.6,84365,0
20240402,170000,335.7,340,334.5,338.9,282061,0
20240402,180000,339,339.5,332.1,336.3,95713,0
20240402,190000,335.2,337.8,331,332,73243,0
20240402,200000,332,332.3,328.6,330.7,39111,0
20240402,210000,331,334.4,330.6,333.1,24530,0
20240402,220000,333,333.2,330.9,330.9,19033,0
20240402,230000,331,331,329.1,330.9,20197,0
20240403,100000,331.7,343,331.7,343,241944,0
20240403,110000,343,344.9,340.1,341.3,95942,0
20240403,120000,341.1,349.7,341,347.4,239088,0
20240403,130000,347.3,348.7,345.5,345.8,122888,0
20240403,140000,345.9,347.3,341,343.5,88760,0
20240403,150000,343.3,344.5,340.3,342.5,41761,0
20240403,160000,342.4,345.9,342.1,345.9,71853,0
20240403,170000,345.7,345.9,342.8,343,36640,0
20240403,180000,343,343.3,342,342.7,15859,0
20240403,190000,342.7,344,336.8,340.7,68722,0
20240403,200000,340.7,341.5,339.8,341.2,13060,0
20240403,210000,341.2,341.9,340.2,341,11146,0
20240403,220000,340.9,342.5,340.8,342.3,7390,0
20240403,230000,342.4,348,342.1,346.5,35413,0
20240404,100000,346.5,346.6,339.3,340.2,101435,0
20240404,110000,340.2,340.4,337.5,339.1,53904,0
20240404,120000,339,339.4,333.5,336.4,73421,0
20240404,130000,336.5,336.9,332.1,332.1,93009,0
20240404,140000,332.4,335.8,332.3,334.6,62292,0
20240404,150000,334.6,335.3,333,334.2,21188,0
20240404,160000,334.3,336.2,334.2,335.9,15531,0
20240404,170000,335.9,337.7,335.7,336.5,25116,0
20240404,180000,336.7,336.9,335.1,335.1,20187,0
20240404,190000,336.8,336.8,333,333,18023,0
20240404,200000,333.3,334.6,332.4,334.2,14035,0
20240404,210000,334.1,337.1,334,337.1,25630,0
20240404,220000,337.2,338,332.9,333,28589,0
20240404,230000,333.1,333.6,331.7,332.9,13218,0
20240405,100000,332.8,341.6,332.2,339.4,92014,0
20240405,110000,339.4,340.2,338.1,339.7,33709,0
20240405,120000,339.7,340,335.7,338.3,64015,0
20240405,130000,337.9,338.3,335.1,335.9,25397,0
20240405,140000,335.9,338.9,335.8,338.8,23809,0
20240405,150000,338.8,338.8,337,337.6,7441,0
20240405,160000,337.5,338.5,337.4,338,14879,0
20240405,170000,337.7,339.1,337.6,338.8,20733,0
20240405,180000,338.9,340.4,337.5,337.8,39352,0
20240405,190000,338.8,338.8,337.1,338.4,5381,0
20240405,200000,338.4,338.7,337.2,337.7,10692,0
20240405,210000,337.5,337.7,335.9,336.9,13648,0
20240405,220000,337,338.2,336.5,337.5,9110,0
20240405,230000,337.6,337.7,337,337.2,3234,0
20240408,100000,339.9,345,338.3,340,153641,0
20240408,110000,340.4,340.8,336.7,337.3,70860,0
20240408,120000,337.4,338.4,336.8,337.8,26006,0
20240408,130000,337.8,340,335.2,335.2,68004,0
20240408,140000,335.4,337.9,335.2,335.5,45327,0
20240408,150000,335.7,336.9,335.2,336.4,15337,0
20240408,160000,336.4,337,335.6,336,16261,0
20240408,170000,336.3,336.5,332.2,334,54831,0
20240408,180000,334,334,330.1,331.1,83097,0
20240408,190000,331.4,332.4,331.1,332.3,8209,0
20240408,200000,332.3,332.7,331.8,331.9,12561,0
20240408,210000,332.1,332.3,331.3,332.3,16198,0
20240408,220000,332.4,335.5,331.8,335,23403,0
20240408,230000,335,335,333.5,334,5129,0
20240409,100000,335,336.5,329,331.9,64457,0
20240409,110000,331.8,333.4,330.1,333,37799,0
20240409,120000,333,333.1,332,332.9,24806,0
20240409,130000,332.9,333,332.3,332.7,37895,0
20240409,140000,332.7,332.7,331,331,16721,0
20240409,150000,331,331.2,328.1,329.6,34468,0
20240409,160000,329.5,330.1,328.2,329.1,24929,0
20240409,170000,329.1,331.2,328.4,328.9,39224,0
20240409,180000,328.7,329,325,327.4,70610,0
20240409,190000,326.7,328.8,326.4,328.4,9975,0
20240409,200000,328.5,332,326.9,331.9,42516,0
20240409,210000,331.6,334.9,330.1,333.2,26490,0
20240409,220000,333.4,333.4,325.2,326.8,60964,0
20240409,230000,326.9,327.7,326.7,327.2,11745,0
20240410,100000,328.7,330.9,327.3,327.7,27453,0
20240410,110000,327.5,330.8,327.3,329.3,20191,0
20240410,120000,328.9,329.9,328,329.2,11375,0
20240410,130000,329.6,332,329.2,330.3,32083,0
20240410,140000,330.3,330.4,328.7,328.8,11704,0
20240410,150000,328.7,329,327,327.6,36408,0
20240410,160000,327.8,328.7,326.3,326.8,33749,0
20240410,170000,326.8,327.5,325.9,326,32408,0
20240410,180000,326,326.1,325.2,325.5,26715,0
20240410,190000,325.3,327.1,325.1,326.6,5895,0
20240410,200000,326.6,327.3,325.8,326.6,9603,0
20240410,210000,327,327.2,326.5,327.1,4724,0
20240410,220000,326.9,327.2,326,326,10960,0
20240410,230000,326.3,326.4,325.6,325.7,5264,0
20240411,100000,326.4,329.8,323.6,327.4,80011,0
20240411,110000,327.4,328.3,325,326,42157,0
20240411,120000,326.3,327.5,325,326.3,22473,0
20240411,130000,325.9,328.5,325.9,327.8,23223,0
20240411,140000,327.8,328,326.1,327,15782,0
20240411,150000,327.1,327.2,325.1,326.2,21982,0
20240411,160000,326.2,326.8,325,325.6,16207,0
20240411,170000,325.4,325.7,325,325.2,13238,0
20240411,180000,325.1,326.4,325.1,326.1,7433,0
20240411,190000,325.5,326.5,324.7,325.8,13983,0
20240411,200000,326,327,323.8,326.5,33922,0
20240411,210000,326.5,327.4,324,327,37902,0
20240411,220000,327,327,324.6,326,20496,0
20240411,230000,326,327.8,325.8,327.7,13248,0
20240412,100000,328.2,334.5,326.8,332.9,192927,0
20240412,110000,332.9,333.3,328.1,332.3,104794,0
20240412,120000,332.3,333,330,332,43869,0
20240412,130000,331.7,332,328,329,85282,0
20240412,140000,329.2,334.6,328.9,334.4,115904,0
20240412,150000,334.4,345,332.4,339.9,605461,0
20240412,160000,340,342.5,337.1,338.4,184268,0
20240412,170000,338.4,340,335.8,339.3,191733,0
20240412,180000,339.3,339.9,335.4,336.1,69332,0
20240412,190000,336.1,336.2,331.7,333,70316,0
20240412,200000,332.5,334.1,328,329.1,127347,0
20240412,210000,329.1,332.6,328.7,331.9,58892,0
20240412,220000,331.7,333.7,330.9,332.4,56095,0
20240412,230000,332.1,332.4,328,328.1,70750,0
20240415,100000,329.9,333.8,328.1,330.6,94254,0
20240415,110000,330.8,331,329.3,330.4,12339,0
20240415,120000,330.3,330.4,326,328.2,91265,0
20240415,130000,328.2,329.9,327.7,328.1,48992,0
20240415,140000,328.5,329,327.8,328.6,26300,0
20240415,150000,328.5,329,327.9,327.9,13229,0
20240415,160000,327.9,328.4,327.5,327.7,27664,0
20240415,170000,328.1,329,327.6,328.9,14597,0
20240415,180000,328.9,328.9,327.5,327.5,16948,0
20240415,190000,328.7,328.7,327,328.2,8915,0
20240415,200000,328.2,328.4,327.4,327.8,8500,0
20240415,210000,327.8,329,327.6,328.6,9584,0
20240415,220000,328.9,329,328.5,328.9,9655,0
20240415,230000,329,329,328.6,328.7,4637,0
20240416,100000,329,340,328.9,338.4,263615,0
20240416,110000,338.4,339.5,333,333.4,97093,0
20240416,120000,333.4,335,332,334.7,97598,0
20240416,130000,334.6,334.8,327,328.1,204368,0
20240416,140000,328.1,330,327,330,46127,0
20240416,150000,329.6,331.2,327.7,327.9,56652,0
20240416,160000,328,330.3,327.7,329.2,45739,0
20240416,170000,328.6,330,327.6,328.4,63223,0
20240416,180000,328.4,329.4,327.1,327.6,32255,0
20240416,190000,327.9,329.5,327.9,328.5,23987,0
20240416,200000,328.3,328.8,328,328,5074,0
20240416,210000,328.3,328.8,326.5,327.5,46685,0
20240416,220000,327.3,328.7,327.1,328.2,8631,0
20240416,230000,328.2,328.8,327.9,328.7,5922,0
20240417,100000,330.9,332.9,328.7,330.8,73666,0
20240417,110000,330.6,332.4,328.7,331,45293,0
20240417,120000,330.9,335,330.9,335,130987,0
20240417,130000,334.9,334.9,329.8,329.8,34383,0
20240417,140000,330,330.4,328.5,329.9,88445,0
20240417,150000,329.9,331.9,329.8,331.8,30046,0
20240417,160000,331.8,332,329.1,329.8,35607,0
20240417,170000,329.8,332.5,329,329.1,56629,0
20240417,180000,329.3,330,328.5,328.9,36043,0
20240417,190000,329.2,331.7,329.2,330,31060,0
20240417,200000,330,330.3,329.7,330,10227,0
20240417,210000,330,330.2,329.1,329.9,7442,0
20240417,220000,330,330.7,329.4,330.1,6976,0
20240417,230000,330.1,330.8,330,330.8,7965,0
20240418,100000,331.2,332.8,330.1,331.6,67876,0
20240418,110000,332.1,335.5,330.9,333.2,114124,0
20240418,120000,333,333.2,330.6,331.1,45642,0
20240418,130000,331,331.1,330,330.2,14264,0
20240418,140000,330.2,331,330,331,9484,0
20240418,150000,330.9,331.2,329.7,329.9,23714,0
20240418,160000,329.7,330.2,328.2,329.9,44300,0
20240418,170000,329.9,330.5,328.8,329.2,22087,0
20240418,180000,329.2,330,329,329.4,10620,0
20240418,190000,329.5,330.1,328.8,329.2,12390,0
20240418,200000,329.1,329.8,329,329.2,6592,0
20240418,210000,329,329.6,328.8,329,17361,0
20240418,220000,329,329,328.7,328.9,9353,0
20240418,230000,328.9,329.7,328.9,329.7,7211,0
20240419,100000,330.7,331,329.2,329.7,30652,0
20240419,110000,329.4,329.8,328.5,329.1,24073,0
20240419,120000,329.2,329.4,328.5,328.7,13697,0
20240419,130000,328.6,330.6,328,328.8,77470,0
20240419,140000,328.8,329.8,327,327.2,55071,0
20240419,150000,327.2,329,326.6,327.4,47990,0
20240419,160000,327.4,327.8,327.1,327.4,7955,0
20240419,170000,327.3,327.9,327,327.7,17874,0
20240419,180000,327.7,328.3,327.1,327.5,11527,0
20240419,190000,327.4,328.3,327,327.7,8464,0
20240419,200000,327.6,327.9,327.2,327.2,5313,0
20240419,210000,327.4,327.7,327.1,327.7,7647,0
20240419,220000,327.7,327.7,326.9,326.9,7949,0
20240419,230000,326.9,327.3,326.5,326.7,12155,0
20240422,100000,327.5,330.2,324,325.7,146159,0
20240422,110000,325.8,327.4,324.8,326.3,43864,0
20240422,120000,326,327.5,325,325.5,66488,0
20240422,130000,325.5,326,324.6,324.6,31214,0
20240422,140000,324.6,324.8,324.4,324.7,28736,0
20240422,150000,324.7,324.8,324.3,324.3,31269,0
20240422,160000,324.3,324.8,323.1,324.2,58593,0
20240422,170000,324.2,324.4,321,323,85969,0
20240422,180000,323,323.4,320,321,57603,0
20240422,190000,321.2,322.7,321,321.2,18721,0
20240422,200000,321.2,321.8,319.9,320.5,27526,0
20240422,210000,320.5,321.5,320.1,321.3,8566,0
20240422,220000,321.3,322.6,321.2,322.4,6535,0
20240422,230000,322.3,322.8,321,321,7922,0
20240423,100000,321.2,321.9,318.1,320,127128,0
20240423,110000,320,322.4,319.3,320.3,45390,0
20240423,120000,320.3,322.2,318.6,318.9,57768,0
20240423,130000,319,319.6,318,318.7,27810,0
20240423,140000,318.9,319.7,318.2,318.5,15889,0
20240423,150000,318.5,319.4,318,318.5,18381,0
20240423,160000,318.5,319.6,318,319,11719,0
20240423,170000,319.3,320.1,319,319.8,16599,0
20240423,180000,319.4,319.8,318,318.1,24348,0
20240423,190000,319.2,319.2,316.6,318.2,22848,0
20240423,200000,317.9,318.7,317.9,318.1,5106,0
20240423,210000,318.1,319,318,318.9,5174,0
20240423,220000,319,319.1,318.4,318.4,11497,0
20240423,230000,318.7,320.1,318.1,319.1,32889,0
20240424,100000,319.4,328.5,318.2,325.3,257952,0
20240424,110000,325.1,327.1,324.5,327,70343,0
20240424,120000,327,328,320,321.5,123132,0
20240424,130000,321.1,322.7,320.1,321.5,30912,0
20240424,140000,321.4,322.8,320.8,322,20413,0
20240424,150000,322,322,320.8,321.9,13819,0
20240424,160000,321.9,322.4,320.9,321.8,12931,0
20240424,170000,321.8,322.7,321,321.9,17176,0
20240424,180000,321.9,322.3,321.4,321.5,7768,0
20240424,190000,321.4,322.9,321.4,322.6,5909,0
20240424,200000,322.6,323.9,322.1,322.7,15652,0
20240424,210000,322.6,324.5,321,321,30757,0
20240424,220000,321.4,321.8,320.5,320.9,8714,0
20240424,230000,320.8,323.9,320.5,323.6,32069,0
20240425,100000,323.7,326,322.5,323.4,61755,0
20240425,110000,323.3,325.1,322.2,322.8,43945,0
20240425,120000,322.8,324.6,322.5,322.5,40436,0
20240425,130000,322.5,324.2,321,322.9,50676,0
20240425,140000,322.9,325.7,322,324,55000,0
20240425,150000,324.1,324.4,322,322.5,22883,0
20240425,160000,322.7,324,322.6,323,10041,0
20240425,170000,323.2,323.6,321,321.8,33139,0
20240425,180000,321.7,322.7,321.6,322.7,14961,0
20240425,190000,322.3,322.3,320.1,320.2,16962,0
20240425,200000,320.2,321.8,320.1,321.2,12654,0
20240425,210000,321.5,321.5,320,321,14782,0
20240425,220000,320.8,321.5,320.6,321,4211,0
20240425,230000,321,321.4,320.7,320.7,6026,0
20240426,100000,322.3,324.8,321.1,322.6,58235,0
20240426,110000,322.6,323.3,321.8,322,20844,0
20240426,120000,322,322.4,321,321.7,7845,0
20240426,130000,321.8,322.8,320.6,321.5,20063,0
20240426,140000,321.8,322.5,318,319.2,62645,0
20240426,150000,319.3,319.8,317.2,319.3,38981,0
20240426,160000,319.6,321.1,318.4,321,15240,0
20240426,170000,321,321.2,319.5,319.9,12465,0
20240426,180000,319.6,319.9,318.5,318.5,11380,0
20240426,190000,318.8,320.1,318.4,319.6,9774,0
20240426,200000,319.5,319.9,318.5,319.2,4340,0
20240426,210000,319.2,320.3,319.2,319.8,6958,0
20240426,220000,319.8,320,318.9,318.9,5462,0
20240426,230000,319,319.5,318.7,318.8,8392,0
20240427,100000,319.5,319.6,318.2,318.9,19207,0
20240427,110000,318.9,318.9,318.1,318.1,6748,0
20240427,120000,318.1,319,318,318.1,11438,0
20240427,130000,318.1,318.6,317.6,318,11285,0
20240427,140000,318,318.7,316.7,317.2,27151,0
20240427,150000,317.3,317.3,315,316.1,29609,0
20240427,160000,316.2,318.9,316.2,318.3,43776,0
20240427,170000,318.3,320,318.2,319.6,11796,0
20240427,180000,319.6,320,318.9,320,10682,0
20240427,190000,319,319.2,317.1,318.3,9836,0
20240427,200000,318,319.4,318,318.5,3539,0
20240427,210000,318.9,318.9,318.1,318.5,2039,0
20240427,220000,318.5,318.9,318.2,318.2,1542,0
20240427,230000,318.2,318.2,317.2,317.4,6635,0
20240429,100000,317.4,322.6,316.5,321.1,72630,0
20240429,110000,321,324.5,321,324.3,72228,0
20240429,120000,324.3,324.5,322.4,322.5,22237,0
20240429,130000,322.4,322.8,322.2,322.3,3679,0
20240429,140000,322.3,322.8,322.2,322.3,4535,0
20240429,150000,322.2,322.4,322.2,322.3,5394,0
20240429,160000,322.3,322.5,320,320.5,41060,0
20240429,170000,320.2,321.2,320,320.8,3665,0
20240429,180000,320.8,321.1,320.5,320.5,5055,0
20240429,190000,320,320.7,318.1,319.3,11018,0
20240429,200000,319.4,319.8,319,319.7,804,0
20240429,210000,319.7,320.6,319.5,320.6,2899,0
20240429,220000,320.3,320.3,319.5,319.7,2543,0
20240429,230000,319.7,319.9,319.5,319.7,2566,0
20240430,100000,319.7,322,317,319.6,81155,0
20240430,110000,319.6,319.6,316.4,318.3,36989,0
20240430,120000,318.3,320.7,316.5,317,51733,0
20240430,130000,317.3,317.7,317,317.2,14115,0
20240430,140000,317.1,317.7,316.6,316.8,18968,0
20240430,150000,316.8,317.3,316.7,317,6286,0
20240430,160000,317,317.6,317,317.6,3299,0
20240430,170000,317.6,317.9,317,317.2,6141,0
20240430,180000,317.5,317.5,316.7,316.7,7940,0
20240430,190000,317.4,317.5,315.8,316.8,16821,0
20240430,200000,316.4,317.1,316.4,317,1690,0
20240430,210000,317,317,316.2,316.4,3195,0
20240430,220000,316.6,316.8,316.3,316.7,3163,0
20240430,230000,316.5,316.9,315.9,316.1,15945,0
20240502,100000,316.6,317.8,316.6,317.3,16334,0
20240502,110000,317.4,317.7,316.1,316.7,15805,0
20240502,120000,316.7,319,316.2,318.6,30504,0
20240502,130000,318.6,318.9,317.8,318.2,10989,0
20240502,140000,318.2,321.5,318,320.2,66700,0
20240502,150000,320.1,320.3,317.6,317.8,24361,0
20240502,160000,317.7,318,316,316.6,54783,0
20240502,170000,316.6,316.7,316.2,316.2,11409,0
20240502,180000,316.2,316.5,314.4,314.4,35513,0
20240502,190000,314.9,315.9,314.8,315.6,25314,0
20240502,200000,315.6,316.1,314.9,315.9,10210,0
20240502,210000,315.9,316.1,315.8,316,8037,0
20240502,220000,316,316,315.7,315.8,3708,0
20240502,230000,315.8,315.8,315.3,315.5,5366,0
20240503,100000,315.8,316.7,315.2,315.6,29274,0
20240503,110000,315.6,316.3,315,315,7368,0
20240503,120000,315,318.9,315,318.3,38687,0
20240503,130000,318.3,319.6,315.5,316.1,59321,0
20240503,140000,316.1,316.4,314.7,315.6,28508,0
20240503,150000,315.6,318.6,315.4,317.2,45505,0
20240503,160000,317.2,317.7,316.6,317.1,12419,0
20240503,170000,317.4,318.4,315.3,317.1,37921,0
20240503,180000,317.5,317.5,316.2,316.7,10282,0
20240503,190000,317.5,324.9,316.2,318.6,102531,0
20240503,200000,318.9,319.1,317.2,318.1,13595,0
20240503,210000,318.1,318.9,317.5,318.7,11535,0
20240503,220000,318.6,318.6,316.2,317.7,15289,0
20240503,230000,317.3,317.3,316.2,316.5,14985,0
20240506,100000,316.9,323.6,316.9,321.6,166700,0
20240506,110000,321.6,321.7,320.5,320.6,12600,0
20240506,120000,320.6,321.8,318.8,319.1,81049,0
20240506,130000,319.1,320.1,317,319.9,87471,0
20240506,140000,320.1,321.9,319.9,320.8,48662,0
20240506,150000,320.9,321,319.7,320.3,36742,0
20240506,160000,320.2,321.1,320.1,320.7,26088,0
20240506,170000,320.8,321.5,320.5,321.3,28731,0
20240506,180000,321.3,321.5,319.8,319.8,16715,0
20240506,190000,321.1,321.1,318.9,319.4,14654,0
20240506,200000,319.6,319.8,318.1,319.5,13532,0
20240506,210000,319.5,319.5,318,319.2,16348,0
20240506,220000,319.3,319.7,318.8,319.2,7216,0
20240506,230000,318.8,319.2,318,318,7779,0
20240507,100000,318.2,320.8,317.6,320,53262,0
20240507,110000,320,320,318.7,319.5,10723,0
20240507,120000,319.2,319.4,318.5,318.6,12269,0
20240507,130000,318.6,319.5,318.1,318.9,24801,0
20240507,140000,319.2,319.3,315,315.7,70544,0
20240507,150000,315.8,318,314,317.5,45653,0
20240507,160000,317.4,317.4,316.2,316.7,13683,0
20240507,170000,316.7,317,315,316,22998,0
20240507,180000,316,316.4,315.9,315.9,6433,0
20240507,190000,316.1,316.3,314.2,315.5,19726,0
20240507,200000,315.3,316.4,314.6,316.1,14411,0
20240507,210000,316.1,316.2,315.6,316.1,8091,0
20240507,220000,316.1,316.3,315.6,316.2,4092,0
20240507,230000,316,316.4,315.6,315.6,2702,0
20240508,100000,315.8,319.8,314.8,317.3,173465,0
20240508,110000,317.4,318.5,316.1,317.6,60617,0
20240508,120000,317.6,319.2,317.1,317.5,27469,0
20240508,130000,317.3,317.8,316.3,317.3,28067,0
20240508,140000,317.3,317.9,316.9,317.4,10728,0
20240508,150000,317.1,317.2,316.2,316.3,24686,0
20240508,160000,316.4,316.8,316,316,15905,0
20240508,170000,316.1,316.5,316,316,10691,0
20240508,180000,316.1,316.7,316,316.7,12584,0
20240508,190000,316.2,317.1,316.2,316.5,4881,0
20240508,200000,316.4,316.5,316,316.4,5046,0
20240508,210000,316.4,316.7,316,316.4,3664,0
20240508,220000,316.5,317,316.1,316.5,8915,0
20240508,230000,316.5,317.1,315.2,315.3,14564,0
20240510,100000,316.9,322.2,316.9,320,222154,0
20240510,110000,319.6,322.5,318.1,320.7,193020,0
20240510,120000,320.5,322,320,320.5,34847,0
20240510,130000,321,321.7,319.8,320.3,32563,0
20240510,140000,320.3,320.3,318.9,319,25586,0
20240510,150000,319,321,318.7,319.1,63443,0
20240510,160000,319.2,319.7,318.9,319.5,10985,0
20240510,170000,319.2,319.8,318.7,319.1,7596,0
20240510,180000,319.1,319.5,317.1,318.3,73941,0
20240510,190000,317.2,318.2,317.1,318.2,8728,0
20240510,200000,317.9,318.7,317.9,318.2,14830,0
20240510,210000,318.1,318.3,317.8,318.3,8828,0
20240510,220000,318.2,318.3,317.5,317.6,10178,0
20240510,230000,317.6,319.8,317.6,319.5,22196,0
20240513,100000,319.5,319.8,316.3,317.6,77224,0
20240513,110000,317.4,317.6,315.7,316.8,54019,0
20240513,120000,316.8,317.5,316,317.3,17120,0
20240513,130000,317.2,317.7,316.8,316.8,13493,0
20240513,140000,316.8,317.8,316.1,317.7,35076,0
20240513,150000,317.7,317.7,316.6,317.4,8851,0
20240513,160000,317.3,317.5,316.6,317,9387,0
20240513,170000,316.8,317.8,316.6,317.4,19677,0
20240513,180000,317.7,317.7,316.6,317.3,7569,0
20240513,190000,317.9,317.9,316.3,316.5,6875,0
20240513,200000,316.4,317.3,316.4,317.3,5346,0
20240513,210000,317.3,317.3,316.8,316.9,4659,0
20240513,220000,316.8,317.3,316.7,317,6192,0
20240513,230000,317,317,316.6,316.9,7007,0
20240514,100000,316.4,318,316.4,317.3,35249,0
20240514,110000,317.3,317.8,316.5,317.1,22478,0
20240514,120000,317,317.4,316,316.4,21729,0
20240514,130000,316.2,316.5,314.6,315.3,46269,0
20240514,140000,315.4,315.4,315,315.2,12862,0
20240514,150000,315.2,315.7,315,315.7,10546,0
20240514,160000,315.5,316,315.3,315.7,7884,0
20240514,170000,315.5,315.8,315.1,315.1,8841,0
20240514,180000,315.4,315.5,315,315,13909,0
20240514,190000,315,316.1,314.8,315.1,16101,0
20240514,200000,315.5,315.7,315.1,315.1,2445,0
20240514,210000,315.1,315.6,315,315.3,5789,0
20240514,220000,315.3,316,315.1,315.5,10305,0
20240514,230000,315.5,315.9,315.3,315.4,3619,0
20240515,100000,315.4,320,314.7,318.7,304984,0
20240515,110000,318.6,319.2,317,318.1,76706,0
20240515,120000,318,322.3,317.6,321.7,178112,0
20240515,130000,321.8,321.9,318,318.7,117891,0
20240515,140000,318.4,318.7,316.3,316.9,58172,0
20240515,150000,317.2,318.3,316.2,317.8,32214,0
20240515,160000,318,318.9,317.5,317.7,15423,0
20240515,170000,317.9,318.3,316.4,316.6,37448,0
20240515,180000,316.8,317.5,316.5,317.2,11263,0
20240515,190000,317.1,317.5,316,317.2,10497,0
20240515,200000,317.5,318,316,317,15095,0
20240515,210000,317.1,317.9,316.6,317.1,7106,0
20240515,220000,317.1,317.2,316.8,317.2,5328,0
20240515,230000,317.1,317.9,316.9,317.7,4504,0
20240516,100000,318,318.2,315.5,316.4,27774,0
20240516,110000,316.4,317.3,316,316.2,16580,0
20240516,120000,316.2,317,316.1,317,11939,0
20240516,130000,317,317.4,316,316.6,17053,0
20240516,140000,316.8,316.9,316.1,316.4,5866,0
20240516,150000,316.2,316.6,316,316.4,6488,0
20240516,160000,316.4,316.6,315.6,316.2,22157,0
20240516,170000,316.2,316.7,315.8,316.1,12338,0
20240516,180000,316.1,316.3,315.7,316.2,10542,0
20240516,190000,316.6,316.6,315.6,316.4,5364,0
20240516,200000,316.4,316.6,316.1,316.1,10416,0
20240516,210000,316.2,316.2,315.3,315.5,16317,0
20240516,220000,315.7,316,315.2,315.9,20314,0
20240516,230000,315.9,316.3,315.9,315.9,13932,0
20240517,100000,316.1,316.5,315.6,316,18352,0
20240517,110000,316,316.4,315.6,316.2,14410,0
20240517,120000,316.1,316.5,316,316,6015,0
20240517,130000,316,316.2,315.5,315.7,14048,0
20240517,140000,315.8,316.1,315.5,316,13369,0
20240517,150000,316.1,316.2,315.3,315.9,12988,0
20240517,160000,315.9,316.4,315.3,315.8,11076,0
20240517,170000,316,317.1,315,316.6,81601,0
20240517,180000,316.5,317.7,315.4,316,42630,0
20240517,190000,314.7,317,314.7,316.1,20078,0
20240517,200000,316.1,317.1,315.4,316.4,23061,0
20240517,210000,316.6,316.6,314.9,315.2,13448,0
20240517,220000,315.2,315.3,314.5,314.6,23295,0
20240517,230000,314.6,315.4,314.5,314.5,10521,0
20240520,100000,315.7,320,314.7,317.5,159183,0
20240520,110000,317.5,318.7,316.2,316.4,45631,0
20240520,120000,316.3,317.6,315,315.4,57873,0
20240520,130000,315.4,317.3,310,313.4,202466,0
20240520,140000,313.4,313.5,311.2,311.7,58268,0
20240520,150000,311.8,311.9,305,309.6,199914,0
20240520,160000,309.9,310.9,308.7,309.8,27147,0
20240520,170000,309.8,310.2,309,309.8,17725,0
20240520,180000,309.5,310.8,309.1,310.2,22042,0
20240520,190000,309.9,311.5,308.7,311.4,20559,0
20240520,200000,311.3,311.4,308.2,308.4,40552,0
20240520,210000,308.3,308.8,306.9,307.4,32876,0
20240520,220000,307.4,308.4,307.2,307.8,9607,0
20240520,230000,307.9,308,307.3,307.3,6425,0
20240521,100000,308.1,308.9,300.7,301.4,153811,0
20240521,110000,301.4,301.9,295.1,298.7,228632,0
20240521,120000,298.3,302.9,297.3,302.9,90431,0
20240521,130000,302.9,306.9,301.2,302.9,105827,0
20240521,140000,302.7,303.9,302.5,303.1,24733,0
20240521,150000,302.9,303,301.2,301.4,21134,0
20240521,160000,301.4,302.1,300.3,302,34144,0
20240521,170000,301.9,303.9,301.5,303.8,58166,0
20240521,180000,303.7,304.2,303,303,20310,0
20240521,190000,303.6,304,302.7,303.1,12879,0
20240521,200000,303.1,303.2,302.4,302.8,3763,0
20240521,210000,303,303,302.1,302.4,4069,0
20240521,220000,302.5,302.7,300.2,301.1,18972,0
20240521,230000,301.2,301.3,299.2,300.6,18741,0
20240522,100000,300.6,304.5,299,302.6,53948,0
20240522,110000,302.3,303.4,302,302.6,16467,0
20240522,120000,302.6,302.6,301.6,302,5114,0
20240522,130000,301.8,303.1,301.7,302.6,10691,0
20240522,140000,302.8,304.2,302.6,303,20709,0
20240522,150000,302.9,304,302.9,303.6,14333,0
20240522,160000,303.5,305,303.4,304.5,20167,0
20240522,170000,304.5,305.9,304.1,305.3,19238,0
20240522,180000,305.4,305.5,302.5,302.6,19637,0
20240522,190000,302.1,303,300.4,302.1,19111,0
20240522,200000,301.9,303,301.8,302.5,5208,0
20240522,210000,302.7,303,302.1,302.2,2303,0
20240522,220000,302.1,302.5,301.8,302,4874,0
20240522,230000,302.1,302.2,301.2,301.3,2104,0
20240523,100000,301.3,301.8,298.3,299.2,61518,0
20240523,110000,299.2,299.7,296.4,297.8,78390,0
20240523,120000,297.8,297.8,296.1,296.1,33881,0
20240523,130000,296.4,296.5,293.1,294.6,76529,0
20240523,140000,294.3,294.7,292.2,292.6,57959,0
20240523,150000,292.5,294.6,292.5,294.6,34177,0
20240523,160000,294.6,294.9,294,294.5,27178,0
20240523,170000,294.1,294.8,293.7,294.2,22863,0
20240523,180000,294.1,295,294.1,294.1,22657,0
20240523,190000,294.8,294.8,294,294.3,6886,0
20240523,200000,294.3,294.4,292.7,293.2,9808,0
20240523,210000,292.8,293.3,291.2,292.2,22492,0
20240523,220000,292.2,292.3,290.6,290.9,15672,0
20240523,230000,291.4,292.2,291,292.2,23784,0
20240524,100000,292.2,294.2,291.4,292.3,36771,0
20240524,110000,292.3,292.5,291.4,291.5,23701,0
20240524,120000,291.9,291.9,289.2,289.7,34702,0
20240524,130000,289.8,291.1,289,289.6,42469,0
20240524,140000,289.6,289.8,285,285.2,63019,0
20240524,150000,285.4,286.6,285,285.7,30229,0
20240524,160000,285.7,286.8,285.4,286,14432,0
20240524,170000,286,287.2,285.2,285.9,21288,0
20240524,180000,285.5,287.1,284.1,284.1,30181,0
20240524,190000,284.9,284.9,280.4,281.9,74315,0
20240524,200000,281.8,282.2,280.5,281.1,26391,0
20240524,210000,281.1,284.8,281.1,283.4,35909,0
20240524,220000,283.4,283.7,282,282.8,25929,0
20240524,230000,282.7,282.9,282,282.3,11694,0
20240527,100000,284,285.2,280,280.1,136264,0
20240527,110000,280.1,280.2,275.2,277,171553,0
20240527,120000,277,277.7,275,275.6,58733,0
20240527,130000,275.3,275.6,270.9,272,101055,0
20240527,140000,272.1,274,271.3,273.8,57267,0
20240527,150000,273.8,274.8,273.2,274.5,32639,0
20240527,160000,274.3,274.9,270.5,271.8,55992,0
20240527,170000,271.8,272.2,270,270.1,64858,0
20240527,180000,270.1,270.8,266,266,119581,0
20240527,190000,266.3,269.3,265,267,82905,0
20240527,200000,267.4,268.8,267.2,267.7,26808,0
20240527,210000,267.7,269,267,267.8,25407,0
20240527,220000,267.9,268,267.4,267.8,7136,0
20240527,230000,267.8,267.8,265.1,265.5,18409,0
20240528,100000,266.9,274,263.8,273.9,169785,0
20240528,110000,273.8,280.3,269.2,272,147233,0
20240528,120000,272.1,273.2,271.1,273,24779,0
20240528,130000,273,273.2,271.8,271.9,37416,0
20240528,140000,271.8,272.3,270.8,272.3,20083,0
20240528,150000,272.3,272.5,271.3,271.9,18613,0
20240528,160000,271.9,272.1,269.1,270.8,77386,0
20240528,170000,270.6,270.6,268.4,268.5,21246,0
20240528,180000,268.5,270.2,268.2,268.7,9803,0
20240528,190000,268.7,269.1,266.9,267.3,13047,0
20240528,200000,267.3,269,267.3,269,6233,0
20240528,210000,268.8,269,268.2,268.4,2432,0
20240528,220000,268.4,272.8,268.4,271.7,85874,0
20240528,230000,271.7,272.6,270.8,270.9,14312,0
20240529,100000,270.8,272.7,268.4,272.2,77366,0
20240529,110000,272.1,275,271.6,274.4,76638,0
20240529,120000,274.8,274.9,270,270.1,74406,0
20240529,130000,270,270.1,268.7,269.1,53307,0
20240529,140000,269.3,270,268,268.1,22901,0
20240529,150000,268.2,268.5,265.5,265.7,71545,0
20240529,160000,265.5,266.5,265,266,52331,0
20240529,170000,266.2,266.5,265,266.2,22332,0
20240529,180000,266.1,267.7,266,267.4,20851,0
20240529,190000,267.4,268.3,266.6,267,33480,0
20240529,200000,266.7,267.6,266.3,267.3,12321,0
20240529,210000,267.4,269.6,267,269.3,38242,0
20240529,220000,269.3,270.1,266.6,267.1,36348,0
20240529,230000,267.1,268.4,266.3,267.8,28023,0
20240530,100000,267.8,270,266.5,269.5,102183,0
20240530,110000,269.4,269.4,266.9,266.9,57476,0
20240530,120000,266.9,267.6,266.6,266.7,25783,0
20240530,130000,266.8,267.4,266.5,267.3,25659,0
20240530,140000,267.3,267.5,266.2,266.5,19143,0
20240530,150000,266.7,269,266.4,267.6,64632,0
20240530,160000,267.9,268,266.7,266.9,12407,0
20240530,170000,267.2,267.8,266.7,267,7355,0
20240530,180000,267.1,267.6,265.9,265.9,19309,0
20240530,190000,265.5,266.7,265.1,265.4,36827,0
20240530,200000,265.3,265.4,260,261.7,88481,0
20240530,210000,261.6,261.7,248.4,251.8,177298,0
20240530,220000,251.9,254.9,250.5,250.7,133283,0
20240530,230000,250.7,254.1,249,253.6,110333,0
20240531,100000,254.1,257.8,250,250.8,185871,0
20240531,110000,250.5,256,250,255,106195,0
20240531,120000,255.1,256.9,254,256.8,44968,0
20240531,130000,256.8,259.9,255.8,257,92510,0
20240531,140000,257,258.8,255.7,257.3,46380,0
20240531,150000,257.3,257.5,254.6,255.5,28210,0
20240531,160000,255.5,255.7,254,254,24119,0
20240531,170000,254,255.8,253.2,254.5,41142,0
20240531,180000,254.1,254.3,251.7,252.7,47984,0
20240531,190000,252.7,253.7,250.1,250.9,23991,0
20240531,200000,250.5,251.6,250,250.7,25378,0
20240531,210000,250.7,250.9,244.2,245.3,95519,0
20240531,220000,245.3,247.4,240,246.1,161209,0
20240531,230000,246.4,247.3,245,246.9,23732,0
20240603,100000,247.9,253,247.7,251.2,168781,0
20240603,110000,251.3,253.5,250.4,251.6,45586,0
20240603,120000,251.6,261.6,250.2,257,153559,0
20240603,130000,256.8,266.9,251.6,254.6,410479,0
20240603,140000,254.1,262.8,254.1,257.1,214197,0
20240603,150000,256.8,257.6,250.8,253,157817,0
20240603,160000,253,257.8,251.5,253.9,154991,0
20240603,170000,253.8,253.8,250.2,252.9,66089,0
20240603,180000,252.9,254,251,254,50703,0
20240603,190000,254.1,255.7,253,254.4,15004,0
20240603,200000,254.4,255.8,253.7,255.7,25744,0
20240603,210000,255.7,257.9,253.9,254.2,58947,0
20240603,220000,254.3,258.9,253.8,257.9,100830,0
20240603,230000,257.9,259.8,256.9,259.7,34255,0
20240604,100000,259.9,263,255.6,257.8,210744,0
20240604,110000,257.6,258.1,254.1,255.2,49777,0
20240604,120000,255.2,258.7,254.9,256.7,26083,0
20240604,130000,256.6,258.9,256,256.3,33728,0
20240604,140000,256.3,257,254.8,254.9,53851,0
20240604,150000,255.3,255.9,249.5,251.5,188356,0
20240604,160000,251.5,253,251,252.4,89026,0
20240604,170000,252.4,253,251.1,252,41522,0
20240604,180000,251.9,253,251.5,253,79439,0
20240604,190000,253,255,252.3,253.4,44180,0
20240604,200000,253.3,255.8,252.3,255.3,34794,0
20240604,210000,255,255.7,254.4,254.8,15874,0
20240604,220000,254.7,255.8,253.3,253.7,26230,0
20240604,230000,253.7,254,253.2,253.9,26146,0
20240605,100000,253.9,259.2,251.7,255.2,302911,0
20240605,110000,255.3,259.5,255.2,257.6,235676,0
20240605,120000,257.8,259,256.9,258.1,76722,0
20240605,130000,258.1,259.3,257.5,258.7,52658,0
20240605,140000,258.6,258.8,257,258,54364,0
20240605,150000,258,258,255.5,256.4,82046,0
20240605,160000,256.3,257.5,256,256.5,23490,0
20240605,170000,256.5,257.9,255.9,256.4,35152,0
20240605,180000,256.3,256.5,255.6,256.2,21342,0
20240605,190000,256,257.7,256,256.5,14109,0
20240605,200000,256.5,256.7,255.6,255.8,10171,0
20240605,210000,255.8,256.2,255.5,255.6,11926,0
20240605,220000,255.8,255.8,255,255.4,22705,0
20240605,230000,255.4,255.6,255,255.1,4978,0
20240606,100000,256.4,259,255.8,258.8,85286,0
20240606,110000,258.6,258.6,257.6,257.6,28964,0
20240606,120000,257.8,260.8,257.5,258.4,112484,0
20240606,130000,258.6,260.8,257,257.3,87115,0
20240606,140000,257.3,257.6,256.5,256.6,31938,0
20240606,150000,256.5,257.5,256.5,257.5,19846,0
20240606,160000,257.5,257.9,256.6,256.8,25401,0
20240606,170000,256.8,257.5,256.6,257,20378,0
20240606,180000,257,257.5,257,257,12029,0
20240606,190000,257.3,258,257,257.6,9423,0
20240606,200000,257.5,258.2,257.4,257.8,20393,0
20240606,210000,258.2,258.8,257.6,257.6,12234,0
20240606,220000,257.9,258,257.5,257.9,4361,0
20240606,230000,257.9,258.2,257.3,258,27450,0
20240607,100000,259.1,261.9,256.8,257.8,109815,0
20240607,110000,257.8,258.9,257.5,258.4,17796,0
20240607,120000,258.5,259,258,258.5,24987,0
20240607,130000,258.5,260.5,258.2,259.3,82038,0
20240607,140000,259.3,259.7,258.3,258.9,43520,0
20240607,150000,258.9,259.1,258.3,258.8,48092,0
20240607,160000,258.4,259.4,258.4,259.1,14499,0
20240607,170000,259.4,259.7,258.8,259.2,18386,0
20240607,180000,259.2,259.7,258.9,258.9,15773,0
20240607,190000,258.9,259.5,257.5,258.1,31377,0
20240607,200000,257.9,259,257.5,258.1,27297,0
20240607,210000,258.5,258.7,257.8,258.1,11140,0
20240607,220000,258.1,258.4,257.7,257.7,9054,0
20240607,230000,257.9,258,256.3,257,14808,0
20240610,100000,258.3,262.3,257.7,260.5,88229,0
20240610,110000,260.5,262,259.1,260.3,49165,0
20240610,120000,260.2,261,259.7,259.7,15923,0
20240610,130000,259.8,264.7,259.7,264.1,93673,0
20240610,140000,263.9,264.4,261.7,262,53536,0
20240610,150000,262,263.3,261.5,262,26653,0
20240610,160000,262.2,265.3,262,265.2,58853,0
20240610,170000,265.2,276.9,265.2,270.9,332026,0
20240610,180000,270.9,271.4,262.8,265.9,90515,0
20240610,190000,268.7,270.5,265.9,269.1,67136,0
20240610,200000,269,269.8,267,267.1,48794,0
20240610,210000,267.1,267.9,267,267.3,14418,0
20240610,220000,267.3,269.2,267.3,268.8,23568,0
20240610,230000,268.7,273.2,268.5,269.9,68265,0
20240611,100000,270.2,274.9,267.3,271.3,198581,0
20240611,110000,271.1,272.7,269.1,269.2,51054,0
20240611,120000,269.2,269.7,268,268.3,41140,0
20240611,130000,268.3,269,267,267.2,70298,0
20240611,140000,267.2,267.3,251.3,254.5,387680,0
20240611,150000,254.2,260.3,251.9,257.7,331512,0
20240611,160000,257.9,258.4,255.7,257,53585,0
20240611,170000,257.2,260,257,258.9,44004,0
20240611,180000,258.8,260.4,256.2,259.3,76866,0
20240611,190000,259.3,260.9,258.2,259.6,25632,0
20240611,200000,259.5,259.6,257.4,258.9,38935,0
20240611,210000,258.7,259,257.6,259,29746,0
20240611,220000,258.9,259.3,258.3,259.3,12479,0
20240611,230000,259,260.4,258.9,260,11698,0
20240613,100000,256.6,260.5,250.8,260.2,162832,0
20240613,110000,260.1,267.3,258.9,266.2,141078,0
20240613,120000,266.1,266.2,263.5,264.4,56220,0
20240613,130000,264.6,264.7,261,263,58409,0
20240613,140000,263,265.9,261.5,262.8,83317,0
20240613,150000,262.8,266,262.2,265,45849,0
20240613,160000,265.2,265.9,264,265.4,48101,0
20240613,170000,265.4,268.4,264.1,268.1,62086,0
20240613,180000,268.1,269.9,266.5,267.5,40479,0
20240613,190000,267.5,267.7,266.1,266.1,9715,0
20240613,200000,266.2,266.4,265.5,265.6,4098,0
20240613,210000,265.6,265.9,262.7,264.3,21383,0
20240613,220000,264.3,265,261.9,263,29454,0
20240613,230000,263,263,259.9,260.9,39068,0
20240614,100000,260.9,264.5,260.5,261.8,62660,0
20240614,110000,261.9,263.8,261.5,263.1,19549,0
20240614,120000,263,263.9,262.8,263.8,9609,0
20240614,130000,263.9,265.5,263.8,265.2,19561,0
20240614,140000,265.2,266,264.6,265.3,19455,0
20240614,150000,265.4,265.7,262.2,263.6,32696,0
20240614,160000,263.4,264.6,261.9,262,28862,0
20240614,170000,262,262,260,260.3,61014,0
20240614,180000,260.5,261.5,260,260,38735,0
20240614,190000,260.3,261.4,260.3,260.4,10096,0
20240614,200000,260.5,260.7,260,260.3,14399,0
20240614,210000,260.2,260.5,260.2,260.5,1423,0
20240614,220000,260.5,260.7,260,260,9204,0
20240614,230000,260.2,260.7,260.1,260.2,7756,0
20240617,100000,263.7,264.1,260.9,262.1,73919,0
20240617,110000,262,262.2,259.5,260.2,29447,0
20240617,120000,260.5,261.7,259.4,260.7,23083,0
20240617,130000,260.7,262.9,260.7,262,19179,0
20240617,140000,261.9,262.4,260.9,261.4,12396,0
20240617,150000,261,261.8,260.8,260.9,5113,0
20240617,160000,260.8,260.8,259.1,260.3,19735,0
20240617,170000,260.2,260.3,259,259.6,15452,0
20240617,180000,259.5,260.1,258.8,259,14108,0
20240617,190000,259,259.7,257.7,258.1,15523,0
20240617,200000,258.1,258.1,257.3,258.1,4044,0
20240617,210000,258,259.2,257.7,258.3,5572,0
20240617,220000,258.3,258.8,257.5,258.2,12654,0
20240617,230000,258.2,258.4,257,257.4,8418,0
20240618,100000,257.4,258,253.3,256.1,78576,0
20240618,110000,256,256,253.2,254.5,53414,0
20240618,120000,254.6,256.2,253.1,256.1,38844,0
20240618,130000,256,258.5,255.8,257.1,44732,0
20240618,140000,256.6,259.7,255.2,255.7,26651,0
20240618,150000,255.7,259,254.8,259,33685,0
20240618,160000,259,259.3,256.8,257.9,29612,0
20240618,170000,258.1,260.2,257.8,259.2,34491,0
20240618,180000,259.2,260,257.7,258.5,26400,0
20240618,190000,257.8,259.7,255.4,256.6,26641,0
20240618,200000,256.9,258,256.5,256.6,5487,0
20240618,210000,256.6,256.7,255.9,256.3,6438,0
20240618,220000,256.3,256.3,255.2,255.7,5653,0
20240618,230000,255.7,255.8,255.1,255.4,2492,0
20240619,100000,256.6,256.6,252.3,253,33064,0
20240619,110000,253,254.1,252.1,252.5,29540,0
20240619,120000,252.7,253,250.7,250.9,31486,0
20240619,130000,250.9,251.3,247.5,247.9,41098,0
20240619,140000,248,249.6,247.6,249,31014,0
20240619,150000,249,249.3,247.2,249.2,23161,0
20240619,160000,248.8,249.2,247,247.9,24772,0
20240619,170000,248.3,248.3,243.1,244.6,50781,0
20240619,180000,244.6,247.4,244.5,245,32360,0
20240619,190000,245.2,247.3,245.1,247,10729,0
20240619,200000,247.2,247.2,245.4,246.6,7210,0
20240619,210000,246.6,248.6,246.4,248,13317,0
20240619,220000,247.8,247.8,246.9,247.1,3465,0
20240619,230000,247.1,248,246.9,247.1,9772,0
20240620,100000,245,255.5,244.7,250.9,60578,0
20240620,110000,250.9,251.3,249.6,250.1,19576,0
20240620,120000,250.2,250.8,248.6,249.1,34333,0
20240620,130000,249.1,249.6,247.4,249.1,21346,0
20240620,140000,249,249.9,244.2,245.8,32522,0
20240620,150000,245.9,250,245.8,249.1,34385,0
20240620,160000,249.1,250.1,248.4,249.6,15383,0
20240620,170000,249.8,250,247.3,250,24234,0
20240620,180000,250,252.5,248.4,251.6,34620,0
20240620,190000,251.8,252.9,247.6,249.5,63462,0
20240620,200000,249.8,251.6,249.8,250.6,11671,0
20240620,210000,250.6,250.8,249.7,249.7,19618,0
20240620,220000,249.7,250.2,248,248.2,19160,0
20240620,230000,248.7,252.6,248.7,249.1,33966,0
20240621,100000,249.6,253.9,248.4,250.6,58723,0
20240621,110000,250.7,251.7,248.8,250.5,40862,0
20240621,120000,250.8,251,249.2,249.3,11567,0
20240621,130000,249.3,251.3,248.6,251,25329,0
20240621,140000,251,255.1,250.1,253.6,102374,0
20240621,150000,253.6,256.4,252.2,253.3,66062,0
20240621,160000,253.3,254.3,250.3,252.1,46233,0
20240621,170000,252.1,252.3,249.3,250.3,23697,0
20240621,180000,250.3,251.8,250,251.3,14390,0
20240621,190000,251.3,251.8,250.4,251.2,5212,0
20240621,200000,251,251.3,249.5,249.8,17810,0
20240621,210000,249.7,250.8,249.7,250.8,3270,0
20240621,220000,250.5,250.9,250.2,250.9,2052,0
20240621,230000,250.8,251.3,250,250.1,5437,0
20240624,100000,251.3,255.3,250.1,255,56842,0
20240624,110000,254.9,255.7,251.2,252.1,21434,0
20240624,120000,252.1,252.6,249.6,250.5,37662,0
20240624,130000,250.2,251.8,250.2,251.7,14488,0
20240624,140000,251.6,252.7,251.2,252,8943,0
20240624,150000,252,252.3,250.2,250.3,8593,0
20240624,160000,250.2,251.1,250.2,251,2875,0
20240624,170000,250.9,251.4,250.3,250.5,5870,0
20240624,180000,250.4,250.7,249.7,249.7,14395,0
20240624,190000,250,250.9,249.7,250.5,3142,0
20240624,200000,250.9,250.9,249,249,17016,0
20240624,210000,249,251.2,248.6,250.7,16126,0
20240624,220000,250.7,251.4,250.1,250.2,6104,0
20240624,230000,250.8,252.5,250.1,251.5,11901,0
20240625,100000,182.9,236.7,182.8,231.1,5328564,0
20240625,110000,231,231.1,220,223,1133749,0
20240625,120000,223,224.2,217.5,220,762442,0
20240625,130000,220,222.2,218,219.9,806083,0
20240625,140000,219.9,220.9,218.7,220,282611,0
20240625,150000,220,221.7,219.1,220,220901,0
20240625,160000,220.1,221.4,217.1,220,541429,0
20240625,170000,219.8,221.5,219.2,220,212356,0
20240625,180000,219.9,220.3,219.6,220,133067,0
20240625,190000,219.9,220.1,218.1,219.2,74083,0
20240625,200000,219.2,219.6,217.7,218.3,114771,0
20240625,210000,218.3,218.5,214.5,215.1,161984,0
20240625,220000,215.1,215.1,212.2,213.6,131486,0
20240625,230000,213.6,214.5,211.3,211.3,89928,0
20240626,100000,211.3,218.5,211.3,216,739577,0
20240626,110000,215.7,216.2,213.9,214.4,187906,0
20240626,120000,214.4,215.3,213.4,215.1,180736,0
20240626,130000,215.1,217,215,215.2,150252,0
20240626,140000,215.3,215.3,214.6,215,55961,0
20240626,150000,214.8,215.1,214.3,214.6,42236,0
20240626,160000,214.5,215.2,214.4,215,60516,0
20240626,170000,214.8,215.1,214.4,215,31535,0
20240626,180000,214.9,215.3,214.5,215.3,39702,0
20240626,190000,214.6,215.3,214.2,215,27711,0
20240626,200000,215,215.4,215,215.1,27102,0
20240626,210000,215.2,215.6,215,215,64173,0
20240626,220000,215,215.1,214.4,214.7,30201,0
20240626,230000,214.7,214.9,212.1,214.6,52873,0
20240627,100000,214.8,214.9,210.2,211.4,159368,0
20240627,110000,211.4,215.4,211.1,215.1,305255,0
20240627,120000,215,216,214.5,215,78485,0
20240627,130000,215,216.9,215,216,53102,0
20240627,140000,215.9,217,215.2,215.2,64348,0
20240627,150000,215.2,217.1,215,216.6,57192,0
20240627,160000,216.6,219,216.6,217.8,137174,0
20240627,170000,218,218.3,217.2,217.7,23488,0
20240627,180000,217.7,218,216.5,216.5,23856,0
20240627,190000,216.7,217.8,216.5,216.8,12377,0
20240627,200000,216.8,217.5,216.6,216.7,12646,0
20240627,210000,216.7,217.6,216.5,217.4,11703,0
20240627,220000,217.4,217.5,216.8,217,9167,0
20240627,230000,216.8,217,216.5,216.5,12011,0
20240628,100000,215.9,216.8,214,215,52973,0
20240628,110000,215.2,215.2,214.7,215.1,58139,0
20240628,120000,215.1,216.1,215.1,215.5,36826,0
20240628,130000,215.5,215.7,215.1,215.3,21808,0
20240628,140000,215.3,215.5,215.1,215.2,23091,0
20240628,150000,215.2,215.4,215,215.2,99287,0
20240628,160000,215.1,215.4,215,215.3,41733,0
20240628,170000,215.3,215.6,215.2,215.2,44496,0
20240628,180000,215.3,216.3,215.1,215.3,19769,0
20240628,190000,215.2,215.8,215.2,215.3,5486,0
20240628,200000,215.3,215.5,215.2,215.4,7452,0
20240628,210000,215.3,215.4,215.2,215.4,10069,0
20240628,220000,215.4,216.1,215.2,215.7,11129,0
20240628,230000,215.7,215.9,215.3,215.5,5410,0
20240701,100000,215.4,215.5,212.1,213.4,140019,0
20240701,110000,213.7,214.8,212.9,214.6,46759,0
20240701,120000,214.6,215.4,214.4,215,51330,0
20240701,130000,215,215.6,214.7,215.1,24783,0
20240701,140000,215.1,215.5,214.9,215,26649,0
20240701,150000,215,215.3,214.6,215,22075,0
20240701,160000,215,215.4,214.7,215.2,26139,0
20240701,170000,215.2,215.3,214.9,215,14077,0
20240701,180000,215.1,215.3,214.9,215.3,8286,0
20240701,190000,215,215.2,214.9,215,8335,0
20240701,200000,215,215.1,214.3,214.9,18679,0
20240701,210000,215,215.1,214.5,215.1,9899,0
20240701,220000,215,215.2,214.9,215,7320,0
20240701,230000,215,215.5,214.9,215.5,16565,0
20240702,100000,215,215.4,212.8,215,96716,0
20240702,110000,214.9,215.1,214.3,214.4,64079,0
20240702,120000,214.4,214.5,213.5,213.9,17977,0
20240702,130000,213.9,214,213,213.4,35984,0
20240702,140000,213.4,213.8,211.3,211.9,71004,0
20240702,150000,211.6,212,210.7,210.7,85590,0
20240702,160000,210.7,211.1,207.7,208.2,147325,0
20240702,170000,208.2,209,206.1,206.6,92335,0
20240702,180000,206.6,206.8,205,205.9,101177,0
20240702,190000,205.3,206.2,203.8,205.3,90749,0
20240702,200000,205.3,206.1,204,204.5,65661,0
20240702,210000,204.5,204.9,203.2,203.4,47002,0
20240702,220000,203.4,204,203.3,203.4,21902,0
20240702,230000,203.4,204,203,204,35251,0
20240703,100000,203.7,204,199.1,201.6,409759,0
20240703,110000,201.6,202.3,201.2,202.2,97936,0
20240703,120000,202.2,205.8,201.8,205,166756,0
20240703,130000,205,205.1,203.7,205,92902,0
20240703,140000,205,210.5,204.9,209.9,155364,0
20240703,150000,209.9,210.7,208.7,209.5,88362,0
20240703,160000,209.3,209.7,208.2,209.7,91108,0
20240703,170000,209.7,210.4,209.2,209.8,76467,0
20240703,180000,209.8,210.5,209.4,209.8,30067,0
20240703,190000,209.3,209.8,207,207.4,35637,0
20240703,200000,207.3,208.1,207.1,207.2,9842,0
20240703,210000,207.2,207.6,205.6,205.6,38439,0
20240703,220000,205.6,205.9,205.1,205.3,9023,0
20240703,230000,205.1,205.3,204.3,204.9,8952,0
20240704,100000,204.3,205.4,203.2,205,62307,0
20240704,110000,205,206.8,205,206.4,21761,0
20240704,120000,206.4,206.7,204,205,55075,0
20240704,130000,205,205.2,203.5,204.2,41302,0
20240704,140000,204.2,206.3,204.2,205.2,51182,0
20240704,150000,205.3,205.4,203.6,204.5,52834,0
20240704,160000,204.5,204.7,203.2,203.5,29112,0
20240704,170000,203.6,204.5,203.2,204.1,31474,0
20240704,180000,204.1,204.4,203.4,203.5,22009,0
20240704,190000,203.4,204.1,203,203.4,18723,0
20240704,200000,203.3,205.5,203,204.9,39125,0
20240704,210000,204.5,205,203.6,203.6,4595,0
20240704,220000,203.6,204.3,203.4,203.7,4741,0
20240704,230000,203.5,203.7,203,203.4,11935,0
20240705,100000,203.8,204.9,201,201.1,89087,0
20240705,110000,201.1,201.1,198.4,199.3,98618,0
20240705,120000,199.4,202.5,199.4,202.2,67635,0
20240705,130000,202.2,203.5,202.1,202.5,37816,0
20240705,140000,202.3,202.9,201.3,202.6,49017,0
20240705,150000,202.6,202.7,200.3,201.6,41259,0
20240705,160000,201.5,202.5,201.5,201.8,22083,0
20240705,170000,201.7,202.2,200.4,201.2,20700,0
20240705,180000,201.2,201.7,200.5,200.5,17196,0
20240705,190000,200.5,201.4,200.5,201.2,11916,0
20240705,200000,201.2,201.6,200.8,201.3,6613,0
20240705,210000,201.3,201.5,200.8,201.3,12854,0
20240705,220000,200.9,201.6,200.8,201.4,14466,0
20240705,230000,201.2,201.3,200.8,201.3,6010,0
20240708,100000,198.1,200.6,197,199.9,119899,0
20240708,110000,199.9,201,199.4,200,56143,0
20240708,120000,199.7,201,199,200,72830,0
20240708,130000,199.7,201.3,198.4,201.2,109316,0
20240708,140000,200.6,202,200.4,201.4,71141,0
20240708,150000,201.3,201.9,200.8,201.3,13949,0
20240708,160000,201.3,208,200.5,205.5,117700,0
20240708,170000,205.5,207,204.5,205.1,50832,0
20240708,180000,205.1,205.3,204.3,205,36304,0
20240708,190000,205,205.6,204.9,205,9344,0
20240708,200000,205.1,205.1,204.8,205,5145,0
20240708,210000,205,205,204.5,204.9,9502,0
20240708,220000,204.5,204.9,204.4,204.8,3038,0
20240708,230000,204.6,204.9,204.3,204.9,14129,0
20240709,100000,204.3,204.9,201.7,202,33951,0
20240709,110000,202,202.5,200,201.1,82015,0
20240709,120000,201,201.5,200,201.5,69499,0
20240709,130000,201.5,202.7,201,201.3,59626,0
20240709,140000,201.1,202.5,201,201.2,44950,0
20240709,150000,201.1,201.7,199.9,200.3,60046,0
20240709,160000,200.4,201.8,200.1,201.2,40461,0
20240709,170000,200.9,201.6,200,201.3,45196,0
20240709,180000,201.3,201.6,199.9,200.1,54390,0
20240709,190000,200,201.5,200,200.2,39664,0
20240709,200000,200.2,200.4,200,200.2,8249,0
20240709,210000,200.1,200.4,199.7,199.8,10824,0
20240709,220000,199.8,199.9,199.4,199.7,8817,0
20240709,230000,199.5,200,199.2,200,5696,0
20240710,100000,199.4,200.2,197,197.8,60843,0
20240710,110000,197.9,199.1,197,199,69513,0
20240710,120000,198.5,201.1,198.5,200.8,56253,0
20240710,130000,200.7,201.4,200.4,201.2,42396,0
20240710,140000,201.2,201.3,200.2,200.8,13735,0
20240710,150000,200.7,200.8,199.4,199.5,19333,0
20240710,160000,199.4,201.6,199.1,200.8,51374,0
20240710,170000,200.7,201.5,199.3,199.6,85746,0
20240710,180000,199.3,200.3,198,199.5,72942,0
20240710,190000,199.2,200.2,198.6,199.2,24444,0
20240710,200000,198.9,199.3,197.8,197.9,22351,0
20240710,210000,197.8,198.7,197,197.9,53055,0
20240710,220000,197.9,198.6,197.3,197.7,10893,0
20240710,230000,197.4,197.9,196.8,197.5,20324,0
20240711,100000,196.5,198.9,195.1,196.6,96185,0
20240711,110000,196.3,197.6,195.7,196.8,60012,0
20240711,120000,197.1,200.1,196.8,199.2,121058,0
20240711,130000,199.1,200,198.9,199.7,54027,0
20240711,140000,199.6,201.1,199.5,200.8,50014,0
20240711,150000,200.8,202.8,200.7,202.3,34573,0
20240711,160000,202.1,203.5,202.1,202.7,42596,0
20240711,170000,202.5,203,202,202.3,27404,0
20240711,180000,202.3,203.7,202.2,202.6,24011,0
20240711,190000,202.6,206.4,202.6,205.7,113295,0
20240711,200000,205.6,205.8,202.7,204.6,36247,0
20240711,210000,204.6,204.7,203.9,204.4,9775,0
20240711,220000,204.2,204.6,203.9,204.6,6672,0
20240711,230000,204.6,204.6,203.3,204,2408,0
20240712,100000,203,204.3,202.3,202.4,25429,0
20240712,110000,202.4,204.4,201.3,204.3,31614,0
20240712,120000,204.4,205.7,203.8,205.5,25352,0
20240712,130000,205.6,205.7,204.2,205.3,19746,0
20240712,140000,205,205.3,204.4,205,7398,0
20240712,150000,205,205.4,204.4,205,11766,0
20240712,160000,205,205.6,204.6,205.1,34628,0
20240712,170000,205.1,205.4,204.5,204.9,7252,0
20240712,180000,204.7,204.9,204.5,204.5,8123,0
20240712,190000,204.5,204.7,204.5,204.7,4067,0
20240712,200000,204.5,204.9,203.4,203.4,27763,0
20240712,210000,203.4,204.1,203.2,203.7,4036,0
20240712,220000,203.4,203.9,203.2,203.7,820,0
20240712,230000,203.6,203.8,203.2,203.6,1313,0
20240715,100000,203.9,205.8,203.4,203.6,54748,0
20240715,110000,203.9,205,203.4,204.8,30794,0
20240715,120000,205,208.8,203.8,208.6,52897,0
20240715,130000,208.3,209.3,207.7,208.6,33870,0
20240715,140000,208.5,212,208.5,211,164852,0
20240715,150000,211,211.4,209,209.7,43721,0
20240715,160000,209.6,209.7,207.2,207.4,16488,0
20240715,170000,207.2,208.8,205.6,208.3,51871,0
20240715,180000,208,210.4,207.6,209.2,37618,0
20240715,190000,209.2,209.7,208.4,208.9,16811,0
20240715,200000,208.6,210.1,208.2,210,25635,0
20240715,210000,209.7,211.3,209.4,211.2,23567,0
20240715,220000,211.2,211.3,210.1,210.3,2618,0
20240715,230000,210.3,210.7,210,210.7,5629,0
20240716,100000,209.6,210.9,207,208.1,32632,0
20240716,110000,208,209.5,206.8,208.2,40879,0
20240716,120000,207.7,209.4,207.6,208.1,25849,0
20240716,130000,208.1,208.5,207.3,207.6,14310,0
20240716,140000,207.6,208.3,206.4,207.8,15219,0
20240716,150000,208.3,208.9,207.1,207.1,44308,0
20240716,160000,207.2,208.5,207.2,208.2,12474,0
20240716,170000,208.2,209.9,207.6,209.9,12655,0
20240716,180000,209.8,211.2,209,211,31782,0
20240716,190000,211,211.3,209.9,210.1,18079,0
20240716,200000,210.1,211.5,210,211.4,21381,0
20240716,210000,211.5,211.6,210.4,211.4,18210,0
20240716,220000,211.4,211.5,210.8,210.8,9194,0
20240716,230000,211,211.3,210.8,211,6444,0
20240717,100000,210.9,211.5,205.3,210.1,55403,0
20240717,110000,210.4,211.1,208.5,208.7,17220,0
20240717,120000,208.9,209,207.6,208.6,19906,0
20240717,130000,208.4,208.6,207.6,207.6,10000,0
20240717,140000,207.7,208.1,207.2,207.8,25834,0
20240717,150000,207.8,208,207.2,207.2,6523,0
20240717,160000,207.3,208.4,206.9,208.1,17005,0
20240717,170000,208.5,208.5,207.6,207.8,7450,0
20240717,180000,207.8,209.8,206.6,209.8,26566,0
20240717,190000,208.9,209.5,208.3,208.3,11946,0
20240717,200000,208.3,208.3,206.6,207.1,23647,0
20240717,210000,207,207.4,206.7,206.9,2247,0
20240717,220000,206.9,207.5,206.7,207,6835,0
20240717,230000,207,208,206.8,208,16571,0
20240718,100000,208,210.7,207,208.8,43686,0
20240718,110000,208.8,208.9,206.2,207.2,67658,0
20240718,120000,207.2,207.2,205.5,206,45529,0
20240718,130000,206,206.2,205,205.3,30879,0
20240718,140000,205.3,205.5,204,204.6,30360,0
20240718,150000,204.7,204.8,203.4,203.7,23771,0
20240718,160000,203.7,207.8,203.4,207,67439,0
20240718,170000,207,208.8,206.3,207.3,97315,0
20240718,180000,207.4,208,206.9,207,8268,0
20240718,190000,207,210,207,208.5,123214,0
20240718,200000,208.5,208.9,208.2,208.6,6026,0
20240718,210000,208.6,208.8,208.2,208.3,5003,0
20240718,220000,208.5,208.7,208.3,208.6,5598,0
20240718,230000,208.7,209,208.6,208.7,1896,0
20240719,100000,208.7,208.7,207.1,207.3,52816,0
20240719,110000,207.3,207.4,206.5,206.8,28445,0
20240719,120000,206.8,207.4,206.8,207,10323,0
20240719,130000,207,207.7,207,207.1,22658,0
20240719,140000,207.1,207.4,205.9,206.6,47240,0
20240719,150000,206.9,206.9,206.1,206.2,8761,0
20240719,160000,206.1,206.4,205.8,205.8,11227,0
20240719,170000,205.8,208,205.7,207,33153,0
20240719,180000,207.2,207.4,206.5,207.4,15487,0
20240719,190000,206.6,207,206.1,206.1,6340,0
20240719,200000,206.1,206.5,206,206,2754,0
20240719,210000,205.9,206,205.8,205.8,572,0
20240719,220000,205.8,206,205.7,205.8,1433,0
20240719,230000,205.8,206.2,205.6,205.6,5265,0
20240722,100000,205,205.7,204,204.1,35925,0
20240722,110000,204.1,204.3,203.6,203.9,28368,0
20240722,120000,203.9,204.7,203.8,204.5,23027,0
20240722,130000,204.5,205.8,204.2,205.4,64925,0
20240722,140000,205,205.4,204.1,204.3,17717,0
20240722,150000,204.3,204.7,204,204,11097,0
20240722,160000,204,205,203.5,203.7,26216,0
20240722,170000,204,204,202,202.4,28528,0
20240722,180000,202.4,203.2,202,202.3,20161,0
20240722,190000,202.1,203.1,202.1,202.5,14351,0
20240722,200000,202.5,202.8,202.3,202.7,5288,0
20240722,210000,202.6,202.8,202.3,202.7,5575,0
20240722,220000,202.7,202.9,202.6,202.7,2280,0
20240722,230000,202.8,202.8,202.2,202.4,4053,0
20240723,100000,202.3,204.1,200.3,203.8,64447,0
20240723,110000,203.6,204,203,203.2,46080,0
20240723,120000,203.1,206.9,203,206.6,88372,0
20240723,130000,206.6,210,206,208.1,113092,0
20240723,140000,208.1,208.3,206.5,207.4,33805,0
20240723,150000,207.5,208.4,206,206.6,43227,0
20240723,160000,206.7,206.9,206.1,206.5,11022,0
20240723,170000,206.5,207.2,206.5,206.8,12913,0
20240723,180000,206.8,207.5,206.8,207.3,6762,0
20240723,190000,207,207.5,207,207.1,2856,0
20240723,200000,207.1,207.5,207,207.2,3679,0
20240723,210000,207,207.6,207,207.1,5694,0
20240723,220000,207.1,207.7,207.1,207.1,2778,0
20240723,230000,207.1,207.4,207,207,6254,0
20240724,100000,206.6,214.8,206.3,212.6,202560,0
20240724,110000,212.5,214,210.8,211.1,31537,0
20240724,120000,211.3,234,210.3,230.3,824845,0
20240724,130000,230.2,232,221.2,222.9,318382,0
20240724,140000,222.7,224.5,220,222,168974,0
20240724,150000,222,226,221.4,224.2,182292,0
20240724,160000,224.2,224.2,217.6,219.4,147845,0
20240724,170000,219.1,219.1,215,217.5,116205,0
20240724,180000,217.7,218.9,216.4,217.9,60917,0
20240724,190000,217,217.8,215,215,56048,0
20240724,200000,215.4,215.4,215,215.2,22429,0
20240724,210000,215.2,216.5,215,216.3,17493,0
20240724,220000,216.3,220,216,219.8,58215,0
20240724,230000,219.7,219.7,217.2,217.2,19598,0
20240725,100000,218,219.2,212.7,215.4,98073,0
20240725,110000,215.4,216.2,212.7,213.1,72571,0
20240725,120000,213,213.6,212.1,213,16872,0
20240725,130000,213.3,213.4,212,212.4,42367,0
20240725,140000,212.4,214.2,212,214.2,59932,0
20240725,150000,214.2,224.5,214,216.5,303208,0
20240725,160000,216.7,217.6,214.3,214.7,64941,0
20240725,170000,214.7,220.8,214.7,217.9,187756,0
20240725,180000,217.8,218.1,215.2,215.4,39630,0
20240725,190000,215.4,217,215.2,215.9,25660,0
20240725,200000,216.2,216.3,215.1,215.7,8911,0
20240725,210000,215.7,215.8,215.1,215.6,5691,0
20240725,220000,215.6,215.7,214.8,215,10981,0
20240725,230000,215,215.6,214.9,215.6,7231,0
20240726,100000,215.1,217.4,213,217.1,84304,0
20240726,110000,217,219.4,216.1,216.5,88395,0
20240726,120000,216.5,217.5,216.1,216.2,23446,0
20240726,130000,216.3,220.4,213.9,214.6,148035,0
20240726,140000,214.4,216.8,212,212.1,58539,0
20240726,150000,212,212.9,212,212.1,73869,0
20240726,160000,212.1,216.5,211.4,215.5,79964,0
20240726,170000,215.1,216,213.5,213.8,22247,0
20240726,180000,214.2,215.1,213.2,213.3,42306,0
20240726,190000,213.2,214.6,213.2,213.7,10032,0
20240726,200000,213.7,214.2,213,213,42015,0
20240726,210000,213.3,213.5,213,213.2,4469,0
20240726,220000,213,213.4,213,213.1,7970,0
20240726,230000,213.4,213.4,213,213.1,4691,0
20240729,100000,211.9,213.4,210.9,212.2,45119,0
20240729,110000,212.2,217.6,212,213.7,82311,0
20240729,120000,213.7,214.8,212.4,213.5,32661,0
20240729,130000,213.3,216.4,213.1,215.5,41871,0
20240729,140000,215.3,216,215,215.2,35444,0
20240729,150000,215,215.8,215,215.2,37529,0
20240729,160000,215.3,218.4,215,217.3,65804,0
20240729,170000,217,217,214,215.1,38916,0
20240729,180000,215.1,215.2,214,214,24408,0
20240729,190000,214,214.7,214,214,25177,0
20240729,200000,214.1,214.3,214,214.3,3513,0
20240729,210000,214.2,214.2,214,214,3911,0
20240729,220000,214,214.1,214,214,6736,0
20240729,230000,214,215,214,215,6132,0
20240730,100000,214,215.9,213.1,215.3,28081,0
20240730,110000,215.3,216.3,215,215.3,26794,0
20240730,120000,215.3,216.5,215,215.8,33369,0
20240730,130000,215.9,217,215.9,216.2,14732,0
20240730,140000,216.1,216.6,215,215.7,29231,0
20240730,150000,215.8,216.1,215,215.7,18451,0
20240730,160000,215.7,216.2,215,216,21854,0
20240730,170000,216,216.3,216,216,28978,0
20240730,180000,216,216.8,216,216.8,13107,0
20240730,190000,216,217.4,215.5,216.2,12905,0
20240730,200000,216.2,216.8,216.1,216.3,2830,0
20240730,210000,216.4,230.7,216.4,225.6,343288,0
20240730,220000,225.7,226.8,221.1,221.6,109825,0
20240730,230000,222,222,219,219,36861,0
20240731,100000,219.4,223.8,217.7,220.9,124319,0
20240731,110000,221.2,221.5,215.5,215.6,90174,0
20240731,120000,215.9,216.6,215.5,215.5,71150,0
20240731,130000,215.5,218.4,215.5,216.2,37929,0
20240731,140000,216.2,216.8,216.1,216.1,15028,0
20240731,150000,216.1,218,215.6,216.8,36926,0
20240731,160000,217.5,218.5,216.4,216.9,29870,0
20240731,170000,217,217.7,216.2,217.6,15212,0
20240731,180000,217.6,218.8,216.7,217.2,33116,0
20240731,190000,216.7,217.6,216.2,216.5,36928,0
20240731,200000,216.5,218.6,216.3,217.8,23780,0
20240731,210000,218,222.4,217.5,219.7,106014,0
20240731,220000,219.1,222.4,218.8,221.8,80011,0
20240731,230000,221.9,222,217.5,218.6,57490,0
20240801,100000,220.1,227.8,218.1,219.9,244094,0
20240801,110000,220.2,222,218.7,221.2,41987,0
20240801,120000,220.8,221.1,219.9,219.9,18935,0
20240801,130000,220,223.7,219.9,223.6,61022,0
20240801,140000,223.6,223.6,221.2,221.8,41763,0
20240801,150000,221.8,222,220,220.2,27469,0
20240801,160000,220.2,221.8,220,220.7,28866,0
20240801,170000,220.7,221.4,220.3,220.4,32644,0
20240801,180000,220.3,221.8,220.1,220.5,29389,0
20240801,190000,220.5,221.5,220.5,220.9,11173,0
20240801,200000,220.9,222,220.9,221.6,13129,0
20240801,210000,221.6,222.1,220.8,220.8,19875,0
20240801,220000,220.8,221,220.1,220.2,15811,0
20240801,230000,220.2,221.8,220.2,221,13908,0
20240802,100000,221,222.2,217,218.5,91294,0
20240802,110000,218.1,218.1,216.1,217.1,38359,0
20240802,120000,217.3,217.3,216.7,217.1,12863,0
20240802,130000,216.8,217.2,216,216.1,15273,0
20240802,140000,216.1,216.9,215.2,216.5,26132,0
20240802,150000,216.5,216.5,216.1,216.5,16428,0
20240802,160000,216.4,216.5,215.1,215.3,21627,0
20240802,170000,215.5,218.6,215,215.3,134713,0
20240802,180000,215.6,216.2,215,215,20030,0
20240802,190000,215,216.1,215,215.2,8103,0
20240802,200000,215.2,215.3,215,215,3389,0
20240802,210000,215,216.3,215,215.5,21313,0
20240802,220000,215.5,216.2,215.1,215.2,5814,0
20240802,230000,215.4,215.5,215,215,7010,0
20240805,100000,214.8,224.6,210.6,215.2,238242,0
20240805,110000,215.4,216.8,214,215.1,49811,0
20240805,120000,215.1,216,215,215.1,25922,0
20240805,130000,215.2,216,215,215.5,14085,0
20240805,140000,215.5,216,215,215,15577,0
20240805,150000,215,215.8,215,215.2,20916,0
20240805,160000,215.2,215.7,215,215,17737,0
20240805,170000,215,217.1,215,215.3,32041,0
20240805,180000,215.4,215.7,215.1,215.1,22527,0
20240805,190000,215.2,215.6,215.1,215.3,24462,0
20240805,200000,215.2,215.4,215.1,215.1,5751,0
20240805,210000,215.1,215.3,215.1,215.2,7912,0
20240805,220000,215.1,215.6,215.1,215.4,6065,0
20240805,230000,215.1,215.4,215.1,215.1,4105,0
20240806,100000,215.3,218.1,215.3,217.7,20045,0
20240806,110000,217.8,219.2,217.8,218.4,24167,0
20240806,120000,218.4,221,217.8,218.1,76205,0
20240806,130000,218.3,219.4,218.2,218.3,14334,0
20240806,140000,218.5,219.1,217.8,218,22893,0
20240806,150000,218,221,218,220.2,32437,0
20240806,160000,219.6,220.6,218.5,218.8,13554,0
20240806,170000,218.8,220.7,218.6,219.5,17874,0
20240806,180000,219.5,220.1,218.8,219.5,12923,0
20240806,190000,219.5,222.2,219.5,220,72255,0
20240806,200000,219.9,220.2,218.8,219.1,14088,0
20240806,210000,219.5,219.5,218.1,218.2,11896,0
20240806,220000,218.2,218.8,218.1,218.4,5122,0
20240806,230000,218.6,225,218.5,222.5,75299,0
20240807,100000,223,229,215.7,227.2,305986,0
20240807,110000,227.2,228.3,216,221.9,167377,0
20240807,120000,221.6,223,221.1,222.3,33228,0
20240807,130000,222.8,223.4,222,222.4,21828,0
20240807,140000,222.4,223.9,221.6,222.2,37579,0
20240807,150000,222.2,222.5,221.4,221.7,30236,0
20240807,160000,221.5,222.4,221.5,222.1,15977,0
20240807,170000,222.1,228,222.1,224.5,60547,0
20240807,180000,224.5,228.9,224.3,228.3,57103,0
20240807,190000,228.3,228.3,226.3,227.4,16471,0
20240807,200000,227.4,227.7,225.2,226.2,7225,0
20240807,210000,226.1,226.7,225.6,226.6,3445,0
20240807,220000,226.6,228.4,225.9,228.3,23270,0
20240807,230000,227.7,228.1,226.1,226.1,5304,0
20240808,100000,226.6,229.6,224.1,228,96456,0
20240808,110000,228,228,225.7,226.3,50173,0
20240808,120000,225.9,228,225.6,226.5,29327,0
20240808,130000,226.2,226.7,225.6,226.5,14957,0
20240808,140000,226.4,227.3,226.3,227.1,9506,0
20240808,150000,226.8,227.1,226.1,226.5,4775,0
20240808,160000,226.1,227,225.3,225.9,21991,0
20240808,170000,226.2,227.2,226,226.9,16319,0
20240808,180000,226.6,229.2,226.4,227.9,64595,0
20240808,190000,227.7,229.2,227.7,228.2,11065,0
20240808,200000,228.2,228.3,224.6,225,53321,0
20240808,210000,225.1,226,217.6,221.4,111778,0
20240808,220000,221.8,224,220.2,223.7,33908,0
20240808,230000,223.9,225,223,224.8,7684,0
20240809,100000,223.3,224.9,221.6,224.2,27070,0
20240809,110000,223.9,224.2,221.5,222.6,12824,0
20240809,120000,222.6,224.4,222.3,224.2,25815,0
20240809,130000,224.2,225.6,224.2,224.8,23205,0
20240809,140000,224.8,227.7,224.5,226.4,35257,0
20240809,150000,226.1,226.5,226,226,4974,0
20240809,160000,226,227,226,226.5,98124,0
20240809,170000,226.5,227.4,226,226.9,44616,0
20240809,180000,226.9,227.1,226.2,226.2,7256,0
20240809,190000,226.2,227,226,226,6848,0
20240809,200000,226.2,226.3,226,226,11748,0
20240809,210000,226,226.3,226,226.3,3024,0
20240809,220000,226.3,226.5,226,226.1,4375,0
20240809,230000,226.1,226.4,226,226.4,9944,0
20240812,100000,227,229.9,226.4,228,67498,0
20240812,110000,228,229,224.9,225.1,46542,0
20240812,120000,225.1,225.1,224.2,224.2,45677,0
20240812,130000,224.2,225,224.2,224.3,26467,0
20240812,140000,224.3,226.2,224.2,225.4,14661,0
20240812,150000,225.4,226.1,225.4,225.8,16237,0
20240812,160000,225.8,229.8,225,228.5,123844,0
20240812,170000,228.5,229.5,226.7,227.3,55698,0
20240812,180000,227.6,227.9,225.9,227.6,22007,0
20240812,190000,226.7,228.2,226.7,228.1,7307,0
20240812,200000,228.2,228.9,226.7,226.7,11319,0
20240812,210000,226.7,227.2,225,226.4,11566,0
20240812,220000,226.5,227,225.6,225.6,3711,0
20240812,230000,225.6,225.9,225,225.4,5528,0
20240813,100000,225.5,226.8,224.8,225.8,34794,0
20240813,110000,225.9,226.7,225.2,226.2,11333,0
20240813,120000,226.4,227.9,226.4,227.7,11707,0
20240813,130000,227.5,228.9,226.8,228.1,32706,0
20240813,140000,228.2,229.2,228,228.6,22428,0
20240813,150000,228.6,232,228.6,230,105011,0
20240813,160000,229.9,232,228.9,230.8,137402,0
20240813,170000,230.8,231.1,227.2,227.2,159345,0
20240813,180000,227.2,227.3,226.2,227.3,30291,0
20240813,190000,227.3,227.3,226.7,227.1,8017,0
20240813,200000,227.1,228.6,227.1,228.5,31182,0
20240813,210000,228.6,229,227.8,228.2,7446,0
20240813,220000,227.8,228.4,227.8,227.8,1062,0
20240813,230000,228,228.5,227.9,228.3,840,0
20240814,100000,227.9,228.8,225.4,227,49673,0
20240814,110000,227,228.4,226.9,226.9,20232,0
20240814,120000,226.9,227.8,226.9,227.1,5645,0
20240814,130000,227.2,231.1,226.1,228.6,93141,0
20240814,140000,228.3,229.3,226.3,226.7,36458,0
20240814,150000,227,228,226.6,227.2,5784,0
20240814,160000,227.2,227.9,227.2,227.3,1045,0
20240814,170000,227.3,227.8,225.1,226.7,35625,0
20240814,180000,226.8,227.2,225.6,225.6,13968,0
20240814,190000,225.6,228.2,225.6,228.2,14695,0
20240814,200000,228.2,228.2,227.1,227.1,3090,0
20240814,210000,227,227.4,226.6,226.7,1618,0
20240814,220000,226.7,227.7,226.3,226.5,14108,0
20240814,230000,226.5,227,226.5,226.6,1281,0
20240815,100000,226.6,227.1,225,225.7,13492,0
20240815,110000,225.5,231.1,223.6,228,112813,0
20240815,120000,228,229.7,226.3,227,36330,0
20240815,130000,227,227.9,225.8,226.3,14560,0
20240815,140000,226.3,230,225.7,229,51171,0
20240815,150000,228.9,231.7,228.1,231,91393,0
20240815,160000,231.1,236.4,227,228.1,327177,0
20240815,170000,228.1,231.3,227.5,229,34084,0
20240815,180000,229.5,232.4,228.8,229.8,21903,0
20240815,190000,231.5,232.9,230.2,230.8,39778,0
20240815,200000,230.5,231.2,229.6,230.2,23426,0
20240815,210000,230.3,230.8,229.8,229.9,12196,0
20240815,220000,230,230.5,229.3,229.3,9021,0
20240815,230000,229.4,230.4,229.1,229.6,4532,0
20240816,100000,229.4,229.8,227,228.1,38830,0
20240816,110000,228,228,226.8,227.1,17324,0
20240816,120000,227.1,228.8,227,227.3,12585,0
20240816,130000,227.3,228,227,227.2,30011,0
20240816,140000,227.2,228.5,227.2,228.5,7127,0
20240816,150000,228.4,229.5,228,229.2,21044,0
20240816,160000,229.5,230,228.2,228.3,17442,0
20240816,170000,228.1,228.8,228,228,3934,0
20240816,180000,228,228.8,228,228,2296,0
20240816,190000,228,228.5,227.6,228.1,9429,0
20240816,200000,228.1,228.1,227,227.4,23529,0
20240816,210000,227.4,228.1,227,227.2,19328,0
20240816,220000,227.2,227.9,227,227.1,8033,0
20240816,230000,227,227.6,227,227,9979,0
20240819,100000,227.1,229.3,226.1,227.5,37219,0
20240819,110000,227.5,230.5,227.4,228.9,34410,0
20240819,120000,228.9,230.8,228.5,229.2,29810,0
20240819,130000,229.1,231,228.9,229.6,19522,0
20240819,140000,229.6,231.4,229,230.5,29886,0
20240819,150000,230.5,234.7,230.3,231,136109,0
20240819,160000,231,231.8,230,230.1,44471,0
20240819,170000,230.1,231.2,230,230.3,23981,0
20240819,180000,230.3,231.2,230.2,230.3,11073,0
20240819,190000,230.2,231.3,230.2,230.9,6532,0
20240819,200000,230.5,231.1,227.6,228.3,86107,0
20240819,210000,228.3,229.6,228.2,229.2,5127,0
20240819,220000,229.5,229.9,229.2,229.4,6768,0
20240819,230000,229.5,230,229.4,230,1737,0
20240820,100000,230.5,231,227.5,228.4,30468,0
20240820,110000,228.1,228.3,227.8,228,14629,0
20240820,120000,227.9,230.6,227.7,228.7,18322,0
20240820,130000,228.7,229.3,228.1,229,5915,0
20240820,140000,228.6,230.3,228.5,229,19940,0
20240820,150000,229,229.7,228.3,228.4,6817,0
20240820,160000,228.4,228.8,228.3,228.4,6495,0
20240820,170000,228.3,228.6,228.3,228.3,4420,0
20240820,180000,228.3,228.7,228,228.4,15892,0
20240820,190000,228.5,228.8,228.1,228.8,7528,0
20240820,200000,228.7,228.8,228.6,228.8,3170,0
20240820,210000,228.7,228.9,228.6,228.6,5236,0
20240820,220000,228.6,228.9,228.6,228.8,7237,0
20240820,230000,228.8,229.2,228.8,228.8,2965,0
20240821,100000,228.6,231.8,228.5,231.2,44111,0
20240821,110000,231.3,231.3,230.3,231,24686,0
20240821,120000,231,231.1,230.2,230.3,22710,0
20240821,130000,230.3,232,230.3,230.8,35797,0
20240821,140000,231,231.1,230.2,230.2,30195,0
20240821,150000,230.3,231.2,230.1,230.6,11647,0
20240821,160000,230.4,231.4,230.3,231,20434,0
20240821,170000,230.9,231,230,230.5,38635,0
20240821,180000,230.5,232,230.5,230.6,40636,0
20240821,190000,230.5,231.3,230.3,230.8,9660,0
20240821,200000,230.8,231.4,230.8,231,780,0
20240821,210000,231.4,231.7,231,231.3,1663,0
20240821,220000,231.3,232.5,231.2,232.2,12550,0
20240821,230000,231.7,233.3,231.4,233.2,13411,0
20240822,100000,233.2,234.9,230.5,233.9,70313,0
20240822,110000,233.5,234,232.8,233.5,18042,0
20240822,120000,233.5,236,233.5,235.2,105842,0
20240822,130000,235,238.6,234.8,237.3,121418,0
20240822,140000,237.3,237.3,234.4,234.6,27754,0
20240822,150000,234.6,236.1,234.6,235,16029,0
20240822,160000,234.6,235.2,234.5,234.6,40700,0
20240822,170000,234.6,239.9,234.6,235,171878,0
20240822,180000,235.1,236.7,234,234.2,35246,0
20240822,190000,234.4,234.5,228.1,233,119089,0
20240822,200000,233,233,230.6,231.4,9648,0
20240822,210000,230.9,231,230.5,230.5,14705,0
20240822,220000,230.5,233.6,230.5,232.9,13310,0
20240822,230000,232.9,233.5,232.2,232.3,2144,0
20240823,100000,231.9,234.3,230.6,232.5,44328,0
20240823,110000,232.4,233.3,232.4,233.2,30595,0
20240823,120000,233.2,234.6,233.2,233.2,13638,0
20240823,130000,233.4,234.3,233.2,233.7,14264,0
20240823,140000,233.7,234.2,233.2,233.5,17488,0
20240823,150000,233.5,235.8,233.5,235.1,48154,0
20240823,160000,235.7,235.7,233.8,233.8,35014,0
20240823,170000,233.9,234.9,233.5,234.3,35196,0
20240823,180000,234.3,235,234,234.5,19824,0
20240823,190000,234.5,235.6,234.5,235.2,7511,0
20240823,200000,235.2,235.5,234.6,235,4409,0
20240823,210000,234.8,234.8,233,233.3,24399,0
20240823,220000,233.2,234.8,233,233,19278,0
20240823,230000,233,233.7,233,233,9687,0
20240826,100000,235.5,236.8,231,234,80901,0
20240826,110000,234,236.5,234,235.3,31309,0
20240826,120000,235.3,238,235.2,237.3,48034,0
20240826,130000,237.9,244.5,237.9,239.3,183903,0
20240826,140000,239.2,244,239,242.9,42859,0
20240826,150000,243,243.3,239.2,239.6,38755,0
20240826,160000,239.6,240.6,238.3,239,35796,0
20240826,170000,239,240,237.4,238,27849,0
20240826,180000,238,239.6,238,239.2,7741,0
20240826,190000,238.5,239.7,238.5,239.2,3843,0
20240826,200000,239.2,239.3,238.5,238.5,3769,0
20240826,210000,238.5,239,238,238,18818,0
20240826,220000,238,238.3,236.8,237.3,18065,0
20240826,230000,237.3,238,237.1,237.1,2473,0
20240827,100000,236.6,238.8,236.2,238.6,28460,0
20240827,110000,238.2,238.8,236.4,236.4,31035,0
20240827,120000,236.4,237.4,235.4,236.1,54830,0
20240827,130000,236,236.3,235.6,235.7,11825,0
20240827,140000,235.7,236.4,235.6,236.1,11610,0
20240827,150000,236.5,236.6,235.2,235.5,42027,0
20240827,160000,235.5,236,235.4,236,6797,0
20240827,170000,236,236.3,235.7,235.7,9975,0
20240827,180000,235.7,236.2,235.4,235.4,28160,0
20240827,190000,235.3,236.7,235.3,236.2,5923,0
20240827,200000,236.2,236.6,235.8,236.6,3556,0
20240827,210000,236.7,237.5,236,236.3,8472,0
20240827,220000,236.3,237.2,234.6,234.6,41326,0
20240827,230000,234.6,235.4,234,235,10753,0
20240828,100000,235.4,236.9,233.6,235.5,54057,0
20240828,110000,235.2,235.5,234.3,234.5,37434,0
20240828,120000,234.5,235.3,234.1,235.2,14568,0
20240828,130000,235.1,235.3,230.9,233,139058,0
20240828,140000,232.8,233.2,229.3,231.6,123515,0
20240828,150000,231.6,233.7,230.5,231.8,39224,0
20240828,160000,231.8,233,231.7,231.8,11462,0
20240828,170000,231.8,232.3,230.8,231.5,15850,0
20240828,180000,231.5,232.3,230.5,232,12690,0
20240828,190000,232,232.7,232,232.1,3053,0
20240828,200000,232.1,232.4,232,232.4,2609,0
20240828,210000,232.4,232.9,232.4,232.9,1520,0
20240828,220000,232.7,232.7,232.1,232.1,2867,0
20240828,230000,232.1,232.9,232,232.4,3292,0
20240829,100000,230.2,239,230.2,236.5,104441,0
20240829,110000,236.5,238.8,233.8,234.2,25997,0
20240829,120000,234.5,235.6,234.2,235,15793,0
20240829,130000,235,237.5,235,236.8,16024,0
20240829,140000,236.8,237.4,236.1,236.4,11829,0
20240829,150000,236.5,238.4,236.5,237,38950,0
20240829,160000,237,239,236.8,237.9,37645,0
20240829,170000,237.9,239.3,237.3,238.3,12376,0
20240829,180000,238.2,238.5,238,238.5,8670,0
20240829,190000,238,238.7,237.6,238,8606,0
20240829,200000,238,238.6,237.9,238.1,13818,0
20240829,210000,238.1,238.4,237.3,237.8,21251,0
20240829,220000,237.8,238.1,237.1,237.1,16170,0
20240829,230000,237.2,237.5,236.6,236.6,66961,0
20240830,100000,236.4,240.3,235.7,238.7,67257,0
20240830,110000,238.9,244.8,238.7,242.1,140309,0
20240830,120000,242.1,242.9,241,241.8,65805,0
20240830,130000,242,242,238,238.3,40975,0
20240830,140000,238.3,238.7,237.6,237.6,59188,0
20240830,150000,237.6,238.9,237.5,237.8,54778,0
20240830,160000,237.8,239.5,237.6,239.3,77853,0
20240830,170000,239.1,239.4,238.5,238.5,16629,0
20240830,180000,238.5,239,237.8,238,43425,0
20240830,190000,237.7,239,237.5,237.5,42224,0
20240830,200000,238,238.4,237.5,238.1,5746,0
20240830,210000,238.5,238.5,237.3,237.6,9591,0
20240830,220000,237.6,237.7,237.6,237.6,1804,0
20240830,230000,237.6,238.4,237.5,238.3,25887,0
20240902,100000,238,239.1,237,237.5,29263,0
20240902,110000,237.5,238,237,237.1,39891,0
20240902,120000,237.1,239,236.5,237.1,85004,0
20240902,130000,237.1,237.9,237.1,237.5,12953,0
20240902,140000,237.5,237.7,237.2,237.5,13574,0
20240902,150000,237.5,238.4,237.3,238.4,25720,0
20240902,160000,238.1,238.6,237.7,237.7,16052,0
20240902,170000,237.7,238.7,237.6,238.1,22627,0
20240902,180000,238.1,238.1,237.8,237.8,15886,0
20240902,190000,237.7,238,237.7,238,15360,0
20240902,200000,238,238.5,237.8,238,12596,0
20240902,210000,238,238.1,237.9,237.9,8198,0
20240902,220000,238,238.5,237.9,238.4,15285,0
20240902,230000,238.4,238.4,238,238,2657,0
20240903,100000,236.6,238.1,235.6,237.8,33081,0
20240903,110000,237.8,238.1,237.7,237.8,38178,0
20240903,120000,237.9,238.1,237.7,237.9,14381,0
20240903,130000,237.8,238.6,237.8,237.8,75820,0
20240903,140000,237.8,238,237.6,237.6,32499,0
20240903,150000,237.8,238.1,237.6,237.8,17720,0
20240903,160000,237.8,238,237.6,237.8,35109,0
20240903,170000,237.6,238,237.1,237.1,148000,0
20240903,180000,237.1,237.2,236.8,236.8,75042,0
20240903,190000,236.8,236.8,236.2,236.3,13839,0
20240903,200000,236.5,236.8,236.3,236.6,8434,0
20240903,210000,236.6,236.7,236.6,236.6,7786,0
20240903,220000,236.6,236.9,236.6,236.6,5425,0
20240903,230000,236.6,236.9,236.6,236.6,9172,0
20240904,100000,236,236.4,235.7,235.8,53748,0
20240904,110000,235.8,236.7,235.8,236,62663,0
20240904,120000,236,236.2,236,236.1,14377,0
20240904,130000,236.1,236.1,236,236,16401,0
20240904,140000,236,236.2,236,236.1,21408,0
20240904,150000,236.1,237,236.1,236.2,21799,0
20240904,160000,236.2,236.5,235.9,236.3,60932,0
20240904,170000,236.3,236.5,236.3,236.4,26049,0
20240904,180000,236.4,237.2,236.4,237.2,21509,0
20240904,190000,236.6,236.8,236.4,236.4,9777,0
20240904,200000,236.4,236.7,236.4,236.4,7645,0
20240904,210000,236.4,236.5,236.4,236.4,8384,0
20240904,220000,236.4,236.5,236.4,236.4,4275,0
20240904,230000,236.4,236.9,236.4,236.9,4195,0
20240905,100000,235.6,236.3,232.2,235.5,65747,0
20240905,110000,235.5,238.4,235.1,236.7,89390,0
20240905,120000,236.7,238.5,236.2,238.2,25425,0
20240905,130000,238.4,240,238.2,239.1,63727,0
20240905,140000,239.2,240.6,239,240.5,34799,0
20240905,150000,240.5,240.6,239.8,240.3,32607,0
20240905,160000,240.3,241,240,240.7,24949,0
20240905,170000,240.7,241.1,240.5,240.5,26716,0
20240905,180000,240.5,241.2,240.4,241.2,23148,0
20240905,190000,241.5,242.3,241.2,241.5,20182,0
20240905,200000,241.4,241.5,241.4,241.4,11582,0
20240905,210000,241.4,241.5,241.4,241.4,5936,0
20240905,220000,241.4,241.6,241.4,241.5,7042,0
20240905,230000,241.5,241.6,241.1,241.1,8358,0
20240906,100000,240.7,245.1,239.2,244.5,101743,0
20240906,110000,244.5,244.8,243.3,243.4,33752,0
20240906,120000,243.4,244.2,243.3,243.8,13871,0
20240906,130000,243.8,244.8,243.8,244.1,23824,0
20240906,140000,244.1,245.3,244.1,245.2,56065,0
20240906,150000,245,248,245,245.5,71329,0
20240906,160000,245.6,245.6,244.5,245.5,34183,0
20240906,170000,245,245.5,244.1,244.1,11033,0
20240906,180000,244.1,244.5,244.1,244.1,25397,0
20240906,190000,244.1,244.5,244.1,244.1,10109,0
20240906,200000,244.2,244.4,244.1,244.1,2355,0
20240906,210000,244.1,244.3,244.1,244.2,927,0
20240906,220000,244.3,244.4,244.1,244.3,1570,0
20240906,230000,244.2,244.3,244.2,244.2,5389,0
20240909,100000,235.6,243.3,235,242.5,264940,0
20240909,110000,242.5,244,242.5,243.1,83862,0
20240909,120000,243.1,244.5,242.5,242.5,60575,0
20240909,130000,242.5,243.2,242.5,243,25099,0
20240909,140000,243,243.1,242.5,242.6,20959,0
20240909,150000,242.6,244.5,242.1,243,45703,0
20240909,160000,243.1,243.2,243,243.2,18443,0
20240909,170000,243,243.2,241.7,241.7,70531,0
20240909,180000,241.7,242.6,241.7,242.6,8002,0
20240909,190000,242.2,242.5,241.6,241.6,8633,0
20240909,200000,241.6,242.3,241.5,242,12511,0
20240909,210000,242.3,242.6,242,242.1,5726,0
20240909,220000,242.1,242.5,241.6,242.2,4414,0
20240909,230000,242,242.2,241.6,241.7,4350,0
20240910,100000,241.7,245.1,241.3,244.3,66324,0
20240910,110000,245,245.2,244,244.5,49715,0
20240910,120000,244.5,246,244.5,245.3,47946,0
20240910,130000,245.3,248.5,245.3,247.6,61930,0
20240910,140000,247.6,247.9,246.7,247.5,10261,0
20240910,150000,247.5,248.5,247.1,247.2,24257,0
20240910,160000,247.2,247.7,246.5,247.2,94462,0
20240910,170000,247.2,248.2,246,246.9,92553,0
20240910,180000,246.9,247.4,245.5,247.4,25327,0
20240910,190000,246.2,247.2,245,245.2,47009,0
20240910,200000,245.2,245.9,245.1,245.1,23006,0
20240910,210000,245.2,246.1,245,245.1,7949,0
20240910,220000,245.1,245.3,244.5,245,16086,0
20240910,230000,245,246.1,245,245.3,2585,0
20240911,100000,244.7,247.7,244,247.5,54082,0
20240911,110000,247.1,247.9,246.4,246.6,60761,0
20240911,120000,246.5,248.5,246.4,247.5,85344,0
20240911,130000,247.4,250.4,247.4,250,132949,0
20240911,140000,250,250.2,249.1,249.4,61952,0
20240911,150000,249.1,250.1,249.1,249.7,100333,0
20240911,160000,249.7,250.2,249.3,250,118643,0
20240911,170000,250,250.4,249.7,250,34284,0
20240911,180000,250,250.7,249.5,250.7,27309,0
20240911,190000,250,250.7,248.5,249.5,48710,0
20240911,200000,249.2,250.2,248.5,248.9,55429,0
20240911,210000,248.6,250,248.4,248.7,15505,0
20240911,220000,248.4,250.2,248.2,249.3,18693,0
20240911,230000,248.7,250.8,248.2,250.8,26148,0
20240912,100000,249.7,249.7,247.8,248.5,36592,0
20240912,110000,248.5,248.6,246.5,246.6,51462,0
20240912,120000,246.6,247.3,245.4,245.8,42231,0
20240912,130000,246,247.8,245.6,245.8,25006,0
20240912,140000,245.8,247,245.6,246.3,31492,0
20240912,150000,246.3,246.6,245.8,246,18471,0
20240912,160000,246,246.4,245.8,246,18553,0
20240912,170000,246,247,246,246.9,42843,0
20240912,180000,247,248,247,247.5,19831,0
20240912,190000,247.5,250.3,247.5,249.8,72805,0
20240912,200000,249.8,251,249,249,26455,0
20240912,210000,249.1,249.5,248.9,248.9,10644,0
20240912,220000,248.9,249,248.1,248.2,14217,0
20240912,230000,248.1,248.8,248.1,248.1,8549,0
20240913,100000,247.8,252.3,245.3,252,115317,0
20240913,110000,252,257,250,254.7,143344,0
20240913,120000,254.7,255.5,253.3,253.3,42695,0
20240913,130000,253.5,255,252.8,253.5,31329,0
20240913,140000,253.5,253.5,250.3,252.6,80853,0
20240913,150000,252.7,256,251,252.1,112745,0
20240913,160000,252.1,256,252.1,253.2,33822,0
20240913,170000,253.2,254,251,252.6,54835,0
20240913,180000,252.6,253.8,251.5,252.5,20791,0
20240913,190000,252.3,252.4,252,252,3037,0
20240913,200000,252,252.4,252,252,2101,0
20240913,210000,252.2,252.2,251.7,251.7,2951,0
20240913,220000,251.7,252.6,251.6,252.5,3368,0
20240913,230000,252.5,252.8,252,252,6092,0
20240916,100000,249.2,253.9,248,250.3,54058,0
20240916,110000,250.3,250.9,249,249.6,40870,0
20240916,120000,249.7,251.1,249,251.1,45625,0
20240916,130000,251.1,261,251.1,257,201909,0
20240916,140000,257,257.1,256.1,256.1,41311,0
20240916,150000,256.1,261,256.1,257.6,129744,0
20240916,160000,258,258.7,257,258,47846,0
20240916,170000,257.5,262.8,257.1,262.7,98670,0
20240916,180000,262.7,266,262,263.4,168855,0
20240916,190000,263.4,263.5,262.5,263.1,29157,0
20240916,200000,263.1,263.5,263,263,9729,0
20240916,210000,263,266.1,263,265.4,55596,0
20240916,220000,265.4,266,265,265,10248,0
20240916,230000,265,265.2,264.6,264.7,4658,0
20240917,100000,263.7,275.5,257.9,274,140590,0
20240917,110000,273.7,276,270.4,271.9,82497,0
20240917,120000,271.1,277,270.1,275,83908,0
20240917,130000,275,277.5,268.1,276.6,79567,0
20240917,140000,276.6,277.5,275,275.2,63717,0
20240917,150000,275.4,279.1,275,275.8,89166,0
20240917,160000,275.8,276.4,272,276,73788,0
20240917,170000,276,278.5,271.1,278,108544,0
20240917,180000,277.9,280.5,277,280,103162,0
20240917,190000,277.1,278.9,274.5,277.1,24354,0
20240917,200000,277.1,277.3,275.5,275.5,18576,0
20240917,210000,275.9,279.4,274.2,277.6,21696,0
20240917,220000,278.5,279.4,276.7,277,8963,0
20240917,230000,276.7,276.7,275.5,275.5,10756,0
20240918,100000,274.4,277.3,272.3,274,55149,0
20240918,110000,274,276.9,271.2,273.7,139650,0
20240918,120000,273.7,277.2,273.5,276,77711,0
20240918,130000,275.8,276.5,274.1,274.2,63098,0
20240918,140000,274.2,274.9,272.1,273,84080,0
20240918,150000,272.8,274.5,271.5,273.1,103562,0
20240918,160000,273.1,275,271.2,273.9,95120,0
20240918,170000,273.8,277.3,272.4,277.1,148835,0
20240918,180000,277.1,278,274,274,31482,0
20240918,190000,273.1,275.7,273.1,273.5,26955,0
20240918,200000,273.5,273.5,270.1,273.4,39791,0
20240918,210000,273.4,280,271.9,273.8,129035,0
20240918,220000,273.8,274.1,273.2,273.3,10712,0
20240918,230000,273.3,274,272.2,272.2,6001,0
20240919,100000,269.3,278.5,268.8,275.9,127456,0
20240919,110000,276,277.6,272.4,273.8,76020,0
20240919,120000,273.9,274,263.1,270.3,390843,0
20240919,130000,270.1,271,267,270.4,174843,0
20240919,140000,270.3,272.6,270,271.2,162660,0
20240919,150000,270.6,270.9,268,268.1,97194,0
20240919,160000,268.1,271.5,268.1,268.7,151812,0
20240919,170000,268.7,269.4,266.1,266.5,151845,0
20240919,180000,266.6,268,266.5,267,96095,0
20240919,190000,266.5,266.9,265,265,51180,0
20240919,200000,265,265,264,264,35610,0
20240919,210000,264,264.2,264,264,27579,0
20240919,220000,264,264.1,261.3,261.3,23193,0
20240919,230000,261.3,262,261.2,261.4,20764,0
20240920,100000,258.2,280.3,256.8,270.1,381709,0
20240920,110000,270,272.2,262.3,269.8,206536,0
20240920,120000,269.8,270.6,267,269.9,138691,0
20240920,130000,269.9,270.7,267.1,269.6,156333,0
20240920,140000,269.3,269.6,261,265.8,105849,0
20240920,150000,265.7,267.7,260.5,263.2,138848,0
20240920,160000,263.4,271.5,261,270.7,154061,0
20240920,170000,270.9,274,266.2,266.7,196909,0
20240920,180000,266.9,267,260.2,260.2,79387,0
20240920,190000,260.2,260.9,256.6,257,71904,0
20240920,200000,256.6,260,256.6,256.9,43096,0
20240920,210000,256.6,256.9,255.1,256,29090,0
20240920,220000,256,259.8,255.5,257.4,25687,0
20240920,230000,257.4,258.2,255.3,256.1,30431,0
20240923,100000,253.1,256.1,247,248.7,329428,0
20240923,110000,248.6,264.9,246,246.1,291360,0
20240923,120000,246,247.9,240,245.2,261836,0
20240923,130000,245,254.4,244,251,265180,0
20240923,140000,250.7,253.6,250,252.6,149453,0
20240923,150000,252.5,257.9,252,255.1,163465,0
20240923,160000,255,256.8,250,255.4,173925,0
20240923,170000,255.3,260.1,253,253.8,305871,0
20240923,180000,253.8,259,253.2,254,182126,0
20240923,190000,254,264,254,263.6,167743,0
20240923,200000,263.9,267,255.2,258.4,117295,0
20240923,210000,258.5,265.1,257.5,261.3,100714,0
20240923,220000,261,264.2,256.3,257.2,84990,0
20240923,230000,257.1,272.4,256.3,270,193313,0
