20230712,090000,5531.2,5549.4,5519.1,5520.8,187,0
20230712,100000,5520.8,5521.8,5497.4,5502.8,3216,0
20230712,110000,5501.2,5511.5,5492.6,5504.9,710,0
20230712,120000,5504.9,5505,5496.9,5502.2,454,0
20230712,130000,5503.3,5508,5496.5,5506.7,532,0
20230712,140000,5504.4,5525,5504.4,5519.8,767,0
20230712,150000,5526,5541.9,5522.9,5539.7,1981,0
20230712,160000,5539.8,5557.4,5522.2,5554.9,438,0
20230712,170000,5554.9,5572.3,5540.7,5555.4,311,0
20230712,180000,5560.4,5565,5555.5,5559.4,50,0
20230712,190000,5555.5,5604,5555.5,5604,137,0
20230712,200000,5604.7,5604.9,5581,5604.9,295,0
20230712,210000,5600.2,5603.5,5587,5600,31,0
20230712,220000,5599,5604.2,5592.9,5604.1,62,0
20230712,230000,5599.9,5600.5,5576,5600.5,99,0
20230713,090000,5597.6,5600,5575,5575,311,0
20230713,100000,5574,5574,5551.1,5551.1,1566,0
20230713,110000,5553.1,5553.2,5506,5506,4765,0
20230713,120000,5510.1,5535.6,5509.3,5535.6,564,0
20230713,130000,5530,5534.2,5508.2,5520.2,476,0
20230713,140000,5513,5519.6,5506.5,5515.9,390,0
20230713,150000,5509.1,5519.9,5506,5511.8,356,0
20230713,160000,5511.8,5516.4,5506.3,5506.4,245,0
20230713,170000,5506.1,5511,5494.1,5500,1093,0
20230713,180000,5501,5525.2,5494.2,5525,1311,0
20230713,190000,5506.8,5785,5506.7,5549,1586,0
20230713,200000,5548.9,5579.5,5540.7,5550,191,0
20230713,210000,5547.2,5550.6,5508.7,5544,577,0
20230713,220000,5543.2,5544.2,5520.2,5544.2,136,0
20230713,230000,5545,5546.2,5544.2,5544.2,667,0
20230714,090000,5545,5545,5474.9,5501.5,1489,0
20230714,100000,5501.6,5513.6,5490,5506.2,371,0
20230714,110000,5511.9,5523,5510,5523,794,0
20230714,120000,5520,5538.5,5516,5521.2,722,0
20230714,130000,5523.9,5532.3,5520,5520,560,0
20230714,140000,5532.1,5535.8,5524.5,5535.8,143,0
20230714,150000,5531.7,5537,5531.6,5537,138,0
20230714,160000,5534.4,5538.8,5528.1,5531.2,461,0
20230714,170000,5536.4,5540,5516,5528.8,150,0
20230714,180000,5525.1,5580,5525.1,5580,650,0
20230714,190000,5555,5574,5543.8,5560,274,0
20230714,200000,5560,5573.1,5556.6,5570,286,0
20230714,210000,5568,5571.4,5567.9,5569,100,0
20230714,220000,5564.5,5566.1,5556.8,5561.5,147,0
20230714,230000,5562.7,5564.3,5556.8,5558.1,40,0
20230717,090000,5570,5570,5544.5,5558.1,641,0
20230717,100000,5565,5567.7,5535.5,5545.2,986,0
20230717,110000,5544.9,5558,5544.9,5557,195,0
20230717,120000,5557,5558,5545,5545,281,0
20230717,130000,5545.1,5553.7,5530,5543.8,388,0
20230717,140000,5539.7,5544,5529.4,5543.9,147,0
20230717,150000,5543.4,5544,5530,5530,279,0
20230717,160000,5529.6,5541,5520,5535.3,1356,0
20230717,170000,5541.9,5558,5538.4,5556.6,428,0
20230717,180000,5557.8,5580.5,5552,5574.5,785,0
20230717,190000,5580.4,5595,5575.3,5577,635,0
20230717,200000,5578.4,5590.2,5577,5587,164,0
20230717,210000,5590,5590.8,5580.9,5584.9,160,0
20230717,220000,5582.2,5589.8,5582.1,5582.1,60,0
20230717,230000,5588.8,5590.7,5583.8,5589.6,57,0
20230718,090000,5588,5591,5572.5,5581,632,0
20230718,100000,5581.4,5591.7,5575,5588.6,714,0
20230718,110000,5589.8,5589.8,5569,5572,775,0
20230718,120000,5569.7,5585,5569.6,5570.9,193,0
20230718,130000,5572,5585.1,5567.3,5584,271,0
20230718,140000,5584.3,5621.2,5584.3,5600.2,1515,0
20230718,150000,5600.2,5610.1,5594.8,5603.3,456,0
20230718,160000,5607.1,5618,5600.3,5600.3,827,0
20230718,170000,5600.2,5644.5,5600,5644.5,1043,0
20230718,180000,5636.3,5642,5628.6,5642,64,0
20230718,190000,5630,5630,5600,5622.2,190,0
20230718,200000,5624,5660,5610,5614.1,364,0
20230718,210000,5614.8,5635.3,5614.7,5635.3,70,0
20230718,220000,5627,5646.8,5625.4,5640,232,0
20230718,230000,5642.5,5643.4,5626.8,5626.8,57,0
20230719,090000,5614,5639.9,5614,5617.9,360,0
20230719,100000,5627.4,5675,5618.5,5673,677,0
20230719,110000,5673,5674.4,5667,5668,273,0
20230719,120000,5667,5671,5654.3,5656.4,1116,0
20230719,130000,5656,5662.9,5653.9,5654.2,226,0
20230719,140000,5655.3,5655.3,5634.1,5654.3,337,0
20230719,150000,5650,5665,5650,5664,53,0
20230719,160000,5664.1,5680.1,5664,5668,235,0
20230719,170000,5664.4,5668.2,5656.7,5660.3,227,0
20230719,180000,5664.7,5664.7,5664,5664,9,0
20230719,190000,5664.7,5673.4,5660,5664.9,98,0
20230719,200000,5667.8,5673.6,5662.6,5668.3,38,0
20230719,210000,5668.3,5668.3,5668.3,5668.3,13,0
20230719,220000,5667.8,5667.8,5666,5667.8,143,0
20230719,230000,5667.8,5667.8,5663.5,5667.8,8,0
20230720,090000,5680,5680,5666.1,5674.6,242,0
20230720,100000,5672,5702.1,5672,5680.4,880,0
20230720,110000,5680.3,5695.1,5680,5684,761,0
20230720,120000,5684,5697,5660.1,5674.1,1719,0
20230720,130000,5674,5689,5674,5680.2,29,0
20230720,140000,5680.2,5684,5667.9,5670.2,122,0
20230720,150000,5672.1,5677.1,5659.1,5664.3,212,0
20230720,160000,5660.1,5677,5660.1,5674.5,84,0
20230720,170000,5667.3,5669,5643.3,5653,652,0
20230720,180000,5653,5658.8,5645,5648.8,219,0
20230720,190000,5646.7,5651.4,5641.8,5641.8,199,0
20230720,200000,5646.8,5651.3,5645,5651.3,249,0
20230720,210000,5646.1,5655,5646,5650.6,69,0
20230720,220000,5648.2,5654.5,5648.2,5648.2,102,0
20230720,230000,5651.9,5653.2,5647,5647,36,0
20230721,090000,5654.9,5655.4,5648,5655,164,0
20230721,100000,5657,5671,5647,5652.3,459,0
20230721,110000,5652.3,5652.4,5623.9,5623.9,557,0
20230721,120000,5631.7,5646,5630,5646,247,0
20230721,130000,5643.1,5646,5606.4,5621.5,668,0
20230721,140000,5621.6,5627.7,5616.4,5627.7,84,0
20230721,150000,5630,5646.8,5629.4,5634.9,274,0
20230721,160000,5634.9,5649.5,5634.9,5649.4,584,0
20230721,170000,5651.6,5667.1,5632.7,5658.9,279,0
20230721,180000,5658.9,5669.7,5658.9,5663.9,120,0
20230721,190000,5668.9,5675,5668.9,5674,143,0
20230721,200000,5674,5677.3,5674,5677,129,0
20230721,210000,5673,5674,5672,5674,30,0
20230721,220000,5671.8,5680,5669,5680,112,0
20230721,230000,5669.1,5671.1,5669,5669,61,0
20230724,090000,5669,5675.7,5659.4,5666.9,496,0
20230724,100000,5666.9,5670,5658,5660.1,109,0
20230724,110000,5660.1,5660.1,5640.1,5641.1,443,0
20230724,120000,5641,5645,5635,5635.7,586,0
20230724,130000,5635.7,5637.5,5633.4,5634,171,0
20230724,140000,5634,5634.7,5631.8,5631.8,758,0
20230724,150000,5631.8,5639.2,5630.1,5636.7,208,0
20230724,160000,5635.7,5639.3,5624.5,5627.8,281,0
20230724,170000,5624.5,5626.5,5620,5620,200,0
20230724,180000,5620,5621.7,5603.5,5608.6,424,0
20230724,190000,5611.3,5620.7,5591.4,5607.4,428,0
20230724,200000,5607.5,5616.8,5607.5,5612.9,109,0
20230724,210000,5610.4,5618,5604.4,5608.6,86,0
20230724,220000,5609,5610.1,5602,5606,86,0
20230724,230000,5611.1,5611.1,5602.2,5602.2,25,0
20230725,090000,5622.5,5622.5,5599,5600,355,0
20230725,100000,5600,5600,5583.9,5588,1870,0
20230725,110000,5588,5589.9,5580.4,5586.2,159,0
20230725,120000,5587,5590.5,5587,5589,239,0
20230725,130000,5590.4,5590.4,5574.5,5585.1,1023,0
20230725,140000,5585,5588.5,5569.8,5587.6,680,0
20230725,150000,5587.6,5607.8,5580.9,5589.4,313,0
20230725,160000,5585.1,5588.5,5579.2,5579.2,172,0
20230725,170000,5584.6,5596.9,5580,5596.9,109,0
20230725,180000,5596.9,5618,5595,5613,901,0
20230725,190000,5614.3,5615,5602,5605.6,494,0
20230725,200000,5604.6,5609.3,5601.9,5609.3,19,0
20230725,210000,5605,5605,5600,5604.3,56,0
20230725,220000,5604.3,5612.9,5604.2,5612,79,0
20230725,230000,5607.7,5609.5,5607.7,5609.5,22,0
20230726,090000,5600.1,5611.9,5597.2,5600.3,1850,0
20230726,100000,5600.3,5604.7,5587.7,5595,1487,0
20230726,110000,5596,5600.1,5594,5595,58,0
20230726,120000,5595,5607.6,5591.4,5605,401,0
20230726,130000,5603.4,5610,5600,5610,29,0
20230726,140000,5610,5613.8,5606.2,5613.8,181,0
20230726,150000,5611.6,5617.9,5608.3,5617.9,76,0
20230726,160000,5617.3,5617.9,5600.5,5603,580,0
20230726,170000,5603,5614.1,5601.9,5614.1,83,0
20230726,180000,5614,5626,5614,5625.6,452,0
20230726,190000,5622.9,5625.6,5603,5603,159,0
20230726,200000,5609.6,5620,5609,5614.4,40,0
20230726,210000,5612.1,5620,5608.1,5620,83,0
20230726,220000,5619.9,5622.2,5614.8,5614.8,13,0
20230726,230000,5619,5619.1,5619,5619,13,0
20230727,090000,5612.9,5628,5602,5605.5,2039,0
20230727,100000,5609.4,5640,5608,5637.4,1174,0
20230727,110000,5637.3,5637.3,5596.1,5605.2,572,0
20230727,120000,5607,5615,5604,5610,254,0
20230727,130000,5610,5615,5606.3,5615,317,0
20230727,140000,5615,5619.8,5606.3,5619.8,324,0
20230727,150000,5619.8,5639.9,5613,5613,973,0
20230727,160000,5613,5618.6,5592,5595.4,2082,0
20230727,170000,5595.4,5604.5,5594.7,5597,548,0
20230727,180000,5598,5605.9,5596.1,5605.9,131,0
20230727,190000,5597.9,5609.4,5597,5602,143,0
20230727,200000,5600,5609.9,5600,5609.2,43,0
20230727,210000,5607.8,5607.8,5600.1,5601,56,0
20230727,220000,5602.6,5607.6,5602.6,5602.6,41,0
20230727,230000,5602.6,5607.4,5602,5607.4,151,0
20230728,090000,5610,5613,5600,5602,241,0
20230728,100000,5602.1,5626.9,5600,5619.6,988,0
20230728,110000,5619.6,5619.6,5612,5612,57,0
20230728,120000,5612.7,5624,5612,5623,311,0
20230728,130000,5620.2,5624,5614,5617.8,293,0
20230728,140000,5621.4,5640,5621.4,5636.2,1135,0
20230728,150000,5639.5,5641,5631,5637.2,233,0
20230728,160000,5639.5,5650.2,5633.1,5645.8,752,0
20230728,170000,5645.8,5683.3,5645.8,5675.2,1121,0
20230728,180000,5680.9,5687.2,5665,5668,604,0
20230728,190000,5672,5688.2,5670.3,5676.7,280,0
20230728,200000,5676.7,5688.2,5671,5677.4,385,0
20230728,210000,5671.7,5687,5670.6,5685,488,0
20230728,220000,5678,5684,5672.6,5684,16,0
20230728,230000,5677.5,5682.8,5675.6,5682.8,32,0
20230731,090000,5683.2,5710.5,5683.2,5707.6,866,0
20230731,100000,5706.9,5710.1,5656.1,5666.9,1454,0
20230731,110000,5661.5,5668.2,5650.1,5658.7,2495,0
20230731,120000,5662.6,5685.4,5657.1,5678.2,672,0
20230731,130000,5685.4,5685.4,5669.2,5670.7,63,0
20230731,140000,5675.9,5680.4,5670,5679,1077,0
20230731,150000,5678.5,5696.8,5675.4,5691.8,610,0
20230731,160000,5692,5698.9,5684.3,5693.6,535,0
20230731,170000,5694,5707,5693.2,5705.4,270,0
20230731,180000,5701.8,5716,5700,5710.7,373,0
20230731,190000,5710.3,5710.3,5689.6,5698,170,0
20230731,200000,5705.5,5705.5,5695.2,5695.5,70,0
20230731,210000,5701.3,5708,5699.4,5704.4,52,0
20230731,220000,5700.7,5705,5700,5700,26,0
20230731,230000,5703,5705.1,5703,5705.1,13,0
20230801,090000,5698.3,5706.2,5677.9,5690,576,0
20230801,100000,5691,5693,5672.5,5693,1892,0
20230801,110000,5692,5710,5686.1,5710,382,0
20230801,120000,5707.3,5710,5701.5,5702.7,361,0
20230801,130000,5708.3,5710,5696.2,5696.9,172,0
20230801,140000,5698.6,5701.5,5693.1,5695.7,306,0
20230801,150000,5695.6,5695.8,5690.7,5695.7,159,0
20230801,160000,5695.7,5709,5691,5707.1,2460,0
20230801,170000,5709,5720.2,5701,5707.3,4172,0
20230801,180000,5703.7,5713.8,5701,5713.8,4666,0
20230801,190000,5713.8,5723,5705.3,5723,402,0
20230801,200000,5722.7,5724.3,5709.2,5709.2,88,0
20230801,210000,5722,5722,5719.2,5720.1,9,0
20230801,220000,5720,5726.4,5717.4,5723,23,0
20230801,230000,5726.7,5730,5722.4,5728.5,60,0
20230802,090000,5729,5729,5707,5714.5,635,0
20230802,100000,5713.7,5723.3,5705,5722.5,159,0
20230802,110000,5725.6,5742.4,5717.5,5740.5,533,0
20230802,120000,5743,5762.7,5741.1,5757,671,0
20230802,130000,5757,5779.4,5754.2,5772.2,794,0
20230802,140000,5776.5,5780,5746,5764.7,1206,0
20230802,150000,5764,5764,5726.8,5758,964,0
20230802,160000,5755.1,5784.5,5755,5772.9,1303,0
20230802,170000,5767,5775.1,5757.5,5773.6,482,0
20230802,180000,5773,5781.1,5762.5,5767.8,380,0
20230802,190000,5781.1,5782,5763.2,5774.1,266,0
20230802,200000,5774.1,5788.3,5774.1,5786,181,0
20230802,210000,5786.1,5786.1,5780,5780,86,0
20230802,220000,5783,5783,5780.5,5781.5,8,0
20230802,230000,5781.5,5782.9,5776.2,5776.3,62,0
20230803,090000,5776.2,5800,5743.7,5753.8,851,0
20230803,100000,5753.8,5753.8,5723.1,5732.5,568,0
20230803,110000,5732.5,5739.5,5724,5736,739,0
20230803,120000,5736,5760,5732.3,5750,1866,0
20230803,130000,5750,5764.8,5747.9,5760,8049,0
20230803,140000,5760,5768,5745.1,5768,1791,0
20230803,150000,5768,5787.3,5749.9,5760,259,0
20230803,160000,5762.8,5778,5752.2,5769.6,410,0
20230803,170000,5769.6,5798.9,5765.1,5792,204,0
20230803,180000,5788.6,5798,5782.8,5796.9,356,0
20230803,190000,5800,5800,5791.9,5799.8,113,0
20230803,200000,5794.7,5800,5791.6,5791.6,39,0
20230803,210000,5791.6,5792.4,5789.5,5790.5,134,0
20230803,220000,5790.5,5800,5786.9,5800,1346,0
20230803,230000,5800,5803.5,5798.5,5800,1640,0
20230804,090000,5800,5810,5785,5794.9,2153,0
20230804,100000,5795.5,5813.3,5788.8,5798.6,856,0
20230804,110000,5800,5806,5787.7,5805.3,147,0
20230804,120000,5805.3,5820,5801.2,5812.5,607,0
20230804,130000,5813.4,5825.1,5812.1,5821.7,567,0
20230804,140000,5825,5826.3,5815.1,5820.5,132,0
20230804,150000,5820.5,5841.4,5810,5834.7,347,0
20230804,160000,5840,5864.2,5828.8,5863.2,767,0
20230804,170000,5857.9,5897.3,5851,5897.3,5507,0
20230804,180000,5892.6,5894.3,5864.1,5888.6,328,0
20230804,190000,5889.1,5889.4,5819.8,5860.2,2407,0
20230804,200000,5861.6,5881.9,5860,5867.2,185,0
20230804,210000,5870,5885,5867.8,5870,87,0
20230804,220000,5874.5,5874.5,5867.4,5867.4,85,0
20230804,230000,5867.4,5872.3,5860,5868,305,0
20230807,090000,5885,5910.3,5850,5900.4,1914,0
20230807,100000,5897.5,5940,5895.1,5932,2823,0
20230807,110000,5931.5,5935,5918.1,5928.5,1341,0
20230807,120000,5935,5945,5930.1,5930.1,609,0
20230807,130000,5930.1,5941.6,5918,5919.9,2304,0
20230807,140000,5920,5920.1,5900.2,5910,4579,0
20230807,150000,5910.2,5930.4,5905.9,5930.4,2127,0
20230807,160000,5934,5944.6,5904,5904,454,0
20230807,170000,5903.1,5913.2,5836.5,5877,1444,0
20230807,180000,5868.1,5878.3,5852,5860.5,650,0
20230807,190000,5852,5912,5851,5863.8,715,0
20230807,200000,5864,5864,5847,5859.1,82,0
20230807,210000,5859,5879,5859,5877,115,0
20230807,220000,5870.2,5879,5870,5870,149,0
20230807,230000,5870,5877.4,5863,5867.3,32,0
20230808,090000,5900,5900,5861.7,5884.3,408,0
20230808,100000,5883.2,5905,5881,5882.2,442,0
20230808,110000,5881.9,5903.2,5872,5895.2,366,0
20230808,120000,5891.9,5893.7,5869.3,5893.7,344,0
20230808,130000,5900,5902,5886.1,5886.1,81,0
20230808,140000,5891.5,5908,5891.5,5903.5,186,0
20230808,150000,5903.8,5920,5896.5,5912.5,323,0
20230808,160000,5920,5929.8,5917.3,5920,290,0
20230808,170000,5920,5974.3,5920,5941.6,1427,0
20230808,180000,5952.5,5956.7,5933.2,5953.7,571,0
20230808,190000,5953,5960,5952,5952,156,0
20230808,200000,5951.1,5959.5,5944.8,5951.1,69,0
20230808,210000,5955,5957.5,5955,5957.5,6,0
20230808,220000,5957.5,5962,5957.5,5961,53,0
20230808,230000,5963,5975,5962.8,5975,137,0
20230809,090000,5959,5975,5900,5970.8,517,0
20230809,100000,5970.7,5975,5954.3,5961.5,651,0
20230809,110000,5964,5974.9,5955.7,5957,530,0
20230809,120000,5956.7,5976,5956.6,5963.6,496,0
20230809,130000,5968.9,5970,5960,5962.5,170,0
20230809,140000,5963.1,5976.7,5955.8,5966,651,0
20230809,150000,5964.7,5972.4,5963.1,5972,118,0
20230809,160000,5961.3,5980,5960,5978.4,369,0
20230809,170000,5972.8,5979.8,5954.7,5955.7,1659,0
20230809,180000,5954.7,5954.7,5920,5936,984,0
20230809,190000,5936,5947.4,5840,5918,1187,0
20230809,200000,5918,5921,5911.7,5920.5,496,0
20230809,210000,5920.5,5942,5920.5,5925,340,0
20230809,220000,5929,5930,5924.4,5924.4,194,0
20230809,230000,5924.2,5932.5,5915.5,5932.5,311,0
20230810,090000,5920,5930,5904.9,5928.5,463,0
20230810,100000,5925.3,5925.3,5889.5,5913.9,624,0
20230810,110000,5915.2,5953.1,5915.2,5938,532,0
20230810,120000,5938.2,5962.8,5935,5962.8,476,0
20230810,130000,5957,5970,5946.8,5970,319,0
20230810,140000,5970,5975.2,5954,5961.3,466,0
20230810,150000,5963,5972.6,5950,5966,1584,0
20230810,160000,5966,5974,5955,5970,155,0
20230810,170000,5963.1,5990,5961.4,5980.6,560,0
20230810,180000,5980.5,5990,5977,5990,206,0
20230810,190000,5989,5995,5986.8,5988.2,261,0
20230810,200000,5989.2,6000,5987.5,5987.7,327,0
20230810,210000,5988.2,5988.8,5968.6,5978.5,298,0
20230810,220000,5978.6,5978.6,5971,5971,17,0
20230810,230000,5973,5976,5973,5975.9,82,0
20230811,090000,5985,6000,5975.9,5991.6,406,0
20230811,100000,5996.7,6000,5976,5999.7,385,0
20230811,110000,5996.1,6017.3,5990,6009.8,1031,0
20230811,120000,6009.8,6031.6,6009.7,6018.5,1302,0
20230811,130000,6018.5,6026.9,6011.1,6017.1,137,0
20230811,140000,6019.5,6044.6,6015.1,6029.7,299,0
20230811,150000,6042.3,6054.4,6027.8,6042.3,2189,0
20230811,160000,6046.6,6072.4,6040.2,6057.2,3523,0
20230811,170000,6057.4,6066.8,6055.1,6065.4,670,0
20230811,180000,6065.7,6081.7,6065.4,6081,687,0
20230811,190000,6081.2,6123,6081.2,6118.9,512,0
20230811,200000,6118.9,6124.5,6103,6103.9,367,0
20230811,210000,6103.9,6111,6093.8,6093.8,166,0
20230811,220000,6093.2,6131.5,6092.8,6106.3,179,0
20230811,230000,6105.4,6119.9,6102.1,6105.3,155,0
20230814,090000,6121.3,6145.3,6107.7,6137.5,838,0
20230814,100000,6139,6402.8,6132,6169.3,5192,0
20230814,110000,6173.5,6180,6154.5,6163,2957,0
20230814,120000,6161,6184.9,6145,6184.9,922,0
20230814,130000,6185,6217.8,6181.1,6210.1,1518,0
20230814,140000,6203.5,6203.5,6173.7,6188.4,2687,0
20230814,150000,6188.2,6202.9,6162.9,6190.5,906,0
20230814,160000,6190,6200,6176.4,6178,347,0
20230814,170000,6178,6184,5955.6,6026.5,5322,0
20230814,180000,6024.7,6028.4,5900,5927.1,3400,0
20230814,190000,5939.1,5940,5910,5917,558,0
20230814,200000,5920,5929.4,5870.8,5877.8,583,0
20230814,210000,5872.5,5909.2,5870.1,5899.4,352,0
20230814,220000,5898.5,5900,5858.9,5869,360,0
20230814,230000,5873.5,5881.6,5851.9,5864,462,0
20230815,090000,5817.6,5860,5790,5799,2315,0
20230815,100000,5798.1,5990,5781.4,5965.4,7234,0
20230815,110000,5953.7,5967.9,5901.9,5934.7,1201,0
20230815,120000,5933.7,5948.5,5921.9,5938.4,2429,0
20230815,130000,5941,5943.1,5928,5931.8,631,0
20230815,140000,5935.8,6011,5933.8,6000.3,928,0
20230815,150000,6001.4,6011.1,5960.5,5982.1,591,0
20230815,160000,5994.8,6007,5986.2,5996,302,0
20230815,170000,5996,6040,5995,6020.6,647,0
20230815,180000,6025.9,6026.9,5865,5911.2,2000,0
20230815,190000,5915,5940.5,5881.5,5903,546,0
20230815,200000,5895.2,5903.4,5895.2,5903.4,40,0
20230815,210000,5897.1,5897.1,5876,5878,215,0
20230815,220000,5875.9,5888,5849.5,5850.1,179,0
20230815,230000,5850,5860,5850,5851,154,0
20230816,090000,5900,5909.9,5868.9,5870.1,3072,0
20230816,100000,5870.2,5917.5,5870,5885.1,6500,0
20230816,110000,5880.3,5890.5,5869,5875.4,1080,0
20230816,120000,5874.1,5881.9,5855.5,5856.2,1206,0
20230816,130000,5862.5,5863.7,5843.9,5848.5,305,0
20230816,140000,5845,5846.4,5800,5800,551,0
20230816,150000,5797,5811,5749.6,5762.1,2494,0
20230816,160000,5769,5774.3,5744,5757.6,352,0
20230816,170000,5757,5780,5718.2,5733.1,1068,0
20230816,180000,5731.9,5757.6,5708,5738,485,0
20230816,190000,5738,5745,5721.1,5725,324,0
20230816,200000,5730.6,5736.5,5704.3,5711.7,1289,0
20230816,210000,5710,5722.8,5701.6,5714.3,299,0
20230816,220000,5715,5725.9,5707.5,5710.6,106,0
20230816,230000,5713,5724.8,5710,5724.8,119,0
20230817,090000,5700,5780,5673,5753.3,1699,0
20230817,100000,5753.5,5765,5667.3,5709.9,5322,0
20230817,110000,5709.9,5725.9,5693.9,5701.4,915,0
20230817,120000,5701.4,5701.4,5597.7,5598.1,2778,0
20230817,130000,5600,5650,5593.2,5629.6,2208,0
20230817,140000,5628.8,5650,5620,5647,1305,0
20230817,150000,5646,5657,5633.4,5653.1,790,0
20230817,160000,5656.4,5679.8,5655.6,5676,178,0
20230817,170000,5676,5680,5642,5660,647,0
20230817,180000,5655,5662.7,5638.9,5654.5,627,0
20230817,190000,5640.1,5644.2,5611.2,5619.4,503,0
20230817,200000,5618.9,5622.9,5603.3,5614.1,495,0
20230817,210000,5614.1,5617.6,5611.8,5617.6,63,0
20230817,220000,5620,5622.9,5619,5622.9,90,0
20230817,230000,5622.9,5634.8,5622.9,5627.1,62,0
20230818,090000,5639.1,5654.9,5622.8,5640.2,534,0
20230818,100000,5640.2,5656.8,5583.7,5600,1765,0
20230818,110000,5597,5606.2,5580.1,5606.2,1025,0
20230818,120000,5607.7,5633.5,5600.3,5632.8,464,0
20230818,130000,5632.7,5672.5,5632.7,5659.2,3898,0
20230818,140000,5659.1,5678.4,5650,5661,1728,0
20230818,150000,5661,5682,5643.8,5651.9,2229,0
20230818,160000,5647.4,5669.2,5642,5667.6,620,0
20230818,170000,5666,5687.9,5663.3,5666.2,652,0
20230818,180000,5667,5667,5652,5657.6,476,0
20230818,190000,5657,5657,5646.9,5646.9,76,0
20230818,200000,5647.1,5656.6,5647.1,5654,130,0
20230818,210000,5656.6,5670.4,5648.7,5662,142,0
20230818,220000,5662.6,5671.3,5661.4,5671,108,0
20230818,230000,5671,5671,5665,5671,73,0
20230821,090000,5661.4,5661.4,5644.3,5658.1,583,0
20230821,100000,5659,5713,5650.3,5711.5,2228,0
20230821,110000,5707,5713.8,5696.4,5698.1,1830,0
20230821,120000,5701.9,5708.6,5690.7,5708.6,2345,0
20230821,130000,5708.8,5735,5688.5,5712.6,893,0
20230821,140000,5716,5724.9,5709.3,5722.4,466,0
20230821,150000,5722.4,5724.3,5711.5,5715,2311,0
20230821,160000,5713,5713,5646.1,5646.1,3680,0
20230821,170000,5648.9,5666.4,5646.1,5661.9,236,0
20230821,180000,5661,5664,5644.8,5657.3,732,0
20230821,190000,5662.9,5665.6,5656.6,5665.6,84,0
20230821,200000,5669.7,5694.4,5669.7,5687.6,269,0
20230821,210000,5685.2,5685.2,5672.2,5676,60,0
20230821,220000,5676,5683.7,5674.7,5683.7,68,0
20230821,230000,5683.3,5683.3,5676,5676,2,0
20230822,090000,5702.4,5719.9,5683.4,5692.3,206,0
20230822,100000,5699.7,5747.8,5699.7,5736,800,0
20230822,110000,5729.6,5729.6,5707.5,5725,322,0
20230822,120000,5725,5732,5717.8,5727,236,0
20230822,130000,5726,5730,5717,5722.1,308,0
20230822,140000,5722,5726.9,5719.9,5725,227,0
20230822,150000,5724,5724,5713.3,5718.5,152,0
20230822,160000,5716,5719,5701.3,5712.3,445,0
20230822,170000,5718.9,5723,5702.9,5705,147,0
20230822,180000,5707.7,5726,5704,5718.4,83,0
20230822,190000,5728.3,5738.1,5728.3,5734.7,94,0
20230822,200000,5735,5738,5729,5738,37,0
20230822,210000,5733.1,5738.4,5729.1,5729.1,53,0
20230822,220000,5730,5730,5729,5729.9,95,0
20230822,230000,5730,5730,5710,5710,53,0
20230823,090000,5743.7,5771.5,5730.1,5763.6,483,0
20230823,100000,5760.1,5771.2,5753.9,5760,375,0
20230823,110000,5761.2,5779.4,5750.6,5770,654,0
20230823,120000,5770.8,5774.7,5760,5760,267,0
20230823,130000,5761.2,5763.4,5757.1,5758.2,83,0
20230823,140000,5762.8,5763.8,5755.3,5762.6,479,0
20230823,150000,5762.6,5763.8,5750,5759.1,223,0
20230823,160000,5752,5788,5751.5,5788,740,0
20230823,170000,5788,5798,5767.1,5798,672,0
20230823,180000,5798,5810.9,5794,5795.7,749,0
20230823,190000,5800.6,5819.1,5795,5819,225,0
20230823,200000,5819.4,5833.1,5815.5,5830.9,288,0
20230823,210000,5830,5850,5830,5850,500,0
20230823,220000,5850,5946.2,5822.5,5840,1840,0
20230823,230000,5840,5857,5832.4,5849.1,335,0
20230824,090000,5853,5880.1,5831,5845.7,889,0
20230824,100000,5844.7,5844.7,5818.2,5833.4,682,0
20230824,110000,5833.8,5847.6,5830.1,5843,303,0
20230824,120000,5842.3,5843,5837,5841.9,105,0
20230824,130000,5841.9,5845,5821.1,5844.6,375,0
20230824,140000,5847.2,5847.6,5826.8,5831.1,143,0
20230824,150000,5840.7,5844.4,5829.4,5832.7,506,0
20230824,160000,5832.6,5836,5828.9,5832,325,0
20230824,170000,5839.9,5860.6,5839.9,5859.9,260,0
20230824,180000,5859.9,5873,5858.2,5873,250,0
20230824,190000,5863.8,5873,5857.7,5857.7,202,0
20230824,200000,5862.8,5876.3,5855.1,5855.1,247,0
20230824,210000,5861,5881.9,5854.9,5859.5,297,0
20230824,220000,5864.3,5864.3,5857.1,5861,6,0
20230824,230000,5864,5866.3,5850,5864.8,50,0
20230825,090000,5853.1,5865,5842.3,5853.6,519,0
20230825,100000,5845.8,5875.6,5845.8,5856.9,322,0
20230825,110000,5856.9,5864.1,5835.4,5852.3,658,0
20230825,120000,5854.5,5859.1,5847.5,5856.1,74,0
20230825,130000,5857.5,5861.6,5854.6,5861.6,120,0
20230825,140000,5858.6,5861.6,5855,5861.5,128,0
20230825,150000,5861.6,5869.6,5861.4,5864.6,283,0
20230825,160000,5870.1,5891.8,5865,5890,563,0
20230825,170000,5891.8,5914.9,5851.1,5879.2,1089,0
20230825,180000,5880,5894,5863.7,5892.5,201,0
20230825,190000,5895.2,5905.9,5879.5,5898.6,169,0
20230825,200000,5902.9,5907.7,5898.6,5905,87,0
20230825,210000,5908.5,5910,5903.4,5909.8,146,0
20230825,220000,5909.8,5910,5905.8,5909.8,28,0
20230825,230000,5909.8,5910,5884.5,5890.3,149,0
20230828,090000,5896.6,5935.2,5896.6,5928.6,894,0
20230828,100000,5922.2,5941.6,5916.8,5930.8,703,0
20230828,110000,5931,5938.6,5916.8,5918,245,0
20230828,120000,5916.8,5921.8,5905.4,5913.6,621,0
20230828,130000,5913.4,5916.8,5897.8,5912.6,760,0
20230828,140000,5913.4,5919.3,5904.4,5914.4,117,0
20230828,150000,5913.4,5922,5905,5919.1,179,0
20230828,160000,5922,5922,5907.5,5919.3,503,0
20230828,170000,5921,5940.7,5916.3,5933,187,0
20230828,180000,5933,5948,5929.2,5948,363,0
20230828,190000,5948,5950,5923,5937.7,675,0
20230828,200000,5933.7,5934.2,5925,5934.2,79,0
20230828,210000,5931,5941.3,5931,5935,68,0
20230828,220000,5938.8,5941.3,5935.1,5941.3,10,0
20230828,230000,5935.2,5941.3,5935.2,5941.3,56,0
20230829,090000,5939.1,5955.5,5935.3,5948,679,0
20230829,100000,5947,5959.5,5932.1,5953.5,304,0
20230829,110000,5954.9,5954.9,5929.7,5940,262,0
20230829,120000,5940,5940,5931,5932.4,261,0
20230829,130000,5933.9,5983.2,5933.9,5980.1,2065,0
20230829,140000,5973.3,5990.2,5961,5961,3740,0
20230829,150000,5963.8,5980.5,5958.4,5969.8,841,0
20230829,160000,5965.8,5969.9,5957.1,5960,155,0
20230829,170000,5966.7,5985.2,5966,5973,302,0
20230829,180000,5973.6,5989.6,5966.6,5972.3,277,0
20230829,190000,5975,5987.3,5964.4,5974.7,253,0
20230829,200000,5975.4,5996.9,5964.4,5987,189,0
20230829,210000,5980.2,5980.2,5974.2,5980,57,0
20230829,220000,5980,5980,5976.4,5976.5,142,0
20230829,230000,5979.9,5980,5975.4,5980,131,0
20230830,090000,5974.2,5995,5974.2,5994.4,630,0
20230830,100000,5993.7,6000,5983.4,5996.5,428,0
20230830,110000,5999.7,6000.6,5986.8,5997.6,456,0
20230830,120000,5992.3,6014.1,5987.8,5999.5,554,0
20230830,130000,5999.5,6011.9,5995.8,6005,175,0
20230830,140000,6005.2,6016.2,6005,6009.5,246,0
20230830,150000,6009.5,6027,6008,6019,364,0
20230830,160000,6021.8,6029,6017,6023,502,0
20230830,170000,6027.4,6037.5,6008,6022,574,0
20230830,180000,6022,6034.8,6021,6030.8,110,0
20230830,190000,6028,6030,6027,6030,149,0
20230830,200000,6030,6033.3,6027.1,6027.1,140,0
20230830,210000,6027.1,6037.8,6026.7,6035.2,54,0
20230830,220000,6030.9,6032,6020.1,6025,60,0
20230830,230000,6030.5,6037.7,6020.9,6020.9,79,0
20230831,090000,6024,6030.3,6024,6025.3,59,0
20230831,100000,6029.9,6055.7,6029.9,6048,475,0
20230831,110000,6045,6051,6040,6042.4,481,0
20230831,120000,6047.7,6047.7,6021.3,6026.3,1162,0
20230831,130000,6026.4,6041.6,6021.9,6037.3,1958,0
20230831,140000,6030,6030,6020.1,6029.2,245,0
20230831,150000,6029.1,6029.1,5996.2,6002.5,1693,0
20230831,160000,6000,6000,5972.1,5980.5,905,0
20230831,170000,5980,5995,5975.9,5989.7,789,0
20230831,180000,5992.9,5995,5986,5994,165,0
20230831,190000,5995,6007.2,5983.6,6004.5,244,0
20230831,200000,6000.1,6016.8,5998.6,6004.6,413,0
20230831,210000,6004,6008.5,6000.6,6008.5,50,0
20230831,220000,6008.7,6014,5992.4,6001.7,59,0
20230831,230000,6002.9,6002.9,5984.4,5991.9,119,0
20230901,090000,5984.7,6002.6,5975.1,5992,490,0
20230901,100000,5987.8,6010.2,5987.7,6010.2,374,0
20230901,110000,6010,6015.6,6003.9,6010,168,0
20230901,120000,6009.1,6027.6,6009.1,6026.5,398,0
20230901,130000,6026.5,6041.4,6017.2,6031.3,1184,0
20230901,140000,6032.1,6050.7,6024,6035,613,0
20230901,150000,6036.1,6051.2,6021.9,6046,1129,0
20230901,160000,6036.9,6042.5,6001.1,6001.1,2696,0
20230901,170000,6001.1,6004.1,5980.9,6001.4,4594,0
20230901,180000,6002.9,6021.4,6002.9,6021.4,289,0
20230901,190000,6003.4,6040.5,6003.2,6022,222,0
20230901,200000,6020.2,6035,6020.2,6035,45,0
20230901,210000,6028,6028,6023.4,6023.4,21,0
20230901,220000,6023.4,6027.4,6019.2,6019.2,21,0
20230901,230000,6020.6,6020.6,6014.8,6014.8,10,0
20230904,090000,6017.6,6047.4,6017.6,6039.3,291,0
20230904,100000,6039.3,6046.1,6031.3,6046.1,687,0
20230904,110000,6046,6048,6040,6046.5,230,0
20230904,120000,6047.9,6048,6030.6,6039.5,221,0
20230904,130000,6035.3,6041.5,6030.6,6036.8,551,0
20230904,140000,6037.1,6046.1,6035.1,6046.1,327,0
20230904,150000,6046,6048,6040,6044.9,297,0
20230904,160000,6040.7,6041.7,6035.2,6036.6,194,0
20230904,170000,6036.6,6038.4,6016.3,6038.4,1077,0
20230904,180000,6031,6049,6025,6046.2,766,0
20230904,190000,6028.1,6039.7,6028,6039,90,0
20230904,200000,6043.1,6045,6039.4,6045,14,0
20230904,210000,6045.4,6047.8,6036.7,6036.7,163,0
20230904,220000,6047.6,6047.8,6035.1,6038.7,40,0
20230904,230000,6045.7,6047.7,6040.2,6047.7,76,0
20230905,090000,6047.8,6058.8,6044.5,6053.6,766,0
20230905,100000,6054.2,6064.8,6049.9,6062.6,1025,0
20230905,110000,6063.9,6073.2,6057.9,6060.9,812,0
20230905,120000,6060.9,6060.9,6049.1,6053.3,317,0
20230905,130000,6053.1,6065,6048.3,6060.9,560,0
20230905,140000,6060,6064.5,6057,6057,237,0
20230905,150000,6057.1,6070,6055.5,6066.4,436,0
20230905,160000,6066.8,6074,6058.4,6062.8,902,0
20230905,170000,6064.6,6075,6064.1,6075,409,0
20230905,180000,6075,6084.5,6073.1,6084.5,657,0
20230905,190000,6085.5,6094.6,6078.1,6085,152,0
20230905,200000,6089.6,6090,6083,6083,295,0
20230905,210000,6082.6,6085.5,6078.9,6080.1,40,0
20230905,220000,6080.2,6085.1,6080,6085.1,27,0
20230905,230000,6085.2,6089.9,6085.2,6089.8,62,0
20230906,090000,6089.9,6097,5796,6038.8,4981,0
20230906,100000,6043.6,6074.3,6040.4,6059.5,1271,0
20230906,110000,6058.3,6074.7,6050.1,6073.7,1683,0
20230906,120000,6073,6087.9,6073,6078.4,459,0
20230906,130000,6076.7,6103.8,6074.3,6084.6,2196,0
20230906,140000,6084.5,6094.5,6075.2,6076,622,0
20230906,150000,6076.2,6092,6075.1,6080.7,298,0
20230906,160000,6080.6,6097,6071.1,6097,1043,0
20230906,170000,6097,6097,6065.3,6087.1,622,0
20230906,180000,6087.1,6094.9,6083.7,6092,583,0
20230906,190000,6093.6,6101.3,6076,6085.9,1002,0
20230906,200000,6087.3,6090.4,6084.1,6084.1,44,0
20230906,210000,6083.6,6083.6,6070,6072.9,325,0
20230906,220000,6076.8,6095.6,6076.2,6081.7,135,0
20230906,230000,6080.5,6081.1,6080.5,6080.5,3,0
20230907,090000,6067.4,6086,6060.6,6081.4,193,0
20230907,100000,6080.2,6086.9,6073,6086.9,257,0
20230907,110000,6087,6087.6,6067.5,6079.9,105,0
20230907,120000,6080,6089.1,6077.9,6089.1,172,0
20230907,130000,6089.1,6090,6084.7,6084.7,653,0
20230907,140000,6084.5,6084.5,6019.7,6059.5,2490,0
20230907,150000,6060.2,6071.8,6050.8,6060.6,425,0
20230907,160000,6057.2,6064.7,6045,6057.8,216,0
20230907,170000,6064.2,6078,6061.6,6074,396,0
20230907,180000,6071.9,6089.6,6071.9,6078.2,620,0
20230907,190000,6089.9,6096.9,6076,6079.2,117,0
20230907,200000,6076,6085.7,6075.8,6085.7,43,0
20230907,210000,6081.9,6086.2,6077.1,6086.2,40,0
20230907,220000,6082.3,6082.3,6082.3,6082.3,8,0
20230907,230000,6085.1,6085.7,6082.6,6084.4,45,0
20230908,090000,6085,6096.6,6082.5,6090,120,0
20230908,100000,6090,6090,6060.1,6060.1,418,0
20230908,110000,6060.1,6060.1,6038,6041.8,1282,0
20230908,120000,6045,6066.6,6045,6047.5,298,0
20230908,130000,6047.5,6063,6047.5,6060.2,103,0
20230908,140000,6062.3,6063.6,6053.5,6060.9,168,0
20230908,150000,6059.8,6066.1,6050,6050,293,0
20230908,160000,6052.7,6065,6045.2,6061.5,198,0
20230908,170000,6062.5,6074.4,6055,6065,283,0
20230908,180000,6065,6065,6040,6042.1,293,0
20230908,190000,6040,6040.6,5945,6027.1,2231,0
20230908,200000,6027.1,6033.7,6027.1,6033.7,76,0
20230908,210000,6033.9,6033.9,6027.1,6027.1,117,0
20230908,220000,6027.8,6039.5,6021.4,6026.7,303,0
20230908,230000,6031.2,6031.2,6022.3,6022.3,31,0
20230911,090000,6000,6005,5972.5,5984.6,1552,0
20230911,100000,5982,5997.3,5976,5980.8,473,0
20230911,110000,5977.4,5978,5933,5939.6,1456,0
20230911,120000,5940,5960,5940,5943.2,479,0
20230911,130000,5943.2,5958.9,5940.1,5952.4,3531,0
20230911,140000,5955.8,5958.1,5940.1,5945,187,0
20230911,150000,5944.2,5950,5933.7,5950,186,0
20230911,160000,5945.1,5945.7,5904,5914.5,633,0
20230911,170000,5910.9,5913.3,5890,5890,948,0
20230911,180000,5893.4,5893.4,5865,5865,861,0
20230911,190000,5865,5865,5848.9,5862.6,855,0
20230911,200000,5861.8,5885,5840,5866.6,1314,0
20230911,210000,5866.5,5876.1,5840,5860,234,0
20230911,220000,5860.1,5860.2,5841,5849.6,142,0
20230911,230000,5845,5859,5845,5858.2,26,0
20230912,090000,5797,5815,5757.4,5779,2215,0
20230912,100000,5778.9,5840,5777.5,5830,1326,0
20230912,110000,5826.1,5862.5,5826.1,5852.8,1453,0
20230912,120000,5852.8,5865.5,5830.5,5835,814,0
20230912,130000,5835,5835.8,5810.2,5812.3,652,0
20230912,140000,5813,5823,5797.2,5800,895,0
20230912,150000,5800,5800,5756.7,5787,1104,0
20230912,160000,5787.2,5830,5783.9,5830,537,0
20230912,170000,5828,5830.9,5816.6,5825.3,1193,0
20230912,180000,5825.3,5833.8,5812.3,5832.8,127,0
20230912,190000,5849.8,5849.8,5819.7,5839.4,88,0
20230912,200000,5839.9,5850.1,5839,5842.3,179,0
20230912,210000,5843,5848.9,5835.8,5839.7,43,0
20230912,220000,5840,5841.3,5838.6,5838.7,44,0
20230912,230000,5838.6,5838.6,5830,5831,14,0
20230913,130000,5848,5888,5848,5867.8,431,0
20230913,140000,5872.3,5892.5,5867.5,5892,273,0
20230913,150000,5891,5907.7,5875.7,5899,683,0
20230913,160000,5899.3,5919.8,5896,5914.2,322,0
20230913,170000,5916.8,5920,5899.2,5903.8,277,0
20230913,180000,5907.5,5910,5880,5891.3,175,0
20230913,190000,5893.5,5898.1,5890.1,5892.1,43,0
20230913,200000,5892.1,5897.8,5892.1,5897.1,36,0
20230913,210000,5898,5916,5898,5903,235,0
20230913,220000,5901.3,5902.9,5897.1,5897.1,42,0
20230913,230000,5897.8,5902.9,5897.8,5902.9,5,0
20230914,090000,5907.8,5935.6,5892.4,5892.4,891,0
20230914,100000,5892.3,5892.4,5855.3,5865.5,721,0
20230914,110000,5866.6,5893.1,5855.1,5890.8,660,0
20230914,120000,5891.5,5906.5,5875.5,5880,218,0
20230914,130000,5874.6,5886.2,5870.6,5883.5,305,0
20230914,140000,5883.5,5883.6,5873,5874.8,93,0
20230914,150000,5875.5,5875.5,5852,5872.6,408,0
20230914,160000,5867.8,5887,5862.6,5886.3,729,0
20230914,170000,5883.2,5899.8,5881.2,5882.8,163,0
20230914,180000,5887.7,5916,5887.7,5903.7,260,0
20230914,190000,5907,5933.6,5907,5915.9,203,0
20230914,200000,5914.1,5914.4,5899.9,5903.9,48,0
20230914,210000,5903.9,5904.2,5895,5895,42,0
20230914,220000,5895,5905.1,5894.9,5902,25,0
20230914,230000,5907.4,5907.4,5907.4,5907.4,1,0
20230915,090000,5909,5948,5909,5941.6,413,0
20230915,100000,5932,5932,5916.9,5919.3,387,0
20230915,110000,5918.1,5923.9,5900,5923.1,551,0
20230915,120000,5923.1,5941.2,5917.5,5941.2,349,0
20230915,130000,5941.2,5943.7,5908.3,5943.1,720,0
20230915,140000,5941,5975,5932.5,5975,1045,0
20230915,150000,5975,5988.1,5945.4,5950,1638,0
20230915,160000,5951.3,5981.5,5946.3,5981.5,1117,0
20230915,170000,5984.7,5990,5960.4,5962.8,990,0
20230915,180000,5960,5962,5943,5950.7,1654,0
20230915,190000,5956.7,5967.3,5951,5955.5,229,0
20230915,200000,5956,5966.4,5951,5958.6,62,0
20230915,210000,5961.5,5964.1,5955.3,5964,49,0
20230915,220000,5964,5966.4,5944.1,5956.2,68,0
20230918,090000,5965,5997.8,5965,5983.1,737,0
20230918,100000,5981.7,5998,5967.4,5981,823,0
20230918,110000,5981,5992,5973.3,5980.6,716,0
20230918,120000,5980.6,5987.5,5961.9,5961.9,294,0
20230918,130000,5960.2,5970.1,5950.4,5970.1,127,0
20230918,140000,5971.7,5977,5970.3,5970.3,53,0
20230918,150000,5974.1,5977.5,5968,5970.5,42,0
20230918,160000,5978,5982,5967.9,5970,268,0
20230918,170000,5970,5978.3,5965,5965,105,0
20230918,180000,5967.6,5977.5,5965,5971.6,88,0
20230918,190000,5970.9,5983.1,5970.4,5970.5,141,0
20230918,200000,5976,5979,5971.7,5971.7,15,0
20230918,210000,5971.8,5978.3,5971.8,5978.3,8,0
20230918,220000,5978.3,5978.3,5970.8,5970.8,21,0
20230918,230000,5970.6,5976.7,5970.5,5975,19,0
20230919,090000,5977,5978,5950,5950,310,0
20230919,100000,5953.3,5970.5,5941.8,5966.5,949,0
20230919,110000,5966.5,5969.9,5959.3,5960.8,407,0
20230919,120000,5960.1,5971.7,5960,5971,1132,0
20230919,130000,5972.2,5972.2,5963.5,5970,444,0
20230919,140000,5970,5973.3,5959.7,5969.9,958,0
20230919,150000,5969.8,5970,5960.4,5961,790,0
20230919,160000,5964.4,5974.9,5960.3,5970,250,0
20230919,170000,5965,5978,5961.5,5978,3849,0
20230919,180000,5975.8,5993,5973.6,5993,1555,0
20230919,190000,5993,6005,5968,5992,1076,0
20230919,200000,5992,5994.9,5986,5988,53,0
20230919,210000,5990,5992,5983.4,5985.4,82,0
20230919,220000,5983.3,5987.4,5983.2,5987,29,0
20230919,230000,5985,5991.2,5983.2,5983.2,68,0
20230920,090000,5982.7,5982.7,5970,5977.8,191,0
20230920,100000,5978.5,5982.4,5966.1,5970,195,0
20230920,110000,5966.1,5974,5957.9,5966.1,252,0
20230920,120000,5967.8,5974.9,5957.7,5960,1479,0
20230920,130000,5960,5964.9,5957,5963.7,1335,0
20230920,140000,5963.7,5963.7,5956.1,5957,781,0
20230920,150000,5956.1,5973.5,5955.4,5966.2,1092,0
20230920,160000,5968.8,5990.7,5967.5,5990.1,581,0
20230920,170000,5987.5,5999.8,5978.3,5978.3,4423,0
20230920,180000,5978.3,5987.4,5965.4,5985,336,0
20230920,190000,5970.4,5984.9,5965.5,5970,229,0
20230920,200000,5974.9,5981,5970.4,5976.8,174,0
20230920,210000,5973.9,5975,5970,5970.1,309,0
20230920,220000,5970.2,5973.5,5964,5964,72,0
20230920,230000,5965,5967.6,5950,5952,244,0
20230921,090000,5955,5962,5929.5,5937.9,752,0
20230921,100000,5930.5,5931.5,5887,5895.8,5018,0
20230921,110000,5893.1,5895.5,5887,5890.5,460,0
20230921,120000,5890.5,5899.6,5866.6,5873.6,1805,0
20230921,130000,5873.9,5875.4,5866.6,5872.2,327,0
20230921,140000,5871,5872.6,5830,5834.7,1379,0
20230921,150000,5834.9,5864.3,5830,5863.4,4314,0
20230921,160000,5862.2,5880.8,5857.5,5880.8,1467,0
20230921,170000,5880,5889.9,5872.2,5885.1,679,0
20230921,180000,5883.9,5884,5870,5870,875,0
20230921,190000,5870,5874,5825.9,5871.1,472,0
20230921,200000,5871.2,5871.6,5858.6,5871.6,81,0
20230921,210000,5871,5887.7,5871,5880.9,147,0
20230921,220000,5880,5889.3,5880,5880,110,0
20230921,230000,5877.9,5878.8,5873.3,5877.7,47,0
20230922,090000,5880,5932.8,5870.5,5870.5,502,0
20230922,100000,5873.4,5888.3,5870,5882.1,315,0
20230922,110000,5877.8,5881.5,5877,5877,823,0
20230922,120000,5878,5887,5878,5887,226,0
20230922,130000,5887,5888.9,5875.1,5881.4,1773,0
20230922,140000,5881.4,5881.4,5872.5,5872.5,800,0
20230922,150000,5872.5,5872.5,5860.4,5860.4,164,0
20230922,160000,5861.3,5871.3,5842.4,5865,1430,0
20230922,170000,5867.5,5879.8,5866.9,5867.1,170,0
20230922,180000,5873.5,5877.8,5873,5875,54,0
20230922,190000,5877,5891.6,5875.3,5875.3,65,0
20230922,200000,5875.3,5900,5875.3,5887.5,248,0
20230922,210000,5887.5,5887.5,5885.2,5886.2,18,0
20230922,220000,5886.2,5896.1,5875.4,5896.1,100,0
20230922,230000,5893,5893.6,5893,5893.6,4,0
20230925,090000,5883.7,5893,5861.4,5873.2,1152,0
20230925,100000,5873,5874,5846.8,5852.8,908,0
20230925,110000,5848.3,5853.5,5839.5,5841.4,2914,0
20230925,120000,5844.1,5856,5844,5854,755,0
20230925,130000,5854.9,5869.7,5850,5869.3,236,0
20230925,140000,5870,5870,5855,5864.9,329,0
20230925,150000,5864.5,5868,5858.2,5868,96,0
20230925,160000,5866,5875.4,5863.4,5873.3,366,0
20230925,170000,5875.9,5882.8,5871.1,5875.2,1893,0
20230925,180000,5879,5880.4,5868.6,5868.6,1057,0
20230925,190000,5878,5878,5851,5869.1,137,0
20230925,200000,5869.1,5870,5861.1,5870,141,0
20230925,210000,5867.1,5867.6,5865.1,5867.6,5,0
20230925,220000,5868.2,5870,5858,5859.9,212,0
20230925,230000,5860.3,5860.3,5860.3,5860.3,2,0
20230926,090000,5866.4,5866.4,5848.5,5848.5,1851,0
20230926,100000,5848,5862.5,5840,5857.5,573,0
20230926,110000,5858.5,5869.7,5857.5,5862.7,5712,0
20230926,120000,5865,5867,5857.5,5861,62,0
20230926,130000,5860.3,5865.3,5853.7,5861.1,88,0
20230926,140000,5853.5,5860.7,5853.5,5854.3,43,0
20230926,150000,5855.5,5857.8,5842.9,5850.9,435,0
20230926,160000,5851.2,5851.8,5836.5,5838,497,0
20230926,170000,5838,5842.5,5830,5830.3,522,0
20230926,180000,5834.6,5834.8,5818.4,5834.8,914,0
20230926,190000,5821,5840,5810,5836.7,121,0
20230926,200000,5836,5842.5,5832,5832,435,0
20230926,210000,5832,5836.5,5830,5830,59,0
20230926,220000,5828,5839.9,5825,5833,75,0
20230926,230000,5837.1,5837.6,5831.1,5832.3,16,0
20230927,090000,5825.7,5826.3,5804.1,5822.6,941,0
20230927,100000,5823,5832.5,5809.3,5811,1733,0
20230927,110000,5814.4,5825,5808.4,5824.1,301,0
20230927,120000,5822,5822.5,5805,5808,271,0
20230927,130000,5807.8,5817.2,5797.6,5800,749,0
20230927,140000,5800,5813.5,5797,5809.7,447,0
20230927,150000,5807.7,5812,5800,5809.6,1222,0
20230927,160000,5807.3,5807.3,5800,5802.6,3692,0
20230927,170000,5802.6,5806.8,5800,5805.8,1231,0
20230927,180000,5805.8,5809.9,5802,5809.9,198,0
20230927,190000,5811.1,5812,5800,5807.5,144,0
20230927,200000,5810,5819.6,5801.9,5812.3,203,0
20230927,210000,5808,5833.7,5808,5824.7,125,0
20230927,220000,5821.3,5825.6,5817.4,5822.7,17,0
20230927,230000,5823.4,5838.6,5815.5,5815.5,76,0
20230928,090000,5827.5,5827.5,5796.4,5798.2,1008,0
20230928,100000,5798.2,5825,5797.1,5819,514,0
20230928,110000,5820.1,5835.9,5820.1,5832.4,389,0
20230928,120000,5830.6,5830.6,5813.8,5813.8,740,0
20230928,130000,5813.8,5814.2,5797.7,5798,1216,0
20230928,140000,5807.6,5812.5,5807.4,5812,627,0
20230928,150000,5810,5815.5,5798,5800.1,1680,0
20230928,160000,5806.2,5815.9,5802.2,5805,1136,0
20230928,170000,5815.1,5818.8,5798.3,5808,1544,0
20230928,180000,5805.3,5805.3,5790,5790.1,785,0
20230928,190000,5800,5815.1,5786.6,5798,570,0
20230928,200000,5798,5798,5794.4,5796,111,0
20230928,210000,5796,5805.3,5796,5805.3,37,0
20230928,220000,5809,5809,5800.2,5807.6,40,0
20230928,230000,5807.6,5809,5804,5804,10,0
20230929,090000,5809,5823,5806,5823,705,0
20230929,100000,5820,5832.8,5815,5832.7,547,0
20230929,110000,5832.7,5837.6,5813.5,5834,937,0
20230929,120000,5834,5837.6,5825,5832,462,0
20230929,130000,5832.3,5851.3,5832,5850,477,0
20230929,140000,5850,5851.1,5836.5,5836.9,1960,0
20230929,150000,5836.9,5860.5,5836.9,5860.1,1333,0
20230929,160000,5852.5,5866.2,5848.1,5848.2,1318,0
20230929,170000,5850.2,5860,5839,5848.1,2058,0
20230929,180000,5846.1,5850,5830,5832.2,895,0
20230929,190000,5828.2,5865,5808.7,5845,429,0
20230929,200000,5839.4,5839.4,5827.8,5836.9,180,0
20230929,210000,5830.2,5849,5822.5,5828,620,0
20230929,220000,5828,5834.1,5825.8,5828,101,0
20230929,230000,5832.2,5832.2,5829,5829,7,0
20231002,090000,5829.1,5848,5791,5824,1420,0
20231002,100000,5825.8,5827,5787,5787,2555,0
20231002,110000,5787,5809.3,5786.1,5800,520,0
20231002,120000,5803.4,5823,5803.4,5813.7,1385,0
20231002,130000,5813.7,5822.9,5805,5818.1,568,0
20231002,140000,5819.9,5834.1,5812.1,5830,459,0
20231002,150000,5826.3,5830,5820,5824,961,0
20231002,160000,5823.9,5835,5818.2,5827.5,2554,0
20231002,170000,5825,5837.6,5812,5835,959,0
20231002,180000,5835,5849.5,5828,5849.5,1285,0
20231002,190000,5830.3,5859,5814.5,5844,404,0
20231002,200000,5839.1,5859,5839,5839.9,186,0
20231002,210000,5844,5851.2,5844,5847,119,0
20231002,220000,5846.1,5847.4,5832.8,5840,66,0
20231002,230000,5837.4,5849.6,5825.8,5844.9,137,0
20231003,090000,5837.9,5840,5814,5838,1615,0
20231003,100000,5830.1,5835.6,5817.3,5829,368,0
20231003,110000,5827.2,5836.2,5817.5,5827.4,732,0
20231003,120000,5821.6,5823.4,5814.8,5814.8,185,0
20231003,130000,5819.9,5823,5804,5809,543,0
20231003,140000,5812,5821.9,5800,5821.8,388,0
20231003,150000,5817.6,5832,5814,5823,319,0
20231003,160000,5820.8,5829.4,5813.8,5821.3,1082,0
20231003,170000,5816.4,5826.8,5809.6,5821,1210,0
20231003,180000,5825.1,5826.4,5823.4,5826.4,267,0
20231003,190000,5829,5835.9,5825,5825,323,0
20231003,200000,5829.5,5835,5825,5835,333,0
20231003,210000,5829.5,5835,5825.2,5829,41,0
20231003,220000,5825.2,5829.2,5821.5,5828.7,184,0
20231003,230000,5822.1,5822.1,5822.1,5822.1,1,0
20231004,090000,5821.5,5832,5808.3,5808.3,1425,0
20231004,100000,5809.5,5825,5807,5807,162,0
20231004,110000,5807,5820.4,5801,5820.4,481,0
20231004,120000,5819,5826.5,5806.3,5811,588,0
20231004,130000,5811,5814.1,5801,5806,317,0
20231004,140000,5807,5823.8,5805.3,5814.9,1119,0
20231004,150000,5816.6,5824,5813,5823.6,1746,0
20231004,160000,5822.4,5824,5804.4,5815.6,900,0
20231004,170000,5812,5826,5801.3,5825.5,980,0
20231004,180000,5825.5,5835,5812,5830.1,1190,0
20231004,190000,5819,5825.7,5811,5811,336,0
20231004,200000,5811,5816.8,5810,5815,63,0
20231004,210000,5819.9,5829.9,5805.2,5815,300,0
20231004,220000,5816.2,5820.7,5805.2,5820.7,87,0
20231004,230000,5822,5825,5820.2,5820.7,11,0
20231005,090000,5814.5,5830,5814.5,5820,190,0
20231005,100000,5816.1,5822,5811,5811.3,592,0
20231005,110000,5811.9,5822.2,5811.1,5822.2,1170,0
20231005,120000,5823,5828.5,5817.1,5827.5,398,0
20231005,130000,5827.5,5827.6,5811,5825.3,1107,0
20231005,140000,5824,5825.7,5811.1,5820,131,0
20231005,150000,5820,5820,5807.5,5808.6,1204,0
20231005,160000,5813.2,5824.9,5809,5818.5,3503,0
20231005,170000,5818.2,5818.2,5798,5802,4976,0
20231005,180000,5806.8,5810.7,5801.6,5806,1729,0
20231005,190000,5806,5827.9,5803.7,5827.9,346,0
20231005,200000,5827.9,5832,5822.4,5822.8,217,0
20231005,210000,5832.9,5835,5828,5828.5,89,0
20231005,220000,5828,5829.9,5828,5829.9,12,0
20231005,230000,5829.9,5836,5824.8,5836,357,0
20231006,090000,5834,5840,5816.6,5835.2,1749,0
20231006,100000,5835,5848.6,5832,5834,1399,0
20231006,110000,5833.2,5833.2,5796.8,5798,1872,0
20231006,120000,5798,5809.4,5793,5806.5,405,0
20231006,130000,5804.4,5816,5800.2,5807,576,0
20231006,140000,5805,5819.9,5800,5819.9,316,0
20231006,150000,5819.9,5820.5,5775.1,5789.9,2377,0
20231006,160000,5789.8,5791.1,5782.9,5790.3,4390,0
20231006,170000,5790.3,5814.9,5789.7,5801.9,6091,0
20231006,180000,5800.2,5838,5797,5835,2223,0
20231006,190000,5837.5,5848.9,5827,5830,1041,0
20231006,200000,5830,5837.9,5825.8,5832,15,0
20231006,210000,5833.5,5837,5826.5,5826.5,53,0
20231006,220000,5835.5,5837,5826,5826,50,0
20231006,230000,5825.8,5835.1,5825.7,5835.1,35,0
20231009,090000,5836.9,5910,5836.9,5888.2,3120,0
20231009,100000,5884.9,5916.7,5884.4,5908,5032,0
20231009,110000,5908,5916.5,5899.6,5915.7,2307,0
20231009,120000,5915.7,5929.2,5900.8,5915.9,1628,0
20231009,130000,5915.9,5937,5915.9,5931.1,492,0
20231009,140000,5936.6,5979.7,5934,5974,2295,0
20231009,150000,5974,5976,5953.5,5955,1589,0
20231009,160000,5955.6,5964,5911.1,5911.1,2510,0
20231009,170000,5911.1,5923.4,5874.5,5888.3,4478,0
20231009,180000,5889,5894.3,5843.3,5863.6,5618,0
20231009,190000,5864,5864,5811,5815,1521,0
20231009,200000,5814,5856.8,5812.6,5832.1,710,0
20231009,210000,5832.1,5856.8,5820.1,5856.8,269,0
20231009,220000,5856.8,5892,5856.8,5866.7,424,0
20231009,230000,5875.3,5875.3,5864.9,5873.5,56,0
20231010,090000,5879.8,5904.2,5862,5873.4,1160,0
20231010,100000,5873.3,5907.1,5865,5900,2590,0
20231010,110000,5899.5,5910,5873.6,5892.4,1920,0
20231010,120000,5887.3,5891.5,5866,5871,1020,0
20231010,130000,5870,5887,5869.3,5887,314,0
20231010,140000,5879.6,5887.7,5862,5879,1593,0
20231010,150000,5879.1,5895.9,5875.9,5890,561,0
20231010,160000,5890,5910.9,5886.1,5909,498,0
20231010,170000,5909,5936.8,5904,5932.6,2026,0
20231010,180000,5939.4,5967.6,5937.4,5960,1677,0
20231010,190000,5961.6,5961.9,5809,5957.3,1513,0
20231010,200000,5952.2,5960,5940,5947.9,490,0
20231010,210000,5944.5,5947,5940,5940.1,275,0
20231010,220000,5941,5945,5937.5,5945,144,0
20231010,230000,5948,5956.3,5917.7,5948.7,136,0
20231011,090000,5938.6,5959.9,5934.3,5950,668,0
20231011,100000,5950.1,5978,5929,5933.2,4291,0
20231011,110000,5938,5950,5931,5940.5,297,0
20231011,120000,5947.9,5953,5940.6,5947.1,588,0
20231011,130000,5945.1,5958.2,5941.1,5949,1584,0
20231011,140000,5956.1,5958.2,5941.1,5941.1,819,0
20231011,150000,5942,5949.2,5930,5933.1,1425,0
20231011,160000,5933.7,5940,5922,5926.7,5656,0
20231011,170000,5926.7,5936,5923,5927.4,219,0
20231011,180000,5929.4,5941,5928,5940.8,1768,0
20231011,190000,5933,5950,5928,5943.5,53,0
20231011,200000,5943.2,5947.8,5928.6,5945.2,70,0
20231011,210000,5935.8,5945.7,5924.3,5939.4,73,0
20231011,220000,5937.5,5947.8,5780,5816,8577,0
20231011,230000,5810.5,5818.5,5760,5799.9,3131,0
20231012,090000,5799,5829,5759.9,5783.3,5839,0
20231012,100000,5774.2,5803,5770,5793.2,2724,0
20231012,110000,5801.6,5803.4,5785.1,5796.9,4045,0
20231012,120000,5796.9,5798,5782.5,5790,496,0
20231012,130000,5790,5794.9,5781,5788,1035,0
20231012,140000,5787,5801,5784.9,5796.8,773,0
20231012,150000,5796.5,5799.5,5782.4,5789,2254,0
20231012,160000,5784.1,5788,5769.4,5773.5,2396,0
20231012,170000,5781.1,5781.1,5765.2,5773,951,0
20231012,180000,5773,5773.1,5755.5,5756.8,1562,0
20231012,190000,5756.8,5776.8,5756,5770.1,776,0
20231012,200000,5770.1,5770.1,5750,5750,815,0
20231012,210000,5750.2,5763,5740.1,5762.6,452,0
20231012,220000,5755.4,5762.4,5755.3,5759.2,37,0
20231012,230000,5755.7,5759.2,5755.7,5759,122,0
20231013,090000,5760,5790.3,5760,5773.8,1440,0
20231013,100000,5776.5,5786.5,5767.4,5775.2,1026,0
20231013,110000,5780.2,5793.9,5780.2,5783,1342,0
20231013,120000,5782.3,5790.1,5758,5774,760,0
20231013,130000,5777,5793.8,5776,5789,2688,0
20231013,140000,5788.7,5790.7,5782.5,5790,876,0
20231013,150000,5788.1,5846,5785,5837,3737,0
20231013,160000,5835,5836,5800.6,5821.9,2073,0
20231013,170000,5821.9,5839.9,5815.9,5839.9,2251,0
20231013,180000,5839.9,5861,5834.8,5860.6,1754,0
20231013,190000,5865.7,5888.7,5850.6,5867.1,3236,0
20231013,200000,5867.1,5880,5855.7,5879,517,0
20231013,210000,5876.7,5880,5862,5870.6,296,0
20231013,220000,5870.6,5879.9,5867,5873.6,371,0
20231013,230000,5876.4,5880,5868.5,5879,284,0
20231016,090000,5880,5886,5837.1,5842,1596,0
20231016,100000,5842,5869,5840.8,5864.9,1606,0
20231016,110000,5864.9,5875,5860,5874,1887,0
20231016,120000,5874.1,5882.2,5866.8,5881,809,0
20231016,130000,5880.9,5894.3,5870.8,5877.9,1923,0
20231016,140000,5885.8,5892,5865,5871.4,866,0
20231016,150000,5868.2,5891.6,5865,5890,904,0
20231016,160000,5889,5891.4,5877,5891.3,885,0
20231016,170000,5885.3,5892,5885.1,5890,583,0
20231016,180000,5891.7,5900,5886,5900,1120,0
20231016,190000,5900,5908.7,5889,5899.6,299,0
20231016,200000,5899.9,5900,5896,5900,105,0
20231016,210000,5898.9,5907,5887.3,5893,91,0
20231016,220000,5898.9,5902.9,5892.3,5902.6,25,0
20231016,230000,5900,5900,5892,5899.5,38,0
20231017,090000,5899.5,5900,5880,5885,836,0
20231017,100000,5884.8,5907,5883.4,5902.4,990,0
20231017,110000,5900.4,5904.3,5886.6,5898.9,624,0
20231017,120000,5898,5908.7,5890.5,5895,916,0
20231017,130000,5896.1,5910,5896.1,5904.9,455,0
20231017,140000,5901.1,5910,5896.5,5904,191,0
20231017,150000,5906.9,5915,5904,5915,949,0
20231017,160000,5915,5922.8,5912,5917.9,1267,0
20231017,170000,5917.3,5917.7,5906,5910.9,922,0
20231017,180000,5910.8,5939,5909.5,5927.3,2929,0
20231017,190000,5939,5939,5906.2,5930.9,292,0
20231017,200000,5937,5940,5917.1,5927.1,217,0
20231017,210000,5918.1,5931.8,5917.5,5921,55,0
20231017,220000,5929,5939,5920.5,5928.5,81,0
20231017,230000,5934.5,5942,5925.9,5942,369,0
20231018,090000,5942,5954,5937,5940.2,3330,0
20231018,100000,5949.9,5960,5937.2,5938.8,2020,0
20231018,110000,5936.6,5946.3,5922.9,5927,1424,0
20231018,120000,5925,5947,5924.7,5940,738,0
20231018,130000,5945.1,5949,5933.4,5942.5,441,0
20231018,140000,5941.8,5948.4,5934.1,5943.8,1216,0
20231018,150000,5943,5949.1,5934.1,5943.4,3493,0
20231018,160000,5942,5969.9,5927.3,5968.6,2783,0
20231018,170000,5969.4,5974,5952.5,5960.7,1180,0
20231018,180000,5959,5961,5941.1,5955.8,1605,0
20231018,190000,5950,5978.3,5949.8,5966.7,608,0
20231018,200000,5966.4,5980,5960.2,5977.6,248,0
20231018,210000,5970.7,5977.9,5958,5972.6,91,0
20231018,220000,5965.1,5968,5958,5968,47,0
20231018,230000,5966.5,5968,5961.3,5965.7,37,0
20231019,090000,5964.2,5964.2,5940.6,5959.5,570,0
20231019,100000,5959.9,5968,5952,5957,985,0
20231019,110000,5951.3,5965.1,5947.3,5955.6,929,0
20231019,120000,5955,5964.9,5937.2,5947.5,523,0
20231019,130000,5947.6,5953.3,5916.8,5923.6,3629,0
20231019,140000,5922.8,5928,5884,5887.3,10501,0
20231019,150000,5886.6,5915.8,5880.1,5911.3,4033,0
20231019,160000,5910.7,5920,5897.8,5919.1,759,0
20231019,170000,5917.7,5927.6,5905,5910.7,5751,0
20231019,180000,5911.2,5924.5,5911.2,5924.3,332,0
20231019,190000,5924.3,5930.3,5919.4,5920,564,0
20231019,200000,5920,5939.8,5918.3,5934.3,457,0
20231019,210000,5939.3,5941,5934,5936,444,0
20231019,220000,5943.3,5956.3,5940.1,5943,174,0
20231019,230000,5942,5955.8,5940,5940.2,83,0
20231020,090000,5949.7,5951.1,5940.1,5944.1,552,0
20231020,100000,5942,5945.9,5937.6,5938.7,1545,0
20231020,110000,5937.5,5945.2,5925,5943.7,877,0
20231020,120000,5943.5,5946,5933,5934.8,217,0
20231020,130000,5933,5942.9,5933,5941.2,795,0
20231020,140000,5940.4,5940.4,5900,5919,2920,0
20231020,150000,5918.1,5929.3,5907.1,5924.6,431,0
20231020,160000,5924.6,5929.2,5905.3,5918.4,1123,0
20231020,170000,5920.6,5942.1,5919.3,5940.8,661,0
20231020,180000,5940.6,5941.8,5934.5,5935,534,0
20231020,190000,5935,5935,5906.6,5906.6,284,0
20231020,200000,5906.6,5927.2,5890.6,5915,911,0
20231020,210000,5915,5915,5880,5909.8,401,0
20231020,220000,5909.8,5917,5909,5913,421,0
20231020,230000,5913,5931.9,5909,5910,258,0
20231023,090000,5929.1,5929.3,5882.1,5882.1,1268,0
20231023,100000,5881,5895,5880,5880,2684,0
20231023,110000,5878.9,5887.7,5859,5861,3061,0
20231023,120000,5860.5,5870.6,5841,5856.2,2510,0
20231023,130000,5855.3,5867.8,5850,5863.1,575,0
20231023,140000,5865,5876.4,5863.1,5866.8,491,0
20231023,150000,5867.8,5877.2,5854.8,5859.2,1149,0
20231023,160000,5857.3,5862.9,5841.2,5859.7,1044,0
20231023,170000,5858.3,5860,5841,5841,965,0
20231023,180000,5845.6,5874.9,5844.6,5871,893,0
20231023,190000,5874.9,5874.9,5866.6,5874.1,163,0
20231023,200000,5866.6,5888.4,5845.7,5877.9,787,0
20231023,210000,5871.4,5891.3,5871.4,5880.5,341,0
20231023,220000,5878.7,5880.9,5840.6,5853,685,0
20231023,230000,5853,5864.8,5841,5850.8,398,0
20231024,090000,5856.5,5868.4,5847.1,5853.7,680,0
20231024,100000,5854.4,5859,5842.1,5846.1,1086,0
20231024,110000,5848,5862.4,5840.5,5852,1256,0
20231024,120000,5852,5852,5829.1,5836,2923,0
20231024,130000,5835.8,5842.5,5828.5,5834.3,4501,0
20231024,140000,5828,5834.1,5815,5830.9,1798,0
20231024,150000,5830.9,5837.8,5827.6,5832.4,926,0
20231024,160000,5831.3,5837.2,5824,5829.5,1415,0
20231024,170000,5829,5830.7,5821.6,5821.6,399,0
20231024,180000,5825,5837.1,5822.6,5834.8,2953,0
20231024,190000,5840,5860,5835.7,5852.8,862,0
20231024,200000,5850,5866,5848,5864,465,0
20231024,210000,5860,5860,5830,5859.7,335,0
20231024,220000,5858.9,5858.9,5842.7,5842.7,229,0
20231024,230000,5847.6,5847.6,5842.7,5843.3,24,0
20231025,090000,5843.1,5852.9,5811,5842.2,1472,0
20231025,100000,5842.2,5854.9,5805,5805,2362,0
20231025,110000,5805,5824,5792.9,5808,3683,0
20231025,120000,5808,5808,5788.2,5796,1305,0
20231025,130000,5793.6,5798.3,5793.6,5797.7,1101,0
20231025,140000,5797.7,5808.8,5796.9,5808.8,4232,0
20231025,150000,5808.4,5810,5797.6,5806,359,0
20231025,160000,5806,5832,5806,5816,3464,0
20231025,170000,5812.7,5815.2,5799,5808,1799,0
20231025,180000,5802.2,5810,5798,5810,921,0
20231025,190000,5810.7,5836.2,5810.7,5820,1076,0
20231025,200000,5826.2,5840.9,5825,5832,903,0
20231025,210000,5829.1,5836.9,5825,5836.9,364,0
20231025,220000,5831.4,5839.9,5831.2,5839.8,1612,0
20231025,230000,5838.8,5838.9,5832,5836,129,0
20231026,090000,5839.8,5874.9,5839.8,5853.1,4282,0
20231026,100000,5853.1,5869.9,5850,5865.5,3996,0
20231026,110000,5863.1,5868.1,5852,5862.7,1206,0
20231026,120000,5862.7,5877,5857.2,5859,972,0
20231026,130000,5860.2,5860.2,5853,5853.8,819,0
20231026,140000,5853.5,5858.6,5848,5850,772,0
20231026,150000,5850.7,5866,5836,5839,749,0
20231026,160000,5840.7,5849.9,5832,5845.4,806,0
20231026,170000,5849.8,5858.5,5840,5850,1094,0
20231026,180000,5852,5859.5,5848.6,5853.7,585,0
20231026,190000,5859.3,5880,5855.6,5866.7,671,0
20231026,200000,5869.9,5881.9,5868.3,5881.9,708,0
20231026,210000,5880,5882.7,5880,5882.7,135,0
20231026,220000,5882.7,5883.9,5862.6,5883.9,274,0
20231026,230000,5882.7,5886,5871,5885,192,0
20231027,090000,5886.9,5900,5880.3,5890.6,1981,0
20231027,100000,5890.6,5896.9,5865.1,5865.3,997,0
20231027,110000,5869.1,5876.5,5856.6,5865,947,0
20231027,120000,5865,5865,5852,5859,309,0
20231027,130000,5857.3,5858.5,5810,5821.7,2093,0
20231027,140000,5818,5830,5816,5830,860,0
20231027,150000,5830,5847.9,5822.3,5827,3588,0
20231027,160000,5829.8,5855.3,5820.5,5842.1,7538,0
20231027,170000,5842.1,5850.1,5833.3,5837.4,2272,0
20231027,180000,5842.1,5860.9,5837.9,5854.7,2174,0
20231027,190000,5861,5870,5842.1,5855.4,244,0
20231027,200000,5862,5898,5844.6,5898,3746,0
20231027,210000,5897,5941.9,5897,5915,2538,0
20231027,220000,5912.1,5935.8,5903.7,5931.7,783,0
20231027,230000,5931.7,5940,5902,5902,390,0
20231030,090000,5900,5939.9,5876.5,5884.5,1275,0
20231030,100000,5881.1,5881.1,5850.1,5852,1413,0
20231030,110000,5852.1,5853.1,5842,5844.3,626,0
20231030,120000,5842.3,5842.3,5827.6,5832.7,831,0
20231030,130000,5832.5,5834.7,5827.1,5834.5,1708,0
20231030,140000,5832.6,5832.6,5817.5,5825.3,742,0
20231030,150000,5825.3,5838.3,5821,5831.9,504,0
20231030,160000,5830.2,5834.1,5829,5833.7,971,0
20231030,170000,5833.7,5833.7,5829.1,5829.1,402,0
20231030,180000,5830,5830,5813.4,5827.3,1269,0
20231030,190000,5827.8,5840.1,5816.5,5831.7,202,0
20231030,200000,5830.5,5850.5,5815,5837.4,541,0
20231030,210000,5837.5,5839.1,5827,5830.8,136,0
20231030,220000,5832,5832.2,5824,5824,392,0
20231030,230000,5827.4,5827.6,5818,5826.8,174,0
20231031,090000,5818,5827.5,5782,5788.2,4083,0
20231031,100000,5789.1,5802.4,5781.5,5793.9,3342,0
20231031,110000,5793.9,5793.9,5765.4,5774.3,1360,0
20231031,120000,5774.3,5780,5766,5775.6,1603,0
20231031,130000,5775.5,5780,5768.4,5769.9,464,0
20231031,140000,5776.5,5783.8,5767,5783.8,1194,0
20231031,150000,5783.8,5813.1,5780.4,5810.1,3965,0
20231031,160000,5810.1,5830.9,5810.1,5828.8,3454,0
20231031,170000,5825.3,5838.9,5821.2,5828.1,1451,0
20231031,180000,5833.6,5837.4,5810.5,5834.2,1504,0
20231031,190000,5825,5830.9,5760,5826.8,1689,0
20231031,200000,5820.1,5825,5799.1,5800,834,0
20231031,210000,5800,5804.9,5780.2,5804.9,831,0
20231031,220000,5804.9,5822.9,5804.9,5818.6,258,0
20231031,230000,5815,5815,5781,5809.7,250,0
20231101,090000,5805.6,5805.6,5771,5777.1,1518,0
20231101,100000,5783,5800.9,5777.1,5799.9,1592,0
20231101,110000,5799.9,5806.5,5777.6,5786.8,949,0
20231101,120000,5788.9,5795.9,5786.7,5786.7,322,0
20231101,130000,5786.7,5786.8,5772,5774,1198,0
20231101,140000,5779.8,5791.9,5776.6,5791.9,402,0
20231101,150000,5789,5794.9,5780.5,5783.3,569,0
20231101,160000,5781.2,5781.9,5771,5771,1427,0
20231101,170000,5775.4,5776.6,5738.9,5751.7,4788,0
20231101,180000,5752.8,5754,5705,5736.3,2731,0
20231101,190000,5744.4,5744.4,5713.4,5721.4,630,0
20231101,200000,5721.4,5741.7,5720,5730.3,856,0
20231101,210000,5740,5744.4,5716.1,5740,1246,0
20231101,220000,5742,5757,5736.3,5738.2,374,0
20231101,230000,5740.3,5748.3,5736.3,5736.3,117,0
20231102,090000,5747.8,5767.7,5740,5759.8,708,0
20231102,100000,5761.9,5767.9,5749.6,5757.3,1471,0
20231102,110000,5757.3,5774.9,5755,5764.5,1147,0
20231102,120000,5765.6,5777,5762.9,5773.7,1354,0
20231102,130000,5775,5780.6,5771.6,5777.4,1580,0
20231102,140000,5777.4,5785.9,5774.7,5782.1,674,0
20231102,150000,5783,5793.9,5780,5785.9,3360,0
20231102,160000,5785,5786.9,5780,5782.3,1107,0
20231102,170000,5781.1,5784.9,5780,5781.2,352,0
20231102,180000,5783.6,5785.9,5727.7,5773.4,2910,0
20231102,190000,5782.1,5788.1,5774.5,5781.9,63,0
20231102,200000,5777.3,5788.9,5777.3,5787,262,0
20231102,210000,5788.9,5794.9,5787,5794.9,337,0
20231102,220000,5792.5,5792.5,5777,5788.9,1057,0
20231102,230000,5788.8,5796,5788.7,5788.7,206,0
20231103,090000,5781.6,5797.9,5781,5792.5,573,0
20231103,100000,5792.6,5809.8,5785.5,5791.4,2835,0
20231103,110000,5790,5790,5764.5,5779.9,1613,0
20231103,120000,5779.9,5782.6,5770.8,5782.6,238,0
20231103,130000,5782.6,5789,5782.6,5786.5,124,0
20231103,140000,5789.8,5797,5782.1,5793.9,701,0
20231103,150000,5793.9,5809.5,5785.2,5799.5,5757,0
20231103,160000,5794.2,5802.9,5784,5798.3,883,0
20231103,170000,5798.1,5803.8,5770,5779.1,1484,0
20231103,180000,5785,5790.7,5775.1,5776.1,472,0
20231103,190000,5783.4,5783.4,5774,5775.1,1983,0
20231103,200000,5775.1,5785.3,5774.1,5785.3,269,0
20231103,210000,5780.5,5785.8,5780.5,5785.8,9,0
20231103,220000,5785.1,5788,5770,5776.6,116,0
20231103,230000,5776.7,5780.2,5775,5777,134,0
20231106,090000,5775,5775,5761.9,5767.8,686,0
20231106,100000,5767.8,5767.8,5748,5748.2,625,0
20231106,110000,5748.9,5752.1,5740.1,5750.6,685,0
20231106,120000,5750.6,5763.5,5750.3,5759.2,290,0
20231106,130000,5761.8,5761.9,5759.1,5761.9,78,0
20231106,140000,5761,5766.9,5759.9,5766.9,255,0
20231106,150000,5761.7,5768.2,5760,5762.5,658,0
20231106,160000,5762.9,5767.8,5759.4,5766.8,965,0
20231106,170000,5763.5,5764.9,5758.3,5760.5,1497,0
20231106,180000,5760.4,5761,5753.1,5753.1,704,0
20231106,190000,5755,5758,5741,5750.9,235,0
20231106,200000,5753.9,5760,5753.9,5760,33,0
20231106,210000,5759.5,5759.5,5750,5750.8,73,0
20231106,220000,5749.6,5754,5747.5,5749,1414,0
20231106,230000,5747.5,5750.6,5741.3,5750.6,130,0
20231107,090000,5755,5757.5,5740,5751.9,1574,0
20231107,100000,5749.1,5749.1,5731.4,5735,2072,0
20231107,110000,5735.1,5740.5,5735,5740.5,683,0
20231107,120000,5741,5742,5736.3,5738.2,180,0
20231107,130000,5742.6,5746.3,5742.6,5744.8,318,0
20231107,140000,5742.4,5744,5731.4,5734,878,0
20231107,150000,5731.5,5732.8,5717.1,5724.8,1838,0
20231107,160000,5727.7,5734.7,5720,5731.5,984,0
20231107,170000,5731.7,5736.1,5730.3,5733.3,1097,0
20231107,180000,5733.5,5733.5,5708.8,5729.3,2135,0
20231107,190000,5732.7,5732.7,5712.5,5720.1,533,0
20231107,200000,5722.7,5725,5715.1,5725,206,0
20231107,210000,5722,5733,5722,5730,93,0
20231107,220000,5733,5735,5730,5732,34,0
20231107,230000,5733.4,5742,5731.1,5737,601,0
20231108,090000,5740,5740,5720.4,5726.6,1162,0
20231108,100000,5728.5,5737.2,5726.6,5735,2208,0
20231108,110000,5735,5737.6,5727.7,5731.9,137,0
20231108,120000,5730.5,5734.7,5713,5720,658,0
20231108,130000,5717.7,5717.7,5707,5708,724,0
20231108,140000,5710.4,5718.8,5705.8,5705.8,463,0
20231108,150000,5706,5711.4,5701,5705,1019,0
20231108,160000,5705.3,5711.7,5700.5,5704.3,2252,0
20231108,170000,5704.3,5706,5690,5694.3,1569,0
20231108,180000,5695.9,5699,5674.8,5679.1,5286,0
20231108,190000,5679.2,5689.5,5678,5684.9,560,0
20231108,200000,5684.9,5686,5681,5682,355,0
20231108,210000,5683,5686,5679.2,5680,1098,0
20231108,220000,5684.5,5684.5,5675.1,5675.1,509,0
20231108,230000,5675.1,5681.7,5671.8,5679.7,303,0
20231109,090000,5682,5693.4,5672.3,5680,442,0
20231109,100000,5680,5685.1,5658.5,5664.4,1163,0
20231109,110000,5662.1,5662.1,5628,5647.4,4100,0
20231109,120000,5640.9,5656.8,5631.9,5631.9,1349,0
20231109,130000,5632.9,5633.1,5631,5631.5,787,0
20231109,140000,5631,5638.9,5624.6,5638.9,4409,0
20231109,150000,5637,5647.1,5634.2,5643.3,1520,0
20231109,160000,5644,5645.7,5638.6,5645.7,230,0
20231109,170000,5645.7,5661.1,5640,5661.1,1394,0
20231109,180000,5661,5682,5657.5,5682,1097,0
20231109,190000,5680,5693.9,5655,5670,266,0
20231109,200000,5669,5672.2,5667.7,5667.7,66,0
20231109,210000,5665,5668.5,5665,5668.5,505,0
20231109,220000,5668.5,5672.2,5661.2,5672.2,149,0
20231109,230000,5672.2,5676.3,5667.8,5676.3,81,0
20231110,090000,5670,5676.2,5657.7,5667.8,663,0
20231110,100000,5667.8,5671.2,5662.6,5668.5,909,0
20231110,110000,5667.1,5686.2,5666.6,5684.1,2974,0
20231110,120000,5681.1,5682,5677.3,5681.9,1283,0
20231110,130000,5681.9,5684.1,5677.1,5680,582,0
20231110,140000,5679,5681.4,5671.2,5673.2,782,0
20231110,150000,5674,5674.5,5659.8,5666.9,3241,0
20231110,160000,5666.9,5682.7,5665,5680,300,0
20231110,170000,5681.9,5685.7,5672.8,5672.8,341,0
20231110,180000,5673,5678.9,5673,5676.4,152,0
20231110,190000,5686,5687.7,5676.3,5685.9,120,0
20231110,200000,5685.9,5687,5677.9,5681.2,93,0
20231110,210000,5679.1,5685.2,5672,5676.3,176,0
20231110,220000,5679.2,5681.9,5672.8,5673.9,49,0
20231110,230000,5679.8,5679.9,5673.6,5673.6,74,0
20231113,090000,5670.7,5683.7,5655,5681.9,781,0
20231113,100000,5680.9,5682.9,5671.1,5674,497,0
20231113,110000,5672.5,5673.9,5660.6,5667.8,820,0
20231113,120000,5662,5663.9,5657,5657.6,403,0
20231113,130000,5657.6,5659.5,5651.9,5659.5,445,0
20231113,140000,5659,5660.9,5649,5649,1155,0
20231113,150000,5649,5659.8,5644.5,5659.8,978,0
20231113,160000,5659,5660,5645,5646,415,0
20231113,170000,5646,5649.9,5632.4,5638.9,891,0
20231113,180000,5637.9,5639.4,5628.9,5637,1506,0
20231113,190000,5638.9,5677.8,5613.5,5622.9,4582,0
20231113,200000,5623.4,5632.8,5618.5,5631,2171,0
20231113,210000,5631.3,5634.7,5631,5634.7,184,0
20231113,220000,5634.7,5634.8,5619.5,5632.6,937,0
20231113,230000,5632.6,5632.6,5625,5631.9,148,0
20231114,090000,5632.3,5641.8,5632,5633,318,0
20231114,100000,5632.5,5640.9,5628.1,5640,1051,0
20231114,110000,5640,5645.5,5632.5,5636,4074,0
20231114,120000,5635.9,5641.9,5635.1,5640.8,428,0
20231114,130000,5640.8,5640.8,5635,5635,2864,0
20231114,140000,5635,5635.9,5619.9,5619.9,4671,0
20231114,150000,5620,5628,5613.8,5621.4,600,0
20231114,160000,5621.5,5633.3,5616.1,5624.6,5473,0
20231114,170000,5625,5652.3,5615.3,5645,3924,0
20231114,180000,5648.6,5651.8,5636.2,5639.3,1386,0
20231114,190000,5643.3,5652.5,5633.9,5645.9,309,0
20231114,200000,5645.8,5652.5,5642.2,5648.5,219,0
20231114,210000,5648.5,5652.5,5644.5,5650,163,0
20231114,220000,5650,5651.9,5647,5647,78,0
20231114,230000,5646.9,5649.9,5644.5,5649.9,53,0
20231115,090000,5648.6,5648.6,5635,5639.5,385,0
20231115,100000,5639.5,5647.7,5622.1,5629.8,2045,0
20231115,110000,5629.8,5634,5620,5620,7231,0
20231115,120000,5623.8,5625.5,5606.5,5607.8,1515,0
20231115,130000,5607.8,5617.7,5605.7,5610,728,0
20231115,140000,5610.4,5617.6,5607.4,5616,920,0
20231115,150000,5617.6,5630.8,5615.4,5628,4660,0
20231115,160000,5629.4,5631,5626.3,5628.9,222,0
20231115,170000,5629.5,5631,5614,5617.8,709,0
20231115,180000,5618.7,5627.7,5614,5622.1,425,0
20231115,190000,5620.9,5630.2,5617.7,5623.1,191,0
20231115,200000,5623.1,5627.8,5611.2,5617.8,1023,0
20231115,210000,5613.8,5623,5608.1,5610.9,250,0
20231115,220000,5610,5623,5608.1,5612.8,59,0
20231115,230000,5615.8,5623,5607.9,5607.9,141,0
20231116,090000,5615.1,5627,5613.8,5624,282,0
20231116,100000,5622,5628.9,5586.5,5589.9,3674,0
20231116,110000,5589.4,5595,5574.5,5580,1741,0
20231116,120000,5580.9,5581.1,5576,5580,1146,0
20231116,130000,5580,5590.5,5579.4,5583,829,0
20231116,140000,5583,5593.9,5583,5593.9,383,0
20231116,150000,5593.9,5593.9,5578.6,5578.9,474,0
20231116,160000,5581.9,5585.7,5507.2,5539.4,10696,0
20231116,170000,5539.4,5539.4,5515.4,5536,16109,0
20231116,180000,5531.2,5549,5520.9,5540,4993,0
20231116,190000,5543,5571.4,5543,5557.8,945,0
20231116,200000,5557.8,5571.4,5557.5,5561.4,184,0
20231116,210000,5565.8,5568.9,5561.3,5562.5,146,0
20231116,220000,5562.4,5575,5561.3,5571.9,798,0
20231116,230000,5571.9,5573.8,5563,5563.2,161,0
20231117,090000,5562.5,5562.9,5542.4,5547.6,1195,0
20231117,100000,5545,5554.8,5538.1,5554.8,269,0
20231117,110000,5551.5,5556.1,5550.1,5556.1,184,0
20231117,120000,5556.4,5565.3,5556,5565.3,1220,0
20231117,130000,5565.5,5566.9,5564,5566,266,0
20231117,140000,5564,5572.9,5560,5565.1,929,0
20231117,150000,5565.5,5573.5,5560.5,5565.1,484,0
20231117,160000,5570.4,5574,5566,5570.7,1288,0
20231117,170000,5572.9,5581.9,5568.6,5573,1886,0
20231117,180000,5572,5582.3,5567.9,5582.3,994,0
20231117,190000,5578.3,5582.9,5566,5571.1,162,0
20231117,200000,5573.9,5580.9,5570,5575.7,126,0
20231117,210000,5570.2,5582.9,5570.2,5580.7,143,0
20231117,220000,5576,5576.1,5566,5576.1,95,0
20231117,230000,5575,5580.9,5569.2,5575.9,174,0
20231120,090000,5568,5568,5552.4,5566,698,0
20231120,100000,5566,5567,5531,5531,11826,0
20231120,110000,5531.5,5541.2,5520.3,5524.1,21358,0
20231120,120000,5524.2,5526,5514.3,5515,5011,0
20231120,130000,5514.8,5517.3,5510.8,5513.4,1412,0
20231120,140000,5513.9,5513.9,5501.8,5508.7,1715,0
20231120,150000,5508.7,5514.9,5507.3,5514.9,1440,0
20231120,160000,5515,5523,5500,5500,2031,0
20231120,170000,5500,5501.7,5490.6,5498.6,2031,0
20231120,180000,5498.6,5507.4,5495.7,5506,1054,0
20231120,190000,5500.8,5513.6,5495,5502.3,1027,0
20231120,200000,5502.4,5502.6,5483,5497.2,641,0
20231120,210000,5497.3,5505.6,5497.3,5500.1,102,0
20231120,220000,5500,5504.7,5497.9,5504.6,108,0
20231120,230000,5499.5,5513.2,5499.5,5513.2,231,0
20231121,090000,5508,5517.1,5505.3,5508.3,866,0
20231121,100000,5508,5516.7,5507.1,5515.1,977,0
20231121,110000,5515.1,5520,5514.2,5517.7,554,0
20231121,120000,5520,5525.2,5519.7,5525.1,430,0
20231121,130000,5525,5529.8,5525,5529.8,279,0
20231121,140000,5528.7,5529.9,5528.3,5529,162,0
20231121,150000,5529,5536.3,5528.7,5535,508,0
20231121,160000,5535,5540,5535,5540,301,0
20231121,170000,5540.5,5559,5539.6,5558,1376,0
20231121,180000,5554.4,5557.8,5553,5556,578,0
20231121,190000,5555,5555,5536.2,5538.9,253,0
20231121,200000,5538.9,5542.4,5536,5542.4,87,0
20231121,210000,5542.5,5548,5542.5,5546,377,0
20231121,220000,5546.1,5550.8,5546.1,5549.4,78,0
20231121,230000,5550.9,5555.8,5546.1,5546.1,303,0
20231122,090000,5554.5,5564.4,5554.5,5556.4,790,0
20231122,100000,5556.4,5564.4,5553.8,5563.9,849,0
20231122,110000,5563.5,5576.1,5563.5,5574.5,3170,0
20231122,120000,5574.1,5581.5,5568.8,5574.8,2141,0
20231122,130000,5574.8,5584.3,5565.1,5568,4494,0
20231122,140000,5571.9,5571.9,5564.9,5567.5,1449,0
20231122,150000,5567.7,5568.9,5558,5566.3,1907,0
20231122,160000,5564.4,5568.9,5541.9,5545.1,4716,0
20231122,170000,5545,5556.2,5541.1,5553.3,9067,0
20231122,180000,5553.3,5555.1,5535.9,5545.8,5383,0
20231122,190000,5547.2,5549.1,5536.2,5549.1,1088,0
20231122,200000,5549.2,5549.4,5535.4,5543,477,0
20231122,210000,5542.1,5555.9,5517.8,5535.8,882,0
20231122,220000,5531.2,5543.2,5524.6,5537.4,1180,0
20231122,230000,5539.5,5547.9,5537.4,5543.7,1523,0
20231123,090000,5540.7,5540.7,5534.3,5538.6,388,0
20231123,100000,5538.6,5539.9,5521,5538.8,3251,0
20231123,110000,5539.8,5539.8,5529.6,5530.9,606,0
20231123,120000,5531.9,5533.9,5530.6,5532,177,0
20231123,130000,5532.4,5548,5532.3,5540.6,1276,0
20231123,140000,5542.2,5542.2,5540,5541.6,218,0
20231123,150000,5541.5,5545.4,5540.5,5545.3,954,0
20231123,160000,5543.9,5550,5543.9,5544.9,622,0
20231123,170000,5549.4,5561.8,5548.1,5561.8,1831,0
20231123,180000,5560.3,5560.3,5549.6,5549.6,1014,0
20231123,190000,5548.4,5549.3,5545,5549.3,117,0
20231123,200000,5545.3,5553.3,5545.2,5551.8,73,0
20231123,210000,5550.5,5554.2,5536.9,5548.6,549,0
20231123,220000,5548.5,5549.2,5542.9,5548.5,183,0
20231123,230000,5548.3,5549.2,5543.1,5549.2,34,0
20231124,090000,5549.2,5578.4,5544.4,5569.2,3292,0
20231124,100000,5567.9,5579.5,5565.3,5572,481,0
20231124,110000,5571.6,5571.6,5555.8,5558,3070,0
20231124,120000,5558,5583.3,5557.3,5574.4,3954,0
20231124,130000,5574.4,5586.2,5573.1,5585.1,1541,0
20231124,140000,5585.1,5585.5,5573.1,5578,369,0
20231124,150000,5573.3,5584.2,5567.3,5567.3,1334,0
20231124,160000,5568.5,5572.3,5560.2,5567.3,1044,0
20231124,170000,5567.3,5579.9,5562.6,5577.6,1085,0
20231124,180000,5576.8,5576.8,5563.5,5565.8,559,0
20231124,190000,5579.1,5579.1,5564.3,5569.5,163,0
20231124,200000,5570.7,5576.6,5567.8,5572,35,0
20231124,210000,5572,5578.6,5572,5578.6,67,0
20231124,220000,5578.7,5586.4,5574.9,5574.9,518,0
20231124,230000,5574.9,5579.7,5572,5579.7,141,0
20231127,090000,5579.8,5594.6,5579.8,5592.1,2403,0
20231127,100000,5592.1,5607.5,5588.2,5603.2,1583,0
20231127,110000,5604.5,5607.6,5590.9,5593.6,2777,0
20231127,120000,5593.6,5608.3,5587.2,5604,1954,0
20231127,130000,5604,5621.4,5601.3,5619.7,2643,0
20231127,140000,5616.2,5622.5,5614,5614.1,453,0
20231127,150000,5614.1,5616.2,5610.5,5614.6,369,0
20231127,160000,5616.9,5618.6,5600.4,5604.1,911,0
20231127,170000,5604.1,5607,5590.9,5596.3,2498,0
20231127,180000,5596.1,5605,5591.9,5600.8,3228,0
20231127,190000,5597.5,5603.7,5593.8,5600,214,0
20231127,200000,5600,5605.2,5600,5605.2,110,0
20231127,210000,5605.3,5617.9,5605.3,5616.9,305,0
20231127,220000,5618,5673.4,5614.9,5627,1377,0
20231127,230000,5626.5,5660,5621,5625.4,237,0
20231128,090000,5625.5,5632.9,5607.1,5609.5,1574,0
20231128,100000,5611.2,5614,5605.1,5608.2,2072,0
20231128,110000,5608.2,5608.3,5604.1,5605,382,0
20231128,120000,5605,5610.8,5603.4,5610.8,527,0
20231128,130000,5611,5615.3,5602.5,5602.5,1015,0
20231128,140000,5604,5608.9,5603.7,5608.9,190,0
20231128,150000,5607.8,5616,5607.8,5613.3,2479,0
20231128,160000,5613.1,5641.3,5607,5641.3,5386,0
20231128,170000,5641.4,5658.8,5641.3,5657.2,3389,0
20231128,180000,5657.2,5675.3,5656.8,5664.6,4846,0
20231128,190000,5672.5,5698.5,5672.5,5695.9,1281,0
20231128,200000,5695.3,5706.5,5695,5704.9,893,0
20231128,210000,5704.8,5706.5,5693.9,5696,1083,0
20231128,220000,5695.9,5699,5695.9,5698.9,198,0
20231128,230000,5698.9,5704.7,5697.5,5700,60,0
20231129,090000,5694,5704.6,5676.8,5680.9,2653,0
20231129,100000,5681.7,5690.9,5681.7,5685.5,4052,0
20231129,110000,5686,5687.2,5681,5682,604,0
20231129,120000,5682.3,5688.7,5676.3,5678,2574,0
20231129,130000,5676.2,5682,5676.2,5678.6,1265,0
20231129,140000,5678.9,5687.6,5676.1,5678.9,2230,0
20231129,150000,5678.8,5684.4,5675.1,5681.5,1208,0
20231129,160000,5681.5,5688.7,5675.1,5679.7,1626,0
20231129,170000,5678.5,5687.1,5674.1,5687.1,603,0
20231129,180000,5687.2,5689.4,5678.6,5682,389,0
20231129,190000,5687,5689.9,5685.1,5689.8,222,0
20231129,200000,5689.8,5689.8,5685.5,5686.2,63,0
20231129,210000,5686.3,5687,5685,5685.9,4398,0
20231129,220000,5685,5687.9,5685,5687.3,287,0
20231129,230000,5687.3,5687.4,5684.9,5684.9,515,0
20231130,090000,5684.8,5687.9,5684.1,5686.9,2167,0
20231130,100000,5686.9,5687.6,5684.7,5686.8,806,0
20231130,110000,5686.8,5686.9,5685,5685.8,4356,0
20231130,120000,5685.8,5686.7,5680.3,5684,2560,0
20231130,130000,5684,5684.3,5677.6,5684.3,2367,0
20231130,140000,5684.2,5686.9,5676.8,5686.9,1332,0
20231130,150000,5685.5,5693.1,5685.3,5691.4,2898,0
20231130,160000,5690.4,5707.2,5686,5702.3,4259,0
20231130,170000,5702.8,5724.6,5701.5,5723.9,1643,0
20231130,180000,5722.9,5725.2,5719,5725.2,1343,0
20231130,190000,5728.5,5750,5717.3,5725.3,1644,0
20231130,200000,5721.8,5725.3,5721.7,5723.7,76,0
20231130,210000,5722,5723.9,5718.1,5719.7,122,0
20231130,220000,5719.9,5719.9,5709,5713.2,600,0
20231130,230000,5710.1,5746,5710.1,5723.8,846,0
20231201,090000,5718.9,5744.6,5718.9,5736.3,1516,0
20231201,100000,5736,5736,5722.2,5731.2,1563,0
20231201,110000,5731.2,5768.4,5731.2,5766.5,3457,0
20231201,120000,5766.5,5785.2,5766.5,5784.7,6418,0
20231201,130000,5784.9,5796.8,5778.4,5792.1,6696,0
20231201,140000,5792.1,5793.5,5774.4,5775.8,3332,0
20231201,150000,5774.4,5776.3,5770.3,5773.1,616,0
20231201,160000,5775.3,5789.6,5775.3,5789,1563,0
20231201,170000,5789,5797.2,5784.4,5787.8,10384,0
20231201,180000,5787.8,5806.5,5781.1,5795.9,7815,0
20231201,190000,5799.9,5812,5795.9,5800,918,0
20231201,200000,5799.9,5807.3,5797.9,5805,800,0
20231201,210000,5801.1,5825.7,5800.7,5815,3030,0
20231201,220000,5814.1,5834.6,5810,5830,2054,0
20231201,230000,5830,5838.9,5830,5837.8,648,0
20231204,090000,5870,5875.3,5810.1,5874.5,12321,0
20231204,100000,5874.5,5874.9,5839.5,5843.6,18753,0
20231204,110000,5845.7,5874.9,5839.2,5871.3,15087,0
20231204,120000,5869.5,5885,5869.5,5879.4,2944,0
20231204,130000,5880,5895.4,5862.8,5890.7,4143,0
20231204,140000,5890.1,5900,5880.1,5887,8221,0
20231204,150000,5887,5893.2,5884.5,5892.9,1072,0
20231204,160000,5892.9,5901.7,5885,5886.1,2185,0
20231204,170000,5886.1,5886.1,5877.8,5884,4440,0
20231204,180000,5883.9,5885,5823.8,5837.6,8828,0
20231204,190000,5828.1,5849.7,5803,5825,1342,0
20231204,200000,5824.5,5835.7,5812.4,5829.9,1034,0
20231204,210000,5825,5825.9,5812.6,5812.6,293,0
20231204,220000,5812.8,5839.9,5812.1,5839.9,239,0
20231204,230000,5832.8,5842.4,5829,5842.4,167,0
20231205,090000,5845.9,5862.7,5837.8,5847.8,2990,0
20231205,100000,5853.2,5859.9,5845.8,5849.6,714,0
20231205,110000,5849.6,5860,5848.6,5857.2,3461,0
20231205,120000,5858.9,5859.8,5850.1,5854.6,924,0
20231205,130000,5855,5855.6,5845,5845.6,2441,0
20231205,140000,5845.9,5852,5840.8,5840.8,934,0
20231205,150000,5844,5860.8,5843.9,5859.5,3137,0
20231205,160000,5862.6,5879.5,5856.9,5879.5,1203,0
20231205,170000,5880,5884.6,5861.9,5867,4169,0
20231205,180000,5867.4,5871,5859.3,5859.3,1077,0
20231205,190000,5865,5877.6,5853.4,5859.7,763,0
20231205,200000,5859.7,5866.8,5854.2,5859.6,394,0
20231205,210000,5859.5,5867.7,5859.1,5867.7,476,0
20231205,220000,5868,5877.3,5867.7,5872,390,0
20231205,230000,5872,5882.7,5872,5880,292,0
20231206,090000,5877.7,5902,5873.4,5901,5828,0
20231206,100000,5899,5920.3,5899,5913.4,2370,0
20231206,110000,5912.9,5918,5907.8,5907.8,2664,0
20231206,120000,5908.7,5912.5,5904.2,5908.9,2201,0
20231206,130000,5908.7,5908.9,5865.1,5872.7,8864,0
20231206,140000,5872.1,5876.4,5835.4,5843.3,6068,0
20231206,150000,5849.2,5857.7,5842.6,5851.8,1756,0
20231206,160000,5851.1,5868.1,5849,5861.5,954,0
20231206,170000,5861.5,5900.7,5861.1,5899.1,2468,0
20231206,180000,5899.3,5899.5,5892.8,5894.1,2120,0
20231206,190000,5892.7,5900,5884.9,5889.7,974,0
20231206,200000,5894.7,5905.3,5892.8,5905,719,0
20231206,210000,5905,5905,5893,5893,317,0
20231206,220000,5892.7,5895,5887.8,5895,119,0
20231206,230000,5897.7,5901,5895,5900.9,21,0
20231207,090000,5899.9,5899.9,5861,5875.5,2003,0
20231207,100000,5878.4,5886,5856.1,5865.4,1048,0
20231207,110000,5862.8,5885,5860.9,5874.5,1484,0
20231207,120000,5874.2,5899,5874.2,5897.7,2406,0
20231207,130000,5899,5899.5,5888.5,5890.7,962,0
20231207,140000,5890.6,5893.6,5882.8,5883.2,893,0
20231207,150000,5884,5887.6,5880.1,5885.9,431,0
20231207,160000,5886,5897.8,5883.4,5889.2,1456,0
20231207,170000,5894.9,5894.9,5879.1,5879.2,999,0
20231207,180000,5879.2,5879.2,5850.2,5850.6,3149,0
20231207,190000,5855,5855,5790,5819,1363,0
20231207,200000,5819.7,5835,5783.9,5831.9,1293,0
20231207,210000,5826.8,5837.6,5826.8,5837.5,78,0
20231207,220000,5837.6,5837.6,5835,5837.6,34,0
20231207,230000,5837.6,5838,5832.3,5838,36,0
20231208,090000,5843.9,5853.9,5830,5840.1,2767,0
20231208,100000,5841.7,5847.4,5818,5825.1,1781,0
20231208,110000,5827.7,5832.4,5821.1,5823.7,850,0
20231208,120000,5826.6,5832.4,5810.4,5817.5,673,0
20231208,130000,5817.5,5822.5,5788,5789.6,2164,0
20231208,140000,5787.6,5802.4,5782,5782,1482,0
20231208,150000,5782,5789.2,5768.5,5789.2,945,0
20231208,160000,5789.9,5790,5760.1,5771.6,3845,0
20231208,170000,5770.3,5770.3,5710,5714,12933,0
20231208,180000,5713.1,5721.2,5699.7,5721.2,12333,0
20231208,190000,5719.9,5737.4,5718,5725.2,956,0
20231208,200000,5725.2,5725.2,5675,5701.8,1747,0
20231208,210000,5693.6,5700,5607,5680.7,3286,0
20231208,220000,5680.1,5722.6,5673.4,5701.9,1945,0
20231208,230000,5701.8,5705,5695.2,5695.4,472,0
20231211,090000,5699.1,5708.4,5690,5704.2,3825,0
20231211,100000,5703.5,5703.7,5672.1,5673.5,5612,0
20231211,110000,5673.3,5673.3,5650,5663.5,3372,0
20231211,120000,5663.5,5666,5650.1,5650.1,955,0
20231211,130000,5651.3,5658.5,5638.7,5639.9,3941,0
20231211,140000,5639.9,5650.8,5638.8,5640,1317,0
20231211,150000,5639,5656,5638.6,5653.8,1044,0
20231211,160000,5656,5660.7,5623.6,5641.1,5904,0
20231211,170000,5642.3,5648.5,5625,5627.4,7717,0
20231211,180000,5627.4,5644.9,5624.1,5628.3,3471,0
20231211,190000,5633.5,5633.6,5610,5615.2,456,0
20231211,200000,5615.2,5616.4,5610,5614.1,189,0
20231211,210000,5612.4,5615,5609.9,5613,655,0
20231211,220000,5614.7,5616.1,5610.3,5616.1,147,0
20231211,230000,5612.4,5614,5595.7,5595.7,1413,0
20231212,090000,5600,5632.6,5600,5627.4,3252,0
20231212,100000,5625.7,5630.1,5616.3,5623.5,776,0
20231212,110000,5618.2,5618.2,5605,5606.7,313,0
20231212,120000,5606.7,5608.6,5590,5600.4,2030,0
20231212,130000,5600.4,5611,5591.2,5610.3,981,0
20231212,140000,5610.4,5612.2,5600,5601,1491,0
20231212,150000,5603.5,5615,5593,5613,1200,0
20231212,160000,5613,5621.1,5589.3,5590,4097,0
20231212,170000,5588.6,5596.3,5587.7,5587.8,3917,0
20231212,180000,5587.7,5587.8,5571.1,5578.8,4500,0
20231212,190000,5589.9,5589.9,5572.6,5579.2,185,0
20231212,200000,5579.2,5579.6,5571,5571.8,136,0
20231212,210000,5578.4,5578.9,5570.8,5571.1,92,0
20231212,220000,5576.8,5579.9,5571.7,5577.9,58,0
20231212,230000,5577.9,5578,5572,5578,66,0
20231213,090000,5578,5579,5558,5562.1,1148,0
20231213,100000,5561.1,5565.3,5558.9,5564.5,2754,0
20231213,110000,5565.3,5573.9,5561.2,5573.9,892,0
20231213,120000,5573.9,5578,5573.2,5576.5,980,0
20231213,130000,5578,5578.1,5572.8,5576.1,597,0
20231213,140000,5576.4,5580.7,5565.1,5572,1038,0
20231213,150000,5570.2,5573.5,5564.9,5564.9,305,0
20231213,160000,5563.1,5573.3,5562.6,5569.6,1183,0
20231213,170000,5570.7,5580,5564.3,5576.6,1684,0
20231213,180000,5577.4,5583.8,5574.5,5576.2,6037,0
20231213,190000,5580.9,5598.4,5580.9,5598.4,214,0
20231213,200000,5598.6,5607.2,5597.1,5607,329,0
20231213,210000,5601.8,5605,5595.1,5599,358,0
20231213,220000,5599,5656,5599,5648.1,1683,0
20231213,230000,5648,5656.1,5637.4,5656.1,310,0
20231214,090000,5662,5692.6,5656.3,5688.5,3494,0
20231214,100000,5688.5,5701.8,5671.4,5674.2,3852,0
20231214,110000,5676.8,5711.3,5676.4,5692.4,4836,0
20231214,120000,5691.1,5713.9,5691,5711.6,1822,0
20231214,130000,5711.1,5727.4,5711.1,5716.5,1991,0
20231214,140000,5717,5723.9,5686.5,5722.1,7610,0
20231214,150000,5721.8,5729.7,5714.3,5722.4,2124,0
20231214,160000,5727.1,5741.1,5704.9,5730.9,2743,0
20231214,170000,5730.9,5784.8,5728,5768.9,6202,0
20231214,180000,5767.1,5779.3,5699.1,5741.9,13999,0
20231214,190000,5742,5745.8,5728.2,5739.2,274,0
20231214,200000,5739.8,5743.9,5720.3,5725,264,0
20231214,210000,5725,5734.2,5702.3,5710,1256,0
20231214,220000,5716.4,5735.5,5711,5728.6,298,0
20231214,230000,5734,5739.9,5729.1,5738,161,0
20231215,090000,5734.9,5734.9,5711.2,5711.7,890,0
20231215,100000,5710.1,5718,5700,5711,1399,0
20231215,110000,5711,5730,5710,5730,1252,0
20231215,120000,5731.9,5738.8,5720.1,5725.3,1904,0
20231215,130000,5729.4,5739.4,5724.6,5739.4,4507,0
20231215,140000,5737.1,5737.1,5724.7,5730.4,353,0
20231215,150000,5732,5740,5729.6,5729.6,1885,0
20231215,160000,5730,5734.4,5717.1,5719.9,1276,0
20231215,170000,5720,5729.3,5719.5,5726.9,778,0
20231215,180000,5729.4,5733.3,5719.6,5724.5,956,0
20231215,190000,5729.4,5740.5,5722,5734.4,342,0
20231215,200000,5734.4,5737.6,5729.6,5736.5,157,0
20231215,210000,5732.6,5738,5676.4,5682.1,2187,0
20231215,220000,5682.1,5691.3,5670,5691.2,571,0
20231215,230000,5691.2,5719.9,5690.1,5691.2,1417,0
20231218,090000,5696.3,5711.9,5696.3,5711.9,907,0
20231218,100000,5711.9,5716.5,5705,5707,3548,0
20231218,110000,5706.1,5710,5704.6,5709,2747,0
20231218,120000,5710,5711,5705.5,5710.9,1658,0
20231218,130000,5708.5,5710.3,5704.6,5704.6,1410,0
20231218,140000,5707.9,5709.1,5703,5709,800,0
20231218,150000,5705.5,5732.4,5704.1,5715.1,1732,0
20231218,160000,5718.5,5718.5,5711.1,5716.9,409,0
20231218,170000,5716.8,5716.9,5670.8,5683.7,8737,0
20231218,180000,5684.5,5693,5684.1,5689.8,1074,0
20231218,190000,5689.2,5689.2,5670,5670,741,0
20231218,200000,5672.9,5680.8,5610,5678,3127,0
20231218,210000,5678,5680.8,5667,5667.1,154,0
20231218,220000,5667,5671.9,5665,5671.9,152,0
20231218,230000,5671.9,5672,5671.9,5672,29,0
20231219,090000,5678.5,5684.7,5672,5674.5,1217,0
20231219,100000,5674.5,5691.7,5662.1,5689.3,2289,0
20231219,110000,5691.9,5691.9,5667.2,5680.1,418,0
20231219,120000,5683.5,5690,5678,5689.9,1003,0
20231219,130000,5690,5690,5683.1,5687,993,0
20231219,140000,5688.6,5697.6,5687.3,5697.6,1865,0
20231219,150000,5697.6,5697.6,5684.1,5694.2,1198,0
20231219,160000,5692.9,5696.9,5688,5691,2007,0
20231219,170000,5696.9,5712.4,5696.9,5712.4,5794,0
20231219,180000,5712.5,5742,5710.3,5723,6641,0
20231219,190000,5724,5741,5720.1,5740,599,0
20231219,200000,5740,5740,5720,5720.7,530,0
20231219,210000,5721,5726.7,5717,5718.6,475,0
20231219,220000,5718.6,5726,5718.6,5726,42,0
20231219,230000,5724,5727,5718.6,5726.9,154,0
20231220,090000,5740,5741.9,5704.8,5726.9,2958,0
20231220,100000,5722.6,5730.5,5704.2,5724.5,4756,0
20231220,110000,5725,5729.8,5719.5,5729.8,551,0
20231220,120000,5729.8,5738.9,5725.7,5732,1332,0
20231220,130000,5730,5730,5719.6,5722.1,1154,0
20231220,140000,5726.2,5732.9,5719.7,5723.7,4357,0
20231220,150000,5724.1,5729.4,5721.1,5721.1,1083,0
20231220,160000,5723,5726.6,5719,5723.3,1685,0
20231220,170000,5726.5,5734.2,5725.8,5729.8,5077,0
20231220,180000,5729,5729,5717.1,5720.9,583,0
20231220,190000,5722.7,5740,5722.7,5729.5,599,0
20231220,200000,5732.3,5740,5726,5739.9,44,0
20231220,210000,5734.8,5740,5729,5729,616,0
20231220,220000,5734.3,5740,5732,5732,1698,0
20231220,230000,5732,5732,5721.1,5727,119,0
20231221,090000,5727.1,5730.9,5711,5724.4,424,0
20231221,100000,5719.3,5729.4,5705.4,5718.4,3295,0
20231221,110000,5718.3,5718.7,5700.1,5712,2343,0
20231221,120000,5710,5753.4,5710,5736.9,4510,0
20231221,130000,5735.4,5747.1,5726.1,5730.6,2249,0
20231221,140000,5726.1,5736.9,5718.7,5736.9,1992,0
20231221,150000,5736.9,5787,5732.4,5761.4,8779,0
20231221,160000,5760.7,5826.9,5751.2,5799,23121,0
20231221,170000,5792.6,5792.6,5777,5790,572,0
20231221,180000,5782.9,5831,5780.1,5809.2,3328,0
20231221,190000,5812,5832.5,5805,5825.7,615,0
20231221,200000,5812.8,5824.4,5800,5800,386,0
20231221,210000,5800,5804,5793.3,5804,158,0
20231221,220000,5804,5807.5,5800.1,5800.1,117,0
20231221,230000,5804,5807.5,5795.5,5807.5,182,0
20231222,090000,5802.5,5818.3,5792.1,5817.4,2622,0
20231222,100000,5816.4,5835.8,5811,5823.5,2822,0
20231222,110000,5821.6,5836.6,5809.6,5826.3,3174,0
20231222,120000,5823.8,5832.5,5815.4,5815.5,3554,0
20231222,130000,5817,5817,5803.7,5817,1779,0
20231222,140000,5817.5,5826.2,5812.4,5822,1529,0
20231222,150000,5822,5823,5815.5,5815.5,764,0
20231222,160000,5815.5,5832,5807.6,5830.6,3419,0
20231222,170000,5832.5,5846.2,5822.7,5823.6,2851,0
20231222,180000,5823.6,5840.1,5823.6,5834.4,3193,0
20231222,190000,5833.9,5833.9,5813.6,5815,515,0
20231222,200000,5814.1,5820,5810.2,5816.4,388,0
20231222,210000,5815.2,5820,5815.1,5816.3,172,0
20231222,220000,5816.3,5816.3,5812.1,5812.1,244,0
20231222,230000,5813.6,5819.9,5812.9,5819.9,194,0
20231225,090000,5813.4,5833,5811.9,5831.7,1397,0
20231225,100000,5829,5839.6,5822,5838.4,2496,0
20231225,110000,5838.3,5858.2,5836.2,5857,1120,0
20231225,120000,5857.1,5860,5847.5,5851.4,2162,0
20231225,130000,5851.4,5860,5845,5846.6,1563,0
20231225,140000,5849,5856,5849,5856,473,0
20231225,150000,5856,5872.3,5852.3,5867,7821,0
20231225,160000,5867,5880,5856.3,5864.7,5161,0
20231225,170000,5864.3,5871.4,5862,5868.8,498,0
20231225,180000,5865.1,5871.4,5865.1,5865.1,502,0
20231225,190000,5871.3,5879.5,5865.1,5868.4,1194,0
20231225,200000,5872.3,5872.4,5866.6,5872.4,276,0
20231225,210000,5869,5875.6,5850,5850,1391,0
20231225,220000,5850.1,5869.6,5850,5862.5,321,0
20231225,230000,5860.6,5870,5860.6,5864.5,24,0
20231226,090000,5869.5,5874.9,5861.5,5872.5,1680,0
20231226,100000,5872.5,5879,5872.5,5878.9,1112,0
20231226,110000,5877.7,5878.5,5864,5869.3,2478,0
20231226,120000,5870.3,5871.2,5864.7,5866.6,391,0
20231226,130000,5869.7,5873,5859.1,5864.2,504,0
20231226,140000,5869.4,5884.1,5869.4,5884.1,1018,0
20231226,150000,5884.1,5885,5876.3,5879.9,999,0
20231226,160000,5880,5888,5878,5887.5,1790,0
20231226,170000,5888,5895,5886.8,5894.4,6265,0
20231226,180000,5894.4,5907.8,5885,5890,3280,0
20231226,190000,5888,5893.8,5880.6,5884.6,811,0
20231226,200000,5890.2,5890.2,5884.5,5884.5,267,0
20231226,210000,5884.5,5884.5,5881.6,5881.6,280,0
20231226,220000,5881.6,5884.3,5880.2,5881.4,422,0
20231226,230000,5881.4,5887.5,5881.4,5882.7,912,0
20231227,090000,5900.2,5918.3,5889.7,5914,3233,0
20231227,100000,5909.7,5916,5908.5,5909.1,1487,0
20231227,110000,5909,5921.6,5907.5,5921.6,2332,0
20231227,120000,5921.6,5940,5919.9,5940,2511,0
20231227,130000,5939,5940,5924.6,5930,2269,0
20231227,140000,5930,5935.4,5918.9,5925.3,1577,0
20231227,150000,5925.4,5933,5918.5,5928,2276,0
20231227,160000,5928,5928.9,5910,5921.4,1041,0
20231227,170000,5921,5926.8,5916.6,5925,1123,0
20231227,180000,5925,5934.8,5917.4,5924.5,990,0
20231227,190000,5920.5,5923.4,5881.3,5917.9,2210,0
20231227,200000,5917.9,5925.7,5910.6,5925.4,4864,0
20231227,210000,5925.5,5929.9,5910.5,5910.5,361,0
20231227,220000,5914.9,5914.9,5891,5891,550,0
20231227,230000,5893.1,5910.9,5893.1,5899.8,297,0
20231228,090000,5927.3,5929.9,5900.5,5915.1,992,0
20231228,100000,5920,5920,5869.2,5874,7763,0
20231228,110000,5874,5874,5826.4,5847,7332,0
20231228,120000,5847,5869.6,5830.9,5868,4526,0
20231228,130000,5867.5,5868,5845.7,5853.1,3003,0
20231228,140000,5853.3,5853.3,5841.2,5846.1,1214,0
20231228,150000,5846.9,5847.3,5835.1,5847.2,4053,0
20231228,160000,5846.8,5847.7,5832.7,5843.4,5740,0
20231228,170000,5843.4,5878.1,5839.3,5878.1,2774,0
20231228,180000,5879,5886,5873.3,5873.3,5374,0
20231228,190000,5874.5,5883.2,5853.9,5853.9,771,0
20231228,200000,5852.5,5857.4,5850.5,5850.6,1477,0
20231228,210000,5853.3,5859.1,5846.9,5855.1,603,0
20231228,220000,5859.4,5859.4,5844.7,5844.7,452,0
20231228,230000,5844.5,5848.9,5840.1,5847.4,29,0
20231229,090000,5875.3,5882.5,5866.6,5874.2,977,0
20231229,100000,5874.1,5882.5,5850,5852.5,4775,0
20231229,110000,5851.3,5858.5,5840.1,5853.9,2682,0
20231229,120000,5858,5893.5,5848.7,5884.6,1908,0
20231229,130000,5884.6,5884.6,5872.5,5874.4,1435,0
20231229,140000,5875.5,5905.5,5872.5,5900.7,1014,0
20231229,150000,5900,5903.4,5891.9,5899,1312,0
20231229,160000,5899,5900,5888.1,5895.1,405,0
20231229,170000,5897.2,5915.1,5897.2,5914.6,2350,0
20231229,180000,5914.6,5923.3,5909.4,5914.6,2230,0
20231229,190000,5924.2,5939.3,5921.4,5932.1,1362,0
20231229,200000,5930,5932,5926.6,5929,143,0
20231229,210000,5926.6,5929.1,5914.5,5918.9,396,0
20231229,220000,5914.5,5921.8,5910.8,5921.8,102,0
20231229,230000,5920,5920,5910.6,5919,245,0
20240103,090000,5913.1,5927.6,5913.1,5924.2,421,0
20240103,100000,5924.1,5933,5922.8,5933,697,0
20240103,110000,5933.3,5933.3,5920.4,5927.2,241,0
20240103,120000,5926.6,5931,5921,5927,824,0
20240103,130000,5926.2,5942.4,5925.5,5940.9,1358,0
20240103,140000,5937.3,5942.5,5927.6,5934.5,779,0
20240103,150000,5930.6,5930.6,5910.6,5929.5,2793,0
20240103,160000,5929.8,5935.4,5915,5915,638,0
20240103,170000,5916,5920,5910.7,5918.6,828,0
20240103,180000,5918.6,5931.7,5916.5,5918.3,371,0
20240103,190000,5921.5,5924,5915,5920.5,207,0
20240103,200000,5920.7,5929.2,5920.7,5927.4,346,0
20240103,210000,5927.3,5931.7,5923,5931.7,485,0
20240103,220000,5929.4,5932,5921.4,5931.9,426,0
20240103,230000,5927.3,5932,5927.3,5928.1,23,0
20240104,090000,5933,5942.5,5923.8,5928.2,887,0
20240104,100000,5925.4,5929.5,5912.5,5915.1,965,0
20240104,110000,5915.1,5915.1,5900,5903.3,2341,0
20240104,120000,5907.2,5912.8,5899.5,5899.5,1838,0
20240104,130000,5898.7,5902.6,5893.9,5902.6,349,0
20240104,140000,5902.7,5907.2,5901.3,5907.1,82,0
20240104,150000,5907.5,5907.5,5898.8,5904.2,384,0
20240104,160000,5904.2,5904.2,5880.9,5880.9,1316,0
20240104,170000,5880.6,5888.1,5874.5,5878.6,1186,0
20240104,180000,5878.5,5889.4,5877.3,5889.4,256,0
20240104,190000,5890,5891.5,5885,5888.1,140,0
20240104,200000,5888.1,5908.8,5887.7,5908.8,1369,0
20240104,210000,5907.9,5909.8,5896.5,5896.5,145,0
20240104,220000,5899.8,5903.4,5896.5,5900,152,0
20240104,230000,5900.1,5906.1,5900.1,5906.1,30,0
20240105,090000,5904.9,5907.4,5895.7,5897.9,527,0
20240105,100000,5897.4,5905.4,5887.5,5889.3,707,0
20240105,110000,5889.3,5889.3,5864.1,5874.6,917,0
20240105,120000,5874.8,5874.8,5858,5863,732,0
20240105,130000,5862,5863.5,5856.1,5863.5,894,0
20240105,140000,5863.9,5864.9,5852.7,5861.9,823,0
20240105,150000,5863.4,5889.8,5848.1,5858,4593,0
20240105,160000,5857,5862.1,5828.6,5845.8,3852,0
20240105,170000,5845.7,5859.5,5844.6,5856,804,0
20240105,180000,5856,5899.3,5856,5885.6,3613,0
20240105,190000,5882.5,5882.5,5864.5,5864.5,412,0
20240105,200000,5864.5,5866.3,5850,5863,490,0
20240105,210000,5862.9,5869,5854.6,5869,90,0
20240105,220000,5869,5877.1,5865,5870.5,54,0
20240105,230000,5869,5869,5862,5862,136,0
20240108,090000,5857.3,5857.3,5839.2,5845.1,1889,0
20240108,100000,5842.1,5850.5,5833.4,5848.2,2278,0
20240108,110000,5847.5,5847.5,5833,5841,1628,0
20240108,120000,5841,5841,5807.3,5817.8,2104,0
20240108,130000,5816.7,5819.9,5808.6,5810,1712,0
20240108,140000,5810.1,5833.5,5809,5830.6,2320,0
20240108,150000,5830.8,5847.8,5824,5843.5,1985,0
20240108,160000,5844.5,5861.8,5844.5,5847.4,1207,0
20240108,170000,5847.3,5847.6,5817.4,5827.7,2771,0
20240108,180000,5838.7,5849.7,5832.7,5846.8,1437,0
20240108,190000,5849.5,5857,5844.6,5853,762,0
20240108,200000,5852.8,5852.8,5838.5,5838.5,345,0
20240108,210000,5841.2,5849.3,5838,5849.3,141,0
20240108,220000,5849.3,5852.6,5842.6,5852.6,221,0
20240108,230000,5852.7,5853,5848.1,5848.1,23,0
20240109,090000,5852.6,5859.9,5851.2,5853.8,744,0
20240109,100000,5855.8,5858.1,5847.4,5853.2,599,0
20240109,110000,5852.1,5852.1,5828.3,5837.6,1147,0
20240109,120000,5839.2,5840.8,5825.2,5832,664,0
20240109,130000,5831,5836.8,5824.1,5824.8,1404,0
20240109,140000,5828.9,5837.4,5824.7,5831.1,1321,0
20240109,150000,5831,5831,5818.4,5819.6,2740,0
20240109,160000,5819.3,5824.9,5811.7,5824.9,1744,0
20240109,170000,5824.9,5832.4,5815.2,5817.2,2056,0
20240109,180000,5818.9,5825.3,5814.3,5820.7,1299,0
20240109,190000,5818.6,5829,5816,5828.9,261,0
20240109,200000,5828.9,5831.1,5820.5,5822.5,249,0
20240109,210000,5822.5,5824.3,5820.5,5822.5,73,0
20240109,220000,5822.5,5822.5,5820.1,5822.5,32,0
20240109,230000,5822.5,5827.7,5822.5,5822.6,42,0
20240110,090000,5822.6,5822.6,5805.6,5811.5,2257,0
20240110,100000,5806.9,5818.5,5803.3,5816,2203,0
20240110,110000,5816.4,5817.2,5807.3,5811.6,856,0
20240110,120000,5808.2,5825.1,5808.2,5815,1427,0
20240110,130000,5818.8,5820.4,5813.3,5813.3,326,0
20240110,140000,5813,5820.9,5813,5819,533,0
20240110,150000,5816.1,5819,5813,5813,215,0
20240110,160000,5812.5,5817.2,5809.8,5813,1705,0
20240110,170000,5813.5,5815,5809,5809,302,0
20240110,180000,5808.5,5812.8,5803.1,5812.8,209,0
20240110,190000,5825.9,5825.9,5803,5813.4,284,0
20240110,200000,5810.1,5813.9,5806.4,5806.4,102,0
20240110,210000,5810.4,5810.4,5804.4,5808,164,0
20240110,220000,5805.9,5809.8,5803.8,5808,57,0
20240110,230000,5808.1,5808.1,5808,5808.1,7,0
20240111,090000,5813.3,5821.9,5807.8,5808,3545,0
20240111,100000,5808,5813.4,5782.2,5785.5,5552,0
20240111,110000,5784.1,5793.4,5772,5789.7,2249,0
20240111,120000,5789.8,5792.9,5781.5,5785.7,445,0
20240111,130000,5788,5789.4,5783.6,5789.4,421,0
20240111,140000,5789.1,5798.3,5784,5789,755,0
20240111,150000,5789,5796.4,5786.5,5790.3,599,0
20240111,160000,5790.4,5811.6,5767.2,5781.8,3605,0
20240111,170000,5781.3,5781.3,5761.6,5768,4683,0
20240111,180000,5770.8,5770.9,5762.9,5763,1208,0
20240111,190000,5777.3,5804.5,5750,5773.4,7937,0
20240111,200000,5773.4,5773.5,5766.6,5766.6,1194,0
20240111,210000,5771.7,5774.9,5766.6,5772.3,136,0
20240111,220000,5773.5,5785.5,5773.5,5783.8,188,0
20240111,230000,5783.9,5783.9,5776.5,5783.2,46,0
20240112,090000,5783.5,5821.9,5782.2,5782.2,2919,0
20240112,100000,5783.6,5785.3,5774.1,5781.4,3207,0
20240112,110000,5780.8,5781.9,5774.7,5776.2,1137,0
20240112,120000,5776.8,5776.9,5772.1,5774.1,964,0
20240112,130000,5774.7,5793.5,5771.9,5790.6,4130,0
20240112,140000,5793.5,5803,5790.7,5800.9,2675,0
20240112,150000,5800,5826.2,5799.9,5818.1,4259,0
20240112,160000,5818.4,5836.3,5818,5831.2,1381,0
20240112,170000,5831.8,5838,5828.1,5835.8,2182,0
20240112,180000,5835.8,5848,5827.7,5832.2,1875,0
20240112,190000,5825.6,5837,5825.5,5835,463,0
20240112,200000,5830.5,5830.7,5814.6,5821.9,421,0
20240112,210000,5822,5825.8,5822,5825.2,87,0
20240112,220000,5825.8,5835.5,5825.8,5830.6,138,0
20240112,230000,5835.3,5835.3,5800,5831.4,562,0
20240115,090000,5837.4,5843.4,5809.6,5818,1568,0
20240115,100000,5817.9,5818,5805.1,5812.6,1263,0
20240115,110000,5812.4,5812.4,5798,5799,1750,0
20240115,120000,5799,5804.7,5786.7,5790.1,1602,0
20240115,130000,5790.1,5793.4,5785.2,5787.7,1731,0
20240115,140000,5788.1,5788.1,5775,5782,2597,0
20240115,150000,5782,5801.1,5779.8,5800.8,2565,0
20240115,160000,5800.8,5800.8,5790,5797.8,551,0
20240115,170000,5796.5,5798,5791.5,5797.5,567,0
20240115,180000,5797.5,5797.5,5785,5787.9,220,0
20240115,190000,5791.5,5798.3,5784.6,5794,250,0
20240115,200000,5798.2,5799.3,5794.1,5798.2,169,0
20240115,210000,5798.2,5798.2,5794.3,5794.3,5,0
20240115,220000,5794.3,5798.2,5794.1,5798.1,344,0
20240115,230000,5798.1,5798.2,5797,5797,58,0
20240116,090000,5793.3,5800.1,5779.4,5789.6,2116,0
20240116,100000,5792.1,5792.1,5770,5780.3,4426,0
20240116,110000,5780.3,5781.3,5774.1,5781,583,0
20240116,120000,5781.1,5782.3,5772,5775.6,796,0
20240116,130000,5777,5782.1,5772.4,5782.1,422,0
20240116,140000,5782.1,5789.5,5777.8,5786.8,1118,0
20240116,150000,5788.6,5791,5778.5,5780.5,646,0
20240116,160000,5781,5785.3,5771,5777.9,869,0
20240116,170000,5777.7,5791,5768,5770.6,2631,0
20240116,180000,5773,5779,5760.4,5769.4,2545,0
20240116,190000,5763,5773.5,5750.2,5765,2117,0
20240116,200000,5765,5765,5751.6,5759.9,1080,0
20240116,210000,5759.8,5759.8,5753.1,5758,104,0
20240116,220000,5757.5,5774.1,5757.5,5772.8,1551,0
20240116,230000,5766.5,5772.7,5765.4,5771.4,115,0
20240117,090000,5769.8,5772.8,5725.5,5740,4160,0
20240117,100000,5741,5777.8,5741,5777.8,2982,0
20240117,110000,5777.8,5787.9,5763.6,5765.4,2995,0
20240117,120000,5766.3,5767.4,5743.1,5759.1,3093,0
20240117,130000,5763.4,5772.7,5756.6,5770.8,576,0
20240117,140000,5770.5,5782.3,5766.5,5774.9,1190,0
20240117,150000,5775,5778.4,5767,5777.9,2641,0
20240117,160000,5778,5780,5772.2,5776.1,527,0
20240117,170000,5776.4,5779.5,5768,5770,638,0
20240117,180000,5770,5772.5,5742,5753.5,3183,0
20240117,190000,5753.4,5763.9,5753.4,5755.2,583,0
20240117,200000,5755,5760.7,5753.2,5760.7,129,0
20240117,210000,5760.8,5761.2,5755.1,5759.3,270,0
20240117,220000,5761,5761.2,5757.2,5758.4,86,0
20240117,230000,5758.4,5761.2,5755,5758.7,151,0
20240118,090000,5760.1,5768,5760,5764.7,561,0
20240118,100000,5764.7,5772,5750.3,5758,2177,0
20240118,110000,5758,5760,5744,5750,714,0
20240118,120000,5750,5752.7,5742.8,5746.5,379,0
20240118,130000,5748.5,5750.2,5740,5749.4,472,0
20240118,140000,5748.9,5751.2,5745,5748.4,238,0
20240118,150000,5750.9,5752.9,5749.9,5750.3,903,0
20240118,160000,5750.3,5755.6,5733,5748.7,3446,0
20240118,170000,5749.9,5768,5749.9,5762.2,1124,0
20240118,180000,5764,5774,5762,5767.4,461,0
20240118,190000,5770,5772.8,5764.7,5771.5,449,0
20240118,200000,5771.5,5773.9,5768.9,5771,324,0
20240118,210000,5771,5774.8,5732,5745.4,4689,0
20240118,220000,5745.4,5758.9,5742.6,5758.9,1431,0
20240118,230000,5758.9,5763.8,5755.2,5755.2,237,0
20240119,090000,5758,5779.4,5758,5770,2655,0
20240119,100000,5771.8,5782.7,5770,5776.6,2632,0
20240119,110000,5779.9,5780.9,5772.7,5778,662,0
20240119,120000,5778,5784.5,5718.4,5735.6,7658,0
20240119,130000,5737.3,5738.9,5715,5738.9,11109,0
20240119,140000,5738.9,5745.1,5735.5,5741.2,2629,0
20240119,150000,5740.7,5746.1,5730.5,5739.5,1985,0
20240119,160000,5739.6,5757.5,5736.8,5755.8,2584,0
20240119,170000,5757.4,5757.4,5729.5,5738,3567,0
20240119,180000,5732.6,5738.6,5718.9,5736.8,2717,0
20240119,190000,5736.9,5736.9,5725.3,5730.2,238,0
20240119,200000,5730.2,5733.5,5722.7,5733.5,582,0
20240119,210000,5733.5,5733.5,5726.7,5733.3,149,0
20240119,220000,5733.3,5735.9,5730,5735.9,222,0
20240119,230000,5731,5734.5,5728,5728,165,0
20240122,090000,5718,5719.9,5704.6,5705,1770,0
20240122,100000,5704.6,5708.5,5700,5700,1642,0
20240122,110000,5700,5700.1,5680,5685,2366,0
20240122,120000,5684.9,5701,5683.2,5700.7,2921,0
20240122,130000,5700,5703.9,5693,5698.2,3071,0
20240122,140000,5694.2,5710.8,5693.9,5710.8,1024,0
20240122,150000,5711.6,5717.6,5710,5715,383,0
20240122,160000,5715,5715,5700.5,5700.5,205,0
20240122,170000,5701.2,5701.2,5682.1,5695.5,2729,0
20240122,180000,5697.6,5709,5697.6,5703.7,201,0
20240122,190000,5703.5,5708.5,5703.5,5705.7,61,0
20240122,200000,5706.4,5706.4,5696,5700,709,0
20240122,210000,5702.2,5704.1,5698.7,5702.5,288,0
20240122,220000,5703.3,5715.4,5698.7,5715.4,288,0
20240122,230000,5715.3,5715.3,5708.6,5708.6,144,0
20240123,090000,5713.6,5722.4,5710.9,5722.4,984,0
20240123,100000,5722.9,5728.6,5700.1,5711.7,1367,0
20240123,110000,5711.6,5711.7,5704.9,5709.3,306,0
20240123,120000,5708.8,5709,5694,5706.4,930,0
20240123,130000,5707.4,5709.9,5705,5709.3,238,0
20240123,140000,5709.3,5723.6,5708.4,5716.7,437,0
20240123,150000,5717.1,5723.1,5717.1,5722.2,277,0
20240123,160000,5722.1,5725,5717,5717.3,921,0
20240123,170000,5719,5725,5712.5,5718.4,414,0
20240123,180000,5718.3,5741.4,5714.3,5723.9,2389,0
20240123,190000,5728.9,5731.9,5728.9,5730.9,174,0
20240123,200000,5730.7,5730.7,5729,5729.1,90,0
20240123,210000,5729.5,5745.9,5729,5744.9,736,0
20240123,220000,5742.6,5742.6,5733.9,5741.3,256,0
20240123,230000,5741.3,5744.7,5736.8,5736.8,935,0
20240124,090000,5740.9,5742.3,5720.4,5725.3,1752,0
20240124,100000,5722.1,5731,5716.1,5724.4,657,0
20240124,110000,5726.1,5737.5,5725,5737.5,1477,0
20240124,120000,5737.5,5745,5733.7,5739.1,964,0
20240124,130000,5737.8,5737.8,5724.9,5730.4,601,0
20240124,140000,5730.5,5739.9,5728.4,5736.8,424,0
20240124,150000,5739.4,5745,5739.4,5744.5,808,0
20240124,160000,5744.5,5760,5744,5759.8,1545,0
20240124,170000,5759.9,5763.3,5746.6,5755.2,1142,0
20240124,180000,5755.5,5759.7,5750.3,5757,1102,0
20240124,190000,5752.5,5756.8,5737.2,5741.5,371,0
20240124,200000,5742.9,5753.4,5741.8,5753.4,156,0
20240124,210000,5747.5,5749.3,5744,5745.2,131,0
20240124,220000,5744.1,5745.6,5735.3,5735.3,410,0
20240124,230000,5736.9,5741.4,5730,5736.5,150,0
20240125,090000,5736.5,5747.6,5730.6,5742.6,861,0
20240125,100000,5742.5,5750.4,5740.5,5743.4,1622,0
20240125,110000,5741.1,5742.8,5731,5734.9,1972,0
20240125,120000,5734.9,5742,5734.5,5742,1389,0
20240125,130000,5742,5750.4,5742,5745.9,873,0
20240125,140000,5747.5,5754.6,5747.5,5754.6,575,0
20240125,150000,5753.6,5765,5753.6,5765,1708,0
20240125,160000,5764.9,5796.3,5764.8,5784.9,4105,0
20240125,170000,5787.2,5802,5787.2,5795.6,2550,0
20240125,180000,5795.2,5795.6,5769.1,5773.3,1645,0
20240125,190000,5774.5,5777.4,5761.6,5767.8,292,0
20240125,200000,5767.8,5767.8,5761.6,5765,109,0
20240125,210000,5765,5767.5,5765,5767.5,70,0
20240125,220000,5767.5,5769.1,5767,5769.1,58,0
20240125,230000,5769.1,5772,5769.1,5771.9,37,0
20240126,090000,5790,5792.2,5779.6,5783,1132,0
20240126,100000,5786,5786.4,5775,5778.1,663,0
20240126,110000,5778,5810,5777.4,5809.9,2435,0
20240126,120000,5809.8,5821,5809.5,5813,1584,0
20240126,130000,5812.8,5836.5,5808.7,5836.5,5513,0
20240126,140000,5832,5832.4,5821.9,5829.1,1061,0
20240126,150000,5828.8,5829.4,5820,5820.1,1248,0
20240126,160000,5820.1,5823,5810.1,5816.5,2859,0
20240126,170000,5818.7,5821.2,5809.5,5810.3,1633,0
20240126,180000,5810.1,5810.8,5802,5802,1170,0
20240126,190000,5803,5805,5801.8,5801.9,884,0
20240126,200000,5801.9,5807.4,5801.9,5807.4,122,0
20240126,210000,5805,5811.4,5805,5811.4,84,0
20240126,220000,5811.4,5812,5806.2,5806.2,110,0
20240126,230000,5810.3,5812.4,5805.4,5811.9,326,0
20240129,090000,5817.5,5837.7,5817.5,5831.4,1643,0
20240129,100000,5831.4,5844,5831.4,5833.5,3018,0
20240129,110000,5835,5835.4,5818,5818,1270,0
20240129,120000,5820,5820.9,5800,5815.8,1172,0
20240129,130000,5815.9,5819.5,5809.8,5818.5,535,0
20240129,140000,5817.8,5819,5809.9,5819,850,0
20240129,150000,5817.9,5828.1,5814.2,5823.2,903,0
20240129,160000,5823,5823.2,5812.7,5822.4,378,0
20240129,170000,5821.9,5821.9,5772,5780.1,2666,0
20240129,180000,5780.5,5790,5770,5773,2135,0
20240129,190000,5770.3,5785.7,5770.3,5780.5,461,0
20240129,200000,5780.5,5784,5780,5781.3,111,0
20240129,210000,5781.3,5782.9,5777.7,5781,64,0
20240129,220000,5781,5781,5775.6,5781,63,0
20240129,230000,5779.4,5790,5779.2,5787,240,0
20240130,090000,5784.1,5787.4,5772.6,5785,1101,0
20240130,100000,5785.4,5817.8,5783.4,5808.1,3164,0
20240130,110000,5808.1,5812.9,5808.1,5812.4,591,0
20240130,120000,5810.9,5812.3,5808.2,5811.4,207,0
20240130,130000,5812.1,5812.3,5806,5810.8,248,0
20240130,140000,5810.4,5820.9,5808,5819.9,1430,0
20240130,150000,5819.9,5819.9,5805,5814.4,273,0
20240130,160000,5810,5816.2,5806.7,5814.9,307,0
20240130,170000,5814.4,5832.8,5812.9,5832,1514,0
20240130,180000,5832,5833,5806.8,5811,733,0
20240130,190000,5816.7,5817.3,5810,5817.3,289,0
20240130,200000,5815.4,5817.3,5810.7,5815,125,0
20240130,210000,5810.3,5815,5810.3,5810.3,118,0
20240130,220000,5810.3,5814.5,5807.4,5814,243,0
20240130,230000,5813.1,5815,5808.1,5815,198,0
20240131,090000,5810,5818.8,5809.2,5814,568,0
20240131,100000,5814,5828.5,5811.4,5822.7,1334,0
20240131,110000,5824.5,5825.7,5820,5822.6,1402,0
20240131,120000,5823.5,5839.6,5822.6,5834.4,2146,0
20240131,130000,5833.9,5834,5821.7,5825.8,478,0
20240131,140000,5827.4,5830.9,5822,5825.5,404,0
20240131,150000,5826,5826,5822,5824.4,54,0
20240131,160000,5825.8,5826,5823,5826,127,0
20240131,170000,5826,5858.5,5826,5855,2652,0
20240131,180000,5851.6,5860,5847,5856.9,1439,0
20240131,190000,5855.9,5857,5850,5854.9,899,0
20240131,200000,5850.5,5850.5,5847.1,5847.9,478,0
20240131,210000,5847.9,5855.4,5845,5848.4,826,0
20240131,220000,5845.6,5847,5834.8,5845.4,1043,0
20240131,230000,5839.6,5843.2,5820,5823,1814,0
20240201,090000,5844.1,5857.6,5844.1,5852.1,885,0
20240201,100000,5851.9,5858,5835.2,5857.2,5127,0
20240201,110000,5857,5869.6,5852.3,5869.6,2893,0
20240201,120000,5869.6,5874.6,5862.3,5862.3,937,0
20240201,130000,5862.1,5864.2,5851.5,5851.5,280,0
20240201,140000,5851.5,5856.4,5836.1,5852.2,1188,0
20240201,150000,5849.6,5854,5846.3,5854,518,0
20240201,160000,5854,5862,5850.1,5861.3,977,0
20240201,170000,5860.2,5869.9,5854.1,5869.9,1205,0
20240201,180000,5869.5,5873.9,5862.5,5873.1,745,0
20240201,190000,5860.1,5889.6,5860,5889.2,2056,0
20240201,200000,5886,5889,5866.2,5873.4,2465,0
20240201,210000,5873.4,5875.5,5867.7,5875,405,0
20240201,220000,5875.1,5877.9,5859.2,5860,1989,0
20240201,230000,5860.1,5867,5859,5867,281,0
20240202,090000,5867.4,5871.4,5867.1,5869,505,0
20240202,100000,5870.4,5888,5868.9,5880,1695,0
20240202,110000,5880.3,5890,5879.6,5885.3,1409,0
20240202,120000,5887.9,5900.7,5883.7,5895.8,5830,0
20240202,130000,5895.5,5898,5887.2,5896.4,1025,0
20240202,140000,5896.4,5925,5894,5920.2,5141,0
20240202,150000,5920.1,5937.3,5920,5934.1,1032,0
20240202,160000,5934.3,5936.3,5910.8,5910.8,4710,0
20240202,170000,5910.8,5910.8,5865,5878,30946,0
20240202,180000,5877,5880.2,5866,5880.2,743,0
20240202,190000,5889.9,5889.9,5872.4,5887.5,283,0
20240202,200000,5887.5,5887.9,5880,5885.7,297,0
20240202,210000,5882.1,5883.9,5877.1,5877.1,79,0
20240202,220000,5882.9,5883,5872.5,5872.5,176,0
20240202,230000,5872.4,5873,5870.3,5870.3,104,0
20240205,090000,5873,5873,5856,5872,1132,0
20240205,100000,5872,5893.5,5872,5891,2831,0
20240205,110000,5891,5894,5877.1,5879.9,829,0
20240205,120000,5879,5880.9,5856.1,5865.3,2009,0
20240205,130000,5866,5872,5857.6,5868.5,1130,0
20240205,140000,5870.7,5878.7,5869.1,5873,515,0
20240205,150000,5872.9,5874.5,5842.2,5843,1825,0
20240205,160000,5843,5845.2,5829.5,5832.9,5898,0
20240205,170000,5832.9,5849.8,5818.5,5848.8,2544,0
20240205,180000,5844,5847.9,5835,5841,760,0
20240205,190000,5840,5840,5835,5838.7,274,0
20240205,200000,5838.8,5839.8,5835.5,5836.6,320,0
20240205,210000,5836.6,5836.6,5836,5836.6,219,0
20240205,220000,5836.6,5836.6,5835.9,5835.9,47,0
20240205,230000,5836.6,5836.6,5835.8,5836.6,112,0
20240206,090000,5840,5848.2,5835.3,5838.3,797,0
20240206,100000,5839.9,5851.5,5837.4,5850,312,0
20240206,110000,5850.4,5850.5,5839.2,5847.5,670,0
20240206,120000,5847.6,5849.2,5835.4,5845.2,1234,0
20240206,130000,5845.9,5853.8,5845,5845.2,549,0
20240206,140000,5847.2,5853.6,5845.1,5852,470,0
20240206,150000,5852.7,5865.4,5850.5,5862,886,0
20240206,160000,5863,5867,5857.3,5860.7,439,0
20240206,170000,5862.9,5870.3,5858.2,5870,468,0
20240206,180000,5869.9,5894.1,5869.5,5890,1096,0
20240206,190000,5892.9,5894.5,5888,5892,502,0
20240206,200000,5890.9,5891.9,5882.7,5891.7,235,0
20240206,210000,5891.7,5893.6,5885,5885.1,238,0
20240206,220000,5885.8,5892.9,5885,5892.9,124,0
20240206,230000,5892.9,5892.9,5887.1,5891.3,75,0
20240207,090000,5874.7,5879,5867.4,5868.1,1121,0
20240207,100000,5871.5,5887.7,5868,5887.7,515,0
20240207,110000,5886.8,5889.8,5873.8,5880.9,1543,0
20240207,120000,5881.4,5888.3,5878.9,5884.4,693,0
20240207,130000,5884.4,5893.2,5880,5887.1,884,0
20240207,140000,5890.8,5894.3,5879.4,5879.4,683,0
20240207,150000,5879.4,5880.1,5859.4,5859.5,1175,0
20240207,160000,5859.4,5867.9,5850.2,5864.2,942,0
20240207,170000,5867.6,5894.2,5863.6,5892,1801,0
20240207,180000,5891.9,5894.3,5875,5884.3,670,0
20240207,190000,5884.2,5893.4,5880.7,5888,180,0
20240207,200000,5887.1,5887.9,5883.2,5887.9,100,0
20240207,210000,5885.1,5886,5881.1,5882,95,0
20240207,220000,5882,5885,5880,5884.9,246,0
20240207,230000,5880.2,5883.1,5880,5883.1,12,0
20240208,090000,5880,5880,5873.3,5877.9,469,0
20240208,100000,5877.8,5877.8,5860.1,5860.1,1042,0
20240208,110000,5863.3,5865.9,5861,5865.9,455,0
20240208,120000,5865,5865,5851,5860.7,868,0
20240208,130000,5862.9,5878,5860.4,5869.1,707,0
20240208,140000,5869.2,5869.4,5853.2,5857.4,606,0
20240208,150000,5858.1,5859,5848,5848,601,0
20240208,160000,5850,5855.5,5844.2,5847,1874,0
20240208,170000,5846.3,5860.1,5840,5847,1598,0
20240208,180000,5846.2,5846.2,5824.1,5831.2,2381,0
20240208,190000,5832,5833,5822.4,5830.2,523,0
20240208,200000,5830.2,5839.3,5829.9,5839.2,171,0
20240208,210000,5839.2,5848.6,5836,5839,648,0
20240208,220000,5837,5838.9,5835,5838.9,29,0
20240208,230000,5838.8,5838.8,5831.1,5831.1,82,0
20240209,090000,5832,5844.1,5831.1,5837.6,573,0
20240209,100000,5835,5835.3,5820.1,5821,1863,0
20240209,110000,5821,5826.6,5811.2,5826.6,1356,0
20240209,120000,5823.5,5826.2,5822,5823,227,0
20240209,130000,5826.7,5836,5826.7,5830,380,0
20240209,140000,5830,5860.3,5824,5829.7,1641,0
20240209,150000,5830.4,5834.7,5826.4,5827,429,0
20240209,160000,5827,5845,5821,5836.2,590,0
20240209,170000,5836.1,5848.9,5831.8,5831.8,501,0
20240209,180000,5830.8,5835.8,5825.8,5825.8,607,0
20240209,190000,5825,5831.7,5821,5821.1,779,0
20240209,200000,5826.9,5828.5,5823.1,5827.7,146,0
20240209,210000,5825.1,5829.9,5825.1,5829.9,405,0
20240209,220000,5829.9,5831.9,5825.9,5831.9,25,0
20240209,230000,5831.9,5834.9,5829.6,5829.6,39,0
20240212,090000,5829.5,5834.6,5820.2,5823.9,1030,0
20240212,100000,5824.7,5826.2,5805,5805.8,2072,0
20240212,110000,5807.4,5809.9,5805,5807.7,1308,0
20240212,120000,5808.1,5810.9,5805.1,5805.5,436,0
20240212,130000,5807.8,5810.7,5803.2,5807.7,667,0
20240212,140000,5807.7,5827,5807.7,5823,1414,0
20240212,150000,5825.9,5833.5,5825.9,5833.5,458,0
20240212,160000,5833.5,5845.8,5827.7,5829.7,2006,0
20240212,170000,5830,5830,5810,5819.3,1335,0
20240212,180000,5820.3,5823.7,5815,5816.1,788,0
20240212,190000,5815,5822.1,5809.7,5821,644,0
20240212,200000,5822.2,5828.7,5819.2,5824.7,215,0
20240212,210000,5829,5829.9,5821.6,5821.6,237,0
20240212,220000,5822,5827.7,5821.3,5823,143,0
20240212,230000,5823,5826.3,5812.5,5812.5,324,0
20240213,090000,5812.6,5832.4,5812.5,5820,784,0
20240213,100000,5823,5835.1,5822.3,5828.5,701,0
20240213,110000,5828.5,5839.2,5820,5836.2,1307,0
20240213,120000,5836.2,5850,5836.2,5850,998,0
20240213,130000,5850,5852.1,5847.6,5851.7,313,0
20240213,140000,5851.9,5855,5845.8,5846.1,474,0
20240213,150000,5846,5847.2,5836.6,5841.6,353,0
20240213,160000,5838.1,5841.7,5805.5,5806.3,3849,0
20240213,170000,5806.3,5819.9,5800,5801.1,9261,0
20240213,180000,5801,5808.9,5794.4,5802.9,2181,0
20240213,190000,5801.1,5812,5795.5,5805.9,858,0
20240213,200000,5806.1,5813.9,5806,5813.8,183,0
20240213,210000,5811.1,5815,5811,5813.3,390,0
20240213,220000,5813.3,5813.3,5801.3,5806.9,859,0
20240213,230000,5807.2,5816.6,5803.1,5811.2,352,0
20240214,090000,5810.9,5818,5805.8,5807.2,1024,0
20240214,100000,5807.1,5813.8,5798.1,5813,655,0
20240214,110000,5813,5813.3,5805.4,5806.4,978,0
20240214,120000,5805.9,5810.8,5801.6,5803.9,431,0
20240214,130000,5805.8,5808.7,5796,5803,933,0
20240214,140000,5801.9,5802.3,5790,5797.6,3418,0
20240214,150000,5798,5801.5,5794.3,5801.5,1123,0
20240214,160000,5801.9,5808.7,5801.9,5804,687,0
20240214,170000,5804,5812.2,5800.5,5810.9,3119,0
20240214,180000,5810.1,5810.1,5800.5,5803.1,488,0
20240214,190000,5803.1,5811.9,5803,5811.9,185,0
20240214,200000,5812,5820.9,5808.2,5820.9,1685,0
20240214,210000,5820.8,5830,5814,5817,611,0
20240214,220000,5819.8,5820,5814,5819.9,193,0
20240214,230000,5819.8,5819.9,5813.9,5813.9,28,0
20240215,090000,5813.8,5818.7,5805.2,5813.8,472,0
20240215,100000,5810.3,5820.4,5808.1,5818.8,3920,0
20240215,110000,5819.8,5824.3,5818,5823.6,2022,0
20240215,120000,5822.6,5836.8,5822.4,5828,743,0
20240215,130000,5830.5,5848,5826.9,5832.2,1915,0
20240215,140000,5833,5850,5830.7,5845,2525,0
20240215,150000,5845.7,5849.1,5833.6,5844.4,1689,0
20240215,160000,5847.6,5859.9,5844.4,5855.1,1339,0
20240215,170000,5857.9,5869.8,5848.4,5861.1,1927,0
20240215,180000,5861.8,5879.9,5860.7,5870.9,2539,0
20240215,190000,5871,5871,5848.9,5850.4,472,0
20240215,200000,5852.5,5861.9,5852.5,5861.9,34,0
20240215,210000,5861.9,5864.9,5858.9,5861.5,63,0
20240215,220000,5861.5,5868.9,5858.9,5862.5,204,0
20240215,230000,5864.8,5868,5861.1,5868,112,0
20240216,090000,5863,5870,5855.3,5861.4,398,0
20240216,100000,5858,5861.2,5845.2,5853.9,950,0
20240216,110000,5850.9,5878.4,5850.4,5867.6,1753,0
20240216,120000,5866.8,5866.8,5854.5,5855.5,554,0
20240216,130000,5861,5872.9,5861,5871,1896,0
20240216,140000,5870.2,5898,5870.2,5886,2262,0
20240216,150000,5888.9,5901.8,5885,5890,1192,0
20240216,160000,5889.9,5894,5866,5878.1,1335,0
20240216,170000,5878.1,5879.6,5864.4,5868.8,4377,0
20240216,180000,5870.9,5880.5,5870.9,5875,2032,0
20240216,190000,5873.4,5880,5855,5878,182,0
20240216,200000,5879.8,5882.5,5875.7,5880.6,224,0
20240216,210000,5883.5,5885.5,5879.6,5881.4,219,0
20240216,220000,5879.7,5886.4,5879.7,5882.8,79,0
20240216,230000,5882.7,5888,5882.7,5888,72,0
20240219,090000,5888,5906.2,5883.2,5897.8,2668,0
20240219,100000,5897.8,5910.7,5893.2,5909.3,1544,0
20240219,110000,5907.4,5920,5903.1,5910.1,1089,0
20240219,120000,5911.4,5915,5905.8,5910.1,732,0
20240219,130000,5909.7,5909.7,5898.5,5900,647,0
20240219,140000,5900,5903.8,5899.9,5900,350,0
20240219,150000,5899.6,5903.2,5895.4,5895.4,361,0
20240219,160000,5895.6,5902.9,5895.6,5900.2,160,0
20240219,170000,5903.8,5906.8,5900.2,5906,375,0
20240219,180000,5906,5914.6,5906,5913,559,0
20240219,190000,5900.1,5911.9,5896,5908.9,160,0
20240219,200000,5908.9,5914.3,5908.6,5914.3,295,0
20240219,210000,5914.8,5914.8,5908.9,5913.9,64,0
20240219,220000,5910.1,5910.1,5908.8,5908.8,19,0
20240219,230000,5910,5915,5910,5915,216,0
20240220,090000,5913.9,5913.9,5907,5907.6,138,0
20240220,100000,5907.6,5909.8,5900,5907.8,860,0
20240220,110000,5906.9,5912.8,5898,5909.1,1202,0
20240220,120000,5909.9,5935,5909.1,5927.8,2930,0
20240220,130000,5932.8,5933,5926.1,5926.9,712,0
20240220,140000,5926.8,5926.9,5918,5920,428,0
20240220,150000,5923.1,5923.1,5919.6,5922.6,149,0
20240220,160000,5922.6,5925.8,5917.9,5922.1,2836,0
20240220,170000,5922,5922,5918,5920.6,246,0
20240220,180000,5921.6,5924.8,5920,5921.3,2976,0
20240220,190000,5921.3,5923.7,5920,5920,156,0
20240220,200000,5920,5923.8,5918,5918.9,638,0
20240220,210000,5919,5919.8,5917,5918,1314,0
20240220,220000,5918,5919.8,5917.9,5919.6,110,0
20240220,230000,5919.6,5919.6,5912,5919.4,131,0
20240221,090000,5930,5930,5907.7,5920,2339,0
20240221,100000,5920.6,5930.4,5918.1,5928.1,3200,0
20240221,110000,5928.2,5938.1,5921.6,5921.7,2292,0
20240221,120000,5923.5,5939.8,5908.5,5927,1939,0
20240221,130000,5929.8,5930.1,5924,5929.4,1001,0
20240221,140000,5929.5,5929.9,5923.3,5923.3,2378,0
20240221,150000,5923.9,5924.9,5910.4,5918.1,2668,0
20240221,160000,5917.4,5934.9,5915,5928.6,2751,0
20240221,170000,5928.6,5934.9,5920.1,5932,2391,0
20240221,180000,5934.4,5937,5931.7,5937,771,0
20240221,190000,5925,5937.9,5905,5913.4,934,0
20240221,200000,5919.8,5919.8,5912.7,5917.9,161,0
20240221,210000,5918,5919.7,5915.4,5915.4,162,0
20240221,220000,5917.9,5919.8,5916.2,5919.8,71,0
20240221,230000,5919.7,5920.4,5919.7,5920.4,168,0
20240222,090000,5940.4,5978.4,5928.8,5937.6,2828,0
20240222,100000,5935.7,5939.4,5916.1,5920,2997,0
20240222,110000,5920,5945.2,5920,5945.2,2474,0
20240222,120000,5945.2,5973,5942.8,5958.3,2516,0
20240222,130000,5957.3,5966.9,5957.3,5962.9,1930,0
20240222,140000,5960.1,5965,5950,5958.7,3851,0
20240222,150000,5958.6,5958.7,5940.1,5943.7,2906,0
20240222,160000,5940.2,5962.1,5930.4,5957.4,2212,0
20240222,170000,5956.1,5973.5,5949.4,5965,1965,0
20240222,180000,5964,5968.9,5949.4,5961,870,0
20240222,190000,5959.4,5992.3,5952.7,5984,1924,0
20240222,200000,5984,5985.4,5974,5981.7,613,0
20240222,210000,5981.7,5982.6,5977.7,5977.7,565,0
20240222,220000,5977.7,5982,5972.1,5975.7,942,0
20240222,230000,5976.3,5990,5975,5980.3,458,0
20240226,090000,5986.9,5988.3,5952,5961.4,3601,0
20240226,100000,5959.9,5967,5953.8,5962.3,2616,0
20240226,110000,5966.7,5990,5966.7,5973.2,1730,0
20240226,120000,5972,5978.9,5967.4,5973.4,991,0
20240226,130000,5972.9,5972.9,5962.3,5966.8,2747,0
20240226,140000,5970.6,5980,5970.6,5973.4,1679,0
20240226,150000,5975.8,5976.4,5970.4,5971,2561,0
20240226,160000,5969.9,5975.4,5969.7,5971.3,583,0
20240226,170000,5975,5975.3,5966,5972,1563,0
20240226,180000,5972.4,6248.7,5972.1,5997.1,10601,0
20240226,190000,5995,6007.9,5992.5,6000.6,800,0
20240226,200000,6000.6,6002,5999,6002,377,0
20240226,210000,6001.7,6002,5999,5999,306,0
20240226,220000,5998.6,6003.1,5995.1,6003.1,286,0
20240226,230000,6003.2,6005,6000.7,6005,94,0
20240227,090000,6005,6007.1,6000.2,6007.1,595,0
20240227,100000,6006.1,6018.9,6006,6015.4,2970,0
20240227,110000,6015.4,6018,5997,6004,3584,0
20240227,120000,6002.1,6005.6,5995.8,5998.9,326,0
20240227,130000,5998.1,5998.8,5989,5989.3,1381,0
20240227,140000,5994.4,5999,5989.1,5999,249,0
20240227,150000,5999.5,6013.8,5999.5,6012.4,680,0
20240227,160000,6011.9,6018,6008.2,6017.8,2180,0
20240227,170000,6017.9,6017.9,6008.6,6012.9,1158,0
20240227,180000,6014.9,6017.4,6008.2,6010.9,1862,0
20240227,190000,6010.5,6015.8,6004,6004,528,0
20240227,200000,6004.7,6006.8,6002.7,6002.7,120,0
20240227,210000,6003,6019,6003,6016.8,386,0
20240227,220000,6013.6,6016.8,6011.1,6011.1,20,0
20240227,230000,6011,6015.5,6010.7,6015.5,44,0
20240228,090000,6010,6015.4,6002.1,6002.1,970,0
20240228,100000,6005.6,6007.6,5992.2,6000.1,2511,0
20240228,110000,6000.1,6001,5990.5,5990.6,1609,0
20240228,120000,5990.5,5990.5,5978.7,5986.9,1425,0
20240228,130000,5983.3,5985,5950,5960,2631,0
20240228,140000,5961,5976.8,5961,5975.4,1350,0
20240228,150000,5975.4,5975.5,5964.8,5965.5,507,0
20240228,160000,5966,5973.8,5950,5970.8,1719,0
20240228,170000,5971.4,5973.2,5957.1,5960.2,342,0
20240228,180000,5959.5,5965.5,5956.6,5957.9,425,0
20240228,190000,5957.1,5962.5,5956.9,5960.5,115,0
20240228,200000,5960.9,5964.4,5957.8,5964.4,137,0
20240228,210000,5963.2,5965.3,5962.1,5965.3,525,0
20240228,220000,5965.4,5965.4,5958.6,5964.9,417,0
20240228,230000,5965,5965,5959.7,5965,115,0
20240229,090000,5974.9,5993,5967.9,5971.5,873,0
20240229,100000,5967.4,5967.4,5959,5959.7,312,0
20240229,110000,5959,5962.4,5946.1,5947,1375,0
20240229,120000,5947,5948.8,5931.9,5932.1,1037,0
20240229,130000,5932.1,5945,5932,5942.7,3758,0
20240229,140000,5939.9,5939.9,5928,5928,727,0
20240229,150000,5931.6,5936,5929.9,5936,689,0
20240229,160000,5935.9,5963.7,5933.7,5956.6,1448,0
20240229,170000,5956.6,5959.1,5951.5,5958.5,449,0
20240229,180000,5957.9,5959.5,5954.8,5959,884,0
20240229,190000,5959,5967,5958.8,5964.8,774,0
20240229,200000,5965,5965.6,5961.5,5961.6,127,0
20240229,210000,5964.5,5965,5961.5,5965,335,0
20240229,220000,5964,5965,5962.9,5962.9,5,0
20240229,230000,5965,5965,5961,5964.5,205,0
20240301,090000,5973,5985.4,5970.5,5985,715,0
20240301,100000,5985,6001.4,5976,5987,2206,0
20240301,110000,5985,5985.5,5973.8,5985.5,654,0
20240301,120000,5985.5,5988.3,5982.2,5988,428,0
20240301,130000,5988.3,5989.9,5984.5,5989,237,0
20240301,140000,5989,6003.4,5989,5998.6,1325,0
20240301,150000,5997.8,6004.7,5996.9,5999.7,1076,0
20240301,160000,5999.7,6005,5996.9,6004.9,509,0
20240301,170000,6004.9,6009,6002.1,6002.9,622,0
20240301,180000,6003.4,6038,6003.4,6035.5,3697,0
20240301,190000,6037.7,6060,6037.6,6057,2709,0
20240301,200000,6057,6073,6056.1,6066.9,1358,0
20240301,210000,6066,6067.1,6059.9,6061,341,0
20240301,220000,6061,6065,6061,6061.1,476,0
20240301,230000,6061.2,6064.5,6059,6060.9,598,0
20240304,090000,6050,6064,6040,6058.8,2236,0
20240304,100000,6061.6,6061.7,6040,6043.8,1705,0
20240304,110000,6044.9,6045,6037,6043.1,1382,0
20240304,120000,6043,6053.3,6042.9,6052,614,0
20240304,130000,6052,6060,6050.8,6060,375,0
20240304,140000,6060,6062.9,6048.4,6057.3,2863,0
20240304,150000,6054.9,6058,6049,6053.8,2156,0
20240304,160000,6051,6068.8,6051,6068.3,1105,0
20240304,170000,6069,6089,6068.3,6085.7,2646,0
20240304,180000,6085.7,6088.9,6080.9,6088.5,2085,0
20240304,190000,6089.9,6124.9,6089.5,6122.7,3265,0
20240304,200000,6123.5,6140,6120.5,6127,1067,0
20240304,210000,6128.2,6128.2,6120,6120,829,0
20240304,220000,6120.2,6125,6120.2,6121.6,453,0
20240304,230000,6121.1,6127.7,6121,6127,211,0
20240305,090000,6120.7,6130.8,6108.1,6111.6,4329,0
20240305,100000,6108.6,6133.5,6108.6,6133.5,2621,0
20240305,110000,6133.2,6160,6129,6153.8,3918,0
20240305,120000,6153.8,6179,6153.7,6177.7,3592,0
20240305,130000,6175.7,6179.2,6152.2,6152.2,7312,0
20240305,140000,6152.2,6163.1,6152.2,6163.1,375,0
20240305,150000,6163.1,6163.1,6131.2,6147,4770,0
20240305,160000,6147.1,6195.1,6146.4,6176,7634,0
20240305,170000,6177,6185.2,6171.5,6176.2,1622,0
20240305,180000,6175.8,6187.2,6166.8,6171.9,2224,0
20240305,190000,6166.8,6175.4,6124.8,6136.1,1325,0
20240305,200000,6139.8,6164.2,6137,6164.2,845,0
20240305,210000,6160.2,6170.2,6153.5,6170.2,753,0
20240305,220000,6170.2,6178.3,6170.2,6173.7,446,0
20240305,230000,6177.2,6177.2,6165.1,6168.3,170,0
20240306,090000,6162.5,6164.2,6145,6145.3,1923,0
20240306,100000,6145.3,6151,6144.9,6148,1069,0
20240306,110000,6145.7,6148.2,6126.3,6127.9,1557,0
20240306,120000,6127.9,6134.9,6126.5,6130.9,778,0
20240306,130000,6134.7,6135.7,6125,6133.5,1626,0
20240306,140000,6135.9,6154.5,6135.1,6154.4,1862,0
20240306,150000,6154.1,6170.4,6147.9,6162.5,1647,0
20240306,160000,6164.4,6170.2,6161.3,6170.2,2284,0
20240306,170000,6168.2,6194.8,6162.3,6193.2,1992,0
20240306,180000,6194.7,6196,6172.9,6177.5,886,0
20240306,190000,6181.1,6190,6175.2,6190,1050,0
20240306,200000,6189,6190,6180,6186,717,0
20240306,210000,6186.2,6200.2,6186.2,6191.9,2352,0
20240306,220000,6190,6194.9,6176.1,6180.2,858,0
20240306,230000,6180.2,6190,6175.2,6184.3,716,0
20240307,090000,6199,6212,6191.1,6211.9,2024,0
20240307,100000,6211.4,6215,6205,6205,3394,0
20240307,110000,6207.7,6211,6198.1,6200.5,4148,0
20240307,120000,6200.5,6213.7,6195.4,6210.9,3046,0
20240307,130000,6210.9,6219.8,6208,6214.9,8603,0
20240307,140000,6214.4,6215.2,6190.8,6212.4,3193,0
20240307,150000,6212.8,6230,6212.8,6228.4,8129,0
20240307,160000,6228.4,6234.6,6216,6224.3,3046,0
20240307,170000,6224.4,6228.9,6211.7,6227.3,3862,0
20240307,180000,6228.5,6238.1,6223.8,6234.2,1596,0
20240307,190000,6237.2,6237.2,6215.3,6225.4,352,0
20240307,200000,6225.4,6234.9,6225.4,6229.9,80,0
20240307,210000,6231.8,6234.1,6223.5,6229,909,0
20240307,220000,6229,6238.6,6226.1,6237,397,0
20240307,230000,6235.3,6241.1,6234.7,6236.5,254,0
20240311,090000,6283.6,6297.9,6259.9,6281.7,5235,0
20240311,100000,6277.5,6280.5,6260,6270.5,2663,0
20240311,110000,6270.5,6273.2,6266.1,6266.1,1226,0
20240311,120000,6266.5,6273.1,6260,6265.5,1732,0
20240311,130000,6267.4,6271.3,6249.7,6251.5,2617,0
20240311,140000,6252.5,6259.9,6247.9,6248,890,0
20240311,150000,6249.6,6269,6249.6,6267.6,1870,0
20240311,160000,6268.6,6298.9,6263.6,6292,2622,0
20240311,170000,6292.1,6299,6275.6,6296.7,2603,0
20240311,180000,6295.4,6311.3,6294.9,6305.4,3849,0
20240311,190000,6304.2,6305.9,6288.1,6296,1029,0
20240311,200000,6296,6300,6289.3,6289.3,541,0
20240311,210000,6289.3,6292,6278.8,6281,781,0
20240311,220000,6288.1,6300.1,6284.6,6291.1,375,0
20240311,230000,6298.4,6330.7,6292.6,6309.9,703,0
20240312,090000,6284,6290.8,6255.2,6258.1,2244,0
20240312,100000,6258.1,6284.4,6258.1,6276.6,1709,0
20240312,110000,6275,6278.8,6271.1,6275.1,854,0
20240312,120000,6275.1,6288.5,6270.7,6285.2,1102,0
20240312,130000,6282.3,6297.3,6282,6287.2,708,0
20240312,140000,6288.2,6291,6275,6285.7,1044,0
20240312,150000,6285.8,6300,6273,6299.9,3591,0
20240312,160000,6298.8,6304.1,6275.7,6299.1,4566,0
20240312,170000,6298.9,6311.5,6278.3,6309.8,2057,0
20240312,180000,6308.5,6313.1,6305.1,6309.4,1265,0
20240312,190000,6308.8,6327.7,6305.2,6323,1018,0
20240312,200000,6322.9,6322.9,6310,6310,627,0
20240312,210000,6310,6310,6300,6305.3,758,0
20240312,220000,6305.3,6306,6299.2,6301,1319,0
20240312,230000,6301.1,6304.5,6298.1,6304.5,199,0
20240313,090000,6304.4,6305.7,6280,6280,4616,0
20240313,100000,6280,6290,6274.2,6290,2650,0
20240313,110000,6289.2,6302,6289.2,6290.3,754,0
20240313,120000,6290.2,6290.9,6282.9,6282.9,1637,0
20240313,130000,6284.9,6311,6284.9,6310,603,0
20240313,140000,6310,6324.3,6310,6322,2557,0
20240313,150000,6322,6327.7,6319.1,6321.3,644,0
20240313,160000,6321.1,6338.8,6315,6338.8,1736,0
20240313,170000,6338.8,6338.8,6318.5,6330,1600,0
20240313,180000,6333.1,6368,6333.1,6361.6,3246,0
20240313,190000,6359.2,6364,6349.2,6359,947,0
20240313,200000,6356.7,6392.9,6356.7,6371,2010,0
20240313,210000,6370.5,6371,6367.4,6368.1,418,0
20240313,220000,6368.1,6371,6360.2,6364,447,0
20240313,230000,6364,6364.5,6359.5,6360,418,0
20240314,090000,6365,6372.9,6353.2,6364.5,2429,0
20240314,100000,6366,6380.9,6363,6380.9,1696,0
20240314,110000,6380.9,6393,6380.2,6389.9,1526,0
20240314,120000,6389,6390,6384,6389.9,3001,0
20240314,130000,6389.9,6389.9,6381.2,6383.3,7246,0
20240314,140000,6385.9,6394.7,6384.2,6390.5,809,0
20240314,150000,6390.5,6392,6380,6380,3085,0
20240314,160000,6380.2,6380.2,6374.5,6376.4,3383,0
20240314,170000,6374.5,6374.5,6352.5,6353.7,1649,0
20240314,180000,6353.9,6357.5,6344.9,6350.2,1977,0
20240314,190000,6341.7,6360.1,6341.7,6355.6,632,0
20240314,200000,6355.1,6377.9,6353.7,6370,1571,0
20240314,210000,6369.1,6377.7,6358.7,6373,601,0
20240314,220000,6372.9,6378,6370,6372.2,643,0
20240314,230000,6376.7,6378,6373.4,6373.4,274,0
20240315,090000,6377.9,6433.1,6374,6388.9,5596,0
20240315,100000,6389.8,6390.7,6384,6386.1,969,0
20240315,110000,6386.1,6395,6386.1,6394.9,988,0
20240315,120000,6395,6403.1,6392.4,6403.1,4019,0
20240315,130000,6403.1,6412,6398.1,6401.5,1348,0
20240315,140000,6401.5,6429.1,6397.9,6428.9,1848,0
20240315,150000,6428.8,6445,6428.8,6444.9,12726,0
20240315,160000,6445,6451.8,6431.2,6438.8,5199,0
20240315,170000,6439.9,6467,6439.9,6466.9,2782,0
20240315,180000,6466.9,6484.5,6460.3,6470.1,2865,0
20240315,190000,6474.3,6483,6472,6472,1800,0
20240315,200000,6472,6475.2,6444.1,6450,1428,0
20240315,210000,6449.1,6454,6443.7,6452,548,0
20240315,220000,6452,6456.1,6443.1,6449.1,724,0
20240315,230000,6447.9,6454.7,6446.2,6454.6,487,0
20240318,090000,6442.4,6445,6387.1,6393.7,6947,0
20240318,100000,6393.7,6400.2,6374,6374,5609,0
20240318,110000,6374.5,6379.1,6365.6,6376,2142,0
20240318,120000,6377.9,6385.4,6375,6377.7,2488,0
20240318,130000,6378.4,6380.2,6372.9,6373,3611,0
20240318,140000,6373,6386.1,6372.8,6384.5,2275,0
20240318,150000,6384.6,6412,6384.4,6402.9,2583,0
20240318,160000,6399.9,6403.9,6373.8,6373.8,1123,0
20240318,170000,6373.1,6380,6349.6,6380,2658,0
20240318,180000,6379,6384.9,6375,6384.4,650,0
20240318,190000,6377.6,6399.9,6377.6,6390.1,761,0
20240318,200000,6396.1,6400,6392,6400,352,0
20240318,210000,6400,6403.1,6396.7,6398,309,0
20240318,220000,6398,6404.3,6398,6404.3,193,0
20240318,230000,6402.6,6405.9,6398,6398,317,0
20240319,090000,6395.5,6395.5,6371.7,6372.1,1982,0
20240319,100000,6372,6377.1,6359.4,6373.2,3701,0
20240319,110000,6375,6380,6355.1,6373.4,5280,0
20240319,120000,6368.5,6388,6367.6,6385.7,1662,0
20240319,130000,6385.8,6404,6384,6404,4283,0
20240319,140000,6402,6404,6385.5,6399.4,2919,0
20240319,150000,6400.9,6408.3,6396.6,6401.6,2251,0
20240319,160000,6401.5,6413.2,6396.7,6406.6,1878,0
20240319,170000,6408.9,6408.9,6396,6400,1384,0
20240319,180000,6400,6423.6,6399.2,6404.9,4697,0
20240319,190000,6415.1,6419,6409.9,6417.9,699,0
20240319,200000,6417.9,6423,6414.9,6423,440,0
20240319,210000,6423,6429,6423,6424,394,0
20240319,220000,6423,6424.1,6420.8,6421.7,205,0
20240319,230000,6421.6,6444.8,6421.6,6428.2,561,0
20240320,090000,6430.1,6441.7,6420.9,6438.6,1683,0
20240320,100000,6438.6,6438.6,6423.3,6432.2,1795,0
20240320,110000,6430.6,6430.6,6418.1,6423.3,1238,0
20240320,120000,6422.9,6431,6414.2,6420.6,3519,0
20240320,130000,6422.5,6430.9,6419.5,6424,1031,0
20240320,140000,6427.9,6431.4,6417,6427,994,0
20240320,150000,6429.4,6429.8,6416.1,6416.1,1123,0
20240320,160000,6419.1,6424,6407.5,6423.5,2460,0
20240320,170000,6421.1,6429.4,6413.3,6424.2,2239,0
20240320,180000,6426.3,6440,6423.6,6428.9,1424,0
20240320,190000,6428.1,6436.9,6425.1,6432.1,621,0
20240320,200000,6433,6436.5,6431,6436,330,0
20240320,210000,6436,6500,6436,6478.4,4600,0
20240320,220000,6478.2,6537,6478.2,6496.8,3553,0
20240320,230000,6504.9,6505,6475.1,6495.7,1284,0
20240321,090000,6513.1,6599.7,6513.1,6546.2,8704,0
20240321,100000,6546.6,6549.4,6520.5,6524.8,6343,0
20240321,110000,6525.6,6525.6,6499.6,6509.8,3280,0
20240321,120000,6509.8,6524.1,6500.3,6509.4,3245,0
20240321,130000,6509.3,6518.8,6501,6508.1,3352,0
20240321,140000,6504.4,6511.9,6496.2,6509.7,3012,0
20240321,150000,6508.4,6513.1,6504.4,6509.3,1876,0
20240321,160000,6512.9,6514.6,6500.5,6500.5,3595,0
20240321,170000,6502.4,6502.4,6460.3,6466.9,4909,0
20240321,180000,6465.9,6472,6450,6468.8,3703,0
20240321,190000,6465,6576,6450,6489.9,1742,0
20240321,200000,6484.3,6518.2,6484.2,6505.5,757,0
20240321,210000,6505.6,6506.2,6442,6497.1,1739,0
20240321,220000,6497.1,6497.1,6492.5,6497,41,0
20240321,230000,6496,6502.3,6492.3,6495.1,147,0
20240322,090000,6493.7,6494.8,6432.4,6449,6103,0
20240322,100000,6448,6474,6437.1,6460,7668,0
20240322,110000,6457.9,6473,6455,6471.7,1686,0
20240322,120000,6473,6475,6458.7,6463.4,3881,0
20240322,130000,6467.1,6474.7,6461.2,6463.7,3822,0
20240322,140000,6462.9,6467.9,6441.5,6441.5,2257,0
20240322,150000,6442.4,6474,6440.5,6473.8,921,0
20240322,160000,6472,6489.1,6471.6,6485.9,1307,0
20240322,170000,6485.9,6489,6477.4,6487,1962,0
20240322,180000,6486.9,6492.7,6471.8,6479.6,2105,0
20240322,190000,6482.3,6482.3,6408,6433,5784,0
20240322,200000,6431,6451.1,6423.6,6451.1,1949,0
20240322,210000,6451.8,6490.7,6445.3,6477.4,2221,0
20240322,220000,6487.3,6519.5,6469.6,6500.8,3654,0
20240322,230000,6500,6503.9,6486.5,6494.7,676,0
20240325,090000,6499.9,6500,6454,6458,1869,0
20240325,100000,6456.1,6506.8,6450.8,6503.1,4888,0
20240325,110000,6502.1,6515.9,6495,6515,2776,0
20240325,120000,6513.9,6519.3,6504.9,6507.9,1588,0
20240325,130000,6507.9,6514.6,6504,6504.9,1134,0
20240325,140000,6503.7,6513.7,6499.5,6508.5,1569,0
20240325,150000,6503.4,6517.3,6501,6516.5,1977,0
20240325,160000,6516.3,6536.6,6516.3,6530.6,5034,0
20240325,170000,6530.6,6542.9,6530,6534.5,1681,0
20240325,180000,6534.7,6539.8,6528.3,6533.1,1107,0
20240325,190000,6540,6540,6527.1,6536.7,1417,0
20240325,200000,6540.9,6541.5,6530.3,6530.3,398,0
20240325,210000,6532.5,6535.6,6528.5,6531.4,663,0
20240325,220000,6531.2,6531.2,6523.4,6526.4,529,0
20240325,230000,6528.3,6542,6523.8,6540,437,0
20240326,090000,6540.1,6569.1,6525.3,6525.3,1814,0
20240326,100000,6525.2,6525.2,6483.1,6501.7,4681,0
20240326,110000,6500,6523.5,6500,6505.5,4712,0
20240326,120000,6505,6531.9,6500,6527,4188,0
20240326,130000,6527.8,6538,6523,6538,1115,0
20240326,140000,6538.8,6540.2,6517.9,6521.9,783,0
20240326,150000,6521,6521,6512,6513,1221,0
20240326,160000,6513,6521.6,6506.2,6509,1481,0
20240326,170000,6509,6524.7,6509,6519.2,435,0
20240326,180000,6518.8,6518.8,6508,6509.4,1108,0
20240326,190000,6518.7,6520,6512,6516.1,266,0
20240326,200000,6514.1,6517.6,6508,6508,760,0
20240326,210000,6507.2,6512.1,6507.2,6508.2,84,0
20240326,220000,6510.9,6518.9,6509.9,6509.9,296,0
20240326,230000,6511.1,6518.9,6507.2,6512.8,284,0
20240327,090000,6509.6,6520.8,6507.3,6519,351,0
20240327,100000,6519.7,6524.3,6515,6521.1,1070,0
20240327,110000,6523.8,6529.6,6521.9,6527,1355,0
20240327,120000,6527,6532.9,6518.4,6532.2,1269,0
20240327,130000,6532.2,6534.9,6527.9,6534.9,1267,0
20240327,140000,6534.9,6534.9,6516.3,6517.8,1181,0
20240327,150000,6517,6524.9,6512,6524.9,2797,0
20240327,160000,6522.2,6550.4,6517.3,6550.4,4166,0
20240327,170000,6549,6561,6539.4,6557.2,9047,0
20240327,180000,6558.5,6563.1,6540,6558,4648,0
20240327,190000,6555,6565.2,6551.4,6552.1,939,0
20240327,200000,6552.1,6552.1,6524.8,6546.3,614,0
20240327,210000,6549.9,6550,6542.9,6546,671,0
20240327,220000,6544,6558,6543.4,6558,506,0
20240327,230000,6559,6560.8,6552.1,6560.8,278,0
20240328,090000,6565.2,6580,6561.3,6578.4,2618,0
20240328,100000,6578.9,6578.9,6554.5,6573.3,3198,0
20240328,110000,6574,6608,6573.3,6600.4,10170,0
20240328,120000,6599.4,6602.2,6594.1,6599.3,1603,0
20240328,130000,6595.2,6625.9,6593.5,6613.6,4552,0
20240328,140000,6613.4,6613.4,6608,6611.9,2323,0
20240328,150000,6611,6634.3,6611,6633.9,2044,0
20240328,160000,6633,6634.3,6621.9,6629.7,1455,0
20240328,170000,6629.7,6650,6628.9,6649.9,6109,0
20240328,180000,6649.9,6659.9,6648.3,6655.7,2444,0
20240328,190000,6655.7,6676.9,6652.9,6670.1,1552,0
20240328,200000,6670.1,6674.2,6661,6661.5,561,0
20240328,210000,6661.5,6662.8,6660,6662.6,546,0
20240328,220000,6662.7,6667,6660.6,6660.6,394,0
20240328,230000,6666.7,6678,6661.3,6678,552,0
20240329,090000,6680,6695.5,6654,6654.2,13432,0
20240329,100000,6653.4,6667.2,6642.5,6649.7,11748,0
20240329,110000,6649.9,6672.8,6643,6659.1,4133,0
20240329,120000,6662.9,6673.5,6656.6,6663,2713,0
20240329,130000,6665.2,6675.3,6662.9,6674.9,2547,0
20240329,140000,6674.1,6677.2,6666,6671.9,2363,0
20240329,150000,6671.9,6678,6667.9,6670.8,634,0
20240329,160000,6674.1,6678,6662.9,6677.7,1925,0
20240329,170000,6678,6684.5,6670.2,6673.9,1564,0
20240329,180000,6673.9,6691.3,6672.6,6690.9,2020,0
20240329,190000,6687.8,6700,6671.1,6688,2100,0
20240329,200000,6693,6698,6689,6692.8,620,0
20240329,210000,6692.9,6697.6,6689.1,6694.6,213,0
20240329,220000,6696.7,6696.8,6691.1,6694.9,228,0
20240329,230000,6693.9,6696.2,6686,6690.1,355,0
20240401,090000,6730,6768.5,6726,6748.2,6665,0
20240401,100000,6747.8,6767,6740,6755.7,7653,0
20240401,110000,6760.2,6767.6,6743,6743,4734,0
20240401,120000,6746.4,6759.9,6740.1,6757.8,2139,0
20240401,130000,6758.9,6758.9,6719,6724.7,2724,0
20240401,140000,6720.2,6743.7,6708,6737.1,4614,0
20240401,150000,6737.1,6745.9,6730,6745.8,3109,0
20240401,160000,6745.8,6767,6740,6749.7,4534,0
20240401,170000,6749,6749,6715.6,6733.4,5848,0
20240401,180000,6735.9,6754,6735.9,6753.4,2167,0
20240401,190000,6754.9,6754.9,6740,6746.1,512,0
20240401,200000,6746.1,6748.9,6740.1,6746,285,0
20240401,210000,6746,6748.9,6736,6746.8,508,0
20240401,220000,6745.2,6748.7,6742,6748.7,580,0
20240401,230000,6748.8,6760,6748.8,6757.3,446,0
20240402,090000,6762,6780,6729.7,6766.3,3833,0
20240402,100000,6765.5,6793.3,6753.5,6789.3,4357,0
20240402,110000,6789.2,6831.8,6787.5,6817,6016,0
20240402,120000,6817.7,6825,6814.2,6814.5,3673,0
20240402,130000,6814.5,6821.9,6812.3,6815.8,2675,0
20240402,140000,6815.1,6820,6799.3,6820,4010,0
20240402,150000,6820.8,6828.3,6814.1,6828,827,0
20240402,160000,6824.6,6828.8,6815,6826.4,1961,0
20240402,170000,6828.4,6862.5,6828.4,6835.4,8106,0
20240402,180000,6837.1,6844.7,6823.4,6836.5,2378,0
20240402,190000,6843,6843,6822,6841,992,0
20240402,200000,6842.6,6870,6841,6855.8,1435,0
20240402,210000,6864.4,6874.2,6858.4,6869,671,0
20240402,220000,6868.8,6885,6868.8,6884,1325,0
20240402,230000,6884,6888.1,6877.9,6888,251,0
20240403,090000,6900,6913.2,6880,6906.8,4236,0
20240403,100000,6906.8,6907.2,6832,6846.9,15085,0
20240403,110000,6846.6,6846.8,6808,6828.7,7247,0
20240403,120000,6828.8,6843.3,6816,6819.7,1210,0
20240403,130000,6816.1,6820.1,6789.4,6797.6,4232,0
20240403,140000,6798.7,6808.5,6790,6808,3491,0
20240403,150000,6808,6829.9,6805.2,6829,1850,0
20240403,160000,6829,6838,6823,6830.4,1278,0
20240403,170000,6830.4,6850,6828,6842.9,3231,0
20240403,180000,6842.4,6860.2,6836.1,6856.9,1594,0
20240403,190000,6856.6,6871.6,6835,6868,2102,0
20240403,200000,6868,6873.6,6845.7,6872.9,1523,0
20240403,210000,6872.8,6881.9,6870,6880.9,484,0
20240403,220000,6880,6883.5,6874,6875.5,484,0
20240403,230000,6876,6879.8,6875,6876.1,300,0
20240404,090000,6885.1,6909.9,6855.5,6860.6,4865,0
20240404,100000,6868.2,6879.9,6855.5,6855.5,2897,0
20240404,110000,6855.6,6864.6,6850,6859.3,1627,0
20240404,120000,6859.8,6887.6,6855,6859.5,1333,0
20240404,130000,6859.4,6860.9,6850,6857.4,1001,0
20240404,140000,6857.5,6864.4,6846,6849.4,3385,0
20240404,150000,6847.7,6854.7,6824.3,6854.7,3790,0
20240404,160000,6854.6,6861.3,6825.5,6830.5,3261,0
20240404,170000,6839.9,6880,6839.9,6867.7,2323,0
20240404,180000,6870.7,6870.8,6855,6855.3,547,0
20240404,190000,6850.2,6853.2,6840.6,6840.6,736,0
20240404,200000,6840.1,6862.9,6840,6858.6,553,0
20240404,210000,6858.8,6875,6850.3,6875,2076,0
20240404,220000,6870.3,6875,6804,6804.7,4152,0
20240404,230000,6804.8,6849.4,6804.8,6817.1,1776,0
20240405,090000,6830,6845.9,6805.9,6830.9,2507,0
20240405,100000,6836.1,6856.1,6827.3,6848,3225,0
20240405,110000,6851.6,6859.3,6841.3,6841.3,1796,0
20240405,120000,6841.3,6860.9,6841.3,6859.5,2096,0
20240405,130000,6857.9,6863,6849.1,6850.9,841,0
20240405,140000,6850,6862.3,6849,6852,3324,0
20240405,150000,6852,6853,6831.6,6836,1883,0
20240405,160000,6836.9,6865,6831.2,6863.8,2075,0
20240405,170000,6863.9,6909.2,6858.1,6906.7,10720,0
20240405,180000,6906.7,6935.1,6903,6910,5123,0
20240405,190000,6929.8,6935,6911.2,6934,887,0
20240405,200000,6934,6944,6931.1,6936.1,1087,0
20240405,210000,6934.2,6936.1,6925.3,6927.2,912,0
20240405,220000,6927.2,6930.9,6913.1,6918,835,0
20240405,230000,6918,6925,6914.5,6925,1711,0
20240408,090000,6949.9,6963.1,6936,6955.2,2593,0
20240408,100000,6955.2,6986.4,6952.6,6979.3,4097,0
20240408,110000,6979,6987.1,6972.2,6974.6,2312,0
20240408,120000,6978.2,6995.5,6970,6984.5,2999,0
20240408,130000,6984.6,7011.1,6980,6996.4,2772,0
20240408,140000,7004,7025.7,6997.8,7012,3363,0
20240408,150000,7010.8,7018.1,6984.9,7001.8,3364,0
20240408,160000,7002.9,7017.9,7000,7008.2,3144,0
20240408,170000,7005.6,7012.5,6985.4,7010.7,3519,0
20240408,180000,7009.2,7019.8,7001.7,7012.1,1174,0
20240408,190000,7017.8,7020,7000.2,7010.2,633,0
20240408,200000,7010.9,7054.7,7005.4,7041,3085,0
20240408,210000,7040,7060.8,7040,7050.3,2103,0
20240408,220000,7050.4,7055.1,7045.3,7045.3,1095,0
20240408,230000,7045.6,7050,7044.5,7045,544,0
20240409,090000,7067,7082.2,7060,7064.9,2816,0
20240409,100000,7063.2,7094.2,7055,7091.8,10271,0
20240409,110000,7091.8,7099,7083.2,7097,4581,0
20240409,120000,7097.1,7124.2,7097,7122.2,5849,0
20240409,130000,7122.2,7126.3,7100.1,7106.1,5883,0
20240409,140000,7106.2,7114.9,7096,7114.9,3275,0
20240409,150000,7115,7120,7100,7114,3200,0
20240409,160000,7114,7114,7100,7106.7,2048,0
20240409,170000,7104,7124.5,7079.4,7100,5796,0
20240409,180000,7100,7103,7079,7093.2,2462,0
20240409,190000,7090,7109.9,7080.1,7096.7,557,0
20240409,200000,7096.7,7104.5,7087.9,7100,983,0
20240409,210000,7100,7113.4,7095.1,7101.3,691,0
20240409,220000,7103,7109.9,7099.8,7109.8,382,0
20240409,230000,7109.9,7109.9,7092.3,7108.9,522,0
20240410,090000,7124.9,7156.6,7118.3,7144.7,4195,0
20240410,100000,7141.3,7162,7140.7,7156.5,5588,0
20240410,110000,7156.1,7165.4,7147.1,7151.8,3202,0
20240410,120000,7151.8,7153.9,7107,7118,6434,0
20240410,130000,7115,7118,7110,7115,1035,0
20240410,140000,7115,7118,7105,7117.9,2460,0
20240410,150000,7117.8,7118,7044,7099.9,8171,0
20240410,160000,7098.9,7099,7055,7087.9,8496,0
20240410,170000,7087.9,7137.9,7077.8,7120.2,9227,0
20240410,180000,7120.2,7125.2,7090,7116.8,5460,0
20240410,190000,7120,7123.9,7101.1,7109.1,1133,0
20240410,200000,7110.2,7114.5,7078.8,7100.3,1787,0
20240410,210000,7100.6,7107.7,7088,7089,237,0
20240410,220000,7087.9,7089,7045.5,7077.1,2379,0
20240410,230000,7077.1,7083.9,7071.8,7076.9,647,0
20240411,090000,7089.9,7126.2,7089.9,7110.7,4505,0
20240411,100000,7110.7,7124.9,7109.8,7117.7,4741,0
20240411,110000,7120,7125,7063.2,7079,5255,0
20240411,120000,7079,7100,7070.1,7098.7,1439,0
20240411,130000,7098,7104.2,7086.1,7101,1842,0
20240411,140000,7099.9,7100,7091.3,7095.9,3386,0
20240411,150000,7095.5,7099.1,7072.8,7095.4,2401,0
20240411,160000,7094,7096.8,7084,7089.6,2162,0
20240411,170000,7089.6,7089.7,7067.5,7076.5,4150,0
20240411,180000,7076.5,7094.1,7075,7080,1822,0
20240411,190000,7089.9,7100,7062.4,7094,2027,0
20240411,200000,7094.9,7123.5,7093.9,7110.1,2243,0
20240411,210000,7114.9,7134.5,7113.4,7134.5,3703,0
20240411,220000,7134.5,7154,7125.3,7145.3,1663,0
20240411,230000,7145.4,7176.3,7145.4,7175,1809,0
20240412,090000,7182.1,7264.5,7180.1,7259.7,11666,0
20240412,100000,7259.7,7277.8,7220.1,7252.2,13395,0
20240412,110000,7252.5,7255,7217,7226.9,2934,0
20240412,120000,7226.9,7226.9,7200.1,7219.9,3522,0
20240412,130000,7217.3,7230,7208.2,7227,1665,0
20240412,140000,7226,7230,7207.6,7220,10248,0
20240412,150000,7220,7246.3,7215.1,7239.3,2224,0
20240412,160000,7241.3,7254.9,7230,7254.9,4781,0
20240412,170000,7254.8,7314.8,7248,7314.6,6992,0
20240412,180000,7314.6,7321,7218.1,7258,15895,0
20240412,190000,7264.7,7264.7,7205.9,7231.3,11688,0
20240412,200000,7231.2,7239.9,7165.6,7189,5234,0
20240412,210000,7196.8,7197,7130.7,7147.5,11694,0
20240412,220000,7147.5,7207.5,7134.6,7182.2,3282,0
20240412,230000,7175.5,7182.2,7152.1,7152.1,847,0
20240415,090000,7186.5,7195.3,7134.8,7141.3,8888,0
20240415,100000,7141.3,7155,7125,7130.1,8459,0
20240415,110000,7130,7130.2,7090.1,7103.1,9258,0
20240415,120000,7103.1,7105.9,7091.1,7100.4,2699,0
20240415,130000,7104.1,7130,7096.9,7130,1484,0
20240415,140000,7130,7141.8,7128.5,7132.4,4412,0
20240415,150000,7131.2,7138.9,7130,7132.3,3859,0
20240415,160000,7132.3,7138.9,7099.1,7104.1,4280,0
20240415,170000,7103.7,7103.7,7035.1,7074.6,19518,0
20240415,180000,7068.9,7082.5,7050.8,7075.1,4868,0
20240415,190000,7057.4,7099,7050,7098.9,4690,0
20240415,200000,7090.7,7148.8,7079.6,7122.9,3621,0
20240415,210000,7114,7149.9,7105,7148.9,2503,0
20240415,220000,7145.9,7198,7139.5,7192.1,4487,0
20240415,230000,7193,7194.9,7178.1,7185,865,0
20240416,090000,7197.8,7198.6,7140.1,7162.1,6553,0
20240416,100000,7161.1,7169.3,7121.8,7125.5,6345,0
20240416,110000,7130.4,7169.6,7128.1,7167.6,3207,0
20240416,120000,7167.6,7194,7164.8,7179.7,3022,0
20240416,130000,7179.6,7189.7,7173.9,7180.6,1789,0
20240416,140000,7184.9,7200,7182.5,7200,3956,0
20240416,150000,7200,7217.3,7194.5,7207.6,4723,0
20240416,160000,7207.7,7212.7,7194.5,7201.2,3121,0
20240416,170000,7201.2,7239.9,7190,7236.3,5112,0
20240416,180000,7237,7284,7235.2,7274.2,8450,0
20240416,190000,7252.3,7300,7252.3,7290,2036,0
20240416,200000,7294.3,7300,7256.1,7257.2,2698,0
20240416,210000,7256.4,7283.8,7256.3,7274.7,1118,0
20240416,220000,7274.7,7275,7265.9,7266.5,548,0
20240416,230000,7266.5,7273.5,7266.1,7266.3,1281,0
20240417,090000,7261.8,7267.9,7220,7263.5,4286,0
20240417,100000,7265.4,7271.7,7252.8,7259,1868,0
20240417,110000,7259.7,7277.9,7258.9,7277.9,1352,0
20240417,120000,7277.9,7285,7270.5,7280.7,2368,0
20240417,130000,7280.7,7284.4,7261.4,7265.2,1745,0
20240417,140000,7262.9,7274,7261.6,7263,1114,0
20240417,150000,7263,7265,7240,7247.7,3287,0
20240417,160000,7245.5,7274.7,7237,7265.1,2230,0
20240417,170000,7267.7,7270.1,7226.9,7231,2736,0
20240417,180000,7230.4,7237.6,7219.2,7230.4,2745,0
20240417,190000,7230.8,7235,7156,7190,4423,0
20240417,200000,7190.1,7204.5,7175.4,7196.1,1616,0
20240417,210000,7201.5,7211.7,7193.1,7204.3,587,0
20240417,220000,7196.4,7227,7186.5,7198.5,3174,0
20240417,230000,7202.1,7207.2,7198.5,7198.5,151,0
20240418,090000,7220,7220,7207.5,7218.5,373,0
20240418,100000,7218.9,7229.7,7200,7205.9,1085,0
20240418,110000,7202.6,7218,7200.2,7200.2,2244,0
20240418,120000,7200.1,7209.5,7190.8,7195.1,3249,0
20240418,130000,7192.5,7197.3,7188,7196.2,1202,0
20240418,140000,7196.2,7204.9,7179.3,7181.2,2758,0
20240418,150000,7180.1,7189.2,7178.9,7184.5,1125,0
20240418,160000,7185.2,7193.5,7175.1,7180.7,2372,0
20240418,170000,7177.7,7185,7151.8,7170.4,2712,0
20240418,180000,7171.3,7175,7162.9,7163.6,1130,0
20240418,190000,7162.9,7186.4,7146.3,7186.4,1116,0
20240418,200000,7185.8,7196.1,7182.7,7185,643,0
20240418,210000,7185.4,7190.4,7174.9,7175.1,395,0
20240418,220000,7175.1,7183.7,7174.7,7175.8,224,0
20240418,230000,7175.8,7185.7,7175.7,7181,101,0
20240419,090000,7184,7209.9,7178.2,7209.1,15374,0
20240419,100000,7209.9,7212.9,7171,7171,3121,0
20240419,110000,7171,7171,7156.6,7165,2076,0
20240419,120000,7165,7166,7137.1,7145.6,4144,0
20240419,130000,7140.9,7140.9,7121,7127,2980,0
20240419,140000,7126.9,7129.4,7106.1,7124.5,8406,0
20240419,150000,7123.7,7139,7117.8,7121.2,1990,0
20240419,160000,7128,7128,7103.5,7112.7,1802,0
20240419,170000,7111.6,7120,7106.1,7117.7,4229,0
20240419,180000,7117.7,7125.8,7113.7,7119.7,2794,0
20240419,190000,7119.8,7130,7119.8,7130,755,0
20240419,200000,7131.6,7152.7,7130.1,7141.9,3717,0
20240419,210000,7141.9,7150.3,7140,7145.1,1643,0
20240419,220000,7145.7,7155,7140,7140,626,0
20240419,230000,7141.5,7143.6,7133.8,7137.8,276,0
20240422,090000,7077.8,7077.9,7013,7030,6334,0
20240422,100000,7030,7063.9,7029.9,7058,6924,0
20240422,110000,7057.9,7060,7035.5,7050,2275,0
20240422,120000,7050,7057.1,7040.8,7042.9,1213,0
20240422,130000,7041.7,7047.7,7026.8,7032.5,2743,0
20240422,140000,7036.4,7036.4,7002.2,7014,6871,0
20240422,150000,7013.4,7020.9,6972.3,6973.2,8521,0
20240422,160000,6979.7,6990.1,6941.9,6956,12021,0
20240422,170000,6956.8,6977.9,6942.1,6972.2,10406,0
20240422,180000,6975.9,6975.9,6940.8,6947.8,7294,0
20240422,190000,6940.8,6955.9,6918.8,6924.2,3125,0
20240422,200000,6924.2,6937,6921.3,6929.9,1487,0
20240422,210000,6926,6929.9,6922.5,6925,1154,0
20240422,220000,6928.6,6930,6923,6927.7,828,0
20240422,230000,6924.1,6927.7,6923.2,6923.2,430,0
20240423,090000,6859,6869.9,6816,6831.2,12271,0
20240423,100000,6831.2,6882.9,6831,6882.9,10332,0
20240423,110000,6880,6880,6855.2,6859.9,2719,0
20240423,120000,6860,6860,6810,6823,11372,0
20240423,130000,6821.1,6853.8,6812.3,6850,8495,0
20240423,140000,6849.6,6849.6,6819.2,6820,1670,0
20240423,150000,6820,6863.1,6815,6850,10378,0
20240423,160000,6850,6915.9,6845.6,6915.9,17705,0
20240423,170000,6917,6920,6852.3,6855,14064,0
20240423,180000,6855.1,6866.6,6847.1,6855.2,4565,0
20240423,190000,6855,6913.4,6855,6900.2,2105,0
20240423,200000,6900.3,6906.9,6888.1,6896.9,1519,0
20240423,210000,6896.9,6907,6886.4,6886.4,1050,0
20240423,220000,6886,6894.9,6870.7,6882.5,902,0
20240423,230000,6873.5,6882.6,6870,6870,191,0
20240424,090000,6891.7,6911,6860.6,6860.6,2924,0
20240424,100000,6862.1,6862.2,6820.6,6821.5,6474,0
20240424,110000,6821.5,6828.9,6805.5,6823.4,7167,0
20240424,120000,6827.6,6836.2,6812.2,6818.5,2437,0
20240424,130000,6818.5,6834,6818,6822.7,2699,0
20240424,140000,6827.7,6827.7,6817.5,6824.9,1682,0
20240424,150000,6826.1,6841.7,6825.2,6837.6,1519,0
20240424,160000,6837.6,6842.8,6818.3,6827.6,1529,0
20240424,170000,6827.6,6855.5,6820.1,6855,3819,0
20240424,180000,6855,6872,6846.4,6846.4,3599,0
20240424,190000,6845.1,6853.8,6832,6844.8,3524,0
20240424,200000,6844.8,6852.5,6844.8,6848.5,1236,0
20240424,210000,6848.5,6850,6830.6,6838.2,488,0
20240424,220000,6838.2,6851.5,6835.5,6835.9,393,0
20240424,230000,6836,6846.9,6820.3,6820.3,794,0
20240425,090000,6829,6844.8,6820.1,6823.8,2213,0
20240425,100000,6823.9,6839.6,6810,6830.6,2463,0
20240425,110000,6834.3,6837.7,6830,6833.4,1062,0
20240425,120000,6836.8,6842.3,6830.3,6834.5,847,0
20240425,130000,6834.5,6841.7,6832.8,6838.5,640,0
20240425,140000,6836.2,6843,6833.4,6837.1,753,0
20240425,150000,6837,6843,6823.3,6837.5,2454,0
20240425,160000,6837.5,6840,6810,6826.9,3474,0
20240425,170000,6829.8,6879.6,6829.5,6854,4449,0
20240425,180000,6853.9,6854,6836.2,6838.2,1569,0
20240425,190000,6850.6,6860,6823.1,6834,1852,0
20240425,200000,6838.7,6852.3,6833.4,6842.4,509,0
20240425,210000,6848.7,6860,6842.6,6843,468,0
20240425,220000,6843,6854.8,6842.4,6843.8,336,0
20240425,230000,6849.5,6853.4,6843.8,6849.2,212,0
20240426,090000,6861.7,6877.5,6861.7,6864.5,1869,0
20240426,100000,6866.3,6911.3,6864.9,6910,7080,0
20240426,110000,6909,6940,6909,6937.3,4344,0
20240426,120000,6937.3,6945.9,6918.7,6926.1,6332,0
20240426,130000,6927,6937.1,6902.5,6912.2,4488,0
20240426,140000,6910.1,6911.3,6894.5,6896,1430,0
20240426,150000,6894.5,6914.2,6875,6883.8,3592,0
20240426,160000,6880.1,6886.2,6860,6862.1,1874,0
20240426,170000,6863.7,6880,6844.1,6869.4,4506,0
20240426,180000,6869.2,6900.3,6869.2,6883.6,3651,0
20240426,190000,6885.1,6896.3,6872.4,6872.4,2559,0
20240426,200000,6871.8,6886.8,6870.8,6873.3,982,0
20240426,210000,6879.9,6890,6879.9,6889,537,0
20240426,220000,6889,6889.9,6883.7,6888.5,336,0
20240426,230000,6889.1,6889.9,6883.7,6889.9,80,0
20240427,090000,6894.8,6924.8,6894.8,6922.8,2445,0
20240427,100000,6921,6925.2,6903.5,6915.1,1343,0
20240427,110000,6915.1,6917.6,6907.1,6908.9,454,0
20240427,120000,6907.9,6907.9,6886.7,6892.2,1592,0
20240427,130000,6893,6897.4,6888.2,6892,393,0
20240427,140000,6894.7,6894.7,6886.7,6889.8,501,0
20240427,150000,6893.7,6903.3,6887,6903.3,836,0
20240427,160000,6903.7,6918.2,6900.5,6913.8,2750,0
20240427,170000,6910.7,6914.8,6901.6,6904.9,661,0
20240427,180000,6909.3,6910.7,6902.2,6908,958,0
20240427,190000,6909,6918.2,6909,6916.1,1095,0
20240427,200000,6914,6920,6896.1,6917.5,811,0
20240427,210000,6917.7,6919.7,6909.9,6909.9,106,0
20240427,220000,6909.9,6909.9,6909.5,6909.9,105,0
20240427,230000,6909.9,6910,6901.4,6910,290,0
20240429,090000,6908.1,6910,6890.1,6894.8,1217,0
20240429,100000,6895.2,6944,6895,6924,11006,0
20240429,110000,6924.2,6950,6924.2,6948,1320,0
20240429,120000,6949.4,6962.3,6944.7,6954.6,1940,0
20240429,130000,6955.3,6965.3,6943.5,6946,3213,0
20240429,140000,6947.4,6957.8,6940,6945.4,604,0
20240429,150000,6945,6950.4,6925,6935.2,755,0
20240429,160000,6933,6940,6925.8,6925.9,481,0
20240429,170000,6928.9,6942,6923.2,6932.1,1760,0
20240429,180000,6932.6,6948.7,6932.6,6942.3,569,0
20240429,190000,6949,6966.1,6949,6959.3,1210,0
20240429,200000,6959.3,6963,6942.3,6950,1052,0
20240429,210000,6950,6959.3,6946.1,6955,266,0
20240429,220000,6945.9,6951.2,6942.3,6947.8,233,0
20240429,230000,6947.8,6950.5,6937.1,6940.1,471,0
20240430,090000,6943,6944.3,6920.3,6927,2020,0
20240430,100000,6927,6927,6877.7,6886.2,6081,0
20240430,110000,6886.2,6892.5,6871.4,6880.9,3727,0
20240430,120000,6881.9,6899.9,6881.9,6894,1993,0
20240430,130000,6894,6899.9,6882.7,6891.3,591,0
20240430,140000,6888,6888,6869,6873,850,0
20240430,150000,6873.2,6874,6836.9,6846,4603,0
20240430,160000,6846,6853.7,6820,6839.9,3744,0
20240430,170000,6839.1,6839.8,6808,6820,4188,0
20240430,180000,6816.9,6828.8,6809.9,6818.8,4211,0
20240430,190000,6814.7,6822.1,6786.5,6800,2872,0
20240430,200000,6800,6809.2,6798.6,6806,1888,0
20240430,210000,6808.4,6814.8,6790.6,6790.6,1602,0
20240430,220000,6793.1,6802.6,6781.7,6783.9,2550,0
20240430,230000,6790,6799.7,6780.6,6785.4,1143,0
20240502,090000,6835,6870,6825.5,6827.9,4815,0
20240502,100000,6825.6,6827.6,6802.5,6810.8,2583,0
20240502,110000,6809.7,6809.8,6754.5,6755.3,5356,0
20240502,120000,6755.3,6756,6733.1,6744.9,3094,0
20240502,130000,6743.9,6743.9,6720.5,6721,3318,0
20240502,140000,6721,6736.7,6721,6729.6,1615,0
20240502,150000,6729.5,6750.5,6725.6,6741.1,2860,0
20240502,160000,6741.1,6741.1,6720,6733.5,3570,0
20240502,170000,6736.2,6759.3,6731.1,6758.1,1916,0
20240502,180000,6758,6770.3,6742.3,6750.8,4516,0
20240502,190000,6742.1,6770.2,6742.1,6763.4,758,0
20240502,200000,6763.4,6774,6754.3,6769.6,663,0
20240502,210000,6773.9,6782.2,6756.8,6782.2,1002,0
20240502,220000,6783,6788,6757.8,6757.8,600,0
20240502,230000,6757.8,6762.6,6755.7,6762.6,381,0
20240503,090000,6765.8,6769.1,6745,6746.6,1619,0
20240503,100000,6748.4,6748.4,6707.2,6713.1,4731,0
20240503,110000,6713.9,6728.2,6713.9,6727.4,1829,0
20240503,120000,6726,6731.5,6720,6720,663,0
20240503,130000,6720,6723.2,6715,6720.5,988,0
20240503,140000,6720.4,6720.5,6716.4,6720,779,0
20240503,150000,6720,6754,6714.1,6732.5,4313,0
20240503,160000,6733,6740,6691.9,6724.6,5991,0
20240503,170000,6722.4,6741.2,6705.9,6719.9,5919,0
20240503,180000,6718.9,6729.5,6714.9,6722.5,2478,0
20240503,190000,6719.5,6734,6716.1,6731,741,0
20240503,200000,6728.1,6735,6727.3,6735,375,0
20240503,210000,6734.9,6735,6729,6732.2,115,0
20240503,220000,6729,6750,6729,6738.2,1319,0
20240503,230000,6739,6751,6739,6741,285,0
20240506,090000,6749.5,6789.4,6740.5,6768,4042,0
20240506,100000,6769.9,6806.3,6761.8,6800.2,3832,0
20240506,110000,6801.5,6804.2,6768.3,6771,2464,0
20240506,120000,6769.9,6785.9,6766,6785.5,4100,0
20240506,130000,6785.1,6789.8,6764.9,6767.1,4111,0
20240506,140000,6767.1,6771.3,6736.9,6745,3790,0
20240506,150000,6745,6767.2,6723.7,6760,5378,0
20240506,160000,6760,6777.5,6757.6,6770.5,4522,0
20240506,170000,6771,6772.3,6752.5,6756.1,1501,0
20240506,180000,6754.1,6780,6750.8,6779.6,2140,0
20240506,190000,6777,6807.2,6762.1,6775,2349,0
20240506,200000,6776,6799.6,6767.4,6777.3,1290,0
20240506,210000,6774.8,6785.5,6774.8,6785.5,103,0
20240506,220000,6787.1,6797,6783.1,6793.5,235,0
20240506,230000,6793.5,6798,6788.7,6793.4,93,0
20240507,090000,6768.9,6784.4,6760.1,6768.2,1833,0
20240507,100000,6764.4,6771.5,6736.1,6743.5,1750,0
20240507,110000,6740.3,6757.1,6735,6741.9,1871,0
20240507,120000,6743.9,6751.4,6730.2,6736.6,1498,0
20240507,130000,6732.2,6737.9,6730.3,6737.9,2241,0
20240507,140000,6735.3,6739.9,6725,6726.9,1608,0
20240507,150000,6726,6736.9,6718,6736.4,1342,0
20240507,160000,6736.9,6758.6,6732.2,6750.5,3073,0
20240507,170000,6751.7,6755,6738,6738.3,1335,0
20240507,180000,6738,6758,6724.2,6732.3,2791,0
20240507,190000,6730,6747.7,6725,6729,1472,0
20240507,200000,6733,6743.8,6727.3,6737.6,549,0
20240507,210000,6739.5,6740,6733.4,6737.6,86,0
20240507,220000,6740,6741,6737.6,6740,75,0
20240507,230000,6739.8,6741.1,6727.1,6727.1,722,0
20240508,090000,6744.8,6749.4,6726.2,6732.1,1513,0
20240508,100000,6733.3,6747.5,6731.8,6741.5,1141,0
20240508,110000,6738.1,6748.6,6733,6745.6,1763,0
20240508,120000,6745.8,6752.7,6741.7,6748,883,0
20240508,130000,6748,6781.1,6748,6772.5,3328,0
20240508,140000,6773,6774.8,6757,6757,1972,0
20240508,150000,6757,6764.7,6755,6762.5,690,0
20240508,160000,6762.4,6763.3,6745,6749.5,1240,0
20240508,170000,6750.2,6771.4,6747.3,6765.7,2099,0
20240508,180000,6764.7,6768.9,6756.6,6764.7,425,0
20240508,190000,6766.3,6771.5,6745.2,6760.6,247,0
20240508,200000,6764.7,6777.9,6760.4,6768.6,485,0
20240508,210000,6769.4,6772.1,6764.8,6764.8,321,0
20240508,220000,6764.8,6764.8,6746,6750.4,1199,0
20240508,230000,6749.7,6756,6745.3,6745.3,523,0
20240510,090000,6830.2,6892,6830.2,6890,9982,0
20240510,100000,6892,6903,6880.6,6898.9,3959,0
20240510,110000,6898,6920.8,6891.9,6919.9,3734,0
20240510,120000,6917.7,6934.1,6913.2,6928.1,4801,0
20240510,130000,6926.5,6942.2,6924.7,6940.5,2381,0
20240510,140000,6940,6944,6932.6,6932.6,1190,0
20240510,150000,6936.7,6937.7,6920.2,6927.9,1211,0
20240510,160000,6929.6,6931.2,6910.5,6925,2119,0
20240510,170000,6925,6929.9,6898.2,6898.2,4883,0
20240510,180000,6900.6,6917.7,6900.6,6917.7,1148,0
20240510,190000,6899,6923,6899,6920,343,0
20240510,200000,6924.9,6929.9,6920.1,6928.5,215,0
20240510,210000,6928.5,6931.9,6928.5,6930.6,266,0
20240510,220000,6930.6,6930.7,6920,6920,640,0
20240510,230000,6917.1,6923.5,6916.9,6923,446,0
20240513,090000,6895,6908.4,6873.7,6873.7,7864,0
20240513,100000,6874.3,6879.6,6855,6855.9,4102,0
20240513,110000,6856,6862.2,6840.3,6841.1,3858,0
20240513,120000,6841.1,6843,6816,6816,3780,0
20240513,130000,6818,6830.1,6806.9,6826.5,2539,0
20240513,140000,6826.5,6848.1,6818.8,6843.9,3412,0
20240513,150000,6843.4,6854,6840.1,6845,928,0
20240513,160000,6848.9,6851.8,6829.8,6832.6,1226,0
20240513,170000,6834.4,6849.5,6826.1,6849.5,6902,0
20240513,180000,6845,6845,6803.4,6810,3359,0
20240513,190000,6813.5,6816.8,6803,6813.9,1464,0
20240513,200000,6810.9,6815.9,6806.1,6813,196,0
20240513,210000,6813,6816.7,6805,6813,415,0
20240513,220000,6813.7,6821.9,6810,6817,375,0
20240513,230000,6815,6820.7,6805.3,6807,1046,0
20240514,090000,6821.9,6829.9,6807.5,6809,1267,0
20240514,100000,6809.8,6828.3,6805.2,6823.9,2677,0
20240514,110000,6822,6839,6815.5,6839,2303,0
20240514,120000,6837.1,6848.9,6825.8,6827.4,2065,0
20240514,130000,6827.4,6834.6,6821,6831.9,1093,0
20240514,140000,6830.9,6831.9,6819.8,6822.7,423,0
20240514,150000,6821,6828.2,6810,6821.3,673,0
20240514,160000,6820.1,6840.7,6817.1,6838.2,1016,0
20240514,170000,6841.1,6848.8,6831.1,6834.5,1079,0
20240514,180000,6834.5,6836.5,6820.2,6828.9,1031,0
20240514,190000,6826.9,6840,6824.7,6836.9,261,0
20240514,200000,6836.9,6841,6833,6839.1,189,0
20240514,210000,6841.5,6848.4,6840.1,6841.1,1072,0
20240514,220000,6841.1,6848.9,6840.4,6842,517,0
20240514,230000,6842,6847.4,6840.5,6841.3,248,0
20240515,090000,6846.9,6848.7,6830,6844,1270,0
20240515,100000,6843.9,6869.7,6843.9,6860.9,2921,0
20240515,110000,6860,6886.2,6860,6884.8,2495,0
20240515,120000,6884.2,6885.9,6863,6864.4,2719,0
20240515,130000,6864.4,6872.1,6847.1,6854.6,3004,0
20240515,140000,6849.9,6850,6832.3,6840,1295,0
20240515,150000,6838.6,6870,6832.4,6859,4151,0
20240515,160000,6858.9,6865,6821,6830,3726,0
20240515,170000,6830,6858.6,6824.9,6856.2,2199,0
20240515,180000,6854.5,6870,6851.1,6856.9,2928,0
20240515,190000,6860.1,6887.6,6860.1,6877.5,1183,0
20240515,200000,6875.1,6896.7,6875.1,6889.4,832,0
20240515,210000,6889.4,6890,6876.7,6880.9,970,0
20240515,220000,6881.4,6889.9,6879.4,6886.3,409,0
20240515,230000,6886.3,6889.9,6886.3,6889.2,407,0
20240516,090000,6889.8,6889.9,6877,6887.5,1004,0
20240516,100000,6887.5,6887.5,6872.2,6882.9,3293,0
20240516,110000,6883,6893,6880.2,6888.2,1523,0
20240516,120000,6888.2,6891.1,6881.1,6881.1,1261,0
20240516,130000,6881.1,6883.1,6873.8,6876.5,681,0
20240516,140000,6876.5,6883.4,6872.7,6877,1017,0
20240516,150000,6877.9,6882.6,6868.8,6873.9,1950,0
20240516,160000,6873,6873,6852,6860.1,2898,0
20240516,170000,6860.9,6874.8,6852,6857,2288,0
20240516,180000,6856,6874.2,6855.1,6872,2228,0
20240516,190000,6874,6879.9,6870,6876.9,454,0
20240516,200000,6872,6876.8,6833,6862,1062,0
20240516,210000,6862,6871.9,6834,6862.1,912,0
20240516,220000,6870,6872,6850.8,6872,514,0
20240516,230000,6860.1,6876.9,6855.1,6869.3,332,0
20240517,090000,6860.2,6904,6860.2,6903.5,3062,0
20240517,100000,6902.3,6906.8,6882.7,6888.8,3932,0
20240517,110000,6888.7,6888.7,6882.3,6882.8,1292,0
20240517,120000,6882.7,6884.8,6875.1,6875.6,721,0
20240517,130000,6879.9,6881.1,6875.8,6881.1,456,0
20240517,140000,6880,6890,6879.9,6887.9,1318,0
20240517,150000,6889,6890,6878.4,6890,1326,0
20240517,160000,6889.5,6912.9,6889.5,6900,4832,0
20240517,170000,6900,6936.9,6900,6936.8,2088,0
20240517,180000,6936.9,6942,6910.7,6918,2586,0
20240517,190000,6918.2,6938.4,6910.1,6916.6,1065,0
20240517,200000,6920.2,6927.6,6917.3,6927.6,361,0
20240517,210000,6928.7,6944.4,6924.3,6943.7,1273,0
20240517,220000,6944.2,6944.5,6932.3,6940,697,0
20240517,230000,6940.1,6943.7,6932.4,6932.8,642,0
20240520,090000,6993,7033.3,6988.7,6997.9,6959,0
20240520,100000,6996.8,7018.6,6996.8,7018.6,5784,0
20240520,110000,7014.4,7021.9,6994.8,7009.8,1650,0
20240520,120000,7010,7025,7009,7010.5,1445,0
20240520,130000,7011.5,7012,6988,6993.9,2782,0
20240520,140000,6993.8,6996.7,6982.1,6982.5,2127,0
20240520,150000,6984.1,6992.5,6952.3,6970,4758,0
20240520,160000,6971,6992.4,6968.1,6990.9,1902,0
20240520,170000,6990.9,6993.1,6977.5,6993.1,1469,0
20240520,180000,6993.1,7012.6,6986.2,6998.9,1620,0
20240520,190000,6998.5,7016,6997.9,7016,849,0
20240520,200000,7016,7031.9,7011.9,7029.9,887,0
20240520,210000,7030,7038,7020.1,7020.1,934,0
20240520,220000,7020.1,7029.1,7010.1,7017.3,437,0
20240520,230000,7011.8,7021.9,7011.8,7012.1,381,0
20240521,090000,6994.1,6994.1,6930,6935.1,4944,0
20240521,100000,6935.1,6963.5,6930.5,6963.5,5166,0
20240521,110000,6962.9,6967,6943.6,6954,1809,0
20240521,120000,6954,6955.5,6943.4,6951,1386,0
20240521,130000,6951.9,6959.7,6950,6958,306,0
20240521,140000,6958,6967.1,6953.4,6967,3076,0
20240521,150000,6967,6990,6960.1,6986,5102,0
20240521,160000,6987.9,6996.1,6972.1,6985,1481,0
20240521,170000,6981.1,6988.9,6974,6977.6,385,0
20240521,180000,6974.2,6985.2,6959.9,6966.4,1822,0
20240521,190000,6958.9,6967.9,6903.7,6950,1421,0
20240521,200000,6949.9,6950,6940.7,6940.9,819,0
20240521,210000,6940.1,6945,6930,6940,1089,0
20240521,220000,6944.4,6945,6939.3,6941.8,183,0
20240521,230000,6941.8,6947.9,6941.5,6944.5,412,0
20240522,090000,6943.1,6948.6,6921,6938.4,2071,0
20240522,100000,6940,6970,6940,6954.3,2629,0
20240522,110000,6954.2,6959.9,6935.6,6949,975,0
20240522,120000,6950,6959.5,6940,6956.9,774,0
20240522,130000,6954.3,6960.2,6951.1,6953.6,249,0
20240522,140000,6953.5,6953.5,6932,6932,918,0
20240522,150000,6932.1,6948.5,6928.2,6932.6,2689,0
20240522,160000,6932.6,6936.9,6925.5,6934.4,1480,0
20240522,170000,6934.9,6936.2,6859.9,6879.3,10853,0
20240522,180000,6879.4,6898.9,6857.2,6879.1,3830,0
20240522,190000,6880,6896.7,6874.5,6885,722,0
20240522,200000,6885,6889.9,6865.3,6867.4,1198,0
20240522,210000,6868.3,6875.9,6851.6,6860.6,679,0
20240522,220000,6860.6,6860.6,6850,6855.8,683,0
20240522,230000,6855.8,6859.9,6851.1,6853,126,0
20240523,090000,6840,6846.1,6799.2,6835,4178,0
20240523,100000,6834.1,6839.4,6815.7,6818.5,1665,0
20240523,110000,6818.6,6823.9,6807.2,6818.1,1399,0
20240523,120000,6818.1,6830,6814,6822.5,1297,0
20240523,130000,6822.5,6830,6818,6823,1634,0
20240523,140000,6824.5,6830.1,6818,6826.6,2504,0
20240523,150000,6825.3,6829.9,6809.4,6811,1677,0
20240523,160000,6810.2,6825.9,6784.3,6807.4,4261,0
20240523,170000,6809,6820,6773.1,6784.1,8667,0
20240523,180000,6780.2,6789.7,6757.9,6767.7,4845,0
20240523,190000,6767.5,6779.5,6757.3,6759.4,1145,0
20240523,200000,6759.4,6759.4,6720,6734.9,2756,0
20240523,210000,6733,6739.4,6721,6733.2,1363,0
20240523,220000,6736.9,6738.9,6732.5,6738.9,694,0
20240523,230000,6733.7,6739.2,6727,6727,1133,0
20240524,090000,6741.9,6760.8,6731.2,6745.1,6128,0
20240524,100000,6745.1,6747.8,6727,6727,3943,0
20240524,110000,6727.2,6734.7,6722.6,6734.7,3393,0
20240524,120000,6734.7,6750,6731.2,6736.9,3080,0
20240524,130000,6736.5,6749.2,6734.8,6740,1413,0
20240524,140000,6740,6749.2,6737.7,6744,611,0
20240524,150000,6747.5,6749.2,6740,6740.2,1370,0
20240524,160000,6740.1,6748.6,6724.7,6724.7,5753,0
20240524,170000,6725.5,6736.9,6720.2,6728.4,2289,0
20240524,180000,6728.4,6741.8,6722.9,6723.2,1286,0
20240524,190000,6740,6745.4,6722.6,6732.8,528,0
20240524,200000,6737.8,6737.8,6730,6732.1,690,0
20240524,210000,6731,6739.7,6731,6731.7,461,0
20240524,220000,6735.6,6741.5,6731.9,6741.5,157,0
20240524,230000,6741.1,6752.3,6741.1,6751.8,450,0
20240527,090000,6754.6,6770,6747,6748.8,2992,0
20240527,100000,6748.8,6752,6701,6702,7192,0
20240527,110000,6701.1,6703.2,6672.9,6680.9,6297,0
20240527,120000,6685.1,6697.9,6675.8,6678.3,3560,0
20240527,130000,6679.5,6699,6678.8,6696,1109,0
20240527,140000,6699.1,6699.1,6690.1,6692.3,3497,0
20240527,150000,6692.6,6705,6690.9,6705,3576,0
20240527,160000,6702.6,6726.9,6702.6,6722.3,3453,0
20240527,170000,6721.3,6737.5,6716.1,6718,3138,0
20240527,180000,6716.1,6728.6,6715,6715,790,0
20240527,190000,6712.9,6729.9,6699.6,6715.3,980,0
20240527,200000,6721,6726.6,6713.4,6721.6,813,0
20240527,210000,6721.6,6730,6710,6711.4,457,0
20240527,220000,6713.1,6719.9,6713.1,6717.8,190,0
20240527,230000,6713.9,6719.9,6710,6719.9,395,0
20240528,090000,6720,6723.1,6690,6690,3468,0
20240528,100000,6690,6690,6679.6,6679.6,2800,0
20240528,110000,6679.6,6690,6628,6657,9871,0
20240528,120000,6663.9,6664.9,6658,6661.4,4737,0
20240528,130000,6661.4,6677,6659,6674.9,3440,0
20240528,140000,6674.9,6682.8,6673.5,6680,3253,0
20240528,150000,6680,6703.2,6679.1,6696.8,6299,0
20240528,160000,6696.8,6698.7,6677.3,6677.3,6341,0
20240528,170000,6677.9,6686.2,6661.9,6686.2,1043,0
20240528,180000,6686.1,6688.2,6679.4,6688.2,700,0
20240528,190000,6688.7,6706.4,6688.7,6700,1853,0
20240528,200000,6699.2,6707.8,6697.8,6705,1156,0
20240528,210000,6705.1,6707,6701,6706,902,0
20240528,220000,6706,6706.9,6702,6703,72,0
20240528,230000,6705,6707,6705,6707,369,0
20240529,090000,6702.2,6720,6701,6712.2,2784,0
20240529,100000,6709.1,6715.3,6693.6,6715.3,4128,0
20240529,110000,6715.2,6718.7,6702,6706.5,1759,0
20240529,120000,6705.9,6711.9,6689.5,6711.8,2926,0
20240529,130000,6711.8,6749.4,6711.7,6734,3612,0
20240529,140000,6739.2,6741.8,6706.6,6710,2248,0
20240529,150000,6710,6712,6691.5,6697.6,3971,0
20240529,160000,6697.5,6707.4,6697.5,6704.4,1649,0
20240529,170000,6705,6708.9,6696.1,6704.2,1758,0
20240529,180000,6699,6702.8,6690,6694,411,0
20240529,190000,6690,6762.8,6690,6693.5,886,0
20240529,200000,6693.8,6705,6693.8,6705,162,0
20240529,210000,6705,6705.8,6696.3,6696.3,429,0
20240529,220000,6695.1,6699.4,6693.6,6698.9,147,0
20240529,230000,6698.9,6698.9,6693.5,6693.5,323,0
20240530,090000,6698.8,6699.2,6670,6687.5,3354,0
20240530,100000,6687.5,6711.1,6680.5,6686.6,2202,0
20240530,110000,6686.6,6699.4,6681,6683.1,1566,0
20240530,120000,6682.5,6686.7,6665.5,6665.5,2040,0
20240530,130000,6665,6685.1,6654.5,6679.1,2223,0
20240530,140000,6675.1,6690,6675.1,6679.9,1888,0
20240530,150000,6678.7,6714.8,6678.3,6701.1,2211,0
20240530,160000,6701.1,6737,6696.9,6728.1,3317,0
20240530,170000,6728.1,6739.9,6713.3,6718,3944,0
20240530,180000,6718,6729,6711,6716.3,1667,0
20240530,190000,6728.3,6748.3,6716.8,6747.9,1140,0
20240530,200000,6747.9,6750.1,6737,6747.3,1230,0
20240530,210000,6747.3,6749,6721.9,6738.6,1124,0
20240530,220000,6738.6,6747.4,6728.3,6739.6,625,0
20240530,230000,6739.6,6750,6737.2,6750,567,0
20240531,090000,6749,6768.4,6749,6759.8,1927,0
20240531,100000,6759.8,6765.8,6731.5,6734.1,5537,0
20240531,110000,6734.1,6744.7,6725.9,6741.2,8515,0
20240531,120000,6741.2,6752,6739,6752,3679,0
20240531,130000,6752,6758.2,6742.5,6749.7,6676,0
20240531,140000,6749.7,6750,6743.9,6744.2,5186,0
20240531,150000,6744,6758,6725,6750.9,3749,0
20240531,160000,6752.6,6759,6722.2,6727,3552,0
20240531,170000,6728,6730,6696.6,6705.6,4975,0
20240531,180000,6701.8,6706.1,6672,6686.5,4846,0
20240531,190000,6692.6,6692.6,6659.5,6688.1,1215,0
20240531,200000,6686,6686,6630.5,6639.1,2851,0
20240531,210000,6640.4,6646,6634.6,6638.9,831,0
20240531,220000,6635,6640.3,6631.4,6632.8,436,0
20240531,230000,6639,6653.1,6636.5,6653.1,422,0
20240603,090000,6645,6658.8,6640.2,6655,1639,0
20240603,100000,6658,6658.8,6613,6626.4,2380,0
20240603,110000,6626.4,6643,6620.1,6633.5,2973,0
20240603,120000,6638.6,6649.8,6612.2,6643.8,4520,0
20240603,130000,6643.8,6645,6630,6635.9,2053,0
20240603,140000,6642.9,6646.7,6621.5,6621.5,3360,0
20240603,150000,6621.5,6627.7,6613.2,6624.7,3032,0
20240603,160000,6624.6,6627.5,6606,6619.1,1633,0
20240603,170000,6620.8,6674.8,6619.2,6654.2,4886,0
20240603,180000,6655.7,6655.8,6628.2,6628.2,1283,0
20240603,190000,6637.9,6669.9,6630.7,6664.1,923,0
20240603,200000,6663.1,6687.2,6660.7,6660.7,1149,0
20240603,210000,6664.2,6666.3,6654.5,6662.9,342,0
20240603,220000,6662.9,6663,6654.1,6654.1,213,0
20240603,230000,6657.9,6662.8,6656.1,6658,62,0
20240604,090000,6646.7,6667.3,6631.5,6634,3482,0
20240604,100000,6633.7,6655.5,6620.1,6641.3,2183,0
20240604,110000,6641.5,6646.1,6626.3,6626.3,2325,0
20240604,120000,6626.4,6629.5,6611.6,6627,1427,0
20240604,130000,6628.1,6635.6,6624.9,6627.9,964,0
20240604,140000,6627.4,6629.4,6619.1,6625,1004,0
20240604,150000,6627.5,6637.1,6622.3,6636.8,1029,0
20240604,160000,6637.1,6645.7,6611.7,6617.4,992,0
20240604,170000,6617.3,6627,6597.8,6607.7,3326,0
20240604,180000,6606,6613.4,6598.1,6603,559,0
20240604,190000,6619.1,6619.1,6601,6604.9,431,0
20240604,200000,6609,6609.6,6603.1,6605.1,425,0
20240604,210000,6606.8,6614.3,6601.2,6606.2,375,0
20240604,220000,6607.9,6610,6604.1,6610,148,0
20240604,230000,6608.1,6610,6602,6610,77,0
20240605,090000,6628.8,6638.4,6605.6,6621.8,1933,0
20240605,100000,6626.3,6635.9,6625.1,6631.5,935,0
20240605,110000,6631.1,6635.4,6625.7,6635.1,1077,0
20240605,120000,6632.1,6632.8,6626.4,6629.8,1402,0
20240605,130000,6629.8,6639.5,6627.6,6635,1254,0
20240605,140000,6636.1,6639.9,6622.1,6623,1152,0
20240605,150000,6623,6660,6622.1,6660,3047,0
20240605,160000,6658.8,6666.2,6652.3,6660.8,1884,0
20240605,170000,6660,6690,6644.4,6677.1,3019,0
20240605,180000,6679.8,6690,6670,6687.8,1354,0
20240605,190000,6680.3,6710.9,6677.2,6685.5,1488,0
20240605,200000,6689.9,6697.4,6684.3,6688.1,215,0
20240605,210000,6689.8,6694.4,6689,6691.9,130,0
20240605,220000,6690.1,6690.1,6677.7,6689.6,247,0
20240605,230000,6689.6,6689.8,6685.2,6689.8,25,0
20240606,090000,6690.1,6712.6,6690.1,6710.4,2689,0
20240606,100000,6711.9,6714.4,6694.4,6694.6,1451,0
20240606,110000,6694.3,6699.2,6690,6699.2,911,0
20240606,120000,6699.2,6731.2,6699,6731.2,2363,0
20240606,130000,6730.2,6737.3,6712.4,6713,1457,0
20240606,140000,6716.1,6723.5,6707.9,6713.8,2912,0
20240606,150000,6714.9,6720,6698.5,6699.6,3686,0
20240606,160000,6699.9,6729.6,6690,6722.5,1561,0
20240606,170000,6724.5,6743,6724.4,6741,965,0
20240606,180000,6741,6741,6726.2,6738.7,2889,0
20240606,190000,6738,6743,6726.3,6737.9,216,0
20240606,200000,6737.9,6742,6733,6739.3,651,0
20240606,210000,6740.5,6743,6739.3,6743,263,0
20240606,220000,6743,6749.7,6731.3,6731.3,321,0
20240606,230000,6729.3,6743.2,6726.3,6743.2,391,0
20240607,090000,6743.2,6745.7,6705,6719.8,5222,0
20240607,100000,6717.4,6748.9,6710.1,6742.1,1908,0
20240607,110000,6742.1,6742.1,6683,6694.2,6696,0
20240607,120000,6696.1,6696.1,6654.3,6663.7,2140,0
20240607,130000,6664.3,6667,6647.2,6648.7,2144,0
20240607,140000,6648.6,6665.3,6641.3,6663,1847,0
20240607,150000,6663.1,6667,6608.6,6621.4,7661,0
20240607,160000,6620.3,6651.7,6612.5,6615.3,2130,0
20240607,170000,6615.8,6665.1,6615.5,6636.9,4200,0
20240607,180000,6633.3,6637.9,6605,6609.7,6643,0
20240607,190000,6610,6631.7,6604,6628,2113,0
20240607,200000,6629.9,6631.2,6610.4,6615.2,453,0
20240607,210000,6615,6617,6603.3,6605.7,498,0
20240607,220000,6605.8,6606.9,6565,6567,3070,0
20240607,230000,6566,6572.7,6551.8,6572.7,955,0
20240610,090000,6593.1,6603.9,6573.3,6582.5,2929,0
20240610,100000,6584.4,6587.4,6564.6,6568.3,2385,0
20240610,110000,6575,6582.9,6570.1,6576.2,740,0
20240610,120000,6576.2,6579.5,6570,6570,794,0
20240610,130000,6570,6572.6,6555.1,6562,1894,0
20240610,140000,6564,6581,6557.4,6581,1413,0
20240610,150000,6580,6582,6576.5,6582,542,0
20240610,160000,6581.8,6587.6,6562.7,6573.9,867,0
20240610,170000,6575.9,6578.8,6563.8,6576.6,1750,0
20240610,180000,6570.2,6580,6562.7,6567.5,711,0
20240610,190000,6567.2,6578.1,6558,6570.8,744,0
20240610,200000,6575.3,6579.7,6565.9,6577.2,284,0
20240610,210000,6577.2,6577.2,6568,6569.3,186,0
20240610,220000,6569.2,6576.7,6563.1,6569.3,326,0
20240610,230000,6566.4,6573.3,6566.4,6572.3,34,0
20240611,090000,6560.6,6573.2,6560,6570.9,1086,0
20240611,100000,6570.9,6611.9,6563.6,6597.2,3079,0
20240611,110000,6596.7,6605.6,6590.8,6595.1,248,0
20240611,120000,6599.9,6608.8,6593.2,6595,581,0
20240611,130000,6595.1,6602.9,6591.3,6596.8,1352,0
20240611,140000,6593.9,6598,6590,6595,360,0
20240611,150000,6597.9,6618.7,6592.5,6614.5,3585,0
20240611,160000,6614.5,6615.2,6590,6609.5,3567,0
20240611,170000,6609.5,6626.2,6608.5,6617,3556,0
20240611,180000,6617.4,6624,6608.6,6615.2,2777,0
20240611,190000,6621.1,6621.2,6590.5,6599.8,1267,0
20240611,200000,6601.1,6607,6580,6602,1464,0
20240611,210000,6603.5,6609.2,6603.1,6605.3,96,0
20240611,220000,6606.5,6611,6602.7,6606,190,0
20240611,230000,6606,6615.3,6606,6615.3,329,0
20240613,100000,6641.2,6654.8,6529.7,6541.4,19013,0
20240613,110000,6546.4,6561.5,6499.4,6542,10304,0
20240613,120000,6541.4,6541.4,6522.6,6529,3407,0
20240613,130000,6528.9,6541.4,6522.1,6540,1753,0
20240613,140000,6538.1,6538.1,6510.7,6523.5,1714,0
20240613,150000,6524.8,6564.1,6521.4,6545.1,2548,0
20240613,160000,6545,6571.2,6534.7,6566,3011,0
20240613,170000,6566,6573.3,6511.9,6553.7,4977,0
20240613,180000,6553.7,6579,6549.7,6549.7,3930,0
20240613,190000,6545,6547.5,6523.3,6523.3,1499,0
20240613,200000,6524,6542.2,6524,6529.5,1333,0
20240613,210000,6532,6548,6527.3,6548,793,0
20240613,220000,6539.7,6547.2,6528.5,6532.7,324,0
20240613,230000,6534,6543.5,6529.1,6539.9,106,0
20240614,100000,6544.6,6550.1,6536.2,6544.2,2376,0
20240614,110000,6544.2,6551.6,6538,6550.9,835,0
20240614,120000,6551,6569.4,6551,6569.4,1663,0
20240614,130000,6569.3,6593,6569.2,6593,6733,0
20240614,140000,6593,6625,6590.8,6623.1,4222,0
20240614,150000,6623.1,6632.7,6616.9,6618,8511,0
20240614,160000,6623.6,6627.9,6577.1,6599,3700,0
20240614,170000,6600,6630.8,6600,6626,2377,0
20240614,180000,6625.8,6630.8,6597.2,6606,3180,0
20240614,190000,6623.9,6640,6612,6630.7,1247,0
20240614,200000,6622.8,6631.9,6622.8,6631.9,159,0
20240614,210000,6628.8,6631.8,6627.3,6629.7,512,0
20240614,220000,6629.7,6629.9,6626.1,6629,424,0
20240614,230000,6629.4,6630,6627.1,6630,751,0
20240617,100000,6618,6625.9,6561.4,6567.1,7217,0
20240617,110000,6567,6611.1,6567,6605,5862,0
20240617,120000,6605,6609.2,6603.7,6603.7,1716,0
20240617,130000,6603.7,6609.4,6601.2,6607,1367,0
20240617,140000,6607,6611,6560.2,6578,6291,0
20240617,150000,6574.4,6589.7,6542.9,6542.9,3866,0
20240617,160000,6544,6595.2,6542.9,6545,5569,0
20240617,170000,6545.1,6585.9,6515.7,6540.7,10459,0
20240617,180000,6540.6,6544.7,6477.5,6495.7,5371,0
20240617,190000,6485.1,6510.5,6485.1,6500.1,1423,0
20240617,200000,6501.1,6519.6,6490.5,6506.3,1457,0
20240617,210000,6506.3,6519.7,6505.6,6513.7,437,0
20240617,220000,6514.6,6519.6,6513.6,6513.6,180,0
20240617,230000,6513.6,6516.7,6505.5,6512.2,170,0
20240618,100000,6512.2,6519.3,6434.4,6450,10667,0
20240618,110000,6450,6451,6429.8,6434.7,4055,0
20240618,120000,6436.2,6448.2,6428.4,6447.7,4291,0
20240618,130000,6446.8,6472,6445.4,6471.8,2231,0
20240618,140000,6470.4,6490.3,6432,6468.9,5921,0
20240618,150000,6463.9,6468.2,6449.8,6449.9,1267,0
20240618,160000,6449.8,6466.4,6438.9,6465.5,3022,0
20240618,170000,6466.1,6478.2,6457.1,6461,1978,0
20240618,180000,6460.1,6460.1,6435.9,6436.9,3172,0
20240618,190000,6435.3,6459.8,6365.5,6381.3,7788,0
20240618,200000,6379.9,6390,6373,6381.8,1556,0
20240618,210000,6382.9,6392,6382,6391.9,740,0
20240618,220000,6391.9,6404,6382.1,6389,1553,0
20240618,230000,6385.2,6396.4,6380,6385.4,1666,0
20240619,100000,6400,6403,6286.2,6340,23703,0
20240619,110000,6340.9,6343,6283.1,6307.1,9750,0
20240619,120000,6305.8,6313.9,6279.7,6307.8,10028,0
20240619,130000,6307.9,6319.8,6266.3,6293.2,9986,0
20240619,140000,6297.3,6318,6293.2,6313.9,6048,0
20240619,150000,6313.9,6379.3,6312.8,6377,22646,0
20240619,160000,6374.4,6379,6359.9,6375,6018,0
20240619,170000,6374.9,6394.1,6348.1,6350.9,8909,0
20240619,180000,6351,6374.1,6349.4,6374.1,3985,0
20240619,190000,6392,6399.9,6321.5,6357,3103,0
20240619,200000,6355.1,6363.9,6341.9,6363.4,1494,0
20240619,210000,6363.4,6364.9,6346.1,6347.5,653,0
20240619,220000,6353,6359,6348.9,6350.9,168,0
20240619,230000,6355.2,6357,6347.6,6356.9,116,0
20240620,100000,6361,6459.5,6341.9,6440.1,15699,0
20240620,110000,6440.2,6459.5,6420,6444.1,5545,0
20240620,120000,6447.3,6506.3,6429.9,6506.1,6317,0
20240620,130000,6506.1,6510.4,6496.6,6498.6,3561,0
20240620,140000,6498.6,6531.8,6498.6,6522.2,3716,0
20240620,150000,6523.2,6530,6507,6517.9,3557,0
20240620,160000,6518.1,6551,6518.1,6550,3770,0
20240620,170000,6550.1,6563.4,6535.9,6558,6884,0
20240620,180000,6552.1,6588.5,6552.1,6580.1,9770,0
20240620,190000,6589.8,6651.3,6583.7,6616,5874,0
20240620,200000,6615.9,6630.1,6610,6619.4,1543,0
20240620,210000,6619.5,6627.8,6617.1,6621.4,395,0
20240620,220000,6622,6624.8,6580,6589.9,5442,0
20240620,230000,6590,6617,6581,6615,884,0
20240621,100000,6617,6814.4,6590.8,6705,33550,0
20240621,110000,6704.9,6730,6657.7,6689.8,6565,0
20240621,120000,6689.8,6702.3,6604.8,6610.7,11638,0
20240621,130000,6610.6,6625,6587.4,6625,11458,0
20240621,140000,6625,6690.5,6624.6,6669.5,10091,0
20240621,150000,6669.5,6690.3,6656.2,6684,3031,0
20240621,160000,6685.4,6690,6643.8,6647.1,6541,0
20240621,170000,6652.1,6652.1,6582,6598,5887,0
20240621,180000,6597.8,6620,6597.8,6613.7,4103,0
20240621,190000,6617.6,6617.6,6568.6,6576.8,1687,0
20240621,200000,6576.8,6588.6,6550,6553.7,1080,0
20240621,210000,6553.6,6568.2,6541.3,6567,1015,0
20240621,220000,6567,6567.1,6556.3,6558.4,262,0
20240621,230000,6564.2,6600,6560,6577.1,824,0
20240624,100000,6588,6628.4,6558.2,6576.9,6456,0
20240624,110000,6573.2,6577.6,6531.8,6551,3764,0
20240624,120000,6552,6552.2,6514.6,6529.1,4432,0
20240624,130000,6534.5,6545.9,6528.8,6541.4,2584,0
20240624,140000,6541.4,6574.8,6541.4,6562,3686,0
20240624,150000,6567.4,6570.1,6538.5,6540.5,1003,0
20240624,160000,6540.1,6544.9,6525.2,6525.2,1745,0
20240624,170000,6525.4,6530.6,6504.3,6517.2,4925,0
20240624,180000,6517.3,6526.2,6482.7,6502.6,6470,0
20240624,190000,6529.2,6544.6,6470.3,6508,2795,0
20240624,200000,6509.9,6509.9,6500,6507.8,309,0
20240624,210000,6504,6510.4,6479.9,6504.5,963,0
20240624,220000,6506.9,6516,6477,6495.7,2686,0
20240624,230000,6495.2,6508,6495.2,6500.1,620,0
20240625,100000,6503.9,6525,6480.8,6521.3,8076,0
20240625,110000,6519.6,6520.5,6505.1,6514.5,3467,0
20240625,120000,6515.5,6553,6515.5,6543.5,3756,0
20240625,130000,6543.5,6550.6,6537.9,6547.9,2366,0
20240625,140000,6542,6550,6530.3,6543.3,1697,0
20240625,150000,6541.7,6541.7,6525.2,6525.2,646,0
20240625,160000,6525,6536,6521.5,6528.7,933,0
20240625,170000,6535.8,6542.9,6526,6538,2805,0
20240625,180000,6537.3,6545,6531.9,6544.7,1536,0
20240625,190000,6549.7,6550.2,6510.6,6525.1,1956,0
20240625,200000,6520,6528.8,6515.9,6525.3,394,0
20240625,210000,6526,6530.8,6521.5,6530.8,308,0
20240625,220000,6530.8,6532.8,6529.1,6532.8,105,0
20240625,230000,6532.7,6532.8,6521.1,6523.3,250,0
20240626,100000,6532.8,6550,6522.2,6537.6,4722,0
20240626,110000,6537.7,6550,6514.7,6515,5796,0
20240626,120000,6515,6523.6,6502.1,6515.6,3579,0
20240626,130000,6515.6,6517.5,6503.1,6503.1,1466,0
20240626,140000,6503.1,6513.1,6496,6503.6,2863,0
20240626,150000,6503.1,6509,6490.7,6499.5,5849,0
20240626,160000,6498.9,6506,6494.9,6495.5,7663,0
20240626,170000,6497.6,6501.6,6492,6496.5,1599,0
20240626,180000,6495.1,6497.6,6476.3,6484.4,3979,0
20240626,190000,6480,6484.7,6450,6477.7,2014,0
20240626,200000,6477.9,6483.3,6477.5,6482.1,601,0
20240626,210000,6482.9,6484.7,6477.5,6480.8,315,0
20240626,220000,6480.8,6484.7,6477.6,6484.7,190,0
20240626,230000,6480.1,6484.6,6477.5,6484.6,310,0
20240627,100000,6482.1,6482.3,6410,6414.1,8249,0
20240627,110000,6414.2,6433.1,6399,6429.1,7666,0
20240627,120000,6428.6,6449.5,6412,6439.3,4873,0
20240627,130000,6438,6464.3,6435.5,6458,4702,0
20240627,140000,6458,6467,6442.7,6455.5,1860,0
20240627,150000,6456,6504.5,6456,6496.8,4917,0
20240627,160000,6495,6519.2,6483,6495.4,3944,0
20240627,170000,6495.2,6520.9,6495.2,6516.9,3295,0
20240627,180000,6517.7,6518.8,6494.9,6495.7,1401,0
20240627,190000,6491.1,6514.8,6491,6503,2035,0
20240627,200000,6505.3,6513.2,6505.3,6507.1,155,0
20240627,210000,6507.1,6507.1,6489.3,6492.1,1546,0
20240627,220000,6490.5,6494.7,6488.8,6493.4,224,0
20240627,230000,6493.4,6503.6,6493.4,6503.3,348,0
20240628,100000,6500.1,6561.4,6493.5,6550.1,6560,0
20240628,110000,6550.1,6558.2,6544.5,6557.9,3123,0
20240628,120000,6555.1,6559.1,6506.2,6511.9,4206,0
20240628,130000,6513.5,6518.5,6500.3,6507,3545,0
20240628,140000,6511.5,6519,6503,6510.1,2371,0
20240628,150000,6510.1,6530.8,6508.3,6530.2,1142,0
20240628,160000,6528.5,6542,6528.5,6538.8,2780,0
20240628,170000,6537.1,6543.6,6531.6,6537,1732,0
20240628,180000,6539.9,6541.7,6531.4,6531.4,813,0
20240628,190000,6540.7,6553,6540.6,6541.7,1368,0
20240628,200000,6541.7,6544.9,6541,6541.9,189,0
20240628,210000,6542,6551,6541,6541.1,846,0
20240628,220000,6542.2,6546.8,6540.1,6540.1,104,0
20240628,230000,6540.1,6541,6525.4,6530.3,1046,0
20240701,100000,6535.9,6586,6533.7,6576,7702,0
20240701,110000,6575.5,6577.2,6542.3,6558,2933,0
20240701,120000,6551.1,6583.7,6551.1,6582,3072,0
20240701,130000,6582.3,6609.5,6580,6605.2,2843,0
20240701,140000,6602.1,6614.9,6602,6613.8,3402,0
20240701,150000,6610.1,6614.8,6595,6597.1,2106,0
20240701,160000,6597.1,6598.5,6582.5,6584.2,1492,0
20240701,170000,6586.4,6596.9,6572,6581.2,3931,0
20240701,180000,6580,6600,6575.7,6591.1,1576,0
20240701,190000,6595,6612.3,6595,6601.3,270,0
20240701,200000,6601.3,6612.4,6598.7,6598.7,477,0
20240701,210000,6598.8,6610,6595.4,6610,491,0
20240701,220000,6602.9,6609.8,6602.6,6609.7,236,0
20240701,230000,6608,6609.8,6607.5,6609.5,678,0
20240702,100000,6598.9,6629.9,6598.1,6620,5108,0
20240702,110000,6619.1,6637.2,6611.5,6627,1866,0
20240702,120000,6627.5,6642,6626.8,6640.1,2531,0
20240702,130000,6641.4,6642,6617.4,6627.6,1371,0
20240702,140000,6628,6636.8,6615.3,6634,2094,0
20240702,150000,6633.9,6636.8,6624,6636.7,855,0
20240702,160000,6636.7,6636.8,6628.7,6634,952,0
20240702,170000,6633.9,6634,6615.3,6617.1,2429,0
20240702,180000,6617.1,6617.1,6581,6581.8,5215,0
20240702,190000,6586.8,6598,6580.5,6593.4,699,0
20240702,200000,6591.1,6593.2,6584.8,6588,236,0
20240702,210000,6588,6589.7,6585.2,6589.7,543,0
20240702,220000,6589.7,6600,6588.1,6599.8,861,0
20240702,230000,6597.4,6600,6587.5,6588,102,0
20240703,100000,6600,6645.8,6597.6,6645.2,6574,0
20240703,110000,6646,6668.8,6645.2,6664.9,4469,0
20240703,120000,6664.8,6675,6650,6673.8,3672,0
20240703,130000,6672.9,6679.7,6663.9,6663.9,1736,0
20240703,140000,6662.9,6685.9,6650,6685.6,3627,0
20240703,150000,6680.8,6709.9,6677.1,6692.4,5364,0
20240703,160000,6694.3,6706,6680.1,6688.8,2875,0
20240703,170000,6689.7,6710.7,6689.7,6705.7,2572,0
20240703,180000,6700.1,6709.9,6698,6703.6,562,0
20240703,190000,6703,6720,6693.5,6693.5,1121,0
20240703,200000,6692.7,6701.9,6688.3,6697.3,1197,0
20240703,210000,6697.3,6699.2,6690.2,6691.8,182,0
20240703,220000,6692.1,6700,6687.1,6689.2,340,0
20240703,230000,6689.8,6698.2,6689.1,6696,132,0
20240704,100000,6701.2,6727.2,6694.3,6723.1,2750,0
20240704,110000,6724.2,6753.8,6724.2,6746.9,3769,0
20240704,120000,6747,6747,6731.6,6740,1112,0
20240704,130000,6737.6,6757.2,6737.6,6752.4,630,0
20240704,140000,6753.5,6801.3,6747.4,6762.4,14479,0
20240704,150000,6758.9,6773.9,6756,6764,3471,0
20240704,160000,6765,6774.1,6738.9,6750.9,2341,0
20240704,170000,6748.8,6768.2,6740.5,6753.9,1154,0
20240704,180000,6753.9,6755,6735,6736.7,1243,0
20240704,190000,6735,6751,6733,6747.9,1194,0
20240704,200000,6747.9,6751,6746.2,6751,122,0
20240704,210000,6750.9,6765,6750.3,6755.9,676,0
20240704,220000,6758.6,6762,6758.4,6761,392,0
20240704,230000,6761,6763.4,6753.6,6753.6,506,0
20240705,100000,6770,6780,6744.1,6754.4,2965,0
20240705,110000,6754,6766.7,6746.4,6752.4,3094,0
20240705,120000,6752.2,6759.7,6740,6744.6,1678,0
20240705,130000,6744.6,6745.2,6732.6,6735.2,1278,0
20240705,140000,6733.4,6733.5,6700.1,6719,4384,0
20240705,150000,6719,6728.1,6672,6720.8,6642,0
20240705,160000,6722,6739,6714.2,6732.1,2080,0
20240705,170000,6735.7,6740.7,6710.2,6730,2077,0
20240705,180000,6733.8,6765.9,6715,6759,3211,0
20240705,190000,6755,6800,6754.9,6787.9,2105,0
20240705,200000,6788,6796.6,6785.1,6793.1,1155,0
20240705,210000,6793.1,6795.8,6785,6789.3,644,0
20240705,220000,6790,6794.9,6787.1,6789.9,318,0
20240705,230000,6789.8,6793,6780,6781.6,357,0
20240708,100000,6770,6796.9,6740.9,6796.2,5570,0
20240708,110000,6796.9,6796.9,6742,6744.8,5096,0
20240708,120000,6744.1,6780.2,6737.1,6755.8,5711,0
20240708,130000,6755.1,6764,6751.1,6755.9,1944,0
20240708,140000,6757.1,6771.2,6750,6763.3,2472,0
20240708,150000,6764.2,6770.3,6742.3,6765.1,1245,0
20240708,160000,6763,6772,6760,6760,670,0
20240708,170000,6760.3,6768.9,6759,6759,447,0
20240708,180000,6758.8,6759.7,6706.1,6706.1,4524,0
20240708,190000,6730.4,6797.7,6684.6,6735.8,2395,0
20240708,200000,6737.9,6737.9,6726.4,6727,947,0
20240708,210000,6735.9,6736.6,6712.1,6726.3,754,0
20240708,220000,6726.5,6734.7,6725.1,6734.7,87,0
20240708,230000,6730,6734.9,6723.7,6724.1,51,0
20240709,100000,6731.4,6736.6,6716.8,6717,2274,0
20240709,110000,6716.7,6724.2,6712.6,6722.1,1077,0
20240709,120000,6722.1,6731.1,6714,6722.3,2261,0
20240709,130000,6722.3,6722.9,6692.6,6697.8,1244,0
20240709,140000,6697.9,6697.9,6668.4,6670,4304,0
20240709,150000,6670,6680.7,6651,6665,4543,0
20240709,160000,6664.2,6716,6664.2,6714.2,2979,0
20240709,170000,6713.1,6717.3,6691.4,6699.8,2818,0
20240709,180000,6696.7,6698,6682.5,6692,1652,0
20240709,190000,6691.2,6698.2,6682,6685.4,414,0
20240709,200000,6689,6693.8,6685.9,6692.2,168,0
20240709,210000,6693.6,6696,6690.1,6695.9,712,0
20240709,220000,6694.5,6698,6678,6691.5,764,0
20240709,230000,6691.4,6698.3,6676,6698.3,1131,0
20240710,100000,6702.4,6717.9,6690.3,6693.9,3913,0
20240710,110000,6692.8,6710.5,6688,6710.4,2346,0
20240710,120000,6710.4,6718.2,6707,6716.1,1502,0
20240710,130000,6717.9,6749.1,6717.4,6729.1,4618,0
20240710,140000,6734,6759.1,6722.8,6755.4,2474,0
20240710,150000,6757,6762.9,6738.3,6740.8,4141,0
20240710,160000,6743,6751.3,6730.1,6742.5,2316,0
20240710,170000,6742.7,6748,6722,6732.9,2446,0
20240710,180000,6725.2,6736.9,6723.2,6736.7,1865,0
20240710,190000,6736.9,6743.2,6729,6738.8,378,0
20240710,200000,6737.9,6742.9,6734.1,6738,955,0
20240710,210000,6741,6744.8,6735,6736.2,705,0
20240710,220000,6735.2,6741.9,6735.2,6738.1,615,0
20240710,230000,6741.7,6743.6,6737.8,6739,174,0
20240711,100000,6744.9,6753,6733.1,6734.4,4284,0
20240711,110000,6736,6761.8,6736,6752.5,1777,0
20240711,120000,6752,6762.2,6751.4,6755.4,546,0
20240711,130000,6756.4,6756.4,6746.4,6748.9,1343,0
20240711,140000,6750.4,6767,6743.8,6744,3726,0
20240711,150000,6746.6,6800,6746.6,6789.2,5463,0
20240711,160000,6789.2,6800.3,6776.8,6791.7,4382,0
20240711,170000,6791.7,6805.3,6784.1,6795.7,2331,0
20240711,180000,6795.4,6825.7,6795.4,6810.1,4124,0
20240711,190000,6815.1,6821.7,6798.4,6801.4,1364,0
20240711,200000,6801.3,6805.5,6800.3,6804,459,0
20240711,210000,6804,6804.1,6799.1,6803,1253,0
20240711,220000,6803.5,6808.5,6801,6808.5,430,0
20240711,230000,6805.5,6809,6801,6809,276,0
20240712,100000,6801,6817.1,6788.3,6793.2,9504,0
20240712,110000,6797,6821.6,6790,6817.8,4089,0
20240712,120000,6817.9,6819.1,6790.5,6805.8,16575,0
20240712,130000,6805.9,6813.1,6800,6800.1,883,0
20240712,140000,6800,6800,6796.4,6796.4,832,0
20240712,150000,6796.4,6797.5,6780.3,6786.6,4983,0
20240712,160000,6787.9,6798.8,6785,6793.4,1022,0
20240712,170000,6798.5,6808.7,6794.7,6803,1598,0
20240712,180000,6801.2,6813,6800,6807.9,1749,0
20240712,190000,6805.8,6812.2,6805.1,6812,182,0
20240712,200000,6812.2,6816.7,6807.1,6816.7,450,0
20240712,210000,6816,6821,6810,6813.8,1482,0
20240712,220000,6813.9,6817.8,6808.9,6808.9,316,0
20240712,230000,6810.4,6817.3,6806.2,6817,279,0
20240715,100000,6817.1,6819.1,6771,6783.1,8432,0
20240715,110000,6783.1,6798.9,6772.1,6791.7,2517,0
20240715,120000,6791.7,6798.5,6771.2,6794.4,3259,0
20240715,130000,6794.4,6817.3,6794.4,6814.5,3433,0
20240715,140000,6813.2,6840.8,6804,6827.8,3741,0
20240715,150000,6827.8,6833.8,6822.1,6832.6,3088,0
20240715,160000,6833.3,6839.3,6809.7,6831,2123,0
20240715,170000,6831,6850,6829.4,6850,2296,0
20240715,180000,6849.2,6860,6838.5,6845.4,3036,0
20240715,190000,6838.9,6861,6835.1,6850.1,4258,0
20240715,200000,6845.4,6845.4,6828.7,6833,627,0
20240715,210000,6834,6846.8,6833.6,6843.2,524,0
20240715,220000,6838.9,6849.3,6832.8,6846.4,420,0
20240715,230000,6846,6846.5,6843.1,6843.3,44,0
20240716,100000,6852.2,6885,6828.8,6883,11101,0
20240716,110000,6883,6893.4,6870.8,6881.7,3372,0
20240716,120000,6881.2,6890.2,6870.7,6890.2,3913,0
20240716,130000,6890.2,6898.6,6885.8,6895.2,4579,0
20240716,140000,6895.5,6897,6880,6887.1,1478,0
20240716,150000,6887.7,6898.1,6873,6873,2123,0
20240716,160000,6877,6910.9,6873,6908.9,2823,0
20240716,170000,6908.9,6918,6901.4,6918,1753,0
20240716,180000,6916.1,6936.9,6908.7,6934,7498,0
20240716,190000,6935,6940,6928.1,6931.5,1307,0
20240716,200000,6936.2,6953,6935.7,6952.5,1298,0
20240716,210000,6952.4,6952.4,6932,6944.9,1159,0
20240716,220000,6944.4,6952.2,6939.5,6949.2,753,0
20240716,230000,6951.6,6952.8,6938,6941.1,510,0
20240717,100000,6951.8,6979.2,6932,6979.1,7768,0
20240717,110000,6979.1,6993.7,6970,6973.2,4900,0
20240717,120000,6972,6987.6,6961.1,6987.6,7726,0
20240717,130000,6987.6,6990,6971.5,6971.5,2585,0
20240717,140000,6971.5,6988.8,6971,6981.1,3358,0
20240717,150000,6981,6998.6,6975,6997,7457,0
20240717,160000,6996.3,7021,6996.3,7021,7865,0
20240717,170000,7020.8,7021,6937.5,6938.9,13691,0
20240717,180000,6938.9,6958.2,6935.1,6946.7,8538,0
20240717,190000,6941.7,6943.9,6920,6925.9,5788,0
20240717,200000,6924,6929.8,6915,6915,1680,0
20240717,210000,6915,6929.6,6910,6911,3064,0
20240717,220000,6913,6928.5,6910.1,6919.6,506,0
20240717,230000,6918,6918,6910,6910.2,492,0
20240718,100000,6927.8,6975,6927.8,6969.1,6844,0
20240718,110000,6969.7,6974.2,6960,6969.4,2589,0
20240718,120000,6969.5,6987.1,6963.8,6969.2,3886,0
20240718,130000,6968.3,6968.3,6936,6949.2,3414,0
20240718,140000,6949.2,6949.2,6923.7,6934.9,5588,0
20240718,150000,6933.1,6935.6,6916.5,6922,3475,0
20240718,160000,6921,6943.8,6921,6943.2,2302,0
20240718,170000,6943.3,6966.1,6941.6,6961,3277,0
20240718,180000,6959.5,6961.1,6936,6938.7,2048,0
20240718,190000,6938.6,6942.2,6927.4,6936,1490,0
20240718,200000,6936,6938.9,6927,6937.9,1530,0
20240718,210000,6932,6934.4,6920.2,6920.3,1316,0
20240718,220000,6923.9,6923.9,6901,6909.8,3810,0
20240718,230000,6906.8,6918.2,6905.8,6915.8,718,0
20240719,100000,6879.9,6882,6859.6,6874,9984,0
20240719,110000,6873.9,6884.9,6873.1,6880.8,4309,0
20240719,120000,6880.8,6881,6823,6830,12353,0
20240719,130000,6830.9,6832,6802.3,6824,7368,0
20240719,140000,6823,6825.9,6806.8,6810,2918,0
20240719,150000,6811.8,6813.6,6776,6781.6,7520,0
20240719,160000,6782.8,6820.6,6762.1,6815,20788,0
20240719,170000,6816,6832,6802.5,6815,4092,0
20240719,180000,6816.4,6844.1,6812,6827.7,3176,0
20240719,190000,6834,6839,6812.2,6830.9,2674,0
20240719,200000,6830.9,6831,6815,6818,1273,0
20240719,210000,6819.8,6824.5,6818,6824.5,1186,0
20240719,220000,6824.5,6829.1,6816,6818,2282,0
20240719,230000,6821.1,6825.5,6816,6816,221,0
20240722,100000,6822.9,6843.4,6801,6827.3,4990,0
20240722,110000,6827.2,6849.9,6821.8,6821.8,3655,0
20240722,120000,6822.3,6832.9,6822,6826,1209,0
20240722,130000,6826,6843.2,6822,6835,2345,0
20240722,140000,6833.3,6833.3,6788,6790.9,5935,0
20240722,150000,6790.9,6791.5,6765,6787.4,5831,0
20240722,160000,6788.5,6804.9,6776.7,6788.3,2845,0
20240722,170000,6793.6,6800,6763,6785.8,3215,0
20240722,180000,6782.1,6794.9,6771,6773.3,1147,0
20240722,190000,6774.8,6811.8,6774.8,6796.5,2192,0
20240722,200000,6796.5,6810.9,6789,6804.8,1369,0
20240722,210000,6804.7,6806.2,6800.8,6806.2,526,0
20240722,220000,6806.2,6812.8,6806.2,6810.5,318,0
20240722,230000,6810.5,6813.1,6810.5,6810.5,150,0
20240723,100000,6794.8,6804.9,6770.2,6803,3554,0
20240723,110000,6804.3,6804.6,6795,6801.5,1024,0
20240723,120000,6801.5,6801.9,6756,6782.8,4256,0
20240723,130000,6782.8,6782.8,6766,6774.3,2206,0
20240723,140000,6771.9,6778.9,6764.4,6771,1539,0
20240723,150000,6771,6776.2,6758.6,6767.4,2322,0
20240723,160000,6767.6,6784.1,6750.1,6750.1,4029,0
20240723,170000,6751.6,6760,6750,6751.1,2028,0
20240723,180000,6751,6779.2,6750,6765.4,2234,0
20240723,190000,6765,6771,6754.4,6766.9,497,0
20240723,200000,6766.1,6767,6750,6761,1357,0
20240723,210000,6760.2,6762,6750,6755.8,1025,0
20240723,220000,6755.7,6774,6755.6,6767,837,0
20240723,230000,6766,6772.4,6760.7,6765.7,301,0
20240724,100000,6775.8,6801.1,6767,6785.2,30107,0
20240724,110000,6785.2,6791.5,6781.2,6785.4,1850,0
20240724,120000,6787.9,6787.9,6769,6780.2,4843,0
20240724,130000,6780.8,6788,6772.7,6782.6,523,0
20240724,140000,6782.1,6787.8,6767.6,6780,1544,0
20240724,150000,6784.1,6789,6780.7,6787.5,766,0
20240724,160000,6787.1,6789.9,6768.7,6785.2,2130,0
20240724,170000,6783,6791.6,6775.6,6786.2,1744,0
20240724,180000,6784.2,6787.9,6770.1,6772,1191,0
20240724,190000,6770.8,6778.6,6760,6763,921,0
20240724,200000,6762.8,6763.1,6736.9,6737,2589,0
20240724,210000,6737,6752.2,6732,6741.6,1726,0
20240724,220000,6741.6,6746.7,6725,6726.2,2247,0
20240724,230000,6727.3,6744.6,6726.2,6729.2,3176,0
20240725,100000,6675,6683.2,6596.1,6651.7,60670,0
20240725,110000,6649.8,6649.8,6621.5,6638.4,6413,0
20240725,120000,6638.3,6638.3,6613.1,6615,2698,0
20240725,130000,6614.9,6629.1,6611.1,6628,3445,0
20240725,140000,6629.1,6638.5,6600,6600,5682,0
20240725,150000,6600.2,6631.9,6590.2,6631.9,6677,0
20240725,160000,6632.7,6648,6619.3,6629.4,3375,0
20240725,170000,6627.1,6633.9,6610.1,6631.9,2842,0
20240725,180000,6630.2,6643.6,6627.2,6638.4,1507,0
20240725,190000,6635.1,6635.1,6610,6624,1850,0
20240725,200000,6629.5,6629.5,6580,6596,5182,0
20240725,210000,6593.2,6600,6582.7,6585.3,1828,0
20240725,220000,6591.4,6597.8,6581.1,6590.1,1190,0
20240725,230000,6593,6597.9,6590,6591,576,0
20240726,100000,6597.8,6657.2,6597,6654.9,8453,0
20240726,110000,6654.9,6669.4,6632.5,6644.5,5960,0
20240726,120000,6641.4,6646.6,6625.8,6640.9,3525,0
20240726,130000,6640,6705.3,6638,6677,7882,0
20240726,140000,6677,6691,6653,6657.5,7446,0
20240726,150000,6657.2,6666.5,6638.1,6666.5,5764,0
20240726,160000,6666.6,6701.1,6656.8,6692.5,8269,0
20240726,170000,6696.4,6723,6691.7,6695.9,8529,0
20240726,180000,6696.3,6724.9,6696.2,6716.4,2497,0
20240726,190000,6720.5,6748.2,6716.3,6733.7,2537,0
20240726,200000,6732,6750.4,6723.1,6746.8,3469,0
20240726,210000,6746,6752.5,6737.4,6740,3476,0
20240726,220000,6741,6747,6734.2,6739.9,1017,0
20240726,230000,6739.7,6748,6732.4,6732.4,640,0
20240729,100000,6747.5,6760,6732.3,6760,7725,0
20240729,110000,6760,6767.5,6745.4,6757.7,5098,0
20240729,120000,6758.8,6780.2,6755,6755.9,3805,0
20240729,130000,6755.9,6758.7,6714.9,6733.3,9857,0
20240729,140000,6734,6743.9,6720,6720,6465,0
20240729,150000,6721,6736.6,6710,6733.7,4786,0
20240729,160000,6733.7,6735,6711,6715.6,5503,0
20240729,170000,6719.5,6719.5,6684.3,6688.4,7094,0
20240729,180000,6689.4,6692.9,6655.6,6667.6,5865,0
20240729,190000,6670.8,6671.5,6659.8,6668.6,1602,0
20240729,200000,6669.9,6692.9,6665.4,6676.7,2065,0
20240729,210000,6676.7,6682.8,6673.5,6678.4,864,0
20240729,220000,6679.2,6691.6,6678.2,6691.4,1159,0
20240729,230000,6684.9,6691.3,6677,6691.3,535,0
20240730,100000,6693.9,6718.2,6692.1,6705,7372,0
20240730,110000,6703.5,6703.6,6673.5,6691.8,3742,0
20240730,120000,6691.5,6692,6681.5,6685,1023,0
20240730,130000,6686.2,6700,6686.2,6699.1,1653,0
20240730,140000,6697.6,6706.6,6695.7,6706.5,2759,0
20240730,150000,6706.5,6717.5,6696.4,6708.5,2411,0
20240730,160000,6708.4,6738,6706.1,6730.4,5480,0
20240730,170000,6729.4,6740,6724,6736.6,5001,0
20240730,180000,6735.7,6738.4,6710.2,6710.2,3258,0
20240730,190000,6711,6745,6704,6740,2536,0
20240730,200000,6737.8,6757,6732.8,6752.3,5910,0
20240730,210000,6752.2,6752.2,6743,6743.7,1599,0
20240730,220000,6743.7,6754.9,6743.7,6752,1752,0
20240730,230000,6753.4,6765,6752.1,6764.9,920,0
20240731,100000,6783.6,6795.1,6761.8,6774,7381,0
20240731,110000,6774.8,6782,6769,6779.4,3158,0
20240731,120000,6780.6,6798,6780.1,6796.8,3502,0
20240731,130000,6796.7,6797.9,6784,6788.2,2582,0
20240731,140000,6788.2,6793.1,6782,6782.1,2037,0
20240731,150000,6782.4,6788.3,6763.9,6776.6,7977,0
20240731,160000,6775.1,6780.7,6759.4,6780.5,4021,0
20240731,170000,6780,6780.6,6760,6768.1,2646,0
20240731,180000,6767.4,6770,6762.4,6765.1,654,0
20240731,190000,6768.4,6779.9,6762.1,6773.7,1159,0
20240731,200000,6768.2,6788,6765.2,6773.9,2083,0
20240731,210000,6773.9,6775,6740.1,6771,4116,0
20240731,220000,6770.9,6815,6759.4,6815,5250,0
20240731,230000,6815,6833.5,6813.6,6825.5,2114,0
20240801,100000,6825.5,6834.9,6812.1,6813.1,30201,0
20240801,110000,6813.1,6816.1,6771,6783,5738,0
20240801,120000,6782.4,6782.5,6745.4,6764.9,9671,0
20240801,130000,6764.9,6775.6,6760.9,6773.3,2291,0
20240801,140000,6773.2,6790.6,6765,6788.6,3930,0
20240801,150000,6787,6795.9,6780,6788,10920,0
20240801,160000,6788.5,6809.8,6783.6,6798.9,3859,0
20240801,170000,6800.8,6811,6769.5,6780.5,3247,0
20240801,180000,6780.4,6792.5,6761.4,6771.8,4461,0
20240801,190000,6772.1,6788.9,6762.3,6770.8,4604,0
20240801,200000,6770.8,6770.8,6735.4,6753.4,6082,0
20240801,210000,6746.8,6763.3,6738.8,6756.6,2872,0
20240801,220000,6756.6,6775,6755,6765.9,1398,0
20240801,230000,6763,6765.1,6752,6765.1,1219,0
20240802,100000,6800.4,6824.9,6785.5,6818,8211,0
20240802,110000,6817.4,6829.9,6812.6,6826.5,6707,0
20240802,120000,6825.2,6828.3,6805.5,6813,4172,0
20240802,130000,6812.9,6844.7,6811.1,6841,3952,0
20240802,140000,6844.4,6844.9,6810.1,6830,6088,0
20240802,150000,6827.5,6844.5,6804.5,6841.8,5123,0
20240802,160000,6841.7,6842.9,6806.5,6840.3,4360,0
20240802,170000,6840,6844.4,6751,6754.2,13159,0
20240802,180000,6751.8,6761,6715,6736.3,13574,0
20240802,190000,6736.8,6787.9,6720,6751.8,9605,0
20240802,200000,6748.8,6753.7,6729,6740.8,3343,0
20240802,210000,6744.2,6761.5,6740.1,6746.2,1323,0
20240802,220000,6748,6779.1,6746.6,6772.1,2671,0
20240802,230000,6772.5,6789.4,6760.2,6788.7,1628,0
20240805,100000,6770,6774.9,6701.9,6722.4,18076,0
20240805,110000,6725.9,6743,6702,6704.8,6591,0
20240805,120000,6702.6,6705.9,6675,6690.9,17275,0
20240805,130000,6692.9,6695.1,6622.6,6623.2,18166,0
20240805,140000,6623.2,6626.6,6582.1,6594.4,18283,0
20240805,150000,6597.2,6619.7,6563,6611.1,31902,0
20240805,160000,6611,6659,6610.4,6629.3,16587,0
20240805,170000,6626.2,6657.2,6621,6652.8,11955,0
20240805,180000,6651.5,6676,6650.2,6667.1,4655,0
20240805,190000,6676.9,6685,6654.1,6665.2,1611,0
20240805,200000,6661.9,6672.8,6640,6657.1,6034,0
20240805,210000,6657.5,6672.2,6651,6658,4808,0
20240805,220000,6655.5,6678.8,6655.5,6672.3,1108,0
20240805,230000,6674.6,6679.1,6665,6671.7,513,0
20240806,100000,6667.9,6670,6628.1,6659.8,10022,0
20240806,110000,6657.5,6673.6,6640.7,6665.2,5736,0
20240806,120000,6662.3,6690,6660.1,6679.2,4732,0
20240806,130000,6678,6697,6677.5,6687.8,5370,0
20240806,140000,6687.8,6699.3,6680.1,6688.9,4375,0
20240806,150000,6689.9,6699.4,6656,6659.7,4844,0
20240806,160000,6659.6,6679,6656.1,6672.4,5658,0
20240806,170000,6674.3,6694.5,6654.6,6655,3287,0
20240806,180000,6654.5,6664.2,6634,6648.3,4655,0
20240806,190000,6654.5,6666,6647.2,6660.7,856,0
20240806,200000,6658.3,6664,6656.4,6663.8,175,0
20240806,210000,6663.7,6667.1,6660.1,6664,714,0
20240806,220000,6663.3,6663.8,6653.3,6655.9,376,0
20240806,230000,6654,6659.5,6653.3,6657,430,0
20240807,100000,6663.9,6682.8,6626.5,6631.8,5874,0
20240807,110000,6633,6656.8,6630.5,6642.5,8481,0
20240807,120000,6642.5,6647.7,6630.3,6645.3,7585,0
20240807,130000,6646.4,6674.9,6646.1,6665.4,5675,0
20240807,140000,6670.5,6682.3,6660.7,6682.3,4189,0
20240807,150000,6682.3,6695,6670.9,6682.3,3578,0
20240807,160000,6682.2,6682.8,6660.1,6668,4192,0
20240807,170000,6670,6676.9,6658.5,6660,2436,0
20240807,180000,6659.4,6667.7,6651,6658.5,4055,0
20240807,190000,6657.9,6670,6650.1,6669.9,2914,0
20240807,200000,6669.9,6673.9,6653,6657.6,568,0
20240807,210000,6657.5,6657.5,6640,6645.6,2046,0
20240807,220000,6645,6657.9,6645,6646,449,0
20240807,230000,6646.1,6650.1,6643.6,6644,322,0
20240808,100000,6656.1,6671.3,6632,6658.4,11326,0
20240808,110000,6658.1,6691,6657.2,6668.5,7978,0
20240808,120000,6670.4,6694.9,6669.4,6680,5378,0
20240808,130000,6680.1,6715,6680.1,6713.6,4616,0
20240808,140000,6713.6,6738.2,6713.6,6728.5,5100,0
20240808,150000,6729.9,6739.9,6724.2,6738,5222,0
20240808,160000,6737.1,6757,6724.3,6747,5436,0
20240808,170000,6746.1,6763.2,6735.2,6740.2,7307,0
20240808,180000,6740.4,6751,6729,6739,3594,0
20240808,190000,6739.4,6752.7,6739.4,6745.9,1286,0
20240808,200000,6743.5,6756.8,6740,6754.6,1336,0
20240808,210000,6753.2,6767,6750.1,6760.9,2327,0
20240808,220000,6760,6761.9,6751.5,6755.5,877,0
20240808,230000,6760,6768.6,6756.6,6757.6,793,0
20240809,100000,6757,6757,6727.4,6752,7400,0
20240809,110000,6752,6763.9,6735.8,6748.9,4640,0
20240809,120000,6747.4,6755.8,6740.2,6744.3,5238,0
20240809,130000,6744.3,6760.6,6733.1,6760,6239,0
20240809,140000,6760,6761.9,6752.2,6755.6,16805,0
20240809,150000,6755.6,6761,6750.1,6751.9,5533,0
20240809,160000,6751.9,6759.9,6739.1,6744.6,4789,0
20240809,170000,6743.6,6759.9,6743.6,6752.7,4376,0
20240809,180000,6751.5,6757.1,6746.5,6750,5132,0
20240809,190000,6750.1,6757,6741.4,6757,3008,0
20240809,200000,6757,6760,6753.9,6759.1,1639,0
20240809,210000,6760,6763.4,6753.3,6760,1925,0
20240809,220000,6755.1,6755.9,6751.5,6753,591,0
20240809,230000,6752.5,6756,6751.5,6756,1477,0
20240812,100000,6765,6793.3,6765,6785.7,11425,0
20240812,110000,6785.8,6804.5,6775,6799,11554,0
20240812,120000,6799,6818.5,6797,6818.5,7301,0
20240812,130000,6818.6,6848,6814.5,6847.8,7287,0
20240812,140000,6847.8,6849.5,6837.1,6849,5034,0
20240812,150000,6849.8,6913.1,6849,6908.1,13302,0
20240812,160000,6907.7,6934.6,6899.3,6928.7,15983,0
20240812,170000,6929.8,6950.3,6915.4,6949.6,15436,0
20240812,180000,6949.9,6971,6936,6958.4,14468,0
20240812,190000,6958,7019,6935,7009.6,12128,0
20240812,200000,7009.3,7015.8,6977.6,7007.9,11148,0
20240812,210000,7005.2,7030,6993.9,6993.9,5935,0
20240812,220000,6994,7003.9,6970.8,6998.5,5489,0
20240812,230000,6998.5,6998.5,6974.3,6977.3,3844,0
20240813,100000,6970.7,7037.3,6931.8,7021.9,40961,0
20240813,110000,7020.1,7042.7,6987,7033.6,10209,0
20240813,120000,7033.1,7067.2,7023.9,7058.7,13567,0
20240813,130000,7057.8,7064.3,7040.4,7048.6,10467,0
20240813,140000,7043,7048.4,7011,7034.3,13892,0
20240813,150000,7033.7,7059.1,7010.5,7026.8,10091,0
20240813,160000,7026.8,7058.4,7015,7053,16235,0
20240813,170000,7051.5,7063.9,7040,7056,5416,0
20240813,180000,7056,7060,7038.4,7050.5,5031,0
20240813,190000,7042.4,7058.7,7030,7036.9,3477,0
20240813,200000,7036.9,7043.8,7031,7039,1433,0
20240813,210000,7039,7042.2,7038,7039.2,524,0
20240813,220000,7040,7050.2,7039.8,7050.2,1781,0
20240813,230000,7048.6,7053.6,7039.9,7039.9,421,0
20240814,100000,7053.3,7084,7040,7062.7,23985,0
20240814,110000,7058.8,7079.5,7054.7,7065.9,4298,0
20240814,120000,7065.8,7070.7,7038.1,7047.5,11709,0
20240814,130000,7046.4,7047.7,6948.2,6953.5,19673,0
20240814,140000,6952.8,6961.6,6928.1,6959.6,13352,0
20240814,150000,6959.3,6975,6944.8,6956,10164,0
20240814,160000,6957.3,6962.9,6891.3,6905,14471,0
20240814,170000,6905,6910,6876.1,6893,8121,0
20240814,180000,6893,6893.6,6845.2,6845.2,9990,0
20240814,190000,6849.4,6870,6827.2,6851.3,8895,0
20240814,200000,6850.7,6850.8,6842.5,6847.9,1879,0
20240814,210000,6850.3,6866.4,6848,6864.1,1670,0
20240814,220000,6863.6,6867.9,6858.6,6863.9,2097,0
20240814,230000,6863.9,6865,6860.6,6865,734,0
20240815,100000,6865,6900,6852.3,6862,12738,0
20240815,110000,6863.3,6891.2,6859.8,6869.5,7360,0
20240815,120000,6873.9,6890.7,6870.3,6885.2,7505,0
20240815,130000,6885.2,6895.8,6873.3,6892.4,5884,0
20240815,140000,6891.9,6935,6890.8,6925.5,11439,0
20240815,150000,6924.8,6961.6,6882.7,6887.3,18485,0
20240815,160000,6885.7,6890,6853,6862.4,15381,0
20240815,170000,6863.4,6899.2,6863.4,6887.7,10395,0
20240815,180000,6887,6908.5,6883.5,6891.2,8000,0
20240815,190000,6891,6915.1,6885.3,6890,4082,0
20240815,200000,6887.5,6897.9,6881.1,6890.1,915,0
20240815,210000,6890.1,6900.2,6890.1,6897.4,575,0
20240815,220000,6899.8,6910.9,6890.2,6890.3,2067,0
20240815,230000,6892,6904,6892,6900.3,524,0
20240816,100000,6900.3,6944,6881.3,6938.8,8003,0
20240816,110000,6939.6,6955.1,6919.9,6928.5,11507,0
20240816,120000,6928.5,6944,6917.3,6929.8,10176,0
20240816,130000,6927.6,6940.2,6921.8,6934,3911,0
20240816,140000,6931.9,6949.1,6919.4,6927.4,7618,0
20240816,150000,6927.4,6973,6921.4,6969.7,6955,0
20240816,160000,6969.8,6976.5,6949.6,6971,9469,0
20240816,170000,6971.1,6976.7,6945.2,6961.4,9665,0
20240816,180000,6961,6976.5,6959.3,6968.6,6502,0
20240816,190000,6973.9,6996.1,6973.9,6993.4,7305,0
20240816,200000,6989.6,6995.8,6977.1,6993,2924,0
20240816,210000,6992.6,7009.5,6990,7001.6,4824,0
20240816,220000,7002,7026.4,6998.7,7016.7,6542,0
20240816,230000,7016.7,7037.1,7016.2,7037.1,5060,0
20240819,100000,7037,7037.1,7002.1,7021.4,13315,0
20240819,110000,7022.4,7054.4,7010.3,7043.2,19248,0
20240819,120000,7043,7080.9,7039.4,7068.5,26022,0
20240819,130000,7068.5,7073.7,7043,7058.7,8869,0
20240819,140000,7056.8,7059.9,7042.9,7053.5,12395,0
20240819,150000,7053.5,7055.9,7035.2,7041.3,5763,0
20240819,160000,7041.3,7051.1,7027.8,7051,13133,0
20240819,170000,7051,7060.3,7047.2,7059.7,6928,0
20240819,180000,7059,7068.6,7055,7068.6,4186,0
20240819,190000,7068.2,7070,7050,7064,1857,0
20240819,200000,7064,7065.5,7050.3,7054.1,1401,0
20240819,210000,7054.7,7067.8,7054.7,7067.6,902,0
20240819,220000,7067.6,7070,7059.2,7069.9,1841,0
20240819,230000,7069.9,7070,7057.7,7057.7,686,0
20240820,100000,7054.1,7080,7054.1,7075.6,10540,0
20240820,110000,7076.2,7105.7,7070,7104.6,15080,0
20240820,120000,7104.2,7119,7104.2,7113.6,15926,0
20240820,130000,7113,7129,7098.6,7125.2,14811,0
20240820,140000,7124.2,7162.6,7124.2,7159.9,23171,0
20240820,150000,7159.9,7166.9,7152.4,7152.7,10296,0
20240820,160000,7153.8,7163,7141.5,7158.6,17371,0
20240820,170000,7158.5,7158.6,7141.2,7143.5,5935,0
20240820,180000,7145.2,7145.5,7106.7,7121.8,25620,0
20240820,190000,7122,7136.5,7111.1,7133.7,2698,0
20240820,200000,7133.7,7138.3,7123.9,7127.9,1694,0
20240820,210000,7126.6,7148.8,7126.6,7146.6,1763,0
20240820,220000,7144.2,7146.5,7137.4,7144.7,1076,0
20240820,230000,7143.3,7154.9,7137.4,7140.8,1345,0
20240821,100000,7140.8,7171.7,7136,7146.9,13336,0
20240821,110000,7146.9,7170,7141.6,7142.1,9997,0
20240821,120000,7142.9,7155.3,7141,7142.2,5031,0
20240821,130000,7141.5,7142.8,7120,7129,10838,0
20240821,140000,7130,7144,7124,7137.9,5349,0
20240821,150000,7136.7,7148.1,7134.8,7137,5227,0
20240821,160000,7138.5,7139.2,7070.8,7087.9,22191,0
20240821,170000,7086.6,7087.1,7043,7076.9,17771,0
20240821,180000,7076.9,7108,7066.3,7104,5475,0
20240821,190000,7104,7104.9,7086.2,7100,1684,0
20240821,200000,7099.6,7114.9,7097.8,7114.8,1486,0
20240821,210000,7114.8,7129,7114.8,7117,4865,0
20240821,220000,7117,7120.5,7105.5,7117.3,1135,0
20240821,230000,7115,7120.4,7079,7109.7,952,0
20240822,100000,7103.4,7106.9,7084.2,7095.5,9891,0
20240822,110000,7095.2,7095.2,7040,7055.8,20983,0
20240822,120000,7055.6,7065.3,7040,7056.4,10779,0
20240822,130000,7056.4,7060.4,7028.8,7032.1,22827,0
20240822,140000,7032.4,7046.5,7030,7040.8,10899,0
20240822,150000,7039.2,7056,7025.3,7039.2,17701,0
20240822,160000,7038.8,7052,7024.4,7049.9,14348,0
20240822,170000,7050,7050,7011,7039,9276,0
20240822,180000,7040.5,7049,7015.7,7021.1,4508,0
20240822,190000,7024,7035.5,7020,7025.3,2581,0
20240822,200000,7023.3,7023.3,7000,7003.8,5819,0
20240822,210000,7004.3,7011.4,7001.9,7003,2448,0
20240822,220000,7002.1,7008,6990.6,6999.8,2903,0
20240822,230000,6999.7,6999.7,6992.1,6999.7,2740,0
20240823,100000,7004.2,7053.9,7004.2,7037,19104,0
20240823,110000,7036.5,7079.9,7036.5,7066.3,12327,0
20240823,120000,7067.2,7103.9,7067.2,7088.9,10270,0
20240823,130000,7088.5,7120,7087.5,7112,5976,0
20240823,140000,7109.5,7152.5,7106.3,7150.5,17447,0
20240823,150000,7149.8,7160.4,7145.2,7152,9773,0
20240823,160000,7152,7153.6,7120,7132.9,15038,0
20240823,170000,7133.2,7169,7131.9,7161.7,15860,0
20240823,180000,7161.6,7181,7159.9,7167.8,9703,0
20240823,190000,7161.4,7162.3,7120,7161.3,5112,0
20240823,200000,7161,7180.1,7160.1,7174.2,4136,0
20240823,210000,7174.2,7186.4,7168.8,7175.4,6322,0
20240823,220000,7175.2,7184.9,7170.1,7178.4,3794,0
20240823,230000,7180,7192.9,7156.9,7174.5,4295,0
20240826,100000,7180.1,7200,7137.3,7199,25664,0
20240826,110000,7199,7235.4,7196.6,7212.1,23481,0
20240826,120000,7211.6,7262,7204,7261.9,20793,0
20240826,130000,7261.7,7272.5,7243.5,7256.9,17759,0
20240826,140000,7257.3,7259.6,7230.1,7256.2,12912,0
20240826,150000,7257.7,7285.9,7241.9,7273.8,19718,0
20240826,160000,7272,7279.7,7230.1,7232,13683,0
20240826,170000,7232,7268,7220.3,7243.4,13774,0
20240826,180000,7243.1,7243.1,7220.8,7233.7,7385,0
20240826,190000,7230,7253.9,7222.9,7252,4718,0
20240826,200000,7252,7253.9,7241.7,7243.9,1881,0
20240826,210000,7243.3,7246,7237,7237.1,722,0
20240826,220000,7240.6,7252.5,7240.6,7246.6,1215,0
20240826,230000,7242.8,7244.6,7230.2,7240,1881,0
20240827,100000,7231.8,7260.7,7211,7215.4,19572,0
20240827,110000,7215.2,7217.5,7170.1,7217.5,26719,0
20240827,120000,7215.3,7238.3,7209,7236.6,11724,0
20240827,130000,7236.6,7257.5,7231.2,7246,11149,0
20240827,140000,7246,7280,7244.1,7276.4,12543,0
20240827,150000,7278.9,7294.1,7258,7270.3,11692,0
20240827,160000,7270.3,7270.3,7239.8,7260.3,10306,0
20240827,170000,7259.1,7286.2,7248.8,7278.1,7053,0
20240827,180000,7281,7295,7270,7283,12852,0
20240827,190000,7277.9,7285.1,7271,7281.7,2318,0
20240827,200000,7281.7,7294.8,7281.7,7289.8,1237,0
20240827,210000,7290,7294,7289.6,7293.6,794,0
20240827,220000,7293.6,7297.6,7290.1,7291.2,1420,0
20240827,230000,7291,7299,7291,7299,592,0
20240828,100000,7279,7290,7140,7258.3,26107,0
20240828,110000,7256.7,7256.7,7227.1,7235.8,14159,0
20240828,120000,7236.9,7261,7231.1,7255.7,9195,0
20240828,130000,7255.7,7275.8,7226,7244,14720,0
20240828,140000,7244.7,7256.4,7230.2,7246.2,10034,0
20240828,150000,7246.2,7252,7227.5,7241.3,10536,0
20240828,160000,7238.7,7278.5,7238.3,7267.8,9191,0
20240828,170000,7267,7280,7262.7,7277.9,7833,0
20240828,180000,7278.3,7279,7263.2,7275.5,5424,0
20240828,190000,7266.9,7269.9,7249.4,7255.4,2279,0
20240828,200000,7255.9,7272.9,7251.5,7261.7,2639,0
20240828,210000,7261.7,7271.8,7249,7271.7,3116,0
20240828,220000,7269.7,7272,7262,7264.9,2098,0
20240828,230000,7263.9,7273.2,7258.7,7273,711,0
20240829,100000,7277.3,7319.5,7277.3,7309.8,20389,0
20240829,110000,7309.7,7331,7298.2,7313.4,17187,0
20240829,120000,7313.4,7342.6,7303.5,7332,14097,0
20240829,130000,7331.9,7337.3,7314.8,7330.9,5275,0
20240829,140000,7330,7333.8,7313.6,7326,3436,0
20240829,150000,7326,7328.9,7275.5,7306.7,14887,0
20240829,160000,7309,7339,7305.3,7331.3,10436,0
20240829,170000,7330.8,7347.5,7325,7346.2,8470,0
20240829,180000,7346.5,7368,7343.8,7363.5,9953,0
20240829,190000,7360.9,7363,7340,7362.6,5784,0
20240829,200000,7362.6,7363,7345.9,7346.4,4298,0
20240829,210000,7347.5,7350.8,7330,7339.5,5332,0
20240829,220000,7340.3,7363,7329.4,7338.1,6020,0
20240829,230000,7338.1,7347,7336,7345,467,0
20240830,100000,7347,7373.9,7340.7,7370.7,15515,0
20240830,110000,7370.3,7401,7365.3,7385.2,22642,0
20240830,120000,7385.3,7409.5,7378.3,7388.4,17785,0
20240830,130000,7388.5,7391,7332,7341,19209,0
20240830,140000,7338.5,7343.6,7315.6,7342.8,22441,0
20240830,150000,7341.1,7342.7,7330,7334.4,11482,0
20240830,160000,7334.5,7361.4,7330,7344.3,14855,0
20240830,170000,7349.4,7351.3,7300.4,7311.5,23534,0
20240830,180000,7311.4,7311.4,7282,7286,7191,0
20240830,190000,7284.2,7290.4,7266.1,7266.1,6573,0
20240830,200000,7267.5,7285,7261,7284.2,2398,0
20240830,210000,7284.2,7288.8,7283.1,7284.6,2027,0
20240830,220000,7284.6,7292.4,7272.8,7292.4,3194,0
20240830,230000,7292.7,7307.6,7291.3,7304.1,2150,0
20240902,100000,7287.8,7288.1,7234.5,7257,18772,0
20240902,110000,7256,7275,7254,7271,11204,0
20240902,120000,7271,7272.2,7220,7220,14919,0
20240902,130000,7220.1,7221.6,7201.8,7205,4160,0
20240902,140000,7202.3,7217,7183.7,7214.7,10483,0
20240902,150000,7215,7233,7200,7223.7,9896,0
20240902,160000,7223.3,7229.8,7215.3,7220.1,12024,0
20240902,170000,7220.1,7230.9,7201.2,7225.7,7044,0
20240902,180000,7226.8,7228.1,7200,7208,2317,0
20240902,190000,7210,7218.4,7206,7212.6,1673,0
20240902,200000,7212.6,7221.4,7210.1,7210.1,1693,0
20240902,210000,7210.1,7212.7,7209.1,7212.1,617,0
20240902,220000,7212.2,7212.2,7201.3,7204.4,581,0
20240902,230000,7209,7209,7192.6,7202,833,0
20240903,100000,7207.3,7207.4,7175,7175,12497,0
20240903,110000,7175,7180.7,7159.4,7180.7,17476,0
20240903,120000,7180.7,7181,7155,7165.2,6395,0
20240903,130000,7167.3,7168.3,7144.1,7160,12981,0
20240903,140000,7161.2,7162.2,7114.4,7120,14105,0
20240903,150000,7120,7140.5,7109.3,7117.6,12026,0
20240903,160000,7118.1,7130.8,7062.7,7080,20172,0
20240903,170000,7080,7106.4,7070.5,7073.3,25381,0
20240903,180000,7073.2,7081.2,7063.9,7077.4,5409,0
20240903,190000,7077,7095.1,7070.1,7087,3708,0
20240903,200000,7087.1,7096,7084.7,7084.7,2039,0
20240903,210000,7083.1,7084,7073.1,7080,996,0
20240903,220000,7080,7088.1,7080,7086.9,1029,0
20240903,230000,7086.6,7086.7,7081,7081,335,0
20240904,100000,7074.1,7120,7064.8,7109.5,18679,0
20240904,110000,7109.2,7116.9,7051,7057.8,17235,0
20240904,120000,7058.1,7090.9,7051.9,7089.3,7994,0
20240904,130000,7089.1,7125.8,7079.3,7116.9,21325,0
20240904,140000,7119.8,7170,7119.6,7169.2,20519,0
20240904,150000,7169.4,7199.1,7151.7,7163.8,22048,0
20240904,160000,7164.4,7174.2,7116.9,7138.7,8362,0
20240904,170000,7138.8,7213.3,7138.7,7182.4,26369,0
20240904,180000,7184.5,7194.4,7158.5,7169.7,16958,0
20240904,190000,7170,7193.6,7170,7180.9,5791,0
20240904,200000,7180.9,7187,7153.1,7165.3,5583,0
20240904,210000,7166.2,7166.6,7146.7,7159.8,5509,0
20240904,220000,7161,7166.6,7156.7,7166.6,499,0
20240904,230000,7166.6,7173.7,7163.8,7165.3,734,0
20240905,100000,7176.6,7216.5,7165.3,7177.7,11951,0
20240905,110000,7177.8,7198.1,7163.3,7187.6,9209,0
20240905,120000,7184.1,7220,7182.4,7215.8,7632,0
20240905,130000,7215.8,7234.5,7211.2,7229.4,8324,0
20240905,140000,7228,7240.8,7210,7210,9156,0
20240905,150000,7213.1,7230.8,7202,7215.2,6813,0
20240905,160000,7214.1,7224.4,7201,7203,14148,0
20240905,170000,7203,7214.6,7175,7187.6,8452,0
20240905,180000,7187.2,7187.2,7149.1,7165.3,11740,0
20240905,190000,7165.2,7182.2,7162.3,7182.2,2420,0
20240905,200000,7182.1,7191.8,7177.7,7188.8,2426,0
20240905,210000,7188.7,7195,7186.8,7194,1944,0
20240905,220000,7193.9,7193.9,7182.2,7184.7,1185,0
20240905,230000,7186.2,7194,7184.5,7184.5,240,0
20240906,100000,7195.3,7220,7190.3,7206,18578,0
20240906,110000,7208.7,7243.2,7206.5,7236.5,21656,0
20240906,120000,7236.5,7245,7225.4,7238.7,8835,0
20240906,130000,7238.8,7242.3,7225.5,7240,8148,0
20240906,140000,7240.7,7259.9,7229.7,7232.8,12689,0
20240906,150000,7234.7,7269.9,7226.8,7260.6,16822,0
20240906,160000,7260.6,7261.3,7221,7239.8,16515,0
20240906,170000,7237.4,7245.2,7211.7,7226.4,8451,0
20240906,180000,7227.2,7246.3,7225,7234.9,16992,0
20240906,190000,7228.6,7234.4,7185.3,7197.5,8296,0
20240906,200000,7199.9,7244,7193.5,7218.8,8016,0
20240906,210000,7221,7223,7211.6,7215.2,977,0
20240906,220000,7214,7222.6,7209.1,7220.2,518,0
20240906,230000,7220.2,7220.2,7208.1,7214.9,1151,0
20240909,100000,7214.9,7222.7,7172.2,7199.6,24347,0
20240909,110000,7199.6,7231.5,7198.7,7211.4,14282,0
20240909,120000,7211.4,7238,7211.2,7229,7538,0
20240909,130000,7230,7243.1,7224.8,7240,9128,0
20240909,140000,7240.1,7245.3,7234.1,7240.1,5040,0
20240909,150000,7240.1,7258.3,7240,7249.1,7199,0
20240909,160000,7247.1,7260,7245,7251.6,7865,0
20240909,170000,7253.1,7257,7240,7245.9,7720,0
20240909,180000,7245.9,7255,7240,7242.6,4458,0
20240909,190000,7250.9,7260,7247.9,7259,1758,0
20240909,200000,7260,7260,7244.7,7249.2,867,0
20240909,210000,7249.1,7260,7244.4,7259.9,677,0
20240909,220000,7259.9,7265,7254.7,7264.5,1021,0
20240909,230000,7265,7265,7262.1,7264,1833,0
20240910,100000,7263,7292.6,7262,7285.8,15215,0
20240910,110000,7284.9,7297.3,7279.5,7293.3,11563,0
20240910,120000,7294,7307,7289,7292.9,6537,0
20240910,130000,7292.5,7306,7284,7292.9,4960,0
20240910,140000,7295,7302,7289,7292.1,2806,0
20240910,150000,7290,7320.2,7288.5,7318,5771,0
20240910,160000,7317.3,7330,7296,7296,14532,0
20240910,170000,7298,7302.9,7278.1,7302.9,9666,0
20240910,180000,7302,7320,7299,7317,5451,0
20240910,190000,7315.5,7320.4,7285,7319,2096,0
20240910,200000,7319.5,7321,7309.8,7316.3,2195,0
20240910,210000,7317.3,7324.4,7312.2,7324.4,901,0
20240910,220000,7324.5,7334.3,7319.3,7333,2367,0
20240910,230000,7333,7336.2,7325.3,7329.9,1042,0
20240911,100000,7354,7360.8,7340.8,7342.9,20603,0
20240911,110000,7342.9,7368.5,7329.8,7329.8,22868,0
20240911,120000,7329.7,7344.4,7316.2,7340.1,29413,0
20240911,130000,7338.1,7340.1,7321.8,7337.2,19569,0
20240911,140000,7333.3,7344.2,7313.8,7336.7,22692,0
20240911,150000,7335.1,7335.1,7273.8,7284.6,19012,0
20240911,160000,7284.3,7300.1,7270,7297.5,13506,0
20240911,170000,7300.1,7310.6,7282.8,7309.8,10914,0
20240911,180000,7309.8,7321.5,7307.8,7313.7,5898,0
20240911,190000,7312,7330.3,7309.4,7315.4,3179,0
20240911,200000,7311.2,7318.8,7299.9,7303,2943,0
20240911,210000,7303.4,7317,7300,7309.1,2584,0
20240911,220000,7308.6,7313.4,7305,7313.4,1014,0
20240911,230000,7313.7,7317,7308.2,7311.5,2535,0
20240912,100000,7313,7349.5,7311.5,7346,11533,0
20240912,110000,7346,7356.6,7339.8,7350.2,8348,0
20240912,120000,7350.6,7361.7,7339.3,7354.8,7291,0
20240912,130000,7354.8,7366.8,7335.2,7339.5,9417,0
20240912,140000,7342.5,7359.6,7339.7,7355.5,4464,0
20240912,150000,7356,7379.5,7350.5,7370.8,9973,0
20240912,160000,7369.1,7415.8,7357.3,7414.5,20188,0
20240912,170000,7413,7439.1,7394.9,7437,23599,0
20240912,180000,7437,7448.5,7418.4,7443,10511,0
20240912,190000,7447.1,7447.6,7404.2,7445,8014,0
20240912,200000,7443.5,7458,7435.9,7439.9,6790,0
20240912,210000,7435.9,7455.4,7432.8,7455,6013,0
20240912,220000,7455,7455.9,7425.4,7447,4751,0
20240912,230000,7447,7453.9,7443,7451.8,2494,0
20240913,100000,7454.8,7499.7,7432,7452.1,23603,0
20240913,110000,7451.1,7473.1,7445.5,7470.9,11168,0
20240913,120000,7470.7,7483.6,7466.2,7475.9,18066,0
20240913,130000,7475.1,7483.3,7465,7482.5,11802,0
20240913,140000,7482,7490.8,7465.1,7477,8259,0
20240913,150000,7477,7496.6,7470.6,7496.5,14797,0
20240913,160000,7496.9,7518.8,7496.5,7509.7,25652,0
20240913,170000,7509.7,7523.1,7506,7515.7,11210,0
20240913,180000,7515.7,7518,7501.3,7516,5758,0
20240913,190000,7517.9,7544,7517.9,7535,4256,0
20240913,200000,7532,7543,7526.9,7530,3306,0
20240913,210000,7530.1,7544.2,7529.1,7540.6,3072,0
20240913,220000,7540.5,7541.7,7532,7537.5,1085,0
20240913,230000,7534.6,7538.1,7532.6,7533.5,1233,0
20240916,100000,7544.6,7582.6,7536.4,7571.3,35015,0
20240916,110000,7571.6,7600,7568,7575.1,22077,0
20240916,120000,7575,7588.3,7571,7584.8,16363,0
20240916,130000,7586.1,7599,7574.1,7580.3,12351,0
20240916,140000,7580.4,7592,7580.4,7583.8,18616,0
20240916,150000,7583.8,7590,7578.5,7586,9532,0
20240916,160000,7587.2,7626.3,7586.2,7624.5,16992,0
20240916,170000,7623.8,7624.5,7583.5,7590.6,25208,0
20240916,180000,7591.8,7600.6,7581.5,7600.1,10121,0
20240916,190000,7600.6,7624.5,7593,7619.4,10173,0
20240916,200000,7621,7622.4,7606.2,7613.8,4453,0
20240916,210000,7613.9,7614.8,7611,7614.3,1238,0
20240916,220000,7614.3,7614.8,7602.2,7602.2,2829,0
20240916,230000,7604.7,7611.3,7584.5,7588.2,3153,0
20240917,100000,7600.1,7617.3,7595.1,7597.9,19020,0
20240917,110000,7598,7610.9,7551,7558.4,30439,0
20240917,120000,7558.4,7579.4,7552.2,7564.7,10539,0
20240917,130000,7564.7,7565.6,7523.4,7542.2,20975,0
20240917,140000,7541.4,7559.9,7533.5,7558.6,8830,0
20240917,150000,7559.9,7564.8,7533,7549.3,11635,0
20240917,160000,7550,7564.7,7546.4,7550,6063,0
20240917,170000,7549.7,7571.3,7548,7570,6274,0
20240917,180000,7570.6,7591,7544.6,7556.9,13677,0
20240917,190000,7568,7584.6,7542.6,7555.6,7418,0
20240917,200000,7555.4,7573.4,7545.9,7570.9,6643,0
20240917,210000,7573,7576.7,7567.8,7574.8,3696,0
20240917,220000,7574.8,7575.7,7566.8,7571.5,1055,0
20240917,230000,7571.5,7574.1,7566.5,7573.1,1996,0
20240918,100000,7575.8,7608,7572.5,7608,26278,0
20240918,110000,7607.9,7618.5,7540.6,7561,44955,0
20240918,120000,7561.1,7569,7554.1,7568.1,12629,0
20240918,130000,7568.2,7594,7565.5,7585.3,10930,0
20240918,140000,7581,7596.6,7575.8,7584.5,11920,0
20240918,150000,7584.4,7593.2,7568.7,7576,4959,0
20240918,160000,7575.9,7587.3,7570,7580.8,15381,0
20240918,170000,7580.7,7584.1,7558,7578.7,14411,0
20240918,180000,7578.9,7583.2,7571.1,7579.9,5029,0
20240918,190000,7583.8,7597,7579.9,7593,4212,0
20240918,200000,7592.8,7599.8,7587.1,7599,4859,0
20240918,210000,7599.8,7704.1,7599.8,7638.1,66233,0
20240918,220000,7641.4,7642,7600.1,7603,24820,0
20240918,230000,7603,7613.3,7599,7605,7072,0
20240919,100000,7630,7694.7,7625.5,7654,49920,0
20240919,110000,7652,7675,7652,7669.5,13804,0
20240919,120000,7668.8,7690,7666,7672,11680,0
20240919,130000,7672.4,7711.1,7652.3,7676,23224,0
20240919,140000,7683,7702,7675.8,7683.6,9582,0
20240919,150000,7683.5,7684.9,7650,7656,9630,0
20240919,160000,7657.3,7664.9,7632.1,7644,23695,0
20240919,170000,7645,7674.8,7632.4,7653.2,12663,0
20240919,180000,7653.6,7685,7643.2,7680.8,16213,0
20240919,190000,7688.9,7695.6,7667.3,7674.4,5569,0
20240919,200000,7675.2,7685,7673.1,7676,4637,0
20240919,210000,7676,7679,7671.4,7671.4,1910,0
20240919,220000,7671.4,7673.7,7646.1,7658.6,7905,0
20240919,230000,7658.6,7663.8,7658.3,7658.9,3714,0
20240920,100000,7697.9,8079,7697,7754.3,91722,0
20240920,110000,7753.6,7766.7,7740.8,7759.4,24952,0
20240920,120000,7759.4,7760.8,7751.5,7757,9539,0
20240920,130000,7757,7790,7755.9,7789.4,19457,0
20240920,140000,7788,7788.7,7766,7782.6,11029,0
20240920,150000,7784,7794,7780,7784.8,13763,0
20240920,160000,7784.8,7786.7,7747.8,7752.1,12066,0
20240920,170000,7751.8,7779.3,7749.4,7772.1,9552,0
20240920,180000,7772.1,7787,7761.4,7785,11787,0
20240920,190000,7787,7803,7785,7802,10647,0
20240920,200000,7802,7803,7785,7786,7226,0
20240920,210000,7786,7789,7783,7789,3353,0
20240920,220000,7789,7791,7785.5,7788,3773,0
20240920,230000,7788,7791.9,7771.8,7791.9,5823,0
20240923,100000,7792.1,8098.7,7769.3,7773.1,168322,0
20240923,110000,7772.2,7790.2,7764.2,7784.3,24291,0
20240923,120000,7784.3,7818.7,7782,7815.4,14330,0
20240923,130000,7814.9,7814.9,7798.8,7799.8,8777,0
20240923,140000,7803.4,7810,7792.2,7807,6028,0
20240923,150000,7807,7816.1,7798.3,7816.1,7653,0
20240923,160000,7816.6,7832,7810.6,7829.8,10322,0
20240923,170000,7829.5,7837.9,7806.2,7824,9909,0
20240923,180000,7823,7829,7812.7,7819.1,5149,0
20240923,190000,7819.1,7830,7803,7817,6416,0
20240923,200000,7817,7822.2,7814.2,7817.2,1408,0
20240923,210000,7817.2,7820.5,7812.4,7815.5,1647,0
20240923,220000,7818.6,7821,7815.5,7818,885,0
20240923,230000,7818,7821,7812.6,7812.6,1842,0
20240924,100000,7807.1,7846.3,7801,7843.2,23544,0
20240924,110000,7843.2,7855,7834.4,7853.5,12230,0
20240924,120000,7852.7,7856.8,7840,7855.8,6749,0
20240924,130000,7855.8,7861,7848.4,7857,5157,0
20240924,140000,7857,7857,7828,7842.4,9490,0
20240924,150000,7842.4,7842.4,7823,7823,11750,0
20240924,160000,7822.9,7833.6,7807,7810,18603,0
20240924,170000,7809.2,7810.8,7771.7,7798.3,48062,0
20240924,180000,7798.3,7820.2,7787.4,7801.4,22735,0
20240924,190000,7806.3,7836.6,7711,7833.4,30634,0
20240924,200000,7833.4,7850,7830.2,7850,6214,0
20240924,210000,7848.8,7855,7839,7840,3873,0
20240924,220000,7840,7855.8,7836.8,7852.2,5654,0
20240924,230000,7854.3,7857.6,7820.1,7832.9,5126,0
20240925,100000,7831.9,7849.5,7800,7831.4,29085,0
20240925,110000,7830.3,7834.3,7810,7832.9,13253,0
20240925,120000,7832.3,7974,7818.2,7852.4,89681,0
20240925,130000,7851.6,7867,7820,7863,16818,0
20240925,140000,7861.9,7868,7844.2,7854.7,6489,0
20240925,150000,7855.6,7876.5,7852.6,7871.8,9529,0
20240925,160000,7871.8,7897,7871.8,7897,17686,0
20240925,170000,7897,7906,7871.9,7881.2,15964,0
20240925,180000,7881.3,7891.8,7870.5,7878,11335,0
20240925,190000,7884,7885,7841.2,7854.9,11883,0
20240925,200000,7854.3,7898.9,7851.9,7881.8,43995,0
20240925,210000,7884,7888.8,7874.6,7874.9,6460,0
20240925,220000,7874.9,7877.8,7870.9,7870.9,1259,0
20240925,230000,7870.9,7876.2,7861,7876.2,1639,0
20240926,100000,7871.1,7895,7860.8,7885.9,18737,0
20240926,110000,7885.9,7910,7885.9,7910,21185,0
20240926,120000,7909.8,7917.4,7900.3,7906.8,9795,0
20240926,130000,7906.7,7928.3,7901.4,7924.1,10542,0
20240926,140000,7924,7969.5,7919,7943.3,31226,0
20240926,150000,7943.1,7946.1,7910,7927.9,23753,0
20240926,160000,7928.4,7928.4,7901,7909.6,27993,0
20240926,170000,7909.9,7927,7907.3,7913.9,12756,0
20240926,180000,7915.1,7920.8,7912,7916.6,9476,0
20240926,190000,7916.6,7923.2,7914.1,7918.4,6507,0
20240926,200000,7920,7932.6,7920,7926.8,5268,0
20240926,210000,7928.5,7945.5,7926.9,7942.6,5803,0
20240926,220000,7941.7,7947,7928.6,7931,2450,0
20240926,230000,7931,7940,7923.2,7940,1767,0
20240927,100000,7940,7940,7913.3,7926,23070,0
20240927,110000,7926.2,7936.6,7918.2,7923.7,9932,0
20240927,120000,7922.5,7938.5,7920,7935.8,11257,0
20240927,130000,7935.8,7948.7,7934.6,7946.4,8763,0
20240927,140000,7945.4,7951.2,7939.4,7939.4,8255,0
20240927,150000,7939.7,7949.3,7932,7943.3,8464,0
20240927,160000,7945.1,7946.9,7937.1,7946.9,6683,0
20240927,170000,7945.6,7946.9,7926,7926,25833,0
20240927,180000,7926.2,7926.2,7904.3,7906.3,35535,0
20240927,190000,7909.8,7928,7905.1,7920,4967,0
20240927,200000,7921.9,7922.8,7906.3,7910.8,4047,0
20240927,210000,7912.6,7912.7,7905,7912.3,3778,0
20240927,220000,7912.3,7919,7908.2,7910.7,4042,0
20240927,230000,7910.8,7920,7909.4,7919,1254,0
20240930,100000,7925,7955.8,7925,7936.8,35511,0
20240930,110000,7935.5,7947,7920.9,7927.3,15702,0
20240930,120000,7927.2,7927.2,7901.3,7905.6,27151,0
20240930,130000,7905.1,7905.1,7860.9,7870.9,36648,0
20240930,140000,7870.9,7900,7865.9,7874.7,22207,0
20240930,150000,7876.5,7894.8,7865,7871.6,14238,0
20240930,160000,7870.4,7881,7868,7880.9,20585,0
20240930,170000,7880.9,7890.5,7872.7,7882,12494,0
20240930,180000,7882.4,7896.2,7875.2,7895.5,10577,0
20240930,190000,7895.7,7903.3,7890,7902,4049,0
20240930,200000,7902.5,7903.2,7890.1,7890.1,2522,0
20240930,210000,7890.1,7893,7870,7882.4,4533,0
20240930,220000,7884.2,7895.9,7875.8,7895.9,6048,0
20240930,230000,7896.3,7898.2,7888,7888,831,0
20241001,100000,7908,7925.9,7892,7904.2,25982,0
20241001,110000,7903.5,7914.8,7898.7,7913.5,9466,0
20241001,120000,7915,7927.7,7903.9,7919.9,12874,0
20241001,130000,7921,7933,7920.4,7929.3,8284,0
20241001,140000,7929.6,7936.5,7924.7,7936.4,6029,0
20241001,150000,7936.5,7970.4,7936,7966.3,24561,0
20241001,160000,7966.3,7999,7940,7990,24853,0
20241001,170000,7989.8,8000,7970.1,7991.1,23987,0
20241001,180000,7990.3,8009.9,7988.6,7993.8,16957,0
20241001,190000,7995.4,8031.6,7989.1,8023.5,18152,0
20241001,200000,8023.2,8045.4,8005,8021,18740,0
20241001,210000,8021.1,8029.9,8000.7,8018,13818,0
20241001,220000,8018,8040.9,8016.9,8030,10425,0
20241001,230000,8031.2,8038.2,8025,8037.9,3734,0
20241002,100000,8012,8038.2,8000.1,8031.4,18507,0
20241002,110000,8029.9,8033.2,8008,8023.9,7731,0
20241002,120000,8023.9,8040,8023.9,8035,7107,0
20241002,130000,8035,8046.4,8031.6,8040.1,10332,0
20241002,140000,8040,8044.4,8021,8023.1,13339,0
20241002,150000,8023.1,8044.8,8022.4,8041,9554,0
20241002,160000,8041,8078.8,8041,8075.7,21967,0
20241002,170000,8078.8,8080.2,8051.2,8052,14491,0
20241002,180000,8052,8055.3,8031.6,8048.4,16712,0
20241002,190000,8050,8066.3,8050,8059,7136,0
20241002,200000,8059.1,8059.4,8048.3,8056.2,7205,0
20241002,210000,8058.6,8067.8,8054.7,8064.6,4564,0
20241002,220000,8067.5,8075.7,8067.5,8072.3,3441,0
20241002,230000,8073.9,8074.7,8068.5,8070.9,2372,0
20241003,100000,8070,8081.4,8026,8033.5,47394,0
20241003,110000,8033.6,8064.9,8030,8062.6,20563,0
20241003,120000,8063.4,8070.9,8043.3,8058.6,13393,0
20241003,130000,8058.4,8059.3,8048.7,8052,8576,0
20241003,140000,8052,8060.1,8042.7,8043.4,8992,0
20241003,150000,8043.4,8043.5,7953,8000,55898,0
20241003,160000,7999.9,8031.6,7995.1,8027.5,19868,0
20241003,170000,8026.1,8052.6,8010,8045.7,35570,0
20241003,180000,8045.5,8054.7,8031,8038.7,7902,0
20241003,190000,8038.7,8070,8031,8068.1,10071,0
20241003,200000,8068.1,8078.7,8060.1,8063.9,10152,0
20241003,210000,8063.9,8067.8,8058,8058,2513,0
20241003,220000,8058.6,8059.9,8047.7,8057.4,4400,0
20241003,230000,8057.4,8059.8,8033.3,8040.1,4193,0
20241004,100000,8060,8068.7,8034,8065.4,17275,0
20241004,110000,8067.3,8071,8057.1,8061.5,9889,0
20241004,120000,8063,8070.5,8054.4,8058,13022,0
20241004,130000,8059.9,8074.6,8059.9,8074.6,8560,0
20241004,140000,8074.7,8133.1,8074.7,8118,114465,0
20241004,150000,8119.9,8127,8075.2,8090.6,40652,0
20241004,160000,8091,8116.4,8087.2,8101.6,13962,0
20241004,170000,8100.9,8122.7,8093.7,8116.1,10066,0
20241004,180000,8115.2,8137,8090.8,8090.9,29576,0
20241004,190000,8095.8,8125,8071.3,8083.8,11606,0
20241004,200000,8083.8,8097.9,8080.9,8095.3,5273,0
20241004,210000,8095.7,8095.7,8075,8080.2,4286,0
20241004,220000,8080.2,8089,8075,8082.4,3214,0
20241004,230000,8082.4,8097,8078.5,8096.4,4683,0
20241007,100000,8090,8148.8,8051,8147.6,43673,0
20241007,110000,8147.5,8180,8146,8163.8,44458,0
20241007,120000,8163.7,8181.3,8150.9,8181.3,16508,0
20241007,130000,8181.3,8186.2,8172.2,8177.8,12179,0
20241007,140000,8178.9,8194.5,8170.6,8183.4,16816,0
20241007,150000,8184.4,8192.9,8147.7,8149.9,16662,0
20241007,160000,8149.9,8170,8149,8150.2,16565,0
20241007,170000,8150,8166.6,8141.2,8144.5,21814,0
20241007,180000,8143.2,8158.8,8141,8156.4,6525,0
20241007,190000,8156.5,8165,8147.7,8148.9,3101,0
20241007,200000,8150,8162.1,8148.9,8162.1,2117,0
20241007,210000,8162.1,8162.1,8150,8150.1,1907,0
20241007,220000,8150.1,8159,8150.1,8153.1,1077,0
20241007,230000,8154.1,8158.7,8153.1,8158.7,902,0
20241008,100000,8155,8157,8097.6,8117.9,45389,0
20241008,110000,8117.9,8140,8102.5,8140,15987,0
20241008,120000,8139.5,8145,8118,8125.2,12607,0
20241008,130000,8124.7,8151.6,8119.6,8151.6,14990,0
20241008,140000,8152.2,8169.8,8152.1,8167.9,10862,0
20241008,150000,8167.9,8185.9,8158,8178,18286,0
20241008,160000,8178,8184,8137.7,8145.1,20187,0
20241008,170000,8145.1,8146.6,8100.5,8102,28080,0
20241008,180000,8103,8103,8066.8,8075,49967,0
20241008,190000,8075,8105.5,8051.3,8081,20650,0
20241008,200000,8080.5,8100.1,8069,8097,8888,0
20241008,210000,8097,8100.1,8083.8,8100,3368,0
20241008,220000,8100,8120.1,8097.7,8117.8,7245,0
20241008,230000,8118.6,8120,8091,8110.5,7490,0
20241009,100000,8075,8131,8075,8123,18225,0
20241009,110000,8123,8140,8116.6,8132.2,7560,0
20241009,120000,8132.2,8150,8130,8148.1,10953,0
20241009,130000,8148.1,8149.5,8132.1,8140.8,5654,0
20241009,140000,8141.6,8143.9,8121,8128,11615,0
20241009,150000,8128,8144,8107.5,8116.9,17189,0
20241009,160000,8118.7,8121.4,8089.4,8105,17547,0
20241009,170000,8104.5,8128,8102,8128,10864,0
20241009,180000,8128,8140.9,8124.4,8126.2,6090,0
20241009,190000,8127.2,8135.3,8111.5,8114.6,4230,0
20241009,200000,8115,8120,8111,8120,3211,0
20241009,210000,8120,8133.6,8110.9,8112.7,4181,0
20241009,220000,8112.7,8114.1,8110.8,8111.2,1843,0
20241009,230000,8111.2,8111.2,8090.4,8106,4277,0
20241010,100000,8110.2,8145.6,8110.2,8137,18689,0
20241010,110000,8135.6,8146.4,8122.2,8141.8,14570,0
20241010,120000,8142.9,8160.5,8140.2,8149.4,10680,0
20241010,130000,8150,8155.9,8143.4,8152,5572,0
20241010,140000,8150.3,8152.9,8135,8143.3,7858,0
20241010,150000,8143.3,8174,8132.2,8165.6,13618,0
20241010,160000,8165.7,8171.2,8138.2,8157,9503,0
20241010,170000,8158,8172,8114,8129.8,21834,0
20241010,180000,8130,8132.6,8115.9,8118,16738,0
20241010,190000,8118,8129.5,8089,8097.3,9988,0
20241010,200000,8097.3,8131,8076,8115,15982,0
20241010,210000,8113.1,8115,8103,8108,4457,0
20241010,220000,8107.9,8130.1,8101,8114.5,4773,0
20241010,230000,8114.5,8119.5,8110,8115,2115,0
20241011,100000,8129,8154.7,8113,8154.7,22543,0
20241011,110000,8154.5,8161,8139.3,8149.6,11071,0
20241011,120000,8149.6,8151,8096.8,8114,18014,0
20241011,130000,8114,8114,8079.2,8109.6,18149,0
20241011,140000,8106.7,8107.7,8077.7,8086.6,8646,0
20241011,150000,8086.4,8121.3,8083.2,8094.2,11706,0
20241011,160000,8094.3,8124.1,8091.6,8108.6,6026,0
20241011,170000,8111.3,8133,8107.3,8124,8429,0
20241011,180000,8123.4,8125.2,8107.4,8118.8,4429,0
20241011,190000,8116.3,8132.4,8116.3,8127.8,2384,0
20241011,200000,8128.2,8129.1,8112,8122.6,3751,0
20241011,210000,8123.6,8149.4,8120.8,8149,7524,0
20241011,220000,8149.5,8150,8139.3,8148.8,4564,0
20241011,230000,8148.8,8151,8140,8148.3,3736,0
20241014,100000,8150,8179,8148.5,8167.9,22175,0
20241014,110000,8167.9,8172.5,8157,8164,11174,0
20241014,120000,8164.9,8170,8150,8158.2,12919,0
20241014,130000,8158.1,8187,8156,8175.8,15885,0
20241014,140000,8175.8,8199,8165.2,8167.4,17573,0
20241014,150000,8167,8174.7,8139.8,8141.5,9808,0
20241014,160000,8141.4,8173.4,8138.5,8160,8547,0
20241014,170000,8161.8,8170.7,8145.3,8146.6,5779,0
20241014,180000,8148.1,8159.6,8143.3,8159.6,5051,0
20241014,190000,8155,8170,8152.5,8163.1,2816,0
20241014,200000,8164.1,8170.1,8151.5,8154.6,3669,0
20241014,210000,8154.8,8162.7,8153,8157.8,1187,0
20241014,220000,8157.9,8254.9,8157.7,8189.5,21275,0
20241014,230000,8190.2,8194.6,8170,8176,7351,0
20241015,100000,8171,8230,8167.5,8221.1,37520,0
20241015,110000,8221.2,8228.7,8201,8214.8,35222,0
20241015,120000,8214.5,8226,8212.4,8219.3,14488,0
20241015,130000,8219.6,8229.1,8214,8221.1,9865,0
20241015,140000,8220.5,8227.5,8214.7,8216.8,6552,0
20241015,150000,8216.8,8219.9,8198.4,8200,11873,0
20241015,160000,8200,8212.4,8195.2,8205.1,30714,0
20241015,170000,8205.1,8245,8202,8231.1,43424,0
20241015,180000,8231.9,8266.9,8231.1,8260,20431,0
20241015,190000,8256.5,8272.3,8256.5,8257.3,11288,0
20241015,200000,8259.1,8270,8251,8269.8,3950,0
20241015,210000,8269.8,8274.2,8267,8273,2033,0
20241015,220000,8271.8,8273,8261,8264.2,3435,0
20241015,230000,8266.2,8268.4,8257,8258.8,2488,0
20241016,100000,8278,8304.1,8275,8290.1,27466,0
20241016,110000,8292.9,8340,8292.1,8338.1,34576,0
20241016,120000,8338.1,8366,8316.7,8340,20946,0
20241016,130000,8340.7,8343,8311,8316.2,12677,0
20241016,140000,8315,8316.8,8281,8294.9,23886,0
20241016,150000,8295.5,8306.8,8288.3,8298.3,7784,0
20241016,160000,8299.6,8301.4,8257.7,8262.9,18789,0
20241016,170000,8266,8284.8,8254.6,8256.1,14870,0
20241016,180000,8256.1,8276.8,8244.7,8250.3,18320,0
20241016,190000,8250.4,8281.2,8250,8281.2,6334,0
20241016,200000,8281.6,8283.3,8273.8,8280,3696,0
20241016,210000,8278.5,8289,8274.5,8278.3,2844,0
20241016,220000,8278.3,8296.2,8274.1,8296.2,2785,0
20241016,230000,8296.6,8298.3,8285.5,8289.6,2087,0
20241017,100000,8292,8331,8291,8329.2,18189,0
20241017,110000,8329.2,8330,8297.8,8315.3,7606,0
20241017,120000,8315.3,8318.8,8276.6,8276.8,16335,0
20241017,130000,8276.8,8280.1,8262.3,8279,17328,0
20241017,140000,8279,8288,8266.7,8274.4,11908,0
20241017,150000,8274.4,8275.7,8250.8,8270.6,16588,0
20241017,160000,8271.5,8287,8241,8281.7,18176,0
20241017,170000,8281.5,8304.2,8274.6,8299.5,16880,0
20241017,180000,8299.5,8305,8272.9,8294.6,8230,0
20241017,190000,8299,8300,8276.3,8288,6237,0
20241017,200000,8288,8306,8278.6,8306,8970,0
20241017,210000,8306,8310.6,8298.6,8301.4,3537,0
20241017,220000,8300.2,8302.6,8292.8,8292.8,2903,0
20241017,230000,8293.4,8307.4,8287,8299.8,2678,0
20241018,100000,8327.6,8354.1,8298,8301.1,31089,0
20241018,110000,8301.1,8330,8301.1,8329.9,18905,0
20241018,120000,8330,8360.1,8320.4,8338.6,26475,0
20241018,130000,8340,8353.8,8339.2,8350.4,14833,0
20241018,140000,8349.2,8365,8341.9,8362.7,21582,0
20241018,150000,8362.9,8370,8336.7,8343.2,15763,0
20241018,160000,8343.2,8364,8314,8356.2,34489,0
20241018,170000,8355.3,8365.6,8348.3,8354.7,17249,0
20241018,180000,8354.5,8360,8345.1,8353.7,12353,0
20241018,190000,8354.1,8360,8350.2,8356,5055,0
20241018,200000,8356,8360,8349.1,8349.3,3719,0
20241018,210000,8349.4,8360,8349,8359.6,5577,0
20241018,220000,8359.6,8360.1,8354.7,8359,3282,0
20241018,230000,8359,8375,8350,8370,5416,0
20241021,100000,8379,8445.7,8378.8,8444,45147,0
20241021,110000,8444.4,8449.9,8420.6,8427.3,14566,0
20241021,120000,8428.9,8456,8427.4,8450.2,26762,0
20241021,130000,8450.9,8455.7,8434.7,8446.8,10914,0
20241021,140000,8448,8461.9,8446.8,8450,10184,0
20241021,150000,8452.4,8452.4,8440,8441.6,9174,0
20241021,160000,8442.5,8459.6,8440.2,8451.9,11549,0
20241021,170000,8450.6,8453.2,8421,8432.5,18203,0
20241021,180000,8433,8439.3,8403.1,8425,18885,0
20241021,190000,8425,8443.7,8424.8,8441,3439,0
20241021,200000,8443,8455.7,8441.8,8443.8,7460,0
20241021,210000,8442.2,8442.2,8416,8416.1,4492,0
20241021,220000,8416.3,8429.1,8414.7,8427.6,2914,0
20241021,230000,8428.2,8438.8,8426.8,8434,1691,0
20241022,100000,8460,8495,8456,8482.5,21239,0
20241022,110000,8482.6,8505.4,8481.4,8496.2,13847,0
20241022,120000,8495.8,8501.6,8471.1,8479.9,12716,0
20241022,130000,8480,8504.5,8480,8498.1,13167,0
20241022,140000,8498.1,8498.6,8481.3,8484.4,7545,0
20241022,150000,8484.4,8496.7,8484.4,8494.3,9290,0
20241022,160000,8494.2,8506,8489.9,8499.7,10430,0
20241022,170000,8499,8504.2,8490,8496,9837,0
20241022,180000,8496,8504,8491.1,8494.6,9958,0
20241022,190000,8492.9,8509,8492.9,8507.7,6922,0
20241022,200000,8507.7,8525.4,8507.7,8525.4,11313,0
20241022,210000,8525.4,8530,8514,8522.4,6298,0
20241022,220000,8520.5,8532.6,8520.4,8532,5219,0
20241022,230000,8532.1,8533,8520.2,8522.5,5753,0
20241023,100000,8527.9,8548.8,8502.7,8526.3,38675,0
20241023,110000,8526.3,8526.9,8505,8519.2,13448,0
20241023,120000,8518.2,8518.2,8492.7,8499.9,16198,0
20241023,130000,8499.2,8512.8,8495,8501.8,9709,0
20241023,140000,8501.4,8510,8497.6,8502.8,6604,0
20241023,150000,8502.8,8502.8,8446,8454.5,36035,0
20241023,160000,8454.9,8485,8452,8482.3,26409,0
20241023,170000,8481.5,8481.5,8441.8,8442.3,20561,0
20241023,180000,8442.2,8452.8,8405.8,8444,42040,0
20241023,190000,8442.2,8454.8,8422.3,8447.6,12114,0
20241023,200000,8447.6,8449.2,8409.1,8435.7,11329,0
20241023,210000,8435.5,8435.6,8413.9,8415.8,9210,0
20241023,220000,8415.2,8429.8,8411,8420,4479,0
20241023,230000,8420.2,8428.3,8412.7,8421,1455,0
20241024,100000,8455.6,8489.4,8455.6,8476.8,26926,0
20241024,110000,8476.8,8478.9,8461.1,8464.9,25708,0
20241024,120000,8464.8,8489.9,8463,8473.8,13889,0
20241024,130000,8473.8,8477.9,8470.4,8471.5,5973,0
20241024,140000,8470.3,8473.1,8446.9,8465.2,14921,0
20241024,150000,8465.2,8477.5,8462.3,8475.4,5555,0
20241024,160000,8474.8,8477.2,8447.3,8455,8679,0
20241024,170000,8453.3,8461.6,8428.3,8461.6,23436,0
20241024,180000,8461.6,8473.4,8451.4,8451.4,12400,0
20241024,190000,8454.9,8487.4,8454.9,8483.4,9391,0
20241024,200000,8483.3,8492.1,8479.2,8481,5550,0
20241024,210000,8480.3,8495,8477.6,8480,6154,0
20241024,220000,8480,8482.8,8472,8482.8,6023,0
20241024,230000,8482,8488.8,8480.8,8488.7,1292,0
20241025,100000,8474,8478.1,8406,8414.7,30187,0
20241025,110000,8414.6,8420.2,8406,8408.1,16950,0
20241025,120000,8408.1,8410.7,8396.3,8409.9,19549,0
20241025,130000,8409.8,8423.5,8401.2,8423.1,20860,0
20241025,140000,8422.5,8454.6,8418.2,8432.7,34102,0
20241025,150000,8431.6,8451,8412.6,8449.3,26861,0
20241025,160000,8450,8453,8432,8438.7,13070,0
20241025,170000,8438.6,8450.9,8433.1,8441.5,40260,0
20241025,180000,8441.2,8447.7,8425,8425.9,41028,0
20241025,190000,8426.7,8457.3,8425,8457.3,9609,0
20241025,200000,8457.3,8473.5,8448.3,8473.5,5695,0
20241025,210000,8472.2,8480,8462.2,8463.9,8286,0
20241025,220000,8464,8473.1,8456.9,8465.1,3629,0
20241025,230000,8465.1,8485.5,8465.1,8479.5,2855,0
20241028,100000,8476,8541.8,8440,8524.9,45139,0
20241028,110000,8525,8531.6,8513.2,8514,17886,0
20241028,120000,8514,8525,8499.5,8505.9,20559,0
20241028,130000,8506,8511.9,8496.6,8500.7,17113,0
20241028,140000,8500,8510.1,8482.1,8507.9,21886,0
20241028,150000,8506.9,8509,8491.1,8509,17768,0
20241028,160000,8509,8528,8506,8523.1,13943,0
20241028,170000,8523.1,8534.1,8518.8,8528.1,13712,0
20241028,180000,8526.8,8540.8,8520,8526.8,16327,0
20241028,190000,8526.7,8565.8,8526.7,8550,18779,0
20241028,200000,8548.6,8567.3,8546.8,8560.7,7893,0
20241028,210000,8561.9,8570,8559.7,8567.3,4850,0
20241028,220000,8565.6,8580.6,8565.1,8576.8,4719,0
20241028,230000,8579.4,8580.5,8569.1,8570,2110,0
20241029,100000,8580.7,8625.1,8580.7,8621,49741,0
20241029,110000,8618.1,8620.9,8592.8,8609,29167,0
20241029,120000,8607.2,8613.3,8590.2,8606.4,14182,0
20241029,130000,8606.8,8621.2,8601.5,8620.7,11364,0
20241029,140000,8618.7,8624.4,8600.1,8616,13529,0
20241029,150000,8616,8616,8570.8,8592.2,26555,0
20241029,160000,8594,8630.9,8588.2,8627.7,18506,0
20241029,170000,8627.8,8647.7,8627.7,8633.5,26435,0
20241029,180000,8635.9,8638.4,8604.1,8616.6,38066,0
20241029,190000,8620.5,8669.5,8620.5,8656.9,16261,0
20241029,200000,8652.9,8659,8643,8653.9,6638,0
20241029,210000,8652.9,8663.3,8649.5,8656.1,4649,0
20241029,220000,8656.1,8658.7,8650.1,8657.2,4796,0
20241029,230000,8657.3,8661.4,8646.9,8661.4,4681,0
20241030,100000,8682,8707.8,8669,8686.6,54525,0
20241030,110000,8686.6,8693.2,8665.5,8667.1,21793,0
20241030,120000,8667.1,8688.5,8666.6,8682.5,21033,0
20241030,130000,8682.5,8684.2,8669.2,8669.4,15096,0
20241030,140000,8669,8673.5,8652,8654,18242,0
20241030,150000,8653.2,8674.1,8632.6,8671.7,26541,0
20241030,160000,8671.7,8686.2,8646.1,8653.4,21604,0
20241030,170000,8655.8,8680.5,8646,8665.3,10648,0
20241030,180000,8665.4,8672,8646.5,8672,10494,0
20241030,190000,8669,8691.9,8669,8689.2,6084,0
20241030,200000,8689,8696.5,8679,8691,6854,0
20241030,210000,8690,8692.6,8685.3,8686.2,3047,0
20241030,220000,8686,8688.1,8678.3,8687,2688,0
20241030,230000,8687,8698,8681,8697.2,1713,0
20241031,100000,8680,8694.6,8666,8674.9,24507,0
20241031,110000,8672.9,8677,8650,8661.1,18093,0
20241031,120000,8659.9,8679.1,8656.4,8662.3,11322,0
20241031,130000,8662.3,8672.9,8650.2,8669.5,9918,0
20241031,140000,8672.4,8679.2,8660.4,8666.6,6319,0
20241031,150000,8665.7,8680.7,8660,8663.4,12202,0
20241031,160000,8663.2,8663.4,8596.4,8604.5,60651,0
20241031,170000,8604.8,8610.5,8525,8526.5,58425,0
20241031,180000,8526,8543.5,8508.2,8530,45434,0
20241031,190000,8532.7,8575.4,8532.7,8557.4,18128,0
20241031,200000,8557.4,8577.5,8557.4,8566.2,10417,0
20241031,210000,8566,8585,8565.6,8584.1,5526,0
20241031,220000,8584.1,8597,8579.1,8580.2,5929,0
20241031,230000,8579.3,8585.1,8574.4,8585,2377,0
20241101,100000,8584,8595.9,8565.3,8577.2,25451,0
20241101,110000,8577.2,8612.7,8576.6,8602.6,21014,0
20241101,120000,8602.8,8622,8595.9,8621.9,10137,0
20241101,130000,8621.9,8626.9,8604.1,8615.7,11430,0
20241101,140000,8615,8650,8615,8619.7,16054,0
20241101,150000,8620.3,8648,8614,8634.4,16917,0
20241101,160000,8635.3,8651,8634.4,8635.1,11821,0
20241101,170000,8635.2,8640.2,8588.6,8608,30158,0
20241101,180000,8608,8634,8600.9,8607.6,15347,0
20241101,190000,8620,8623,8599.3,8611.1,6278,0
20241101,200000,8611.8,8612.2,8582.2,8585.3,7949,0
20241101,210000,8584,8598.2,8575.8,8598.2,6882,0
20241101,220000,8598.6,8610.5,8593.1,8596.8,4622,0
20241101,230000,8599.6,8603.5,8595.4,8602.1,2403,0
20241102,100000,8603.1,8627.6,8568,8575,22173,0
20241102,110000,8575,8608,8571,8599.4,11248,0
20241102,120000,8598.4,8608.5,8596.5,8599.3,4229,0
20241102,130000,8599,8612.9,8598.3,8599.4,2637,0
20241102,140000,8598.1,8606.3,8594.8,8602.4,1955,0
20241102,150000,8602.4,8603.5,8594.6,8598.8,3422,0
20241102,160000,8599,8620,8596.8,8619.7,7933,0
20241102,170000,8619.9,8622.6,8609.8,8613.9,6731,0
20241102,180000,8613.3,8619.7,8606.7,8607.4,2518,0
20241102,190000,8612.4,8618.8,8605,8616.1,797,0
20241102,200000,8616,8619.3,8610,8613.8,1419,0
20241102,210000,8612.5,8616.7,8604.2,8606.7,2198,0
20241102,220000,8606.7,8608.6,8604.3,8608.1,792,0
20241102,230000,8608.1,8619.9,8605,8618,2362,0
20241105,100000,8640,8679.1,8621,8646.4,40287,0
20241105,110000,8646.1,8658,8631.1,8646.2,19520,0
20241105,120000,8648.2,8660,8641.2,8645.7,13817,0
20241105,130000,8646,8647.7,8623.5,8628.3,7096,0
20241105,140000,8627.7,8641.1,8625.7,8629.3,9585,0
20241105,150000,8629.3,8642.8,8623.1,8623.1,6104,0
20241105,160000,8623.2,8640,8618.7,8639,7467,0
20241105,170000,8639.1,8645,8631,8641.4,8236,0
20241105,180000,8641.4,8641.4,8625,8628.1,8727,0
20241105,190000,8631.7,8643.7,8631.7,8637.2,3192,0
20241105,200000,8637.2,8644.8,8636.5,8638.8,1595,0
20241105,210000,8639.2,8644.4,8638.4,8641.5,2257,0
20241105,220000,8641.5,8645.1,8636,8637.5,2394,0
20241105,230000,8637.5,8638.2,8630.5,8635,4741,0
20241106,100000,8583.7,8610.7,8480,8581.4,76411,0
20241106,110000,8579.6,8603.6,8537.6,8578.9,37745,0
20241106,120000,8579,8589.6,8570.1,8584.5,12797,0
20241106,130000,8583.1,8589.2,8570.1,8580,11414,0
20241106,140000,8579.8,8586.9,8530.3,8535.8,20634,0
20241106,150000,8535.8,8552.6,8509,8514.1,24338,0
20241106,160000,8514.1,8514.1,8393,8398.1,73304,0
20241106,170000,8398.1,8430.1,8334.3,8342,75466,0
20241106,180000,8342,8388.8,8337.3,8370.1,44029,0
20241106,190000,8382,8400,8360,8362.7,15541,0
20241106,200000,8362.7,8382,8358.2,8369.9,7804,0
20241106,210000,8366.1,8387.5,8366,8372.8,8077,0
20241106,220000,8373.1,8380.7,8367.5,8371.3,5630,0
20241106,230000,8373.4,8373.4,8360,8360.1,6008,0
20241107,100000,8322,8359.2,8300.5,8356.4,57136,0
20241107,110000,8353.2,8377.9,8350,8357.6,23427,0
20241107,120000,8357.6,8392.5,8350.8,8390.5,16174,0
20241107,130000,8390.6,8392.5,8376,8382,9982,0
20241107,140000,8379.4,8381,8363.9,8376.8,8066,0
20241107,150000,8376.5,8414.9,8375,8412.3,17390,0
20241107,160000,8412.3,8440.7,8409.4,8430,26097,0
20241107,170000,8431.7,8464.8,8415,8424.2,74768,0
20241107,180000,8423.3,8452.8,8415.7,8442.9,18233,0
20241107,190000,8443.6,8480,8428.9,8449.5,13596,0
20241107,200000,8449.5,8464.1,8438.3,8462.3,6248,0
20241107,210000,8461,8462.3,8442.4,8450.8,3007,0
20241107,220000,8450.8,8455.1,8424.8,8433.2,7007,0
20241107,230000,8432.8,8492.5,8431.5,8469,14384,0
20241108,100000,8444.1,8450,8413,8448.8,34082,0
20241108,110000,8449.9,8497,8443,8490,47789,0
20241108,120000,8490,8494.8,8466.8,8473.4,25672,0
20241108,130000,8476.2,8486,8463.6,8477.7,11084,0
20241108,140000,8473.4,8482,8463.8,8475,8023,0
20241108,150000,8475,8492.6,8470.9,8487,11009,0
20241108,160000,8485.3,8497.9,8471,8486.1,7772,0
20241108,170000,8486,8515.2,8476.5,8491.7,24133,0
20241108,180000,8491.7,8506,8461.7,8485.3,15540,0
20241108,190000,8485.5,8489.9,8470,8473.4,3855,0
20241108,200000,8474.1,8479.1,8444.6,8467.6,9836,0
20241108,210000,8466.4,8466.8,8455.7,8458.8,1950,0
20241108,220000,8461,8468.6,8457,8468.6,2720,0
20241108,230000,8468.6,8471.8,8456,8461,3661,0
20241111,100000,8445.6,8447,8381.4,8419.6,49939,0
20241111,110000,8419.6,8438,8415,8415,15272,0
20241111,120000,8415.7,8428,8409.9,8417.6,26942,0
20241111,130000,8418,8438,8373.2,8384.7,21213,0
20241111,140000,8381.3,8404.3,8374.2,8386.8,20572,0
20241111,150000,8386.8,8389.9,8355.7,8362,23891,0
20241111,160000,8362.4,8368.7,8289.5,8289.5,44833,0
20241111,170000,8289.5,8292,8216.5,8226.3,167580,0
20241111,180000,8226.4,8240.8,8170.1,8184.5,57292,0
20241111,190000,8181.8,8219.8,8165,8202.7,30516,0
20241111,200000,8203.5,8209,8175.5,8178.3,10261,0
20241111,210000,8178.3,8202.8,8151.5,8188.5,23289,0
20241111,220000,8188,8192,8180.1,8181.4,7565,0
20241111,230000,8182.7,8214,8182.1,8209.5,10719,0
20241112,100000,8173.9,8176.2,8118,8146,52820,0
20241112,110000,8147.6,8171.7,8145.8,8168.3,16123,0
20241112,120000,8167.4,8168.3,8133.9,8144.1,21388,0
20241112,130000,8144.1,8158.9,8128.6,8156.1,16075,0
20241112,140000,8157,8168.5,8139.9,8159.8,28955,0
20241112,150000,8161.5,8182.8,8157.2,8180.3,21227,0
20241112,160000,8180.3,8192.4,8164.8,8176.1,18569,0
20241112,170000,8177,8192.1,8169,8184.4,12837,0
20241112,180000,8181.7,8188.8,8165.9,8179.8,32499,0
20241112,190000,8171.5,8207.7,8171.5,8206.4,13476,0
20241112,200000,8206.3,8216.5,8185.4,8199.5,13499,0
20241112,210000,8199,8211.5,8192,8206.4,6097,0
20241112,220000,8206,8210,8198,8198.7,3645,0
20241112,230000,8199.6,8199.6,8185.2,8192,3564,0
20241113,100000,8208,8234.2,8207.1,8230,27470,0
20241113,110000,8230,8230.1,8200.3,8217.9,17576,0
20241113,120000,8219.2,8219.2,8208.7,8216,10713,0
20241113,130000,8217,8217,8200.8,8209.9,6864,0
20241113,140000,8209.9,8224.2,8209.7,8220.1,9135,0
20241113,150000,8220.1,8226.3,8212.1,8214.8,7821,0
20241113,160000,8213.9,8237.8,8208.8,8229,19836,0
20241113,170000,8228.6,8232.7,8172.9,8185,27297,0
20241113,180000,8185,8185.2,8144.7,8168.1,24529,0
20241113,190000,8176,8205,8119.3,8121,26909,0
20241113,200000,8121.2,8131.8,8095.2,8113,26445,0
20241113,210000,8113.8,8119.8,8103.2,8115.8,6332,0
20241113,220000,8115.9,8121.5,8110,8117.3,2393,0
20241113,230000,8117.4,8117.7,8105.6,8107.7,4599,0
20241114,100000,8087,8088.9,8024.4,8076.3,60077,0
20241114,110000,8077.5,8087.9,8067.2,8078.5,15077,0
20241114,120000,8077.5,8080,8031.7,8054.9,30259,0
20241114,130000,8054.8,8083.5,8040.8,8064.2,20302,0
20241114,140000,8064.3,8093.6,8063.4,8092.6,13615,0
20241114,150000,8094,8102.9,8071.9,8077.1,18698,0
20241114,160000,8079.9,8097.7,8066.1,8089.2,14802,0
20241114,170000,8088.9,8118.2,8079.7,8091.3,24378,0
20241114,180000,8089.9,8127.3,8087.7,8112,14890,0
20241114,190000,8116.4,8150,8116.4,8148,13867,0
20241114,200000,8148,8160,8127,8142,9454,0
20241114,210000,8142.1,8143.9,8121.8,8138.3,5804,0
20241114,220000,8138.2,8172,8138.2,8169.9,6497,0
20241114,230000,8168.7,8171.2,8140,8158,8198,0
20241115,100000,8130,8169.5,8089.6,8168.1,31579,0
20241115,110000,8168.2,8171.7,8117.6,8118.9,20317,0
20241115,120000,8117.8,8141,8112,8134.9,18614,0
20241115,130000,8134.8,8148,8133.2,8142,6967,0
20241115,140000,8140.1,8147.6,8130,8140.2,6013,0
20241115,150000,8140.1,8155.5,8137.8,8144.7,16557,0
20241115,160000,8144.5,8151.8,8110,8128.1,25456,0
20241115,170000,8127.2,8151.4,8121.9,8143.1,11862,0
20241115,180000,8143.1,8149.5,8116.9,8135,11274,0
20241115,190000,8137.9,8140.2,8122.5,8122.5,4372,0
20241115,200000,8122.3,8129.9,8112.1,8129.5,2885,0
20241115,210000,8126.1,8140,8120.3,8139.9,3229,0
20241115,220000,8138.7,8139.9,8126,8126.9,2108,0
20241115,230000,8130.5,8132.7,8110,8123.6,2645,0
20241118,100000,8166.2,8253.9,8166.1,8242.9,64171,0
20241118,110000,8242.9,8255,8234.4,8245.6,15818,0
20241118,120000,8245,8295.9,8235.4,8288.8,23409,0
20241118,130000,8290,8297.3,8269.2,8282.8,16980,0
20241118,140000,8273.5,8283.6,8269.3,8279,9170,0
20241118,150000,8278.4,8300,8271.8,8289.8,10423,0
20241118,160000,8289.8,8299.5,8280.1,8297.2,12632,0
20241118,170000,8298.8,8313.4,8295.5,8313.4,17361,0
20241118,180000,8313.4,8320,8308,8320,10215,0
20241118,190000,8321,8339.7,8321,8333.8,12484,0
20241118,200000,8333.8,8333.8,8304.2,8321.8,8479,0
20241118,210000,8321.4,8332.6,8321.4,8332.6,4177,0
20241118,220000,8331.2,8340,8326.1,8337.1,8845,0
20241118,230000,8337.4,8342.6,8333.4,8341.1,4355,0
20241119,100000,8371,8397.8,8357,8376,31324,0
20241119,110000,8375.9,8416.2,8375.5,8415.3,24307,0
20241119,120000,8415.7,8431.3,8408,8408.5,33447,0
20241119,130000,8409.5,8429.5,8408,8426.4,16254,0
20241119,140000,8426,8426.7,8410.8,8412.3,14647,0
20241119,150000,8412.3,8443,8412.3,8442.9,12736,0
20241119,160000,8442.7,8485.1,8435.5,8457.9,29409,0
20241119,170000,8457.4,8464.1,8412,8426.1,30897,0
20241119,180000,8426.1,8440,8420.6,8423.8,8840,0
20241119,190000,8429.6,8448,8424.1,8445,5930,0
20241119,200000,8446.8,8473.1,8443.2,8460,11660,0
20241119,210000,8460,8471.1,8459.5,8467.8,9540,0
20241119,220000,8467.8,8477.7,8464.8,8470.8,4184,0
20241119,230000,8474.5,8484.4,8471.6,8484,4611,0
20241120,100000,8468,8485,8414.9,8415,39920,0
20241120,110000,8415,8444,8411.2,8441.5,15699,0
20241120,120000,8442,8449.5,8430,8447.1,12012,0
20241120,130000,8448.4,8455.4,8429.5,8445.7,22890,0
20241120,140000,8441.9,8445.4,8411.3,8432.4,38311,0
20241120,150000,8434.3,8446.3,8432.5,8437.3,13771,0
20241120,160000,8438.3,8455.9,8436.6,8450,16197,0
20241120,170000,8451,8475,8449.1,8474.8,21396,0
20241120,180000,8473.9,8497.9,8471,8480.9,25960,0
20241120,190000,8481,8522.2,8481,8520,15885,0
20241120,200000,8518.4,8551.3,8517.7,8529,14590,0
20241120,210000,8529,8532.1,8507.9,8523.5,16476,0
20241120,220000,8523.4,8537.3,8517.3,8535,9745,0
20241120,230000,8535.1,8535.9,8513,8527,9802,0
20241121,100000,8540,8600.4,8540,8584.9,46489,0
20241121,110000,8584.1,8612.4,8578,8612.4,25043,0
20241121,120000,8612.4,8633.7,8594.6,8631.6,28363,0
20241121,130000,8631.7,8640.3,8617,8623,19304,0
20241121,140000,8623.2,8643.8,8619.2,8640,19078,0
20241121,150000,8639.5,8640,8604.7,8616.5,32624,0
20241121,160000,8616,8620.8,8600.5,8614.4,25100,0
20241121,170000,8614.4,8639.4,8610.1,8611.4,28893,0
20241121,180000,8611.4,8638,8610.7,8634,20746,0
20241121,190000,8634,8666,8630.5,8654.8,23855,0
20241121,200000,8654.8,8681.1,8642.8,8673.9,32285,0
20241121,210000,8673,8676.7,8656,8666.7,13224,0
20241121,220000,8665.6,8675.7,8662.1,8672.2,9732,0
20241121,230000,8672,8675,8662.7,8667.4,2879,0
20241122,100000,8707.7,8771,8707.7,8759,70427,0
20241122,110000,8759,8805.2,8740,8804,66348,0
20241122,120000,8803.6,8851,8803,8844.1,53170,0
20241122,130000,8845.2,8865.7,8842,8860,37421,0
20241122,140000,8860,8870.1,8812.1,8846.6,62661,0
20241122,150000,8847.2,8868,8838.4,8868,16456,0
20241122,160000,8869,8878,8815.1,8842.4,45352,0
20241122,170000,8840.5,8889.7,8819.2,8889.7,31377,0
20241122,180000,8889.7,8926.3,8866.8,8915,27881,0
20241122,190000,8915,8964,8901.6,8945.2,25032,0
20241122,200000,8945.1,8959.8,8942.3,8950,13759,0
20241122,210000,8949.9,8984.6,8949,8970,20786,0
20241122,220000,8971.8,8990.9,8968.2,8973,11461,0
20241122,230000,8973.4,8977.5,8959,8959.9,16106,0
20241125,100000,8771,8888.4,8650,8856.1,166542,0
20241125,110000,8856,8874.3,8827.2,8836.3,36504,0
20241125,120000,8836.3,8863.5,8832.9,8856,28634,0
20241125,130000,8853.9,8863.7,8836.1,8863.6,26511,0
20241125,140000,8863.7,8935.3,8859.8,8929.9,33076,0
20241125,150000,8931.1,8954.2,8905.8,8950.1,23773,0
20241125,160000,8950.1,9005,8931.6,8932.1,57814,0
20241125,170000,8936.4,8937.6,8800.9,8825,102749,0
20241125,180000,8821.5,8845,8772.1,8834.1,50737,0
20241125,190000,8838.4,8903.6,8837.6,8856.1,56471,0
20241125,200000,8857.6,8865,8800.2,8862.2,31189,0
20241125,210000,8861.9,8861.9,8820,8844,17077,0
20241125,220000,8845.6,8849.2,8839,8846.2,7430,0
20241125,230000,8842.4,8864,8826.3,8862,9362,0
20241126,100000,8838.6,8875.9,8710,8724,105045,0
20241126,110000,8724.3,8790,8671.8,8680.4,159678,0
20241126,120000,8679.8,8799.9,8676.2,8780.1,83671,0
20241126,130000,8780.1,8838.5,8780.1,8834.8,49311,0
20241126,140000,8834.8,8868.9,8830.1,8851.9,60010,0
20241126,150000,8852.4,8890.9,8812.6,8829.5,77893,0
20241126,160000,8829.1,8884.7,8829.1,8863.7,58392,0
20241126,170000,8864,8914.7,8850.3,8889.3,42870,0
20241126,180000,8889.8,8956.1,8889.8,8950,37784,0
20241126,190000,8950,8990,8930,8976.6,26539,0
20241126,200000,8976.6,8986,8951.9,8961.4,14279,0
20241126,210000,8961,8961.5,8922.7,8945,36593,0
20241126,220000,8945,8958.2,8937.3,8951.7,7362,0
20241126,230000,8953,8979.6,8951.7,8971.5,8294,0
20241127,100000,9002.9,9080,8991,9079.9,96664,0
20241127,110000,9080,9125.4,9050.9,9114.5,70245,0
20241127,120000,9112.8,9131.2,9083.2,9116.6,72549,0
20241127,130000,9115.7,9143,9103.1,9138,53330,0
20241127,140000,9138,9176.2,9134,9169,70384,0
20241127,150000,9170,9255,9165.8,9252.9,86416,0
20241127,160000,9254.9,9288.2,9151.9,9222.5,205398,0
20241127,170000,9224.2,9229.6,9080,9086.2,163787,0
20241127,180000,9086.1,9087.6,8906.5,9049.3,147071,0
20241127,190000,9049.3,9111,8890.9,8904.5,69700,0
20241127,200000,8904.9,8976.9,8866,8945.5,36402,0
20241127,210000,8945.5,8996.4,8945.5,8966.4,19816,0
20241127,220000,8972,8984.7,8960,8960.2,6028,0
20241127,230000,8960.7,8994.1,8957.8,8993.9,9400,0
20241128,100000,8996,9125.3,8981.2,9099.3,139832,0
20241128,110000,9100.7,9110,9019.5,9071.1,44316,0
20241128,120000,9072.5,9100,9035.4,9094.5,24097,0
20241128,130000,9097.1,9125,9080.4,9109,34259,0
20241128,140000,9114.9,9123.9,9072.5,9080.1,32538,0
20241128,150000,9080.1,9089.2,9055,9076,31800,0
20241128,160000,9076,9088.5,9060,9079.3,14165,0
20241128,170000,9079.8,9094.2,9064,9085,30237,0
20241128,180000,9087.5,9090.6,9050,9056.9,14572,0
20241128,190000,9053.5,9087,9053.5,9076.8,14364,0
20241128,200000,9079,9095,9074.2,9086,7267,0
20241128,210000,9086,9087.1,9064.4,9075.7,7132,0
20241128,220000,9076.3,9089.1,9074,9085,2052,0
20241128,230000,9085.1,9098,9085.1,9095.5,3326,0
20241129,100000,9139.5,9196,9110,9134.5,79657,0
20241129,110000,9134.5,9135,9080,9123.5,28936,0
20241129,120000,9123.5,9162.9,9114.7,9160,35123,0
20241129,130000,9159.3,9167.6,9145.4,9145.9,18552,0
20241129,140000,9151.1,9157.4,9101.1,9101.1,22992,0
20241129,150000,9101.1,9118.1,9082.7,9104.9,38236,0
20241129,160000,9105.7,9110.1,8960,9030.6,76875,0
20241129,170000,9030.6,9049.7,9009.7,9020,35251,0
20241129,180000,9018.9,9024.1,8970.1,8978.3,23665,0
20241129,190000,8982,9024,8974.6,9010.9,16896,0
20241129,200000,9011.3,9011.3,8990,9002.6,7657,0
20241129,210000,9002.4,9014.5,8982,8999.3,10585,0
20241129,220000,9002,9006.2,8980,8986.3,12584,0
20241129,230000,8986.3,8991.9,8981,8985,7706,0
20241202,100000,8933.8,8979.8,8850.1,8976.9,86142,0
20241202,110000,8976.1,9021.1,8960.1,8991.4,31292,0
20241202,120000,8990,9040,8988.2,9000,31918,0
20241202,130000,9000.1,9017.1,8999,9002,12945,0
20241202,140000,9005.7,9024.8,8961.6,8965,26132,0
20241202,150000,8964.6,9000.3,8945.2,9000.3,23446,0
20241202,160000,9002.3,9016.5,8977.7,9000.9,15548,0
20241202,170000,9000,9030,8985,8988.1,19953,0
20241202,180000,8988.1,9008.7,8977.3,8990.3,13928,0
20241202,190000,8996.3,9000,8964.7,8976.8,6145,0
20241202,200000,8978.9,8979.4,8955.9,8975,7800,0
20241202,210000,8973,8990.2,8955.6,8986.4,6074,0
20241202,220000,8987,8992.2,8982.1,8988.8,2121,0
20241202,230000,8987.9,8999.7,8979.4,8995.5,3407,0
20241203,100000,9003.1,9029.4,8977.9,8994.2,22600,0
20241203,110000,8993.8,8994.2,8966.9,8982.4,13760,0
20241203,120000,8980,8985.7,8960,8969.1,15734,0
20241203,130000,8969.1,8989.4,8955,8955.1,23830,0
20241203,140000,8955.1,8959.4,8900,8908.1,36609,0
20241203,150000,8908.1,8916.1,8870.1,8870.5,32268,0
20241203,160000,8870.1,8928.1,8861.1,8925.5,58663,0
20241203,170000,8925.6,8951.1,8895.3,8897.2,35517,0
20241203,180000,8897.8,8904.2,8875.7,8898,24091,0
20241203,190000,8900,8908.8,8862.4,8881.4,11026,0
20241203,200000,8881,8885.2,8827.5,8871.6,18949,0
20241203,210000,8873.3,8873.3,8831.6,8849.4,11434,0
20241203,220000,8849.4,8849.4,8820.1,8821.8,8395,0
20241203,230000,8821.4,8836.9,8820,8829,5281,0
20241204,100000,8853.7,8873.7,8774.4,8793.7,56686,0
20241204,110000,8796.1,8814.9,8787.4,8793.4,25169,0
20241204,120000,8793.7,8802.8,8776.2,8791.5,12474,0
20241204,130000,8791.6,8793,8770,8789,17337,0
20241204,140000,8784.1,8792.3,8751.6,8754.1,17245,0
20241204,150000,8754.1,8812.3,8752.8,8784.5,30919,0
20241204,160000,8784.5,8855.5,8764.4,8850.8,44297,0
20241204,170000,8852.8,8888,8817.4,8829.9,55245,0
20241204,180000,8830.5,8900,8828.9,8883,35741,0
20241204,190000,8891,8940,8872.3,8891.9,22453,0
20241204,200000,8890.5,8897.1,8859.2,8869,8627,0
20241204,210000,8868.9,8922.4,8868.9,8916.2,12960,0
20241204,220000,8916.2,8935.3,8905,8929.1,9501,0
20241204,230000,8928.7,8942,8920,8940,4936,0
20241205,100000,8935,8935,8802,8811.1,52045,0
20241205,110000,8813,8813.1,8772.7,8774.2,48230,0
20241205,120000,8774.1,8790.1,8752.4,8755,32611,0
20241205,130000,8755.2,8773.4,8715.2,8739.6,43344,0
20241205,140000,8736.6,8778.7,8717.4,8775.3,25974,0
20241205,150000,8775.3,8782.7,8702.9,8754.6,35545,0
20241205,160000,8754.9,8769.3,8680,8701.3,50055,0
20241205,170000,8700.6,8703.7,8600.1,8602.2,69830,0
20241205,180000,8601.4,8605.9,8482.8,8540,116366,0
20241205,190000,8540,8637.6,8498,8520.7,67428,0
20241205,200000,8520.6,8522.8,8461,8498.8,27099,0
20241205,210000,8496.8,8509.4,8458.1,8480.6,19594,0
20241205,220000,8480.6,8491.2,8436.6,8486.9,27280,0
20241205,230000,8487,8526.8,8477.2,8513,10552,0
20241206,100000,8534.1,8569.9,8424.8,8514.2,119565,0
20241206,110000,8515,8528.2,8463.6,8480,29506,0
20241206,120000,8479,8479.9,8433.3,8440.2,28839,0
20241206,130000,8439.5,8458.5,8427.4,8446.7,28780,0
20241206,140000,8449.5,8465,8411,8430.8,37969,0
20241206,150000,8426.7,8437.9,8404.6,8424.8,44579,0
20241206,160000,8424.7,8425.5,8352.2,8353.4,53045,0
20241206,170000,8353.4,8404.2,8325,8394,72732,0
20241206,180000,8394,8439.8,8340.1,8372.7,37596,0
20241206,190000,8381.8,8386.9,8317.1,8353.1,37262,0
20241206,200000,8353.1,8354.9,8332.4,8340.9,14635,0
20241206,210000,8340.6,8359.9,8339.2,8359.9,11436,0
20241206,220000,8359.9,8362.3,8338.3,8346.5,7876,0
20241206,230000,8346.8,8359.6,8335.5,8355,6032,0
20241209,100000,8377.7,8505,8348.8,8496.7,81816,0
20241209,110000,8496.6,8498.9,8437.1,8452.2,24288,0
20241209,120000,8453.4,8526.9,8453.4,8500.4,36788,0
20241209,130000,8500.7,8522.8,8483.9,8496,29092,0
20241209,140000,8496.6,8511.5,8474,8485,23647,0
20241209,150000,8485,8561,8485,8559,46872,0
20241209,160000,8557.2,8640.8,8557,8638.4,58466,0
20241209,170000,8638.4,8673.1,8621.8,8622.7,47244,0
20241209,180000,8622.7,8683.3,8613.9,8655,28246,0
20241209,190000,8660,8708.2,8654.6,8672.5,33396,0
20241209,200000,8674.4,8678.7,8652.1,8666.8,13348,0
20241209,210000,8666,8678.9,8636.6,8670,29691,0
20241209,220000,8670,8675.7,8645,8662,20570,0
20241209,230000,8662.1,8673,8651.4,8655.5,5701,0
20241210,100000,8678.5,8700,8522.7,8529.4,108260,0
20241210,110000,8529.5,8553.7,8471.1,8482.6,75795,0
20241210,120000,8482.1,8579.4,8474.4,8541.1,72172,0
20241210,130000,8541,8598.7,8539,8579.1,31318,0
20241210,140000,8578.9,8616.3,8565.8,8593.8,28341,0
20241210,150000,8594.5,8602.5,8560.7,8593,24723,0
20241210,160000,8593,8645,8585,8639,30454,0
20241210,170000,8638.9,8690,8622.4,8683.5,63332,0
20241210,180000,8686.2,8708.2,8652.4,8660,26572,0
20241210,190000,8662.2,8700,8656.6,8670.1,11574,0
20241210,200000,8671.4,8689.9,8656.7,8689.8,9747,0
20241210,210000,8689.8,8695,8665,8665,6344,0
20241210,220000,8665,8688.9,8663.7,8679.3,3442,0
20241210,230000,8682,8687.5,8674.8,8674.8,4018,0
20241211,100000,8676.1,8795.9,8640.6,8766.3,127027,0
20241211,110000,8766.8,8787.1,8752,8773.4,32164,0
20241211,120000,8774.7,8793.8,8758.7,8791.8,22616,0
20241211,130000,8791.8,8835,8786.9,8821.7,43410,0
20241211,140000,8820.5,8834.4,8800.3,8819.4,24964,0
20241211,150000,8819,8918.8,8818.7,8908.8,76575,0
20241211,160000,8908.1,8918,8833.8,8884.5,74533,0
20241211,170000,8884.5,8900,8818.2,8873.7,53060,0
20241211,180000,8875,8920,8875,8901.5,48949,0
20241211,190000,8902,8905.5,8828,8884.1,45117,0
20241211,200000,8885.3,8910,8870.2,8870.7,15688,0
20241211,210000,8870.7,8904.9,8869,8876.7,10646,0
20241211,220000,8876.7,8903.3,8870.1,8901.1,8271,0
20241211,230000,8901.2,8938,8897.6,8923.7,11114,0
20241212,100000,8905.4,8982.4,8870.6,8880,116707,0
20241212,110000,8878.7,8925.6,8860.3,8878.9,42373,0
20241212,120000,8878.5,8893.1,8808.7,8867.7,63763,0
20241212,130000,8867.4,8882.5,8835.6,8846.9,25721,0
20241212,140000,8844.8,8846.9,8793,8834,42245,0
20241212,150000,8834,8847.8,8806.7,8813.9,15187,0
20241212,160000,8813.4,8814.3,8753,8762,41736,0
20241212,170000,8762,8764.7,8670,8703,77912,0
20241212,180000,8703,8750,8691.7,8715,59883,0
20241212,190000,8713.9,8765.6,8710,8732.8,17856,0
20241212,200000,8732.8,8768.7,8732.6,8768.7,12008,0
20241212,210000,8768.7,8779.2,8752.7,8755.9,11406,0
20241212,220000,8755.9,8791,8755.9,8769,26352,0
20241212,230000,8769,8783,8751.1,8774.1,27061,0
20241213,100000,8784.9,8814,8743.7,8812.3,66537,0
20241213,110000,8810.6,8834.6,8781.6,8783.4,33815,0
20241213,120000,8781.8,8796.7,8761,8767.5,25023,0
20241213,130000,8767.9,8778.5,8760,8769,20866,0
20241213,140000,8770.9,8791.4,8727.8,8745.2,64263,0
20241213,150000,8748,8810.5,8745.3,8799.6,36156,0
20241213,160000,8799.6,8804.2,8743,8747.1,18373,0
20241213,170000,8747.3,8770.5,8680.3,8707,52172,0
20241213,180000,8707.1,8726.7,8698.5,8715.7,13517,0
20241213,190000,8715.7,8748.9,8715.4,8741.8,12933,0
20241213,200000,8741.6,8742.2,8710,8712.9,12784,0
20241213,210000,8711.6,8716,8698.5,8706.5,16288,0
20241213,220000,8705.8,8719.5,8705,8717.9,4641,0
20241213,230000,8715.8,8717.8,8705,8709,4930,0
20241216,100000,8720,8733.5,8632.8,8670,73329,0
20241216,110000,8669.9,8675.7,8623.2,8659.4,39155,0
20241216,120000,8659.3,8688.9,8645.3,8670.9,44520,0
20241216,130000,8673.3,8696.1,8670.3,8692.7,26031,0
20241216,140000,8689.8,8746.5,8681,8728.7,33837,0
20241216,150000,8728.7,8746.3,8673.4,8678.5,38535,0
20241216,160000,8678,8703.7,8655,8674.6,30562,0
20241216,170000,8674.5,8713.3,8663,8666,31302,0
20241216,180000,8665.5,8682.3,8652,8660,15792,0
20241216,190000,8664.9,8682.6,8655.9,8661.8,8226,0
20241216,200000,8660.1,8669.2,8611.6,8615.3,20056,0
20241216,210000,8615.8,8641.4,8606.1,8626.5,13865,0
20241216,220000,8626.5,8639.8,8605,8623,15389,0
20241216,230000,8621.1,8636,8609.5,8629.1,7261,0
20241217,100000,8624.9,8678.2,8621.9,8657.8,51148,0
20241217,110000,8656.3,8662.5,8611.3,8623,30073,0
20241217,120000,8623,8633.7,8589,8596.1,37823,0
20241217,130000,8596.1,8620.8,8591.1,8599.1,32000,0
20241217,140000,8599,8647,8595.4,8640.3,34847,0
20241217,150000,8640.3,8646.9,8615.4,8620.1,20670,0
20241217,160000,8622,8663.2,8618,8626,30607,0
20241217,170000,8625.9,8673.4,8614.3,8649,25044,0
20241217,180000,8649,8684.1,8642,8668.1,26417,0
20241217,190000,8667,8743,8667,8692,29056,0
20241217,200000,8693,8748.5,8693,8727.2,19303,0
20241217,210000,8727.1,8796,8725.7,8741.9,35925,0
20241217,220000,8741.9,8750.1,8727.6,8736.6,7760,0
20241217,230000,8738.4,8746.9,8733,8744,6019,0
20241218,100000,8739.5,8750,8661.9,8680.3,90950,0
20241218,110000,8680.3,8684.4,8612.4,8644.2,69909,0
20241218,120000,8643.7,8644.1,8602.6,8622.6,35638,0
20241218,130000,8622.6,8654,8610,8651.9,17327,0
20241218,140000,8648.3,8690.9,8625.5,8662.9,35109,0
20241218,150000,8664,8666.4,8627.5,8644,27259,0
20241218,160000,8644,8658.1,8615.3,8657.8,20157,0
20241218,170000,8657.9,8661.3,8619.4,8637.5,14087,0
20241218,180000,8634.5,8657.9,8626.6,8657.9,11266,0
20241218,190000,8655,8679.7,8616,8668.1,22886,0
20241218,200000,8665.9,8668.1,8649.8,8659.9,5417,0
20241218,210000,8660,8660.7,8632,8647.7,7383,0
20241218,220000,8646.7,8657.9,8523.1,8549.8,57672,0
20241218,230000,8543.2,8568.4,8510,8560,37387,0
20241219,100000,8598.8,8636,8572,8586.8,56287,0
20241219,110000,8587.6,8593.9,8556.1,8593.9,37057,0
20241219,120000,8593.9,8605.1,8577.1,8583.8,23176,0
20241219,130000,8583.5,8613.5,8581.3,8601.5,14280,0
20241219,140000,8602.8,8630,8593,8607.5,24823,0
20241219,150000,8607.3,8609.9,8556.1,8559.4,31993,0
20241219,160000,8558.1,8571.1,8526.7,8531.9,41361,0
20241219,170000,8532.2,8570,8527.7,8530,20784,0
20241219,180000,8530.1,8550.5,8501.9,8535,24716,0
20241219,190000,8531.1,8603.9,8526.3,8570.1,16704,0
20241219,200000,8570.1,8583.6,8552,8559.2,6130,0
20241219,210000,8559.2,8576.3,8556.3,8571.2,6076,0
20241219,220000,8571.2,8593.9,8571,8585.9,7268,0
20241219,230000,8585.2,8600,8575.9,8589.4,5189,0
20241220,100000,8589,8595.5,8512,8546.6,44735,0
20241220,110000,8546.4,8554.8,8503.4,8506.2,22114,0
20241220,120000,8508.2,8544.2,8501.3,8543.7,14810,0
20241220,130000,8544.2,8599.7,8539.1,8577.9,33536,0
20241220,140000,8578.6,8580,8531.5,8546.8,32683,0
20241220,150000,8546.7,8580.9,8540,8566.6,18907,0
20241220,160000,8566.6,8616.9,8553.5,8605.5,29782,0
20241220,170000,8606.9,8670,8589,8611.4,43483,0
20241220,180000,8612.9,8687.1,8608.7,8658.5,35611,0
20241220,190000,8665.5,8705,8643.6,8645.4,19721,0
20241220,200000,8645.9,8679.1,8635,8668.3,12386,0
20241220,210000,8667.6,8690,8664.3,8687,4519,0
20241220,220000,8687.1,8698,8675.5,8677,7950,0
20241220,230000,8677.3,8677.4,8651.6,8660,9277,0
20241223,100000,8660,8685,8586.3,8586.8,57150,0
20241223,110000,8586.8,8605.6,8552,8598.3,30148,0
20241223,120000,8598,8608.4,8580,8586.4,18274,0
20241223,130000,8587.3,8587.3,8516.1,8535.3,26264,0
20241223,140000,8533.3,8533.3,8506.3,8520.4,26477,0
20241223,150000,8520.4,8523.1,8474.6,8514.7,49094,0
20241223,160000,8515.3,8547.8,8495.6,8536.5,28680,0
20241223,170000,8536.4,8544.3,8510,8526.9,17407,0
20241223,180000,8529.1,8542.9,8510.1,8521.3,18269,0
20241223,190000,8516,8541,8492.2,8537.6,17584,0
20241223,200000,8538.2,8544,8511.1,8513.8,6240,0
20241223,210000,8513.8,8523.7,8512.4,8514.3,3348,0
20241223,220000,8514.4,8533.2,8514,8524,4870,0
20241223,230000,8525.2,8532.2,8516,8516.5,3004,0
20241224,100000,8532.2,8542,8485.5,8502.8,30993,0
20241224,110000,8505.7,8531.8,8505.7,8511,21222,0
20241224,120000,8511,8521.2,8489.9,8491.2,19373,0
20241224,130000,8492.6,8501.4,8473,8475.5,21694,0
20241224,140000,8475.5,8477,8433,8463.6,31842,0
20241224,150000,8462.6,8484.2,8457.8,8478.2,19537,0
20241224,160000,8479.9,8498.3,8463.8,8481.2,13124,0
20241224,170000,8480.6,8484.9,8458.3,8469.9,12601,0
20241224,180000,8468.2,8479.4,8441.7,8453.4,15852,0
20241224,190000,8456,8489.9,8452.9,8489.1,12983,0
20241224,200000,8489,8518.9,8488,8501,10188,0
20241224,210000,8502.4,8510,8490.1,8504.6,5269,0
20241224,220000,8502.7,8511.9,8498.4,8509,6212,0
20241224,230000,8508,8509.2,8499.8,8499.8,3892,0
20241225,100000,8491.3,8513.1,8476.1,8480.1,33361,0
20241225,110000,8480,8485.2,8458.1,8477.3,22386,0
20241225,120000,8477.3,8481,8464.2,8473.5,12866,0
20241225,130000,8473.4,8476.7,8469,8473.5,5328,0
20241225,140000,8475.7,8476.1,8454,8464.5,8585,0
20241225,150000,8464.3,8479.3,8451.2,8458.5,13129,0
20241225,160000,8458,8472.9,8447.6,8449.9,19465,0
20241225,170000,8449.9,8462.6,8442.8,8452.7,9503,0
20241225,180000,8453.5,8491.2,8448.1,8452.8,24093,0
20241225,190000,8458.8,8475.1,8453,8464.9,7776,0
20241225,200000,8464.6,8469.1,8460,8463.8,3180,0
20241225,210000,8463.2,8463.9,8454.5,8456.6,1917,0
20241225,220000,8456.6,8472.4,8454.9,8467,1381,0
20241225,230000,8467,8471.2,8460.6,8471.2,1349,0
20241226,100000,8471.3,8497.5,8465,8495.9,23271,0
20241226,110000,8495.4,8543.2,8495.3,8510.2,41314,0
20241226,120000,8510.2,8512.7,8470.6,8492.1,40447,0
20241226,130000,8491.9,8493.9,8472,8480.2,9612,0
20241226,140000,8487.7,8489.9,8465,8473.8,11243,0
20241226,150000,8474.6,8474.7,8448,8451.4,17457,0
20241226,160000,8451.4,8461.1,8419,8421.1,28118,0
20241226,170000,8421,8452.1,8401.5,8450.1,26087,0
20241226,180000,8450,8476.4,8446,8471.1,15582,0
20241226,190000,8466.8,8473,8449.7,8455.2,7164,0
20241226,200000,8455.2,8460.5,8440.7,8452.3,2982,0
20241226,210000,8450.4,8480,8450.3,8478.4,4891,0
20241226,220000,8479,8479.7,8462.9,8465.2,4055,0
20241226,230000,8469.1,8470.9,8450,8464.3,3671,0
20241227,100000,8470.6,8475.2,8420.4,8429.8,45242,0
20241227,110000,8429.6,8433.7,8379.4,8387.3,57972,0
20241227,120000,8387.1,8438.5,8369.5,8438.5,38254,0
20241227,130000,8438.3,8468.9,8434.3,8466.5,24383,0
20241227,140000,8466.8,8494,8449,8493.9,19688,0
20241227,150000,8493.9,8586,8491,8492.1,54563,0
20241227,160000,8492.2,8494.8,8444.5,8453.5,38757,0
20241227,170000,8453.4,8462.6,8401.1,8408.4,30792,0
20241227,180000,8409,8443.5,8406.7,8442,12988,0
20241227,190000,8434.6,8473.9,8417.6,8453.6,15706,0
20241227,200000,8456,8460,8433.2,8440,7323,0
20241227,210000,8442.4,8452.6,8423.6,8439.7,7784,0
20241227,220000,8440.8,8440.8,8420,8435.9,8122,0
20241227,230000,8435.6,8438,8425,8425,2548,0
20241228,100000,8424.9,8469.9,8424.9,8469.6,18846,0
20241228,110000,8467.5,8480.1,8448.1,8468.7,15588,0
20241228,120000,8468.7,8482.8,8466.2,8478.4,12649,0
20241228,130000,8478.1,8488.2,8471.9,8488.2,12252,0
20241228,140000,8488.3,8514.5,8481.9,8499.5,18698,0
20241228,150000,8500.2,8533.1,8500.2,8521.8,20312,0
20241228,160000,8523.8,8528.5,8501.7,8517.8,22130,0
20241228,170000,8517.8,8540.9,8511.5,8532.3,17171,0
20241228,180000,8532.3,8569,8532.2,8555,23060,0
20241228,190000,8555,8563.2,8540,8558,6972,0
20241228,200000,8558,8560,8548.7,8548.7,1964,0
20241228,210000,8548.7,8559.7,8531.1,8547.3,6957,0
20241228,220000,8547.3,8547.5,8532,8540,5484,0
20241228,230000,8541.5,8559.6,8534.7,8559.6,5139,0
20241230,100000,8549.9,8578.3,8473.1,8499.9,46021,0
20241230,110000,8497.7,8572.7,8490.6,8561,30200,0
20241230,120000,8559.7,8605.9,8559.7,8581.7,21879,0
20241230,130000,8581.7,8636.4,8579.7,8612.1,23899,0
20241230,140000,8610.2,8617.5,8588.5,8598.4,10635,0
20241230,150000,8599.5,8623.2,8592,8623.2,8309,0
20241230,160000,8621,8626.7,8568.8,8571.7,15006,0
20241230,170000,8570.4,8589.8,8555.2,8587.8,14861,0
20241230,180000,8588.8,8588.8,8538,8545.7,14000,0
20241230,190000,8545.5,8556.4,8530.5,8545.2,5625,0
20241230,200000,8545.5,8568.5,8544.9,8568.5,2920,0
20241230,210000,8569,8579.5,8561.1,8579.2,3405,0
20241230,220000,8579.2,8579.6,8558.5,8574.8,4595,0
20241230,230000,8576.7,8590,8574.7,8580.1,4449,0
20250103,100000,8685.9,8816,8650.2,8802,65992,0
20250103,110000,8802,8819.9,8778.5,8785.5,33123,0
20250103,120000,8788.6,8800.5,8737.6,8759.8,20464,0
20250103,130000,8761.7,8785.3,8759.5,8780.2,11147,0
20250103,140000,8781.8,8787,8760,8772.7,13397,0
20250103,150000,8770.6,8774.6,8735.1,8766.5,21203,0
20250103,160000,8766.5,8771,8707.1,8740,13530,0
20250103,170000,8741.7,8754,8725,8741.3,7465,0
20250103,180000,8740,8740,8710,8722.9,9829,0
20250103,190000,8723,8745.9,8715.3,8715.9,8135,0
20250103,200000,8717.3,8736.8,8717.2,8730.6,3660,0
20250103,210000,8730.5,8737.4,8722.7,8735,1822,0
20250103,220000,8734.8,8741.5,8732.4,8738.6,2938,0
20250103,230000,8738.7,8742,8723,8742,3715,0
20250106,100000,8723.9,8739.9,8587.5,8620.3,51414,0
20250106,110000,8615.8,8651,8601.2,8631.4,21715,0
20250106,120000,8632,8654.9,8626.2,8633.6,9845,0
20250106,130000,8632.6,8632.6,8571.5,8598,22450,0
20250106,140000,8598,8659.2,8571.6,8639.7,26911,0
20250106,150000,8638.6,8642.5,8616.2,8633,11264,0
20250106,160000,8631.5,8649,8563.9,8572.8,30494,0
20250106,170000,8571.8,8592.2,8551.1,8582.8,20164,0
20250106,180000,8584.7,8624.8,8577.1,8619.9,15172,0
20250106,190000,8619.9,8639.9,8605.6,8624.5,12118,0
20250106,200000,8625.2,8628.5,8605,8617.7,6362,0
20250106,210000,8617.7,8627,8605.7,8618,4241,0
20250106,220000,8617.9,8628.3,8616.7,8623.1,5314,0
20250106,230000,8627,8643.5,8619,8643.5,2734,0
20250108,100000,8673,8707.7,8653.3,8677.9,42487,0
20250108,110000,8678.8,8682.6,8624.9,8637.9,24210,0
20250108,120000,8637.9,8650.7,8623.7,8632.1,9981,0
20250108,130000,8631.1,8642.2,8613.4,8626.5,11236,0
20250108,140000,8626.5,8629.1,8615.8,8626.9,6190,0
20250108,150000,8626.8,8627.4,8610.8,8622.5,5059,0
20250108,160000,8622.9,8649.3,8622.9,8645.4,11758,0
20250108,170000,8644.2,8672.2,8641.7,8646.6,19851,0
20250108,180000,8646.6,8658.8,8640.3,8649.8,8827,0
20250108,190000,8649,8676.4,8643.9,8676.4,5155,0
20250108,200000,8675.9,8698.8,8641,8658.9,17646,0
20250108,210000,8658.7,8669.8,8636.5,8646.4,7247,0
20250108,220000,8649,8669.8,8643.6,8666,2615,0
20250108,230000,8665.9,8687.5,8665.9,8676.3,3955,0
20250109,100000,8677.9,8739.4,8677.9,8719.7,48119,0
20250109,110000,8720,8747.7,8708,8739.5,24856,0
20250109,120000,8739.9,8770,8721.8,8731.9,45915,0
20250109,130000,8731.3,8759.8,8731.3,8758.8,11241,0
20250109,140000,8758.6,8778.1,8753.4,8775.8,17466,0
20250109,150000,8777.7,8785.5,8740.1,8759.5,20743,0
20250109,160000,8759.4,8777.5,8752.6,8764.6,24565,0
20250109,170000,8764.7,8764.7,8744,8750.6,10221,0
20250109,180000,8748.4,8755.8,8739,8748.7,6940,0
20250109,190000,8746.6,8749.7,8727.2,8741,7283,0
20250109,200000,8741.5,8759.8,8733.4,8747.4,5881,0
20250109,210000,8748.5,8768.8,8745.6,8763.9,4320,0
20250109,220000,8764.9,8765,8751.6,8759.8,1761,0
20250109,230000,8759.2,8766,8753,8758.4,2312,0
20250110,100000,8766,8819,8766,8814.1,39973,0
20250110,110000,8814.1,8836.6,8809.2,8820.4,36165,0
20250110,120000,8820.1,8849.7,8820.1,8836.3,16092,0
20250110,130000,8837.8,8849,8822.1,8824.7,20960,0
20250110,140000,8822.9,8839.6,8810,8825.4,23062,0
20250110,150000,8823.7,8826.9,8814.4,8815.2,12069,0
20250110,160000,8815.1,8858.4,8778.7,8854.3,39055,0
20250110,170000,8854.7,8895.9,8848.3,8872.6,43007,0
20250110,180000,8872,8909.5,8861.3,8894,18591,0
20250110,190000,8892.2,8930.4,8871.9,8929.6,14489,0
20250110,200000,8929.4,8930.8,8892.9,8898.6,8082,0
20250110,210000,8901.2,8908.3,8885,8888,6493,0
20250110,220000,8888,8904.7,8881.2,8904.1,5109,0
20250110,230000,8896.1,8913.6,8894.6,8900,4503,0
20250113,100000,8911.7,8935.5,8900,8911.3,46362,0
20250113,110000,8912.6,8941.9,8905.1,8925.4,19478,0
20250113,120000,8924.7,8928.4,8892.7,8897,24879,0
20250113,130000,8898.6,8898.6,8835.3,8843.1,38474,0
20250113,140000,8841.9,8893.3,8820,8870,41519,0
20250113,150000,8870,8870,8838,8850.8,15748,0
20250113,160000,8850.7,8863.7,8840,8858.1,9433,0
20250113,170000,8858.3,8864.3,8833,8845.9,11721,0
20250113,180000,8849.9,8861.6,8840.6,8846.1,6227,0
20250113,190000,8850.6,8855.5,8840.6,8840.6,5934,0
20250113,200000,8840.6,8840.6,8813.8,8833.6,17428,0
20250113,210000,8833.3,8850,8821,8843.4,6587,0
20250113,220000,8844.9,8855,8835.4,8838.9,3598,0
20250113,230000,8841.8,8844.3,8835.4,8840.8,1332,0
20250114,100000,8850,8908.3,8850,8895.1,28242,0
20250114,110000,8896.2,8901.6,8873.5,8880.6,18971,0
20250114,120000,8879.8,8884.6,8846.4,8852.1,15449,0
20250114,130000,8851.5,8870.7,8814.1,8862.6,38530,0
20250114,140000,8865.2,8880,8830.1,8871.1,55861,0
20250114,150000,8871.1,8879.5,8847.4,8857.1,14457,0
20250114,160000,8856.9,8875,8824.1,8845,28059,0
20250114,170000,8846.1,8848.6,8828,8843.9,11119,0
20250114,180000,8843.9,8888,8843.9,8860.6,15303,0
20250114,190000,8861,8872.4,8854.2,8863,3331,0
20250114,200000,8863,8873.4,8847.9,8860.1,5534,0
20250114,210000,8857.7,8879.2,8855.8,8879.1,3772,0
20250114,220000,8879.1,8887.6,8873.5,8885.5,5643,0
20250114,230000,8887.2,8890,8867,8879.4,3007,0
20250115,100000,8890.2,8936.1,8880.8,8905.2,36894,0
20250115,110000,8904.2,8927,8885.9,8903.5,16418,0
20250115,120000,8904.9,8929.8,8893.9,8926,19096,0
20250115,130000,8926,8947.9,8915.8,8935.9,24221,0
20250115,140000,8936.8,8945,8923.1,8931,14442,0
20250115,150000,8929.7,8930.2,8916.9,8920.7,9397,0
20250115,160000,8920.7,8950,8919.8,8947.4,18651,0
20250115,170000,8947.3,8955.4,8913.5,8929.5,21714,0
20250115,180000,8928.1,8932.1,8910,8930.9,11872,0
20250115,190000,8926.7,8956.5,8870.1,8935,19730,0
20250115,200000,8932,8942.7,8926.1,8942.1,4899,0
20250115,210000,8941.6,8945,8927.5,8938.3,3891,0
20250115,220000,8939.2,8953,8931,8942.2,6323,0
20250115,230000,8942.1,8953,8941.9,8942.2,4021,0
20250116,100000,8940,8967,8934.2,8959.6,27851,0
20250116,110000,8959.5,8969.5,8944.8,8956.5,10439,0
20250116,120000,8953.5,8979.5,8941.5,8978.4,14804,0
20250116,130000,8975.9,8980,8966.3,8969.4,8426,0
20250116,140000,8973.1,8978.4,8968.3,8970.1,5715,0
20250116,150000,8970,8974,8962,8969,5961,0
20250116,160000,8969.1,8996.5,8966.9,8988.4,22387,0
20250116,170000,8989.9,9000,8977.3,8997.4,26409,0
20250116,180000,8997.6,8999.9,8985.5,8993.5,12949,0
20250116,190000,8997,9012,8989.7,9009,10280,0
20250116,200000,9009,9019.9,9009,9013.8,5871,0
20250116,210000,9014.1,9020.2,8996.6,9000.9,8292,0
20250116,220000,9000.9,9009.7,9000,9006,4585,0
20250116,230000,9006.3,9020,9000,9003.1,3131,0
20250117,100000,9008.3,9022.7,8981.2,8984.2,30720,0
20250117,110000,8983.3,8989,8964.1,8975.7,21731,0
20250117,120000,8971.8,8979.5,8945.9,8963.1,30304,0
20250117,130000,8961.1,8966.8,8950.5,8958.1,12533,0
20250117,140000,8958.1,8985.7,8954.1,8980.1,13702,0
20250117,150000,8982.5,8998,8982.4,8992.8,13141,0
20250117,160000,8993.9,8994,8972.9,8978.3,15886,0
20250117,170000,8980,8986.4,8959.9,8966.6,22828,0
20250117,180000,8965.2,8978.4,8960,8963,19789,0
20250117,190000,8964.9,8983.9,8964.9,8983.8,9238,0
20250117,200000,8983.8,8983.8,8967.8,8977.4,5122,0
20250117,210000,8977.3,8980.6,8960,8960,6311,0
20250117,220000,8960.1,8964,8953.2,8953.7,5023,0
20250117,230000,8953.2,8955,8934.8,8944.7,12658,0
20250120,100000,8952.7,8987.5,8925.5,8940.7,42438,0
20250120,110000,8940.6,8955,8926,8928.4,17991,0
20250120,120000,8929,8943.2,8920.1,8935.9,17209,0
20250120,130000,8933.1,8941.1,8923,8929.8,15568,0
20250120,140000,8929.8,8931.4,8916.7,8920.8,15335,0
20250120,150000,8919.7,8922,8898.5,8905,19193,0
20250120,160000,8905,8912.4,8886.9,8902.5,32914,0
20250120,170000,8901.2,8922,8890.7,8917.2,25328,0
20250120,180000,8916.4,8935.5,8907.3,8926.9,16310,0
20250120,190000,8923.4,8926.9,8900,8905.9,7004,0
20250120,200000,8908.4,8926.5,8903,8919.1,3549,0
20250120,210000,8919.1,8926.5,8912.9,8926.2,3675,0
20250120,220000,8926.1,8933.1,8920.8,8920.8,2816,0
20250120,230000,8920.8,8925.2,8911.1,8915,2053,0
20250121,100000,8940.4,8980.5,8940.3,8969.9,38043,0
20250121,110000,8969.9,8971.9,8896.8,8902,55361,0
20250121,120000,8900.1,8900.4,8860,8860.5,32776,0
20250121,130000,8860.5,8881.5,8845,8858.7,26941,0
20250121,140000,8857.5,8886.7,8843.5,8885.4,23152,0
20250121,150000,8885.2,8885.4,8849.2,8849.2,12164,0
20250121,160000,8849.2,8874,8838,8861.8,30170,0
20250121,170000,8863,8868.6,8851.1,8865.5,12711,0
20250121,180000,8865,8868.6,8830.1,8840,13118,0
20250121,190000,8848,8882.5,8847.7,8879.3,12424,0
20250121,200000,8882.1,8900,8872,8879.1,21638,0
20250121,210000,8879.3,8891.5,8876,8890.3,3049,0
20250121,220000,8890.4,8890.5,8864.5,8887.1,4942,0
20250121,230000,8887.6,8889,8867.8,8875,1681,0
20250122,100000,8876.5,8899.7,8851.1,8865.1,32594,0
20250122,110000,8865.1,8897.2,8860,8878.9,16173,0
20250122,120000,8878.9,8886.4,8868.6,8875,4016,0
20250122,130000,8875,8881.7,8865,8870,12971,0
20250122,140000,8870,8871.7,8853.7,8862.9,12746,0
20250122,150000,8862.9,8862.9,8831,8850.5,19234,0
20250122,160000,8850.5,8868.5,8835.6,8849.8,14737,0
20250122,170000,8848.1,8858.5,8830.5,8846.3,13429,0
20250122,180000,8843.9,8849.4,8836.9,8845.3,4990,0
20250122,190000,8848.2,8876.9,8818.2,8869.4,21271,0
20250122,200000,8867.5,8873.6,8852.7,8863.4,6471,0
20250122,210000,8867.3,8890,8861,8889.6,9600,0
20250122,220000,8889.7,8889.8,8871.4,8886.9,4906,0
20250122,230000,8886.9,8887.7,8855,8876,3846,0
20250123,100000,8871.2,8896.9,8856,8893.8,25410,0
20250123,110000,8893.8,8905.6,8892.3,8898.7,21876,0
20250123,120000,8898.7,8900.9,8869.5,8881,14304,0
20250123,130000,8882.5,8883.5,8865.7,8881.8,12011,0
20250123,140000,8880.9,8887.8,8858.9,8860.8,7709,0
20250123,150000,8862.4,8862.4,8846.4,8854.4,11196,0
20250123,160000,8857.2,8858.9,8830,8835.4,13651,0
20250123,170000,8837.4,8851.6,8831.1,8842.5,8378,0
20250123,180000,8842.5,8850,8831,8841.7,15142,0
20250123,190000,8841.4,8904.2,8841.4,8891.7,20590,0
20250123,200000,8892,8896.1,8882.5,8892.3,5049,0
20250123,210000,8892.4,8904.2,8891,8897.2,6487,0
20250123,220000,8897.2,8911,8897.2,8904,8006,0
20250123,230000,8903.4,8904,8892,8897.7,3475,0
20250124,100000,8930,8950.8,8880.2,8881.1,35562,0
20250124,110000,8881.1,8883.4,8848.8,8858.9,29900,0
20250124,120000,8858.1,8863.7,8826,8831.7,25027,0
20250124,130000,8831.6,8868.3,8828.1,8864.9,13599,0
20250124,140000,8865,8889.8,8862.3,8884.9,12203,0
20250124,150000,8884.9,8891,8871.2,8878,7424,0
20250124,160000,8879.2,8904.9,8876.3,8889.4,12217,0
20250124,170000,8889.4,8898.7,8877.4,8886.7,8731,0
20250124,180000,8886.8,8903.6,8878.3,8884.2,6721,0
20250124,190000,8892.8,8892.8,8859.6,8864.2,6862,0
20250124,200000,8864.2,8878.3,8860.3,8870.5,2107,0
20250124,210000,8870.2,8876.9,8867,8872.1,3616,0
20250124,220000,8870.2,8875.9,8866.1,8875.8,4022,0
20250124,230000,8875,8876.6,8863.8,8863.8,2954,0
20250127,090000,8863.8,8863.8,8825.8,8848.8,15371,0
20250127,100000,8849.1,8849.1,8741,8743.9,62761,0
20250127,110000,8743.9,8775,8716.8,8717.3,59567,0
20250127,120000,8716.8,8734.3,8709.2,8733.6,40505,0
20250127,130000,8733.7,8770,8733.7,8751.1,19821,0
20250127,140000,8750,8779.9,8730,8775.6,24293,0
20250127,150000,8775.6,8778.3,8731.8,8753.4,31862,0
20250127,160000,8753.4,8757.8,8722.4,8732.5,15513,0
20250127,170000,8733.6,8743.6,8717.3,8736.8,20929,0
20250127,180000,8737.9,8753,8718.1,8740,15904,0
20250127,190000,8738,8745.6,8725.6,8729,11411,0
20250127,200000,8729,8738.3,8716,8729.3,7229,0
20250127,210000,8729.3,8745,8727.9,8735.6,3696,0
20250127,220000,8736,8745,8735,8742.3,2359,0
20250127,230000,8740.5,8749.1,8734.5,8745,2682,0
20250128,090000,8745,8771.1,8743.3,8758.6,10736,0
20250128,100000,8757.3,8814.4,8755,8762.6,67284,0
20250128,110000,8766,8768,8726,8739.6,26220,0
20250128,120000,8742.9,8745.7,8715.8,8718,12190,0
20250128,130000,8717.4,8717.4,8685.8,8686,42457,0
20250128,140000,8686.1,8688.1,8670,8681.2,17177,0
20250128,150000,8681.3,8700,8675.2,8683.4,15625,0
20250128,160000,8684.1,8700,8678.2,8689.1,6753,0
20250128,170000,8690.6,8697.3,8663.2,8679.3,18092,0
20250128,180000,8678.1,8700,8676.5,8690,14517,0
20250128,190000,8696.5,8730,8693.8,8725.2,12106,0
20250128,200000,8724.6,8730.3,8720.5,8726.7,5134,0
20250128,210000,8728,8731.4,8725.3,8728.7,4578,0
20250128,220000,8728.6,8731.4,8725.4,8727.5,3710,0
20250128,230000,8727.5,8731.4,8725.3,8731.3,2944,0
20250129,090000,8726.4,8734.8,8700.9,8723.1,10390,0
20250129,100000,8722.1,8746.9,8668,8682,35763,0
20250129,110000,8681,8717.9,8679,8712.5,12143,0
20250129,120000,8712.4,8721.2,8700.6,8711.6,8003,0
20250129,130000,8712.8,8714.4,8694.6,8712,19125,0
20250129,140000,8713,8737.9,8708.7,8708.7,18947,0
20250129,150000,8710,8715.3,8686.9,8692,13515,0
20250129,160000,8692,8703.4,8684.4,8699.9,6075,0
20250129,170000,8699.9,8708,8690,8692.8,9042,0
20250129,180000,8690.7,8703,8685,8687.5,11967,0
20250129,190000,8695,8699,8685.1,8688,2749,0
20250129,200000,8688.2,8694.4,8681.6,8681.7,3893,0
20250129,210000,8681.7,8693.6,8680,8688.8,2108,0
20250129,220000,8688.9,8698.5,8667,8688.3,12521,0
20250129,230000,8693.6,8698.9,8686.3,8691,1964,0
20250130,090000,8695,8719.2,8691.4,8719.1,4501,0
20250130,100000,8719.1,8739.8,8704.2,8737.8,18622,0
20250130,110000,8736.5,8772.9,8735.8,8753.4,34362,0
20250130,120000,8754.9,8765.9,8731.1,8740.5,11982,0
20250130,130000,8737.2,8749.7,8733.5,8746.2,8127,0
20250130,140000,8746.2,8760.9,8727.9,8729.3,32415,0
20250130,150000,8728.8,8746.7,8714.2,8740.3,23171,0
20250130,160000,8739.3,8760,8716,8746.2,29087,0
20250130,170000,8746.5,8772,8729.6,8765,28517,0
20250130,180000,8764.7,8780,8757.5,8768.1,25202,0
20250130,190000,8771.8,8787.5,8750.2,8750.2,16144,0
20250130,200000,8751.8,8764,8745.4,8764,4369,0
20250130,210000,8763.9,8773.6,8759.8,8772.7,4001,0
20250130,220000,8771.7,8772.7,8757.2,8764.5,4246,0
20250130,230000,8767.2,8774,8760.1,8772.2,2824,0
20250131,090000,8757.4,8800,8756.8,8794.1,19735,0
20250131,100000,8794,8848.4,8786,8823,36661,0
20250131,110000,8823.3,8825.9,8783.1,8785.2,23943,0
20250131,120000,8785.7,8800.3,8775.6,8798.6,12439,0
20250131,130000,8798.7,8819.3,8786.8,8801,13973,0
20250131,140000,8787.6,8807,8772.9,8791.5,10170,0
20250131,150000,8790.4,8802.6,8780,8802.6,16122,0
20250131,160000,8802.6,8823.9,8802.6,8810.2,11424,0
20250131,170000,8811.2,8848.4,8806.5,8844.2,18885,0
20250131,180000,8844.2,8888.9,8844,8850.2,42324,0
20250131,190000,8850,8874,8841,8844.1,9910,0
20250131,200000,8847.5,8851.1,8812.3,8841.8,9055,0
20250131,210000,8837.9,8841.7,8820.5,8826.2,6229,0
20250131,220000,8826.5,8831.5,8811,8819.6,4660,0
20250131,230000,8819.5,8838.3,8813.6,8836.2,3915,0
20250203,090000,8809.4,8868,8809.4,8860,22409,0
20250203,100000,8860,8908.1,8860,8882.3,32021,0
20250203,110000,8882.6,8907.5,8870.4,8885.5,14748,0
20250203,120000,8885.5,8898.3,8852.7,8867.7,44118,0
20250203,130000,8868.3,8873.9,8842.9,8853.8,18625,0
20250203,140000,8854.2,8888,8854.2,8881.2,14626,0
20250203,150000,8881.2,8916.8,8878,8909,18211,0
20250203,160000,8909,8922.6,8885,8899.1,19395,0
20250203,170000,8899,8932.2,8885,8929.2,19767,0
20250203,180000,8929.1,8935.8,8868,8881.2,40068,0
20250203,190000,8885,8922,8870.7,8879.7,9722,0
20250203,200000,8881.8,8892,8881.8,8886.4,2994,0
20250203,210000,8887.1,8892,8885.6,8892,5719,0
20250203,220000,8892,8892,8890,8890.6,6196,0
20250203,230000,8891.3,8892,8883.1,8891.8,3995,0
20250204,090000,8889,8889,8840.4,8865.5,35403,0
20250204,100000,8865.6,8881.4,8846.4,8848.5,36679,0
20250204,110000,8847.1,8876.9,8846.4,8858.2,16797,0
20250204,120000,8859.4,8888,8855.7,8880,14146,0
20250204,130000,8881.7,8884.4,8850.1,8855,15150,0
20250204,140000,8855,8858,8846.4,8849.5,6238,0
20250204,150000,8849,8873,8848,8869,6725,0
20250204,160000,8869.1,8896.5,8866.7,8883.9,24701,0
20250204,170000,8884,8907,8884,8897.8,16673,0
20250204,180000,8899.1,8905,8871.2,8879.8,13549,0
20250204,190000,8876,8904.5,8876,8900.7,9140,0
20250204,200000,8900.8,8910.7,8899.3,8910.6,14164,0
20250204,210000,8910.5,8928.8,8907.9,8918.3,16021,0
20250204,220000,8918.1,8938.3,8916.5,8926.5,7174,0
20250204,230000,8928,8933.3,8922.8,8924.2,3194,0
20250205,090000,8949.3,8990.2,8945.1,8990.2,23726,0
20250205,100000,8990,8990.2,8954.6,8972.2,38653,0
20250205,110000,8971.6,8972.7,8911.5,8924.4,50677,0
20250205,120000,8924.4,8940,8900,8908.6,37669,0
20250205,130000,8908.1,8918.9,8859.6,8871.1,44644,0
20250205,140000,8871.1,8910,8855,8905.2,26234,0
20250205,150000,8907.2,8912.5,8889.3,8905.6,20909,0
20250205,160000,8904.4,8910.6,8865.5,8883.2,16132,0
20250205,170000,8883.7,8899.4,8872,8889.2,14426,0
20250205,180000,8893.6,8897,8854.2,8866.1,20363,0
20250205,190000,8870,8892,8800,8851.9,39340,0
20250205,200000,8852,8860.1,8835.2,8850,9787,0
20250205,210000,8850,8853,8824.5,8827.9,8001,0
20250205,220000,8826.2,8838.6,8810,8814.5,11574,0
20250205,230000,8812.2,8831.2,8807.3,8822.2,4974,0
20250206,090000,8824.5,8848.2,8765,8770.2,23054,0
20250206,100000,8772.9,8828.1,8753.9,8826.1,71108,0
20250206,110000,8826.1,8860,8825,8858.9,37707,0
20250206,120000,8857.8,8872,8830.4,8841,21378,0
20250206,130000,8841,8872.5,8829.6,8860.6,13657,0
20250206,140000,8860.6,8878.3,8852,8869.4,15510,0
20250206,150000,8872.1,8896.8,8860,8893.6,20482,0
20250206,160000,8893.6,8933.8,8883,8918.4,31856,0
20250206,170000,8918.7,8956.1,8897.2,8899,42821,0
20250206,180000,8900,8935.8,8884,8929.2,27035,0
20250206,190000,8923,8941,8904.2,8910,10373,0
20250206,200000,8910,8919.9,8903.6,8917.5,2298,0
20250206,210000,8916.6,8924.4,8915,8923.2,3599,0
20250206,220000,8923.1,8925.1,8917.9,8923.1,1632,0
20250206,230000,8923.1,8928.7,8918.6,8923.6,2060,0
20250207,090000,8934.8,8966.5,8931.5,8941,10191,0
20250207,100000,8940.7,8975,8933.3,8966.5,23840,0
20250207,110000,8967,8973.6,8934.6,8946.2,18627,0
20250207,120000,8945.1,8960.1,8925,8933.9,20481,0
20250207,130000,8933.8,8933.8,8893,8903,20027,0
20250207,140000,8903.9,8940.8,8897.4,8933,9854,0
20250207,150000,8930.1,8932.9,8907.5,8907.5,14847,0
20250207,160000,8907.1,8952,8900,8941.3,21474,0
20250207,170000,8942,9000,8933.3,8989.4,74353,0
20250207,180000,8989.4,9023,8987.7,9012,37389,0
20250207,190000,9009.6,9017,8923.6,8963.1,41649,0
20250207,200000,8963.1,8973.7,8950,8968.5,11992,0
20250207,210000,8968.6,8975.2,8962.1,8967.1,4278,0
20250207,220000,8965.7,8968.8,8961.8,8963.5,2061,0
20250207,230000,8963.6,8965.6,8962,8965,4654,0
20250210,090000,8980,9032.8,8976,9017,28319,0
20250210,100000,9011.3,9040.3,8997.2,9031.3,35291,0
20250210,110000,9030.2,9031.7,9000.4,9015.7,19379,0
20250210,120000,9014.3,9023.5,9000,9007.6,16311,0
20250210,130000,9006.8,9029.9,9004.3,9023.9,13896,0
20250210,140000,9024,9026.9,9004.7,9017,8873,0
20250210,150000,9017,9025,9012.3,9013.4,7648,0
20250210,160000,9012.2,9024.4,8990.6,9006.3,19396,0
20250210,170000,9006.2,9012,8980.8,8996.8,18909,0
20250210,180000,8995.7,9009.8,8984.2,8985,8773,0
20250210,190000,8989.1,9000.6,8977.7,8982.9,10258,0
20250210,200000,8982.8,8996.4,8976.9,8991.2,4664,0
20250210,210000,8994,9003.6,8985.3,9000,3425,0
20250210,220000,9001.4,9017.5,8986.1,9013.1,5581,0
20250210,230000,9013.3,9020.1,9005,9012.1,3608,0
20250211,090000,9028.5,9060,9016.4,9021.4,19199,0
20250211,100000,9021.6,9021.6,8971.2,8992.5,28385,0
20250211,110000,8992.6,9029.6,8951.5,8964,29855,0
20250211,120000,8964.6,8968.8,8918.6,8934.3,38110,0
20250211,130000,8934.4,8950.2,8911.4,8936.1,19930,0
20250211,140000,8937.5,8955.6,8922,8930,14993,0
20250211,150000,8930.4,8953.7,8913,8916.3,22522,0
20250211,160000,8916.8,8916.8,8870,8902.9,47183,0
20250211,170000,8905,8925.5,8889.3,8893.8,12522,0
20250211,180000,8894,8912.8,8877.8,8901,17093,0
20250211,190000,8901,8920,8884.8,8896.1,11105,0
20250211,200000,8896.3,8919.8,8892.7,8917.6,4490,0
20250211,210000,8917.6,8919.9,8910,8917.5,2096,0
20250211,220000,8919.8,8925.8,8902.8,8905.2,2708,0
20250211,230000,8906.9,8909.5,8885,8895.3,2962,0
20250212,090000,8877.8,8896,8853,8865.5,12214,0
20250212,100000,8865.2,8881.2,8788,8792.7,53030,0
20250212,110000,8791.1,8791.8,8739.8,8755.3,55681,0
20250212,120000,8755.3,8785.3,8750,8762.3,22553,0
20250212,130000,8764,8765.6,8697.7,8706.2,55700,0
20250212,140000,8706.5,8742,8703,8739.2,19521,0
20250212,150000,8739.2,8776,8738,8769.2,35141,0
20250212,160000,8769.7,8783.1,8725,8776.6,46122,0
20250212,170000,8775.9,8790,8756.2,8765.8,25411,0
20250212,180000,8766.9,8768.4,8735.8,8740,21487,0
20250212,190000,8740,8768.3,8731.3,8752.1,9508,0
20250212,200000,8751.2,8751.4,8611.4,8656.6,82363,0
20250212,210000,8658.9,8658.9,8421.4,8525,107153,0
20250212,220000,8525,8568.3,8430,8448.4,100503,0
20250212,230000,8450.1,8511.8,8435.1,8498.8,33228,0
20250213,090000,8550,8588.6,8497.5,8506.3,28248,0
20250213,100000,8510.3,8700,8509.6,8693.2,129021,0
20250213,110000,8695.7,8702.4,8599.6,8608.3,84737,0
20250213,120000,8608.3,8613.8,8570,8600.8,27790,0
20250213,130000,8600.4,8642.9,8593.9,8635,18804,0
20250213,140000,8635.2,8636,8609.5,8612.7,14749,0
20250213,150000,8613.1,8687.1,8595,8660.6,27880,0
20250213,160000,8660.5,8669.2,8607,8608.6,25391,0
20250213,170000,8607.1,8660,8605.3,8637.6,17487,0
20250213,180000,8637.7,8645.7,8617,8630,9330,0
20250213,190000,8627.8,8632,8575.7,8579.1,14363,0
20250213,200000,8578.8,8627.4,8577.7,8627.4,5647,0
20250213,210000,8627.2,8638.1,8603.7,8635.9,7112,0
20250213,220000,8636.2,8645.7,8631.1,8636.7,4895,0
20250213,230000,8636.8,8636.9,8600,8600,4841,0
20250214,090000,8597,8630.2,8550,8569,34999,0
20250214,100000,8569.1,8685.3,8569,8645,48730,0
20250214,110000,8645,8654.8,8592.6,8606.8,34171,0
20250214,120000,8605.7,8636.7,8597.2,8626.7,19899,0
20250214,130000,8629.2,8672.1,8626.7,8666.6,30098,0
20250214,140000,8662.8,8678,8630,8662.8,51733,0
20250214,150000,8663,8742,8656.4,8734.9,69865,0
20250214,160000,8734.9,8772.5,8703.7,8717.2,74606,0
20250214,170000,8717.2,8745,8699.9,8699.9,51146,0
20250214,180000,8699.9,8702.7,8632.6,8657.1,50547,0
20250214,190000,8664,8750,8625,8655.8,20230,0
20250214,200000,8660.4,8675.1,8638.7,8647,8733,0
20250214,210000,8644.5,8646.5,8629,8631.8,13643,0
20250214,220000,8631.8,8637.1,8630.3,8630.3,16713,0
20250214,230000,8630.3,8646.2,8628.2,8638,12030,0
20250217,090000,8653.4,8679.1,8625.5,8644.8,59164,0
20250217,100000,8647.9,8693.6,8582.6,8637.7,87526,0
20250217,110000,8639.2,8651.8,8615.1,8635.3,33034,0
20250217,120000,8635.3,8639.3,8618.9,8627.7,24099,0
20250217,130000,8626.8,8629,8600.4,8619.4,20912,0
20250217,140000,8618.6,8629.3,8608.4,8619.1,9721,0
20250217,150000,8620.9,8626.9,8600.5,8605.9,14602,0
20250217,160000,8606,8613.7,8576,8583.3,34178,0
20250217,170000,8581,8581,8505.8,8559.9,62862,0
20250217,180000,8559.8,8561.4,8516.4,8516.5,24121,0
20250217,190000,8518.1,8538,8484.9,8523.4,17400,0
20250217,200000,8524.4,8541.6,8505.8,8513.6,6574,0
20250217,210000,8512.2,8534.1,8507.8,8512,4719,0
20250217,220000,8512.9,8530.1,8510.5,8515.7,4922,0
20250217,230000,8518,8543.6,8516.2,8525,4466,0
20250218,090000,8545.4,8608.4,8545.4,8583.7,15774,0
20250218,100000,8585.5,8626.9,8583.6,8602.5,35186,0
20250218,110000,8602.5,8605.7,8571.4,8577.9,26924,0
20250218,120000,8577.7,8583.4,8567.9,8581.5,23169,0
20250218,130000,8581.5,8581.6,8563,8576,7979,0
20250218,140000,8573.8,8608.1,8550,8567.6,37341,0
20250218,150000,8568,8622.1,8565,8585.6,24402,0
20250218,160000,8584.8,8603.2,8573,8588,22396,0
20250218,170000,8587.6,8620,8584.4,8616.8,28307,0
20250218,180000,8618.9,8629.5,8606.4,8612.6,20913,0
20250218,190000,8620.4,8637.9,8600,8637.8,9620,0
20250218,200000,8637.9,8667.3,8637.8,8656,16747,0
20250218,210000,8656,8660.6,8623.2,8654.9,14704,0
20250218,220000,8657,8659.3,8643.3,8656.5,5135,0
20250218,230000,8656.7,8658.5,8638,8640,2080,0
20250219,090000,8626,8665,8602.6,8604.3,10261,0
20250219,100000,8604.3,8636.1,8600,8609.8,19374,0
20250219,110000,8608.8,8638.7,8600,8622.5,22549,0
20250219,120000,8623.2,8630.4,8601.6,8612,12881,0
20250219,130000,8609.6,8620.6,8581.4,8593,21402,0
20250219,140000,8593.4,8620,8576.1,8581.5,20818,0
20250219,150000,8581.5,8608.5,8575,8590.7,17574,0
20250219,160000,8590.6,8607.6,8578,8593.1,10373,0
20250219,170000,8592.4,8642.9,8590.5,8623.7,25170,0
20250219,180000,8623.1,8626.5,8601.6,8601.6,10217,0
20250219,190000,8601.7,8602.2,8560.3,8570.9,21564,0
20250219,200000,8573.1,8573.3,8545,8547.7,13952,0
20250219,210000,8545.1,8545.1,8496.4,8530.1,12778,0
20250219,220000,8530.1,8548,8471,8542.6,25373,0
20250219,230000,8542.9,8549.3,8535,8535,7164,0
20250220,090000,8557.8,8599.4,8552.8,8596.6,9367,0
20250220,100000,8596.5,8614.9,8537.3,8539.6,35311,0
20250220,110000,8539.7,8571.8,8511,8521.3,28807,0
20250220,120000,8521.6,8546.6,8500,8501.9,24154,0
20250220,130000,8501.9,8510.4,8453.1,8486.8,38698,0
20250220,140000,8492.2,8492.6,8453,8454.4,25277,0
20250220,150000,8454.3,8490.1,8430.3,8470.3,33991,0
20250220,160000,8470.6,8474.1,8407,8432.6,33078,0
20250220,170000,8430.4,8438.2,8382.5,8410.7,43448,0
20250220,180000,8410.7,8426.9,8383,8383,27657,0
20250220,190000,8390,8415.6,8372,8372.1,19364,0
20250220,200000,8372.2,8375,8330.2,8357.5,31875,0
20250220,210000,8355.3,8371.8,8340.5,8362.8,8357,0
20250220,220000,8362.6,8365,8338.2,8357.8,6275,0
20250220,230000,8357.1,8367,8354.4,8367,2225,0
20250221,090000,8351.9,8352,8254.4,8316.8,50011,0
20250221,100000,8316.8,8376.5,8286.9,8354.2,69681,0
20250221,110000,8354.3,8357.2,8291,8320.6,69559,0
20250221,120000,8322,8354,8297,8349.8,28614,0
20250221,130000,8349.8,8446.9,8345.1,8421,90538,0
20250221,140000,8420.8,8462.4,8374.4,8384.7,52185,0
20250221,150000,8384.7,8440,8384.7,8437.6,22912,0
20250221,160000,8437.1,8450.1,8416,8416.1,33622,0
20250221,170000,8416.1,8437.1,8379.9,8380.6,25305,0
20250221,180000,8379.9,8386.6,8320.5,8335,46768,0
20250221,190000,8341.4,8372.8,8334.4,8350.6,13896,0
20250221,200000,8352.2,8379.2,8349.2,8372.2,6165,0
20250221,210000,8372.2,8394.4,8347.2,8392,6438,0
20250221,220000,8392,8394.6,8373,8377.6,3558,0
20250221,230000,8379.1,8389.5,8346.4,8378.7,4023,0
20250224,090000,8394.7,8394.7,8330,8343.5,14421,0
20250224,100000,8344.4,8428.4,8336.6,8417.3,69458,0
20250224,110000,8418,8440,8350,8375.5,55003,0
20250224,120000,8372.5,8372.5,8336,8351.8,30873,0
20250224,130000,8351.8,8366,8340,8354.9,27723,0
20250224,140000,8354.9,8381.6,8353.1,8374.1,24589,0
20250224,150000,8375,8384.6,8340,8363,15741,0
20250224,160000,8359.6,8392.4,8357.7,8387.3,21106,0
20250224,170000,8390.1,8390.2,8340.7,8350.5,30237,0
20250224,180000,8349.7,8353.1,8296.7,8305.6,37423,0
20250224,190000,8307.1,8337,8297.7,8328,10055,0
20250224,200000,8327.9,8335.1,8304.2,8307.2,6742,0
20250224,210000,8306.3,8312.1,8290.2,8302.6,15792,0
20250224,220000,8302.6,8309.9,8295,8300.4,4475,0
20250224,230000,8301,8302.7,8255,8283.2,7664,0
20250225,090000,8278.2,8288.3,8265,8274.2,16957,0
20250225,100000,8271.5,8291.6,8225.2,8232.9,73697,0
20250225,110000,8225.9,8246.8,8219.4,8219.4,25854,0
20250225,120000,8219.4,8243.5,8214.2,8243,24398,0
20250225,130000,8241,8243.5,8219.3,8219.3,20636,0
20250225,140000,8220.4,8243.4,8219.3,8235.9,12853,0
20250225,150000,8235.3,8239.6,8185.3,8198.9,42514,0
20250225,160000,8198.9,8209.8,8195.2,8204.6,12372,0
20250225,170000,8203.9,8237.9,8195.8,8196,23537,0
20250225,180000,8196,8200.4,8074.1,8110.7,77646,0
20250225,190000,8105.1,8113.9,8034.4,8057.8,76451,0
20250225,200000,8058.4,8119,8053.3,8117.4,20438,0
20250225,210000,8116.4,8118.1,8079.8,8096.2,11710,0
20250225,220000,8098.4,8103.9,8085.2,8090.7,8508,0
20250225,230000,8090.7,8103.2,8085.1,8100.5,3119,0
20250226,090000,8110,8156.2,8100.5,8124.8,25340,0
20250226,100000,8123,8150,8113.6,8143.9,40909,0
20250226,110000,8143.9,8145.9,8088.7,8092.9,43441,0
20250226,120000,8094.5,8095.6,8024,8039.4,49531,0
20250226,130000,8039.4,8152.9,8025.5,8131.1,70952,0
20250226,140000,8128.2,8205.8,8122.1,8128.8,76813,0
20250226,150000,8133.1,8166.8,8129.3,8164.8,17023,0
20250226,160000,8165.2,8189.4,8146.9,8161.8,20091,0
20250226,170000,8163.3,8275,8131.4,8236.6,76631,0
20250226,180000,8239.2,8252.9,8185.8,8221.3,36349,0
20250226,190000,8233.5,8300.1,8233.5,8270.2,31374,0
20250226,200000,8270.3,8290.3,8250.6,8288.6,8178,0
20250226,210000,8288.2,8312.8,8279.3,8310,17466,0
20250226,220000,8310,8311.1,8291.5,8297.1,10634,0
20250226,230000,8299.7,8311.1,8286.5,8304.4,3598,0
20250227,090000,8258.9,8270.9,8231.4,8250.6,28056,0
20250227,100000,8253,8314.8,8161.1,8170.8,80991,0
20250227,110000,8169.3,8195.7,8123.5,8184.1,66085,0
20250227,120000,8184.5,8224.8,8137.8,8201.2,46126,0
20250227,130000,8201.3,8206,8178.1,8195.9,24056,0
20250227,140000,8195.9,8209.5,8176.9,8178.3,14292,0
20250227,150000,8178.3,8187,8161,8163,19755,0
20250227,160000,8162.3,8232.4,8153,8207.1,49155,0
20250227,170000,8208.2,8242.7,8180.2,8228.9,60598,0
20250227,180000,8231,8255.5,8211.1,8231.3,51146,0
20250227,190000,8242.7,8290,8230,8282,11843,0
20250227,200000,8285,8317.2,8265.7,8316.3,12916,0
20250227,210000,8315.6,8324.2,8293.4,8315.3,13722,0
20250227,220000,8313.6,8316.3,8272.5,8287.7,8221,0
20250227,230000,8284.9,8305,8275,8294.8,11323,0
20250228,090000,8273.6,8274,8234.9,8255.7,18237,0
20250228,100000,8255.9,8267.4,8191.1,8196.8,58591,0
20250228,110000,8197.3,8202.6,8175,8196.9,27147,0
20250228,120000,8196.1,8215.8,8190.8,8202.4,13653,0
20250228,130000,8204.3,8208.4,8190.2,8196.5,10380,0
20250228,140000,8199.9,8215.3,8180,8214.2,17337,0
20250228,150000,8214.1,8225,8184.3,8206.2,34918,0
20250228,160000,8210,8250.6,8205.7,8214.4,41434,0
20250228,170000,8214.8,8220.2,8180,8191.3,44774,0
20250228,180000,8189.3,8199,8164.6,8168.5,34139,0
20250228,190000,8182.4,8218.4,8126.2,8130.3,22928,0
20250228,200000,8130.8,8164.5,8112.9,8147.8,25527,0
20250228,210000,8148,8189.9,8130.5,8174,17262,0
20250228,220000,8172,8199.4,8158,8158,9420,0
20250228,230000,8159,8159,8115.9,8136,9273,0
20250303,090000,8156.8,8259.4,8150.2,8239.7,24987,0
20250303,100000,8243,8275,8221.7,8228.7,26764,0
20250303,110000,8230,8238,8196,8219,19038,0
20250303,120000,8217.2,8256.4,8216.2,8243.7,20086,0
20250303,130000,8243.8,8269.2,8237,8262.2,17489,0
20250303,140000,8263.3,8318.6,8263.3,8314.5,38265,0
20250303,150000,8314.5,8320,8291.4,8309.4,25161,0
20250303,160000,8311.2,8329,8305,8315.8,28720,0
20250303,170000,8317.6,8353.8,8297.8,8301.4,50739,0
20250303,180000,8302.9,8327.6,8293.7,8307,53407,0
20250303,190000,8307.1,8356.5,8306.2,8327.8,18419,0
20250303,200000,8327.9,8348,8311.9,8322.6,9293,0
20250303,210000,8324.1,8352.6,8296,8345.6,18349,0
20250303,220000,8345.7,8349.2,8247.7,8269.2,29357,0
20250303,230000,8266.9,8307.5,8261.8,8305,7093,0
20250304,090000,8305,8328,8261.4,8286.1,22048,0
20250304,100000,8288.6,8358.8,8275.4,8348.6,42691,0
20250304,110000,8349.8,8403,8332.5,8403,60325,0
20250304,120000,8403,8432.6,8396,8415.4,36081,0
20250304,130000,8415.7,8415.7,8395.3,8405.1,20167,0
20250304,140000,8405.1,8422.1,8399.2,8405,21183,0
20250304,150000,8404,8436,8401.5,8417.2,37808,0
20250304,160000,8418.1,8436.8,8415,8432.3,18457,0
20250304,170000,8435,8435,8367.8,8369,60185,0
20250304,180000,8369,8400.9,8362.4,8365.4,22727,0
20250304,190000,8367,8385.2,8327,8373,22652,0
20250304,200000,8373,8373,8346,8346.3,7924,0
20250304,210000,8346.1,8351.5,8336,8348,5173,0
20250304,220000,8350.1,8369,8349,8368.4,4071,0
20250304,230000,8368.6,8394.3,8366.2,8379.9,7614,0
20250305,090000,8380,8409.9,8380,8409.9,16549,0
20250305,100000,8408.9,8463.4,8408.8,8452.5,43272,0
20250305,110000,8452.5,8465.9,8448.8,8459.5,24015,0
20250305,120000,8459.9,8463,8437.1,8442.2,31545,0
20250305,130000,8442.5,8443.1,8415,8439,28363,0
20250305,140000,8431.6,8465,8431.6,8455,18518,0
20250305,150000,8455,8461.7,8434.7,8452.5,16336,0
20250305,160000,8453.8,8456,8369.1,8398.3,55908,0
20250305,170000,8396.7,8432.8,8380,8410.6,37850,0
20250305,180000,8409.9,8439.5,8400,8430,15045,0
20250305,190000,8430,8483.8,8413.1,8461.3,19077,0
20250305,200000,8460.1,8464.3,8430.2,8443,8416,0
20250305,210000,8443.6,8469,8436.8,8456.7,10891,0
20250305,220000,8456.6,8489.8,8446,8476.4,13209,0
20250305,230000,8479.9,8500,8475.6,8489,6153,0
20250306,090000,8490,8512.8,8471,8498.1,20239,0
20250306,100000,8496.7,8505.7,8440.1,8441,32502,0
20250306,110000,8441,8460.1,8405.2,8421.5,42373,0
20250306,120000,8420.1,8426.2,8371,8371.6,40815,0
20250306,130000,8372,8413,8370.6,8391.1,22766,0
20250306,140000,8396,8414.9,8390.2,8404.8,5903,0
20250306,150000,8406.3,8423.1,8388.9,8398.2,9518,0
20250306,160000,8399.1,8412.5,8381,8391.7,12643,0
20250306,170000,8386.7,8430.6,8384.2,8420,14389,0
20250306,180000,8420,8438.7,8408.2,8425.2,13557,0
20250306,190000,8426.8,8456.4,8425,8450.5,10458,0
20250306,200000,8450.7,8479,8430.9,8435.9,11383,0
20250306,210000,8435.5,8459.9,8434.7,8449.6,4217,0
20250306,220000,8450.6,8450.7,8420.3,8423.7,7534,0
20250306,230000,8423.3,8430.8,8409.6,8420,3546,0
20250307,090000,8415.3,8436.2,8390.1,8435.9,8709,0
20250307,100000,8436.7,8437.5,8412.4,8426.6,10951,0
20250307,110000,8427.4,8430.5,8411,8423.1,13562,0
20250307,120000,8423.2,8434.5,8401.8,8409.1,52918,0
20250307,130000,8408,8408,8382,8398.3,29868,0
20250307,140000,8399.4,8409.4,8375.5,8381.3,15281,0
20250307,150000,8381.9,8392.7,8333.8,8335,31533,0
20250307,160000,8335,8364,8320,8349,50158,0
20250307,170000,8348.4,8416.4,8323.8,8394.7,45705,0
20250307,180000,8397.7,8419.4,8358.8,8360.7,20662,0
20250307,190000,8390,8409,8348,8348,8702,0
20250307,200000,8350.2,8360,8260,8288.7,41583,0
20250307,210000,8285.5,8317,8275.3,8308,12207,0
20250307,220000,8305.4,8306.7,8271.5,8284,8956,0
20250307,230000,8285.1,8293.1,8275.2,8280.6,5319,0
20250310,090000,8290,8340,8290,8325.4,19576,0
20250310,100000,8325.4,8360,8313.1,8324.5,35688,0
20250310,110000,8323.6,8325.9,8283.1,8297.6,30419,0
20250310,120000,8297.3,8340.5,8294.4,8326.6,29841,0
20250310,130000,8325,8326.4,8271.3,8288.4,43201,0
20250310,140000,8285.2,8294.3,8256.1,8280.7,19836,0
20250310,150000,8283,8289.3,8260.1,8279.2,14670,0
20250310,160000,8280.5,8280.5,8254,8271.6,15895,0
20250310,170000,8272.2,8282.6,8215,8223.1,27779,0
20250310,180000,8223,8236.1,8193.1,8199.9,27389,0
20250310,190000,8203.5,8215,8150,8158.8,20589,0
20250310,200000,8158.9,8158.9,8131,8138.9,15297,0
20250310,210000,8139.2,8153.6,8132.9,8144.4,7934,0
20250310,220000,8142.9,8159.9,8134,8150.8,6871,0
20250310,230000,8150.8,8174.2,8150.8,8165.3,2839,0
20250311,090000,8185.4,8207.9,8147,8180.5,21260,0
20250311,100000,8180.2,8197.7,8140.9,8180,25556,0
20250311,110000,8180,8200,8173,8193.2,14669,0
20250311,120000,8191.6,8195.4,8141.9,8148.5,17991,0
20250311,130000,8148.5,8156,8121,8137.2,21357,0
20250311,140000,8134.7,8139.7,8115.6,8131.4,9733,0
20250311,150000,8130.5,8135.1,8092.3,8127.9,21259,0
20250311,160000,8127.5,8135.4,8100.1,8117.5,20788,0
20250311,170000,8120.2,8127.4,8108.5,8113.7,8853,0
20250311,180000,8111.7,8169,8090.8,8165,42581,0
20250311,190000,8165,8176.5,8140,8156.3,12018,0
20250311,200000,8155.4,8170.7,8145.5,8156.1,5951,0
20250311,210000,8158.5,8255,8156.4,8248,31020,0
20250311,220000,8246.8,8277.4,8223.3,8237,30757,0
20250311,230000,8235.9,8236.1,8200,8211.7,19085,0
20250312,090000,8209.6,8220,8165,8174,13746,0
20250312,100000,8176,8234.2,8173,8214.9,48409,0
20250312,110000,8212.6,8217.6,8181,8197.1,15991,0
20250312,120000,8198.5,8218.9,8193,8210.5,12028,0
20250312,130000,8208.5,8213.1,8200.5,8204.4,17321,0
20250312,140000,8204.4,8239.7,8200,8221.4,36591,0
20250312,150000,8224.6,8236.5,8205.5,8216.8,19493,0
20250312,160000,8216.7,8229.3,8175,8216,21743,0
20250312,170000,8216.9,8231.5,8200.4,8225.2,18687,0
20250312,180000,8228.6,8266,8216,8222.8,22553,0
20250312,190000,8223.4,8258.8,8216.8,8251.5,12174,0
20250312,200000,8251.7,8269.5,8244.5,8253.2,9312,0
20250312,210000,8251.9,8280,8245,8272.2,4795,0
20250312,220000,8269.8,8288.7,8255.2,8259.5,12286,0
20250312,230000,8259.2,8279.5,8255.3,8264.7,3551,0
20250313,090000,8275,8308.1,8268.5,8301.3,17906,0
20250313,100000,8300.9,8308.1,8270.6,8279.7,37622,0
20250313,110000,8278.6,8279.9,8229.1,8240.8,42479,0
20250313,120000,8240,8245,8224.3,8236.4,29338,0
20250313,130000,8233.8,8233.8,8205.3,8217.9,36402,0
20250313,140000,8217.2,8255.6,8210,8246,28454,0
20250313,150000,8246.9,8261,8220,8237,15647,0
20250313,160000,8235,8277.8,8227.1,8268.2,20628,0
20250313,170000,8268.2,8308.2,8268.2,8284.2,59630,0
20250313,180000,8283.5,8308,8268.3,8270,33330,0
20250313,190000,8289.7,8289.7,8200,8259.8,52342,0
20250313,200000,8257,8262,8230,8259.5,10819,0
20250313,210000,8259.8,8265,8247.7,8261.3,5084,0
20250313,220000,8259.8,8275.3,8251.4,8268.5,5186,0
20250313,230000,8269.3,8276.9,8256.6,8276.9,4650,0
20250314,090000,8279,8300,8252.6,8300,18035,0
20250314,100000,8300,8329,8296.1,8324.2,35483,0
20250314,110000,8324.9,8343.2,8317,8340.1,14996,0
20250314,120000,8342,8346,8318.3,8323,16669,0
20250314,130000,8322.8,8332.9,8293.6,8303.9,35775,0
20250314,140000,8302.4,8325.5,8296.5,8302.7,14208,0
20250314,150000,8302.7,8322,8296,8296,15248,0
20250314,160000,8296,8298.8,8260.9,8286.1,35250,0
20250314,170000,8285.1,8301.2,8268.3,8278.2,17544,0
20250314,180000,8277.8,8293.7,8263.3,8275.9,10588,0
20250314,190000,8284,8298.6,8277.7,8289.2,6092,0
20250314,200000,8289.2,8289.8,8275,8278.7,6189,0
20250314,210000,8278.6,8284,8267.1,8271.2,3450,0
20250314,220000,8271,8281.5,8270,8281.5,4102,0
20250314,230000,8280.3,8293.8,8270,8293.8,2483,0
20250317,090000,8285,8289.9,8268.1,8272,7470,0
20250317,100000,8271.8,8274.8,8224,8224.1,34726,0
20250317,110000,8224.1,8227.1,8153.6,8172.4,56926,0
20250317,120000,8172.4,8196.4,8160.7,8192.7,26729,0
20250317,130000,8193.3,8198.8,8163.3,8170.8,18527,0
20250317,140000,8171,8197.5,8170.7,8187,13200,0
20250317,150000,8184.3,8184.3,8154,8164.4,17739,0
20250317,160000,8164.6,8177.5,8128,8140.1,22831,0
20250317,170000,8140,8160.5,8123.4,8151.3,24524,0
20250317,180000,8149.2,8152.7,8100,8100.1,32824,0
20250317,190000,8100.1,8123.5,8080,8085,20603,0
20250317,200000,8088.1,8109.6,8053.3,8064.6,20905,0
20250317,210000,8063.5,8066.9,8053.3,8060.7,10360,0
20250317,220000,8061,8078.1,8059,8076.5,6162,0
20250317,230000,8076.5,8094,8069.3,8083.3,4715,0
20250318,090000,8095,8143.8,8091.3,8140,19994,0
20250318,100000,8137,8150,8031.9,8057.2,57548,0
20250318,110000,8053.4,8079.2,8000,8003.6,66598,0
20250318,120000,8004,8073.5,7990.7,8066.8,64370,0
20250318,130000,8067,8113.2,8063,8084.6,43952,0
20250318,140000,8082,8118.5,8080.6,8108.9,20310,0
20250318,150000,8109.2,8177.6,8107.1,8154,36109,0
20250318,160000,8154,8223.4,8153,8205.6,67422,0
20250318,170000,8203.7,8215.8,8142,8184.7,44186,0
20250318,180000,8184.3,8210,8149.7,8153.6,40269,0
20250318,190000,8159,8170,8133,8153.4,29309,0
20250318,200000,8153.9,8207,8114.2,8168.6,56472,0
20250318,210000,8170.5,8210,8170.5,8207,27065,0
20250318,220000,8207,8209.7,8193.4,8201.2,13071,0
20250318,230000,8201,8209.9,8182,8208.8,10892,0
20250319,090000,8220,8233.3,8184,8212.4,13081,0
20250319,100000,8212,8259,8200.4,8208.6,63348,0
20250319,110000,8210.1,8212.3,8165,8165,34169,0
20250319,120000,8165,8201.3,8154,8199.1,20044,0
20250319,130000,8200,8238.1,8196.5,8235.4,23750,0
20250319,140000,8235.2,8292.6,8235.2,8285,51329,0
20250319,150000,8285.1,8331.2,8273,8293.1,57373,0
20250319,160000,8291.5,8310,8263.7,8305,38483,0
20250319,170000,8304.1,8313.3,8274,8288.8,28192,0
20250319,180000,8288.6,8310,8259.1,8266.5,16997,0
20250319,190000,8272.6,8329.3,8258.8,8325.7,26424,0
20250319,200000,8322.8,8339,8321,8323.5,20892,0
20250319,210000,8323.8,8388,8321,8358.2,28124,0
20250319,220000,8357.9,8427,8353.4,8361,18866,0
20250319,230000,8361,8393.6,8357.6,8388,6455,0
20250320,090000,8379.9,8416.5,8370,8404.1,21278,0
20250320,100000,8404,8404.1,8321.4,8337,59113,0
20250320,110000,8339,8373,8335,8370,36663,0
20250320,120000,8370,8385,8362.3,8365.3,40955,0
20250320,130000,8365.3,8378.1,8320.7,8354.9,41537,0
20250320,140000,8351.6,8410,8344,8377,33434,0
20250320,150000,8375.4,8383.8,8360.3,8376,13008,0
20250320,160000,8375.9,8379.9,8358,8360.1,11815,0
20250320,170000,8360.1,8373.7,8345.7,8361.7,16807,0
20250320,180000,8360.6,8362.7,8308.3,8349.9,28999,0
20250320,190000,8353,8395.4,8348.1,8386.4,13268,0
20250320,200000,8384.2,8386.9,8372,8382,4184,0
20250320,210000,8383.5,8386.9,8375.9,8384.1,3773,0
20250320,220000,8384,8387,8379,8382.7,2106,0
20250320,230000,8382.8,8387.6,8380.5,8387.5,1743,0
20250321,090000,8363.8,8386,8347.1,8378.8,8225,0
20250321,100000,8378.8,8382.1,8349.5,8355,37057,0
20250321,110000,8353.9,8365.2,8319.7,8320.3,26288,0
20250321,120000,8320.5,8335.5,8296.7,8330.3,31928,0
20250321,130000,8330.1,8345.5,8321.3,8342,21175,0
20250321,140000,8342,8350.4,8325,8339.2,19541,0
20250321,150000,8337.1,8351.9,8321.3,8340.9,13775,0
20250321,160000,8342.3,8343.2,8272.7,8288.4,52882,0
20250321,170000,8289.6,8297.4,8269.7,8290.2,23738,0
20250321,180000,8289.5,8300.3,8280.1,8285.6,15692,0
20250321,190000,8288.9,8312.1,8280.3,8298.2,7426,0
20250321,200000,8298.1,8308.7,8294.9,8297.4,3142,0
20250321,210000,8297.1,8309.7,8297,8304,3039,0
20250321,220000,8304,8318.5,8294.9,8311.3,4214,0
20250321,230000,8311.3,8325,8309.7,8317.1,4372,0
20250324,090000,8317,8324.5,8276.6,8284,15126,0
20250324,100000,8283.9,8299.3,8241,8241,39111,0
20250324,110000,8241,8254,8215,8251.3,30727,0
20250324,120000,8251,8299.5,8236.4,8296.9,39658,0
20250324,130000,8295.3,8324.9,8288.9,8307.1,29335,0
20250324,140000,8311,8340,8290.8,8291.3,28756,0
20250324,150000,8293,8328.2,8290.4,8295.4,18030,0
20250324,160000,8297.7,8313.8,8277.8,8290.9,14205,0
20250324,170000,8289.8,8320,8276.2,8295.8,18630,0
20250324,180000,8297,8309.8,8277.5,8300,9449,0
20250324,190000,8293.7,8309.9,8288.1,8292.8,4575,0
20250324,200000,8293.6,8305.7,8283.6,8296.4,7946,0
20250324,210000,8296,8338.9,8285.2,8313.2,14018,0
20250324,220000,8310.2,8324.2,8308.4,8310,4999,0
20250324,230000,8310,8324.9,8303.2,8324.9,4571,0
20250325,090000,8325,8335,8284.9,8333.3,10405,0
20250325,100000,8330.9,8338,8258.3,8266,35230,0
20250325,110000,8266.1,8286.1,8256.7,8268,24591,0
20250325,120000,8266.8,8283.2,8257.5,8282.9,15190,0
20250325,130000,8282.9,8283.8,8265.6,8269.4,10950,0
20250325,140000,8273.2,8273.2,8242,8246.3,21922,0
20250325,150000,8246.3,8275,8230.2,8271.2,16961,0
20250325,160000,8274.3,8301,8268.9,8286.8,28533,0
20250325,170000,8288.6,8300,8218,8229.9,33430,0
20250325,180000,8228.1,8232.1,8200,8212,24960,0
20250325,190000,8215,8236.9,8200,8218.6,15093,0
20250325,200000,8218.8,8239.8,8213.2,8231.7,9115,0
20250325,210000,8233.3,8233.3,8200.3,8202,5608,0
20250325,220000,8202.7,8220.8,8191,8216.7,6804,0
20250325,230000,8215.2,8225,8200.6,8200.6,2415,0
20250326,090000,8218.8,8245.8,8214.1,8219.6,12050,0
20250326,100000,8224.6,8280,8211.5,8264.9,19429,0
20250326,110000,8264.9,8269.8,8226.6,8242.4,17857,0
20250326,120000,8242.4,8253.8,8229.4,8238.9,13727,0
20250326,130000,8242.3,8256.8,8233.9,8254,7323,0
20250326,140000,8255.6,8258.4,8216.7,8218.8,22775,0
20250326,150000,8218.4,8230,8200.5,8217.8,33566,0
20250326,160000,8211.7,8212.6,8181.4,8185.1,28771,0
20250326,170000,8185.1,8213.7,8182.5,8189.4,20703,0
20250326,180000,8188.9,8195,8171,8172.8,22718,0
20250326,190000,8174.6,8198.1,8160,8179.4,11804,0
20250326,200000,8177.4,8195.2,8176,8187.6,5235,0
20250326,210000,8187.1,8203.6,8186.8,8200,5127,0
20250326,220000,8198.1,8212,8196.9,8212,4401,0
20250326,230000,8211.4,8225.5,8205.7,8208.7,4021,0
20250327,090000,8227,8250,8225.1,8236.6,17094,0
20250327,100000,8235.2,8235.2,8195.6,8218.5,55953,0
20250327,110000,8219.9,8237,8205,8218.6,33475,0
20250327,120000,8218.5,8221.5,8192.4,8209.7,25315,0
20250327,130000,8209.2,8229.7,8194.5,8197,15127,0
20250327,140000,8198,8220,8177.1,8216.8,37575,0
20250327,150000,8218.6,8219.9,8206.2,8217.9,11753,0
20250327,160000,8218.8,8219.3,8178.2,8195,26106,0
20250327,170000,8193.4,8202,8169,8170,23290,0
20250327,180000,8170,8189.2,8168.8,8182.9,24007,0
20250327,190000,8180,8206,8178.4,8190.1,11580,0
20250327,200000,8189.7,8195.5,8175.1,8191.1,5661,0
20250327,210000,8191.1,8215,8190.1,8204,6032,0
20250327,220000,8204.2,8217.5,8204.2,8217.5,5784,0
20250327,230000,8217.4,8218.5,8195.6,8202.1,6379,0
20250328,090000,8237.2,8248.9,8230.3,8247.1,22315,0
20250328,100000,8246.9,8258.4,8236,8250.2,43246,0
20250328,110000,8250.2,8253,8215.1,8245.4,28198,0
20250328,120000,8247.9,8258.4,8228.2,8247.1,24604,0
20250328,130000,8246.8,8280,8242.4,8279,29276,0
20250328,140000,8268.7,8280,8255.1,8255.5,14703,0
20250328,150000,8255.8,8398.9,8253,8360.1,63668,0
20250328,160000,8362.5,8405,8350.2,8393.9,41733,0
20250328,170000,8396,8450,8381,8411.6,54485,0
20250328,180000,8410.8,8444.9,8404.8,8427,20912,0
20250328,190000,8429.9,8460.5,8429.9,8448.8,11184,0
20250328,200000,8451,8469.1,8435,8457.4,13481,0
20250328,210000,8458.2,8484,8451.1,8453,9650,0
20250328,220000,8453,8469.4,8452.1,8457.5,4032,0
20250328,230000,8457.5,8474.6,8452.4,8474.1,6984,0
20250331,090000,8510.6,8670,8507.4,8612,56375,0
20250331,100000,8614,8618.2,8514.2,8532.3,57076,0
20250331,110000,8530.4,8551.3,8517.1,8528.8,20616,0
20250331,120000,8530,8540,8501.9,8508.1,27696,0
20250331,130000,8507.2,8514.5,8486,8502.9,34013,0
20250331,140000,8507.1,8512,8481.8,8488,16971,0
20250331,150000,8487.3,8549.4,8480,8539,25314,0
20250331,160000,8538.9,8538.9,8475,8509,18484,0
20250331,170000,8509,8555,8499.8,8536,26704,0
20250331,180000,8536,8553.9,8510.6,8514,31592,0
20250331,190000,8515,8548,8512.9,8526.6,11771,0
20250331,200000,8526.5,8538.9,8505,8508.3,8925,0
20250331,210000,8507.9,8537,8505,8528.8,4015,0
20250331,220000,8531.4,8548,8527,8540,3200,0
20250331,230000,8542.4,8565,8542,8565,3472,0
20250401,090000,8570,8583.8,8558.4,8572.7,10762,0
20250401,100000,8572.7,8580,8490.3,8510,34007,0
20250401,110000,8505.7,8522.6,8491.1,8504.5,32369,0
20250401,120000,8505.5,8512.4,8494.8,8503.5,8935,0
20250401,130000,8503,8511.8,8495.3,8501.5,18594,0
20250401,140000,8504.4,8524.9,8500.2,8517.1,9352,0
20250401,150000,8517.9,8522.6,8502,8511.4,11490,0
20250401,160000,8509.8,8516.3,8466.2,8476.6,34581,0
20250401,170000,8476.7,8481,8452.4,8452.5,45819,0
20250401,180000,8453.9,8463.6,8409.9,8421.1,25851,0
20250401,190000,8413.8,8436.4,8368.3,8411.4,37174,0
20250401,200000,8410,8445.1,8405.1,8435.1,12664,0
20250401,210000,8437.1,8445.6,8413.3,8425.3,8485,0
20250401,220000,8425.5,8433.3,8412,8432.3,18850,0
20250401,230000,8432.3,8462.7,8432.1,8462.7,4273,0
20250402,090000,8462.7,8475.2,8421,8439.8,12690,0
20250402,100000,8439.8,8471.2,8435.8,8453.7,20899,0
20250402,110000,8455.4,8479.6,8442,8456.2,28589,0
20250402,120000,8459.3,8488.2,8443.1,8478.7,30659,0
20250402,130000,8480.8,8484.5,8463.8,8472,24208,0
20250402,140000,8466.7,8485.6,8458.7,8480.2,13699,0
20250402,150000,8481.2,8492.5,8447.6,8482.4,27113,0
20250402,160000,8481.7,8506.1,8468.9,8493.8,18533,0
20250402,170000,8496.3,8498.4,8471.7,8475.2,11598,0
20250402,180000,8474.4,8485.9,8457.1,8480.7,10350,0
20250402,190000,8477.2,8508.4,8468,8488.8,10231,0
20250402,200000,8487.3,8487.3,8444,8470,8074,0
20250402,210000,8467.3,8478.9,8462.2,8470.9,2646,0
20250402,220000,8470.9,8506.2,8462.1,8503.1,18267,0
20250402,230000,8503,8543.4,8444,8520,22826,0
20250403,090000,8497.8,8497.8,8466.5,8479.8,19570,0
20250403,100000,8479,8515.5,8468,8514.7,17944,0
20250403,110000,8515,8525.1,8494.3,8503,22212,0
20250403,120000,8502.7,8502.7,8388.8,8405.8,66746,0
20250403,130000,8405.1,8405.7,8355,8355,56357,0
20250403,140000,8357,8389.3,8306.2,8385.2,53560,0
20250403,150000,8386.1,8386.4,8321.4,8351.4,64130,0
20250403,160000,8349.2,8396,8301.2,8377.1,69993,0
20250403,170000,8379.8,8458.7,8379.8,8455.6,69889,0
20250403,180000,8455.5,8482.7,8418.2,8447.4,46786,0
20250403,190000,8449,8498,8446.9,8465.2,19376,0
20250403,200000,8465.1,8482.2,8447.7,8472.1,10551,0
20250403,210000,8474,8478.3,8446.1,8470.5,8924,0
20250403,220000,8470.4,8479.8,8463,8479.6,10620,0
20250403,230000,8479.6,8500,8471.1,8485.3,3285,0
20250404,090000,8474.5,8474.5,8402.5,8424.5,22921,0
20250404,100000,8424.1,8424.1,8355.5,8370.4,70049,0
20250404,110000,8370.4,8386,8355.5,8383,42132,0
20250404,120000,8385.6,8415,8370.7,8384,26590,0
20250404,130000,8383.2,8494.3,8375.2,8492.9,65924,0
20250404,140000,8486.5,8603.7,8463,8556.9,207112,0
20250404,150000,8556.9,8575.8,8476.7,8494.8,89448,0
20250404,160000,8494.7,8529.3,8467.9,8482.3,50136,0
20250404,170000,8476.6,8526,8438,8507.7,114509,0
20250404,180000,8507,8521,8435.9,8441.7,94982,0
20250404,190000,8440.5,8500,8437,8492.6,15465,0
20250404,200000,8493.5,8498.1,8438.5,8454.2,16085,0
20250404,210000,8456.8,8458.3,8413.3,8445.3,22920,0
20250404,220000,8446.7,8474.9,8439.8,8467,13567,0
20250404,230000,8467.7,8490,8448.5,8461,6172,0
20250407,090000,8481,8591.1,8481,8559,96490,0
20250407,100000,8558.8,8559.1,8451.8,8486.1,60701,0
20250407,110000,8486.1,8527.3,8484,8513.2,29370,0
20250407,120000,8514,8530,8475,8483,47985,0
20250407,130000,8481.6,8498.7,8456.4,8472.9,22381,0
20250407,140000,8471,8500.9,8461.2,8462.6,13727,0
20250407,150000,8462.3,8486.3,8451.2,8481.9,15518,0
20250407,160000,8483.3,8489.4,8386,8426.3,53988,0
20250407,170000,8425.8,8442.8,8362,8384.7,43590,0
20250407,180000,8387.2,8393.1,8322.9,8326.2,29614,0
20250407,190000,8329.7,8369.7,8308,8308.1,34906,0
20250407,200000,8308.3,8319.5,8265.9,8314.5,39916,0
20250407,210000,8316.3,8331.2,8300,8301.7,9313,0
20250407,220000,8301.7,8340.6,8300.2,8328.1,6118,0
20250407,230000,8328,8339.4,8307.9,8327.2,4757,0
20250408,090000,8351.2,8415,8351.2,8398.2,37733,0
20250408,100000,8394.4,8397.2,8328.4,8359.4,27412,0
20250408,110000,8357.8,8376.6,8335,8367.1,34179,0
20250408,120000,8365.2,8376.5,8346.2,8361.8,28557,0
20250408,130000,8363.9,8377.2,8352.6,8373,20204,0
20250408,140000,8374.3,8378.4,8346.5,8365,16055,0
20250408,150000,8365,8385,8350.8,8365.2,26867,0
20250408,160000,8365.4,8400,8357.2,8396.3,17228,0
20250408,170000,8398,8411.5,8379.6,8385.7,20571,0
20250408,180000,8385.7,8388.1,8359.3,8359.3,21814,0
20250408,190000,8360,8390,8341.7,8357.2,18753,0
20250408,200000,8358,8360.9,8315.6,8349.3,12756,0
20250408,210000,8350.3,8357.6,8326.7,8352.1,5026,0
20250408,220000,8354,8392,8330.5,8392,11880,0
20250408,230000,8390.1,8412.7,8373.8,8407,8653,0
20250409,090000,8473.1,8509.5,8466,8503,42200,0
20250409,100000,8503.1,8528.8,8477.2,8477.3,51192,0
20250409,110000,8477.3,8487.2,8448.2,8454.5,20236,0
20250409,120000,8454.3,8494.9,8447.2,8484.3,26227,0
20250409,130000,8484.3,8487.3,8454.5,8480,27001,0
20250409,140000,8476.2,8546.5,8473.6,8546.5,52569,0
20250409,150000,8546.6,8567.1,8448.4,8467.5,69113,0
20250409,160000,8467.7,8505.9,8463.3,8499.4,43995,0
20250409,170000,8497.7,8522.2,8485.3,8499,23363,0
20250409,180000,8500.6,8527.1,8468,8492,29271,0
20250409,190000,8500,8523.2,8494,8506.4,10514,0
20250409,200000,8507.4,8510.7,8380,8390.7,58964,0
20250409,210000,8388,8415.7,8330,8351.2,46368,0
20250409,220000,8351.7,8451.9,8347.1,8424.9,20980,0
20250409,230000,8429.7,8433.5,8407.7,8408,9333,0
20250410,090000,8487.8,8530,8487.8,8497,32828,0
20250410,100000,8497,8538,8494.2,8530.9,52645,0
20250410,110000,8530.2,8560,8505,8519.4,48925,0
20250410,120000,8520.2,8547.1,8516.1,8537,23647,0
20250410,130000,8536.8,8543.5,8511,8529.3,21638,0
20250410,140000,8530.2,8569.9,8520.4,8554,32591,0
20250410,150000,8553.8,8558.9,8516.2,8520.6,29162,0
20250410,160000,8521.8,8549.2,8512.4,8533.2,18120,0
20250410,170000,8533,8598.2,8533,8591.7,44877,0
20250410,180000,8591.2,8629.3,8585.6,8592.9,48412,0
20250410,190000,8595,8659,8580.4,8606.9,32867,0
20250410,200000,8606.3,8637,8596.5,8616.5,11876,0
20250410,210000,8616.6,8663,8612,8659.1,13547,0
20250410,220000,8661.1,8663,8642.1,8645.8,10388,0
20250410,230000,8649.2,8675,8646.8,8673.8,5487,0
20250411,090000,8691.5,8740,8646.8,8666.1,34504,0
20250411,100000,8666.1,8679.7,8616.2,8677.8,50512,0
20250411,110000,8678,8720,8662.4,8713.6,32866,0
20250411,120000,8715.2,8720,8685.2,8710.4,35961,0
20250411,130000,8710.8,8713.5,8641.9,8648.3,53541,0
20250411,140000,8651.9,8688,8639.3,8647.5,37955,0
20250411,150000,8647.5,8691.8,8640.5,8688.9,19821,0
20250411,160000,8689.5,8696.4,8653.1,8663.1,18402,0
20250411,170000,8661.7,8676,8634,8652.7,35999,0
20250411,180000,8651.8,8660.3,8568.3,8603.2,49114,0
20250411,190000,8598.6,8632.6,8586.6,8596.1,16342,0
20250411,200000,8596.3,8607.9,8579.4,8588.5,9408,0
20250411,210000,8589,8621,8584.6,8618.3,5958,0
20250411,220000,8618.3,8623.5,8586,8619.1,6751,0
20250411,230000,8619.9,8655.9,8619.9,8648,5969,0
20250414,090000,8645,8650,8575.8,8599,16811,0
20250414,100000,8598.9,8634.7,8585.1,8591.1,28712,0
20250414,110000,8590.5,8596.2,8560.5,8570.7,53874,0
20250414,120000,8571,8592.5,8568,8577.5,18921,0
20250414,130000,8580.2,8580.2,8554.9,8559.8,37182,0
20250414,140000,8560.3,8574.7,8555.3,8571.1,7490,0
20250414,150000,8571.1,8598.2,8558.1,8561,38971,0
20250414,160000,8561,8583.9,8556.9,8566.4,40727,0
20250414,170000,8564,8578.5,8537.8,8571.7,23869,0
20250414,180000,8571.7,8580,8550.1,8551.2,25014,0
20250414,190000,8555,8690.5,8554.5,8645.3,29685,0
20250414,200000,8644,8661.2,8617.4,8625.5,13938,0
20250414,210000,8625.7,8637.4,8590.1,8611.7,7722,0
20250414,220000,8610.5,8627.9,8602,8606.3,2942,0
20250414,230000,8605.1,8607.4,8591,8595.6,1829,0
20250415,090000,8616.6,8661,8602.9,8610.5,19696,0
20250415,100000,8612.6,8636.8,8590.2,8602.3,38939,0
20250415,110000,8602.3,8609.7,8545.2,8550,47832,0
20250415,120000,8549.3,8587.1,8544.3,8583.7,32899,0
20250415,130000,8583.8,8596.9,8582.5,8583.3,21558,0
20250415,140000,8583.3,8592.7,8574.1,8582.5,24767,0
20250415,150000,8581.4,8623.8,8568.5,8616.2,43093,0
20250415,160000,8616.1,8629.4,8590.1,8596.3,16201,0
20250415,170000,8596.1,8634,8582.1,8616.3,23418,0
20250415,180000,8618,8625.1,8593.2,8603.8,14506,0
20250415,190000,8616.3,8629,8607.5,8608.1,4453,0
20250415,200000,8608.1,8632.9,8605.5,8624.2,3263,0
20250415,210000,8624,8638,8620,8630,4305,0
20250415,220000,8629.8,8632.2,8615.7,8621.7,1927,0
20250415,230000,8621.8,8636.5,8621.8,8634.3,2000,0
20250416,090000,8724.3,8799.9,8713.2,8799.9,53502,0
20250416,100000,8799.7,8807,8720.3,8754,86640,0
20250416,110000,8754,8787.7,8732.9,8769.5,78009,0
20250416,120000,8769.8,8818.7,8769.8,8801.6,110336,0
20250416,130000,8802.1,8817.3,8801,8816.2,33329,0
20250416,140000,8815,8880,8794.1,8856.1,72797,0
20250416,150000,8859.2,8870.1,8836.2,8839.3,54091,0
20250416,160000,8837.9,8889.5,8837,8879.3,64116,0
20250416,170000,8878.7,8897.9,8837,8854.2,55371,0
20250416,180000,8853.2,8875,8842.5,8857.5,15324,0
20250416,190000,8875,8896.7,8861.5,8880.6,17149,0
20250416,200000,8880.6,8895,8864.4,8882.3,7233,0
20250416,210000,8883.4,8945.5,8882.2,8928.1,25587,0
20250416,220000,8927.9,8932.8,8917.3,8918.4,5689,0
20250416,230000,8920.9,8950,8918,8950,4161,0
20250417,090000,8899.8,8947.4,8774,8891.6,52372,0
20250417,100000,8890.6,8895.2,8800.6,8808.8,61496,0
20250417,110000,8807,8816.1,8768.7,8793.2,52417,0
20250417,120000,8790.3,8790.3,8735.3,8780.8,86872,0
20250417,130000,8783,8814.7,8777.5,8798.5,77353,0
20250417,140000,8798,8805.3,8760.1,8793.4,29818,0
20250417,150000,8793,8809.3,8775.5,8788.8,25945,0
20250417,160000,8787.9,8809,8764.1,8786.5,35590,0
20250417,170000,8787,8794.4,8735.9,8742.7,112188,0
20250417,180000,8742.7,8764.1,8694.8,8698,68225,0
20250417,190000,8706.1,8744,8689,8736.4,20215,0
20250417,200000,8737,8740.9,8690.4,8701.7,13820,0
20250417,210000,8701.9,8716.7,8675.8,8684.6,19500,0
20250417,220000,8685.3,8708,8680.8,8699.4,5953,0
20250417,230000,8697.7,8710,8692.8,8709.1,6169,0
20250418,090000,8723.4,8738,8702.5,8714.6,12545,0
20250418,100000,8715.1,8729.2,8672,8684.7,29768,0
20250418,110000,8681.9,8717.1,8641.7,8700.4,92531,0
20250418,120000,8701.1,8769.9,8701.1,8749.5,61104,0
20250418,130000,8754.7,8793.9,8748.3,8765.3,60353,0
20250418,140000,8761.9,8799.4,8756.5,8776.8,41414,0
20250418,150000,8777,8814.9,8764.4,8769.4,37429,0
20250418,160000,8769.5,8790.7,8737.4,8744.4,30220,0
20250418,170000,8746.6,8753.9,8710.9,8717.7,28610,0
20250418,180000,8717.6,8734.3,8704.1,8708,22145,0
20250418,190000,8708.9,8735.2,8670,8708.3,21249,0
20250418,200000,8704.3,8754,8704.3,8722.2,6028,0
20250418,210000,8724.8,8738.9,8717.4,8728.8,3422,0
20250418,220000,8727.8,8729.5,8712.6,8724.8,1869,0
20250418,230000,8725.2,8750.1,8717.1,8750,11480,0
20250421,090000,8847,8890,8824.4,8852.7,49221,0
20250421,100000,8851.8,8865,8802.3,8820.7,50420,0
20250421,110000,8821.8,8846.8,8794.2,8845.3,49203,0
20250421,120000,8845.5,8857.9,8832.7,8845.7,43590,0
20250421,130000,8844.1,8858,8823.1,8856,19179,0
20250421,140000,8856.8,8864.8,8842.2,8859.5,19297,0
20250421,150000,8859.6,8888,8853.2,8887.9,42655,0
20250421,160000,8887.4,8906.8,8860.3,8894.1,44170,0
20250421,170000,8894.5,8925,8890,8917.3,38665,0
20250421,180000,8917.5,8936.1,8901.9,8924.1,18808,0
20250421,190000,8932.2,8945,8909,8921,9987,0
20250421,200000,8921,8944,8908.9,8943,10582,0
20250421,210000,8942.5,8952.3,8936.8,8951.1,6889,0
20250421,220000,8951.2,8962,8931,8947,8260,0
20250421,230000,8947.1,8955,8935.9,8955,2033,0
20250422,090000,9095.1,9119,9071.1,9086.5,49607,0
20250422,100000,9089.5,9096.8,8975.3,9072.3,119139,0
20250422,110000,9072.5,9087.6,9051,9054.6,95678,0
20250422,120000,9052.5,9081.5,9020.3,9041.4,55404,0
20250422,130000,9039.6,9073.7,9016,9030,33777,0
20250422,140000,9030,9044.8,9015.1,9034.5,18425,0
20250422,150000,9032.9,9076.3,9020.7,9039.1,72548,0
20250422,160000,9036.7,9050.4,8967,8985.4,75810,0
20250422,170000,8986.8,9028.8,8978.1,9021,43833,0
20250422,180000,9024.6,9058,9015.6,9018,19135,0
20250422,190000,9010.7,9015.2,8881,8938.8,56651,0
20250422,200000,8940.5,8997.2,8921.9,8975.9,25156,0
20250422,210000,8976,8977,8870,8903,27061,0
20250422,220000,8898.9,8923.4,8880,8922.1,14897,0
20250422,230000,8923,8939.2,8915.4,8930,6231,0
20250423,090000,8805,8830,8772.1,8790,52142,0
20250423,100000,8790.1,8929.4,8781.5,8903.1,99989,0
20250423,110000,8903.5,8907.4,8814,8826.5,126440,0
20250423,120000,8826.6,8867.7,8811,8812.1,85747,0
20250423,130000,8812.9,8851.7,8811.6,8844,21232,0
20250423,140000,8835.5,8863.4,8815,8816.9,52859,0
20250423,150000,8816.9,8860,8802.2,8810,34124,0
20250423,160000,8810,8822.5,8691.9,8710.8,147252,0
20250423,170000,8706.9,8776.5,8681,8763.3,53618,0
20250423,180000,8763.8,8787.9,8710.5,8745,24129,0
20250423,190000,8755,8831.1,8746.1,8783.2,34290,0
20250423,200000,8782.2,8800.3,8770.3,8791,9775,0
20250423,210000,8791.9,8809.2,8782.8,8809.2,4026,0
20250423,220000,8808.5,8835,8803.3,8815.1,7067,0
20250423,230000,8819.7,8824.6,8794.8,8815,3306,0
20250424,090000,8886.9,8895,8829.4,8867.4,27077,0
20250424,100000,8867.7,8907.6,8843.3,8857,73510,0
20250424,110000,8855.9,8898.7,8847,8886.2,34495,0
20250424,120000,8889.6,8919.2,8874.7,8889.3,41456,0
20250424,130000,8888.7,8897.6,8875.2,8879,13889,0
20250424,140000,8877.4,8891.1,8870.9,8874.6,13575,0
20250424,150000,8877.5,8899.6,8875.8,8877.9,17970,0
20250424,160000,8877.1,8878.2,8840,8841.4,32611,0
20250424,170000,8844.4,8876.5,8823.5,8839.8,20147,0
20250424,180000,8839.4,8864.2,8826,8846,14051,0
20250424,190000,8854.2,8879.1,8854,8875.1,5668,0
20250424,200000,8876.6,8890,8870,8879.1,5733,0
20250424,210000,8878.4,8884.6,8873.1,8877.3,4294,0
20250424,220000,8880,8908,8877.2,8903.3,6169,0
20250424,230000,8904.7,8946.4,8889,8930.4,9508,0
20250425,090000,8800.9,8827,8770,8793,55751,0
20250425,100000,8793,8845,8784.6,8813.8,29887,0
20250425,110000,8811.3,8818,8786.4,8801,42753,0
20250425,120000,8802.4,8812.5,8750,8751.6,51228,0
20250425,130000,8750.8,8802.1,8750.6,8774.6,45571,0
20250425,140000,8774.6,8788.7,8736,8749.7,27600,0
20250425,150000,8750.9,8798.8,8744.8,8769.1,38872,0
20250425,160000,8767.7,8776,8719.1,8757.1,44964,0
20250425,170000,8757.8,8765.1,8722.1,8729.5,30709,0
20250425,180000,8732.3,8751.4,8717.7,8742.1,25921,0
20250425,190000,8746.7,8764.2,8741.4,8759.3,8067,0
20250425,200000,8759.2,8800,8758.1,8789,15669,0
20250425,210000,8788.9,8802.2,8761.2,8772,9693,0
20250425,220000,8771.4,8822,8766.4,8809.6,10551,0
20250425,230000,8812.2,8832.6,8806,8825.7,4577,0
20250428,090000,8791.8,8814,8756.8,8775.9,22533,0
20250428,100000,8776.4,8790.3,8700,8726.5,67084,0
20250428,110000,8723.2,8732.7,8673.6,8676.6,45896,0
20250428,120000,8676.6,8695.9,8641.1,8661.6,62332,0
20250428,130000,8661.6,8692,8661.5,8672,25942,0
20250428,140000,8672.6,8681.3,8648.7,8667.6,28648,0
20250428,150000,8669.5,8688.5,8653.7,8684.1,22180,0
20250428,160000,8683,8697,8660,8681,20976,0
20250428,170000,8683.5,8755.5,8672.1,8748.1,76444,0
20250428,180000,8748,8748,8672.5,8711,47631,0
20250428,190000,8706,8706,8706,8706,2,0
20250428,200000,8706,8755,8706,8746,15469,0
20250428,210000,8746,8790,8740.1,8785.6,14542,0
20250428,220000,8785.6,8792,8770.5,8784.9,7855,0
20250428,230000,8784.7,8793.2,8765.7,8767.5,5490,0
20250429,090000,8715,8739.1,8680,8726.7,23755,0
20250429,100000,8724.1,8726.8,8663,8701.1,35414,0
20250429,110000,8703.2,8718.7,8671.4,8707.7,30613,0
20250429,120000,8709.3,8720,8672,8674.8,38357,0
20250429,130000,8675.2,8689.8,8658,8670.5,30635,0
20250429,140000,8668.8,8680.4,8646.2,8657.4,35182,0
20250429,150000,8656.4,8700,8645.7,8696.2,54314,0
20250429,160000,8694.1,8719,8668.6,8680,32218,0
20250429,170000,8681.3,8707.7,8663,8702.4,15077,0
20250429,180000,8700.7,8704.9,8656.2,8675,16306,0
20250429,190000,8675,8736.3,8663.6,8725.4,21323,0
20250429,200000,8726,8732.9,8684.3,8684.4,11494,0
20250429,210000,8684.4,8694.3,8683.3,8692.8,4903,0
20250429,220000,8692.9,8707.1,8692.9,8697.7,2963,0
20250429,230000,8701,8707.8,8692.1,8692.1,3677,0
20250430,090000,8679.5,8686.5,8662.2,8668,11490,0
20250430,100000,8668.3,8712.9,8655.6,8655.6,43372,0
20250430,110000,8655.6,8657.1,8585.4,8594.7,88980,0
20250430,120000,8594.6,8606.5,8573.7,8575.1,34312,0
20250430,130000,8575.1,8585.6,8564.8,8568.9,26594,0
20250430,140000,8568.9,8614.5,8563.8,8586.5,37634,0
20250430,150000,8586.3,8640,8568.3,8616.1,60002,0
20250430,160000,8615.3,8635.3,8595.4,8616,26086,0
20250430,170000,8615.5,8642.3,8587.1,8631.3,66574,0
20250430,180000,8630.1,8647,8610.4,8621.7,24083,0
20250430,190000,8625,8652.8,8625,8652.1,16754,0
20250430,200000,8651.8,8670,8640.4,8640.4,16332,0
20250430,210000,8640.3,8645.8,8635.7,8637.3,5574,0
20250430,220000,8637.8,8649.1,8623.4,8631,8047,0
20250430,230000,8630.5,8652.8,8623.4,8646.6,6469,0
20250502,090000,8590,8597.7,8545,8570.4,47500,0
20250502,100000,8570.4,8650,8570.4,8647.6,77131,0
20250502,110000,8649.6,8686.8,8639.1,8642.2,35732,0
20250502,120000,8641.9,8687.9,8641.9,8680,16413,0
20250502,130000,8681.7,8688,8656.1,8671,11616,0
20250502,140000,8671.7,8695.6,8655.6,8689.5,13722,0
20250502,150000,8692,8702.6,8668.6,8669.7,25317,0
20250502,160000,8670,8671.9,8629.6,8637.4,32417,0
20250502,170000,8636.9,8658.1,8615.1,8648.2,25116,0
20250502,180000,8649,8659,8588.4,8594.3,22130,0
20250502,190000,8586.5,8630,8580,8592.2,18195,0
20250502,200000,8592,8629.6,8590.1,8606.4,9953,0
20250502,210000,8606.7,8608.1,8590,8592.5,5580,0
20250502,220000,8593.1,8611.8,8593.1,8602.7,3795,0
20250502,230000,8602.6,8621.7,8595.4,8595.4,7718,0
20250505,090000,8635.9,8697.7,8635.9,8694.4,38687,0
20250505,100000,8693.2,8696,8612.7,8640.3,52591,0
20250505,110000,8641.4,8657.3,8615.4,8653,18979,0
20250505,120000,8653.1,8671.4,8640.7,8668.8,29166,0
20250505,130000,8670.9,8672.5,8644.6,8654.9,18204,0
20250505,140000,8654.6,8685.6,8649,8671.9,26955,0
20250505,150000,8670,8698.5,8669.5,8675.1,21287,0
20250505,160000,8676.2,8676.4,8645.4,8651.8,25339,0
20250505,170000,8648.4,8688.7,8642.5,8671.9,98179,0
20250505,180000,8671.7,8672.3,8641,8658.7,24488,0
20250505,190000,8660.2,8675.1,8652.4,8662.1,9503,0
20250505,200000,8664,8678.6,8659.9,8678.1,6396,0
20250505,210000,8678.3,8686.5,8670.5,8686.5,6612,0
20250505,220000,8686.4,8747.1,8686.4,8707.8,32059,0
20250505,230000,8707.5,8737,8707.5,8730,8078,0
20250506,090000,8781.1,8840,8764,8780,24902,0
20250506,100000,8779.9,8820,8765.5,8787.8,59822,0
20250506,110000,8789.5,8808.5,8785.5,8804.7,23393,0
20250506,120000,8805.7,8839.6,8780,8807,35502,0
20250506,130000,8806.9,8814.4,8796,8806.2,29590,0
20250506,140000,8807.3,8839.8,8801.6,8814.2,30709,0
20250506,150000,8812.6,8841.3,8805,8836.6,21761,0
20250506,160000,8838,8847.5,8813.2,8827.1,29267,0
20250506,170000,8827,8836.5,8790.3,8812.3,31999,0
20250506,180000,8815.5,8838.6,8811.6,8821.5,20481,0
20250506,190000,8825,8872.6,8822.2,8855,22696,0
20250506,200000,8859.7,8880,8852.8,8862,19617,0
20250506,210000,8860,8874,8856,8872.4,3592,0
20250506,220000,8871.9,8903.4,8867.4,8890,14451,0
20250506,230000,8890,8959.2,8890,8955,25924,0
20250507,090000,8859.3,8872,8822,8843,28905,0
20250507,100000,8842.9,8855.9,8804.8,8817.5,38734,0
20250507,110000,8812.8,8820,8755.4,8778.4,67466,0
20250507,120000,8778.3,8830.6,8778,8778,53292,0
20250507,130000,8778,8835,8777,8829,33565,0
20250507,140000,8824.7,8865.9,8812,8862.8,33570,0
20250507,150000,8865.8,8899.8,8856.1,8874.7,37062,0
20250507,160000,8874.3,8899.8,8843,8891.4,39282,0
20250507,170000,8891.9,8893.8,8833,8850.7,24358,0
20250507,180000,8849.1,8880.3,8838.8,8860.2,16866,0
20250507,190000,8861.5,8896,8861,8892.3,13192,0
20250507,200000,8893.7,8893.7,8875.5,8885.9,3559,0
20250507,210000,8886.3,8914,8873.4,8893.5,19865,0
20250507,220000,8893.9,8896.4,8852.8,8864.7,13224,0
20250507,230000,8863.5,8870,8851.2,8865.8,5230,0
20250508,090000,8852,8855.6,8752,8779,56848,0
20250508,100000,8779,8864.8,8778.7,8842.7,53183,0
20250508,110000,8843.2,8869.7,8830.1,8840.5,29240,0
20250508,120000,8838.1,8850,8801.3,8809.5,17274,0
20250508,130000,8808.1,8848.9,8803.2,8840,17339,0
20250508,140000,8843.8,8849,8830.7,8838.4,10373,0
20250508,150000,8840,8859.1,8795.3,8814.5,31131,0
20250508,160000,8814.5,8846.5,8806.9,8817.1,16003,0
20250508,170000,8818,8828.5,8806.4,8810.9,10964,0
20250508,180000,8813.4,8824.7,8776.8,8779.7,20858,0
20250508,190000,8777.9,8782.4,8741.7,8744.9,44949,0
20250508,200000,8745,8748.5,8716.3,8743.2,23358,0
20250508,210000,8743.1,8747,8729.5,8733.3,5233,0
20250508,220000,8735.5,8737.4,8689.6,8729.9,23754,0
20250508,230000,8728.2,8745,8722.1,8743.1,7287,0
20250512,090000,8673.6,8673.6,8555.6,8576,70067,0
20250512,100000,8576.5,8578.8,8443.3,8452.1,129592,0
20250512,110000,8452.1,8467.8,8435.6,8458.5,56089,0
20250512,120000,8458.6,8459,8389.9,8395.2,44714,0
20250512,130000,8395.3,8411.9,8377.8,8395.4,68258,0
20250512,140000,8396.8,8434.7,8390.4,8423.2,34455,0
20250512,150000,8423.5,8447.7,8413.4,8443.5,20406,0
20250512,160000,8443.7,8482.3,8428.7,8461.7,54721,0
20250512,170000,8461.4,8461.4,8425.2,8428.1,26208,0
20250512,180000,8428.3,8441.2,8406.4,8415,21619,0
20250512,190000,8415,8415,8380.5,8388,24057,0
20250512,200000,8388.1,8402.4,8378,8395.2,10958,0
20250512,210000,8396.2,8408.1,8383,8407.7,7750,0
20250512,220000,8407.6,8431.7,8407.6,8424.2,10098,0
20250512,230000,8424.3,8427.4,8380,8400.3,9402,0
20250513,090000,8447,8475,8437.1,8469.1,24973,0
20250513,100000,8468.9,8500,8468.9,8490.6,46963,0
20250513,110000,8491,8493.9,8468,8486.8,28556,0
20250513,120000,8488,8501.6,8472.4,8475.5,22839,0
20250513,130000,8475.6,8493.7,8472.9,8485.4,24695,0
20250513,140000,8486.6,8499.1,8481.1,8489.8,50623,0
20250513,150000,8489.1,8489.2,8462.1,8463.5,63166,0
20250513,160000,8463.8,8470,8426.4,8428.6,43190,0
20250513,170000,8429.3,8468.1,8426.4,8451.6,38411,0
20250513,180000,8452,8465.1,8440,8440,15931,0
20250513,190000,8459.1,8483.8,8440.5,8447,10567,0
20250513,200000,8447,8450,8430.2,8444.9,8621,0
20250513,210000,8444.4,8454.6,8439.5,8450.2,2492,0
20250513,220000,8450.2,8464.8,8450,8463,2422,0
20250513,230000,8462.8,8470.8,8450,8460.1,4541,0
20250514,090000,8436.6,8442.3,8417.5,8422.3,7704,0
20250514,100000,8422.3,8455.2,8418,8451,32336,0
20250514,110000,8451.3,8458.9,8421.5,8424.9,18622,0
20250514,120000,8424.9,8428.7,8407.1,8419.4,23529,0
20250514,130000,8416.5,8420.5,8387.8,8405,45086,0
20250514,140000,8406.5,8425.9,8381,8382.1,33172,0
20250514,150000,8381.8,8400,8319,8319.2,90704,0
20250514,160000,8319.1,8339.1,8280,8303.7,165984,0
20250514,170000,8303.7,8318.1,8276.3,8279.9,42255,0
20250514,180000,8279.9,8311.7,8275.1,8294.4,30987,0
20250514,190000,8298.8,8313.5,8283,8312.4,12810,0
20250514,200000,8313,8313,8289.6,8297,4393,0
20250514,210000,8296.9,8315.9,8285.3,8288.7,11300,0
20250514,220000,8288.9,8345,8281.6,8345,12655,0
20250514,230000,8344.9,8370,8318.8,8338.5,22676,0
20250515,090000,8216,8250.5,8184,8244.1,52389,0
20250515,100000,8244.1,8248.6,8185.5,8207.9,43459,0
20250515,110000,8207.1,8245.4,8196.7,8240.8,35482,0
20250515,120000,8242.7,8262,8226.7,8236.5,28216,0
20250515,130000,8237.7,8278,8233.2,8273,24071,0
20250515,140000,8273.8,8274.8,8258,8258.7,24014,0
20250515,150000,8258.7,8296,8257.7,8289.8,30841,0
20250515,160000,8287.3,8318,8282.9,8292.5,34147,0
20250515,170000,8293,8319,8286.6,8313.9,31854,0
20250515,180000,8314.2,8339.9,8313.2,8330,27625,0
20250515,190000,8334.2,8373.8,8333.4,8367.4,19431,0
20250515,200000,8367.5,8392.8,8344.3,8358.6,21669,0
20250515,210000,8359.7,8375.4,8353.1,8371.1,6442,0
20250515,220000,8371.5,8384.9,8366.3,8382.9,6754,0
20250515,230000,8382.8,8411.9,8370,8406.3,13960,0
20250516,090000,8349.9,8389.8,8336.9,8344.3,25583,0
20250516,100000,8343.9,8375.8,8331.5,8359.1,38581,0
20250516,110000,8359.2,8367.6,8346.8,8352.2,28752,0
20250516,120000,8353.3,8366.9,8339.4,8364.9,32547,0
20250516,130000,8364.1,8367.6,8296.5,8309.2,64817,0
20250516,140000,8310.7,8322.9,8256.5,8280,44326,0
20250516,150000,8279,8340.2,8263,8328.9,45968,0
20250516,160000,8330.5,8356.6,8294.2,8329.3,46599,0
20250516,170000,8331.9,8345.5,8314.5,8328.8,48501,0
20250516,180000,8329,8349.4,8327,8336,15271,0
20250516,190000,8344.3,8375.8,8343.3,8368,18676,0
20250516,200000,8368,8390,8346.4,8356.1,15527,0
20250516,210000,8355.8,8360.3,8325,8353,8872,0
20250516,220000,8353,8372.3,8351.7,8363.7,7010,0
20250516,230000,8370.7,8389.2,8362,8378.9,6694,0
20250519,090000,8403,8462.2,8403,8427.4,44831,0
20250519,100000,8427,8430.1,8393.6,8404.9,43308,0
20250519,110000,8403,8412.5,8381,8405.5,87804,0
20250519,120000,8405.9,8409.9,8385,8403.8,26252,0
20250519,130000,8403,8408,8384,8400.5,12922,0
20250519,140000,8404.3,8408.9,8393.8,8402.3,19378,0
20250519,150000,8400,8407.5,8370,8377.3,24830,0
20250519,160000,8377.3,8403.9,8363.8,8381.6,32325,0
20250519,170000,8381.7,8400,8352.9,8388.7,44705,0
20250519,180000,8390.3,8395.6,8354.8,8376.3,20857,0
20250519,190000,8372.6,8390.3,8365,8387,5172,0
20250519,200000,8386.4,8388.4,8356,8366.3,5797,0
20250519,210000,8368.7,8397.5,8364.7,8392.8,3045,0
20250519,220000,8394.7,8397.6,8388.7,8393,2566,0
20250519,230000,8394,8400,8373.1,8375,6483,0
20250520,090000,8353.3,8359.1,8321.1,8329.2,21658,0
20250520,100000,8329,8415.5,8326.3,8403.6,51137,0
20250520,110000,8403.8,8419.8,8375.2,8418.3,87181,0
20250520,120000,8418.3,8431.7,8400.5,8425.2,38914,0
20250520,130000,8424.8,8448.8,8415.2,8438.4,57174,0
20250520,140000,8438,8443.7,8425.4,8434.3,18296,0
20250520,150000,8436.9,8449.4,8414,8434.7,45984,0
20250520,160000,8434.1,8462.1,8415,8461.2,99111,0
20250520,170000,8461.3,8542.9,8458.5,8519.4,196616,0
20250520,180000,8519.4,8522.8,8501,8517.5,27400,0
20250520,190000,8509.2,8554.1,8509.2,8538,30022,0
20250520,200000,8538.1,8576.8,8538.1,8575.1,19020,0
20250520,210000,8574.9,8590,8559.2,8582.5,12569,0
20250520,220000,8580.7,8599,8573,8591.1,9420,0
20250520,230000,8591,8600,8566,8570.1,9128,0
20250521,090000,8580,8591,8557.5,8569.6,99469,0
20250521,100000,8569.4,8580,8476.1,8484.8,223514,0
20250521,110000,8484.5,8509.8,8476.6,8496.3,91780,0
20250521,120000,8496.5,8527.1,8484.4,8514.3,42422,0
20250521,130000,8512.4,8521.3,8501.2,8511.6,21181,0
20250521,140000,8511.9,8517.5,8482.5,8488.5,30043,0
20250521,150000,8489.7,8499.6,8457.1,8468.2,63597,0
20250521,160000,8468.1,8494.8,8460,8476.6,18698,0
20250521,170000,8474,8483.3,8441.1,8447,41047,0
20250521,180000,8447,8488.6,8443.5,8485,111222,0
20250521,190000,8484.9,8506.9,8470,8470.5,18250,0
20250521,200000,8470,8499,8470,8497.2,10324,0
20250521,210000,8498.9,8499.3,8481.7,8482.9,3741,0
20250521,220000,8483,8524.9,8483,8509,10065,0
20250521,230000,8510,8520,8500,8501.1,7262,0
20250522,090000,8527.5,8549.9,8505,8519.4,11829,0
20250522,100000,8518.1,8533.8,8494.2,8513.4,44913,0
20250522,110000,8513,8519.6,8461.6,8471.5,31007,0
20250522,120000,8471.8,8471.9,8442.1,8447.5,30543,0
20250522,130000,8447.9,8455.8,8420,8443.8,27664,0
20250522,140000,8436.5,8463.3,8377,8461,90609,0
20250522,150000,8461,8476.6,8447,8471.9,33614,0
20250522,160000,8473.8,8510,8435.4,8442,48043,0
20250522,170000,8443.3,8494.8,8425.5,8480,41292,0
20250522,180000,8480,8480.1,8440,8465,93179,0
20250522,190000,8474,8491.5,8465,8485.5,15981,0
20250522,200000,8485.6,8487.2,8452.3,8468.1,17595,0
20250522,210000,8468.9,8475.3,8453.5,8466.5,13636,0
20250522,220000,8466.4,8470.1,8445,8455.3,9880,0
20250522,230000,8455.8,8460.3,8447.2,8450.1,8183,0
20250523,090000,8500.7,8529.4,8500.7,8526.8,30716,0
20250523,100000,8525.2,8543.1,8512.6,8514.5,79561,0
20250523,110000,8515.9,8516,8484,8502.9,44504,0
20250523,120000,8502.9,8510.9,8486.2,8498.7,25335,0
20250523,130000,8501.2,8537.2,8493,8521,45769,0
20250523,140000,8521,8556.6,8507.6,8556,48995,0
20250523,150000,8556.8,8579.4,8542.2,8564.2,52429,0
20250523,160000,8566.3,8580,8530.7,8530.9,30957,0
20250523,170000,8531.4,8551.4,8522.9,8541.1,25623,0
20250523,180000,8541.1,8541.7,8516.6,8532,16739,0
20250523,190000,8535,8552.6,8530.9,8539.6,6492,0
20250523,200000,8539.6,8552.3,8538.2,8543.6,3476,0
20250523,210000,8545.5,8550.5,8530.3,8530.3,4884,0
20250523,220000,8530,8541.4,8521.1,8524.5,6068,0
20250523,230000,8524.5,8555,8521.7,8532,6384,0
20250526,090000,8526.7,8526.7,8486,8504.1,31765,0
20250526,100000,8504,8525.2,8491.5,8524.6,38186,0
20250526,110000,8523.5,8535,8507.7,8511.5,18147,0
20250526,120000,8508.8,8519.5,8494.9,8508,21291,0
20250526,130000,8508.1,8521.8,8505.4,8513.6,8575,0
20250526,140000,8516.4,8533.2,8510.2,8528.2,24701,0
20250526,150000,8528,8532.3,8505.1,8520.2,16889,0
20250526,160000,8520.8,8529.7,8516.5,8523.4,16953,0
20250526,170000,8521.8,8533,8512.1,8519,18066,0
20250526,180000,8518.3,8530.6,8505,8524.6,16211,0
20250526,190000,8528,8532.5,8514.7,8527,4837,0
20250526,200000,8527,8533.1,8525.3,8532.8,3893,0
20250526,210000,8533,8534.3,8527.3,8531,1084,0
20250526,220000,8532.5,8534.9,8520.1,8524,2277,0
20250526,230000,8524,8529.9,8520,8527.7,4216,0
20250527,090000,8501.8,8512.5,8478,8488,24867,0
20250527,100000,8488.1,8490.8,8433,8450.3,59735,0
20250527,110000,8450.4,8466.7,8420.3,8425,58523,0
20250527,120000,8425,8439.5,8416.6,8437,29368,0
20250527,130000,8435.5,8445,8426.2,8434.4,27851,0
20250527,140000,8434.8,8440.4,8413.7,8417.1,22992,0
20250527,150000,8417,8444,8417,8437.6,34752,0
20250527,160000,8439,8465.5,8433,8441.7,34441,0
20250527,170000,8442,8453.4,8424.3,8443.6,25085,0
20250527,180000,8442.4,8444.1,8420,8425.6,20515,0
20250527,190000,8422.5,8449.9,8422.5,8446.1,8774,0
20250527,200000,8445.9,8458.5,8443.9,8453.6,4131,0
20250527,210000,8453.3,8457.9,8435.6,8452.9,5471,0
20250527,220000,8450.3,8460.9,8449.1,8453.3,3337,0
20250527,230000,8451.3,8456.8,8446.8,8451.1,1261,0
20250528,090000,8460.1,8461.5,8395.2,8399.8,73854,0
20250528,100000,8400,8427.9,8391.9,8421.2,141619,0
20250528,110000,8421.4,8446,8418.3,8440.4,32931,0
20250528,120000,8437,8453.9,8430.1,8445.8,16190,0
20250528,130000,8447,8447,8413.4,8418.7,17958,0
20250528,140000,8417.7,8418.9,8400,8410,31121,0
20250528,150000,8410,8422.5,8390.1,8402.7,21890,0
20250528,160000,8403.5,8408.3,8373.1,8381,40045,0
20250528,170000,8383,8392.9,8376,8378.1,17277,0
20250528,180000,8379,8379,8350.2,8352.4,28210,0
20250528,190000,8352.4,8369,8310,8338.4,24833,0
20250528,200000,8338.4,8361.4,8331.3,8351.1,6702,0
20250528,210000,8352.6,8372.9,8352.6,8356.8,5143,0
20250528,220000,8357.9,8362.6,8340,8348.5,2875,0
20250528,230000,8348,8350,8334.8,8334.8,3608,0
20250529,090000,8298.3,8316,8232.7,8247.8,33433,0
20250529,100000,8245.9,8280.6,8234.9,8258.8,52227,0
20250529,110000,8258.2,8259,8232.5,8239.3,27760,0
20250529,120000,8240.7,8246.7,8222.1,8232.3,34099,0
20250529,130000,8233,8263.5,8224.2,8251,30126,0
20250529,140000,8254.3,8274.9,8245,8271,43295,0
20250529,150000,8271.1,8327.9,8270,8307.6,54292,0
20250529,160000,8308.3,8324.9,8291,8295.6,23566,0
20250529,170000,8296.5,8315.3,8271.2,8291.7,41707,0
20250529,180000,8291.7,8295.8,8284.4,8285.1,17159,0
20250529,190000,8292.9,8325,8292.9,8312.3,10810,0
20250529,200000,8311.5,8322.1,8298.3,8322.1,3489,0
20250529,210000,8322.1,8323.8,8284.1,8290,4838,0
20250529,220000,8290,8290.1,8259,8267.1,10431,0
20250529,230000,8267.1,8284.9,8265.8,8269.4,4877,0
20250530,090000,8247.5,8296.3,8238,8295.6,13601,0
20250530,100000,8295.1,8296.3,8267.1,8290,30192,0
20250530,110000,8288.8,8304.7,8282.9,8286.7,48957,0
20250530,120000,8286.7,8293.4,8278.4,8284.6,25060,0
20250530,130000,8284.2,8304.6,8269.3,8276.9,27695,0
20250530,140000,8279.9,8293.9,8274.2,8293.9,65273,0
20250530,150000,8295,8329.9,8280,8325.6,51116,0
20250530,160000,8324.3,8339.4,8283.4,8285.9,57836,0
20250530,170000,8288.2,8308.5,8259.2,8271.7,55385,0
20250530,180000,8275,8307,8262.5,8292,12871,0
20250530,190000,8291.4,8325,8291.4,8319.4,8318,0
20250530,200000,8316.5,8317,8300,8305.6,2986,0
20250530,210000,8306,8316.5,8305.5,8309.9,1492,0
20250530,220000,8309.3,8316.2,8303.6,8306.9,3977,0
20250530,230000,8306.6,8316,8300,8310,3626,0
20250602,090000,8368.6,8468.4,8367.7,8462.8,54630,0
20250602,100000,8462.8,8480,8441.7,8450,51163,0
20250602,110000,8450,8475,8446.5,8458.9,24712,0
20250602,120000,8458.6,8468,8450.7,8465,8617,0
20250602,130000,8464.9,8483.9,8460,8468.9,52583,0
20250602,140000,8475.1,8496.7,8473.8,8484.2,31089,0
20250602,150000,8485.7,8503,8474,8483.8,19472,0
20250602,160000,8485.3,8525.7,8483,8511.8,22716,0
20250602,170000,8513.6,8532.2,8503.4,8511.7,49794,0
20250602,180000,8513,8513.5,8477.2,8492,22397,0
20250602,190000,8493.9,8499,8465.5,8497,14291,0
20250602,200000,8498,8515.7,8498,8511.9,5527,0
20250602,210000,8512.9,8512.9,8491.1,8506.7,2099,0
20250602,220000,8523,8530,8522,8529.2,4429,0
20250602,230000,8525.9,8540,8525,8537,6634,0
20250603,090000,8499.8,8500,8460,8475,25434,0
20250603,100000,8475,8490.4,8441.9,8459,30036,0
20250603,110000,8461.4,8472,8452,8455.2,24141,0
20250603,120000,8455.8,8468,8453,8462.1,12633,0
20250603,130000,8462.7,8474.9,8459.2,8469.5,11753,0
20250603,140000,8473,8479.9,8467.6,8475,10580,0
20250603,150000,8477.3,8485.2,8463.2,8480.3,26945,0
20250603,160000,8477.4,8490,8459.6,8466.1,44566,0
20250603,170000,8465,8470,8441,8455.9,30111,0
20250603,180000,8454,8455.4,8445.2,8449,38542,0
20250603,190000,8455.6,8469.5,8442.3,8449.7,20870,0
20250603,200000,8450,8450,8447.7,8449.9,12387,0
20250603,210000,8449.8,8450,8446.2,8450,7716,0
20250603,220000,8450,8450,8446.9,8449,12029,0
20250603,230000,8449.3,8450,8446.9,8448.9,4075,0
20250604,090000,8450,8450,8429.7,8440,13277,0
20250604,100000,8440,8450,8421.6,8422.8,30179,0
20250604,110000,8422.3,8438.8,8415.1,8437.6,31583,0
20250604,120000,8438.9,8458.8,8425,8452.2,31369,0
20250604,130000,8450.4,8461.3,8445,8451.3,50948,0
20250604,140000,8454.5,8459.4,8450,8450,25955,0
20250604,150000,8450.4,8525.7,8440.5,8522.9,102105,0
20250604,160000,8523,8565,8522.1,8541.2,132143,0
20250604,170000,8541.3,8594,8535.2,8580.5,47547,0
20250604,180000,8582.1,8587.3,8556.4,8564.7,31413,0
20250604,190000,8569.4,8587.5,8564.7,8586.1,11841,0
20250604,200000,8585,8595.9,8582.2,8595.9,4543,0
20250604,210000,8595,8599.2,8579.2,8586,6044,0
20250604,220000,8586,8587.4,8575,8580.7,4707,0
20250604,230000,8578.5,8585,8570,8585,4886,0
20250605,090000,8557,8584,8531,8564.8,14237,0
20250605,100000,8564.3,8564.3,8548.7,8556,36444,0
20250605,110000,8557,8565.3,8549.5,8559.6,17947,0
20250605,120000,8559.9,8593.3,8556.7,8584,23050,0
20250605,130000,8583.2,8595.6,8579,8586.5,16877,0
20250605,140000,8587,8597.6,8577.3,8591.7,27816,0
20250605,150000,8592,8605,8551.1,8564.3,47050,0
20250605,160000,8564.3,8586.4,8548.1,8569.5,35577,0
20250605,170000,8569.5,8576,8540.1,8545.7,62566,0
20250605,180000,8545.2,8556,8480,8485.1,51126,0
20250605,190000,8486,8554.5,8478,8534.9,24494,0
20250605,200000,8534.9,8546.4,8513.6,8540,11333,0
20250605,210000,8540,8549.5,8528.8,8539,5815,0
20250605,220000,8541.1,8549,8531.7,8541.2,3976,0
20250605,230000,8539.8,8545,8530,8530,2659,0
20250606,090000,8551.4,8573.1,8536.1,8541.9,11564,0
20250606,100000,8544,8551,8529.6,8539.1,24767,0
20250606,110000,8541.5,8548,8533,8543.7,26362,0
20250606,120000,8542.9,8547,8533,8543.7,10513,0
20250606,130000,8543.6,8573.7,8526,8541,67118,0
20250606,140000,8541.4,8542,8508.6,8509.5,21921,0
20250606,150000,8509.5,8521.3,8455,8461.8,35619,0
20250606,160000,8461.8,8473,8433.1,8443.3,55423,0
20250606,170000,8443.3,8460.2,8416.7,8441.1,38621,0
20250606,180000,8442,8464.5,8429.1,8452.9,16535,0
20250606,190000,8461.8,8479.9,8440.9,8448.7,8647,0
20250606,200000,8451.8,8453.8,8442.1,8449.6,2343,0
20250606,210000,8448.5,8449,8433,8443.6,22302,0
20250606,220000,8444.3,8444.6,8435.8,8436.7,5520,0
20250606,230000,8436,8449.9,8426,8446.6,7078,0
20250609,090000,8448.7,8449,8413.2,8443.9,15271,0
20250609,100000,8444,8456.7,8394.7,8428.3,44054,0
20250609,110000,8428,8428.7,8397.5,8417.4,18435,0
20250609,120000,8416.7,8431.4,8402,8414.8,9678,0
20250609,130000,8414.1,8415,8398.1,8413.8,9599,0
20250609,140000,8413.8,8433.3,8412.7,8423.4,13391,0
20250609,150000,8425,8432,8411.5,8425.5,6314,0
20250609,160000,8425.8,8429.5,8401,8416.8,26701,0
20250609,170000,8418.3,8435,8403,8413.7,16292,0
20250609,180000,8415.4,8438.4,8404.8,8425,9718,0
20250609,190000,8429.5,8459.9,8425,8455,9592,0
20250609,200000,8455,8456,8435.9,8440,4870,0
20250609,210000,8438.6,8448.8,8434.3,8439.2,2145,0
20250609,220000,8438.4,8441,8430.1,8432.1,579,0
20250609,230000,8431.1,8435.4,8420,8420.3,3592,0
20250610,090000,8417.5,8417.5,8383.2,8389.8,17073,0
20250610,100000,8389.9,8406.4,8378.2,8405,33762,0
20250610,110000,8405.1,8408.5,8387.1,8391.1,12411,0
20250610,120000,8391.2,8399,8381.2,8395.9,12547,0
20250610,130000,8395.9,8404.4,8378.1,8393.1,32833,0
20250610,140000,8391.8,8404.7,8384,8388.1,11128,0
20250610,150000,8390,8404.9,8380,8394.6,19179,0
20250610,160000,8393.1,8416.4,8381,8385.3,20300,0
20250610,170000,8385.4,8386.5,8343.2,8353.8,43216,0
20250610,180000,8354,8357,8303.2,8308.1,34728,0
20250610,190000,8309.9,8322.3,8283.2,8295.8,20473,0
20250610,200000,8295.9,8311,8295,8302.9,4608,0
20250610,210000,8302.9,8303.4,8280.1,8282.9,7714,0
20250610,220000,8282.2,8309.7,8281.5,8296.9,3896,0
20250610,230000,8296.5,8308.5,8283.7,8308,2159,0
20250611,090000,8334,8390.5,8310.8,8370,21250,0
20250611,100000,8370,8407.3,8362.2,8395.9,58384,0
20250611,110000,8395.9,8415.9,8390,8403.6,36364,0
20250611,120000,8403.6,8404.9,8370.2,8371.6,16572,0
20250611,130000,8374,8398.7,8368.7,8390.9,26069,0
20250611,140000,8387.2,8446.8,8383.2,8441.6,32128,0
20250611,150000,8442.2,8486,8421.8,8433,57045,0
20250611,160000,8434,8463,8422.1,8459.3,26356,0
20250611,170000,8458.1,8468,8436.7,8454.3,23400,0
20250611,180000,8456.3,8465,8439.4,8440.5,14249,0
20250611,190000,8444,8464,8444,8455.4,5252,0
20250611,200000,8452.3,8452.5,8420,8438,7057,0
20250611,210000,8437.4,8486,8436.1,8475.6,15016,0
20250611,220000,8476.1,8498.5,8471.8,8489.2,9038,0
20250611,230000,8490.5,8504,8490.5,8499.8,22019,0
20250613,090000,8656,8680,8600.1,8615.4,40543,0
20250613,100000,8615.8,8616,8515.4,8566.5,53677,0
20250613,110000,8564.2,8604.5,8555,8590.6,26170,0
20250613,120000,8592.5,8602,8556,8586.6,17180,0
20250613,130000,8586.6,8591.1,8560.8,8581.2,10576,0
20250613,140000,8579.6,8589.2,8566.3,8576.8,5001,0
20250613,150000,8577.7,8596,8568.8,8590.8,16273,0
20250613,160000,8589.2,8608,8575.7,8592.6,20755,0
20250613,170000,8590.6,8597.4,8567.6,8576,18526,0
20250613,180000,8572.5,8582.6,8560,8560.1,13412,0
20250613,190000,8563,8581,8550,8580.6,6103,0
20250613,200000,8579.9,8590.5,8573.8,8580,5178,0
20250613,210000,8582.7,8592.6,8576,8587.9,2831,0
20250613,220000,8589.9,8595.2,8574.1,8582,3671,0
20250613,230000,8582.6,8599.9,8573.6,8599,8191,0
20250616,090000,8591,8596,8480,8510.1,40840,0
20250616,100000,8511.6,8545,8502,8525.2,123412,0
20250616,110000,8525.2,8542,8523.3,8531.6,31369,0
20250616,120000,8531.9,8551,8526.8,8536.4,21524,0
20250616,130000,8537,8550,8531.6,8534.4,12296,0
20250616,140000,8534.5,8544.6,8528.5,8537,14905,0
20250616,150000,8537.1,8544.5,8536.3,8544.4,8431,0
20250616,160000,8542.5,8556.3,8500.3,8506,45261,0
20250616,170000,8506.1,8524.5,8492.3,8518.1,32642,0
20250616,180000,8517.2,8529,8511.9,8513.3,11839,0
20250616,190000,8513.3,8526,8512.8,8523,5099,0
20250616,200000,8519.6,8525.6,8500,8501.8,5240,0
20250616,210000,8503.4,8504.4,8484.1,8484.9,11119,0
20250616,220000,8485,8494,8480.3,8484.2,6547,0
20250616,230000,8484.2,8499.8,8477.8,8492.5,3865,0
20250617,090000,8511,8520,8485,8490.1,10973,0
20250617,100000,8492,8509.3,8490.9,8496.6,22582,0
20250617,110000,8496.3,8497.3,8473.7,8474.1,25268,0
20250617,120000,8474.1,8509,8470.8,8505.8,15844,0
20250617,130000,8505.3,8518.9,8499.2,8513.4,21882,0
20250617,140000,8512.2,8520.9,8491.2,8491.6,17181,0
20250617,150000,8491.5,8509.5,8485.7,8495,25107,0
20250617,160000,8495.8,8514.4,8487.4,8495.8,21832,0
20250617,170000,8496.1,8502,8459.2,8477.9,52582,0
20250617,180000,8476.4,8477,8450.5,8451,21445,0
20250617,190000,8453.1,8476.4,8451.3,8471.2,6814,0
20250617,200000,8473.1,8487.6,8466.1,8486.7,4034,0
20250617,210000,8486.7,8490,8471,8472,4338,0
20250617,220000,8473.3,8483,8463.1,8481,2652,0
20250617,230000,8481.6,8493,8471.2,8478,2989,0
20250618,090000,8476.4,8488.8,8458,8460.6,6173,0
20250618,100000,8458.1,8475.1,8443,8468.2,27225,0
20250618,110000,8469.7,8485.1,8450,8450.3,14378,0
20250618,120000,8451.9,8461.5,8434,8448.8,21622,0
20250618,130000,8446.5,8450.9,8436.9,8442.7,16819,0
20250618,140000,8444,8469,8441.1,8460.1,36369,0
20250618,150000,8462,8474.4,8455.6,8470,23332,0
20250618,160000,8470,8482.8,8470,8480.2,14887,0
20250618,170000,8477.9,8500,8464,8480,60976,0
20250618,180000,8480,8490.8,8466.6,8481.9,18031,0
20250618,190000,8481.9,8491.9,8453.1,8460,22981,0
20250618,200000,8461.8,8480,8456.2,8469.1,5854,0
20250618,210000,8472,8480,8459.1,8460.2,8326,0
20250618,220000,8461.1,8472.9,8441.7,8447.2,13668,0
20250618,230000,8447.2,8450.6,8440,8440.2,9144,0
20250619,090000,8440.2,8441.1,8400,8429,32187,0
20250619,100000,8429,8431,8400,8414.4,77624,0
20250619,110000,8414.2,8415.8,8391.5,8395.3,54231,0
20250619,120000,8395.3,8423.3,8380,8420.6,53985,0
20250619,130000,8417.9,8428.9,8405.1,8411.6,19755,0
20250619,140000,8415.3,8419,8407,8412.6,13536,0
20250619,150000,8412.6,8414.3,8401.5,8402.5,34587,0
20250619,160000,8401.7,8422.9,8400,8420,12306,0
20250619,170000,8419.5,8429.6,8412.1,8428.5,36239,0
20250619,180000,8428.5,8440,8418.3,8424.5,31662,0
20250619,190000,8427,8462.8,8427,8460,14696,0
20250619,200000,8462,8492.1,8460.7,8463.4,19238,0
20250619,210000,8463.1,8473.8,8461.1,8468.8,3079,0
20250619,220000,8468.2,8478.7,8468.2,8474,4332,0
20250619,230000,8473.7,8486.4,8466.7,8480,6907,0
20250620,090000,8429.3,8433.8,8405,8424.1,25419,0
20250620,100000,8423.1,8426.8,8404.9,8407.9,34050,0
20250620,110000,8408,8414.7,8401.4,8408.2,17622,0
20250620,120000,8408.2,8425,8406.9,8409.7,29236,0
20250620,130000,8409.7,8412.8,8403.2,8407.2,13340,0
20250620,140000,8406.2,8408.6,8393.7,8396.2,10993,0
20250620,150000,8396.6,8407.8,8392.3,8392.7,10773,0
20250620,160000,8393.2,8446.1,8391,8440.5,30948,0
20250620,170000,8440.4,8440.5,8406,8416.4,23880,0
20250620,180000,8415.1,8419.1,8385.1,8405,17979,0
20250620,190000,8407.5,8437.3,8407.5,8430.1,8769,0
20250620,200000,8430.4,8430.5,8411.2,8412.9,2688,0
20250620,210000,8413,8420,8413,8417,1316,0
20250620,220000,8418,8424.5,8413.3,8414,2378,0
20250620,230000,8414.2,8430,8414.1,8430,2894,0
20250623,090000,8400.4,8408.1,8373,8391.9,21155,0
20250623,100000,8391.7,8402.9,8381.7,8400.5,11377,0
20250623,110000,8399.5,8410,8399,8407,9786,0
20250623,120000,8409.1,8430,8407.9,8425.2,25483,0
20250623,130000,8425.2,8429.8,8420.1,8427.6,9382,0
20250623,140000,8429.5,8443,8428,8439.7,34880,0
20250623,150000,8439.9,8439.9,8406,8412.8,31438,0
20250623,160000,8411.8,8443.9,8407.3,8426.4,29329,0
20250623,170000,8428.3,8439,8410.5,8436.5,16789,0
20250623,180000,8437.7,8447,8432.2,8441.2,13875,0
20250623,190000,8441.1,8460.4,8431.3,8441.5,11200,0
20250623,200000,8441.5,8445.3,8424.4,8434.5,10127,0
20250623,210000,8435.2,8464.3,8425.5,8431,12112,0
20250623,220000,8430.3,8442.8,8425,8425.9,2171,0
20250623,230000,8425.1,8425.3,8418,8420.1,4371,0
20250624,090000,8359.1,8376,8300.4,8316.9,75014,0
20250624,100000,8317,8396.1,8316.3,8390.9,64780,0
20250624,110000,8392,8412.5,8361,8364.4,28238,0
20250624,120000,8365,8366.6,8330,8331.3,23815,0
20250624,130000,8332.1,8341.7,8322.2,8328.2,14160,0
20250624,140000,8328.2,8334.2,8318,8321.6,13216,0
20250624,150000,8321.2,8333.3,8298,8311.4,38649,0
20250624,160000,8312.2,8320.6,8271.8,8278,36809,0
20250624,170000,8278,8287.2,8263.4,8274,28685,0
20250624,180000,8274,8290,8262.4,8289.9,18915,0
20250624,190000,8286.9,8319,8281,8317.8,10694,0
20250624,200000,8317.8,8319.8,8301.5,8302,5030,0
20250624,210000,8303,8313.4,8296,8305.1,4439,0
20250624,220000,8305.8,8320,8298.3,8315.2,4988,0
20250624,230000,8315.8,8316,8307,8307.3,2323,0
20250625,090000,8318,8350,8318,8339.7,14054,0
20250625,100000,8339.5,8340.2,8301,8320.9,29192,0
20250625,110000,8320.9,8321,8291,8294.3,25756,0
20250625,120000,8294.3,8296.6,8280.9,8296.2,17228,0
20250625,130000,8295.2,8303.5,8288.4,8296,8419,0
20250625,140000,8295.2,8307.8,8290.6,8296,11951,0
20250625,150000,8296,8306,8286.9,8287.1,10930,0
20250625,160000,8287,8289.7,8275.1,8279.1,25769,0
20250625,170000,8279.3,8300.8,8275,8293.2,7117,0
20250625,180000,8290.7,8295.5,8279.1,8291.5,11232,0
20250625,190000,8292.6,8318,8289.7,8309.9,9531,0
20250625,200000,8312.5,8312.5,8285,8297.2,7041,0
20250625,210000,8297.4,8302.3,8293.3,8302.2,2815,0
20250625,220000,8302.7,8312.3,8299.2,8309.1,5338,0
20250625,230000,8307,8315.7,8304,8307,2976,0
20250626,090000,8313.5,8330.3,8299.7,8328,8315,0
20250626,100000,8327.8,8340.5,8311,8331.2,33220,0
20250626,110000,8331.5,8334.3,8313.4,8324.4,17960,0
20250626,120000,8324.4,8325.7,8310,8316,22164,0
20250626,130000,8317.6,8331.8,8317.6,8331.1,38481,0
20250626,140000,8329.6,8339.8,8319,8330,30442,0
20250626,150000,8329.6,8339.5,8317.8,8318,20643,0
20250626,160000,8318,8325.5,8303.1,8310.1,54516,0
20250626,170000,8310.1,8317.8,8295.3,8305.4,33353,0
20250626,180000,8305.4,8314,8300,8303.6,8050,0
20250626,190000,8313.6,8335.9,8303.9,8326.4,7518,0
20250626,200000,8326.8,8337,8316.6,8332.3,5649,0
20250626,210000,8332.3,8339,8332.2,8334.8,4596,0
20250626,220000,8332.7,8334.7,8323,8331.3,2803,0
20250626,230000,8331.9,8334.2,8327.2,8334,1040,0
20250627,090000,8266.7,8278,8234.3,8252.7,47585,0
20250627,100000,8254,8254.7,8218.1,8220.6,56102,0
20250627,110000,8220.5,8227.5,8209.7,8223,36512,0
20250627,120000,8222.6,8225.5,8209,8209.8,15817,0
20250627,130000,8209.9,8222.8,8200.9,8210,18558,0
20250627,140000,8211.6,8216.8,8200,8209.1,23518,0
20250627,150000,8211.1,8214.5,8194.7,8201.3,25808,0
20250627,160000,8203.7,8210.9,8181.6,8200.8,41947,0
20250627,170000,8199.5,8210,8182.2,8199.9,24929,0
20250627,180000,8200.6,8204.3,8187.7,8190.6,12451,0
20250627,190000,8192.8,8209,8185.4,8204.8,7286,0
20250627,200000,8202.4,8214.8,8196,8207.5,4952,0
20250627,210000,8208.4,8208.4,8185,8197.3,4425,0
20250627,220000,8198.4,8198.8,8186.7,8191.2,2711,0
20250627,230000,8190.4,8200,8189.2,8200,5376,0
20250630,090000,8228.3,8253,8224.1,8233.9,21432,0
20250630,100000,8233.9,8253.1,8218.8,8238.1,26214,0
20250630,110000,8238.2,8246.6,8204.7,8218,14866,0
20250630,120000,8215.8,8219.6,8200,8219.6,18006,0
20250630,130000,8219.7,8227.1,8216.6,8223.5,22475,0
20250630,140000,8223.7,8224.3,8200,8203.8,23586,0
20250630,150000,8203.8,8212.3,8191,8192,37420,0
20250630,160000,8191,8206.8,8190.8,8205,25429,0
20250630,170000,8205,8225,8200.9,8214.2,19228,0
20250630,180000,8214.1,8222,8212.1,8216.8,9808,0
20250630,190000,8216.7,8242.9,8216,8239.9,7661,0
20250630,200000,8240.7,8244.5,8228.9,8235.2,2499,0
20250630,210000,8232.4,8242,8230.6,8238.2,2657,0
20250630,220000,8238.1,8265.1,8236.8,8259.2,17385,0
20250630,230000,8259.1,8260.9,8238.9,8259.7,5751,0
20250701,090000,8310.7,8330,8285.1,8323.4,28353,0
20250701,100000,8322.5,8328.5,8303,8311.9,38383,0
20250701,110000,8311.9,8325,8308.6,8322.7,25663,0
20250701,120000,8322.7,8333,8316.8,8332.9,20075,0
20250701,130000,8332.9,8363.1,8330.7,8349.7,50565,0
20250701,140000,8350.6,8360.3,8343.4,8345.8,13719,0
20250701,150000,8345.8,8360.5,8342.3,8352.2,15871,0
20250701,160000,8352.1,8361.5,8341.6,8359.4,14651,0
20250701,170000,8358.3,8362,8345.8,8351.1,29418,0
20250701,180000,8351.8,8357,8344,8347.4,29010,0
20250701,190000,8349,8358,8346,8353.8,3119,0
20250701,200000,8353.7,8357.7,8342,8350,3812,0
20250701,210000,8350.1,8351.3,8344.7,8345,2402,0
20250701,220000,8345.1,8349.7,8344.8,8349.1,1048,0
20250701,230000,8346.9,8353.6,8344.8,8353.1,1528,0
20250702,080000,8352.9,8352.9,8352.9,8352.9,69,0
20250702,090000,8349,8359.5,8323,8330,13591,0
20250702,100000,8327.9,8343.3,8318,8334.5,13275,0
20250702,110000,8336.7,8351,8331.1,8347.4,28175,0
20250702,120000,8348.1,8363.2,8346.3,8363,19247,0
20250702,130000,8363,8373,8360.4,8369,18435,0
20250702,140000,8369,8372.9,8357.1,8364.9,7685,0
20250702,150000,8364.9,8376.1,8357.4,8371.8,17930,0
20250702,160000,8371.1,8372,8355.3,8358.2,7720,0
20250702,170000,8359.7,8367.1,8357.1,8366.1,18475,0
20250702,180000,8367,8369.4,8359.9,8364.6,13490,0
20250702,190000,8366.4,8397.5,8366.4,8392.2,15674,0
20250702,200000,8393,8394,8381.2,8386.9,10308,0
20250702,210000,8386.9,8402.9,8385.9,8402.9,4045,0
20250702,220000,8403,8415.4,8402.9,8411.8,6169,0
20250702,230000,8412,8413.2,8402.1,8405,3816,0
20250703,080000,8405,8405,8405,8405,59,0
20250703,090000,8407.9,8423.5,8402.5,8417.9,12853,0
20250703,100000,8417.8,8435,8407.3,8424.2,32667,0
20250703,110000,8424.7,8429.6,8414,8416.7,11944,0
20250703,120000,8416.1,8418.5,8379.6,8390.9,29180,0
20250703,130000,8390.1,8407.6,8390,8406.7,6865,0
20250703,140000,8404.3,8404.3,8385.1,8394.5,13603,0
20250703,150000,8394.5,8398.4,8335,8362.8,44462,0
20250703,160000,8363.9,8379.1,8355.8,8365.8,14089,0
20250703,170000,8365.1,8378,8354,8362.5,14298,0
20250703,180000,8362,8369.9,8358.9,8360.1,3646,0
20250703,190000,8362.7,8396.4,8360.9,8391.1,10081,0
20250703,200000,8388.8,8392.5,8369.6,8371.2,3892,0
20250703,210000,8373,8383.5,8371.2,8379.2,1850,0
20250703,220000,8377.7,8379.4,8373,8375.1,962,0
20250703,230000,8374.6,8376.5,8365,8366.7,2009,0
20250704,080000,8386,8386,8386,8386,2153,0
20250704,090000,8389,8409.4,8381.7,8405.2,15758,0
20250704,100000,8406.9,8412,8385,8392.3,20681,0
20250704,110000,8393.7,8408.9,8393,8398.9,7238,0
20250704,120000,8399,8402,8380.1,8381,9070,0
20250704,130000,8380.6,8383.4,8373.7,8382.3,6699,0
20250704,140000,8381.5,8384.2,8371.6,8371.6,2912,0
20250704,150000,8371.4,8371.9,8356,8361.5,14780,0
20250704,160000,8361.6,8367,8355,8360.3,9262,0
20250704,170000,8360.3,8361.1,8345.7,8349.4,7701,0
20250704,180000,8349.3,8351.6,8344.2,8348.6,4351,0
20250704,190000,8346.4,8365.9,8346.1,8363.2,3007,0
20250704,200000,8363.2,8365.5,8355.1,8358.2,1773,0
20250704,210000,8357,8365.4,8354.7,8358.3,2233,0
20250704,220000,8358.3,8364,8356.7,8362.5,1386,0
20250704,230000,8362.9,8366.4,8357,8365.2,2618,0
20250707,080000,8338,8338,8338,8338,804,0
20250707,090000,8337,8337,8297.9,8318.1,27673,0
20250707,100000,8318.3,8327.4,8286.8,8289.7,21811,0
20250707,110000,8289.7,8312.2,8264.9,8270.2,39358,0
20250707,120000,8271.2,8273.3,8259.8,8271.3,25045,0
20250707,130000,8271.1,8277.1,8254,8267,77218,0
20250707,140000,8266.5,8273,8247.5,8259.5,34031,0
20250707,150000,8263.6,8279,8257.7,8274.3,13630,0
20250707,160000,8272.8,8292,8268,8289.6,38461,0
20250707,170000,8287.6,8309,8276.3,8280.9,76710,0
20250707,180000,8280.9,8293.2,8278.9,8286,61663,0
20250707,190000,8285.6,8304.9,8285.6,8300.2,12391,0
20250707,200000,8300.2,8314.5,8300.1,8304.6,5940,0
20250707,210000,8304.6,8310,8299,8308,2218,0
20250707,220000,8308,8319.8,8308,8310.4,3536,0
20250707,230000,8312.6,8318,8308,8317.9,3848,0
20250708,080000,8317.9,8317.9,8317.9,8317.9,2,0
20250708,090000,8317.9,8318,8290.2,8307.7,9838,0
20250708,100000,8307.8,8318,8300.7,8303.8,27387,0
20250708,110000,8303.7,8305.2,8293.7,8294.1,13691,0
20250708,120000,8294,8296.1,8283,8287.7,15675,0
20250708,130000,8287.7,8301.6,8286.7,8292.4,5753,0
20250708,140000,8292.4,8296.9,8271.1,8282.3,14517,0
20250708,150000,8281.3,8295.9,8274.1,8294.1,15462,0
20250708,160000,8294.9,8295.9,8267.5,8269.4,19247,0
20250708,170000,8269.4,8271.5,8229.9,8231.3,37917,0
20250708,180000,8233.3,8237.5,8211.4,8235.8,25298,0
20250708,190000,8236.5,8257,8236.5,8252,9589,0
20250708,200000,8252,8272,8252,8256.9,7169,0
20250708,210000,8258.4,8265,8253.3,8259.7,1789,0
20250708,220000,8260.9,8263.1,8246,8252.7,3214,0
20250708,230000,8255.1,8255.6,8243,8250,2322,0
20250709,080000,8219,8219,8219,8219,195,0
20250709,090000,8219,8238.6,8200.1,8232.2,18324,0
20250709,100000,8232.4,8235.5,8205,8205.9,24231,0
20250709,110000,8208.5,8213.5,8109.9,8184.2,76369,0
20250709,120000,8183.9,8205.9,8177.1,8204.8,19927,0
20250709,130000,8204.8,8225,8202.8,8225,22201,0
20250709,140000,8223.4,8225,8204,8205.1,20422,0
20250709,150000,8208.1,8222.7,8208.1,8219.4,12339,0
20250709,160000,8219.3,8239,8215.6,8234.5,25808,0
20250709,170000,8234.5,8259.8,8216.2,8259.8,25710,0
20250709,180000,8259.7,8265,8248.3,8261.9,19820,0
20250709,190000,8258,8300,8255.8,8289.7,18141,0
20250709,200000,8289.7,8298.9,8255.2,8270.1,14178,0
20250709,210000,8267,8282.4,8263.9,8278.7,2800,0
20250709,220000,8280.9,8292.3,8277.8,8278,3657,0
20250709,230000,8278.1,8282.6,8267.5,8276.4,1461,0
20250710,080000,8278,8278,8278,8278,332,0
20250710,090000,8281.2,8298.5,8281.2,8294.3,5162,0
20250710,100000,8294.2,8296.4,8257.7,8261.2,33732,0
20250710,110000,8263.4,8287.2,8255.4,8281.2,16166,0
20250710,120000,8281.4,8281.4,8271.8,8278.2,3985,0
20250710,130000,8277.7,8279.2,8270.5,8275.9,9555,0
20250710,140000,8276.5,8288.9,8262.8,8264.7,10147,0
20250710,150000,8264.8,8279.1,8262.4,8271.2,9758,0
20250710,160000,8271.9,8279.8,8255.1,8255.6,10040,0
20250710,170000,8255.9,8267,8251.2,8252.5,15110,0
20250710,180000,8252,8262.5,8252,8253,3794,0
20250710,190000,8259.9,8265.4,8205,8222.8,17892,0
20250710,200000,8222.8,8239.7,8222.8,8233,3557,0
20250710,210000,8232,8251.9,8231.8,8248.2,2619,0
20250710,220000,8247.8,8249.2,8236.2,8244.2,1777,0
20250710,230000,8246.2,8246.3,8236.4,8244.8,988,0
20250711,080000,8258,8258,8258,8258,239,0
20250711,090000,8258,8294,8258,8279.1,12677,0
20250711,100000,8280.4,8300,8274.4,8298.8,50976,0
20250711,110000,8298.9,8304.9,8279,8280,20893,0
20250711,120000,8279,8286.1,8275.9,8284.9,10297,0
20250711,130000,8285.7,8301.4,8282.7,8296,11126,0
20250711,140000,8296,8306,8289.4,8304,16148,0
20250711,150000,8304,8329.8,8298.6,8320.6,23107,0
20250711,160000,8320.4,8341,8312.5,8340.2,25742,0
20250711,170000,8341,8410.5,8341,8409.9,52704,0
20250711,180000,8409.8,8424,8393.4,8397,44177,0
20250711,190000,8400,8422,8393,8412.5,13779,0
20250711,200000,8412.5,8413.1,8392.9,8408.6,4105,0
20250711,210000,8408.4,8421.5,8407.2,8421.5,2482,0
20250711,220000,8421.5,8431.2,8421.4,8422.6,6934,0
20250711,230000,8424.1,8430,8412,8430,3438,0
20250714,080000,8435,8435,8435,8435,105,0
20250714,090000,8435.5,8443,8395.3,8427.7,13266,0
20250714,100000,8427.2,8429.1,8397.2,8398.1,22402,0
20250714,110000,8399.9,8402.9,8375.1,8384.3,21737,0
20250714,120000,8383.3,8393.9,8374.2,8383.3,13661,0
20250714,130000,8383.3,8401.5,8383.3,8397.1,11564,0
20250714,140000,8396.2,8398.3,8370.8,8378.7,19700,0
20250714,150000,8378.7,8385.5,8351.1,8352,26875,0
20250714,160000,8352.3,8390.1,8346.2,8363,31930,0
20250714,170000,8362.9,8369.4,8334.1,8349.6,22719,0
20250714,180000,8351.5,8364.7,8340.2,8341.8,13449,0
20250714,190000,8341,8434.8,8323.8,8333.7,10388,0
20250714,200000,8332.9,8355.8,8327.2,8343.4,7914,0
20250714,210000,8344.5,8344.7,8335.3,8336,1850,0
20250714,220000,8338,8339.3,8331.2,8332.1,1597,0
20250714,230000,8332.2,8334.5,8328,8334.5,1640,0
20250715,080000,8372,8372,8372,8372,254,0
20250715,090000,8372,8391.6,8354.1,8360.6,4988,0
20250715,100000,8360,8373.5,8347,8366.6,35739,0
20250715,110000,8363.5,8372.5,8345,8349.3,33930,0
20250715,120000,8347.8,8351.8,8334,8342,13937,0
20250715,130000,8342.1,8345.7,8336,8336,6881,0
20250715,140000,8337,8342.8,8327.8,8332.7,7830,0
20250715,150000,8333.1,8340.9,8313.1,8322.1,11921,0
20250715,160000,8322.7,8327.3,8296.4,8316.6,36744,0
20250715,170000,8317.5,8319,8305.1,8315.9,10565,0
20250715,180000,8312.7,8321.6,8270.1,8289.5,21813,0
20250715,190000,8295.4,8295.4,8260.1,8292.6,9801,0
20250715,200000,8292.4,8299,8281.6,8288,3606,0
20250715,210000,8288,8296.7,8275.5,8287.8,3455,0
20250715,220000,8287.2,8292.5,8284,8290.7,2417,0
20250715,230000,8291.4,8299.8,8285.1,8285.4,1747,0
20250716,080000,8330,8330,8330,8330,196,0
20250716,090000,8330,8344,8294.3,8296.1,8661,0
20250716,100000,8299.1,8304.2,8280.4,8282.6,15485,0
20250716,110000,8282.1,8296.7,8280.2,8294.1,15810,0
20250716,120000,8296.3,8301.8,8283,8297.5,23371,0
20250716,130000,8297.1,8317,8296,8307.2,34718,0
20250716,140000,8309.9,8321.2,8301.8,8320.1,40396,0
20250716,150000,8320.1,8326,8311.2,8320.7,31853,0
20250716,160000,8320.3,8332.9,8304,8311,76503,0
20250716,170000,8311,8333.3,8289.1,8329.3,69722,0
20250716,180000,8327.7,8400,8326.5,8363.6,56788,0
20250716,190000,8358,8365.6,8329,8347.9,9797,0
20250716,200000,8349.9,8372.9,8348.9,8364.5,3420,0
20250716,210000,8365,8373.4,8351.4,8353.1,3932,0
20250716,220000,8351.1,8352.7,8340.5,8346.7,3133,0
20250716,230000,8347.3,8355.7,8344.7,8349,914,0
20250717,080000,8346,8346,8346,8346,10,0
20250717,090000,8344.7,8344.7,8308.5,8329.9,14427,0
20250717,100000,8327.6,8358.9,8301.7,8304.9,29148,0
20250717,110000,8304.9,8321,8301,8314.2,20757,0
20250717,120000,8314.2,8326.5,8307.1,8308.9,40406,0
20250717,130000,8309,8319.7,8305.6,8317.5,13160,0
20250717,140000,8317.5,8318.8,8298,8302.3,10309,0
20250717,150000,8304.4,8306,8273,8278,63000,0
20250717,160000,8278.9,8286.3,8266.1,8281,29439,0
20250717,170000,8283.3,8322.2,8278.8,8314.1,18607,0
20250717,180000,8314.7,8324.7,8303.2,8316.6,13033,0
20250717,190000,8322.4,8333.1,8322.3,8322.4,6266,0
20250717,200000,8321.5,8331.5,8318.3,8324.9,1712,0
20250717,210000,8324.9,8325.5,8310.9,8321,4778,0
20250717,220000,8322.4,8325.3,8321.4,8325.2,1079,0
20250717,230000,8325,8340,8320.4,8320.4,1614,0
20250718,080000,8340,8340,8340,8340,23,0
20250718,090000,8324.7,8350,8307.5,8341.9,5718,0
20250718,100000,8342.5,8345.5,8323.9,8345,23278,0
20250718,110000,8344.7,8352.1,8340.1,8348.5,11591,0
20250718,120000,8348.6,8367.8,8347.1,8359,20911,0
20250718,130000,8358.8,8373,8350.3,8371.9,20127,0
20250718,140000,8371.9,8390.9,8368,8383.7,45298,0
20250718,150000,8385.9,8413.7,8378.1,8405.4,38326,0
20250718,160000,8406.8,8419.1,8389.3,8395.8,40473,0
20250718,170000,8395.8,8401.8,8383.1,8394,21873,0
20250718,180000,8394,8397,8379.7,8385,7395,0
20250718,190000,8395.6,8410,8390,8400.9,5908,0
20250718,200000,8399.9,8401.2,8388.3,8388.3,2277,0
20250718,210000,8391.2,8394.5,8386.6,8393,966,0
20250718,220000,8393.7,8399.9,8386,8390.7,2234,0
20250718,230000,8390.1,8396.3,8382,8382,1394,0
20250721,080000,8410,8410,8410,8410,163,0
20250721,090000,8410.4,8425.2,8408.2,8413,10785,0
20250721,100000,8412.8,8416.2,8390,8395.7,13078,0
20250721,110000,8393.3,8395.2,8381.8,8390.1,4839,0
20250721,120000,8390.1,8394,8382.1,8390.7,11548,0
20250721,130000,8390.1,8393.4,8373,8381.7,7532,0
20250721,140000,8382.6,8400.9,8378.4,8400.9,6097,0
20250721,150000,8400.2,8419.9,8400.1,8415.7,17821,0
20250721,160000,8416.8,8429.5,8407,8420.2,23825,0
20250721,170000,8420.2,8459.8,8412.2,8459,41142,0
20250721,180000,8458.7,8467,8438,8439,20784,0
20250721,190000,8437.8,8445.5,8416.4,8439.9,3832,0
20250721,200000,8439.9,8441.1,8436,8437,1118,0
20250721,210000,8437,8439.1,8433.5,8435.3,1663,0
20250721,220000,8435.6,8441.6,8435.4,8441.2,449,0
20250721,230000,8438.7,8445.9,8437.4,8445.9,892,0
20250722,080000,8425,8425,8425,8425,549,0
20250722,090000,8424.1,8441.8,8422.9,8426,6266,0
20250722,100000,8427.4,8430.1,8415,8417.5,15939,0
20250722,110000,8417.4,8431,8414.8,8429.2,17357,0
20250722,120000,8427.1,8440,8418.9,8438.2,13768,0
20250722,130000,8438.5,8443.1,8426.1,8426.1,29354,0
20250722,140000,8432,8450,8428.4,8446.6,28437,0
20250722,150000,8446.6,8469.3,8446.6,8462.6,36797,0
20250722,160000,8462.6,8493.1,8462.5,8484.2,58563,0
20250722,170000,8484.6,8517.7,8473.4,8516.1,47047,0
20250722,180000,8516.2,8522.2,8509.3,8521,43375,0
20250722,190000,8520.3,8541.1,8517.8,8538.3,14563,0
20250722,200000,8538.1,8540,8530,8531.5,3698,0
20250722,210000,8531.5,8538.9,8530,8530,2089,0
20250722,220000,8530.8,8534.7,8529.4,8529.5,1536,0
20250722,230000,8529.1,8534.5,8524.9,8525.5,2227,0
20250723,080000,8517.9,8517.9,8517.9,8517.9,81,0
20250723,090000,8515.8,8550,8505.8,8534.5,7000,0
20250723,100000,8535,8536.7,8518,8522.2,48237,0
20250723,110000,8522.3,8541.7,8522.3,8537,15396,0
20250723,120000,8536.6,8541,8530,8540.6,16306,0
20250723,130000,8538.9,8541.8,8527.7,8530,9703,0
20250723,140000,8532.7,8543.8,8526,8543.8,18193,0
20250723,150000,8543.8,8544.3,8524,8525.1,21734,0
20250723,160000,8525.1,8525.3,8494.5,8502.3,34210,0
20250723,170000,8501.9,8521.3,8501,8507.2,12545,0
20250723,180000,8508.5,8512.3,8488.3,8489.6,10689,0
20250723,190000,8489,8489,8441,8456.7,23847,0
20250723,200000,8455.6,8472,8455,8467.8,7241,0
20250723,210000,8468,8483,8464.6,8477,4765,0
20250723,220000,8477,8479.6,8462.1,8464.8,1489,0
20250723,230000,8464.4,8476.6,8459.6,8459.6,3659,0
20250724,080000,8450,8450,8450,8450,75,0
20250724,090000,8450,8452,8421,8428,20455,0
20250724,100000,8428.4,8480.2,8424,8463.7,52092,0
20250724,110000,8464.7,8496.5,8464.4,8484.1,35713,0
20250724,120000,8484.8,8517,8481.2,8486.1,38526,0
20250724,130000,8486.9,8486.9,8478,8483.2,6712,0
20250724,140000,8483,8484.9,8464.1,8466.6,11392,0
20250724,150000,8466.6,8478.9,8440.8,8449.2,28074,0
20250724,160000,8447.5,8480.1,8439.1,8477.4,21969,0
20250724,170000,8476.3,8508.5,8467.3,8496.9,38809,0
20250724,180000,8499.2,8507.2,8492.2,8497.6,14168,0
20250724,190000,8498.3,8515,8463.7,8500.2,8476,0
20250724,200000,8500.1,8504.8,8492.1,8493.8,6188,0
20250724,210000,8494.3,8510.5,8492.6,8510.2,2752,0
20250724,220000,8510.3,8515,8510.2,8510.2,2703,0
20250724,230000,8511.9,8513,8500,8500.1,2649,0
20250725,080000,8489.8,8489.8,8489.8,8489.8,720,0
20250725,090000,8489,8504.2,8477,8501.2,9065,0
20250725,100000,8501.2,8512.6,8475.6,8478.4,29486,0
20250725,110000,8478.4,8483,8467.1,8470.4,11933,0
20250725,120000,8470,8473.1,8455.3,8468.2,14554,0
20250725,130000,8468.1,8473.9,8425,8430.2,23352,0
20250725,140000,8432.6,8447.8,8427.2,8434.6,28325,0
20250725,150000,8435.3,8443.7,8424,8434.4,13828,0
20250725,160000,8435.1,8456.6,8430,8451.7,18992,0
20250725,170000,8450.7,8453.1,8416.6,8423.1,19754,0
20250725,180000,8422,8425.9,8391.1,8407,23095,0
20250725,190000,8407.9,8416.3,8397.5,8413.5,5575,0
20250725,200000,8412.5,8435.9,8409.6,8432,4249,0
20250725,210000,8430.6,8435,8427.7,8430.2,4125,0
20250725,220000,8429.8,8430.3,8420.7,8424.8,925,0
20250725,230000,8424.9,8435,8416.1,8435,2393,0
20250728,080000,8443,8443,8443,8443,106,0
20250728,090000,8443,8449,8411.1,8426.5,11429,0
20250728,100000,8426.5,8431,8411.5,8422.9,12000,0
20250728,110000,8422.9,8456.6,8422.1,8444.1,29405,0
20250728,120000,8444.7,8465.4,8444.7,8464.7,36348,0
20250728,130000,8464.7,8477.6,8459.7,8471.3,22416,0
20250728,140000,8473.3,8476.2,8460,8461.6,11479,0
20250728,150000,8461.6,8511,8459.1,8501.9,36984,0
20250728,160000,8501.9,8523,8482.4,8511.7,40974,0
20250728,170000,8512.8,8547.2,8495.5,8534,51849,0
20250728,180000,8533,8560.3,8511.8,8543.8,31259,0
20250728,190000,8550,8582.8,8543.1,8557.4,11282,0
20250728,200000,8557.3,8557.8,8530,8537.3,6552,0
20250728,210000,8537.4,8567.9,8537.4,8564.8,5161,0
20250728,220000,8567.9,8575,8560,8574.8,4530,0
20250728,230000,8574.5,8580.8,8560,8569.9,4355,0
20250729,080000,8562.1,8562.1,8562.1,8562.1,20,0
20250729,090000,8569,8639.5,8543,8606.5,35287,0
20250729,100000,8606.5,8674.8,8582.9,8668.4,112911,0
20250729,110000,8669.6,8684.2,8641,8668.7,63503,0
20250729,120000,8668.4,8671.1,8633.7,8649.3,39641,0
20250729,130000,8649.6,8662,8630,8634.2,27414,0
20250729,140000,8633,8647.7,8603.9,8644.4,25785,0
20250729,150000,8645,8659.1,8622.1,8634,21226,0
20250729,160000,8632.5,8653.5,8618.7,8645,12597,0
20250729,170000,8646,8679.9,8627,8679,24484,0
20250729,180000,8678.9,8698,8657,8660,19026,0
20250729,190000,8664.9,8675.8,8651,8651.8,8567,0
20250729,200000,8651,8697,8643,8693.9,9873,0
20250729,210000,8696.9,8723.3,8690.1,8690.5,18149,0
20250729,220000,8691.5,8704.4,8680.7,8683.8,5573,0
20250729,230000,8682,8695,8670,8670,4118,0
20250730,080000,8672,8672,8672,8672,9,0
20250730,090000,8677,8708.5,8632.2,8649.8,25559,0
20250730,100000,8649.9,8660,8627,8655.1,40610,0
20250730,110000,8656.4,8678.4,8650.5,8662.8,22228,0
20250730,120000,8662.2,8663.1,8642.1,8642.6,11852,0
20250730,130000,8642.3,8648.9,8631,8641,38978,0
20250730,140000,8635.1,8650.2,8616,8630,21390,0
20250730,150000,8627.4,8627.9,8570.9,8588.1,33255,0
20250730,160000,8588,8592.6,8520.1,8527.4,54540,0
20250730,170000,8525.1,8536,8500,8525.6,46702,0
20250730,180000,8526.8,8529,8488.8,8498.1,26606,0
20250730,190000,8493,8528.5,8490,8516.8,12288,0
20250730,200000,8516.4,8530,8510,8530,4275,0
20250730,210000,8529.8,8550.4,8474.3,8482,27968,0
20250730,220000,8481.9,8494,8455.8,8461.8,17142,0
20250730,230000,8461.9,8496.5,8455,8480.4,15286,0
20250731,080000,8513,8513,8513,8513,428,0
20250731,090000,8513.8,8537,8482,8511.6,16624,0
20250731,100000,8510.8,8515.2,8422,8425.7,92422,0
20250731,110000,8425.9,8456.1,8410,8423.2,88693,0
20250731,120000,8423.1,8461,8409.2,8453.6,27999,0
20250731,130000,8454.9,8461.9,8449.1,8450,19674,0
20250731,140000,8454.6,8493,8454.6,8470.7,23336,0
20250731,150000,8471.4,8486.2,8470,8472.1,8508,0
20250731,160000,8472,8473.8,8462.3,8468,26722,0
20250731,170000,8465.8,8465.8,8418.9,8432.7,28874,0
20250731,180000,8436.5,8456.9,8416.9,8431.1,12524,0
20250731,190000,8437,8450.9,8423.9,8446.8,5022,0
20250731,200000,8446.5,8450.6,8438.5,8438.6,2781,0
20250731,210000,8438.6,8450.6,8430.1,8444.6,3380,0
20250731,220000,8445,8446.4,8432.2,8436.1,1661,0
20250731,230000,8435.1,8448,8435.1,8436,2404,0
20250801,080000,8441,8441,8441,8441,14,0
20250801,090000,8440.7,8469,8420.1,8429,9027,0
20250801,100000,8429,8448,8421.2,8428,28377,0
20250801,110000,8428.2,8445,8417.2,8445,17742,0
20250801,120000,8445,8451.7,8434.7,8436.6,13860,0
20250801,130000,8435,8447.9,8420.1,8437,11708,0
20250801,140000,8442,8449.3,8436.1,8447.7,16514,0
20250801,150000,8449.1,8536.2,8432.1,8518.3,55046,0
20250801,160000,8518.3,8535.9,8481.4,8500,42123,0
20250801,170000,8499.7,8525.9,8498.8,8520.7,31946,0
20250801,180000,8522.9,8529.4,8508.1,8512.3,20472,0
20250801,190000,8515.9,8535.8,8509.4,8532.8,7518,0
20250801,200000,8531.6,8549.9,8523.1,8524.6,6740,0
20250801,210000,8525,8538,8525,8529.1,2791,0
20250801,220000,8530,8564.2,8530,8554,11257,0
20250801,230000,8554,8562.4,8541,8541,8646,0
20250804,080000,8541,8541,8541,8541,217,0
20250804,090000,8540,8559.2,8521.1,8546,12253,0
20250804,100000,8545.1,8545.6,8516,8522.6,45054,0
20250804,110000,8523,8538.2,8519.2,8531.2,17872,0
20250804,120000,8531.6,8551,8523.5,8534.9,49207,0
20250804,130000,8536.3,8538.2,8522.5,8534,15011,0
20250804,140000,8535.5,8568,8535.5,8566.9,18797,0
20250804,150000,8567.7,8568.9,8546,8556,21493,0
20250804,160000,8556,8580,8555.7,8576.6,24117,0
20250804,170000,8577,8578.8,8552.6,8562.4,20778,0
20250804,180000,8564.5,8571.1,8555,8570,10445,0
20250804,190000,8568.7,8579.4,8561.5,8566.3,5616,0
20250804,200000,8567.6,8570.2,8555,8559.1,3575,0
20250804,210000,8558.2,8570.6,8555.5,8556,2271,0
20250804,220000,8556,8570.8,8556,8567.1,1607,0
20250804,230000,8569.5,8577,8557,8562,1557,0
20250805,090000,8557,8574.3,8554.1,8554.7,3932,0
20250805,100000,8554.7,8614.9,8541.9,8587,52742,0
20250805,110000,8585.1,8592.1,8560.7,8565.1,30487,0
20250805,120000,8565,8593.9,8562.7,8578.4,56531,0
20250805,130000,8577.7,8589.8,8574.9,8578.4,22563,0
20250805,140000,8578.2,8593.8,8576.7,8588.2,38290,0
20250805,150000,8588.2,8625,8582.8,8610.5,51830,0
20250805,160000,8611,8629.1,8598.5,8606.3,21182,0
20250805,170000,8608.1,8627,8599.1,8621.9,14747,0
20250805,180000,8623.4,8632.8,8608,8624.9,21225,0
20250805,190000,8624,8636.4,8612.4,8625.1,4114,0
20250805,200000,8625.1,8627.7,8617.7,8622.6,1874,0
20250805,210000,8619,8622.4,8616,8616.5,1162,0
20250805,220000,8616.4,8622,8615,8616.5,1790,0
20250805,230000,8616,8620,8610.9,8613.5,1875,0
20250806,090000,8613.1,8629.7,8601.1,8601.7,8437,0
20250806,100000,8603.3,8637.2,8593.3,8624,29434,0
20250806,110000,8624,8629.5,8608.4,8618.1,10836,0
20250806,120000,8619.1,8624.8,8612.8,8615,16536,0
20250806,130000,8615,8630.2,8605,8614,20691,0
20250806,140000,8613.2,8623.6,8608.9,8617.3,18721,0
20250806,150000,8616.4,8629.9,8601.3,8621.8,10365,0
20250806,160000,8621,8640.2,8616,8633.3,19532,0
20250806,170000,8635.9,8656.4,8628,8655.5,18946,0
20250806,180000,8655.5,8655.8,8631.9,8647.9,9214,0
20250806,190000,8648,8660,8635.4,8637.8,7546,0
20250806,200000,8638,8638,8580.1,8611.2,29509,0
20250806,210000,8610.1,8614.1,8591.7,8601,3601,0
20250806,220000,8602.1,8602.1,8519.2,8560.1,41898,0
20250806,230000,8558.7,8581,8546,8580,23271,0
20250807,090000,8581,8624,8576,8616.1,13037,0
20250807,100000,8618.3,8627.5,8606,8611.7,61848,0
20250807,110000,8613.7,8617,8583.2,8587.8,49892,0
20250807,120000,8587.6,8605.1,8584.3,8596.6,18629,0
20250807,130000,8597.5,8599.8,8575,8588,15156,0
20250807,140000,8587.7,8606,8587,8596.4,18933,0
20250807,150000,8595.9,8612.6,8587.2,8601.6,17585,0
20250807,160000,8602.4,8625.6,8602,8607,18274,0
20250807,170000,8606.3,8614.3,8581,8604.4,40317,0
20250807,180000,8604.3,8617.3,8594.9,8599.6,12538,0
20250807,190000,8605,8625.6,8599.6,8623.1,8571,0
20250807,200000,8623.1,8625.4,8613,8625.4,8259,0
20250807,210000,8625.4,8644.2,8619,8620.6,18142,0
20250807,220000,8620.6,8641.3,8611.4,8637.5,11350,0
20250807,230000,8636.9,8642,8629,8630,6742,0
20250808,090000,8635,8679.8,8635,8663.3,29034,0
20250808,100000,8663.5,8709.6,8652.6,8679.6,74566,0
20250808,110000,8680.5,8684.8,8654.1,8658,20632,0
20250808,120000,8658,8682.5,8644.9,8681.4,44095,0
20250808,130000,8681.8,8701.9,8680,8681.6,44487,0
20250808,140000,8681.2,8709.2,8680,8684.6,41704,0
20250808,150000,8684.1,8714.2,8672.2,8699.8,49409,0
20250808,160000,8699.8,8709,8679,8695,22115,0
20250808,170000,8698.3,8698.3,8662,8683.7,28879,0
20250808,180000,8683.7,8686.3,8663,8664.1,15767,0
20250808,190000,8673,8697.4,8664,8677.4,6643,0
20250808,200000,8678,8689,8640,8640,8123,0
20250808,210000,8642.8,8674,8616.9,8650.1,28228,0
20250808,220000,8650.1,8662.9,8642.1,8659,5907,0
20250808,230000,8658,8664,8640,8649.6,8196,0
20250811,090000,8627.7,8630,8562,8569.4,45019,0
20250811,100000,8569.4,8570.1,8511.7,8533,77681,0
20250811,110000,8534.1,8565.5,8528,8558.6,35751,0
20250811,120000,8558.5,8571,8546.4,8556.9,23421,0
20250811,130000,8556.1,8579.4,8553,8579.4,20724,0
20250811,140000,8577.7,8577.7,8546.4,8564,16088,0
20250811,150000,8565,8573,8543.6,8570.2,22275,0
20250811,160000,8570.5,8578.6,8551.9,8575.5,18952,0
20250811,170000,8575.2,8577,8536.2,8543.9,27326,0
20250811,180000,8542.7,8551,8535,8542.6,10604,0
20250811,190000,8539.8,8548,8530,8532.8,4362,0
20250811,200000,8532.6,8562,8511.7,8552.8,16075,0
20250811,210000,8553,8555.6,8539.6,8550,6648,0
20250811,220000,8550,8555.1,8531.6,8537,6020,0
20250811,230000,8537.4,8561.6,8521,8533,5191,0
20250812,090000,8537,8568,8524.1,8535.7,10862,0
20250812,100000,8538.5,8557.1,8530.8,8549.3,47014,0
20250812,110000,8548.5,8557.3,8531.8,8539.9,27991,0
20250812,120000,8540,8541.8,8524.5,8531.3,15506,0
20250812,130000,8531.7,8541.3,8522,8535.8,9902,0
20250812,140000,8531,8531.9,8518,8525.9,27770,0
20250812,150000,8526,8530,8488.5,8519.1,79785,0
20250812,160000,8517.3,8525,8495.6,8506.7,36557,0
20250812,170000,8507.4,8507.8,8480,8495.2,36874,0
20250812,180000,8494.1,8530,8493.9,8504.7,24738,0
20250812,190000,8505.7,8521.5,8496.1,8515.8,4929,0
20250812,200000,8516,8520,8506.6,8509.5,4967,0
20250812,210000,8509.3,8515.5,8509.3,8513.1,1090,0
20250812,220000,8512.8,8516.9,8508,8514.8,1543,0
20250812,230000,8514.8,8517.8,8512.3,8517.8,1748,0
20250813,090000,8518,8535,8512.9,8533.7,10065,0
20250813,100000,8533.6,8545.2,8525.3,8541.1,24949,0
20250813,110000,8541.1,8559,8534.8,8549.5,25588,0
20250813,120000,8550.2,8566.5,8542,8565.3,18790,0
20250813,130000,8564.8,8573,8561.1,8566.5,17657,0
20250813,140000,8565.3,8565.9,8546.2,8560.7,13190,0
20250813,150000,8562,8566.8,8554.5,8560.9,17616,0
20250813,160000,8562.1,8564.4,8546.2,8563.4,13973,0
20250813,170000,8563.4,8572.8,8551.2,8567.4,30839,0
20250813,180000,8567.9,8568.7,8549.3,8559,19311,0
20250813,190000,8557,8580,8557,8571.1,8254,0
20250813,200000,8572.1,8576.7,8557,8561.1,2028,0
20250813,210000,8560.4,8565.1,8556.2,8565,3014,0
20250813,220000,8564.9,8579,8562.8,8578.9,4387,0
20250813,230000,8577.9,8585.1,8570.2,8576,4728,0
20250814,090000,8578,8585,8561,8580.1,7827,0
20250814,100000,8581.1,8588.8,8547.3,8550.4,43034,0
20250814,110000,8549.5,8567.2,8537.8,8547.5,40463,0
20250814,120000,8547.3,8567,8544.8,8557.7,21750,0
20250814,130000,8559.2,8560.5,8532.1,8548,20836,0
20250814,140000,8546.8,8552.4,8539,8551.5,8624,0
20250814,150000,8552,8555.9,8527.1,8538.9,23737,0
20250814,160000,8539.4,8543.2,8521.5,8524.2,13289,0
20250814,170000,8523.2,8531.9,8503.2,8518.2,38146,0
20250814,180000,8519.8,8520.7,8504.1,8504.4,18124,0
20250814,190000,8505,8570,8505,8533.1,52649,0
20250814,200000,8535,8558.9,8534.7,8537,10111,0
20250814,210000,8542,8546,8535,8537.9,2994,0
20250814,220000,8537.4,8545,8537.4,8541.5,2733,0
20250814,230000,8542.5,8545,8530,8536,3608,0
20250815,090000,8541.7,8558,8541.1,8545,10930,0
20250815,100000,8545,8553,8533,8542.9,21497,0
20250815,110000,8543.6,8544.5,8525.2,8530.9,15564,0
20250815,120000,8531,8534.9,8515,8532,20759,0
20250815,130000,8530.8,8533.1,8519,8526.7,23126,0
20250815,140000,8522.7,8531.8,8522,8526.6,4984,0
20250815,150000,8529.4,8540.9,8520.9,8539.3,17374,0
20250815,160000,8539.2,8544,8531,8532.8,17878,0
20250815,170000,8534.2,8544.2,8534.1,8543.4,14055,0
20250815,180000,8542.3,8552,8540.7,8550.9,23536,0
20250815,190000,8551,8564,8539.7,8544.9,3715,0
20250815,200000,8544.8,8547.6,8538.1,8540.6,2019,0
20250815,210000,8540.6,8545.8,8536.3,8537.6,932,0
20250815,220000,8537,8539,8503.9,8536.1,9713,0
20250815,230000,8534.4,8543.1,8522.3,8537,5550,0
20250816,100000,8532,8542.2,8518.1,8531,1515,0
20250816,110000,8531,8546,8520.1,8527,1815,0
20250816,120000,8533,8551.2,8527,8543,427,0
20250816,130000,8544,8549,8532,8540,788,0
20250816,140000,8540,8549,8523.1,8534,905,0
20250816,150000,8530,8548,8530,8542,413,0
20250816,160000,8543,8543,8537,8540,134,0
20250816,170000,8538,8543,8530,8543,784,0
20250816,180000,8542.7,8543,8531,8531,761,0
20250817,100000,8537,8548,8537,8546.7,187,0
20250817,110000,8546,8546,8524.8,8541,605,0
20250817,120000,8537,8544.5,8531,8540,209,0
20250817,130000,8539,8544,8539,8543,125,0
20250817,140000,8542.9,8543,8539,8543,142,0
20250817,150000,8542,8547,8541,8546,529,0
20250817,160000,8541,8548.1,8540,8543,506,0
20250817,170000,8548,8548,8541,8541,204,0
20250817,180000,8541.1,8546,8539,8546,152,0
20250818,090000,8568,8597.6,8568,8577.8,11771,0
20250818,100000,8577.9,8607.9,8576.2,8604.8,41812,0
20250818,110000,8604.8,8615.3,8585.6,8594.5,38085,0
20250818,120000,8592.6,8604.2,8587.2,8601.2,13513,0
20250818,130000,8601.5,8614.3,8597.8,8598.9,19495,0
20250818,140000,8605,8609.9,8594.3,8597.7,28538,0
20250818,150000,8597.7,8606.8,8591.5,8597.4,16181,0
20250818,160000,8597.5,8599.3,8580.5,8585.6,18579,0
20250818,170000,8585.6,8593.9,8580.1,8583.3,18244,0
20250818,180000,8583.3,8584.5,8576.3,8577,25002,0
20250818,190000,8577,8582.7,8565,8578.2,4845,0
20250818,200000,8578.4,8580.7,8575,8580.4,3795,0
20250818,210000,8580.3,8581.6,8550,8552.8,7105,0
20250818,220000,8552.1,8574.6,8541.2,8572.8,6373,0
20250818,230000,8573,8573.8,8563.7,8563.7,3780,0
20250819,090000,8565.2,8595.4,8565.2,8586.2,6457,0
20250819,100000,8585.1,8591.2,8572,8583,12688,0
20250819,110000,8583.7,8589.7,8578,8587.7,17811,0
20250819,120000,8587.9,8596.5,8585,8594.7,10338,0
20250819,130000,8595.7,8611.3,8592,8604.1,23009,0
20250819,140000,8604.8,8611.8,8596.6,8600.3,28010,0
20250819,150000,8600.3,8603.4,8579,8579,19995,0
20250819,160000,8578.9,8598.2,8568.6,8587.1,45607,0
20250819,170000,8587.2,8587.3,8559.7,8562.5,35164,0
20250819,180000,8560.9,8564,8552,8557.6,16634,0
20250819,190000,8558.5,8570,8555.7,8557.7,6090,0
20250819,200000,8556.4,8561,8551.4,8558.7,2931,0
20250819,210000,8556.6,8561.1,8550.2,8557.7,3579,0
20250819,220000,8559.1,8561.3,8544.6,8544.6,7762,0
20250819,230000,8544.5,8555,8541.7,8555,4779,0
20250820,090000,8559.1,8580,8542.5,8567,3471,0
20250820,100000,8567.4,8569.2,8525,8530.9,27375,0
20250820,110000,8530.1,8533.8,8521,8531.5,21364,0
20250820,120000,8531.8,8546.4,8526.8,8535.6,16889,0
20250820,130000,8535.7,8547,8534.1,8541.8,11356,0
20250820,140000,8541.6,8549,8533,8547.6,6171,0
20250820,150000,8546.7,8572.6,8546.5,8569.7,13598,0
20250820,160000,8568,8581,8563.1,8577,38859,0
20250820,170000,8577,8585,8565.6,8576.2,17305,0
20250820,180000,8576.9,8578.5,8561.1,8562,8717,0
20250820,190000,8562,8582.6,8562,8577,11943,0
20250820,200000,8575.6,8578,8571.8,8577.5,1966,0
20250820,210000,8577.5,8580,8574.1,8580,1513,0
20250820,220000,8580,8587,8579,8584.4,2768,0
20250820,230000,8584.3,8585.9,8581.9,8585.1,511,0
20250821,090000,8577.2,8583,8562.8,8578.6,5813,0
20250821,100000,8579.6,8586.4,8567,8569.9,14104,0
20250821,110000,8568.1,8584.4,8568.1,8582.9,15241,0
20250821,120000,8581.1,8590,8575.7,8583.7,12273,0
20250821,130000,8583.7,8584.4,8559.1,8560.6,27801,0
20250821,140000,8560,8576.5,8554.3,8569,10368,0
20250821,150000,8569,8588.4,8568.5,8583.9,14049,0
20250821,160000,8584,8593,8574.7,8585.7,21685,0
20250821,170000,8585.8,8603.9,8582.1,8603.5,14924,0
20250821,180000,8603.7,8611,8597.6,8605,18259,0
20250821,190000,8605,8614.9,8599.7,8601.9,9847,0
20250821,200000,8601.5,8603.9,8600,8600.7,3126,0
20250821,210000,8600,8604.9,8600,8602.8,1071,0
20250821,220000,8604.3,8608.7,8602.6,8602.7,1323,0
20250821,230000,8602.7,8604.6,8601.1,8601.1,1154,0
20250822,090000,8589.9,8590.4,8577.2,8584.1,12087,0
20250822,100000,8583.2,8590,8568.2,8570,28520,0
20250822,110000,8570.4,8575.5,8568,8572,16616,0
20250822,120000,8571.3,8582.1,8569.5,8578.4,13051,0
20250822,130000,8580.2,8586,8574.3,8582.8,17524,0
20250822,140000,8581.2,8597.8,8581.2,8596,35919,0
20250822,150000,8596,8596.8,8577.4,8589.4,17954,0
20250822,160000,8590,8610,8582,8610,18970,0
20250822,170000,8610,8676.6,8610,8660.3,123059,0
20250822,180000,8660.5,8679,8654,8660.1,33758,0
20250822,190000,8664.1,8679.8,8660.3,8673,7359,0
20250822,200000,8675,8675.2,8667.5,8670.8,2414,0
20250822,210000,8670.7,8679.8,8668,8678.1,3524,0
20250822,220000,8678.1,8679.8,8672.1,8679.5,4607,0
20250822,230000,8679.3,8679.9,8665.1,8672.7,3412,0
20250823,100000,8675,8675,8659.7,8663,1294,0
20250823,110000,8663,8663,8658,8660,1237,0
20250823,120000,8660,8664.9,8657.8,8658,765,0
20250823,130000,8658,8658,8652.5,8658,2213,0
20250823,140000,8658,8664.1,8655.1,8659.1,1685,0
20250823,150000,8663.9,8664.8,8661.3,8664.8,185,0
20250823,160000,8664.8,8669.6,8661.5,8661.5,3025,0
20250823,170000,8661.5,8666.8,8661.5,8661.6,20,0
20250823,180000,8666.8,8666.8,8660,8661,333,0
20250824,100000,8661,8669.6,8656,8668.3,495,0
20250824,110000,8668,8670,8661.7,8662,1094,0
20250824,120000,8662,8663,8661.9,8663,224,0
20250824,130000,8663,8669.9,8657.1,8669,1375,0
20250824,140000,8668.7,8669.4,8659.8,8664.2,1071,0
20250824,150000,8665.9,8666,8664,8664,96,0
20250824,160000,8663.5,8666,8659,8659.4,479,0
20250824,170000,8665.8,8666,8659.4,8666,148,0
20250824,180000,8659.8,8666,8659.2,8666,265,0
20250825,090000,8656,8676.7,8653,8673.2,13261,0
20250825,100000,8672.9,8684.5,8658,8681.1,64437,0
20250825,110000,8681.2,8687.9,8666.1,8673,44711,0
20250825,120000,8672.5,8675.5,8664.2,8675.5,28624,0
20250825,130000,8674.9,8683.8,8666.2,8676.1,36237,0
20250825,140000,8675.3,8683.9,8671.5,8681.7,15322,0
20250825,150000,8682.2,8683.3,8655.6,8658.5,34176,0
20250825,160000,8656.7,8659.6,8646.8,8655.4,34215,0
20250825,170000,8653.9,8653.9,8623.8,8633,49723,0
20250825,180000,8631.6,8646.5,8622.5,8640.3,27716,0
20250825,190000,8643,8652.9,8620.1,8644.2,8015,0
20250825,200000,8644,8647.1,8632.3,8636.9,8795,0
20250825,210000,8636.1,8643.6,8633,8636.3,2765,0
20250825,220000,8636,8636.3,8623.3,8623.3,4901,0
20250825,230000,8623.6,8629,8620.8,8623.6,1375,0
20250826,090000,8633,8658.9,8633,8643.8,7140,0
20250826,100000,8645.4,8668.7,8637.8,8666.7,22000,0
20250826,110000,8668.1,8674.3,8656.1,8661,14267,0
20250826,120000,8661,8667,8652,8656.1,13125,0
20250826,130000,8655,8659.4,8648.5,8654.2,3687,0
20250826,140000,8654.8,8667.9,8654.7,8659.1,11127,0
20250826,150000,8660,8666.6,8652.4,8656,7695,0
20250826,160000,8653.7,8669.9,8650,8669.1,16463,0
20250826,170000,8668.2,8685,8661.2,8683,26752,0
20250826,180000,8683.1,8701.9,8683,8698.4,39072,0
20250826,190000,8701,8713.5,8692.1,8695.8,10708,0
20250826,200000,8695.7,8697.7,8693.2,8694,1801,0
20250826,210000,8693.2,8713,8685.3,8712,11345,0
20250826,220000,8712.1,8712.4,8703.1,8709.2,3858,0
20250826,230000,8709,8716.9,8707.5,8708.6,2045,0
20250827,090000,8683.1,8700,8678,8696.2,9656,0
20250827,100000,8694.1,8697,8654,8667.6,37209,0
20250827,110000,8667.8,8686.6,8664.1,8684.9,22290,0
20250827,120000,8685.9,8686.8,8675.8,8678,14361,0
20250827,130000,8677.1,8679.3,8672.2,8677.5,10990,0
20250827,140000,8677.6,8677.8,8663.9,8675.9,8120,0
20250827,150000,8674,8685.6,8665.5,8675.9,9229,0
20250827,160000,8676.9,8692.4,8674,8688.9,20767,0
20250827,170000,8690.4,8719.7,8690.4,8715.4,27555,0
20250827,180000,8714,8720.2,8701.5,8707,15057,0
20250827,190000,8707,8736.9,8703.4,8730,14118,0
20250827,200000,8732.5,8734.9,8725.2,8730.2,4941,0
20250827,210000,8730.3,8734.7,8719.5,8723.9,10679,0
20250827,220000,8723.9,8734.8,8720.6,8733.7,4180,0
20250827,230000,8733.6,8735,8723.6,8733.7,3847,0
20250828,090000,8731,8733.7,8721.1,8730,4078,0
20250828,100000,8730,8731.7,8705,8712,23582,0
20250828,110000,8711.9,8723.2,8705,8722,19573,0
20250828,120000,8722.5,8730,8715.1,8716.7,16315,0
20250828,130000,8716.7,8721.4,8707.1,8712.8,14155,0
20250828,140000,8713.6,8730.9,8710.7,8724.5,19393,0
20250828,150000,8724.1,8730,8700.5,8709.6,38667,0
20250828,160000,8709.6,8721.3,8702.5,8720,24404,0
20250828,170000,8718,8728.4,8717.1,8726.3,21049,0
20250828,180000,8726.2,8729,8710,8715,12511,0
20250828,190000,8720.8,8755.4,8719.9,8737.5,18223,0
20250828,200000,8737.8,8777,8737.8,8775.1,23882,0
20250828,210000,8775.3,8783,8768.8,8779.5,20604,0
20250828,220000,8780.8,8782.9,8764,8775,4433,0
20250828,230000,8775,8775.1,8756.4,8760,4433,0
20250829,090000,8756,8771.2,8751.5,8756.8,6458,0
20250829,100000,8759.3,8768,8745,8755.6,39341,0
20250829,110000,8755.8,8763.8,8751.7,8763.8,15210,0
20250829,120000,8763.4,8771.2,8752.6,8768.1,12467,0
20250829,130000,8768.1,8771.3,8755.1,8761.8,15655,0
20250829,140000,8760.6,8770.8,8759.1,8769.4,6307,0
20250829,150000,8770.7,8778.8,8765.3,8776.8,12450,0
20250829,160000,8776.8,8797.8,8771,8796.3,22641,0
20250829,170000,8797.4,8826,8796.4,8815.9,44686,0
20250829,180000,8816.4,8839.9,8813.8,8836.8,25588,0
20250829,190000,8832.9,8846.8,8829.4,8841,11784,0
20250829,200000,8840.7,8849,8832.7,8833.1,7782,0
20250829,210000,8833.2,8841.2,8828,8838.6,5541,0
20250829,220000,8833.6,8877,8832.6,8859.4,9479,0
20250829,230000,8859.8,8863,8851.5,8863,3791,0
20250830,100000,8854,8865,8852.1,8853.4,838,0
20250830,110000,8859.6,8860,8852.3,8856.7,609,0
20250830,120000,8852.7,8878.5,8852.6,8858.1,1684,0
20250830,130000,8858.3,8866.2,8858.1,8861.9,416,0
20250830,140000,8861.9,8862,8859.1,8861.7,136,0
20250830,150000,8860.2,8868,8859.8,8864.1,315,0
20250830,160000,8861,8866.6,8853,8856.1,1263,0
20250830,170000,8862.9,8862.9,8854.8,8862.7,383,0
20250830,180000,8862.4,8863.2,8855.6,8862.9,111,0
20250831,100000,8855.9,8864.7,8849.3,8852.6,442,0
20250831,110000,8852.6,8864,8852.6,8864,453,0
20250831,120000,8863.7,8864.1,8855.2,8855.2,372,0
20250831,130000,8855.3,8862.8,8855.3,8855.8,66,0
20250831,140000,8855.8,8865,8855.8,8863,334,0
20250831,150000,8863,8863.6,8857,8862.8,136,0
20250831,160000,8858,8862.5,8856.5,8856.5,184,0
20250831,170000,8856.7,8861.1,8855.7,8856.2,521,0
20250831,180000,8859.8,8860,8856.6,8857.3,470,0
20250901,080000,8920,8920,8920,8920,1298,0
20250901,090000,8920,8971.5,8894.3,8944,45595,0
20250901,100000,8943.7,8946.3,8896.7,8931,45048,0
20250901,110000,8930.3,8933.3,8922.5,8931.3,22660,0
20250901,120000,8930,8930.4,8908.5,8910.6,34741,0
20250901,130000,8910.6,8927,8908.7,8912.8,36171,0
20250901,140000,8912.8,8916.7,8904,8904.5,12418,0
20250901,150000,8905.7,8912.3,8874.3,8887.6,29256,0
20250901,160000,8887,8915.9,8883.1,8900,21536,0
20250901,170000,8900,8915.2,8892.5,8903.8,13328,0
20250901,180000,8904.1,8907,8884,8890.1,15761,0
20250901,190000,8892.1,8909.9,8884,8909.9,10269,0
20250901,200000,8910,8910,8903.6,8904,2217,0
20250901,210000,8905.8,8907.3,8894.6,8897.8,2980,0
20250901,220000,8895.2,8896.8,8870.9,8880.1,10153,0
20250901,230000,8879.6,8889.4,8870.9,8876.3,4765,0
20250902,080000,8906,8906,8906,8906,333,0
20250902,090000,8906.4,8949.5,8898.9,8912,28481,0
20250902,100000,8912.2,8941.6,8909.6,8922.7,27927,0
20250902,110000,8920.8,8928,8907.7,8915.6,19820,0
20250902,120000,8913.9,8927.7,8910.5,8923.9,7855,0
20250902,130000,8923.9,8940.4,8923.9,8936.3,33594,0
20250902,140000,8937.1,8952.6,8927.2,8952,16524,0
20250902,150000,8950.7,8958,8933.2,8938.1,54015,0
20250902,160000,8939.9,8949.8,8934.7,8941.4,28069,0
20250902,170000,8942.2,9000,8938.8,8997,76536,0
20250902,180000,8997.3,9019.9,8995.7,9019.9,77765,0
20250902,190000,9018.3,9049.3,9017.6,9047,30511,0
20250902,200000,9045.7,9047,9024,9041,14243,0
20250902,210000,9042.8,9043.5,9030.4,9032.3,7966,0
20250902,220000,9032.9,9055,9024.5,9043.3,16886,0
20250902,230000,9043.8,9067.6,9043.8,9056,10503,0
20250903,080000,9030.7,9030.7,9030.7,9030.7,100,0
20250903,090000,9040,9075.7,9025,9069.8,28105,0
20250903,100000,9070.3,9091.2,9055,9075.9,51515,0
20250903,110000,9076.1,9153.9,9076.1,9106.3,77479,0
20250903,120000,9106.5,9115,9094.9,9095.2,29875,0
20250903,130000,9096.2,9122.8,9090.2,9112.9,29127,0
20250903,140000,9112.2,9149.8,9109.4,9129.5,60529,0
20250903,150000,9129.5,9143,9110.6,9126.8,44369,0
20250903,160000,9126.4,9146,9115.6,9128,49393,0
20250903,170000,9127.8,9146,9121.2,9133.7,36428,0
20250903,180000,9133.7,9145.9,9133.2,9143.4,12764,0
20250903,190000,9143.6,9169.8,9141.8,9168,18300,0
20250903,200000,9168,9186.4,9161.2,9186.2,23622,0
20250903,210000,9184.8,9190,9125,9135.6,42102,0
20250903,220000,9135.6,9143.2,9118,9127.8,21961,0
20250903,230000,9126.7,9150,9121.1,9131.6,13459,0
20250904,080000,9074,9074,9074,9074,990,0
20250904,090000,9074,9108.3,9030.6,9094.3,45956,0
20250904,100000,9093.1,9118.8,9082.9,9111.2,61537,0
20250904,110000,9112.6,9140.4,9112.6,9130.1,53045,0
20250904,120000,9132.1,9141.7,9117.4,9120.7,26848,0
20250904,130000,9118.8,9134.2,9115.5,9118.1,18538,0
20250904,140000,9116.9,9134.9,9100.6,9134.4,36335,0
20250904,150000,9134.4,9150,9130.4,9144.5,34463,0
20250904,160000,9143.9,9177,9132,9147.6,52904,0
20250904,170000,9148,9169.5,9130.1,9154.5,57040,0
20250904,180000,9154.5,9161.9,9144.3,9155.6,13942,0
20250904,190000,9150.7,9179.9,9147.6,9173.9,11191,0
20250904,200000,9172.7,9179.9,9142.6,9144,10056,0
20250904,210000,9144.3,9162,9139.7,9152.2,8003,0
20250904,220000,9153.1,9163.1,9148.9,9160.3,5856,0
20250904,230000,9160.3,9167.9,9145,9151,2337,0
20250905,080000,9162,9162,9162,9162,1999,0
20250905,090000,9163,9178.6,9156.3,9162.8,12510,0
20250905,100000,9162.1,9177,9157.3,9163.8,24011,0
20250905,110000,9163.1,9174.7,9152,9156.3,28355,0
20250905,120000,9156.3,9204.6,9155.3,9204,48038,0
20250905,130000,9204.1,9214.1,9198,9199.7,31581,0
20250905,140000,9199.5,9205.9,9195.5,9203,18999,0
20250905,150000,9203,9268.9,9195.6,9257.7,115763,0
20250905,160000,9257.7,9316.1,9246.4,9309.5,102010,0
20250905,170000,9310,9322.7,9265.7,9286.6,76556,0
20250905,180000,9286.9,9293.1,9271.7,9291.8,34410,0
20250905,190000,9291.3,9325,9288.4,9304.4,21600,0
20250905,200000,9304.4,9306.5,9285,9300,11023,0
20250905,210000,9300,9304.8,9290.1,9301.9,5442,0
20250905,220000,9302.2,9304.2,9299.6,9302.9,3041,0
20250905,230000,9302.4,9303.3,9289.4,9297.1,4770,0
20250906,090000,9300,9300,9300,9300,20,0
20250906,100000,9297,9303,9285.5,9290,1820,0
20250906,110000,9287.2,9297,9285.4,9291,831,0
20250906,120000,9293,9295,9288.4,9294.8,320,0
20250906,130000,9294.7,9295,9288,9288.3,302,0
20250906,140000,9288.5,9291.7,9288.3,9290,283,0
20250906,150000,9288.3,9292,9288.3,9290.1,648,0
20250906,160000,9293.1,9293.4,9290,9293.4,356,0
20250906,170000,9293.4,9293.4,9288.4,9293.2,276,0
20250906,180000,9289.4,9304.9,9289,9294.1,1398,0
20250907,100000,9299,9302.4,9295,9299.4,1341,0
20250907,110000,9301.9,9302.5,9299,9302.4,573,0
20250907,120000,9302.4,9305.8,9299,9303.6,495,0
20250907,130000,9301.9,9302,9299.4,9300,20,0
20250907,140000,9299.6,9304.7,9299.6,9300,249,0
20250907,150000,9304.2,9304.5,9300,9302.9,136,0
20250907,160000,9300.4,9304.5,9237.1,9260,19092,0
20250907,170000,9259,9260,9257.2,9260,4490,0
20250907,180000,9259.8,9282.4,9257,9281.7,8672,0
20250908,080000,9294,9294,9294,9294,270,0
20250908,090000,9294,9335,9284.4,9332.8,29443,0
20250908,100000,9332.8,9425,9332.6,9410.6,136814,0
20250908,110000,9410.5,9415,9397.7,9408.5,47107,0
20250908,120000,9407.7,9434,9405,9428.5,36506,0
20250908,130000,9428.4,9450,9427.4,9438.3,28508,0
20250908,140000,9438.1,9446.9,9435.6,9445.5,31148,0
20250908,150000,9444.1,9495.4,9443.4,9484.5,49149,0
20250908,160000,9484.5,9533.9,9482.3,9524.8,101399,0
20250908,170000,9525,9549.4,9510.1,9547.1,73738,0
20250908,180000,9547.5,9588.5,9543.3,9570,102319,0
20250908,190000,9565.5,9610.4,9564,9592,47160,0
20250908,200000,9592.4,9597.9,9581,9586,14656,0
20250908,210000,9588.3,9593.2,9575,9591.2,9757,0
20250908,220000,9593.2,9594.9,9578.4,9594.7,7654,0
20250908,230000,9594.7,9600,9593,9596.4,5231,0
20250909,080000,9650,9650,9650,9650,845,0
20250909,090000,9649,9670,9625.3,9647.6,66616,0
20250909,100000,9647.9,9690,9646.4,9660.1,91296,0
20250909,110000,9660.2,9696,9659.6,9693.9,70426,0
20250909,120000,9693.9,9696.7,9685.5,9689.5,33300,0
20250909,130000,9689.6,9728.5,9686.6,9696.9,55272,0
20250909,140000,9696.9,9733.9,9693.2,9718,57797,0
20250909,150000,9717.1,9752.5,9717,9741.3,70044,0
20250909,160000,9739,9777.6,9711,9774.8,91786,0
20250909,170000,9774.4,9791.9,9704,9729,178460,0
20250909,180000,9730.3,9745.8,9703,9739.8,72973,0
20250909,190000,9739.9,9767.4,9735.1,9742,24043,0
20250909,200000,9741.8,9744,9730.8,9739.9,10185,0
20250909,210000,9740.3,9749.8,9738.8,9740.2,6896,0
20250909,220000,9740.4,9748.1,9711.6,9711.7,20271,0
20250909,230000,9711.7,9720.9,9707,9707,10418,0
20250910,090000,9741,9791,9740.3,9778.7,46643,0
20250910,100000,9778.7,9859.1,9778.7,9853.8,159676,0
20250910,110000,9853.7,9886,9835.4,9866.6,98239,0
20250910,120000,9866.9,9891.3,9842.3,9888.9,66003,0
20250910,130000,9888.9,9899.1,9868.4,9894,39933,0
20250910,140000,9894,9897.8,9866.2,9866.9,48597,0
20250910,150000,9866.2,9869.1,9806,9809,114515,0
20250910,160000,9808.2,9858.9,9804.8,9849.7,78857,0
20250910,170000,9849.7,9883.8,9844.6,9867.4,66834,0
20250910,180000,9867.8,9874.6,9856.6,9870,38960,0
20250910,190000,9868.2,9870.4,9843.5,9855.3,14645,0
20250910,200000,9855.4,9862.3,9847,9859.6,10570,0
20250910,210000,9858.8,9878.9,9857.2,9869.4,13411,0
20250910,220000,9870,9874.6,9840.4,9856,14488,0
20250910,230000,9855.2,9867.5,9850,9864,16828,0
20250911,080000,9840,9840,9840,9840,772,0
20250911,090000,9843,9887,9805.5,9880.9,56357,0
20250911,100000,9881.2,9916.8,9835.2,9835.2,114869,0
20250911,110000,9835.2,9841,9764.9,9818.2,124292,0
20250911,120000,9816,9824.7,9792.9,9817,71418,0
20250911,130000,9816.8,9828.1,9794.5,9796.1,27220,0
20250911,140000,9795.8,9796,9742.8,9773.1,104147,0
20250911,150000,9773.1,9803.3,9761.4,9799.7,52215,0
20250911,160000,9799.7,9856.8,9775.6,9785.5,72209,0
20250911,170000,9786.3,9827.5,9781.2,9816.3,67758,0
20250911,180000,9817,9862,9814.6,9826,55734,0
20250911,190000,9831,9860,9824.6,9843.2,30732,0
20250911,200000,9843.1,9843.2,9824.3,9830,16061,0
20250911,210000,9830,9840,9826.4,9833,9329,0
20250911,220000,9833,9843.6,9832.7,9840.1,5810,0
20250911,230000,9841.9,9846.9,9824.1,9838,9238,0
20250912,080000,9870.8,9870.8,9870.8,9870.8,3103,0
20250912,090000,9871,9901.9,9861.2,9872.3,56278,0
20250912,100000,9872,9886.2,9815,9834,104150,0
20250912,110000,9831.8,9834.1,9660.1,9809.5,129763,0
20250912,120000,9807.8,9829,9791.1,9823.6,27946,0
20250912,130000,9825,9854.8,9771.1,9790.1,96051,0
20250912,140000,9786.2,9788.5,9727.6,9739.5,104847,0
20250912,150000,9740.4,9764.8,9720.6,9762.2,68902,0
20250912,160000,9760.6,9783.5,9755.6,9777.1,33610,0
20250912,170000,9778.2,9780.8,9736.5,9739.6,44088,0
20250912,180000,9738.2,9738.7,9725,9730.7,28054,0
20250912,190000,9732.5,9763.8,9731,9743.7,18203,0
20250912,200000,9743.7,9749.9,9737.9,9743.5,5684,0
20250912,210000,9742.6,9749.8,9735.1,9749.8,7891,0
20250912,220000,9749.8,9750,9737.7,9739.7,3940,0
20250912,230000,9739.7,9742.8,9734,9735.7,5619,0
20250913,090000,9735,9735,9735,9735,3,0
20250913,100000,9735,9800,9731.2,9761.6,6378,0
20250913,110000,9764.9,9769,9759.3,9759.3,1317,0
20250913,120000,9759.3,9761,9744,9747,1067,0
20250913,130000,9749.9,9750,9744.7,9750,474,0
20250913,140000,9744.9,9750,9742.8,9749.9,912,0
20250913,150000,9749.9,9757,9746.8,9750,281,0
20250913,160000,9752.8,9754.1,9746,9753.6,311,0
20250913,170000,9747.6,9757.4,9746.8,9752.8,1834,0
20250913,180000,9755.1,9757,9735.2,9740.2,1711,0
20250914,090000,9741.5,9741.5,9741.5,9741.5,5,0
20250914,100000,9741.5,9765.5,9740.6,9760.8,1614,0
20250914,110000,9759.9,9767.2,9742.8,9753.4,2637,0
20250914,120000,9753.1,9753.1,9748.6,9750,410,0
20250914,130000,9750,9752.8,9745,9751.4,366,0
20250914,140000,9745.5,9752.2,9745,9751,243,0
20250914,150000,9747,9751,9742.5,9750.9,1154,0
20250914,160000,9750.8,9750.8,9747.5,9750.4,170,0
20250914,170000,9746.4,9750.1,9745.6,9746,187,0
20250914,180000,9746,9759.3,9742,9754.4,1491,0
20250915,080000,9745,9745,9745,9745,156,0
20250915,090000,9745,9745,9677,9685,44837,0
20250915,100000,9685,9685.8,9628.5,9653.5,109237,0
20250915,110000,9652.9,9664.7,9623.3,9624.8,67867,0
20250915,120000,9624,9627,9550,9552.9,157984,0
20250915,130000,9552.9,9607,9547,9575.7,89577,0
20250915,140000,9575.9,9596.9,9565.1,9591.7,51660,0
20250915,150000,9591.9,9615.7,9573.2,9599.8,62729,0
20250915,160000,9599.8,9655.8,9598.3,9629.7,93788,0
20250915,170000,9629.9,9646.7,9622.4,9643.8,45311,0
20250915,180000,9643.3,9658.7,9632.2,9658.1,25766,0
20250915,190000,9658.9,9690,9658.2,9678.5,32334,0
20250915,200000,9678.9,9683.4,9668.9,9682.2,9186,0
20250915,210000,9682.1,9686,9663,9667.2,10228,0
20250915,220000,9666.9,9684,9665,9675.9,3590,0
20250915,230000,9678.8,9685,9671.8,9684,3544,0
20250916,080000,9671,9671,9671,9671,25,0
20250916,090000,9673,9693.3,9640.4,9693.3,39382,0
20250916,100000,9690.5,9740.9,9665,9700.7,151705,0
20250916,110000,9701.6,9722.1,9696.6,9708.5,39109,0
20250916,120000,9707.7,9728,9685,9723.9,47062,0
20250916,130000,9725.1,9740.2,9725.1,9734.6,39799,0
20250916,140000,9733.1,9749,9722.4,9748.7,38269,0
20250916,150000,9748.9,9751.6,9727.4,9738,36366,0
20250916,160000,9739.8,9793.5,9734,9782,63141,0
20250916,170000,9781.2,9791.9,9735.2,9745.2,55280,0
20250916,180000,9745.5,9747.2,9701.1,9712.2,45653,0
20250916,190000,9715.3,9757.1,9715.3,9733.4,16674,0
20250916,200000,9732.3,9733.5,9721.5,9725.3,4601,0
20250916,210000,9725.7,9729,9723,9729,7027,0
20250916,220000,9728.9,9729,9721.5,9721.5,4056,0
20250916,230000,9722,9737.8,9721.6,9730.4,3726,0
20250917,080000,9711,9711,9711,9711,683,0
20250917,090000,9710.4,9719.5,9677.1,9709.9,48258,0
20250917,100000,9710,9738.6,9683.1,9701,66771,0
20250917,110000,9703.3,9703.5,9658,9660.8,51930,0
20250917,120000,9660.8,9684,9660.1,9666.5,36792,0
20250917,130000,9666,9674.9,9648.7,9668.4,51457,0
20250917,140000,9665.8,9711,9664.2,9679.3,69880,0
20250917,150000,9679.7,9711,9679.4,9709.8,24815,0
20250917,160000,9709.2,9715,9692.4,9712,33749,0
20250917,170000,9711.3,9713.9,9692.3,9697.8,24720,0
20250917,180000,9696.9,9704.6,9691.8,9700,31521,0
20250917,190000,9702,9720,9702,9718.9,18666,0
20250917,200000,9718.9,9730,9710,9722.2,17531,0
20250917,210000,9723.6,9782.1,9627.5,9654.3,141753,0
20250917,220000,9653.7,9694.4,9641.2,9677.8,43142,0
20250917,230000,9676.7,9686.3,9670,9680,8425,0
20250918,080000,9664.5,9664.5,9664.5,9664.5,102,0
20250918,090000,9664.5,9673.9,9634,9635.6,48732,0
20250918,100000,9634.1,9662.5,9611.8,9659.8,81311,0
20250918,110000,9659.7,9659.8,9590.4,9613.3,151528,0
20250918,120000,9615,9675.4,9601.3,9668.6,121690,0
20250918,130000,9669.1,9671.3,9634.5,9648.5,72921,0
20250918,140000,9648.4,9684.4,9639.9,9678.1,65244,0
20250918,150000,9678.2,9684.3,9671.6,9674,33382,0
20250918,160000,9673,9677.3,9631.8,9656,77959,0
20250918,170000,9656.2,9665,9636.1,9658.3,61415,0
20250918,180000,9659.5,9663.9,9641.9,9643.3,23881,0
20250918,190000,9648.1,9667.9,9646.8,9667,17004,0
20250918,200000,9668,9672,9661.7,9671,5660,0
20250918,210000,9671.6,9671.9,9658.5,9663.1,8338,0
20250918,220000,9663.6,9666,9660,9664.3,2291,0
20250918,230000,9663.9,9666,9660.1,9660.1,2483,0
20250919,080000,9673.3,9673.3,9673.3,9673.3,72,0
20250919,090000,9673.3,9692,9668.3,9676.8,15312,0
20250919,100000,9675.3,9679.6,9651.3,9658.4,66988,0
20250919,110000,9658.5,9712.4,9655,9699.9,41744,0
20250919,120000,9700,9725.8,9699.5,9717,46043,0
20250919,130000,9717.9,9722.9,9707.4,9717.6,30362,0
20250919,140000,9720.4,9720.4,9678.5,9684.7,32680,0
20250919,150000,9685.3,9700.2,9681.2,9690.6,26661,0
20250919,160000,9689.3,9716.4,9675.8,9710.1,44851,0
20250919,170000,9714.3,9735,9698.3,9727.3,37013,0
20250919,180000,9728.5,9749.9,9724.1,9733,44579,0
20250919,190000,9733,9754.8,9661,9751.9,35304,0
20250919,200000,9752,9780,9751.9,9779.9,17431,0
20250919,210000,9779.9,9787.6,9778.1,9783,11133,0
20250919,220000,9783,9785,9777.9,9781.9,5947,0
20250919,230000,9780.7,9794,9776,9776.1,6666,0
20250922,080000,9806,9806,9806,9806,1215,0
20250922,090000,9806.7,9900,9801,9890.5,67116,0
20250922,100000,9890.5,9910.2,9867.2,9871.8,69755,0
20250922,110000,9871.7,9879.2,9856.1,9863.9,48522,0
20250922,120000,9863.9,9883.7,9863.9,9875.3,26829,0
20250922,130000,9875.7,9877.3,9865,9872.3,29582,0
20250922,140000,9872.3,9878.9,9839,9849.8,53703,0
20250922,150000,9847.2,9870.2,9841.5,9866.3,23827,0
20250922,160000,9865.5,9876,9839,9861.1,28692,0
20250922,170000,9862.5,9867.3,9833.4,9857.7,25176,0
20250922,180000,9856.3,9882.9,9845,9877.3,28909,0
20250922,190000,9875,9907.1,9872.8,9895,18319,0
20250922,200000,9895.1,9939,9894,9930.8,23870,0
20250922,210000,9930.3,9944.6,9906,9930.2,22725,0
20250922,220000,9930.7,9945.9,9911.4,9935,10858,0
20250922,230000,9936,9945,9923.2,9936.4,3797,0
20250923,080000,9948,9948,9948,9948,190,0
20250923,090000,9948.8,9959.7,9932,9935.6,28622,0
20250923,100000,9935,9944,9901,9930.2,65440,0
20250923,110000,9930.1,9965.5,9910,9953.6,41815,0
20250923,120000,9952.6,9999.9,9948.2,9995.7,104380,0
20250923,130000,9995.8,10049,9992.7,10045.1,97370,0
20250923,140000,10041.1,10043,10019.1,10031.8,36699,0
20250923,150000,10030.8,10045.1,10025,10037.9,23890,0
20250923,160000,10037.3,10060,10033.8,10048.3,78043,0
20250923,170000,10046.7,10046.7,9991.3,10027.1,83523,0
20250923,180000,10027.2,10047.7,10023.6,10043,65664,0
20250923,190000,10044,10050,10005.7,10041.3,24103,0
20250923,200000,10041.3,10054.8,10030,10033.9,10112,0
20250923,210000,10034.2,10044.6,9997,9998.1,8750,0
20250923,220000,9997,10050,9987.8,10048,26442,0
20250923,230000,10047.9,10055,10037.3,10038.4,25018,0
20250924,080000,10054.5,10054.5,10054.5,10054.5,143,0
20250924,090000,10055,10080,10042.5,10064.9,21621,0
20250924,100000,10064,10088.8,10050.5,10057.5,51236,0
20250924,110000,10056.8,10057.1,10016,10037,58651,0
20250924,120000,10035.2,10043.6,10001.5,10007.5,43631,0
20250924,130000,10007.5,10007.8,9967.7,9970.2,52779,0
20250924,140000,9969.6,10006.8,9965,10003.1,42339,0
20250924,150000,10004.1,10006.2,9987.8,9993.2,22637,0
20250924,160000,9992.5,10008.5,9951,9961.8,45177,0
20250924,170000,9961.7,9990.7,9951,9976.8,47734,0
20250924,180000,9975.7,9985.5,9940.9,9944.4,30095,0
20250924,190000,9948.1,9958.4,9905.1,9921.2,37816,0
20250924,200000,9920.1,9921.2,9905.8,9911,10216,0
20250924,210000,9910.9,9913.4,9875.7,9885.8,29250,0
20250924,220000,9887.6,9905.6,9878,9901.9,14880,0
20250924,230000,9902.9,9925,9902.9,9921.8,9079,0
20250925,080000,9925,9925,9925,9925,47,0
20250925,090000,9925,9964.4,9903.8,9927,24841,0
20250925,100000,9929.8,9980,9907.3,9954.1,61521,0
20250925,110000,9954.9,9996.9,9954.9,9978.4,53425,0
20250925,120000,9978.9,9985.9,9954.2,9972,31684,0
20250925,130000,9972.9,10007.2,9972.6,9994.9,46475,0
20250925,140000,9992.2,9996.6,9957.5,9981.5,36556,0
20250925,150000,9981.8,9985.5,9947.5,9956.5,64068,0
20250925,160000,9955.6,9973.8,9924.7,9951.3,46679,0
20250925,170000,9952.8,9981.9,9940.3,9974,63499,0
20250925,180000,9974.1,9979,9949,9950.4,21389,0
20250925,190000,9960,9976.9,9931.5,9935.6,20791,0
20250925,200000,9936.6,9960,9924,9954.1,16270,0
20250925,210000,9954.4,9996,9940.1,9994,20870,0
20250925,220000,9994,9994,9963,9975.5,9600,0
20250925,230000,9975.8,9991.9,9970,9990,6743,0
20250926,090000,9978,9997,9964,9968.8,10163,0
20250926,100000,9968.4,9974,9952.6,9963,30134,0
20250926,110000,9960.6,9974.9,9947.7,9971,25353,0
20250926,120000,9971.3,9972.3,9958.2,9961.4,27848,0
20250926,130000,9962.1,9969.6,9932.6,9951.5,42370,0
20250926,140000,9951.6,9985,9946.3,9968.2,31844,0
20250926,150000,9967.4,9992.4,9967.2,9982.5,30565,0
20250926,160000,9983.4,10009,9975,9999.3,42923,0
20250926,170000,9998.8,10035.2,9998.6,10011,61304,0
20250926,180000,10007.2,10009.9,9982.1,9995.6,32424,0
20250926,190000,9999.1,10005,9983.6,9985.2,15490,0
20250926,200000,9987.6,10011,9987.6,10005.6,9501,0
20250926,210000,10003.8,10004,9984.6,9997.4,6275,0
20250926,220000,9996.4,9999.3,9965.5,9970.5,16235,0
20250926,230000,9969.7,9984.3,9969,9979.5,5337,0
20250927,100000,9984.7,9984.8,9961,9975.5,1346,0
20250927,110000,9977.7,9989.1,9976.8,9986.3,789,0
20250927,120000,9986.3,9987.7,9981.2,9986.6,323,0
20250927,130000,9986.5,9989,9981.2,9981.2,665,0
20250927,140000,9985.9,9988.5,9980.5,9988.5,226,0
20250927,150000,9987.7,9989,9979.7,9986.4,197,0
20250927,160000,9980.4,9985.4,9970,9979.2,644,0
20250927,170000,9978.4,9984.3,9972.2,9980,536,0
20250927,180000,9975.6,9980,9973,9980,294,0
20250928,100000,9980,9982.5,9976,9982.5,1227,0
20250928,110000,9982.5,9984,9976.2,9977,849,0
20250928,120000,9977.5,9987,9976.1,9982,364,0
20250928,130000,9981.4,9981.5,9977.6,9978.8,241,0
20250928,140000,9978.8,9979,9977.3,9977.3,199,0
20250928,150000,9977.2,9977.7,9974.1,9974.1,300,0
20250928,160000,9974.1,9979,9968.2,9978.9,1077,0
20250928,170000,9976,9979,9975,9978,107,0
20250928,180000,9976.6,9979,9975,9975,380,0
20250929,080000,10080,10080,10080,10080,1407,0
20250929,090000,10080.5,10134,10054,10088.9,40902,0
20250929,100000,10090.9,10094.3,10019.2,10034.5,57371,0
20250929,110000,10034.2,10074,10033.2,10070.2,37369,0
20250929,120000,10070,10071.4,10041.2,10048.5,22337,0
20250929,130000,10048.5,10084,10048.3,10073.4,45166,0
20250929,140000,10075.4,10101.3,10058.6,10093.7,58444,0
20250929,150000,10095,10104.1,10073.2,10088.2,73646,0
20250929,160000,10088.4,10099.8,10073.2,10078.7,30867,0
20250929,170000,10077.8,10097.5,10072.1,10083.7,27226,0
20250929,180000,10083.5,10102.7,10071.2,10101.6,30320,0
20250929,190000,10095.1,10120,10080.2,10109.6,15299,0
20250929,200000,10109.6,10112.6,10089.3,10095.7,9639,0
20250929,210000,10097.7,10102.3,10084,10091.9,3940,0
20250929,220000,10090.8,10100.7,10090.2,10096.5,3208,0
20250929,230000,10096.8,10115,10096.8,10114.9,3875,0
20250930,080000,10194.9,10194.9,10194.9,10194.9,1961,0
20250930,090000,10194.1,10199.9,10145.7,10147.6,49122,0
20250930,100000,10146.5,10168.9,10123.8,10135.1,73601,0
20250930,110000,10134.4,10138.9,10042.9,10052.2,136842,0
20250930,120000,10049.5,10054.5,9976.8,10000.1,156101,0
20250930,130000,9997.6,10030.6,9987.8,10011.9,52250,0
20250930,140000,10017.9,10029.8,9982.3,10017.4,43516,0
20250930,150000,10016.5,10025.8,9993.5,10011.7,36649,0
20250930,160000,10013.4,10021.5,9975.1,9985.3,106264,0
20250930,170000,9985.3,10050,9981.8,10043.1,100859,0
20250930,180000,10043.4,10045.6,10001.9,10031.9,63792,0
20250930,190000,10032.4,10059.2,10025.6,10051.6,18678,0
20250930,200000,10051.7,10057.1,10038.9,10045,6793,0
20250930,210000,10045,10059.4,10030.9,10059.4,6184,0
20250930,220000,10059.2,10100,10057.5,10089.2,18459,0
20250930,230000,10088.7,10090.3,10073,10088,8527,0
20251001,080000,10090,10090,10090,10090,637,0
20251001,090000,10091.3,10110.9,10050,10078.9,23202,0
20251001,100000,10078.9,10092.8,10032.1,10067.6,97783,0
20251001,110000,10067.9,10086.6,9993.5,10059,106015,0
20251001,120000,10059.1,10061.8,10019.2,10046.4,57669,0
20251001,130000,10046.5,10069.8,10033.3,10060.5,32628,0
20251001,140000,10057.9,10077.7,10049.5,10062.2,29110,0
20251001,150000,10061.9,10079.7,10032.3,10054.5,74552,0
20251001,160000,10051.8,10055,10018.4,10035.5,84594,0
20251001,170000,10034.3,10041.5,9980,10001,97837,0
20251001,180000,10000.1,10030,9982.5,10006.1,44770,0
20251001,190000,10008.5,10020,9985,9994.1,10070,0
20251001,200000,9998,10009.4,9985,9985,6189,0
20251001,210000,9985,9987.9,9962.4,9971.7,22668,0
20251001,220000,9971.8,9999,9971.7,9988.5,4995,0
20251001,230000,9987.4,9988.2,9973.5,9984.9,3399,0
20251002,080000,9980.5,9980.5,9980.5,9980.5,25,0
20251002,090000,9980.5,10006.6,9933,9941.2,30920,0
20251002,100000,9941.4,10013.2,9939.3,9986.6,67495,0
20251002,110000,9986.6,9990.2,9953.3,9981.9,26391,0
20251002,120000,9981.9,10020.3,9974.3,10015.8,46435,0
20251002,130000,10015.8,10048.5,10011.6,10045.9,68292,0
20251002,140000,10048.5,10055,10021.5,10040,38993,0
20251002,150000,10040.3,10050,10017.1,10026.4,30347,0
20251002,160000,10028.7,10073.7,10011.1,10015,60498,0
20251002,170000,10015.7,10019.3,9888,9931.1,128264,0
20251002,180000,9932.6,9946.9,9875.7,9889.7,74756,0
20251002,190000,9889.5,9912.8,9877.7,9895.1,51378,0
20251002,200000,9895.3,9909.3,9891.8,9898.8,10293,0
20251002,210000,9896,9920.4,9895.2,9918,10303,0
20251002,220000,9919.6,9973.6,9919.1,9962.5,26840,0
20251002,230000,9961.3,9971.5,9935,9959,8473,0
20251003,080000,9975,9975,9975,9975,156,0
20251003,090000,9966,9980,9933,9957.2,22631,0
20251003,100000,9956.8,10011.1,9950,10002,65326,0
20251003,110000,10001.7,10033.2,10001.7,10019.1,65593,0
20251003,120000,10019.7,10082.9,10019.2,10078.2,70914,0
20251003,130000,10079.5,10097,10064,10078.2,96851,0
20251003,140000,10080,10108,10054,10108,62955,0
20251003,150000,10107.7,10152.1,10104.8,10150.8,152459,0
20251003,160000,10151.8,10164.8,10119.5,10122.7,91167,0
20251003,170000,10125.5,10136.8,10081,10118.9,82427,0
20251003,180000,10120,10165.7,10097.9,10165,64210,0
20251003,190000,10164.6,10208.1,10150.6,10208,45660,0
20251003,200000,10208,10228.5,10182.8,10199,53854,0
20251003,210000,10200,10214.1,10198.6,10203.1,8957,0
20251003,220000,10203,10212.8,10203,10205,9552,0
20251003,230000,10204.4,10219,10201.8,10212.6,12146,0
20251004,090000,10210,10210,10210,10210,30,0
20251004,100000,10209.9,10221,10201,10220,1497,0
20251004,110000,10219,10220.4,10217.6,10217.6,1959,0
20251004,120000,10219.9,10220.2,10191.6,10193.8,3550,0
20251004,130000,10199.9,10219.9,10197.1,10215.8,1814,0
20251004,140000,10215,10215.8,10193.6,10213.9,1636,0
20251004,150000,10214,10214.9,10200,10212.3,492,0
20251004,160000,10212.3,10213,10201.2,10204.5,341,0
20251004,170000,10201.6,10211.5,10201.5,10209.2,1408,0
20251004,180000,10208.9,10210,10201,10203,813,0
20251005,090000,10200.2,10200.2,10200.2,10200.2,1,0
20251005,100000,10209.5,10209.7,10195,10207.8,633,0
20251005,110000,10207.4,10209.4,10203,10209.4,220,0
20251005,120000,10209.5,10215,10208.6,10214.5,1526,0
20251005,130000,10215,10222.2,10214.7,10220.4,1069,0
20251005,140000,10220.4,10225,10214.3,10222.3,1167,0
20251005,150000,10223.5,10248.8,10221,10235.9,4805,0
20251005,160000,10235.5,10237,10214,10220.3,1798,0
20251005,170000,10220.4,10233.7,10217,10231.9,540,0
20251005,180000,10231.9,10245,10220.8,10245,2771,0
20251006,080000,10327,10327,10327,10327,850,0
20251006,090000,10327,10421.8,10280.5,10407.5,123232,0
20251006,100000,10407.6,10411.4,10354.7,10375.9,140291,0
20251006,110000,10375.8,10390.3,10351,10374.9,59316,0
20251006,120000,10375.4,10414.4,10366.2,10409,60713,0
20251006,130000,10408.8,10420,10385.5,10396.1,34498,0
20251006,140000,10396.1,10408.9,10372.3,10392.4,53523,0
20251006,150000,10391.8,10422.5,10368,10375.5,49353,0
20251006,160000,10377.2,10398.7,10351.3,10379.2,34003,0
20251006,170000,10379.9,10414.5,10353.3,10380.9,67424,0
20251006,180000,10380.6,10392.2,10353,10364.4,40263,0
20251006,190000,10375,10403,10327.1,10340.5,20920,0
20251006,200000,10341.4,10369.8,10340.7,10363.8,6733,0
20251006,210000,10367.5,10382.1,10363.7,10374.7,6245,0
20251006,220000,10373.8,10388.8,10373.8,10377.6,3818,0
20251006,230000,10384.7,10400.2,10380,10381.7,13700,0
20251007,080000,10382,10382,10382,10382,67,0
20251007,090000,10389,10389,10303.6,10309.9,36844,0
20251007,100000,10309.8,10312.8,10245.9,10257,113238,0
20251007,110000,10255.1,10290.3,10235.2,10277,74858,0
20251007,120000,10277,10320,10270,10308.2,45029,0
20251007,130000,10309.9,10337.7,10309.9,10319.5,27581,0
20251007,140000,10318.4,10341.6,10300.9,10335.7,30156,0
20251007,150000,10336.7,10364.8,10319.5,10364.7,40799,0
20251007,160000,10364.7,10379.1,10341.6,10372.4,58771,0
20251007,170000,10374.4,10403,10358.3,10398.8,63548,0
20251007,180000,10399.5,10414.5,10321,10325.7,45890,0
20251007,190000,10331.8,10395.4,10320.4,10376.2,20713,0
20251007,200000,10376.4,10397.5,10371.3,10381.3,11673,0
20251007,210000,10380.7,10384.8,10355.3,10371.3,10761,0
20251007,220000,10370.2,10382,10367.5,10378,8699,0
20251007,230000,10379,10414.2,10374.1,10411.1,11536,0
20251008,080000,10504,10504,10504,10504,2100,0
20251008,090000,10504,10528.9,10450.1,10505.1,72122,0
20251008,100000,10505.8,10512,10463,10472.1,92015,0
20251008,110000,10472.3,10510.4,10468.7,10508.4,45047,0
20251008,120000,10507.2,10512.1,10475.9,10506.4,49557,0
20251008,130000,10505.6,10507,10454,10471.9,49433,0
20251008,140000,10471,10488.1,10464.5,10488,26416,0
20251008,150000,10488,10514,10480.3,10513,38780,0
20251008,160000,10512.4,10514.4,10454,10488.7,52904,0
20251008,170000,10488.8,10500.6,10447,10480,73456,0
20251008,180000,10480,10491.9,10465,10482.8,24793,0
20251008,190000,10481.7,10534.9,10480,10507,38989,0
20251008,200000,10507.5,10517.3,10481.3,10496.5,19416,0
20251008,210000,10496.4,10506.8,10468.4,10505.2,13950,0
20251008,220000,10504,10506.8,10476.7,10488.1,16838,0
20251008,230000,10485.7,10490,10476.7,10478,6777,0
20251009,080000,10488.7,10488.7,10488.7,10488.7,50,0
20251009,090000,10478.1,10488.7,10435.6,10447,36793,0
20251009,100000,10447,10498,10447,10481.5,54748,0
20251009,110000,10482.6,10517.3,10476,10505.8,51518,0
20251009,120000,10506,10517.4,10483.9,10517.3,53437,0
20251009,130000,10517.3,10533,10510.5,10527.9,49221,0
20251009,140000,10527.5,10533,10501.8,10522.1,40149,0
20251009,150000,10522,10538.9,10506.8,10538.4,25563,0
20251009,160000,10539,10552.7,10483.6,10488.2,80922,0
20251009,170000,10486.4,10508.9,10437.7,10476.9,86155,0
20251009,180000,10476,10484.6,10412.5,10436.9,51352,0
20251009,190000,10435,10463,10299.3,10314.4,98403,0
20251009,200000,10314.1,10318.3,10260,10281.8,74557,0
20251009,210000,10278.5,10338.9,10276.4,10308.1,30779,0
20251009,220000,10308.1,10365.6,10300,10343.9,27729,0
20251009,230000,10342.5,10366.7,10341.5,10341.5,6849,0
20251010,090000,10341,10388.4,10325.6,10340.7,28472,0
20251010,100000,10339.1,10345.8,10273.5,10319.1,68972,0
20251010,110000,10318.7,10388.8,10315,10375.4,60108,0
20251010,120000,10375.5,10411,10366,10400,49006,0
20251010,130000,10399.8,10404.4,10377.6,10383.9,52915,0
20251010,140000,10383.9,10399,10376,10377.4,18817,0
20251010,150000,10379.6,10390.5,10366.1,10375.1,30689,0
20251010,160000,10375.1,10404.1,10355,10360,57545,0
20251010,170000,10359.5,10397.1,10340,10386.2,54539,0
20251010,180000,10387.6,10450,10383.3,10425.4,73847,0
20251010,190000,10412.6,10433.6,10376.3,10400.2,17053,0
20251010,200000,10399,10429,10382.1,10416.6,10596,0
20251010,210000,10412.7,10445.3,10406.3,10421.8,9806,0
20251010,220000,10421.9,10478,10412.7,10460.3,17225,0
20251010,230000,10461.9,10475,10447.8,10475,13633,0
20251011,090000,10459.5,10459.5,10459.5,10459.5,36,0
20251011,100000,10456,10495.1,10451.7,10480,5489,0
20251011,110000,10480.1,10493,10479,10492.6,1143,0
20251011,120000,10490.1,10493,10477.3,10491.9,3476,0
20251011,130000,10491.9,10493,10482.5,10483,788,0
20251011,140000,10487.4,10488.3,10456.8,10468.7,3121,0
20251011,150000,10468.7,10484.8,10468.7,10484.1,552,0
20251011,160000,10483.3,10483.3,10472.5,10476.9,248,0
20251011,170000,10475.6,10485.5,10472.9,10485.5,558,0
20251011,180000,10485.4,10485.8,10480.4,10485.5,527,0
20251012,090000,10484.5,10484.5,10484.5,10484.5,4,0
20251012,100000,10484.4,10492,10470,10489.1,1327,0
20251012,110000,10489.2,10490.4,10485.5,10485.5,313,0
20251012,120000,10485.8,10490,10485.1,10489,878,0
20251012,130000,10486.3,10493,10486.3,10486.3,816,0
20251012,140000,10490,10495,10486.4,10490.7,1485,0
20251012,150000,10493.5,10524.6,10488,10509.4,5121,0
20251012,160000,10509.3,10511.7,10490,10498.3,2891,0
20251012,170000,10501.1,10514,10498.1,10514,3174,0
20251012,180000,10513.9,10514,10505.2,10513.1,3082,0
20251013,080000,10572.5,10572.5,10572.5,10572.5,901,0
20251013,090000,10569,10619.9,10538,10588,64947,0
20251013,100000,10588,10588.7,10521.4,10524.1,90123,0
20251013,110000,10523.4,10543,10506,10530.1,104895,0
20251013,120000,10528.8,10547.9,10513.2,10543.8,57619,0
20251013,130000,10541.4,10541.6,10517.4,10529.5,23913,0
20251013,140000,10529.8,10536.7,10524.6,10532.3,27961,0
20251013,150000,10531.9,10546,10526.6,10532.1,55563,0
20251013,160000,10532,10553.1,10522,10549.1,78068,0
20251013,170000,10549.1,10566.5,10527.1,10548.8,41059,0
20251013,180000,10546.7,10564.7,10526.4,10535,40154,0
20251013,190000,10540.5,10564,10531,10550.8,17487,0
20251013,200000,10549.3,10561.9,10536.4,10541.3,10717,0
20251013,210000,10541.3,10555,10535,10546.8,4714,0
20251013,220000,10549.4,10551,10528,10546.5,9546,0
20251013,230000,10547.5,10580,10546.2,10566.4,6826,0
20251014,080000,10572,10572,10572,10572,145,0
20251014,090000,10572,10600,10461,10516.2,70386,0
20251014,100000,10516.1,10559.9,10477.9,10513.4,99151,0
20251014,110000,10511.8,10578.1,10503.4,10567.4,90624,0
20251014,120000,10567.7,10589,10545.9,10564.3,43592,0
20251014,130000,10567.2,10610.9,10563,10573.3,71324,0
20251014,140000,10575.8,10582,10545.3,10553.7,30168,0
20251014,150000,10553.8,10573.2,10510.9,10516.3,58095,0
20251014,160000,10515.1,10563.9,10503.5,10551.3,50268,0
20251014,170000,10551.2,10585.2,10549,10559.7,47622,0
20251014,180000,10557.3,10579,10540,10543,18986,0
20251014,190000,10548.4,10591.4,10520,10560,23730,0
20251014,200000,10557.8,10579.6,10550,10573.3,5152,0
20251014,210000,10575,10581,10568.9,10576.6,3394,0
20251014,220000,10578.2,10585,10541.3,10562.8,5079,0
20251014,230000,10564.4,10578.9,10562.4,10566.6,2993,0
20251015,080000,10628.6,10628.6,10628.6,10628.6,2603,0
20251015,090000,10629,10669.2,10603.3,10637.3,54072,0
20251015,100000,10641.8,10655,10612,10627,79002,0
20251015,110000,10626.4,10666.6,10612,10642,59237,0
20251015,120000,10642.1,10647.2,10556,10616.4,82318,0
20251015,130000,10618,10635.2,10611.1,10623.7,27425,0
20251015,140000,10622.6,10628,10607,10608.9,24924,0
20251015,150000,10611.5,10617.6,10569,10588.5,46885,0
20251015,160000,10588.6,10599.7,10562,10573.1,34394,0
20251015,170000,10572,10624.4,10568.7,10601.9,54019,0
20251015,180000,10603.4,10624,10572.2,10577,33506,0
20251015,190000,10575.9,10614,10573.5,10606.9,10412,0
20251015,200000,10606.4,10606.5,10574.2,10597,8067,0
20251015,210000,10598.4,10605.7,10589.4,10604.5,9401,0
20251015,220000,10604.5,10622.5,10590.2,10605.6,15751,0
20251015,230000,10606,10628.6,10596.6,10617.4,8209,0
20251016,080000,10615,10615,10615,10615,194,0
20251016,090000,10600.1,10619.6,10567.8,10607.4,32079,0
20251016,100000,10608.9,10767,10607.4,10699,197249,0
20251016,110000,10699.2,10716.3,10665,10675.3,64853,0
20251016,120000,10674.8,10736.5,10672.9,10723.9,63836,0
20251016,130000,10724.5,10785,10724.5,10778,74173,0
20251016,140000,10777.9,10867.5,10764.2,10830.2,124650,0
20251016,150000,10832,10934.5,10824,10890.3,116468,0
20251016,160000,10893.8,10970,10893.8,10965.8,84612,0
20251016,170000,10965.7,11016.2,10938.3,10951.7,163602,0
20251016,180000,10950.7,10991.9,10945.1,10969,52616,0
20251016,190000,10970,11057.9,10969.3,11034.7,81339,0
20251016,200000,11034.8,11036.7,10968.1,11021.6,50022,0
20251016,210000,11021.6,11021.8,10970,11010.7,31160,0
20251016,220000,11006.3,11049.4,11004,11044,19547,0
20251016,230000,11044,11186.1,11038.2,11135.2,51501,0
20251017,080000,11219.4,11219.4,11219.4,11219.4,1607,0
20251017,090000,11219.4,11344.2,11200.1,11305.6,139155,0
20251017,100000,11306.2,11377.4,11210,11257.6,232519,0
20251017,110000,11259.2,11272,11195,11242.7,112591,0
20251017,120000,11240.8,11288.9,11223,11273.3,67395,0
20251017,130000,11271.4,11291,11252.1,11276.1,76543,0
20251017,140000,11273.3,11309.1,11212.1,11214.7,94315,0
20251017,150000,11212.3,11307.2,11207,11288.4,92212,0
20251017,160000,11287.3,11293.9,11142.3,11177.1,142942,0
20251017,170000,11176.7,11179.6,11005.7,11051.7,337768,0
20251017,180000,11052.7,11091.7,11000.2,11054.1,86679,0
20251017,190000,11051.7,11055.1,10890,10916.6,101266,0
20251017,200000,10917.8,10994.1,10866,10970.7,79522,0
20251017,210000,10969.5,11071.1,10957.4,11040.9,48092,0
20251017,220000,11042,11049.3,10958,11018.1,34942,0
20251017,230000,11015.9,11094.9,10989.7,11070.9,15536,0
20251018,090000,11070.9,11070.9,11070.9,11070.9,56,0
20251018,100000,11071,11117.2,11019,11051.7,11211,0
20251018,110000,11058.3,11062.6,10995,11017.9,10519,0
20251018,120000,11019.4,11027.1,11008.8,11015.5,2504,0
20251018,130000,11011,11023.4,11010.9,11020,1979,0
20251018,140000,11020,11022.2,10961,10990.9,5311,0
20251018,150000,10990.8,10999.9,10976,10982.6,1593,0
20251018,160000,10982.6,10996.5,10965.4,10977,3605,0
20251018,170000,10976.5,11014.4,10969.8,10993.7,2713,0
20251018,180000,11002.7,11018.7,10993.6,11006.8,952,0
20251019,090000,11010,11010,11010,11010,24,0
20251019,100000,11010.1,11010.2,10960.1,10982,7097,0
20251019,110000,10982,10986.5,10975,10983.9,1018,0
20251019,120000,10980.1,10999,10980,10998.4,1023,0
20251019,130000,10997.7,11008.8,10991.6,10997.4,1584,0
20251019,140000,10999.9,11039,10997.4,11021.1,2819,0
20251019,150000,11021.1,11065,11020,11064.9,3122,0
20251019,160000,11064.9,11069,11032.5,11054.9,3369,0
20251019,170000,11056.1,11069.2,11031.3,11066,2939,0
20251019,180000,11066,11078.2,11050,11050.1,3639,0
20251020,080000,11093,11093,11093,11093,1005,0
20251020,090000,11093,11093,10951.1,10985.9,71108,0
20251020,100000,10984.2,11081.8,10961,11038.9,91992,0
20251020,110000,11038.7,11073.5,11034,11041.1,57233,0
20251020,120000,11041.1,11043,10991.5,11024.1,61094,0
20251020,130000,11025.2,11045,11007.1,11036,49094,0
20251020,140000,11038.3,11108.5,11015.1,11107.6,41066,0
20251020,150000,11106.3,11222.3,11096.8,11206,115123,0
20251020,160000,11205.9,11209,11141.6,11148.5,85534,0
20251020,170000,11147.8,11230,11134.9,11204.6,84747,0
20251020,180000,11204.9,11228.3,11200,11210,41990,0
20251020,190000,11210,11226.9,11189.8,11221.2,20182,0
20251020,200000,11219,11226.9,11200,11222.4,16510,0
20251020,210000,11221.5,11279.9,11219.7,11275.3,23589,0
20251020,220000,11273.7,11320.3,11270.8,11305.5,24192,0
20251020,230000,11302,11305.9,11228.8,11285.1,34532,0
20251021,080000,11226,11226,11226,11226,592,0
20251021,090000,11225,11288.3,11163.5,11279.9,60652,0
20251021,100000,11279.9,11284.7,11103.9,11129.2,166191,0
20251021,110000,11127.5,11152.8,11033.2,11134.2,158291,0
20251021,120000,11136.1,11152.1,11084.3,11146.1,78431,0
20251021,130000,11147.1,11188,11119,11148.3,70151,0
20251021,140000,11154.8,11174.4,11096.1,11104.2,75234,0
20251021,150000,11104.1,11113.3,10981,11002.5,148209,0
20251021,160000,11000.2,11046,10901,10910.4,164364,0
20251021,170000,10911.7,10915.8,10668.6,10803.7,366704,0
20251021,180000,10803.4,10857,10741.3,10814,171403,0
20251021,190000,10815.1,10857,10721.7,10759,65490,0
20251021,200000,10759,10775.1,10711.7,10765.6,41029,0
20251021,210000,10770.9,10825,10756.1,10788.5,36092,0
20251021,220000,10788.5,10803.9,10741.3,10768.2,16459,0
20251021,230000,10766.1,10809.5,10760.9,10806,19348,0
20251022,080000,10810,10810,10810,10810,513,0
20251022,090000,10811.8,10925.2,10771,10905.9,59165,0
20251022,100000,10904.9,10976.7,10871.8,10900.9,199435,0
20251022,110000,10902.1,10910.3,10664.3,10685.1,340779,0
20251022,120000,10688.4,10763.7,10676.4,10693.6,143741,0
20251022,130000,10692.5,10760,10573.5,10593.9,144721,0
20251022,140000,10587.1,10601,10504.2,10536.6,217664,0
20251022,150000,10537,10640.6,10526.5,10579.4,133622,0
20251022,160000,10580.2,10675,10570,10650.9,112856,0
20251022,170000,10652.7,10658.6,10490.8,10509.2,142691,0
20251022,180000,10508,10572.5,10505.4,10541.2,79188,0
20251022,190000,10540,10597.4,10506.6,10579.4,38167,0
20251022,200000,10578.6,10615.2,10545,10612.8,25593,0
20251022,210000,10612.4,10646.6,10609,10618.7,26356,0
20251022,220000,10618.8,10785,10618.7,10739.7,76426,0
20251022,230000,10742,10787.5,10691.6,10764.6,46433,0
20251023,080000,10800,10800,10800,10800,964,0
20251023,090000,10790,10850,10731.8,10771.8,116745,0
20251023,100000,10769.4,10769.4,10620.2,10636.3,156268,0
20251023,110000,10635.7,10749.2,10634.1,10741.4,124441,0
20251023,120000,10742.9,10764.5,10714.8,10743.5,67013,0
20251023,130000,10743.5,10748,10702.7,10715.1,44157,0
20251023,140000,10718.5,10752.4,10709.4,10735.1,69651,0
20251023,150000,10734.9,10796.9,10722.1,10768.6,67805,0
20251023,160000,10771,10844.4,10754.8,10836.1,75633,0
20251023,170000,10836.6,10859.1,10801.4,10816,58439,0
20251023,180000,10815.8,10833.9,10807.3,10808.2,23748,0
20251023,190000,10816.1,10831,10767,10789.4,24786,0
20251023,200000,10787.7,10814.5,10770,10813.9,13671,0
20251023,210000,10813,10822.1,10790,10793.5,7444,0
20251023,220000,10793,10802.8,10743.8,10752.9,36187,0
20251023,230000,10753.7,10770.9,10730,10770,13259,0
20251024,080000,10750,10750,10750,10750,300,0
20251024,090000,10748.3,10748.3,10670,10690.7,46637,0
20251024,100000,10695.5,10710,10600,10620.9,114237,0
20251024,110000,10616.7,10629.8,10555.5,10583,120031,0
20251024,120000,10580,10605,10567.5,10582.8,53323,0
20251024,130000,10582.8,10618.7,10505.8,10528.2,97621,0
20251024,140000,10527,10539.3,10436.6,10515.7,144694,0
20251024,150000,10516.7,10541.4,10464.5,10540.7,108006,0
20251024,160000,10541.4,10621.2,10525.3,10532,140382,0
20251024,170000,10533.1,10605.6,10509.2,10543.6,73452,0
20251024,180000,10545.9,10575,10533.2,10558.1,33460,0
20251024,190000,10560,10608.4,10553.3,10560,23497,0
20251024,200000,10563.2,10588.7,10520.2,10525,17317,0
20251024,210000,10523.3,10567.5,10515,10549.4,9896,0
20251024,220000,10549.3,10589.8,10508.2,10509.3,15403,0
20251024,230000,10509.8,10539.4,10493.4,10524.2,15347,0
20251027,080000,10488.9,10488.9,10488.9,10488.9,380,0
20251027,090000,10488.4,10509,10350,10372.7,69147,0
20251027,100000,10375.6,10386.7,10274.2,10324.4,131334,0
20251027,110000,10324.5,10348,10237.4,10284.6,115523,0
20251027,120000,10285,10310,10238.2,10298.6,96523,0
20251027,130000,10298.6,10299.2,10258.9,10265.7,42140,0
20251027,140000,10268.1,10274,10207.5,10253.9,59473,0
20251027,150000,10249.3,10304,10249.3,10303,71852,0
20251027,160000,10304,10316.8,10225.7,10240,72461,0
20251027,170000,10240,10242.6,10090.8,10117,225286,0
20251027,180000,10117.9,10230,10102.9,10225.9,88563,0
20251027,190000,10227.9,10271,10209.6,10257.1,35366,0
20251027,200000,10258.5,10290.8,10246.5,10285,26398,0
20251027,210000,10283.4,10296.9,10255,10256,19054,0
20251027,220000,10256,10273.4,10223,10233.9,11581,0
20251027,230000,10235.3,10273.3,10205.1,10206,10723,0
20251028,080000,10173,10173,10173,10173,210,0
20251028,090000,10173,10173,10052.9,10134.8,86054,0
20251028,100000,10134.8,10168,10047.1,10103,121266,0
20251028,110000,10105.3,10122,10053.1,10053.1,106769,0
20251028,120000,10055.8,10075.8,10014,10035.2,129308,0
20251028,130000,10036.5,10069.2,10015,10044.3,70728,0
20251028,140000,10042.2,10046.5,10008,10023.9,83266,0
20251028,150000,10024.1,10069.5,9958.6,9981.3,105488,0
20251028,160000,9981.4,10048.3,9981.4,10047.8,73900,0
20251028,170000,10048,10099,10036.9,10066.5,93261,0
20251028,180000,10066.2,10097.6,10064.8,10083,34693,0
20251028,190000,10085.1,10106.3,10068.4,10081,28768,0
20251028,200000,10080.7,10129.1,10077.3,10109.1,25880,0
20251028,210000,10107.5,10110,10051.5,10087.1,19100,0
20251028,220000,10084.2,10100,10068,10095,13259,0
20251028,230000,10093.8,10098.3,10065.6,10085.5,7699,0
20251029,080000,10099,10099,10099,10099,190,0
20251029,090000,10100,10206,10090.7,10170.6,58252,0
20251029,100000,10170,10203,10148.2,10185.5,119372,0
20251029,110000,10185.5,10237.3,10181.7,10234.5,107825,0
20251029,120000,10234.2,10311,10234.2,10300,68312,0
20251029,130000,10300,10343,10286,10335.1,89687,0
20251029,140000,10338.3,10342.9,10285.5,10307.7,45609,0
20251029,150000,10306.2,10344.4,10297.1,10322.7,40059,0
20251029,160000,10321.3,10322.4,10281.4,10307.5,54904,0
20251029,170000,10306.9,10330.3,10281.1,10288,73006,0
20251029,180000,10286.5,10319,10271.2,10277,37476,0
20251029,190000,10271.1,10286.4,10240.5,10268.9,21586,0
20251029,200000,10268,10287.7,10250.5,10285.1,25374,0
20251029,210000,10285,10316.7,10128.4,10194.8,108113,0
20251029,220000,10191.2,10220,10086,10124.4,68056,0
20251029,230000,10123.6,10149.9,10102.8,10114.8,25945,0
20251030,080000,10160,10160,10160,10160,1147,0
20251030,090000,10160,10278.2,10160,10274.4,52692,0
20251030,100000,10274,10302,10220.3,10244.7,100279,0
20251030,110000,10245,10292.7,10244,10290.3,79554,0
20251030,120000,10290.6,10389.2,10290.1,10358.9,118353,0
20251030,130000,10358.7,10362.5,10299.3,10331.4,77438,0
20251030,140000,10325,10330.5,10279.7,10289,74558,0
20251030,150000,10287.6,10342.1,10260,10264.1,102816,0
20251030,160000,10262.2,10343.7,10250.9,10341.8,77831,0
20251030,170000,10342,10375.2,10290,10345.5,116212,0
20251030,180000,10342.9,10374.7,10317,10362.8,47914,0
20251030,190000,10362.5,10370.7,10334.4,10368.3,27672,0
20251030,200000,10368.3,10415.3,10345.5,10375,36441,0
20251030,210000,10375,10429.8,10370.2,10423.1,24678,0
20251030,220000,10423.2,10454.8,10383.3,10435.3,44975,0
20251030,230000,10434.6,10451.1,10400.4,10451.1,13861,0
20251031,080000,10425.7,10425.7,10425.7,10425.7,119,0
20251031,090000,10420,10440,10300,10401.7,58199,0
20251031,100000,10399.8,10476,10376.3,10436.7,124742,0
20251031,110000,10435.3,10456.8,10416,10423.2,46167,0
20251031,120000,10422.1,10435.3,10402.5,10423.2,47689,0
20251031,130000,10423.9,10441.8,10413,10428,25159,0
20251031,140000,10427.9,10443.2,10420.1,10438.2,15413,0
20251031,150000,10439.6,10496.9,10438.8,10440.5,46112,0
20251031,160000,10440.5,10470,10415,10421.2,81273,0
20251031,170000,10420.7,10455.5,10387.6,10420.3,61723,0
20251031,180000,10420.2,10421.8,10381,10394.8,21634,0
20251031,190000,10390.8,10390.8,10282.2,10311.9,55735,0
20251031,200000,10311,10380.5,10308,10359.8,23130,0
20251031,210000,10360.2,10389,10347.6,10359.8,11719,0
20251031,220000,10359.2,10377.1,10331.3,10366.8,12432,0
20251031,230000,10366.1,10389.5,10346.3,10385.4,12327,0
20251101,080000,10390,10390,10390,10390,37,0
20251101,090000,10385.4,10423,10337.3,10347.9,8060,0
20251101,100000,10346.3,10382.3,10319.2,10342.5,31329,0
20251101,110000,10340.2,10349,10331.2,10348.4,8770,0
20251101,120000,10348.4,10364.4,10331.6,10362.8,19735,0
20251101,130000,10360.3,10369.8,10347,10357.8,6072,0
20251101,140000,10357.7,10408.5,10357.7,10407.3,11132,0
20251101,150000,10407.3,10425.9,10395,10399.2,18405,0
20251101,160000,10403.4,10410.4,10393.2,10396.3,6316,0
20251101,170000,10398.2,10416.9,10391.3,10414.4,9331,0
20251101,180000,10414.1,10420,10397.5,10413.3,16760,0
20251101,190000,10409.3,10412.9,10400,10410.1,3491,0
20251101,200000,10411.5,10418,10403.8,10406,1841,0
20251101,210000,10407.3,10420,10404.5,10409,1704,0
20251101,220000,10409,10411.3,10406.3,10408.4,1162,0
20251101,230000,10409,10416.9,10409,10412.5,1800,0
20251103,090000,10413,10450.9,10412.5,10442.4,15254,0
20251103,100000,10444.7,10464.8,10370.8,10420.7,39544,0
20251103,110000,10420.6,10443.4,10390.2,10418.6,24665,0
20251103,120000,10415.9,10429.2,10353,10371.1,31768,0
20251103,130000,10370.5,10384.3,10314.8,10330.6,39522,0
20251103,140000,10334.9,10338.3,10290.6,10314.9,35493,0
20251103,150000,10315.2,10348.4,10302.4,10342.5,29527,0
20251103,160000,10341,10359,10327.8,10348.1,19097,0
20251103,170000,10350,10363.9,10306,10344,26309,0
20251103,180000,10344.8,10371.2,10296,10331.3,38338,0
20251103,190000,10322.8,10322.8,10280.1,10309.3,28259,0
20251103,200000,10309.3,10312,10290.2,10301.3,6151,0
20251103,210000,10301,10323.8,10287.3,10320.5,6997,0
20251103,220000,10320.4,10326.6,10298.1,10319.1,7274,0
20251103,230000,10321.8,10346,10315.8,10327,15868,0
20251105,090000,10238.6,10278,10188,10260.6,40351,0
20251105,100000,10262,10361.2,10260.3,10356.8,128669,0
20251105,110000,10358.7,10383.8,10346.5,10352,115615,0
20251105,120000,10350.9,10362,10327.1,10334,81633,0
20251105,130000,10333.6,10368,10315.8,10356,70764,0
20251105,140000,10348.4,10365.9,10330.9,10357.5,24039,0
20251105,150000,10355.2,10369,10332,10347,29763,0
20251105,160000,10346.9,10373.7,10341.6,10372,28428,0
20251105,170000,10371.7,10392,10337.8,10356,60155,0
20251105,180000,10353.8,10387.5,10334.9,10380.8,27280,0
20251105,190000,10381.4,10409,10368.7,10401.8,15185,0
20251105,200000,10404.2,10409,10375.5,10389,14748,0
20251105,210000,10389,10397.4,10380.3,10395.2,4822,0
20251105,220000,10395.2,10414,10383.5,10410.3,6473,0
20251105,230000,10410.3,10411.2,10385,10388,4993,0
20251106,090000,10394.7,10429.9,10357,10426.8,21798,0
20251106,100000,10428,10462.2,10401,10432.8,90206,0
20251106,110000,10432.6,10497.9,10426.4,10462.1,57949,0
20251106,120000,10460.5,10464.5,10426.3,10428.6,38809,0
20251106,130000,10427.9,10429,10406.3,10410.8,42847,0
20251106,140000,10407.3,10464,10402.9,10458.8,44001,0
20251106,150000,10456.6,10460.6,10421.4,10429.2,23440,0
20251106,160000,10429.2,10452,10419,10431.3,22586,0
20251106,170000,10431.3,10431.8,10370,10373.2,74118,0
20251106,180000,10372.2,10386.8,10345,10358.7,35600,0
20251106,200000,10377,10406.1,10352.3,10386.4,27133,0
20251106,210000,10382.6,10416,10369.1,10405.3,16050,0
20251106,220000,10405.3,10430,10388.8,10399.2,11863,0
20251106,230000,10401.6,10409,10386,10391.5,5737,0
20251107,090000,10405.2,10476.7,10405.1,10466.6,28301,0
20251107,100000,10466.6,10474,10418,10428,55097,0
20251107,110000,10429,10445,10408.6,10442.4,36365,0
20251107,120000,10444.3,10449.9,10416.2,10421.6,28141,0
20251107,130000,10421.2,10427.2,10410,10422.7,20127,0
20251107,140000,10426.2,10427.1,10400,10416.6,24667,0
20251107,150000,10416.3,10430,10391.8,10395,18098,0
20251107,160000,10395,10398.9,10358.7,10369.5,47509,0
20251107,170000,10369.3,10386.5,10338.5,10357.9,50517,0
20251107,180000,10357.9,10372.9,10338.8,10340.7,18276,0
20251107,190000,10348.9,10436,10340,10396,45438,0
20251107,200000,10398.4,10406.1,10367.1,10400.8,16645,0
20251107,210000,10401.3,10410,10384,10397.8,10197,0
20251107,220000,10397.8,10409.1,10388.2,10402,5823,0
20251107,230000,10401.6,10405.4,10384.7,10405.4,5785,0
20251108,100000,10388.8,10407,10388.7,10402.6,598,0
20251108,110000,10402.6,10409.5,10400,10409.5,724,0
20251108,120000,10409,10410,10400,10405,510,0
20251108,130000,10405,10415,10401.9,10403.5,587,0
20251108,140000,10409.2,10409.2,10400,10408.8,457,0
20251108,150000,10403.2,10409.1,10400.7,10402.4,193,0
20251108,160000,10405.6,10408.8,10393,10406.7,661,0
20251108,170000,10406.5,10406.7,10400,10405.8,85,0
20251108,180000,10405.8,10418,10382.1,10394.2,1657,0
20251109,100000,10394.2,10409,10385.1,10403.3,379,0
20251109,110000,10407.5,10408.1,10377.8,10386.6,1048,0
20251109,120000,10386.6,10401,10385.5,10401,382,0
20251109,130000,10401,10404.6,10394.5,10403.5,209,0
20251109,140000,10403.5,10403.5,10397.4,10402.2,124,0
20251109,150000,10400,10401.9,10397.8,10401.9,35,0
20251109,160000,10402.1,10403.1,10398,10402.3,146,0
20251109,170000,10402.1,10407.5,10398,10401.6,382,0
20251109,180000,10402.5,10410,10400.5,10408.7,437,0
20251110,090000,10539.5,10600,10526.1,10573.1,62398,0
20251110,100000,10573.3,10605.9,10548.1,10578,83927,0
20251110,110000,10577,10609.2,10574.7,10590.4,55344,0
20251110,120000,10590.5,10605.1,10579.5,10594.1,35631,0
20251110,130000,10595.2,10624.7,10594,10615.3,36816,0
20251110,140000,10615.1,10625.5,10603.9,10621.4,21035,0
20251110,150000,10621.5,10689,10621.5,10676,51386,0
20251110,160000,10676.3,10687.5,10631.8,10637.3,43772,0
20251110,170000,10635.5,10655.8,10610.5,10630.2,61113,0
20251110,180000,10630,10662.4,10622.5,10623.8,37328,0
20251110,190000,10636.4,10674.1,10636.4,10671.1,22865,0
20251110,200000,10671.2,10680,10666,10675.5,8394,0
20251110,210000,10675.6,10724,10674.1,10703.6,20668,0
20251110,220000,10703.2,10724.2,10699.7,10720.8,10890,0
20251110,230000,10721.1,10731.4,10701,10723.3,12802,0
20251111,090000,10752.7,10786,10713,10763.8,32135,0
20251111,100000,10763.5,10819.8,10753,10781.2,69523,0
20251111,110000,10781.2,10799,10770.3,10787.9,29376,0
20251111,120000,10790.3,10801.1,10777,10789.5,23762,0
20251111,130000,10789.5,10794,10773,10781.2,21653,0
20251111,140000,10784.4,10805.6,10782.1,10798.3,39567,0
20251111,150000,10799.1,10801.8,10759.9,10759.9,28140,0
20251111,160000,10759.9,10767.1,10728.2,10743,62417,0
20251111,170000,10743,10743,10668.8,10691,56170,0
20251111,180000,10686.4,10695.8,10627.5,10660,55933,0
20251111,190000,10660,10684,10641.4,10678.8,21342,0
20251111,200000,10679.4,10701.5,10677.1,10689,16409,0
20251111,210000,10690,10693,10660.5,10691.3,12468,0
20251111,220000,10692,10736.5,10687.1,10728.2,16266,0
20251111,230000,10727.3,10747.4,10726.2,10730.4,7835,0
20251112,090000,10670,10719.6,10649,10700.1,19099,0
20251112,100000,10703.6,10742.9,10675.1,10699,57087,0
20251112,110000,10699.9,10754.7,10690.4,10752.4,62916,0
20251112,120000,10752.2,10754.5,10712,10720.5,26193,0
20251112,130000,10720,10742.1,10713.4,10741.2,23415,0
20251112,140000,10741.2,10748.1,10718,10721,21393,0
20251112,150000,10720.3,10736.8,10716.8,10729.3,46345,0
20251112,160000,10729,10738.5,10715.5,10722.8,70693,0
20251112,170000,10723.1,10756.6,10723,10752.7,35199,0
20251112,180000,10752.9,10860.3,10750,10834.8,80013,0
20251112,190000,10856.3,10893.3,10835,10890,46335,0
20251112,200000,10891.3,10906.6,10867.8,10878.9,21881,0
20251112,210000,10878.9,10914.4,10854.8,10903.4,21585,0
20251112,220000,10903,10905,10857.2,10878.1,14418,0
20251112,230000,10877.5,10900,10864,10887.9,9114,0
20251113,090000,10910,10919.7,10825,10873.1,41699,0
20251113,100000,10873.2,10918,10855,10913.9,110043,0
20251113,110000,10913.6,10978.2,10911.7,10924,95485,0
20251113,120000,10923.9,10953.1,10895,10942.6,36375,0
20251113,130000,10942.4,10958.8,10906,10919,32767,0
20251113,140000,10919,10930,10881,10907.4,46506,0
20251113,150000,10905.3,10962.8,10896.7,10957.8,25327,0
20251113,160000,10956,10957.8,10902.6,10954.4,49246,0
20251113,170000,10953.9,10953.9,10843.6,10872.2,80139,0
20251113,180000,10872,10907,10858.8,10883,40621,0
20251113,190000,10894.5,10934.2,10890.4,10914.8,16839,0
20251113,200000,10915,10917.6,10875,10892.5,9851,0
20251113,210000,10889.7,10899.7,10747.1,10785.3,52746,0
20251113,220000,10785.3,10834.2,10754.6,10810.4,31751,0
20251113,230000,10810.4,10831.8,10805.3,10830.5,10115,0
20251114,090000,10871.1,10947,10855.2,10899,50487,0
20251114,100000,10896,10954,10880,10950.8,94691,0
20251114,110000,10950,10966.9,10903,10912.3,67233,0
20251114,120000,10912.3,10920,10840.8,10841.7,78312,0
20251114,130000,10841.4,10859.6,10825.2,10827.2,24448,0
20251114,140000,10833.7,10844.8,10730,10740.8,63924,0
20251114,150000,10739.6,10759,10681,10717,67546,0
20251114,160000,10715.4,10728.8,10511.8,10552.5,144393,0
20251114,170000,10552,10630,10511.2,10620.4,101894,0
20251114,180000,10620.1,10649.6,10589,10647.1,47310,0
20251114,190000,10620,10700,10610.1,10678.4,35750,0
20251114,200000,10678.6,10700,10638.6,10656.6,35563,0
20251114,210000,10657.8,10668.7,10611.6,10655.1,16563,0
20251114,220000,10655.4,10660.4,10634,10646.8,11653,0
20251114,230000,10641.4,10669.7,10616.6,10667.2,16684,0
20251115,100000,10670,10679,10621,10649.1,3128,0
20251115,110000,10650,10653,10649.1,10649.4,237,0
20251115,120000,10651.9,10655,10649,10654,440,0
20251115,130000,10654,10654.9,10650,10654.8,614,0
20251115,140000,10653,10655,10652.5,10654,290,0
20251115,150000,10654.6,10655,10653,10655,143,0
20251115,160000,10655,10655,10648.1,10651.5,515,0
20251115,170000,10648.2,10654,10642.5,10651.5,160,0
20251115,180000,10650.9,10654,10649.2,10649.3,103,0
20251116,100000,10650,10653.9,10634,10648.1,368,0
20251116,110000,10647.9,10651,10647.9,10651,181,0
20251116,120000,10651,10653.7,10650,10652.4,224,0
20251116,130000,10651,10670,10651,10664.1,292,0
20251116,140000,10664.2,10670,10651,10651.1,458,0
20251116,150000,10651.1,10669,10651,10658.2,307,0
20251116,160000,10658.1,10675,10653.4,10670,448,0
20251116,170000,10665.1,10669.8,10652.8,10663,473,0
20251116,180000,10663,10674,10657.2,10660,551,0
20251117,090000,10599,10655.2,10584,10625.8,35485,0
20251117,100000,10624.6,10700,10579.3,10698.7,74801,0
20251117,110000,10698.1,10737,10663.2,10680.4,72247,0
20251117,120000,10678.8,10700,10664.4,10676.9,37873,0
20251117,130000,10675.4,10696.8,10641.2,10644.8,39620,0
20251117,140000,10642.2,10672,10620,10644.2,37644,0
20251117,150000,10645.6,10652,10627.4,10635,27056,0
20251117,160000,10633.1,10675,10602.9,10605.1,45990,0
20251117,170000,10605.1,10646.5,10581.8,10620.5,44045,0
20251117,180000,10620.6,10629.5,10586.6,10605.4,26830,0
20251117,190000,10605.2,10625.6,10554.1,10614.3,22198,0
20251117,200000,10613.3,10653.4,10612.6,10622,20391,0
20251117,210000,10620.2,10631.8,10602,10602.1,8261,0
20251117,220000,10602.1,10619.6,10483.9,10489.6,52978,0
20251117,230000,10488.2,10541,10474,10538,22071,0
20251118,090000,10510,10532.4,10477.1,10477.1,26294,0
20251118,100000,10477.9,10481.7,10415.8,10462,109556,0
20251118,110000,10461.7,10568.6,10449.4,10540.9,134449,0
20251118,120000,10540.3,10564.9,10512.2,10548.8,43444,0
20251118,130000,10546.9,10565,10534.4,10556.3,24371,0
20251118,140000,10558,10562,10516,10518.8,28570,0
20251118,150000,10519.3,10530.8,10496.3,10513.1,43220,0
20251118,160000,10512.8,10614.5,10511.5,10598.5,67994,0
20251118,170000,10598.6,10622,10573.9,10594.6,66475,0
20251118,180000,10594.7,10610,10566.6,10568,35713,0
20251118,190000,10567,10614.1,10534.6,10611.4,21611,0
20251118,200000,10611.8,10632.8,10579.5,10616.3,18754,0
20251118,210000,10616.3,10623.3,10593.4,10615.8,10474,0
20251118,220000,10617.2,10639.9,10616.6,10636.9,8688,0
20251118,230000,10638.8,10646,10610.2,10613.7,7486,0
20251119,090000,10653.3,10697.4,10651.1,10667.6,26503,0
20251119,100000,10666.4,10667.4,10617.1,10619.3,50917,0
20251119,110000,10619,10619.6,10592.5,10606.9,46230,0
20251119,120000,10606.6,10651.6,10595.1,10649.1,109967,0
20251119,130000,10650.2,10666.8,10641.1,10657.9,42737,0
20251119,140000,10655,10667.4,10641.1,10644.5,24942,0
20251119,150000,10645.7,10666.9,10640.7,10643.8,33679,0
20251119,160000,10643.4,10651.9,10591,10621.6,60943,0
20251119,170000,10621.6,10680,10608.8,10676.5,59017,0
20251119,180000,10676.4,10676.9,10600.2,10606.5,40215,0
20251119,190000,10606.3,10606.3,10530.4,10541.4,50651,0
20251119,200000,10540.4,10565.4,10494.1,10558,33545,0
20251119,210000,10558,10578,10541.3,10574.7,17547,0
20251119,220000,10570.2,10570.2,10520,10551,10476,0
20251119,230000,10551.5,10567.4,10540.1,10547.2,5626,0
20251120,090000,10536.3,10563.8,10516.2,10540.1,17923,0
20251120,100000,10539.7,10558.4,10490.3,10501.6,98958,0
20251120,110000,10501.6,10505,10452.6,10490,87013,0
20251120,120000,10489.2,10508.7,10463,10484.4,48882,0
20251120,130000,10483.2,10491.6,10471.5,10479.7,19426,0
20251120,140000,10475.7,10498.4,10460.7,10490.6,66996,0
20251120,150000,10491,10531.9,10483.6,10528.6,39141,0
20251120,160000,10527.2,10547,10482.8,10496.8,73810,0
20251120,170000,10496.7,10533.5,10468,10502.2,64958,0
20251120,180000,10503.5,10522.3,10459.1,10491,33940,0
20251120,190000,10465,10488.1,10402,10406.9,30306,0
20251120,200000,10406.7,10444,10372.9,10425.2,39338,0
20251120,210000,10424.3,10440.9,10378,10396.6,18543,0
20251120,220000,10390.3,10444.7,10386.7,10430,9887,0
20251120,230000,10429,10431.6,10394.9,10414,7078,0
20251121,090000,10375,10402.6,10301,10301.4,38509,0
20251121,100000,10302,10308.6,10200,10219.3,125689,0
20251121,110000,10220,10257.8,10190,10234.2,71736,0
20251121,120000,10234.4,10307.7,10231.8,10278,61302,0
20251121,130000,10277.9,10286.2,10241.2,10253.3,63127,0
20251121,140000,10253.3,10269.7,10234.5,10244.5,38925,0
20251121,150000,10243.6,10346.9,10238,10332.3,98346,0
20251121,160000,10332.5,10404,10310.2,10404,108526,0
20251121,170000,10404,10411,10346.2,10371.5,55526,0
20251121,180000,10371,10389.8,10307.7,10340.3,28019,0
20251121,190000,10345,10438.7,10345,10438.6,33823,0
20251121,200000,10436,10438.6,10371.5,10396.5,28224,0
20251121,210000,10397.8,10401.5,10372.1,10381.8,10765,0
20251121,220000,10388,10406.3,10381,10389.8,5401,0
20251121,230000,10391.6,10396.3,10338.1,10343.1,14421,0
20251124,090000,10300,10326.6,10272,10307.2,32160,0
20251124,100000,10308.2,10345.7,10257,10311.6,67754,0
20251124,110000,10311.6,10320.8,10286.4,10306.6,54374,0
20251124,120000,10305.7,10333.8,10301.6,10323.9,46726,0
20251124,130000,10322,10334,10266,10271.9,37142,0
20251124,140000,10267.1,10336,10267,10304.6,35613,0
20251124,150000,10303.2,10336.4,10301.7,10322.6,28613,0
20251124,160000,10322.6,10334,10301.4,10310.9,28379,0
20251124,170000,10309.7,10326.7,10290.5,10318.5,26397,0
20251124,180000,10318.5,10352.3,10317.3,10342.9,23433,0
20251124,190000,10342.7,10368.3,10336.8,10356,21620,0
20251124,200000,10355.9,10363,10335.5,10344.6,8595,0
20251124,210000,10343.9,10420,10311.1,10397,21659,0
20251124,220000,10399.7,10406.5,10359.5,10400.8,33660,0
20251124,230000,10403.7,10455.4,10403.4,10452,32324,0
20251125,090000,10460.7,10491.6,10438.7,10457.6,30017,0
20251125,100000,10457.3,10482.4,10443,10474,82325,0
20251125,110000,10474,10480,10408,10422,73394,0
20251125,120000,10423.7,10456.5,10417.7,10446,37324,0
20251125,130000,10445.9,10520,10445.8,10519.8,79415,0
20251125,140000,10519,10520,10493.6,10499.3,27223,0
20251125,150000,10499.5,10518,10444,10492.6,40490,0
20251125,160000,10493.8,10520,10486.3,10508.6,30798,0
20251125,170000,10506.9,10508.6,10408,10428.9,85199,0
20251125,180000,10428.9,10460,10417.1,10441.2,28638,0
20251125,190000,10453.8,10456,10411,10450,17080,0
20251125,200000,10449.6,10510,10445.7,10476.6,21749,0
20251125,210000,10477.8,10497.1,10458,10458.6,8220,0
20251125,220000,10460.1,10485.5,10443.6,10456.5,5816,0
20251125,230000,10456.2,10479.2,10455.5,10462.5,3769,0
20251126,090000,10521.3,10538,10485.2,10491,18169,0
20251126,100000,10492.5,10520.6,10465.5,10494.9,39597,0
20251126,110000,10492.2,10512.8,10489.4,10496.3,37350,0
20251126,120000,10495.9,10503.8,10476.6,10493.5,27547,0
20251126,130000,10493.5,10500,10475.9,10489,24180,0
20251126,140000,10485.8,10520.6,10476.7,10510.6,56204,0
20251126,150000,10510.5,10517.8,10461.8,10477.7,35638,0
20251126,160000,10477.1,10491.1,10460.3,10471.3,26621,0
20251126,170000,10467.2,10478.1,10443,10451.6,36254,0
20251126,180000,10451.1,10493,10446.5,10470,27164,0
20251126,190000,10485.6,10499.8,10471,10490.9,12188,0
20251126,200000,10491.2,10500,10488.3,10496.6,4676,0
20251126,210000,10497.3,10530,10483.8,10497.1,11293,0
20251126,220000,10499.2,10509.4,10487.1,10493,4075,0
20251126,230000,10495.3,10507.5,10484.1,10488.4,10395,0
20251127,090000,10471,10492.4,10456.5,10474.4,11326,0
20251127,100000,10474.2,10474.2,10443,10459.9,50777,0
20251127,110000,10459,10462.6,10447.1,10447.9,32140,0
20251127,120000,10448,10448,10403,10417.5,63672,0
20251127,130000,10418.3,10436.8,10410,10436,28660,0
20251127,140000,10437,10459.3,10428.8,10437.5,56858,0
20251127,150000,10437.4,10450.2,10436.4,10439.1,20034,0
20251127,160000,10437.7,10446,10416,10429.1,19972,0
20251127,170000,10429,10458.6,10421.6,10427.8,22552,0
20251127,180000,10427.9,10442.5,10414.8,10429,20187,0
20251127,190000,10420.8,10430.3,10415,10418,6822,0
20251127,200000,10418,10437,10410.1,10432.9,5748,0
20251127,210000,10431.5,10439.9,10425,10437.2,8368,0
20251127,220000,10434.3,10441.3,10426.5,10426.5,3265,0
20251127,230000,10428.3,10430.5,10420,10430.5,2441,0
20251128,090000,10481.5,10527,10465.2,10522.3,25566,0
20251128,100000,10522.3,10537.3,10462,10467.8,42125,0
20251128,110000,10467,10470.4,10434.1,10466.2,37336,0
20251128,120000,10466.6,10469.1,10451.6,10463.8,18009,0
20251128,130000,10463.6,10469.8,10429.3,10441,48227,0
20251128,140000,10440.6,10476,10435.5,10453.3,32657,0
20251128,150000,10453,10469.6,10447,10458.3,18437,0
20251128,160000,10461.5,10471.3,10418.9,10450,50022,0
20251128,170000,10449.3,10488,10431.5,10441.2,58236,0
20251128,180000,10440.5,10445,10413.6,10424,45023,0
20251128,190000,10428,10479,10417,10464.7,27415,0
20251128,200000,10466.1,10479.8,10440.3,10472,15271,0
20251128,210000,10472,10498,10458.1,10479.4,14272,0
20251128,220000,10479,10487.3,10450.1,10452,11923,0
20251128,230000,10452,10496.1,10447.1,10487.5,15650,0
20251129,100000,10490,10531,10409.8,10492.9,21792,0
20251129,110000,10492.9,10519.8,10483.1,10510,3393,0
20251129,120000,10505.9,10526.4,10505,10520.3,3564,0
20251129,130000,10524.9,10526,10505,10507.6,1276,0
20251129,140000,10507.6,10514.6,10485,10509.3,2686,0
20251129,150000,10507.8,10511.8,10495,10498,349,0
20251129,160000,10500,10510.4,10490,10495,1172,0
20251129,170000,10494.6,10509,10493.3,10503.3,643,0
20251129,180000,10504.7,10513,10496.7,10512.6,1254,0
20251130,100000,10512.7,10512.8,10504.9,10512,866,0
20251130,110000,10509.2,10511.9,10505,10505.5,259,0
20251130,120000,10505.5,10507.7,10495.1,10495.2,319,0
20251130,130000,10495.2,10503.4,10495,10503.3,214,0
20251130,140000,10503.2,10503.4,10498.4,10503.3,77,0
20251130,150000,10501,10506.2,10500,10506.2,189,0
20251130,160000,10500.3,10510,10500.1,10502.5,417,0
20251130,170000,10500.1,10522.2,10500,10506.8,997,0
20251130,180000,10503.8,10506.7,10500.5,10500.5,263,0
20251201,090000,10516,10567.1,10506.8,10550,28844,0
20251201,100000,10551.7,10574.2,10526,10569.5,74420,0
20251201,110000,10569.7,10600,10564,10578.7,43126,0
20251201,120000,10579.3,10610.9,10574.7,10604.7,47404,0
20251201,130000,10604.6,10627.1,10599.4,10618.5,54067,0
20251201,140000,10619.3,10628.3,10600.9,10622,27600,0
20251201,150000,10621.1,10625.6,10600.3,10601.6,32405,0
20251201,160000,10601.6,10628.8,10585.3,10586.6,43495,0
20251201,170000,10586.6,10595.8,10534.2,10575.3,68026,0
20251201,180000,10577.2,10588.5,10531,10532.1,33183,0
20251201,190000,10548.2,10597,10543.3,10552.7,10897,0
20251201,200000,10552.6,10590,10548.6,10570,5844,0
20251201,210000,10570.7,10582.8,10548.2,10550.9,12334,0
20251201,220000,10549.9,10562.5,10541.7,10552.3,5179,0
20251201,230000,10557.9,10571.7,10552.3,10570,5557,0
20251202,090000,10545,10545,10455.3,10490.3,31647,0
20251202,100000,10490.5,10500.9,10465.5,10498.6,21278,0
20251202,110000,10500.3,10501.7,10485.1,10485.2,15355,0
20251202,120000,10485.1,10492.1,10419.5,10443,38623,0
20251202,130000,10442,10446.9,10422.8,10425.7,26177,0
20251202,140000,10427.9,10440,10391.6,10436.5,53037,0
20251202,150000,10437.3,10458.2,10428.5,10436.2,29636,0
20251202,160000,10438,10470.7,10416.2,10468.8,21614,0
20251202,170000,10468.7,10503,10462.2,10481.2,46800,0
20251202,180000,10478.9,10564,10441.4,10454.6,72301,0
20251202,190000,10453,10488.1,10426,10471.5,18898,0
20251202,200000,10474.3,10507,10474.3,10485,8661,0
20251202,210000,10484.3,10494.3,10433.9,10458.3,10069,0
20251202,220000,10456.9,10482.8,10455.7,10473.4,4400,0
20251202,230000,10476.7,10511.4,10460,10510,4622,0
20251203,090000,10499.9,10559.8,10480.5,10555,31757,0
20251203,100000,10555.1,10557.7,10511.4,10521.8,44269,0
20251203,110000,10521.9,10524,10494.8,10511,23690,0
20251203,120000,10509.7,10511.7,10450,10458.5,34083,0
20251203,130000,10458.6,10468.1,10440,10467.5,20415,0
20251203,140000,10467.7,10486.9,10460.4,10484.7,19450,0
20251203,150000,10486,10487,10466.3,10478,16807,0
20251203,160000,10479,10520.5,10462,10516,42643,0
20251203,170000,10516,10523,10428.5,10449.5,66197,0
20251203,180000,10449.5,10449.5,10404.1,10435,42974,0
20251203,190000,10424.6,10424.7,10321.3,10348.5,43525,0
20251203,200000,10345.6,10369.9,10338.7,10364.8,24499,0
20251203,210000,10364.8,10364.8,10321,10329.5,11706,0
20251203,220000,10330.1,10367.8,10326.3,10364.4,7149,0
20251203,230000,10365.5,10384.4,10363.3,10378.2,6491,0
20251204,090000,10336.6,10337.6,10286.2,10309.5,22729,0
20251204,100000,10311.3,10355,10254.4,10354.5,76642,0
20251204,110000,10354.5,10375.6,10342,10342.6,33734,0
20251204,120000,10342.6,10390.9,10342.6,10389.9,18166,0
20251204,130000,10389.9,10398.9,10356,10385.6,37116,0
20251204,140000,10383.7,10404.9,10376.6,10390.9,25367,0
20251204,150000,10389.1,10403.8,10366.1,10370.7,27591,0
20251204,160000,10370.3,10378,10331,10334.6,89103,0
20251204,170000,10333.4,10347.6,10283.5,10310,89493,0
20251204,180000,10310.4,10340.8,10296.9,10298.4,60529,0
20251204,190000,10299,10344,10291,10301.2,22576,0
20251204,200000,10300,10300,10260,10294.3,17274,0
20251204,210000,10293.4,10297.3,10234.9,10240.9,16654,0
20251204,220000,10241.1,10258.9,10214.3,10245.1,19413,0
20251204,230000,10247.1,10257.5,10243.7,10255.5,8380,0
20251205,090000,10265.1,10306,10239.7,10257.2,40825,0
20251205,100000,10257.9,10360.9,10257.9,10341,89215,0
20251205,110000,10342,10351.2,10318,10323.2,66741,0
20251205,120000,10322.9,10329.8,10287.5,10320.1,37276,0
20251205,130000,10320.1,10420.8,10318.2,10396.4,60773,0
20251205,140000,10398.3,10470.9,10389.4,10435.8,88170,0
20251205,150000,10437,10447.4,10409,10432.5,32531,0
20251205,160000,10432,10463.5,10410.8,10453.7,34296,0
20251205,170000,10455.1,10462,10422.3,10459.2,34451,0
20251205,180000,10458.6,10485.4,10418.8,10460,38987,0
20251205,190000,10450.4,10457,10353.7,10395.6,49494,0
20251205,200000,10393.2,10420.9,10383,10407.6,12971,0
20251205,210000,10407.6,10418.4,10383.2,10384.4,8487,0
20251205,220000,10384.6,10400,10377,10392.5,8232,0
20251205,230000,10393.2,10404.5,10381.1,10400.9,6433,0
20251208,090000,10415,10498,10410.5,10463.5,33937,0
20251208,100000,10464.4,10467,10395,10412.6,45906,0
20251208,110000,10412.3,10433,10397.2,10422.8,33120,0
20251208,120000,10420,10429.3,10380.5,10403.3,30796,0
20251208,130000,10401.1,10407.3,10367.3,10378.1,30900,0
20251208,140000,10377.2,10418.3,10370,10392.4,26555,0
20251208,150000,10390.7,10417.7,10387.3,10401.5,14882,0
20251208,160000,10401.4,10401.6,10337.7,10340.3,31954,0
20251208,170000,10340.2,10384.2,10326,10370,38066,0
20251208,180000,10368.1,10400,10303,10320.6,58750,0
20251208,190000,10320.6,10363.3,10305,10344.9,21918,0
20251208,200000,10348,10359,10334.6,10354.8,4723,0
20251208,210000,10356.6,10378.5,10348.3,10353.5,9825,0
20251208,220000,10355.3,10366.6,10346.1,10358.4,2983,0
20251208,230000,10359.9,10387.2,10357,10382,3789,0
20251209,090000,10348,10363.6,10305.5,10340,18694,0
20251209,100000,10339.9,10361.8,10315.8,10316.4,22695,0
20251209,110000,10316,10337.7,10311.6,10334.3,32202,0
20251209,120000,10334.4,10372.8,10334.3,10365.7,91058,0
20251209,130000,10365.6,10403.3,10362,10381.4,31790,0
20251209,140000,10377.7,10435.6,10377.7,10425.1,34741,0
20251209,150000,10427.3,10451.8,10421.3,10427.1,28248,0
20251209,160000,10426.6,10435.7,10390.2,10418,24528,0
20251209,170000,10420,10475,10379.8,10470.1,63334,0
20251209,180000,10470.3,10510,10443.6,10483.2,67588,0
20251209,190000,10491,10541.8,10491,10506.5,29709,0
20251209,200000,10506.8,10520,10490,10491.5,12028,0
20251209,210000,10491.4,10508.9,10491,10500,7466,0
20251209,220000,10503,10505,10466.4,10489.2,16498,0
20251209,230000,10488.9,10495,10477,10484.5,6755,0
20251210,090000,10509.5,10523,10471.7,10515,11453,0
20251210,100000,10513.6,10517,10450,10450.4,32757,0
20251210,110000,10450.9,10461,10425.6,10429.4,63864,0
20251210,120000,10428.2,10437.2,10413,10427,27151,0
20251210,130000,10425.7,10458.3,10421.3,10441.3,64186,0
20251210,140000,10441.3,10472.8,10439.5,10470.9,55591,0
20251210,150000,10471,10491.3,10452.4,10488.5,45231,0
20251210,160000,10488.4,10514.9,10481.4,10499.1,52510,0
20251210,170000,10499.7,10539.4,10470.3,10520.1,40303,0
20251210,180000,10520.1,10595,10520.1,10575.4,62754,0
20251210,190000,10575,10590,10556.5,10585.9,18301,0
20251210,200000,10586.6,10620.5,10572.9,10579,20171,0
20251210,210000,10580.4,10582.9,10545.6,10545.6,11759,0
20251210,220000,10545.7,10624.3,10532.6,10619.6,68703,0
20251210,230000,10617.4,10676.3,10602.2,10650,34883,0
20251211,090000,10620,10631.7,10570.5,10627.2,22580,0
20251211,100000,10627.2,10627.5,10545.7,10603.6,66083,0
20251211,110000,10608.6,10682.9,10607.5,10642,108207,0
20251211,120000,10641.5,10661,10620.9,10636.4,43793,0
20251211,130000,10637.1,10658.4,10630.6,10649.6,50635,0
20251211,140000,10650.1,10660.4,10646,10649,9948,0
20251211,150000,10648.9,10669.5,10646,10662.6,37904,0
20251211,160000,10665.3,10665.3,10610,10663.5,46716,0
20251211,170000,10662.7,10736,10658.6,10703.4,84641,0
20251211,180000,10701.5,10738.7,10677.3,10700.2,40494,0
20251211,190000,10720.9,10789.2,10710,10768.1,38450,0
20251211,200000,10766,10809.6,10762.6,10799.7,27467,0
20251211,210000,10797.6,10826.9,10762.8,10766.4,20430,0
20251211,220000,10766.6,10793.1,10766,10768.7,12667,0
20251211,230000,10768,10792.4,10747.4,10789.5,9725,0
20251212,090000,10762,10800.2,10749,10790.8,14938,0
20251212,100000,10790.8,10862,10764.3,10856.2,63922,0
20251212,110000,10856.1,10935.2,10854,10914.5,65206,0
20251212,120000,10916,10936,10900.9,10928.2,60418,0
20251212,130000,10929.6,10961.4,10906,10955.5,48860,0
20251212,140000,10950,10977.9,10937.6,10960.2,36627,0
20251212,150000,10959.5,10959.9,10925.8,10928.3,33861,0
20251212,160000,10928.3,10970,10920.5,10948.9,40172,0
20251212,170000,10948.5,10963.5,10909.2,10936.1,63563,0
20251212,180000,10936,10936,10797.7,10856,92557,0
20251212,190000,10843.8,10843.8,10720,10779.6,70348,0
20251212,200000,10777.9,10819.8,10745.6,10810,29957,0
20251212,210000,10810.1,10839.1,10800.1,10808.9,13771,0
20251212,220000,10809,10826,10800,10823,6594,0
20251212,230000,10820.8,10834.9,10800,10821,7967,0
20251213,100000,10817,10866,10803,10855.5,3940,0
20251213,110000,10855.5,10859.6,10836,10848.5,919,0
20251213,120000,10848.5,10848.5,10836.9,10838.7,438,0
20251213,130000,10838.7,10850,10837.5,10843.9,422,0
20251213,140000,10842.5,10852,10840.5,10846.2,309,0
20251213,150000,10845.7,10849,10839.2,10846,291,0
20251213,160000,10846,10853,10844.1,10849,617,0
20251213,170000,10847.5,10847.5,10843,10845.9,274,0
20251213,180000,10845.9,10852.9,10843,10849.9,246,0
20251214,100000,10845.3,10856,10844,10851.1,788,0
20251214,110000,10851.9,10855.6,10851,10854.3,960,0
20251214,120000,10852.6,10854.7,10850.1,10851.1,469,0
20251214,130000,10850.8,10857.3,10845.7,10855,1354,0
20251214,140000,10854.9,10858.4,10843.8,10843.8,510,0
20251214,150000,10843.8,10846.5,10838.1,10841.2,676,0
20251214,160000,10841.2,10845.8,10802,10807,2199,0
20251214,170000,10807,10820.4,10780,10796,3979,0
20251214,180000,10792.1,10798,10777.1,10794.4,1215,0
20251215,090000,10887,10943.6,10886,10922.2,37374,0
20251215,100000,10923.7,10943.6,10887.2,10941,50556,0
20251215,110000,10940.1,10952.9,10920.2,10930.9,29882,0
20251215,120000,10931.5,10950.5,10909.1,10950,31179,0
20251215,130000,10950,10960.7,10918.6,10927.1,32356,0
20251215,140000,10924.6,10927.1,10895,10907.4,24779,0
20251215,150000,10907,10982,10905.5,10971,34625,0
20251215,160000,10971,10978,10921.1,10923.8,44731,0
20251215,170000,10922.2,10960,10909,10925.6,43764,0
20251215,180000,10926.4,10952,10905.8,10943,38930,0
20251215,190000,10940.7,10940.7,10882,10912.9,29281,0
20251215,200000,10911.1,10920.3,10884,10911.6,15854,0
20251215,210000,10910.4,10947.2,10898.7,10946.1,11448,0
20251215,220000,10946.9,10960,10919,10930,6333,0
20251215,230000,10928.9,10933.9,10902,10923.8,5650,0
20251216,080000,10890,10890,10890,10890,572,0
20251216,090000,10888.5,10890,10851,10884.1,21079,0
20251216,100000,10884.9,10888.7,10852.1,10853.4,33985,0
20251216,110000,10854.1,10865.5,10823.7,10828.2,32522,0
20251216,120000,10826.7,10835,10803.2,10814.8,31769,0
20251216,130000,10813.8,10827.7,10790.9,10816.6,31973,0
20251216,140000,10813.2,10819.6,10799.2,10812.3,18191,0
20251216,150000,10813.3,10836.7,10805.4,10830.8,27862,0
20251216,160000,10833.3,10881.6,10822,10875.7,39667,0
20251216,170000,10877,10911.7,10872,10873.3,54012,0
20251216,180000,10873.5,10904.2,10862.7,10880.6,34383,0
20251216,190000,10880.6,10881.8,10812,10834.2,24614,0
20251216,200000,10831.4,10858.2,10829.5,10844.1,9111,0
20251216,210000,10844.2,10869.1,10826,10866.4,8060,0
20251216,220000,10866.4,10870,10830,10863,7559,0
20251216,230000,10861.9,10875.4,10847,10870,3873,0
20251217,080000,10924,10924,10924,10924,253,0
20251217,090000,10922.5,10954.3,10898,10922.7,21556,0
20251217,100000,10923,10950,10911.6,10949.6,41678,0
20251217,110000,10948.9,10955,10930.6,10948.7,31819,0
20251217,120000,10948,10965,10935.1,10955.9,28486,0
20251217,130000,10956.8,10974.5,10923,10927.1,47352,0
20251217,140000,10928.8,10946.4,10918.8,10921.9,19879,0
20251217,150000,10921.6,10937.7,10915.3,10930.8,20124,0
20251217,160000,10934.8,10967.8,10928.7,10966,32020,0
20251217,170000,10966,10967.7,10923.1,10961.8,45145,0
20251217,180000,10961.9,11000,10952.3,10990,66085,0
20251217,190000,10984.3,11000,10969,10990.1,16844,0
20251217,200000,10990.1,11000,10981.6,10998.3,10587,0
20251217,210000,10998.3,11000,10984.5,10987.5,8546,0
20251217,220000,10987.7,10996.3,10972,10990.4,11508,0
20251217,230000,10990.7,11052.6,10973.5,10998.8,15022,0
20251218,080000,10998,10998,10998,10998,516,0
20251218,090000,10997.7,10998.8,10974.5,10984.2,11356,0
20251218,100000,10984.1,10991.1,10951,10970.9,55266,0
20251218,110000,10971.7,10975,10940,10945.2,62944,0
20251218,120000,10945,10956.9,10941.1,10954,24895,0
20251218,130000,10952.8,10961.2,10943,10947.4,27895,0
20251218,140000,10948.1,10957.7,10941.4,10954.8,11374,0
20251218,150000,10953.3,10954.6,10937,10943.7,7986,0
20251218,160000,10943.2,10974.8,10926.8,10967.7,41529,0
20251218,170000,10966.8,10997.7,10944.3,10994.9,73907,0
20251218,180000,10996.8,11027.6,10996.8,11015.3,43866,0
20251218,190000,11015.3,11129.4,11015,11098,66270,0
20251218,200000,11098,11108.7,11056.1,11072,43843,0
20251218,210000,11070.7,11092.5,11060.5,11069.5,9253,0
20251218,220000,11071.9,11073.5,11044.7,11046.2,8359,0
20251218,230000,11048.9,11094.3,11045.9,11079.3,7524,0
20251219,080000,11046.3,11046.3,11046.3,11046.3,121,0
20251219,090000,11069.8,11099.7,11030.9,11076.3,12334,0
20251219,100000,11076,11100,11044.7,11076.5,87595,0
20251219,110000,11076.5,11079,11000.6,11002.9,52696,0
20251219,120000,11003.3,11024.9,10991.5,10993.2,43803,0
20251219,130000,10992.2,11008.9,10960,11003.8,60712,0
20251219,140000,11006.4,11018.3,10978.6,10989.8,23976,0
20251219,150000,10989.8,10993,10937.6,10959.4,61501,0
20251219,160000,10960.1,10992.7,10946.8,10959,28353,0
20251219,170000,10960,10975.3,10915.9,10952.7,48376,0
20251219,180000,10950.2,10974.8,10931.6,10963.9,33973,0
20251219,190000,10971.8,11017.7,10963.8,10999.5,15863,0
20251219,200000,10999,11028.5,10984.6,11013.5,14981,0
20251219,210000,11013.5,11017.9,10980.2,10984.6,10298,0
20251219,220000,10984.5,11005.1,10982.5,10992,4939,0
20251219,230000,10992.5,11000,10972.1,11000,5971,0
20251220,090000,10981,10981,10981,10981,6,0
20251220,100000,10981,11017,10966.4,11009.1,1674,0
20251220,110000,11009,11015,11002.8,11014.8,1273,0
20251220,120000,11014.7,11014.9,11012.3,11013.7,702,0
20251220,130000,11013.7,11015,11011.8,11011.8,833,0
20251220,140000,11012,11022.5,11012,11020,1570,0
20251220,150000,11019.9,11025,11014,11018.5,1288,0
20251220,160000,11018.5,11029.9,11012.1,11018.6,733,0
20251220,170000,11018.4,11018.4,11013.7,11014,89,0
20251220,180000,11015.8,11016,11013.6,11013.6,181,0
20251221,100000,11014.4,11040.1,11014.4,11032.8,992,0
20251221,110000,11032,11032.9,11021.4,11023.9,371,0
20251221,120000,11023.9,11029.6,11015.7,11022.1,794,0
20251221,130000,11026.3,11026.5,11017.6,11018.4,563,0
20251221,140000,11024.5,11025,11014.9,11024.1,534,0
20251221,150000,11018.4,11018.4,11002.3,11008.5,1885,0
20251221,160000,11003.1,11018.1,11003.1,11009,193,0
20251221,170000,11009,11022,11008.8,11015.8,419,0
20251221,180000,11015.3,11018.5,11012.1,11018.5,269,0
20251222,080000,11142,11142,11142,11142,2397,0
20251222,090000,11133.5,11151.6,11081.7,11118.9,27201,0
20251222,100000,11118.8,11127.5,11063,11096.8,64291,0
20251222,110000,11097.1,11106,10990,11001.5,74000,0
20251222,120000,11001.4,11036.7,10985,11030.6,63689,0
20251222,130000,11030.4,11032.8,10982.1,10985,26817,0
20251222,140000,10990,11026,10971.7,11017.4,19724,0
20251222,150000,11017,11028,10998,11017,15397,0
20251222,160000,11016.6,11047,11010,11043.4,43021,0
20251222,170000,11043,11045.4,10965.7,10968.9,46817,0
20251222,180000,10968.6,11015,10965.5,11006.1,16265,0
20251222,190000,11008.5,11047,10998.3,11035.1,12091,0
20251222,200000,11034.1,11042.5,11030,11034.5,3946,0
20251222,210000,11030.8,11039.7,11012.6,11031,4227,0
20251222,220000,11028.4,11032,11019.6,11031.6,4880,0
20251222,230000,11031.9,11040,11024.6,11040,3209,0
20251223,080000,11103,11103,11103,11103,719,0
20251223,090000,11103,11129,11054.1,11091.9,32832,0
20251223,100000,11092.8,11145,11085.1,11118.4,72039,0
20251223,110000,11117.1,11121,11052.5,11058.9,57225,0
20251223,120000,11060.8,11072.4,11021.3,11060,49362,0
20251223,130000,11061.2,11080.2,11053.4,11075.5,16323,0
20251223,140000,11075.1,11086,11040,11077.7,26746,0
20251223,150000,11075.2,11078.2,11031,11048,28680,0
20251223,160000,11049.1,11073,11014,11028,42463,0
20251223,170000,11029.2,11031.3,10964.4,10979.8,85074,0
20251223,180000,10977.4,11013.1,10927.5,11008,47974,0
20251223,190000,11008.1,11049.7,11007.9,11047.4,26416,0
20251223,200000,11044.9,11059.7,11020.6,11037.1,9448,0
20251223,210000,11040.1,11054,11031,11054,4656,0
20251223,220000,11054.8,11092.1,11054.5,11070,11771,0
20251223,230000,11069.6,11090,11069.6,11090,4021,0
20251224,080000,11089,11089,11089,11089,81,0
20251224,090000,11089,11100,11060,11078.5,14936,0
20251224,100000,11078.4,11089.9,11033,11033,51020,0
20251224,110000,11033.1,11068.2,11020.6,11046.6,35762,0
20251224,120000,11046.6,11118,11045,11099.1,43991,0
20251224,130000,11099.1,11145,11087,11116.3,42733,0
20251224,140000,11106,11159,11104.5,11158.1,27696,0
20251224,150000,11158,11187,11155,11159.7,40142,0
20251224,160000,11157.1,11173.6,11099.7,11113.3,47466,0
20251224,170000,11111.4,11116.4,11036.8,11044.6,58793,0
20251224,180000,11041.2,11072.1,11030,11032,30224,0
20251224,190000,11042.5,11100,11042.5,11086.5,15396,0
20251224,200000,11086.8,11104.7,11081.8,11083.4,11838,0
20251224,210000,11082.1,11089.9,11069.1,11076.9,4626,0
20251224,220000,11076.8,11086.2,11075,11083.2,3322,0
20251224,230000,11082.9,11088,11078,11081.3,2998,0
20251225,080000,11087,11087,11087,11087,1,0
20251225,090000,11081,11087,11042.9,11047.2,11634,0
20251225,100000,11048,11060.4,10985.1,11017.2,54167,0
20251225,110000,11017.6,11023,10994.3,11018.5,15146,0
20251225,120000,11016.6,11023,10994.2,11002.6,20907,0
20251225,130000,11004.8,11033.7,10992.1,11007.6,17550,0
20251225,140000,11010,11032.5,10992.7,11024.6,18332,0
20251225,150000,11023.2,11033.3,10995.7,11008.3,23612,0
20251225,160000,11006,11020.3,10991.7,11000,31225,0
20251225,170000,11000,11013.3,10995.4,11004.4,25553,0
20251225,180000,11006.8,11010.5,10992.9,10997.6,12157,0
20251225,190000,10999.9,11014.5,10992.6,10997,7548,0
20251225,200000,10997.8,11009.6,10995.5,11001.5,4273,0
20251225,210000,11000.7,11018.5,10995.5,11017,5770,0
20251225,220000,11017,11018,11008,11015,2083,0
20251225,230000,11014.9,11024,11014.5,11024,1583,0
20251226,080000,11031.5,11031.5,11031.5,11031.5,112,0
20251226,090000,11032,11100,11031,11047.6,26537,0
20251226,100000,11047.6,11100,11026.2,11091.8,50218,0
20251226,110000,11092,11132.2,11074,11099.1,54180,0
20251226,120000,11099.2,11103.9,11019.4,11037.4,45698,0
20251226,130000,11036.1,11067.8,11029.4,11053.3,24236,0
20251226,140000,11054.7,11057.2,11030.5,11042.5,26581,0
20251226,150000,11040.8,11064.3,11024.7,11035.8,23427,0
20251226,160000,11035.2,11047,11001.5,11036.2,32492,0
20251226,170000,11036.7,11062.4,11033.3,11049.7,39053,0
20251226,180000,11053,11099.7,11050.7,11091.5,30727,0
20251226,190000,11093.3,11113.7,11063.6,11078.3,14749,0
20251226,200000,11076,11082.7,11037.4,11054.6,15149,0
20251226,210000,11054.5,11077.5,11049.8,11065.4,8351,0
20251226,220000,11065,11078.5,11054.2,11060.9,6368,0
20251226,230000,11059,11076.8,11057.6,11074.8,6368,0
20251227,090000,11075,11075,11075,11075,11,0
20251227,100000,11075,11102,11045,11067,1558,0
20251227,110000,11073.4,11090,11066.8,11082,1886,0
20251227,120000,11089.1,11090,11078,11081.4,403,0
20251227,130000,11081.4,11086,11076.3,11083.3,829,0
20251227,140000,11083.3,11085.9,11079.3,11084.8,1061,0
20251227,150000,11084.8,11085.9,11080,11082.7,689,0
20251227,160000,11082.6,11086,11082.6,11085.9,218,0
20251227,170000,11085.8,11086,11080,11083,262,0
20251227,180000,11084.9,11086,11080,11085.9,461,0
20251228,090000,11080,11080,11080,11080,6,0
20251228,100000,11080,11102,11076.5,11100,2036,0
20251228,110000,11100,11120,11088.6,11111.6,3236,0
20251228,120000,11113,11120,11107.2,11109,767,0
20251228,130000,11109,11114.5,11109,11110.9,369,0
20251228,140000,11110.9,11121,11109.1,11121,2546,0
20251228,150000,11118.6,11127.4,11110,11126,1242,0
20251228,160000,11126,11128.7,11110,11110,1020,0
20251228,170000,11116.4,11121,11110,11119.8,1995,0
20251228,180000,11119.7,11121,11115.1,11120,1560,0
20251229,080000,11068.9,11068.9,11068.9,11068.9,749,0
20251229,090000,11068.5,11084.4,10951.5,10976.7,45600,0
20251229,100000,10976.5,10989.2,10911.4,10965.1,85196,0
20251229,110000,10965.6,10994.7,10889.7,10913.5,64698,0
20251229,120000,10913.3,10983,10908.7,10961.7,27068,0
20251229,130000,10963.7,10977,10940.2,10943,32365,0
20251229,140000,10943.2,10963.4,10919,10938,43025,0
20251229,150000,10943.9,11016,10943.9,11014.3,23497,0
20251229,160000,11012.9,11024.8,10890,10910.1,55296,0
20251229,170000,10910.5,10910.5,10786.7,10792,111194,0
20251229,180000,10790,10790,10662.1,10736,86786,0
20251229,190000,10744.4,10889.9,10698.8,10790.8,59192,0
20251229,200000,10790.9,10795.2,10723.7,10765.8,16484,0
20251229,210000,10765.9,10782,10742.1,10765,8840,0
20251229,220000,10770.5,10777.1,10750.8,10777.1,4101,0
20251229,230000,10774,10799.9,10758.1,10781.1,4127,0
20251230,080000,10854,10854,10854,10854,336,0
20251230,090000,10854,10878,10805.1,10816.2,17028,0
20251230,100000,10810.9,10940.4,10784.2,10923.1,52684,0
20251230,110000,10922,10924.9,10833,10870,35202,0
20251230,120000,10868.9,10890,10849,10859.2,22005,0
20251230,130000,10858,10940,10855.7,10927,22949,0
20251230,140000,10930.1,10998.5,10924,10993.6,34141,0
20251230,150000,10997.2,11073.1,10992.3,11062.3,36652,0
20251230,160000,11063,11081.9,11006.9,11080,48758,0
20251230,170000,11077.9,11088.9,10968.6,10978.6,40728,0
20251230,180000,10981.5,11028.8,10975,11005,12782,0
20251230,190000,11002,11047.4,10990.3,11044.8,10630,0
20251230,200000,11044.8,11057.9,11015.1,11022.9,7236,0
20251230,210000,11020.7,11040.7,11004.5,11010.8,6239,0
20251230,220000,11010.8,11019.2,10944.6,10976.7,13812,0
20251230,230000,10974.1,11000,10950.1,10963,7896,0
20260105,080000,11060,11060,11060,11060,530,0
20260105,090000,11060,11193.1,11057.1,11170.4,35443,0
20260105,100000,11172,11318.6,11164,11318.6,57413,0
20260105,110000,11318.6,11325.6,11268,11308.2,48527,0
20260105,120000,11308.2,11347.4,11302,11307.2,28246,0
20260105,130000,11307.3,11334,11289.4,11326.6,14038,0
20260105,140000,11317.6,11321.3,11258.4,11270.5,16129,0
20260105,150000,11270,11284.5,11239,11262,17191,0
20260105,160000,11264.3,11294.5,11243,11291.1,12438,0
20260105,170000,11293.9,11339.7,11292,11334,16871,0
20260105,180000,11334,11383,11334,11348.8,25126,0
20260105,190000,11360,11405.9,11340.6,11376,20589,0
20260105,200000,11374.1,11388.8,11351.1,11376.7,10669,0
20260105,210000,11375.8,11389.5,11371.1,11389.4,2723,0
20260105,220000,11389.4,11397.4,11368.5,11375.4,5679,0
20260105,230000,11373.1,11396.9,11370.5,11392.2,3114,0
20260106,080000,11399.9,11399.9,11399.9,11399.9,533,0
20260106,090000,11396.3,11460,11380,11456.3,16822,0
20260106,100000,11455,11468.1,11358.1,11382.9,39314,0
20260106,110000,11381,11428,11366.6,11402.7,15992,0
20260106,120000,11400,11400,11347.4,11359.2,18766,0
20260106,130000,11357.6,11404.6,11349.4,11387.6,23178,0
20260106,140000,11384.4,11400,11362,11391.5,8361,0
20260106,150000,11392.1,11398.7,11352.9,11388.5,10563,0
20260106,160000,11384.9,11393.1,11346.1,11382.3,10334,0
20260106,170000,11383,11411.1,11365,11384,19679,0
20260106,180000,11382.1,11392,11342.6,11366,15087,0
20260106,190000,11367,11396.9,11353.4,11393,6255,0
20260106,200000,11394.8,11399.9,11384.7,11396.3,3129,0
20260106,210000,11394.7,11401.8,11384.7,11401.8,2817,0
20260106,220000,11397.9,11400.6,11377.3,11390.1,2264,0
20260106,230000,11390.8,11419,11390.8,11409.1,3437,0
20260108,080000,11293,11293,11293,11293,1244,0
20260108,090000,11291,11308.4,11218,11282.3,27037,0
20260108,100000,11278.4,11316.1,11231.9,11300.9,39390,0
20260108,110000,11305.9,11326.5,11276.9,11311.3,13448,0
20260108,120000,11312.4,11327.5,11278.2,11311.2,17811,0
20260108,130000,11311.5,11313.5,11276.4,11277.9,8725,0
20260108,140000,11277.4,11279.2,11241.8,11264.5,11903,0
20260108,150000,11264.5,11270.9,11218,11256.6,17775,0
20260108,160000,11257.7,11264,11210,11210.3,13403,0
20260108,170000,11210,11258.7,11190.8,11243,16301,0
20260108,180000,11242,11288,11224.7,11279.5,13799,0
20260108,190000,11278.6,11340,11278.6,11338.4,11896,0
20260108,200000,11338.6,11345.1,11316.3,11326.8,5677,0
20260108,210000,11327,11331.1,11287.8,11293.9,5092,0
20260108,220000,11295,11304.9,11281,11299.4,3398,0
20260108,230000,11300.8,11374.1,11300.8,11353,4391,0
20260109,080000,11333,11333,11333,11333,17,0
20260109,090000,11332,11365.5,11316.2,11348.5,7137,0
20260109,100000,11350,11354.8,11275,11294,24306,0
20260109,110000,11292.5,11311.8,11252,11266.4,26790,0
20260109,120000,11265.6,11274.8,11240.2,11267.4,11889,0
20260109,130000,11265.5,11281.5,11259.3,11271.7,4231,0
20260109,140000,11274.2,11281.5,11254.4,11271.6,6311,0
20260109,150000,11271.7,11276.4,11233,11256.1,9953,0
20260109,160000,11257.3,11294.5,11232.9,11284.5,32942,0
20260109,170000,11283.2,11312,11266,11292.7,18136,0
20260109,180000,11295.9,11340,11281.5,11331.5,13064,0
20260109,190000,11327.2,11339.8,11310.1,11329.9,10106,0
20260109,200000,11332.7,11335.4,11278.2,11287,6180,0
20260109,210000,11285.3,11333,11282.2,11315.9,3940,0
20260109,220000,11315.9,11327.6,11307,11311.2,3061,0
20260109,230000,11311.1,11326.3,11307,11310,4126,0
20260112,080000,11466.1,11466.1,11466.1,11466.1,1574,0
20260112,090000,11466.1,11520,11417,11484.7,44082,0
20260112,100000,11484.6,11620.8,11477.2,11600.5,94019,0
20260112,110000,11601,11612.9,11575.5,11599.5,31452,0
20260112,120000,11599.5,11600.5,11570,11583.6,23307,0
20260112,130000,11585.2,11599.4,11564.1,11568.5,23783,0
20260112,140000,11568.4,11573.4,11546.1,11565,17284,0
20260112,150000,11565,11590,11544.1,11584.3,27476,0
20260112,160000,11586,11653.8,11580.1,11649.9,42908,0
20260112,170000,11650,11651.1,11585,11613.3,37541,0
20260112,180000,11613.3,11669,11613.3,11659.4,20513,0
20260112,190000,11661,11677.4,11633.3,11657.4,14002,0
20260112,200000,11654.2,11667.5,11645,11663,5621,0
20260112,210000,11660.5,11665.7,11630.8,11643.8,6266,0
20260112,220000,11643.7,11669,11638.7,11659.8,3606,0
20260112,230000,11658.1,11659.2,11621,11622.2,7879,0
20260113,080000,11620,11620,11620,11620,65,0
20260113,090000,11620,11629.8,11575.2,11603.3,16995,0
20260113,100000,11603.4,11615,11523.1,11541.9,58489,0
20260113,110000,11540,11580,11534.3,11579.2,36556,0
20260113,120000,11578.2,11609.8,11574.3,11590.3,41051,0
20260113,130000,11590.3,11594.9,11568,11594.8,19357,0
20260113,140000,11595,11595,11569.3,11570.1,12144,0
20260113,150000,11572,11581.9,11547,11579.3,19621,0
20260113,160000,11579.6,11609.9,11560.4,11591,36683,0
20260113,170000,11588.1,11645.8,11579.4,11638.2,37907,0
20260113,180000,11640,11649.1,11594.1,11613.2,19301,0
20260113,190000,11624.9,11667,11587.6,11629,8891,0
20260113,200000,11629.3,11635,11561,11567.5,8027,0
20260113,210000,11567.1,11598,11560,11583.2,10103,0
20260113,220000,11582.8,11599,11562,11593.7,5685,0
20260113,230000,11592.4,11592.4,11529.6,11558.9,13468,0
20260114,080000,11630,11630,11630,11630,237,0
20260114,090000,11622.1,11677.1,11619,11676.7,21722,0
20260114,100000,11676.8,11699.1,11633.9,11645.2,39593,0
20260114,110000,11645.5,11650.8,11600.9,11622.8,36236,0
20260114,120000,11620.1,11640,11608.6,11632.3,21954,0
20260114,130000,11631.6,11642.5,11601,11609.6,14568,0
20260114,140000,11611,11619.7,11594,11611.4,16364,0
20260114,150000,11612.2,11635.9,11612.2,11635.8,14445,0
20260114,160000,11634.7,11634.7,11596,11606.5,27234,0
20260114,170000,11604.9,11613.3,11552.7,11573.8,36865,0
20260114,180000,11573,11587.8,11541.2,11552,26723,0
20260114,190000,11551.9,11577.5,11545,11566.4,6759,0
20260114,200000,11566.7,11575.1,11540.3,11569.6,4773,0
20260114,210000,11569.5,11605.3,11564.4,11605,5461,0
20260114,220000,11605,11620,11578.5,11599.3,7311,0
20260114,230000,11597.2,11607.3,11572.1,11581,6064,0
20260115,080000,11535,11535,11535,11535,369,0
20260115,090000,11534.8,11586,11500.8,11573.8,23818,0
20260115,100000,11573.7,11585.9,11510,11526.8,34580,0
20260115,110000,11526.6,11563.6,11519,11559.9,23146,0
20260115,120000,11560.3,11589.9,11549.1,11587.5,29244,0
20260115,130000,11587.8,11627,11578.7,11623,24935,0
20260115,140000,11623.3,11653.3,11618.2,11646.1,34135,0
20260115,150000,11646.1,11648.7,11610.8,11613.9,35428,0
20260115,160000,11613.9,11613.9,11535,11542,55706,0
20260115,170000,11540.8,11543.8,11473.4,11534,99160,0
20260115,180000,11534.2,11554.1,11524,11531.9,23948,0
20260115,190000,11532.1,11568.3,11515,11522.2,11791,0
20260115,200000,11523.6,11549.2,11519.6,11540.2,5444,0
20260115,210000,11540.9,11560,11530,11546.2,6960,0
20260115,220000,11547.3,11558.6,11533.8,11539.9,5609,0
20260115,230000,11542.6,11542.6,11517,11529.6,3079,0
20260116,080000,11530,11530,11530,11530,11,0
20260116,090000,11535,11537.9,11459,11471,20453,0
20260116,100000,11471.1,11528,11456.5,11504.7,48865,0
20260116,110000,11505.3,11511.8,11484.7,11488.6,19786,0
20260116,120000,11488.6,11510.8,11482.2,11487,18866,0
20260116,130000,11488,11502,11484,11487,12887,0
20260116,140000,11488.3,11523.8,11484,11521.3,13348,0
20260116,150000,11521.6,11527.9,11503.6,11510.4,10832,0
20260116,160000,11511.8,11520.8,11477.2,11519.6,46145,0
20260116,170000,11520.9,11558,11501.1,11546.7,33557,0
20260116,180000,11548.9,11568.3,11392.9,11458.3,70813,0
20260116,190000,11469.9,11519.2,11469.9,11502,18490,0
20260116,200000,11501.9,11504,11468.3,11479,5256,0
20260116,210000,11479,11495.9,11475,11477.6,9551,0
20260116,220000,11477.7,11498.1,11475.1,11496.8,3819,0
20260116,230000,11497.4,11504,11480.3,11485.2,4645,0
20260117,090000,11496.1,11496.1,11496.1,11496.1,90,0
20260117,100000,11497.5,11506,11482.4,11493.5,594,0
20260117,110000,11493.3,11494.7,11489.4,11494,261,0
20260117,120000,11494,11495.8,11486.1,11495,386,0
20260117,130000,11495,11495.8,11488,11492.4,263,0
20260117,140000,11491.9,11492.4,11488,11488,619,0
20260117,150000,11491.7,11492.5,11489.5,11492.5,82,0
20260117,160000,11492.5,11495.8,11488.6,11492.3,108,0
20260117,170000,11492.3,11502,11492.2,11497.2,2829,0
20260117,180000,11497.6,11550,11493.4,11525,1595,0
20260118,090000,11525,11525,11525,11525,6,0
20260118,100000,11530,11552,11476.6,11520,5717,0
20260118,110000,11520,11524.9,11516,11518.5,863,0
20260118,120000,11520.7,11528.8,11518.4,11518.9,551,0
20260118,130000,11528,11540,11517.7,11531.8,683,0
20260118,140000,11529.6,11537,11528.3,11530.5,245,0
20260118,150000,11530.5,11534.9,11507.1,11524.2,863,0
20260118,160000,11528.1,11528.9,11523.2,11523.7,131,0
20260118,170000,11528.7,11540.5,11526.6,11539.5,1035,0
20260118,180000,11539.8,11540.7,11526.4,11532.4,976,0
20260119,080000,11648,11648,11648,11648,906,0
20260119,090000,11648,11742,11626,11730.3,56118,0
20260119,100000,11730.3,11734,11645,11645.4,64210,0
20260119,110000,11646.3,11677.1,11643.1,11662.5,33056,0
20260119,120000,11661.4,11674.9,11658.7,11660.9,18283,0
20260119,130000,11661.6,11664.6,11627.6,11640.4,29399,0
20260119,140000,11633.6,11642.5,11620.8,11633.6,21224,0
20260119,150000,11632.4,11663.8,11632.4,11657.4,16967,0
20260119,160000,11657.4,11664.3,11630.1,11641.3,14990,0
20260119,170000,11642.9,11648.5,11619.6,11635.2,14853,0
20260119,180000,11636.9,11655,11630.7,11649.4,11365,0
20260119,190000,11654.3,11664,11645.3,11655.1,5382,0
20260119,200000,11655,11657.7,11646.7,11655.5,2948,0
20260119,210000,11657.3,11663.4,11653.9,11658,4146,0
20260119,220000,11659,11661.2,11636.6,11642.3,4130,0
20260119,230000,11642.5,11665,11639.4,11663.8,4450,0
20260120,080000,11708.2,11708.2,11708.2,11708.2,3469,0
20260120,090000,11708.5,11752.1,11707.9,11735.1,45952,0
20260120,100000,11735,11773.5,11717.4,11770.5,74830,0
20260120,110000,11770.5,11797.3,11766.8,11791,46522,0
20260120,120000,11791.1,11825.3,11782,11814.4,44637,0
20260120,130000,11814.7,11834.4,11811,11816,38413,0
20260120,140000,11820,11820.7,11808.1,11812.4,18406,0
20260120,150000,11812.5,11812.9,11781.5,11797.5,22841,0
20260120,160000,11797.9,11813.6,11775.1,11812.5,21693,0
20260120,170000,11812.5,11839.7,11794.5,11817.4,40557,0
20260120,180000,11816,11837.5,11782.7,11806.2,31911,0
20260120,190000,11800,11850,11790.2,11847.8,11387,0
20260120,200000,11845.6,11856.7,11824.8,11854.8,11430,0
20260120,210000,11855.6,11864.2,11845.6,11854.1,10360,0
20260120,220000,11854.3,11869,11848,11858.2,10232,0
20260120,230000,11863.4,11868.6,11832.7,11860.9,9568,0
20260121,080000,12099.1,12099.1,12099.1,12099.1,1780,0
20260121,090000,12100,12230,12090,12134,127889,0
20260121,100000,12132.3,12133.3,11750.1,12035.9,146118,0
20260121,110000,12035,12095,12030.4,12050.8,44748,0
20260121,120000,12050.4,12085.2,12037.5,12073.9,31378,0
20260121,130000,12074.1,12081.2,12048.1,12053.5,32255,0
20260121,140000,12050,12056,12018,12031.7,27403,0
20260121,150000,12031.9,12057.8,12010.4,12027,23246,0
20260121,160000,12027,12044,12011.2,12019.5,25677,0
20260121,170000,12023.5,12026.2,11927.3,11950,65481,0
20260121,180000,11950.4,11966,11832,11879,58717,0
20260121,190000,11884.8,11909,11818.5,11859.2,25807,0
20260121,200000,11855.9,11855.9,11786.1,11850,27869,0
20260121,210000,11849,11905.9,11825,11905.9,19518,0
20260121,220000,11905.9,11931.6,11697.3,11750,63067,0
20260121,230000,11749.6,11840,11719.3,11816,26724,0
20260122,080000,11838,11838,11838,11838,147,0
20260122,090000,11838,11846,11790.4,11818.3,23266,0
20260122,100000,11818.3,11838.2,11751.3,11760.7,45492,0
20260122,110000,11761.2,11771.7,11705.7,11725,47751,0
20260122,120000,11724.9,11760.5,11717,11729.5,36742,0
20260122,130000,11728.2,11734.9,11688,11720.3,44275,0
20260122,140000,11722.8,11771.8,11711.1,11760.9,37316,0
20260122,150000,11760.2,11771,11738.8,11740.9,15933,0
20260122,160000,11738.8,11760,11720,11731.9,20621,0
20260122,170000,11732.1,11778,11731.4,11750,34856,0
20260122,180000,11748.4,11822.1,11737,11793.3,30107,0
20260122,190000,11800,11862,11800,11846,24268,0
20260122,200000,11847.2,11915.2,11826.8,11908.8,16556,0
20260122,210000,11905.9,11932,11895.3,11921.8,16127,0
20260122,220000,11923.1,11951,11900,11918.4,17440,0
20260122,230000,11918.2,11962,11915.9,11940,17103,0
20260123,080000,12003,12003,12003,12003,316,0
20260123,090000,12003,12034.4,11961.3,11995,29114,0
20260123,100000,11995.3,12058.7,11995.3,12025.9,41442,0
20260123,110000,12026.7,12044.1,11923.9,11927.9,74905,0
20260123,120000,11927.9,11957.9,11900.1,11937,71866,0
20260123,130000,11938,11974.4,11927,11973.8,18281,0
20260123,140000,11969.9,11974.9,11931.7,11941.6,14743,0
20260123,150000,11939.9,12001.9,11936.6,11999.5,22129,0
20260123,160000,11997.4,12010.7,11964,12003.6,20894,0
20260123,170000,12003.6,12023,11988.8,11992.2,21776,0
20260123,180000,11993.9,12023.5,11988.5,12021.3,17434,0
20260123,190000,12021.3,12047,11950,12041.3,32384,0
20260123,200000,12040.3,12059,11978.4,11989.9,19993,0
20260123,210000,11988.6,12042,11980,11995,11641,0
20260123,220000,11994.6,12034,11993.4,12026.2,5838,0
20260123,230000,12030,12034,12002.2,12030,9952,0
20260124,090000,12033,12033,12033,12033,2,0
20260124,100000,12033,12054,12011.4,12046.2,2028,0
20260124,110000,12047.2,12060,12045.9,12055.5,1630,0
20260124,120000,12055,12084,12048,12068.1,4663,0
20260124,130000,12058.9,12080,12053.4,12077,1669,0
20260124,140000,12074.4,12075,12055.5,12071.4,1023,0
20260124,150000,12066.7,12074,12058,12058.1,906,0
20260124,160000,12059.2,12072.5,12058,12058.9,1059,0
20260124,170000,12059.2,12059.2,12053.4,12054.3,821,0
20260124,180000,12054.2,12070,12046,12070,1068,0
20260125,090000,12070,12070,12070,12070,14,0
20260125,100000,12071,12092,12051,12080,1965,0
20260125,110000,12080,12080,12060,12065,796,0
20260125,120000,12073.5,12079.3,12050,12070.5,1321,0
20260125,130000,12063.1,12080,12060,12079.4,964,0
20260125,140000,12076.5,12079.4,12072.2,12075.6,374,0
20260125,150000,12078.8,12079.9,12066.1,12077.7,685,0
20260125,160000,12076.7,12079.9,12067.6,12074.1,256,0
20260125,170000,12074.1,12079.8,12069,12073.8,431,0
20260125,180000,12073.8,12080,12070.5,12080,2131,0
20260126,080000,12199,12199,12199,12199,1565,0
20260126,090000,12199.9,12383.5,12170,12297.2,121062,0
20260126,100000,12297.2,12318.4,12268.1,12285.2,94237,0
20260126,110000,12282.4,12389,12282.4,12353.6,62736,0
20260126,120000,12352.3,12428.2,12350.6,12407,71904,0
20260126,130000,12408,12443.3,12394,12428.1,54312,0
20260126,140000,12429,12436.4,12401,12426.2,26032,0
20260126,150000,12426.7,12439,12403.8,12418.3,28416,0
20260126,160000,12419.8,12431.7,12361.6,12406.4,50747,0
20260126,170000,12404.2,12474.9,12382.6,12468,58052,0
20260126,180000,12468,12513.7,12444,12478.7,59020,0
20260126,190000,12478.7,12542.4,12463.9,12518.4,32480,0
20260126,200000,12523.3,12540.1,12489,12535,19022,0
20260126,210000,12534.9,12535.4,12425,12454.3,29985,0
20260126,220000,12451,12451,12313.3,12347.4,66085,0
20260126,230000,12347.6,12440,12343.2,12415.1,16411,0
20260127,080000,12458.1,12458.1,12458.1,12458.1,101,0
20260127,090000,12458.1,12538,12455.7,12497.6,31684,0
20260127,100000,12497.5,12525.1,12430.3,12455.5,51580,0
20260127,110000,12455.4,12470.2,12404,12424.5,34520,0
20260127,120000,12423.2,12476.2,12414,12455.1,23858,0
20260127,130000,12457.7,12457.7,12416.5,12438.4,29497,0
20260127,140000,12438.2,12456.5,12400.4,12424,21882,0
20260127,150000,12422.9,12453.4,12414.2,12436.1,20729,0
20260127,160000,12437.5,12455.4,12384.8,12396.8,30757,0
20260127,170000,12396.7,12396.7,12311,12330.6,63735,0
20260127,180000,12335.8,12400.6,12320,12382,27473,0
20260127,190000,12387,12447,12378.3,12399.6,21469,0
20260127,200000,12399.3,12421.9,12380.5,12392.5,11094,0
20260127,210000,12397.2,12427.5,12377,12405.6,8638,0
20260127,220000,12405.1,12439,12391.7,12434.2,7282,0
20260127,230000,12434.3,12599.1,12432.8,12580.8,39978,0
20260128,080000,12761,12761,12761,12761,2121,0
20260128,090000,12764,12886.5,12736.5,12794.5,83637,0
20260128,100000,12795.8,12906.2,12771.2,12900,77230,0
20260128,110000,12897.6,12932.7,12855.1,12890.3,85611,0
20260128,120000,12891.8,12899.4,12836.1,12869.2,40536,0
20260128,130000,12869.9,12891,12853.2,12862.7,23930,0
20260128,140000,12864.3,12888,12774.4,12883.5,75329,0
20260128,150000,12885.8,12917.4,12858.6,12917.3,40142,0
20260128,160000,12917.3,12934.8,12876.5,12890.6,56984,0
20260128,170000,12894.6,12920,12850,12919,40645,0
20260128,180000,12919.9,12938.4,12819.1,12915.8,72925,0
20260128,190000,12916.6,12945.2,12905.9,12945.2,22524,0
20260128,200000,12945.2,12966.7,12922.5,12939,21361,0
20260128,210000,12943.7,13024.8,12895,12943,49677,0
20260128,220000,12943,13049.3,12910,13037.5,40621,0
20260128,230000,13038.5,13239.6,13030,13208,53992,0
20260129,080000,13608,13608,13608,13608,4769,0
20260129,090000,13600,13610.8,13519,13610.8,47307,0
20260129,100000,13610.8,13860,13484.2,13526.9,214996,0
20260129,110000,13525.7,13532.1,13358.1,13436.2,125981,0
20260129,120000,13436.8,13467.4,13404,13429.5,43846,0
20260129,130000,13428.5,13429.6,13307.4,13322.3,68386,0
20260129,140000,13312.9,13444.7,13300.9,13422.6,58984,0
20260129,150000,13419.6,13459.5,13404.9,13432.5,47122,0
20260129,160000,13431,13455.3,13322.8,13346,61940,0
20260129,170000,13348.9,13408.9,13251.5,13262,93915,0
20260129,180000,13262,13262.7,12290.9,12443,568285,0
20260129,190000,12455,12845.9,12455,12694,153991,0
20260129,200000,12696.9,13000,12696.7,12862.6,92529,0
20260129,210000,12862.6,12956.9,12809,12871.3,32303,0
20260129,220000,12878.8,12903.4,12757,12796.8,31703,0
20260129,230000,12797,12960,12727.9,12927.6,30748,0
20260130,080000,12523,12523,12523,12523,1320,0
20260130,090000,12546,12549.8,12393,12435,93687,0
20260130,100000,12435.1,12565.8,12346,12551.1,183833,0
20260130,110000,12550.6,12560,12252.1,12376.8,153582,0
20260130,120000,12379.5,12405.4,11957.2,12120.7,321414,0
20260130,130000,12121,12451,12100,12446.5,151170,0
20260130,140000,12446.5,12547.9,12362,12544.8,106620,0
20260130,150000,12544.8,12567.4,12311.2,12339.1,115526,0
20260130,160000,12339.1,12424,12210.1,12281.6,116397,0
20260130,170000,12282.3,12508,12262.9,12309.2,91271,0
20260130,180000,12309.2,12378.1,12187.9,12331,92957,0
20260130,190000,12320,12320,12069.8,12185.7,67048,0
20260130,200000,12185.4,12185.4,11731,11817.9,158142,0
20260130,210000,11816.5,11935.5,11653.8,11907.8,131783,0
20260130,220000,11904,12067.4,11813,12030.4,105747,0
20260130,230000,12031.2,12037.9,11801.2,11834,37294,0
20260131,090000,11965,11965,11965,11965,11,0
20260131,100000,11965,12086,11965,12070,13516,0
20260131,110000,12069.4,12080,12039,12039.1,5681,0
20260131,120000,12039,12055,11987,11991.3,8320,0
20260131,130000,11993.8,12026.5,11987,11992.8,2937,0
20260131,140000,11991.6,12005,11986.4,11996.5,1114,0
20260131,150000,11995.1,12004.9,11994,12001.5,3534,0
20260131,160000,12001.9,12052.6,11997,12035,6765,0
20260131,170000,12020.2,12032.5,12014.4,12017,1619,0
20260131,180000,12017,12042.9,12015,12027,2578,0
20260201,090000,12000,12000,12000,12000,426,0
20260201,100000,12000,12032.8,11990.4,11990.6,4336,0
20260201,110000,11990.6,11995.2,11965,11965,8448,0
20260201,120000,11968.7,11968.7,11965,11965,1019,0
20260201,130000,11965,11965,11965,11965,219,0
20260201,140000,11965,11965,11965,11965,587,0
20260201,150000,11965,11965,11965,11965,706,0
20260201,160000,11965,11965,11965,11965,890,0
20260201,170000,11965,11965,11965,11965,289,0
20260201,180000,11965,11965,11965,11965,1249,0
20260202,080000,11653.8,11653.8,11653.8,11653.8,678,0
20260202,090000,11653.8,11653.8,11653.8,11653.8,7249,0
20260202,100000,11653.8,11653.8,11029.9,11368,434010,0
20260202,110000,11368,11504.9,11286.4,11461.6,135046,0
20260202,120000,11461.6,11653.8,11360.5,11640.9,129789,0
20260202,130000,11638.9,11679.4,11454.1,11587.3,110524,0
20260202,140000,11585.9,11820,11575.1,11775,103199,0
20260202,150000,11772.4,11880.9,11715,11828.7,104075,0
20260202,160000,11827.1,11846.2,11518.6,11595.3,214786,0
20260202,170000,11599.9,11781.4,11526.1,11639.3,158080,0
20260202,180000,11633.7,11699,11448.6,11475.3,94581,0
20260202,190000,11462.5,11644.9,11425,11500.6,54166,0
20260202,200000,11500.9,11640.6,11480,11522,31146,0
20260202,210000,11520.5,11549,11406.6,11492.4,35838,0
20260202,220000,11492.4,11623.8,11442.7,11555,32473,0
20260202,230000,11543,11592.1,11481,11499.4,15146,0
20260203,080000,11854,11854,11854,11854,1638,0
20260203,090000,11859,12028,11802.9,11967.5,123250,0
20260203,100000,11968,12163.5,11968,12133.4,128594,0
20260203,110000,12134.4,12186.5,12079,12128,81506,0
20260203,120000,12128,12162,12073,12136,73247,0
20260203,130000,12139.7,12171.4,12125,12129.3,37381,0
20260203,140000,12136,12155,12066.5,12143.8,70079,0
20260203,150000,12143.9,12192.4,12113.2,12170.2,61540,0
20260203,160000,12169.9,12297.6,12140.1,12241.3,119170,0
20260203,170000,12242.2,12247.9,12158.8,12221.9,71901,0
20260203,180000,12220.4,12287.6,12182.9,12238,46758,0
20260203,190000,12240,12470,12240,12358.6,123054,0
20260203,200000,12358.2,12396.2,12224.1,12290.1,67762,0
20260203,210000,12290,12340,12168.9,12201.1,48228,0
20260203,220000,12200,12331.4,12130.2,12278,60729,0
20260203,230000,12282.9,12358,12208.9,12316.5,20007,0
20260204,080000,12630.1,12630.1,12630.1,12630.1,773,0
20260204,090000,12630.1,12687.1,12530.3,12639.5,67468,0
20260204,100000,12640.1,12648.1,12571.4,12625.2,103550,0
20260204,110000,12625.2,12630,12551.7,12592.8,56518,0
20260204,120000,12593.1,12594.1,12464.9,12504.4,60571,0
20260204,130000,12504.5,12511.2,12431.7,12447.7,54949,0
20260204,140000,12455,12478,12339.8,12458.7,76013,0
20260204,150000,12459.2,12477.8,12392.7,12405.9,49931,0
20260204,160000,12405.5,12439,12351,12394.7,68944,0
20260204,170000,12397,12420,12215.1,12275.9,133055,0
20260204,180000,12275.5,12329,12047.4,12117.5,125513,0
20260204,190000,12117.5,12179.6,11967.7,12062.9,77797,0
20260204,200000,12061.2,12139,12040,12067,56811,0
20260204,210000,12066.4,12163.2,12005,12146.8,52237,0
20260204,220000,12146.5,12220,12120.7,12186,28292,0
20260204,230000,12192.4,12198.2,12101.3,12133.5,14578,0
20260205,080000,12062.9,12062.9,12062.9,12062.9,287,0
20260205,090000,12060,12139.2,12000,12093.2,64693,0
20260205,100000,12092.6,12138.5,12020,12058.1,95114,0
20260205,110000,12058.1,12110.4,12032,12072.5,100991,0
20260205,120000,12075.8,12115.8,12000,12031.9,97056,0
20260205,130000,12032.1,12093,12017.9,12064.4,64528,0
20260205,140000,12065.8,12100,12032.2,12032.2,47419,0
20260205,150000,12032,12053,11927,12006.4,103690,0
20260205,160000,12006.8,12017,11904.1,11977.1,112318,0
20260205,170000,11976.5,12063.8,11903,12020,99883,0
20260205,180000,12015.5,12049.5,11903.5,11919.5,59985,0
20260205,190000,11943.9,12197,11916.8,12146.8,54856,0
20260205,200000,12141.9,12146.2,12060,12077.5,26014,0
20260205,210000,12077.8,12090.3,12020,12052.2,19631,0
20260205,220000,12054.6,12058.8,11962.7,11980.5,18474,0
20260205,230000,11976.8,12004.7,11911,11919.9,23921,0
20260206,080000,12103,12103,12103,12103,2058,0
20260206,090000,12102,12170.4,12000.3,12041.4,45230,0
20260206,100000,12040,12146.9,12000.3,12051.8,108560,0
20260206,110000,12052.7,12131,12045.8,12077.7,81348,0
20260206,120000,12077.7,12098.6,12030.2,12058.2,54530,0
20260206,130000,12059.3,12177.4,12052.1,12172.2,49089,0
20260206,140000,12174,12219.9,12139.2,12177.2,82174,0
20260206,150000,12172,12241.8,12133.1,12238.2,51459,0
20260206,160000,12238,12356.9,12233.8,12321.7,85703,0
20260206,170000,12321.6,12355.9,12247.7,12330.3,93914,0
20260206,180000,12330.6,12380,12304.8,12335.7,50701,0
20260206,190000,12337.9,12353.8,12264.9,12344,22295,0
20260206,200000,12344,12390,12336.7,12367.7,23776,0
20260206,210000,12372,12394,12320.5,12359.2,14905,0
20260206,220000,12361.5,12366.3,12326.8,12352.5,10781,0
20260206,230000,12352.7,12358,12309.3,12323,12098,0
20260207,090000,12336.7,12336.7,12336.7,12336.7,68,0
20260207,100000,12355.7,12410,12343,12407.4,5632,0
20260207,110000,12409,12470,12407.3,12452.5,4836,0
20260207,120000,12452.8,12460,12404.7,12436.8,5339,0
20260207,130000,12434.5,12437.2,12388,12395.5,3244,0
20260207,140000,12395,12420,12381,12400,1564,0
20260207,150000,12400,12429.4,12390,12413.5,1249,0
20260207,160000,12420.4,12441.5,12407.1,12415.7,2528,0
20260207,170000,12413,12430,12409.2,12429.9,714,0
20260207,180000,12429.8,12430.5,12411.4,12418.9,1480,0
20260208,100000,12420,12469,12420,12449.8,3990,0
20260208,110000,12450.1,12460,12440,12459.1,1227,0
20260208,120000,12458.1,12460,12443,12454,1559,0
20260208,130000,12454,12458.3,12442,12449.5,1068,0
20260208,140000,12445.1,12457.4,12431,12452.3,1578,0
20260208,150000,12455.2,12457.8,12445,12455,767,0
20260208,160000,12457.2,12458.9,12445,12445.1,637,0
20260208,170000,12455.7,12457.4,12447.4,12455.9,567,0
20260208,180000,12455.9,12461,12449.6,12461,2933,0
20260209,080000,12504,12504,12504,12504,321,0
20260209,090000,12504.1,12615,12500,12563,54263,0
20260209,100000,12562.6,12576,12405.2,12463.8,88508,0
20260209,110000,12462.3,12558.7,12461,12546.6,55198,0
20260209,120000,12544.8,12555,12503.7,12509.9,42516,0
20260209,130000,12509,12562.1,12488.1,12523.8,93795,0
20260209,140000,12527.9,12564.2,12505.3,12553,52612,0
20260209,150000,12553.7,12599,12552.2,12585,40016,0
20260209,160000,12580.4,12592,12537.6,12551.3,53091,0
20260209,170000,12547.8,12627.6,12539.9,12619.9,38160,0
20260209,180000,12620,12684.4,12593.6,12670.6,28292,0
20260209,190000,12678.8,12732.4,12661.4,12699.2,30385,0
20260209,200000,12699.3,12712.4,12628.2,12638.6,16443,0
20260209,210000,12638.6,12684.7,12636,12681.8,9586,0
20260209,220000,12681.8,12732.4,12681.8,12696.9,14784,0
20260209,230000,12696.1,12749.4,12695.2,12745.1,13505,0
20260210,080000,12676,12676,12676,12676,150,0
20260210,090000,12675,12675,12550,12576.6,37361,0
20260210,100000,12576.7,12605.8,12551,12595.4,57058,0
20260210,110000,12593.4,12609.1,12561.2,12570.5,53716,0
20260210,120000,12572,12615.6,12568.1,12582.3,36673,0
20260210,130000,12582.2,12595,12550.1,12563.4,39211,0
20260210,140000,12566.5,12627.9,12559.2,12623,23644,0
20260210,150000,12622.9,12625,12546.6,12578.4,26033,0
20260210,160000,12577.2,12624.4,12561.7,12608.5,28020,0
20260210,170000,12609.8,12661.7,12531.8,12572.5,46111,0
20260210,180000,12572,12587.7,12485,12537.3,30529,0
20260210,190000,12537.2,12558.8,12486.4,12552,12222,0
20260210,200000,12551.6,12593.2,12545.8,12560.1,13092,0
20260210,210000,12557,12564.1,12510,12529.3,12854,0
20260210,220000,12529.2,12571.9,12516.7,12567.5,9651,0
20260210,230000,12567.7,12617.2,12544,12606.9,9097,0
20260211,080000,12628,12628,12628,12628,380,0
20260211,090000,12628,12649,12612.2,12645,14513,0
20260211,100000,12645,12675.8,12622.2,12630.1,63409,0
20260211,110000,12633.8,12645.3,12604,12609.5,24787,0
20260211,120000,12609.9,12643.5,12594.1,12602.3,28283,0
20260211,130000,12601.8,12660.8,12590.1,12649.7,51640,0
20260211,140000,12647.2,12714,12625.6,12692.7,48852,0
20260211,150000,12692.7,12708,12578.1,12649.4,62034,0
20260211,160000,12645.9,12665.4,12529.7,12606.9,66885,0
20260211,170000,12607.3,12635.6,12551.2,12589,59055,0
20260211,180000,12586,12637.7,12560,12579.8,27858,0
20260211,190000,12579.8,12652.3,12563.5,12647.2,15081,0
20260211,200000,12647,12688.2,12633.3,12669.6,14133,0
20260211,210000,12668.4,12680,12622.1,12655.8,11733,0
20260211,220000,12655.9,12700,12648.9,12657,8290,0
20260211,230000,12657,12676.6,12651.1,12674.9,4059,0
20260212,080000,12649.9,12649.9,12649.9,12649.9,45,0
20260212,090000,12646.4,12664,12604.7,12619,30885,0
20260212,100000,12615.9,12615.9,12570.1,12609.2,46631,0
20260212,110000,12609,12644,12580.1,12609.5,33089,0
20260212,120000,12609.8,12626.5,12586.2,12617,22095,0
20260212,130000,12617.1,12636.5,12591.2,12611.7,20464,0
20260212,140000,12613,12631.5,12604.2,12613.6,5948,0
20260212,150000,12613,12614.1,12566.5,12571.7,17729,0
20260212,160000,12570.5,12618.7,12567,12604.1,28180,0
20260212,170000,12604.2,12617.3,12539.3,12549.9,43550,0
20260212,180000,12551.4,12602.2,12540.4,12590,23208,0
20260212,190000,12578.6,12584.2,12144.2,12294,186760,0
20260212,200000,12293.5,12371.2,12258.9,12281.2,43099,0
20260212,210000,12281.2,12299,12200,12265.8,38733,0
20260212,220000,12259.9,12314.5,12236.1,12279.4,18334,0
20260212,230000,12278.9,12289.5,12200,12200.1,16350,0
20260213,080000,12286.8,12286.8,12286.8,12286.8,124,0
20260213,090000,12287.9,12324.7,12274.2,12323.8,21025,0
20260213,100000,12320,12378.2,12285.1,12364.8,87653,0
20260213,110000,12364.8,12407.7,12345.6,12399.9,78712,0
20260213,120000,12399.9,12410.2,12350,12368.5,50984,0
20260213,130000,12369.7,12391.1,12317.2,12331,45332,0
20260213,140000,12331,12333,12274.8,12327.4,54060,0
20260213,150000,12329.1,12356.3,12319,12347.9,31904,0
20260213,160000,12346.9,12373,12309.2,12336.3,46174,0
20260213,170000,12338.5,12374.4,12266.6,12327.3,48290,0
20260213,180000,12330,12379.7,12320,12342,27576,0
20260213,190000,12341.8,12450,12324.8,12359.8,26618,0
20260213,200000,12360.5,12425,12358.3,12395.9,13565,0
20260213,210000,12396,12438.8,12390.8,12432.9,12308,0
20260213,220000,12431,12465.9,12414.6,12414.6,16608,0
20260213,230000,12412.5,12460,12411.8,12433,9835,0
20260216,080000,12343,12343,12343,12343,150,0
20260216,090000,12343,12375.2,12317.3,12350.5,20785,0
20260216,100000,12350.7,12350.7,12283.1,12314,49030,0
20260216,110000,12314,12331.7,12281.8,12326.3,59934,0
20260216,120000,12325.5,12359.1,12322.7,12351.9,22905,0
20260216,130000,12353.6,12382.3,12336.1,12342.9,24992,0
20260216,140000,12342.9,12342.9,12312.5,12334.6,12752,0
20260216,150000,12334.3,12341.7,12290.3,12321,19535,0
20260216,160000,12321.1,12335.7,12306.5,12330,16464,0
20260216,170000,12329.9,12349.6,12310,12323.4,17858,0
20260216,180000,12323.1,12326.9,12284.3,12307.9,19694,0
20260216,190000,12312.1,12337.9,12290,12331.4,7669,0
20260216,200000,12333.9,12343.3,12323.2,12323.3,4698,0
20260216,210000,12323.5,12336.6,12318.6,12336.2,2055,0
20260216,220000,12336.2,12338,12322.1,12325.3,2927,0
20260216,230000,12324.9,12335,12311,12311,3190,0
20260217,080000,12100,12100,12100,12100,2427,0
20260217,090000,12105.6,12156.8,12042,12154.2,60745,0
20260217,100000,12154.2,12193.8,12120,12168,75532,0
20260217,110000,12167.6,12192.3,12155,12165.3,20092,0
20260217,120000,12167.2,12173.5,12137,12162.8,24252,0
20260217,130000,12161.4,12195,12124.5,12132.2,28171,0
20260217,140000,12132.2,12174.8,12132.2,12174.1,15581,0
20260217,150000,12173.5,12195,12156.4,12159.2,22215,0
20260217,160000,12158.7,12159.6,11973.1,11979.5,57512,0
20260217,170000,11978.7,12062,11903,11981.4,92629,0
20260217,180000,11980,12004.3,11950,11958,39166,0
20260217,190000,11970,12021.7,11951.6,11956.1,17701,0
20260217,200000,11953.4,11965.7,11918.1,11956,18710,0
20260217,210000,11955.1,12033.3,11955.1,12011.5,18783,0
20260217,220000,12014.8,12018.8,11964,11981.2,9012,0
20260217,230000,11982.9,12000.6,11971,11971,6477,0
20260218,080000,12077.5,12077.5,12077.5,12077.5,392,0
20260218,090000,12078,12119.9,12072,12096.5,21865,0
20260218,100000,12097.7,12138.6,12083.1,12092.3,37234,0
20260218,110000,12092.5,12105.5,12047.7,12050.2,21902,0
20260218,120000,12050.6,12070.9,12042,12048.8,26379,0
20260218,130000,12047.9,12099.1,12037.3,12098.6,48400,0
20260218,140000,12098.6,12119,12083.9,12109.6,31059,0
20260218,150000,12112,12222.4,12112,12212.5,44191,0
20260218,160000,12212.9,12293.7,12212.4,12257.2,83170,0
20260218,170000,12257.1,12341.1,12255.8,12332.4,53266,0
20260218,180000,12332.9,12373.5,12332.9,12333.2,34686,0
20260218,190000,12333.3,12372,12319.6,12349.7,28174,0
20260218,200000,12347.5,12354.3,12325.4,12346.1,10183,0
20260218,210000,12346.8,12358.4,12303.5,12327.1,11467,0
20260218,220000,12327,12358,12305.6,12322.9,13687,0
20260218,230000,12322.9,12340.3,12303.5,12319,10834,0
20260219,080000,12332.1,12332.1,12332.1,12332.1,121,0
20260219,090000,12337.6,12434.5,12337.6,12432,28255,0
20260219,100000,12431,12437.5,12333.3,12339.4,74863,0
20260219,110000,12339,12369.1,12324,12344.5,41844,0
20260219,120000,12343.6,12360.8,12320,12330.3,85709,0
20260219,130000,12330.3,12335.7,12285,12299.8,54272,0
20260219,140000,12299.8,12343.2,12299.7,12339.3,111022,0
20260219,150000,12340.5,12359.8,12332,12348.8,24745,0
20260219,160000,12348.6,12349.7,12300.2,12335,31489,0
20260219,170000,12333.2,12334.9,12236.6,12318.2,54052,0
20260219,180000,12319.6,12358.5,12300.6,12333.7,28322,0
20260219,190000,12338.2,12375,12307.9,12313.9,16659,0
20260219,200000,12315,12324,12283,12284.6,8034,0
20260219,210000,12285,12303.4,12268.5,12295.6,8449,0
20260219,220000,12295.6,12321,12293,12300.1,4016,0
20260219,230000,12301.5,12350,12301.5,12329.9,5839,0
20260220,080000,12350,12350,12350,12350,10,0
20260220,090000,12335.1,12395,12335.1,12370.8,22395,0
20260220,100000,12371,12408.4,12356,12369.4,44363,0
20260220,110000,12369.4,12449.7,12369.4,12427.7,63077,0
20260220,120000,12429,12464,12415.3,12427.2,38006,0
20260220,130000,12427.6,12489,12412.4,12482.7,43455,0
20260220,140000,12482.6,12485.7,12422,12429.7,37082,0
20260220,150000,12429.6,12445.3,12410,12437,40613,0
20260220,160000,12437,12479.7,12412.7,12476,38505,0
20260220,170000,12473.2,12512,12447.4,12507.7,48223,0
20260220,180000,12509.1,12524,12373.2,12476,94798,0
20260220,190000,12476,12530,12450,12514.5,26454,0
20260220,200000,12514.5,12539,12490,12527.2,21283,0
20260220,210000,12528.8,12538.4,12491.2,12524.2,12129,0
20260220,220000,12527,12558.7,12518.1,12555.5,10534,0
20260220,230000,12555.5,12589,12543.3,12572.7,17075,0
20260221,090000,12600,12600,12600,12600,355,0
20260221,100000,12590.5,12650,12590.4,12604.1,10669,0
20260221,110000,12604.2,12609.8,12595,12608.3,3176,0
20260221,120000,12595.1,12608.4,12580.5,12592.4,2190,0
20260221,130000,12590.9,12607.5,12583.5,12606.4,1569,0
20260221,140000,12598.1,12606.5,12552,12575.6,3861,0
20260221,150000,12575.6,12610.4,12575.6,12598.3,1815,0
20260221,160000,12598.4,12603.9,12585,12596.8,537,0
20260221,170000,12595.2,12610,12588.5,12600.5,1219,0
20260221,180000,12600.5,12607,12587.7,12590,870,0
20260222,090000,12590.5,12590.5,12590.5,12590.5,2,0
20260222,100000,12590.5,12628.5,12590,12594.1,1583,0
20260222,110000,12592.7,12605,12582,12582.2,900,0
20260222,120000,12582.3,12593.4,12567,12583.2,1504,0
20260222,130000,12583,12592.7,12568.1,12576.2,379,0
20260222,140000,12576,12591,12570,12576,420,0
20260222,150000,12589,12595,12571.6,12577.8,516,0
20260222,160000,12578.2,12590,12575.1,12583.2,680,0
20260222,170000,12583.2,12626.5,12583.2,12604.1,2279,0
20260222,180000,12612.2,12637,12604.5,12628,1807,0
20260223,090000,12699.6,12699.6,12699.6,12699.6,1528,0
20260223,100000,12699.6,12701,12585,12643.3,28408,0
20260223,110000,12643.4,12653,12615,12640.7,6978,0
20260223,120000,12640.6,12673,12640,12644.6,7155,0
20260223,130000,12645.2,12669.1,12638.6,12658.4,4383,0
20260223,140000,12656.4,12673.1,12639.5,12655.2,4364,0
20260223,150000,12655.2,12672.5,12650,12672.3,2597,0
20260223,160000,12672.4,12676.3,12656,12656,1818,0
20260223,170000,12665.9,12748.4,12659,12740,15823,0
20260223,180000,12746.8,12748.4,12723,12731.1,11429,0
20260224,080000,12725,12725,12725,12725,751,0
20260224,090000,12726.1,12815.5,12725,12755.7,54526,0
20260224,100000,12754.6,12804.8,12737.7,12756.5,70767,0
20260224,110000,12757.3,12762.9,12740,12750,19202,0
20260224,120000,12750.1,12776.4,12740.7,12752.2,39557,0
20260224,130000,12752.1,12774.5,12746.8,12757,51878,0
20260224,140000,12757,12770,12750.3,12767,8448,0
20260224,150000,12766.2,12770.3,12713.7,12720.4,33460,0
20260224,160000,12720.4,12745.4,12626,12635.2,67082,0
20260224,170000,12635.5,12678.5,12564,12643.1,93514,0
20260224,180000,12642.8,12694.9,12618.5,12685,24394,0
20260224,190000,12685,12692.7,12641.1,12665.8,14184,0
20260224,200000,12667,12726.4,12666.5,12718,11636,0
20260224,210000,12719.9,12737.9,12705,12724.4,12114,0
20260224,220000,12722,12723.1,12679,12704.4,7425,0
20260224,230000,12704.1,12745.8,12691.2,12745.8,8036,0
20260225,080000,12804.1,12804.1,12804.1,12804.1,714,0
20260225,090000,12805.1,12815,12760.5,12782.5,20511,0
20260225,100000,12783.6,12784.9,12746.9,12765.1,38888,0
20260225,110000,12766.5,12803,12765.4,12794.9,21821,0
20260225,120000,12794.8,12839.9,12785.8,12839.9,39918,0
20260225,130000,12839.9,12857.6,12790.3,12798.1,43410,0
20260225,140000,12797.7,12830.6,12769,12825,50981,0
20260225,150000,12825.1,12835.5,12808.8,12831,61929,0
20260225,160000,12830.5,12897.2,12830.5,12876.1,58697,0
20260225,170000,12873.5,12959.3,12832.5,12939.9,66554,0
20260225,180000,12939.9,13013.7,12939.8,12994.7,69056,0
20260225,190000,12994.6,13117,12992.8,13101.3,57332,0
20260225,200000,13104.9,13138.4,13076.8,13088.6,36028,0
20260225,210000,13089.8,13101.9,13064.1,13066.4,14892,0
20260225,220000,13066.5,13084.6,13047,13079.7,9959,0
20260225,230000,13079.1,13082.8,12986.1,13004,14185,0
20260226,080000,13034,13034,13034,13034,246,0
20260226,090000,13033.2,13083.5,13020.3,13027.2,31886,0
20260226,100000,13029.9,13029.9,12917.2,12932,118318,0
20260226,110000,12931.6,12949.5,12893.7,12926.1,55635,0
20260226,120000,12923.5,12927.4,12895,12919,33919,0
20260226,130000,12917.6,12917.6,12866,12878.3,24511,0
20260226,140000,12878.3,12914,12871.1,12878.1,26818,0
20260226,150000,12878.6,12925.6,12857,12905.5,38806,0
20260226,160000,12905,12911.6,12864,12869.2,20863,0
20260226,170000,12869.8,12892.5,12802.5,12863.1,59928,0
20260226,180000,12862.6,12900,12801.9,12878,39369,0
20260226,190000,12883,12928.3,12870.7,12912.3,23675,0
20260226,200000,12911.1,12948.2,12862.5,12875.9,19021,0
20260226,210000,12873.5,12940,12867.5,12920.4,13505,0
20260226,220000,12916.8,12947.9,12916.6,12933.4,9524,0
20260226,230000,12933.4,12969,12933.4,12969,8379,0
20260227,080000,12990,12990,12990,12990,240,0
20260227,090000,12982.7,12990.5,12936.2,12936.3,17463,0
20260227,100000,12937.5,12953.9,12912.2,12916.2,48991,0
20260227,110000,12916.1,12929,12894.1,12924.7,36376,0
20260227,120000,12925,12965.7,12919.4,12935.9,31385,0
20260227,130000,12935.7,12958.8,12920.1,12930,25676,0
20260227,140000,12928.8,12942.3,12896.8,12940.5,23112,0
20260227,150000,12941.4,12972.9,12938.1,12965,33241,0
20260227,160000,12965.2,13101.5,12914.2,13004.6,197899,0
20260227,170000,13003.9,13026.7,12964.2,12992.2,47885,0
20260227,180000,12993.2,13013.5,12966.1,12996.8,30739,0
20260227,190000,13009,13063.7,12984.4,13010,27948,0
20260227,200000,13008.8,13038.8,13001.4,13037.1,13115,0
20260227,210000,13037.3,13054,13000,13051.4,17253,0
20260227,220000,13049.6,13061,13030.3,13058.4,8057,0
20260227,230000,13059,13083,13056.9,13075,10936,0
20260228,090000,13101.1,13101.1,13101.1,13101.1,3807,0
20260228,100000,13102,13464,13101.1,13377,89705,0
20260228,110000,13377.4,13414.7,13314,13389.7,21873,0
20260228,120000,13389.8,13499.9,13354.8,13479,37698,0
20260228,130000,13479.1,13500,13411,13430,27513,0
20260228,140000,13425.8,13450,13320,13358.9,38026,0
20260228,150000,13359.9,13430,13358.3,13412.3,14155,0
20260228,160000,13409.5,13429.6,13370.4,13373,7341,0
20260228,170000,13373.2,13425,13368.1,13406.5,6435,0
20260228,180000,13407,13478.5,13406.6,13444,10932,0
20260301,090000,13389.1,13389.1,13389.1,13389.1,753,0
20260301,100000,13400,13444,13379.1,13389.1,21515,0
20260301,110000,13390.2,13415.6,13370,13407.6,9161,0
20260301,120000,13405.1,13409,13385.4,13406,3442,0
20260301,130000,13406,13434.8,13399,13418.3,4873,0
20260301,140000,13418.3,13450,13410.3,13447.8,7418,0
20260301,150000,13447.8,13491,13440,13489.8,19282,0
20260301,160000,13484,13502,13479.2,13492.8,13391,0
20260301,170000,13492.8,13502.5,13490.8,13502.5,7154,0
20260301,180000,13502.5,13502.5,13502.5,13502.5,4039,0
20260302,080000,13432,13432,13432,13432,1199,0
20260302,090000,13430,13432,13280,13409.8,126592,0
20260302,100000,13409,13486.5,13350,13463.8,152350,0
20260302,110000,13463,13537,13451.5,13465.9,102860,0
20260302,120000,13465.4,13483.7,13423.3,13451.5,62679,0
20260302,130000,13453.1,13475.3,13408.7,13445.9,51932,0
20260302,140000,13447.9,13456.1,13413,13424,37738,0
20260302,150000,13423.9,13471.2,13413,13467.3,30914,0
20260302,160000,13468.7,13509.9,13441.2,13476.2,46956,0
20260302,170000,13473.5,13475.1,13302.1,13344.9,147214,0
20260302,180000,13342.6,13385,13294.4,13350.3,53585,0
20260302,190000,13347.1,13347.1,13013.8,13235.8,76876,0
20260302,200000,13234,13294.5,13230.4,13277.1,16344,0
20260302,210000,13278.7,13293,13242.7,13291.2,16295,0
20260302,220000,13292.8,13342.6,13290.9,13320,25511,0
20260302,230000,13322.8,13373.3,13314.1,13323.6,14019,0
20260303,080000,13322.1,13322.1,13322.1,13322.1,973,0
20260303,090000,13322.1,13339.4,13199.2,13279.6,59601,0
20260303,100000,13280.4,13318.1,13259.9,13313.2,70334,0
20260303,110000,13313.1,13323,13214,13218.7,51927,0
20260303,120000,13217.8,13236.4,13045.1,13166.3,110520,0
20260303,130000,13165.1,13175,13037.1,13055.3,111473,0
20260303,140000,13055.7,13079.4,12668.1,12841.8,318255,0
20260303,150000,12842.1,13032,12830,13023.1,115967,0
20260303,160000,13018.6,13019.9,12781.7,12835.9,120034,0
20260303,170000,12837,12881,12529.6,12571.2,193767,0
20260303,180000,12574.8,12668.6,12510.1,12663.2,118736,0
20260303,190000,12665.6,12807.7,12665.6,12728,59639,0
20260303,200000,12729.4,12741.3,12637.4,12684.9,37258,0
20260303,210000,12683,12828.2,12681.5,12820.2,31819,0
20260303,220000,12820.2,12865.4,12722.6,12782.3,40610,0
20260303,230000,12787.5,12822,12730,12743.2,13712,0
20260304,080000,12862.5,12862.5,12862.5,12862.5,331,0
20260304,090000,12864,12890,12780,12851.3,31775,0
20260304,100000,12849.4,12906.6,12844.1,12865.6,56371,0
20260304,110000,12864.7,12925,12818,12925,46996,0
20260304,120000,12927.7,13040,12927.4,12966,127322,0
20260304,130000,12964.8,13025.8,12964.8,13005.1,53318,0
20260304,140000,13004.4,13046.4,13002.7,13006.4,29693,0
20260304,150000,13010.5,13044.2,12907.3,12938.8,62810,0
20260304,160000,12941.8,13005.4,12935,12935,41840,0
20260304,170000,12935.1,12988.3,12876.7,12897.5,49015,0
20260304,180000,12897.2,12934.8,12860.5,12880,37247,0
20260304,190000,12894.9,12938.6,12881.2,12907,14279,0
20260304,200000,12907,12918.1,12840,12897.6,12127,0
20260304,210000,12898.1,12898.7,12819.1,12872,12692,0
20260304,220000,12869.5,12898.3,12852,12890.1,6542,0
20260304,230000,12890.2,12925.1,12861.6,12915.9,10079,0
20260305,080000,12900,12900,12900,12900,281,0
20260305,090000,12915,12994,12868,12987.7,50425,0
20260305,100000,12987.7,12990,12927.9,12944.3,59624,0
20260305,110000,12943.4,13049.7,12919,13045,68928,0
20260305,120000,13045,13067.8,13010,13027.7,59779,0
20260305,130000,13028.1,13042.7,12992.6,13029.7,39548,0
20260305,140000,13032.4,13069.3,13023.3,13056.9,37783,0
20260305,150000,13055,13078.7,13039.3,13061.1,39776,0
20260305,160000,13061.3,13064.6,12900,12995.9,143758,0
20260305,170000,12996.1,13007.1,12926,12945.7,62115,0
20260305,180000,12943.7,12987.6,12863,12959.9,47826,0
20260305,190000,12959.8,12985,12883,12927.4,23607,0
20260305,200000,12930,12970.1,12900,12914.3,16091,0
20260305,210000,12915.2,12978,12893,12933.6,21166,0
20260305,220000,12933.6,12960.9,12911,12934.4,6892,0
20260305,230000,12936.4,12996,12929.3,12959.1,12496,0
20260306,080000,13021,13021,13021,13021,421,0
20260306,090000,13024,13048,13006.7,13037.5,23585,0
20260306,100000,13035.1,13035.9,12970,13002,66417,0
20260306,110000,13002,13012.2,12952.3,12970.2,40777,0
20260306,120000,12967.8,12967.8,12905.4,12915.5,41122,0
20260306,130000,12914.8,12934,12900,12921.1,31090,0
20260306,140000,12917,12934,12860.7,12889.8,31464,0
20260306,150000,12888.9,12953.7,12888.5,12917.8,29973,0
20260306,160000,12914.3,12995,12881.2,12912.4,68658,0
20260306,170000,12912,12991.7,12903.2,12990.6,45792,0
20260306,180000,12990,13058.3,12980.7,12986,77055,0
20260306,190000,13004.2,13013.4,12950,12975.8,24089,0
20260306,200000,12980,13019.9,12962.9,12988.6,17325,0
20260306,210000,12988,13035,12986.1,13026,15132,0
20260306,220000,13028.9,13072.3,13025.9,13038.6,12199,0
20260306,230000,13038.7,13057.9,13021.6,13042.9,6717,0
20260309,080000,12970,12970,12970,12970,285,0
20260309,090000,12969,13020,12810.5,12812.5,49017,0
20260309,100000,12812.5,12868.3,12787.3,12845.9,40472,0
20260309,110000,12847.3,12863.4,12725.1,12754,48378,0
20260309,120000,12750.5,12835,12739.4,12787.7,29524,0
20260309,130000,12788.1,12804,12681.6,12718.2,39996,0
20260309,140000,12720.6,12760.7,12712.9,12740.3,20010,0
20260309,150000,12742.2,12814,12739.4,12750,26333,0
20260309,160000,12750.9,12777.5,12695.6,12703.5,30107,0
20260309,170000,12703.8,12775,12687.1,12744.8,25720,0
20260309,180000,12743.3,12764.6,12704.5,12753.8,19094,0
20260309,190000,12758.9,12786.2,12746.8,12773.8,10875,0
20260309,200000,12772.7,12782,12752.6,12770,5771,0
20260309,210000,12772.1,12827.5,12770,12821.8,11416,0
20260309,220000,12821.7,12904,12814.6,12902,30436,0
20260309,230000,12903.7,12915,12873.4,12880.2,16656,0
20260310,080000,12950,12950,12950,12950,164,0
20260310,090000,12950,13014.7,12944,12996,36622,0
20260310,100000,12995.9,13062.8,12977.3,13058.3,78679,0
20260310,110000,13059.8,13145,13055.1,13136.6,107455,0
20260310,120000,13137.6,13160.6,13117.9,13117.9,65718,0
20260310,130000,13119,13149,13104.2,13140.5,44610,0
20260310,140000,13142.3,13169.5,13132.9,13137.5,37902,0
20260310,150000,13139.4,13195,13116.5,13178.8,45281,0
20260310,160000,13175.6,13267,13175.6,13238.4,80682,0
20260310,170000,13241.7,13249.3,13168.6,13203.1,44228,0
20260310,180000,13205,13277.5,13197.3,13255,30361,0
20260310,190000,13243.9,13269.5,13230.7,13250.5,16073,0
20260310,200000,13253.5,13266.5,13224.3,13225.3,17086,0
20260310,210000,13225.4,13235,13072.6,13158.6,53113,0
20260310,220000,13157.4,13185.3,13122,13177.3,17289,0
20260310,230000,13176.2,13185.3,13157,13170,6912,0
20260311,080000,13185,13185,13185,13185,14,0
20260311,090000,13185,13240.6,13155,13200.2,21753,0
20260311,100000,13200,13202.2,13125.5,13150.1,44862,0
20260311,110000,13151.4,13170,13135,13154.7,32850,0
20260311,120000,13155.3,13171.9,13132,13162.7,23675,0
20260311,130000,13162.2,13178.3,13137.7,13168.9,24752,0
20260311,140000,13169.6,13185,13153.5,13165.2,24936,0
20260311,150000,13160,13185.1,13125,13125.5,28187,0
20260311,160000,13125.4,13154.6,13098.5,13144.4,31407,0
20260311,170000,13145.4,13188.2,13141.8,13171.1,25578,0
20260311,180000,13173,13180.4,13145,13161.8,14115,0
20260311,190000,13163.1,13179.7,13136,13173.8,7254,0
20260311,200000,13172.6,13184.7,13125.1,13150.1,10130,0
20260311,210000,13150.5,13172.1,13150.5,13156.6,3826,0
20260311,220000,13156.6,13187.4,13149.5,13186.4,3697,0
20260311,230000,13186.7,13198.3,13175,13198,6538,0
20260312,080000,13149,13149,13149,13149,89,0
20260312,090000,13148.3,13149.5,13084.9,13133,37005,0
20260312,100000,13134.8,13158,13098,13139.9,74526,0
20260312,110000,13136.9,13146.5,13116,13127.4,34945,0
20260312,120000,13129.1,13146.5,13118.2,13120.6,22990,0
20260312,130000,13120.5,13165.2,13118.4,13160.7,24642,0
20260312,140000,13161,13182,13137.6,13160.4,25391,0
20260312,150000,13159.4,13197.8,13126.2,13176.2,49227,0
20260312,160000,13174.3,13190,13125,13138.2,46272,0
20260312,170000,13138.1,13161.2,13120,13134.4,50249,0
20260312,180000,13133.6,13137.9,13046,13081.8,53716,0
20260312,190000,13087.9,13122.6,13085.3,13099.7,14889,0
20260312,200000,13100.6,13114.2,13053.9,13060.5,13311,0
20260312,210000,13061.5,13079.9,13013.1,13032.5,21790,0
20260312,220000,13030.1,13047.8,12995,13012.1,15735,0
20260312,230000,13017.9,13032,12937,12990,14877,0
20260313,080000,13015,13015,13015,13015,3,0
20260313,090000,13018.4,13073.7,13015,13044.3,20348,0
20260313,100000,13044.4,13058.1,12970.8,13007.7,74217,0
20260313,110000,13007.7,13057.9,12986,13057.9,55938,0
20260313,120000,13057.2,13074.4,13041,13068.1,34972,0
20260313,130000,13069.3,13119.6,13052.5,13105.3,44131,0
20260313,140000,13105.5,13138,13096.5,13137,24679,0
20260313,150000,13137.6,13180,13135.8,13171.2,44522,0
20260313,160000,13171.9,13176.9,13085.9,13117.4,31418,0
20260313,170000,13118.1,13136.1,12940.3,12953.4,69976,0
20260313,180000,12953,13014.1,12944.2,12986.1,45379,0
20260313,190000,12977.2,13010.7,12921.3,12984.6,29058,0
20260313,200000,12984.4,13034.6,12955,12990.6,20092,0
20260313,210000,12991,13007.8,12970,13003.7,9107,0
20260313,220000,13005,13007.8,12921,12941.7,12765,0
20260313,230000,12948.5,13000,12932.8,12948.4,9717,0
20260314,090000,12967,12967,12967,12967,35,0
20260314,100000,12967.6,13000,12905,12906.3,9637,0
20260314,110000,12911.1,12934.2,12900.1,12933.6,3083,0
20260314,120000,12933.9,12934.7,12917.6,12928.7,793,0
20260314,130000,12928.7,12930,12900.1,12919.1,2640,0
20260314,140000,12919.1,12919.2,12900,12910.5,3084,0
20260314,150000,12910,12935,12903,12912.5,1627,0
20260314,160000,12912.5,12934,12912.3,12926.4,841,0
20260314,170000,12926.4,12940,12921.5,12940,1439,0
20260314,180000,12940.7,12947,12912,12928.5,2200,0
20260315,090000,12928.5,12928.5,12928.5,12928.5,7,0
20260315,100000,12928.6,12937.1,12904,12927.6,1378,0
20260315,110000,12916.1,12932,12916,12916.8,394,0
20260315,120000,12916.5,12923.1,12907.5,12920.5,1196,0
20260315,130000,12913,12922,12907.5,12919,655,0
20260315,140000,12918.3,12932,12912.6,12924.3,822,0
20260315,150000,12927.3,12930.4,12920.7,12920.7,559,0
20260315,160000,12923.9,12924,12906.2,12906.3,1547,0
20260315,170000,12906.3,12911.7,12906.3,12908,1778,0
20260315,180000,12908.5,12908.5,12856,12885,5362,0
20260316,080000,12888.6,12888.6,12888.6,12888.6,717,0
20260316,090000,12888.6,12998.4,12888.6,12920.8,40333,0
20260316,100000,12921.2,12939.4,12844.4,12916.2,76411,0
20260316,110000,12916.2,12938.1,12893.2,12915.5,35597,0
20260316,120000,12916.2,12920,12866.6,12873,48604,0
20260316,130000,12871.9,12900.6,12830,12899.4,76341,0
20260316,140000,12898.1,12968.9,12887.7,12933,71754,0
20260316,150000,12933.6,13014.5,12931.6,13013.4,53273,0
20260316,160000,13013.4,13031,12986.3,13011,42776,0
20260316,170000,13010.3,13028.5,12951.2,12974,47453,0
20260316,180000,12974.6,13005.9,12943.8,12992.7,28246,0
20260316,190000,12997.1,13022.6,12960.2,13011,12718,0
20260316,200000,13012.8,13040,12982,12998.8,15178,0
20260316,210000,13000,13072.9,13000,13061.9,21706,0
20260316,220000,13063,13082.9,13052,13061.9,12628,0
20260316,230000,13062,13080.7,13054,13055.5,4940,0
20260317,080000,13090,13090,13090,13090,131,0
20260317,090000,13090.8,13100,13016.7,13028.1,25291,0
20260317,100000,13027.4,13086.5,13000,13086.5,51944,0
20260317,110000,13086.4,13113.8,13067.2,13110.6,37984,0
20260317,120000,13111.6,13115.9,13093.9,13097.3,28493,0
20260317,130000,13098.4,13112.3,13084.4,13093.3,27116,0
20260317,140000,13093.3,13124.9,13084.2,13086.5,38769,0
20260317,150000,13087.2,13133.2,13080.4,13126.7,50340,0
20260317,160000,13126.7,13143,13085.7,13111.7,36259,0
20260317,170000,13113.7,13146.6,13096.2,13118,37957,0
20260317,180000,13118.2,13147.3,13082.3,13114.3,37251,0
20260317,190000,13114.6,13155.7,13110,13129,10815,0
20260317,200000,13129,13146.4,13119.6,13131.2,5047,0
20260317,210000,13129.2,13145.5,13115.1,13130,5090,0
20260317,220000,13131.3,13135.8,13125,13127.8,3785,0
20260317,230000,13130.1,13164,13129.9,13160,3971,0
20260318,080000,13155.8,13155.8,13155.8,13155.8,40,0
20260318,090000,13155.8,13180.7,13105,13166.6,19970,0
20260318,100000,13166,13227,13166,13224.9,121667,0
20260318,110000,13224.8,13234.7,13156.7,13178.2,86905,0
20260318,120000,13178.8,13181.7,13159,13170.1,33302,0
20260318,130000,13168.9,13173.1,13086.5,13139.2,68624,0
20260318,140000,13139.2,13143.6,13040.6,13049.3,94488,0
20260318,150000,13050.5,13052.4,12970.3,13007.7,116429,0
20260318,160000,13007,13051.8,12940,13021.7,98189,0
20260318,170000,13024,13046.5,12986.9,12994.2,54936,0
20260318,180000,12993.2,13013.4,12973.7,12973.8,27552,0
20260318,190000,12973.8,13025.6,12968,13010.9,12662,0
20260318,200000,13012.1,13053.4,13002,13012.8,14834,0
20260318,210000,13013.1,13037.1,12971.2,12971.6,15639,0
20260318,220000,12971.5,12998.4,12936.2,12944.7,17838,0
20260318,230000,12944.8,12966.5,12884.3,12936,17743,0
20260319,080000,12958,12958,12958,12958,37,0
20260319,090000,12940.1,12988,12726.3,12769.5,82069,0
20260319,100000,12770.6,12824.4,12675.3,12700.2,221799,0
20260319,110000,12700,12792.6,12699.9,12759.3,204825,0
20260319,120000,12757.9,12845.7,12690.8,12692.1,215875,0
20260319,130000,12694.2,12707.9,12572.7,12628.6,139503,0
20260319,140000,12622.1,12664.5,12544.5,12557.6,86393,0
20260319,150000,12557,12564.6,12334.7,12433.9,243920,0
20260319,160000,12432.1,12445.7,12240.2,12443.2,282171,0
20260319,170000,12444,12546,12384,12485.2,181230,0
20260319,180000,12484.9,12551,12391.1,12453.9,72020,0
20260319,190000,12454.9,12516.7,12388,12401.8,28272,0
20260319,200000,12403.3,12482.9,12371.1,12450.4,31328,0
20260319,210000,12451.4,12451.4,12383.3,12428,36644,0
20260319,220000,12428.6,12537.5,12427.3,12506.8,23535,0
20260319,230000,12505.8,12534.8,12503.9,12534.8,9659,0
20260320,080000,12594.6,12594.6,12594.6,12594.6,353,0
20260320,090000,12594.6,12623.9,12473.9,12513,70369,0
20260320,100000,12516,12529.9,12336.5,12520,191986,0
20260320,110000,12518.6,12584.6,12487.1,12498,91606,0
20260320,120000,12498.5,12519.1,12396.5,12420,56361,0
20260320,130000,12421.4,12434.9,12361.4,12433,57052,0
20260320,140000,12435,12538.4,12431.7,12515.1,47979,0
20260320,150000,12515.1,12576.6,12500.3,12507.4,64121,0
20260320,160000,12506.4,12508.2,12311.6,12328.5,114835,0
20260320,170000,12328.5,12332.7,12164.7,12206.9,204936,0
20260320,180000,12207.4,12250,12144.9,12181.5,82443,0
20260323,080000,11618,11618,11618,11618,1798,0
20260323,090000,11611,11675,11422.2,11422.2,112111,0
20260323,100000,11422.2,11459.5,11097.8,11352.3,487313,0
20260323,110000,11351.8,11396,11226,11309.1,241418,0
20260323,120000,11311.1,11416.5,11261.9,11330.4,162693,0
20260323,130000,11331.5,11398.9,11298.9,11355.2,128779,0
20260323,140000,11355.9,11799,11352.1,11625.2,504969,0
20260323,150000,11625,11885,11521.6,11842.8,232839,0
20260323,160000,11840.7,11862.5,11681.3,11814.1,165183,0
20260323,170000,11816.7,11882.3,11768.1,11801.4,112067,0
20260323,180000,11802.8,11861.5,11479.8,11514.2,121017,0
20260323,190000,11510.9,11638,11482.8,11573.9,67597,0
20260323,200000,11580.3,11749.9,11575.6,11710,59558,0
20260323,210000,11706.3,11742.3,11609.5,11708.6,41286,0
20260323,220000,11707.3,11707.4,11518.2,11538.5,57631,0
20260323,230000,11537.7,11575.4,11507.1,11552.4,32342,0
20260324,080000,11446,11446,11446,11446,269,0
20260324,090000,11445,11563.3,11379,11523.3,85613,0
20260324,100000,11526.7,11656.6,11497,11620.9,144690,0
20260324,110000,11620.8,11638.3,11553,11607.2,104296,0
20260324,120000,11607.1,11608.5,11498.1,11527.8,83338,0
20260324,130000,11528.7,11546.2,11476.9,11530.8,85171,0
20260324,140000,11529.3,11536.5,11451.2,11518.4,92953,0
20260324,150000,11516.1,11541.8,11411.2,11431,100656,0
20260324,160000,11430,11464.6,11411.6,11454.9,68511,0
20260324,170000,11454.8,11527.7,11425,11464,60997,0
20260324,180000,11464.6,11512.7,11435,11459.5,29226,0
20260324,190000,11454.4,11493,11437,11463.5,12665,0
20260324,200000,11464.3,11479.2,11388.8,11427.9,21850,0
20260324,210000,11430,11473.5,11411.8,11417,14433,0
20260324,220000,11418.6,11464.8,11416.5,11443.2,7822,0
20260324,230000,11441.4,11632.6,11437,11601.8,39392,0
20260325,080000,11783.2,11783.2,11783.2,11783.2,610,0
20260325,090000,11788.2,11845,11700,11755,78230,0
20260325,100000,11755,11860.1,11736.8,11780.7,103521,0
20260325,110000,11777.8,11820.5,11770.2,11770.3,52324,0
20260325,120000,11770.8,11803.6,11715.8,11772.3,46985,0
20260325,130000,11774.2,11797.8,11734.6,11758.8,38287,0
20260325,140000,11757.9,11786.6,11748.6,11772.9,30935,0
20260325,150000,11774.7,11782.4,11660.2,11734.1,82513,0
20260325,160000,11737.2,11819.6,11726.7,11751.1,66267,0
20260325,170000,11754.9,11842.8,11726.4,11827.5,35236,0
20260325,180000,11828,11870.8,11772,11860,36493,0
20260325,190000,11858.6,11884,11821.3,11836.8,18604,0
20260325,200000,11837.7,11869.3,11817.6,11835.7,13922,0
20260325,210000,11834.2,11889.4,11796.3,11814.9,17883,0
20260325,220000,11814.2,11814.2,11700,11786,40686,0
20260325,230000,11784.9,11809,11730.7,11761.1,14542,0
20260326,080000,11690,11690,11690,11690,680,0
20260326,090000,11680.6,11724,11572.3,11703.3,85370,0
20260326,100000,11703,11764.9,11690.6,11717.1,99107,0
20260326,110000,11715.5,11740,11617,11642.3,76671,0
20260326,120000,11642.3,11658.3,11527.2,11536,81332,0
20260326,130000,11536.1,11668.1,11515,11656.8,84307,0
20260326,140000,11656.2,11695.3,11641.9,11665.5,66099,0
20260326,150000,11666.6,11743.8,11621,11641.1,58782,0
20260326,160000,11640.4,11691.5,11591.7,11623.7,72247,0
20260326,170000,11625.5,11682.8,11577.7,11604.3,51031,0
20260326,180000,11602,11602.1,11526.2,11527.8,46793,0
20260326,190000,11527.8,11554.9,11401.8,11438.4,37833,0
20260326,200000,11437.5,11455.3,11353.2,11358,38775,0
20260326,210000,11358.7,11448.8,11345.8,11433.9,29334,0
20260326,220000,11434,11441.1,11362.6,11373.2,20249,0
20260326,230000,11375.9,11494.6,11358.1,11467.7,41104,0
20260327,080000,11579.2,11579.2,11579.2,11579.2,684,0
20260327,090000,11579.2,11628,11511.3,11521.3,28173,0
20260327,100000,11522.4,11623.6,11515.3,11547.5,65378,0
20260327,110000,11545.1,11548,11415.1,11416,71785,0
20260327,120000,11416,11546.6,11412.1,11532.9,44562,0
20260327,130000,11533.6,11549,11472.8,11497.5,33086,0
20260327,140000,11496.4,11508.9,11450.9,11490.9,26774,0
20260327,150000,11492.9,11538.6,11456.7,11531.8,39903,0
20260327,160000,11531.6,11552.9,11452.8,11542.7,49376,0
20260327,170000,11535,11759.5,11535,11745,93882,0
20260327,180000,11745.9,11900,11742.3,11813.1,144479,0
20260327,190000,11812.2,11841,11739.4,11761.1,46190,0
20260327,200000,11762,11774.9,11670,11672.8,42800,0
20260327,210000,11673.2,11812.8,11672.8,11765.6,33049,0
20260327,220000,11765.9,11802.5,11726.8,11774,18751,0
20260327,230000,11777.9,11787.1,11752,11782,11073,0
20260328,090000,11787.9,11787.9,11787.9,11787.9,50,0
20260328,100000,11787.9,11834,11750,11817.3,3696,0
20260328,110000,11819.1,11859,11760,11798.7,4739,0
20260328,120000,11799,11860,11781,11815.2,3109,0
20260328,130000,11816.1,11824,11806.3,11818.8,579,0
20260328,140000,11820.4,11826.9,11808,11813.1,477,0
20260328,150000,11813.2,11823.7,11801.4,11809,783,0
20260328,160000,11810.9,11820.8,11775,11783,4104,0
20260328,170000,11784.5,11820,11763.5,11780.5,3374,0
20260328,180000,11776.3,11804.4,11763.3,11775,2322,0
20260329,090000,11775,11775,11775,11775,4,0
20260329,100000,11772,11792.8,11732,11739,4195,0
20260329,110000,11739,11763.4,11720,11763.4,2495,0
20260329,120000,11761.5,11766.2,11735,11743,2570,0
20260329,130000,11743,11752,11738.8,11746.2,807,0
20260329,140000,11746.2,11771.8,11746.2,11768.8,2285,0
20260329,150000,11767.4,11771.8,11750.5,11757.2,597,0
20260329,160000,11750.6,11757.9,11747.1,11747.1,602,0
20260329,170000,11750,11764,11748.9,11764,665,0
20260329,180000,11762.1,11781.4,11750,11754,2922,0
20260330,080000,11813.7,11813.7,11813.7,11813.7,240,0
20260330,090000,11816.5,11929.1,11780,11879.5,52291,0
20260330,100000,11880.8,11896.9,11770.4,11786.6,77851,0
20260330,110000,11786.6,11819.8,11786.1,11802,63417,0
20260330,120000,11802.1,11805.8,11726.6,11750.6,47001,0
20260330,130000,11750.7,11759.9,11682.5,11713.4,102331,0
20260330,140000,11712.3,11820,11696.5,11786.9,100179,0
20260330,150000,11788.1,11835.8,11775,11825.3,63927,0
20260330,160000,11825.4,11825.4,11713.6,11727.2,62080,0
20260330,170000,11728.3,11804.8,11727.5,11793.2,40018,0
20260330,180000,11794.5,11828,11762,11785.3,36506,0
20260330,190000,11785.3,11789.2,11732.1,11732.5,26563,0
20260330,200000,11734.4,11737.9,11650.3,11660,25144,0
20260330,210000,11660,11689.4,11631.3,11631.4,14433,0
20260330,220000,11631.4,11680.3,11620.6,11671.8,12252,0
20260330,230000,11672,11678.9,11631.6,11634.5,5189,0
20260331,080000,11802.1,11802.1,11802.1,11802.1,527,0
20260331,090000,11802.1,11814.9,11744.2,11752,36361,0
20260331,100000,11751,11795,11747.3,11789.5,50820,0
20260331,110000,11789.5,11804.4,11768.7,11782,47564,0
20260331,120000,11782.2,11802.3,11750.6,11764,35778,0
20260331,130000,11763.6,11807.7,11724,11774.9,62714,0
20260331,140000,11775,11892.7,11758,11881.1,65054,0
20260331,150000,11882.2,11957.2,11848.8,11884.8,66193,0
20260331,160000,11884.7,11938,11847.6,11929.3,45123,0
20260331,170000,11929.9,11965,11878.1,11890.1,65299,0
20260331,180000,11889.2,11974.9,11888.7,11914.9,39328,0
20260331,190000,11916.1,12017.7,11902.1,11986.7,35399,0
20260331,200000,11990.8,12047.8,11977,12007.9,26737,0
20260331,210000,12008.3,12076.9,12008.3,12062.4,15942,0
20260331,220000,12062.7,12111.3,12050.2,12099.4,19101,0
20260331,230000,12101.1,12106.5,12058,12058,13761,0
20260401,080000,12096.2,12096.2,12096.2,12096.2,71,0
20260401,090000,12098.8,12218.8,12082.8,12214.9,41994,0
20260401,100000,12214.9,12215.8,12045.3,12082.2,143493,0
20260401,110000,12082.2,12121.3,12072.8,12095.5,67919,0
20260401,120000,12095.6,12095.7,12054,12065.5,41824,0
20260401,130000,12066.3,12095,12025.2,12078.7,46895,0
20260401,140000,12078.6,12167.9,12075.5,12149.2,43972,0
20260401,150000,12148.1,12153.1,12080,12099.3,46656,0
20260401,160000,12098.2,12145,12080,12104.1,36027,0
20260401,170000,12103.8,12152,12085,12127.2,38017,0
20260401,180000,12125.2,12190.7,12115.8,12177.5,35459,0
20260401,190000,12173.8,12193,12146,12191.8,11922,0
20260401,200000,12191.5,12194.5,12106.1,12109,15411,0
20260401,210000,12109,12124.7,12046.7,12078.3,22045,0
20260401,220000,12078,12151,12073.5,12106.9,12745,0
20260401,230000,12112.1,12146.1,12096.5,12144.7,11172,0
20260402,080000,11770,11770,11770,11770,1232,0
20260402,090000,11769,11816.5,11656,11781.3,90316,0
20260402,100000,11781.2,11886.5,11740.3,11849.5,105913,0
20260402,110000,11849.6,11875.3,11786.5,11787.2,66938,0
20260402,120000,11787.1,11818.5,11764.8,11798.3,60145,0
20260402,130000,11798,11837.5,11755.5,11768.5,38148,0
20260402,140000,11768.2,11810,11718.1,11738.7,43524,0
20260402,150000,11739.6,11829.8,11732.2,11768.5,48140,0
20260402,160000,11769,11873.1,11727.3,11864,70399,0
20260402,170000,11864.9,11965,11832.9,11932,100210,0
20260402,180000,11932,11934.4,11854,11868.1,41161,0
20260402,190000,11867.3,11899.8,11831.1,11884,13761,0
20260402,200000,11881,11898.2,11832.7,11842,6948,0
20260402,210000,11844.9,11890.5,11836.3,11884.5,6611,0
20260402,220000,11888.9,11922.4,11871,11907.7,9324,0
20260402,230000,11904.3,11916,11860.1,11910.6,6019,0
20260403,080000,11900,11900,11900,11900,84,0
20260403,090000,11900,11900,11800,11800.3,19806,0
20260403,100000,11800.3,11801.3,11742.6,11781.1,40637,0
20260403,110000,11782.3,11839,11777.6,11810.7,30131,0
20260403,120000,11809.1,11833.2,11800,11815.6,18686,0
20260403,130000,11817.3,11836.4,11817.3,11822.6,11037,0
20260403,140000,11820.5,11824.4,11766.1,11767.9,22341,0
20260403,150000,11766,11782.2,11750.6,11764.7,22313,0
20260403,160000,11766.4,11767.1,11729.1,11729.5,16056,0
20260403,170000,11729.5,11753.4,11723.4,11726,21964,0
20260403,180000,11726.2,11731.8,11695,11703.7,21351,0
20260403,190000,11703.7,11723.5,11701.4,11708.9,6879,0
20260403,200000,11707,11709.7,11663.5,11687.8,24441,0
20260403,210000,11687.8,11687.8,11631.7,11649.3,23278,0
20260403,220000,11648.5,11681.9,11644.6,11662.6,8569,0
20260403,230000,11662.8,11692,11654.4,11660,8637,0
20260404,100000,11675,11711.2,11632.2,11700.5,6909,0
20260404,110000,11700.5,11719,11700,11705.5,1901,0
20260404,120000,11705,11705,11657.2,11670.2,5373,0
20260404,130000,11672.7,11704.1,11643.3,11679.9,4268,0
20260404,140000,11681.4,11700,11671.4,11683.9,1202,0
20260404,150000,11683.1,11709.7,11675,11698.5,2472,0
20260404,160000,11699.5,11707.6,11688.8,11696.9,884,0
20260404,170000,11702.4,11702.6,11687.1,11692.4,234,0
20260404,180000,11690.6,11694.8,11681.3,11693,1368,0
20260405,100000,11693,11713.7,11679,11698.3,2854,0
20260405,110000,11698.3,11707,11690,11702.6,617,0
20260405,120000,11702.5,11764,11700.1,11740.4,4800,0
20260405,130000,11743.8,11745,11676,11709.3,4094,0
20260405,140000,11709.3,11709.6,11685,11694.2,968,0
20260405,150000,11694.1,11694.2,11686,11691,987,0
20260405,160000,11693,11694.2,11685,11693.1,706,0
20260405,170000,11693.1,11699.8,11688.8,11699.7,349,0
20260405,180000,11699.7,11718.5,11695.6,11711,1526,0
20260406,080000,11718,11718,11718,11718,550,0
20260406,090000,11718,11772,11705.8,11768.8,21031,0
20260406,100000,11769.1,11769.6,11652.3,11756.1,83882,0
20260406,110000,11753.7,11858.8,11750.4,11857,100174,0
20260406,120000,11858.4,11892.4,11846.4,11872.8,107895,0
20260406,130000,11873.4,11905.6,11853.3,11880.2,59190,0
20260406,140000,11881,11900,11844,11852.3,41861,0
20260406,150000,11852.4,11888,11808,11869.7,50505,0
20260406,160000,11869.7,11875.6,11809,11849.7,48783,0
20260406,170000,11851,11888.5,11814.4,11869.2,46525,0
20260406,180000,11870.1,11875,11782.8,11810.6,51685,0
20260406,190000,11810.9,11816.1,11784.3,11790,7837,0
20260406,200000,11791,11800.6,11762.2,11779.5,11584,0
20260406,210000,11780,11830.4,11776.7,11802.6,9450,0
20260406,220000,11800,11803.9,11756.3,11792.9,6723,0
20260406,230000,11794.9,11802.4,11781,11797.1,6118,0
20260407,080000,11750,11750,11750,11750,27,0
20260407,090000,11750,11801.9,11700.1,11784.6,25057,0
20260407,100000,11782.2,11787.6,11707.7,11739.7,59482,0
20260407,110000,11738.2,11835.2,11731.1,11809.7,61224,0
20260407,120000,11811.1,11894,11802,11817,58972,0
20260407,130000,11817.4,11856,11793.6,11797.9,44083,0
20260407,140000,11801.8,11838.6,11774,11825.8,40166,0
20260407,150000,11824.9,11839,11795.2,11810.3,33406,0
20260407,160000,11816.9,11817,11709.4,11725.7,48064,0
20260407,170000,11723,11775.5,11651.3,11720,72083,0
20260407,180000,11721.4,11767.8,11697.7,11753.6,24419,0
20260407,190000,11757.1,11784,11751.8,11758.3,9816,0
20260407,200000,11761.1,11814.3,11747.1,11789.4,12120,0
20260407,210000,11791.4,11809.1,11737.8,11750.9,12410,0
20260407,220000,11750.9,11884.6,11747.5,11854.4,22009,0
20260407,230000,11854.3,11899.8,11840.9,11899.8,15283,0
20260408,080000,12114,12114,12114,12114,2769,0
20260408,090000,12117,12236.4,12111.5,12158.6,68937,0
20260408,100000,12158.7,12161.9,12072,12110,122652,0
20260408,110000,12109,12121,12073.4,12079.4,37078,0
20260408,120000,12079.4,12105,12009.4,12016.6,45993,0
20260408,130000,12016.5,12068.6,12010.9,12040.3,22513,0
20260408,140000,12039.7,12086.9,12027,12080.7,26456,0
20260408,150000,12080.8,12098.8,12012,12062.3,50279,0
20260408,160000,12062.2,12062.7,12002.1,12023.5,30084,0
20260408,170000,12023.6,12049.7,11929.7,11942.6,44287,0
20260408,180000,11943.6,11995.8,11940,11988.8,26879,0
20260408,190000,11988,12007.1,11965.6,11995.9,12134,0
20260408,200000,11995.8,12002,11923.1,11924.8,17322,0
20260408,210000,11924.9,11951.7,11827.1,11859.3,25394,0
20260408,220000,11859.3,11911.8,11834,11911.2,19303,0
20260408,230000,11911,11911,11882.7,11900.1,10018,0
20260409,080000,11890.1,11890.1,11890.1,11890.1,50,0
20260409,090000,11890.1,11904.8,11845,11859.8,11561,0
20260409,100000,11859.9,11879.1,11809.8,11845.5,49921,0
20260409,110000,11845.5,11846.7,11815.7,11819.9,24751,0
20260409,120000,11819.9,11831,11814,11826.2,38682,0
20260409,130000,11826,11867.1,11821.3,11854.5,35956,0
20260409,140000,11854.2,11896.9,11831.6,11886.9,45743,0
20260409,150000,11887.2,11894,11852.8,11874,34116,0
20260409,160000,11875.6,11922,11860.7,11878.1,35551,0
20260409,170000,11880.8,11898.5,11825,11849.5,23708,0
20260409,180000,11852.8,11910,11840.3,11905.6,37743,0
20260409,190000,11904,11932.2,11865.8,11884.2,16906,0
20260409,200000,11884.4,11917.5,11877.1,11903.1,6913,0
20260409,210000,11902.5,11902.6,11833.5,11851.9,10140,0
20260409,220000,11852,11869.9,11831.9,11832.7,5129,0
20260409,230000,11832.1,11842.7,11821.3,11827.8,9442,0
20260410,090000,11848.6,11849.1,11790,11795,17817,0
20260410,100000,11795.1,11801.5,11755.5,11767.8,42634,0
20260410,110000,11765.6,11767.5,11716.6,11741.7,33140,0
20260410,120000,11740.7,11796.2,11735.3,11769.6,46573,0
20260410,130000,11769.6,11782.3,11744.1,11768.6,21157,0
20260410,140000,11768.3,11778.3,11746.4,11771.2,28565,0
20260410,150000,11772.7,11813.7,11748.9,11778.8,31428,0
20260410,160000,11778.8,11788.3,11743.1,11756.9,21769,0
20260410,170000,11756.6,11812.3,11745.7,11763.6,25104,0
20260410,180000,11764.3,11803,11745,11751.2,18122,0
20260410,190000,11753,11770,11728.4,11753.9,11770,0
20260410,200000,11754,11766.2,11735.3,11738,4967,0
20260410,210000,11738.3,11760,11720,11755.7,5997,0
20260410,220000,11757,11758.9,11740.2,11742.2,2732,0
20260410,230000,11741.8,11742,11691.7,11708,10866,0
20260411,090000,11719.9,11719.9,11719.9,11719.9,32,0
20260411,100000,11710.7,11737.5,11710.7,11713.5,1340,0
20260411,110000,11714.8,11735,11710.9,11728.9,512,0
20260411,120000,11731.5,11744,11731.5,11743.4,1012,0
20260411,130000,11743.5,11751.9,11737.8,11740.9,1247,0
20260411,140000,11740.9,11751.4,11738,11749.2,433,0
20260411,150000,11749.2,11749.2,11737.8,11738.2,410,0
20260411,160000,11742.7,11742.7,11735.5,11737.3,339,0
20260411,170000,11738.8,11741.7,11727.8,11733.3,495,0
20260411,180000,11728.3,11790,11728.3,11756,2395,0
20260412,090000,11726,11726,11726,11726,271,0
20260412,100000,11729.2,11756.3,11652.3,11658,13975,0
20260412,110000,11664.3,11680.4,11652,11660,4571,0
20260412,120000,11662,11669.6,11525,11575.1,26903,0
20260412,130000,11575,11619.3,11566.1,11593.8,8800,0
20260412,140000,11593.8,11599,11581.2,11594,3714,0
20260412,150000,11594.4,11599,11578.2,11580,1681,0
20260412,160000,11578,11578,11528.6,11545.2,6680,0
20260412,170000,11542.6,11567.5,11510,11538.5,3778,0
20260412,180000,11538.4,11569.5,11501,11501,4537,0
20260413,080000,11666.3,11666.3,11666.3,11666.3,1158,0
20260413,090000,11666.3,11678.2,11575.6,11585.2,32334,0
20260413,100000,11587.1,11629.4,11584.9,11598.7,43445,0
20260413,110000,11599.5,11607.8,11547.1,11556.7,30396,0
20260413,120000,11556.7,11562.9,11525.5,11554.1,38898,0
20260413,130000,11554.2,11558.8,11501,11543.5,17407,0
20260413,140000,11544.5,11568.7,11511.2,11518.9,26878,0
20260413,150000,11518.1,11574,11516.5,11565.3,16593,0
20260413,160000,11565.5,11596.6,11559.2,11580.4,41837,0
20260413,170000,11580.6,11583.3,11531.2,11582.7,21986,0
20260413,180000,11583.9,11587.7,11534.9,11560.5,15555,0
20260413,190000,11559.8,11626.7,11551.2,11595.7,11105,0
20260413,200000,11598,11621,11571.4,11574.6,9838,0
20260413,210000,11575.8,11605,11562.1,11589.7,7532,0
20260413,220000,11590,11605,11572.8,11600,3114,0
20260413,230000,11600.3,11606.7,11560,11603.6,5121,0
20260414,080000,11630.3,11630.3,11630.3,11630.3,28,0
20260414,090000,11635.3,11705.5,11630.5,11703.5,19168,0
20260414,100000,11703.5,11720.3,11616.5,11625.5,46353,0
20260414,110000,11625.4,11630,11600,11613.6,28617,0
20260414,120000,11613.6,11613.9,11573.8,11574.8,24329,0
20260414,130000,11579,11612.8,11545.4,11580,35512,0
20260414,140000,11578.5,11598.6,11573.9,11582.9,15923,0
20260414,150000,11583,11594.3,11546.3,11569.2,30536,0
20260414,160000,11569.4,11602.9,11558.1,11563.4,41576,0
20260414,170000,11565.6,11595,11539.7,11565.6,38837,0
20260414,180000,11564.6,11583.7,11536,11566,20774,0
20260414,190000,11566.3,11601,11566.3,11579.5,9766,0
20260414,200000,11579.8,11631.5,11578.6,11617.9,17150,0
20260414,210000,11617.6,11644.2,11558.1,11604,15747,0
20260414,220000,11604,11632.6,11604,11630.5,5090,0
20260414,230000,11632.1,11636,11605.4,11610,5762,0
20260415,080000,11588.7,11588.7,11588.7,11588.7,109,0
20260415,090000,11588.7,11597.4,11549.9,11582.7,21153,0
20260415,100000,11583.1,11588.3,11513.5,11526.8,27842,0
20260415,110000,11525.8,11573,11514.5,11567.7,20041,0
20260415,120000,11572.1,11573.7,11487.8,11509.7,44476,0
20260415,130000,11509.6,11599.9,11500,11590.9,42407,0
20260415,140000,11592,11660,11591.4,11649,47298,0
20260415,150000,11649,11668,11621.3,11660,26561,0
20260415,160000,11660,11692.1,11650.1,11668.1,24465,0
20260415,170000,11670.8,11673.8,11634,11636.7,29517,0
20260415,180000,11637.9,11659.8,11589.2,11634.3,37336,0
20260415,190000,11632.9,11669.2,11625.5,11635.7,7323,0
20260415,200000,11635.7,11643,11612.7,11613,2955,0
20260415,210000,11613,11633.3,11611.1,11625.7,3787,0
20260415,220000,11624.1,11641.1,11617,11621.6,2486,0
20260415,230000,11620.2,11622.4,11600,11600,5886,0
20260416,080000,11668.5,11668.5,11668.5,11668.5,322,0
20260416,090000,11669.9,11727,11640,11670,31974,0
20260416,100000,11670,11816.4,11627.1,11759.5,134905,0
20260416,110000,11759.3,11797.5,11718.5,11778.1,53280,0
20260416,120000,11778.4,11805.3,11742.6,11758,33630,0
20260416,130000,11759.1,11763,11715.4,11748.7,25484,0
20260416,140000,11747.6,11768.5,11735.1,11766.6,15465,0
20260416,150000,11766.6,11790.1,11740,11775.3,21540,0
20260416,160000,11775.8,11788.3,11677.5,11716.8,24718,0
20260416,170000,11715.4,11738,11661.1,11686.6,37885,0
20260416,180000,11686.2,11734.6,11670.2,11691.8,17055,0
20260416,190000,11691.9,11700,11651,11660.8,7513,0
20260416,200000,11661,11673.2,11640,11640.9,6767,0
20260416,210000,11640,11651.1,11615.1,11624.7,9777,0
20260416,220000,11627.1,11668,11626.1,11653.3,5930,0
20260416,230000,11654.3,11663.3,11650.2,11663.3,3065,0
20260417,080000,11668.5,11668.5,11668.5,11668.5,14,0
20260417,090000,11668.5,11710,11659.8,11673.3,11799,0
20260417,100000,11672.2,11693,11646.5,11668.6,17318,0
20260417,110000,11667.7,11718.8,11666.5,11710,25527,0
20260417,120000,11711.4,11725,11663.2,11698,25702,0
20260417,130000,11697.6,11705.1,11673.4,11686.8,13387,0
20260417,140000,11688.4,11726.7,11675.9,11713.8,19797,0
20260417,150000,11714,11809.7,11710.9,11803.9,38722,0
20260417,160000,11805,11886.1,11772.1,11840.1,103370,0
20260417,170000,11842,11875.2,11804.5,11847.9,68445,0
20260417,180000,11848.5,11855.3,11815.7,11826.6,22687,0
20260417,190000,11828.1,11838.9,11811,11826,7635,0
20260417,200000,11825.6,11832.6,11789.6,11813,9240,0
20260417,210000,11813.6,11835.8,11810.4,11823,4762,0
20260417,220000,11822.5,11830.8,11807.8,11815.3,3104,0
20260417,230000,11812.1,11813.2,11780,11794.9,6965,0
20260418,090000,11771.5,11771.5,11771.5,11771.5,61,0
20260418,100000,11790,11800.1,11727,11783,4306,0
20260418,110000,11786,11786,11750,11756.3,2436,0
20260418,120000,11756.3,11773.6,11750,11758.8,909,0
20260418,130000,11756,11799.5,11755,11764.5,4592,0
20260418,140000,11762.9,11798.9,11758,11762.4,2611,0
20260418,150000,11763.4,11778,11762.4,11769.6,466,0
20260418,160000,11771.2,11774.5,11756.7,11764.8,1194,0
20260418,170000,11763.7,11795,11757.6,11770,1409,0
20260418,180000,11785.3,11787.8,11770.9,11780,1064,0
20260419,090000,11779.5,11779.5,11779.5,11779.5,337,0
20260419,100000,11772,11776,11741.1,11749.9,2268,0
20260419,110000,11747.2,11750,11740.6,11747.1,956,0
20260419,120000,11747.3,11749.8,11737.8,11741.4,1176,0
20260419,130000,11744.4,11751,11741.3,11748.9,615,0
20260419,140000,11747.4,11777,11745.9,11759.5,1110,0
20260419,150000,11756.1,11768.4,11746.2,11750,867,0
20260419,160000,11750,11758.1,11746.2,11756.9,1746,0
20260419,170000,11758,11761.8,11754.6,11757.3,1401,0
20260419,180000,11757.3,11767,11751.4,11763.5,917,0
20260420,080000,11727.2,11727.2,11727.2,11727.2,944,0
20260420,090000,11727.2,11728.9,11600,11631,41597,0
20260420,100000,11631.8,11679.4,11622.9,11641.5,67650,0
20260420,110000,11640.6,11644.6,11611,11636.4,38709,0
20260420,120000,11636,11649.3,11610.3,11619,55599,0
20260420,130000,11619,11662.9,11619,11640.8,29506,0
20260420,140000,11643.3,11678,11635.9,11672.4,29323,0
20260420,150000,11672.2,11692.7,11640.8,11642.3,24383,0
20260420,160000,11642.9,11682.1,11630.7,11661.6,17711,0
20260420,170000,11662.4,11690,11621,11643.8,25064,0
20260420,180000,11643.9,11652.2,11621,11627.8,11008,0
20260420,190000,11626.4,11639.4,11613.7,11637,5409,0
20260420,200000,11638,11642.6,11605.9,11614.8,7010,0
20260420,210000,11612.9,11636,11611.8,11633,2959,0
20260420,220000,11632.7,11646.9,11620.2,11623,4207,0
20260420,230000,11622.9,11647.8,11620.7,11636,2606,0
20260421,080000,11584,11584,11584,11584,574,0
20260421,090000,11581.6,11585.8,11524.4,11528.4,36750,0
20260421,100000,11527.4,11545.3,11503,11506.3,34274,0
20260421,110000,11507.1,11511.7,11470.4,11484.7,30867,0
20260421,120000,11485,11495.3,11475.5,11485.4,19467,0
20260421,130000,11485.4,11570.8,11483.5,11526.5,76175,0
20260421,140000,11526.4,11549.3,11510.2,11539.3,21352,0
20260421,150000,11540.5,11551.9,11502.7,11537.6,22083,0
20260421,160000,11543.1,11548.5,11485.3,11508.3,37550,0
20260421,170000,11507.7,11508.1,11352.3,11391.1,68858,0
20260421,180000,11391,11445,11360.4,11395.3,36835,0
20260421,190000,11396.1,11413.1,11302.5,11308.2,32231,0
20260421,200000,11307.3,11345.1,11277.1,11328.4,34601,0
20260421,210000,11332.5,11345.4,11302.3,11340.7,14092,0
20260421,220000,11342.4,11363.9,11250,11263.4,22579,0
20260421,230000,11264.8,11374.8,11245,11363.4,34460,0
20260422,080000,11462,11462,11462,11462,351,0
20260422,090000,11465,11485,11435.1,11478.9,25179,0
20260422,100000,11479,11564,11478.2,11512.3,61252,0
20260422,110000,11512.3,11537.1,11471.1,11490,46397,0
20260422,120000,11490.4,11494.7,11460.4,11463.9,14678,0
20260422,130000,11464.1,11497.5,11456.4,11496.9,19172,0
20260422,140000,11497,11509.8,11478.4,11486.9,12755,0
20260422,150000,11486.4,11505.8,11460.5,11464.4,23147,0
20260422,160000,11466,11477.1,11437.8,11445.9,30757,0
20260422,170000,11448.6,11466,11421.2,11432.2,23848,0
20260422,180000,11432.2,11450.9,11404,11404,15670,0
20260422,190000,11404.1,11431,11400,11413.8,12443,0
20260422,200000,11421.6,11443.2,11421.6,11442.2,3870,0
20260422,210000,11442.2,11479,11425,11455,6880,0
20260422,220000,11454.1,11469,11450,11456.7,3427,0
20260422,230000,11457.5,11464.8,11441.9,11455.2,3568,0
20260423,080000,11411.8,11411.8,11411.8,11411.8,500,0
20260423,090000,11411.8,11415,11358.9,11369.1,21235,0
20260423,100000,11369,11391.8,11349.4,11370.9,57488,0
20260423,110000,11370.6,11390.9,11302.8,11302.8,44834,0
20260423,120000,11302.9,11332.8,11268.1,11309.1,52680,0
20260423,130000,11310,11334.8,11284.7,11334.6,25171,0
20260423,140000,11334.6,11393.5,11325,11393.3,33242,0
20260423,150000,11393.2,11568.9,11392.6,11564.8,87495,0
20260423,160000,11563.7,11575.1,11495.5,11495.5,46249,0
20260423,170000,11495.6,11553.2,11476.2,11525.4,25096,0
20260423,180000,11525.3,11542.5,11501.4,11509.7,14519,0
20260423,190000,11509.7,11547.9,11504.3,11541.9,7767,0
20260423,200000,11541.7,11541.7,11391.5,11477.4,37894,0
20260423,210000,11477.3,11509.9,11472.9,11472.9,12946,0
20260423,220000,11473,11489.7,11458,11464.8,7090,0
20260423,230000,11463.9,11464.5,11424.8,11440.8,9733,0
20260424,080000,11415,11415,11415,11415,227,0
20260424,090000,11415,11482,11415,11443.2,17997,0
20260424,100000,11443.5,11446.2,11390.5,11395.5,62058,0
20260424,110000,11395.6,11396.5,11353,11354,56018,0
20260424,120000,11352.8,11373,11335.5,11342.6,30989,0
20260424,130000,11342.6,11373.9,11312.8,11337.1,30847,0
20260424,140000,11340.1,11391.4,11339,11379.9,54031,0
20260424,150000,11379.3,11391.4,11333.3,11359.1,33203,0
20260424,160000,11359.1,11366.8,11330,11341.5,35349,0
20260424,170000,11344.6,11382.4,11328.3,11355,39271,0
20260424,180000,11355,11367.9,11339.1,11360.9,17896,0
20260424,190000,11361.5,11375,11344.1,11368.4,6763,0
20260424,200000,11368.9,11373,11343.1,11356.3,3881,0
20260424,210000,11356.2,11365.1,11326.6,11355,7304,0
20260424,220000,11355.2,11360,11329.9,11336.1,3608,0
20260424,230000,11333.7,11335,11303.1,11318.1,10397,0
20260425,100000,11324.9,11356,11306,11340.1,3008,0
20260425,110000,11341,11347.3,11341,11342.2,375,0
20260425,120000,11345.6,11352,11325.3,11351,1775,0
20260425,130000,11350.5,11352,11331.3,11337.1,710,0
20260425,140000,11331.5,11348,11331,11342.4,332,0
20260425,150000,11343.2,11349,11342.4,11346.6,282,0
20260425,160000,11348.5,11349,11334.4,11340.5,265,0
20260425,170000,11339.2,11342.3,11333.9,11339.6,354,0
20260425,180000,11332.9,11347.5,11331,11346,717,0
20260426,090000,11344.7,11344.7,11344.7,11344.7,6,0
20260426,100000,11335.1,11346,11325.6,11341.1,306,0
20260426,110000,11341.1,11344.7,11332.3,11340.1,314,0
20260426,120000,11341.9,11345.9,11334.8,11345.9,582,0
20260426,130000,11342.1,11346,11340.2,11343,419,0
20260426,140000,11345.3,11345.6,11338.2,11345.5,407,0
20260426,150000,11345.4,11352,11345.4,11347.2,484,0
20260426,160000,11350.7,11352,11340.7,11341.4,591,0
20260426,170000,11347.5,11349.4,11341.2,11347.4,257,0
20260426,180000,11349.3,11349.4,11345,11347.5,446,0
20260427,080000,11330,11330,11330,11330,70,0
20260427,090000,11330,11338,11301,11308.8,14813,0
20260427,100000,11308.3,11319.8,11279,11313.1,32251,0
20260427,110000,11312.8,11312.8,11263.9,11268.6,20419,0
20260427,120000,11268.3,11286.7,11249,11267.3,38395,0
20260427,130000,11267.1,11273.7,11251.7,11273.1,17329,0
20260427,140000,11273.2,11273.6,11226.4,11232.8,30859,0
20260427,150000,11232.8,11239.2,11219.9,11225.6,26437,0
20260427,160000,11226,11228.9,11201,11208.7,23941,0
20260427,170000,11206,11208.3,11147.3,11153.3,40814,0
20260427,180000,11153.3,11157.9,11122,11131.7,26752,0
20260427,190000,11132.5,11153.6,11130.2,11147.9,5481,0
20260427,200000,11148,11171.6,11130.8,11162.8,7010,0
20260427,210000,11162.4,11179.3,11151.9,11177.9,7611,0
20260427,220000,11178,11183.1,11160,11168.6,16233,0
20260427,230000,11169.4,11172.3,11152.4,11160.9,3141,0
20260428,080000,11069,11069,11069,11069,343,0
20260428,090000,11065,11080,10971,11022.5,72551,0
20260428,100000,11022.5,11057.5,11011.2,11044.3,39505,0
20260428,110000,11044.3,11107.8,11011.4,11064.2,32704,0
20260428,120000,11063.1,11064.6,10985.9,11008.7,26855,0
20260428,130000,11008,11042.5,11007.9,11017.1,10409,0
20260428,140000,11015.6,11035,10915,10930,36526,0
20260428,150000,10930,11034.2,10923.5,11028.3,36888,0
20260428,160000,11027.6,11030,10967.8,10993.2,22420,0
20260428,170000,10992.3,11006.1,10937.7,10974.4,28832,0
20260428,180000,10974.5,10999.8,10957.4,10998.3,11086,0
20260428,190000,10998.3,11021.3,10988.4,11017.2,5762,0
20260428,200000,11017,11050.2,11006.7,11033.8,10730,0
20260428,210000,11035.1,11043.3,11017.1,11021.9,6000,0
20260428,220000,11020.6,11028.4,11011.3,11016.4,3644,0
20260428,230000,11016.1,11023,11000,11003.3,6465,0
20260429,080000,11005,11005,11005,11005,11,0
20260429,090000,11007.7,11048,10991.1,10991.8,18186,0
20260429,100000,10993,11019.3,10890.1,10912.2,44654,0
20260429,110000,10912.1,10954.3,10906.3,10937.5,25997,0
20260429,120000,10937.5,10952.7,10873.1,10885.8,27536,0
20260429,130000,10882.8,10921.5,10882.2,10897.5,14482,0
20260429,140000,10898,10911.6,10885.1,10899.2,13224,0
20260429,150000,10895.7,10921.2,10857.8,10862.4,23602,0
20260429,160000,10864,10877.9,10795.8,10814.3,33149,0
20260429,170000,10814.3,10842.8,10800,10837.1,27095,0
20260429,180000,10836.9,10883.8,10826,10855.4,23736,0
20260429,190000,10855.1,10914.9,10855.1,10873.7,17647,0
20260429,200000,10872.7,10896.9,10869.2,10886.9,3060,0
20260429,210000,10889,10898.1,10800.1,10870,20570,0
20260429,220000,10871.3,10907.7,10870.5,10894.7,10423,0
20260429,230000,10899.7,10919.5,10890.2,10902,7643,0
20260430,080000,10935,10935,10935,10935,363,0
20260430,090000,10939.9,11014.9,10915.4,10997.9,30958,0
20260430,100000,10997.9,11063.9,10972.8,11052.9,66162,0
20260430,110000,11054.5,11097.4,11041.5,11041.5,30628,0
20260430,120000,11041.7,11089.5,11021.8,11045.1,27099,0
20260430,130000,11043.7,11088.3,11033.6,11085.6,17629,0
20260430,140000,11085.7,11091,11045.6,11051.3,24898,0
20260430,150000,11051.3,11089.7,11051,11083.7,18179,0
20260430,160000,11087,11113.7,11038.3,11042.1,36458,0
20260430,170000,11042,11096,11041,11087.7,14403,0
20260430,180000,11087.5,11111.3,11074,11088.5,14376,0
20260430,190000,11087.2,11089.3,11055.2,11064.8,4945,0
20260430,200000,11066.9,11102.1,11066.9,11102,5448,0
20260430,210000,11101.7,11113.8,11096.1,11112.8,6537,0
20260430,220000,11112.8,11127,11102.1,11107.5,11404,0
20260430,230000,11107.9,11124,11103.3,11111,3823,0
20260501,100000,11068.7,11068.7,10992.4,11015.3,12868,0
20260501,110000,11015.2,11019.4,10983.4,10989.2,6916,0
20260501,120000,10995,11013.5,10985,10995,3619,0
20260501,130000,10991.9,11007.4,10983.4,11003,3226,0
20260501,140000,11001.1,11014.2,10990.8,11014.2,2170,0
20260501,150000,11013.5,11043.8,11009.9,11036.5,4064,0
20260501,160000,11036.5,11115.3,11030.1,11098.8,6123,0
20260501,170000,11100.1,11218.6,11100.1,11116.4,25655,0
20260501,180000,11116.4,11158,11087.3,11120.3,12586,0
20260501,190000,11120.3,11147.6,11109,11120.3,1474,0
20260501,200000,11120.2,11124.1,11073.5,11100.6,3126,0
20260501,210000,11096,11099.9,11079,11095.7,1689,0
20260501,220000,11098.3,11116,11082,11084.9,1350,0
20260501,230000,11084.3,11087,11075,11075,2334,0
20260502,090000,11077,11077,11077,11077,150,0
20260502,100000,11077,11130,11057.2,11127.5,3221,0
20260502,110000,11127.6,11157,11113.9,11142.6,3371,0
20260502,120000,11142.6,11144.3,11112.2,11116,1802,0
20260502,130000,11115.9,11140.4,11112.9,11123,1180,0
20260502,140000,11125,11128,11118.4,11125,427,0
20260502,150000,11125,11125,11113.1,11113.4,802,0
20260502,160000,11116.3,11124.5,11115.3,11124.1,209,0
20260502,170000,11124.5,11130,11124,11124.5,209,0
20260502,180000,11126.2,11143.8,11112.2,11129,854,0
20260503,090000,11128.8,11128.8,11128.8,11128.8,1,0
20260503,100000,11128.8,11132.1,11119.9,11120,1098,0
20260503,110000,11120,11130.3,11116.2,11120.4,1133,0
20260503,120000,11120.4,11120.4,11104.2,11115.8,1191,0
20260503,130000,11109.6,11115.6,11106.3,11108,315,0
20260503,140000,11107.6,11109.9,11104,11106.5,160,0
20260503,150000,11106.5,11107.6,11106.2,11106.5,595,0
20260503,160000,11106.5,11116.9,11106.2,11113,570,0
20260503,170000,11112,11112,11057.2,11099.4,2979,0
20260503,180000,11103.2,11150,11099,11139.6,2620,0
20260504,080000,11086,11086,11086,11086,26,0
20260504,090000,11085,11085.9,11029,11040.2,20825,0
20260504,100000,11041.3,11041.4,10974.3,10999.5,72537,0
20260504,110000,10999.6,11086.6,10995.2,11069.4,44480,0
20260504,120000,11070.7,11130.3,11070.1,11091.8,39553,0
20260504,130000,11093.7,11095.6,10937.3,11026.5,85476,0
20260504,140000,11029,11068,11022.5,11033.7,24902,0
20260504,150000,11033.6,11065,11032.7,11040.2,16717,0
20260504,160000,11035.6,11054.8,11019,11045,7598,0
20260504,170000,11044.9,11085.9,11022.8,11039.4,14186,0
20260504,180000,11039,11060,10950,10961,42986,0
20260504,190000,10961.1,10975.9,10924.2,10947,21597,0
20260504,200000,10948,10987.8,10948,10963.8,5352,0
20260504,210000,10964.9,10979.4,10936.6,10955,6083,0
20260504,220000,10955.7,10984.4,10949.2,10954.2,2928,0
20260504,230000,10958.6,10970.5,10941,10953,1691,0
20260505,080000,11000.7,11000.7,11000.7,11000.7,10,0
20260505,090000,11001.4,11053,11001.4,11034.8,16477,0
20260505,100000,11034.2,11044.4,10971.9,10976.4,22409,0
20260505,110000,10977,11052.8,10976.4,11049.8,21970,0
20260505,120000,11049.3,11062.2,11034.9,11049.9,23340,0
20260505,130000,11049.2,11050.4,11003.6,11004.6,10643,0
20260505,140000,11003.6,11102.8,10999.9,11101.4,20742,0
20260505,150000,11102.2,11114.3,11078.2,11107.4,23727,0
20260505,160000,11107.5,11137.1,11105,11109,19729,0
20260505,170000,11109.1,11129.1,11088.3,11118.5,15890,0
20260505,180000,11118.5,11127,11096.5,11100.4,11755,0
20260505,190000,11101.4,11106.5,11050,11080.3,9955,0
20260505,200000,11081,11087.7,11065.2,11084.1,3695,0
20260505,210000,11082.1,11097.3,11078.6,11080.4,2812,0
20260505,220000,11085,11085,11064,11069.6,2825,0
20260505,230000,11066.5,11080.5,11065.4,11073.7,3193,0
20260506,080000,11280,11280,11280,11280,1743,0
20260506,090000,11280,11348,11271.1,11340.6,65790,0
20260506,100000,11338.5,11344,11256.2,11343.9,69207,0
20260506,110000,11343.9,11369.5,11292,11364.1,46906,0
20260506,120000,11365,11379.9,11218.1,11252.8,90926,0
20260506,130000,11253.6,11277.6,11210,11237.2,58830,0
20260506,140000,11237.1,11266.1,11215.5,11221.1,57542,0
20260506,150000,11222.2,11222.5,11163.4,11203.4,42514,0
20260506,160000,11195.1,11243,11173.2,11235,19884,0
20260506,170000,11233.1,11270.4,11230.1,11252,25438,0
20260506,180000,11249.6,11253.6,11198.6,11199.2,15574,0
20260506,190000,11199,11202,11158,11173.2,14264,0
20260506,200000,11169,11186.3,11162.4,11171.1,7394,0
20260506,210000,11171.7,11192.6,11169.5,11189.3,2260,0
20260506,220000,11192.3,11225,11190,11209.7,5080,0
20260506,230000,11208.1,11223,11192.1,11208,4857,0
20260507,080000,11236.5,11236.5,11236.5,11236.5,62,0
20260507,090000,11235,11317.3,11215.8,11290.9,32366,0
20260507,100000,11291.6,11355.9,11281.3,11347.3,119279,0
20260507,110000,11347.4,11383.9,11312.1,11325.4,51504,0
20260507,120000,11324.5,11376.6,11310.3,11344.4,26786,0
20260507,130000,11344.8,11369.2,11339,11355.7,23366,0
20260507,140000,11355.7,11356.2,11332.9,11352.9,11039,0
20260507,150000,11355.3,11380,11327.1,11355.2,19513,0
20260507,160000,11354.2,11399.8,11335.9,11366.2,26307,0
20260507,170000,11366.6,11416.8,11357.8,11413.3,27815,0
20260507,180000,11414.2,11416.8,11333,11337.1,22810,0
20260507,190000,11339.4,11343.5,11275.5,11298,28944,0
20260507,200000,11300.4,11310,11232.9,11284,21131,0
20260507,210000,11284,11295,11252,11281.5,5401,0
20260507,220000,11280.7,11288.9,11253.8,11270,4831,0
20260507,230000,11270.1,11303.7,11255,11260.2,5103,0
20260508,090000,11326.5,11345,11301,11326.8,24000,0
20260508,100000,11325.9,11325.9,11242.1,11266.7,42422,0
20260508,110000,11266.6,11290.6,11263.8,11272.6,18969,0
20260508,120000,11273.1,11304.9,11258.2,11260.4,22646,0
