20230103,100000,81.9,82.35,81.725,82,1129362,0
20230103,110000,81.975,82.5,81.975,82.325,503584,0
20230103,120000,82.275,82.375,82.075,82.1,373282,0
20230103,130000,82.125,82.375,82.1,82.25,255686,0
20230103,140000,82.275,82.375,82.075,82.1,306624,0
20230103,150000,82.1,82.225,82.075,82.075,218912,0
20230103,160000,82.1,82.15,81.875,82.025,435804,0
20230103,170000,82.025,82.05,81.875,82.025,290284,0
20230103,180000,82.025,82.25,82,82.25,250530,0
20230103,190000,82.05,82.225,82,82.075,170928,0
20230103,200000,82.075,82.125,82,82.075,77936,0
20230103,210000,82.075,82.15,82.05,82.15,46106,0
20230103,220000,82.15,82.2,82.05,82.1,106424,0
20230103,230000,82.125,82.225,82.1,82.225,88910,0
20230104,100000,82.2,82.625,81.95,82.3,371062,0
20230104,110000,82.3,82.4,82.1,82.175,306232,0
20230104,120000,82.175,82.175,81.9,81.975,389270,0
20230104,130000,81.975,82.2,81.9,82.175,237638,0
20230104,140000,82.15,82.225,82.075,82.15,94768,0
20230104,150000,82.15,82.2,81.95,82.05,192728,0
20230104,160000,82.05,82.225,81.95,82.075,209356,0
20230104,170000,82.05,82.275,82.05,82.2,199740,0
20230104,180000,82.2,82.375,82.15,82.375,176364,0
20230104,190000,82.325,82.35,82.175,82.275,76046,0
20230104,200000,82.275,82.4,82.175,82.25,114378,0
20230104,210000,82.275,82.35,82.125,82.225,72302,0
20230104,220000,82.225,82.25,82.125,82.125,31388,0
20230104,230000,82.175,82.2,82.125,82.15,80430,0
20230105,100000,82.45,82.45,81.875,81.925,360188,0
20230105,110000,81.925,82,81.6,81.975,384278,0
20230105,120000,82,82.05,81.825,81.875,175540,0
20230105,130000,81.925,82.1,81.8,82.075,139574,0
20230105,140000,82.05,82.15,81.925,82,99546,0
20230105,150000,82,82.1,81.875,82.025,119784,0
20230105,160000,82,82.025,81.875,81.95,68352,0
20230105,170000,81.95,81.95,81.775,81.825,275696,0
20230105,180000,81.875,81.975,81.75,81.75,237604,0
20230105,190000,81.8,81.875,81.675,81.8,154044,0
20230105,200000,81.8,81.8,81.2,81.3,661956,0
20230105,210000,81.3,81.625,81.175,81.575,239230,0
20230105,220000,81.575,81.8,81.475,81.5,129456,0
20230105,230000,81.5,81.6,81.45,81.6,50824,0
20230106,100000,81.675,81.775,80.85,81.5,768252,0
20230106,110000,81.5,81.6,81.325,81.375,163828,0
20230106,120000,81.375,81.45,81.05,81.15,374108,0
20230106,130000,81.15,81.2,81,81.1,310370,0
20230106,140000,81.1,81.175,80.925,81.125,354450,0
20230106,150000,81.125,81.275,81.05,81.1,151626,0
20230106,160000,81.125,81.175,81.075,81.1,191962,0
20230106,170000,81.1,81.175,81.05,81.125,154640,0
20230106,180000,81.125,81.15,81.025,81.025,252632,0
20230106,190000,81.1,81.15,81.05,81.15,97668,0
20230106,200000,81.15,81.225,81.05,81.15,83974,0
20230106,210000,81.175,81.225,81.1,81.125,78674,0
20230106,220000,81.125,81.175,81.05,81.15,97758,0
20230106,230000,81.125,81.15,81.025,81.025,139608,0
20230109,100000,81.375,81.7,81.15,81.55,1097860,0
20230109,110000,81.525,81.85,81.45,81.625,668822,0
20230109,120000,81.625,82.05,81.5,81.775,764648,0
20230109,130000,81.775,82,81.7,81.925,312890,0
20230109,140000,81.9,82.15,81.9,82.05,463360,0
20230109,150000,82.05,82.55,82,82.3,1010918,0
20230109,160000,82.3,82.675,82.25,82.475,958126,0
20230109,170000,82.475,82.5,82.35,82.4,431452,0
20230109,180000,82.4,82.45,81.575,81.575,952470,0
20230109,190000,81.825,82.2,81.7,82.125,503706,0
20230109,200000,82.075,82.225,82.075,82.15,161310,0
20230109,210000,82.15,82.2,81.975,82.1,267300,0
20230109,220000,82.1,82.425,82.075,82.325,197900,0
20230109,230000,82.375,82.425,82.3,82.3,105218,0
20230110,100000,82.1,82.2,81.625,81.725,900082,0
20230110,110000,81.725,81.925,81.5,81.9,571332,0
20230110,120000,81.925,81.95,81.75,81.9,277770,0
20230110,130000,81.875,82.075,81.85,81.9,196850,0
20230110,140000,81.925,81.925,81.825,81.825,219734,0
20230110,150000,81.85,81.95,81.825,81.925,185206,0
20230110,160000,81.95,82.025,81.9,82,78378,0
20230110,170000,82,82.025,81.9,81.95,264308,0
20230110,180000,81.95,82,81.775,81.8,160680,0
20230110,190000,81.875,81.925,81.65,81.875,84016,0
20230110,200000,81.85,81.975,81.8,81.825,134468,0
20230110,210000,81.825,81.875,81.75,81.825,94158,0
20230110,220000,81.825,81.9,81.65,81.725,199738,0
20230110,230000,81.725,81.85,81.65,81.825,93626,0
20230111,100000,81.75,82.35,81.6,82.15,1067406,0
20230111,110000,82.125,83.225,82.1,82.95,2816758,0
20230111,120000,82.925,83,82.6,82.85,860120,0
20230111,130000,82.875,83.35,82.65,83.25,1243860,0
20230111,140000,83.25,83.3,82.775,83,723590,0
20230111,150000,83,83.15,82.825,83.075,337622,0
20230111,160000,83.075,83.25,82.925,83.225,464830,0
20230111,170000,83.225,83.4,83.15,83.35,541778,0
20230111,180000,83.35,83.5,83.25,83.475,775538,0
20230111,190000,83.325,83.475,83.1,83.4,289116,0
20230111,200000,83.375,83.45,83.225,83.3,292958,0
20230111,210000,83.275,83.475,83.25,83.45,224356,0
20230111,220000,83.425,83.5,83.325,83.45,361506,0
20230111,230000,83.45,83.8,83.3,83.4,560438,0
20230112,100000,83.8,83.9,82.65,83.025,2470098,0
20230112,110000,83.05,83.325,82.95,83,432318,0
20230112,120000,82.975,83.1,82.875,82.975,382902,0
20230112,130000,82.975,83.15,82.9,83.1,281938,0
20230112,140000,83.075,83.15,82.95,83.05,285864,0
20230112,150000,83.075,83.425,83.05,83.1,383370,0
20230112,160000,83.1,83.25,83.025,83.225,333710,0
20230112,170000,83.2,83.325,82.75,82.775,654992,0
20230112,180000,82.75,82.875,82.7,82.7,372582,0
20230112,190000,82.65,83,82.6,82.925,157082,0
20230112,200000,82.925,82.95,82.85,82.925,55220,0
20230112,210000,82.925,82.95,82.625,82.9,132300,0
20230112,220000,82.9,83,82.775,82.95,145952,0
20230112,230000,82.95,82.975,82.85,82.925,72356,0
20230113,100000,82.85,83.4,82.325,83.05,1410354,0
20230113,110000,83.05,83.225,82.95,83.1,360104,0
20230113,120000,83.075,83.3,83,83.275,313566,0
20230113,130000,83.275,83.75,83.15,83.575,966912,0
20230113,140000,83.575,84.1,83,83.55,1908742,0
20230113,150000,83.55,83.6,83.3,83.425,367246,0
20230113,160000,83.425,83.475,82.825,83.175,855040,0
20230113,170000,83.15,83.45,83,83.4,534228,0
20230113,180000,83.4,83.45,83.2,83.45,524902,0
20230113,190000,83.45,83.45,83.05,83.2,329996,0
20230113,200000,83.2,83.325,83.1,83.1,211590,0
20230113,210000,83.15,83.225,83.1,83.225,151356,0
20230113,220000,83.175,83.25,83.15,83.225,85470,0
20230113,230000,83.225,83.25,83.1,83.225,199712,0
20230116,100000,83.6,84.425,83.575,84.375,2778152,0
20230116,110000,84.375,84.75,84.35,84.625,1465032,0
20230116,120000,84.625,84.675,84.275,84.45,825412,0
20230116,130000,84.475,84.7,84.275,84.675,633546,0
20230116,140000,84.7,84.8,84.5,84.65,878726,0
20230116,150000,84.65,84.75,84.475,84.6,532024,0
20230116,160000,84.6,84.975,84.575,84.925,759322,0
20230116,170000,84.925,85.35,84.85,85.275,1442470,0
20230116,180000,85.275,85.5,85.05,85.5,1002504,0
20230116,190000,85.375,85.5,85.25,85.475,383376,0
20230116,200000,85.475,85.5,85.325,85.375,231512,0
20230116,210000,85.375,85.7,85.325,85.625,597402,0
20230116,220000,85.625,85.675,85.5,85.575,225474,0
20230116,230000,85.575,85.725,85.525,85.65,155528,0
20230117,100000,85.7,85.85,84.625,84.9,2229360,0
20230117,110000,84.925,84.925,84.325,84.45,1382078,0
20230117,120000,84.45,85.075,84.4,85.075,585562,0
20230117,130000,85.025,85.25,85,85.225,415920,0
20230117,140000,85.225,85.25,84.875,84.9,360576,0
20230117,150000,84.9,85.025,84.7,85,400160,0
20230117,160000,84.95,85.5,84.9,85.15,865878,0
20230117,170000,85.15,85.2,84.675,84.85,657192,0
20230117,180000,84.85,84.85,84.475,84.475,707242,0
20230117,190000,84.55,84.75,84,84.2,769726,0
20230117,200000,84.2,84.4,84,84.225,442806,0
20230117,210000,84.2,84.5,84.05,84.35,209616,0
20230117,220000,84.35,84.35,83.5,83.55,792334,0
20230117,230000,83.55,83.675,83.5,83.55,444680,0
20230118,100000,83.725,84.325,83.275,84.075,1462530,0
20230118,110000,84.075,84.4,83.975,84.25,426906,0
20230118,120000,84.25,84.5,84.15,84.275,545656,0
20230118,130000,84.275,84.75,84.25,84.65,543406,0
20230118,140000,84.625,84.8,84.325,84.45,440168,0
20230118,150000,84.45,84.575,84.2,84.3,390366,0
20230118,160000,84.275,84.5,84.25,84.375,331598,0
20230118,170000,84.35,84.7,84.35,84.55,356220,0
20230118,180000,84.575,84.675,83.975,83.975,681254,0
20230118,190000,84.175,84.225,83.65,83.9,642186,0
20230118,200000,83.9,84.025,83.825,83.95,129858,0
20230118,210000,83.9,83.925,83.55,83.875,170640,0
20230118,220000,83.85,83.875,83.65,83.725,88998,0
20230118,230000,83.7,83.825,83.65,83.65,110004,0
20230119,100000,83.65,84.1,83.175,83.2,1070158,0
20230119,110000,83.175,83.575,82.525,82.975,2159168,0
20230119,120000,82.975,83.225,82.55,83.15,751932,0
20230119,130000,83.175,83.175,82.575,83.05,718118,0
20230119,140000,83.075,83.125,82.7,82.775,351482,0
20230119,150000,82.75,82.9,82.575,82.65,309450,0
20230119,160000,82.625,83,82.6,82.8,290152,0
20230119,170000,82.8,83.1,82.775,83.025,270608,0
20230119,180000,83.025,83.15,82.525,82.925,629960,0
20230119,190000,82.75,82.925,82.65,82.85,229358,0
20230119,200000,82.825,82.9,82.725,82.825,131500,0
20230119,210000,82.775,82.825,82.55,82.7,187510,0
20230119,220000,82.7,83.6,82.65,83.375,683884,0
20230119,230000,83.375,83.45,83.2,83.25,322974,0
20230120,100000,83.4,83.4,82.65,82.825,712150,0
20230120,110000,82.825,83.125,82.625,83.05,380298,0
20230120,120000,83.05,83.05,82.75,82.75,316678,0
20230120,130000,82.75,83.05,82.625,82.95,318372,0
20230120,140000,82.95,83.25,82.875,83.2,381184,0
20230120,150000,83.175,83.225,83,83.175,268280,0
20230120,160000,83.2,83.3,83.05,83.15,184724,0
20230120,170000,83.175,83.675,83.125,83.5,502664,0
20230120,180000,83.5,83.625,83.125,83.125,275792,0
20230120,190000,83.15,83.4,83.15,83.2,117426,0
20230120,200000,83.2,83.3,83.175,83.3,58000,0
20230120,210000,83.3,83.325,83.15,83.3,86212,0
20230120,220000,83.3,83.5,83.225,83.45,168234,0
20230120,230000,83.475,83.6,83.4,83.575,204668,0
20230123,100000,83.85,84.4,83.5,84.175,1472272,0
20230123,110000,84.175,84.35,84,84.075,769142,0
20230123,120000,84.05,84.325,83.85,84.075,835288,0
20230123,130000,84.075,84.2,84,84.1,185512,0
20230123,140000,84.025,84.1,83.9,84.075,219672,0
20230123,150000,84.075,84.25,84.075,84.1,449946,0
20230123,160000,84.125,84.225,83.975,84.075,283234,0
20230123,170000,84.025,84.125,83.875,84,259706,0
20230123,180000,84.025,84.125,83.875,84.125,253900,0
20230123,190000,84.125,84.25,83.95,84.025,144776,0
20230123,200000,84.025,84.1,83.975,84.05,120776,0
20230123,210000,84.05,84.175,84,84.125,192058,0
20230123,220000,84.125,84.2,83.8,84.125,312912,0
20230123,230000,84.125,84.175,84.025,84.1,71782,0
20230124,100000,84.2,84.5,84.1,84.375,1049480,0
20230124,110000,84.375,84.4,84.1,84.225,381680,0
20230124,120000,84.225,84.225,83.55,83.7,1169290,0
20230124,130000,83.675,83.825,83.375,83.525,490758,0
20230124,140000,83.5,83.7,83.475,83.65,236848,0
20230124,150000,83.625,83.85,83.575,83.85,317238,0
20230124,160000,83.85,83.85,83.475,83.575,188122,0
20230124,170000,83.55,83.625,83.1,83.275,424294,0
20230124,180000,83.3,83.375,83.225,83.275,197696,0
20230124,190000,83.075,83.35,82.95,83.2,360158,0
20230124,200000,83.225,83.25,82.95,83.1,170892,0
20230124,210000,83.125,83.125,82.925,82.95,206826,0
20230124,220000,82.975,83.175,82.925,83.075,157488,0
20230124,230000,83.075,83.075,82.9,82.95,149918,0
20230125,100000,82.95,82.95,81.65,82.375,3166378,0
20230125,110000,82.375,82.4,82,82.25,806500,0
20230125,120000,82.175,82.425,82.075,82.175,370824,0
20230125,130000,82.175,82.225,81.775,82.025,607636,0
20230125,140000,82.025,82.375,81.825,82.275,442788,0
20230125,150000,82.3,83.7,82.2,83.275,1739480,0
20230125,160000,83.3,83.75,82.8,83.05,663820,0
20230125,170000,83.025,83.2,82.875,83.125,270746,0
20230125,180000,83.1,83.275,82.8,82.8,309738,0
20230125,190000,82.8,83.075,82.625,82.975,134812,0
20230125,200000,83,83.025,82.825,82.975,117424,0
20230125,210000,82.975,83.075,82.9,83.025,106886,0
20230125,220000,83.025,83.275,82.9,83.25,147864,0
20230125,230000,83.25,83.275,83.05,83.15,124698,0
20230126,100000,83.325,83.675,82.85,83.275,908300,0
20230126,110000,83.3,83.475,83.175,83.35,312540,0
20230126,120000,83.325,83.325,82.95,83.05,397414,0
20230126,130000,83.025,83.15,82.925,83.125,218696,0
20230126,140000,83.125,83.4,83.075,83.375,280374,0
20230126,150000,83.375,83.5,83.175,83.275,368674,0
20230126,160000,83.275,83.375,83.175,83.275,147492,0
20230126,170000,83.25,83.4,83.15,83.15,207638,0
20230126,180000,83.175,83.175,82.775,83,402544,0
20230126,190000,83.175,83.2,82.825,83.1,108358,0
20230126,200000,83.075,83.175,82.85,83.025,153502,0
20230126,210000,83.025,83.125,83,83.075,88422,0
20230126,220000,83.075,83.1,82.9,83,57072,0
20230126,230000,83,83.05,82.875,83,113472,0
20230127,100000,82.875,83.425,82.85,83.025,487172,0
20230127,110000,83.05,83.35,83.025,83.325,318586,0
20230127,120000,83.35,83.375,82.8,82.9,580170,0
20230127,130000,82.875,83.1,82.85,83.025,372760,0
20230127,140000,83.025,83.125,82.775,82.8,316336,0
20230127,150000,82.8,83.15,82.725,82.825,516974,0
20230127,160000,82.825,82.925,82.75,82.85,277838,0
20230127,170000,82.85,83.05,82.775,83,287806,0
20230127,180000,83,83.1,82.95,83.05,237330,0
20230127,190000,83.1,83.1,82.825,82.9,186840,0
20230127,200000,82.9,83.025,82.85,82.975,135208,0
20230127,210000,82.95,83.275,82.775,83.075,389778,0
20230127,220000,83.075,83.1,82.95,83,98862,0
20230127,230000,82.975,83.025,82.9,82.925,144548,0
20230130,100000,82.725,83.25,82.575,82.925,1051068,0
20230130,110000,82.925,83.225,82.9,83.125,328340,0
20230130,120000,83.125,83.15,82.625,82.775,587452,0
20230130,130000,82.775,83,82.725,82.95,267114,0
20230130,140000,82.875,83.075,82.825,83.025,248754,0
20230130,150000,83.05,83.075,82.9,82.925,237550,0
20230130,160000,82.925,83.075,82.875,83.025,227318,0
20230130,170000,83.05,85.125,82.35,84.45,9048762,0
20230130,180000,84.5,84.65,84.05,84.325,1129964,0
20230130,190000,84.125,84.3,84.025,84.05,340620,0
20230130,200000,84.025,84.45,83.8,84.375,581040,0
20230130,210000,84.375,84.375,84.1,84.125,264044,0
20230130,220000,84.1,84.15,83.9,83.95,228164,0
20230130,230000,83.95,84.075,83.8,83.975,324902,0
20230131,100000,84.125,84.85,84.075,84.4,1708658,0
20230131,110000,84.475,84.5,84.125,84.325,745320,0
20230131,120000,84.325,84.45,84.15,84.325,392918,0
20230131,130000,84.325,84.425,84.075,84.175,349972,0
20230131,140000,84.25,84.3,84,84.075,292406,0
20230131,150000,84.075,84.4,83.95,84.4,318264,0
20230131,160000,84.4,84.875,84.175,84.825,1080398,0
20230131,170000,84.825,84.9,84.3,84.575,634300,0
20230131,180000,84.575,84.675,84.375,84.675,350204,0
20230131,190000,84.6,84.7,84.275,84.5,526422,0
20230131,200000,84.475,84.8,84.45,84.6,388686,0
20230131,210000,84.6,84.825,84.475,84.725,287552,0
20230131,220000,84.725,84.85,84.5,84.7,459104,0
20230131,230000,84.725,84.8,84.475,84.75,234970,0
20230201,100000,84.775,85.975,84.5,85.875,3559730,0
20230201,110000,85.875,86.975,85.875,86.325,4413258,0
20230201,120000,86.325,86.5,85.6,86.375,1594600,0
20230201,130000,86.4,86.4,85.8,86.025,771824,0
20230201,140000,86.025,86.075,85.15,85.6,1116314,0
20230201,150000,85.625,86.1,85.5,85.775,789614,0
20230201,160000,85.775,85.975,85.5,85.6,577100,0
20230201,170000,85.6,85.6,85.175,85.4,714600,0
20230201,180000,85.4,85.525,85.25,85.45,361110,0
20230201,190000,85.45,86.55,85.25,85.725,1567198,0
20230201,200000,85.675,86.075,85.15,85.35,1250812,0
20230201,210000,85.325,85.575,85.2,85.425,365648,0
20230201,220000,85.425,85.775,85.175,85.7,442234,0
20230201,230000,85.725,85.825,85.5,85.575,374248,0
20230202,100000,85.75,85.85,84.025,84.725,2224906,0
20230202,110000,84.7,84.875,84.5,84.775,570274,0
20230202,120000,84.775,85.85,84.6,85.85,1123320,0
20230202,130000,85.85,86.25,85.45,86.1,2324274,0
20230202,140000,86.1,86.125,85.6,85.6,623740,0
20230202,150000,85.6,86,85.525,86,500694,0
20230202,160000,86,86.075,85.6,85.6,671546,0
20230202,170000,85.625,85.9,85.6,85.65,376714,0
20230202,180000,85.7,85.7,84.75,85.375,1274274,0
20230202,190000,85.325,85.425,85.15,85.225,224324,0
20230202,200000,85.2,85.25,85.1,85.15,221986,0
20230202,210000,85.2,85.325,85.025,85.125,166304,0
20230202,220000,85.125,85.225,85.025,85.1,125062,0
20230202,230000,85.1,85.15,85,85.125,162922,0
20230203,100000,85.025,85.175,84.525,84.725,1082200,0
20230203,110000,84.775,85,84.6,84.825,406366,0
20230203,120000,84.8,84.825,83.2,83.875,2506146,0
20230203,130000,83.825,84,83.7,83.875,763880,0
20230203,140000,83.875,84.35,83.825,84.15,538936,0
20230203,150000,84.15,84.775,84.075,84.575,594432,0
20230203,160000,84.575,85.325,84.575,84.65,1655546,0
20230203,170000,84.65,84.9,84.4,84.65,524082,0
20230203,180000,84.7,84.8,84.425,84.75,490148,0
20230203,190000,84.9,84.9,84.55,84.7,242868,0
20230203,200000,84.675,84.825,84.55,84.675,168580,0
20230203,210000,84.65,84.7,84.55,84.625,142680,0
20230203,220000,84.65,84.675,84.525,84.55,91646,0
20230203,230000,84.55,84.75,84.55,84.575,156856,0
20230206,100000,84.6,85.375,84.3,85.25,1913948,0
20230206,110000,85.25,85.65,85.1,85.65,1682290,0
20230206,120000,85.65,85.725,85.1,85.175,524228,0
20230206,130000,85.2,85.325,84.75,85.025,1195816,0
20230206,140000,85.05,85.35,84.925,85.125,537848,0
20230206,150000,85.125,85.275,85.05,85.225,312282,0
20230206,160000,85.225,85.8,85.175,85.4,1156208,0
20230206,170000,85.4,85.75,85.325,85.6,530156,0
20230206,180000,85.6,85.725,85.25,85.65,906274,0
20230206,190000,85.55,85.65,85.35,85.475,322308,0
20230206,200000,85.45,85.525,85.4,85.475,121336,0
20230206,210000,85.475,85.675,85.275,85.6,237090,0
20230206,220000,85.65,85.7,85.4,85.6,270180,0
20230206,230000,85.575,85.7,85.4,85.65,140022,0
20230207,100000,85.125,85.45,84.4,84.975,3121280,0
20230207,110000,84.95,86.75,84.75,86.275,6214006,0
20230207,120000,86.25,86.3,85.25,85.425,2434084,0
20230207,130000,85.45,85.975,84.925,85.55,1839418,0
20230207,140000,85.55,85.775,85.3,85.5,636208,0
20230207,150000,85.475,85.925,85.425,85.925,458368,0
20230207,160000,85.925,86,85.35,85.875,1042764,0
20230207,170000,85.875,85.975,85,85.575,981950,0
20230207,180000,85.55,85.6,85.05,85.05,428438,0
20230207,190000,85.225,85.4,85.05,85.325,427042,0
20230207,200000,85.325,85.4,85.275,85.4,117312,0
20230207,210000,85.4,85.525,85.2,85.275,135842,0
20230207,220000,85.275,85.475,85.225,85.475,115292,0
20230207,230000,85.475,85.5,85.3,85.5,190338,0
20230208,100000,85.6,86.025,85.1,85.875,1504500,0
20230208,110000,85.85,86.225,85.8,85.95,1411054,0
20230208,120000,85.95,86.4,85.4,85.825,1317812,0
20230208,130000,85.85,86.1,85.075,85.075,1068264,0
20230208,140000,85.075,85.525,85,85.25,1372488,0
20230208,150000,85.25,85.375,85.075,85.325,721486,0
20230208,160000,85.35,85.375,85.15,85.175,396112,0
20230208,170000,85.175,85.375,85.175,85.3,228008,0
20230208,180000,85.3,85.325,85.025,85.025,561754,0
20230208,190000,85.15,85.225,84.775,85.1,419338,0
20230208,200000,85.1,85.3,85,85.275,195972,0
20230208,210000,85.275,85.3,85.1,85.175,102458,0
20230208,220000,85.175,85.225,85.1,85.125,85488,0
20230208,230000,85.125,85.25,85.025,85.1,167656,0
20230209,100000,85.175,85.325,84.85,85.15,957684,0
20230209,110000,85.125,85.15,84.5,84.8,1220164,0
20230209,120000,84.775,84.875,84.6,84.85,318176,0
20230209,130000,84.85,85.025,84.6,85,388436,0
20230209,140000,85,85.35,84.575,85.25,768776,0
20230209,150000,85.225,85.275,84.85,85,287172,0
20230209,160000,84.975,85.4,84.975,85.1,722252,0
20230209,170000,85.075,85.15,84.9,84.95,238008,0
20230209,180000,84.925,85.2,84.9,85.2,362526,0
20230209,190000,85.075,85.175,84.95,85.025,158510,0
20230209,200000,85,85.025,84.925,84.95,155778,0
20230209,210000,84.925,85.125,84.925,84.975,100870,0
20230209,220000,84.975,85.05,84.85,84.95,151166,0
20230209,230000,84.9,85.025,84.825,84.975,135902,0
20230210,100000,85.05,85.05,84.575,84.825,703816,0
20230210,110000,84.8,84.925,84.65,84.825,463786,0
20230210,120000,84.825,84.95,84.775,84.95,166824,0
20230210,130000,84.925,85.075,84.7,84.925,345170,0
20230210,140000,84.925,85.025,84.85,84.925,158680,0
20230210,150000,84.875,84.925,84.725,84.925,213906,0
20230210,160000,84.925,84.95,84.775,84.8,207326,0
20230210,170000,84.8,84.825,84.7,84.775,264782,0
20230210,180000,84.775,84.825,84.525,84.525,379884,0
20230210,190000,84.775,84.9,84.6,84.8,210806,0
20230210,200000,84.8,84.85,84.675,84.825,114612,0
20230210,210000,84.775,84.825,84.75,84.8,54194,0
20230210,220000,84.8,84.85,84.725,84.8,149540,0
20230210,230000,84.75,84.825,84.675,84.725,73634,0
20230213,100000,84.775,85.125,84.5,84.925,1053444,0
20230213,110000,84.925,85.025,84.75,84.775,248386,0
20230213,120000,84.8,84.9,84.75,84.875,188806,0
20230213,130000,84.85,84.95,84.6,84.725,183364,0
20230213,140000,84.725,84.85,84.575,84.825,291100,0
20230213,150000,84.825,84.825,84,84.2,886144,0
20230213,160000,84.175,84.425,83.875,84.275,595972,0
20230213,170000,84.275,84.35,84.175,84.325,294424,0
20230213,180000,84.35,84.475,84.325,84.475,261340,0
20230213,190000,84.575,84.575,84.275,84.375,113592,0
20230213,200000,84.4,84.475,84.325,84.45,104506,0
20230213,210000,84.425,84.45,84.325,84.35,67534,0
20230213,220000,84.35,84.35,84.125,84.125,193548,0
20230213,230000,84.175,84.275,84.05,84.15,123558,0
20230214,100000,84.15,84.2,83.5,83.675,1364256,0
20230214,110000,83.675,83.7,82,83.4,2436956,0
20230214,120000,83.4,83.5,83.175,83.25,365204,0
20230214,130000,83.3,83.475,83.025,83.425,391166,0
20230214,140000,83.425,83.55,83.3,83.525,310396,0
20230214,150000,83.475,83.675,82.6,82.875,843782,0
20230214,160000,82.85,83.25,82.5,83.225,631958,0
20230214,170000,83.2,83.25,82.85,83.225,326814,0
20230214,180000,83.25,83.525,83.025,83.525,512098,0
20230214,190000,83.45,83.525,83.2,83.25,67344,0
20230214,200000,83.225,83.4,83.125,83.25,76626,0
20230214,210000,83.2,83.425,83.2,83.425,70910,0
20230214,220000,83.425,83.45,83.25,83.375,65366,0
20230214,230000,83.375,84.25,83.3,84.2,741066,0
20230215,100000,83.25,83.425,82.5,83.125,1370646,0
20230215,110000,83.125,83.15,82.6,82.85,769944,0
20230215,120000,82.85,83.25,82.75,83.05,414944,0
20230215,130000,83,83.15,82.85,82.9,222526,0
20230215,140000,82.85,82.95,82.825,82.95,284774,0
20230215,150000,82.95,83,82.75,82.75,307926,0
20230215,160000,82.75,82.9,82.75,82.8,157900,0
20230215,170000,82.775,82.8,81.775,81.875,1469460,0
20230215,180000,81.875,82.15,81.15,81.15,1697252,0
20230215,190000,81.35,81.65,81.025,81.5,839714,0
20230215,200000,81.5,81.5,80.175,80.7,1272502,0
20230215,210000,80.7,81.4,80.55,81.4,719326,0
20230215,220000,81.375,82.075,80.325,80.85,1338482,0
20230215,230000,80.85,80.9,79.65,80.2,2491820,0
20230216,100000,80.975,81.425,80.55,81.375,1947640,0
20230216,110000,81.375,81.775,81.225,81.475,1125360,0
20230216,120000,81.45,81.525,80.5,80.6,886158,0
20230216,130000,80.625,80.875,80.525,80.8,573694,0
20230216,140000,80.8,80.875,80.5,80.825,598806,0
20230216,150000,80.825,80.9,80.3,80.475,527290,0
20230216,160000,80.475,80.5,79.875,79.95,1016548,0
20230216,170000,79.95,80.25,79.675,79.95,1213358,0
20230216,180000,79.95,80,79.05,79.05,1557894,0
20230216,190000,79.25,79.625,79.2,79.575,778972,0
20230216,200000,79.575,79.9,79.525,79.875,364720,0
20230216,210000,79.85,79.9,79.65,79.775,202356,0
20230216,220000,79.775,80,79.7,79.975,321918,0
20230216,230000,79.975,80,79.825,80,277532,0
20230217,100000,79.975,80.525,79.275,80.4,1717634,0
20230217,110000,80.4,80.525,80.025,80.375,796420,0
20230217,120000,80.375,80.625,80.325,80.35,622900,0
20230217,130000,80.325,80.575,80.075,80.425,485344,0
20230217,140000,80.425,80.425,80.025,80.3,471040,0
20230217,150000,80.3,80.325,80.125,80.175,181100,0
20230217,160000,80.175,80.2,80,80.15,302386,0
20230217,170000,80.15,80.175,79.875,80.05,330716,0
20230217,180000,80.075,80.2,79.825,79.825,537652,0
20230217,190000,79.95,80.125,79.9,80,194736,0
20230217,200000,80.075,80.25,79.975,80.05,187184,0
20230217,210000,80,80.1,79.95,79.975,116512,0
20230217,220000,80,80,79.925,79.975,146578,0
20230217,230000,79.95,80.125,79.925,79.925,245694,0
20230220,100000,80.175,80.275,79.675,80.05,1085438,0
20230220,110000,80.05,80.075,79.725,79.75,592966,0
20230220,120000,79.8,79.95,79.65,79.85,412574,0
20230220,130000,79.85,79.95,79.525,79.85,382828,0
20230220,140000,79.825,79.975,79.775,79.975,333382,0
20230220,150000,79.975,80.375,79.95,80.3,821196,0
20230220,160000,80.3,81.275,80.125,81,1288892,0
20230220,170000,81,81.675,80.8,81.4,1230668,0
20230220,180000,81.425,81.575,81.25,81.25,663586,0
20230220,190000,80.925,81.4,80.925,81.05,288832,0
20230220,200000,81.05,81.1,80.825,80.825,194136,0
20230220,210000,80.825,81.225,80.625,81.075,206040,0
20230220,220000,81.125,81.225,81,81.125,95152,0
20230220,230000,81.15,81.225,81,81.075,90606,0
20230221,100000,81.1,82.475,81.1,82.275,1839582,0
20230221,110000,82.275,82.325,81.45,82.125,1102456,0
20230221,120000,82.075,82.95,81.35,82.825,2523168,0
20230221,130000,82.875,83.325,81.775,82.2,2502412,0
20230221,140000,82.2,82.375,82.05,82.3,389158,0
20230221,150000,82.3,82.425,81.8,81.975,481082,0
20230221,160000,81.975,82.275,81.775,81.975,505446,0
20230221,170000,81.95,82.25,81.75,82.225,354392,0
20230221,180000,82.225,82.25,81.8,82,219658,0
20230221,190000,81.825,82,81.6,81.95,217398,0
20230221,200000,81.9,82.125,81.75,82.1,204008,0
20230221,210000,82.1,82.1,81.9,82.1,102614,0
20230221,220000,82.1,82.1,81.875,81.95,52050,0
20230221,230000,81.975,82.025,81.875,82,41686,0
20230222,100000,81.925,81.975,81.475,81.6,660632,0
20230222,110000,81.6,81.825,81.525,81.675,198118,0
20230222,120000,81.675,81.925,81.65,81.85,261160,0
20230222,130000,81.85,81.9,81.75,81.875,100458,0
20230222,140000,81.875,81.9,81.65,81.775,151520,0
20230222,150000,81.75,82.225,81.7,82.15,209018,0
20230222,160000,82.15,82.2,81.825,81.875,219200,0
20230222,170000,81.875,82.225,81.85,82.075,198330,0
20230222,180000,82.1,82.15,81.775,81.775,182806,0
20230222,190000,81.95,82.025,81.775,81.85,93068,0
20230222,200000,81.85,81.875,81.6,81.825,155242,0
20230222,210000,81.875,81.9,81.725,81.825,39188,0
20230222,220000,81.825,81.875,81.725,81.725,56298,0
20230222,230000,81.725,81.775,81.575,81.7,91242,0
20230224,100000,81.75,82.2,81.725,81.95,311898,0
20230224,110000,81.95,82.15,81.775,81.85,265666,0
20230224,120000,81.8,82.075,81.725,82.05,223652,0
20230224,130000,82.05,82.125,81.625,81.7,355736,0
20230224,140000,81.7,81.725,80.975,81.15,803048,0
20230224,150000,81.125,81.325,81,81.175,411110,0
20230224,160000,81.175,81.25,80.95,81.05,275150,0
20230224,170000,81.05,81.05,80.475,80.825,1193802,0
20230224,180000,80.825,80.975,80.75,80.975,221628,0
20230224,190000,81,81.175,80.775,81.1,192784,0
20230224,200000,81.1,81.125,80.925,80.975,133218,0
20230224,210000,80.975,81.2,80.975,81.1,62634,0
20230224,220000,81.1,81.225,80.8,81.025,209518,0
20230224,230000,81.025,81.1,80.925,81.025,92016,0
20230227,100000,80.775,81.675,80.625,81.525,1166056,0
20230227,110000,81.525,81.75,81.3,81.35,648734,0
20230227,120000,81.325,81.55,81.325,81.425,182306,0
20230227,130000,81.425,81.75,81.35,81.525,286626,0
20230227,140000,81.575,81.6,81.425,81.525,157090,0
20230227,150000,81.525,81.9,81.5,81.775,400976,0
20230227,160000,81.8,82.475,81.5,82.2,1133564,0
20230227,170000,82.175,82.925,81.95,82.5,1585528,0
20230227,180000,82.5,82.575,82.225,82.325,386514,0
20230227,190000,82.275,82.45,82.25,82.25,141836,0
20230227,200000,82.225,82.275,81.95,82.1,335748,0
20230227,210000,82.05,82.2,82.025,82.15,118330,0
20230227,220000,82.15,82.225,82.125,82.225,127044,0
20230227,230000,82.225,82.225,82,82.075,128034,0
20230228,100000,82.075,83.075,82.075,82.3,2143838,0
20230228,110000,82.3,82.725,82.05,82.275,796872,0
20230228,120000,82.275,82.3,81.925,82.2,611342,0
20230228,130000,82.225,82.25,81.95,82.025,408348,0
20230228,140000,82,82.15,81.7,82.1,503772,0
20230228,150000,82.125,82.25,81.825,82.25,314370,0
20230228,160000,82.225,82.375,81.925,82.15,380712,0
20230228,170000,82.15,82.175,82.025,82.1,120716,0
20230228,180000,82.125,82.325,81.95,82.325,322340,0
20230228,190000,82.3,82.3,82.075,82.15,105620,0
20230228,200000,82.175,82.25,82.125,82.175,69888,0
20230228,210000,82.2,82.3,82.15,82.3,145698,0
20230228,220000,82.3,82.45,82.25,82.35,160044,0
20230228,230000,82.35,82.375,82.275,82.3,65484,0
20230301,100000,82.55,82.95,82.3,82.875,1221830,0
20230301,110000,82.875,83,82.55,82.9,1345892,0
20230301,120000,82.9,83.45,82.85,83.2,1245072,0
20230301,130000,83.175,83.45,82.975,83.3,806852,0
20230301,140000,83.3,83.4,82.9,83.025,812306,0
20230301,150000,83.05,83.075,82.75,82.975,566840,0
20230301,160000,82.95,83.125,82.775,82.925,374824,0
20230301,170000,82.925,83.25,82.925,83.05,278100,0
20230301,180000,83.025,83.225,82.95,83.225,274376,0
20230301,190000,83.15,83.175,82.975,83.025,115948,0
20230301,200000,83.025,83.175,82.9,83.175,145050,0
20230301,210000,83.15,83.425,83.125,83.225,283128,0
20230301,220000,83.225,83.25,82.85,83.2,328698,0
20230301,230000,83.2,83.25,83.15,83.25,145696,0
20230302,100000,83.225,83.625,82.65,83.075,1248840,0
20230302,110000,83.075,83.1,82.625,82.95,517156,0
20230302,120000,82.95,82.95,82.4,82.55,821138,0
20230302,130000,82.55,82.6,81.175,82.15,2732804,0
20230302,140000,82.125,82.375,81.875,82.35,948168,0
20230302,150000,82.35,82.375,82.025,82.05,365890,0
20230302,160000,82.075,82.1,81.825,81.925,529318,0
20230302,170000,81.925,82.15,81.875,82.1,226926,0
20230302,180000,82.125,82.275,82,82,205668,0
20230302,190000,82.225,82.225,82.025,82.225,73442,0
20230302,200000,82.225,82.25,82.125,82.2,81128,0
20230302,210000,82.2,82.2,82.025,82.1,80344,0
20230302,220000,82.1,82.15,82.05,82.075,68094,0
20230302,230000,82.075,82.1,82,82.025,115834,0
20230303,100000,82.15,82.625,81.925,82.425,770100,0
20230303,110000,82.45,82.85,82.35,82.7,760412,0
20230303,120000,82.725,82.8,82.4,82.5,354744,0
20230303,130000,82.5,82.8,82.45,82.775,248818,0
20230303,140000,82.775,82.875,82.575,82.75,408674,0
20230303,150000,82.75,82.75,82.6,82.75,168818,0
20230303,160000,82.75,82.925,82.7,82.825,323810,0
20230303,170000,82.8,82.825,82.65,82.7,192632,0
20230303,180000,82.7,82.775,82.55,82.55,374746,0
20230303,190000,82.75,82.85,82.675,82.775,169220,0
20230303,200000,82.775,82.8,82.65,82.675,146008,0
20230303,210000,82.7,82.85,82.675,82.825,193496,0
20230303,220000,82.825,82.85,82.7,82.8,141264,0
20230303,230000,82.825,83,82.8,82.925,200028,0
20230306,100000,83.225,83.55,83.15,83.475,1273200,0
20230306,110000,83.45,84.05,83.45,83.7,1257098,0
20230306,120000,83.7,83.925,83.65,83.875,562818,0
20230306,130000,83.875,83.925,83.75,83.85,282984,0
20230306,140000,83.825,83.975,83.675,83.85,464450,0
20230306,150000,83.875,83.975,83.85,83.875,469804,0
20230306,160000,83.875,84.025,83.775,83.85,533866,0
20230306,170000,83.8,83.875,83.675,83.675,253066,0
20230306,180000,83.7,83.975,83.675,83.95,345096,0
20230306,190000,83.775,83.95,83.725,83.75,90382,0
20230306,200000,83.775,83.975,83.725,83.775,232872,0
20230306,210000,83.825,83.975,83.775,83.85,192252,0
20230306,220000,83.85,83.9,83.8,83.825,62512,0
20230306,230000,83.825,83.875,83.75,83.85,115194,0
20230307,100000,84,84.05,83.375,83.7,852368,0
20230307,110000,83.7,84.325,83.65,84.025,870486,0
20230307,120000,84.025,84.125,83.8,83.8,294064,0
20230307,130000,83.85,83.975,83.75,83.825,179932,0
20230307,140000,83.825,83.9,83.75,83.825,253298,0
20230307,150000,83.825,84.025,83.8,83.975,303296,0
20230307,160000,84,84.225,83.875,83.925,526158,0
20230307,170000,83.975,84.2,83.9,84.05,366932,0
20230307,180000,84.05,84.1,83.8,83.8,279422,0
20230307,190000,83.95,83.975,83.575,83.725,383052,0
20230307,200000,83.725,83.825,83.65,83.675,106012,0
20230307,210000,83.675,83.775,83.55,83.65,172160,0
20230307,220000,83.65,83.7,83.65,83.675,123182,0
20230307,230000,83.675,83.825,83.65,83.825,183268,0
20230309,100000,83.95,84.175,83.275,83.55,1381542,0
20230309,110000,83.55,83.9,83.375,83.5,536774,0
20230309,120000,83.5,83.625,83.375,83.375,521696,0
20230309,130000,83.4,83.625,83.375,83.6,222134,0
20230309,140000,83.6,83.65,83.5,83.625,87404,0
20230309,150000,83.65,83.725,83.525,83.625,326660,0
20230309,160000,83.625,83.725,83.525,83.6,120602,0
20230309,170000,83.6,83.7,83.5,83.7,278092,0
20230309,180000,83.675,83.725,83.55,83.725,136084,0
20230309,190000,83.625,83.75,83.575,83.75,90252,0
20230309,200000,83.75,83.85,83.65,83.65,102248,0
20230309,210000,83.7,83.7,83.475,83.575,146862,0
20230309,220000,83.575,83.575,83.325,83.425,176474,0
20230309,230000,83.5,83.525,83.375,83.4,106612,0
20230310,100000,83.125,83.15,82.425,82.625,2127388,0
20230310,110000,82.6,82.9,82.6,82.85,636658,0
20230310,120000,82.875,83.05,82.825,82.975,454772,0
20230310,130000,82.95,83,82.575,82.675,372046,0
20230310,140000,82.675,82.75,82.6,82.625,194598,0
20230310,150000,82.6,82.8,82.4,82.7,633188,0
20230310,160000,82.7,83,82.65,82.975,321588,0
20230310,170000,82.975,83,82.6,82.65,237152,0
20230310,180000,82.65,82.925,82.6,82.925,322280,0
20230310,190000,82.875,82.9,82.625,82.725,145812,0
20230310,200000,82.7,82.775,82.55,82.7,139328,0
20230310,210000,82.725,82.75,82.5,82.5,186436,0
20230310,220000,82.525,82.575,82.025,82.475,686426,0
20230310,230000,82.45,82.55,82.425,82.45,156974,0
20230313,100000,82.775,83.375,82.75,83.25,1314222,0
20230313,110000,83.275,83.3,82.8,82.875,445896,0
20230313,120000,82.875,82.925,82.6,82.75,457042,0
20230313,130000,82.725,82.825,82.5,82.725,468752,0
20230313,140000,82.75,82.8,82.475,82.625,400836,0
20230313,150000,82.625,82.65,81.75,81.75,1113876,0
20230313,160000,81.775,82.325,81.7,82.325,899330,0
20230313,170000,82.325,82.325,81.925,82.25,432652,0
20230313,180000,82.25,82.5,82.225,82.475,363606,0
20230313,190000,82.475,82.65,82.25,82.275,183306,0
20230313,200000,82.275,82.325,82.1,82.3,133344,0
20230313,210000,82.275,82.525,82.275,82.525,118260,0
20230313,220000,82.525,82.525,82.225,82.3,106420,0
20230313,230000,82.3,82.375,82.15,82.275,67862,0
20230314,100000,82.325,82.725,81.975,82.55,778282,0
20230314,110000,82.55,82.725,82.45,82.7,332876,0
20230314,120000,82.7,82.7,82.5,82.65,172532,0
20230314,130000,82.675,82.7,82.525,82.575,175376,0
20230314,140000,82.6,82.975,82.5,82.8,542912,0
20230314,150000,82.8,82.975,82.6,82.775,568372,0
20230314,160000,82.775,83.225,82.75,83.075,719154,0
20230314,170000,83.1,83.1,82.95,83.1,279152,0
20230314,180000,83.075,83.075,82.9,83.05,344160,0
20230314,190000,83.05,83.075,82.85,82.9,156892,0
20230314,200000,82.925,82.95,82.55,82.75,283034,0
20230314,210000,82.75,82.8,82.375,82.5,468886,0
20230314,220000,82.5,82.625,82.4,82.625,93798,0
20230314,230000,82.625,82.75,82.6,82.75,79408,0
20230315,100000,82.775,83.375,82.725,83.175,1202434,0
20230315,110000,83.15,83.2,82.25,82.7,1670844,0
20230315,120000,82.7,82.9,82.525,82.7,298756,0
20230315,130000,82.7,82.7,82.275,82.425,460950,0
20230315,140000,82.425,82.5,81.925,82,996512,0
20230315,150000,82,82.575,81.775,82.325,927608,0
20230315,160000,82.35,82.4,82.15,82.25,265474,0
20230315,170000,82.25,82.275,82.125,82.25,181958,0
20230315,180000,82.225,82.425,82.075,82.075,343806,0
20230315,190000,82.325,82.325,81.875,82.025,236864,0
20230315,200000,82.025,82.25,82,82.225,150100,0
20230315,210000,82.225,82.3,82.075,82.275,274242,0
20230315,220000,82.3,82.3,82.175,82.225,127400,0
20230315,230000,82.225,82.325,82.2,82.3,78874,0
20230316,100000,82.25,82.525,82,82.425,463086,0
20230316,110000,82.475,82.5,82,82.075,254352,0
20230316,120000,82.1,82.35,82.05,82.2,481264,0
20230316,130000,82.2,82.4,82.025,82.225,310758,0
20230316,140000,82.225,82.25,81.9,81.925,388326,0
20230316,150000,81.925,81.95,81.45,81.675,1094378,0
20230316,160000,81.675,81.775,81.5,81.675,360016,0
20230316,170000,81.7,82.15,81.625,82.15,400226,0
20230316,180000,82.15,82.25,81.775,81.775,372494,0
20230316,190000,81.9,82.1,81.825,82.025,126998,0
20230316,200000,82,82.15,81.975,82.025,108988,0
20230316,210000,82.025,82.1,82,82.025,58004,0
20230316,220000,82.05,82.05,81.95,82,71948,0
20230316,230000,82,82.125,81.975,82.125,46388,0
20230317,100000,82.45,82.725,82.25,82.425,1439980,0
20230317,110000,82.475,82.85,82.4,82.75,971702,0
20230317,120000,82.8,82.8,82.5,82.7,688988,0
20230317,130000,82.7,82.75,82.275,82.5,700318,0
20230317,140000,82.5,84,82.475,83.3,4603714,0
20230317,150000,83.3,83.45,82.75,83.1,1985276,0
20230317,160000,83.125,83.7,83.1,83.275,1366366,0
20230317,170000,83.275,83.5,83.1,83.225,526708,0
20230317,180000,83.25,83.425,83.125,83.425,367626,0
20230317,190000,83.25,83.375,83.15,83.15,202182,0
20230317,200000,83.175,83.225,82.825,83.075,420000,0
20230317,210000,83.05,83.225,83,83.225,146902,0
20230317,220000,83.225,83.375,83.1,83.2,321686,0
20230317,230000,83.225,83.7,83.05,83.45,616750,0
20230320,100000,86.55,92.5,85.9,90.5,32081516,0
20230320,110000,90.5,90.975,89.575,90.55,15072288,0
20230320,120000,90.575,90.625,89.675,90.175,5716846,0
20230320,130000,90.175,91.275,90.1,90.625,5518520,0
20230320,140000,90.6,91.075,90.525,90.75,3703254,0
20230320,150000,90.75,91.65,90.675,91.275,5737136,0
20230320,160000,91.275,93.725,91.225,93.625,13989034,0
20230320,170000,93.65,93.85,92.825,93.4,8988528,0
20230320,180000,93.4,95.85,93.125,95.625,16597142,0
20230320,190000,95.3,95.475,94.35,94.95,5640398,0
20230320,200000,94.95,95.95,94.75,95.6,4961184,0
20230320,210000,95.6,95.85,94.7,95,4667374,0
20230320,220000,95.025,95.05,93.5,94.1,8970714,0
20230320,230000,94.1,95.175,94.025,94.975,2778504,0
20230321,100000,94.95,96.725,91.775,92.95,33191124,0
20230321,110000,92.95,94.05,92.35,92.8,6886440,0
20230321,120000,92.725,93.5,92.55,92.8,2759956,0
20230321,130000,92.8,93.925,92.45,93.6,3019432,0
20230321,140000,93.6,93.625,92.75,93.4,3155406,0
20230321,150000,93.35,94.575,93.2,93.85,5530198,0
20230321,160000,93.85,93.975,92.85,93.375,4301628,0
20230321,170000,93.4,93.75,92,92.475,4308374,0
20230321,180000,92.475,92.475,90.725,91.325,7327954,0
20230321,190000,91.55,91.925,90.175,91.075,4666218,0
20230321,200000,91.025,92.075,90.8,91.975,1870824,0
20230321,210000,91.95,92.2,91.5,92.075,1583216,0
20230321,220000,92.075,92.1,91.2,91.35,1104632,0
20230321,230000,91.35,91.5,91.175,91.375,577018,0
20230322,100000,91.275,93,90.675,91.875,7212692,0
20230322,110000,91.875,92.175,91.35,91.925,2242718,0
20230322,120000,91.925,92.825,91.625,92.625,2643942,0
20230322,130000,92.625,92.675,91.85,91.95,1408876,0
20230322,140000,91.95,92.5,91.8,91.925,1011738,0
20230322,150000,91.9,92.175,91.75,92.05,667226,0
20230322,160000,92.05,92.3,92,92.15,606464,0
20230322,170000,92.15,92.75,92.1,92.65,1087604,0
20230322,180000,92.675,92.7,92.2,92.2,1110674,0
20230322,190000,92.2,92.725,92.2,92.375,509034,0
20230322,200000,92.35,92.55,92.225,92.425,256356,0
20230322,210000,92.4,92.625,92.25,92.4,478540,0
20230322,220000,92.4,92.475,92.25,92.25,322234,0
20230322,230000,92.275,92.275,91.8,92.025,583088,0
20230323,100000,92.025,92.775,91.825,92.25,2245392,0
20230323,110000,92.275,92.275,91.55,91.65,1731802,0
20230323,120000,91.65,91.75,91.2,91.45,1492402,0
20230323,130000,91.45,91.675,91.325,91.425,570844,0
20230323,140000,91.475,91.525,91.025,91.275,949690,0
20230323,150000,91.275,91.35,90.25,90.5,2035608,0
20230323,160000,90.475,91.1,90.35,90.9,1442762,0
20230323,170000,90.9,91.075,90.825,90.95,539594,0
20230323,180000,90.925,91.05,90.85,91.05,306080,0
20230323,190000,91.05,91.225,90.8,91.175,425914,0
20230323,200000,91.175,91.3,90.875,90.95,313314,0
20230323,210000,90.925,91.075,90.85,90.9,200410,0
20230323,220000,90.875,90.95,90.575,90.725,393990,0
20230323,230000,90.725,90.9,90.65,90.775,219124,0
20230324,100000,91,91.2,90.35,90.95,1955318,0
20230324,110000,90.95,91.175,90.325,90.5,1487690,0
20230324,120000,90.475,90.8,90.425,90.55,643292,0
20230324,130000,90.575,90.8,90.3,90.45,1078940,0
20230324,140000,90.4,90.75,90.4,90.725,833768,0
20230324,150000,90.725,90.9,90.5,90.75,583096,0
20230324,160000,90.725,90.75,90.575,90.6,289126,0
20230324,170000,90.575,91,88.875,89.25,7943954,0
20230324,180000,89.275,89.525,88.625,89.475,5279246,0
20230324,190000,89.3,89.85,89.025,89.1,1907758,0
20230324,200000,89.125,89.625,89.1,89.525,989762,0
20230324,210000,89.525,89.7,89.25,89.7,912092,0
20230324,220000,89.675,89.875,89.4,89.525,835582,0
20230324,230000,89.525,89.625,89.3,89.5,546302,0
20230327,100000,89.9,90.7,89.575,90.4,4515084,0
20230327,110000,90.4,90.9,90.15,90.6,1951978,0
20230327,120000,90.6,91.225,90.575,90.825,1920616,0
20230327,130000,90.875,92,90.825,91.675,2249946,0
20230327,140000,91.675,91.75,91.2,91.525,1264420,0
20230327,150000,91.525,91.8,91.15,91.725,1054026,0
20230327,160000,91.725,91.875,91.325,91.45,731888,0
20230327,170000,91.45,91.5,91.175,91.35,594836,0
20230327,180000,91.3,91.5,91.25,91.475,384048,0
20230327,190000,91.25,92.175,91.25,91.975,1034136,0
20230327,200000,91.975,92.375,91.8,92.1,1011698,0
20230327,210000,92.075,92.25,91.875,92,422772,0
20230327,220000,92,92.075,91.6,91.675,554262,0
20230327,230000,91.675,91.7,91.35,91.7,371952,0
20230328,100000,91.9,92.6,90.725,91.3,3613738,0
20230328,110000,91.25,91.3,90.425,90.65,1593616,0
20230328,120000,90.65,91.25,90.55,91.05,960812,0
20230328,130000,91.1,91.25,90.875,91.1,352754,0
20230328,140000,91.1,91.325,91,91.025,453196,0
20230328,150000,91.025,91.625,91,91.25,990864,0
20230328,160000,91.275,91.4,91.025,91.15,439538,0
20230328,170000,91.175,91.475,91.125,91.45,289628,0
20230328,180000,91.45,91.55,91.275,91.4,334796,0
20230328,190000,91.55,91.725,91.25,91.6,376844,0
20230328,200000,91.575,91.65,91.25,91.4,267962,0
20230328,210000,91.4,91.4,91.325,91.35,85414,0
20230328,220000,91.35,91.475,91.15,91.4,280048,0
20230328,230000,91.4,91.575,91.35,91.5,141216,0
20230329,100000,91.8,91.95,91,91.225,1580654,0
20230329,110000,91.2,91.25,90.875,91.2,551962,0
20230329,120000,91.175,91.425,91.025,91.25,467390,0
20230329,130000,91.25,92,91.075,91.85,1344228,0
20230329,140000,91.825,92.3,91.6,92.075,1936004,0
20230329,150000,92.1,92.325,91.85,92.3,943118,0
20230329,160000,92.3,92.325,91.525,91.825,1494780,0
20230329,170000,91.825,92.025,91.45,91.575,897590,0
20230329,180000,91.575,91.975,91.55,91.975,424584,0
20230329,190000,91.8,91.95,91.65,91.825,166758,0
20230329,200000,91.8,91.9,91.65,91.825,303882,0
20230329,210000,91.875,92.05,91.85,91.875,259000,0
20230329,220000,91.9,92,91.575,91.75,324596,0
20230329,230000,91.75,91.825,91.675,91.7,113008,0
20230330,100000,91.7,92,91.4,91.7,1329634,0
20230330,110000,91.675,91.875,91.25,91.525,814230,0
20230330,120000,91.525,91.9,91.45,91.825,539472,0
20230330,130000,91.825,91.95,91.675,91.75,361048,0
20230330,140000,91.75,91.95,91.65,91.9,387872,0
20230330,150000,91.9,92.225,91.8,92.1,803994,0
20230330,160000,92.075,92.15,91.75,91.925,513348,0
20230330,170000,91.9,91.95,91.75,91.9,588352,0
20230330,180000,91.9,91.95,91.8,91.8,522352,0
20230330,190000,91.775,92,91.65,91.925,175638,0
20230330,200000,91.925,92,91.8,91.85,171598,0
20230330,210000,91.825,91.875,91.625,91.875,290740,0
20230330,220000,91.875,91.875,91.65,91.675,189652,0
20230330,230000,91.7,91.8,91.675,91.8,63806,0
20230331,100000,91.975,92.1,90.4,90.6,2671066,0
20230331,110000,90.575,91.1,90.5,91,1069286,0
20230331,120000,91.025,91.15,89.725,90.025,1705576,0
20230331,130000,90.025,90.175,89.325,89.975,2528212,0
20230331,140000,89.95,90.325,89.825,90.225,903606,0
20230331,150000,90.2,90.275,89.325,90.075,1086122,0
20230331,160000,90.075,90.25,89.85,90.05,692638,0
20230331,170000,90.05,90.7,90,90.425,1088896,0
20230331,180000,90.425,90.475,90.275,90.425,321628,0
20230331,190000,90.55,90.725,90.3,90.525,455044,0
20230331,200000,90.525,90.85,90.45,90.575,361266,0
20230331,210000,90.55,90.65,90.375,90.525,228794,0
20230331,220000,90.5,90.55,90.35,90.4,223904,0
20230331,230000,90.4,90.75,90.35,90.7,322124,0
20230403,100000,90.95,91.225,90.65,90.675,1430746,0
20230403,110000,90.675,90.75,90.15,90.45,1002824,0
20230403,120000,90.425,91.35,90.2,91.2,1932432,0
20230403,130000,91.225,95.425,91.2,94.6,18956172,0
20230403,140000,94.6,94.825,93.8,94.675,4405042,0
20230403,150000,94.675,95.7,94.125,95.275,4889490,0
20230403,160000,95.275,98.45,95,98.15,13141820,0
20230403,170000,98.15,99.4,97.7,98.725,16071288,0
20230403,180000,98.775,99.15,98.3,98.975,4657450,0
20230403,190000,98.95,100.15,98.5,99,7375504,0
20230403,200000,99,99.35,98.6,99.05,1769030,0
20230403,210000,99.05,99.625,98.975,99.375,1806092,0
20230403,220000,99.375,99.475,99.075,99.175,1199528,0
20230403,230000,99.15,99.575,99.05,99.55,1688894,0
20230404,100000,99.975,104.6,98.975,102.85,40765020,0
20230404,110000,102.925,103.375,102,102.95,10415776,0
20230404,120000,102.95,103.725,102.3,102.925,6281012,0
20230404,130000,102.925,103.35,102.375,103.1,3413260,0
20230404,140000,103.1,103.25,102.75,103.025,2873902,0
20230404,150000,103.075,103.075,101.325,102.225,6635074,0
20230404,160000,102.25,102.25,100.65,101.425,7363456,0
20230404,170000,101.4,101.7,99.65,100.075,6480006,0
20230404,180000,100.075,100.625,99.75,100,3704456,0
20230404,190000,100.225,101.425,100,101.275,2999040,0
20230404,200000,101.25,101.4,100.525,100.725,1410338,0
20230404,210000,100.725,101,100.4,100.525,783464,0
20230404,220000,100.525,101.3,100.5,101.275,837926,0
20230404,230000,101.275,102.425,101.25,101.85,2785578,0
20230405,100000,102.025,102.125,95.575,96.575,44988836,0
20230405,110000,96.575,97.325,95.5,95.8,11258050,0
20230405,120000,95.8,95.975,93.925,94.5,17854970,0
20230405,130000,94.5,94.925,93.55,94.55,8377204,0
20230405,140000,94.55,95.95,94.25,95.575,8046320,0
20230405,150000,95.575,95.725,95.125,95.475,3705682,0
20230405,160000,95.45,95.475,94.625,95.2,4016840,0
20230405,170000,95.15,95.225,94.7,94.8,2129348,0
20230405,180000,94.8,95.45,94.75,95.45,2267316,0
20230405,190000,95.175,95.625,94.85,95.1,1509464,0
20230405,200000,95.1,95.175,94.55,94.775,1200642,0
20230405,210000,94.8,94.9,94.35,94.375,1617672,0
20230405,220000,94.375,94.85,94.2,94.75,1293836,0
20230405,230000,94.7,94.825,94.4,94.475,800854,0
20230406,100000,94.25,95.875,93.425,95.325,9292102,0
20230406,110000,95.325,95.35,94.5,94.7,3433868,0
20230406,120000,94.7,95.1,94.55,94.725,1522220,0
20230406,130000,94.75,95.125,94.625,95,1098098,0
20230406,140000,95,95.075,94.7,94.875,879680,0
20230406,150000,94.85,94.925,93.975,94.125,2876520,0
20230406,160000,94.125,94.15,93.05,93.725,4236072,0
20230406,170000,93.725,93.875,93.3,93.625,1543324,0
20230406,180000,93.6,93.875,93.525,93.775,1025272,0
20230406,190000,93.975,94.225,93.65,93.675,724854,0
20230406,200000,93.7,94.45,93.675,94.15,890634,0
20230406,210000,94.125,94.425,94.05,94.375,487138,0
20230406,220000,94.375,94.75,94.05,94.2,641342,0
20230406,230000,94.2,94.2,93.8,93.85,454134,0
20230407,100000,93.925,94.45,93.4,94.05,3528600,0
20230407,110000,94.025,94.4,93.825,93.95,965410,0
20230407,120000,93.95,94.1,93.8,93.925,652356,0
20230407,130000,93.925,94.125,93.775,94.05,654444,0
20230407,140000,94.05,94.125,93.9,93.95,523686,0
20230407,150000,93.975,94,93.7,93.85,1012912,0
20230407,160000,93.875,93.95,93.775,93.95,719428,0
20230407,170000,93.925,94.025,93.825,93.95,666444,0
20230407,180000,93.975,94,93.8,93.825,716984,0
20230407,190000,93.875,94.1,93.85,93.9,437936,0
20230407,200000,93.9,94.025,93.825,94,384910,0
20230407,210000,94,94.225,93.975,94.1,468186,0
20230407,220000,94.15,94.175,94,94.1,265242,0
20230407,230000,94.1,94.25,94.025,94.15,782106,0
20230410,100000,94.825,95.375,94.25,94.9,6042764,0
20230410,110000,94.9,95.175,94.575,95.125,2324524,0
20230410,120000,95.075,95.175,94.575,94.75,1731978,0
20230410,130000,94.775,94.95,94.725,94.925,637676,0
20230410,140000,94.875,95.1,94.85,94.975,1032448,0
20230410,150000,95,95.05,94.725,94.775,1237700,0
20230410,160000,94.775,94.925,94.525,94.575,880382,0
20230410,170000,94.575,94.9,94.525,94.85,517612,0
20230410,180000,94.875,94.925,94.7,94.875,474252,0
20230410,190000,94.85,95.025,94.75,95.025,624326,0
20230410,200000,95,95.15,94.925,95.125,567588,0
20230410,210000,95.15,95.15,95.05,95.125,273204,0
20230410,220000,95.125,95.3,95.075,95.275,768046,0
20230410,230000,95.275,95.3,95.025,95.2,493214,0
20230411,100000,95.425,95.45,94.55,94.975,4137414,0
20230411,110000,94.975,95.05,94.7,94.85,1259516,0
20230411,120000,94.85,95.7,94.8,95.275,3292478,0
20230411,130000,95.275,95.5,95.075,95.275,1139302,0
20230411,140000,95.3,95.3,95.125,95.3,497656,0
20230411,150000,95.3,95.375,95.05,95.075,509316,0
20230411,160000,95.1,95.1,91.725,93.375,9359356,0
20230411,170000,93.425,93.925,93.025,93.675,2331456,0
20230411,180000,93.675,93.8,92.825,93.05,1186836,0
20230411,190000,93.05,93.75,93.05,93.425,749780,0
20230411,200000,93.4,93.425,92.65,93.05,1472882,0
20230411,210000,93.05,93.325,92.975,93.325,576732,0
20230411,220000,93.325,93.325,93.05,93.075,503750,0
20230411,230000,93.1,93.15,92.75,92.9,857850,0
20230412,100000,93.075,93.4,92.35,93.15,3119898,0
20230412,110000,93.15,93.225,92.75,92.9,978602,0
20230412,120000,92.9,93.1,92.625,93,848246,0
20230412,130000,92.975,93.6,92.95,93.375,1446152,0
20230412,140000,93.375,93.8,93.275,93.575,1230812,0
20230412,150000,93.575,93.8,93.325,93.525,641684,0
20230412,160000,93.55,94,93.3,93.875,1440042,0
20230412,170000,93.85,93.975,93.7,93.8,781534,0
20230412,180000,93.8,93.8,93.25,93.25,648934,0
20230412,190000,93.275,93.55,93.15,93.4,258644,0
20230412,200000,93.45,93.7,93.4,93.55,110170,0
20230412,210000,93.55,93.725,93.5,93.6,130696,0
20230412,220000,93.6,93.7,93.45,93.525,93952,0
20230412,230000,93.525,93.55,93.2,93.275,254342,0
20230413,100000,93.5,94.125,92.75,93.2,2397080,0
20230413,110000,93.175,93.375,92.425,92.975,2297270,0
20230413,120000,92.975,93.125,92.725,92.8,539338,0
20230413,130000,92.8,93,92.475,92.6,840792,0
20230413,140000,92.625,93.075,92.6,92.625,584122,0
20230413,150000,92.65,92.9,92.65,92.85,439634,0
20230413,160000,92.85,93.275,92.7,92.95,1258730,0
20230413,170000,92.95,93.075,92.75,92.925,239726,0
20230413,180000,92.925,93.2,92.8,93.2,540106,0
20230413,190000,93,93.125,92.55,92.975,525912,0
20230413,200000,92.95,93.2,92.925,93.1,248702,0
20230413,210000,93.15,93.3,92.85,93.025,475796,0
20230413,220000,93.075,93.225,92.9,93.15,158088,0
20230413,230000,93.125,93.225,93.05,93.2,109020,0
20230414,100000,93.15,93.575,92.55,92.7,1708880,0
20230414,110000,92.7,92.725,92.025,92.525,1490976,0
20230414,120000,92.5,93,92.475,92.975,675026,0
20230414,130000,92.95,93.075,92.825,92.95,501584,0
20230414,140000,92.95,93.025,92.775,93,408132,0
20230414,150000,93,93.325,92.875,93.175,893112,0
20230414,160000,93.175,93.45,93.125,93.35,642722,0
20230414,170000,93.325,93.375,93.05,93.25,512474,0
20230414,180000,93.25,93.475,93.075,93.475,291956,0
20230414,190000,93.2,93.45,93.2,93.4,372076,0
20230414,200000,93.375,93.425,93.3,93.375,159134,0
20230414,210000,93.35,93.7,93.325,93.475,535838,0
20230414,220000,93.475,93.575,93.375,93.475,157458,0
20230414,230000,93.475,93.525,93.325,93.475,208054,0
20230417,100000,94.075,97.25,93.7,96.8,17255468,0
20230417,110000,96.85,96.875,96,96.225,6167748,0
20230417,120000,96.25,96.3,95.6,96.05,3747216,0
20230417,130000,96.075,96.3,95.925,96.05,1150908,0
20230417,140000,96.05,96.625,96.025,96.225,1720574,0
20230417,150000,96.2,96.65,95.775,96,1497854,0
20230417,160000,96,96.4,95.95,96.25,943878,0
20230417,170000,96.25,96.7,96.125,96.55,1310198,0
20230417,180000,96.55,96.9,96.4,96.9,1861358,0
20230417,190000,96.75,96.9,96.575,96.65,917040,0
20230417,200000,96.675,96.85,96.425,96.625,716392,0
20230417,210000,96.65,96.675,96.275,96.55,524238,0
20230417,220000,96.55,96.75,96.5,96.725,391048,0
20230417,230000,96.725,96.725,96.525,96.55,339840,0
20230418,100000,96.6,97.1,95.875,96.65,5374342,0
20230418,110000,96.65,96.95,96.45,96.475,1710548,0
20230418,120000,96.475,96.6,95.55,95.625,2948110,0
20230418,130000,95.625,96.2,95.4,95.875,1679982,0
20230418,140000,95.875,96.25,95.775,96.025,595372,0
20230418,150000,96.025,96.15,95.8,96.075,473158,0
20230418,160000,96.075,96.4,96,96.275,921236,0
20230418,170000,96.3,96.575,96.15,96.425,1348496,0
20230418,180000,96.425,96.9,96.425,96.9,1210238,0
20230418,190000,96.7,96.825,96.5,96.575,704906,0
20230418,200000,96.575,97.225,96.55,97.1,1184964,0
20230418,210000,97.125,97.15,96.925,97.025,594280,0
20230418,220000,97.05,97.275,97,97.075,458920,0
20230418,230000,97.1,97.125,96.95,97.05,258916,0
20230419,100000,97.55,99.325,97.375,99,10195126,0
20230419,110000,98.975,99.125,98.25,98.45,3866520,0
20230419,120000,98.475,98.75,98,98.7,2028106,0
20230419,130000,98.725,98.95,98.25,98.75,1359540,0
20230419,140000,98.75,99.375,98.35,98.9,2978938,0
20230419,150000,98.875,98.95,97.125,97.825,3857588,0
20230419,160000,97.8,98.125,94.25,96.15,7859028,0
20230419,170000,96.175,97.525,95.45,97.35,4678860,0
20230419,180000,97.325,98,96.9,97.85,2413686,0
20230419,190000,97.825,97.825,97.5,97.525,850242,0
20230419,200000,97.525,97.65,97.35,97.6,300398,0
20230419,210000,97.6,97.625,96.8,96.925,789738,0
20230419,220000,96.925,97.075,95.875,96.6,1702428,0
20230419,230000,96.625,96.9,96.2,96.575,680404,0
20230420,100000,97.1,98.75,97.1,97.8,8498344,0
20230420,110000,97.8,98.2,96.525,96.975,3998526,0
20230420,120000,96.975,98,96.95,97.7,2869112,0
20230420,130000,97.675,98.675,97.4,98.475,2789812,0
20230420,140000,98.475,99.15,98,98.775,3838356,0
20230420,150000,98.775,100.725,98.575,99.7,9250918,0
20230420,160000,99.725,101.825,99.475,101.275,5513948,0
20230420,170000,101.25,101.425,99.55,100.475,6749726,0
20230420,180000,100.475,100.95,99.9,100.1,2404260,0
20230420,190000,100.125,100.75,99.95,99.975,1237388,0
20230420,200000,99.95,100.25,99.75,100.05,710136,0
20230420,210000,100.025,100.2,99.875,100.125,620770,0
20230420,220000,100.075,100.5,100,100.35,711882,0
20230420,230000,100.325,100.35,99.9,100.15,872460,0
20230421,100000,100.225,101.1,99.3,100.075,5423504,0
20230421,110000,100.1,101.05,100.025,101,2277090,0
20230421,120000,100.975,101.55,100.2,100.575,3972564,0
20230421,130000,100.6,100.8,100.375,100.65,1048248,0
20230421,140000,100.65,100.725,100.3,100.45,693262,0
20230421,150000,100.425,100.525,99.75,100.175,2392540,0
20230421,160000,100.2,100.425,99.95,100.275,933710,0
20230421,170000,100.3,100.65,100.2,100.475,771622,0
20230421,180000,100.45,100.85,100.425,100.575,838578,0
20230421,190000,100.575,100.825,100.35,100.45,340736,0
20230421,200000,100.45,100.65,100.425,100.6,328822,0
20230421,210000,100.625,100.975,100.55,100.8,649058,0
20230421,220000,100.775,100.925,100.65,100.85,484912,0
20230421,230000,100.85,101,100.725,100.975,547102,0
20230424,100000,100.6,103.2,100.6,102.175,11153902,0
20230424,110000,102.2,102.425,101,101.975,5168850,0
20230424,120000,101.975,102.15,101.5,101.925,1759452,0
20230424,130000,101.925,102.1,101.65,101.8,660738,0
20230424,140000,101.775,101.85,101.25,101.45,1620398,0
20230424,150000,101.4,101.7,101.275,101.65,646088,0
20230424,160000,101.625,101.65,100.125,100.75,3412112,0
20230424,170000,100.75,101.15,100.05,100.475,2460182,0
20230424,180000,100.5,100.9,100.425,100.775,577084,0
20230424,190000,100.575,100.775,100.25,100.425,656594,0
20230424,200000,100.425,100.65,99.575,99.975,2428206,0
20230424,210000,99.975,100.175,99.55,99.85,1905086,0
20230424,220000,99.825,100.1,99.825,100.05,482262,0
20230424,230000,100.075,100.15,99.8,100.05,529818,0
20230425,100000,100.25,100.9,99.075,99.9,5571760,0
20230425,110000,99.9,100.9,99.875,100.6,1829548,0
20230425,120000,100.6,100.6,99.25,99.85,4559230,0
20230425,130000,99.85,100.4,99.275,99.375,3241810,0
20230425,140000,99.375,99.675,98.025,98.375,5518460,0
20230425,150000,98.375,99.1,98.35,98.975,1716746,0
20230425,160000,98.975,99.4,98.65,99.325,1262344,0
20230425,170000,99.35,99.45,99.075,99.225,858678,0
20230425,180000,99.225,99.5,98.725,99.35,1266362,0
20230425,190000,99.35,99.4,99.1,99.175,374194,0
20230425,200000,99.175,99.25,99.05,99.05,139826,0
20230425,210000,99.05,99.175,98.9,99.05,373742,0
20230425,220000,99.05,99.175,99,99,238374,0
20230425,230000,99,99.15,98.625,98.825,544858,0
20230426,100000,99.125,100.6,98.9,100.15,5373442,0
20230426,110000,100.125,103,99.875,102.15,12943956,0
20230426,120000,102.125,103.25,101.55,102.1,12182184,0
20230426,130000,102.1,102.4,101.575,101.8,2740976,0
20230426,140000,101.85,102.425,101.75,102,2508040,0
20230426,150000,102,102.675,101.825,102.525,2052918,0
20230426,160000,102.475,102.775,102.175,102.575,1963356,0
20230426,170000,102.55,103.95,102.5,103.6,5589756,0
20230426,180000,103.6,104.425,103.425,103.5,9284396,0
20230426,190000,103.45,104.05,103.025,103.35,3342112,0
20230426,200000,103.375,104.375,103.125,103.9,2809950,0
20230426,210000,103.9,103.95,103.55,103.775,1165912,0
20230426,220000,103.775,103.85,103.1,103.4,1686964,0
20230426,230000,103.425,103.9,103.1,103.7,1059666,0
20230427,100000,104.25,108.45,104.075,107.5,38855616,0
20230427,110000,107.5,108.15,107.075,107.9,9068690,0
20230427,120000,107.925,108.975,107.875,108.325,10409568,0
20230427,130000,108.3,109.775,107.75,109.525,9878450,0
20230427,140000,109.525,109.8,108.775,109.1,9027944,0
20230427,150000,109.1,109.325,107.9,108.15,7850140,0
20230427,160000,108.175,109.125,108.15,108.925,4497760,0
20230427,170000,108.9,109.475,108.5,109.35,3320822,0
20230427,180000,109.325,109.975,108.75,109.975,7136206,0
20230427,190000,109.925,112,109.675,111.075,11528346,0
20230427,200000,111.05,111.4,110.625,111.3,3424530,0
20230427,210000,111.3,112.7,110.85,112.575,5511506,0
20230427,220000,112.55,113.95,112.2,112.575,14413568,0
20230427,230000,112.55,113.225,111.9,112.325,5659016,0
20230428,100000,112.5,114.75,110.4,112.325,33189806,0
20230428,110000,112.325,112.8,110.8,111.175,7203628,0
20230428,120000,111.2,111.625,109.9,110.225,7481746,0
20230428,130000,110.3,111.95,109.55,110.55,8628606,0
20230428,140000,110.625,110.75,108.75,109.2,9765966,0
20230428,150000,109.2,111.25,109.075,111.05,5752726,0
20230428,160000,111.025,112.4,110.725,111.65,6813820,0
20230428,170000,111.65,111.9,110.25,111.7,5799664,0
20230428,180000,111.725,111.9,111.275,111.85,1557038,0
20230428,190000,111.8,112.3,110.3,111.025,3019660,0
20230428,200000,111,111.5,110.9,110.975,934116,0
20230428,210000,110.925,111.4,110.9,111,1228472,0
20230428,220000,111,111.4,110.975,111.1,1075170,0
20230428,230000,111.1,111.3,111.05,111.1,1220038,0
20230502,100000,111.375,114.375,111.375,111.7,18701410,0
20230502,110000,111.75,111.85,110.25,110.8,8020386,0
20230502,120000,110.85,111.65,110.5,111.525,3176560,0
20230502,130000,111.525,112.5,111.475,111.675,3721262,0
20230502,140000,111.65,111.8,111.1,111.4,1233368,0
20230502,150000,111.4,111.45,109.775,110.225,5909816,0
20230502,160000,110.225,110.675,109.175,109.575,5117314,0
20230502,170000,109.575,109.95,105.475,106.425,13067296,0
20230502,180000,106.35,109.025,106.325,108.15,7229776,0
20230502,190000,108.225,109.7,108.225,109.075,3345276,0
20230502,200000,109.075,109.475,108.175,108.625,1827536,0
20230502,210000,108.6,108.9,108.175,108.7,699366,0
20230502,220000,108.7,109.325,108.625,108.875,767938,0
20230502,230000,108.925,109.975,108.625,109.4,1187888,0
20230503,100000,109.3,109.3,106.35,107.3,13708784,0
20230503,110000,107.3,107.375,106.2,107.325,4605598,0
20230503,120000,107.325,108.75,107.025,108.275,4609930,0
20230503,130000,108.275,109.2,107.725,108.8,2769808,0
20230503,140000,108.8,108.85,107.4,107.65,2338176,0
20230503,150000,107.65,108.075,106.9,107.175,2660604,0
20230503,160000,107.175,108.075,106.7,107.2,3554376,0
20230503,170000,107.2,107.325,106.2,106.475,3823710,0
20230503,180000,106.5,106.575,105.075,105.075,4830784,0
20230503,190000,105.25,106.2,104,105.325,7358356,0
20230503,200000,105.325,105.95,104.725,105.25,1974228,0
20230503,210000,105.25,105.25,104.25,104.95,2509112,0
20230503,220000,104.95,104.95,104.125,104.175,1993762,0
20230503,230000,104.15,105.25,104.05,104.775,2197754,0
20230504,100000,105.35,106.75,103.025,104.525,14701114,0
20230504,110000,104.55,105.475,104.025,104.325,5196508,0
20230504,120000,104.3,105.65,103.85,105.4,3789994,0
20230504,130000,105.35,105.6,104.7,104.925,2214902,0
20230504,140000,104.925,105.2,104.55,105.05,1270468,0
20230504,150000,105.05,105.35,104.325,104.4,2446064,0
20230504,160000,104.4,104.725,104,104.525,1458608,0
20230504,170000,104.525,104.55,103.75,104.4,2351266,0
20230504,180000,104.4,104.7,103.875,103.875,1517084,0
20230504,190000,104,104.325,104,104.15,417884,0
20230504,200000,104.15,104.875,104,104.7,853376,0
20230504,210000,104.7,104.975,104.525,104.7,1002726,0
20230504,220000,104.7,105.425,104.6,105.375,1332186,0
20230504,230000,105.375,105.55,105.175,105.475,874438,0
20230505,100000,105.675,108.975,104.5,108.475,15982220,0
20230505,110000,108.45,108.5,107.125,107.75,7508132,0
20230505,120000,107.725,107.925,107.225,107.725,1839966,0
20230505,130000,107.725,108.25,107.6,107.85,2105768,0
20230505,140000,107.9,108.15,107.75,108.05,1604448,0
20230505,150000,108.025,108.075,106.3,106.725,4068700,0
20230505,160000,106.725,107.025,105.7,106.3,4460596,0
20230505,170000,106.275,106.575,105.925,106.475,1560328,0
20230505,180000,106.5,106.55,105.8,105.825,1482802,0
20230505,190000,106.2,106.2,105.85,105.95,688648,0
20230505,200000,105.9,106,105.3,105.925,1197966,0
20230505,210000,105.95,106.275,105.125,105.425,1173594,0
20230505,220000,105.425,105.45,104.75,105.275,1938700,0
20230505,230000,105.275,105.75,105.025,105.3,1934494,0
20230508,100000,105.85,106.575,104.5,105.125,5350524,0
20230508,110000,105.15,105.675,104.925,105.075,1352862,0
20230508,120000,105.075,105.425,104.775,104.775,810076,0
20230508,130000,104.775,104.8,103.375,104.075,3842780,0
20230508,140000,104.05,104.5,103.775,104.125,1221148,0
20230508,150000,104.125,104.6,104,104.1,975474,0
20230508,160000,104.125,104.65,104.075,104.3,700322,0
20230508,170000,104.3,104.425,103.375,103.675,1745226,0
20230508,180000,103.675,104,103.45,104,1051340,0
20230508,190000,103.95,104.075,103.5,103.75,743880,0
20230508,200000,103.75,103.875,103.575,103.825,357968,0
20230508,210000,103.825,104.025,103.625,103.925,513890,0
20230508,220000,103.925,104.1,103.7,103.7,436598,0
20230508,230000,103.75,103.775,103.425,103.45,744064,0
20230510,100000,103.825,107.65,103.75,106.125,14847866,0
20230510,110000,106.125,107.25,105.8,106.45,5220086,0
20230510,120000,106.45,107.125,106.2,106.675,2360568,0
20230510,130000,106.7,106.725,106.35,106.55,1478500,0
20230510,140000,106.525,108.75,106.525,107.9,7656510,0
20230510,150000,107.925,108.65,107.7,108.375,3664256,0
20230510,160000,108.4,108.975,107.925,107.975,4088082,0
20230510,170000,107.975,108.625,107.4,108.225,3147898,0
20230510,180000,108.225,108.625,107.85,108.45,1448464,0
20230510,190000,108.35,110.3,108.35,110.05,6482188,0
20230510,200000,110.025,110.05,109.1,109.9,2662102,0
20230510,210000,109.9,110.1,109.6,109.85,1030886,0
20230510,220000,109.85,110.9,109.8,110.5,2054122,0
20230510,230000,110.5,110.6,110,110.5,1127252,0
20230511,100000,110.45,112.275,110.225,111.425,10493474,0
20230511,110000,111.425,111.725,109.9,110.225,6705416,0
20230511,120000,110.2,111.125,109.6,111.1,4942852,0
20230511,130000,111.1,111.175,108.65,109,5571844,0
20230511,140000,109,109.825,108.6,109.2,5070398,0
20230511,150000,109.225,110.5,109.05,109.875,4026146,0
20230511,160000,109.825,110.3,109.225,109.5,2145564,0
20230511,170000,109.525,110.35,109.3,110,1430598,0
20230511,180000,110,110.075,109.575,109.575,591322,0
20230511,190000,109.75,110.275,109.675,109.9,718526,0
20230511,200000,109.975,109.975,108.65,108.825,1576392,0
20230511,210000,108.85,108.875,106.1,107.725,11991470,0
20230511,220000,107.725,108.875,107.025,107.85,5732206,0
20230511,230000,107.8,108.85,107.775,108.325,1706804,0
20230512,100000,108.075,109.6,107.05,108.725,7834946,0
20230512,110000,108.7,109,107.4,107.7,3449810,0
20230512,120000,107.725,108.225,107.375,107.85,2325722,0
20230512,130000,107.85,108.325,107.7,107.95,776150,0
20230512,140000,108,108.85,107.75,108.175,2210070,0
20230512,150000,108.15,108.725,107.975,108.05,2211044,0
20230512,160000,108.075,108.55,108,108.5,1029922,0
20230512,170000,108.475,108.725,108.3,108.45,1152792,0
20230512,180000,108.45,108.75,108.45,108.55,783424,0
20230512,190000,108.7,108.7,107.05,107.725,2351510,0
20230512,200000,107.725,108,107.5,107.775,694896,0
20230512,210000,107.775,108.3,107.75,108.05,500850,0
20230512,220000,108.05,108.45,107.95,108.45,724762,0
20230512,230000,108.45,108.625,108.175,108.55,1007656,0
20230515,100000,109.8,110.9,109.05,110,7977490,0
20230515,110000,110,110.525,109.7,109.9,2323482,0
20230515,120000,109.875,110.375,109.8,110.3,1105094,0
20230515,130000,110.3,110.475,110.125,110.25,861476,0
20230515,140000,110.3,110.35,109.625,109.85,1561280,0
20230515,150000,109.85,110.2,109.6,110.15,1295266,0
20230515,160000,110.175,110.325,110,110.05,989464,0
20230515,170000,110.05,110.3,109.85,110.1,765942,0
20230515,180000,110.1,110.275,110.075,110.1,522918,0
20230515,190000,110.2,110.5,109.9,110.25,1399968,0
20230515,200000,110.25,110.975,110.2,110.775,1628922,0
20230515,210000,110.8,111.4,110.6,111.225,1945490,0
20230515,220000,111.225,111.95,111.175,111.725,2551358,0
20230515,230000,111.725,112.45,111.725,112.4,2483326,0
20230516,100000,112.725,113.45,110.75,110.775,9763600,0
20230516,110000,110.75,111.975,110.75,110.875,3605144,0
20230516,120000,110.875,111.425,110.05,110.625,4216688,0
20230516,130000,110.625,111.075,110.525,111.025,1350952,0
20230516,140000,111.05,111.775,110.9,111.325,2904966,0
20230516,150000,111.375,111.6,111.15,111.275,716088,0
20230516,160000,111.275,111.425,110.95,111.25,832948,0
20230516,170000,111.3,111.425,111.1,111.2,426508,0
20230516,180000,111.2,111.3,110.9,110.9,530970,0
20230516,190000,111.1,111.85,111,111.45,838526,0
20230516,200000,111.475,111.7,111.4,111.65,655664,0
20230516,210000,111.7,111.95,111.55,111.8,843220,0
20230516,220000,111.8,111.875,111.625,111.65,388976,0
20230516,230000,111.675,111.8,111.55,111.65,460160,0
20230517,100000,111.825,112.45,111.1,111.25,4445242,0
20230517,110000,111.275,111.35,110.575,111.225,2401264,0
20230517,120000,111.225,111.8,111.025,111.675,1278756,0
20230517,130000,111.725,114,111.675,113.4,14266724,0
20230517,140000,113.4,114.5,112.825,114.5,10193036,0
20230517,150000,114.5,115,113.875,114.725,15578626,0
20230517,160000,114.75,116.975,114.65,116.5,15701818,0
20230517,170000,116.475,117.425,115.375,115.725,11794208,0
20230517,180000,115.675,116.575,115.675,116.175,2759206,0
20230517,190000,116.375,116.975,116.175,116.25,2867140,0
20230517,200000,116.25,116.525,115.825,116.275,2168472,0
20230517,210000,116.275,116.475,116.025,116.125,989630,0
20230517,220000,116.125,116.575,116,116.55,1428120,0
20230517,230000,116.55,116.75,116.275,116.725,1302544,0
20230518,100000,117.275,120.725,116.975,119.75,32326874,0
20230518,110000,119.75,119.85,118.775,119.125,7758054,0
20230518,120000,119.125,119.225,117.65,118.525,8432096,0
20230518,130000,118.5,118.925,116.55,116.875,5300468,0
20230518,140000,116.875,117.65,115.05,116.5,16103448,0
20230518,150000,116.475,117.05,114.05,115.45,12599640,0
20230518,160000,115.45,117.35,114.75,117.325,6788530,0
20230518,170000,117.3,117.35,116.25,116.475,3929138,0
20230518,180000,116.45,116.5,115.625,116.275,2555658,0
20230518,190000,116.175,116.825,116,116.2,1237922,0
20230518,200000,116.2,116.35,115.625,115.875,792624,0
20230518,210000,115.85,116.675,115.7,116.225,1006318,0
20230518,220000,116.2,116.225,115.75,116.025,567964,0
20230518,230000,116,116.275,115.975,116.05,599570,0
20230519,100000,115.45,116.1,114.05,115.5,7442978,0
20230519,110000,115.5,117.35,114.625,116.9,6113404,0
20230519,120000,116.9,118.2,116.25,117.625,8413838,0
20230519,130000,117.625,117.65,116.075,116.55,3378944,0
20230519,140000,116.6,116.6,115,115.85,4997162,0
20230519,150000,115.825,116.35,115.4,115.975,1613222,0
20230519,160000,115.975,117.025,115.95,116.3,2203798,0
20230519,170000,116.3,116.825,116.25,116.5,1868512,0
20230519,180000,116.525,116.675,115.925,116.675,1687298,0
20230519,190000,116.65,116.65,115.975,116.075,948122,0
20230519,200000,116.075,116.4,115.925,116.325,500488,0
20230519,210000,116.325,116.4,114.5,115.175,3151106,0
20230519,220000,115.125,115.7,115,115.45,1007208,0
20230519,230000,115.5,115.825,115.45,115.65,858722,0
20230522,100000,116.975,117.4,115,115.4,7819490,0
20230522,110000,115.4,116.375,115.225,115.675,2936256,0
20230522,120000,115.7,116.45,115.275,115.55,2448968,0
20230522,130000,115.55,115.975,115.4,115.525,1384824,0
20230522,140000,115.6,115.775,114.625,115.15,3439536,0
20230522,150000,115.125,115.15,113.05,114.225,6535630,0
20230522,160000,114.2,114.725,114.05,114.65,2342454,0
20230522,170000,114.675,114.825,114.4,114.5,1203244,0
20230522,180000,114.475,114.55,113.775,114.25,1613994,0
20230522,190000,114.05,114.775,113.575,114.75,1198770,0
20230522,200000,114.75,114.8,114.025,114.625,1253440,0
20230522,210000,114.625,115,114.375,114.8,782594,0
20230522,220000,114.8,115.15,114.575,114.65,785288,0
20230522,230000,114.6,114.975,114.325,114.425,448446,0
20230523,100000,115.625,116.925,114.6,115.95,11889020,0
20230523,110000,115.925,116.125,114.7,114.8,5758156,0
20230523,120000,114.8,115.25,114.675,114.8,2045094,0
20230523,130000,114.8,115.375,114.55,115.25,1337186,0
20230523,140000,115.275,115.6,115.125,115.4,1159144,0
20230523,150000,115.325,115.9,114,114.675,5934322,0
20230523,160000,114.675,115.9,114,115.5,3709930,0
20230523,170000,115.5,116.95,115.2,116.625,4669728,0
20230523,180000,116.65,118.5,116.575,118.175,10857506,0
20230523,190000,118.2,119,117.35,118.35,6559878,0
20230523,200000,118.375,118.45,117.525,117.825,2430106,0
20230523,210000,117.8,118.475,117.6,118.25,1803490,0
20230523,220000,118.275,118.45,117.9,117.95,1284588,0
20230523,230000,117.975,118.325,117.8,118.3,1009610,0
20230524,100000,118.875,120.35,117.6,118.15,17092368,0
20230524,110000,118.175,118.45,116.9,117.875,6567718,0
20230524,120000,117.9,118.35,116.45,118.025,5775834,0
20230524,130000,118,118.975,117.75,118.35,4990288,0
20230524,140000,118.4,118.55,117.575,117.85,2857728,0
20230524,150000,117.85,118.65,117.65,118.25,1770700,0
20230524,160000,118.225,118.925,117.85,118.475,2663682,0
20230524,170000,118.475,119.45,118.425,118.975,5126746,0
20230524,180000,118.95,119.1,118.025,118.375,2561990,0
20230524,190000,118.175,118.325,117.15,117.9,3020188,0
20230524,200000,117.875,118,117.25,117.975,1800144,0
20230524,210000,117.975,118.8,117.7,118.3,1892308,0
20230524,220000,118.275,118.6,118.125,118.25,1096496,0
20230524,230000,118.25,118.325,118.125,118.125,1063874,0
20230525,100000,118,118.75,115.85,116.575,12071860,0
20230525,110000,116.575,116.975,115.2,115.375,8457560,0
20230525,120000,115.375,115.85,114.4,115.35,8554140,0
20230525,130000,115.325,116.05,115.3,115.525,3372404,0
20230525,140000,115.55,116.725,115.375,116.275,4619476,0
20230525,150000,116.25,116.4,115.575,115.975,1797400,0
20230525,160000,115.95,115.975,114.875,115.55,3846766,0
20230525,170000,115.525,115.8,115.05,115.475,2255810,0
20230525,180000,115.45,116,115.25,115.675,1656744,0
20230525,190000,115.5,116.275,115.4,116,1444666,0
20230525,200000,116.075,116.5,115.8,115.875,1035484,0
20230525,210000,115.9,115.925,115.625,115.85,432534,0
20230525,220000,115.825,115.85,115.55,115.75,554650,0
20230525,230000,115.75,116.15,115.7,116.1,839826,0
20230526,100000,115.7,115.925,114.875,115.35,4745234,0
20230526,110000,115.375,115.625,115.125,115.4,1473196,0
20230526,120000,115.375,115.45,114.4,115.1,3126036,0
20230526,130000,115.125,115.85,115,115.725,1716870,0
20230526,140000,115.75,118.2,114.85,116.9,17823718,0
20230526,150000,116.9,116.9,115.775,116.25,3028138,0
20230526,160000,116.225,116.75,115.775,116.575,3091984,0
20230526,170000,116.5,117.5,116.075,116.7,3296386,0
20230526,180000,116.7,116.825,115.9,116.175,2204316,0
20230526,190000,116.2,116.45,116,116.3,715928,0
20230526,200000,116.3,116.475,115.925,116.325,1426600,0
20230526,210000,116.3,116.4,116.15,116.25,392012,0
20230526,220000,116.25,116.425,116.25,116.325,433436,0
20230526,230000,116.375,116.4,116.25,116.25,862978,0
20230529,100000,117.275,117.95,116.5,117.3,7242952,0
20230529,110000,117.325,117.325,116.6,116.7,2109424,0
20230529,120000,116.7,117.15,114.625,117.125,14900048,0
20230529,130000,117.075,117.325,115.775,116.125,4836924,0
20230529,140000,116.1,116.275,115.6,115.925,3326930,0
20230529,150000,115.925,115.95,115.125,115.6,2734180,0
20230529,160000,115.575,116.1,115.55,115.975,1321650,0
20230529,170000,115.95,116.375,115.85,116.225,1813112,0
20230529,180000,116.275,116.7,116.05,116.5,1640496,0
20230529,190000,116.025,116.45,115.775,116,1132160,0
20230529,200000,115.925,116.3,115.85,116.25,840986,0
20230529,210000,116.2,116.375,116.05,116.3,654568,0
20230529,220000,116.3,116.55,116.225,116.225,569794,0
20230529,230000,116.225,116.275,115.95,116.025,700720,0
20230530,100000,114.275,115.975,113.925,115.275,9291084,0
20230530,110000,115.275,115.35,114.05,114.7,5133804,0
20230530,120000,114.675,115.075,114.275,115.05,2552076,0
20230530,130000,115.05,115.725,114.775,115.375,2144050,0
20230530,140000,115.4,115.5,114.675,114.775,1673760,0
20230530,150000,114.8,115.35,114.75,114.875,1162038,0
20230530,160000,114.875,115.1,113.575,114.3,5661362,0
20230530,170000,114.325,114.325,111.4,113.1,11401600,0
20230530,180000,113.1,113.225,112.3,113.075,2157764,0
20230530,190000,112.6,113.575,112.6,113.35,1432408,0
20230530,200000,113.375,113.625,112.75,112.925,1019268,0
20230530,210000,112.95,113.2,112.55,113.1,729078,0
20230530,220000,113.1,113.225,112.4,112.525,1067344,0
20230530,230000,112.525,112.7,112.325,112.425,855886,0
20230531,100000,111.8,112.3,110.25,110.575,8035196,0
20230531,110000,110.575,111.35,110.075,110.8,6482508,0
20230531,120000,110.8,111.35,109.775,110.825,6112930,0
20230531,130000,110.825,112.15,110.725,111.45,4225196,0
20230531,140000,111.425,111.45,110.5,110.8,1334298,0
20230531,150000,110.825,111.575,110.8,111.4,1199000,0
20230531,160000,111.425,112.05,111.3,111.9,1590184,0
20230531,170000,111.9,112.375,111.1,111.525,2171370,0
20230531,180000,111.525,111.975,111.5,111.975,698494,0
20230531,190000,111.7,112.35,111.6,111.775,910704,0
20230531,200000,111.775,111.775,111.4,111.65,448300,0
20230531,210000,111.65,111.95,111.55,111.95,406212,0
20230531,220000,111.925,112.15,111.75,111.75,453616,0
20230531,230000,111.75,111.925,110.875,111,1152848,0
20230601,100000,111.275,111.8,110.65,111.025,3333090,0
20230601,110000,111.05,111.475,110.975,111.175,1447526,0
20230601,120000,111.2,111.25,110,110.175,3746686,0
20230601,130000,110.175,110.25,109.05,109.725,5264628,0
20230601,140000,109.75,110,109.375,109.725,1886418,0
20230601,150000,109.725,110,109.3,109.5,1399006,0
20230601,160000,109.525,109.55,108.3,108.775,4771354,0
20230601,170000,108.775,109.175,108.525,108.925,2336860,0
20230601,180000,108.925,108.95,108.525,108.85,1813900,0
20230601,190000,108.675,108.75,108.075,108.35,1546200,0
20230601,200000,108.35,108.425,106.475,107.45,5278644,0
20230601,210000,107.475,107.475,106.325,107.2,3359722,0
20230601,220000,107.225,107.55,106.85,107.05,1601026,0
20230601,230000,107.05,107.475,107,107.125,1091064,0
20230602,100000,102.55,106.275,101.15,105.325,28450452,0
20230602,110000,105.35,107.4,105.275,107.35,9490756,0
20230602,120000,107.35,110.475,107.25,108.875,22442216,0
20230602,130000,108.9,110.725,108.825,109.875,10092942,0
20230602,140000,109.875,109.9,108.65,109.7,5132316,0
20230602,150000,109.725,110.2,109.325,110.15,4119898,0
20230602,160000,110.175,113.35,110.15,111.8,22145358,0
20230602,170000,111.8,112.875,111.25,111.85,6655410,0
20230602,180000,111.85,112.9,111.775,112.9,3703930,0
20230602,190000,112.75,113.75,112.325,112.55,5004562,0
20230602,200000,112.55,112.675,112.075,112.475,2323154,0
20230602,210000,112.425,113.05,112.225,112.675,1476776,0
20230602,220000,112.675,113.275,112.525,113.025,1116250,0
20230602,230000,112.975,113.2,112.575,113.15,1558548,0
20230605,100000,113.3,115.15,111.325,112.075,17432178,0
20230605,110000,112.1,112.75,111.225,111.775,4836402,0
20230605,120000,111.775,112.125,110.65,112.125,5164300,0
20230605,130000,112.125,112.9,111.575,112.1,4545706,0
20230605,140000,112.1,112.325,110.875,111.15,2763226,0
20230605,150000,111.15,112.35,110.275,111.8,5269746,0
20230605,160000,111.775,111.925,110.2,111.075,2578284,0
20230605,170000,111.05,111.3,109.65,110.325,4901148,0
20230605,180000,110.35,110.4,109.275,110.2,4101686,0
20230605,190000,110.15,110.45,109.75,110.275,837248,0
20230605,200000,110.3,110.35,109,109.1,1774176,0
20230605,210000,109.125,109.925,108.5,109.8,3689740,0
20230605,220000,109.8,109.85,109.125,109.175,716564,0
20230605,230000,109.225,109.575,108.8,109.525,1164456,0
20230606,100000,109.225,109.725,107.3,109.225,9264140,0
20230606,110000,109.25,111.15,108.5,110.5,6642750,0
20230606,120000,110.5,110.55,109.325,109.775,3944406,0
20230606,130000,109.8,109.975,108.9,109.725,2083184,0
20230606,140000,109.7,110.7,109.45,110.4,1875614,0
20230606,150000,110.4,111.35,110.075,111.125,3124266,0
20230606,160000,111.125,111.2,110.3,110.925,2387094,0
20230606,170000,110.95,112.2,110.7,112.125,4937880,0
20230606,180000,112.125,113.125,111.775,111.775,3915442,0
20230606,190000,111.8,112.125,110.975,111.2,2504168,0
20230606,200000,111.2,111.625,111.075,111.25,610612,0
20230606,210000,111.325,111.625,111,111.525,635502,0
20230606,220000,111.525,111.85,111.4,111.7,551224,0
20230606,230000,111.7,111.85,111.5,111.675,342716,0
20230607,100000,111.725,113.4,111.6,112.675,8631342,0
20230607,110000,112.65,115.7,112.5,115.275,21469936,0
20230607,120000,115.25,116.225,114.575,114.925,7702342,0
20230607,130000,114.925,115.9,114.875,115.275,4246988,0
20230607,140000,115.275,115.5,114.35,115.2,4382150,0
20230607,150000,115.175,115.925,114.875,115.55,2835334,0
20230607,160000,115.55,116.15,115.025,115.15,3510312,0
20230607,170000,115.15,115.2,113,113.925,11072220,0
20230607,180000,113.95,114.525,113.45,114.125,2587308,0
20230607,190000,114.4,114.4,113.35,114.025,1613274,0
20230607,200000,114.075,114.35,113.65,113.95,756660,0
20230607,210000,113.9,114.25,113.7,114.15,520998,0
20230607,220000,114.125,115.1,114.125,114.675,1952696,0
20230607,230000,114.625,115.075,114.525,114.8,835680,0
20230608,100000,114.575,115.85,114.1,114.375,9325790,0
20230608,110000,114.375,114.375,113.375,114.075,5592028,0
20230608,120000,114.075,114.725,114.05,114.65,2559718,0
20230608,130000,114.625,115.075,114.325,114.725,2728108,0
20230608,140000,114.725,115.45,114.425,115.225,1960452,0
20230608,150000,115.225,115.375,114,114.25,2149202,0
20230608,160000,114.225,114.475,113.75,114.1,2692526,0
20230608,170000,114.1,114.25,113.5,114,2814294,0
20230608,180000,114,114.125,113.8,114.125,1019242,0
20230608,190000,114.25,114.625,114,114.35,741288,0
20230608,200000,114.35,114.5,114.275,114.4,438752,0
20230608,210000,114.4,114.475,114.025,114.1,484436,0
20230608,220000,114.125,114.175,113.8,114.025,611464,0
20230608,230000,114,114.05,113.7,113.75,777788,0
20230609,100000,114.1,115.375,113.775,114.775,7914012,0
20230609,110000,114.775,115,114.15,114.9,2683082,0
20230609,120000,114.9,115,114.375,114.55,1018996,0
20230609,130000,114.525,114.75,114.3,114.625,1215256,0
20230609,140000,114.6,114.625,114.3,114.4,889278,0
20230609,150000,114.4,114.525,114.075,114.375,1400064,0
20230609,160000,114.375,114.375,114.025,114.125,647706,0
20230609,170000,114.1,114.175,113.3,113.525,2897954,0
20230609,180000,113.575,113.825,113.25,113.825,1608070,0
20230609,190000,113.85,114.275,113.45,113.8,904124,0
20230609,200000,113.85,114.25,113.75,113.875,649058,0
20230609,210000,113.875,114.05,113.8,113.85,384950,0
20230609,220000,113.85,113.875,113.575,113.8,616434,0
20230609,230000,113.775,114.075,113.75,113.925,888992,0
20230613,100000,115.05,115.775,114.525,115.225,7713894,0
20230613,110000,115.2,116.65,114.925,115.9,6601374,0
20230613,120000,115.9,116.05,115.475,115.8,2158496,0
20230613,130000,115.8,115.85,114.65,115.15,3928370,0
20230613,140000,115.175,115.5,114.425,114.575,3066050,0
20230613,150000,114.575,115.85,114.4,114.925,3683526,0
20230613,160000,115,115,114.5,114.85,2171622,0
20230613,170000,114.8,114.85,114.225,114.525,2460122,0
20230613,180000,114.5,114.95,114.075,114.95,2000752,0
20230613,190000,114.75,114.875,114.475,114.7,732238,0
20230613,200000,114.7,114.725,114.575,114.65,425956,0
20230613,210000,114.65,114.95,114.625,114.925,580020,0
20230613,220000,114.925,115,114.875,115,609798,0
20230613,230000,114.975,115.25,114.925,115.1,591910,0
20230614,100000,115.6,116.075,115.15,115.55,6455856,0
20230614,110000,115.55,116.15,114.75,115.05,4878530,0
20230614,120000,115.05,115.325,114.6,114.95,2213128,0
20230614,130000,114.975,115.45,114.825,115.425,1403734,0
20230614,140000,115.45,115.45,115.025,115.05,578300,0
20230614,150000,115.075,115.4,115,115.175,781752,0
20230614,160000,115.175,115.275,115.025,115.25,621668,0
20230614,170000,115.25,115.3,114.9,115.025,673320,0
20230614,180000,115.05,115.175,114.925,114.925,454782,0
20230614,190000,114.925,115.2,114.8,115.15,432178,0
20230614,200000,115.125,115.2,115,115.175,231446,0
20230614,210000,115.175,115.425,115,115.025,1127604,0
20230614,220000,115.025,115.25,115,115.1,422004,0
20230614,230000,115.15,115.275,115,115.25,662488,0
20230615,100000,115.2,115.5,114.8,115.075,2488642,0
20230615,110000,115.075,115.4,114.925,114.975,1334522,0
20230615,120000,114.975,115.075,114.4,114.575,2461832,0
20230615,130000,114.575,114.875,113.8,114.025,3493790,0
20230615,140000,114.025,114.45,113.8,114.175,1520136,0
20230615,150000,114.225,115.35,114.2,115.175,3394296,0
20230615,160000,115.125,115.175,114.5,114.775,1417692,0
20230615,170000,114.775,115.15,114.7,114.9,1193676,0
20230615,180000,114.9,115.25,114.825,115.25,1341262,0
20230615,190000,115.05,115.25,115,115.05,1282466,0
20230615,200000,115.075,115.125,114.9,115.05,282860,0
20230615,210000,115.025,115.125,114.775,114.95,308414,0
20230615,220000,114.95,115.25,114.9,115.15,551208,0
20230615,230000,115.175,115.275,115.05,115.25,645440,0
20230616,100000,115.3,115.825,113.425,114.4,8953814,0
20230616,110000,114.425,114.975,114.225,114.4,1860040,0
20230616,120000,114.4,114.95,114.225,114.425,1672572,0
20230616,130000,114.425,114.775,114.275,114.75,753884,0
20230616,140000,114.725,115.125,114.625,114.925,1177988,0
20230616,150000,114.925,115.25,114.7,114.85,1397284,0
20230616,160000,114.85,115.15,114.7,114.8,725890,0
20230616,170000,114.825,115.125,114.55,115.1,864558,0
20230616,180000,115.1,115.2,115,115,847510,0
20230616,190000,115,115.425,114.95,115.225,1477852,0
20230616,200000,115.225,115.25,115.025,115.125,450020,0
20230616,210000,115.125,115.175,114.9,115.05,903344,0
20230616,220000,115.05,115.1,114.725,114.9,520824,0
20230616,230000,114.9,115,114.775,114.875,533984,0
20230619,100000,114.7,115.225,113.9,114.2,3865008,0
20230619,110000,114.2,115.3,114.15,115.125,3665472,0
20230619,120000,115.1,115.15,114.6,114.875,1442374,0
20230619,130000,114.875,115.175,114.775,115,902248,0
20230619,140000,115,115.15,114.7,115.025,804412,0
20230619,150000,115.025,115.15,114.45,114.7,1391578,0
20230619,160000,114.725,114.925,114.4,114.65,1561610,0
20230619,170000,114.65,114.75,114.375,114.575,567976,0
20230619,180000,114.575,114.575,114.05,114.425,1337932,0
20230619,190000,114.425,114.675,114.275,114.6,265150,0
20230619,200000,114.575,114.8,114.55,114.65,375418,0
20230619,210000,114.625,114.65,114,114.425,789282,0
20230619,220000,114.425,114.425,114.25,114.3,177992,0
20230619,230000,114.3,114.425,114.225,114.425,308454,0
20230620,100000,114.1,114.475,113.525,113.725,3408584,0
20230620,110000,113.725,114.5,113.425,114.1,3787682,0
20230620,120000,114.125,114.4,113.75,113.775,1850248,0
20230620,130000,113.775,114,113.5,113.75,2249232,0
20230620,140000,113.75,114.1,113.65,114.075,811722,0
20230620,150000,114.075,114.175,113.675,113.675,767850,0
20230620,160000,113.675,113.725,111.825,113.325,6707358,0
20230620,170000,113.3,113.525,112.9,113.475,1478888,0
20230620,180000,113.45,113.525,113.225,113.25,607136,0
20230620,190000,113.425,113.7,113.25,113.625,641310,0
20230620,200000,113.625,113.65,113.45,113.575,155304,0
20230620,210000,113.575,113.6,113.5,113.6,147176,0
20230620,220000,113.6,113.65,113.475,113.575,136194,0
20230620,230000,113.55,113.6,113.375,113.475,199604,0
20230621,100000,113.475,113.725,112.625,112.8,2459716,0
20230621,110000,112.8,113.5,112.625,113.425,1682782,0
20230621,120000,113.4,113.6,112.825,113.25,1224868,0
20230621,130000,113.25,114.625,113.225,114.225,3152602,0
20230621,140000,114.225,115,114.225,114.575,3160416,0
20230621,150000,114.625,114.825,114.475,114.625,1102058,0
20230621,160000,114.625,114.725,113.825,113.85,2084758,0
20230621,170000,113.875,114.15,113.3,113.975,1382388,0
20230621,180000,113.95,114.175,113.925,114.175,591456,0
20230621,190000,114.025,114.25,114,114.125,246038,0
20230621,200000,114.1,114.2,113.825,113.975,362522,0
20230621,210000,114,114.05,113.9,114,164136,0
20230621,220000,114,114.1,113.75,113.8,264472,0
20230621,230000,113.8,114,113.725,113.875,222748,0
20230622,100000,113.6,113.925,113.225,113.675,2038480,0
20230622,110000,113.7,113.95,113.425,113.775,850026,0
20230622,120000,113.75,114.075,113.55,113.9,892192,0
20230622,130000,113.875,113.9,113.475,113.55,561296,0
20230622,140000,113.5,113.6,112.775,113.425,1464676,0
20230622,150000,113.45,113.575,113.075,113.275,443622,0
20230622,160000,113.275,113.375,112.875,113.025,591514,0
20230622,170000,113,113.475,112.95,113.375,500064,0
20230622,180000,113.35,113.425,113.1,113.1,334162,0
20230622,190000,113.1,113.275,112.85,113.025,602894,0
20230622,200000,113.075,113.25,113.025,113.175,225910,0
20230622,210000,113.15,113.225,104.5,110.85,4708986,0
20230622,220000,110.875,112.8,110,110.95,8739784,0
20230622,230000,110.925,112.125,110.875,111.65,2600370,0
20230623,100000,111.025,111.65,109.025,110.325,10103426,0
20230623,110000,110.325,111,110,110.95,3674588,0
20230623,120000,110.9,112.625,110.325,111.6,5100988,0
20230623,130000,111.6,112,111.375,111.65,952682,0
20230623,140000,111.65,111.925,111.4,111.675,896060,0
20230623,150000,111.625,111.875,111.35,111.7,784518,0
20230623,160000,111.725,111.75,111.05,111.3,1003932,0
20230623,170000,111.275,111.325,110.375,110.875,1546328,0
20230623,180000,110.875,111.9,110.825,111.5,1818334,0
20230623,190000,111.55,111.65,111.25,111.425,367396,0
20230623,200000,111.475,111.95,111.425,111.875,612356,0
20230623,210000,111.85,111.875,110.15,110.325,2576518,0
20230623,220000,110.325,110.65,108,108.675,7900146,0
20230623,230000,108.675,110.1,108.5,110,4493568,0
20230626,100000,111.375,111.75,109.25,109.5,7577720,0
20230626,110000,109.525,110.675,109.275,110.2,5433128,0
20230626,120000,110.15,110.725,109.7,110.325,1581514,0
20230626,130000,110.3,111.05,110.125,110.475,2093360,0
20230626,140000,110.475,110.575,110.175,110.175,705796,0
20230626,150000,110.2,110.45,110.1,110.275,401916,0
20230626,160000,110.3,110.45,109.75,110.45,962492,0
20230626,170000,110.4,110.75,109.8,109.975,1405914,0
20230626,180000,109.975,110.25,109.5,109.5,1298464,0
20230626,190000,109.825,109.825,108.75,109.075,2165144,0
20230626,200000,109.075,109.475,108.925,109.25,531418,0
20230626,210000,109.25,109.475,107.25,107.4,3099378,0
20230626,220000,107.4,109.9,107.125,108.1,8720024,0
20230626,230000,108.1,109.5,108.1,109.4,1982332,0
20230627,100000,109.7,110.775,108.6,109.05,7893818,0
20230627,110000,109.075,110.4,109,110,3302330,0
20230627,120000,109.975,110,109.3,109.975,1178644,0
20230627,130000,109.975,109.975,109.375,109.6,1176346,0
20230627,140000,109.575,109.625,109.05,109.275,1421042,0
20230627,150000,109.25,109.75,109.2,109.725,925496,0
20230627,160000,109.75,109.95,109.575,109.95,997526,0
20230627,170000,109.925,109.95,109.5,109.775,914138,0
20230627,180000,109.825,109.85,109.175,109.175,1128068,0
20230627,190000,109.375,109.5,109.225,109.3,407420,0
20230627,200000,109.35,109.625,108.05,108.65,3437976,0
20230627,210000,108.65,108.975,108.15,108.875,1417184,0
20230627,220000,108.85,109.425,108.75,109,1193260,0
20230627,230000,109.025,109.15,108.85,109.05,324600,0
20230628,100000,109.125,109.6,108.575,109.2,2664904,0
20230628,110000,109.2,109.75,108.5,108.7,3157604,0
20230628,120000,108.675,108.8,108.375,108.8,1485070,0
20230628,130000,108.8,108.8,108.3,108.5,926620,0
20230628,140000,108.5,108.625,108.125,108.25,1089856,0
20230628,150000,108.25,108.75,108.1,108.675,1120624,0
20230628,160000,108.65,108.8,108.5,108.65,679022,0
20230628,170000,108.675,108.8,108.45,108.5,527078,0
20230628,180000,108.525,108.775,108.25,108.775,844426,0
20230628,190000,108.775,109,108.625,108.725,547740,0
20230628,200000,108.725,108.825,108.45,108.625,606518,0
20230628,210000,108.575,108.625,108.425,108.575,324734,0
20230628,220000,108.575,108.65,108,108.25,1129812,0
20230628,230000,108.275,108.5,108.275,108.375,351354,0
20230629,100000,108.25,109.75,107.75,109.175,5450160,0
20230629,110000,109.175,109.5,108.625,108.9,4166698,0
20230629,120000,108.875,109.075,108.4,108.7,1957048,0
20230629,130000,108.725,108.875,108.65,108.825,1113144,0
20230629,140000,108.825,109.25,108.5,108.8,1418104,0
20230629,150000,108.825,108.95,108.55,108.725,690814,0
20230629,160000,108.725,108.925,108.65,108.8,580426,0
20230629,170000,108.8,109.05,108.5,109,645978,0
20230629,180000,109,109.125,108.625,109.025,865310,0
20230629,190000,108.975,108.975,108.75,108.85,209296,0
20230629,200000,108.825,109.125,108.8,109.05,418236,0
20230629,210000,109.075,109.125,108.9,109.05,238240,0
20230629,220000,109.05,109.1,108.95,109.1,177276,0
20230629,230000,109.1,109.45,108.325,109.025,1300602,0
20230630,100000,109.075,109.675,108.5,108.9,2828668,0
20230630,110000,108.925,109.1,108.525,108.575,1023016,0
20230630,120000,108.575,108.825,108.45,108.55,871710,0
20230630,130000,108.525,108.6,108.325,108.55,719858,0
20230630,140000,108.55,108.975,108.4,108.5,1130274,0
20230630,150000,108.5,108.675,108.45,108.5,409334,0
20230630,160000,108.5,108.7,108.3,108.55,763886,0
20230630,170000,108.575,108.65,108.45,108.6,255886,0
20230630,180000,108.6,108.7,108.525,108.7,268156,0
20230630,190000,108.75,108.75,108.35,108.425,278188,0
20230630,200000,108.4,108.525,108.225,108.425,486614,0
20230630,210000,108.425,108.475,108.25,108.375,325720,0
20230630,220000,108.375,108.475,108.3,108.375,310506,0
20230630,230000,108.35,108.6,108.3,108.425,487608,0
20230703,100000,108.925,109.275,108.575,108.725,2522822,0
20230703,110000,108.725,108.8,108.375,108.75,1745434,0
20230703,120000,108.75,110.45,108.7,110.35,5400414,0
20230703,130000,110.35,110.4,109.6,109.85,2423830,0
20230703,140000,109.9,110.3,109.7,110.1,1590000,0
20230703,150000,110.05,110.325,109.7,109.925,1568130,0
20230703,160000,109.9,110.25,109.75,110.225,1141860,0
20230703,170000,110.225,110.4,109.9,110.375,1900532,0
20230703,180000,110.4,110.45,109.6,109.6,1692762,0
20230703,190000,109.8,109.975,109.65,109.825,529086,0
20230703,200000,109.825,110.275,109.75,110.225,971674,0
20230703,210000,110.225,110.25,110.075,110.075,184772,0
20230703,220000,110.075,110.375,110.05,110.325,600578,0
20230703,230000,110.325,110.45,110.2,110.45,320940,0
20230704,100000,110.725,112.225,110.35,112.075,14324532,0
20230704,110000,112.1,112.775,111.725,112.35,6379550,0
20230704,120000,112.375,112.725,111.1,111.725,4698030,0
20230704,130000,111.7,111.825,111.275,111.8,1295628,0
20230704,140000,111.8,112.2,111.625,111.775,1119680,0
20230704,150000,111.825,112.125,111.675,112,1061496,0
20230704,160000,111.975,112.2,111.8,111.9,1046834,0
20230704,170000,111.9,112.4,111.55,112.325,1479700,0
20230704,180000,112.325,113.475,112.1,113.475,3705354,0
20230704,190000,113.175,113.45,112.775,112.95,1690644,0
20230704,200000,112.925,113.425,112.775,112.825,1736926,0
20230704,210000,112.85,112.875,111.9,112.1,2167144,0
20230704,220000,112.1,112.5,111.875,111.95,1509866,0
20230704,230000,111.95,112.2,111.8,112.15,1233006,0
20230705,100000,112.625,113.325,112.3,112.55,4693900,0
20230705,110000,112.525,113.1,112.4,112.625,1738520,0
20230705,120000,112.625,112.675,112.075,112.25,1919524,0
20230705,130000,112.25,112.575,111.825,111.875,1086970,0
20230705,140000,111.85,112.375,111.6,111.9,1497302,0
20230705,150000,111.9,112.1,111.575,112.05,1179808,0
20230705,160000,112.05,112.05,111.675,111.875,1054836,0
20230705,170000,111.85,112,111.65,111.675,1113944,0
20230705,180000,111.675,112,111.275,111.9,1948092,0
20230705,190000,111.6,111.85,111.5,111.75,364344,0
20230705,200000,111.75,111.75,111.025,111.6,1503606,0
20230705,210000,111.575,111.65,111.325,111.65,306044,0
20230705,220000,111.625,112.225,111.55,112,661832,0
20230705,230000,112.025,112.325,112,112.2,682454,0
20230706,100000,112.25,112.775,111.75,112.45,3942588,0
20230706,110000,112.425,112.5,112.1,112.175,1645148,0
20230706,120000,112.175,112.45,111.475,111.75,1681438,0
20230706,130000,111.725,112.1,111.575,112.075,721548,0
20230706,140000,112.05,112.2,111.825,112.075,1127880,0
20230706,150000,112.075,112.15,111.7,111.7,624300,0
20230706,160000,111.725,112.75,111.625,112.1,5642286,0
20230706,170000,112.1,112.125,111.625,111.825,1361448,0
20230706,180000,111.85,111.975,111.6,111.975,896912,0
20230706,190000,111.85,112.35,111.575,111.775,854768,0
20230706,200000,111.775,111.95,111.725,111.775,159896,0
20230706,210000,111.775,112.175,111.75,112,318130,0
20230706,220000,112,112.1,111.825,112,157844,0
20230706,230000,112,112.25,112,112.075,392612,0
20230707,100000,112.175,112.2,111.3,111.8,3198050,0
20230707,110000,111.775,111.85,111.525,111.825,760854,0
20230707,120000,111.825,111.9,111.6,111.725,565414,0
20230707,130000,111.725,111.95,111.6,111.825,560976,0
20230707,140000,111.775,111.85,111.7,111.825,328006,0
20230707,150000,111.825,111.85,111.325,111.45,1115732,0
20230707,160000,111.475,111.55,111.1,111.275,1300102,0
20230707,170000,111.25,111.25,110.125,110.95,2967774,0
20230707,180000,110.95,111.375,110.925,111.375,1056024,0
20230707,190000,111.5,111.525,111.3,111.45,408824,0
20230707,200000,111.45,112.55,111.35,112.225,2479004,0
20230707,210000,112.225,112.35,111.9,112.025,822488,0
20230707,220000,112,112.4,111.925,112.375,814946,0
20230707,230000,112.35,112.425,112.175,112.425,589688,0
20230710,100000,113.25,114.475,113.1,113.9,9404494,0
20230710,110000,113.875,114.375,113.875,114.375,2008714,0
20230710,120000,114.35,114.375,113.55,114.025,2495688,0
20230710,130000,114.025,114.2,113.725,114.1,1224584,0
20230710,140000,114.075,114.1,113.75,113.875,1039668,0
20230710,150000,113.85,114.15,113.8,114.075,876032,0
20230710,160000,114.1,114.15,113.775,114.15,1062720,0
20230710,170000,114.125,114.4,113.9,114.4,1636512,0
20230710,180000,114.4,114.4,114.15,114.325,1355340,0
20230710,190000,114.35,114.75,114.05,114.4,2393800,0
20230710,200000,114.4,114.625,114.225,114.575,1167416,0
20230710,210000,114.55,114.725,114.525,114.675,672902,0
20230710,220000,114.675,114.95,114.5,114.825,1202620,0
20230710,230000,114.825,115.125,114.7,115.05,1318700,0
20230711,100000,115.1,115.925,114.25,115.05,8461374,0
20230711,110000,115.05,115.175,114.3,115,4258520,0
20230711,120000,114.975,116.125,114.85,116.075,4992424,0
20230711,130000,116.05,116.825,115.425,116,9253244,0
20230711,140000,115.975,116.475,115.5,116.275,6655176,0
20230711,150000,116.25,116.975,116.075,116.75,4389824,0
20230711,160000,116.725,117.25,115.9,116.025,6597854,0
20230711,170000,116,116.65,115.9,116.45,2129750,0
20230711,180000,116.45,116.625,116.025,116.025,1057880,0
20230711,190000,116.15,116.425,116.125,116.4,600786,0
20230711,200000,116.4,116.625,116.15,116.575,662178,0
20230711,210000,116.6,116.975,116.575,116.8,1198010,0
20230711,220000,116.8,116.8,116.6,116.725,511398,0
20230711,230000,116.725,116.8,116.5,116.8,851872,0
20230712,100000,117.15,117.425,116.275,116.6,7748420,0
20230712,110000,116.575,116.675,116,116.5,3473122,0
20230712,120000,116.5,116.65,116.2,116.2,1592268,0
20230712,130000,116.225,116.425,115.775,116.125,2659380,0
20230712,140000,116.15,116.425,115.75,115.95,2100808,0
20230712,150000,115.95,116.225,115.7,116.1,1531574,0
20230712,160000,116.15,116.35,115.75,116.025,1658882,0
20230712,170000,116.05,116.05,115.425,115.65,3906484,0
20230712,180000,115.65,115.925,115.475,115.925,1052134,0
20230712,190000,115.875,115.925,115.5,115.55,799370,0
20230712,200000,115.575,115.675,115.1,115.6,1731520,0
20230712,210000,115.6,115.85,115.525,115.8,773996,0
20230712,220000,115.775,116.05,115.75,116,720324,0
20230712,230000,116,116.05,115.775,116,423712,0
20230713,100000,116.15,116.75,115.275,115.775,5277862,0
20230713,110000,115.75,115.775,114.5,115.475,4891470,0
20230713,120000,115.45,115.475,114.875,115.1,1197416,0
20230713,130000,115.075,115.125,114.5,115.1,2648794,0
20230713,140000,115.1,115.225,114.875,115.175,683966,0
20230713,150000,115.2,115.45,115.1,115.225,898042,0
20230713,160000,115.225,115.525,115.125,115.35,772440,0
20230713,170000,115.375,115.7,115.3,115.45,804600,0
20230713,180000,115.425,115.425,115.075,115.075,748288,0
20230713,190000,115.1,115.45,115.1,115.45,411056,0
20230713,200000,115.45,115.45,115.05,115.25,308058,0
20230713,210000,115.25,115.25,115.05,115.2,203684,0
20230713,220000,115.25,115.45,115.175,115.3,177456,0
20230713,230000,115.3,115.4,115.15,115.375,263448,0
20230714,100000,115.25,115.35,114.7,114.875,2157944,0
20230714,110000,114.9,115.85,114.9,115.25,2183902,0
20230714,120000,115.25,115.525,115.1,115.25,654758,0
20230714,130000,115.25,115.7,115.25,115.6,999084,0
20230714,140000,115.6,115.75,115.375,115.575,655784,0
20230714,150000,115.575,115.65,115.325,115.325,487892,0
20230714,160000,115.35,115.45,115.225,115.4,588898,0
20230714,170000,115.4,115.55,115.3,115.5,469664,0
20230714,180000,115.55,116.325,115.5,116.325,2086652,0
20230714,190000,116.05,116.85,115.675,116.425,2368308,0
20230714,200000,116.4,116.825,116.2,116.475,2482744,0
20230714,210000,116.475,116.5,116.075,116.4,884420,0
20230714,220000,116.4,116.55,116.4,116.525,626684,0
20230714,230000,116.5,116.6,116.225,116.375,589550,0
20230717,100000,115.425,116.725,114.575,116.125,5145058,0
20230717,110000,116.125,116.45,115.85,116.275,1769716,0
20230717,120000,116.275,116.675,115.925,116.1,2522694,0
20230717,130000,116.075,116.4,116.025,116.3,1462232,0
20230717,140000,116.25,116.475,116.15,116.35,926912,0
20230717,150000,116.35,116.45,116.25,116.25,564596,0
20230717,160000,116.275,116.375,116,116,1057520,0
20230717,170000,116.025,116.3,115.825,116.225,886340,0
20230717,180000,116.25,116.3,116.025,116.275,451358,0
20230717,190000,116.3,116.3,115.825,116.125,557310,0
20230717,200000,116.1,116.225,115.975,116.2,278120,0
20230717,210000,116.15,116.25,116,116.175,371976,0
20230717,220000,116.175,116.3,115.9,116.025,505254,0
20230717,230000,116.05,116.35,116,116.15,524826,0
20230718,100000,116.325,116.725,116.1,116.675,3409178,0
20230718,110000,116.675,117.5,116.6,117.375,4344036,0
20230718,120000,117.35,118.375,117.175,117.55,6585526,0
20230718,130000,117.55,117.775,117.35,117.45,1860590,0
20230718,140000,117.425,117.575,116.8,117.075,2165018,0
20230718,150000,117.1,117.25,116.875,117.075,1548288,0
20230718,160000,117.075,117.1,116.425,116.6,2277748,0
20230718,170000,116.625,117.125,116.15,117.025,2895530,0
20230718,180000,117.05,117.275,116.925,117.275,923752,0
20230718,190000,117.275,118.25,117.175,117.75,2336254,0
20230718,200000,117.775,118.1,117.525,117.675,1703760,0
20230718,210000,117.65,117.85,117.5,117.825,640234,0
20230718,220000,117.825,118,117.675,117.8,482170,0
20230718,230000,117.725,117.825,117.575,117.7,506732,0
20230719,100000,118.025,118.175,117.125,117.3,4649516,0
20230719,110000,117.3,117.625,116.725,117.475,3005012,0
20230719,120000,117.475,117.6,117.075,117.35,1638988,0
20230719,130000,117.325,117.45,117.075,117.225,692190,0
20230719,140000,117.225,117.35,116.975,117.15,917108,0
20230719,150000,117.175,117.4,117.15,117.25,415176,0
20230719,160000,117.225,117.575,117.225,117.575,631852,0
20230719,170000,117.55,117.775,117.4,117.5,616014,0
20230719,180000,117.525,117.725,117.3,117.3,497022,0
20230719,190000,117.25,117.3,116.8,116.9,770922,0
20230719,200000,116.875,117.2,116.85,117.025,352328,0
20230719,210000,116.975,117.1,116.625,117,676698,0
20230719,220000,116.975,117.125,116.925,117,416118,0
20230719,230000,116.975,117.025,116.4,116.75,1456696,0
20230720,100000,117,117.05,115.375,115.9,4381474,0
20230720,110000,115.875,115.9,114.9,115.275,3378858,0
20230720,120000,115.275,115.525,114.25,115.45,4715654,0
20230720,130000,115.45,115.7,115.15,115.425,1155792,0
20230720,140000,115.45,115.75,115.325,115.7,760454,0
20230720,150000,115.7,115.75,115.4,115.5,588630,0
20230720,160000,115.5,115.9,115.35,115.725,1389682,0
20230720,170000,115.75,115.75,114.7,115.15,1788168,0
20230720,180000,115.15,115.225,114.5,115,2429130,0
20230720,190000,114.725,114.925,114.25,114.85,1820444,0
20230720,200000,114.8,114.95,114.025,114.25,1849424,0
20230720,210000,114.225,114.45,114.025,114.175,763018,0
20230720,220000,114.15,114.275,113.95,114.225,977044,0
20230720,230000,114.225,114.3,113.55,113.8,1079088,0
20230721,100000,114.025,114.75,113.825,114.6,3027410,0
20230721,110000,114.6,115,114.3,114.625,1863896,0
20230721,120000,114.65,114.975,114.6,114.775,1218244,0
20230721,130000,114.8,114.875,113.8,114.5,2315066,0
20230721,140000,114.5,115.5,114.475,115.175,2661246,0
20230721,150000,115.175,115.275,115.025,115.2,497654,0
20230721,160000,115.225,115.525,115.1,115.375,805404,0
20230721,170000,115.45,115.575,115.125,115.15,662426,0
20230721,180000,115.125,115.2,114.5,114.6,1613818,0
20230721,190000,115,115.025,114.725,114.825,422084,0
20230721,200000,114.825,115.1,114.725,115,284548,0
20230721,210000,115,115.15,114.9,115,349560,0
20230721,220000,115,115.1,114.9,115.05,199530,0
20230721,230000,115.05,115.175,114.975,115.175,394532,0
20230724,100000,115.5,116.15,115.075,115.85,3679282,0
20230724,110000,115.85,116,115.6,115.675,1403436,0
20230724,120000,115.675,115.8,115.575,115.625,605654,0
20230724,130000,115.625,115.825,115.5,115.65,549338,0
20230724,140000,115.675,116.025,115.65,115.95,683188,0
20230724,150000,115.975,116.175,115.7,116.025,880982,0
20230724,160000,116.05,116.1,115.65,115.75,659564,0
20230724,170000,115.75,116.05,115.725,115.925,541264,0
20230724,180000,115.9,116.1,115.775,116.1,363230,0
20230724,190000,116,116.1,115.85,116.05,204918,0
20230724,200000,116.05,116.3,115.975,116.225,502318,0
20230724,210000,116.25,116.45,116.225,116.4,697254,0
20230724,220000,116.325,116.4,115.925,116,561350,0
20230724,230000,115.975,116.175,115.95,116.125,151204,0
20230725,100000,116.275,116.75,116.05,116.6,2195536,0
20230725,110000,116.6,116.625,116.375,116.475,872648,0
20230725,120000,116.45,116.6,116.35,116.375,827882,0
20230725,130000,116.375,116.85,116.3,116.675,1303602,0
20230725,140000,116.65,116.75,116.5,116.6,435754,0
20230725,150000,116.625,116.65,115.9,116.1,1917074,0
20230725,160000,116.1,116.5,115.9,116.475,1232562,0
20230725,170000,116.475,116.625,116.25,116.55,850066,0
20230725,180000,116.55,117.05,116.425,117.05,1473492,0
20230725,190000,116.9,116.9,116.65,116.75,412374,0
20230725,200000,116.725,116.775,116.55,116.55,231040,0
20230725,210000,116.575,116.65,116.475,116.625,286698,0
20230725,220000,116.6,116.725,116.5,116.675,190142,0
20230725,230000,116.675,116.7,116.5,116.55,305270,0
20230726,100000,116.6,117.35,116.3,116.35,3733726,0
20230726,110000,116.35,116.675,116.05,116.575,1817464,0
20230726,120000,116.6,116.6,116.25,116.275,1083444,0
20230726,130000,116.25,116.8,116.25,116.75,928470,0
20230726,140000,116.75,117.2,116.625,116.9,1511016,0
20230726,150000,116.925,117.05,116.575,116.8,763478,0
20230726,160000,116.825,117.15,116.775,117.1,1358012,0
20230726,170000,117.1,117.225,116.8,116.825,867768,0
20230726,180000,116.825,116.975,116.5,116.5,944410,0
20230726,190000,116.575,117.025,116.575,116.925,589626,0
20230726,200000,116.975,117,116.85,116.925,309252,0
20230726,210000,116.925,117.325,116.925,117.3,550464,0
20230726,220000,117.325,117.5,117,117.15,1167442,0
20230726,230000,117.075,117.8,117.075,117.45,2620340,0
20230727,100000,117.775,122,117.725,121.6,26797694,0
20230727,110000,121.6,122.95,120.925,122.675,14865100,0
20230727,120000,122.7,122.875,121.9,122.525,6699158,0
20230727,130000,122.5,122.525,121.3,122.325,4926682,0
20230727,140000,122.3,122.425,121.875,122.1,1922890,0
20230727,150000,122.075,123.825,122.075,123.325,9025500,0
20230727,160000,123.325,124.525,123.3,124.35,8022306,0
20230727,170000,124.35,124.475,123.65,124.05,4827084,0
20230727,180000,124.05,125.5,123.9,125.025,8989066,0
20230727,190000,125.425,126.5,124.675,125.5,8441872,0
20230727,200000,125.5,125.775,125.025,125.175,2707332,0
20230727,210000,125.2,125.375,124.775,125.15,2488114,0
20230727,220000,125.125,125.175,124.8,124.85,1542204,0
20230727,230000,124.85,125.525,124.8,125.5,1581072,0
20230728,100000,125.65,125.875,123.85,124.425,11012782,0
20230728,110000,124.425,124.45,123.175,123.65,8100788,0
20230728,120000,123.675,124.4,123.3,124.2,2534128,0
20230728,130000,124.175,125.725,124.125,125.5,4611188,0
20230728,140000,125.525,125.675,124.575,124.7,4126418,0
20230728,150000,124.7,124.975,124.175,124.575,2098664,0
20230728,160000,124.6,125.15,124.35,124.7,1928946,0
20230728,170000,124.725,125.2,124.575,124.85,1306358,0
20230728,180000,124.85,125.45,124.55,125.45,1715662,0
20230728,190000,125.4,126.425,125.175,125.925,3625446,0
20230728,200000,125.975,126.075,125.325,125.8,1394464,0
20230728,210000,125.8,125.9,125.5,125.625,735230,0
20230728,220000,125.625,125.8,125.35,125.725,909088,0
20230728,230000,125.725,125.75,125.1,125.4,1326676,0
20230731,100000,126.75,129.325,126.2,128.525,18138054,0
20230731,110000,128.525,128.9,127.85,128.575,4872560,0
20230731,120000,128.575,129.75,128.4,129.3,7887174,0
20230731,130000,129.3,129.45,128.75,129.175,3563508,0
20230731,140000,129.2,129.225,128.675,128.975,2655262,0
20230731,150000,128.975,129.1,128.65,128.9,1180248,0
20230731,160000,128.9,129.425,128.9,129.3,1704308,0
20230731,170000,129.3,129.3,128.175,129.075,3462908,0
20230731,180000,129.075,129.2,128.475,129.2,1969990,0
20230731,190000,129.05,129.225,128.5,128.775,1317058,0
20230731,200000,128.775,128.875,128.5,128.55,876246,0
20230731,210000,128.55,129.125,128.5,128.925,1014970,0
20230731,220000,128.95,129.075,128.85,128.925,781552,0
20230731,230000,128.925,129.075,128.7,129.075,921998,0
20230801,100000,129.55,129.65,127.075,128.25,10064166,0
20230801,110000,128.25,128.55,127.35,128.3,4307540,0
20230801,120000,128.275,130,128.275,129.35,7717798,0
20230801,130000,129.35,129.575,128.775,129.45,2408738,0
20230801,140000,129.425,129.8,128.25,128.925,3629648,0
20230801,150000,128.925,129.375,128.5,129.15,1942794,0
20230801,160000,129.2,129.475,128.95,129.25,1130134,0
20230801,170000,129.25,129.25,127.8,128.175,3577346,0
20230801,180000,128.175,128.575,127.8,128,1418630,0
20230801,190000,128.2,128.55,127.6,127.7,1004662,0
20230801,200000,127.7,128.175,127.7,127.9,651202,0
20230801,210000,127.975,128.375,127.85,128.175,389562,0
20230801,220000,128.2,128.6,128.15,128.35,400320,0
20230801,230000,128.35,128.375,127.9,128.15,400538,0
20230802,100000,128.15,128.3,126.7,127.45,6530880,0
20230802,110000,127.45,128.125,127.175,127.725,1901168,0
20230802,120000,127.7,127.9,126.975,127.325,2615696,0
20230802,130000,127.3,127.425,126.975,127.125,1135598,0
20230802,140000,127.125,127.725,127.1,127.6,1160420,0
20230802,150000,127.6,127.825,127.3,127.725,1082208,0
20230802,160000,127.65,127.725,127.4,127.55,985530,0
20230802,170000,127.55,127.625,127.3,127.375,843534,0
20230802,180000,127.4,128.075,127.3,128.05,1123278,0
20230802,190000,128.025,128.425,127.725,127.95,1150354,0
20230802,200000,127.95,128.1,127.775,128.025,359766,0
20230802,210000,128.025,128.075,127.8,127.95,195990,0
20230802,220000,127.925,128.025,127.775,127.85,299754,0
20230802,230000,127.85,128,127.825,128,235020,0
20230803,100000,127.75,128.275,127.075,127.825,4231498,0
20230803,110000,127.8,135,127.575,134.075,27742984,0
20230803,120000,134.1,134.6,132.625,133.6,11559910,0
20230803,130000,133.6,135.35,133.275,135.2,7526972,0
20230803,140000,135.25,135.825,134,135.075,10136840,0
20230803,150000,135.1,135.25,134.5,134.725,3593254,0
20230803,160000,134.725,135.55,134.425,134.975,3953200,0
20230803,170000,134.95,135.225,133.775,135.075,4669018,0
20230803,180000,135.075,135.125,134.6,134.6,2098798,0
20230803,190000,134.75,135.175,134.45,135.075,1107990,0
20230803,200000,135.075,135.5,134.85,135.225,1606684,0
20230803,210000,135.225,135.325,135.05,135.25,1035600,0
20230803,220000,135.25,136.1,135.175,136,2468170,0
20230803,230000,136,136.55,135,135.35,3324420,0
20230804,100000,135.5,137.6,134.55,137.3,13680928,0
20230804,110000,137.275,137.75,136.2,136.275,5904298,0
20230804,120000,136.25,136.975,136,136.6,2714084,0
20230804,130000,136.575,136.875,136.35,136.675,2067860,0
20230804,140000,136.65,136.7,133.1,135.05,10140132,0
20230804,150000,135.075,135.1,130.025,133.325,16690378,0
20230804,160000,133.35,135.2,133.25,134.425,5238588,0
20230804,170000,134.425,134.425,132.1,132.975,6329370,0
20230804,180000,132.975,132.975,131.175,131.2,4134288,0
20230804,190000,131.35,131.85,129.7,131,5101510,0
20230804,200000,131.025,133.225,130.825,132.55,3831846,0
20230804,210000,132.525,132.85,132.15,132.525,893598,0
20230804,220000,132.5,132.875,132.2,132.25,789870,0
20230804,230000,132.25,132.725,132.15,132.625,909484,0
20230807,100000,133.1,134.5,132.525,133.875,9119908,0
20230807,110000,133.9,135.2,133.8,134.55,5619242,0
20230807,120000,134.55,134.6,133.4,133.9,3362992,0
20230807,130000,133.9,134.25,133.7,133.725,1229190,0
20230807,140000,133.7,134.05,133.6,134.025,680698,0
20230807,150000,134.05,134.275,133.025,133.3,1618912,0
20230807,160000,133.325,134,133.175,133.975,863074,0
20230807,170000,133.925,133.975,132.15,132.35,3082640,0
20230807,180000,132.35,132.375,130.025,130.025,4864472,0
20230807,190000,130.25,131.125,130.25,130.65,1941410,0
20230807,200000,130.625,130.675,128.15,129.25,5247760,0
20230807,210000,129.25,129.725,129.15,129.55,1398700,0
20230807,220000,129.55,130.675,129.525,130.275,1263482,0
20230807,230000,130.3,130.425,130,130.375,554614,0
20230808,100000,130,130.375,127,128.675,9646322,0
20230808,110000,128.65,129.25,127.275,128.875,5841694,0
20230808,120000,128.875,129,127.875,128.8,2280594,0
20230808,130000,128.8,131.85,128.775,131.35,6810102,0
20230808,140000,131.375,132.25,130.075,131.25,5526568,0
20230808,150000,131.25,132.925,130.8,131.275,5461736,0
20230808,160000,131.225,132.2,130.225,132.075,2328456,0
20230808,170000,132.075,132.2,131.4,131.6,1643764,0
20230808,180000,131.6,131.8,131.35,131.35,753098,0
20230808,190000,131.55,132.225,131.375,131.925,444374,0
20230808,200000,131.85,132.2,131.775,132,451170,0
20230808,210000,132,132.1,131.45,131.725,498140,0
20230808,220000,131.725,133.225,131.7,133.025,1830430,0
20230808,230000,133.025,133.3,132.65,133.3,829320,0
20230809,100000,133.55,134.825,132.8,133.375,6054430,0
20230809,110000,133.375,134.25,133.05,133.475,2410338,0
20230809,120000,133.475,133.9,131.8,131.85,3233620,0
20230809,130000,131.85,133,131.2,132.1,4512294,0
20230809,140000,132.125,133.2,131.875,132.725,2164896,0
20230809,150000,132.7,132.75,132.125,132.15,840238,0
20230809,160000,132.15,133.1,131.8,132.85,1538516,0
20230809,170000,132.85,133.45,132.475,132.5,956316,0
20230809,180000,132.525,132.775,132.325,132.325,549152,0
20230809,190000,132.725,132.725,132.025,132.25,576782,0
20230809,200000,132.225,132.425,132.05,132.4,298502,0
20230809,210000,132.4,133.125,132.325,132.9,593646,0
20230809,220000,132.9,132.95,132.6,132.7,163540,0
20230809,230000,132.7,132.75,132.525,132.725,357658,0
20230810,100000,133.425,133.675,132.825,133,3169768,0
20230810,110000,133.025,134.35,132.95,133.7,3814034,0
20230810,120000,133.7,133.975,133.2,133.25,1957392,0
20230810,130000,133.2,133.675,132.625,133.525,1337292,0
20230810,140000,133.525,139.25,133.5,137.85,39799252,0
20230810,150000,137.825,138.6,137.275,138.225,7490522,0
20230810,160000,138.225,141.625,138.225,141.125,24491332,0
20230810,170000,141.15,143.275,141.125,141.725,17394412,0
20230810,180000,141.75,143,141.675,142.175,6264524,0
20230810,190000,142.175,144,141.275,141.975,13448230,0
20230810,200000,141.95,142.475,141.5,142.1,3792022,0
20230810,210000,142.025,142.375,141.75,142.2,1489378,0
20230810,220000,142.225,142.825,141.95,142.15,2809112,0
20230810,230000,142.15,142.95,141.875,142.75,2633482,0
20230811,100000,142.675,144.1,140.625,142.225,20183504,0
20230811,110000,142.275,142.4,140.4,141,7894572,0
20230811,120000,140.975,141.975,140.45,141.625,4716618,0
20230811,130000,141.575,142.2,141.4,141.55,2219860,0
20230811,140000,141.5,141.825,141,141.625,1849876,0
20230811,150000,141.625,142.05,141.45,141.65,1047900,0
20230811,160000,141.65,141.775,141,141.025,2589684,0
20230811,170000,141,141.25,140.6,141.2,2939418,0
20230811,180000,141.225,141.825,141.05,141.5,2205356,0
20230811,190000,141.5,142.05,141.325,141.6,1129126,0
20230811,200000,141.6,141.8,141.475,141.575,556420,0
20230811,210000,141.625,141.675,141.175,141.4,665828,0
20230811,220000,141.425,141.575,141.25,141.35,611484,0
20230811,230000,141.35,141.575,141.25,141.5,790490,0
20230814,100000,143.2,143.95,141.65,142.55,10408730,0
20230814,110000,142.525,142.75,141.95,142.25,3312492,0
20230814,120000,142.25,142.55,141.95,142.225,2146534,0
20230814,130000,142.225,142.3,141.5,142,2659608,0
20230814,140000,142,142,140.75,140.9,2718714,0
20230814,150000,140.9,142.2,140.5,141.3,4494370,0
20230814,160000,141.275,141.725,140.875,141.725,1912508,0
20230814,170000,141.725,142.025,138.05,139.625,15059390,0
20230814,180000,139.65,139.675,137.775,138.5,4691824,0
20230814,190000,138.775,139.25,137.6,138.7,3186178,0
20230814,200000,138.625,138.7,136.35,137.1,5280496,0
20230814,210000,137.125,137.925,136.675,137.75,2264354,0
20230814,220000,137.75,138.575,137.425,137.575,1661000,0
20230814,230000,137.575,137.8,137.2,137.3,654500,0
20230815,100000,136.2,139.95,135.8,139.425,12358858,0
20230815,110000,139.425,139.8,137,137.925,6438250,0
20230815,120000,137.925,138.5,137.1,138.475,3421730,0
20230815,130000,138.45,139,138.125,138.4,1708240,0
20230815,140000,138.375,139.7,138.275,139.2,2068214,0
20230815,150000,139.175,139.35,138.125,138.375,2114814,0
20230815,160000,138.35,139,138.35,138.825,948400,0
20230815,170000,138.825,139.55,138.625,139.3,1456838,0
20230815,180000,139.3,139.35,138,138,2463162,0
20230815,190000,138,138.375,137.75,137.925,891280,0
20230815,200000,137.925,138.2,137.525,137.775,507858,0
20230815,210000,137.775,138.075,137.625,138.05,380146,0
20230815,220000,138.05,138.05,136,136.55,1884444,0
20230815,230000,136.55,136.75,135.275,135.975,1837670,0
20230816,100000,136.575,137.025,134.575,135.25,7573280,0
20230816,110000,135.225,135.25,133.65,133.95,4462954,0
20230816,120000,133.975,134.625,132.775,132.9,6632252,0
20230816,130000,132.9,134.9,132.775,133.825,4843388,0
20230816,140000,133.9,134.2,133.25,133.25,2638426,0
20230816,150000,133.275,133.65,131.275,132.15,6633966,0
20230816,160000,132.15,133.775,131.7,133.75,4354566,0
20230816,170000,133.7,133.925,132.775,132.925,2734942,0
20230816,180000,132.925,133.35,132.625,133.2,893246,0
20230816,190000,133.025,134.925,133.025,133.975,1683674,0
20230816,200000,133.975,134,133.55,133.85,550320,0
20230816,210000,133.825,134.075,133.35,133.425,574716,0
20230816,220000,133.425,133.475,133.25,133.325,415094,0
20230816,230000,133.325,134.125,133.25,133.875,471928,0
20230817,100000,135.025,135.775,133.9,135.4,5758868,0
20230817,110000,135.425,135.8,134.5,135.3,3161430,0
20230817,120000,135.325,135.325,132.775,133.275,4943232,0
20230817,130000,133.35,134.875,133.25,134.275,2291814,0
20230817,140000,134.2,134.675,134,134.275,977924,0
20230817,150000,134.3,134.8,134.225,134.5,742862,0
20230817,160000,134.525,135.1,134.05,134.85,1362510,0
20230817,170000,134.85,135,133.875,134.2,985654,0
20230817,180000,134.225,134.7,133.8,134,875046,0
20230817,190000,134.1,135,134,134.75,877036,0
20230817,200000,134.875,135.55,134.5,135.55,1203968,0
20230817,210000,135.525,136.9,135.525,136.25,3693844,0
20230817,220000,136.275,139.5,136.25,139.275,8647292,0
20230817,230000,139.125,140.4,138.525,139.225,5234474,0
20230818,100000,139.5,141.2,138.35,138.775,10732574,0
20230818,110000,138.8,140.525,138.4,139.8,4062106,0
20230818,120000,139.8,141.6,139.8,140.575,5325108,0
20230818,130000,140.575,140.75,139.675,140.025,2071834,0
20230818,140000,140.025,140.3,138.75,138.975,2797620,0
20230818,150000,138.975,140.55,138.025,139.85,4553052,0
20230818,160000,139.825,140.25,139.35,139.5,1819192,0
20230818,170000,139.475,140.075,138.925,140,1969340,0
20230818,180000,140,140.05,139.35,140,944930,0
20230818,190000,140,140.45,139.5,139.7,1219596,0
20230818,200000,139.7,140.5,139.625,140.375,871876,0
20230818,210000,140.4,140.5,139.8,140,983068,0
20230818,220000,140,140.275,139.75,140.125,974624,0
20230818,230000,140.125,140.175,139.8,139.8,844532,0
20230821,100000,140.625,141.2,139.8,140.05,5071864,0
20230821,110000,140.025,140.25,138.775,139.45,3622878,0
20230821,120000,139.45,140.375,139.125,140.175,2256622,0
20230821,130000,140.175,140.2,139.125,139.725,1451290,0
20230821,140000,139.725,139.975,139.65,139.65,618394,0
20230821,150000,139.675,140.15,139.425,139.7,1309006,0
20230821,160000,139.7,139.825,138.775,138.9,2218588,0
20230821,170000,138.875,139.5,138.575,139.175,1504228,0
20230821,180000,139.15,139.475,139.025,139.025,564590,0
20230821,190000,139.2,139.2,138.75,139.1,494332,0
20230821,200000,139.15,139.35,138.925,139.25,643706,0
20230821,210000,139.25,139.475,139.1,139.35,302900,0
20230821,220000,139.325,139.5,139.25,139.35,337994,0
20230821,230000,139.35,139.4,139.2,139.35,231816,0
20230822,100000,139.325,139.5,137.525,138.55,5161272,0
20230822,110000,138.55,139.2,138.45,138.75,2586032,0
20230822,120000,138.75,138.925,138.15,138.775,1260106,0
20230822,130000,138.8,138.925,138.325,138.675,491560,0
20230822,140000,138.675,138.925,138.5,138.5,605906,0
20230822,150000,138.5,139.05,138.425,138.775,785972,0
20230822,160000,138.775,139.175,138.25,138.275,2347730,0
20230822,170000,138.275,138.675,137.75,137.95,2489138,0
20230822,180000,137.95,138.225,137.8,137.8,1386384,0
20230822,190000,137.95,138.5,137.875,138.475,746418,0
20230822,200000,138.425,138.475,138.15,138.375,319414,0
20230822,210000,138.325,138.5,138.25,138.45,363578,0
20230822,220000,138.45,138.9,138.225,138.35,680316,0
20230822,230000,138.35,138.775,138.3,138.675,307586,0
20230823,100000,139.05,139.05,138.25,138.375,1550360,0
20230823,110000,138.35,138.6,137.75,137.975,1452664,0
20230823,120000,137.95,138.3,136.9,137.55,1844776,0
20230823,130000,137.55,137.85,136.75,137.6,2216688,0
20230823,140000,137.55,137.6,136.575,136.8,2223216,0
20230823,150000,136.8,136.925,135.95,136.3,2382096,0
20230823,160000,136.3,136.775,135.025,136.725,4523872,0
20230823,170000,136.725,137.625,136.275,137.4,2101824,0
20230823,180000,137.375,137.8,137.175,137.8,1032524,0
20230823,190000,137.5,138.45,137.3,137.4,1722604,0
20230823,200000,137.4,137.525,135.55,136.3,3271708,0
20230823,210000,136.3,136.525,133.85,135.15,3648174,0
20230823,220000,135.125,135.525,134.15,134.825,2332272,0
20230823,230000,134.825,135.325,134.05,135.1,1810114,0
20230824,100000,135.975,136.025,134.525,135.325,3835534,0
20230824,110000,135.35,137.125,135.15,137.075,3123110,0
20230824,120000,137.025,137.5,136.1,136.8,3002804,0
20230824,130000,136.8,136.85,135.55,136,2097202,0
20230824,140000,136.05,136.95,135.975,136.8,1217128,0
20230824,150000,136.8,136.975,136.275,136.425,694928,0
20230824,160000,136.45,136.775,135.975,136.5,757352,0
20230824,170000,136.5,137.15,136.35,137.05,953098,0
20230824,180000,137.025,137.05,136.525,137.025,580910,0
20230824,190000,137.025,138.225,136.775,137.8,1733896,0
20230824,200000,137.8,137.875,137.3,137.5,571244,0
20230824,210000,137.5,137.975,137.4,137.875,357100,0
20230824,220000,137.85,138.25,137.85,137.925,784126,0
20230824,230000,137.925,138.175,137.8,138.125,482252,0
20230825,100000,138.1,138.85,137.5,138.325,3591708,0
20230825,110000,138.25,138.8,137.6,138.075,2237654,0
20230825,120000,138.1,138.625,137.925,138.175,1243570,0
20230825,130000,138.2,138.725,138.2,138.35,769804,0
20230825,140000,138.425,140.15,138.35,139.775,6464926,0
20230825,150000,139.775,140.225,139.325,139.55,2110604,0
20230825,160000,139.575,140,139,139.575,1538954,0
20230825,170000,139.575,139.675,139.2,139.425,896346,0
20230825,180000,139.425,139.6,139.15,139.6,708670,0
20230825,190000,139.425,140,139.425,139.65,809164,0
20230825,200000,139.65,139.65,139.2,139.425,410898,0
20230825,210000,139.425,139.725,139.35,139.475,418932,0
20230825,220000,139.5,139.75,139.35,139.7,656808,0
20230825,230000,139.675,139.7,139.1,139.275,661412,0
20230828,100000,139.825,140.775,139.75,140.475,5164918,0
20230828,110000,140.475,141.2,140.425,140.575,3542860,0
20230828,120000,140.575,140.9,140.3,140.675,1477562,0
20230828,130000,140.725,140.85,140.375,140.65,823820,0
20230828,140000,140.625,140.65,140.1,140.5,1370372,0
20230828,150000,140.5,141,140.15,140.95,2162032,0
20230828,160000,140.975,141.95,140.85,141.725,5236712,0
20230828,170000,141.725,142.5,141.625,142.025,3317672,0
20230828,180000,142,142.475,141.825,142.35,1586170,0
20230828,190000,142.35,142.475,141.85,142.175,917862,0
20230828,200000,142.2,142.25,141.975,142.15,386276,0
20230828,210000,142.15,142.15,142.025,142.125,446828,0
20230828,220000,142.075,142.45,141.925,142.3,838574,0
20230828,230000,142.3,142.325,142.125,142.175,406854,0
20230829,100000,142.2,143.2,141.525,142.025,5391492,0
20230829,110000,142.025,142.6,141.275,142.325,3443756,0
20230829,120000,142.3,142.95,142.15,142.375,1839560,0
20230829,130000,142.4,142.825,142.15,142.35,1321012,0
20230829,140000,142.325,142.575,141.925,142.2,1298662,0
20230829,150000,142.2,142.25,140.575,141.15,4754442,0
20230829,160000,141.125,141.475,140.525,141.45,1543568,0
20230829,170000,141.425,141.575,140.25,140.5,1822312,0
20230829,180000,140.5,141.3,140.45,141.3,1451588,0
20230829,190000,141.15,141.475,141,141.3,666964,0
20230829,200000,141.3,141.65,141.275,141.3,488982,0
20230829,210000,141.3,141.65,141.275,141.55,306646,0
20230829,220000,141.575,141.75,141.35,141.475,257678,0
20230829,230000,141.475,141.5,141.025,141.2,442138,0
20230830,100000,141.525,141.875,140.675,141.425,2680788,0
20230830,110000,141.425,141.425,139.775,140.625,3848290,0
20230830,120000,140.625,140.875,140.2,140.525,1225968,0
20230830,130000,140.525,140.825,140.225,140.55,756788,0
20230830,140000,140.525,141.225,140.2,141.05,1160924,0
20230830,150000,141.025,141.325,140.35,140.525,927718,0
20230830,160000,140.475,140.525,139.55,139.6,2327134,0
20230830,170000,139.625,140.2,139.25,140.075,2030954,0
20230830,180000,140.075,140.825,140.075,140.525,981062,0
20230830,190000,140.525,140.75,140.4,140.55,422190,0
20230830,200000,140.575,140.6,140.175,140.275,273468,0
20230830,210000,140.2,140.525,140.2,140.375,163920,0
20230830,220000,140.35,140.425,140.2,140.375,159224,0
20230830,230000,140.375,140.525,140.375,140.5,173218,0
20230831,100000,140.9,145.875,140.75,144.9,20690486,0
20230831,110000,144.875,145.75,144.225,144.45,7335042,0
20230831,120000,144.4,144.7,143.875,144.15,3387076,0
20230831,130000,144.2,144.35,143.35,143.95,3306144,0
20230831,140000,143.925,144.95,143.825,144.65,3356722,0
20230831,150000,144.65,144.8,143.675,143.95,2585546,0
20230831,160000,143.95,143.95,142.875,143.425,4085288,0
20230831,170000,143.4,143.875,142.675,143.525,2218986,0
20230831,180000,143.55,143.675,143.3,143.675,617538,0
20230831,190000,143.75,144.425,143.625,143.975,1609102,0
20230831,200000,143.975,144.65,143.925,144.375,1145256,0
20230831,210000,144.35,144.625,144,144.25,1025356,0
20230831,220000,144.25,144.5,144.1,144.3,608060,0
20230831,230000,144.3,144.45,143.75,144.125,859702,0
20230901,100000,144.125,144.95,143.525,144.2,3145682,0
20230901,110000,144.2,144.45,142.875,143.125,3160412,0
20230901,120000,143.125,143.8,142.9,143.175,1492182,0
20230901,130000,143.15,143.625,143,143.05,968414,0
20230901,140000,143.05,143.375,142.95,143.15,623556,0
20230901,150000,143.175,143.575,143.05,143.475,765890,0
20230901,160000,143.5,144.95,143.425,143.9,3307858,0
20230901,170000,143.85,144.25,143.65,144,974806,0
20230901,180000,144,144.525,143.95,144.525,552706,0
20230901,190000,144.475,144.475,143.975,144.225,595914,0
20230901,200000,144.25,144.275,143.75,143.775,497012,0
20230901,210000,143.825,143.95,143.75,143.925,168416,0
20230901,220000,143.875,144.075,143.825,143.975,471854,0
20230901,230000,143.975,144.15,143.825,143.95,655616,0
20230904,100000,144.975,145.7,144.6,145.3,4785410,0
20230904,110000,145.275,145.4,144.45,144.95,2915442,0
20230904,120000,144.9,146.075,144.9,145.55,5582138,0
20230904,130000,145.55,146.425,145.25,146.325,2019410,0
20230904,140000,146.35,146.925,146.2,146.375,4047780,0
20230904,150000,146.375,146.5,145.75,146.025,1506828,0
20230904,160000,146.025,146.45,145.7,145.875,1592932,0
20230904,170000,145.85,146.3,145.45,146.275,1593130,0
20230904,180000,146.3,146.6,146.15,146.6,974984,0
20230904,190000,146.4,146.4,145.725,146.275,603410,0
20230904,200000,146.25,146.45,146.2,146.4,392490,0
20230904,210000,146.35,146.5,146.1,146.125,643802,0
20230904,220000,146.125,146.325,146.025,146.3,411274,0
20230904,230000,146.25,146.55,146.225,146.475,523150,0
20230905,100000,146.375,146.575,145.8,146,2433624,0
20230905,110000,146.025,146.125,145.025,145.325,4146924,0
20230905,120000,145.3,145.825,143.5,143.825,9041638,0
20230905,130000,143.825,144.825,143.625,144.6,4180944,0
20230905,140000,144.625,145.425,144.6,144.975,2387942,0
20230905,150000,145.025,145.45,144.9,145.15,1308786,0
20230905,160000,145.15,145.775,145.125,145.35,1524298,0
20230905,170000,145.375,145.475,144.8,145.125,928688,0
20230905,180000,145.15,145.475,145.025,145.475,726848,0
20230905,190000,145.3,145.375,144.375,144.925,1182498,0
20230905,200000,144.9,145.025,144.725,144.975,284714,0
20230905,210000,145,145.075,144.75,144.975,413570,0
20230905,220000,144.925,145.225,144.9,145,1143586,0
20230905,230000,144.975,145.25,144.85,144.975,374410,0
20230906,100000,144.975,144.975,141.575,143.25,6978538,0
20230906,110000,143.225,143.825,142.975,143.375,1843972,0
20230906,120000,143.425,143.825,143.175,143.75,934660,0
20230906,130000,143.75,143.775,142.35,142.75,2484262,0
20230906,140000,142.75,143,142.35,142.55,1529142,0
20230906,150000,142.55,143.45,142.3,143.175,1147326,0
20230906,160000,143.225,143.575,143.05,143.475,804606,0
20230906,170000,143.4,143.5,143.05,143.2,597468,0
20230906,180000,143.2,143.425,142.85,142.85,1156240,0
20230906,190000,142.975,143.35,142.575,143.35,471320,0
20230906,200000,143.325,143.375,142.925,143.225,404016,0
20230906,210000,143.225,143.275,143,143.05,155402,0
20230906,220000,143.075,143.225,142.9,142.925,256136,0
20230906,230000,142.9,142.925,142.1,142.575,990530,0
20230907,100000,142.5,143.15,141.625,143,3940938,0
20230907,110000,143,143.575,142.425,142.55,2066530,0
20230907,120000,142.55,142.9,141.975,142.2,1307380,0
20230907,130000,142.15,142.25,140.65,140.925,6338714,0
20230907,140000,140.9,141.125,139.65,140.325,5896500,0
20230907,150000,140.3,141.3,139.825,140.1,2238450,0
20230907,160000,140.1,140.475,139.3,139.95,3488868,0
20230907,170000,139.925,140,135.375,137.025,9944248,0
20230907,180000,137.025,138.325,136.65,136.65,3331554,0
20230907,190000,137.025,138.25,136.975,137.375,3441948,0
20230907,200000,137.4,137.8,136.675,137.375,1303770,0
20230907,210000,137.375,138.7,137.375,138.45,1114422,0
20230907,220000,138.45,138.925,137.95,138.275,1140838,0
20230907,230000,138.275,138.325,137.6,137.725,720246,0
20230908,100000,138.35,138.7,133.675,134.625,11962926,0
20230908,110000,134.6,136.25,133.8,135.8,6344990,0
20230908,120000,135.8,136.875,135.25,135.575,3277126,0
20230908,130000,135.625,136.75,135.4,136.725,1399820,0
20230908,140000,136.7,137.15,136.2,137.1,1778784,0
20230908,150000,137.075,137.475,136.4,136.9,2134316,0
20230908,160000,136.95,136.95,135.8,136.375,1625818,0
20230908,170000,136.375,136.75,136.175,136.45,709610,0
20230908,180000,136.425,136.7,135.825,135.825,1148916,0
20230908,190000,136,136.975,135.825,136.175,604230,0
20230908,200000,136.2,136.5,136.025,136.475,264804,0
20230908,210000,136.5,136.525,136.2,136.225,226280,0
20230908,220000,136.25,136.3,136.15,136.2,483312,0
20230908,230000,136.2,136.225,135.775,135.95,527294,0
20230911,100000,135.7,137.725,135.05,136.75,5555404,0
20230911,110000,136.75,136.975,134.8,135.35,3325788,0
20230911,120000,135.375,135.65,133.525,134.1,5695984,0
20230911,130000,134.125,134.8,133.575,134.075,3895990,0
20230911,140000,134.075,134.425,132.6,133.025,4242832,0
20230911,150000,133.05,134.4,132.825,134,2452074,0
20230911,160000,134.025,134.8,133.55,134.65,1589938,0
20230911,170000,134.7,134.75,133.175,133.175,1706758,0
20230911,180000,133.175,133.675,132.65,133.675,2156144,0
20230911,190000,133.45,134.05,133.325,133.875,821470,0
20230911,200000,133.85,134.15,133.85,134.025,528144,0
20230911,210000,134.05,134.3,133.4,133.875,1043406,0
20230911,220000,133.875,133.875,132.85,133.025,708724,0
20230911,230000,133.025,133.375,132.925,133.325,450434,0
20230912,100000,134.675,136.95,133.5,136.7,8684054,0
20230912,110000,136.725,137.1,135.95,136.825,3530988,0
20230912,120000,136.825,136.925,135.45,135.575,1998330,0
20230912,130000,135.65,136.4,135.525,135.875,1467124,0
20230912,140000,135.85,136.35,135.55,135.7,717544,0
20230912,150000,135.7,135.725,134.575,134.875,3821772,0
20230912,160000,134.875,135.525,134.875,135.125,1120916,0
20230912,170000,135.125,135.75,134.95,135.675,906320,0
20230912,180000,135.675,136,135.55,136,806504,0
20230912,190000,136,136.5,135.725,136.475,1176358,0
20230912,200000,136.475,136.6,136.225,136.55,565182,0
20230912,210000,136.575,136.575,136.225,136.4,366918,0
20230912,220000,136.4,136.5,136.175,136.475,324750,0
20230912,230000,136.45,136.925,136.375,136.775,680262,0
20230913,100000,137,137.875,136.05,137.325,5222516,0
20230913,110000,137.275,137.375,136.275,136.65,1423152,0
20230913,120000,136.675,137.175,136.15,136.25,707126,0
20230913,130000,136.375,136.6,135.35,135.55,1625482,0
20230913,140000,135.55,135.95,135.075,135.125,1827722,0
20230913,150000,135.125,135.85,135.075,135.3,1225314,0
20230913,160000,135.3,135.325,133.675,133.85,3313590,0
20230913,170000,133.85,134.35,133.75,134.225,1799868,0
20230913,180000,134.225,134.6,134,134,961266,0
20230913,190000,134.125,134.2,133.575,134,648536,0
20230913,200000,134.025,134.425,133.95,134.4,401174,0
20230913,210000,134.425,134.45,134,134.075,250022,0
20230913,220000,134.05,134.2,133,133.125,1049530,0
20230913,230000,133.125,133.725,132.775,133.35,1162484,0
20230914,100000,133.525,133.875,131.45,131.975,6339696,0
20230914,110000,132,132.35,131.175,131.8,4131176,0
20230914,120000,131.775,132.3,129.625,130.1,5077216,0
20230914,130000,130.1,131.675,130.05,131.45,4478328,0
20230914,140000,131.45,131.675,130.85,131.65,1700280,0
20230914,150000,131.65,131.725,131.15,131.6,840262,0
20230914,160000,131.6,133.425,131.5,133.3,2558426,0
20230914,170000,133.275,134.1,132.4,132.6,3098852,0
20230914,180000,132.65,133.75,132.6,133.75,1329986,0
20230914,190000,133.6,133.725,133.3,133.625,966442,0
20230914,200000,133.675,133.75,133.25,133.5,446634,0
20230914,210000,133.5,133.5,132.3,132.875,1070906,0
20230914,220000,132.95,133.1,132.75,133,220614,0
20230914,230000,133,133.05,132.9,133.025,142800,0
20230915,100000,133.325,134.15,132.45,133.125,3125386,0
20230915,110000,133.125,134.05,132.95,133.35,1748080,0
20230915,120000,133.35,134.1,132.85,133.55,1450584,0
20230915,130000,133.6,135.6,133.6,134.625,6225322,0
20230915,140000,134.625,135.45,134.15,135.425,2647302,0
20230915,150000,135.425,135.9,134.85,135,2060498,0
20230915,160000,134.975,135.625,134.825,135.4,982326,0
20230915,170000,135.35,135.375,134.65,134.85,1211114,0
20230915,180000,134.85,135.25,134.65,135.075,588536,0
20230915,190000,135.3,135.7,135.075,135.55,697290,0
20230915,200000,135.5,135.55,135.15,135.25,197224,0
20230915,210000,135.25,135.325,134.825,135,514428,0
20230915,220000,135,135.225,134.975,135.175,345026,0
20230915,230000,135.1,135.5,135.05,135.425,559862,0
20230918,100000,136.2,136.875,135.625,136.175,4371408,0
20230918,110000,136.175,136.5,135.225,135.55,1961894,0
20230918,120000,135.55,135.825,134.6,134.75,2139156,0
20230918,130000,134.775,135.625,134.65,134.8,1275376,0
20230918,140000,134.8,135.1,133.7,133.975,2361430,0
20230918,150000,134,134.35,133.35,134.15,1975496,0
20230918,160000,134.15,134.175,133.525,134.15,1245728,0
20230918,170000,134.15,134.175,133.8,133.95,768482,0
20230918,180000,133.95,134.85,133.925,134.85,1462992,0
20230918,190000,134.65,134.7,134.4,134.45,777792,0
20230918,200000,134.45,134.575,134.4,134.425,360104,0
20230918,210000,134.5,134.55,134.4,134.475,96188,0
20230918,220000,134.5,134.55,134.2,134.325,177350,0
20230918,230000,134.325,134.35,134.25,134.35,141190,0
20230919,100000,134.35,134.35,132.875,133.175,3702684,0
20230919,110000,133.175,133.175,131.6,131.95,5156692,0
20230919,120000,131.95,132.4,130.6,131.05,4915938,0
20230919,130000,131.05,132.075,130.725,131.55,2984392,0
20230919,140000,131.55,131.65,130.75,131.5,2334840,0
20230919,150000,131.55,131.575,128.95,129.6,7427324,0
20230919,160000,129.575,130.65,128.775,130.475,4085572,0
20230919,170000,130.5,130.8,129.825,130.4,2227800,0
20230919,180000,130.375,131,130.25,130.975,1433724,0
20230919,190000,130.475,131.025,130.45,131,947276,0
20230919,200000,131.025,131.1,129.475,129.575,861246,0
20230919,210000,129.65,129.975,128.525,128.95,2121080,0
20230919,220000,128.9,129.7,128.9,129.1,1106324,0
20230919,230000,129.175,129.2,128.15,128.35,1372930,0
20230920,100000,128.25,129.225,125.05,126.125,13091916,0
20230920,110000,126.2,127.375,124.525,127.325,9406334,0
20230920,120000,127.325,129.2,127.2,128.875,6865372,0
20230920,130000,128.875,129.65,127.675,127.775,3352898,0
20230920,140000,127.775,129.025,126.875,128.325,2618064,0
20230920,150000,128.35,129.425,128.125,129.075,1682496,0
20230920,160000,129.05,130,129.05,129.375,2290154,0
20230920,170000,129.425,129.55,128.5,128.65,1716466,0
20230920,180000,128.65,129,128.05,128.05,1611430,0
20230920,190000,127.95,128.4,127.525,128.025,903604,0
20230920,200000,128.1,128.275,127.85,128.15,428732,0
20230920,210000,128.1,128.975,128.1,128.65,768806,0
20230920,220000,128.65,128.675,127.4,127.6,790652,0
20230920,230000,127.6,128.825,127.175,127.7,710864,0
20230921,100000,127.425,128.35,125,125.95,6644540,0
20230921,110000,125.975,126.15,124.875,125.675,3811058,0
20230921,120000,125.65,126.625,125.6,126.475,1845952,0
20230921,130000,126.475,126.625,125.75,125.925,1525840,0
20230921,140000,125.925,126.225,125.05,125.6,1371090,0
20230921,150000,125.6,125.875,124.075,124.1,4121514,0
20230921,160000,124.125,125.425,124.1,125.1,3468600,0
20230921,170000,125.1,125.35,124.5,124.7,1815332,0
20230921,180000,124.675,124.75,124,124.675,2073224,0
20230921,190000,124.675,124.9,124.2,124.65,869734,0
20230921,200000,124.65,124.95,123.225,123.8,1192062,0
20230921,210000,123.8,124.075,123.3,123.95,1303448,0
20230921,220000,124,124.1,123.375,123.475,745982,0
20230921,230000,123.475,123.475,122.575,123,2367822,0
20230922,100000,123.575,125.5,122.625,124.225,9238634,0
20230922,110000,124.2,124.725,122.4,123.1,4293558,0
20230922,120000,123.1,123.825,122.725,123.825,2002842,0
20230922,130000,123.85,124.5,123.5,123.85,1665758,0
20230922,140000,123.9,124.925,123.85,124.4,1463194,0
20230922,150000,124.475,125.6,124.225,125.375,2212286,0
20230922,160000,125.375,126.175,124.95,125.825,2237068,0
20230922,170000,125.825,126.25,125.25,126.025,2010924,0
20230922,180000,126,126.075,125.35,125.35,1021402,0
20230922,190000,125.6,125.65,125,125.3,1054864,0
20230922,200000,125.325,125.6,125.1,125.4,705292,0
20230922,210000,125.35,125.45,125.225,125.325,240140,0
20230922,220000,125.325,125.375,125,125.225,520466,0
20230922,230000,125.225,125.95,125.125,125.625,704602,0
20230925,100000,125.95,126.75,125.05,125.275,5276052,0
20230925,110000,125.275,126.125,124.675,125.725,2174628,0
20230925,120000,125.725,126.025,124.775,125.15,1831418,0
20230925,130000,125.15,125.275,124.275,124.5,1820116,0
20230925,140000,124.5,125.475,124.4,125.4,967286,0
20230925,150000,125.4,125.775,125.075,125.1,982064,0
20230925,160000,125.1,125.5,124.75,125.4,868248,0
20230925,170000,125.4,125.725,125.25,125.7,719212,0
20230925,180000,125.725,125.925,125.5,125.5,848126,0
20230925,190000,125.875,125.975,125.55,125.75,379178,0
20230925,200000,125.775,125.85,125.05,125.4,603980,0
20230925,210000,125.4,125.5,125.175,125.375,181540,0
20230925,220000,125.325,125.5,125.3,125.5,110274,0
20230925,230000,125.5,125.675,125.425,125.6,96976,0
20230926,100000,125.275,125.4,123.975,124.875,3570930,0
20230926,110000,124.9,125.1,123.4,123.725,3065412,0
20230926,120000,123.7,124.325,123.625,124,1145762,0
20230926,130000,123.95,124.3,123.9,124.125,546154,0
20230926,140000,124.125,125.3,124.125,124.65,2034870,0
20230926,150000,124.65,126.45,124.625,125.6,3088954,0
20230926,160000,125.625,126.05,125.35,125.975,1054082,0
20230926,170000,125.975,128.125,125.95,127.6,5424466,0
20230926,180000,127.6,128.575,127.3,128.075,2726494,0
20230926,190000,127.95,128.525,127.5,128.175,1420854,0
20230926,200000,128.175,128.45,127.8,128.275,713160,0
20230926,210000,128.275,128.4,127.45,127.5,741178,0
20230926,220000,127.5,127.775,127.25,127.425,550618,0
20230926,230000,127.425,127.7,127.175,127.5,337374,0
20230927,100000,127.8,129.425,127.7,128.75,4389176,0
20230927,110000,128.775,129.275,128,128.75,2351898,0
20230927,120000,128.725,129.2,128.425,128.75,1231358,0
20230927,130000,128.8,129.025,127.825,128.35,1730322,0
20230927,140000,128.375,128.525,127.925,128.35,782448,0
20230927,150000,128.35,128.85,128.1,128.35,1100208,0
20230927,160000,128.35,128.525,127.3,127.45,1721968,0
20230927,170000,127.425,127.95,126.7,127.325,2694374,0
20230927,180000,127.375,127.775,127.225,127.625,643358,0
20230927,190000,127.5,127.975,127.2,127.4,590030,0
20230927,200000,127.4,127.775,127.375,127.525,299290,0
20230927,210000,127.575,128.125,127.425,128.05,471102,0
20230927,220000,128.05,128.1,127.75,127.975,276708,0
20230927,230000,127.975,128.1,127.9,128.075,182422,0
20230928,100000,128.125,129,127.2,128.9,4114768,0
20230928,110000,128.9,129,127.675,127.8,2259162,0
20230928,120000,127.825,128.25,127.775,128.125,963510,0
20230928,130000,128.125,129.55,127.925,129.525,4493280,0
20230928,140000,129.525,129.925,128.275,128.35,2755012,0
20230928,150000,128.35,128.925,127.9,128.25,1552978,0
20230928,160000,128.225,129,128.15,128.975,700004,0
20230928,170000,129,129,128.375,128.75,675454,0
20230928,180000,128.75,129.225,128.7,129.225,1050546,0
20230928,190000,129.025,129.25,128.425,128.775,605930,0
20230928,200000,128.8,128.975,128.65,128.8,424330,0
20230928,210000,128.8,128.95,128.7,128.925,314948,0
20230928,220000,128.875,129.2,128.75,128.9,631144,0
20230928,230000,128.9,129.125,128.775,129.025,290488,0
20230929,100000,129.55,129.875,128.2,129.375,4401478,0
20230929,110000,129.375,130.5,129.2,129.975,3882122,0
20230929,120000,129.95,130.225,129.525,130.025,1354846,0
20230929,130000,130.025,130.15,129.15,129.375,1674504,0
20230929,140000,129.35,129.55,128.5,128.55,1977272,0
20230929,150000,128.575,128.975,128.35,128.775,1148044,0
20230929,160000,128.75,128.775,127.75,128.425,1367940,0
20230929,170000,128.425,129.1,128.25,129,1014002,0
20230929,180000,128.95,129.075,128.325,128.325,936620,0
20230929,190000,128.475,128.8,128.325,128.625,545286,0
20230929,200000,128.625,128.775,128.5,128.575,173498,0
20230929,210000,128.55,128.75,128.425,128.7,198062,0
20230929,220000,128.725,128.75,128.45,128.5,227300,0
20230929,230000,128.5,128.625,128.375,128.5,314990,0
20231002,100000,128.75,129.25,128.25,128.825,2435840,0
20231002,110000,128.825,129,128.4,128.925,1094620,0
20231002,120000,128.925,129.35,128.85,128.9,989920,0
20231002,130000,128.875,128.9,128.25,128.775,1525566,0
20231002,140000,128.775,128.9,128.075,128.075,841826,0
20231002,150000,128.125,128.3,126.9,127.05,2423086,0
20231002,160000,127.075,127.225,126.2,126.65,3405038,0
20231002,170000,126.625,126.9,126.1,126.8,1448040,0
20231002,180000,126.775,126.8,126,126.75,1538112,0
20231002,190000,126.475,126.75,126,126.25,713492,0
20231002,200000,126.2,126.675,126.05,126.475,474420,0
20231002,210000,126.475,126.75,126.425,126.475,300044,0
20231002,220000,126.475,126.6,126.325,126.4,158092,0
20231002,230000,126.45,126.6,126.4,126.55,232884,0
20231003,100000,126.3,126.75,124.475,125.025,5968136,0
20231003,110000,125.075,125.975,124.975,125.725,2925074,0
20231003,120000,125.725,125.925,125.125,125.225,1012128,0
20231003,130000,125.25,125.7,124.75,125.325,1206218,0
20231003,140000,125.35,125.95,125.25,125.8,1104600,0
20231003,150000,125.85,126.65,125.625,126.275,1524924,0
20231003,160000,126.275,126.9,126.1,126.525,1308956,0
20231003,170000,126.55,126.625,125.65,126.3,1272488,0
20231003,180000,126.325,126.575,126.125,126.45,752562,0
20231003,190000,126.325,126.7,126.175,126.375,397756,0
20231003,200000,126.4,126.45,126.25,126.325,242178,0
20231003,210000,126.375,126.425,126.075,126.1,229510,0
20231003,220000,126.1,126.2,125.9,125.925,163238,0
20231003,230000,125.9,126,125.825,125.95,96188,0
20231004,100000,125.7,126.9,125.35,126.25,2780302,0
20231004,110000,126.275,126.425,125.65,125.9,1087688,0
20231004,120000,125.9,126.025,125.325,125.725,954172,0
20231004,130000,125.7,125.9,125.2,125.475,917282,0
20231004,140000,125.475,125.625,124.75,125.175,1887906,0
20231004,150000,125.175,125.4,124.85,125.325,667628,0
20231004,160000,125.325,125.35,124.5,124.9,1467864,0
20231004,170000,124.85,124.95,124,124.525,2086246,0
20231004,180000,124.525,125.2,124.425,125.2,1089080,0
20231004,190000,125.15,125.25,124.75,124.75,413104,0
20231004,200000,124.75,124.825,124.325,124.725,406994,0
20231004,210000,124.725,125.075,124.7,124.9,262642,0
20231004,220000,124.85,124.9,124.525,124.525,171894,0
20231004,230000,124.525,124.575,124.25,124.45,496646,0
20231005,100000,124.45,125.125,123.8,124.35,3227660,0
20231005,110000,124.35,124.925,124.05,124.25,1773118,0
20231005,120000,124.25,124.4,123.8,123.9,1494136,0
20231005,130000,123.875,124.1,123.2,123.35,2206064,0
20231005,140000,123.4,123.95,123.15,123.75,1293414,0
20231005,150000,123.75,124.475,123.525,123.65,1734608,0
20231005,160000,123.65,123.925,123.4,123.775,653392,0
20231005,170000,123.825,124.125,123.725,123.9,686716,0
20231005,180000,123.9,124.05,123.425,123.95,751662,0
20231005,190000,124,124,123.525,123.625,298194,0
20231005,200000,123.65,123.675,123.4,123.625,287216,0
20231005,210000,123.6,123.725,123.475,123.6,297976,0
20231005,220000,123.6,123.725,123.55,123.725,154128,0
20231005,230000,123.7,123.975,123.7,123.975,260888,0
20231006,100000,124.925,125,123.65,123.825,2599048,0
20231006,110000,123.825,123.875,123.2,123.35,1701978,0
20231006,120000,123.35,123.6,123.2,123.425,681188,0
20231006,130000,123.45,123.65,123.2,123.4,714932,0
20231006,140000,123.4,123.8,123.35,123.675,602800,0
20231006,150000,123.675,123.75,123.45,123.65,412972,0
20231006,160000,123.65,124.1,123.575,123.6,1081672,0
20231006,170000,123.6,124,123.6,124,667028,0
20231006,180000,123.975,124.325,123.925,124.325,1231464,0
20231006,190000,124.15,125.85,124.1,125.625,2918348,0
20231006,200000,125.625,125.675,125.175,125.425,1474282,0
20231006,210000,125.375,125.55,125.2,125.525,491388,0
20231006,220000,125.5,125.575,125.225,125.4,383972,0
20231006,230000,125.4,125.8,125.35,125.75,667530,0
20231009,100000,126.8,127.925,126.25,127.075,8177924,0
20231009,110000,127.075,127.25,126.725,127.15,2074280,0
20231009,120000,127.15,127.5,126.925,126.925,2511254,0
20231009,130000,126.95,127.9,126.9,127.475,2897314,0
20231009,140000,127.425,127.75,127,127.175,1634420,0
20231009,150000,127.15,127.8,126.8,127,3237980,0
20231009,160000,126.975,127.175,126.65,127,1367836,0
20231009,170000,127.025,127.35,126.675,127.075,1024508,0
20231009,180000,127.075,127.1,126.175,126.675,1923676,0
20231009,190000,126.4,126.825,126.4,126.8,436884,0
20231009,200000,126.8,127.125,126.75,127.05,598498,0
20231009,210000,127.025,127.125,126.85,127.125,184976,0
20231009,220000,127.125,127.475,127.075,127.3,550536,0
20231009,230000,127.325,127.375,127.175,127.35,220012,0
20231010,100000,127.225,127.625,126.825,127.175,2690928,0
20231010,110000,127.175,127.225,126.45,126.7,1963798,0
20231010,120000,126.7,126.95,126.45,126.875,1162612,0
20231010,130000,126.875,127,126.575,126.85,779070,0
20231010,140000,126.85,127.25,126.675,126.725,1070840,0
20231010,150000,126.725,126.875,126.475,126.55,891188,0
20231010,160000,126.55,126.675,126.25,126.475,1015688,0
20231010,170000,126.475,127.05,126.375,126.975,849554,0
20231010,180000,126.975,127.075,126.75,126.775,432996,0
20231010,190000,126.55,126.825,126.375,126.65,783000,0
20231010,200000,126.625,126.7,126.5,126.6,210500,0
20231010,210000,126.575,126.725,126.55,126.725,115752,0
20231010,220000,126.725,126.9,126.65,126.825,230582,0
20231010,230000,126.825,126.85,126.6,126.7,244356,0
20231011,100000,127,127.35,126.35,126.825,2687764,0
20231011,110000,126.825,127.275,126.625,127.25,1169800,0
20231011,120000,127.225,127.275,126.975,127.075,937580,0
20231011,130000,127.1,127.1,126.675,126.85,1094396,0
20231011,140000,126.85,127.125,126.725,126.875,682522,0
20231011,150000,126.875,126.9,126.425,126.75,972562,0
20231011,160000,126.725,127,126.525,126.9,524784,0
20231011,170000,126.9,126.9,126.5,126.85,787670,0
20231011,180000,126.85,126.925,126.5,126.925,721316,0
20231011,190000,126.7,126.85,126.5,126.7,385370,0
20231011,200000,126.675,126.9,126.5,126.875,554132,0
20231011,210000,126.875,126.925,126.65,126.8,357630,0
20231011,220000,126.8,126.825,123.85,124.95,4012016,0
20231011,230000,124.925,125.1,123.7,124.225,2600656,0
20231012,100000,124.25,125.5,123.75,125.075,3757514,0
20231012,110000,125.075,125.5,124.875,125.35,1206540,0
20231012,120000,125.375,125.4,124.6,124.725,762430,0
20231012,130000,124.7,124.95,124.175,124.7,1462784,0
20231012,140000,124.7,125.325,124.625,124.975,711436,0
20231012,150000,125,125.175,124.725,125.05,463624,0
20231012,160000,125.075,125.875,124.95,125.7,1300266,0
20231012,170000,125.7,125.775,125.4,125.65,702944,0
20231012,180000,125.625,125.65,125.225,125.65,549828,0
20231012,190000,125.725,125.725,125.35,125.525,274938,0
20231012,200000,125.525,125.55,125.225,125.225,452780,0
20231012,210000,125.25,125.725,125.15,125.675,366828,0
20231012,220000,125.65,125.725,125.475,125.625,185684,0
20231012,230000,125.675,125.975,125.525,125.875,369374,0
20231013,100000,125.85,126.4,125.375,126.025,2629338,0
20231013,110000,126.025,126.175,125.8,125.95,517130,0
20231013,120000,125.95,126.125,125.2,125.55,1307694,0
20231013,130000,125.525,125.775,125.275,125.55,515118,0
20231013,140000,125.55,127.175,125.45,127.075,3372164,0
20231013,150000,127.075,128.2,126.875,127.25,3374228,0
20231013,160000,127.325,127.5,126.725,126.975,1570110,0
20231013,170000,127,127.225,126.775,127.1,642510,0
20231013,180000,127.075,127.425,126.875,126.875,976406,0
20231013,190000,127,127.1,126.9,127,281296,0
20231013,200000,127,127.05,126.85,127.025,209144,0
20231013,210000,127.025,127.075,126.75,126.975,365668,0
20231013,220000,126.95,127,126.775,126.975,226202,0
20231013,230000,126.95,127.05,126.775,126.9,336960,0
20231016,100000,127.45,127.725,127.2,127.45,2741144,0
20231016,110000,127.475,128,127.425,127.925,1490286,0
20231016,120000,127.925,128.7,127.575,128.55,2013436,0
20231016,130000,128.525,128.65,127.95,128.225,1489266,0
20231016,140000,128.225,128.25,127.275,127.65,2186822,0
20231016,150000,127.65,128.45,127.65,128.3,1329642,0
20231016,160000,128.275,130,128.25,129.775,3461066,0
20231016,170000,129.75,130.4,129.6,129.875,3219144,0
20231016,180000,129.9,130.475,129.8,130.1,1581068,0
20231016,190000,130.25,130.7,130.15,130.2,1524010,0
20231016,200000,130.2,130.3,129.725,130,1692296,0
20231016,210000,130,130.075,129.7,130,566874,0
20231016,220000,129.95,130,129.6,129.85,392964,0
20231016,230000,129.85,130.025,129.75,129.9,322714,0
20231017,100000,129.825,131.5,129.25,131.425,7282890,0
20231017,110000,131.45,132.375,131.175,131.95,5074630,0
20231017,120000,131.95,132.1,131.575,131.65,1902110,0
20231017,130000,131.625,131.775,131.3,131.525,1434806,0
20231017,140000,131.5,132.25,131.425,131.7,1934058,0
20231017,150000,131.7,131.725,130.6,131.275,2685066,0
20231017,160000,131.25,131.575,130.75,131.325,1589694,0
20231017,170000,131.325,131.575,131.05,131.5,860360,0
20231017,180000,131.475,132.225,131.425,132.225,1442438,0
20231017,190000,132.025,132.05,131.65,131.85,846796,0
20231017,200000,131.825,132.15,131.625,132,571716,0
20231017,210000,132.025,132.1,131.6,132.075,509894,0
20231017,220000,132.075,132.1,131.75,131.8,266588,0
20231017,230000,131.8,131.8,130.75,130.975,1534482,0
20231018,100000,131.275,131.975,130.9,131.2,3037372,0
20231018,110000,131.175,131.2,130.25,131,2502902,0
20231018,120000,130.975,131.4,130.975,131.175,1179116,0
20231018,130000,131.175,131.225,130.525,130.675,1011584,0
20231018,140000,130.675,130.925,130.15,130.825,1193544,0
20231018,150000,130.85,130.85,129.65,129.85,1705094,0
20231018,160000,129.85,130.025,128.8,129.825,3369316,0
20231018,170000,129.875,130.625,129.75,130.5,1701514,0
20231018,180000,130.5,130.7,130.2,130.7,1106678,0
20231018,190000,130.525,130.65,130.35,130.55,390634,0
20231018,200000,130.525,130.625,130.425,130.575,304688,0
20231018,210000,130.55,130.65,130.55,130.625,215780,0
20231018,220000,130.625,130.8,130.6,130.625,173674,0
20231018,230000,130.7,130.725,130.55,130.6,347016,0
20231019,100000,130.275,130.6,129.6,129.75,2196434,0
20231019,110000,129.75,130.35,129.325,130.025,1417128,0
20231019,120000,130.05,130.3,129.55,130,738858,0
20231019,130000,130,131.05,129.9,130.975,1569298,0
20231019,140000,130.95,131.325,130.575,130.85,1422624,0
20231019,150000,130.9,131.95,130.85,131.75,1788010,0
20231019,160000,131.725,131.85,131.175,131.625,1118916,0
20231019,170000,131.625,131.65,131.05,131.25,993484,0
20231019,180000,131.225,131.275,130.675,131.1,1155520,0
20231019,190000,130.775,131.3,130.775,131.1,328118,0
20231019,200000,131.125,131.15,130.825,130.975,221360,0
20231019,210000,130.925,131.125,130.8,131.05,274688,0
20231019,220000,131.05,131.05,130.65,130.85,324388,0
20231019,230000,130.85,131.025,130.65,130.85,139664,0
20231020,100000,131.1,131.125,129.125,129.6,3166954,0
20231020,110000,129.625,130.425,129.25,130.1,1586998,0
20231020,120000,130.075,130.1,128.65,129.225,2768086,0
20231020,130000,129.225,129.725,128.95,129.3,2548316,0
20231020,140000,129.275,129.475,128.95,128.975,998876,0
20231020,150000,129,129.675,128.8,129.525,1250230,0
20231020,160000,129.525,129.725,129.4,129.525,580074,0
20231020,170000,129.525,129.775,129.275,129.675,1017732,0
20231020,180000,129.7,130.475,129.675,130.475,1718186,0
20231020,190000,130.3,130.35,129.975,130.025,808554,0
20231020,200000,130.05,130.175,129.85,130,367526,0
20231020,210000,130,130.15,129.9,130.125,286648,0
20231020,220000,130.125,130.15,129.85,130,259864,0
20231020,230000,130.05,130.05,129.875,129.975,295502,0
20231023,100000,130.325,131.475,129.825,130.975,3995508,0
20231023,110000,130.975,131.5,130.4,130.65,2385382,0
20231023,120000,130.65,130.9,130.425,130.725,1020814,0
20231023,130000,130.675,130.7,130.075,130.55,1231996,0
20231023,140000,130.45,130.55,130.025,130.175,541842,0
20231023,150000,130.175,130.575,130.025,130.55,501682,0
20231023,160000,130.55,130.575,130.15,130.25,461014,0
20231023,170000,130.225,130.75,130.15,130.525,606912,0
20231023,180000,130.525,130.975,130.425,130.8,834424,0
20231023,190000,130.85,130.85,130.45,130.675,245234,0
20231023,200000,130.7,130.975,130.625,130.825,352742,0
20231023,210000,130.825,130.85,130.625,130.7,119636,0
20231023,220000,130.675,130.775,130.5,130.6,236596,0
20231023,230000,130.6,130.6,130.5,130.55,165726,0
20231024,100000,130.475,131,129.925,130.725,1864772,0
20231024,110000,130.725,132.95,130.525,132.4,3936262,0
20231024,120000,132.375,132.575,131.875,132.125,2368660,0
20231024,130000,132.175,133.825,132,133.2,4571696,0
20231024,140000,133.2,133.25,132.525,132.85,1682728,0
20231024,150000,132.85,132.875,132.2,132.6,1567834,0
20231024,160000,132.6,132.725,132.125,132.25,1146144,0
20231024,170000,132.3,132.925,132.225,132.825,1014470,0
20231024,180000,132.825,132.825,132.325,132.325,768610,0
20231024,190000,132.325,132.625,131.9,132.25,718398,0
20231024,200000,132.225,132.625,132.15,132.5,479350,0
20231024,210000,132.45,132.525,132.225,132.5,251666,0
20231024,220000,132.5,132.95,132.5,132.775,546706,0
20231024,230000,132.8,133.075,132.75,133.075,642308,0
20231025,100000,133.025,134.35,132.625,133.275,4942040,0
20231025,110000,133.275,134.1,133.25,133.625,2357864,0
20231025,120000,133.6,134.15,132.475,132.775,3179654,0
20231025,130000,132.775,133,132.1,132.4,2090910,0
20231025,140000,132.35,132.8,132.25,132.725,510450,0
20231025,150000,132.725,132.825,132.25,132.3,610492,0
20231025,160000,132.25,132.625,131.9,132.275,1511028,0
20231025,170000,132.275,132.575,132.075,132.575,943642,0
20231025,180000,132.55,132.725,132.35,132.65,618844,0
20231025,190000,132.65,132.8,132.25,132.4,388514,0
20231025,200000,132.45,132.5,132.175,132.325,269598,0
20231025,210000,132.35,132.625,132.2,132.525,310840,0
20231025,220000,132.525,132.725,132.425,132.6,242318,0
20231025,230000,132.625,132.625,131.5,131.975,977268,0
20231026,100000,132.325,132.7,130.95,131.325,4038096,0
20231026,110000,131.35,132.275,131.275,132.025,1683546,0
20231026,120000,132,132.2,131.575,131.725,983270,0
20231026,130000,131.725,131.75,129.5,130.15,4970546,0
20231026,140000,130.2,130.45,128.075,128.55,7249876,0
20231026,150000,128.525,129.45,128.375,129.35,3224404,0
20231026,160000,129.35,129.625,129.15,129.375,1086772,0
20231026,170000,129.375,129.375,127.85,128.3,3089898,0
20231026,180000,128.3,128.375,127.5,128.25,2654582,0
20231026,190000,128.125,128.625,127.875,128.275,1168926,0
20231026,200000,128.35,128.375,128,128.25,310694,0
20231026,210000,128.25,128.325,127.8,127.975,373690,0
20231026,220000,127.975,128.3,127.95,128.075,390454,0
20231026,230000,128.025,128.125,127.5,127.75,527818,0
20231027,100000,128,128.475,127.5,127.75,2425660,0
20231027,110000,127.7,128.5,127.525,127.775,1388950,0
20231027,120000,127.75,128.4,127.65,128.175,1239006,0
20231027,130000,128.175,128.225,125.775,126.05,6183168,0
20231027,140000,126.075,126.3,125.1,125.5,5430994,0
20231027,150000,125.5,126.225,124.75,126.025,3794344,0
20231027,160000,126.025,127.35,126,127,3452134,0
20231027,170000,127.025,127.475,126.7,126.875,1402948,0
20231027,180000,126.9,127.25,126.6,126.625,892218,0
20231027,190000,126.75,126.975,126.575,126.725,353454,0
20231027,200000,126.725,127.175,126.625,127.125,394396,0
20231027,210000,127.125,127.2,126.7,127.1,651938,0
20231027,220000,127.1,127.1,126.85,126.95,152872,0
20231027,230000,126.95,126.95,126.65,126.65,249454,0
20231030,100000,126.5,127.225,125.475,126.775,2717778,0
20231030,110000,126.775,127.4,126.775,127.225,932244,0
20231030,120000,127.225,127.375,127,127,573776,0
20231030,130000,127.025,127.45,126.375,126.55,1818124,0
20231030,140000,126.55,126.8,125.95,126.2,1064624,0
20231030,150000,126.2,126.45,125.95,126.25,655974,0
20231030,160000,126.3,126.425,125.675,125.925,850700,0
20231030,170000,125.95,126.15,125.725,126,330326,0
20231030,180000,126,126.025,125.5,125.75,691764,0
20231030,190000,125.75,125.825,125.55,125.725,219864,0
20231030,200000,125.725,125.85,125.6,125.775,181950,0
20231030,210000,125.75,125.95,125.725,125.9,108732,0
20231030,220000,125.9,126,125.825,126,90026,0
20231030,230000,125.975,126,125.625,125.8,241104,0
20231031,100000,125.5,126.3,125.225,125.525,2788380,0
20231031,110000,125.55,126.5,125.4,125.475,1965302,0
20231031,120000,125.5,125.875,124.5,125.575,2692080,0
20231031,130000,125.575,125.6,125.025,125.225,907268,0
20231031,140000,125.225,125.625,124.7,125.425,1271402,0
20231031,150000,125.4,125.95,125.3,125.825,614006,0
20231031,160000,125.85,126.25,125.725,125.825,1722242,0
20231031,170000,125.775,126.45,125.55,126.35,1062440,0
20231031,180000,126.35,126.95,126.325,126.75,1273262,0
20231031,190000,126.75,127.05,126.55,126.875,442372,0
20231031,200000,126.8,126.875,126.375,126.675,408706,0
20231031,210000,126.7,126.725,126.2,126.325,424272,0
20231031,220000,126.325,126.5,126.275,126.5,137226,0
20231031,230000,126.475,126.575,126.425,126.575,176420,0
20231101,100000,126.7,127.725,126.5,127.175,2872386,0
20231101,110000,127.2,127.5,126.65,127.15,2519288,0
20231101,120000,127.15,127.475,126.975,127.15,1160544,0
20231101,130000,127.175,127.35,126.875,127.15,804806,0
20231101,140000,127.125,127.325,127.025,127.175,560000,0
20231101,150000,127.2,127.2,126.7,126.775,610948,0
20231101,160000,126.775,126.9,126.1,126.225,1532722,0
20231101,170000,126.25,126.325,125.9,126.125,1184362,0
20231101,180000,126.125,126.4,126.05,126.1,710996,0
20231101,190000,126.225,126.4,125.65,126,513886,0
20231101,200000,125.95,126.05,125.8,125.9,416188,0
20231101,210000,125.925,126.1,125.8,126.05,287642,0
20231101,220000,126.075,126.1,125.6,125.875,722442,0
20231101,230000,125.85,126,125.7,126,318876,0
20231102,100000,126.3,126.675,126,126.475,2288454,0
20231102,110000,126.475,126.5,125.625,125.775,1548138,0
20231102,120000,125.725,125.825,125.35,125.525,1090366,0
20231102,130000,125.525,125.95,125.4,125.925,840246,0
20231102,140000,125.875,125.95,125.75,125.8,322810,0
20231102,150000,125.85,126.15,125.65,126.1,547898,0
20231102,160000,126.075,126.1,125.7,125.85,413948,0
20231102,170000,125.85,126.125,125.4,125.75,1485968,0
20231102,180000,125.775,125.775,125.175,125.45,914394,0
20231102,190000,125.45,125.7,125.075,125.2,794706,0
20231102,200000,125.2,125.35,125.025,125.275,922266,0
20231102,210000,125.3,125.3,124.6,124.925,1083942,0
20231102,220000,124.925,125.1,124.8,125.075,361612,0
20231102,230000,125.075,125.3,124.925,125.275,309488,0
20231103,100000,125.25,125.6,124.9,125.075,1402784,0
20231103,110000,125.1,125.1,123.475,123.975,3851932,0
20231103,120000,123.95,124.55,123.775,124.525,1163708,0
20231103,130000,124.525,124.575,123.8,123.9,1354150,0
20231103,140000,123.95,124.6,123.625,124.35,1221084,0
20231103,150000,124.375,124.75,124.375,124.7,570186,0
20231103,160000,124.7,124.725,124.3,124.575,546290,0
20231103,170000,124.575,124.8,124.4,124.4,498874,0
20231103,180000,124.425,124.9,124.2,124.9,770282,0
20231103,190000,124.85,124.85,124.45,124.75,469628,0
20231103,200000,124.75,124.85,124.65,124.725,279444,0
20231103,210000,124.675,124.825,124.425,124.475,479224,0
20231103,220000,124.45,124.5,124.375,124.4,134304,0
20231103,230000,124.45,124.55,124.35,124.5,275566,0
20231106,100000,124.675,125.45,124.525,125.225,1282430,0
20231106,110000,125.2,125.55,125.1,125.325,890780,0
20231106,120000,125.3,125.5,125.05,125.25,462348,0
20231106,130000,125.25,125.5,125.125,125.425,347312,0
20231106,140000,125.425,125.425,125.25,125.325,354408,0
20231106,150000,125.35,125.35,125.1,125.125,170340,0
20231106,160000,125.125,125.375,125.1,125.35,234082,0
20231106,170000,125.375,125.6,125.325,125.6,430676,0
20231106,180000,125.6,125.875,125.575,125.75,750636,0
20231106,190000,125.75,126.7,125.75,126.275,1513830,0
20231106,200000,126.3,126.7,126.175,126.625,700850,0
20231106,210000,126.6,126.625,126.4,126.425,204836,0
20231106,220000,126.425,126.625,126.4,126.575,190352,0
20231106,230000,126.575,126.85,126.5,126.825,464552,0
20231107,100000,126.775,127.725,126.525,126.7,3606608,0
20231107,110000,126.675,126.95,126.075,126.3,1846128,0
20231107,120000,126.325,126.5,125.7,126.05,1254796,0
20231107,130000,126.025,126.45,125.85,126.25,1051144,0
20231107,140000,126.25,126.35,125.85,125.925,755472,0
20231107,150000,125.95,126.05,125.525,125.85,728872,0
20231107,160000,125.85,125.95,125.6,125.95,582628,0
20231107,170000,125.95,126.45,125.925,126.3,1026090,0
20231107,180000,126.325,126.525,126.2,126.2,698344,0
20231107,190000,126.175,126.475,125.675,125.875,733254,0
20231107,200000,125.875,125.9,125.75,125.875,297248,0
20231107,210000,125.85,125.975,125.8,125.925,194030,0
20231107,220000,125.9,126.05,125.875,125.925,138718,0
20231107,230000,125.95,126,125.8,125.85,172916,0
20231108,100000,125.9,126.225,125.275,126.05,2861244,0
20231108,110000,126.05,127.225,125.875,126.9,3471850,0
20231108,120000,126.85,127,126.5,126.625,855598,0
20231108,130000,126.625,126.65,126.025,126.3,1597894,0
20231108,140000,126.3,126.575,126.275,126.4,368510,0
20231108,150000,126.425,126.575,126.275,126.375,406876,0
20231108,160000,126.375,126.675,126.075,126.2,791054,0
20231108,170000,126.2,126.4,125.95,126.35,712300,0
20231108,180000,126.35,126.375,126.125,126.2,357284,0
20231108,190000,125.95,126.375,125.95,126.2,266162,0
20231108,200000,126.2,126.475,126.15,126.375,266836,0
20231108,210000,126.375,126.475,126.175,126.425,243486,0
20231108,220000,126.475,126.475,126.175,126.225,155740,0
20231108,230000,126.25,126.375,126.075,126.075,191578,0
20231109,100000,126.1,126.325,125.7,125.775,1310830,0
20231109,110000,125.75,125.85,125.325,125.525,1527066,0
20231109,120000,125.525,125.7,125,125.1,1751600,0
20231109,130000,125.075,125.3,124.7,125.15,1254950,0
20231109,140000,125.15,125.325,124.875,125.25,661550,0
20231109,150000,125.25,125.5,125.225,125.475,516470,0
20231109,160000,125.475,125.475,124.875,125.05,872048,0
20231109,170000,125.025,125.1,124.925,125.1,350036,0
20231109,180000,125.075,125.475,124.975,125.475,850890,0
20231109,190000,125.375,125.425,125.1,125.15,449994,0
20231109,200000,125.2,125.325,125,125.05,366726,0
20231109,210000,125.05,125.05,124.825,125,254198,0
20231109,220000,125,125.025,124.925,125,98740,0
20231109,230000,125.025,125.05,124.925,125.025,159120,0
20231110,100000,125.075,125.725,124.225,125.3,2919922,0
20231110,110000,125.275,125.55,124.95,125.5,1161532,0
20231110,120000,125.5,125.625,124.775,124.95,1132188,0
20231110,130000,124.95,125.1,124.625,124.9,770972,0
20231110,140000,124.9,125.225,124.8,125.125,432944,0
20231110,150000,125.15,125.4,125.075,125.25,394624,0
20231110,160000,125.225,125.25,124.85,125,604624,0
20231110,170000,125,125.175,124.825,124.825,605446,0
20231110,180000,124.85,125.1,124.825,125.1,427794,0
20231110,190000,125.1,125.15,124.7,124.9,338526,0
20231110,200000,124.875,124.95,124.75,124.95,140318,0
20231110,210000,124.95,125.175,124.925,125.15,376282,0
20231110,220000,125.15,125.325,124.7,124.85,1118734,0
20231110,230000,124.85,124.85,124.5,124.525,661808,0
20231113,100000,124.55,125,124.4,124.75,1370882,0
20231113,110000,124.75,125,124,124.275,1571178,0
20231113,120000,124.275,124.425,123.7,124.225,1943828,0
20231113,130000,124.225,124.35,124,124.35,515514,0
20231113,140000,124.35,124.375,124.2,124.2,425720,0
20231113,150000,124.225,124.275,123.95,124,654486,0
20231113,160000,124.05,124.475,123.95,124.4,652698,0
20231113,170000,124.4,124.775,124.3,124.7,820930,0
20231113,180000,124.7,124.8,124.325,124.775,973656,0
20231113,190000,124.625,124.725,124.175,124.2,380128,0
20231113,200000,124.175,124.3,124.075,124.125,300028,0
20231113,210000,124.1,124.25,123.525,123.825,741606,0
20231113,220000,123.825,123.975,123.75,123.85,300920,0
20231113,230000,123.85,123.875,123.6,123.875,186138,0
20231114,100000,123.475,123.475,121.275,122.3,7008246,0
20231114,110000,122.3,122.85,121.975,122.8,1563992,0
20231114,120000,122.8,123.125,122.475,122.65,925212,0
20231114,130000,122.675,122.775,122.3,122.425,695914,0
20231114,140000,122.45,122.475,121,121.425,2844506,0
20231114,150000,121.425,121.9,120.9,121.725,1519500,0
20231114,160000,121.7,121.75,120.625,121.2,1991174,0
20231114,170000,121.2,121.45,120.825,120.875,1078214,0
20231114,180000,120.9,120.975,120.05,120.75,3879572,0
20231114,190000,120.7,120.975,120.4,120.9,859486,0
20231114,200000,120.9,120.9,120.4,120.775,729100,0
20231114,210000,120.775,121.475,120.6,121.25,1001548,0
20231114,220000,121.275,121.3,120.775,120.85,317472,0
20231114,230000,120.875,121,120.5,120.525,286978,0
20231115,100000,120.475,121.925,120.35,120.375,4415470,0
20231115,110000,120.35,121.225,120.275,121.15,1714170,0
20231115,120000,121.1,121.6,121,121.5,1180146,0
20231115,130000,121.5,121.825,121.225,121.7,885694,0
20231115,140000,121.725,121.75,121.075,121.675,1025748,0
20231115,150000,121.625,121.9,121.375,121.7,980608,0
20231115,160000,121.65,122.775,121.525,122.725,2296226,0
20231115,170000,122.725,123.125,122.6,122.625,1600900,0
20231115,180000,122.625,123.025,122.025,122.025,1177872,0
20231115,190000,122.05,122.25,121.8,122.175,751890,0
20231115,200000,122.225,122.4,122.1,122.225,234162,0
20231115,210000,122.15,122.225,121.8,122.1,330720,0
20231115,220000,122.1,122.325,122,122.3,139868,0
20231115,230000,122.3,122.3,122.05,122.175,175880,0
20231116,100000,122.2,122.875,121.85,122.25,1899118,0
20231116,110000,122.2,122.45,121.675,121.9,813728,0
20231116,120000,121.9,122.15,121.5,122.025,588652,0
20231116,130000,122.025,122.1,121.575,121.775,484890,0
20231116,140000,121.725,122.175,121.5,122.125,804292,0
20231116,150000,122.125,122.15,121.7,121.825,304848,0
20231116,160000,121.8,121.975,121.6,121.875,357852,0
20231116,170000,121.85,122.05,121.3,121.475,728452,0
20231116,180000,121.475,121.5,121.025,121.4,769002,0
20231116,190000,121.35,121.35,120.65,120.8,783318,0
20231116,200000,120.8,120.925,120.55,120.85,441846,0
20231116,210000,120.85,120.975,120.775,120.925,152904,0
20231116,220000,120.95,120.95,120.65,120.7,179072,0
20231116,230000,120.675,120.8,120.5,120.75,258522,0
20231117,100000,120.65,121.375,120.45,121.225,1674072,0
20231117,110000,121.225,121.275,119.7,120.525,3581516,0
20231117,120000,120.5,120.95,120.275,120.875,1302870,0
20231117,130000,120.85,121.2,120.7,120.775,728160,0
20231117,140000,120.8,121.55,120.5,121.525,891448,0
20231117,150000,121.525,121.8,121.35,121.675,973388,0
20231117,160000,121.65,121.7,121.3,121.55,390008,0
20231117,170000,121.575,121.95,121.575,121.9,728526,0
20231117,180000,121.875,122,121.775,121.9,575366,0
20231117,190000,121.9,122.2,121.725,121.825,153756,0
20231117,200000,121.825,121.975,121.625,121.65,227396,0
20231117,210000,121.65,121.675,121.425,121.675,129110,0
20231117,220000,121.675,121.925,121.65,121.85,278206,0
20231117,230000,121.85,121.925,121.675,121.925,244174,0
20231120,100000,122.225,122.975,121.95,122.275,2142018,0
20231120,110000,122.275,122.45,121.825,122.275,1058038,0
20231120,120000,122.275,122.4,121.825,121.925,631722,0
20231120,130000,121.925,121.925,121.425,121.6,752482,0
20231120,140000,121.525,121.95,121.525,121.825,403738,0
20231120,150000,121.8,122.225,121.7,122.125,631326,0
20231120,160000,122.125,122.125,121.525,121.7,592366,0
20231120,170000,121.7,121.825,121.5,121.7,403292,0
20231120,180000,121.725,121.75,121.375,121.375,534156,0
20231120,190000,121.25,121.55,121.1,121.375,357640,0
20231120,200000,121.4,121.45,121.25,121.325,186808,0
20231120,210000,121.325,121.55,121.275,121.4,180572,0
20231120,220000,121.4,121.5,121.35,121.45,79628,0
20231120,230000,121.425,122.075,121.375,122.075,545806,0
20231121,100000,121.7,121.975,121.5,121.7,925812,0
20231121,110000,121.7,121.975,121.4,121.5,841846,0
20231121,120000,121.5,121.725,121.325,121.35,760078,0
20231121,130000,121.35,121.6,121.275,121.5,547042,0
20231121,140000,121.45,122.05,121.45,122,710194,0
20231121,150000,122,122.05,121.75,121.9,276616,0
20231121,160000,121.9,122.15,121.75,122.025,356170,0
20231121,170000,122.05,122.375,122,122.35,583086,0
20231121,180000,122.325,122.75,122.25,122.675,926036,0
20231121,190000,122.675,122.7,122.4,122.55,257304,0
20231121,200000,122.6,122.6,122.3,122.4,247860,0
20231121,210000,122.35,122.5,122.275,122.5,175016,0
20231121,220000,122.45,122.525,122.375,122.475,90608,0
20231121,230000,122.45,122.525,122.325,122.4,129154,0
20231122,100000,122.575,123.825,122.425,123.775,3222006,0
20231122,110000,123.8,125.175,123.775,124.625,5806986,0
20231122,120000,124.625,125.175,124.5,125.075,1655826,0
20231122,130000,125.075,125.325,124.85,125.275,1599708,0
20231122,140000,125.3,125.35,124.825,125.075,896694,0
20231122,150000,125.05,125.175,124.55,124.8,948682,0
20231122,160000,124.775,124.925,124.025,124.525,1593176,0
20231122,170000,124.525,124.9,124.45,124.9,507158,0
20231122,180000,124.875,124.925,124.675,124.7,637800,0
20231122,190000,124.7,124.75,124.5,124.65,264854,0
20231122,200000,124.6,124.9,124.575,124.875,306272,0
20231122,210000,124.9,125,124.775,124.85,218514,0
20231122,220000,124.85,125.05,124.775,125,216428,0
20231122,230000,125.025,126,125.025,126,1058580,0
20231123,100000,126,126.5,125.3,125.675,3859452,0
20231123,110000,125.7,125.8,125.3,125.4,979454,0
20231123,120000,125.375,125.45,124.85,125.075,1040588,0
20231123,130000,125.075,125.075,124.55,124.7,874250,0
20231123,140000,124.65,125,124.425,124.7,867802,0
20231123,150000,124.675,124.725,124.325,124.7,816804,0
20231123,160000,124.725,124.85,124.45,124.525,445268,0
20231123,170000,124.525,124.675,124.425,124.45,320682,0
20231123,180000,124.45,125,124.45,124.75,552644,0
20231123,190000,125,125,124.475,124.525,357346,0
20231123,200000,124.475,124.775,124.425,124.725,202246,0
20231123,210000,124.725,124.75,124.475,124.6,212642,0
20231123,220000,124.6,124.65,124.425,124.55,189012,0
20231123,230000,124.55,124.625,124.3,124.55,436400,0
20231124,100000,124.675,125.8,124.4,125.05,4125142,0
20231124,110000,125.025,125.275,124.85,125.05,810144,0
20231124,120000,125.05,125.35,124.825,124.95,1024070,0
20231124,130000,124.975,125.2,124.825,125.125,664822,0
20231124,140000,125.125,125.2,124.75,124.775,472340,0
20231124,150000,124.775,124.775,123.55,123.725,2266820,0
20231124,160000,123.725,124.125,123.575,124.025,650840,0
20231124,170000,124.025,124.425,123.9,124.425,890438,0
20231124,180000,124.4,124.475,124.15,124.4,379976,0
20231124,190000,124.325,124.35,124,124.2,202606,0
20231124,200000,124.2,124.4,124.125,124.375,281766,0
20231124,210000,124.4,124.4,124.075,124.325,140082,0
20231124,220000,124.325,124.35,124.1,124.225,108952,0
20231124,230000,124.225,124.375,124.1,124.225,234174,0
20231127,100000,124.4,124.975,124.2,124.55,2020614,0
20231127,110000,124.55,124.575,124.025,124.2,706628,0
20231127,120000,124.175,124.2,123.325,123.65,1304286,0
20231127,130000,123.65,124.125,123.25,123.575,1478318,0
20231127,140000,123.6,124.075,123.5,123.6,664698,0
20231127,150000,123.6,123.65,122.8,122.875,979670,0
20231127,160000,122.9,123.05,121.9,122.2,1601582,0
20231127,170000,122.25,122.575,121.825,122.5,1652846,0
20231127,180000,122.525,122.625,122,122,799220,0
20231127,190000,122.025,122.15,121.525,121.75,855590,0
20231127,200000,121.75,122.35,121.725,122.175,428150,0
20231127,210000,122.175,122.225,121.875,122.075,300984,0
20231127,220000,122.05,122.125,121.625,121.7,341390,0
20231127,230000,121.675,122.125,121.25,121.5,709046,0
20231128,100000,122.125,122.15,118.9,119.4,6392582,0
20231128,110000,119.4,119.9,119.05,119.725,2051888,0
20231128,120000,119.75,120.125,119.75,120.05,731448,0
20231128,130000,120.05,120.15,119.55,119.775,731096,0
20231128,140000,119.775,119.85,119.2,119.775,822004,0
20231128,150000,119.8,120.65,119.8,120.35,1144192,0
20231128,160000,120.425,120.75,120.225,120.6,511250,0
20231128,170000,120.625,120.85,120.3,120.85,650372,0
20231128,180000,120.85,120.925,120.775,120.925,539714,0
20231128,190000,120.925,121.15,120.8,121.075,407650,0
20231128,200000,121.1,121.375,120.9,121.05,379336,0
20231128,210000,121.025,121.2,120.775,120.925,255580,0
20231128,220000,120.9,120.925,120.625,120.725,172794,0
20231128,230000,120.7,120.7,120.45,120.65,179924,0
20231129,100000,120.75,121.475,120.3,120.5,1269206,0
20231129,110000,120.475,121.025,119.9,119.975,1255872,0
20231129,120000,119.975,119.975,119.375,119.8,1780548,0
20231129,130000,119.775,120.1,119.775,120,481416,0
20231129,140000,119.975,120.075,119.675,119.825,307404,0
20231129,150000,119.825,120.475,119.65,120.375,819824,0
20231129,160000,120.375,120.625,120.075,120.25,549090,0
20231129,170000,120.225,120.325,119.825,119.925,355664,0
20231129,180000,119.925,120.075,119.575,119.575,636218,0
20231129,190000,119.65,119.85,119.3,119.575,558496,0
20231129,200000,119.6,119.65,119.35,119.55,286696,0
20231129,210000,119.55,119.775,119.45,119.525,161352,0
20231129,220000,119.525,119.6,119.4,119.575,123238,0
20231129,230000,119.575,119.7,119.4,119.5,176910,0
20231130,100000,119.45,119.5,118.55,118.575,2805868,0
20231130,110000,118.575,118.8,117.975,118.8,2274246,0
20231130,120000,118.8,118.95,118.5,118.5,724808,0
20231130,130000,118.525,119.025,118.2,118.95,1034208,0
20231130,140000,118.95,118.975,118.6,118.7,325594,0
20231130,150000,118.7,118.85,118.275,118.55,905214,0
20231130,160000,118.5,118.525,117.5,117.725,1738430,0
20231130,170000,117.7,118.225,117.55,117.95,884814,0
20231130,180000,117.925,118.5,117.925,118.5,992702,0
20231130,190000,118.575,118.925,118.175,118.65,814372,0
20231130,200000,118.65,118.875,118.55,118.675,355004,0
20231130,210000,118.675,118.825,118.6,118.625,230146,0
20231130,220000,118.6,119.7,118.5,119.5,971006,0
20231130,230000,119.5,119.75,119.225,119.425,525170,0
20231201,100000,119.35,119.35,117.85,118.225,2101242,0
20231201,110000,118.25,118.925,118.05,118.7,1075208,0
20231201,120000,118.75,118.875,118.25,118.8,563012,0
20231201,130000,118.825,120.625,118.6,120,2364888,0
20231201,140000,120,120.175,119.65,119.75,1079972,0
20231201,150000,119.8,120.025,119.125,119.325,695218,0
20231201,160000,119.375,119.625,119.15,119.55,460374,0
20231201,170000,119.55,119.675,119,119.3,633982,0
20231201,180000,119.325,119.575,118.75,118.75,641248,0
20231201,190000,118.85,119.25,117.825,117.95,908472,0
20231201,200000,117.95,118.5,117.6,118.25,599178,0
20231201,210000,118.225,118.45,118.1,118.15,256532,0
20231201,220000,118.15,118.275,117.825,117.9,220368,0
20231201,230000,117.9,118.05,117.6,118.05,530272,0
20231204,100000,117.95,117.95,115.975,116.625,3863682,0
20231204,110000,116.65,116.9,115.95,116.575,1558520,0
20231204,120000,116.575,117.425,116.225,117.275,1370702,0
20231204,130000,117.275,117.65,116.875,117.05,1406114,0
20231204,140000,117.025,117.225,116.775,116.825,481718,0
20231204,150000,116.875,116.875,116.4,116.725,933720,0
20231204,160000,116.7,116.775,116.3,116.375,450494,0
20231204,170000,116.35,116.475,115,115.375,2630976,0
20231204,180000,115.375,115.775,115,115.775,2187518,0
20231204,190000,115.75,115.775,115,115.175,953508,0
20231204,200000,115.175,115.175,114.425,114.625,1505352,0
20231204,210000,114.625,115,114.6,114.775,612362,0
20231204,220000,114.775,114.825,114.55,114.65,225014,0
20231204,230000,114.65,114.7,112.35,112.725,3902544,0
20231205,100000,113.3,114.15,113.05,113.6,4671588,0
20231205,110000,113.575,113.6,111.65,112.35,3049762,0
20231205,120000,112.35,113.05,112.15,112.75,1821384,0
20231205,130000,112.75,113.6,112.7,113.15,1284398,0
20231205,140000,113.15,113.725,113.025,113.425,1250494,0
20231205,150000,113.425,113.725,113.2,113.25,1037300,0
20231205,160000,113.3,113.35,112.075,113.025,1505072,0
20231205,170000,113.075,113.7,113.025,113.575,1464674,0
20231205,180000,113.6,113.725,113.275,113.7,955132,0
20231205,190000,113.525,113.85,113.325,113.8,505346,0
20231205,200000,113.8,114.5,113.75,113.9,1061762,0
20231205,210000,113.95,114.375,113.875,114.375,263252,0
20231205,220000,114.375,114.475,114.075,114.3,384484,0
20231205,230000,114.3,114.45,114.025,114.425,336328,0
20231206,100000,114.4,114.825,112.775,112.8,3337830,0
20231206,110000,112.8,113.1,112.2,112.8,1845800,0
20231206,120000,112.75,112.925,111.2,111.8,3448866,0
20231206,130000,111.8,112.1,110.1,110.975,5835838,0
20231206,140000,110.975,111.3,110.575,111.25,1401586,0
20231206,150000,111.25,111.35,110.675,111.125,1178390,0
20231206,160000,111.1,111.35,110.625,110.9,1286614,0
20231206,170000,110.9,111.675,110.3,111.325,2541256,0
20231206,180000,111.3,111.4,110.4,110.425,1424108,0
20231206,190000,110.425,110.8,109.725,110.7,1285506,0
20231206,200000,110.6,110.85,110.15,110.325,832982,0
20231206,210000,110.325,111.05,110.275,111.025,418718,0
20231206,220000,111,111.025,110.125,110.4,442186,0
20231206,230000,110.325,110.45,110,110.35,455818,0
20231207,100000,110.75,111.625,110.2,110.775,3567786,0
20231207,110000,110.75,111.5,110.125,111.425,4064762,0
20231207,120000,111.4,112.25,111.25,111.925,4109376,0
20231207,130000,111.925,112.025,111.15,111.925,2625816,0
20231207,140000,111.95,112.05,111.425,111.7,1902100,0
20231207,150000,111.675,112.5,111.5,112.4,1649262,0
20231207,160000,112.35,113.675,112.35,112.925,3719396,0
20231207,170000,112.95,113.725,112.675,113.675,1540562,0
20231207,180000,113.675,114.325,112.8,112.8,3668142,0
20231207,190000,112.925,112.925,112.05,112.05,1241148,0
20231207,200000,112.075,112.475,112,112.425,357938,0
20231207,210000,112.425,112.675,112.15,112.65,305594,0
20231207,220000,112.625,112.75,111.825,112.1,610630,0
20231207,230000,112.1,112.325,111.8,112.3,320206,0
20231208,100000,112.425,113.1,111.75,112.1,2372780,0
20231208,110000,112.05,113.2,111.925,112.4,1602054,0
20231208,120000,112.4,112.8,112.1,112.65,749322,0
20231208,130000,112.65,112.8,112,112.075,925362,0
20231208,140000,112.1,112.25,111.65,111.8,987406,0
20231208,150000,111.825,111.85,110.85,111.175,1871768,0
20231208,160000,111.175,111.475,110.7,111.35,1313788,0
20231208,170000,111.35,111.425,110.95,111.075,633912,0
20231208,180000,111.075,111.3,110.625,111.3,1118418,0
20231208,190000,111.225,111.3,111.075,111.25,350276,0
20231208,200000,111.275,111.4,111.175,111.25,206366,0
20231208,210000,111.3,111.4,111.075,111.375,440670,0
20231208,220000,111.325,111.475,111.25,111.35,100060,0
20231208,230000,111.325,111.65,111.225,111.65,282754,0
20231211,100000,111.825,112.375,110.525,111.05,3229562,0
20231211,110000,111.05,111.9,110.65,111.825,2221582,0
20231211,120000,111.8,112.25,111.25,111.95,2067428,0
20231211,130000,111.95,112.25,111.475,111.85,1308974,0
20231211,140000,111.875,112.975,111.75,111.925,2661204,0
20231211,150000,111.925,112.425,111.35,111.425,1576912,0
20231211,160000,111.425,112.425,110.975,112.175,1999384,0
20231211,170000,112.225,112.625,112.05,112.075,883950,0
20231211,180000,112.1,112.15,110.775,110.775,1509978,0
20231211,190000,110.85,111.075,109.8,110.4,2252872,0
20231211,200000,110.4,110.475,110.05,110.3,574646,0
20231211,210000,110.35,110.425,110.1,110.375,290162,0
20231211,220000,110.375,110.375,110.15,110.325,219652,0
20231211,230000,110.325,110.675,110.175,110.225,276366,0
20231212,100000,110.35,111.275,110.325,111.15,2484776,0
20231212,110000,111.15,111.575,110.65,111.4,2368864,0
20231212,120000,111.4,112,111.4,111.7,1936874,0
20231212,130000,111.675,113.775,111.55,113.55,3212970,0
20231212,140000,113.55,114.475,113.25,113.925,4567576,0
20231212,150000,113.9,114.225,113.375,113.925,2011046,0
20231212,160000,113.9,114,113.075,113.2,2380606,0
20231212,170000,113.2,113.375,112.15,112.25,2405166,0
20231212,180000,112.25,112.725,110.8,110.8,2894104,0
20231212,190000,110.925,111.75,110.875,111.65,1317052,0
20231212,200000,111.65,111.725,111.075,111.225,700838,0
20231212,210000,111.2,111.325,110.65,110.925,880734,0
20231212,220000,110.925,111.625,110.875,111.625,582734,0
20231212,230000,111.55,111.75,111.525,111.75,485854,0
20231213,100000,111.3,112.85,110.85,112.4,3331506,0
20231213,110000,112.4,112.6,112.05,112.575,1183856,0
20231213,120000,112.575,113.525,112.475,113.175,1913366,0
20231213,130000,113.175,113.225,112.6,113.075,1307862,0
20231213,140000,113.05,113.475,112.975,113.075,1056956,0
20231213,150000,113.1,113.55,112.4,112.425,1673952,0
20231213,160000,112.475,112.825,112.325,112.45,1020230,0
20231213,170000,112.4,112.65,112.15,112.5,723998,0
20231213,180000,112.525,112.7,112.45,112.6,318690,0
20231213,190000,112.7,112.8,112.45,112.65,216152,0
20231213,200000,112.65,113.275,112.625,113.075,554444,0
20231213,210000,113.075,113.35,112.95,113.275,361238,0
20231213,220000,113.25,113.6,113.225,113.425,637992,0
20231213,230000,113.425,113.925,113.425,113.925,789660,0
20231214,100000,114.375,115.75,114.35,114.6,5180308,0
20231214,110000,114.6,115.2,114.55,115.075,1675526,0
20231214,120000,115.05,115.275,114.65,114.775,713228,0
20231214,130000,114.725,114.8,114.15,114.325,1374346,0
20231214,140000,114.3,114.425,113.95,114.025,774200,0
20231214,150000,114.025,114.425,113.975,114.075,609722,0
20231214,160000,114.075,114.075,112.75,113,1656122,0
20231214,170000,113,113.375,112.625,113.225,985870,0
20231214,180000,113.25,113.975,113,113.975,2222140,0
20231214,190000,113.8,113.925,113.25,113.425,1515718,0
20231214,200000,113.425,113.5,112.525,112.7,547904,0
20231214,210000,112.675,112.7,112.025,112.525,816964,0
20231214,220000,112.525,112.8,112.3,112.6,235562,0
20231214,230000,112.6,113,112.55,113,306998,0
20231215,100000,112.9,114.25,112.9,113.7,2783264,0
20231215,110000,113.675,114,113.25,113.3,893726,0
20231215,120000,113.325,113.375,112.425,112.875,1446676,0
20231215,130000,112.9,115.6,112.825,115.1,4347822,0
20231215,140000,115.125,116.675,114.8,116.075,3895066,0
20231215,150000,116.075,116.275,115.5,115.875,1514862,0
20231215,160000,115.9,117.575,115.9,117.525,4291512,0
20231215,170000,117.525,118.1,116.85,116.95,2976064,0
20231215,180000,116.925,117.125,116.575,116.575,1131170,0
20231215,190000,116.725,117.4,116.6,117.25,580572,0
20231215,200000,117.25,117.775,117.175,117.75,654776,0
20231215,210000,117.75,117.775,117.4,117.7,427898,0
20231215,220000,117.7,117.8,117.25,117.275,527666,0
20231215,230000,117.275,117.5,117.15,117.425,469920,0
20231218,100000,117.9,119.075,117.2,118.525,4992694,0
20231218,110000,118.525,119.6,118.525,119.325,2641802,0
20231218,120000,119.325,119.65,118.625,118.85,2002030,0
20231218,130000,118.9,119,118.575,118.775,797906,0
20231218,140000,118.775,118.925,118.4,118.475,1212758,0
20231218,150000,118.475,118.85,118.325,118.475,919942,0
20231218,160000,118.475,118.725,118.3,118.6,753422,0
20231218,170000,118.625,118.7,118.325,118.5,663990,0
20231218,180000,118.5,118.575,116.95,116.95,2301106,0
20231218,190000,117.175,117.625,117,117.325,1945674,0
20231218,200000,117.325,117.7,117.3,117.625,390792,0
20231218,210000,117.625,117.75,117.05,117.175,656084,0
20231218,220000,117.175,117.25,116.525,117.075,716274,0
20231218,230000,117.05,117.3,117,117.3,294840,0
20231219,100000,116.25,117.125,116.225,116.9,2064100,0
20231219,110000,116.85,116.925,116.375,116.775,1245816,0
20231219,120000,116.75,116.8,116.25,116.275,820618,0
20231219,130000,116.25,116.275,115.85,116.1,1014940,0
20231219,140000,116.125,116.125,115.35,115.825,1822436,0
20231219,150000,115.85,116,115.4,115.675,580552,0
20231219,160000,115.65,116.4,115.6,116.075,1284600,0
20231219,170000,116.075,116.325,116,116.25,919812,0
20231219,180000,116.275,116.7,116.075,116.7,1004354,0
20231219,190000,116.65,117.4,116.5,117.125,1484292,0
20231219,200000,117.15,117.6,116.75,117.4,1573418,0
20231219,210000,117.375,117.4,117,117.075,334898,0
20231219,220000,117.1,117.475,117.075,117.325,343620,0
20231219,230000,117.3,117.85,117.3,117.75,457848,0
20231220,100000,117.7,118.375,117.15,117.35,1994916,0
20231220,110000,117.325,117.975,117.325,117.55,1715690,0
20231220,120000,117.55,118,116.85,117.15,1224974,0
20231220,130000,117.1,117.6,117.1,117.175,1142730,0
20231220,140000,117.175,117.3,116.875,117.175,552052,0
20231220,150000,117.175,117.275,116.8,116.9,568388,0
20231220,160000,116.9,117.05,116.5,116.875,824966,0
20231220,170000,116.9,117.375,116.8,117.3,413342,0
20231220,180000,117.325,117.375,116.825,117.35,715372,0
20231220,190000,117.225,117.25,116.25,116.55,784330,0
20231220,200000,116.525,116.65,116.275,116.5,338974,0
20231220,210000,116.475,116.575,116.45,116.5,142414,0
20231220,220000,116.525,116.9,116.525,116.775,193522,0
20231220,230000,116.775,116.775,116.525,116.525,186732,0
20231221,100000,116.5,117.25,115.925,116.175,3250530,0
20231221,110000,116.175,116.35,115.675,116.3,1648336,0
20231221,120000,116.275,116.625,115.95,116.05,907026,0
20231221,130000,116.05,116.25,114.825,114.9,2472102,0
20231221,140000,114.95,115.325,114.65,115.05,2170576,0
20231221,150000,115.075,115.075,113.75,113.975,2573594,0
20231221,160000,113.975,114.575,113.975,114.45,1462270,0
20231221,170000,114.45,114.95,113.975,114.75,1797070,0
20231221,180000,114.75,115.15,114.575,115.15,1784178,0
20231221,190000,115.025,115.325,114.975,115.075,390666,0
20231221,200000,115.1,115.325,115.025,115.275,190070,0
20231221,210000,115.325,115.325,115,115,134642,0
20231221,220000,115,115,114.55,114.675,236536,0
20231221,230000,114.8,114.825,114.075,114.675,277714,0
20231222,100000,114.925,116.525,114.8,116.3,4984578,0
20231222,110000,116.3,116.35,115.8,115.925,1456356,0
20231222,120000,115.925,115.925,115.375,115.5,1402258,0
20231222,130000,115.5,116.3,115.35,116.225,1614870,0
20231222,140000,116.175,116.275,115.25,115.6,1067290,0
20231222,150000,115.575,115.775,114.625,114.65,2433686,0
20231222,160000,114.65,115.2,114.375,114.8,2055966,0
20231222,170000,114.825,114.925,114.175,114.725,1440012,0
20231222,180000,114.7,114.95,114.675,114.675,562670,0
20231222,190000,114.65,114.875,114.075,114.6,894046,0
20231222,200000,114.6,114.6,114.25,114.5,575132,0
20231222,210000,114.525,114.55,114.4,114.525,163750,0
20231222,220000,114.525,114.55,114.325,114.45,458672,0
20231222,230000,114.45,115.1,114.425,114.875,1101096,0
20231225,100000,115.25,115.775,115,115.4,2113044,0
20231225,110000,115.4,115.5,115.175,115.45,650860,0
20231225,120000,115.45,115.45,114.7,114.8,1312650,0
20231225,130000,114.825,114.9,114.45,114.7,763660,0
20231225,140000,114.7,114.85,113.975,114.25,1589664,0
20231225,150000,114.275,114.8,114.15,114.5,1358010,0
20231225,160000,114.475,114.775,114.45,114.775,671088,0
20231225,170000,114.775,114.925,114.575,114.725,748984,0
20231225,180000,114.75,115.225,114.7,115.225,806646,0
20231225,190000,115.075,115.225,114.9,115.175,375958,0
20231225,200000,115.15,115.3,115.075,115.275,352496,0
20231225,210000,115.25,115.775,115.15,115.7,749830,0
20231225,220000,115.725,116.15,115.575,116,517360,0
20231225,230000,115.975,116.075,115.55,115.975,339740,0
20231226,100000,115.7,116.05,115,115.25,2388874,0
20231226,110000,115.275,115.45,114.85,115.1,1215230,0
20231226,120000,115.075,115.35,114.925,115,1114750,0
20231226,130000,115,115.725,114.825,115.3,855040,0
20231226,140000,115.275,115.5,114.95,115.25,1194242,0
20231226,150000,115.25,115.7,115.225,115.475,797692,0
20231226,160000,115.475,116.325,115.45,115.925,1656370,0
20231226,170000,115.925,116.325,115.775,116.175,900936,0
20231226,180000,116.15,116.175,115.55,115.55,915892,0
20231226,190000,115.675,115.85,115.6,115.65,412686,0
20231226,200000,115.65,115.8,115.4,115.775,350794,0
20231226,210000,115.775,115.95,115.725,115.825,169182,0
20231226,220000,115.85,115.925,115.75,115.8,316498,0
20231226,230000,115.8,115.925,115.725,115.8,237412,0
20231227,100000,115.95,115.975,115.1,115.25,2063092,0
20231227,110000,115.25,115.6,114.95,115.5,1602670,0
20231227,120000,115.5,115.675,115,115.15,1665742,0
20231227,130000,115.15,115.35,115.025,115.05,561360,0
20231227,140000,115.05,115.2,114.725,115.175,1012674,0
20231227,150000,115.2,115.275,114.8,114.875,827388,0
20231227,160000,114.9,114.95,114.575,114.775,835406,0
20231227,170000,114.8,114.8,114.1,114.4,1119722,0
20231227,180000,114.425,114.625,114.3,114.625,919590,0
20231227,190000,114.55,114.675,114.375,114.65,273466,0
20231227,200000,114.65,114.65,114.425,114.525,239132,0
20231227,210000,114.55,114.575,114.2,114.325,367888,0
20231227,220000,114.3,114.5,114.225,114.45,229184,0
20231227,230000,114.45,114.525,114.275,114.375,196138,0
20231228,100000,114.6,114.65,113.225,113.975,1714974,0
20231228,110000,113.975,114.25,113.5,113.625,986662,0
20231228,120000,113.625,114.05,113.375,113.55,810952,0
20231228,130000,113.55,113.85,113.45,113.75,793996,0
20231228,140000,113.775,113.9,113.375,113.55,557436,0
20231228,150000,113.525,113.825,113.45,113.825,602904,0
20231228,160000,113.825,114.15,113.675,114.075,562044,0
20231228,170000,114.1,114.125,113.85,113.925,564692,0
20231228,180000,113.95,114.225,113.8,113.85,974182,0
20231228,190000,113.95,114.95,113.925,114.2,1162944,0
20231228,200000,114.225,114.275,113.6,114.15,556924,0
20231228,210000,114.15,114.325,114.1,114.225,210896,0
20231228,220000,114.225,114.225,113.725,113.825,289002,0
20231228,230000,113.8,113.85,113.275,113.475,654732,0
20231229,100000,113.65,114.125,113.55,113.8,878468,0
20231229,110000,113.775,115.25,113.45,114.925,3336240,0
20231229,120000,114.925,115.05,114.2,114.675,2027780,0
20231229,130000,114.675,114.85,114.35,114.625,882392,0
20231229,140000,114.625,114.725,114.125,114.275,538036,0
20231229,150000,114.3,114.55,114.175,114.375,284544,0
20231229,160000,114.35,114.5,114.225,114.4,213232,0
20231229,170000,114.375,114.425,113.85,113.95,509950,0
20231229,180000,113.925,114,113.7,113.875,462234,0
20231229,190000,113.725,114.125,113.725,114.025,278202,0
20231229,200000,114.075,114.1,113.9,113.925,197610,0
20231229,210000,113.925,113.975,113.875,113.925,370898,0
20231229,220000,113.9,113.925,113.575,113.675,277142,0
20231229,230000,113.675,113.725,113.25,113.4,683502,0
20240103,100000,113.575,114.575,113.55,114.2,1496712,0
20240103,110000,114.175,114.575,114,114.575,789948,0
20240103,120000,114.55,114.575,114.225,114.325,371258,0
20240103,130000,114.325,114.725,114.25,114.6,650436,0
20240103,140000,114.6,114.775,114.575,114.6,335788,0
20240103,150000,114.625,115.05,114.6,114.9,573752,0
20240103,160000,114.9,115.125,114.575,114.6,649196,0
20240103,170000,114.625,114.775,114.325,114.65,433034,0
20240103,180000,114.65,114.925,114.475,114.925,512298,0
20240103,190000,114.925,114.925,114.675,114.75,253182,0
20240103,200000,114.75,114.775,114.55,114.7,175624,0
20240103,210000,114.7,115.2,114.625,115.1,748400,0
20240103,220000,115.05,115.1,114.95,115.1,83288,0
20240103,230000,115.075,115.125,114.825,115.125,152236,0
20240104,100000,115.125,115.7,114.85,115.175,1151978,0
20240104,110000,115.125,115.625,114.925,115.625,457668,0
20240104,120000,115.625,115.975,115.525,115.55,1306594,0
20240104,130000,115.575,115.95,115.5,115.65,600714,0
20240104,140000,115.65,115.85,115.575,115.7,309388,0
20240104,150000,115.725,115.75,115,115.325,739920,0
20240104,160000,115.325,115.35,115.15,115.325,355990,0
20240104,170000,115.35,115.45,115.275,115.35,233348,0
20240104,180000,115.325,115.575,115.3,115.575,252798,0
20240104,190000,115.5,115.55,115.2,115.3,171168,0
20240104,200000,115.3,115.325,115.2,115.25,74738,0
20240104,210000,115.275,115.5,115.225,115.45,105318,0
20240104,220000,115.425,115.5,115.325,115.425,84094,0
20240104,230000,115.4,115.625,115.375,115.55,120644,0
20240105,100000,115.525,117.975,115.4,117.225,5981054,0
20240105,110000,117.25,117.45,116.8,116.975,1580124,0
20240105,120000,117,117.35,116.925,117.175,653872,0
20240105,130000,117.175,118.325,117.15,118.175,2833094,0
20240105,140000,118.175,118.95,118.05,118.3,3498948,0
20240105,150000,118.275,119.5,118.075,119.025,4279632,0
20240105,160000,119.05,119.875,118.825,119.8,2941798,0
20240105,170000,119.8,119.975,119.3,119.3,2621810,0
20240105,180000,119.3,119.7,119.2,119.2,1799102,0
20240105,190000,119.3,119.675,119.225,119.475,929628,0
20240105,200000,119.475,119.525,118.975,119.3,914262,0
20240105,210000,119.3,119.375,119.15,119.275,274386,0
20240105,220000,119.35,119.725,119.125,119.525,836032,0
20240105,230000,119.6,120.275,119.45,120,1303136,0
20240108,100000,120.225,122.8,120.075,122.575,9304886,0
20240108,110000,122.625,122.65,121.925,122.05,3386386,0
20240108,120000,122.05,122.45,121.725,122.375,2210378,0
20240108,130000,122.375,122.5,122.075,122.4,1241954,0
20240108,140000,122.4,123.5,122.25,123.1,4415648,0
20240108,150000,123.1,123.325,122.775,122.875,1306646,0
20240108,160000,122.9,123.1,122.525,122.925,1261452,0
20240108,170000,122.95,123.075,122.25,122.775,2569718,0
20240108,180000,122.75,123.25,122.6,123.15,1799104,0
20240108,190000,123.025,124.5,123.025,123.95,3931030,0
20240108,200000,123.95,124.15,123.45,123.6,1505682,0
20240108,210000,123.6,124.25,123.5,124.05,992742,0
20240108,220000,124.05,124.25,123.775,123.975,818446,0
20240108,230000,123.9,124.3,123.9,124.275,1011716,0
20240109,100000,124.55,124.7,122.75,123.475,6016684,0
20240109,110000,123.45,124.025,122.35,123.525,3770092,0
20240109,120000,123.525,124.05,123.375,123.425,1210302,0
20240109,130000,123.425,123.5,122.85,122.875,1165260,0
20240109,140000,122.875,123.15,122.85,123.075,756340,0
20240109,150000,123.1,123.4,122.925,123.3,738296,0
20240109,160000,123.275,123.725,123.25,123.55,660882,0
20240109,170000,123.575,123.6,123.2,123.475,475024,0
20240109,180000,123.5,123.7,122.9,122.9,964042,0
20240109,190000,123,123.3,122.95,123.15,544922,0
20240109,200000,123.15,123.35,123.1,123.325,193662,0
20240109,210000,123.325,123.5,123.2,123.35,489914,0
20240109,220000,123.35,123.45,123.225,123.3,223350,0
20240109,230000,123.325,123.525,123.2,123.5,352762,0
20240110,100000,123.5,124.25,123.075,123.45,2613756,0
20240110,110000,123.4,123.475,122.35,122.575,2350260,0
20240110,120000,122.575,122.75,122.075,122.625,1872826,0
20240110,130000,122.625,122.875,122.2,122.775,1260374,0
20240110,140000,122.725,122.85,122.5,122.8,749612,0
20240110,150000,122.775,123.3,122.675,123.05,1103710,0
20240110,160000,123.075,123.125,122.4,122.425,683668,0
20240110,170000,122.425,122.725,122.4,122.725,363052,0
20240110,180000,122.725,122.825,122.5,122.825,499376,0
20240110,190000,122.75,122.8,122.5,122.5,267428,0
20240110,200000,122.575,122.6,122.3,122.375,453298,0
20240110,210000,122.4,122.45,121.175,122.025,992816,0
20240110,220000,122.025,122.05,121.875,121.95,292118,0
20240110,230000,121.9,122.3,121.85,122.175,507630,0
20240111,100000,122.5,122.5,121.375,122.125,1723374,0
20240111,110000,122.125,122.5,121.75,122.5,1120062,0
20240111,120000,122.475,126.675,122.425,125.25,8485076,0
20240111,130000,125.225,126.35,124.625,125.975,8633812,0
20240111,140000,125.9,126.675,125.525,125.625,4516702,0
20240111,150000,125.65,126,125.325,125.375,2089660,0
20240111,160000,125.375,125.475,124.725,125.125,1792488,0
20240111,170000,125.175,125.5,124.25,125.4,1743466,0
20240111,180000,125.475,126.3,125.225,126.3,2915964,0
20240111,190000,126.2,126.5,126,126.05,1487528,0
20240111,200000,126.1,126.325,126,126.3,803248,0
20240111,210000,126.3,126.3,126.1,126.175,377954,0
20240111,220000,126.175,126.275,126,126.2,616908,0
20240111,230000,126.225,126.325,125.675,125.95,967082,0
20240112,100000,126.35,126.75,125.325,126,3575104,0
20240112,110000,125.95,126.075,125.4,126.05,1148064,0
20240112,120000,126.075,126.15,125.625,125.875,714662,0
20240112,130000,125.825,125.95,125.525,125.825,591954,0
20240112,140000,125.775,125.8,125,125.25,1150254,0
20240112,150000,125.225,125.5,124.775,125.35,1412652,0
20240112,160000,125.4,125.5,125.3,125.475,465034,0
20240112,170000,125.475,125.475,124.975,125.25,1035828,0
20240112,180000,125.25,125.4,124.95,124.95,804310,0
20240112,190000,125.1,125.125,124.6,124.95,532568,0
20240112,200000,124.95,124.95,124.625,124.85,437032,0
20240112,210000,124.875,125.05,124.85,125,300990,0
20240112,220000,125.025,125.35,124.925,125.3,381328,0
20240112,230000,125.3,125.325,125.025,125.125,265016,0
20240115,100000,125.175,125.95,125.125,125.375,2715388,0
20240115,110000,125.4,125.475,125.25,125.3,1035474,0
20240115,120000,125.325,125.975,125.15,125.725,1287474,0
20240115,130000,125.725,125.75,124,124.475,2999238,0
20240115,140000,124.5,124.775,124.425,124.6,642360,0
20240115,150000,124.6,124.975,124.425,124.85,428536,0
20240115,160000,124.825,124.9,124.575,124.75,313436,0
20240115,170000,124.75,124.8,123.75,124.025,1093258,0
20240115,180000,124.025,124.05,123.6,124.05,861966,0
20240115,190000,124,124.35,123.825,124.3,402366,0
20240115,200000,124.325,124.35,124,124.275,280118,0
20240115,210000,124.275,124.4,124.25,124.35,250718,0
20240115,220000,124.35,124.375,124.15,124.35,136266,0
20240115,230000,124.325,124.4,124.125,124.3,146810,0
20240116,100000,124.35,124.35,123.125,123.725,1958718,0
20240116,110000,123.675,123.7,122.675,123.125,1676524,0
20240116,120000,123.15,123.675,123.125,123.525,643442,0
20240116,130000,123.55,124.45,123.45,124.45,1204374,0
20240116,140000,124.45,125.85,124.425,125.075,4478066,0
20240116,150000,125.075,125.375,124.5,124.75,1337840,0
20240116,160000,124.8,125.325,124.35,125,1162426,0
20240116,170000,125.05,125.125,124.75,124.975,675176,0
20240116,180000,124.95,125,124.65,124.95,534484,0
20240116,190000,125,125.125,124.825,125.025,456730,0
20240116,200000,125.05,125.075,124.875,124.95,136880,0
20240116,210000,124.975,125.3,124.95,125,398744,0
20240116,220000,125,125.1,124.975,125.05,103954,0
20240116,230000,125.025,125.125,124.85,124.925,182722,0
20240117,100000,125.175,125.325,124.7,124.85,1719996,0
20240117,110000,124.85,125.825,124.825,125.275,3015312,0
20240117,120000,125.275,126.7,124.875,125.825,5896810,0
20240117,130000,125.85,126.375,125.6,125.75,1288470,0
20240117,140000,125.75,126,125.275,125.9,970868,0
20240117,150000,125.875,125.875,125.3,125.45,830168,0
20240117,160000,125.475,125.625,124.875,125.125,1512872,0
20240117,170000,125.125,125.125,124.725,125.05,752182,0
20240117,180000,125.05,125.2,124.925,125.2,639068,0
20240117,190000,125,125.075,124.85,124.975,354594,0
20240117,200000,124.975,125,124.875,124.975,193290,0
20240117,210000,124.975,125.2,124.925,125.1,312826,0
20240117,220000,125.075,125.15,124.925,125.05,166586,0
20240117,230000,125.05,125.1,124.925,124.975,212704,0
20240118,100000,125.025,125.375,124.5,124.85,2238394,0
20240118,110000,124.825,125.25,124.65,124.825,1196430,0
20240118,120000,124.875,124.925,124.1,124.275,1890510,0
20240118,130000,124.225,124.575,124.075,124.5,645254,0
20240118,140000,124.575,124.625,123.825,123.975,1571012,0
20240118,150000,124.05,124.225,123.85,124.075,652482,0
20240118,160000,124.075,124.1,122.95,123.35,2385990,0
20240118,170000,123.35,123.65,122.95,123.375,979236,0
20240118,180000,123.325,123.5,122.875,123.5,1130938,0
20240118,190000,123.35,123.45,123.05,123.35,572642,0
20240118,200000,123.325,123.7,123.3,123.5,463382,0
20240118,210000,123.475,123.5,123.25,123.35,189236,0
20240118,220000,123.35,123.475,122.425,122.8,1173482,0
20240118,230000,122.8,122.875,122.575,122.575,378668,0
20240119,100000,122.85,123.05,122.025,122.825,3032254,0
20240119,110000,122.8,123.925,122.75,123.1,2841774,0
20240119,120000,123.1,123.75,122.65,123.65,1087070,0
20240119,130000,123.675,124.2,123.575,123.75,1149444,0
20240119,140000,123.75,123.775,123.325,123.6,583744,0
20240119,150000,123.55,123.675,122.9,123.025,773046,0
20240119,160000,123.025,123.15,122.575,123.025,1255290,0
20240119,170000,123.025,123.725,123,123.45,1071614,0
20240119,180000,123.45,123.5,122.9,122.9,546332,0
20240119,190000,123.075,123.3,122.875,123.275,386912,0
20240119,200000,123.275,123.35,122.75,123.05,505520,0
20240119,210000,122.975,123.05,122.75,122.9,186304,0
20240119,220000,122.9,122.975,122.7,122.85,492466,0
20240119,230000,122.825,123.025,122.75,122.75,304484,0
20240122,100000,123,123.075,122.125,122.8,2080178,0
20240122,110000,122.825,123.225,122.575,122.675,976586,0
20240122,120000,122.7,123.425,122.6,123.375,790592,0
20240122,130000,123.375,123.85,123.2,123.55,1512822,0
20240122,140000,123.55,123.55,122.9,123.175,827052,0
20240122,150000,123.175,123.55,123.1,123.15,361432,0
20240122,160000,123.125,123.25,122.8,122.9,342438,0
20240122,170000,122.925,123.25,122.825,123.15,378448,0
20240122,180000,123.175,123.525,123.125,123.525,444496,0
20240122,190000,123.425,123.525,123.275,123.475,332068,0
20240122,200000,123.475,123.6,123.375,123.4,220592,0
20240122,210000,123.4,123.5,123.3,123.5,172524,0
20240122,220000,123.5,123.725,123.35,123.625,225718,0
20240122,230000,123.65,124.925,123.5,124.175,956298,0
20240123,100000,124.35,124.75,123.7,123.8,1765810,0
20240123,110000,123.775,124.275,123.675,123.875,1335830,0
20240123,120000,123.875,124,123.55,123.75,502694,0
20240123,130000,123.775,123.85,123.2,123.225,615846,0
20240123,140000,123.2,123.5,123,123.225,689334,0
20240123,150000,123.225,123.5,123.175,123.275,744466,0
20240123,160000,123.325,123.475,122.9,123,1106890,0
20240123,170000,123,123.125,122.625,122.75,1432406,0
20240123,180000,122.75,123.15,122.65,123.15,840250,0
20240123,190000,123.175,123.175,122.75,122.925,335252,0
20240123,200000,122.925,122.95,122.65,122.85,215866,0
20240123,210000,122.9,122.925,122.725,122.925,117358,0
20240123,220000,122.925,122.95,122.75,122.85,186002,0
20240123,230000,122.875,123.05,122.725,122.975,249154,0
20240124,100000,123.075,123.5,122.45,123,2070778,0
20240124,110000,122.975,123.975,122.925,123.225,1839484,0
20240124,120000,123.225,123.325,122.625,122.85,948920,0
20240124,130000,122.825,123.15,122.675,122.95,768612,0
20240124,140000,122.9,122.975,120.1,120.8,9185572,0
20240124,150000,120.875,121.475,120.625,121.3,2161138,0
20240124,160000,121.3,121.675,121.2,121.425,1134202,0
20240124,170000,121.425,121.45,120.825,121.075,1054036,0
20240124,180000,121.075,121.175,120.825,120.825,634148,0
20240124,190000,120.9,121.2,120.725,121.175,754148,0
20240124,200000,121.15,121.25,121,121.2,233472,0
20240124,210000,121.175,121.225,121.025,121.1,130124,0
20240124,220000,121.1,121.15,120.925,120.925,173980,0
20240124,230000,120.95,121.05,120.65,120.85,284892,0
20240125,100000,121,121.575,120.175,121.45,3545142,0
20240125,110000,121.5,121.8,120.625,120.925,1834052,0
20240125,120000,120.95,121.325,120.8,120.9,679584,0
20240125,130000,120.9,121.125,120.325,120.925,1025890,0
20240125,140000,120.925,121.55,120.825,121.2,948586,0
20240125,150000,121.2,121.75,121.15,121.475,652914,0
20240125,160000,121.475,122.175,121.425,122.05,1323044,0
20240125,170000,122.025,122.075,121.625,121.925,698228,0
20240125,180000,121.925,121.95,121.325,121.325,584412,0
20240125,190000,121.375,121.6,121.3,121.5,411936,0
20240125,200000,121.5,121.6,121.3,121.325,218426,0
20240125,210000,121.3,121.45,121.25,121.425,89576,0
20240125,220000,121.425,121.95,121.3,121.775,397852,0
20240125,230000,121.825,122.3,121.8,121.975,427626,0
20240126,100000,121.975,122.575,121.5,122.525,1760426,0
20240126,110000,122.475,122.9,122.225,122.5,1528388,0
20240126,120000,122.45,122.625,121.775,121.9,1199226,0
20240126,130000,121.85,121.875,121.25,121.475,940626,0
20240126,140000,121.475,121.6,121.075,121.45,661216,0
20240126,150000,121.425,121.45,120.825,121.125,1170768,0
20240126,160000,121.125,121.35,121.075,121.2,659442,0
20240126,170000,121.2,121.25,120.85,121.075,671742,0
20240126,180000,121.05,121.175,120.9,121.175,508170,0
20240126,190000,121.125,121.15,120.875,120.975,260854,0
20240126,200000,120.975,121,120.85,120.9,143732,0
20240126,210000,120.9,120.925,120.575,120.9,350462,0
20240126,220000,120.9,121.025,120.675,120.8,419676,0
20240126,230000,120.825,120.9,120.675,120.75,351734,0
20240129,100000,120.925,122.275,120.875,121.75,3536898,0
20240129,110000,121.75,121.875,121.475,121.65,688572,0
20240129,120000,121.625,121.675,121.25,121.425,438296,0
20240129,130000,121.425,121.75,121.4,121.75,435670,0
20240129,140000,121.7,121.9,121.325,121.45,602302,0
20240129,150000,121.425,121.85,121.375,121.575,648622,0
20240129,160000,121.625,121.625,121.325,121.45,315504,0
20240129,170000,121.45,121.55,121.275,121.375,429632,0
20240129,180000,121.35,121.6,121.275,121.6,191160,0
20240129,190000,121.275,121.65,121.275,121.575,246460,0
20240129,200000,121.6,121.85,121.6,121.65,319580,0
20240129,210000,121.65,121.725,121.525,121.625,200252,0
20240129,220000,121.65,121.775,121.5,121.65,284422,0
20240129,230000,121.65,121.85,121.525,121.825,350512,0
20240130,100000,121.975,122.925,121.925,122.55,2904206,0
20240130,110000,122.525,123.075,122.425,122.675,1806684,0
20240130,120000,122.65,122.9,122.575,122.775,920164,0
20240130,130000,122.75,123.5,122.725,123.475,1961150,0
20240130,140000,123.475,123.925,123.3,123.75,1747562,0
20240130,150000,123.75,123.875,122.325,122.45,3719208,0
20240130,160000,122.425,122.75,122.4,122.75,1156792,0
20240130,170000,122.75,122.8,122.475,122.725,1100030,0
20240130,180000,122.725,122.75,122.25,122.5,756242,0
20240130,190000,122.525,122.575,122.275,122.45,239864,0
20240130,200000,122.45,122.75,122.375,122.65,238730,0
20240130,210000,122.65,122.675,122.45,122.65,198100,0
20240130,220000,122.65,122.75,122.6,122.7,110534,0
20240130,230000,122.675,122.725,122.55,122.625,164452,0
20240131,100000,122.9,123.45,122.625,123.125,2451382,0
20240131,110000,123.125,123.275,122.475,122.925,1415816,0
20240131,120000,122.925,123.125,122.525,122.75,1396558,0
20240131,130000,122.675,122.8,122.575,122.675,377154,0
20240131,140000,122.675,122.775,122.35,122.625,921846,0
20240131,150000,122.625,122.925,122.475,122.725,713638,0
20240131,160000,122.725,122.75,122.4,122.55,435854,0
20240131,170000,122.525,122.85,122.425,122.625,907388,0
20240131,180000,122.625,122.65,122.175,122.175,805286,0
20240131,190000,122.125,122.45,122.05,122.4,503428,0
20240131,200000,122.425,122.45,122.175,122.25,300912,0
20240131,210000,122.225,122.45,122.175,122.45,248596,0
20240131,220000,122.425,123.2,122.425,122.95,968854,0
20240131,230000,122.95,123.125,122.875,122.875,349668,0
20240201,100000,123.25,123.325,122.5,123.075,2599358,0
20240201,110000,123.05,124.25,123.025,123.8,4088998,0
20240201,120000,123.8,123.9,123.225,123.475,1505374,0
20240201,130000,123.475,123.775,123.45,123.525,487112,0
20240201,140000,123.55,123.625,123.2,123.425,746188,0
20240201,150000,123.425,123.55,122.9,122.975,1172398,0
20240201,160000,122.95,123.1,122.7,123,696580,0
20240201,170000,123.05,123.175,122.975,123.05,314090,0
20240201,180000,123.125,123.25,122.8,123.25,811068,0
20240201,190000,123.075,123.2,123,123.125,311876,0
20240201,200000,123.15,123.4,123.025,123.175,254098,0
20240201,210000,123.2,123.25,122.9,123.1,286546,0
20240201,220000,123.1,123.25,123,123.2,186918,0
20240201,230000,123.2,123.325,123,123.125,186872,0
20240202,100000,123.1,123.2,122.275,122.45,2085718,0
20240202,110000,122.45,122.475,121.7,122.325,1714712,0
20240202,120000,122.3,122.4,121.75,122.225,1026084,0
20240202,130000,122.2,122.325,122.075,122.25,354638,0
20240202,140000,122.225,122.575,122.15,122.55,611264,0
20240202,150000,122.575,122.625,122.05,122.2,776698,0
20240202,160000,122.225,122.375,122.2,122.225,424608,0
20240202,170000,122.225,122.55,122.2,122.45,447110,0
20240202,180000,122.475,122.6,122.25,122.25,343450,0
20240202,190000,122.4,122.45,122.225,122.4,395558,0
20240202,200000,122.4,122.4,122.2,122.3,211232,0
20240202,210000,122.3,122.4,122.175,122.325,127104,0
20240202,220000,122.325,122.35,122.15,122.25,138542,0
20240202,230000,122.25,122.325,122.075,122.2,258180,0
20240205,100000,122.25,122.95,122.25,122.7,1739656,0
20240205,110000,122.675,123.175,122.55,122.6,1005462,0
20240205,120000,122.6,122.775,122.375,122.675,577620,0
20240205,130000,122.675,122.725,122.225,122.575,689398,0
20240205,140000,122.6,122.875,122.45,122.825,639554,0
20240205,150000,122.825,123.025,122.675,122.85,671896,0
20240205,160000,122.85,122.85,122.5,122.5,458880,0
20240205,170000,122.525,122.825,122.325,122.55,977664,0
20240205,180000,122.55,122.55,121.675,121.675,1573740,0
20240205,190000,121.85,122.05,121.7,122,527950,0
20240205,200000,121.975,122.1,121.925,122.05,217382,0
20240205,210000,122.05,122.1,121.95,122.1,89756,0
20240205,220000,122.1,122.1,121.975,122.05,162380,0
20240205,230000,122.05,122.35,122.025,122.275,277380,0
20240206,100000,122.325,122.7,122,122.125,1408084,0
20240206,110000,122.125,122.475,122.05,122.075,666810,0
20240206,120000,122.1,122.2,121.4,121.6,2266492,0
20240206,130000,121.6,121.65,121.025,121.6,1917960,0
20240206,140000,121.625,121.75,121.325,121.7,631398,0
20240206,150000,121.7,121.725,121.325,121.4,461920,0
20240206,160000,121.4,121.55,121.375,121.475,228408,0
20240206,170000,121.5,121.7,121.475,121.575,410116,0
20240206,180000,121.575,121.9,121.45,121.9,588458,0
20240206,190000,121.775,121.875,121.625,121.825,496350,0
20240206,200000,121.825,121.975,121.7,121.825,274792,0
20240206,210000,121.8,121.9,121.65,121.75,206396,0
20240206,220000,121.775,121.825,121.625,121.75,157682,0
20240206,230000,121.8,121.925,121.75,121.9,222318,0
20240207,100000,122,122.825,121.8,122.475,3122518,0
20240207,110000,122.475,122.6,122.2,122.325,1046168,0
20240207,120000,122.275,122.6,122.1,122.55,884352,0
20240207,130000,122.525,123.85,122.4,123.725,6124078,0
20240207,140000,123.725,123.9,122.9,123.45,5896922,0
20240207,150000,123.475,123.525,122.975,123.1,1666978,0
20240207,160000,123.125,123.4,123,123.15,980100,0
20240207,170000,123.125,123.325,122.85,122.925,975000,0
20240207,180000,122.925,123,122.625,122.625,836516,0
20240207,190000,122.7,123,122.65,122.975,381000,0
20240207,200000,122.975,123,122.675,122.775,308878,0
20240207,210000,122.8,123.375,122.7,123.1,624468,0
20240207,220000,123.1,123.4,123.075,123.325,501646,0
20240207,230000,123.325,123.5,123.15,123.45,424278,0
20240208,100000,123.6,124.95,122.6,123,11490190,0
20240208,110000,123,123.5,122.75,123.25,2409638,0
20240208,120000,123.275,123.275,122.2,122.75,2887496,0
20240208,130000,122.725,123.125,122.5,123.1,888446,0
20240208,140000,123.125,123.125,122.475,122.5,1179512,0
20240208,150000,122.5,122.75,122.325,122.6,756070,0
20240208,160000,122.6,122.75,122.45,122.525,630858,0
20240208,170000,122.525,122.6,122.2,122.5,1409358,0
20240208,180000,122.475,122.5,121.75,121.75,2368488,0
20240208,190000,121.7,122.1,121.4,121.925,1729784,0
20240208,200000,121.925,121.975,121.35,121.75,735772,0
20240208,210000,121.7,121.75,121.275,121.6,967288,0
20240208,220000,121.6,121.6,121.35,121.425,390396,0
20240208,230000,121.45,121.45,121.15,121.3,679284,0
20240209,100000,121.375,121.825,120.4,121.475,4367690,0
20240209,110000,121.425,122.475,121.375,122.075,1737626,0
20240209,120000,122.075,122.175,121.85,121.95,516420,0
20240209,130000,121.925,122.15,121.85,122,397782,0
20240209,140000,122,122.075,121.875,121.975,346448,0
20240209,150000,122.025,122.05,121.4,121.6,875628,0
20240209,160000,121.575,121.725,121.125,121.5,647766,0
20240209,170000,121.5,122.175,121.4,121.95,1027130,0
20240209,180000,121.925,122.175,121.55,121.95,717336,0
20240209,190000,121.95,122.1,121.775,122,337756,0
20240209,200000,122,122.025,121.675,121.75,263894,0
20240209,210000,121.75,121.925,121.75,121.775,145950,0
20240209,220000,121.8,121.975,121.75,121.95,107102,0
20240209,230000,121.95,122.05,121.6,121.65,470488,0
20240212,100000,122.175,122.85,122.05,122.3,2928724,0
20240212,110000,122.3,122.425,121.9,122.4,1077500,0
20240212,120000,122.425,122.55,122.175,122.25,633790,0
20240212,130000,122.35,122.8,122.3,122.65,742352,0
20240212,140000,122.65,122.75,122.025,122.1,694990,0
20240212,150000,122.075,122.475,122.075,122.35,489414,0
20240212,160000,122.35,122.525,122.225,122.45,338390,0
20240212,170000,122.425,122.9,122.025,122.35,1606624,0
20240212,180000,122.35,122.775,122.25,122.775,842096,0
20240212,190000,122.65,122.75,122.425,122.575,377348,0
20240212,200000,122.55,122.625,122.4,122.45,231274,0
20240212,210000,122.45,122.75,122.425,122.475,359590,0
20240212,220000,122.5,122.55,122.275,122.4,173002,0
20240212,230000,122.375,122.375,122.15,122.325,347672,0
20240213,100000,122.65,123.45,122.075,122.95,3886952,0
20240213,110000,122.95,123.025,122.5,122.525,1450378,0
20240213,120000,122.5,122.775,122.325,122.475,1746532,0
20240213,130000,122.475,122.625,121.6,122.075,2153120,0
20240213,150000,122.05,122.5,121.8,121.9,435608,0
20240213,160000,121.9,121.9,121,121.65,3160924,0
20240213,170000,121.675,121.95,121.575,121.675,857068,0
20240213,180000,121.7,121.9,121.575,121.9,625574,0
20240213,190000,121.9,121.975,121.65,121.8,406216,0
20240213,200000,121.8,122,121.7,121.975,262516,0
20240213,210000,121.925,121.975,121.8,121.85,458606,0
20240213,220000,121.85,121.875,121.625,121.75,297040,0
20240213,230000,121.775,122,121.675,121.975,395166,0
20240214,100000,122.325,122.9,121.85,122.8,4602154,0
20240214,110000,122.725,123.05,121.75,122.5,5539818,0
20240214,120000,122.5,122.825,122,122.35,3728606,0
20240214,130000,122.375,122.5,122.025,122.475,1385486,0
20240214,140000,122.45,122.8,122.25,122.3,2289914,0
20240214,150000,122.325,122.5,122,122.15,1103712,0
20240214,160000,122.125,122.5,122,122.425,860016,0
20240214,170000,122.45,122.625,122.275,122.5,734324,0
20240214,180000,122.5,122.55,122.225,122.5,736872,0
20240214,190000,122.475,122.475,122.075,122.2,609500,0
20240214,200000,122.25,122.275,122.025,122.15,435176,0
20240214,210000,122.15,122.275,122.05,122.175,336482,0
20240214,220000,122.175,122.275,122.175,122.25,275778,0
20240214,230000,122.25,122.525,122.225,122.5,295070,0
20240215,100000,122.575,122.725,121.75,121.825,2850182,0
20240215,110000,121.825,122.075,121.3,121.5,2919546,0
20240215,120000,121.475,122,121.45,121.6,1618464,0
20240215,130000,121.6,121.975,121.5,121.75,905462,0
20240215,140000,121.8,122.225,121.75,122.175,1193108,0
20240215,150000,122.15,122.25,121.9,122.125,717502,0
20240215,160000,122.125,122.325,122.1,122.2,530376,0
20240215,170000,122.175,122.225,121.95,122.15,609696,0
20240215,180000,122.15,122.175,121.95,121.975,748384,0
20240215,190000,122.225,122.225,121.925,122.075,325346,0
20240215,200000,122.1,122.225,121.975,122.075,575298,0
20240215,210000,122.1,122.15,121.975,122,195962,0
20240215,220000,122,122.075,121.475,121.825,1906198,0
20240215,230000,121.825,122,121.75,121.925,395440,0
20240216,100000,122.075,122.475,121.675,122.325,4116962,0
20240216,110000,122.325,122.475,122.025,122.2,1997132,0
20240216,120000,122.175,122.6,122,122.525,1613632,0
20240216,130000,122.525,124.05,122.275,123.425,10193042,0
20240216,140000,123.425,123.725,121.9,122.275,8709750,0
20240216,150000,122.275,122.3,120.275,121.475,8813044,0
20240216,160000,121.45,121.7,120.95,121.325,1756140,0
20240216,170000,121.325,121.6,120.95,121.425,1056330,0
20240216,180000,121.475,121.7,121.125,121.125,1094992,0
20240216,190000,121.375,121.9,121.2,121.85,770568,0
20240216,200000,121.85,121.85,121.525,121.55,360096,0
20240216,210000,121.6,121.625,121.3,121.45,472276,0
20240216,220000,121.475,121.5,121.275,121.3,278450,0
20240216,230000,121.3,121.475,121.025,121.25,857432,0
20240219,100000,121.8,122.3,121.225,121.775,5581850,0
20240219,110000,121.75,122.925,121.625,122.4,6070694,0
20240219,120000,122.45,124.275,122.375,123.55,11711496,0
20240219,130000,123.55,124,123.375,123.575,4195816,0
20240219,140000,123.625,124.175,123.425,124.1,5498494,0
20240219,150000,124.1,124.575,123.975,124.25,6054412,0
20240219,160000,124.25,124.55,123.775,124.075,4128682,0
20240219,170000,124.075,124.325,123.65,124.175,2982784,0
20240219,180000,124.2,125,124.025,124.65,4251534,0
20240219,190000,124.75,125.25,124.275,124.6,4188708,0
20240219,200000,124.575,124.875,124.3,124.725,1282006,0
20240219,210000,124.75,124.9,124.525,124.725,895076,0
20240219,220000,124.75,124.775,124.3,124.55,1223994,0
20240219,230000,124.575,124.75,124.475,124.7,947224,0
20240220,100000,124.85,124.875,121.35,122,28042838,0
20240220,110000,121.975,122.65,121.5,121.875,6903628,0
20240220,120000,121.875,121.925,121,121.5,6730118,0
20240220,130000,121.525,121.975,121.275,121.85,2783052,0
20240220,140000,121.825,121.875,121.25,121.575,2054280,0
20240220,150000,121.55,121.625,121.05,121.45,2498450,0
20240220,160000,121.425,121.675,121.175,121.225,1508072,0
20240220,170000,121.225,121.325,120.625,121.125,4143510,0
20240220,180000,121.1,121.2,120.65,121.2,2790650,0
20240220,190000,121.2,121.2,118.1,118.95,12793742,0
20240220,200000,118.95,118.95,117.225,118.525,8042500,0
20240220,210000,118.525,118.7,117.35,117.525,3764514,0
20240220,220000,117.525,117.9,116.45,117.25,7598564,0
20240220,230000,117.25,117.975,117.175,117.875,2594062,0
20240221,100000,118,118.825,115.825,118.775,13432600,0
20240221,110000,118.775,119.25,118.075,118.425,5698832,0
20240221,120000,118.4,118.575,116.975,117.275,3706468,0
20240221,130000,117.275,117.625,116.525,116.8,2830906,0
20240221,140000,116.825,116.875,113.95,114.975,12405414,0
20240221,150000,114.95,119,114.325,117.05,11208044,0
20240221,160000,117.05,117.95,116.625,117.1,3570360,0
20240221,170000,117.1,117.275,116.075,116.525,2175048,0
20240221,180000,116.5,116.625,115.1,115.1,3273754,0
20240221,190000,115.4,116.05,115.15,115.425,1813802,0
20240221,200000,115.4,116.05,115.2,115.775,1523086,0
20240221,210000,115.775,115.85,115.425,115.775,726732,0
20240221,220000,115.75,115.95,115.55,115.7,913018,0
20240221,230000,115.7,115.925,115.475,115.5,671026,0
20240222,100000,115.725,116.85,115.575,116.45,5383466,0
20240222,110000,116.45,117.375,116.425,117.025,3062578,0
20240222,120000,117.025,117.275,116.5,116.575,1417578,0
20240222,130000,116.575,117.025,116.275,116.7,1537206,0
20240222,140000,116.7,117.075,116.525,116.725,689020,0
20240222,150000,116.7,117.35,116.525,116.6,1701618,0
20240222,160000,116.55,117.775,116.4,117.05,3819702,0
20240222,170000,117.075,117.325,115.8,116,2745294,0
20240222,180000,116.05,116.35,115.6,115.6,1754846,0
20240222,190000,115.7,115.95,114.525,114.55,3123642,0
20240222,200000,114.55,115.65,114.525,115.45,1324260,0
20240222,210000,115.45,115.625,115.275,115.625,568058,0
20240222,220000,115.625,116.1,115.45,116.025,780230,0
20240222,230000,116,116.175,115.15,115.95,1309812,0
20240226,100000,118.8,118.8,117.5,118.025,6277554,0
20240226,110000,118.025,118.675,117.875,118.425,1798204,0
20240226,120000,118.4,119.125,118.375,118.675,3463838,0
20240226,130000,118.675,118.7,117.925,118.225,1923138,0
20240226,140000,118.225,118.35,117.95,118.15,569052,0
20240226,150000,118.15,118.35,117.675,117.85,1813142,0
20240226,160000,117.825,117.95,117.125,117.45,3310044,0
20240226,170000,117.45,117.65,117.275,117.45,804674,0
20240226,180000,117.45,117.65,117.275,117.6,907974,0
20240226,190000,117.6,117.775,117.4,117.7,396734,0
20240226,200000,117.65,117.975,117.625,117.9,684380,0
20240226,210000,117.875,117.9,117.75,117.825,310820,0
20240226,220000,117.825,117.975,117.8,117.95,317386,0
20240226,230000,117.95,118,117.85,118,410640,0
20240227,100000,118.05,118.425,117.575,118.025,3193922,0
20240227,110000,118,118.15,117.45,117.65,2280328,0
20240227,120000,117.675,117.825,116.625,117.05,2252688,0
20240227,130000,117.025,117.375,117,117.275,963694,0
20240227,140000,117.275,117.3,116.675,116.85,1273690,0
20240227,150000,116.85,117.25,116.75,117.05,927220,0
20240227,160000,117.05,117.15,116.9,117.025,424556,0
20240227,170000,117,117.2,116.375,116.45,1273920,0
20240227,180000,116.45,116.725,116.275,116.275,1528704,0
20240227,190000,116.4,116.9,116.325,116.725,1078322,0
20240227,200000,116.725,116.9,116.65,116.85,425638,0
20240227,210000,116.85,117.025,116.8,116.925,406278,0
20240227,220000,116.925,116.975,116.725,116.75,215084,0
20240227,230000,116.75,116.925,116.5,116.925,358192,0
20240228,100000,117,117.25,116.625,117.1,2248958,0
20240228,110000,117.125,117.775,117.075,117.55,2460092,0
20240228,120000,117.55,117.6,117.1,117.325,1306276,0
20240228,130000,117.3,117.475,116.75,116.9,1162320,0
20240228,140000,116.925,116.95,116.675,116.85,1126988,0
20240228,150000,116.8,117.125,116.675,116.9,716590,0
20240228,160000,116.9,116.925,116.55,116.8,578788,0
20240228,170000,116.825,117.05,116.575,116.85,814150,0
20240228,180000,116.8,116.825,116.3,116.725,1473910,0
20240228,190000,116.725,116.725,115.875,116.325,1179766,0
20240228,200000,116.35,116.55,116.275,116.55,432174,0
20240228,210000,116.55,116.6,116.45,116.5,196588,0
20240228,220000,116.475,116.55,116.425,116.525,179388,0
20240228,230000,116.525,116.625,116.4,116.55,372904,0
20240229,100000,116.65,117.05,115.85,116.25,2407990,0
20240229,110000,116.25,116.45,115.875,116.4,1523722,0
20240229,120000,116.4,117.85,116.375,117.45,3861464,0
20240229,130000,117.45,117.8,117.175,117.175,2341422,0
20240229,140000,117.175,117.525,117.025,117.3,1175502,0
20240229,150000,117.3,117.35,117,117,640816,0
20240229,160000,117.025,117.025,116.6,116.8,1169672,0
20240229,170000,116.85,117.1,116.25,116.525,2200900,0
20240229,180000,116.55,117.2,116.525,117,2391412,0
20240229,190000,117,117.1,116.625,116.8,465150,0
20240229,200000,116.8,116.975,116.7,116.825,313912,0
20240229,210000,116.825,116.975,116.625,116.8,213134,0
20240229,220000,116.75,116.9,116.7,116.875,134672,0
20240229,230000,116.85,117.125,116.8,117.125,287210,0
20240301,100000,117.15,119.75,116.8,118.95,16979044,0
20240301,110000,118.9,119.95,118.525,118.85,8273662,0
20240301,120000,118.875,119.15,118.275,118.925,4135942,0
20240301,130000,118.925,119,118.225,118.4,3530496,0
20240301,140000,118.4,118.975,118.1,118.4,2572944,0
20240301,150000,118.425,118.725,118.175,118.4,1462530,0
20240301,160000,118.45,118.775,118.25,118.525,1418292,0
20240301,170000,118.5,118.675,117.9,118,1949372,0
20240301,180000,118,118.25,117.925,118.05,968552,0
20240301,190000,118.05,118.325,117.675,117.85,1144274,0
20240301,200000,117.925,118.125,117.675,118,615576,0
20240301,210000,118.025,118.25,117.95,118.225,503250,0
20240301,220000,118.225,118.7,118.2,118.625,1016254,0
20240301,230000,118.625,118.675,118.125,118.275,753542,0
20240304,100000,118.975,119.35,118.5,118.825,5024138,0
20240304,110000,118.8,119.1,118.7,119.025,1820548,0
20240304,120000,119,119.15,118.45,118.825,1396758,0
20240304,130000,118.825,118.85,118.525,118.6,852218,0
20240304,140000,118.575,118.75,118.5,118.625,765480,0
20240304,150000,118.65,118.725,118.325,118.65,1043678,0
20240304,160000,118.65,119.1,118.575,118.925,1296824,0
20240304,170000,118.925,118.975,118.45,118.7,1032600,0
20240304,180000,118.7,118.8,118.4,118.8,734434,0
20240304,190000,118.725,118.825,118.6,118.775,407024,0
20240304,200000,118.8,118.875,118.7,118.85,295136,0
20240304,210000,118.825,118.95,118.75,118.85,336770,0
20240304,220000,118.85,118.9,118.775,118.85,270278,0
20240304,230000,118.85,118.9,118.75,118.9,416418,0
20240305,100000,119.05,119.15,117.5,118,4680626,0
20240305,110000,117.975,118.425,117.8,118.325,1592366,0
20240305,120000,118.35,118.475,118,118.35,736720,0
20240305,130000,118.325,118.425,118.25,118.4,546808,0
20240305,140000,118.425,118.675,118.1,118.125,947028,0
20240305,150000,118.125,118.35,118.025,118.1,515910,0
20240305,160000,118.05,118.3,117.85,118.075,981944,0
20240305,170000,118.05,118.45,117.925,118.075,1091056,0
20240305,180000,118.075,118.2,117.6,117.75,1450314,0
20240305,190000,117.825,118.05,117.625,117.975,503250,0
20240305,200000,117.925,118.1,117.9,118.025,236368,0
20240305,210000,118.05,118.1,117.5,117.75,830194,0
20240305,220000,117.75,117.9,117.5,117.625,725414,0
20240305,230000,117.6,117.625,117.275,117.525,484164,0
20240306,100000,117.625,118.075,117.25,117.95,1856956,0
20240306,110000,117.95,118.225,117.75,118.075,1322958,0
20240306,120000,118.1,118.1,117.5,117.775,1317254,0
20240306,130000,117.8,117.975,117.7,117.85,564268,0
20240306,140000,117.825,118.35,117.775,118.025,1351424,0
20240306,150000,118.025,118.35,117.875,117.95,957696,0
20240306,160000,117.95,118.025,117.75,117.925,613184,0
20240306,170000,117.925,117.975,117.45,117.6,1026384,0
20240306,180000,117.6,117.675,117.2,117.55,1198790,0
20240306,190000,117.55,117.675,117,117.25,1118628,0
20240306,200000,117.275,117.4,117.25,117.375,267578,0
20240306,210000,117.375,117.475,117.325,117.45,113856,0
20240306,220000,117.475,117.5,117.275,117.3,287204,0
20240306,230000,117.3,117.4,117.15,117.2,188464,0
20240307,100000,117.45,117.85,117.2,117.375,1822414,0
20240307,110000,117.4,117.425,117.025,117.275,872928,0
20240307,120000,117.275,117.375,116.8,117,1040532,0
20240307,130000,117,117.175,116.925,117.075,369760,0
20240307,140000,117.05,117.25,116.95,117.075,455150,0
20240307,150000,117.075,117.175,116.65,117.075,1092252,0
20240307,160000,117.025,117.175,117,117.075,445652,0
20240307,170000,117.075,117.175,116.825,116.9,559230,0
20240307,180000,116.925,116.925,116.4,116.725,1603876,0
20240307,190000,116.7,116.725,116.1,116.35,1536722,0
20240307,200000,116.325,116.525,116.275,116.375,636316,0
20240307,210000,116.375,116.4,116.175,116.275,515670,0
20240307,220000,116.275,116.375,116,116.325,1166188,0
20240307,230000,116.325,116.6,116.25,116.55,577638,0
20240311,100000,117.025,117.5,116.75,117.05,2615960,0
20240311,110000,117.05,117.05,116.4,116.775,1906024,0
20240311,120000,116.8,116.85,116.525,116.625,1061302,0
20240311,130000,116.625,116.9,116.6,116.75,607884,0
20240311,140000,116.725,116.825,116.6,116.775,756622,0
20240311,150000,116.775,116.825,116.5,116.675,576858,0
20240311,160000,116.675,116.725,116.25,116.475,1123786,0
20240311,170000,116.475,116.5,116.25,116.325,728970,0
20240311,180000,116.3,116.425,116.025,116.425,1074590,0
20240311,190000,116.4,116.575,116.275,116.425,410672,0
20240311,200000,116.425,116.575,116.425,116.525,319628,0
20240311,210000,116.5,116.6,116.45,116.6,192638,0
20240311,220000,116.6,116.6,116.45,116.45,141780,0
20240311,230000,116.475,116.7,116.45,116.65,282472,0
20240312,100000,116.7,116.725,115.325,116.325,3115126,0
20240312,110000,116.35,116.675,116.1,116.475,817180,0
20240312,120000,116.475,116.6,116.3,116.525,613744,0
20240312,130000,116.525,116.525,116.275,116.475,527174,0
20240312,140000,116.475,116.575,116.325,116.45,305572,0
20240312,150000,116.425,116.45,115.675,116.2,2936050,0
20240312,160000,116.2,116.2,115.95,116.125,559790,0
20240312,170000,116.1,116.475,116.075,116.225,760630,0
20240312,180000,116.225,116.425,116.075,116.425,722582,0
20240312,190000,116.325,116.425,116.25,116.35,255702,0
20240312,200000,116.35,116.375,116.175,116.375,301090,0
20240312,210000,116.375,116.4,116.275,116.4,265904,0
20240312,220000,116.4,116.675,116.35,116.675,468726,0
20240312,230000,116.675,117,116.65,116.975,721348,0
20240313,100000,117,117.625,116.65,117.35,3320758,0
20240313,110000,117.4,117.475,116.975,117.025,1844894,0
20240313,120000,117.025,117.225,116.875,116.975,1399350,0
20240313,130000,116.975,117.15,116.825,117.025,1170304,0
20240313,140000,117.05,117.15,116.95,117.125,447924,0
20240313,150000,117.15,117.15,116.85,117,553532,0
20240313,160000,117.025,117.125,116.9,116.9,474898,0
20240313,170000,116.925,116.975,116.6,116.7,834246,0
20240313,180000,116.7,116.875,116.65,116.875,401294,0
20240313,190000,116.825,116.925,116.4,116.775,539254,0
20240313,200000,116.775,116.9,116.725,116.775,135006,0
20240313,210000,116.8,116.925,116.7,116.775,144330,0
20240313,220000,116.775,117,116.7,116.925,347500,0
20240313,230000,116.925,116.975,116.825,116.925,84402,0
20240314,100000,116.875,117.15,115.7,115.95,3687924,0
20240314,110000,115.95,116.05,115.05,115.9,2693802,0
20240314,120000,115.875,116.175,115.8,116.15,799244,0
20240314,130000,116.15,116.15,115.7,115.8,821352,0
20240314,140000,115.85,116.025,115.625,115.85,580854,0
20240314,150000,115.875,115.875,115.5,115.575,1121892,0
20240314,160000,115.575,115.775,115.3,115.525,920610,0
20240314,170000,115.55,115.875,115.35,115.475,680730,0
20240314,180000,115.475,115.7,115.35,115.35,542286,0
20240314,190000,115.625,115.75,115.475,115.575,252376,0
20240314,200000,115.575,115.675,115.3,115.55,662478,0
20240314,210000,115.55,115.625,115.475,115.55,129164,0
20240314,220000,115.55,115.575,115.425,115.45,240424,0
20240314,230000,115.475,115.575,115.4,115.45,217152,0
20240315,100000,115.35,116.3,115.25,116.075,2564054,0
20240315,110000,116.075,116.25,115.8,115.975,1727836,0
20240315,120000,115.975,116.15,115.85,116,634404,0
20240315,130000,115.975,116.075,115.875,115.95,662218,0
20240315,140000,115.95,116.15,115.875,116.15,881426,0
20240315,150000,116.15,116.2,115.875,116.075,610498,0
20240315,160000,116.075,116.125,115.625,115.825,901606,0
20240315,170000,115.8,116.075,115.675,116.05,639110,0
20240315,180000,116.05,116.1,115.8,115.8,711960,0
20240315,190000,116.1,116.15,115.75,115.75,560330,0
20240315,200000,115.775,115.85,115.55,115.85,450582,0
20240315,210000,115.85,115.975,115.75,115.9,276060,0
20240315,220000,115.9,115.95,115.775,115.85,127106,0
20240315,230000,115.825,115.975,115.825,115.975,277540,0
20240318,100000,116.075,116.825,115.925,116.35,2798452,0
20240318,110000,116.3,116.4,115.875,115.9,1283762,0
20240318,120000,115.975,116.275,115.875,116.025,539888,0
20240318,130000,116,116.125,115.625,116.05,1116070,0
20240318,140000,116.05,116.275,115.975,116.15,545656,0
20240318,150000,116.15,116.225,115.85,115.95,461900,0
20240318,160000,115.95,115.95,115.725,115.75,518850,0
20240318,170000,115.725,115.825,115.425,115.5,1281328,0
20240318,180000,115.475,115.525,114.275,114.275,5592706,0
20240318,190000,114.425,114.725,114.3,114.575,1649990,0
20240318,200000,114.575,114.625,114.375,114.425,721712,0
20240318,210000,114.45,114.525,114.275,114.5,628836,0
20240318,220000,114.525,114.55,114.325,114.55,313122,0
20240318,230000,114.525,114.55,114.3,114.35,484110,0
20240319,100000,114.4,114.875,114.05,114.725,3921202,0
20240319,110000,114.725,114.925,114.5,114.625,1687914,0
20240319,120000,114.675,114.8,114.3,114.525,1966236,0
20240319,130000,114.5,114.675,114.275,114.55,976524,0
20240319,140000,114.55,114.675,114.15,114.25,1379958,0
20240319,150000,114.25,114.425,113.725,114.05,3113366,0
20240319,160000,114.05,114.4,114,114.15,1177400,0
20240319,170000,114.15,114.225,112,112.225,6770812,0
20240319,180000,112.3,112.85,111.3,112.05,6794260,0
20240319,190000,112.025,112.2,111,112.175,5466788,0
20240319,200000,112.175,112.3,111.975,112.125,1113014,0
20240319,210000,112.125,112.3,111.95,112.025,579054,0
20240319,220000,112,112.075,111.9,112.05,556714,0
20240319,230000,112.05,112.1,111.65,111.825,655912,0
20240320,100000,112.05,112.35,111.25,111.8,4373124,0
20240320,110000,111.825,112.2,111.6,111.625,2029894,0
20240320,120000,111.625,111.95,111.6,111.75,916648,0
20240320,130000,111.75,112.625,111.7,112.475,2630988,0
20240320,140000,112.475,112.475,111.25,111.35,2101138,0
20240320,150000,111.35,111.4,110.675,111.05,2560372,0
20240320,160000,111.1,111.425,110.65,111.25,1462326,0
20240320,170000,111.275,111.725,111.25,111.7,1188308,0
20240320,180000,111.7,111.9,111.525,111.675,731618,0
20240320,190000,111.8,111.9,111.525,111.75,429786,0
20240320,200000,111.75,112.175,111.7,112.075,708632,0
20240320,210000,112.025,112.125,111.625,111.875,637278,0
20240320,220000,111.825,112.025,111.75,112,260016,0
20240320,230000,112.025,112.35,112,112.35,581084,0
20240321,100000,112.525,113.45,112.25,112.925,5017378,0
20240321,110000,112.95,113.15,112.6,112.775,1706846,0
20240321,120000,112.75,112.875,112.5,112.85,1064110,0
20240321,130000,112.85,112.925,112.075,112.375,1707280,0
20240321,140000,112.35,112.6,112.075,112.3,1015068,0
20240321,150000,112.25,112.425,111.375,112,2219898,0
20240321,160000,112.025,112.075,111.625,111.75,781334,0
20240321,170000,111.75,112.525,111.55,112.375,1388260,0
20240321,180000,112.425,112.5,111.975,112.45,804730,0
20240321,190000,112.425,112.475,112.125,112.425,494464,0
20240321,200000,112.425,112.45,112.225,112.375,233594,0
20240321,210000,112.35,112.4,112.2,112.25,175534,0
20240321,220000,112.275,112.625,112.15,112.625,520566,0
20240321,230000,112.625,112.75,112.325,112.375,355984,0
20240322,100000,112.45,113.05,112.45,112.575,1785356,0
20240322,110000,112.6,113.225,112.575,113.025,1580596,0
20240322,120000,113.05,113.15,112.575,112.725,962100,0
20240322,130000,112.725,113.1,112.5,112.9,975664,0
20240322,140000,112.9,112.9,112.1,112.125,1314702,0
20240322,150000,112.175,112.2,111.5,111.825,1768500,0
20240322,160000,111.8,112.1,111.375,111.4,1338228,0
20240322,170000,111.425,111.8,110.95,111.725,2454562,0
20240322,180000,111.725,111.9,111.525,111.9,916328,0
20240322,190000,111.8,111.8,111.4,111.55,579206,0
20240322,200000,111.55,111.7,110,110.475,2591926,0
20240322,210000,110.475,111.05,109.75,110.475,4419804,0
20240322,220000,110.475,110.85,110.075,110.65,2438904,0
20240322,230000,110.65,111.525,110.55,111.5,2119562,0
20240325,100000,111.475,112.25,111.45,111.65,3114686,0
20240325,110000,111.65,111.95,111.3,111.5,1001554,0
20240325,120000,111.525,111.55,110.8,111.1,1391636,0
20240325,130000,111.125,111.775,111,111.4,1070900,0
20240325,140000,111.4,111.725,111.225,111.325,600598,0
20240325,150000,111.3,111.35,110.85,111.175,930086,0
20240325,160000,111.175,111.75,111.175,111.75,931754,0
20240325,170000,111.725,112.15,111.45,112.15,1837394,0
20240325,180000,112.1,112.6,112.075,112.6,1603978,0
20240325,190000,112.475,112.7,112.375,112.425,800166,0
20240325,200000,112.425,112.5,112.25,112.325,404862,0
20240325,210000,112.35,113.15,112.3,112.95,865452,0
20240325,220000,112.925,113.15,112.875,113.15,558972,0
20240325,230000,113.15,113.45,113.1,113.2,722372,0
20240326,100000,113.425,113.7,113,113.05,2366840,0
20240326,110000,113.05,113.1,112.65,113.05,1190866,0
20240326,120000,113.025,113.3,112.875,113.1,1374198,0
20240326,130000,113.125,113.4,112.625,112.8,1183508,0
20240326,140000,112.825,113.05,112.55,112.9,727644,0
20240326,150000,112.9,112.9,112.525,112.7,784280,0
20240326,160000,112.675,112.925,112.575,112.65,486788,0
20240326,170000,112.625,112.95,112.55,112.875,531166,0
20240326,180000,112.925,112.975,112.7,112.7,259880,0
20240326,190000,112.8,113.1,112.8,112.95,289852,0
20240326,200000,112.95,113.1,112.95,113,132586,0
20240326,210000,113,113.175,112.95,113.175,205258,0
20240326,220000,113.15,113.175,113.025,113.075,88082,0
20240326,230000,113.075,113.125,112.875,112.875,197142,0
20240327,100000,112.875,113.375,112.825,113.025,2069096,0
20240327,110000,113.025,113.15,112.325,112.4,1398262,0
20240327,120000,112.4,112.55,111.95,112.35,1442462,0
20240327,130000,112.35,112.5,112.025,112.45,669310,0
20240327,140000,112.425,112.675,112.25,112.475,575356,0
20240327,150000,112.5,112.55,112.125,112.475,531282,0
20240327,160000,112.475,112.8,112.2,112.675,760548,0
20240327,170000,112.7,113.15,112.575,113,1358558,0
20240327,180000,113.025,113.35,112.95,113.35,1296262,0
20240327,190000,113.35,113.375,113,113.225,633972,0
20240327,200000,113.2,113.25,112.325,112.5,1071090,0
20240327,210000,112.5,112.85,112.475,112.625,515580,0
20240327,220000,112.6,113.05,112.6,113.025,227542,0
20240327,230000,112.975,113.075,112.9,112.975,194656,0
20240328,100000,113.325,113.8,112.95,113.3,2579132,0
20240328,110000,113.3,113.4,112.825,113.15,994940,0
20240328,120000,113.125,113.75,112.725,113.45,2101734,0
20240328,130000,113.425,113.45,113.125,113.225,615316,0
20240328,140000,113.225,113.425,113.125,113.2,655470,0
20240328,150000,113.175,113.225,113.075,113.125,414382,0
20240328,160000,113.1,113.15,113,113.075,793454,0
20240328,170000,113.075,113.125,112.75,112.9,518924,0
20240328,180000,112.9,113,112.675,112.675,557296,0
20240328,190000,112.7,112.925,112.6,112.925,721792,0
20240328,200000,112.925,113.075,112.85,112.975,196376,0
20240328,210000,112.975,113.025,112.75,112.8,416384,0
20240328,220000,112.8,112.925,112.775,112.9,92886,0
20240328,230000,112.825,112.95,112.8,112.9,79530,0
20240329,100000,113.15,113.325,112.825,112.925,1918362,0
20240329,110000,112.925,113.2,112.75,112.925,862208,0
20240329,120000,112.925,113.15,112.8,113.025,343810,0
20240329,130000,113.025,113.25,112.95,113.125,714458,0
20240329,140000,113.125,113.425,113.075,113.125,1177228,0
20240329,150000,113.125,113.2,112.95,113.125,657320,0
20240329,160000,113.125,113.4,113.1,113.125,754918,0
20240329,170000,113.15,113.15,112.975,113,490276,0
20240329,180000,113,113.025,112.775,113,1144946,0
20240329,190000,112.95,113.075,112.875,113.025,452976,0
20240329,200000,113.025,113.25,113,113.15,374136,0
20240329,210000,113.175,115.05,113.175,114.775,5110042,0
20240329,220000,114.775,114.875,114.15,114.625,1619762,0
20240329,230000,114.65,114.675,114.45,114.625,787632,0
20240401,100000,115.35,116.15,114.9,115.7,6551212,0
20240401,110000,115.725,115.75,115.05,115.275,2068394,0
20240401,120000,115.275,115.475,115.075,115.225,1302670,0
20240401,130000,115.225,115.65,115.15,115.575,1367000,0
20240401,140000,115.575,115.6,114.95,114.975,1438926,0
20240401,150000,115,115.45,114.725,115.45,1158836,0
20240401,160000,115.425,115.55,115.15,115.5,837116,0
20240401,170000,115.475,115.95,115.35,115.85,1381172,0
20240401,180000,115.85,115.85,115.5,115.675,888078,0
20240401,190000,115.85,116.225,115.625,116.15,1241952,0
20240401,200000,116.15,116.225,115.7,116.025,597676,0
20240401,210000,116.025,116.6,115.9,116.325,2252110,0
20240401,220000,116.325,116.7,116.3,116.5,844358,0
20240401,230000,116.475,116.6,116.275,116.475,858460,0
20240402,100000,116.525,116.7,115.6,115.85,3617644,0
20240402,110000,115.85,116.2,115.7,116.125,1030456,0
20240402,120000,116.125,116.225,115.75,115.9,1180638,0
20240402,130000,115.9,115.925,115.35,115.6,1138592,0
20240402,140000,115.65,115.95,115.175,115.875,1348470,0
20240402,150000,115.9,116.2,115.85,116.025,869888,0
20240402,160000,116.025,116.15,115.525,115.725,1131486,0
20240402,170000,115.75,116.1,115.7,115.925,668612,0
20240402,180000,115.95,116.225,115.75,116.225,786848,0
20240402,190000,115.85,116.2,115.775,115.975,829464,0
20240402,200000,115.95,116,115.7,115.825,455560,0
20240402,210000,115.775,118.875,115.675,118.45,6749730,0
20240402,220000,118.425,119.075,117.75,117.925,13123302,0
20240402,230000,117.95,118.25,117.575,118.15,1994752,0
20240403,100000,118.2,119.825,117.3,119.225,10959244,0
20240403,110000,119.225,119.45,118.675,118.75,3183180,0
20240403,120000,118.725,118.95,118.6,118.775,1253392,0
20240403,130000,118.75,118.975,118.2,118.525,1769102,0
20240403,140000,118.55,118.75,117.65,117.7,2637434,0
20240403,150000,117.675,118.275,117.675,118.275,915342,0
20240403,160000,118.25,119.525,117.9,118.925,4256636,0
20240403,170000,118.9,119.45,118.65,119.025,2715386,0
20240403,180000,119.025,119.375,118.875,119.3,1910514,0
20240403,190000,119,119.3,118.95,119.3,876376,0
20240403,200000,119.275,119.975,119.275,119.575,2363420,0
20240403,210000,119.6,119.9,119.375,119.45,1591426,0
20240403,220000,119.45,119.5,118.75,118.85,1423578,0
20240403,230000,118.9,118.95,118,118.35,2259770,0
20240404,100000,118.6,119.45,118.4,118.6,4114146,0
20240404,110000,118.6,118.925,118.25,118.35,1746340,0
20240404,120000,118.35,118.8,118.225,118.475,1312462,0
20240404,130000,118.45,118.525,118.025,118.525,1660606,0
20240404,140000,118.525,119,118.425,118.9,2098788,0
20240404,150000,118.95,119.4,118.825,119.275,2828976,0
20240404,160000,119.275,120.95,119.1,120.725,8131334,0
20240404,170000,120.75,121.75,120.575,120.725,11293838,0
20240404,180000,120.725,121.025,120.4,120.4,2259664,0
20240404,190000,120.4,121.125,120.375,121.025,1529086,0
20240404,200000,121.025,121.175,120.425,120.7,1280012,0
20240404,210000,120.65,120.925,119.525,120.175,2882826,0
20240404,220000,120.175,120.225,119.7,119.95,1607358,0
20240404,230000,119.975,120.05,119.4,119.7,1032966,0
20240405,100000,119.85,120.575,119.6,120.375,3502404,0
20240405,110000,120.375,120.6,119.75,120.475,2534934,0
20240405,120000,120.475,120.6,119.725,119.775,1701322,0
20240405,130000,119.775,119.925,118.95,119.25,2464716,0
20240405,140000,119.25,120.05,119.2,119.9,1315242,0
20240405,150000,119.95,120,119.35,119.625,1056110,0
20240405,160000,119.625,119.775,119.075,119.225,1479610,0
20240405,170000,119.225,119.85,119.1,119.575,1625450,0
20240405,180000,119.575,119.75,119.4,119.525,673106,0
20240405,190000,119.525,119.7,119.3,119.425,432114,0
20240405,200000,119.45,119.525,119.25,119.3,538490,0
20240405,210000,119.3,119.45,119.2,119.375,329892,0
20240405,220000,119.375,119.55,119.3,119.475,431754,0
20240405,230000,119.525,119.65,119.325,119.375,560390,0
20240408,100000,119.25,120.55,119.25,120.325,4754408,0
20240408,110000,120.325,120.575,120.15,120.325,2739434,0
20240408,120000,120.325,120.95,120.125,120.75,2077900,0
20240408,130000,120.75,120.975,120.225,120.3,2086746,0
20240408,140000,120.3,120.4,120,120.25,1225734,0
20240408,150000,120.275,120.5,120.175,120.35,717038,0
20240408,160000,120.325,120.35,120.05,120.1,887406,0
20240408,170000,120.1,120.125,119.775,119.975,1027394,0
20240408,180000,119.975,119.975,119.775,119.775,518934,0
20240408,190000,119.825,120.225,119.725,120.2,494592,0
20240408,200000,120.225,120.275,120,120.075,387146,0
20240408,210000,120.1,120.15,120,120.025,225372,0
20240408,220000,120.075,120.45,120.025,120.4,733616,0
20240408,230000,120.425,120.55,120.1,120.125,555040,0
20240409,100000,120.55,120.6,119.8,120.25,2143306,0
20240409,110000,120.2,120.3,119.25,119.65,2794098,0
20240409,120000,119.625,119.725,118.6,119.4,3368978,0
20240409,130000,119.35,119.575,119.25,119.475,968576,0
20240409,140000,119.45,119.6,118.85,118.925,1995538,0
20240409,150000,118.95,118.95,117.65,118.275,5387872,0
20240409,160000,118.275,118.5,118.075,118.425,921958,0
20240409,170000,118.4,118.6,117.875,118.1,1291336,0
20240409,180000,118.125,118.4,117.85,118.4,1195730,0
20240409,190000,118.4,118.5,118.2,118.325,672542,0
20240409,200000,118.325,118.35,118.025,118.125,530844,0
20240409,210000,118.1,118.425,118.075,118.3,329030,0
20240409,220000,118.3,118.525,118.125,118.5,521146,0
20240409,230000,118.525,118.725,118.25,118.325,504422,0
20240410,100000,118.4,118.4,117.05,117.3,4730200,0
20240410,110000,117.3,118.3,117.25,118.075,1662256,0
20240410,120000,118.075,118.6,117.775,118.225,1751600,0
20240410,130000,118.225,119.05,118.2,118.8,2058974,0
20240410,140000,118.775,118.85,118.25,118.575,1049272,0
20240410,150000,118.6,119,118.55,118.65,805824,0
20240410,160000,118.625,118.75,118.025,118.325,1042178,0
20240410,170000,118.325,118.45,117.95,118.175,681144,0
20240410,180000,118.15,118.575,118.1,118.575,711828,0
20240410,190000,118.45,118.675,118.45,118.6,580346,0
20240410,200000,118.6,118.9,118.45,118.5,495512,0
20240410,210000,118.475,118.65,118.475,118.525,189530,0
20240410,220000,118.575,118.75,118.525,118.675,471092,0
20240410,230000,118.7,118.775,118.5,118.7,310002,0
20240411,100000,119,119.25,118.575,118.975,2266462,0
20240411,110000,118.975,119.25,118.8,118.9,836106,0
20240411,120000,118.875,118.95,118.1,118.1,1567958,0
20240411,130000,118.175,118.8,118,118.55,2050510,0
20240411,140000,118.525,118.65,118.2,118.425,637432,0
20240411,150000,118.425,118.45,117.875,118.025,1056204,0
20240411,160000,118,118.575,117.975,118.45,1085236,0
20240411,170000,118.45,118.725,118.325,118.6,488788,0
20240411,180000,118.6,118.975,118.525,118.575,812042,0
20240411,190000,118.575,118.8,118.3,118.325,391418,0
20240411,200000,118.3,118.5,118.25,118.5,154856,0
20240411,210000,118.475,118.575,118.25,118.35,269180,0
20240411,220000,118.35,118.725,118.275,118.55,395872,0
20240411,230000,118.575,118.725,118.4,118.425,174826,0
20240412,100000,118.575,118.95,118.325,118.8,1388600,0
20240412,110000,118.75,118.95,118.5,118.7,699550,0
20240412,120000,118.725,119.7,118.7,119.375,3256696,0
20240412,130000,119.375,120,119.3,119.775,1765810,0
20240412,140000,119.775,120.825,119.775,120.25,4630948,0
20240412,150000,120.25,120.25,119.7,119.8,1395782,0
20240412,160000,119.8,120.1,119.575,119.625,1509528,0
20240412,170000,119.575,120.125,119.575,120.125,1140286,0
20240412,180000,120.1,120.2,119.7,119.95,660596,0
20240412,190000,119.9,119.9,119.575,119.825,559034,0
20240412,200000,119.825,119.85,119.525,119.575,638902,0
20240412,210000,119.6,119.6,118.875,119,1619072,0
20240412,220000,119,119.45,118.675,119.375,1069642,0
20240412,230000,119.425,119.45,119.25,119.3,309072,0
20240415,100000,119.75,120.375,118.225,118.875,7196330,0
20240415,110000,118.875,119.25,118.7,119.05,1291650,0
20240415,120000,119.05,119.2,118.8,119.025,767974,0
20240415,130000,119,119.15,118.825,119,625708,0
20240415,140000,119.05,119.45,118.9,119.05,1047414,0
20240415,150000,119.05,119.1,118.8,119.025,649782,0
20240415,160000,119.025,119.4,119.025,119.05,804940,0
20240415,170000,119.05,119.2,118.775,119.15,875136,0
20240415,180000,119.15,119.225,118.425,118.5,1831946,0
20240415,190000,118.75,118.925,118.55,118.85,534058,0
20240415,200000,118.85,119,118.2,118.55,1118938,0
20240415,210000,118.55,118.675,118.4,118.5,412520,0
20240415,220000,118.5,118.7,118.45,118.5,331838,0
20240415,230000,118.525,118.675,118.475,118.675,189812,0
20240416,100000,118.725,118.9,117.825,118.225,3292304,0
20240416,110000,118.2,118.875,117.875,118.75,1926092,0
20240416,120000,118.75,119.3,118.575,119.175,1610612,0
20240416,130000,119.175,119.3,118.8,119.2,1285622,0
20240416,140000,119.225,119.3,118.5,118.625,1686260,0
20240416,150000,118.6,118.85,118.55,118.575,447546,0
20240416,160000,118.575,118.875,118.5,118.85,454550,0
20240416,170000,118.8,118.9,118.4,118.55,420692,0
20240416,180000,118.525,118.65,118.275,118.275,956608,0
20240416,190000,118.3,118.425,118.075,118.425,442158,0
20240416,200000,118.425,119.6,118.35,118.75,1710658,0
20240416,210000,118.725,118.775,118.325,118.6,451512,0
20240416,220000,118.6,118.65,118.425,118.525,198958,0
20240416,230000,118.525,118.7,118.475,118.575,248192,0
20240417,100000,118.8,118.925,118.175,118.625,1398696,0
20240417,110000,118.65,118.75,118.275,118.425,1007540,0
20240417,120000,118.4,118.55,117.6,118.025,3098358,0
20240417,130000,118.05,118.625,117.875,118.425,1201392,0
20240417,140000,118.475,118.65,118.275,118.375,585424,0
20240417,150000,118.325,118.725,118.25,118.625,949226,0
20240417,160000,118.625,118.825,118.5,118.8,626310,0
20240417,170000,118.825,119.15,118.5,119.1,1485620,0
20240417,180000,119.125,119.125,118.75,119.075,823278,0
20240417,190000,118.775,118.975,118.575,118.65,448216,0
20240417,200000,118.7,118.8,118.675,118.725,202368,0
20240417,210000,118.725,118.75,118.625,118.75,212260,0
20240417,220000,118.725,118.8,118.55,118.55,227454,0
20240417,230000,118.55,118.7,118.525,118.6,115006,0
20240418,100000,118.8,119.1,118.6,118.975,1705906,0
20240418,110000,119,119.375,118.975,119.325,1326672,0
20240418,120000,119.275,119.525,119.125,119.3,1229504,0
20240418,130000,119.3,119.375,118.725,119.15,2221468,0
20240418,140000,119.1,119.225,118.85,119.075,593822,0
20240418,150000,119.125,119.15,118.95,119.075,467000,0
20240418,160000,119.075,119.2,118.975,119.2,346966,0
20240418,170000,119.175,119.35,119.125,119.225,664212,0
20240418,180000,119.25,119.3,119.1,119.1,329662,0
20240418,190000,119.25,119.35,119.15,119.225,278728,0
20240418,200000,119.225,119.25,119.05,119.1,192136,0
20240418,210000,119.1,119.25,118.925,119.225,385976,0
20240418,220000,119.225,119.25,119.025,119.05,185396,0
20240418,230000,119.05,119.125,119,119.125,143552,0
20240419,100000,119.125,120.175,119.025,119.825,4113130,0
20240419,110000,119.825,120.05,119.725,119.75,1300860,0
20240419,120000,119.725,119.875,119.375,119.65,1234642,0
20240419,130000,119.65,119.85,119.45,119.675,932068,0
20240419,140000,119.675,119.75,119.55,119.675,441916,0
20240419,150000,119.675,120.05,119.65,119.9,2777682,0
20240419,160000,119.9,120.05,119.8,119.85,836080,0
20240419,170000,119.875,120.05,119.8,120,923070,0
20240419,180000,120,120.025,119.775,119.775,437634,0
20240419,190000,119.75,119.875,119.55,119.775,357296,0
20240419,200000,119.775,119.8,119.525,119.65,188882,0
20240419,210000,119.65,119.65,119.45,119.575,377114,0
20240419,220000,119.575,119.625,119.175,119.45,758398,0
20240419,230000,119.45,119.575,119.325,119.475,540122,0
20240422,100000,119.6,120.425,119.5,120.275,4610666,0
20240422,110000,120.25,120.375,119.875,120.025,1731006,0
20240422,120000,120.025,120.2,119.95,120,1376524,0
20240422,130000,120,120.1,119.775,119.775,703072,0
20240422,140000,119.8,119.875,119.525,119.575,1105486,0
20240422,150000,119.575,119.8,119.525,119.575,763928,0
20240422,160000,119.55,119.625,119.1,119.325,1292714,0
20240422,170000,119.375,119.925,119.3,119.7,1587514,0
20240422,180000,119.7,119.975,119.575,119.925,748698,0
20240422,190000,119.825,119.825,119.55,119.675,428466,0
20240422,200000,119.675,120.05,119.65,120.025,635032,0
20240422,210000,120.025,120.25,119.925,120.125,972384,0
20240422,220000,120.15,120.325,120.075,120.225,987502,0
20240422,230000,120.25,120.5,120.225,120.475,1289166,0
20240423,100000,120.575,121.425,120.55,120.625,5824498,0
20240423,110000,120.65,121,120.5,120.7,1671610,0
20240423,120000,120.675,120.725,120.15,120.55,2227988,0
20240423,130000,120.525,120.675,119.925,120.25,2178874,0
20240423,140000,120.275,120.275,119.775,119.925,1087422,0
20240423,150000,119.925,120.1,119.8,120,1002342,0
20240423,160000,120,120.25,119.875,120,1069404,0
20240423,170000,119.95,120.225,119.9,120,696984,0
20240423,180000,120,120.05,117.975,118.25,6388834,0
20240423,190000,118.275,118.6,117.8,118.45,3693448,0
20240423,200000,118.45,118.575,118.3,118.4,877612,0
20240423,210000,118.4,118.575,118.275,118.475,804140,0
20240423,220000,118.5,118.5,118.025,118.025,837914,0
20240423,230000,118.025,118.475,117.825,118.375,816394,0
20240424,100000,118.5,118.9,117.875,118.875,2845918,0
20240424,110000,118.9,118.975,118.4,118.575,2140998,0
20240424,120000,118.55,118.675,118.2,118.5,1527568,0
20240424,130000,118.5,118.625,118.075,118.55,1274712,0
20240424,140000,118.6,118.8,118.275,118.75,1128522,0
20240424,150000,118.75,118.825,118.15,118.225,1111810,0
20240424,160000,118.225,118.425,118.175,118.25,909918,0
20240424,170000,118.2,118.275,116.55,116.9,5742326,0
20240424,180000,116.9,116.9,115.75,116.175,4095440,0
20240424,190000,116.2,117.1,116.2,116.975,2288988,0
20240424,200000,116.95,117.025,116.475,116.675,839136,0
20240424,210000,116.675,117.15,116.525,117.025,844944,0
20240424,220000,117.025,117.125,116.925,117,281820,0
20240424,230000,117,117.05,116.9,116.975,285496,0
20240425,100000,116.85,117.575,116.625,116.8,3016792,0
20240425,110000,116.775,117.65,116.75,117.575,1356980,0
20240425,120000,117.55,117.9,117.25,117.8,1268462,0
20240425,130000,117.8,118,117.4,117.55,1282292,0
20240425,140000,117.575,119,117.4,118.925,4210746,0
20240425,150000,118.95,119.3,118.675,119.125,3306476,0
20240425,160000,119.1,119.2,118.6,118.65,1367538,0
20240425,170000,118.65,118.925,118.35,118.675,1453816,0
20240425,180000,118.7,118.825,118.35,118.35,705354,0
20240425,190000,118.325,118.675,118.025,118.2,780744,0
20240425,200000,118.175,118.225,117.7,118.15,962726,0
20240425,210000,118.15,118.2,117.725,117.875,690422,0
20240425,220000,117.875,118.125,117.525,118.05,1278692,0
20240425,230000,118.075,118.15,117.95,118.05,320808,0
20240426,100000,118.575,118.95,118.125,118.725,2621974,0
20240426,110000,118.7,119.1,118.675,118.85,1272378,0
20240426,120000,118.85,119.1,118.475,118.65,1257674,0
20240426,130000,118.625,118.725,117.925,118.2,1888974,0
20240426,140000,118.2,118.375,117.575,117.875,1795626,0
20240426,150000,117.875,118.15,117.8,118.05,911658,0
20240426,160000,118.025,118.225,117.275,117.8,1325656,0
20240426,170000,117.775,117.875,117.575,117.725,706132,0
20240426,180000,117.7,117.875,117.675,117.875,499494,0
20240426,190000,117.875,118.05,117.75,117.975,327500,0
20240426,200000,117.975,118.075,117.6,117.825,443742,0
20240426,210000,117.825,117.875,117.525,117.65,433610,0
20240426,220000,117.65,117.7,117.45,117.6,470164,0
20240426,230000,117.575,117.725,117.5,117.65,364924,0
20240427,100000,117.6,118.15,117.425,118.15,882650,0
20240427,110000,118.125,118.15,117.8,118,782604,0
20240427,120000,118,118,117.575,117.625,518392,0
20240427,130000,117.6,117.85,117.6,117.8,325190,0
20240427,140000,117.825,117.975,116.925,117.075,3388770,0
20240427,150000,117.1,117.45,116.925,117.35,1499726,0
20240427,160000,117.325,117.375,114.575,116.525,11601932,0
20240427,170000,116.55,116.575,116.05,116.475,2030516,0
20240427,180000,116.45,116.475,116.05,116.275,817128,0
20240427,190000,116.15,116.825,116.15,116.65,1010890,0
20240427,200000,116.65,116.8,116.475,116.5,479086,0
20240427,210000,116.5,116.8,116.475,116.65,417550,0
20240427,220000,116.65,116.75,116.5,116.6,222322,0
20240427,230000,116.6,116.7,116.35,116.525,609656,0
20240429,100000,116.55,116.8,116.275,116.8,891072,0
20240429,110000,116.8,116.85,116.475,116.5,463708,0
20240429,120000,116.525,116.55,116.325,116.5,245546,0
20240429,130000,116.5,116.725,116.4,116.575,298674,0
20240429,140000,116.5,116.7,116.375,116.5,516578,0
20240429,150000,116.525,116.575,116.175,116.4,441124,0
20240429,160000,116.4,116.8,116.375,116.6,545304,0
20240429,170000,116.6,116.6,116.275,116.45,437796,0
20240429,180000,116.45,116.675,116.375,116.675,350386,0
20240429,190000,116.525,117.125,116.525,116.95,823554,0
20240429,200000,116.95,117.95,116.95,117.95,1512200,0
20240429,210000,117.925,118.475,117.85,118.4,1785588,0
20240429,220000,118.4,118.425,117.25,117.8,2454156,0
20240429,230000,117.8,117.925,117.4,117.475,745238,0
20240430,100000,117.45,117.95,117.2,117.425,1512736,0
20240430,110000,117.4,117.425,117.05,117.3,407460,0
20240430,120000,117.275,117.4,117.225,117.275,149210,0
20240430,130000,117.25,117.375,117.2,117.275,150238,0
20240430,140000,117.3,117.375,117.05,117.125,370830,0
20240430,150000,117.15,117.15,116.85,117,311800,0
20240430,160000,116.975,117.025,116.75,116.975,311984,0
20240430,170000,116.975,117.075,116.75,116.9,266264,0
20240430,180000,116.95,117,116.65,116.65,392552,0
20240430,190000,116.75,116.95,116.725,116.925,225920,0
20240430,200000,116.925,117.075,116.85,116.925,305462,0
20240430,210000,116.925,117.05,116.875,116.925,263962,0
20240430,220000,116.95,117,116.875,116.925,200898,0
20240430,230000,116.95,117.025,116.725,116.825,681702,0
20240502,100000,117.075,117.4,116.325,116.75,2086448,0
20240502,110000,116.75,116.925,116.65,116.675,389674,0
20240502,120000,116.7,116.8,116.475,116.5,450460,0
20240502,130000,116.5,116.525,116.275,116.425,706772,0
20240502,140000,116.425,116.525,116.325,116.4,362416,0
20240502,150000,116.4,116.45,116.175,116.175,539744,0
20240502,160000,116.175,116.275,115.8,116.1,1848484,0
20240502,170000,116.1,116.325,115.95,116.175,932828,0
20240502,180000,116.175,116.325,115.875,115.875,457740,0
20240502,190000,116,116.2,115.975,116.025,211578,0
20240502,200000,116.025,116.2,116,116.1,246100,0
20240502,210000,116.125,116.125,115.95,116.075,292246,0
20240502,220000,116.075,116.125,115.9,116.1,221282,0
20240502,230000,116.1,116.225,116,116.125,277350,0
20240503,100000,116.125,116.25,115.4,115.575,1839484,0
20240503,110000,115.6,115.775,115.3,115.45,1001296,0
20240503,120000,115.475,115.7,115.3,115.575,559580,0
20240503,130000,115.575,116.025,115.5,115.9,574968,0
20240503,140000,115.85,116,115.775,115.875,365960,0
20240503,150000,115.875,116.15,115.6,115.9,1094086,0
20240503,160000,115.925,115.975,115.475,115.775,841002,0
20240503,170000,115.8,115.925,115.675,115.925,295294,0
20240503,180000,115.925,116.225,115.65,115.65,764564,0
20240503,190000,115.675,115.9,115.65,115.7,218328,0
20240503,200000,115.7,115.7,115.5,115.55,294822,0
20240503,210000,115.575,115.6,115,115.4,1033596,0
20240503,220000,115.4,115.5,114.85,115.1,1340332,0
20240503,230000,115.05,115.25,114.9,114.975,627662,0
20240506,100000,115.075,115.425,114.8,114.925,2098694,0
20240506,110000,114.925,114.925,114.6,114.675,1080310,0
20240506,120000,114.675,114.85,114.175,114.375,1648184,0
20240506,130000,114.4,114.775,114.25,114.6,1033844,0
20240506,140000,114.6,114.9,114.325,114.85,720866,0
20240506,150000,114.85,115.075,114.85,114.975,801248,0
20240506,160000,114.975,115,114.675,114.975,612106,0
20240506,170000,114.95,115.425,114.875,115.375,871388,0
20240506,180000,115.375,115.375,114.85,115.225,741434,0
20240506,190000,115.225,115.25,114.85,114.975,319050,0
20240506,200000,114.975,115.025,114.775,114.95,301100,0
20240506,210000,114.925,115.025,114.625,114.875,330778,0
20240506,220000,114.9,115,114.65,114.8,231382,0
20240506,230000,114.8,115.1,114.775,115,428138,0
20240507,100000,115,115.55,115,115.25,1914020,0
20240507,110000,115.225,115.675,115.225,115.6,622508,0
20240507,120000,115.6,115.6,115.275,115.4,380726,0
20240507,130000,115.4,115.525,115.3,115.425,279598,0
20240507,140000,115.425,115.45,115.15,115.2,449352,0
20240507,150000,115.2,115.275,115.025,115.25,695292,0
20240507,160000,115.25,115.325,115.125,115.175,302160,0
20240507,170000,115.15,115.225,114.8,115,1221632,0
20240507,180000,115,115.075,114.8,115.075,247972,0
20240507,190000,115.05,115.05,114.875,115,139126,0
20240507,200000,115,115.05,114.7,114.775,512410,0
20240507,210000,114.8,114.95,114.725,114.725,430112,0
20240507,220000,114.725,115.35,114.725,115.225,784138,0
20240507,230000,115.2,115.3,115.175,115.2,222992,0
20240508,100000,115.625,115.625,115.2,115.4,1067000,0
20240508,110000,115.4,115.875,115.225,115.675,1851252,0
20240508,120000,115.7,115.775,115.55,115.675,619222,0
20240508,130000,115.675,115.7,115.425,115.65,323588,0
20240508,140000,115.625,115.65,115.25,115.35,304734,0
20240508,150000,115.35,115.65,115.3,115.375,337466,0
20240508,160000,115.375,115.425,115.3,115.325,189156,0
20240508,170000,115.325,115.35,115.225,115.3,210936,0
20240508,180000,115.3,115.45,115.15,115.45,333006,0
20240508,190000,115.45,115.45,115.225,115.275,160440,0
20240508,200000,115.275,115.35,115.275,115.275,99064,0
20240508,210000,115.275,115.325,115.25,115.275,108558,0
20240508,220000,115.275,115.4,115.225,115.4,163660,0
20240508,230000,115.35,115.425,115.2,115.225,267314,0
20240510,100000,115.4,115.775,115.375,115.65,810142,0
20240510,110000,115.7,115.725,115.35,115.45,368324,0
20240510,120000,115.45,115.775,115.3,115.7,359634,0
20240510,130000,115.725,115.75,115.575,115.7,205060,0
20240510,140000,115.7,115.75,115.65,115.65,101562,0
20240510,150000,115.675,115.75,115.65,115.675,167262,0
20240510,160000,115.675,115.8,115.45,115.775,466878,0
20240510,170000,115.75,115.775,115.625,115.675,172482,0
20240510,180000,115.7,115.925,115.625,115.925,411586,0
20240510,190000,115.65,115.875,115.65,115.75,144632,0
20240510,200000,115.75,115.9,115.7,115.875,99336,0
20240510,210000,115.875,115.875,115.45,115.675,534052,0
20240510,220000,115.675,115.7,115.3,115.45,321746,0
20240510,230000,115.4,115.45,115.325,115.4,154158,0
20240513,100000,115.575,116.575,115.525,116.025,3298366,0
20240513,110000,115.975,116.5,115.925,116.35,1102080,0
20240513,120000,116.35,116.425,115.4,115.7,2332628,0
20240513,130000,115.7,115.825,115.55,115.75,496262,0
20240513,140000,115.775,115.775,114.825,115.175,1853334,0
20240513,150000,115.15,115.5,114.85,115.2,1179286,0
20240513,160000,115.175,115.325,114.95,115.15,781186,0
20240513,170000,115.15,115.625,115.075,115.525,1044796,0
20240513,180000,115.525,115.55,115.325,115.425,351652,0
20240513,190000,115.4,115.55,115.35,115.45,130212,0
20240513,200000,115.45,115.55,115.325,115.35,337292,0
20240513,210000,115.35,115.425,115.25,115.4,203978,0
20240513,220000,115.35,115.5,115.3,115.475,190386,0
20240513,230000,115.5,115.55,115.425,115.5,267850,0
20240514,100000,115.55,115.7,115.025,115.275,1216376,0
20240514,110000,115.25,115.275,114.975,115.025,988156,0
20240514,120000,115.025,115.025,114.4,114.8,1987684,0
20240514,130000,114.775,115.125,114.7,115,874566,0
20240514,140000,115,115.125,114.8,114.975,932670,0
20240514,150000,115,115,114.725,114.9,476864,0
20240514,160000,114.9,115.1,114.8,115.05,581650,0
20240514,170000,115.05,115.2,114.9,115.15,935872,0
20240514,180000,115.15,115.225,115.125,115.175,273766,0
20240514,190000,115.05,115.25,115.05,115.125,177772,0
20240514,200000,115.175,115.2,115,115.05,172108,0
20240514,210000,115.05,115.225,114.925,115.175,273932,0
20240514,220000,115.15,115.225,114.975,115.175,340114,0
20240514,230000,115.175,115.35,115.05,115.3,410708,0
20240515,100000,115.35,116.1,115.25,115.95,2914914,0
20240515,110000,115.95,116.3,115.6,116.075,2744798,0
20240515,120000,116.075,116.2,115.9,116.125,889968,0
20240515,130000,116.15,116.15,115.65,115.775,676474,0
20240515,140000,115.825,115.875,115.1,115.3,1570842,0
20240515,150000,115.325,115.5,115.275,115.425,550336,0
20240515,160000,115.425,115.775,115.375,115.775,677908,0
20240515,170000,115.725,115.8,115.45,115.6,550122,0
20240515,180000,115.575,115.9,115.5,115.5,480386,0
20240515,190000,115.75,115.775,115.475,115.525,268522,0
20240515,200000,115.55,115.75,115.5,115.675,222054,0
20240515,210000,115.675,115.975,115.65,115.925,441006,0
20240515,220000,115.925,116.2,115.875,115.95,469894,0
20240515,230000,115.925,116.175,115.8,116.025,347116,0
20240516,100000,116.375,116.55,115.875,116.35,1908674,0
20240516,110000,116.35,116.975,116.075,116.8,3367200,0
20240516,120000,116.825,116.85,116.325,116.475,934822,0
20240516,130000,116.475,116.625,116.3,116.45,949550,0
20240516,140000,116.45,116.75,116.225,116.575,1189846,0
20240516,150000,116.55,116.775,116.45,116.55,780522,0
20240516,160000,116.525,116.8,116.4,116.775,1067122,0
20240516,170000,116.75,116.8,116.025,116.2,1287094,0
20240516,180000,116.2,116.525,116.1,116.525,654714,0
20240516,190000,116.525,116.8,116.325,116.5,591308,0
20240516,200000,116.525,116.575,116.4,116.475,234802,0
20240516,210000,116.45,116.5,116.275,116.5,226100,0
20240516,220000,116.5,116.5,116.35,116.425,60362,0
20240516,230000,116.4,116.4,115.9,115.95,901516,0
20240517,100000,116.2,116.35,115.6,116.075,1835872,0
20240517,110000,116.1,116.1,115.425,115.625,1293828,0
20240517,120000,115.625,115.8,115.5,115.575,626844,0
20240517,130000,115.575,115.65,115.25,115.55,1277650,0
20240517,140000,115.5,115.725,115.425,115.525,765734,0
20240517,150000,115.525,115.6,115.225,115.55,1039076,0
20240517,160000,115.55,115.55,115.275,115.45,476470,0
20240517,170000,115.475,115.6,115.4,115.55,347740,0
20240517,180000,115.55,115.575,115.325,115.4,791282,0
20240517,190000,115.275,115.375,115.1,115.325,390316,0
20240517,200000,115.325,115.575,115.275,115.5,452388,0
20240517,210000,115.5,115.5,115.325,115.425,94228,0
20240517,220000,115.45,115.45,115.35,115.45,117284,0
20240517,230000,115.45,115.475,115.375,115.375,148710,0
20240520,100000,115.83,115.83,115.4,115.45,1316964,0
20240520,110000,115.45,115.5,115.15,115.25,1183268,0
20240520,120000,115.23,115.25,114.45,114.48,2672220,0
20240520,130000,114.45,114.77,113.18,113.68,3422194,0
20240520,140000,113.68,114.25,113.57,114.02,1200080,0
20240520,150000,114.02,114.18,113.85,113.98,923064,0
20240520,160000,114,114.35,113.95,114.33,636690,0
20240520,170000,114.35,114.43,113.85,113.88,761598,0
20240520,180000,113.9,113.93,113.5,113.5,853674,0
20240520,190000,113.6,113.63,112.35,112.83,2529644,0
20240520,200000,112.83,113.25,112.58,112.83,2450982,0
20240520,210000,112.83,113.28,112.65,113.2,759768,0
20240520,220000,113.2,113.28,112.98,113.25,303564,0
20240520,230000,113.28,113.3,112.85,112.88,314840,0
20240521,100000,112.9,113.5,111.4,111.975,4468916,0
20240521,110000,111.975,112.1,111.075,112,3062920,0
20240521,120000,112,112.275,111.5,112.275,1166418,0
20240521,130000,112.25,112.3,111.625,112.075,793166,0
20240521,140000,112.075,112.2,111.825,111.95,492142,0
20240521,150000,111.95,112.075,111.725,111.775,666572,0
20240521,160000,111.8,111.8,111.5,111.65,732946,0
20240521,170000,111.65,113.025,111.625,112.7,1812278,0
20240521,180000,112.725,112.825,112.025,112.025,758268,0
20240521,190000,111.975,112.475,111.775,112.45,706534,0
20240521,200000,112.45,112.525,112.1,112.275,234802,0
20240521,210000,112.275,112.375,112.025,112.125,197724,0
20240521,220000,112.125,112.35,112.05,112.325,108202,0
20240521,230000,112.325,112.525,112.275,112.45,308622,0
20240522,100000,112.45,113.225,112.45,112.75,1756628,0
20240522,110000,112.775,113.075,112.7,112.875,499338,0
20240522,120000,112.925,112.95,112.525,112.725,449524,0
20240522,130000,112.775,112.8,112.275,112.35,880698,0
20240522,140000,112.35,112.525,112,112.35,767170,0
20240522,150000,112.4,112.7,112.275,112.55,602878,0
20240522,160000,112.55,112.625,112.25,112.425,453950,0
20240522,170000,112.425,112.65,112.275,112.625,268940,0
20240522,180000,112.625,113,112.525,112.65,790164,0
20240522,190000,112.65,112.65,112.4,112.575,132548,0
20240522,200000,112.575,112.65,112.5,112.6,134802,0
20240522,210000,112.575,112.85,112.575,112.75,143574,0
20240522,220000,112.775,112.825,112.675,112.75,157266,0
20240522,230000,112.775,112.775,112.5,112.5,264154,0
20240523,100000,112.275,112.4,111.75,112,1799010,0
20240523,110000,112,112.125,111.375,112.1,1918222,0
20240523,120000,112.075,112.125,111.75,111.975,555724,0
20240523,130000,111.95,112.225,111.925,112.175,271054,0
20240523,140000,112.175,112.5,112.075,112.25,636320,0
20240523,150000,112.25,112.525,112.175,112.425,637650,0
20240523,160000,112.425,113.175,112.4,112.95,1416036,0
20240523,170000,112.95,113.625,112.95,113.5,1419196,0
20240523,180000,113.525,113.525,112.675,112.95,1079316,0
20240523,190000,112.95,113.025,112.775,112.875,347334,0
20240523,200000,112.9,113.075,112.675,112.975,293044,0
20240523,210000,112.975,113.225,112.9,113,495064,0
20240523,220000,113.025,113.025,112.575,112.625,524288,0
20240523,230000,112.625,112.65,112.475,112.6,401902,0
20240524,100000,112.625,112.925,112.3,112.4,1196254,0
20240524,110000,112.375,116.4,112.375,114.375,17274380,0
20240524,120000,114.375,114.45,112.325,113.4,5712998,0
20240524,130000,113.4,113.4,111.475,112.425,4316886,0
20240524,140000,112.45,112.475,111.6,111.625,2254256,0
20240524,150000,111.6,111.975,110.925,111.475,3993704,0
20240524,160000,111.5,111.925,111.475,111.6,1376520,0
20240524,170000,111.65,111.675,110.15,110.8,3963114,0
20240524,180000,110.8,111,110.3,110.475,1610478,0
20240524,190000,110.725,110.8,110.375,110.475,869752,0
20240524,200000,110.475,110.65,110.125,110.55,1001126,0
20240524,210000,110.55,110.575,110.225,110.525,483982,0
20240524,220000,110.525,110.55,110.4,110.5,409002,0
20240524,230000,110.5,110.5,110,110.05,1520874,0
20240527,100000,110.75,112.375,108.9,109.775,10388982,0
20240527,110000,109.775,110.975,109.775,110.775,3274114,0
20240527,120000,110.775,110.8,109.875,110.5,2168724,0
20240527,130000,110.5,111.3,110.4,111.175,2512774,0
20240527,140000,111.15,111.725,111.025,111.7,2048648,0
20240527,150000,111.7,111.875,110.725,110.825,1558328,0
20240527,160000,110.825,111.05,110.15,110.375,2184268,0
20240527,170000,110.375,110.575,105.575,106.4,13113328,0
20240527,180000,106.425,106.875,102.2,102.65,22958576,0
20240527,190000,103.025,104.7,102.775,104.35,11776668,0
20240527,200000,104.375,105.6,104.35,105.025,3490970,0
20240527,210000,104.95,105.75,104.925,105.225,1535102,0
20240527,220000,105.225,105.275,104.675,104.75,1145372,0
20240527,230000,104.725,105.225,104.725,105.1,1107148,0
20240528,100000,105.575,106.625,103.8,105.925,10994654,0
20240528,110000,105.95,106.2,104.55,105.125,3133252,0
20240528,120000,105.125,106.85,105.1,106.55,5568106,0
20240528,130000,106.55,106.55,106.05,106.375,1736020,0
20240528,140000,106.375,106.375,105.7,106.175,1759014,0
20240528,150000,106.225,106.725,105.575,105.725,2190356,0
20240528,160000,105.7,105.925,104.7,105.075,2619002,0
20240528,170000,105.1,105.1,104,104.3,3375580,0
20240528,180000,104.325,104.35,103.4,103.4,2918328,0
20240528,190000,103.575,103.875,102.75,102.825,2382016,0
20240528,200000,102.85,103.875,102.725,103.65,1599636,0
20240528,210000,103.7,104.025,103.4,103.875,740922,0
20240528,220000,103.9,104.175,103.725,104.025,692700,0
20240528,230000,104.025,104.4,103.925,104.275,752566,0
20240529,100000,104.575,105.425,103.6,104.7,4773890,0
20240529,110000,104.7,105.025,104.075,104.425,2213118,0
20240529,120000,104.425,104.6,103.975,104.175,1197298,0
20240529,130000,104.175,104.25,103.725,104,1001086,0
20240529,140000,103.975,104.05,103.175,103.25,1457104,0
20240529,150000,103.225,103.5,102.75,102.85,2183338,0
20240529,160000,102.875,103.65,102.75,103.35,1146750,0
20240529,170000,103.35,103.95,103.075,103.75,1133764,0
20240529,180000,103.75,104.6,103.5,104.3,1642736,0
20240529,190000,104.325,104.725,104.175,104.275,1006350,0
20240529,200000,104.225,104.3,103.975,104.2,576822,0
20240529,210000,104.2,104.975,104.175,104.575,1084818,0
20240529,220000,104.6,104.825,104.575,104.6,219016,0
20240529,230000,104.625,105.225,104.6,105.05,739406,0
20240530,100000,105.25,105.55,104.55,104.875,2730106,0
20240530,110000,104.9,104.95,104.125,104.25,1761262,0
20240530,120000,104.25,104.3,103.75,103.9,1320310,0
20240530,130000,103.875,104.15,103.35,103.825,2513212,0
20240530,140000,103.8,104.4,103.075,103.35,2327274,0
20240530,150000,103.35,103.5,101.3,102,8142000,0
20240530,160000,102,102.4,101.3,102.225,5682496,0
20240530,170000,102.225,102.575,101.5,101.675,2540204,0
20240530,180000,101.7,102,101.525,102,2855128,0
20240530,190000,101.9,102.325,101.8,101.925,1398790,0
20240530,200000,101.925,101.925,100.675,101.325,3752366,0
20240530,210000,101.35,101.6,101,101.1,997992,0
20240530,220000,101.125,101.5,100.9,101.075,1175452,0
20240530,230000,101.1,101.275,100.8,101.05,1041278,0
20240531,100000,101.075,101.475,99.275,100.5,11526146,0
20240531,110000,100.525,101.725,100.3,101.325,4265224,0
20240531,120000,101.325,101.675,100.4,100.675,2563878,0
20240531,130000,100.7,100.775,99.825,100.35,2341040,0
20240531,140000,100.425,101.35,100.3,101.25,1679246,0
20240531,150000,101.25,101.525,100.9,101.125,1278692,0
20240531,160000,101.1,101.325,100.475,100.5,1005468,0
20240531,170000,100.475,100.775,100.175,100.55,1189938,0
20240531,180000,100.55,100.575,99.525,99.525,2674098,0
20240531,190000,99.525,99.875,98.675,99.825,6169858,0
20240531,200000,99.825,99.825,98.175,98.425,2988376,0
20240531,210000,98.425,98.45,97.5,98.125,5025658,0
20240531,220000,98.1,99.5,98.1,98.875,3025694,0
20240531,230000,98.85,99.275,98.7,98.825,1124530,0
20240603,100000,99.65,100.15,98.725,99.2,5234046,0
20240603,110000,99.2,100.25,98.1,98.725,2802676,0
20240603,120000,98.75,98.75,97.55,98.55,3492270,0
20240603,130000,98.525,98.75,95.55,96.325,6335642,0
20240603,140000,96.4,97.15,94.325,94.975,6804822,0
20240603,150000,95,96.2,94.4,96.075,6269972,0
20240603,160000,96.1,97.525,95.6,96.85,4257368,0
20240603,170000,96.85,97.575,95.675,97.575,3317288,0
20240603,180000,97.55,97.875,96.825,97.025,1690362,0
20240603,190000,97.15,98.125,97,98,1292408,0
20240603,200000,98,99.425,97.825,99.125,1715416,0
20240603,210000,99.15,99.5,98.45,98.85,1681854,0
20240603,220000,98.85,99.4,98.775,99.2,1282822,0
20240603,230000,99.2,99.625,99.175,99.425,1019186,0
20240604,100000,99.325,101.2,98.5,100.275,8803572,0
20240604,110000,100.275,100.5,98.325,99.075,6092748,0
20240604,120000,99.075,100.225,98.4,99.75,3212686,0
20240604,130000,99.725,100.95,99.675,100.65,2463768,0
20240604,140000,100.625,100.95,100.275,100.65,1807918,0
20240604,150000,100.625,101.05,99.45,100.8,3615570,0
20240604,160000,100.825,101.075,99.95,100.35,3219388,0
20240604,170000,100.35,101.05,100.325,100.775,2814414,0
20240604,180000,100.75,100.975,100,100.175,2314322,0
20240604,190000,100.175,100.85,100.175,100.75,718632,0
20240604,200000,100.725,100.95,100.675,100.875,641280,0
20240604,210000,100.875,101.75,100.825,101.625,2509756,0
20240604,220000,101.6,101.875,101.35,101.825,1161684,0
20240604,230000,101.85,101.875,101.6,101.85,715492,0
20240605,100000,102.275,103.425,101.7,102.625,9370534,0
20240605,110000,102.675,103.4,102.525,103.125,3841364,0
20240605,120000,103.125,103.175,102.35,103,2994476,0
20240605,130000,102.975,103.15,102.525,102.775,1809520,0
20240605,140000,102.775,102.825,101.075,101.5,4920586,0
20240605,150000,101.525,101.525,100.2,101.35,5584290,0
20240605,160000,101.325,101.625,100.95,101.275,1235782,0
20240605,170000,101.25,102,100.8,101.2,2316772,0
20240605,180000,101.175,101.175,100.625,100.625,1108320,0
20240605,190000,100.725,101.15,100.675,100.95,516434,0
20240605,200000,100.95,100.975,99.65,99.75,1809226,0
20240605,210000,99.75,100.425,99.75,99.975,885004,0
20240605,220000,99.95,100.6,99.75,100.375,910984,0
20240605,230000,100.375,100.7,100.25,100.35,339282,0
20240606,100000,100.15,100.8,99.5,100.65,3483088,0
20240606,110000,100.675,101.1,100.275,100.675,2141244,0
20240606,120000,100.65,100.85,100.15,100.35,966666,0
20240606,130000,100.325,100.425,99.85,100.075,1040966,0
20240606,140000,100.05,100.575,99.675,100.375,1016236,0
20240606,150000,100.35,100.65,100.2,100.35,698724,0
20240606,160000,100.375,100.925,100.35,100.5,884402,0
20240606,170000,100.55,100.675,99.9,100.375,1575682,0
20240606,180000,100.425,100.55,100.125,100.4,619750,0
20240606,190000,100.5,100.5,100,100.275,859848,0
20240606,200000,100.275,100.325,100.1,100.2,264410,0
20240606,210000,100.175,100.4,100.1,100.3,226610,0
20240606,220000,100.275,100.3,100.175,100.25,247134,0
20240606,230000,100.25,100.25,100.075,100.15,260208,0
20240607,100000,100.575,101.35,100.4,100.95,4156196,0
20240607,110000,100.95,101.9,100.65,101.75,2337810,0
20240607,120000,101.775,102.6,101.6,101.975,4102832,0
20240607,130000,101.95,103.75,101.425,102.75,9361936,0
20240607,140000,102.75,103.025,101.95,102.3,3358744,0
20240607,150000,102.3,102.5,101.3,101.925,2669344,0
20240607,160000,101.925,102.4,101.8,102.15,1211040,0
20240607,170000,102.175,102.4,101.55,101.575,1036066,0
20240607,180000,101.65,102.05,101.5,101.75,1200814,0
20240607,190000,101.325,101.925,101.3,101.7,1125360,0
20240607,200000,101.7,101.85,101.6,101.65,348372,0
20240607,210000,101.65,101.75,101.425,101.75,595514,0
20240607,220000,101.75,101.975,101.55,101.65,528900,0
20240607,230000,101.675,102.025,101.6,102,355242,0
20240610,100000,103.05,104.1,102.625,103.3,6617928,0
20240610,110000,103.275,103.45,102.5,102.95,2080510,0
20240610,120000,102.95,103.175,102.125,102.45,2617178,0
20240610,130000,102.45,102.875,102.125,102.575,1735136,0
20240610,140000,102.65,103.65,102.125,103.075,6130004,0
20240610,150000,103.1,103.55,102.575,102.95,2817770,0
20240610,160000,102.95,103.425,102.775,103.225,1149080,0
20240610,170000,103.2,103.25,102.4,102.65,1224602,0
20240610,180000,102.7,102.75,101.2,101.2,3072078,0
20240610,190000,101.4,101.4,100.35,101.1,3826930,0
20240610,200000,101.15,102,101,101.875,1300242,0
20240610,210000,101.875,102.075,101.55,101.9,779148,0
20240610,220000,101.875,101.9,101.5,101.6,435486,0
20240610,230000,101.6,101.85,101.525,101.7,308402,0
20240611,100000,101.45,101.8,100.375,101.35,3634882,0
20240611,110000,101.35,101.675,100.95,101.275,1169190,0
20240611,120000,101.275,101.475,101,101.075,1086274,0
20240611,130000,101.075,101.1,98.9,99.75,5025608,0
20240611,140000,99.725,100.025,97.5,98.55,12446720,0
20240611,150000,98.575,98.875,98.15,98.825,4101846,0
20240611,160000,98.825,99.425,98.725,99.3,2346920,0
20240611,170000,99.3,99.65,98.95,99.1,1967170,0
20240611,180000,99.125,99.225,98.65,98.7,1390240,0
20240611,190000,98.75,99.575,98.75,99.35,1157932,0
20240611,200000,99.35,99.45,99.1,99.175,790476,0
20240611,210000,99.175,99.3,98.95,99.025,509496,0
20240611,220000,99.025,99.2,98.625,99.025,825910,0
20240611,230000,99.025,99.1,98.625,99.1,617338,0
20240613,100000,94.475,98.075,93.175,96.95,10224484,0
20240613,110000,96.975,98.175,96.875,98.15,1942888,0
20240613,120000,98.15,98.85,97.7,98.15,2835036,0
20240613,130000,98.175,98.55,97.875,98.2,1112576,0
20240613,140000,98.2,99.35,98.175,99.125,1149042,0
20240613,150000,99.15,100.85,99.125,100.425,4375660,0
20240613,160000,100.425,100.7,99.95,100.15,2416044,0
20240613,170000,100.15,100.6,99.45,100.525,1822218,0
20240613,180000,100.5,100.625,100.125,100.45,697076,0
20240613,190000,100.45,100.95,100.1,100.525,768776,0
20240613,200000,100.55,100.6,100.075,100.175,414776,0
20240613,210000,100.175,100.35,99.9,100.125,358468,0
20240613,220000,100.125,100.475,99.95,100.475,387138,0
20240613,230000,100.45,101,100.35,100.825,740392,0
20240614,100000,100.975,101.7,99.925,100.425,3793386,0
20240614,110000,100.425,100.6,99.525,100.075,1353564,0
20240614,120000,100.075,100.5,99.7,100.45,1607852,0
20240614,130000,100.45,100.925,100.15,100.7,1476210,0
20240614,140000,100.675,100.775,100.375,100.675,546222,0
20240614,150000,100.7,101,100.225,100.9,1573408,0
20240614,160000,100.9,101.7,100.6,101.575,2313286,0
20240614,170000,101.6,101.675,101.125,101.25,1101628,0
20240614,180000,101.25,101.375,101.075,101.275,418292,0
20240614,190000,101.275,101.275,100.875,101.05,613882,0
20240614,200000,101.025,101.1,100.375,100.775,832648,0
20240614,210000,100.775,100.8,100.45,100.775,481036,0
20240614,220000,100.75,101,100.725,100.925,165982,0
20240614,230000,100.925,101.075,100.525,100.6,699776,0
20240617,100000,101.125,102,100.375,101.8,4025410,0
20240617,110000,101.85,102.275,101.05,101.725,4339222,0
20240617,120000,101.7,103.075,101.35,102.725,5910108,0
20240617,130000,102.725,103.05,102.4,102.6,1817348,0
20240617,140000,102.575,102.8,102.225,102.35,1127834,0
20240617,150000,102.375,102.925,102.275,102.6,1113276,0
20240617,160000,102.6,102.625,101.8,101.975,1826884,0
20240617,170000,101.975,101.975,101.4,101.7,2006260,0
20240617,180000,101.7,101.7,101.25,101.45,1064796,0
20240617,190000,101.45,101.6,101.1,101.225,851392,0
20240617,200000,101.225,101.675,101.125,101.575,740036,0
20240617,210000,101.575,101.85,101.525,101.65,344956,0
20240617,220000,101.65,101.875,101.45,101.85,422598,0
20240617,230000,101.825,101.975,101.775,101.975,288098,0
20240618,100000,102,102.675,101.3,101.75,3500460,0
20240618,110000,101.775,101.8,100.6,101,2468468,0
20240618,120000,101,101.025,100.5,100.7,1967626,0
20240618,130000,100.7,101.025,100.025,100.425,2231568,0
20240618,140000,100.425,100.425,99.2,100.15,3948978,0
20240618,150000,100.15,100.25,99.025,99.4,3545914,0
20240618,160000,99.4,99.675,99.175,99.45,1435896,0
20240618,170000,99.45,99.75,99.075,99.175,1662112,0
20240618,180000,99.175,99.5,98.775,99.025,2162092,0
20240618,190000,99.125,99.425,97.925,98.625,2563802,0
20240618,200000,98.625,99.05,98.6,98.775,649962,0
20240618,210000,98.775,98.925,98.675,98.925,339226,0
20240618,220000,98.925,99.025,98.7,98.8,430776,0
20240618,230000,98.825,99.55,98.75,99.375,742046,0
20240619,100000,99.3,99.55,97.8,98.95,4710956,0
20240619,110000,98.925,99.325,98.7,98.825,1934120,0
20240619,120000,98.825,98.825,97.75,97.925,2411494,0
20240619,130000,97.925,98.35,96.95,97.225,3116156,0
20240619,140000,97.15,97.5,95.725,96.95,5482622,0
20240619,150000,96.925,97.1,96.25,96.7,2174266,0
20240619,160000,96.725,96.825,95.825,96,2269014,0
20240619,170000,96,96.075,94.775,95.475,4628186,0
20240619,180000,95.475,95.75,95.075,95.5,1847778,0
20240619,190000,95.675,95.8,95.1,95.775,1134358,0
20240619,200000,95.775,96.1,95.275,96.1,1290546,0
20240619,210000,96.1,96.475,96.025,96.375,1186916,0
20240619,220000,96.375,96.5,96.3,96.375,475312,0
20240619,230000,96.375,96.5,96.225,96.225,618328,0
20240620,100000,96.4,97,95.875,96.35,5648420,0
20240620,110000,96.35,97.225,96.325,97.15,2139008,0
20240620,120000,97.175,97.175,95.85,96.65,2606586,0
20240620,130000,96.625,96.725,95.375,96.075,1766548,0
20240620,140000,96.075,96.15,94.125,95.15,3533494,0
20240620,150000,95.15,96.9,95.15,96.225,7257268,0
20240620,160000,96.175,96.8,96.075,96.475,2138716,0
20240620,170000,96.45,98.45,96.45,98.125,3499574,0
20240620,180000,98.15,98.475,97.525,98.475,2626106,0
20240620,190000,98.1,98.65,97.925,98.1,1261084,0
20240620,200000,98.075,98.3,97.85,98.15,464512,0
20240620,210000,98.15,98.375,98.075,98.325,267992,0
20240620,220000,98.325,98.45,97.9,97.95,480566,0
20240620,230000,97.925,98.025,97.6,97.925,506992,0
20240621,100000,98.125,99.075,97.2,98.125,3747390,0
20240621,110000,98.1,98.3,97.5,98.05,1195566,0
20240621,120000,98,98.1,96.7,96.825,1659130,0
20240621,130000,96.825,97.7,96.825,97.7,1101006,0
20240621,140000,97.625,98.475,97.575,98.2,1437850,0
20240621,150000,98.25,98.5,97.95,98.15,813118,0
20240621,160000,98.15,98.3,97.825,97.85,568832,0
20240621,170000,97.925,98.175,97.525,97.775,587182,0
20240621,180000,97.8,97.85,97.075,97.5,679128,0
20240621,190000,97.5,97.675,97.3,97.55,248968,0
20240621,200000,97.55,97.55,97.175,97.5,332528,0
20240621,210000,97.5,97.7,97.4,97.45,188494,0
20240621,220000,97.45,97.625,97.375,97.4,179688,0
20240621,230000,97.4,97.7,97.25,97.3,493058,0
20240624,100000,97.2,98.175,96.5,98.1,3102406,0
20240624,110000,98.1,98.25,97.525,97.8,1086792,0
20240624,120000,97.8,98.25,97.325,97.65,1927954,0
20240624,130000,97.625,97.7,96.925,97.4,1099628,0
20240624,140000,97.375,98.025,97.25,97.875,1215834,0
20240624,150000,97.875,98.1,97.425,97.725,955450,0
20240624,160000,97.7,98.475,97.475,98.425,1117688,0
20240624,170000,98.45,98.95,98.1,98.2,2096380,0
20240624,180000,98.225,98.475,97.825,97.825,876430,0
20240624,190000,97.9,98.075,97.275,97.625,827298,0
20240624,200000,97.575,97.925,97.575,97.7,284994,0
20240624,210000,97.65,98.75,97.5,97.975,877416,0
20240624,220000,97.975,98.025,97.775,97.975,225688,0
20240624,230000,97.975,98,97.675,97.725,195864,0
20240625,100000,98,98.25,97.075,98.05,1687284,0
20240625,110000,98.1,98.625,97.975,98.225,1151712,0
20240625,120000,98.2,99.55,98.2,99.325,2659890,0
20240625,130000,99.35,100.325,99,99.925,4829600,0
20240625,140000,99.925,100.1,99.35,99.6,2576446,0
20240625,150000,99.575,100.9,99.5,100.675,3986240,0
20240625,160000,100.675,101.175,100.3,101,3044108,0
20240625,170000,101,101.175,100.525,100.9,2004932,0
20240625,180000,100.925,101.975,100.9,101.6,4191982,0
20240625,190000,101.725,102.375,101.65,102,2773914,0
20240625,200000,101.975,102.1,101.575,102.025,1764556,0
20240625,210000,102.025,102.05,101.775,101.85,494500,0
20240625,220000,101.825,102.4,101.825,101.925,1649762,0
20240625,230000,101.925,102.4,101.775,102.35,838644,0
20240626,100000,102.6,105.725,102.15,105.3,19625624,0
20240626,110000,105.3,106.25,104.75,105.575,9607690,0
20240626,120000,105.6,106.925,105.05,106.8,9818768,0
20240626,130000,106.775,106.975,106.025,106.3,6091128,0
20240626,140000,106.3,106.5,105.6,105.925,2943236,0
20240626,150000,105.975,106.1,105.325,105.875,3097930,0
20240626,160000,105.925,106.225,105.625,105.85,2105988,0
20240626,170000,105.85,106.75,105.675,106.55,4274138,0
20240626,180000,106.525,108.325,106.5,108.25,10935704,0
20240626,190000,108.075,108.675,107.375,107.575,7617218,0
20240626,200000,107.575,108,107.45,107.85,1857688,0
20240626,210000,107.9,108.35,107.45,107.675,2364486,0
20240626,220000,107.7,108.1,107.45,107.975,1466236,0
20240626,230000,108,108.4,107.85,108.25,1749508,0
20240627,100000,108.575,108.8,106.55,107.25,16382404,0
20240627,110000,107.275,107.275,105.6,106.35,11769460,0
20240627,120000,106.3,106.475,105.375,105.925,6414046,0
20240627,130000,105.925,107.35,105.6,107.05,4159628,0
20240627,140000,107.05,107.2,106.175,106.525,2030746,0
20240627,150000,106.525,108.1,106.45,107.5,4438138,0
20240627,160000,107.425,108.075,106.25,106.825,4432832,0
20240627,170000,106.8,107.3,106.65,106.9,1594672,0
20240627,180000,106.9,106.975,106.65,106.925,991826,0
20240627,190000,106.7,107.075,106.3,106.55,1207680,0
20240627,200000,106.55,106.55,105.95,106.175,1935152,0
20240627,210000,106.175,106.5,105.95,106.35,853504,0
20240627,220000,106.35,106.75,106.275,106.325,559026,0
20240627,230000,106.325,106.5,106.175,106.3,520340,0
20240628,100000,106.2,108.4,105.775,107.8,12871880,0
20240628,110000,107.8,107.825,106.55,107.075,4358364,0
20240628,120000,107.075,107.25,106.25,107.15,3488126,0
20240628,130000,107.15,107.15,106.525,106.625,1210532,0
20240628,140000,106.625,106.725,105.875,105.975,2641780,0
20240628,150000,106,106.45,105.625,106.45,2053994,0
20240628,160000,106.45,106.65,106.025,106.2,1232356,0
20240628,170000,106.275,106.45,105.85,105.875,1134470,0
20240628,180000,105.95,106.15,105.45,105.625,1595360,0
20240628,190000,105.525,105.975,105.5,105.85,910572,0
20240628,200000,105.85,106.125,105.35,105.925,1287912,0
20240628,210000,105.95,106.075,105.5,105.675,555118,0
20240628,220000,105.7,105.7,105.325,105.4,741732,0
20240628,230000,105.375,106.25,105.275,105.7,1614052,0
20240701,100000,105.85,106.725,105.05,105.2,6385798,0
20240701,110000,105.2,105.325,103.625,104.3,7043108,0
20240701,120000,104.275,104.9,103.825,103.925,2992616,0
20240701,130000,103.925,105.375,103.925,105.275,3197818,0
20240701,140000,105.225,106.025,105.125,105.525,2453232,0
20240701,150000,105.55,105.95,105.325,105.875,1857838,0
20240701,160000,105.9,106.175,104.825,105.25,2308824,0
20240701,170000,105.25,105.675,105,105.5,1775634,0
20240701,180000,105.475,105.775,105.025,105.775,1453196,0
20240701,190000,105.775,106,105.525,105.85,813020,0
20240701,200000,105.85,106.975,105.8,106.525,2521048,0
20240701,210000,106.55,106.75,106.4,106.75,527404,0
20240701,220000,106.725,106.775,106.55,106.775,410516,0
20240701,230000,106.75,106.85,106.325,106.55,904428,0
20240702,100000,106.6,106.825,105.825,106.4,2781484,0
20240702,110000,106.4,106.525,105.85,105.95,971218,0
20240702,120000,105.95,106.175,105.9,106.175,656434,0
20240702,130000,106.15,106.35,105.975,106.05,796126,0
20240702,140000,106.075,106.175,105.95,106.05,1003984,0
20240702,150000,106.025,106.075,105.55,105.85,1118452,0
20240702,160000,105.85,106.2,105.725,105.875,611466,0
20240702,170000,105.875,105.9,105.575,105.75,735372,0
20240702,180000,105.725,105.775,105.1,105.275,800044,0
20240702,190000,105.3,105.7,105.275,105.375,482520,0
20240702,200000,105.4,105.625,105,105.05,480498,0
20240702,210000,105.05,105.3,105,105.2,265268,0
20240702,220000,105.2,105.5,105,105.375,316308,0
20240702,230000,105.4,105.525,105.05,105.05,223238,0
20240703,100000,105,105.275,104.1,104.525,2058570,0
20240703,110000,104.525,105.375,104.45,105.225,1057712,0
20240703,120000,105.2,105.925,104.675,105.1,3072322,0
20240703,130000,105.1,105.25,104.5,104.75,1266552,0
20240703,140000,104.775,105.775,104.675,105.2,1100098,0
20240703,150000,105.175,105.2,104.8,105,459026,0
20240703,160000,105,105.475,104.25,104.4,1307594,0
20240703,170000,104.4,104.6,101.8,101.875,6914046,0
20240703,180000,101.9,102.9,101.8,102.9,2032110,0
20240703,190000,102.9,103.025,101.85,102.225,1366228,0
20240703,200000,102.225,102.45,102,102.425,426678,0
20240703,210000,102.425,102.575,101.825,102.2,846494,0
20240703,220000,102.2,102.25,101.5,101.7,988140,0
20240703,230000,101.7,101.875,101.3,101.825,811138,0
20240704,100000,101.825,103,101.275,102.575,2321212,0
20240704,110000,102.575,104.725,102.45,103.95,6414928,0
20240704,120000,103.925,104.75,103.625,104.175,4802100,0
20240704,130000,104.175,104.175,102.85,103.25,3675086,0
20240704,140000,103.4,103.725,102.925,103.025,1924208,0
20240704,150000,103.025,103.4,102.275,103.325,2042968,0
20240704,160000,103.25,103.375,102,102.45,2532794,0
20240704,170000,102.45,103.65,102,103.225,1862726,0
20240704,180000,103.225,103.3,102.425,102.45,1097864,0
20240704,190000,102.475,102.625,102,102.15,1050524,0
20240704,200000,102.1,102.925,102.075,102.5,443928,0
20240704,210000,102.5,102.9,102.475,102.875,185260,0
20240704,220000,102.875,102.975,102.575,102.6,314722,0
20240704,230000,102.6,102.925,102.325,102.525,418430,0
20240705,100000,102.925,103.95,100.6,101.525,6601772,0
20240705,110000,101.525,102.075,100.75,101.925,2845682,0
20240705,120000,101.975,103.25,101.25,102.325,2090216,0
20240705,130000,102.325,102.95,101.85,102.15,1032654,0
20240705,140000,102.175,102.325,101.35,101.825,1011840,0
20240705,150000,101.775,102.15,101.625,101.875,388940,0
20240705,160000,101.85,101.875,101.375,101.625,500374,0
20240705,170000,101.7,102.4,101.1,101.85,763428,0
20240705,180000,101.9,102.45,101.525,101.525,1242396,0
20240705,190000,101.675,101.95,101.525,101.9,326846,0
20240705,200000,101.9,101.95,101.75,101.875,167554,0
20240705,210000,101.875,101.875,101.4,101.475,346000,0
20240705,220000,101.45,101.6,101.175,101.325,591766,0
20240705,230000,101.325,101.375,101,101.35,789066,0
20240708,100000,101.5,102.85,101.05,101.75,3393250,0
20240708,110000,101.75,102.2,101.4,101.425,721950,0
20240708,120000,101.425,101.5,100.75,101.075,1803636,0
20240708,130000,101,101.225,100.2,100.925,1628946,0
20240708,140000,100.975,100.975,100,100.45,897704,0
20240708,150000,100.45,100.6,99.525,100,2041042,0
20240708,160000,100,100,98.8,99.75,2357804,0
20240708,170000,99.75,100.075,99.275,99.5,935012,0
20240708,180000,99.525,99.9,99.25,99.525,755136,0
20240708,190000,100.25,100.25,99.6,100.025,679144,0
20240708,200000,100.025,100.2,99.8,99.9,449484,0
20240708,210000,99.9,100.075,99.8,99.8,882202,0
20240708,220000,99.825,99.95,99.6,99.75,295504,0
20240708,230000,99.725,99.975,99.175,99.65,514223.7856,0
20240715,100000,100.01,100.05,95.06,95.3,14312413,0
20240715,110000,95.3,96.31,94.9,95.4,10645006,0
20240715,120000,95.41,95.54,94.52,94.72,8666708,0
20240715,130000,94.72,95.32,94.2,94.34,6558375,0
20240715,140000,94.34,95.03,92.8,93.13,12434344,0
20240715,150000,93.13,93.34,91.65,92.15,16834531,0
20240715,160000,92.15,93.45,92.11,92.71,8171730,0
20240715,170000,92.71,93.78,92.22,92.77,5907134,0
20240715,180000,92.78,93.09,92.39,92.65,2867808,0
20240715,190000,92.65,94.27,92.39,93.86,5496862,0
20240715,200000,93.89,94.42,93.5,93.84,2321197,0
20240715,210000,93.85,94.13,93.51,93.96,1012285,0
20240715,220000,93.95,93.95,93.2,93.28,1066695,0
20240715,230000,93.26,93.28,92.72,92.95,1559718,0
20240716,100000,92.93,94.68,92.25,93.08,11817406,0
20240716,110000,93.14,93.48,91.8,92.26,7726028,0
20240716,120000,92.26,94.38,92.18,94.18,5180492,0
20240716,130000,94.18,94.24,92.73,93.1,2462146,0
20240716,140000,93.09,93.58,92.73,93.55,927475,0
20240716,150000,93.56,93.65,92.87,92.95,1062163,0
20240716,160000,92.94,93.04,92.5,92.9,1324329,0
20240716,170000,92.9,94.06,92.58,93.99,1746972,0
20240716,180000,93.99,95.07,93.42,94.6,6994206,0
20240716,190000,94.65,95.3,94.5,94.86,6167461,0
20240716,200000,94.87,95.25,94.77,95.07,1189931,0
20240716,210000,95.07,95.11,94.77,95.01,689320,0
20240716,220000,95,95.3,94.86,95.27,1360682,0
20240716,230000,95.27,95.4,95.2,95.32,875909,0
20240717,100000,95.61,96.15,94.65,94.81,6377295,0
20240717,110000,94.83,96.69,94.53,96.2,4090974,0
20240717,120000,96.2,96.65,95.75,95.99,3039239,0
20240717,130000,95.99,96.16,95.1,95.24,1666110,0
20240717,140000,95.21,95.42,93.66,93.99,5562908,0
20240717,150000,93.99,95,93.9,94.71,2237139,0
20240717,160000,94.73,94.87,94.42,94.75,1550289,0
20240717,170000,94.74,94.87,93.73,93.93,2064819,0
20240717,180000,93.93,93.93,93.1,93.61,2590188,0
20240717,190000,93.64,94.3,93.25,93.7,1940866,0
20240717,200000,93.7,93.73,93.23,93.36,625799,0
20240717,210000,93.36,93.76,93.3,93.72,601076,0
20240717,220000,93.73,94.11,93.7,94.08,766264,0
20240717,230000,94.08,94.11,93.63,93.72,286362,0
20240718,100000,93.59,94.34,92.8,93.58,5544136,0
20240718,110000,93.58,94.39,93.06,94.19,2641829,0
20240718,120000,94.19,94.28,93.42,93.85,1204736,0
20240718,130000,93.86,94.14,93.61,94.12,2182761,0
20240718,140000,94.13,94.45,93.9,94.4,1117060,0
20240718,150000,94.36,94.55,93.98,94.34,905612,0
20240718,160000,94.35,95.27,94.19,94.96,3944944,0
20240718,170000,94.96,95.65,94.5,95.5,2540893,0
20240718,180000,95.5,95.95,95.32,95.95,3017066,0
20240718,190000,95.57,95.98,95.16,95.62,1428919,0
20240718,200000,95.62,95.75,95.3,95.74,704307,0
20240718,210000,95.74,95.88,95.55,95.74,461940,0
20240718,220000,95.73,96.08,95.64,96.01,927275,0
20240718,230000,96.01,96.15,95.87,95.89,738850,0
20240719,100000,95.9,96.98,95.3,95.8,4399971,0
20240719,110000,95.8,96.3,95,95.23,3734263,0
20240719,120000,95.23,96.11,95.18,96.04,1830647,0
20240719,130000,96.08,96.76,95.88,96.56,2616501,0
20240719,140000,96.55,97.66,96.5,97.34,4325842,0
20240719,150000,97.33,97.5,96.91,96.99,1377924,0
20240719,160000,97,97.54,96.58,96.92,1970443,0
20240719,170000,96.91,97.22,96.65,96.82,1331650,0
20240719,180000,96.82,96.95,96.24,96.53,1360508,0
20240719,190000,96.49,96.65,96.04,96.29,703487,0
20240719,200000,96.29,96.33,96.05,96.19,460383,0
20240719,210000,96.19,96.69,96.15,96.62,494183,0
20240719,220000,96.62,96.62,96.34,96.52,265377,0
20240719,230000,96.51,96.52,96.33,96.33,216114,0
20240722,100000,96.83,97.45,96.71,97.33,4181687,0
20240722,110000,97.31,97.4,96.85,96.97,1477856,0
20240722,120000,97,97.13,96.75,96.81,1012693,0
20240722,130000,96.81,96.95,96.6,96.92,673192,0
20240722,140000,96.95,97.18,96.69,97.11,1036301,0
20240722,150000,97.11,97.12,96.63,96.92,584652,0
20240722,160000,96.93,97,96.38,96.81,1724108,0
20240722,170000,96.82,97.43,96.64,97.4,1227476,0
20240722,180000,97.41,98.75,97.4,98.22,4946277,0
20240722,190000,98.22,98.3,97.92,98.18,926112,0
20240722,200000,98.17,99.94,98.15,99.56,3963480,0
20240722,210000,99.56,99.8,99.44,99.73,1367467,0
20240722,220000,99.73,100.23,99.63,99.92,2331922,0
20240722,230000,99.92,99.94,99.51,99.75,1190459,0
20240723,100000,99.61,101.45,98.67,101.03,11983321,0
20240723,110000,101.07,101.55,100.43,100.9,5022576,0
20240723,120000,100.87,100.94,99.73,99.96,3085540,0
20240723,130000,99.93,100.62,99.56,100.62,2297679,0
20240723,140000,100.61,100.73,99.96,100.27,1995379,0
20240723,150000,100.26,100.44,99.8,100.3,976191,0
20240723,160000,100.29,100.46,99.94,100.18,974649,0
20240723,170000,100.2,101.5,100.1,100.94,4421968,0
20240723,180000,100.96,101.08,100.55,100.63,1510398,0
20240723,190000,100.7,101.2,100.65,101.16,873460,0
20240723,200000,101.17,101.25,100.75,101.02,612964,0
20240723,210000,101.02,101.15,100.9,101,376717,0
20240723,220000,100.99,101,100.71,100.76,407111,0
20240723,230000,100.75,100.95,100.61,100.75,343860,0
20240724,100000,101.08,101.2,99.88,101,3198330,0
20240724,110000,101,101.37,100.35,101.17,2594500,0
20240724,120000,101.19,101.3,100.83,100.91,1395326,0
20240724,130000,100.95,100.98,100.3,100.51,1051637,0
20240724,140000,100.51,101.8,100.5,101.55,1801903,0
20240724,150000,101.57,101.57,100.94,101.06,994636,0
20240724,160000,101.06,101.29,100.88,101.09,732053,0
20240724,170000,101.09,101.13,100.95,100.96,581875,0
20240724,180000,100.99,101.06,100.5,100.51,946784,0
20240724,190000,100.55,100.79,99.95,100.16,1710630,0
20240724,200000,100.16,100.35,100.1,100.28,343513,0
20240724,210000,100.28,100.28,100.05,100.09,302514,0
20240724,220000,100.07,100.22,99.81,100.14,705470,0
20240724,230000,100.13,100.31,99.88,99.9,503065,0
20240725,100000,99.69,99.7,98.11,98.67,7383138,0
20240725,110000,98.67,98.94,97.82,97.96,2548893,0
20240725,120000,97.97,98.75,97.9,98.52,1273756,0
20240725,130000,98.49,99.14,98.44,99.04,1054792,0
20240725,140000,99.05,99.11,98.7,98.98,866677,0
20240725,150000,98.97,99.14,98.53,98.85,542881,0
20240725,160000,98.83,99.4,98.83,99.18,568477,0
20240725,170000,99.19,99.89,99.16,99.83,1138392,0
20240725,180000,99.8,99.88,99.48,99.7,607056,0
20240725,190000,99.75,99.76,99.18,99.46,527390,0
20240725,200000,99.46,99.74,99.46,99.5,284187,0
20240725,210000,99.52,99.53,99.35,99.37,227375,0
20240725,220000,99.36,99.45,99.18,99.27,216438,0
20240725,230000,99.27,99.33,99.02,99.2,361339,0
20240726,100000,98.99,100.7,98.72,100.11,4047907,0
20240726,110000,100.16,101.15,100.11,100.33,3511265,0
20240726,120000,100.33,100.69,100.29,100.6,935196,0
20240726,130000,100.59,100.82,98.62,98.8,7495790,0
20240726,140000,98.77,98.83,95.51,95.57,10353510,0
20240726,150000,95.56,96.88,95.5,96.63,4932663,0
20240726,160000,96.64,97.67,96.58,97.41,2932895,0
20240726,170000,97.38,97.8,97.01,97.39,2300947,0
20240726,180000,97.38,97.42,96.73,96.81,1178823,0
20240726,190000,96.91,97.4,96.62,97,958006,0
20240726,200000,97.04,97.33,96.79,96.96,417340,0
20240726,210000,96.98,97.12,96.33,96.62,1240443,0
20240726,220000,96.62,96.79,96.33,96.72,579975,0
20240726,230000,96.71,96.87,96.5,96.73,468345,0
20240729,100000,96.55,96.55,94.53,95.15,6058239,0
20240729,110000,95.16,95.45,94.54,94.6,2208038,0
20240729,120000,94.59,94.59,93.41,94.29,4288380,0
20240729,130000,94.29,94.65,93.2,94.22,3420308,0
20240729,140000,94.22,94.79,93.99,94.7,731747,0
20240729,150000,94.69,94.98,94.37,94.97,1240655,0
20240729,160000,94.97,95.6,94.68,95.5,1515155,0
20240729,170000,95.48,95.53,94.17,94.44,1743751,0
20240729,180000,94.44,94.45,93.66,93.66,2565246,0
20240729,190000,93.71,93.98,93.01,93.44,1735833,0
20240729,200000,93.45,94,93.28,93.96,827486,0
20240729,210000,93.99,94.09,93.35,93.46,933560,0
20240729,220000,93.46,93.66,93.36,93.55,551493,0
20240729,230000,93.55,93.89,93.33,93.4,783706,0
20240730,100000,93,95.6,92.6,94.94,10386491,0
20240730,110000,94.94,95.75,94.51,95.3,4058818,0
20240730,120000,95.28,95.58,95.16,95.48,1858423,0
20240730,130000,95.48,96.3,95.42,95.86,3335650,0
20240730,140000,95.86,97.84,95.84,97.15,12419044,0
20240730,150000,97.15,97.75,97.03,97.4,3538134,0
20240730,160000,97.4,98.6,97.38,98.33,6645310,0
20240730,170000,98.32,99.14,98.03,99,10290246,0
20240730,180000,98.99,99.41,98.46,99.24,4702808,0
20240730,190000,99.24,99.86,98.8,99.35,6191759,0
20240730,200000,99.34,99.4,98.62,99.26,3255833,0
20240730,210000,99.24,99.5,98.85,98.85,2547549,0
20240730,220000,98.87,99.08,98.6,98.92,2067623,0
20240730,230000,98.9,99.12,98.51,99.09,1752948,0
20240731,100000,99.2,99.99,98.1,98.27,16011832,0
20240731,110000,98.29,99.25,98.27,98.59,6367195,0
20240731,120000,98.58,98.64,97.3,97.4,9736449,0
20240731,130000,97.4,97.78,97.22,97.25,4150631,0
20240731,140000,97.24,98.08,97.1,97.78,6522723,0
20240731,150000,97.81,98.56,97.43,97.96,6432003,0
20240731,160000,97.95,98.32,97.75,98.2,1452803,0
20240731,170000,98.21,98.36,97.91,98,1332909,0
20240731,180000,97.99,98,97.55,97.57,1212372,0
20240731,190000,97.76,97.98,97.55,97.82,970502,0
20240731,200000,97.81,97.99,97.68,97.75,466430,0
20240731,210000,97.78,98.22,97.73,98.14,1207972,0
20240731,220000,98.17,98.5,98,98.38,1015226,0
20240731,230000,98.37,98.48,97.78,97.82,1417357,0
20240801,100000,97.8,98.46,97.56,98.19,4798142,0
20240801,110000,98.2,98.5,97.93,98.23,1953354,0
20240801,120000,98.24,98.79,98.06,98.57,1700585,0
20240801,130000,98.56,99.8,98.55,99.33,8419078,0
20240801,140000,99.31,99.44,98.68,99,3297348,0
20240801,150000,99,99,98.53,98.76,2233301,0
20240801,160000,98.76,99.4,98.71,99.13,2200043,0
20240801,170000,99.13,99.24,98.63,98.8,1623292,0
20240801,180000,98.76,98.96,98.15,98.28,2783255,0
20240801,190000,98.3,98.76,98.22,98.39,1514652,0
20240801,200000,98.39,98.76,98.16,98.27,1508145,0
20240801,210000,98.26,98.29,97.77,97.96,1438179,0
20240801,220000,97.96,98.34,97.8,98.24,925884,0
20240801,230000,98.25,98.33,98.05,98.13,564682,0
20240802,100000,98.05,98.81,97.24,98.39,6358446,0
20240802,110000,98.39,98.65,97.75,97.75,2212491,0
20240802,120000,97.75,97.85,97.32,97.67,2879854,0
20240802,130000,97.67,98.1,97.53,97.94,1300448,0
20240802,140000,98,98.03,96.7,97.15,3424748,0
20240802,150000,97.16,97.51,96.75,97.24,2336446,0
20240802,160000,97.22,97.41,96.8,97.37,1687051,0
20240802,170000,97.34,98.47,97.32,98.28,3212470,0
20240802,180000,98.24,98.33,97.59,97.83,1255756,0
20240802,190000,97.8,97.86,97.59,97.62,783176,0
20240802,200000,97.6,97.7,97.32,97.43,570428,0
20240802,210000,97.43,97.6,97.35,97.55,320362,0
20240802,220000,97.6,97.72,97.5,97.51,402400,0
20240802,230000,97.51,97.73,97.46,97.69,579552,0
20240805,100000,96.3,97.2,95.68,96.14,11535798,0
20240805,110000,96.13,96.68,95.72,95.96,2832694,0
20240805,120000,95.97,96.23,95.07,95.58,5825930,0
20240805,130000,95.59,95.97,94.8,95.9,4102282,0
20240805,140000,95.91,96.13,95.1,95.17,2138212,0
20240805,150000,95.16,95.27,94.44,94.52,5619668,0
20240805,160000,94.52,95.47,94.5,95.17,2799411,0
20240805,170000,95.17,95.61,95.16,95.57,1491205,0
20240805,180000,95.6,95.99,95.47,95.47,2046277,0
20240805,190000,95.5,96.26,95.35,96.18,2041818,0
20240805,200000,96.17,96.45,95.92,96.11,1771664,0
20240805,210000,96.12,96.19,95.19,95.31,1745096,0
20240805,220000,95.3,95.31,94.61,94.89,2494112,0
20240805,230000,94.9,95.38,94.83,95.36,813008,0
20240806,100000,96.31,97.55,96.18,97.31,9206740,0
20240806,110000,97.32,97.47,96.31,96.42,2832671,0
20240806,120000,96.41,96.81,96.05,96.5,1795039,0
20240806,130000,96.53,96.96,96.37,96.74,1108497,0
20240806,140000,96.74,96.91,96.42,96.45,896459,0
20240806,150000,96.44,96.5,95.5,95.62,3445712,0
20240806,160000,95.63,95.92,95.39,95.79,2583910,0
20240806,170000,95.79,96.55,95.74,96.03,2760427,0
20240806,180000,96.03,96.41,95.94,95.94,1058531,0
20240806,190000,96.2,96.29,95.77,96.2,1013242,0
20240806,200000,96.21,96.24,96.04,96.2,232862,0
20240806,210000,96.2,96.4,96.05,96.4,721448,0
20240806,220000,96.39,96.43,96.28,96.33,400247,0
20240806,230000,96.34,96.41,96.1,96.21,291942,0
20240807,100000,96.48,96.8,95.85,96,3504475,0
20240807,110000,96,96.02,95.1,95.59,4750680,0
20240807,120000,95.58,97,95.24,96.84,4645873,0
20240807,130000,96.84,97.2,96.13,96.5,3359675,0
20240807,140000,96.51,97.19,96.38,97.18,2167084,0
20240807,150000,97.17,98.44,97.17,97.83,9621506,0
20240807,160000,97.83,98.2,97.57,98.09,2988219,0
20240807,170000,98.07,98.66,98,98.26,3925380,0
20240807,180000,98.26,98.84,98.11,98.56,2510358,0
20240807,190000,98.5,99,98.22,98.33,2246276,0
20240807,200000,98.31,98.39,97.95,98.15,2213705,0
20240807,210000,98.15,98.25,97.67,97.79,1304418,0
20240807,220000,97.79,98.26,97.77,98.24,678947,0
20240807,230000,98.22,98.44,98.11,98.35,570756,0
20240808,100000,98.39,99.21,98.07,98.53,5027276,0
20240808,110000,98.53,98.79,98.2,98.29,2499822,0
20240808,120000,98.28,98.6,97.76,98.07,2284976,0
20240808,130000,98.07,98.2,97.4,97.74,1582950,0
20240808,140000,97.74,98.18,97.43,98.1,1372299,0
20240808,150000,98.1,98.19,97.63,97.8,904267,0
20240808,160000,97.8,98.01,97.56,97.84,1162604,0
20240808,170000,97.84,97.89,97.05,97.7,2775160,0
20240808,180000,97.7,97.75,96.75,97.38,1767084,0
20240808,190000,97.38,97.4,96.62,96.62,1106685,0
20240808,200000,96.66,97.05,96.06,96.7,2811653,0
20240808,210000,96.7,97.09,96.31,96.81,1325706,0
20240808,220000,96.81,96.98,96.71,96.73,584808,0
20240808,230000,96.74,96.89,96.36,96.85,714898,0
20240809,100000,96.54,97.81,96.32,97.67,5586437,0
20240809,110000,97.67,97.92,97.28,97.41,2067725,0
20240809,120000,97.41,97.56,96.81,97.11,1985438,0
20240809,130000,97.11,97.35,96.85,97.07,738415,0
20240809,140000,97.11,97.34,96.9,97.29,520319,0
20240809,150000,97.3,97.3,96.69,97.16,1115553,0
20240809,160000,97.16,97.2,96.62,96.87,580989,0
20240809,170000,96.86,96.99,96.63,96.98,611946,0
20240809,180000,96.98,97.06,96.84,97.06,405704,0
20240809,190000,97.1,97.1,96.57,96.83,693962,0
20240809,200000,96.83,96.89,96.6,96.69,219587,0
20240809,210000,96.69,96.91,96.57,96.73,329371,0
20240809,220000,96.73,96.96,96.69,96.77,414356,0
20240809,230000,96.8,97.15,96.76,97.09,586711,0
20240812,100000,96.98,97.19,96.41,96.95,3962263,0
20240812,110000,96.94,97.33,96.61,96.96,2203477,0
20240812,120000,96.96,97.39,96.42,97.26,2928342,0
20240812,130000,97.27,97.78,97.07,97.51,2058596,0
20240812,140000,97.51,98.42,97.51,97.83,5548194,0
20240812,150000,97.82,98.49,97.8,98.06,2682356,0
20240812,160000,98.06,98.41,97.9,98.08,2025837,0
20240812,170000,98.07,98.25,97.93,98.2,874731,0
20240812,180000,98.22,98.28,97.62,97.71,1645340,0
20240812,190000,97.76,98.07,97.71,97.85,461197,0
20240812,200000,97.83,97.99,97.65,97.9,634203,0
20240812,210000,97.9,98.09,97.82,98.06,368370,0
20240812,220000,98.06,98.15,97.91,98.02,537515,0
20240812,230000,97.99,98.06,97.8,98.03,359548,0
20240813,100000,98.37,99.53,98.16,99.37,7864901,0
20240813,110000,99.37,99.49,98.74,99.33,3053598,0
20240813,120000,99.33,100,99,99.93,5001260,0
20240813,130000,99.94,100.17,99.63,99.91,4468805,0
20240813,140000,99.93,99.98,99.03,99.65,2662584,0
20240813,150000,99.65,99.8,99.5,99.63,1217102,0
20240813,160000,99.65,100.8,99.58,100.62,5376479,0
20240813,170000,100.62,100.83,100.12,100.22,2721921,0
20240813,180000,100.23,100.6,100,100.38,2017890,0
20240813,190000,100.45,100.47,100.25,100.38,476772,0
20240813,200000,100.4,100.7,100.31,100.39,1010348,0
20240813,210000,100.39,100.43,100.21,100.33,603488,0
20240813,220000,100.33,100.59,100.3,100.56,488905,0
20240813,230000,100.57,100.73,100.43,100.69,672991,0
20240814,100000,100.76,101.69,100.53,101.39,9850106,0
20240814,110000,101.38,101.75,100.88,101.71,5022215,0
20240814,120000,101.71,102,101.4,101.78,3722056,0
20240814,130000,101.78,101.84,100.97,101.22,3816729,0
20240814,140000,101.24,101.25,100.15,100.65,6620876,0
20240814,150000,100.65,100.89,100.46,100.72,1129673,0
20240814,160000,100.72,100.85,100.56,100.62,108744,0
20240814,170000,100.61,100.8,99.87,100.13,3765271,0
20240814,180000,100.13,100.31,99.4,99.96,3628836,0
20240814,190000,99.88,99.88,99.37,99.7,1846695,0
20240814,200000,99.7,99.92,99.42,99.6,859479,0
20240814,210000,99.59,99.93,99.51,99.83,907434,0
20240814,220000,99.84,99.85,99.52,99.61,493594,0
20240814,230000,99.61,99.91,99.54,99.81,511527,0
20240815,100000,99.82,100.69,99.24,99.55,5368454,0
20240815,110000,99.55,99.99,99.07,99.15,3052864,0
20240815,120000,99.15,100,98.69,99.94,2527506,0
20240815,130000,99.94,100.49,99.15,99.58,2675130,0
20240815,140000,99.59,99.76,99.16,99.46,1054547,0
20240815,150000,99.45,99.75,99.14,99.49,1226262,0
20240815,160000,99.46,99.79,99.2,99.49,1031607,0
20240815,170000,99.49,99.67,99.26,99.37,604338,0
20240815,180000,99.37,99.46,99.23,99.23,504081,0
20240815,190000,99.3,99.53,99.23,99.39,463647,0
20240815,200000,99.39,99.49,99.3,99.34,218282,0
20240815,210000,99.35,99.38,99.25,99.35,440837,0
20240815,220000,99.34,99.39,99.3,99.33,126984,0
20240815,230000,99.34,99.34,99.2,99.28,497510,0
20240816,100000,99.28,99.49,98.28,98.79,5566008,0
20240816,110000,98.8,99,98.59,98.69,1046387,0
20240816,120000,98.69,98.97,98.64,98.77,869103,0
20240816,130000,98.78,98.8,98.36,98.76,1336496,0
20240816,140000,98.75,99.04,98.51,98.92,1166434,0
20240816,150000,98.94,99.11,98.73,99.03,504061,0
20240816,160000,98.98,99.67,98.97,99.33,2250662,0
20240816,170000,99.31,99.48,99.21,99.32,627852,0
20240816,180000,99.3,99.34,98.65,98.98,1033595,0
20240816,190000,98.89,99.06,98.6,98.85,1020030,0
20240816,200000,98.83,98.96,98.58,98.78,1008974,0
20240816,210000,98.78,98.8,98.51,98.61,772374,0
20240816,220000,98.61,98.63,97.81,97.86,3670387,0
20240816,230000,97.87,98.12,97.76,97.85,1145463,0
20240819,100000,98.26,98.54,97.18,97.77,5461195,0
20240819,110000,97.77,98.69,97.77,98.14,2538717,0
20240819,120000,98.15,98.26,97.7,97.82,1702737,0
20240819,130000,97.82,98.04,97.3,97.92,2467600,0
20240819,140000,97.94,98.16,97.53,97.84,814839,0
20240819,150000,97.86,97.95,97.42,97.52,1375507,0
20240819,160000,97.54,98.6,97.5,98.56,3612386,0
20240819,170000,98.56,99,98.47,98.67,4233613,0
20240819,180000,98.65,98.89,98,98,1640413,0
20240819,190000,98.05,98.22,97.6,97.92,2076358,0
20240819,200000,97.93,98,97.72,97.99,472723,0
20240819,210000,97.99,98.06,97.86,97.88,322930,0
20240819,220000,97.88,98.33,97.76,98.22,733372,0
20240819,230000,98.26,98.89,98.26,98.78,995608,0
20240820,100000,98.9,99.73,98.43,99.02,7221655,0
20240820,110000,99.04,99.58,98.6,99.51,3427405,0
20240820,120000,99.5,100.32,99.15,100.29,3815439,0
20240820,130000,100.3,100.49,99.68,100.21,4262443,0
20240820,140000,100.2,100.46,99.91,100.02,2480064,0
20240820,150000,100.02,100.12,99.34,99.43,1816791,0
20240820,160000,99.43,99.98,99.31,99.83,1423311,0
20240820,170000,99.88,100.2,99.62,99.66,1705330,0
20240820,180000,99.65,99.69,99.03,99.03,2045227,0
20240820,190000,99.04,99.36,98.92,99.02,1175962,0
20240820,200000,99.02,99.36,98.61,99.12,1419591,0
20240820,210000,99.14,99.31,99.07,99.1,479680,0
20240820,220000,99.06,99.47,98.92,99.32,921414,0
20240820,230000,99.35,99.49,99.26,99.47,233902,0
20240821,100000,99.78,100.25,99.53,99.65,3806171,0
20240821,110000,99.66,99.66,99.05,99.18,2534998,0
20240821,120000,99.18,99.4,99,99.19,1489258,0
20240821,130000,99.18,99.42,98.85,99.35,1689313,0
20240821,140000,99.36,99.59,99.03,99.3,985217,0
20240821,150000,99.3,99.89,99.3,99.4,2043209,0
20240821,160000,99.39,100.19,99.08,100.1,3938187,0
20240821,170000,100.09,100.34,99.68,99.81,3693014,0
20240821,180000,99.76,99.92,99.47,99.6,1102499,0
20240821,190000,99.69,99.85,99.6,99.78,738467,0
20240821,200000,99.8,99.87,99.6,99.62,464243,0
20240821,210000,99.62,99.88,99.6,99.82,517638,0
20240821,220000,99.82,100.21,99.82,100.15,1141171,0
20240821,230000,100.16,100.2,100,100.19,579039,0
20240822,100000,100.37,100.67,99.84,100.07,3925188,0
20240822,110000,100.07,100.28,99.23,99.82,4245107,0
20240822,120000,99.82,100.1,99.62,100.02,1457101,0
20240822,130000,99.98,100.16,99.51,99.79,1433074,0
20240822,140000,99.79,99.82,99.01,99.34,2464670,0
20240822,150000,99.33,99.6,98.11,98.36,4033188,0
20240822,160000,98.36,98.96,97.52,98.09,6571840,0
20240822,170000,98.1,98.83,97.84,98.39,3854870,0
20240822,180000,98.37,98.37,97.31,97.68,3048922,0
20240822,190000,97.5,98,96.44,97.63,4669824,0
20240822,200000,97.63,97.89,96.93,97.24,1481687,0
20240822,210000,97.25,97.41,94.61,95.65,6183492,0
20240822,220000,95.66,96.77,95.6,96.54,2189698,0
20240822,230000,96.53,96.89,96.39,96.64,1253987,0
20240823,100000,96.62,97.12,95.78,96.51,7673105,0
20240823,110000,96.53,97.3,96.33,96.68,4896797,0
20240823,120000,96.69,97.73,96.58,97.33,4006281,0
20240823,130000,97.33,97.42,96.53,96.7,2131654,0
20240823,140000,96.71,97,96.21,96.37,3168827,0
20240823,150000,96.37,97.06,95.83,96.72,3584606,0
20240823,160000,96.74,96.89,96.3,96.59,1281203,0
20240823,170000,96.59,96.7,95.3,95.59,4835037,0
20240823,180000,95.59,95.98,94.59,94.59,3910695,0
20240823,190000,94.59,94.59,94.03,94.37,2824191,0
20240823,200000,94.38,95.35,94.33,94.99,2155097,0
20240823,210000,94.99,95.23,94.85,95.22,759331,0
20240823,220000,95.22,96.42,95.15,96.03,2601419,0
20240823,230000,96.03,96.7,95.97,96.47,1391831,0
20240826,100000,98.36,98.46,97.29,97.97,7867862,0
20240826,110000,97.97,98.08,97.62,97.91,2132406,0
20240826,120000,97.91,98.24,97.71,97.91,2251602,0
20240826,130000,97.91,98.4,97.9,98.31,2230209,0
20240826,140000,98.32,98.55,98.19,98.51,2395073,0
20240826,150000,98.52,99.3,98.4,99.16,2981816,0
20240826,160000,99.16,99.29,98.88,98.96,2836438,0
20240826,170000,98.96,99.12,98.31,98.47,2144084,0
20240826,180000,98.47,98.59,98.29,98.36,727032,0
20240826,190000,98.4,99.1,98.37,99.07,756411,0
20240826,200000,99.07,99.08,98.6,98.92,387302,0
20240826,210000,98.91,99.2,98.86,99.1,666799,0
20240826,220000,99.09,99.25,99.04,99.18,312794,0
20240826,230000,99.18,99.18,99,99.09,377272,0
20240827,100000,99.29,99.83,98.6,99.14,6191194,0
20240827,110000,99.13,99.5,98.54,98.66,2723332,0
20240827,120000,98.66,98.81,98.44,98.73,1198750,0
20240827,130000,98.73,99.08,98.48,98.48,1254115,0
20240827,140000,98.49,98.6,97.87,98.46,1918806,0
20240827,150000,98.46,98.46,97.5,97.7,1631590,0
20240827,160000,97.71,97.77,97.08,97.54,2138722,0
20240827,170000,97.54,98.19,97.45,97.63,1406823,0
20240827,180000,97.64,97.68,97.15,97.3,1449234,0
20240827,190000,97.31,97.39,97.04,97.24,944436,0
20240827,200000,97.24,97.28,96.76,96.98,1177648,0
20240827,210000,96.98,96.99,96.85,96.93,522383,0
20240827,220000,96.94,96.95,96.67,96.77,650436,0
20240827,230000,96.78,96.9,96.57,96.88,505391,0
20240828,100000,97.02,97.32,96.52,97.1,3057242,0
20240828,110000,97.11,97.3,96,96.45,2348089,0
20240828,120000,96.45,96.63,95.91,96.1,2284968,0
20240828,130000,96.11,96.15,95.35,95.77,2067441,0
20240828,140000,95.78,95.8,95,95.1,1797122,0
20240828,150000,95.09,96.12,95.02,95.71,3000778,0
20240828,160000,95.71,96.41,95.71,96.25,1655806,0
20240828,170000,96.25,97.05,96.18,96.5,3084278,0
20240828,180000,96.49,96.82,96.22,96.58,1429996,0
20240828,190000,96.66,96.87,96.53,96.71,792577,0
20240828,200000,96.7,97.22,96.7,97.19,1127494,0
20240828,210000,97.19,97.2,97,97.1,202082,0
20240828,220000,97.11,97.11,96.92,96.95,247806,0
20240828,230000,96.96,97.1,96.77,97.02,246502,0
20240829,100000,97.07,97.6,96.56,96.79,3391191,0
20240829,110000,96.79,97.29,96.75,97,2065340,0
20240829,120000,97.01,97.1,95.8,96.02,2387275,0
20240829,130000,96.01,96.53,95.77,96.05,1354742,0
20240829,140000,96.05,96.45,95.6,96.32,1241993,0
20240829,150000,96.31,96.65,95.71,95.93,1128821,0
20240829,160000,95.95,95.97,95.5,95.81,1407235,0
20240829,170000,95.82,96.18,95.35,95.79,1670805,0
20240829,180000,95.8,95.98,95.43,95.65,1532216,0
20240829,190000,95.65,96.33,95.65,96.13,1315072,0
20240829,200000,96.11,96.3,95.85,96.26,882935,0
20240829,210000,96.24,96.34,96.08,96.1,534675,0
20240829,220000,96.1,96.15,95.91,95.93,367357,0
20240829,230000,95.93,96.11,95.85,96.02,241564,0
20240830,100000,96.09,96.32,94.72,94.83,6320274,0
20240830,110000,94.83,95.39,94.55,95.1,3093992,0
20240830,120000,95.11,95.2,93.4,93.56,4425248,0
20240830,130000,93.56,94.1,93.11,93.93,3136667,0
20240830,140000,93.93,94.03,92.52,92.64,3729513,0
20240830,150000,92.6,93.27,91.51,92.81,6234734,0
20240830,160000,92.8,93.24,91.95,93.19,1961499,0
20240830,170000,93.19,93.48,92.47,92.48,1166089,0
20240830,180000,92.49,92.69,92.01,92.61,1833489,0
20240830,190000,92.51,92.75,91.69,91.69,2607678,0
20240830,200000,91.69,92.11,91.4,91.74,3550886,0
20240830,210000,91.73,92.05,91.68,91.91,1333201,0
20240830,220000,91.91,92.05,91.74,91.78,766651,0
20240830,230000,91.78,91.8,91,91.48,1649746,0
20240902,100000,90.95,91.06,88.8,88.82,14258092,0
20240902,110000,88.83,89.45,88.56,88.68,5911843,0
20240902,120000,88.69,89.18,88.23,88.86,3925385,0
20240902,130000,88.86,89.44,88.8,89.05,2014585,0
20240902,140000,89.05,89.18,87.8,87.88,4886690,0
20240902,150000,87.89,88.05,87.07,87.18,6045780,0
20240902,160000,87.18,87.56,86.61,87.27,4171734,0
20240902,170000,87.25,87.9,86.9,86.96,4088434,0
20240902,180000,86.96,87.29,86.51,86.59,3011949,0
20240902,190000,86.5,86.59,85.25,85.9,7327652,0
20240902,200000,85.9,85.94,85.2,85.64,3087202,0
20240902,210000,85.61,86.11,85.37,85.8,1510394,0
20240902,220000,85.8,86.49,85.73,85.89,1770565,0
20240902,230000,85.88,86.31,85.55,86.1,619504,0
20240903,100000,86.45,87.5,84.6,85.33,10535942,0
20240903,110000,85.34,88.17,85.21,88.08,8814448,0
20240903,120000,88.08,88.27,86.82,87.53,5852488,0
20240903,130000,87.53,89.06,87.45,88.37,5476644,0
20240903,140000,88.35,88.43,86.62,86.85,3639022,0
20240903,150000,86.85,87.23,86.26,87.01,2860574,0
20240903,160000,87.01,87.44,86.67,86.81,1507800,0
20240903,170000,86.81,86.89,85.33,85.8,4142741,0
20240903,180000,85.81,85.81,84.14,84.74,5260979,0
20240903,190000,84.74,85.44,84.5,84.86,2106558,0
20240903,200000,84.86,86.13,84.83,85.51,1841091,0
20240903,210000,85.5,86.45,85.5,86.43,1103803,0
20240903,220000,86.44,86.44,85.64,86.09,776434,0
20240903,230000,86.08,86.29,85.88,86.23,544313,0
20240904,100000,86.4,87.33,85.83,86.96,5897157,0
20240904,110000,86.95,87.87,86.88,87.13,3532055,0
20240904,120000,87.12,87.32,86.6,87.26,1899241,0
20240904,130000,87.26,87.84,86.69,87.76,1681367,0
20240904,140000,87.75,88.24,86.58,87.51,3673173,0
20240904,150000,87.51,88.72,87.51,87.82,4495498,0
20240904,160000,87.82,88.17,87.11,87.6,1981167,0
20240904,170000,87.61,88.29,87.49,88.02,1370529,0
20240904,180000,88.02,88.41,87.62,88.34,1071277,0
20240904,190000,88.38,88.95,88.28,88.86,3505628,0
20240904,200000,88.86,89.38,88.81,89.08,2362729,0
20240904,210000,89.06,89.06,88.22,88.55,1464780,0
20240904,220000,88.55,88.9,88.52,88.89,510627,0
20240904,230000,88.9,89.06,88.68,89.03,891257,0
20240905,100000,89.07,89.75,87.91,89.16,9053455,0
20240905,110000,89.16,89.77,88.68,88.99,2724137,0
20240905,120000,88.98,89.77,88.89,89.69,2240142,0
20240905,130000,89.66,89.69,88.39,89.28,3760049,0
20240905,140000,89.27,89.56,89.08,89.32,1601723,0
20240905,150000,89.31,90.08,88.88,89.25,3987368,0
20240905,160000,89.26,89.35,88.15,88.32,2577970,0
20240905,170000,88.32,88.75,87.78,87.83,2047891,0
20240905,180000,87.81,88.15,87.26,87.26,2628776,0
20240905,190000,87.25,87.41,86.79,87.34,2347756,0
20240905,200000,87.34,87.61,87.14,87.45,1144001,0
20240905,210000,87.45,87.48,87.23,87.39,739623,0
20240905,220000,87.39,87.39,87.14,87.28,515585,0
20240905,230000,87.28,87.4,87.03,87.2,479294,0
20240906,100000,87.3,87.59,86.5,87.51,5424546,0
20240906,110000,87.5,87.95,86.69,86.84,2422293,0
20240906,120000,86.82,87.19,86.55,86.97,1881987,0
20240906,130000,86.95,87.1,86.7,86.84,749446,0
20240906,140000,86.84,87.2,86.8,87.13,813223,0
20240906,150000,87.13,87.67,87.05,87.64,2736472,0
20240906,160000,87.64,87.75,87.11,87.67,1468197,0
20240906,170000,87.67,88.15,86.63,86.72,3470586,0
20240906,180000,86.71,86.99,86.69,86.84,918668,0
20240906,190000,87.04,87.25,86.93,87.11,715706,0
20240906,200000,87.12,87.32,87.03,87.24,371910,0
20240906,210000,87.24,87.28,86.95,87.02,484146,0
20240906,220000,87.02,87.31,87,87.2,323331,0
20240906,230000,87.2,87.4,87.09,87.3,461844,0
20240909,100000,87.63,88.6,87.56,88.3,6303997,0
20240909,110000,88.29,88.55,88.1,88.26,2246928,0
20240909,120000,88.27,88.56,88.14,88.4,1351249,0
20240909,130000,88.38,89.5,88.3,89.34,3768233,0
20240909,140000,89.34,89.49,88.58,89.05,2885253,0
20240909,150000,89.06,89.34,88.83,88.9,979864,0
20240909,160000,88.91,88.99,88.47,88.79,1482502,0
20240909,170000,88.79,89.36,88.75,89.31,2143235,0
20240909,180000,89.3,89.9,89.14,89.74,2279833,0
20240909,190000,89.73,90.61,89.7,90.45,3262495,0
20240909,200000,90.44,90.52,90.06,90.17,1152155,0
20240909,210000,90.16,90.5,90.03,90.47,601263,0
20240909,220000,90.47,90.79,90.3,90.62,1026017,0
20240909,230000,90.62,91,90.62,90.9,1405391,0
20240910,100000,91.4,91.5,89.84,90.04,8830426,0
20240910,110000,90.04,90.43,89.62,89.96,2515314,0
20240910,120000,89.96,90.14,89.51,89.92,2425405,0
20240910,130000,89.93,90.19,89.69,89.93,1257129,0
20240910,140000,89.93,90.17,89.75,89.9,807874,0
20240910,150000,89.9,90.06,89.23,89.57,2249631,0
20240910,160000,89.57,90.07,89.47,89.94,1057847,0
20240910,170000,89.94,89.94,88.88,89.01,2691497,0
20240910,180000,89,89.05,88.6,88.7,2076969,0
20240910,190000,89,89,88.2,88.5,1489591,0
20240910,200000,88.49,88.7,88.2,88.24,964649,0
20240910,210000,88.24,88.55,88.12,88.51,739544,0
20240910,220000,88.51,88.89,88.5,88.87,697556,0
20240910,230000,88.88,89.11,88.8,88.89,586873,0
20240911,100000,88.7,89.25,88.63,88.67,2430383,0
20240911,110000,88.67,88.76,87.51,87.91,3236087,0
20240911,120000,87.92,88.13,87.5,87.98,1194571,0
20240911,130000,87.98,88.27,87.81,87.97,604371,0
20240911,140000,87.97,88.5,87.81,88.35,997387,0
20240911,150000,88.37,88.8,88.35,88.78,1673724,0
20240911,160000,88.78,88.79,88.51,88.69,1042021,0
20240911,170000,88.69,89.48,88.29,88.29,3433273,0
20240911,180000,88.29,88.77,88.22,88.77,759272,0
20240911,190000,88.54,88.71,87.85,88.02,1702485,0
20240911,200000,88.02,88.26,87.22,87.34,2046023,0
20240911,210000,87.34,87.59,87.05,87.19,1009684,0
20240911,220000,87.2,87.2,86.84,87.15,1462304,0
20240911,230000,87.15,87.29,87.01,87.2,435804,0
20240912,100000,87.17,87.5,85.9,86,5653698,0
20240912,110000,86,86.58,85.65,86,4464006,0
20240912,120000,86,86.51,85.83,86.07,2779385,0
20240912,130000,86.07,86.11,85.3,85.86,2798182,0
20240912,140000,85.86,86.19,85.71,85.85,2826698,0
20240912,150000,85.85,86.08,85.22,85.32,3503770,0
20240912,160000,85.32,85.62,85.22,85.48,2005555,0
20240912,170000,85.47,85.94,85.45,85.76,1591426,0
20240912,180000,85.76,86.04,85.68,85.78,920254,0
20240912,190000,85.84,85.89,85.54,85.56,699512,0
20240912,200000,85.56,85.87,85.54,85.87,329648,0
20240912,210000,85.87,86.25,85.83,86.12,864532,0
20240912,220000,86.16,86.3,86.03,86.13,385241,0
20240912,230000,86.11,86.25,85.99,86.2,418882,0
20240913,100000,85.75,86.39,85.5,86.01,3818105,0
20240913,110000,86,86.2,85.73,86.07,1411769,0
20240913,120000,86.04,86.2,85.89,86.05,984145,0
20240913,130000,86.04,87.42,84.6,85.06,12373024,0
20240913,140000,85.06,85.37,83.81,84.78,7522069,0
20240913,150000,84.79,85.63,84.39,85.62,5620493,0
20240913,160000,85.63,86.89,85.45,86.7,7660301,0
20240913,170000,86.7,87.39,86.39,87.19,4567570,0
20240913,180000,87.19,87.33,86.84,87.07,1652416,0
20240913,190000,87.2,87.2,86.6,86.88,1278865,0
20240913,200000,86.88,87.02,86.75,86.94,434477,0
20240913,210000,86.95,87.25,86.78,87.01,805330,0
20240913,220000,87.01,87.25,86.93,87.19,444709,0
20240913,230000,87.19,87.29,87.07,87.14,593232,0
20240916,100000,87.7,88.3,87.33,87.52,4928719,0
20240916,110000,87.54,88.17,87.51,87.95,1889905,0
20240916,120000,87.96,88.4,87.79,88.33,3154816,0
20240916,130000,88.33,89.07,88.33,88.77,4275755,0
20240916,140000,88.76,89.75,88.64,89.22,3132174,0
20240916,150000,89.21,89.45,88.58,89.07,2826639,0
20240916,160000,89.06,89.5,89.03,89.13,1597322,0
20240916,170000,89.12,89.25,88.57,88.93,1931573,0
20240916,180000,88.95,88.95,88.31,88.49,1705301,0
20240916,190000,88.5,88.71,88.17,88.27,1621797,0
20240916,200000,88.27,88.59,88.2,88.59,1036766,0
20240916,210000,88.58,88.74,88.55,88.71,529530,0
20240916,220000,88.67,88.9,88.65,88.7,711760,0
20240916,230000,88.68,88.75,88.55,88.62,293007,0
20240917,100000,88.71,89.25,88.02,88.41,4099658,0
20240917,110000,88.41,89.14,88.31,88.9,2508131,0
20240917,120000,88.91,89.14,88.67,88.77,733886,0
20240917,130000,88.77,88.86,88.36,88.55,1123085,0
20240917,140000,88.51,88.61,87.81,88.28,2186343,0
20240917,150000,88.28,88.95,88.03,88.84,1230044,0
20240917,160000,88.86,89.09,88.65,88.66,1398207,0
20240917,170000,88.66,89.35,88.61,89.33,1612079,0
20240917,180000,89.34,89.46,89.15,89.27,1328030,0
20240917,190000,89.27,89.38,89.19,89.34,472684,0
20240917,200000,89.34,89.34,89.17,89.21,429699,0
20240917,210000,89.21,89.21,89.12,89.19,300431,0
20240917,220000,89.2,89.38,89.17,89.37,398112,0
20240917,230000,89.37,90.39,89.36,90.1,2720414,0
20240918,100000,90.09,90.95,89.53,90.41,7146800,0
20240918,110000,90.4,90.45,89.51,89.54,2559161,0
20240918,120000,89.55,89.87,89.16,89.65,2194948,0
20240918,130000,89.64,89.85,89.25,89.48,1089083,0
20240918,140000,89.45,89.7,88.84,89,2199561,0
20240918,150000,88.98,89.51,88.93,89.22,1301086,0
20240918,160000,89.22,89.63,89.05,89.47,858066,0
20240918,170000,89.47,89.8,89.12,89.3,1168071,0
20240918,180000,89.3,89.34,88.86,89.02,967601,0
20240918,190000,88.99,89.11,88.62,88.71,1130205,0
20240918,200000,88.73,89.01,88.7,88.94,218674,0
20240918,210000,88.95,89.18,88.94,89.1,603018,0
20240918,220000,89.09,89.14,88.66,88.7,566334,0
20240918,230000,88.7,88.72,87.33,87.93,1963581,0
20240919,100000,88.08,88.44,87.61,88.17,3906363,0
20240919,110000,88.16,88.88,87.95,88.65,2452390,0
20240919,120000,88.65,89.36,88.65,89.24,2010183,0
20240919,130000,89.24,89.28,88.65,88.69,2831656,0
20240919,140000,88.69,88.93,88.18,88.8,2757123,0
20240919,150000,88.79,88.8,87.95,88.23,2432657,0
20240919,160000,88.23,88.83,88.21,88.44,1038770,0
20240919,170000,88.47,88.59,88.37,88.37,902495,0
20240919,180000,88.37,88.46,88.25,88.25,566144,0
20240919,190000,88.34,88.5,88.2,88.35,353713,0
20240919,200000,88.35,88.48,88.33,88.44,100651,0
20240919,210000,88.43,88.53,88.4,88.45,309424,0
20240919,220000,88.44,88.6,88.44,88.5,377141,0
20240919,230000,88.49,88.6,88.48,88.53,227215,0
20240920,100000,88.51,89.12,88.42,88.85,3237530,0
20240920,110000,88.85,89,88.61,88.98,1459984,0
20240920,120000,89,89.25,88.9,89.09,2665324,0
20240920,130000,89.09,89.9,88.9,89.73,3610706,0
20240920,140000,89.73,89.88,89.3,89.53,1632675,0
20240920,150000,89.53,89.77,89.1,89.45,1334303,0
20240920,160000,89.45,89.45,89.06,89.1,739375,0
20240920,170000,89.12,89.15,88.75,88.99,2519878,0
20240920,180000,88.98,89.25,88.96,88.97,524429,0
20240920,190000,88.98,89.24,88.94,89.18,664955,0
20240920,200000,89.18,89.22,89.03,89.08,333660,0
20240920,210000,89.08,89.18,89.04,89.16,212004,0
20240920,220000,89.16,89.45,89.11,89.37,466819,0
20240920,230000,89.38,89.56,89.33,89.35,816202,0
20240923,100000,89.7,90.45,89.57,90.14,5257179,0
20240923,110000,90.14,90.53,90.11,90.25,3137370,0
20240923,120000,90.26,90.33,89.56,89.78,2820340,0
20240923,130000,89.78,90.09,89.62,89.98,1702938,0
20240923,140000,89.99,90.34,89.81,90.18,1618700,0
20240923,150000,90.16,90.62,90.15,90.58,2494854,0
20240923,160000,90.58,91.77,90.51,91.49,6759160,0
20240923,170000,91.49,92.37,91.43,91.96,5847123,0
20240923,180000,91.99,92.1,91.22,91.36,2229561,0
20240923,190000,91.4,91.87,91.36,91.64,1760363,0
20240923,200000,91.64,91.87,91.49,91.69,942805,0
20240923,210000,91.7,91.76,91.55,91.72,400570,0
20240923,220000,91.75,92.09,91.72,91.95,697894,0
20240923,230000,91.96,92.01,91.81,91.96,384130,0
20240924,100000,92.2,92.57,91,91.3,7574545,0
20240924,110000,91.31,91.57,90.81,91.49,2985089,0
20240924,120000,91.49,91.78,91.25,91.38,3197129,0
20240924,130000,91.38,91.9,91.05,91.32,3719862,0
20240924,140000,91.32,91.51,91.1,91.44,1345447,0
20240924,150000,91.45,91.45,91.1,91.12,888349,0
20240924,160000,91.12,91.34,90.85,91.04,1757323,0
20240924,170000,91.04,91.45,91,91.44,1753093,0
20240924,180000,91.44,91.63,91.12,91.23,1651753,0
20240924,190000,91.24,91.54,91.23,91.34,845810,0
20240924,200000,91.34,92.35,91.33,92.02,1973174,0
20240924,210000,92.01,93.34,91.97,93.17,3605198,0
20240924,220000,93.17,93.95,93.13,93.37,3808705,0
20240924,230000,93.38,93.38,92.51,92.65,1446035,0
20240925,100000,92.79,92.88,91.82,92.03,5439862,0
20240925,110000,92.03,93.55,91.88,93.49,4504760,0
20240925,120000,93.46,94.5,93.23,94.3,9751156,0
20240925,130000,94.26,94.6,93.82,93.92,3490560,0
20240925,140000,93.92,93.93,93.2,93.2,2289401,0
20240925,150000,93.2,93.36,92.49,92.81,3974378,0
20240925,160000,92.81,92.82,92.05,92.35,2651652,0
20240925,170000,92.36,92.36,91.62,92.02,3247300,0
20240925,180000,92.01,92.44,90.56,90.98,5016986,0
20240925,190000,91.16,91.3,90.33,90.61,2546510,0
20240925,200000,90.64,90.99,90.31,90.73,1944737,0
20240925,210000,90.73,91.27,90.6,91.11,1108498,0
20240925,220000,91.09,91.4,91.02,91.21,951903,0
20240925,230000,91.2,91.34,90.69,90.83,583602,0
20240926,100000,90.77,90.99,89.82,89.99,6247176,0
20240926,110000,89.99,90.97,89.88,90.8,4159964,0
20240926,120000,90.8,91.84,90.79,91.36,3185867,0
20240926,130000,91.36,91.51,90.51,90.71,1891420,0
20240926,140000,90.71,90.77,90.03,90.61,2566942,0
20240926,150000,90.64,90.85,90.31,90.52,1285595,0
20240926,160000,90.51,90.7,90.03,90.32,1198091,0
20240926,170000,90.32,90.54,90.12,90.49,771113,0
20240926,180000,90.49,90.6,90.36,90.43,739955,0
20240926,190000,90.58,90.58,90.3,90.39,354427,0
20240926,200000,90.4,90.75,90.37,90.72,341820,0
20240926,210000,90.73,90.73,90.41,90.59,290579,0
20240926,220000,90.59,90.76,90.56,90.76,317274,0
20240926,230000,90.76,90.92,90.73,90.76,454316,0
20240927,100000,90.94,91.5,90.43,90.94,5754531,0
20240927,110000,90.94,91.49,90.91,91.09,2197589,0
20240927,120000,91.14,91.23,90.72,91.09,1443892,0
20240927,130000,91.1,91.24,90.89,90.91,1402529,0
20240927,140000,90.91,91.01,90.72,90.77,795716,0
20240927,150000,90.77,90.8,90.31,90.6,1449530,0
20240927,160000,90.6,90.68,90.33,90.68,698300,0
20240927,170000,90.68,90.8,90.57,90.79,1310830,0
20240927,180000,90.8,91.25,90.76,90.82,1944406,0
20240927,190000,90.8,90.98,90.73,90.8,570049,0
20240927,200000,90.83,90.89,90.7,90.87,406298,0
20240927,210000,90.87,90.88,90.7,90.78,310402,0
20240927,220000,90.78,90.8,90.68,90.77,193798,0
20240927,230000,90.77,90.87,90.53,90.57,679665,0
20240930,100000,90.76,91.42,90.58,91.07,4606403,0
20240930,110000,91.07,91.35,90.72,90.73,2324815,0
20240930,120000,90.74,90.99,90.06,90.16,2950343,0
20240930,130000,90.16,90.64,89.91,90.42,2826387,0
20240930,140000,90.44,90.53,89.51,89.95,2157071,0
20240930,150000,89.95,90.61,89.81,90.13,2743079,0
20240930,160000,90.13,90.5,89.97,90.24,1131450,0
20240930,170000,90.23,90.29,90.01,90.03,656310,0
20240930,180000,90.03,90.23,89.96,90.23,886980,0
20240930,190000,90.27,90.27,89.73,89.86,851484,0
20240930,200000,89.86,90,89.84,89.95,279504,0
20240930,210000,89.95,89.97,89.55,89.62,809545,0
20240930,220000,89.63,89.65,89,89.08,1697523,0
20240930,230000,89.08,89.21,88.92,89.03,795381,0
20241001,100000,89.08,89.08,87.83,87.95,8536166,0
20241001,110000,87.95,88.37,87.03,87.07,6423328,0
20241001,120000,87.08,87.76,86.67,87.76,5952935,0
20241001,130000,87.76,87.92,87.36,87.65,1656359,0
20241001,140000,87.67,87.73,86.81,87.18,3587973,0
20241001,150000,87.18,87.29,86.88,86.97,1339165,0
20241001,160000,86.98,87.54,86.37,87.28,3268219,0
20241001,170000,87.27,87.59,87,87.47,2056542,0
20241001,180000,87.47,87.69,87.02,87.29,1900518,0
20241001,190000,87.29,87.35,87,87.12,745732,0
20241001,200000,87.12,87.55,87.12,87.29,1086868,0
20241001,210000,87.3,87.4,87.11,87.36,430311,0
20241001,220000,87.36,87.4,87.22,87.29,256828,0
20241001,230000,87.29,87.57,87.27,87.52,716409,0
20241002,100000,87.7,88.12,87.28,87.91,3047156,0
20241002,110000,87.9,87.94,87.55,87.71,1388698,0
20241002,120000,87.7,87.75,87.21,87.37,1086651,0
20241002,130000,87.38,87.47,87.02,87.1,1143469,0
20241002,140000,87.08,87.5,86.88,87.24,1143514,0
20241002,150000,87.24,87.29,86.85,86.95,1542887,0
20241002,160000,86.95,87.13,86.57,87.06,1848385,0
20241002,170000,87.06,87.13,86.18,86.25,3157852,0
20241002,180000,86.25,86.35,85.52,85.63,4381875,0
20241002,190000,85.63,85.87,85,85.64,3152227,0
20241002,200000,85.63,86,85.62,85.96,1341960,0
20241002,210000,85.95,86.25,85.46,86.15,1166624,0
20241002,220000,86.17,86.24,85.88,85.95,338307,0
20241002,230000,85.95,86.3,85.95,86.16,427442,0
20241003,100000,85.95,86.27,85.38,86.03,5205683,0
20241003,110000,86.03,86.19,85.62,85.92,2600987,0
20241003,120000,85.94,86.07,85.59,85.69,2213305,0
20241003,130000,85.67,85.83,84.85,85.09,2159856,0
20241003,140000,85.09,85.78,84.69,85.62,3160227,0
20241003,150000,85.62,86.98,85.6,86.91,6052098,0
20241003,160000,86.91,87.49,86.42,87.18,3999556,0
20241003,170000,87.2,87.33,86.59,86.68,2035120,0
20241003,180000,86.69,86.83,86.4,86.44,1035249,0
20241003,190000,86.45,87.09,86.45,86.91,1077202,0
20241003,200000,86.91,87.13,86.8,87.09,823008,0
20241003,210000,87.09,87.34,87.09,87.28,777882,0
20241003,220000,87.28,87.36,87,87.16,413742,0
20241003,230000,87.16,87.3,86.91,87.23,492644,0
20241004,100000,87.3,87.7,86.65,87.47,4352154,0
20241004,110000,87.46,87.71,87.14,87.43,1726072,0
20241004,120000,87.43,87.51,86.6,86.78,2510249,0
20241004,130000,86.78,86.97,86.22,86.89,1657712,0
20241004,140000,86.89,87.19,86.66,86.69,930695,0
20241004,150000,86.7,86.74,86.31,86.53,1457627,0
20241004,160000,86.53,86.77,86.33,86.63,653346,0
20241004,170000,86.64,86.92,86.48,86.65,562086,0
20241004,180000,86.65,86.93,86.58,86.81,472596,0
20241004,190000,86.81,86.83,86.59,86.62,189690,0
20241004,200000,86.65,86.74,86.56,86.68,170032,0
20241004,210000,86.67,86.68,86.5,86.6,277017,0
20241004,220000,86.6,86.6,86.51,86.52,231614,0
20241004,230000,86.52,86.81,86.44,86.63,596337,0
20241007,100000,86.78,87.1,86.28,86.33,2483019,0
20241007,110000,86.32,86.59,86.05,86.33,1339885,0
20241007,120000,86.35,86.51,85.46,85.6,4005328,0
20241007,130000,85.6,85.82,85.37,85.6,1840021,0
20241007,140000,85.57,86.2,85.57,85.86,1059660,0
20241007,150000,85.88,86.01,85.5,85.51,760648,0
20241007,160000,85.51,86.41,85.39,86.12,2505857,0
20241007,170000,86.12,86.36,85.89,85.93,660639,0
20241007,180000,85.92,86.22,85.83,86.08,536911,0
20241007,190000,86.09,86.22,86.02,86.09,511514,0
20241007,200000,86.08,86.09,85.92,86.01,331386,0
20241007,210000,86.01,86.36,85.91,86.34,567699,0
20241007,220000,86.34,86.36,86.19,86.25,263231,0
20241007,230000,86.25,86.48,86.23,86.43,433000,0
20241008,100000,86.37,86.48,85.81,85.88,2100373,0
20241008,110000,85.88,86.09,85.68,85.75,1696443,0
20241008,120000,85.74,86.24,85.72,85.83,1729397,0
20241008,130000,85.86,85.99,85.72,85.82,1479920,0
20241008,140000,85.84,85.97,85.57,85.68,1384804,0
20241008,150000,85.68,85.83,85.5,85.58,1317283,0
20241008,160000,85.58,85.73,85.49,85.69,620389,0
20241008,170000,85.69,85.84,85.37,85.75,1286059,0
20241008,180000,85.74,85.88,85.61,85.74,482369,0
20241008,190000,85.6,85.75,85.52,85.73,499236,0
20241008,200000,85.73,85.77,85.67,85.7,267288,0
20241008,210000,85.71,85.72,85.5,85.64,309335,0
20241008,220000,85.65,85.8,85.57,85.7,256297,0
20241008,230000,85.7,85.86,85.61,85.85,610697,0
20241009,100000,85.77,85.98,85.2,85.5,3501090,0
20241009,110000,85.5,85.94,85.41,85.74,2053666,0
20241009,120000,85.73,85.76,85.31,85.52,941194,0
20241009,130000,85.5,85.56,85.13,85.39,1605640,0
20241009,140000,85.39,86.3,85.22,86.02,4393789,0
20241009,150000,86,86.1,85.69,85.92,1786914,0
20241009,160000,85.92,85.98,85.47,85.62,1169091,0
20241009,170000,85.63,85.87,85.38,85.57,1082907,0
20241009,180000,85.56,85.68,85.43,85.43,418350,0
20241009,190000,85.6,85.91,85.46,85.73,799804,0
20241009,200000,85.73,85.87,85.7,85.74,420128,0
20241009,210000,85.73,85.79,85.66,85.68,259869,0
20241009,220000,85.68,85.8,85.53,85.7,482975,0
20241009,230000,85.71,89.9,85.71,89.79,19502431,0
20241010,100000,89.46,89.66,86.4,86.68,32797473,0
20241010,110000,86.68,87.25,86.68,86.99,6652998,0
20241010,120000,86.99,87.2,86.67,86.87,3469615,0
20241010,130000,86.88,86.94,86.15,86.67,5156280,0
20241010,140000,86.69,86.93,86.28,86.4,2436100,0
20241010,150000,86.4,86.7,86.15,86.61,2220163,0
20241010,160000,86.61,86.71,85.9,86.22,3337664,0
20241010,170000,86.22,86.51,86.05,86.43,2096292,0
20241010,180000,86.43,86.44,86.15,86.15,719271,0
20241010,190000,86.19,86.69,86.16,86.43,1196309,0
20241010,200000,86.45,86.67,86.42,86.56,532013,0
20241010,210000,86.6,86.61,86.26,86.37,725977,0
20241010,220000,86.37,86.52,85.96,86.22,1323600,0
20241010,230000,86.22,86.4,86.03,86.16,1030516,0
20241011,100000,86.18,86.3,85.78,86.04,3165185,0
20241011,110000,86.02,86.3,85.8,86.13,1176114,0
20241011,120000,86.14,86.31,85.44,85.7,3278184,0
20241011,130000,85.7,85.77,85.25,85.55,1658385,0
20241011,140000,85.55,85.75,85.2,85.59,1554981,0
20241011,150000,85.6,85.95,85.56,85.64,1024894,0
20241011,160000,85.64,85.7,85.45,85.5,944105,0
20241011,170000,85.5,85.96,85.47,85.81,1082219,0
20241011,180000,85.82,85.99,85.64,85.95,743307,0
20241011,190000,85.9,86.13,85.76,86.07,841140,0
20241011,200000,86.07,86.08,85.87,85.88,500436,0
20241011,210000,85.88,85.93,85.81,85.87,283119,0
20241011,220000,85.88,85.88,85.66,85.72,261528,0
20241011,230000,85.72,85.72,85.55,85.61,668834,0
20241014,100000,85.57,85.61,84.6,84.85,9101996,0
20241014,110000,84.85,85,84.71,84.77,1840416,0
20241014,120000,84.77,85.3,84.72,85.07,2667817,0
20241014,130000,85.07,86.46,84.96,86.1,5078068,0
20241014,140000,86.1,86.69,85.82,86.5,3685680,0
20241014,150000,86.5,86.69,86.22,86.39,1664375,0
20241014,160000,86.39,86.85,86.29,86.7,2094422,0
20241014,170000,86.71,86.99,86.5,86.52,1768836,0
20241014,180000,86.52,86.68,86.31,86.5,1017329,0
20241014,190000,86.4,86.53,86.08,86.26,1116972,0
20241014,200000,86.28,86.48,86.25,86.46,532144,0
20241014,210000,86.46,86.48,86.36,86.44,228492,0
20241014,220000,86.42,86.65,86.36,86.64,597903,0
20241014,230000,86.64,86.86,86.59,86.7,677447,0
20241015,100000,86.49,87.09,86.21,86.78,3769872,0
20241015,110000,86.78,87.17,86.51,86.99,2442136,0
20241015,120000,86.98,87.07,86.61,86.77,1095616,0
20241015,130000,86.79,86.8,86.43,86.65,1067090,0
20241015,140000,86.65,87.07,86.62,87.03,1094892,0
20241015,150000,87.03,87.16,86.73,86.78,1836718,0
20241015,160000,86.79,86.86,86.3,86.56,2255702,0
20241015,170000,86.56,86.86,86.49,86.83,1169433,0
20241015,180000,86.83,86.94,86.71,86.94,882577,0
20241015,190000,86.87,86.93,86.78,86.88,409439,0
20241015,200000,86.88,87,86.78,86.82,556778,0
20241015,210000,86.81,86.89,86.65,86.7,316478,0
20241015,220000,86.68,86.84,86.56,86.82,447263,0
20241015,230000,86.83,86.84,86.59,86.67,434743,0
20241016,100000,86.79,87.62,86.7,87.49,4322786,0
20241016,110000,87.49,87.5,86.68,87.01,4441082,0
20241016,120000,87.01,87.03,86.31,86.47,2845567,0
20241016,130000,86.46,86.75,86.41,86.58,1443000,0
20241016,140000,86.58,86.66,86.26,86.38,1799576,0
20241016,150000,86.36,86.59,86.01,86.22,1519434,0
20241016,160000,86.23,86.37,85.82,86.02,1517240,0
20241016,170000,86,86.25,85.91,85.99,1079023,0
20241016,180000,86.01,86.09,85.7,85.7,1127791,0
20241016,190000,85.88,86.08,85.77,86.02,365979,0
20241016,200000,86.01,86.09,85.87,85.9,284045,0
20241016,210000,85.91,86.05,85.9,86.04,169141,0
20241016,220000,86.04,86.19,85,86.04,2217104,0
20241016,230000,86.05,86.06,85.64,85.82,441364,0
20241017,100000,85.77,86.07,85.45,85.76,2564343,0
20241017,110000,85.76,85.9,85.5,85.64,1029630,0
20241017,120000,85.61,85.62,85.12,85.26,2213569,0
20241017,130000,85.25,85.61,85.22,85.34,1314052,0
20241017,140000,85.35,85.53,85.17,85.39,651099,0
20241017,150000,85.39,85.73,85.37,85.43,810784,0
20241017,160000,85.42,85.65,85.33,85.5,592501,0
20241017,170000,85.49,85.72,85.37,85.51,600382,0
20241017,180000,85.51,85.57,85.17,85.17,878311,0
20241017,190000,85.18,85.28,84.9,85.02,1544993,0
20241017,200000,85.03,85.14,84.91,84.94,634482,0
20241017,210000,84.95,85.07,84.94,85.04,442358,0
20241017,220000,85.05,85.07,84.8,85.03,1053766,0
20241017,230000,85.02,85.13,84.85,85.09,696090,0
20241018,100000,84.85,85.28,84.3,84.76,6305123,0
20241018,110000,84.77,85.4,84.73,84.84,2362518,0
20241018,120000,84.84,85.05,84.62,84.87,1075151,0
20241018,130000,84.87,84.9,84.25,84.33,3930960,0
20241018,140000,84.33,84.54,84.15,84.37,1874687,0
20241018,150000,84.39,84.64,84.35,84.47,1370833,0
20241018,160000,84.47,84.67,84.01,84.1,3206087,0
20241018,170000,84.1,84.89,84.05,84.72,3585210,0
20241018,180000,84.71,84.99,84.6,84.63,1143868,0
20241018,190000,84.7,84.87,84.66,84.87,604523,0
20241018,200000,84.83,84.9,84.66,84.8,602410,0
20241018,210000,84.8,84.88,84.7,84.8,411705,0
20241018,220000,84.8,84.85,84.66,84.71,498523,0
20241018,230000,84.7,84.85,84.7,84.84,459646,0
20241021,100000,84.97,85.21,84.61,84.93,3280828,0
20241021,110000,84.93,84.94,84.42,84.61,1884603,0
20241021,120000,84.61,85.1,84.56,84.98,1439003,0
20241021,130000,84.99,85.08,84.8,85,852568,0
20241021,140000,85,85.13,84.66,84.74,1090458,0
20241021,150000,84.75,85.1,84.73,84.92,681591,0
20241021,160000,84.92,85.05,84.86,84.99,447311,0
20241021,170000,84.98,85,84.67,84.85,906498,0
20241021,180000,84.84,84.88,84.51,84.74,884958,0
20241021,190000,84.74,84.76,84.58,84.61,262981,0
20241021,200000,84.61,84.7,84.6,84.67,74531,0
20241021,210000,84.69,84.75,84.6,84.72,121547,0
20241021,220000,84.71,84.79,84.62,84.73,190865,0
20241021,230000,84.74,84.76,84.68,84.71,133599,0
20241022,100000,84.65,84.72,84.24,84.48,1403378,0
20241022,110000,84.48,84.61,84.3,84.5,569710,0
20241022,120000,84.48,85.1,84.4,84.98,2067418,0
20241022,130000,84.98,85.04,84.67,84.72,1070413,0
20241022,140000,84.73,84.77,84.43,84.56,984172,0
20241022,150000,84.56,84.66,84.3,84.34,776133,0
20241022,160000,84.34,84.39,84.06,84.16,1943530,0
20241022,170000,84.17,84.3,83.72,83.92,2899764,0
20241022,180000,83.92,84.07,83.65,83.94,2225831,0
20241022,190000,83.94,83.95,83.73,83.74,636153,0
20241022,200000,83.73,83.87,83.63,83.76,750891,0
20241022,210000,83.76,83.8,83.61,83.67,436165,0
20241022,220000,83.67,83.79,83.64,83.68,248472,0
20241022,230000,83.66,83.67,83.45,83.58,790323,0
20241023,100000,83.41,83.48,82.61,82.73,8511974,0
20241023,110000,82.72,82.96,82.57,82.81,1886203,0
20241023,120000,82.8,83.4,82.74,82.95,2966983,0
20241023,130000,82.96,83.44,82.85,83.22,1267220,0
20241023,140000,83.19,83.32,82.83,82.84,942045,0
20241023,150000,82.84,83.39,82.83,83.29,721857,0
20241023,160000,83.29,84.98,83.21,83.7,9975654,0
20241023,170000,83.68,83.89,83.46,83.76,1844609,0
20241023,180000,83.73,84.21,83.66,84.21,1465307,0
20241023,190000,84,84.1,83.08,83.14,1874159,0
20241023,200000,83.15,83.43,82.74,82.77,1697352,0
20241023,210000,82.76,82.82,82.22,82.61,2644089,0
20241023,220000,82.6,82.67,82.1,82.33,1757510,0
20241023,230000,82.33,82.33,81.84,82.22,1832829,0
20241024,100000,82.35,82.9,81.91,82.06,5607416,0
20241024,110000,82.05,82.47,82.01,82.17,1220003,0
20241024,120000,82.17,82.19,81.2,81.61,4863518,0
20241024,130000,81.61,82.08,81.32,81.84,1503375,0
20241024,140000,81.85,82.29,81.72,82.23,1269755,0
20241024,150000,82.23,82.26,81.68,81.75,1005774,0
20241024,160000,81.75,82.35,81.67,82.34,1018773,0
20241024,170000,82.34,82.73,82.33,82.53,1634930,0
20241024,180000,82.54,82.66,82.21,82.26,626970,0
20241024,190000,82.26,82.6,82.26,82.44,771564,0
20241024,200000,82.44,82.45,82.31,82.39,228323,0
20241024,210000,82.38,82.4,82.26,82.37,194094,0
20241024,220000,82.37,82.44,82.31,82.39,279831,0
20241024,230000,82.39,82.75,82.37,82.64,781555,0
20241025,100000,82.67,82.77,82.27,82.44,1696973,0
20241025,110000,82.44,83.22,82.4,82.97,2256137,0
20241025,120000,82.98,83.2,82.5,82.65,2018826,0
20241025,130000,82.64,83.3,81.5,82.83,6756047,0
20241025,140000,82.83,82.95,81.53,81.79,3995840,0
20241025,150000,81.78,82.45,81.65,81.73,3040953,0
20241025,160000,81.75,81.75,80.06,80.2,11929009,0
20241025,170000,80.2,80.58,79.67,79.91,6208406,0
20241025,180000,79.92,80.26,79.9,79.96,2219325,0
20241025,190000,79.97,80.2,79.78,79.93,1807330,0
20241025,200000,79.92,80.2,79.81,80.07,889985,0
20241025,210000,80.06,80.24,79.9,80.16,698378,0
20241025,220000,80.15,80.15,79.88,80.02,897622,0
20241025,230000,80.02,80.02,79.8,79.89,893163,0
20241028,100000,79.16,79.77,78.8,79.43,7710677,0
20241028,110000,79.41,79.84,79.3,79.81,2809095,0
20241028,120000,79.81,80.19,79.42,79.45,3108571,0
20241028,130000,79.45,79.78,79.11,79.52,2067493,0
20241028,140000,79.52,79.64,78.86,78.94,3183868,0
20241028,150000,78.93,79.21,78.64,78.94,3697552,0
20241028,160000,78.94,79.03,78.29,78.36,3788230,0
20241028,170000,78.37,78.41,77.7,78.12,4169124,0
20241028,180000,78.14,78.46,76.32,76.68,8113916,0
20241028,190000,76.73,76.93,75.22,75.28,5841751,0
20241028,200000,75.29,76.27,75.16,76.13,4181795,0
20241028,210000,76.11,76.16,75.67,75.74,1080674,0
20241028,220000,75.74,76.03,75.63,76,679467,0
20241028,230000,76,76.27,75.99,76.2,618767,0
20241029,100000,76.32,77.01,76.02,76.7,4859849,0
20241029,110000,76.69,76.76,75.31,75.45,5047010,0
20241029,120000,75.45,76.17,74.9,75.91,5500280,0
20241029,130000,75.92,76.5,75.5,76.06,1989893,0
20241029,140000,76.07,76.92,76,76.82,2188342,0
20241029,150000,76.82,77.33,76.54,76.82,3148488,0
20241029,160000,76.82,77.3,76.81,77.04,1534529,0
20241029,170000,77.04,77.45,76.78,77.14,2078339,0
20241029,180000,77.14,77.54,76.92,76.95,1564868,0
20241029,190000,76.97,77.43,76.93,77.41,873741,0
20241029,200000,77.42,78,77.32,77.77,2135996,0
20241029,210000,77.78,78,77.69,77.94,1057964,0
20241029,220000,77.94,78.08,77.4,77.5,823384,0
20241029,230000,77.49,77.5,77.14,77.45,564599,0
20241030,100000,77.57,78.29,77.17,78.17,3980978,0
20241030,110000,78.17,78.42,77.84,77.94,2744670,0
20241030,120000,77.94,78.39,77.61,77.84,1774900,0
20241030,130000,77.84,77.88,77.31,77.48,1249488,0
20241030,140000,77.46,77.49,76.83,76.93,2030311,0
20241030,150000,76.93,77.26,76.69,77.09,1469892,0
20241030,160000,77.09,77.31,76.63,77.19,1219651,0
20241030,170000,77.18,78.24,77.12,78.11,4667153,0
20241030,180000,78.11,78.19,77.75,77.87,764761,0
20241030,190000,77.69,77.75,77.03,77.25,2688145,0
20241030,200000,77.25,77.38,76.83,76.9,1138716,0
20241030,210000,76.9,77.06,76.5,76.63,1406241,0
20241030,220000,76.63,76.83,76,76.25,1525811,0
20241030,230000,76.25,76.45,76.02,76.19,994350,0
20241031,100000,75.97,76.47,75.81,76.14,3859302,0
20241031,110000,76.14,76.34,75.85,75.92,1209607,0
20241031,120000,75.94,76.05,74.73,75.48,5701331,0
20241031,130000,75.48,75.92,75.23,75.87,2235799,0
20241031,140000,75.86,76.33,75.3,76.22,2816264,0
20241031,150000,76.23,76.33,75.96,75.96,1072741,0
20241031,160000,75.96,76.09,75.22,75.34,1586354,0
20241031,170000,75.34,75.76,74.9,75.17,2537518,0
20241031,180000,75.16,75.45,75.01,75.14,1033296,0
20241031,190000,75.06,75.22,74.74,75.11,1840675,0
20241031,200000,75.11,75.2,74.87,74.89,716735,0
20241031,210000,74.87,75.26,74.86,75.18,815577,0
20241031,220000,75.19,75.42,75.17,75.28,547507,0
20241031,230000,75.28,75.38,75.03,75.25,544329,0
20241101,100000,75.24,75.6,74.8,75.11,2735384,0
20241101,110000,75.1,75.5,74.8,75.34,2911965,0
20241101,120000,75.35,75.36,74.53,74.88,2051252,0
20241101,130000,74.87,75.35,74.84,75.05,1265307,0
20241101,140000,75.06,75.59,75,75.31,1286766,0
20241101,150000,75.31,75.48,75.02,75.28,994797,0
20241101,160000,75.26,76.08,75.25,75.73,1887135,0
20241101,170000,75.72,76.7,75.66,76.15,3341920,0
20241101,180000,76.15,76.4,76,76.24,1111784,0
20241101,190000,76.24,76.68,76.24,76.4,841947,0
20241101,200000,76.4,76.7,76.37,76.49,1023306,0
20241101,210000,76.48,76.57,76.27,76.49,406741,0
20241101,220000,76.48,76.64,76.31,76.63,687716,0
20241101,230000,76.62,76.85,76.46,76.62,736222,0
20241102,100000,76.65,76.85,76.42,76.77,1488450,0
20241102,110000,76.78,76.79,76.51,76.69,673560,0
20241102,120000,76.69,76.7,76.49,76.54,328680,0
20241102,130000,76.52,76.71,76.5,76.67,335956,0
20241102,140000,76.66,77.2,76.64,76.99,1600895,0
20241102,150000,76.97,77.44,76.85,77.04,1739795,0
20241102,160000,77.03,77.27,76.86,77.21,640394,0
20241102,170000,77.22,77.28,76.56,76.81,1112882,0
20241102,180000,76.81,76.82,76.48,76.82,391936,0
20241102,190000,76.82,76.82,76.68,76.73,216646,0
20241102,200000,76.73,76.82,76.68,76.81,169882,0
20241102,210000,76.81,77.05,76.79,76.98,404098,0
20241102,220000,76.97,77.09,76.96,77.08,211614,0
20241102,230000,77.08,77.27,77.07,77.12,552743,0
20241105,100000,77.68,77.83,77.16,77.28,2912326,0
20241105,110000,77.29,77.59,77.13,77.35,1298587,0
20241105,120000,77.33,77.71,77.22,77.67,653635,0
20241105,130000,77.67,78.2,77.65,77.84,3298776,0
20241105,140000,77.84,77.98,77.26,77.45,1376444,0
20241105,150000,77.46,77.58,77.12,77.3,1369679,0
20241105,160000,77.3,77.5,77,77.11,793359,0
20241105,170000,77.11,77.28,76.86,77.07,1319648,0
20241105,180000,77.06,77.35,76.9,77.24,478732,0
20241105,190000,77.3,77.66,77.2,77.5,727855,0
20241105,200000,77.49,77.56,77.13,77.36,591559,0
20241105,210000,77.37,77.41,77.21,77.33,248415,0
20241105,220000,77.33,77.34,77.09,77.3,393064,0
20241105,230000,77.3,77.4,77.29,77.38,222328,0
20241106,100000,78.65,79.9,78.3,79.2,11833087,0
20241106,110000,79.24,79.9,79.21,79.33,6576954,0
20241106,120000,79.35,79.53,79.03,79.12,1862909,0
20241106,130000,79.12,79.14,78.5,78.83,3360494,0
20241106,140000,78.84,79.02,78.53,78.73,1289678,0
20241106,150000,78.74,78.77,77.89,78.14,4013775,0
20241106,160000,78.14,78.36,77.66,78.04,3468786,0
20241106,170000,78.05,78.34,77.9,78.02,1894294,0
20241106,180000,78.05,78.3,77.75,78.1,1906864,0
20241106,190000,78.1,78.2,77.91,78.07,566769,0
20241106,200000,78.06,78.46,78.06,78.4,685118,0
20241106,210000,78.43,78.53,78.24,78.3,669140,0
20241106,220000,78.3,78.41,78.28,78.33,381979,0
20241106,230000,78.3,78.4,78.24,78.32,355680,0
20241107,120000,78.29,78.29,77.5,77.7,2461791,0
20241107,130000,77.7,77.73,76.73,76.97,3665911,0
20241107,140000,76.96,77.59,76.92,77.38,2184666,0
20241107,150000,77.39,77.65,76.9,77.2,3783321,0
20241107,160000,77.2,77.2,76.53,76.95,2968326,0
20241107,170000,76.96,77.5,76.94,77.42,6762137,0
20241107,180000,77.43,77.75,77.21,77.56,3141943,0
20241107,190000,77.5,78.29,77.2,77.56,5558204,0
20241107,200000,77.57,77.88,77.49,77.58,1589991,0
20241107,210000,77.6,77.99,77.58,77.92,942925,0
20241107,220000,77.92,78.55,77.92,78.44,4262175,0
20241107,230000,78.44,79.31,78.41,79.1,5016816,0
20241108,100000,79.5,79.84,78.7,79.62,7487629,0
20241108,110000,79.62,79.8,78.56,78.73,5436797,0
20241108,120000,78.73,79.2,78.58,79,2098436,0
20241108,130000,79,79.11,77.85,78.34,6297951,0
20241108,140000,78.35,78.63,78.11,78.29,1629741,0
20241108,150000,78.28,78.67,78.21,78.55,1242527,0
20241108,160000,78.55,78.84,78.34,78.61,1585722,0
20241108,170000,78.6,78.93,78.48,78.92,1071477,0
20241108,180000,78.92,79.06,78.57,78.98,2139568,0
20241108,190000,78.88,79.74,78.88,79.39,5629986,0
20241108,200000,79.39,80.37,79.36,80.17,5649460,0
20241108,210000,80.17,80.24,79.91,80.15,1412727,0
20241108,220000,80.14,80.43,79.97,80.4,1477756,0
20241108,230000,80.4,80.4,80.1,80.2,1317621,0
20241111,100000,81.09,81.59,80.68,81.08,11228111,0
20241111,110000,81.09,81.75,80.97,81.64,4161478,0
20241111,120000,81.63,82.16,80.84,81.75,5546358,0
20241111,130000,81.75,81.88,81.49,81.67,1690396,0
20241111,140000,81.68,81.68,80.72,81,3720923,0
20241111,150000,80.99,81.3,80.5,81.21,2648264,0
20241111,160000,81.21,82,80.53,81.35,11053344,0
20241111,170000,81.32,81.53,81.21,81.4,1954913,0
20241111,180000,81.4,81.9,81.39,81.84,1872390,0
20241111,190000,81.77,81.88,81.52,81.72,1211056,0
20241111,200000,81.72,81.72,81.31,81.47,718663,0
20241111,210000,81.47,81.63,81.37,81.42,573822,0
20241111,220000,81.42,81.57,81.35,81.54,469300,0
20241111,230000,81.54,81.7,81.52,81.58,597148,0
20241112,100000,81.48,81.68,80.62,80.91,5165939,0
20241112,110000,80.9,81.36,80.7,81.05,2883934,0
20241112,120000,81.05,81.21,80.85,81.15,1345721,0
20241112,130000,81.16,81.35,80.96,81.08,840051,0
20241112,140000,81.08,81.1,80.78,80.91,1053777,0
20241112,150000,80.89,80.93,80.54,80.73,1617798,0
20241112,160000,80.73,80.76,80.2,80.44,2117613,0
20241112,170000,80.44,81.78,80.43,81.47,2348821,0
20241112,180000,81.48,81.71,81.1,81.43,1214809,0
20241112,190000,81.34,81.34,81.02,81.08,600773,0
20241112,200000,81.08,81.25,80.95,80.98,517297,0
20241112,210000,80.98,81,80.56,80.67,933090,0
20241112,220000,80.67,80.69,80.5,80.53,429908,0
20241112,230000,80.52,80.7,80.4,80.68,537074,0
20241113,100000,80.6,80.89,80.41,80.65,2542981,0
20241113,110000,80.63,81.12,80.57,81.06,1864613,0
20241113,120000,81.06,81.4,80.7,80.99,2347921,0
20241113,130000,80.99,81.18,80.92,81.02,494908,0
20241113,140000,81.02,81.02,79.96,80.33,3803822,0
20241113,150000,80.33,80.57,80.02,80.4,1844724,0
20241113,160000,80.41,80.99,80.28,80.66,2133733,0
20241113,170000,80.66,80.9,80.5,80.72,1043306,0
20241113,180000,80.73,80.9,80.49,80.73,1062136,0
20241113,190000,80.49,80.49,79.94,80.03,2554976,0
20241113,200000,80.03,80.18,79.64,80.07,1505369,0
20241113,210000,80.07,80.17,79.96,80.1,433246,0
20241113,220000,80.1,80.11,79.82,79.87,396698,0
20241113,230000,79.87,80.02,79.33,79.41,1097727,0
20241114,100000,79.52,79.82,79.38,79.6,3304892,0
20241114,110000,79.6,79.71,79.22,79.36,1672653,0
20241114,120000,79.36,79.98,79.33,79.8,1816140,0
20241114,130000,79.8,79.93,79.36,79.61,1006382,0
20241114,140000,79.62,79.75,79.22,79.45,1218789,0
20241114,150000,79.45,79.56,79.1,79.29,1430501,0
20241114,160000,79.3,80.16,79.25,79.6,2054502,0
20241114,170000,79.61,79.72,79,79.15,2310309,0
20241114,180000,79.14,79.36,78.83,79.07,2421251,0
20241114,190000,79.07,79.55,78.97,79.16,1399684,0
20241114,200000,79.15,79.18,78.92,79.08,769502,0
20241114,210000,79.08,79.32,79.03,79.11,721696,0
20241114,220000,79.11,79.31,79.04,79.23,280639,0
20241114,230000,79.23,79.27,79.1,79.19,232664,0
20241115,100000,79.19,79.49,78.88,79.32,1917873,0
20241115,110000,79.32,79.6,79.13,79.57,1013996,0
20241115,120000,79.57,79.92,79.34,79.78,2363107,0
20241115,130000,79.78,79.87,79.52,79.61,725522,0
20241115,140000,79.61,79.75,79.46,79.73,512897,0
20241115,150000,79.73,80.24,79.53,79.98,1373461,0
20241115,160000,79.98,80.16,79.63,79.75,1465764,0
20241115,170000,79.75,80.2,79.7,79.85,1453921,0
20241115,180000,79.84,80.19,79.75,80.01,675704,0
20241115,190000,80.13,80.39,79.95,80,1439991,0
20241115,200000,80.01,80.07,79.81,79.85,629260,0
20241115,210000,79.84,80.06,79.82,80.06,231171,0
20241115,220000,80.06,80.58,79.88,80.44,1804640,0
20241115,230000,80.44,80.61,80.4,80.59,877040,0
20241118,100000,78.99,79.54,78.2,79.36,6418317,0
20241118,110000,79.36,79.84,79.29,79.44,2173498,0
20241118,120000,79.44,79.55,78.8,78.81,1856960,0
20241118,130000,78.82,79.21,78.62,79.12,1052195,0
20241118,140000,79.12,79.28,78.9,79.26,850176,0
20241118,150000,79.25,79.3,78.97,79.1,650005,0
20241118,160000,79.1,79.39,79.06,79.38,679009,0
20241118,170000,79.39,79.71,79.26,79.5,1399792,0
20241118,180000,79.49,79.59,79.29,79.48,486169,0
20241118,190000,79.4,79.47,79.15,79.39,540859,0
20241118,200000,79.39,79.7,79.39,79.47,604701,0
20241118,210000,79.47,79.66,79.15,79.24,997913,0
20241118,220000,79.22,79.3,78.98,79.05,543884,0
20241118,230000,79.06,79.06,78.82,78.95,518778,0
20241119,100000,78.95,79.47,78.82,78.88,2211032,0
20241119,110000,78.86,78.93,78.31,78.51,3023169,0
20241119,120000,78.51,78.51,77.87,78.48,4645727,0
20241119,130000,78.48,78.55,78.2,78.46,742195,0
20241119,140000,78.46,78.55,77.59,78.06,2815239,0
20241119,150000,78.06,78.25,77.81,77.9,1308161,0
20241119,160000,77.91,77.91,77.28,77.45,2718465,0
20241119,170000,77.45,77.84,76.57,77,3715048,0
20241119,180000,77.01,77.43,76.9,77.05,1324602,0
20241119,190000,77.04,77.48,77.04,77.45,782714,0
20241119,200000,77.46,77.69,77.3,77.67,1089202,0
20241119,210000,77.67,77.77,77.39,77.41,649627,0
20241119,220000,77.43,77.46,77.2,77.25,553030,0
20241119,230000,77.24,77.29,77,77.06,364685,0
20241120,100000,77.19,77.57,76.9,76.93,2642832,0
20241120,110000,76.93,77.3,76.81,77.25,1225751,0
20241120,120000,77.24,77.56,77.11,77.17,767011,0
20241120,130000,77.17,77.84,76.96,77.46,1714196,0
20241120,140000,77.46,77.85,77.42,77.78,1178625,0
20241120,150000,77.78,77.88,77.26,77.36,811305,0
20241120,160000,77.37,77.41,76.55,76.87,2258092,0
20241120,170000,76.87,76.98,76,76.06,2881574,0
20241120,180000,76.06,76.14,75.57,75.57,2865369,0
20241120,190000,75.48,75.69,75.03,75.54,4279457,0
20241120,200000,75.54,75.69,75.15,75.36,1228686,0
20241120,210000,75.35,75.65,75.35,75.58,572063,0
20241120,220000,75.58,75.6,75.41,75.54,347234,0
20241120,230000,75.54,75.77,75.53,75.64,475093,0
20241121,100000,75.77,76.16,75.34,75.52,3683101,0
20241121,110000,75.52,75.95,75.21,75.34,2730956,0
20241121,120000,75.36,75.58,74.83,75.12,3035032,0
20241121,130000,75.12,75.69,75.12,75.51,1369509,0
20241121,140000,75.55,75.93,75.01,75.1,1663896,0
20241121,150000,75.1,75.15,74.55,74.78,3152139,0
20241121,160000,74.77,75,74.22,74.96,3431888,0
20241121,170000,74.96,75.25,74.11,74.12,2298817,0
20241121,180000,74.13,75.21,74.07,74.24,3054982,0
20241121,190000,74.34,74.7,74.12,74.68,1617320,0
20241121,200000,74.68,74.93,74.03,74.92,2438503,0
20241121,210000,74.91,75.36,74.75,75.24,1196682,0
20241121,220000,75.24,76.24,75.21,76.05,2807667,0
20241121,230000,76.05,76.3,75.99,76.3,1282474,0
20241122,100000,76.46,76.58,75.63,75.99,2906545,0
20241122,110000,75.97,76.09,75.1,75.19,1749745,0
20241122,120000,75.2,75.57,74.88,75.56,2434627,0
20241122,130000,75.55,75.64,75.1,75.17,1220856,0
20241122,140000,75.16,75.28,74.4,74.61,1902212,0
20241122,150000,74.61,74.69,74.13,74.52,2144021,0
20241122,160000,74.5,74.52,73.78,74.2,2955611,0
20241122,170000,74.19,74.74,73.93,74,2295782,0
20241122,180000,73.99,74.47,73.96,74.32,1315124,0
20241122,190000,74.34,74.94,74.34,74.78,1371132,0
20241122,200000,74.79,74.92,74.47,74.62,689650,0
20241122,210000,74.63,74.63,74.4,74.48,388785,0
20241122,220000,74.48,74.63,74.37,74.45,464286,0
20241122,230000,74.45,74.48,73.93,74.05,775422,0
20241125,100000,74.14,74.36,72.22,72.82,10307577,0
20241125,110000,72.82,73,72.53,72.73,4211987,0
20241125,120000,72.74,73.05,72.64,72.98,1595407,0
20241125,130000,72.98,73.19,72.83,73,1756465,0
20241125,140000,73.03,73.04,71.5,72.06,7177886,0
20241125,150000,72.09,72.19,71.22,71.35,3925996,0
20241125,160000,71.37,71.77,70.94,71.47,5525231,0
20241125,170000,71.47,71.62,70.8,71.36,4858412,0
20241125,180000,71.36,71.68,70.89,71.49,3070416,0
20241125,190000,71.46,71.57,70.78,71.09,2414781,0
20241125,200000,71.08,71.26,70.34,70.66,3990978,0
20241125,210000,70.67,70.92,69.83,70,6533555,0
20241125,220000,70,70.48,69.83,70.27,2730342,0
20241125,230000,70.27,70.41,69.96,70.11,1514494,0
20241126,100000,70.31,72.08,69.82,71.66,14236581,0
20241126,110000,71.66,72.48,71.27,71.37,13518076,0
20241126,120000,71.37,71.69,71.12,71.25,4322687,0
20241126,130000,71.22,71.8,71.02,71.14,3797758,0
20241126,140000,71.15,71.25,69.86,70.25,11731655,0
20241126,150000,70.25,70.38,67.81,68.66,21286619,0
20241126,160000,68.66,69.12,68.07,68.71,7214073,0
20241126,170000,68.71,69.04,67.91,67.94,4824822,0
20241126,180000,67.94,68.46,67.75,68.29,4306621,0
20241126,190000,68.32,68.78,67.92,68.54,3265388,0
20241126,200000,68.54,68.54,67.89,68.01,3515973,0
20241126,210000,68.01,68.34,67.84,68.31,1540494,0
20241126,220000,68.31,68.51,68.12,68.26,969800,0
20241126,230000,68.26,68.31,68,68.23,969855,0
20241127,100000,68.41,68.6,65.67,66.25,14523719,0
20241127,110000,66.25,66.75,66.08,66.55,6934104,0
20241127,120000,66.56,68.66,66.56,68.15,10927910,0
20241127,130000,68.16,68.43,67.29,67.86,4387768,0
20241127,140000,67.87,68.7,67.31,68.4,5225856,0
20241127,150000,68.37,69.03,67.43,67.57,4614167,0
20241127,160000,67.52,68.17,67.01,67.89,4171930,0
20241127,170000,67.89,67.95,67.38,67.9,2026389,0
20241127,180000,67.9,68.76,67.69,68.76,3028749,0
20241127,190000,68.7,70.05,68.23,69.7,5915430,0
20241127,200000,69.7,69.88,69.13,69.71,2719012,0
20241127,210000,69.71,69.71,69.25,69.58,1073839,0
20241127,220000,69.59,69.82,69.41,69.77,1049267,0
20241127,230000,69.77,70.07,69.67,70.02,1442745,0
20241128,100000,70.22,70.35,69.16,70.08,8028010,0
20241128,110000,70.08,70.69,69.4,69.85,8840481,0
20241128,120000,69.82,69.84,69.08,69.45,3477022,0
20241128,130000,69.44,69.46,68.6,69.2,3082501,0
20241128,140000,69.22,69.41,68.39,68.53,2155255,0
20241128,150000,68.51,68.72,67.69,68.13,3067404,0
20241128,160000,68.13,68.76,67.9,68.4,2859002,0
20241128,170000,68.41,69.22,68.17,69.11,2093141,0
20241128,180000,69.12,69.92,68.83,69.6,2967381,0
20241128,190000,69.61,69.9,69.1,69.55,2433343,0
20241128,200000,69.55,69.82,69.3,69.58,1134978,0
20241128,210000,69.6,69.88,69.56,69.75,733539,0
20241128,220000,69.74,69.8,69.49,69.63,535768,0
20241128,230000,69.62,69.63,69.05,69.28,927547,0
20241129,100000,69.5,69.56,68.8,69.48,3752560,0
20241129,110000,69.5,70.18,69.33,69.93,4153572,0
20241129,120000,69.94,70.1,69.6,69.96,3019071,0
20241129,130000,69.95,69.97,69.35,69.37,2467475,0
20241129,140000,69.37,70.26,69.36,69.68,3952698,0
20241129,150000,69.71,70.48,69.61,70.22,3308714,0
20241129,160000,70.22,70.22,68.88,69.33,4654164,0
20241129,170000,69.34,69.57,69.18,69.51,1689036,0
20241129,180000,69.52,69.83,69.36,69.8,1377611,0
20241129,190000,69.78,69.8,69.47,69.8,813367,0
20241129,200000,69.8,69.8,69.63,69.68,591543,0
20241129,210000,69.68,69.84,69.65,69.68,594040,0
20241129,220000,69.68,69.7,69.6,69.64,531798,0
20241129,230000,69.64,69.79,69.5,69.5,808660,0
20241202,100000,69,70.17,68.97,69.55,10121042,0
20241202,110000,69.55,69.74,69.16,69.45,3322234,0
20241202,120000,69.44,69.53,68.94,69.21,2642863,0
20241202,130000,69.21,69.32,68.85,69.14,1797685,0
20241202,140000,69.14,69.55,69.08,69.41,1718434,0
20241202,150000,69.41,69.73,69.13,69.18,2057246,0
20241202,160000,69.18,69.44,68.99,69.24,2023285,0
20241202,170000,69.23,69.6,69.01,69.44,1972926,0
20241202,180000,69.44,69.59,69.36,69.55,656109,0
20241202,190000,69.55,69.59,69.22,69.36,580386,0
20241202,200000,69.36,69.36,69.11,69.35,564725,0
20241202,210000,69.35,69.49,69.32,69.4,233441,0
20241202,220000,69.39,69.49,69.27,69.33,474205,0
20241202,230000,69.34,69.4,69.21,69.27,325588,0
20241203,100000,69.28,69.34,68.52,68.79,4718517,0
20241203,110000,68.79,68.79,68.29,68.5,1920687,0
20241203,120000,68.5,68.78,68.43,68.56,1033035,0
20241203,130000,68.55,68.74,68.44,68.69,734615,0
20241203,140000,68.7,68.95,68.53,68.56,1469085,0
20241203,150000,68.57,68.69,67.88,67.97,2802368,0
20241203,160000,67.97,68.12,67,67.49,4390945,0
20241203,170000,67.49,67.54,67.01,67.53,2551580,0
20241203,180000,67.54,67.7,67.37,67.51,1453301,0
20241203,190000,67.58,67.74,67.27,67.7,1164438,0
20241203,200000,67.68,67.8,67.47,67.57,616616,0
20241203,210000,67.54,67.58,67.31,67.42,481334,0
20241203,220000,67.42,67.45,67.13,67.19,717339,0
20241203,230000,67.18,67.45,67.17,67.28,724707,0
20241204,100000,67.38,68.15,67.13,67.94,6170047,0
20241204,110000,67.89,69.07,67.86,68.82,6946447,0
20241204,120000,68.83,69.07,68.5,68.8,4435627,0
20241204,130000,68.81,68.88,68.33,68.38,1497272,0
20241204,140000,68.38,68.75,68.36,68.51,1669665,0
20241204,150000,68.51,68.9,67.95,68.45,5103123,0
20241204,160000,68.48,68.57,67.98,67.99,2541925,0
20241204,170000,68,68.11,67.24,67.74,4556958,0
20241204,180000,67.71,67.85,67.1,67.15,2991771,0
20241204,190000,67,67,65.73,65.99,12185063,0
20241204,200000,65.99,66.08,65.1,65.67,8590722,0
20241204,210000,65.67,65.8,65.05,65.12,4197135,0
20241204,220000,65.12,65.43,65.02,65.39,1892266,0
20241204,230000,65.39,66.1,65.07,65.38,3158838,0
20241205,100000,65.32,65.95,64.69,65.47,10394679,0
20241205,110000,65.48,66.18,65.2,65.32,4919033,0
20241205,120000,65.29,65.53,64.99,65.2,4110577,0
20241205,130000,65.19,65.4,64.39,64.73,6286482,0
20241205,140000,64.73,65.04,64.34,64.46,3766817,0
20241205,150000,64.46,64.89,64.3,64.51,3308037,0
20241205,160000,64.5,65.83,64.45,65.46,7079786,0
20241205,170000,65.46,66.88,65.46,66.72,7239359,0
20241205,180000,66.73,66.84,66.26,66.49,2511022,0
20241205,190000,66.49,67.21,66.49,66.7,2482349,0
20241205,200000,66.69,66.87,66.56,66.68,1032866,0
20241205,210000,66.69,66.96,66.68,66.89,892049,0
20241205,220000,66.94,67.07,66.86,66.93,598111,0
20241205,230000,66.93,67.01,66.77,66.95,573514,0
20241206,100000,67,67.45,66.56,67.23,6597102,0
20241206,110000,67.23,67.26,66.41,66.63,3539951,0
20241206,120000,66.62,66.72,66.05,66.34,3221622,0
20241206,130000,66.35,67.15,66.01,67.05,3437720,0
20241206,140000,67.02,67.73,66.69,67.7,2914921,0
20241206,150000,67.7,68.17,67.59,67.95,4772033,0
20241206,160000,67.93,68.09,67.35,67.58,2774720,0
20241206,170000,67.56,67.71,67.21,67.46,1015905,0
20241206,180000,67.46,67.59,67.26,67.5,650455,0
20241206,190000,67.4,67.78,67.38,67.58,724355,0
20241206,200000,67.58,67.79,67.57,67.75,583006,0
20241206,210000,67.75,67.77,67.46,67.49,413594,0
20241206,220000,67.49,67.63,67.48,67.54,182127,0
20241206,230000,67.54,67.75,67.37,67.52,652214,0
20241209,100000,67.93,68.3,67.62,68.09,4430721,0
20241209,110000,68.08,68.1,67.54,67.77,1106614,0
20241209,120000,67.75,68.03,67.54,67.92,1507223,0
20241209,130000,67.92,68.12,67.8,67.88,800256,0
20241209,140000,67.9,68.28,67.75,68.21,1304023,0
20241209,150000,68.21,68.64,68.06,68.48,2999171,0
20241209,160000,68.48,68.8,68.26,68.73,2849892,0
20241209,170000,68.73,68.76,68.37,68.54,1313190,0
20241209,180000,68.55,68.59,68.27,68.42,656885,0
20241209,190000,68.42,68.52,68.32,68.48,347422,0
20241209,200000,68.48,68.55,68.31,68.39,503865,0
20241209,210000,68.39,68.49,68.36,68.42,178576,0
20241209,220000,68.42,68.46,68.35,68.36,244089,0
20241209,230000,68.37,68.37,68.05,68.1,537528,0
20241210,100000,68.2,68.22,67.57,67.61,3056097,0
20241210,110000,67.62,67.97,67.32,67.72,2203887,0
20241210,120000,67.71,67.73,66.86,67.04,3493266,0
20241210,130000,67.05,67.59,66.93,67.21,2432066,0
20241210,140000,67.21,67.3,66.7,66.84,2389356,0
20241210,150000,66.83,67.24,66.68,66.84,1403685,0
20241210,160000,66.84,67.48,66.79,67.05,1524554,0
20241210,170000,67.05,67.36,66.94,67.12,1380430,0
20241210,180000,67.12,67.12,66.7,67,1675081,0
20241210,190000,66.95,67.14,66.85,67.1,504898,0
20241210,200000,67.11,67.14,66.92,67.11,297045,0
20241210,210000,67.11,67.28,67.08,67.13,362249,0
20241210,220000,67.13,67.15,66.9,67.08,436039,0
20241210,230000,67.09,67.16,66.81,66.94,511190,0
20241211,100000,66.94,67.13,66.49,66.76,2075595,0
20241211,110000,66.77,67.43,66.74,67.33,2374837,0
20241211,120000,67.33,67.7,67.14,67.44,2189602,0
20241211,130000,67.44,67.44,67,67.03,1109158,0
20241211,140000,67.05,67.3,66.91,67.14,1215118,0
20241211,150000,67.14,67.45,67,67.06,1495823,0
20241211,160000,67.06,67.52,67.06,67.34,1092455,0
20241211,170000,67.34,67.64,67.19,67.21,1088718,0
20241211,180000,67.2,67.25,66.79,66.96,1637472,0
20241211,190000,66.9,67.47,66.76,67.35,1192984,0
20241211,200000,67.35,67.59,67.35,67.35,1038911,0
20241211,210000,67.38,67.41,67.25,67.36,403249,0
20241211,220000,67.35,67.59,67.33,67.59,482953,0
20241211,230000,67.58,67.85,67.58,67.81,779692,0
20241212,100000,68,68.65,67.44,68.62,5427065,0
20241212,110000,68.63,68.66,68.1,68.14,3074394,0
20241212,120000,68.14,68.23,67.42,67.58,4042407,0
20241212,130000,67.56,67.72,67.1,67.27,1359850,0
20241212,140000,67.28,67.5,67.04,67.36,1168804,0
20241212,150000,67.37,67.68,67.29,67.54,937830,0
20241212,160000,67.54,67.73,67.16,67.19,1166136,0
20241212,170000,67.21,67.25,66.8,66.97,2272244,0
20241212,180000,66.97,67.06,66.6,66.72,1546369,0
20241212,190000,66.7,67.32,66.6,67,1957261,0
20241212,200000,67,67,66.78,66.8,293591,0
20241212,210000,66.81,66.96,66.74,66.95,228631,0
20241212,220000,66.94,66.95,66.61,66.67,581591,0
20241212,230000,66.66,66.67,66.5,66.57,535119,0
20241213,100000,66.44,66.56,65.73,66.37,5812407,0
20241213,110000,66.37,66.58,66,66.13,2050600,0
20241213,120000,66.12,66.43,66.1,66.18,2210715,0
20241213,130000,66.18,67,66.18,66.85,2355412,0
20241213,140000,66.84,66.88,66.42,66.66,818722,0
20241213,150000,66.61,66.9,66.38,66.77,1392729,0
20241213,160000,66.76,66.78,66.22,66.47,1579286,0
20241213,170000,66.48,66.78,66.47,66.64,624477,0
20241213,180000,66.63,66.84,66.59,66.75,446498,0
20241213,190000,66.85,66.85,66.53,66.57,390893,0
20241213,200000,66.58,66.61,66.51,66.52,240547,0
20241213,210000,66.52,66.59,66.5,66.56,164920,0
20241213,220000,66.57,66.58,66.45,66.46,301152,0
20241213,230000,66.46,66.46,66.29,66.38,443182,0
20241216,100000,66.19,66.31,65.66,65.96,2615625,0
20241216,110000,65.96,65.98,65.7,65.77,1287908,0
20241216,120000,65.77,65.85,64.75,64.88,4897826,0
20241216,130000,64.87,65.35,64.78,65.08,1732927,0
20241216,140000,65.08,65.11,64.36,64.83,3353996,0
20241216,150000,64.83,64.91,64.37,64.49,1630400,0
20241216,160000,64.51,64.89,64.47,64.79,1536023,0
20241216,170000,64.79,64.92,64.37,64.49,1484135,0
20241216,180000,64.49,64.55,64.02,64.27,2097302,0
20241216,190000,64.48,64.48,63.8,63.98,1673983,0
20241216,200000,63.99,64.92,63.98,64.56,2260141,0
20241216,210000,64.56,64.71,64.36,64.39,322362,0
20241216,220000,64.39,64.51,64.19,64.28,797255,0
20241216,230000,64.28,64.29,64,64.25,610954,0
20241217,100000,64.2,64.64,64.06,64.6,3548260,0
20241217,110000,64.6,64.7,64.3,64.34,971264,0
20241217,120000,64.34,64.79,64.33,64.59,1271353,0
20241217,130000,64.59,64.67,64.34,64.45,842368,0
20241217,140000,64.45,64.46,63.84,64,1767117,0
20241217,150000,63.99,64.29,63.97,64.14,1291987,0
20241217,160000,64.12,64.2,63.7,63.9,1985141,0
20241217,170000,63.9,64.11,63.67,64.07,1189699,0
20241217,180000,64.06,64.17,63.82,63.82,846909,0
20241217,190000,63.85,64.1,63.82,64.1,643200,0
20241217,200000,64.1,64.28,64.03,64.17,772423,0
20241217,210000,64.17,64.34,63.95,64.04,693013,0
20241217,220000,64.02,64.15,64.01,64.14,198315,0
20241217,230000,64.14,64.25,64.1,64.21,212657,0
20241218,100000,64.27,64.57,64.13,64.15,2851441,0
20241218,110000,64.15,64.27,63.88,63.97,1552009,0
20241218,120000,63.97,64.19,63.87,63.98,847202,0
20241218,130000,63.99,64,63.78,63.91,871213,0
20241218,140000,63.91,63.98,63.77,63.89,1175840,0
20241218,150000,63.89,64.14,63.86,63.91,1100530,0
20241218,160000,63.91,63.96,63.62,63.79,1248996,0
20241218,170000,63.79,64.17,63.75,64.15,1246717,0
20241218,180000,64.16,64.49,64.04,64.49,2136792,0
20241218,190000,64.5,65.35,64.48,65.34,3912490,0
20241218,200000,65.34,65.39,64.9,64.97,1227190,0
20241218,210000,64.97,65.24,64.96,65.23,506524,0
20241218,220000,65.21,65.24,65.06,65.06,348189,0
20241218,230000,65.08,65.41,65.02,65.23,777092,0
20241219,100000,65.45,65.5,64.9,64.96,2412583,0
20241219,110000,64.96,65.76,64.85,65.63,3523256,0
20241219,120000,65.63,66.27,65.59,65.79,4142429,0
20241219,130000,65.81,65.89,65.55,65.75,2703299,0
20241219,140000,65.71,65.78,65.24,65.4,1874005,0
20241219,150000,65.41,65.98,65.4,65.85,3723336,0
20241219,160000,65.85,65.88,65.14,65.18,1806529,0
20241219,170000,65.2,65.82,65.15,65.74,2366296,0
20241219,180000,65.74,66.04,65.15,66.04,3723820,0
20241219,190000,65.95,66,65.75,65.86,1304875,0
20241219,200000,65.87,66.19,65.87,66.04,847739,0
20241219,210000,66.03,66.04,65.93,65.98,181795,0
20241219,220000,65.98,66,65.87,65.97,210798,0
20241219,230000,65.97,66.06,65.9,65.95,431173,0
20241220,100000,65.85,66.34,65.8,65.94,2227305,0
20241220,110000,65.93,66.3,65.87,66,1898632,0
20241220,120000,66,66.46,65.89,66.22,1572599,0
20241220,130000,66.22,70.39,65.92,69.68,16524898,0
20241220,140000,69.68,71.21,69.65,71.15,10012998,0
20241220,150000,71.15,71.69,70.58,71.03,7692326,0
20241220,160000,71.03,72.38,71.02,72.2,6459107,0
20241220,170000,72.21,72.75,72.03,72.46,4429080,0
20241220,180000,72.46,73.27,72.45,73.04,4559242,0
20241220,190000,73,73.05,72.43,72.43,2124026,0
20241220,200000,72.43,72.6,72.17,72.6,1073930,0
20241220,210000,72.6,73.15,72.59,72.77,1135434,0
20241220,220000,72.77,72.93,72.62,72.7,666604,0
20241220,230000,72.69,72.94,72.67,72.88,793929,0
20241223,100000,73.66,74.35,72.98,74.34,11080023,0
20241223,110000,74.34,74.8,73.67,74.06,8186971,0
20241223,120000,74.05,74.23,73.51,73.52,2569722,0
20241223,130000,73.51,74.13,73.1,73.93,3736895,0
20241223,140000,73.93,74.27,73.55,73.75,2293008,0
20241223,150000,73.75,74.17,73.58,74.1,1660954,0
20241223,160000,74.1,74.36,73.71,73.96,1862860,0
20241223,170000,73.98,74.26,73.67,73.85,963322,0
20241223,180000,73.83,73.85,73.52,73.6,803424,0
20241223,190000,73.6,73.91,73.57,73.74,740436,0
20241223,200000,73.75,73.88,73.66,73.77,500964,0
20241223,210000,73.76,74.2,73.73,73.94,1240446,0
20241223,220000,73.94,74.29,73.9,74.27,559942,0
20241223,230000,74.26,74.3,74.17,74.19,535994,0
20241224,100000,74.25,74.26,72.6,73.26,7759831,0
20241224,110000,73.27,73.8,72.81,73.67,4652221,0
20241224,120000,73.68,73.93,73.34,73.52,2870471,0
20241224,130000,73.5,74.1,73.22,73.75,3427445,0
20241224,140000,73.81,74.75,73.73,74.29,4494720,0
20241224,150000,74.29,74.61,73.81,74.16,2368770,0
20241224,160000,74.16,74.2,73.62,73.93,2859480,0
20241224,170000,73.93,74.38,73.82,74.23,2420315,0
20241224,180000,74.2,74.25,73.8,74.07,675179,0
20241224,190000,74.02,74.09,73.89,73.89,356290,0
20241224,200000,73.89,73.91,73.71,73.82,719400,0
20241224,210000,73.82,74.03,73.82,73.98,183814,0
20241224,220000,73.98,73.99,73.81,73.82,250340,0
20241224,230000,73.84,73.97,73.83,73.89,268243,0
20241225,100000,73.73,73.97,73.14,73.27,3530495,0
20241225,110000,73.27,73.88,73.03,73.68,3630182,0
20241225,120000,73.67,75,73.63,74.52,6928581,0
20241225,130000,74.52,74.95,74.28,74.92,3715019,0
20241225,140000,74.93,75.09,74.46,74.83,4642804,0
20241225,150000,74.83,76.1,74.83,75.98,10833005,0
20241225,160000,75.98,76.53,75.55,76.3,7556785,0
20241225,170000,76.33,76.38,75.72,76,3359757,0
20241225,180000,76,76.2,75.63,75.81,2225904,0
20241225,190000,76.09,76.45,75.73,75.95,2745188,0
20241225,200000,75.95,76.24,75.71,76.15,1157718,0
20241225,210000,76.18,76.85,76.09,76.67,1959925,0
20241225,220000,76.67,76.7,76.45,76.67,898597,0
20241225,230000,76.68,76.68,76.3,76.53,575930,0
20241226,100000,76.62,77.27,76.03,76.99,7540750,0
20241226,110000,76.99,77.25,75.73,75.98,7417269,0
20241226,120000,75.98,76.76,75.85,76.67,4014176,0
20241226,130000,76.64,76.87,76.32,76.8,2489067,0
20241226,140000,76.8,77.13,76.35,77.06,2564733,0
20241226,150000,77.06,77.67,76.85,77.51,5705480,0
20241226,160000,77.52,77.59,76.91,77.18,2509747,0
20241226,170000,77.2,77.2,76.83,76.98,1040575,0
20241226,180000,76.98,77.07,76.91,76.99,558004,0
20241226,190000,76.99,77.24,76.52,77.02,2011715,0
20241226,200000,77.02,77.04,76.22,76.25,1720259,0
20241226,210000,76.25,76.7,75.79,75.83,2379800,0
20241226,220000,75.83,75.96,75.65,75.9,832804,0
20241226,230000,75.89,75.9,75.66,75.74,667100,0
20241227,100000,75.98,76.69,75.52,76.63,4201062,0
20241227,110000,76.61,76.97,76.49,76.49,2829591,0
20241227,120000,76.49,76.99,76.27,76.84,2155697,0
20241227,130000,76.86,76.94,76.13,76.16,3161372,0
20241227,140000,76.18,76.41,75.97,76.39,1678056,0
20241227,150000,76.38,76.5,76.13,76.46,1750528,0
20241227,160000,76.45,76.84,76.18,76.31,2017795,0
20241227,170000,76.28,76.4,75.83,76.11,2034612,0
20241227,180000,76.11,76.39,76.11,76.19,889516,0
20241227,190000,76.2,76.43,76.09,76.32,411452,0
20241227,200000,76.32,76.66,76.32,76.42,625059,0
20241227,210000,76.42,76.6,76.37,76.59,445996,0
20241227,220000,76.59,76.7,76.53,76.58,353057,0
20241227,230000,76.57,76.63,76.47,76.49,311641,0
20241228,100000,76.73,78.15,76.59,77.85,5396262,0
20241228,110000,77.85,78.48,77.83,78.24,4853939,0
20241228,120000,78.25,78.45,77.96,78.23,2136684,0
20241228,130000,78.21,78.37,77.67,78,3214287,0
20241228,140000,78,78.02,77.71,77.81,944820,0
20241228,150000,77.82,77.82,77.18,77.3,1820864,0
20241228,160000,77.29,77.65,77.08,77.21,1563773,0
20241228,170000,77.21,77.73,77.17,77.45,1171997,0
20241228,180000,77.45,77.64,77.39,77.55,546507,0
20241228,190000,77.55,77.8,77.46,77.78,1367744,0
20241228,200000,77.77,78.19,77.77,77.91,835643,0
20241228,210000,77.92,78.09,77.82,77.95,548983,0
20241228,220000,77.95,78.07,77.87,78.03,409983,0
20241228,230000,78.03,78.15,78,78.09,439637,0
20241230,100000,78.71,79.61,78.05,79.41,5777239,0
20241230,110000,79.39,79.89,79.39,79.48,2710196,0
20241230,120000,79.51,79.6,79.3,79.46,1203145,0
20241230,130000,79.46,79.51,79.21,79.42,719784,0
20241230,140000,79.41,79.88,79.39,79.63,1558818,0
20241230,150000,79.63,79.84,79.18,79.3,1388172,0
20241230,160000,79.31,79.47,79.07,79.22,905086,0
20241230,170000,79.22,79.6,79.21,79.51,950522,0
20241230,180000,79.51,79.74,79.45,79.71,951523,0
20241230,190000,79.71,79.77,79.4,79.54,714011,0
20241230,200000,79.54,79.76,79.47,79.74,788673,0
20241230,210000,79.71,80.4,79.7,80.3,1744918,0
20241230,220000,80.3,80.41,79.91,80.08,1466629,0
20241230,230000,80.09,80.19,79.95,80.03,878850,0
20250103,100000,80.52,80.63,78.01,78.2,7006358,0
20250103,110000,78.19,78.59,78.01,78.33,2641984,0
20250103,120000,78.34,78.63,78.02,78.21,1647416,0
20250103,130000,78.21,78.29,77.69,77.86,2602176,0
20250103,140000,77.86,78.23,77.5,78.11,1922046,0
20250103,150000,78.09,78.41,77.95,78,819035,0
20250103,160000,78.01,78.07,77.84,78.03,920101,0
20250103,170000,78.02,78.27,77.98,78.07,542458,0
20250103,180000,78.07,78.19,77.93,78.19,382754,0
20250103,190000,78.13,78.17,77.74,77.99,586006,0
20250103,200000,77.98,78.06,77.92,77.98,170086,0
20250103,210000,77.99,78.06,77.95,78.06,140661,0
20250103,220000,78.04,78.11,77.96,77.99,364287,0
20250103,230000,78,78.04,77.78,77.78,409590,0
20250106,100000,77.34,77.35,76.48,77.09,3206285,0
20250106,110000,77.09,77.68,76.99,77.65,1927017,0
20250106,120000,77.65,77.68,77.12,77.17,1096033,0
20250106,130000,77.18,77.44,77.15,77.28,445061,0
20250106,140000,77.28,77.7,77.17,77.55,784659,0
20250106,150000,77.54,77.57,77.41,77.47,448984,0
20250106,160000,77.47,77.63,77.27,77.6,413143,0
20250106,170000,77.59,77.91,77.57,77.77,987711,0
20250106,180000,77.78,77.89,77.62,77.73,234990,0
20250106,190000,77.7,77.8,77.65,77.71,183019,0
20250106,200000,77.71,77.71,77.5,77.51,308931,0
20250106,210000,77.52,77.65,77.49,77.59,125751,0
20250106,220000,77.61,77.82,77.59,77.82,181860,0
20250106,230000,77.81,78,77.8,77.97,518525,0
20250108,100000,78.05,78.88,77.9,78.43,3182622,0
20250108,110000,78.43,78.75,78.36,78.55,805897,0
20250108,120000,78.55,78.67,78.26,78.44,593356,0
20250108,130000,78.45,78.83,78.42,78.74,757277,0
20250108,140000,78.72,78.75,78.5,78.7,435501,0
20250108,150000,78.7,78.88,78.52,78.67,714088,0
20250108,160000,78.64,79.2,78.6,78.88,1304290,0
20250108,170000,78.88,79.03,78.8,78.91,600453,0
20250108,180000,78.94,78.99,78.7,78.9,451294,0
20250108,190000,78.92,78.93,78.75,78.79,220482,0
20250108,200000,78.8,78.88,78.77,78.8,212319,0
20250108,210000,78.8,78.83,78.68,78.69,289384,0
20250108,220000,78.7,78.78,78.64,78.77,165163,0
20250108,230000,78.76,78.84,78.64,78.64,351872,0
20250109,100000,78.66,79.15,77.39,77.71,4400802,0
20250109,110000,77.71,77.89,77.1,77.49,2476891,0
20250109,120000,77.48,77.48,76.74,77.11,2343846,0
20250109,130000,77.12,77.3,76.81,77.07,912730,0
20250109,140000,77.02,77.3,76.53,76.75,1637486,0
20250109,150000,76.77,76.93,76.08,76.09,2501720,0
20250109,160000,76.09,76.98,76.02,76.86,2233080,0
20250109,170000,76.85,76.93,76.53,76.61,709519,0
20250109,180000,76.61,76.62,76.19,76.2,899140,0
20250109,190000,76.2,76.45,76.01,76.36,614266,0
20250109,200000,76.36,76.36,76.06,76.12,626108,0
20250109,210000,76.12,76.2,76.02,76.17,633369,0
20250109,220000,76.17,76.28,76.06,76.07,345384,0
20250109,230000,76.07,76.2,76,76.04,648819,0
20250110,100000,76.38,76.6,76.05,76.16,3070469,0
20250110,110000,76.16,76.58,75.7,76.11,3306303,0
20250110,120000,76.11,76.27,75.54,75.56,2474773,0
20250110,130000,75.56,77.34,75.54,77.06,4644967,0
20250110,140000,77.05,77.48,76.67,76.9,2356322,0
20250110,150000,76.9,77.67,76.9,76.93,2506555,0
20250110,160000,76.94,77.53,76.85,77.38,1223233,0
20250110,170000,77.38,79.5,77.34,79.28,9167064,0
20250110,180000,79.27,79.5,78.85,79.01,3633506,0
20250110,190000,78.98,79.44,78.93,79.03,1267629,0
20250110,200000,79,79.07,78.88,79.03,719232,0
20250110,210000,79,79.25,78.9,79.13,895159,0
20250110,220000,79.14,79.45,79.12,79.4,1331699,0
20250110,230000,79.4,79.45,79.14,79.28,833941,0
20250113,100000,79.87,80.96,79.72,80.04,8548186,0
20250113,110000,80.05,80.35,79.76,80.33,2397077,0
20250113,120000,80.32,80.89,80.32,80.77,3035944,0
20250113,130000,80.76,80.77,79.75,79.81,2544384,0
20250113,140000,79.81,80.04,79.4,79.41,2099979,0
20250113,150000,79.4,80,79.28,79.89,2494391,0
20250113,160000,79.89,80.34,79.74,80.07,2578618,0
20250113,170000,80.06,80.68,79.98,80.61,2357265,0
20250113,180000,80.61,80.65,80.34,80.45,831395,0
20250113,190000,80.55,80.55,80.19,80.25,987366,0
20250113,200000,80.25,80.25,79.85,79.86,760255,0
20250113,210000,79.86,79.86,78.97,78.99,2689680,0
20250113,220000,78.98,79.68,78.96,79.67,730122,0
20250113,230000,79.67,79.75,79.34,79.36,652335,0
20250114,100000,79.45,79.45,78.67,78.84,3128771,0
20250114,110000,78.82,79.85,78.51,79.8,2974665,0
20250114,120000,79.8,80.3,79.62,79.99,2569133,0
20250114,130000,80,82.45,79.99,81.7,11728819,0
20250114,140000,81.69,81.7,81.07,81.18,2787301,0
20250114,150000,81.18,81.35,80.85,81.18,2583530,0
20250114,160000,81.18,81.64,81.14,81.15,2257874,0
20250114,170000,81.15,81.27,80.74,81.12,1367248,0
20250114,180000,81.12,81.23,80.7,80.81,987338,0
20250114,190000,80.81,81.01,80.17,80.41,2452019,0
20250114,200000,80.4,80.73,80.39,80.56,607644,0
20250114,210000,80.57,80.87,80.32,80.8,907506,0
20250114,220000,80.82,81.3,80.76,81.2,1200834,0
20250114,230000,81.2,81.41,81.17,81.27,592231,0
20250115,100000,81.28,81.8,80.5,80.81,5814975,0
20250115,110000,80.81,81.16,80.47,80.75,2255345,0
20250115,120000,80.76,80.96,80.21,80.24,1547900,0
20250115,130000,80.24,80.6,80.13,80.58,823163,0
20250115,140000,80.6,80.79,80.05,80.37,1633338,0
20250115,150000,80.36,81.33,80.11,81.06,2156637,0
20250115,160000,81.06,81.22,80.64,81.11,1023146,0
20250115,170000,81.11,81.23,80.81,81.1,816129,0
20250115,180000,81.1,81.29,80.82,81.1,970948,0
20250115,190000,81.37,83.25,81.37,82.78,9597610,0
20250115,200000,82.78,83.1,81.96,82.1,4461703,0
20250115,210000,82.1,82.65,82,82.65,1420687,0
20250115,220000,82.65,82.81,82.39,82.4,1555794,0
20250115,230000,82.39,82.62,82.3,82.5,1582611,0
20250116,100000,82.79,82.89,81.5,82.46,8718368,0
20250116,110000,82.46,83.44,82.31,83.25,6559737,0
20250116,120000,83.25,83.47,83,83.16,3116137,0
20250116,130000,83.14,84.02,82.86,83.95,5556901,0
20250116,140000,83.95,84.29,83.68,84.14,2923296,0
20250116,150000,84.14,84.86,83.85,84.58,5503338,0
20250116,160000,84.57,84.7,83.88,84.63,10906152,0
20250116,170000,84.64,84.91,84.5,84.75,3795863,0
20250116,180000,84.75,84.95,84.55,84.72,1971677,0
20250116,190000,84.8,85.21,84.55,84.65,2839431,0
20250116,200000,84.68,84.69,84.5,84.51,1592373,0
20250116,210000,84.52,84.7,84.5,84.68,711275,0
20250116,220000,84.68,84.9,84.61,84.74,689335,0
20250116,230000,84.73,84.83,84.51,84.56,428940,0
20250117,100000,84.51,86.78,84.3,86.61,17624346,0
20250117,110000,86.63,87.07,86.24,86.44,7466432,0
20250117,120000,86.44,86.98,85.8,86.1,6849398,0
20250117,130000,86.11,86.75,85.9,86.51,3530880,0
20250117,140000,86.5,86.54,86.17,86.42,1643853,0
20250117,150000,86.41,86.69,86.08,86.27,2711323,0
20250117,160000,86.29,87.26,86.19,86.86,4195694,0
20250117,170000,86.86,86.99,86.34,86.75,1674777,0
20250117,180000,86.75,86.84,86.5,86.74,976677,0
20250117,190000,86.66,87.2,86.66,86.91,2979177,0
20250117,200000,86.93,87.12,86.6,86.63,1141840,0
20250117,210000,86.63,86.96,86.59,86.92,591444,0
20250117,220000,86.92,87.22,86.85,87.1,1332464,0
20250117,230000,87.1,87.1,86.85,87,885173,0
20250120,100000,88.42,88.75,87.58,87.98,11397021,0
20250120,110000,87.97,87.98,87.18,87.65,4104212,0
20250120,120000,87.65,87.67,86.24,86.35,3883943,0
20250120,130000,86.35,86.79,85.97,86.54,3320922,0
20250120,140000,86.52,87.79,86.23,87.16,3239529,0
20250120,150000,87.16,87.49,86.59,87.27,2089325,0
20250120,160000,87.26,87.73,86.84,87.58,1849416,0
20250120,170000,87.6,87.7,86.75,86.79,1217990,0
20250120,180000,86.79,87.26,86.55,87.09,1672398,0
20250120,190000,87.18,87.26,86.59,87.18,877484,0
20250120,200000,87.17,87.39,86.81,86.87,1442357,0
20250120,210000,86.87,86.87,85.36,86.14,4411613,0
20250120,220000,86.13,86.22,85.81,85.92,759248,0
20250120,230000,85.95,86.19,85.7,86.17,878768,0
20250121,100000,86.16,86.8,85.62,86.64,3683975,0
20250121,110000,86.63,86.97,86,86.29,2232959,0
20250121,120000,86.28,86.34,85.84,85.96,2155119,0
20250121,130000,85.98,86.48,85.82,86.14,1399762,0
20250121,140000,86.15,86.24,85.46,85.6,2227403,0
20250121,150000,85.59,85.79,85.45,85.64,1699878,0
20250121,160000,85.64,86.27,85.62,85.93,1550620,0
20250121,170000,85.93,86.58,85.83,86.5,1419842,0
20250121,180000,86.5,87.34,86.49,87.18,2840874,0
20250121,190000,87.2,87.5,86.83,87.07,1485679,0
20250121,200000,87.08,87.55,87.06,87.43,1857775,0
20250121,210000,87.43,87.48,87.17,87.2,535100,0
20250121,220000,87.2,87.37,87.18,87.33,472511,0
20250121,230000,87.34,87.69,87.34,87.69,547246,0
20250122,100000,87.82,87.88,87,87.13,3141413,0
20250122,110000,87.13,87.81,87.11,87.71,1736152,0
20250122,120000,87.71,88.15,87.09,88,2831965,0
20250122,130000,88,88.25,87.52,87.71,1661900,0
20250122,140000,87.71,88.1,87.62,87.83,1886652,0
20250122,150000,87.82,88,87.2,87.33,1564313,0
20250122,160000,87.32,87.63,87.23,87.44,727116,0
20250122,170000,87.42,88,87.38,87.7,1920047,0
20250122,180000,87.69,88,87.65,87.87,884918,0
20250122,190000,87.99,88.12,86.33,86.65,6564358,0
20250122,200000,86.65,86.66,85.65,86.31,4324623,0
20250122,210000,86.3,86.43,86.06,86.39,674853,0
20250122,220000,86.38,86.62,86.31,86.4,699697,0
20250122,230000,86.41,86.41,85.94,86.01,953025,0
20250123,100000,85.99,86.72,85.59,86.65,4005476,0
20250123,110000,86.65,86.77,86.1,86.27,1141975,0
20250123,120000,86.27,86.27,85.65,85.95,1750847,0
20250123,130000,85.96,86.43,85.82,86.1,1510561,0
20250123,140000,86.1,86.79,85.83,86.72,1899671,0
20250123,150000,86.73,86.89,86.36,86.52,1424208,0
20250123,160000,86.52,86.94,86.4,86.79,887090,0
20250123,170000,86.8,86.98,86.55,86.78,1031500,0
20250123,180000,86.78,86.89,86.09,86.89,2076366,0
20250123,190000,86.8,86.8,85.98,86.38,1523682,0
20250123,200000,86.4,86.94,86.38,86.71,1449307,0
20250123,210000,86.71,86.94,86.61,86.83,695814,0
20250123,220000,86.83,87.09,86.76,87.07,762637,0
20250123,230000,87.07,87.94,87,87.8,2673658,0
20250124,100000,88.2,88.66,87.62,87.75,6987046,0
20250124,110000,87.74,88.25,87.74,87.91,2135831,0
20250124,120000,87.91,88.43,87.72,88.32,2378230,0
20250124,130000,88.31,88.44,88.03,88.11,2316717,0
20250124,140000,88.1,88.45,87.84,88.39,1723113,0
20250124,150000,88.39,88.44,87.86,88.13,1404104,0
20250124,160000,88.12,88.14,86.49,86.66,3999337,0
20250124,170000,86.59,87.24,86.5,86.96,2803859,0
20250124,180000,86.95,87.47,86.85,87.15,973283,0
20250124,190000,87.14,87.4,87.06,87.15,631171,0
20250124,200000,87.15,87.22,86.85,86.98,586713,0
20250124,210000,86.97,87.1,86.84,87.06,402134,0
20250124,220000,87.06,87.35,86.94,87.28,590727,0
20250124,230000,87.28,87.84,87.27,87.54,1284408,0
20250127,070000,87.26,87.48,87,87.12,722528,0
20250127,080000,87.12,87.33,87.11,87.2,134505,0
20250127,090000,87.2,87.25,86.42,86.87,1178184,0
20250127,100000,86.87,86.94,86.06,86.45,4496529,0
20250127,110000,86.47,86.58,85.7,85.7,3728048,0
20250127,120000,85.7,85.89,85.3,85.64,4790013,0
20250127,130000,85.64,85.99,85.43,85.91,1486969,0
20250127,140000,85.9,85.96,85.48,85.63,2034687,0
20250127,150000,85.64,86.02,85.5,86.02,1371677,0
20250127,160000,86.01,86.02,84.3,84.44,5437355,0
20250127,170000,84.45,84.54,83.63,84.3,6467804,0
20250127,180000,84.3,84.86,84.25,84.44,1696100,0
20250127,190000,84.5,84.62,84.21,84.53,931450,0
20250127,200000,84.52,84.68,84.26,84.3,655037,0
20250127,210000,84.31,84.4,83.68,84.04,2365537,0
20250127,220000,84.03,84.25,83.85,84.15,723749,0
20250127,230000,84.15,84.16,83.4,83.72,1246260,0
20250128,070000,83.5,83.83,82.32,83,1704772,0
20250128,080000,83,83.42,82.99,83.33,547419,0
20250128,090000,83.34,84.05,83.34,83.65,1708400,0
20250128,100000,83.63,83.93,82.67,83.51,4837705,0
20250128,110000,83.51,83.8,82.69,82.79,2108730,0
20250128,120000,82.79,83.31,82.53,83.29,2991525,0
20250128,130000,83.29,83.86,83.17,83.51,1988895,0
20250128,140000,83.54,84.53,83.52,84.1,3374434,0
20250128,150000,84.1,84.23,83.41,84.08,3549774,0
20250128,160000,84.07,84.54,83.85,84.1,3353561,0
20250128,170000,84.09,84.27,83.9,84.11,1102656,0
20250128,180000,84.11,84.65,84,84.2,2676292,0
20250128,190000,84.27,84.57,84.27,84.47,855229,0
20250128,200000,84.47,84.51,84.21,84.27,697657,0
20250128,210000,84.27,84.56,84.24,84.51,543558,0
20250128,220000,84.51,84.88,84.5,84.74,1717821,0
20250128,230000,84.74,84.85,84.61,84.66,550995,0
20250129,070000,84.56,85.2,84.55,85.19,800008,0
20250129,080000,85.19,85.19,84.89,84.95,369059,0
20250129,090000,84.92,84.92,84.42,84.64,694437,0
20250129,100000,84.63,84.87,83.53,83.89,5415278,0
20250129,110000,83.89,84.44,83.82,84.26,3648998,0
20250129,120000,84.26,84.48,83.85,84.37,2264365,0
20250129,130000,84.37,84.71,84.02,84.22,2564722,0
20250129,140000,84.22,84.29,83.75,83.83,1795357,0
20250129,150000,83.83,84.14,83.6,83.96,1267987,0
20250129,160000,83.95,84.09,83.65,83.65,1248069,0
20250129,170000,83.65,84.36,83.6,84.26,1293046,0
20250129,180000,84.25,84.27,84.03,84.11,603078,0
20250129,190000,84.26,84.36,83.63,84,2023998,0
20250129,200000,84,84.13,83.94,84.12,630727,0
20250129,210000,84.12,84.13,83.9,83.98,368672,0
20250129,220000,83.98,84.18,83.92,84.07,416778,0
20250129,230000,84.07,84.12,83.92,83.95,299426,0
20250130,070000,84,84.17,83.69,84.05,150116,0
20250130,080000,84.04,84.05,83.84,84.04,196026,0
20250130,090000,84.04,84.26,83.94,84.25,414877,0
20250130,100000,84.25,84.27,83.9,84.16,1738672,0
20250130,110000,84.16,84.4,83.9,83.93,2290767,0
20250130,120000,83.93,83.98,83.54,83.91,2251507,0
20250130,130000,83.91,84.04,83.63,84,935083,0
20250130,140000,84,84.08,82.77,83.22,6526554,0
20250130,150000,83.22,83.45,82.98,83.21,4295715,0
20250130,160000,83.19,83.81,83.15,83.67,2471415,0
20250130,170000,83.69,84.04,83.55,84,1672401,0
20250130,180000,84.01,84.1,83.71,83.76,1174493,0
20250130,190000,83.76,83.93,83.7,83.71,679946,0
20250130,200000,83.7,83.92,83.64,83.82,437292,0
20250130,210000,83.84,83.91,83.71,83.81,494469,0
20250130,220000,83.82,83.85,83.6,83.67,514175,0
20250130,230000,83.67,84,83.52,83.85,618991,0
20250131,070000,83.95,83.97,83.56,83.87,397109,0
20250131,080000,83.88,84,83.8,83.85,586427,0
20250131,090000,83.89,84.29,83.8,84.29,1681616,0
20250131,100000,84.29,84.4,83.86,83.93,2843686,0
20250131,110000,83.96,84.29,83.33,83.48,3763684,0
20250131,120000,83.48,86.1,83.43,85.8,18222530,0
20250131,130000,85.8,85.85,85.2,85.6,9785805,0
20250131,140000,85.61,86.49,85.6,86.16,8251036,0
20250131,150000,86.16,86.39,85.14,85.23,7780859,0
20250131,160000,85.23,85.4,84.47,84.57,9172915,0
20250131,170000,84.57,84.81,84.08,84.64,4152440,0
20250131,180000,84.63,84.63,84.16,84.2,2134571,0
20250131,190000,84.27,84.91,83.82,84.73,2995325,0
20250131,200000,84.73,84.8,84.05,84.09,1172285,0
20250131,210000,84.1,84.58,84.09,84.45,630940,0
20250131,220000,84.44,84.49,84.18,84.21,688665,0
20250131,230000,84.2,84.21,83.7,83.89,1792386,0
20250203,070000,83.99,84.45,83.77,84.15,1841241,0
20250203,080000,84.18,84.28,83.74,83.94,1035296,0
20250203,090000,83.94,84.24,83.53,83.62,2218989,0
20250203,100000,83.62,83.86,82,82.71,10645003,0
20250203,110000,82.71,82.87,82.05,82.27,3672964,0
20250203,120000,82.28,82.28,81.51,82.22,4212010,0
20250203,130000,82.24,82.29,81.93,82.03,1594495,0
20250203,140000,82.03,82.1,81.64,82.04,1447895,0
20250203,150000,82.05,82.1,81.61,81.8,1433183,0
20250203,160000,81.79,82.15,81.7,82.05,1430940,0
20250203,170000,82.06,82.13,81.68,81.9,811018,0
20250203,180000,81.9,81.9,81.3,81.5,3290003,0
20250203,190000,81.52,81.9,81.5,81.9,1048880,0
20250203,200000,81.9,81.97,81.74,81.95,1267129,0
20250203,210000,81.95,82.43,81.94,82.21,2417389,0
20250203,220000,82.21,82.38,82.09,82.25,726300,0
20250203,230000,82.26,82.34,81.92,81.96,896525,0
20250204,070000,82.11,82.42,81.97,82.17,421227,0
20250204,080000,82.17,82.26,82.03,82.04,224252,0
20250204,090000,82.03,82.33,81.98,82.23,661710,0
20250204,100000,82.26,82.3,81.5,81.86,4530529,0
20250204,110000,81.87,81.88,80.79,81.04,6962413,0
20250204,120000,81.03,81.33,80.8,80.93,2569105,0
20250204,130000,80.94,81.29,80.18,80.32,4330299,0
20250204,140000,80.32,80.58,80.15,80.47,1911030,0
20250204,150000,80.47,80.71,80.25,80.65,1265713,0
20250204,160000,80.65,81.1,80.5,80.92,2013676,0
20250204,170000,80.9,80.91,80.31,80.66,1522201,0
20250204,180000,80.66,80.99,80.62,80.77,1081010,0
20250204,190000,80.91,80.93,80.65,80.88,489084,0
20250204,200000,80.88,80.92,80.57,80.68,380759,0
20250204,210000,80.68,80.68,79.96,80.13,1895378,0
20250204,220000,80.13,80.47,80,80.25,1005932,0
20250204,230000,80.25,80.55,80.2,80.35,1007034,0
20250205,070000,80.35,80.73,80.19,80.56,458731,0
20250205,080000,80.59,80.76,80.24,80.39,418112,0
20250205,090000,80.39,80.51,80.27,80.37,496312,0
20250205,100000,80.36,80.56,80.11,80.17,2323819,0
20250205,110000,80.2,80.25,79.13,79.17,4655510,0
20250205,120000,79.17,80.33,79.05,80.26,4777675,0
20250205,130000,80.26,80.43,79.72,79.91,2112069,0
20250205,140000,79.9,80.4,79.79,80.02,944307,0
20250205,150000,80.04,81.3,80.02,80.58,3497309,0
20250205,160000,80.58,80.96,80.51,80.87,1046874,0
20250205,170000,80.87,81.52,80.76,81.37,2465590,0
20250205,180000,81.37,81.5,80.95,81.2,1106694,0
20250205,190000,81.46,82.88,81.4,82.33,7756685,0
20250205,200000,82.33,82.66,82.32,82.54,1569464,0
20250205,210000,82.54,82.55,81.91,82.18,2074098,0
20250205,220000,82.19,82.51,82.1,82.24,839220,0
20250205,230000,82.24,82.27,82.09,82.09,348321,0
20250206,070000,82.44,82.79,82.44,82.56,1062077,0
20250206,080000,82.58,82.71,82.41,82.56,541809,0
20250206,090000,82.56,82.68,82.25,82.45,1148903,0
20250206,100000,82.46,83.41,82.02,83.03,7541070,0
20250206,110000,83.02,83.3,82.52,82.66,3804383,0
20250206,120000,82.65,82.96,82.2,82.3,1813764,0
20250206,130000,82.3,82.37,81.62,81.7,2636551,0
20250206,140000,81.7,82.14,81.45,81.69,1873360,0
20250206,150000,81.69,82.44,81.66,82.23,2052441,0
20250206,160000,82.22,82.45,81.83,82.45,1073437,0
20250206,170000,82.44,82.75,82.27,82.47,2165438,0
20250206,180000,82.47,82.5,82.07,82.31,847228,0
20250206,190000,82.25,82.42,82.07,82.07,447147,0
20250206,200000,82.09,82.49,82.05,82.3,688597,0
20250206,210000,82.32,82.44,82.28,82.36,332238,0
20250206,220000,82.36,82.36,82.11,82.28,351521,0
20250206,230000,82.28,82.57,82.16,82.4,667986,0
20250207,070000,82.35,82.6,82.16,82.45,187603,0
20250207,080000,82.45,82.75,82.43,82.73,461121,0
20250207,090000,82.73,82.97,82.54,82.92,831659,0
20250207,100000,82.92,82.92,82.27,82.8,3394216,0
20250207,110000,82.8,82.88,81.09,81.29,8046443,0
20250207,120000,81.27,81.61,80.74,81.27,5594704,0
20250207,130000,81.27,81.88,81.24,81.62,3433102,0
20250207,140000,81.62,81.68,80.92,81.34,1939668,0
20250207,150000,81.34,81.64,81.14,81.23,1076954,0
20250207,160000,81.23,81.59,81.12,81.45,1118047,0
20250207,170000,81.45,81.65,81.16,81.39,1302474,0
20250207,180000,81.4,81.73,81.27,81.66,1151918,0
20250207,190000,81.5,81.65,81.25,81.33,578819,0
20250207,200000,81.34,81.5,81.25,81.35,521076,0
20250207,210000,81.35,81.48,81.22,81.31,577692,0
20250207,220000,81.31,81.35,81.23,81.28,274653,0
20250207,230000,81.28,81.34,81,81.19,720589,0
20250210,070000,81.84,82.72,81.8,81.98,1508640,0
20250210,080000,81.95,82.14,81.65,82.05,1797865,0
20250210,090000,82.05,82.06,81.51,81.92,2238110,0
20250210,100000,81.92,82.14,81.64,81.77,4718263,0
20250210,110000,81.77,81.78,81.09,81.16,3700223,0
20250210,120000,81.17,81.54,81.16,81.43,1025291,0
20250210,130000,81.43,81.58,81.2,81.49,1340387,0
20250210,140000,81.5,82.12,81.33,82.11,2876987,0
20250210,150000,82.1,82.2,81.7,81.78,1729279,0
20250210,160000,81.79,82.03,81.59,81.87,3214982,0
20250210,170000,81.87,82,81.6,81.72,2435918,0
20250210,180000,81.75,81.89,81.36,81.5,2227966,0
20250210,190000,81.5,81.67,81.48,81.66,1672812,0
20250210,200000,81.66,81.7,81.56,81.67,542832,0
20250210,210000,81.67,81.74,81.6,81.74,748637,0
20250210,220000,81.74,81.84,79.91,80.23,5804533,0
20250210,230000,80.21,80.49,79.7,80,4524555,0
20250211,070000,80.21,80.66,80.17,80.55,1460229,0
20250211,080000,80.55,80.78,80.3,80.43,1033195,0
20250211,090000,80.43,80.57,80.09,80.5,1412688,0
20250211,100000,80.53,80.95,80.07,80.89,3051694,0
20250211,110000,80.85,80.95,80.41,80.58,2621644,0
20250211,120000,80.6,80.91,80.3,80.81,1734872,0
20250211,130000,80.81,81.36,80.8,81.11,3611795,0
20250211,140000,81.1,81.38,81.02,81.27,1771461,0
20250211,150000,81.27,81.65,81.15,81.49,2634156,0
20250211,160000,81.49,81.72,81.14,81.18,2055190,0
20250211,170000,81.19,81.58,81.18,81.43,953431,0
20250211,180000,81.44,81.45,81.18,81.39,531584,0
20250211,190000,81.4,81.56,81.25,81.56,941156,0
20250211,200000,81.57,81.63,81.33,81.48,604373,0
20250211,210000,81.47,81.71,81.3,81.68,1207839,0
20250211,220000,81.68,81.74,81.56,81.73,658334,0
20250211,230000,81.72,82.11,81.71,82.11,1330820,0
20250212,070000,82.12,82.64,82.11,82.6,1664539,0
20250212,080000,82.59,82.87,82.4,82.78,1515862,0
20250212,090000,82.78,83.53,82.59,83.44,4381949,0
20250212,100000,83.45,83.49,82.9,82.93,6856216,0
20250212,110000,82.92,83.06,82.56,83.02,3791597,0
20250212,120000,83.02,84.1,82.88,83.52,9260529,0
20250212,130000,83.52,83.98,83.4,83.44,3461731,0
20250212,140000,83.44,83.78,82.6,82.84,5169437,0
20250212,150000,82.84,82.94,81.63,81.8,6674499,0
20250212,160000,81.82,82.44,81.32,82.23,7614822,0
20250212,170000,82.19,82.34,81.06,81.29,4813062,0
20250212,180000,81.29,81.97,81.17,81.9,2712841,0
20250212,190000,81.5,83.29,81.1,83.22,7129989,0
20250212,200000,83.22,84.9,83.01,84.2,21919674,0
20250212,210000,84.24,86.34,84.23,84.75,23996780,0
20250212,220000,84.78,87.31,84.78,87.1,15407884,0
20250212,230000,87.09,88.21,86.67,88.14,12746466,0
20250213,070000,88.59,88.59,88.21,88.59,2128544,0
20250213,080000,88.59,88.59,88.59,88.59,1028252,0
20250213,090000,88.59,88.59,86.23,88.59,16460736,0
20250213,100000,88.59,88.59,85.06,85.99,22885468,0
20250213,110000,85.99,87.86,85.5,87.78,10649463,0
20250213,120000,87.77,88.4,86.52,87.32,10870466,0
20250213,130000,87.32,88.07,86.6,87.03,10010178,0
20250213,140000,87.03,87.25,86.12,86.37,4542732,0
20250213,150000,86.39,88.8,86.36,88.79,9110562,0
20250213,160000,88.79,88.8,87.37,87.69,14157622,0
20250213,170000,87.68,88.73,87.6,88.44,6693196,0
20250213,180000,88.44,88.5,87.17,88.1,5684139,0
20250213,190000,87.9,89.87,87.79,89.87,18898347,0
20250213,200000,89.87,89.87,89.12,89.54,7463913,0
20250214,070000,85.02,91.86,80.5,91.08,16527482,0
20250214,080000,91.07,92.5,91,92.16,10390803,0
20250214,090000,92.17,94.23,92.14,93.21,24354594,0
20250214,100000,93.21,93.92,92.1,93.49,22722223,0
20250214,110000,93.5,93.99,92.82,93.22,22917722,0
20250214,120000,93.24,93.28,92.2,93.05,12925173,0
20250214,130000,93.06,93.8,88.82,88.99,42124911,0
20250214,140000,88.91,91.22,88.44,89.45,29092620,0
20250214,150000,89.45,90.98,88.53,89.33,19322050,0
20250214,160000,89.33,89.38,86,86.9,31522208,0
20250214,170000,86.92,88.54,86.5,86.89,18776008,0
20250214,180000,86.85,88.35,86.56,87.51,6565638,0
20250214,190000,87.66,89.1,87.58,87.97,8479438,0
20250214,200000,88,88.49,87.27,87.38,3139802,0
20250214,210000,87.4,88.11,87.35,88.05,2007463,0
20250214,220000,88.06,88.17,87.59,87.68,2326194,0
20250214,230000,87.7,87.99,87.62,87.79,1877007,0
20250217,070000,90.44,92.5,90.04,91.41,15703566,0
20250217,080000,91.4,92,91.03,91.72,6606874,0
20250217,090000,91.71,92.9,91.6,92.42,13411256,0
20250217,100000,92.4,92.6,91.63,92.3,16751920,0
20250217,110000,92.3,92.7,91.24,92.33,17016276,0
20250217,120000,92.34,94.44,92.21,93.86,37788047,0
20250217,130000,93.83,94.85,93.72,93.89,29385254,0
20250217,140000,93.89,94.12,93.28,93.47,17247902,0
20250217,150000,93.47,94.35,93.11,93.98,15294771,0
20250217,160000,93.99,94.48,93.43,94.3,14140860,0
20250217,170000,94.28,94.7,93.81,94.32,20475171,0
20250217,180000,94.32,94.85,93.61,93.85,17376945,0
20250217,190000,94,94.4,93.68,93.75,8957424,0
20250217,200000,93.75,95.45,93.72,95.18,15268584,0
20250217,210000,95.18,97.33,95.15,96.12,44472569,0
20250217,220000,96.12,97.65,96.03,96.8,25347670,0
20250217,230000,96.81,98.77,96.8,98.76,26521162,0
20250218,070000,99.7,101.33,96.8,97.38,43361643,0
20250218,080000,97.38,98.5,96.52,97.82,15677721,0
20250218,090000,97.83,97.94,95.36,96.19,19981369,0
20250218,100000,96.19,96.86,95,95.79,43620814,0
20250218,110000,95.79,95.8,94.35,94.45,27720074,0
20250218,120000,94.45,96.65,94.26,95.76,29516167,0
20250218,130000,95.76,97.19,95.6,95.74,22371603,0
20250218,140000,95.74,97.33,95.6,97.16,20250704,0
20250218,150000,97.16,97.88,92.5,94.2,85748456,0
20250218,160000,94.19,95.5,93.62,94.36,27823278,0
20250218,170000,94.35,95.11,92.62,93.06,33895313,0
20250218,180000,93.05,93.35,92.22,92.82,17946273,0
20250218,190000,92.79,93.61,92.55,92.72,10243412,0
20250218,200000,92.72,92.81,91.5,91.69,14745969,0
20250218,210000,91.68,91.99,90.59,91.58,22385525,0
20250218,220000,91.58,92.28,91.16,91.92,13086289,0
20250218,230000,91.93,92.21,91.6,91.73,4905575,0
20250219,070000,92.9,93.46,92.1,93.06,14203277,0
20250219,080000,93.06,93.09,91.8,92.2,6776570,0
20250219,090000,92.19,93.18,91.35,93.02,11005918,0
20250219,100000,93.02,93.36,91.43,91.7,19959957,0
20250219,110000,91.73,92.2,90.73,91.18,15669111,0
20250219,120000,91.19,92.3,91.01,91.83,9052388,0
20250219,130000,91.82,92.74,91.51,92,10024244,0
20250219,140000,92,92.89,91.99,92.45,7775903,0
20250219,150000,92.45,92.9,92,92.33,8205306,0
20250219,160000,92.33,93.09,92.33,93.09,6570573,0
20250219,170000,93.08,93.56,92.51,93.36,13685389,0
20250219,180000,93.37,93.48,92.12,92.4,7145613,0
20250219,190000,93.26,94.1,92.4,93.77,25615394,0
20250219,200000,93.78,94.55,93.51,93.97,12366142,0
20250219,210000,93.97,94.97,93.97,94.34,13911285,0
20250219,220000,94.31,94.5,93.83,94.18,4956449,0
20250219,230000,94.19,94.5,94.04,94.5,2818932,0
20250220,070000,94.54,94.61,93.55,93.7,4848845,0
20250220,080000,93.69,93.79,93.37,93.6,3857915,0
20250220,090000,93.62,94.14,93.08,93.59,7850728,0
20250220,100000,93.59,94.28,93.17,93.59,9776383,0
20250220,110000,93.57,93.82,93,93.2,8174837,0
20250220,120000,93.2,93.8,92.7,93.71,8551441,0
20250220,130000,93.7,94.24,93.37,93.99,7490450,0
20250220,140000,94,94.25,93.61,94.04,4872496,0
20250220,150000,94.05,94.97,93.8,94.49,10427911,0
20250220,160000,94.48,95.05,94.06,94.68,10804652,0
20250220,170000,94.7,94.89,93.66,94.06,10280413,0
20250220,180000,94.05,94.07,93.05,93.47,7464174,0
20250220,190000,93.45,93.65,93.02,93.08,5753622,0
20250220,200000,93.09,93.16,92.52,92.91,8406236,0
20250220,210000,92.9,93.24,92.42,93.08,6120552,0
20250220,220000,93.07,93.46,92.89,93.12,2686765,0
20250220,230000,93.11,93.19,92.87,92.92,1503078,0
20250221,070000,92.68,93.22,92.38,92.53,3547306,0
20250221,080000,92.54,93.06,92.47,92.93,1700935,0
20250221,090000,92.93,93.38,92.87,93.34,3134789,0
20250221,100000,93.35,93.41,92.7,93.2,6828204,0
20250221,110000,93.21,93.58,92.7,93.17,7271138,0
20250221,120000,93.17,93.45,92.9,92.92,5770548,0
20250221,130000,92.92,93.1,91.53,91.7,16266458,0
20250221,140000,91.7,91.9,90.74,91.77,17946189,0
20250221,150000,91.77,91.9,91,91.69,5778647,0
20250221,160000,91.69,92.4,91.34,91.84,6903717,0
20250221,170000,91.84,92.61,91.7,92.23,5220045,0
20250221,180000,92.24,92.36,92,92.1,1906298,0
20250221,190000,92.19,92.49,91.5,91.9,3486888,0
20250221,200000,91.9,92.37,91.67,92.28,2394912,0
20250221,210000,92.28,92.57,92.22,92.37,2892674,0
20250221,220000,92.35,92.41,92,92.34,1791051,0
20250221,230000,92.33,92.47,92.13,92.36,2081944,0
20250224,070000,92.85,93.4,92.82,93.27,5308253,0
20250224,080000,93.27,93.41,92.93,92.99,2102973,0
20250224,090000,93,93.3,92.7,93.12,5124341,0
20250224,100000,93.15,93.57,92.58,92.96,12405309,0
20250224,110000,92.95,93.1,92.74,92.9,3545577,0
20250224,120000,92.9,93.31,92.6,93.14,6846774,0
20250224,130000,93.14,93.21,92.85,92.92,2601017,0
20250224,140000,92.93,93.33,92.91,93.29,3697590,0
20250224,150000,93.29,93.33,92.7,93,4586078,0
20250224,160000,93,94.27,92.7,93.94,21973854,0
20250224,170000,93.94,95.91,93.7,95.22,27760411,0
20250224,180000,95.22,95.54,94.81,95.4,13731956,0
20250224,190000,95.41,95.59,94.67,94.84,10208041,0
20250224,200000,94.84,95.53,94.76,95.35,8701423,0
20250224,210000,95.35,95.87,95.05,95.36,12007309,0
20250224,220000,95.35,95.53,95.1,95.48,3146059,0
20250224,230000,95.49,96.23,95.15,96.22,11188191,0
20250225,070000,96.46,96.48,95.51,96.04,9006565,0
20250225,080000,96.04,97.1,96.04,96.98,8604417,0
20250225,090000,96.97,97.44,96.74,97.08,13031556,0
20250225,100000,97.08,97.1,94.75,95.61,57889316,0
20250225,110000,95.61,95.63,94.35,94.55,22069840,0
20250225,120000,94.54,94.97,93.64,94.06,16336899,0
20250225,130000,94.07,94.3,93.41,93.88,12824621,0
20250225,140000,93.88,94.58,93.4,94.1,11170799,0
20250225,150000,94.1,94.25,93.84,94.09,7261771,0
20250225,160000,94.08,94.93,94.05,94.59,7358890,0
20250225,170000,94.6,94.85,94.35,94.7,4536240,0
20250225,180000,94.7,94.85,93.64,93.84,10994753,0
20250225,190000,93.85,94.3,93.53,93.63,5702880,0
20250225,200000,93.63,93.87,93.51,93.83,3427435,0
20250225,210000,93.83,94.03,93.51,93.73,3689045,0
20250225,220000,93.74,94.11,93.73,93.98,3124053,0
20250225,230000,93.99,94.03,93.62,93.68,1489263,0
20250226,070000,93.9,94.1,93.6,93.95,2337670,0
20250226,080000,93.97,94.32,93.91,94.06,2787045,0
20250226,090000,94.04,94.23,92.93,93.4,5782399,0
20250226,100000,93.37,93.4,92.02,92.9,23352812,0
20250226,110000,92.91,93.15,92.52,92.68,5843128,0
20250226,120000,92.68,93,92.29,92.41,6901128,0
20250226,130000,92.43,92.64,89.67,90.53,31371266,0
20250226,140000,90.53,91.68,90.31,91.19,13356691,0
20250226,150000,91.19,91.61,89.75,90.4,16696444,0
20250226,160000,90.42,91.41,90.27,91.3,10919366,0
20250226,170000,91.32,91.85,90.96,91.64,6662116,0
20250226,180000,91.63,91.64,91.1,91.4,2823323,0
20250226,190000,90.97,91.09,90.03,90.87,12167185,0
20250226,200000,90.87,91.29,90.2,90.38,5149757,0
20250226,210000,90.39,90.72,90.25,90.27,4723020,0
20250226,220000,90.27,90.61,90.11,90.26,3838525,0
20250226,230000,90.24,90.84,90.22,90.48,1652991,0
20250227,070000,90.47,90.78,89.05,89.43,7694487,0
20250227,080000,89.46,90,89.26,89.43,3579432,0
20250227,090000,89.43,90.65,89.43,90.2,6096541,0
20250227,100000,90.2,91.1,89.89,90.23,8215018,0
20250227,110000,90.25,90.44,89.55,90.17,9734303,0
20250227,120000,90.16,90.7,89.33,89.6,9068557,0
20250227,130000,89.6,90.63,89.33,90.57,8470489,0
20250227,140000,90.57,90.85,90.31,90.32,3204038,0
20250227,150000,90.32,91.63,90.16,90.87,11372315,0
20250227,160000,90.9,91.7,90.62,91.42,7311652,0
20250227,170000,91.39,91.82,91.16,91.69,4277530,0
20250227,180000,91.69,91.71,91.22,91.53,1841489,0
20250227,190000,91.52,91.53,90.02,90.7,7118798,0
20250227,200000,90.7,90.74,89.61,89.9,5044952,0
20250227,210000,89.89,90.54,89.68,90.1,3538001,0
20250227,220000,90.08,90.45,89.62,89.71,3000027,0
20250227,230000,89.71,89.72,89.06,89.3,4609378,0
20250228,070000,88.98,89.97,88.56,89.6,5755601,0
20250228,080000,89.58,89.9,89.4,89.56,2208880,0
20250228,090000,89.56,90.38,89.53,89.83,3827018,0
20250228,100000,89.85,90.32,88.71,89.11,13170727,0
20250228,110000,89.13,89.48,88.44,89.19,10865957,0
20250228,120000,89.19,89.65,88.7,88.81,6429298,0
20250228,130000,88.81,89.75,88.72,89.63,5509478,0
20250228,140000,89.63,90.48,89.46,90,9894918,0
20250228,150000,90,90.05,89.35,89.85,6304720,0
20250228,160000,89.88,90.34,89.68,89.98,4962136,0
20250228,170000,89.98,90.48,89.71,90.39,4419457,0
20250228,180000,90.39,90.8,90.26,90.47,5213929,0
20250228,190000,90.49,91.65,90.25,91.6,8655106,0
20250228,200000,91.58,92.4,91.15,91.95,13204939,0
20250228,210000,91.95,92.62,90.18,91.09,26682473,0
20250228,220000,91.1,92,90.1,91.74,7778814,0
20250228,230000,91.74,92.29,91.27,91.7,5976141,0
20250301,140000,92,92.19,91.65,92,597098,0
20250301,150000,91.99,92.07,91.7,91.84,171268,0
20250301,160000,91.83,91.85,91.7,91.74,216067,0
20250301,170000,91.74,91.85,91.02,91.5,814840,0
20250301,180000,91.5,91.76,91.2,91.73,292078,0
20250302,090000,91.24,91.24,91.24,91.24,11543,0
20250302,100000,91.24,91.49,90.72,90.86,1013913,0
20250302,110000,90.86,91.25,90.72,90.89,796338,0
20250302,120000,90.92,91.23,90.72,91.22,584244,0
20250302,130000,91.16,91.22,90.84,90.91,216503,0
20250302,140000,90.91,90.97,90.76,90.81,254845,0
20250302,150000,90.85,90.94,90.73,90.84,424603,0
20250302,160000,90.84,90.92,90.76,90.84,122962,0
20250302,170000,90.84,90.86,90.51,90.56,750325,0
20250302,180000,90.55,90.7,90.41,90.49,767950,0
20250303,070000,90.6,90.7,89.67,89.94,5673552,0
20250303,080000,89.92,89.95,89.31,89.54,4541323,0
20250303,090000,89.58,89.89,89.1,89.68,6992746,0
20250303,100000,89.68,89.76,88.53,88.85,16175400,0
20250303,110000,88.84,89.17,88.12,88.47,9180177,0
20250303,120000,88.47,88.74,88.14,88.64,5395723,0
20250303,130000,88.64,89.12,88.24,89,3628425,0
20250303,140000,89.01,89.38,88.79,89.19,4440151,0
20250303,150000,89.19,89.3,88.84,89.28,2738156,0
20250303,160000,89.27,89.7,88.98,89.62,4074994,0
20250303,170000,89.63,89.69,89.02,89.12,2922944,0
20250303,180000,89.12,89.27,88.75,88.75,2096821,0
20250303,190000,88.85,89.37,88.53,89.12,3805981,0
20250303,200000,89.12,89.49,88.9,89.2,2084225,0
20250303,210000,89.2,89.32,88.54,88.76,2092662,0
20250303,220000,88.74,91.75,88.72,91.41,20832453,0
20250303,230000,91.4,91.41,90.1,90.77,8043731,0
20250304,070000,91,91.56,90.86,91.54,3539276,0
20250304,080000,91.48,92.18,91.27,91.6,4562139,0
20250304,090000,91.59,91.85,91.4,91.47,3352442,0
20250304,100000,91.47,92.6,91.04,92.13,13569918,0
20250304,110000,92.14,93.1,91.85,92.78,12897812,0
20250304,120000,92.78,92.93,92.25,92.5,8724442,0
20250304,130000,92.47,92.58,92.02,92.22,4323147,0
20250304,140000,92.25,92.65,91.86,92.46,4124575,0
20250304,150000,92.45,92.53,91.86,92.24,3629840,0
20250304,160000,92.22,92.76,92.15,92.65,4028183,0
20250304,170000,92.66,92.66,92.05,92.54,3310773,0
20250304,180000,92.54,92.94,92.33,92.94,4632310,0
20250304,190000,93.15,94.5,93.11,93.66,28339825,0
20250304,200000,93.66,93.76,93.14,93.54,4053761,0
20250304,210000,93.54,93.6,93.14,93.45,2902771,0
20250304,220000,93.45,93.8,93.41,93.59,2722515,0
20250304,230000,93.62,93.63,93.03,93.18,2322807,0
20250305,070000,93.3,93.39,90.8,92.16,11991326,0
20250305,080000,92.17,92.44,91.89,92.2,4190604,0
20250305,090000,92.2,92.5,92,92.21,3244370,0
20250305,100000,92.21,92.43,91.76,92.16,6441114,0
20250305,110000,92.17,93.1,92.1,93.1,9193220,0
20250305,120000,93.09,93.49,92.76,92.94,8510600,0
20250305,130000,92.95,93,92.35,92.71,4121389,0
20250305,140000,92.7,92.86,92.25,92.51,3774794,0
20250305,150000,92.5,92.72,92.25,92.38,3916761,0
20250305,160000,92.38,92.87,92.38,92.76,3778978,0
20250305,170000,92.77,93.13,92.47,92.62,3712048,0
20250305,180000,92.63,93.13,92.63,92.72,3220360,0
20250305,190000,93.04,93.22,91.5,92.09,12557198,0
20250305,200000,92.08,92.25,91.9,91.95,2868778,0
20250305,210000,91.95,92.13,91.32,91.93,3994509,0
20250305,220000,91.91,92.13,90.6,91,9772982,0
20250305,230000,90.99,91.17,90.38,90.52,5110698,0
20250306,070000,90.53,91.22,90.5,90.98,4062000,0
20250306,080000,90.99,91.31,90.83,91.29,1597399,0
20250306,090000,91.26,91.55,90.86,91.39,3939652,0
20250306,100000,91.39,91.65,90.71,91.14,5614643,0
20250306,110000,91.12,91.24,90.55,90.92,4294137,0
20250306,120000,90.95,91.09,90.57,90.82,2346838,0
20250306,130000,90.81,90.81,90.05,90.25,6626576,0
20250306,140000,90.28,90.39,89.6,89.81,4685067,0
20250306,150000,89.81,90.81,89.4,90.65,4445797,0
20250306,160000,90.65,91.44,90.34,91.06,4877009,0
20250306,170000,91.07,91.55,90.62,90.93,4440134,0
20250306,180000,90.93,91.08,90.53,90.53,1827863,0
20250306,190000,90.68,90.92,90.31,90.8,1750787,0
20250306,200000,90.8,91.7,90.34,91.24,5610381,0
20250306,210000,91.25,91.4,90.94,91.04,1498809,0
20250306,220000,91.04,91.13,90.71,90.91,1082049,0
20250306,230000,90.91,91.15,90.72,91.15,893614,0
20250307,070000,91.18,91.39,91,91.18,1316192,0
20250307,080000,91.18,92.38,91.11,92.08,8133318,0
20250307,090000,92.06,92.78,91.91,92.21,7240175,0
20250307,100000,92.2,92.89,91.83,92.35,9578878,0
20250307,110000,92.35,92.95,92.25,92.55,7085154,0
20250307,120000,92.55,92.65,92,92.07,5321992,0
20250307,130000,92.06,92.69,92.06,92.4,2714941,0
20250307,140000,92.4,93.81,92.32,92.98,17656356,0
20250307,150000,92.98,93.15,92.49,92.53,6670050,0
20250307,160000,92.53,92.88,92.41,92.77,3363958,0
20250307,170000,92.77,92.86,88.5,89.81,47294553,0
20250307,180000,89.81,89.99,89.2,89.3,10900131,0
20250307,190000,89.76,90.75,89.51,90.27,10436196,0
20250307,200000,90.27,91.5,89.95,91.19,12719850,0
20250307,210000,91.19,91.24,90.61,90.94,3157162,0
20250307,220000,90.94,91.6,90.73,91.1,2936723,0
20250307,230000,91.1,91.37,90.65,91.07,2674376,0
20250310,070000,91.2,91.63,91.2,91.38,2412827,0
20250310,080000,91.37,91.76,91.31,91.47,1765250,0
20250310,090000,91.45,91.59,91.2,91.35,1826405,0
20250310,100000,91.35,91.44,90.66,90.98,5678437,0
20250310,110000,90.97,91.2,90.54,90.73,3478427,0
20250310,120000,90.71,91.03,90.15,90.88,4809909,0
20250310,130000,90.9,91.3,90.66,91.2,3578059,0
20250310,140000,91.2,92,91.17,91.62,7302431,0
20250310,150000,91.62,91.79,91.35,91.64,1996739,0
20250310,160000,91.63,91.98,91.38,91.49,2868459,0
20250310,170000,91.49,91.77,91,91.2,2791631,0
20250310,180000,91.2,91.38,91.01,91.01,2067934,0
20250310,190000,91.09,91.37,91.03,91.13,1078172,0
20250310,200000,91.13,91.31,90.81,91.02,2568555,0
20250310,210000,91.02,91.2,90.87,91.12,554453,0
20250310,220000,91.12,91.15,90.86,90.99,547183,0
20250310,230000,90.99,91.12,90.75,90.99,1807559,0
20250311,070000,91.2,91.24,90.87,91.03,891249,0
20250311,080000,91.03,91.03,90.71,90.73,685803,0
20250311,090000,90.76,91,90.48,90.6,1850379,0
20250311,100000,90.6,91.19,90.32,91.1,4847504,0
20250311,110000,91.12,91.44,91.07,91.13,3270947,0
20250311,120000,91.13,91.2,90.87,91.1,3496280,0
20250311,130000,91.1,91.36,90.95,91.18,4340963,0
20250311,140000,91.18,91.2,90.71,90.74,3473081,0
20250311,150000,90.76,91.15,90.67,91.09,3427123,0
20250311,160000,91.09,91.36,91.02,91.05,3274660,0
20250311,170000,91.05,91.66,91.05,91.27,3400059,0
20250311,180000,91.28,91.32,91.1,91.15,807400,0
20250311,190000,91.11,91.83,91.06,91.71,3091055,0
20250311,200000,91.71,91.86,91.24,91.3,3064369,0
20250311,210000,91.29,91.83,89.5,90.03,15460641,0
20250311,220000,90.04,90.72,89.8,90.63,6532385,0
20250311,230000,90.66,90.85,90.59,90.7,2286796,0
20250312,070000,90.65,91,90.24,90.45,1549716,0
20250312,080000,90.45,90.47,90.12,90.18,1836343,0
20250312,090000,90.19,90.54,90.19,90.35,978430,0
20250312,100000,90.35,90.64,90,90.06,4280630,0
20250312,110000,90.07,90.37,89.8,90,3880768,0
20250312,120000,90,90.58,89.75,90.36,3944500,0
20250312,130000,90.36,90.52,90.13,90.36,1449599,0
20250312,140000,90.38,90.76,90.12,90.6,2650764,0
20250312,150000,90.6,90.93,90.52,90.78,3482126,0
20250312,160000,90.78,91.18,90.31,90.4,3903196,0
20250312,170000,90.43,90.66,90.2,90.6,1649874,0
20250312,180000,90.6,90.69,90.33,90.6,1125854,0
20250312,190000,90.81,90.89,90.3,90.49,1884574,0
20250312,200000,90.48,90.64,90.21,90.53,1342154,0
20250312,210000,90.52,90.72,90.36,90.43,1280357,0
20250312,220000,90.43,90.47,90.27,90.3,1268779,0
20250312,230000,90.3,90.35,90.16,90.31,798724,0
20250313,070000,90.1,90.48,89.65,89.75,2674947,0
20250313,080000,89.75,90.03,89.6,89.89,1820632,0
20250313,090000,89.89,89.9,89.07,89.26,4576427,0
20250313,100000,89.25,89.25,88.36,88.93,10982769,0
20250313,110000,88.93,89.1,88.3,88.6,5950760,0
20250313,120000,88.6,89.37,88.4,89.32,7623650,0
20250313,130000,89.32,89.66,88.65,88.83,5772372,0
20250313,140000,88.85,89.01,88.22,88.34,6747356,0
20250313,150000,88.33,88.88,87.6,88.06,10099769,0
20250313,160000,88.03,88.5,87.77,88.17,4948898,0
20250313,170000,88.17,88.45,87.94,88.14,2022285,0
20250313,180000,88.14,88.56,88,88.56,2676622,0
20250313,190000,90.31,91.67,90.31,90.9,32585881,0
20250313,200000,90.9,91.16,90.06,90.49,6317597,0
20250313,210000,90.49,90.91,90.45,90.86,2126221,0
20250313,220000,90.85,91.05,90.41,90.5,2440778,0
20250313,230000,90.5,90.68,89.62,89.86,5019198,0
20250314,070000,89.49,89.82,89.18,89.63,3844921,0
20250314,080000,89.63,89.88,89.42,89.66,1849438,0
20250314,090000,89.66,89.94,89.52,89.82,1524592,0
20250314,100000,89.82,90.19,89.4,89.51,5705149,0
20250314,110000,89.5,89.94,89.22,89.25,3597233,0
20250314,120000,89.26,89.88,89.25,89.64,2643458,0
20250314,130000,89.68,90.08,89.53,89.93,1970024,0
20250314,140000,89.94,90.1,89.77,89.86,1396927,0
20250314,150000,89.86,90.28,89.78,90.11,2001124,0
20250314,160000,90.11,91.5,90.08,91.34,11321175,0
20250314,170000,91.35,91.48,90.2,90.85,5486530,0
20250314,180000,90.85,91.36,90.82,91.35,2846619,0
20250314,190000,91.35,91.4,90.9,91.22,3540040,0
20250314,200000,91.2,91.28,90.88,91.11,1429450,0
20250314,210000,91.12,91.12,90.56,90.84,1394190,0
20250314,220000,90.84,90.93,90.59,90.82,1197051,0
20250314,230000,90.82,91,90.7,90.99,1246552,0
20250315,090000,91.13,91.13,91.13,91.13,43709,0
20250315,100000,91.1,91.22,91,91.14,444715,0
20250315,110000,91.14,91.16,90.95,91.02,372992,0
20250315,120000,91.05,91.1,90.98,91.04,116698,0
20250315,130000,91.04,91.1,90.97,91.07,66978,0
20250315,140000,91.1,91.1,91.04,91.07,51974,0
20250315,150000,91.06,91.08,91,91.03,73274,0
20250315,160000,91.03,91.05,91,91.03,87498,0
20250315,170000,91.02,91.1,90.98,91.04,189086,0
20250315,180000,91.02,91.09,90.99,91.02,65341,0
20250316,090000,91.03,91.03,91.03,91.03,664,0
20250316,100000,91.09,91.19,91,91.11,224495,0
20250316,110000,91.11,91.31,91.07,91.18,312965,0
20250316,120000,91.16,91.29,91.06,91.22,117747,0
20250316,130000,91.22,91.3,91.16,91.24,124478,0
20250316,140000,91.22,91.29,91.19,91.28,110784,0
20250316,150000,91.28,91.29,91.18,91.24,55125,0
20250316,160000,91.26,92.36,91.22,92.15,3118306,0
20250316,170000,92.15,92.35,92.01,92.31,2627475,0
20250316,180000,92.31,92.36,92.08,92.29,1355566,0
20250317,070000,92.51,93.14,92.2,93.12,5626324,0
20250317,080000,93.12,93.16,92.77,92.94,3307374,0
20250317,090000,92.93,92.94,92.31,92.79,5659199,0
20250317,100000,92.78,93.29,92.25,93.07,6627435,0
20250317,110000,93.06,93.75,93.01,93.51,11172187,0
20250317,120000,93.51,93.53,92.85,93.05,3650285,0
20250317,130000,93.05,93.24,92.65,93.02,3937162,0
20250317,140000,93.03,93.33,91.2,91.82,18435069,0
20250317,150000,91.84,92.69,91.8,92.55,7292978,0
20250317,160000,92.55,93,92.47,92.83,4210738,0
20250317,170000,92.83,92.89,92.42,92.69,2604812,0
20250317,180000,92.68,92.9,92.49,92.67,1909890,0
20250317,190000,92.62,92.83,92.29,92.34,2958100,0
20250317,200000,92.35,92.75,92,92.35,3363879,0
20250317,210000,92.36,92.65,92.2,92.64,1282434,0
20250317,220000,92.62,92.8,92.57,92.6,1788295,0
20250317,230000,92.61,92.77,92.47,92.6,975360,0
20250318,070000,92.96,93.18,92.73,92.75,1973561,0
20250318,080000,92.74,93.14,92.65,92.94,2125592,0
20250318,090000,92.93,93.12,92.89,92.94,2102681,0
20250318,100000,92.94,92.95,92.36,92.49,5096084,0
20250318,110000,92.5,92.6,92.11,92.31,4750857,0
20250318,120000,92.31,92.6,92.3,92.46,4618589,0
20250318,130000,92.46,92.69,92.44,92.68,1607173,0
20250318,140000,92.68,92.89,92.58,92.77,2838323,0
20250318,150000,92.77,92.79,91.63,92.36,10384455,0
20250318,160000,92.35,92.7,92,92.4,5955107,0
20250318,170000,92.38,92.79,92.3,92.76,4389975,0
20250318,180000,92.77,93.05,91.8,92.16,17306297,0
20250318,190000,92.26,93,91.8,92.37,16080997,0
20250318,200000,92.37,92.74,90.07,90.33,27449988,0
20250318,210000,90.33,91.32,90.27,91.01,6391974,0
20250318,220000,91.01,91.03,90.5,90.62,2819011,0
20250318,230000,90.6,90.65,90.05,90.13,3521757,0
20250319,070000,90.38,90.69,90.22,90.41,1282379,0
20250319,080000,90.4,90.59,90.35,90.57,748923,0
20250319,090000,90.55,90.57,90.16,90.35,1721491,0
20250319,100000,90.36,90.36,89.63,89.75,10684074,0
20250319,110000,89.75,90,89.3,89.82,6158951,0
20250319,120000,89.81,89.96,89.63,89.95,2457148,0
20250319,130000,89.95,90.1,89.47,89.69,3075903,0
20250319,140000,89.7,90.31,89.6,90.08,4529078,0
20250319,150000,90.09,91.25,89.97,91.14,6711590,0
20250319,160000,91.14,91.19,90.6,90.85,5171555,0
20250319,170000,90.85,90.98,90.42,90.6,3523680,0
20250319,180000,90.62,90.8,90.51,90.8,957156,0
20250319,190000,90.96,91.1,90.67,90.91,5264987,0
20250319,200000,90.91,91.11,90.74,90.8,2075284,0
20250319,210000,90.82,90.94,90.71,90.76,1158567,0
20250319,220000,90.76,91.08,90.67,90.94,1461837,0
20250319,230000,90.94,90.96,90.5,90.65,1208872,0
20250320,070000,90.67,91.04,90.66,90.83,1533241,0
20250320,080000,90.83,90.9,90.63,90.8,806658,0
20250320,090000,90.8,91.29,90.75,91.16,2802268,0
20250320,100000,91.15,91.31,90.74,91,4811216,0
20250320,110000,91,91.35,90.57,91.08,5247477,0
20250320,120000,91.09,91.32,91.06,91.2,2205468,0
20250320,130000,91.2,91.25,90.75,91.07,2821415,0
20250320,140000,91.07,91.2,90.77,90.86,1895706,0
20250320,150000,90.85,91.08,90.3,90.77,7561435,0
20250320,160000,90.77,91.3,90.64,91.05,3134008,0
20250320,170000,91.05,91.15,90.86,91.02,1728347,0
20250320,180000,91.02,91.02,90.76,90.91,1097374,0
20250320,190000,90.78,90.91,90.69,90.82,688627,0
20250320,200000,90.83,90.86,90.65,90.66,712096,0
20250320,210000,90.68,90.79,90.6,90.78,435114,0
20250320,220000,90.78,90.8,90.65,90.71,384578,0
20250320,230000,90.73,90.8,90.69,90.72,457284,0
20250321,070000,90.63,90.91,90.61,90.72,663068,0
20250321,080000,90.71,90.83,90.66,90.77,356816,0
20250321,090000,90.77,91.2,90.73,90.99,1219730,0
20250321,100000,90.99,91.24,90.93,91.23,3050011,0
20250321,110000,91.23,91.33,91.05,91.11,2643115,0
20250321,120000,91.11,91.3,91,91.2,2943361,0
20250321,130000,91.2,91.32,89.64,90.44,11095220,0
20250321,140000,90.45,90.82,90.38,90.49,2460277,0
20250321,150000,90.48,90.74,89.97,90.23,4589086,0
20250321,160000,90.24,90.28,89.8,89.81,3675240,0
20250321,170000,89.81,90.08,89.7,89.79,1940413,0
20250321,180000,89.78,89.85,89.58,89.66,2522078,0
20250321,190000,89.74,90.09,89.67,89.96,2210510,0
20250321,200000,89.95,90.16,89.89,90.1,827341,0
20250321,210000,90.09,90.15,89.79,89.85,1075310,0
20250321,220000,89.83,89.98,89.78,89.91,539057,0
20250321,230000,89.91,90,89.79,89.82,1285704,0
20250324,070000,89.82,89.82,89.01,89.45,2701703,0
20250324,080000,89.44,89.54,89.23,89.37,665888,0
20250324,090000,89.37,89.66,89.34,89.58,1009703,0
20250324,100000,89.58,89.87,89.02,89.23,3460226,0
20250324,110000,89.23,89.42,88.83,89.17,2844731,0
20250324,120000,89.17,89.37,89.03,89.31,1249916,0
20250324,130000,89.31,89.33,88.85,89.08,1582502,0
20250324,140000,89.09,89.39,89.01,89.21,1032671,0
20250324,150000,89.23,89.55,89.2,89.22,1369580,0
20250324,160000,89.2,89.28,89,89,1235260,0
20250324,170000,89,89.29,88.91,89.29,1349174,0
20250324,180000,89.29,89.4,88.95,89.29,1057843,0
20250324,190000,89.29,89.35,89.11,89.19,592809,0
20250324,200000,89.19,89.43,89.07,89.38,603966,0
20250324,210000,89.37,89.47,88.5,89.04,7420931,0
20250324,220000,89.04,89.16,88.91,89.05,730808,0
20250324,230000,89.04,89.25,88.76,89.05,1144503,0
20250325,070000,88.83,89.42,88.83,89.35,629688,0
20250325,080000,89.37,89.71,89.37,89.67,720277,0
20250325,090000,89.66,89.85,89.5,89.74,1250383,0
20250325,100000,89.76,89.8,89.44,89.61,1599145,0
20250325,110000,89.63,90.19,89.61,89.8,3233394,0
20250325,120000,89.8,89.86,88.66,88.7,6163783,0
20250325,130000,88.7,89.09,88.68,89.02,1667110,0
20250325,140000,89.05,89.05,88.8,88.85,783233,0
20250325,150000,88.85,88.96,88.61,88.67,1715513,0
20250325,160000,88.68,88.68,88.18,88.55,3803065,0
20250325,170000,88.56,89.3,87.74,89.2,9249179,0
20250325,180000,89.19,89.8,88.8,89.53,5234478,0
20250325,190000,89.7,91.22,89.6,90.89,20013437,0
20250325,200000,90.89,91.11,90.42,91.05,5289849,0
20250325,210000,91.07,91.45,90.9,91.2,6772149,0
20250325,220000,91.19,91.28,90.86,90.91,1751143,0
20250325,230000,90.91,91,90.62,90.99,1728682,0
20250326,070000,91.23,91.46,91,91.34,2811409,0
20250326,080000,91.33,91.37,90.85,90.97,1659906,0
20250326,090000,90.95,91.3,90.77,91.25,1706958,0
20250326,100000,91.23,91.33,90.68,91.06,3889618,0
20250326,110000,91.05,91.22,90.84,90.98,2538971,0
20250326,120000,90.97,91.37,90.82,91.34,3657813,0
20250326,130000,91.34,91.36,90.7,90.97,2728482,0
20250326,140000,90.98,91.05,90.16,90.42,5061247,0
20250326,150000,90.42,90.68,90.22,90.33,3252318,0
20250326,160000,90.33,90.6,90.12,90.29,3655359,0
20250326,170000,90.3,90.45,89.77,89.88,3675380,0
20250326,180000,89.88,89.88,89.4,89.46,2945993,0
20250326,190000,89.39,89.5,88.87,89.14,4745274,0
20250326,200000,89.13,89.5,89.1,89.27,1587869,0
20250326,210000,89.27,89.48,89.25,89.3,600540,0
20250326,220000,89.32,89.83,89.17,89.52,5629493,0
20250326,230000,89.52,89.72,89.11,89.11,1751419,0
20250327,070000,89.11,89.4,88.55,88.86,2219826,0
20250327,080000,88.86,89.15,88.79,88.88,766487,0
20250327,090000,88.88,89.08,88.63,88.87,1081273,0
20250327,100000,88.88,89.9,88.88,89.43,12312136,0
20250327,110000,89.44,89.59,88.75,88.88,4543860,0
20250327,120000,88.87,89.55,88.71,89.27,4142465,0
20250327,130000,89.3,89.55,89.13,89.42,1547805,0
20250327,140000,89.42,89.83,89.29,89.48,3443105,0
20250327,150000,89.48,89.55,88.21,88.59,7560585,0
20250327,160000,88.59,88.89,88.25,88.65,3884065,0
20250327,170000,88.64,89.03,88.27,88.57,2633340,0
20250327,180000,88.6,88.74,88.01,88.15,3213426,0
20250327,190000,88.16,88.49,88.02,88.48,1806265,0
20250327,200000,88.48,88.71,88.43,88.53,1709215,0
20250327,210000,88.52,88.53,87.63,87.68,4169976,0
20250327,220000,87.69,87.85,87.55,87.79,1719179,0
20250327,230000,87.78,87.79,87,87.07,4028260,0
20250328,070000,86.99,87.76,86.6,87.1,4032240,0
20250328,080000,87.07,87.15,85.6,85.87,6436971,0
20250328,090000,85.88,86.73,85.87,86.23,3703441,0
20250328,100000,86.21,87.37,86.13,87.11,5287700,0
20250328,110000,87.11,87.33,86.33,86.46,3316475,0
20250328,120000,86.45,86.56,84.5,84.75,13740251,0
20250328,130000,84.74,85.25,84.02,84.85,11830117,0
20250328,140000,84.84,84.94,82.86,82.93,12843764,0
20250328,150000,82.92,83.67,82.2,83.17,18495539,0
20250328,160000,83.17,84.12,82.63,83.44,6790546,0
20250328,170000,83.44,84.32,83.36,83.74,3314702,0
20250328,180000,83.73,84.4,83.51,84.11,3057901,0
20250328,190000,84.11,84.31,83.1,83.43,3813351,0
20250328,200000,83.42,83.47,82.8,82.99,4190714,0
20250328,210000,82.99,83.16,82.56,82.94,3733378,0
20250328,220000,82.93,83.32,82.7,83.04,1880157,0
20250328,230000,83.02,83.02,82.27,82.35,3944424,0
20250329,090000,82.56,82.56,82.56,82.56,4100,0
20250329,100000,82.57,82.6,81.59,81.59,2029988,0
20250329,110000,81.59,81.76,81.59,81.62,1589046,0
20250329,120000,81.61,81.62,81.59,81.59,675712,0
20250329,130000,81.59,81.59,81.59,81.59,472482,0
20250329,140000,81.59,81.59,81.59,81.59,224479,0
20250329,150000,81.59,81.59,81.59,81.59,134025,0
20250329,160000,81.59,81.59,81.59,81.59,75577,0
20250329,170000,81.59,81.59,81.59,81.59,68094,0
20250329,180000,81.59,81.59,81.59,81.59,107101,0
20250330,090000,81.59,81.59,81.59,81.59,16482,0
20250330,100000,81.59,81.59,81.59,81.59,64261,0
20250330,110000,81.59,81.59,81.59,81.59,40651,0
20250330,120000,81.59,81.59,81.59,81.59,22069,0
20250330,130000,81.59,81.59,81.59,81.59,50788,0
20250330,140000,81.59,81.59,81.59,81.59,98181,0
20250330,150000,81.59,81.59,81.59,81.59,89377,0
20250330,160000,81.59,81.59,81.59,81.59,67023,0
20250330,170000,81.59,81.59,81.59,81.59,33731,0
20250330,180000,81.59,81.59,81.59,81.59,15741,0
20250331,070000,80,80.94,79.38,80.69,12597551,0
20250331,080000,80.68,81.99,80.3,81.79,8270648,0
20250331,090000,81.79,82.49,81.7,81.93,6263548,0
20250331,100000,81.96,83.54,81.45,81.6,12772272,0
20250331,110000,81.58,82.14,81.11,81.75,4978369,0
20250331,120000,81.74,82.35,81.64,82.16,3311655,0
20250331,130000,82.17,82.58,81.92,82.19,2920927,0
20250331,140000,82.19,82.58,82.1,82.38,2226768,0
20250331,150000,82.38,82.41,81.73,82.25,3316640,0
20250331,160000,82.26,82.72,82.05,82.42,2547350,0
20250331,170000,82.41,82.5,81.82,82.48,3231076,0
20250331,180000,82.48,82.7,82.06,82.39,3064189,0
20250331,190000,82.49,82.49,81.99,82.29,1266493,0
20250331,200000,82.29,82.41,81.76,82.01,1534412,0
20250331,210000,82.02,82.08,81.82,82.07,710601,0
20250331,220000,82.07,82.13,81.78,82,810481,0
20250331,230000,82.01,82.03,81.86,81.96,516694,0
20250401,070000,82.06,82.91,82.04,82.85,2355047,0
20250401,080000,82.85,83.14,82.76,82.9,1906235,0
20250401,090000,82.89,82.96,82.53,82.93,1446793,0
20250401,100000,82.92,82.94,82.5,82.58,3256560,0
20250401,110000,82.58,82.8,82.31,82.75,1537855,0
20250401,120000,82.76,83.46,82.55,83.17,3656901,0
20250401,130000,83.16,83.31,82.4,82.62,2652022,0
20250401,140000,82.63,82.69,80.7,81.16,8175615,0
20250401,150000,81.15,81.66,80.72,81.16,3841681,0
20250401,160000,81.16,81.25,80.15,81.19,5077545,0
20250401,170000,81.19,82.68,81.02,82.24,6513147,0
20250401,180000,82.24,82.48,81.55,81.61,2091083,0
20250401,190000,81.56,81.81,80.7,80.99,3131984,0
20250401,200000,81.01,81.44,80.63,80.83,1801048,0
20250401,210000,80.85,80.91,79.01,79.66,8324350,0
20250401,220000,79.65,79.66,78.55,78.77,7130326,0
20250401,230000,78.77,79.1,78.55,78.78,4289914,0
20250402,070000,78.77,79.46,78.31,79.41,5555990,0
20250402,080000,79.41,79.8,79.05,79.36,2082212,0
20250402,090000,79.33,79.39,78.84,79.15,2205104,0
20250402,100000,79.12,79.8,78.85,79.39,6697724,0
20250402,110000,79.38,79.55,79,79.29,2952320,0
20250402,120000,79.3,80.25,79.2,79.97,5258237,0
20250402,130000,79.97,80.18,79.64,80.02,1706085,0
20250402,140000,80.02,80.37,79.1,80.11,5401869,0
20250402,150000,80.11,80.27,79.73,80.08,1694937,0
20250402,160000,80.08,80.62,78.71,78.85,5495274,0
20250402,170000,78.86,79.82,78.86,79.35,5409176,0
20250402,180000,79.36,79.56,79.01,79.1,1757618,0
20250402,190000,78.98,79.49,78.52,79.14,5313758,0
20250402,200000,79.13,79.65,79.08,79.49,1170792,0
20250402,210000,79.49,80.06,79.41,79.81,2327894,0
20250402,220000,79.83,80.31,79.79,80.09,1770190,0
20250402,230000,80.09,80.35,79.68,79.88,2131563,0
20250403,070000,80.09,80.89,80,80.53,3378696,0
20250403,080000,80.53,80.54,80.12,80.44,1335022,0
20250403,090000,80.42,80.42,79.86,80.03,2197397,0
20250403,100000,80,80.1,79.53,79.85,3119408,0
20250403,110000,79.84,80.28,79.82,80.21,2293262,0
20250403,120000,80.21,80.25,79.72,80.14,1982231,0
20250403,130000,80.14,80.33,79.89,80.18,2102276,0
20250403,140000,80.18,80.2,79.26,79.57,3561570,0
20250403,150000,79.56,79.56,78.97,78.98,2900687,0
20250403,160000,78.98,79.19,76.51,76.84,18009328,0
20250403,170000,76.85,77.44,76.51,76.68,9770700,0
20250403,180000,76.68,76.8,75.87,76.24,10206305,0
20250403,190000,76.34,76.84,75.7,76.82,5612343,0
20250403,200000,76.81,76.84,76.24,76.67,2873779,0
20250403,210000,76.66,76.97,76.37,76.96,1917169,0
20250403,220000,76.96,76.98,76.62,76.81,1532653,0
20250403,230000,76.8,77.86,76.5,77.86,3228840,0
20250404,070000,78.53,78.66,77.75,77.98,7732009,0
20250404,080000,77.95,78.23,77.73,77.93,2086183,0
20250404,090000,77.93,78.08,77.32,77.91,2975782,0
20250404,100000,77.9,78.02,77.34,77.68,3687369,0
20250404,110000,77.68,77.74,76.7,76.8,4699559,0
20250404,120000,76.8,77.05,76.11,76.43,5088990,0
20250404,130000,76.43,76.8,73.96,74.03,19041612,0
20250404,140000,74.04,74.87,73.55,74.64,18039737,0
20250404,150000,74.64,75.2,74.1,74.62,7688728,0
20250404,160000,74.64,75.2,73.83,74.23,5670871,0
20250404,170000,74.23,74.76,73.51,73.75,6314058,0
20250404,180000,73.74,74.7,73.53,74.25,5703039,0
20250404,190000,74.32,74.56,73.58,73.61,4115932,0
20250404,200000,73.63,73.86,72.8,73.23,8350457,0
20250404,210000,73.19,73.54,72.86,73.33,3685005,0
20250404,220000,73.33,73.54,73.13,73.36,1880149,0
20250404,230000,73.36,73.37,72.08,72.25,5472261,0
20250405,090000,72.02,72.02,72.02,72.02,75898,0
20250405,100000,72.02,72.02,72.02,72.02,637095,0
20250405,110000,72.02,72.02,72.02,72.02,226132,0
20250405,120000,72.02,72.02,72.02,72.02,503352,0
20250405,130000,72.02,72.49,72.02,72.21,2921510,0
20250405,140000,72.24,72.89,72.15,72.79,1678911,0
20250405,150000,72.89,72.9,72.11,72.21,1029676,0
20250405,160000,72.24,72.56,72.16,72.36,457284,0
20250405,170000,72.36,72.54,72.14,72.51,496701,0
20250405,180000,72.54,72.68,72.31,72.32,473114,0
20250406,090000,72.6,72.6,72.6,72.6,1965,0
20250406,100000,72.61,72.97,72.19,72.92,1355965,0
20250406,110000,72.94,73.37,72.86,73.15,1430292,0
20250406,120000,73.14,73.28,73.03,73.09,757274,0
20250406,130000,73.09,73.2,72.71,73.03,903095,0
20250406,140000,73.03,73.18,72.82,73.1,543767,0
20250406,150000,73.13,73.34,72.9,73.3,829570,0
20250406,160000,73.3,73.85,73.19,73.63,1679280,0
20250406,170000,73.64,73.64,73.27,73.39,1025402,0
20250406,180000,73.35,73.77,73.33,73.73,1320468,0
20250407,070000,72.1,72.61,68.9,70.29,14311699,0
20250407,080000,70.27,70.46,68.73,69.68,8814555,0
20250407,090000,69.68,69.78,67.76,68.49,19455652,0
20250407,100000,68.49,69.58,67.88,69.54,23998180,0
20250407,110000,69.54,70.26,69.1,69.2,11023990,0
20250407,120000,69.2,69.57,68.16,68.25,8856374,0
20250407,130000,68.25,69.76,68.17,69.54,6997182,0
20250407,140000,69.53,70.1,69.2,69.47,6060222,0
20250407,150000,69.47,69.94,69.1,69.9,4232891,0
20250407,160000,69.89,71.3,68.79,71.13,14007941,0
20250407,170000,71.12,72.7,70.15,71.12,18033999,0
20250407,180000,71.12,71.7,70.01,70.58,6937804,0
20250407,190000,70.58,70.61,69.75,70.5,3124113,0
20250407,200000,70.5,71.18,70.36,71.1,2786468,0
20250407,210000,71.11,71.32,70.7,70.88,2540663,0
20250407,220000,70.9,71.07,70.3,70.91,3004865,0
20250407,230000,70.93,71.1,70.83,70.89,1532053,0
20250408,070000,71.61,72.14,71.31,72.05,4477920,0
20250408,080000,72.05,72.49,71.63,71.97,3580739,0
20250408,090000,71.97,72.44,71.57,72.18,4381572,0
20250408,100000,72.19,72.26,71.12,71.5,6947978,0
20250408,110000,71.5,72.11,71.33,71.39,4834142,0
20250408,120000,71.39,71.41,70.63,71.06,6300671,0
20250408,130000,71.06,71.6,70.64,71.43,3430084,0
20250408,140000,71.42,72.05,71.21,71.92,4456383,0
20250408,150000,71.93,72.18,71.49,72.17,4055181,0
20250408,160000,72.17,72.64,71.81,72.06,6683792,0
20250408,170000,72.06,72.24,71.03,71.09,7157189,0
20250408,180000,71.1,71.25,70.33,70.6,5705049,0
20250408,190000,70.66,70.95,68.68,68.69,9748989,0
20250408,200000,68.69,70.04,68.6,69.98,10420564,0
20250408,210000,69.98,70.04,68.84,69.13,4677481,0
20250408,220000,69.15,69.15,67.85,68.49,9984173,0
20250408,230000,68.49,68.5,67.51,67.76,6933012,0
20250409,070000,67.34,68.34,66.6,68.08,6943731,0
20250409,080000,68.08,68.26,67.5,67.93,2783682,0
20250409,090000,67.9,68.79,67.83,68.69,5014986,0
20250409,100000,68.69,69.05,67.84,68.6,12758921,0
20250409,110000,68.61,69.05,68.23,68.39,5896268,0
20250409,120000,68.39,68.46,67.67,67.7,6068873,0
20250409,130000,67.71,67.82,66.91,67.62,8360382,0
20250409,140000,67.67,67.67,66.1,66.72,13285259,0
20250409,150000,66.73,68.13,66.57,67.92,9036474,0
20250409,160000,67.91,68.8,67.61,68.58,9341558,0
20250409,170000,68.56,68.99,67.9,67.97,10278813,0
20250409,180000,67.96,68.83,67.9,68.66,3938149,0
20250409,190000,68.8,69.9,68.58,69.71,9049510,0
20250409,200000,69.71,72.44,69.21,72.33,24618167,0
20250409,210000,72.31,73.1,70.8,70.85,23713040,0
20250409,220000,70.85,72,70.8,71.79,8406395,0
20250409,230000,71.8,73.49,71.7,73.28,7443826,0
20250410,070000,73.67,74,72.61,73.56,9371239,0
20250410,080000,73.56,73.64,72.93,73.39,3200764,0
20250410,090000,73.4,74.41,73.09,74.25,7763551,0
20250410,100000,74.25,74.41,72.19,72.7,16093978,0
20250410,110000,72.71,73.02,72.02,72.03,3992989,0
20250410,120000,72.03,73.3,71.74,73.17,5187067,0
20250410,130000,73.17,73.49,72.7,72.88,3667943,0
20250410,140000,72.88,73.48,72.13,72.7,4834934,0
20250410,150000,72.73,74.19,72.7,73.45,11598938,0
20250410,160000,73.44,73.84,72.22,72.35,7994475,0
20250410,170000,72.35,73.09,71.94,72.32,5523005,0
20250410,180000,72.31,72.9,72.07,72.2,3472395,0
20250410,190000,72.2,72.27,70.7,72.05,13174967,0
20250410,200000,72.05,73.24,71.95,72.96,8632691,0
20250410,210000,72.98,73.32,72.42,73.32,3796998,0
20250410,220000,73.31,73.65,73,73.43,4463298,0
20250410,230000,73.42,73.43,73,73.16,2362486,0
20250411,070000,73.25,73.54,72.96,73.11,1688571,0
20250411,080000,73.17,73.54,73.03,73.36,846447,0
20250411,090000,73.36,74.98,73.36,74.56,9750019,0
20250411,100000,74.53,75.13,74.25,74.8,7713387,0
20250411,110000,74.79,74.84,74.27,74.3,6680227,0
20250411,120000,74.31,75.25,74.3,75.11,4030079,0
20250411,130000,75.11,75.24,74.9,75.04,3768019,0
20250411,140000,75.02,75.2,74.58,74.84,3719375,0
20250411,150000,74.84,75,73.9,74.86,5682192,0
20250411,160000,74.86,74.9,73.86,74.29,6313376,0
20250411,170000,74.28,74.63,74.18,74.5,2184301,0
20250411,180000,74.5,76.22,74.5,76,7751946,0
20250411,190000,76,76.84,75.85,76.22,9546044,0
20250411,200000,76.22,76.69,76.15,76.61,4948059,0
20250411,210000,76.61,76.69,75.9,76.28,5771566,0
20250411,220000,76.28,76.57,76.01,76.51,3150504,0
20250411,230000,76.52,76.8,76.26,76.76,2728919,0
20250412,090000,77,77,77,77,96722,0
20250412,100000,77.01,77.7,76.91,77.6,2930211,0
20250412,110000,77.58,77.63,77.43,77.62,1820674,0
20250412,120000,77.63,78.05,77.62,77.99,2980596,0
20250412,130000,77.99,78.15,77.91,77.98,1192631,0
20250412,140000,77.98,77.98,77.75,77.94,973535,0
20250412,150000,77.94,77.94,77.75,77.8,571578,0
20250412,160000,77.8,77.89,77.56,77.87,736770,0
20250412,170000,77.87,77.94,77.74,77.93,505451,0
20250412,180000,77.91,78.28,77.9,78.17,2061412,0
20250413,090000,78.1,78.1,78.1,78.1,14064,0
20250413,100000,78.08,78.16,77.72,77.91,1577906,0
20250413,110000,77.91,78,77.7,77.85,832297,0
20250413,120000,77.85,77.94,77.77,77.79,462691,0
20250413,130000,77.78,77.84,77.71,77.81,353137,0
20250413,140000,77.82,78.13,77.79,78.03,1277845,0
20250413,150000,78.03,78.13,77.93,78.08,484864,0
20250413,160000,78.08,78.23,78,78.18,846087,0
20250413,170000,78.18,78.24,78,78.05,761777,0
20250413,180000,78.05,78.2,78.03,78.19,756211,0
20250414,070000,78.21,78.29,77.18,77.66,3941468,0
20250414,080000,77.66,77.81,77.02,77.47,2264448,0
20250414,090000,77.44,77.44,76.54,76.94,4498812,0
20250414,100000,76.95,77.15,76.13,76.53,4623422,0
20250414,110000,76.52,76.7,75.5,76.53,7328140,0
20250414,120000,76.53,76.6,75.92,76.34,3799910,0
20250414,130000,76.34,77.14,76.26,76.56,4063340,0
20250414,140000,76.6,76.66,76.27,76.34,2248210,0
20250414,150000,76.36,76.62,76.01,76.22,3797270,0
20250414,160000,76.22,76.36,75.71,76.11,5164885,0
20250414,170000,76.1,76.72,76.1,76.72,5044064,0
20250414,180000,76.72,76.72,76.14,76.14,2176106,0
20250414,190000,76.2,76.47,76.06,76.08,1801522,0
20250414,200000,76.07,76.14,75.21,75.3,5227795,0
20250414,210000,75.3,75.65,75.09,75.59,3338654,0
20250414,220000,75.59,75.64,75.12,75.36,2155322,0
20250414,230000,75.34,75.63,75.11,75.5,1275544,0
20250415,070000,75.8,75.92,75.31,75.47,2011715,0
20250415,080000,75.5,75.57,75.24,75.34,1292196,0
20250415,090000,75.35,76.9,75.3,76.4,6927676,0
20250415,100000,76.39,77.11,76.36,76.43,10175500,0
20250415,110000,76.42,76.79,76.11,76.54,4420785,0
20250415,120000,76.54,76.96,76.25,76.42,3575447,0
20250415,130000,76.41,76.65,75.89,76.18,3443227,0
20250415,140000,76.17,76.22,75.23,75.5,6942946,0
20250415,150000,75.51,76.42,75.44,76.24,5206766,0
20250415,160000,76.24,76.6,75.77,76.25,5104694,0
20250415,170000,76.26,77.07,76.25,76.8,7639422,0
20250415,180000,76.82,76.92,76.01,76.25,3335299,0
20250415,190000,76.28,76.94,76.14,76.59,2550475,0
20250415,200000,76.59,76.91,76.41,76.76,1843902,0
20250415,210000,76.76,77.17,76.58,77.09,1797008,0
20250415,220000,77.09,77.19,76.89,77.14,2149680,0
20250415,230000,77.15,77.47,76.95,77.1,2754921,0
20250416,070000,76.91,77.15,76.66,77.12,2216918,0
20250416,080000,77.15,77.16,76.5,76.73,2016104,0
20250416,090000,76.72,76.72,76.34,76.42,3139099,0
20250416,100000,76.42,77.05,76.36,76.92,3423982,0
20250416,110000,76.91,77.77,76.5,77.26,6969052,0
20250416,120000,77.27,78.25,77.27,78.09,5689508,0
20250416,130000,78.1,78.65,77.95,78.32,7556798,0
20250416,140000,78.33,79,78.13,78.83,5527042,0
20250416,150000,78.82,79.65,78.53,79.45,7319438,0
20250416,160000,79.45,80.18,79.04,80.12,14842219,0
20250416,170000,80.11,80.15,79.41,79.91,11424336,0
20250416,180000,79.92,80.14,79.63,79.8,4385655,0
20250416,190000,79.87,80.15,79.05,79.32,8586906,0
20250416,200000,79.29,79.46,78.9,78.96,4805452,0
20250416,210000,78.96,79.59,78.95,79.49,3426017,0
20250416,220000,79.49,79.83,79.33,79.67,2489174,0
20250416,230000,79.67,79.87,79.5,79.73,2053643,0
20250417,070000,79.73,80.66,79.73,80.62,4278736,0
20250417,080000,80.63,80.8,80.29,80.48,2227977,0
20250417,090000,80.49,80.56,80.2,80.51,3158121,0
20250417,100000,80.5,80.62,79.9,80.38,5948211,0
20250417,110000,80.38,80.92,80.2,80.59,5025127,0
20250417,120000,80.6,80.66,80.13,80.35,2846377,0
20250417,130000,80.36,80.66,80.25,80.38,2570266,0
20250417,140000,80.38,81.07,80.35,80.95,4546322,0
20250417,150000,80.93,81.8,80.93,81.38,8564098,0
20250417,160000,81.38,81.92,81.2,81.71,6021972,0
20250417,170000,81.71,81.75,80.28,80.42,12123146,0
20250417,180000,80.42,81.21,80.14,81.02,6645742,0
20250417,190000,81.18,81.35,80.53,80.7,3335258,0
20250417,200000,80.7,82.68,80.59,82.41,8865690,0
20250417,210000,82.42,82.99,81.82,82.55,12212933,0
20250417,220000,82.56,82.99,82.3,82.92,5225262,0
20250417,230000,82.95,83.37,82.73,83.28,5404227,0
20250418,070000,82.09,82.45,81.32,81.44,8324066,0
20250418,080000,81.42,82.16,81.15,81.86,4004278,0
20250418,090000,81.87,82.15,81.38,81.62,7073400,0
20250418,100000,81.65,82.41,81.27,81.89,8074152,0
20250418,110000,81.9,82.07,81.42,81.5,4924329,0
20250418,120000,81.5,82.01,80.92,80.94,7507905,0
20250418,130000,80.94,81.29,80.61,81.01,7667653,0
20250418,140000,81.02,81.8,80.75,81.57,7275518,0
20250418,150000,81.58,81.88,81.24,81.55,3269812,0
20250418,160000,81.56,84.18,81.55,83.08,24605356,0
20250418,170000,83.09,83.75,83.08,83.31,7833335,0
20250418,180000,83.33,83.83,83.3,83.35,3804384,0
20250418,190000,83.36,83.8,82.95,83.75,7147506,0
20250418,200000,83.75,83.84,83.01,83.11,4299699,0
20250418,210000,83.15,83.5,83.05,83.18,1725949,0
20250418,220000,83.2,83.3,83.12,83.19,1813861,0
20250418,230000,83.2,83.49,83.07,83.3,2350873,0
20250421,070000,83.92,84.41,83.65,84.21,5830897,0
20250421,080000,84.2,84.8,84.13,84.62,4020999,0
20250421,090000,84.61,84.8,84.17,84.63,6639786,0
20250421,100000,84.62,84.96,84.46,84.52,7031187,0
20250421,110000,84.53,84.88,84.4,84.79,7139471,0
20250421,120000,84.79,85.23,84.62,84.78,5282861,0
20250421,130000,84.77,85.12,84.61,84.87,4328078,0
20250421,140000,84.87,85.22,84.8,85.1,3172547,0
20250421,150000,85.09,85.2,84.56,84.67,4291048,0
20250421,160000,84.67,84.84,84.19,84.25,3197335,0
20250421,170000,84.25,85.09,84.23,84.86,4547171,0
20250421,180000,84.86,85.3,84.85,84.95,2889450,0
20250421,190000,85.3,85.87,85,85.59,6128963,0
20250421,200000,85.59,85.67,85.22,85.25,2750558,0
20250421,210000,85.26,85.51,85.09,85.4,1509327,0
20250421,220000,85.4,85.65,85.33,85.34,1343317,0
20250421,230000,85.34,85.5,85.09,85.39,1862844,0
20250422,070000,85.53,85.8,85.46,85.53,2935570,0
20250422,080000,85.5,85.68,85.3,85.4,1734183,0
20250422,090000,85.39,85.49,85.1,85.43,3497356,0
20250422,100000,85.43,86,85.12,85.63,7584797,0
20250422,110000,85.63,85.63,84.92,85.2,5118436,0
20250422,120000,85.21,85.23,84.41,84.83,4955859,0
20250422,130000,84.84,85.21,84.8,84.95,2950152,0
20250422,140000,84.95,84.96,84.45,84.55,3736045,0
20250422,150000,84.55,84.93,84.55,84.83,1658408,0
20250422,160000,84.83,85.5,84.72,85.26,4172548,0
20250422,170000,85.26,85.95,85.15,85.8,6432498,0
20250422,180000,85.79,85.98,85.6,85.9,2744643,0
20250422,190000,85.8,86.25,85.53,85.6,6344474,0
20250422,200000,85.61,88,85.09,87.18,26546715,0
20250422,210000,87.15,88.1,86.06,86.18,21329458,0
20250422,220000,86.17,86.54,85.9,86.32,5573888,0
20250422,230000,86.31,86.44,86.04,86.32,2479256,0
20250423,070000,86.36,86.57,85.56,86.25,5108389,0
20250423,080000,86.25,86.33,85.22,85.38,5303990,0
20250423,090000,85.39,85.45,84.53,84.75,8696079,0
20250423,100000,84.76,84.88,83.4,83.97,18238075,0
20250423,110000,83.97,84.39,83.89,84.04,6575496,0
20250423,120000,84.04,84.5,83.54,84.06,6969597,0
20250423,130000,84.06,84.92,83.84,84.65,5262860,0
20250423,140000,84.67,85.24,84.55,84.9,4536210,0
20250423,150000,84.9,85.14,84.58,85.05,2820900,0
20250423,160000,85.04,85.68,84.54,85.32,3758986,0
20250423,170000,85.34,85.95,84.91,85.83,3446014,0
20250423,180000,85.85,85.89,85.37,85.58,2690109,0
20250423,190000,85.8,86.28,85.03,86.05,5335154,0
20250423,200000,86.05,86.59,85.76,85.8,4102422,0
20250423,210000,85.8,86.12,85.47,85.69,2605947,0
20250423,220000,85.66,85.92,85.51,85.54,1096981,0
20250423,230000,85.54,85.6,85.24,85.4,1594815,0
20250424,070000,85.41,85.79,85.18,85.59,1465558,0
20250424,080000,85.6,86,85.54,85.81,851777,0
20250424,090000,85.8,86.74,85.71,86.59,5665257,0
20250424,100000,86.59,86.97,86.12,86.42,7329158,0
20250424,110000,86.42,86.6,85.9,86.56,5819750,0
20250424,120000,86.59,86.85,86.2,86.72,4462591,0
20250424,130000,86.72,86.8,86.55,86.65,2116393,0
20250424,140000,86.65,86.68,85.9,85.95,3803520,0
20250424,150000,85.96,86.34,85.78,86,4849677,0
20250424,160000,85.99,86,85.31,85.4,5516621,0
20250424,170000,85.41,85.63,84.93,85.56,6256960,0
20250424,180000,85.56,85.88,85.4,85.63,2016536,0
20250424,190000,85.62,85.7,85.43,85.7,1284628,0
20250424,200000,85.7,85.71,85.12,85.42,1772150,0
20250424,210000,85.41,85.72,85.18,85.24,2682283,0
20250424,220000,85.25,85.71,85.23,85.61,889226,0
20250424,230000,85.62,85.7,85.5,85.52,676932,0
20250425,070000,86.24,86.36,85.92,86.04,2930441,0
20250425,080000,86.01,86.7,86,86.54,3341506,0
20250425,090000,86.51,86.87,86.45,86.68,3835688,0
20250425,100000,86.69,87.61,86.6,86.82,14791782,0
20250425,110000,86.83,86.92,86.41,86.69,5611723,0
20250425,120000,86.7,87.3,86.52,86.93,7575879,0
20250425,130000,86.92,87.15,86.14,86.6,8082505,0
20250425,140000,86.61,87.16,86.53,87,4437031,0
20250425,150000,86.99,87.15,86.52,87.04,3455806,0
20250425,160000,87.03,87.2,86.86,86.98,2943471,0
20250425,170000,86.98,87.78,86.67,87.23,7142100,0
20250425,180000,87.23,87.24,86.7,87,4739280,0
20250425,190000,86.95,87.26,86.7,86.86,3308161,0
20250425,200000,86.86,87.07,86.85,86.92,1595362,0
20250425,210000,86.92,87.19,86.91,87.18,1003499,0
20250425,220000,87.19,87.49,87.05,87.32,1370181,0
20250425,230000,87.33,87.44,86.98,87.24,2232064,0
20250426,090000,87.62,87.62,87.62,87.62,48181,0
20250426,100000,87.62,88.6,87.6,88.36,4022597,0
20250426,110000,88.36,89.15,88.3,89.05,5417075,0
20250426,120000,89.05,89.08,88.3,88.79,3568989,0
20250426,130000,88.79,88.9,88.55,88.75,1358843,0
20250426,140000,88.73,88.82,88.5,88.58,969560,0
20250426,150000,88.61,88.7,88.43,88.47,653504,0
20250426,160000,88.47,88.78,87.5,87.89,5910922,0
20250426,170000,87.87,88.18,87.45,87.77,3170561,0
20250426,180000,87.73,88.06,87.69,87.84,831464,0
20250427,090000,88,88,88,88,15233,0
20250427,100000,88.02,88.26,87.8,87.92,1229228,0
20250427,110000,87.92,88.15,87.89,88.07,391380,0
20250427,120000,88.07,88.09,87.9,88.07,351306,0
20250427,130000,88.07,88.1,87.82,87.93,574305,0
20250427,140000,87.92,88.01,87.8,87.89,445803,0
20250427,150000,87.89,87.92,87.67,87.73,737639,0
20250427,160000,87.7,88.03,87.65,87.97,551165,0
20250427,170000,87.97,88.04,87.84,87.98,237669,0
20250427,180000,87.99,88.05,87.9,87.93,600827,0
20250428,070000,87.91,87.93,87.11,87.29,3448952,0
20250428,080000,87.3,87.55,86.32,86.55,4628662,0
20250428,090000,86.55,87.47,86.25,87.16,5553884,0
20250428,100000,87.16,87.2,86.56,86.78,5523940,0
20250428,110000,86.78,87.06,86.66,86.67,1525714,0
20250428,120000,86.67,87.14,86.61,86.65,2467457,0
20250428,130000,86.66,109.04,85.9,107.14,107645303,0
20250428,140000,107.14,107.79,102.18,102.87,125893824,0
20250428,150000,102.88,103.64,97.92,99.19,162923573,0
20250428,160000,99.18,99.87,97.42,98.3,80233449,0
20250428,170000,98.32,100.79,98.3,99.25,40144408,0
20250428,180000,99.25,100.34,99.1,100.03,17317541,0
20250428,190000,100.16,100.3,98.82,99.29,18268965,0
20250428,200000,99.29,99.29,98.28,98.97,16814618,0
20250428,210000,98.98,99,97.62,97.72,19388810,0
20250428,220000,97.71,98.64,97.67,98.28,12640843,0
20250428,230000,98.27,98.85,98.22,98.55,6701558,0
20250429,070000,98.74,100.41,98.71,99.85,16004110,0
20250429,080000,99.85,99.88,99,99.1,5516498,0
20250429,090000,99.09,99.44,98.45,99.38,10101253,0
20250429,100000,99.38,100.62,99.22,99.99,35305547,0
20250429,110000,99.99,100.24,99.39,99.56,15778996,0
20250429,120000,99.55,99.6,98.72,99.25,12289308,0
20250429,130000,99.26,99.5,98.88,99.39,7729366,0
20250429,140000,99.39,99.7,99,99.47,6493335,0
20250429,150000,99.47,100,99.22,99.68,11438397,0
20250429,160000,99.69,99.7,98.8,98.95,15157125,0
20250429,170000,98.95,99.09,98.08,98.32,11042412,0
20250429,180000,98.32,98.36,96.68,97.06,29263459,0
20250429,190000,97.06,97.37,95.08,95.64,36148605,0
20250429,200000,95.64,96.72,95.6,96.6,19527145,0
20250429,210000,96.59,96.6,96.03,96.14,6370302,0
20250429,220000,96.12,96.5,95.84,96.4,5442482,0
20250429,230000,96.4,97.44,96.3,97.3,9035649,0
20250430,070000,97.4,97.47,95.6,95.61,8212105,0
20250430,080000,95.6,96.7,95.6,96.55,5704800,0
20250430,090000,96.59,97.16,96.16,96.72,7023175,0
20250430,100000,96.73,96.97,96.02,96.81,7155849,0
20250430,110000,96.81,96.93,95.52,95.9,9236484,0
20250430,120000,95.9,96.1,94.71,95.95,14288105,0
20250430,130000,95.95,96.66,95.69,96.33,8237633,0
20250430,140000,96.33,97.83,96.3,97.83,13424104,0
20250430,150000,97.83,98,96.3,96.78,14857524,0
20250430,160000,96.82,97.9,96.76,97.03,12870727,0
20250430,170000,97.05,97.64,96.95,97.54,5061063,0
20250430,180000,97.55,97.66,97.31,97.4,3474718,0
20250430,190000,97.4,97.48,96.74,96.88,5298335,0
20250430,200000,96.88,97.35,96.81,97.33,2058302,0
20250430,210000,97.33,97.7,97.11,97.7,2392538,0
20250430,220000,97.69,98.28,97.5,98.08,6620794,0
20250430,230000,98.08,98.41,97.8,98.1,5808645,0
20250502,070000,98.31,98.45,97.66,98.15,3086592,0
20250502,080000,98.16,98.28,97.27,97.53,3149257,0
20250502,090000,97.52,97.57,96.76,96.9,5079206,0
20250502,100000,96.9,96.96,96.22,96.45,9894755,0
20250502,110000,96.45,97.25,96.07,97.18,5272053,0
20250502,120000,97.15,97.15,96.7,96.95,1772290,0
20250502,130000,96.96,97.4,96.88,97.35,2365563,0
20250502,140000,97.34,97.7,97.2,97.46,2821436,0
20250502,150000,97.45,97.5,97.03,97.25,2008219,0
20250502,160000,97.25,97.35,97.02,97.08,1249714,0
20250502,170000,97.08,97.17,96.8,96.95,1563858,0
20250502,180000,96.96,96.96,96.5,96.77,3306984,0
20250502,190000,96.78,97.68,96.63,97.17,4078384,0
20250502,200000,97.18,97.23,96.75,96.99,2612309,0
20250502,210000,96.99,97.36,96.99,97.18,1516437,0
20250502,220000,97.18,97.2,96.52,96.86,2271711,0
20250502,230000,96.86,96.86,96.33,96.6,3461660,0
20250503,090000,96.4,96.4,96.4,96.4,78505,0
20250503,100000,96.43,97.19,96.29,96.76,2687661,0
20250503,110000,96.76,96.89,96.61,96.8,380501,0
20250503,120000,96.82,96.99,96.79,96.83,632642,0
20250503,130000,96.85,96.91,96.65,96.81,340048,0
20250503,140000,96.82,96.89,96.69,96.74,265292,0
20250503,150000,96.74,96.77,96.51,96.61,717380,0
20250503,160000,96.6,96.69,96.36,96.52,849867,0
20250503,170000,96.52,96.68,96.51,96.65,287010,0
20250503,180000,96.64,96.7,96.51,96.59,288660,0
20250504,090000,96.59,96.59,96.59,96.59,31077,0
20250504,100000,96.59,97.15,96.56,96.96,1462434,0
20250504,110000,96.96,96.96,96.71,96.88,410037,0
20250504,120000,96.88,97.29,96.74,97.02,1862995,0
20250504,130000,97.05,97.2,97,97.2,827005,0
20250504,140000,97.2,97.39,97.01,97.19,881557,0
20250504,150000,97.16,97.2,97.03,97.07,347021,0
20250504,160000,97.07,97.29,96.78,96.87,1102904,0
20250504,170000,96.87,97.15,96.84,97.1,428602,0
20250504,180000,97.1,97.2,97.01,97.13,484558,0
20250505,070000,97.46,97.63,96.81,97.12,2254004,0
20250505,080000,97.1,97.55,97,97.29,3055199,0
20250505,090000,97.29,97.37,96.98,97.11,2779410,0
20250505,100000,97.1,97.7,96.89,97.1,7157575,0
20250505,110000,97.09,97.2,96.66,97.07,5227312,0
20250505,120000,97.07,97.55,97,97.26,3917286,0
20250505,130000,97.25,97.49,96.85,97.17,3884603,0
20250505,140000,97.16,97.23,96.8,97.05,3132853,0
20250505,150000,97.04,97.3,96.8,97.12,3184892,0
20250505,160000,97.12,97.18,96.33,96.47,5216231,0
20250505,170000,96.46,96.77,96.4,96.53,4418632,0
20250505,180000,96.52,96.57,95.56,95.96,9279213,0
20250505,190000,95.95,96.38,95.7,96.16,3287610,0
20250505,200000,96.16,96.7,95.83,96.69,2846417,0
20250505,210000,96.7,96.78,96.31,96.45,1751322,0
20250505,220000,96.45,96.53,96.35,96.4,739086,0
20250505,230000,96.4,96.41,96.05,96.19,1076023,0
20250506,070000,96.36,96.85,96.3,96.79,1820823,0
20250506,080000,96.77,96.96,96.52,96.52,1321015,0
20250506,090000,96.52,96.62,95.92,96.56,4012192,0
20250506,100000,96.57,97.29,96.49,96.91,6217926,0
20250506,110000,96.91,97.3,96.81,97.17,2511510,0
20250506,120000,97.17,97.37,96.96,97.01,3053930,0
20250506,130000,97,97.15,96.3,96.56,3688263,0
20250506,140000,96.55,96.88,96.54,96.8,971975,0
20250506,150000,96.81,97.45,96.77,97.42,6339159,0
20250506,160000,97.42,97.55,97.09,97.16,5464127,0
20250506,170000,97.17,97.5,97.05,97.45,2648720,0
20250506,180000,97.45,97.65,97.27,97.49,3259455,0
20250506,190000,97.32,97.49,97.16,97.22,2127049,0
20250506,200000,97.22,97.84,97.2,97.68,4711684,0
20250506,210000,97.68,98.13,97.6,97.93,5039881,0
20250506,220000,97.92,98.28,97.57,97.62,4828753,0
20250506,230000,97.63,97.79,97.29,97.42,3094781,0
20250507,070000,97.6,98.01,97.45,97.96,1984654,0
20250507,080000,97.97,98.11,97.77,97.88,1773652,0
20250507,090000,97.87,97.98,96.92,97.04,4434376,0
20250507,100000,97.04,97.5,96.8,97.2,4514211,0
20250507,110000,97.2,97.71,97.08,97.71,3122415,0
20250507,120000,97.71,97.84,97.52,97.75,2175988,0
20250507,130000,97.74,97.85,97.31,97.77,2105731,0
20250507,140000,97.76,97.98,97.64,97.96,3352534,0
20250507,150000,97.96,98.08,97.79,98.03,3208704,0
20250507,160000,98.02,98.12,97.22,97.56,9125990,0
20250507,170000,97.58,98.02,97.37,97.78,3451950,0
20250507,180000,97.77,97.93,97.5,97.93,1527810,0
20250507,190000,98.01,98.35,97.75,97.87,4239342,0
20250507,200000,97.86,97.96,97.7,97.71,977536,0
20250507,210000,97.71,97.77,97.44,97.65,1025693,0
20250507,220000,97.64,97.75,97.48,97.56,632052,0
20250507,230000,97.55,97.68,97.54,97.64,615727,0
20250508,070000,97.8,98.1,97.7,97.9,1508964,0
20250508,080000,97.9,98.04,97.79,97.87,1153043,0
20250508,090000,97.87,98.07,97.77,97.98,2347204,0
20250508,100000,97.98,98.82,97.77,98.45,7434876,0
20250508,110000,98.45,98.57,98.21,98.4,1943355,0
20250508,120000,98.4,98.64,98.31,98.38,1686855,0
20250508,130000,98.36,98.47,97.95,97.97,2070100,0
20250508,140000,97.97,98.17,97.78,97.79,1480392,0
20250508,150000,97.79,97.99,97.35,97.68,3423880,0
20250508,160000,97.69,98.08,97.6,97.67,1750113,0
20250508,170000,97.68,97.87,97.62,97.67,414614,0
20250508,180000,97.67,97.79,97.6,97.7,431172,0
20250508,190000,97.8,97.81,97.52,97.68,912606,0
20250508,200000,97.68,97.97,97.67,97.92,787970,0
20250508,210000,97.92,97.94,97.76,97.77,1070767,0
20250508,220000,97.78,97.89,97.71,97.78,336914,0
20250508,230000,97.79,97.82,97.71,97.75,595513,0
20250510,090000,98.11,98.11,98.11,98.11,20826,0
20250510,100000,98.11,98.33,97.95,98.18,982954,0
20250510,110000,98.15,98.17,97.85,97.88,597749,0
20250510,120000,97.88,98.07,97.85,97.95,238201,0
20250510,130000,97.95,98.04,97.81,98.01,262198,0
20250510,140000,98.01,98.06,97.91,98.04,296486,0
20250510,150000,98.05,98.19,97.98,98.13,403446,0
20250510,160000,98.13,98.13,97.9,98.01,310952,0
20250510,170000,98,98.15,97.96,98.14,340907,0
20250510,180000,98.13,98.17,97.8,98.08,1212519,0
20250511,090000,98.8,98.8,98.8,98.8,633696,0
20250511,100000,98.8,99.48,98.76,99.48,6503013,0
20250511,110000,99.48,99.86,99.13,99.21,3713031,0
20250511,120000,99.21,99.29,98.96,99.04,1736546,0
20250511,130000,99.04,99.45,98.99,99.14,1553136,0
20250511,140000,99.14,99.24,98.94,99,1152314,0
20250511,150000,99,99.07,98.5,98.72,2584969,0
20250511,160000,98.71,98.85,98.55,98.76,1339557,0
20250511,170000,98.76,98.9,98.66,98.74,484323,0
20250511,180000,98.72,99.1,98.7,99.07,1130141,0
20250512,070000,99.6,100.33,99.5,99.96,6589226,0
20250512,080000,99.95,100.14,99.64,99.82,3509398,0
20250512,090000,99.81,100.05,99.46,99.82,6081444,0
20250512,100000,99.84,99.94,99.3,99.68,7769640,0
20250512,110000,99.68,100,99.2,99.27,6112015,0
20250512,120000,99.27,99.45,99.2,99.41,1978086,0
20250512,130000,99.42,99.64,99.33,99.6,2764405,0
20250512,140000,99.61,99.79,99.51,99.55,2951869,0
20250512,150000,99.56,99.74,99.44,99.68,1601500,0
20250512,160000,99.67,99.8,98.74,99.1,5437534,0
20250512,170000,99.1,99.67,98.96,99.56,4616754,0
20250512,180000,99.56,99.68,99.4,99.64,1731720,0
20250512,190000,99.64,99.67,99.45,99.67,1344342,0
20250512,200000,99.66,99.84,99.58,99.76,1699446,0
20250512,210000,99.75,99.76,99.45,99.63,872485,0
20250512,220000,99.63,99.72,99.52,99.7,681575,0
20250512,230000,99.7,99.78,99.58,99.72,1131622,0
20250513,070000,99.82,99.99,99.56,99.93,1664450,0
20250513,080000,99.93,100.09,99.79,99.85,2076321,0
20250513,090000,99.85,99.96,99.66,99.82,1411972,0
20250513,100000,99.83,99.83,99.4,99.6,3877392,0
20250513,110000,99.6,99.6,98.93,99.04,4370213,0
20250513,120000,99.03,99.5,98.91,99.38,3845487,0
20250513,130000,99.38,99.48,99.23,99.24,1144633,0
20250513,140000,99.25,99.28,99.15,99.2,820018,0
20250513,150000,99.2,99.48,99.05,99.37,2617660,0
20250513,160000,99.37,99.6,99.33,99.51,3196845,0
20250513,170000,99.52,99.56,99.13,99.29,1949384,0
20250513,180000,99.29,99.43,99.12,99.43,1017383,0
20250513,190000,99.43,99.44,99.15,99.27,904070,0
20250513,200000,99.28,99.3,99.15,99.18,373787,0
20250513,210000,99.18,99.19,99,99.04,1735968,0
20250513,220000,99.04,99.37,99,99.22,1483344,0
20250513,230000,99.22,99.25,99.13,99.17,376930,0
20250514,070000,99.2,99.33,99.01,99.05,601206,0
20250514,080000,99.08,99.1,98.92,99.05,712967,0
20250514,090000,99.05,99.1,98.57,98.78,2478031,0
20250514,100000,98.79,98.85,98.32,98.67,3812643,0
20250514,110000,98.66,98.79,98.58,98.66,1532892,0
20250514,120000,98.66,99.08,98.6,99.03,2100142,0
20250514,130000,99.03,99.17,98.82,99.09,1672113,0
20250514,140000,99.09,99.17,98.95,99.16,1056849,0
20250514,150000,99.16,99.48,99.09,99.37,2365765,0
20250514,160000,99.36,99.66,99.26,99.41,4189639,0
20250514,170000,99.41,99.42,99.11,99.13,1421743,0
20250514,180000,99.13,99.16,99,99.03,1348753,0
20250514,190000,99.05,99.1,98.88,98.94,1593493,0
20250514,200000,98.94,99.06,98.9,99.01,584397,0
20250514,210000,99.01,99.04,98.79,98.84,1388232,0
20250514,220000,98.81,98.94,96.5,96.88,5762317,0
20250514,230000,96.83,98.03,96.74,97,8506387,0
20250515,070000,96.99,98,96.75,97.83,4529170,0
20250515,080000,97.87,97.89,97.68,97.79,750547,0
20250515,090000,97.79,97.98,97.42,97.57,2025438,0
20250515,100000,97.57,97.61,97.12,97.37,4614542,0
20250515,110000,97.41,97.43,97,97.3,3180991,0
20250515,120000,97.29,97.38,96.05,96.78,8901626,0
20250515,130000,96.77,97.17,96.4,97.04,3355061,0
20250515,140000,97.02,97.35,96.8,97.3,2889374,0
20250515,150000,97.3,97.73,97.2,97.44,3406077,0
20250515,160000,97.44,97.7,96.69,97.45,5217022,0
20250515,170000,97.45,97.72,97.17,97.28,3139986,0
20250515,180000,97.29,97.29,97.01,97.01,839073,0
20250515,190000,97.03,97.38,96.99,97.21,979192,0
20250515,200000,97.21,97.37,97.1,97.19,655973,0
20250515,210000,97.19,97.25,96.96,97.06,712828,0
20250515,220000,97.06,97.15,96.94,97.15,445509,0
20250515,230000,97.15,97.27,97.12,97.25,551872,0
20250516,070000,97.27,97.46,97.15,97.18,604410,0
20250516,080000,97.18,97.32,97.13,97.27,435305,0
20250516,090000,97.27,97.28,96.89,97.16,1301911,0
20250516,100000,97.18,97.5,97.13,97.36,2396249,0
20250516,110000,97.36,97.57,97.23,97.24,1960181,0
20250516,120000,97.24,97.38,97.12,97.34,1438568,0
20250516,130000,97.34,97.4,97.05,97.1,1608766,0
20250516,140000,97.11,97.23,96.62,97.09,4195546,0
20250516,150000,97.09,97.1,94.57,94.96,25757032,0
20250516,160000,94.94,97.47,94.35,97.1,26281398,0
20250516,170000,97.1,98.12,96.91,97.1,8473661,0
20250516,180000,97.11,97.37,97.01,97.05,1421602,0
20250516,190000,97.01,97.18,97.01,97.11,494624,0
20250516,200000,97.11,97.23,97.04,97.11,844841,0
20250516,210000,97.11,97.2,97.06,97.1,322268,0
20250516,220000,97.1,97.27,96.85,97.15,1637178,0
20250516,230000,97.15,97.22,97.08,97.19,621420,0
20250517,090000,97.3,97.3,97.3,97.3,7872,0
20250517,100000,97.31,97.47,97.14,97.39,1289123,0
20250517,110000,97.39,97.5,97.3,97.43,512551,0
20250517,120000,97.43,97.45,97.34,97.35,329061,0
20250517,130000,97.37,97.45,97.32,97.42,313427,0
20250517,140000,97.42,97.44,97.31,97.34,123103,0
20250517,150000,97.36,97.66,97.31,97.42,718914,0
20250517,160000,97.42,97.6,97.4,97.49,263629,0
20250517,170000,97.49,97.53,97.37,97.49,206382,0
20250517,180000,97.49,98.48,97.49,98.32,4581535,0
20250518,090000,98.71,98.71,98.71,98.71,52605,0
20250518,100000,98.73,99.02,98.45,98.94,3076277,0
20250518,110000,98.92,99.05,98.74,98.9,797079,0
20250518,120000,98.93,99.02,98.81,98.9,665425,0
20250518,130000,98.9,98.91,98.56,98.7,973072,0
20250518,140000,98.7,98.82,98.67,98.8,387793,0
20250518,150000,98.8,98.8,98.4,98.64,1267344,0
20250518,160000,98.6,98.82,98.5,98.81,516114,0
20250518,170000,98.82,98.91,98.7,98.88,511382,0
20250518,180000,98.88,98.91,98.8,98.89,518217,0
20250519,070000,98.95,98.95,98.3,98.31,1675592,0
20250519,080000,98.3,98.42,98.18,98.26,909559,0
20250519,090000,98.26,98.38,97.93,98.29,1763380,0
20250519,100000,98.28,98.65,97.95,98.04,2611333,0
20250519,110000,98.05,98.35,98,98.15,1671127,0
20250519,120000,98.11,98.27,98.02,98.09,866047,0
20250519,130000,98.1,98.25,97.92,98.24,1358922,0
20250519,140000,98.23,98.53,98.23,98.36,1454893,0
20250519,150000,98.36,98.45,98.19,98.3,1161304,0
20250519,160000,98.3,98.35,97.6,97.6,2815799,0
20250519,170000,97.61,98.08,97.59,97.82,3035973,0
20250519,180000,97.81,98.19,97.63,97.9,2781022,0
20250519,190000,97.94,98.46,97.07,97.86,4826202,0
20250519,200000,97.87,98.3,97.59,97.82,2792275,0
20250519,210000,97.81,97.9,96.55,97.07,4185744,0
20250519,220000,97.07,97.16,96.7,97.08,2529075,0
20250519,230000,97.08,97.11,96.67,96.97,1246165,0
20250520,070000,97.21,97.32,97.03,97.1,1026556,0
20250520,080000,97.1,97.22,96.99,97.18,776467,0
20250520,090000,97.15,97.28,97.08,97.23,670991,0
20250520,100000,97.22,97.24,96.27,96.4,4971368,0
20250520,110000,96.4,96.85,96.25,96.65,2786716,0
20250520,120000,96.65,96.78,96.4,96.7,1562296,0
20250520,130000,96.7,96.83,96.47,96.8,962988,0
20250520,140000,96.8,97.04,96.56,96.76,1513840,0
20250520,150000,96.77,96.87,96.61,96.73,788228,0
20250520,160000,96.73,96.94,96.68,96.88,681322,0
20250520,170000,96.88,97.15,96.85,97.02,1306040,0
20250520,180000,97.03,97.1,96.5,96.5,1212860,0
20250520,190000,96.4,96.65,96.1,96.14,3137192,0
20250520,200000,96.14,96.47,96.1,96.4,840812,0
20250520,210000,96.4,96.43,96.25,96.34,459344,0
20250520,220000,96.33,96.38,96.28,96.34,322062,0
20250520,230000,96.34,96.38,96.29,96.3,395191,0
20250521,070000,96.36,96.73,96.36,96.68,887011,0
20250521,080000,96.68,97.03,96.6,96.7,1117664,0
20250521,090000,96.7,96.7,96.35,96.46,831035,0
20250521,100000,96.46,96.66,96.34,96.59,1540860,0
20250521,110000,96.59,96.9,96.48,96.85,2293367,0
20250521,120000,96.85,96.86,96.48,96.49,1131886,0
20250521,130000,96.49,96.5,96.32,96.4,955761,0
20250521,140000,96.4,96.65,96.3,96.62,1328000,0
20250521,150000,96.62,96.77,96.6,96.61,899531,0
20250521,160000,96.64,96.68,96.51,96.55,734969,0
20250521,170000,96.56,96.56,96.11,96.37,1243544,0
20250521,180000,96.4,96.41,95.31,95.4,4690236,0
20250521,190000,95.6,96.07,95.54,95.95,1536837,0
20250521,200000,95.94,96.02,95.63,95.67,818533,0
20250521,210000,95.67,95.81,95.61,95.71,689413,0
20250521,220000,95.71,95.92,95.7,95.82,735584,0
20250521,230000,95.82,95.88,95.61,95.65,477219,0
20250522,070000,95.86,95.95,95.2,95.22,1971805,0
20250522,080000,95.26,95.32,94.73,95.18,4735161,0
20250522,090000,95.18,95.29,95.01,95.1,2038199,0
20250522,100000,95.11,95.24,94.57,94.82,6679265,0
20250522,110000,94.82,94.83,94.24,94.71,5634382,0
20250522,120000,94.7,94.9,94.44,94.8,1964822,0
20250522,130000,94.8,95.27,94.65,95.05,3066650,0
20250522,140000,95.05,95.25,94.95,95.25,1701609,0
20250522,150000,95.23,96.1,94.61,96.02,7769067,0
20250522,160000,96.03,96.21,95.25,95.83,5601380,0
20250522,170000,95.83,96.68,95.71,96.48,5692791,0
20250522,180000,96.49,96.58,96.05,96.05,2682897,0
20250522,190000,96.17,96.17,95.08,95.52,3404298,0
20250522,200000,95.52,95.62,95.32,95.42,1462013,0
20250522,210000,95.42,95.5,95.3,95.39,520111,0
20250522,220000,95.39,95.45,94.91,95.23,1236065,0
20250522,230000,95.22,95.33,95.1,95.18,428967,0
20250523,070000,95.24,95.69,95.01,95.62,834586,0
20250523,080000,95.6,95.69,95.03,95.16,1303150,0
20250523,090000,95.16,95.48,95.13,95.44,735099,0
20250523,100000,95.44,96.2,95.18,96.03,3432311,0
20250523,110000,96.03,96.2,95.71,96,2022053,0
20250523,120000,96,96.1,95.82,95.97,1185680,0
20250523,130000,95.96,96.14,95.88,96.08,978857,0
20250523,140000,96.09,96.27,95.55,95.59,1678204,0
20250523,150000,95.58,95.66,95.06,95.17,3409545,0
20250523,160000,95.18,95.52,95.16,95.35,1134765,0
20250523,170000,95.35,95.61,95.33,95.4,1000645,0
20250523,180000,95.4,95.41,95.21,95.29,951730,0
20250523,190000,95.31,95.54,95.3,95.42,591207,0
20250523,200000,95.43,95.52,95.33,95.38,486900,0
20250523,210000,95.39,95.59,95.35,95.5,460920,0
20250523,220000,95.5,95.65,95.46,95.46,395239,0
20250523,230000,95.47,95.55,95.33,95.5,569147,0
20250526,070000,95.49,95.5,94.11,94.25,4880126,0
20250526,080000,94.26,94.34,93.18,93.91,8749607,0
20250526,090000,93.91,94.07,93.55,94,3249288,0
20250526,100000,94.01,94.04,93.08,93.3,7779885,0
20250526,110000,93.3,93.58,93.01,93.09,4057660,0
20250526,120000,93.09,93.49,92.71,92.93,6625512,0
20250526,130000,92.93,93.15,92.61,92.77,3593240,0
20250526,140000,92.77,93.07,92.4,92.63,6092427,0
20250526,150000,92.66,92.91,92.47,92.59,3919855,0
20250526,160000,92.6,92.86,92.59,92.8,2201483,0
20250526,170000,92.8,92.94,92.64,92.73,2197621,0
20250526,180000,92.73,92.87,92.05,92.18,4315187,0
20250526,190000,92.19,92.23,91.34,91.73,7056099,0
20250526,200000,91.73,92.07,91.5,92.05,2910740,0
20250526,210000,92.05,92.18,92.05,92.18,958781,0
20250526,220000,92.17,92.18,91.91,92.02,1088609,0
20250526,230000,92.02,92.38,92.02,92.25,1527848,0
20250527,070000,92.26,92.32,90.22,90.74,7388513,0
20250527,080000,90.74,91.44,90.62,91.18,3619237,0
20250527,090000,91.19,92.77,91.15,92.7,7021880,0
20250527,100000,92.69,92.96,92.43,92.9,4759056,0
20250527,110000,92.9,93.24,92.74,93.17,4907076,0
20250527,120000,93.16,93.28,92.86,93.24,2540156,0
20250527,130000,93.23,93.32,92.86,92.92,1718758,0
20250527,140000,92.92,93.33,92.92,93.11,1345305,0
20250527,150000,93.1,93.23,92.26,92.57,3306491,0
20250527,160000,92.57,92.97,92.25,92.9,1800499,0
20250527,170000,92.9,93.28,92.8,93.22,1423846,0
20250527,180000,93.23,94.28,93.22,94,6418371,0
20250527,190000,93.99,93.99,93.21,93.86,3854761,0
20250527,200000,93.87,93.91,93.7,93.87,846185,0
20250527,210000,93.87,94.04,93.7,93.74,919016,0
20250527,220000,93.73,93.77,93.58,93.65,947222,0
20250527,230000,93.65,93.72,93.4,93.59,926546,0
20250528,070000,93.75,94.55,93.73,94.54,1999630,0
20250528,080000,94.54,94.64,94.39,94.6,2439576,0
20250528,090000,94.59,94.63,94.22,94.44,2093158,0
20250528,100000,94.44,95.79,94.34,95.55,9676886,0
20250528,110000,95.57,95.77,94.74,95.04,5089502,0
20250528,120000,95.04,95.5,94.96,95.34,3492483,0
20250528,130000,95.34,95.36,94.86,94.95,3020566,0
20250528,140000,94.95,95.3,94.35,94.4,4181134,0
20250528,150000,94.4,95.28,94.36,95.06,4990754,0
20250528,160000,95.06,95.37,94.89,95.01,3063704,0
20250528,170000,95,95.26,94.63,95.14,2682899,0
20250528,180000,95.13,95.22,94.76,94.85,987091,0
20250528,190000,95.16,95.64,95,95.45,3952944,0
20250528,200000,95.46,95.53,95.32,95.51,1298076,0
20250528,210000,95.52,95.8,95.33,95.56,2092244,0
20250528,220000,95.56,95.85,95.24,95.66,1746739,0
20250528,230000,95.65,95.84,95.64,95.78,1113080,0
20250529,070000,95.88,95.89,95.46,95.75,1377671,0
20250529,080000,95.76,95.98,95.11,95.29,2103994,0
20250529,090000,95.29,95.72,95.15,95.32,1613599,0
20250529,100000,95.33,95.34,94.86,94.91,3026572,0
20250529,110000,94.9,95.5,94.67,95.39,3079708,0
20250529,120000,95.4,95.47,95.15,95.22,1586401,0
20250529,130000,95.21,95.83,95.15,95.57,2856356,0
20250529,140000,95.57,95.83,95.5,95.64,1568922,0
20250529,150000,95.63,95.73,95.06,95.4,2204971,0
20250529,160000,95.39,95.53,95,95.38,1824370,0
20250529,170000,95.39,95.49,95.14,95.31,1244758,0
20250529,180000,95.31,95.39,94.8,95,1306235,0
20250529,190000,95.05,95.12,94.51,94.85,1987527,0
20250529,200000,94.85,94.85,94.12,94.43,1940497,0
20250529,210000,94.43,94.44,93.87,94.17,2112842,0
20250529,220000,94.17,94.25,94,94.18,752112,0
20250529,230000,94.18,94.18,94.11,94.17,376155,0
20250530,070000,94.17,94.7,93.66,94.6,1772384,0
20250530,080000,94.6,94.75,94.37,94.65,708356,0
20250530,090000,94.64,95.05,94.5,95.05,1783824,0
20250530,100000,95.05,96.64,93.8,94.77,25564094,0
20250530,110000,94.77,95.07,93.87,94.1,8372125,0
20250530,120000,94.09,94.9,94.04,94.32,5900821,0
20250530,130000,94.31,94.95,94.3,94.71,6311646,0
20250530,140000,94.71,94.76,93.9,93.99,4954496,0
20250530,150000,93.99,94.43,93.42,94.35,6502197,0
20250530,160000,94.36,94.4,93.72,93.86,2582003,0
20250530,170000,93.86,94,93.41,93.64,3228676,0
20250530,180000,93.63,93.7,93.54,93.55,1259955,0
20250530,190000,93.59,94.14,93.58,93.69,2180544,0
20250530,200000,93.7,93.77,93.11,93.4,4956366,0
20250530,210000,93.38,93.99,93.38,93.67,2655241,0
20250530,220000,93.67,93.91,93.4,93.48,1447764,0
20250530,230000,93.48,93.99,93.44,93.9,1987750,0
20250531,090000,94,94,94,94,12470,0
20250531,100000,94.04,94.36,94,94.06,924315,0
20250531,110000,94.11,94.23,93.95,93.99,433670,0
20250531,120000,93.99,94.19,93.96,94.04,327808,0
20250531,130000,94.04,94.12,93.95,94.08,265959,0
20250531,140000,94.09,94.11,93.77,93.86,559599,0
20250531,150000,93.86,93.99,93.8,93.93,246870,0
20250531,160000,93.93,93.94,93.81,93.85,98758,0
20250531,170000,93.88,93.92,93.81,93.87,130908,0
20250531,180000,93.89,93.92,93.8,93.87,166428,0
20250601,090000,93.79,93.79,93.79,93.79,17629,0
20250601,100000,93.78,93.82,93.19,93.27,759152,0
20250601,110000,93.27,93.59,93.1,93.44,718734,0
20250601,120000,93.43,93.47,93.03,93.21,977835,0
20250601,130000,93.21,93.24,92.76,92.85,1060280,0
20250601,140000,92.85,92.89,91.71,91.9,4934504,0
20250601,150000,91.88,91.99,91.1,91.83,4699729,0
20250601,160000,91.83,92.27,91.7,91.76,2461309,0
20250601,170000,91.78,92.17,91.68,91.91,1366002,0
20250601,180000,91.9,92,91.52,91.89,1948467,0
20250602,070000,91.9,92.95,91.51,92.79,3913863,0
20250602,080000,92.8,92.8,92.34,92.73,1210084,0
20250602,090000,92.71,93.2,92.66,93.13,2213513,0
20250602,100000,93.12,93.15,92.58,92.84,3397408,0
20250602,110000,92.84,93.05,92.64,93.03,2093168,0
20250602,120000,93.03,93.4,92.85,93.03,3044859,0
20250602,130000,93.03,93.11,92.74,93.04,1494196,0
20250602,140000,93.03,93.19,92.75,93.1,1548044,0
20250602,150000,93.11,93.28,92.46,92.46,2785209,0
20250602,160000,92.47,93.07,92.06,92.64,4789871,0
20250602,170000,92.64,93.69,92.51,93.63,4985581,0
20250602,180000,93.64,94.1,93.43,94,4241435,0
20250602,190000,94.01,94.15,93.76,93.93,1980395,0
20250602,200000,93.94,93.94,93.42,93.46,2286226,0
20250602,210000,93.46,93.73,93.42,93.53,1428414,0
20250602,220000,93.53,93.64,93.32,93.59,709339,0
20250602,230000,93.6,93.62,93.32,93.47,791474,0
20250603,070000,93.49,94,93.48,93.85,1699753,0
20250603,080000,93.85,93.97,93.61,93.86,851209,0
20250603,090000,93.85,94.45,93.81,94.22,2888141,0
20250603,100000,94.24,94.98,93.84,94.97,8749968,0
20250603,110000,94.97,95.28,94.39,94.64,5333661,0
20250603,120000,94.64,94.88,94.4,94.6,2352265,0
20250603,130000,94.63,94.7,94.3,94.69,1659861,0
20250603,140000,94.69,95,94.28,94.49,2822216,0
20250603,150000,94.49,94.5,94.22,94.23,1570874,0
20250603,160000,94.25,94.81,94.11,94.78,1456602,0
20250603,170000,94.78,94.97,94.62,94.8,1842158,0
20250603,180000,94.81,95.4,94.74,95.05,4156647,0
20250603,190000,95.1,95.14,94.81,94.9,1366551,0
20250603,200000,94.9,95.32,94.87,95.19,1301630,0
20250603,210000,95.21,95.5,95.05,95.1,3159039,0
20250603,220000,95.09,95.29,95.08,95.21,517875,0
20250603,230000,95.21,95.47,95.2,95.41,979441,0
20250604,070000,95.41,95.87,95.3,95.6,1735629,0
20250604,080000,95.6,95.6,95.15,95.56,1638552,0
20250604,090000,95.56,96.15,95.46,96.14,3472826,0
20250604,100000,96.13,96.15,95.86,96.07,5362105,0
20250604,110000,96.07,96.2,95.94,96.09,2881856,0
20250604,120000,96.1,96.86,96.08,96.64,8243541,0
20250604,130000,96.64,96.69,96.36,96.46,3207529,0
20250604,140000,96.46,96.66,96.21,96.63,2233748,0
20250604,150000,96.63,96.8,95.8,95.9,7914388,0
20250604,160000,95.9,96.5,95.73,96.33,3769280,0
20250604,170000,96.33,96.36,95.19,95.44,9116670,0
20250604,180000,95.44,95.47,94.55,95.44,5637115,0
20250604,190000,95.5,95.9,95.25,95.85,3410501,0
20250604,200000,95.88,96.06,95.71,95.85,1368266,0
20250604,210000,95.85,95.87,95.41,95.45,1178723,0
20250604,220000,95.43,95.48,94.95,95.24,2054659,0
20250604,230000,95.24,95.24,94.83,95.1,695254,0
20250605,070000,95.14,95.84,95.13,95.78,1337441,0
20250605,080000,95.78,95.8,95.46,95.55,487670,0
20250605,090000,95.54,95.9,95.43,95.82,1116785,0
20250605,100000,95.82,96,95.39,95.4,2371084,0
20250605,110000,95.42,95.59,95.2,95.59,1579194,0
20250605,120000,95.59,95.9,95.5,95.75,1896672,0
20250605,130000,95.74,95.9,95.64,95.9,904157,0
20250605,140000,95.9,95.95,95.54,95.91,1677971,0
20250605,150000,95.91,96.1,95.8,95.91,3056661,0
20250605,160000,95.9,96.05,95.74,95.83,1659141,0
20250605,170000,95.84,95.9,95.56,95.58,1891364,0
20250605,180000,95.58,95.66,95.42,95.5,2032181,0
20250605,190000,95.56,95.62,95.24,95.39,1510336,0
20250605,200000,95.4,95.63,95.23,95.31,1050439,0
20250605,210000,95.3,95.46,95.23,95.42,433533,0
20250605,220000,95.42,95.5,95.42,95.47,446086,0
20250605,230000,95.47,95.47,95.44,95.44,757830,0
20250606,070000,95.51,96.18,95.5,96.13,1188176,0
20250606,080000,96.14,96.18,95.8,95.89,1720705,0
20250606,090000,95.9,96.04,95.8,96.02,976672,0
20250606,100000,96.02,96.4,95.87,96.4,5485291,0
20250606,110000,96.4,96.44,95.3,95.9,5100420,0
20250606,120000,95.9,96.2,95.68,95.88,3671367,0
20250606,130000,95.9,98.5,95,95.64,38778288,0
20250606,140000,95.67,95.94,95.15,95.68,5150687,0
20250606,150000,95.68,95.7,94.2,94.92,10170860,0
20250606,160000,94.91,94.92,94.03,94.68,5897154,0
20250606,170000,94.67,94.81,93.54,93.77,6061245,0
20250606,180000,93.74,93.83,93.23,93.4,3896231,0
20250606,190000,93.46,94.08,93.46,93.68,2829683,0
20250606,200000,93.69,93.99,93.64,93.71,1057298,0
20250606,210000,93.71,93.89,93.6,93.78,985265,0
20250606,220000,93.75,93.78,92.82,93.15,3249396,0
20250606,230000,93.14,93.36,93.03,93.27,1044914,0
20250607,090000,93.68,93.68,93.68,93.68,17674,0
20250607,100000,93.69,94.48,93.55,93.9,871037,0
20250607,110000,93.93,93.93,93.75,93.76,174821,0
20250607,120000,93.76,93.8,93.64,93.66,152556,0
20250607,130000,93.67,93.7,93.21,93.48,887313,0
20250607,140000,93.48,93.61,93.39,93.5,406081,0
20250607,150000,93.51,93.67,93.38,93.6,457727,0
20250607,160000,93.59,93.72,93.54,93.7,178933,0
20250607,170000,93.7,93.78,93.62,93.76,230765,0
20250607,180000,93.76,94,93.7,93.77,334981,0
20250608,090000,93.83,93.83,93.83,93.83,1620,0
20250608,100000,93.84,93.96,93.7,93.82,332192,0
20250608,110000,93.82,93.85,93.69,93.84,169495,0
20250608,120000,93.84,93.85,93.68,93.77,153195,0
20250608,130000,93.77,93.8,93.69,93.74,83103,0
20250608,140000,93.75,93.75,93.62,93.63,269953,0
20250608,150000,93.63,93.65,93.42,93.53,309181,0
20250608,160000,93.51,93.77,93.51,93.72,234666,0
20250608,170000,93.69,93.75,93.55,93.69,181026,0
20250608,180000,93.69,93.83,93.38,93.64,431441,0
20250609,070000,93.8,94.56,93.32,94.5,2789404,0
20250609,080000,94.5,94.57,93.93,94.15,2163258,0
20250609,090000,94.15,94.16,93.45,93.87,3004518,0
20250609,100000,93.88,94.27,93.15,93.23,5601533,0
20250609,110000,93.23,93.57,93.04,93.22,4252218,0
20250609,120000,93.22,93.6,93.13,93.59,2858645,0
20250609,130000,93.6,93.87,93.51,93.6,2281582,0
20250609,140000,93.59,93.61,93.15,93.47,1606122,0
20250609,150000,93.47,93.66,93.25,93.65,2012036,0
20250609,160000,93.65,93.8,93.37,93.4,1894069,0
20250609,170000,93.4,93.55,93.03,93.06,2957899,0
20250609,180000,93.06,93.22,93.04,93.1,853270,0
20250609,190000,93.1,93.55,93.1,93.52,1056370,0
20250609,200000,93.52,93.68,93.33,93.5,971785,0
20250609,210000,93.49,93.8,93.4,93.8,1177446,0
20250609,220000,93.79,94.2,93.74,94.06,1697692,0
20250609,230000,94.05,94.34,94.05,94.27,1334440,0
20250610,070000,94.37,95.04,94.3,94.6,3536498,0
20250610,080000,94.6,94.66,94.38,94.58,1041261,0
20250610,090000,94.58,94.59,94.3,94.39,913935,0
20250610,100000,94.38,94.68,93.41,93.6,5737345,0
20250610,110000,93.6,93.8,93.47,93.8,2315652,0
20250610,120000,93.8,93.98,93.63,93.72,1542803,0
20250610,130000,93.72,94.04,93.66,93.97,1968993,0
20250610,140000,93.98,94.13,93.88,94.07,1206971,0
20250610,150000,94.08,94.5,93.94,94,2276888,0
20250610,160000,94,94.05,93.51,93.92,2304083,0
20250610,170000,93.92,94.02,93.67,93.92,1031589,0
20250610,180000,93.93,94.14,93.8,94,1662664,0
20250610,190000,94.05,94.1,93.61,93.76,1073607,0
20250610,200000,93.74,93.84,93.25,93.44,1757716,0
20250610,210000,93.47,93.65,93.39,93.59,493439,0
20250610,220000,93.59,93.76,93.51,93.67,433356,0
20250610,230000,93.67,93.68,93.43,93.5,465941,0
20250611,070000,93.7,93.74,93.27,93.65,1185588,0
20250611,080000,93.65,93.65,93.13,93.43,1058071,0
20250611,090000,93.43,93.68,93.15,93.66,1183984,0
20250611,100000,93.67,93.94,93.5,93.76,4319366,0
20250611,110000,93.76,93.95,93.67,93.73,1464593,0
20250611,120000,93.73,93.85,93.58,93.84,1289431,0
20250611,130000,93.84,94.29,93.81,94.25,3986593,0
20250611,140000,94.24,94.37,93.79,94.1,4074975,0
20250611,150000,94.1,94.32,93.99,94.16,2126152,0
20250611,160000,94.16,94.28,93.9,93.97,731004,0
20250611,170000,93.97,93.97,93.7,93.9,1817724,0
20250611,180000,93.9,94.13,93.82,94,1409662,0
20250611,190000,93.99,93.99,93.7,93.83,1359413,0
20250611,200000,93.83,93.94,93.62,93.62,1235480,0
20250611,210000,93.62,93.73,93.5,93.67,857275,0
20250611,220000,93.68,93.75,93.62,93.67,262648,0
20250611,230000,93.66,93.67,93.42,93.44,1159914,0
20250613,070000,96.36,96.8,95.31,96.11,10677863,0
20250613,080000,96.11,96.38,96.06,96.1,2914976,0
20250613,090000,96.09,96.1,95.42,95.62,5688416,0
20250613,100000,95.62,96.2,95.59,95.93,4201052,0
20250613,110000,95.93,96.65,95.92,96.65,4210982,0
20250613,120000,96.65,98,96.64,97.55,13880003,0
20250613,130000,97.55,98.38,97.42,97.94,10355353,0
20250613,140000,97.95,98.17,97.57,97.86,5143145,0
20250613,150000,97.86,98.08,97.7,97.94,2558093,0
20250613,160000,97.94,98.19,97.85,98.06,2764646,0
20250613,170000,98.07,98.11,97.8,97.9,2455815,0
20250613,180000,97.92,98.02,97.72,97.83,2056918,0
20250613,190000,97.83,98.15,97.57,97.8,3005963,0
20250613,200000,97.81,97.93,97.65,97.93,943571,0
20250613,210000,97.92,97.99,97.81,97.92,943016,0
20250613,220000,97.93,98.2,97.89,97.97,2149181,0
20250613,230000,97.96,98.18,97.9,98.12,1244438,0
20250614,090000,98.15,98.15,98.15,98.15,18972,0
20250614,100000,98.15,98.87,98.15,98.49,2613575,0
20250614,110000,98.49,98.59,98.26,98.53,838193,0
20250614,120000,98.53,98.59,98.41,98.54,431481,0
20250614,130000,98.54,98.58,98.42,98.49,345169,0
20250614,140000,98.49,98.5,98.43,98.49,268753,0
20250614,150000,98.49,98.59,98.45,98.48,457933,0
20250614,160000,98.47,98.58,98.46,98.54,191107,0
20250614,170000,98.54,98.58,98.42,98.56,215424,0
20250614,180000,98.57,98.57,98.42,98.55,450747,0
20250615,090000,98.76,98.76,98.76,98.76,37873,0
20250615,100000,98.77,99.27,98.36,98.63,5461944,0
20250615,110000,98.63,98.78,98.5,98.6,765322,0
20250615,120000,98.61,98.83,98.56,98.67,603588,0
20250615,130000,98.71,98.77,98.58,98.69,435456,0
20250615,140000,98.69,98.83,98.64,98.81,455887,0
20250615,150000,98.8,99.2,98.78,99.13,1905312,0
20250615,160000,99.12,99.29,98.96,99.1,1287117,0
20250615,170000,99.11,99.2,99.02,99.14,546954,0
20250615,180000,99.11,99.42,99.04,99.18,1429387,0
20250616,070000,99.2,99.3,98.55,99.29,2801779,0
20250616,080000,99.3,99.33,98.68,98.85,2142497,0
20250616,090000,98.84,98.84,98.16,98.2,4261707,0
20250616,100000,98.2,98.26,96.92,97.24,17035154,0
20250616,110000,97.24,97.25,96.65,96.94,7544543,0
20250616,120000,96.94,97,96.6,97,6392201,0
20250616,130000,97,97.4,96.85,97.05,4010917,0
20250616,140000,97.05,97.3,96.9,97.08,2925015,0
20250616,150000,97.08,97.26,96.6,96.75,4903508,0
20250616,160000,96.75,96.78,96.05,96.19,8667569,0
20250616,170000,96.19,96.69,96.14,96.61,3718436,0
20250616,180000,96.6,96.99,96.4,96.7,2447679,0
20250616,190000,96.7,96.92,96.02,96.77,4821805,0
20250616,200000,96.77,96.78,96.43,96.57,1075112,0
20250616,210000,96.56,96.73,96.53,96.6,518618,0
20250616,220000,96.6,96.7,96.51,96.6,476752,0
20250616,230000,96.6,96.77,96.4,96.69,1009462,0
20250617,070000,96.7,97,96.3,96.8,1663673,0
20250617,080000,96.8,96.89,96.69,96.77,577485,0
20250617,090000,96.77,96.81,96.6,96.68,845465,0
20250617,100000,96.68,97.2,96.64,97.07,6653016,0
20250617,110000,97.11,97.4,96.99,97.33,5203792,0
20250617,120000,97.32,97.69,97.26,97.55,5878372,0
20250617,130000,97.55,97.69,97.3,97.49,2226568,0
20250617,140000,97.49,97.66,97.14,97.28,2754387,0
20250617,150000,97.27,97.57,97.23,97.46,1050029,0
20250617,160000,97.46,97.79,97.3,97.78,2801926,0
20250617,170000,97.78,97.99,97.6,97.84,4685115,0
20250617,180000,97.84,98.48,97.81,98.45,5781221,0
20250617,190000,98.43,98.65,98.17,98.34,2818037,0
20250617,200000,98.35,98.57,97.83,98.17,2385558,0
20250617,210000,98.17,98.38,97.65,97.9,2514271,0
20250617,220000,97.89,97.91,97.6,97.88,1220413,0
20250617,230000,97.85,97.92,97.61,97.85,960011,0
20250618,070000,98.1,98.16,97.6,97.9,885215,0
20250618,080000,97.9,98,97.84,98,553287,0
20250618,090000,98,98.56,97.87,98.19,2688631,0
20250618,100000,98.2,98.26,96.9,97.39,9658040,0
20250618,110000,97.39,97.7,97.26,97.56,3217989,0
20250618,120000,97.56,97.8,97.45,97.72,2020211,0
20250618,130000,97.72,97.9,97.51,97.73,2393497,0
20250618,140000,97.73,98.07,97.71,98.06,1963275,0
20250618,150000,98.07,98.09,97.73,97.96,2507695,0
20250618,160000,97.96,97.98,97.21,97.66,4184769,0
20250618,170000,97.66,97.69,97.11,97.31,3026621,0
20250618,180000,97.3,97.4,97.18,97.39,1765166,0
20250618,190000,97.39,97.65,97.1,97.51,2145347,0
20250618,200000,97.51,97.59,97.38,97.41,746759,0
20250618,210000,97.4,97.6,97.4,97.56,489499,0
20250618,220000,97.56,97.59,97.31,97.39,450055,0
20250618,230000,97.39,97.46,97.29,97.37,432940,0
20250619,070000,97.61,97.77,97.39,97.72,834618,0
20250619,080000,97.72,97.75,97.63,97.67,463092,0
20250619,090000,97.67,97.96,97.66,97.84,1713507,0
20250619,100000,97.83,97.98,97.62,97.92,3064637,0
20250619,110000,97.92,98.05,97.6,97.63,3043108,0
20250619,120000,97.63,97.77,97.41,97.5,2728824,0
20250619,130000,97.49,97.64,97,97.21,4552192,0
20250619,140000,97.21,97.5,97.19,97.5,2440274,0
20250619,150000,97.5,97.59,97.14,97.56,4901764,0
20250619,160000,97.56,98.6,97.49,98.18,20887001,0
20250619,170000,98.18,98.38,97.83,98.2,6209201,0
20250619,180000,98.2,98.6,97.93,98.01,6076057,0
20250619,190000,98,98.14,97.77,98.03,2289786,0
20250619,200000,98.02,98.24,97.81,97.85,1998593,0
20250619,210000,97.82,98.12,97.72,97.85,1728902,0
20250619,220000,97.85,97.97,97.8,97.91,415571,0
20250619,230000,97.91,98.09,97.85,97.97,1059165,0
20250620,070000,98.04,98.39,98,98.13,909957,0
20250620,080000,98.13,98.15,98,98.12,574476,0
20250620,090000,98.12,98.42,98.01,98.3,2161277,0
20250620,100000,98.3,98.45,97.86,98.23,4715485,0
20250620,110000,98.24,98.82,98.18,98.74,8127920,0
20250620,120000,98.72,99.25,98.5,99.25,10579737,0
20250620,130000,99.24,99.4,98.96,99.33,6364186,0
20250620,140000,99.33,101.39,99.26,101.25,47174519,0
20250620,150000,101.25,102.24,100.96,101.84,44953028,0
20250620,160000,101.84,101.88,101,101.6,24069142,0
20250620,170000,101.6,101.91,101.25,101.7,11201034,0
20250620,180000,101.69,101.7,101.03,101.1,6521615,0
20250620,190000,101.12,101.49,100.81,101.28,4921110,0
20250620,200000,101.32,101.35,100.9,101.21,3364801,0
20250620,210000,101.21,101.55,101.15,101.45,2775961,0
20250620,220000,101.44,101.75,101.29,101.61,2302697,0
20250620,230000,101.61,101.79,101.4,101.75,2784512,0
20250623,070000,102.42,103.62,101.84,102.45,9662344,0
20250623,080000,102.41,103.05,102.27,102.87,4698426,0
20250623,090000,102.85,103.3,102.58,103.19,4396330,0
20250623,100000,103.18,103.29,101.8,102.25,14683667,0
20250623,110000,102.25,102.64,101.89,102.36,8220069,0
20250623,120000,102.35,102.72,102.21,102.64,6257418,0
20250623,130000,102.64,102.82,102.1,102.5,6028323,0
20250623,140000,102.5,103,102.21,103,4591644,0
20250623,150000,102.99,103.87,102.85,103.62,17636136,0
20250623,160000,103.63,104.49,103.51,104.25,13565152,0
20250623,170000,104.25,104.6,103.94,104.57,12149700,0
20250623,180000,104.56,104.62,104.2,104.54,6710780,0
20250623,190000,104.55,104.95,104.26,104.76,6577207,0
20250623,200000,104.76,104.84,103.71,103.91,8085148,0
20250623,210000,103.91,104.49,103.73,104.37,3992717,0
20250623,220000,104.37,104.65,104.29,104.37,1867101,0
20250623,230000,104.39,104.47,104,104.23,2238262,0
20250624,070000,104.49,105.95,104.4,105.71,9332985,0
20250624,080000,105.71,105.8,105.32,105.35,3683465,0
20250624,090000,105.34,105.48,105.05,105.44,4238447,0
20250624,100000,105.44,105.82,104.11,104.87,16842454,0
20250624,110000,104.84,105.4,104.71,105.35,7629344,0
20250624,120000,105.37,105.85,105.17,105.82,5781606,0
20250624,130000,105.83,106.5,105.66,106.4,10350280,0
20250624,140000,106.4,106.77,105.32,105.74,16113861,0
20250624,150000,105.73,106.28,105.17,106.05,7757819,0
20250624,160000,106.08,106.4,105.92,106.16,5170500,0
20250624,170000,106.16,106.35,105.7,105.92,5520491,0
20250624,180000,105.94,106.07,105.7,105.9,2897546,0
20250624,190000,105.8,106.3,105.8,106.12,3106732,0
20250624,200000,106.12,106.3,106.11,106.17,1831409,0
20250624,210000,106.17,106.3,106,106,1929850,0
20250624,220000,106,106.27,105.81,106.19,2223202,0
20250624,230000,106.2,106.46,106.15,106.45,2092140,0
20250625,070000,106.65,106.69,105.94,105.99,4029379,0
20250625,080000,105.95,106.08,105.52,105.87,3174493,0
20250625,090000,105.9,106.34,105.65,106.04,2613169,0
20250625,100000,106.05,106.14,105.18,105.79,9667445,0
20250625,110000,105.8,105.8,105.06,105.45,5173845,0
20250625,120000,105.45,105.7,105.22,105.7,3304393,0
20250625,130000,105.7,106.09,105.56,105.9,3596035,0
20250625,140000,105.93,106.06,105.7,105.88,3008512,0
20250625,150000,105.88,106,105.7,105.73,1605815,0
20250625,160000,105.74,105.87,105.2,105.38,2417338,0
20250625,170000,105.37,105.99,105.14,105.35,5052742,0
20250625,180000,105.37,105.48,105.1,105.45,3229431,0
20250625,190000,105.45,105.73,105.04,105.45,2426405,0
20250625,200000,105.46,105.66,105.45,105.55,675601,0
20250625,210000,105.54,106.74,105.51,106.62,10069676,0
20250625,220000,106.66,107.47,106.47,107.31,12075401,0
20250625,230000,107.3,107.58,107.08,107.48,5151030,0
20250626,070000,107.49,107.76,107,107.23,4665129,0
20250626,080000,107.23,107.38,106.61,107.31,3967107,0
20250626,090000,107.31,107.45,106.89,107,4231437,0
20250626,100000,106.99,107.14,106.18,106.49,9696119,0
20250626,110000,106.5,106.92,106.4,106.59,5350595,0
20250626,120000,106.57,106.7,106.04,106.7,6987306,0
20250626,130000,106.7,107.15,106.69,106.84,5519756,0
20250626,140000,106.85,107.2,106.85,107.16,2871609,0
20250626,150000,107.17,107.2,106.35,106.58,6762445,0
20250626,160000,106.56,106.75,106.2,106.63,3772721,0
20250626,170000,106.63,106.97,106.5,106.67,2316641,0
20250626,180000,106.67,106.87,106.4,106.45,1446955,0
20250626,190000,106.46,106.84,106.37,106.6,1700822,0
20250626,200000,106.61,106.75,106.46,106.73,1009445,0
20250626,210000,106.7,106.72,106.29,106.55,1864378,0
20250626,220000,106.55,106.73,106.52,106.6,772574,0
20250626,230000,106.6,106.62,106.42,106.46,1252956,0
20250627,070000,106.74,106.75,106.27,106.38,1196566,0
20250627,080000,106.38,106.4,106.23,106.36,837581,0
20250627,090000,106.36,106.7,106.33,106.59,1192458,0
20250627,100000,106.59,106.69,106.28,106.5,3887515,0
20250627,110000,106.48,106.7,106.16,106.69,4559329,0
20250627,120000,106.69,106.85,106.49,106.75,4144540,0
20250627,130000,106.74,106.9,106.39,106.65,3340094,0
20250627,140000,106.65,106.65,106.36,106.49,2842814,0
20250627,150000,106.5,106.69,106.19,106.52,4107020,0
20250627,160000,106.52,106.73,106.33,106.73,4159355,0
20250627,170000,106.73,107,106.49,107,5701218,0
20250627,180000,107,107.13,106.78,106.85,4278284,0
20250627,190000,106.87,107.11,106.8,107,1824778,0
20250627,200000,107,107.07,106.85,106.93,793470,0
20250627,210000,106.93,106.94,106.78,106.82,876221,0
20250627,220000,106.84,106.94,106.71,106.86,1316277,0
20250627,230000,106.86,106.95,106.74,106.75,1375400,0
20250628,090000,106.96,106.96,106.96,106.96,21954,0
20250628,100000,106.98,107.27,106.88,107.09,1605494,0
20250628,110000,107.08,107.2,107.07,107.17,435040,0
20250628,120000,107.15,107.23,107.12,107.19,412796,0
20250628,130000,107.19,107.23,107.15,107.22,400787,0
20250628,140000,107.22,107.22,107.16,107.17,205555,0
20250628,150000,107.17,107.21,107.13,107.16,345205,0
20250628,160000,107.16,107.2,107.11,107.15,202389,0
20250628,170000,107.15,107.21,107.12,107.15,252522,0
20250628,180000,107.15,107.18,107.04,107.13,324047,0
20250629,090000,107.14,107.14,107.14,107.14,4723,0
20250629,100000,107.16,107.45,107.14,107.39,1013760,0
20250629,110000,107.39,107.44,107.28,107.36,462941,0
20250629,120000,107.36,107.36,107.27,107.33,280560,0
20250629,130000,107.35,107.39,107.26,107.39,446628,0
20250629,140000,107.38,107.4,107.28,107.34,432508,0
20250629,150000,107.34,107.37,107.28,107.36,449485,0
20250629,160000,107.36,107.77,107.25,107.41,3299182,0
20250629,170000,107.41,107.5,107.24,107.3,932347,0
20250629,180000,107.29,107.36,107.2,107.28,1297922,0
20250630,070000,107.35,107.6,107.3,107.53,1876961,0
20250630,080000,107.52,107.53,106.83,107.1,3831461,0
20250630,090000,107.1,107.36,106.87,107.25,2460627,0
20250630,100000,107.25,107.48,105.3,105.99,27507033,0
20250630,110000,105.99,106.5,105.31,105.7,14002306,0
20250630,120000,105.69,106.29,105.65,105.98,6415964,0
20250630,130000,105.96,106.78,105.96,106.62,6991602,0
20250630,140000,106.62,106.85,105.64,105.99,8866476,0
20250630,150000,105.99,106.4,105.68,106.3,4177327,0
20250630,160000,106.3,106.63,106.07,106.41,3943347,0
20250630,170000,106.41,106.63,106.1,106.47,3764526,0
20250630,180000,106.45,106.56,106.21,106.47,1534123,0
20250630,190000,106.47,106.58,106.12,106.39,1819467,0
20250630,200000,106.38,106.4,105.97,106.16,2363011,0
20250630,210000,106.16,106.33,106,106.19,1127777,0
20250630,220000,106.17,106.29,106.09,106.21,731298,0
20250630,230000,106.21,106.24,106.1,106.22,833393,0
20250701,070000,106.21,106.8,105.8,106.6,2897450,0
20250701,080000,106.6,106.63,106.36,106.49,1167373,0
20250701,090000,106.48,106.9,106.26,106.86,3090476,0
20250701,100000,106.89,106.97,105.75,106.17,11450798,0
20250701,110000,106.18,106.2,105.63,105.86,9561220,0
20250701,120000,105.86,105.9,105.5,105.9,6574143,0
20250701,130000,105.89,105.9,105.56,105.75,2604869,0
20250701,140000,105.75,105.9,105.72,105.8,2605104,0
20250701,150000,105.8,105.9,105.75,105.76,3551730,0
20250701,160000,105.76,106.15,105.42,105.79,4609233,0
20250701,170000,105.8,107.2,102.62,105.5,66087753,0
20250701,180000,105.48,105.77,104.54,104.97,39299435,0
20250701,190000,104.9,105.47,104.65,105.18,10809956,0
20250701,200000,105.14,105.75,105.07,105.54,4695459,0
20250701,210000,105.54,105.6,104.9,105.18,3762902,0
20250701,220000,105.15,105.18,104.49,104.75,6517612,0
20250701,230000,104.74,104.9,104.46,104.69,3380499,0
20250702,060000,105,105,105,105,73223,0
20250702,070000,105,105.16,103.61,103.68,9793060,0
20250702,080000,103.68,104.27,103.67,103.88,4733364,0
20250702,090000,103.89,104.12,103.65,103.81,5451089,0
20250702,100000,103.81,103.81,102.55,102.55,20978700,0
20250702,110000,102.55,102.87,101.31,101.48,32068847,0
20250702,120000,101.48,102.47,101.35,102.3,14978520,0
20250702,130000,102.3,103.1,102.04,102.7,13361924,0
20250702,140000,102.7,103.16,102.7,102.95,5984123,0
20250702,150000,102.97,103.26,102.85,103.2,6006162,0
20250702,160000,103.2,103.22,102.71,102.91,4495730,0
20250702,170000,102.92,103.1,102.49,102.65,5303409,0
20250702,180000,102.66,102.86,102.31,102.6,2949270,0
20250702,190000,103.1,103.68,102.8,102.85,15640811,0
20250702,200000,102.86,102.96,102.56,102.58,3482427,0
20250702,210000,102.58,102.68,101.8,102.15,8977658,0
20250702,220000,102.15,102.55,102.14,102.49,2871372,0
20250702,230000,102.45,102.6,102.2,102.57,1662101,0
20250703,060000,102.61,102.61,102.61,102.61,22252,0
20250703,070000,102.61,103.13,102.6,102.75,2539686,0
20250703,080000,102.75,103,102.67,102.9,1249627,0
20250703,090000,102.89,102.89,102.22,102.34,2794766,0
20250703,100000,102.34,102.7,102.12,102.43,4817547,0
20250703,110000,102.43,102.56,102.05,102.16,6153717,0
20250703,120000,102.16,102.3,101.9,102.03,6752776,0
20250703,130000,102.02,102.08,101.65,101.84,8229634,0
20250703,140000,101.84,102.19,101.38,101.83,8031105,0
20250703,150000,101.84,102.14,101.63,101.88,4033505,0
20250703,160000,101.89,102.09,101.33,102,9812159,0
20250703,170000,102,102.11,101.62,101.92,3694269,0
20250703,180000,101.92,101.94,101.5,101.63,2228984,0
20250703,190000,101.63,101.7,100.43,100.87,15594922,0
20250703,200000,100.86,100.86,99.61,100.09,13952358,0
20250703,210000,100.09,100.47,99.86,100.19,7296696,0
20250703,220000,100.19,100.69,100,100.15,4672901,0
20250703,230000,100.16,100.38,99.63,99.94,5669716,0
20250704,060000,99.86,99.86,99.86,99.86,52111,0
20250704,070000,99.86,99.88,98.71,99.15,12048599,0
20250704,080000,99.15,99.17,98.31,98.68,8989788,0
20250704,090000,98.68,99.44,98.65,99.3,7436747,0
20250704,100000,99.3,99.92,98.88,99.4,9494547,0
20250704,110000,99.36,99.86,99.18,99.47,5072975,0
20250704,120000,99.47,99.5,98.62,99.25,6506275,0
20250704,130000,99.25,99.4,98.94,99.17,3753178,0
20250704,140000,99.19,100.19,99.17,100.02,8451867,0
20250704,150000,100.04,100.16,99.48,99.99,6945324,0
20250704,160000,99.97,100.79,99.95,100.32,8369413,0
20250704,170000,100.32,100.96,99.86,100.75,5774861,0
20250704,180000,100.75,100.85,100.18,100.32,3022744,0
20250704,190000,100.35,100.47,99.33,99.38,5599798,0
20250704,200000,99.38,99.5,98.91,99.1,7390450,0
20250704,210000,99.1,99.42,99.04,99.21,2536683,0
20250704,220000,99.21,99.55,99.14,99.48,1508308,0
20250704,230000,99.49,99.62,99.29,99.38,2500933,0
20250705,090000,99.55,99.55,99.55,99.55,12675,0
20250705,100000,99.56,99.67,99.3,99.58,861659,0
20250705,110000,99.58,99.59,99.33,99.38,442889,0
20250705,120000,99.38,99.53,99.31,99.52,328000,0
20250705,130000,99.52,99.54,99.42,99.45,308001,0
20250705,140000,99.45,99.49,99.36,99.49,329001,0
20250705,150000,99.49,99.53,99.35,99.43,323610,0
20250705,160000,99.42,99.49,99.39,99.44,153484,0
20250705,170000,99.44,99.52,99.39,99.49,192533,0
20250705,180000,99.49,99.49,99.34,99.39,448943,0
20250706,090000,99.41,99.41,99.41,99.41,8231,0
20250706,100000,99.42,99.6,99.09,99.33,1162539,0
20250706,110000,99.33,99.35,99.23,99.31,445964,0
20250706,120000,99.31,99.35,99.26,99.32,167820,0
20250706,130000,99.32,99.43,99.25,99.38,594768,0
20250706,140000,99.38,99.53,99.34,99.5,533981,0
20250706,150000,99.5,99.7,99.4,99.65,636970,0
20250706,160000,99.65,99.7,99.6,99.69,450219,0
20250706,170000,99.7,100.79,99.66,100.43,4196229,0
20250706,180000,100.41,100.75,100.1,100.15,2146805,0
20250707,060000,100.47,100.47,100.47,100.47,45212,0
20250707,070000,100.44,100.47,99.48,99.68,3599720,0
20250707,080000,99.68,99.73,98.7,99.18,5597023,0
20250707,090000,99.17,99.64,99.13,99.27,3562017,0
20250707,100000,99.27,99.66,98.9,99.48,5279101,0
20250707,110000,99.47,99.47,98.68,98.89,5679703,0
20250707,120000,98.88,99.2,98.31,98.6,11650786,0
20250707,130000,98.59,98.6,97.62,98.05,14369451,0
20250707,140000,98.06,98.55,97.81,98.39,4207954,0
20250707,150000,98.38,98.48,98.09,98.28,2071649,0
20250707,160000,98.28,98.28,97.74,97.84,4226356,0
20250707,170000,97.84,97.99,97.52,97.79,6663728,0
20250707,180000,97.79,97.83,96.7,97.15,13383162,0
20250707,190000,97.09,97.14,96.55,96.68,10653019,0
20250707,200000,96.69,96.9,96.61,96.84,4873828,0
20250707,210000,96.84,96.84,96.27,96.64,7403017,0
20250707,220000,96.64,96.9,96.51,96.9,2240211,0
20250707,230000,96.9,96.9,96.51,96.6,1877219,0
20250708,060000,96.2,96.2,96.2,96.2,95322,0
20250708,070000,96.2,96.4,95.55,95.61,8084512,0
20250708,080000,95.61,95.63,94.32,94.91,19565701,0
20250708,090000,94.91,95.71,94.7,95.57,12708169,0
20250708,100000,95.55,96.44,95.15,96.26,25821752,0
20250708,110000,96.26,96.56,95.7,96.42,10470783,0
20250708,120000,96.42,96.48,96.07,96.13,5745116,0
20250708,130000,96.13,96.17,95.57,95.8,6057898,0
20250708,140000,95.81,96.03,95.55,95.63,3648298,0
20250708,150000,95.64,95.92,95.57,95.58,4091431,0
20250708,160000,95.6,96.25,95.57,96.19,8174849,0
20250708,170000,96.18,96.95,96.08,96.95,8292358,0
20250708,180000,96.94,97.48,96.69,96.94,10723347,0
20250708,190000,96.95,97.09,94.74,95.23,17306628,0
20250708,200000,95.23,95.36,94.71,94.82,8797763,0
20250708,210000,94.82,94.97,94.51,94.82,6248865,0
20250708,220000,94.83,95.15,94.78,94.79,3014982,0
20250708,230000,94.79,94.79,94.03,94.38,8149851,0
20250709,060000,94.5,94.5,94.5,94.5,91134,0
20250709,070000,94.51,95.37,94.22,94.87,4990952,0
20250709,080000,94.85,95.03,94.44,94.49,3560943,0
20250709,090000,94.48,95.66,94.33,95.63,9131512,0
20250709,100000,95.63,95.78,94.88,95.45,12338495,0
20250709,110000,95.45,95.76,94.88,95.59,6846087,0
20250709,120000,95.6,95.64,94.81,94.91,5329085,0
20250709,130000,94.91,95.17,94.76,95.08,4165016,0
20250709,140000,95.09,95.48,95.04,95.28,4407339,0
20250709,150000,95.25,95.6,95.14,95.24,5863426,0
20250709,160000,95.24,95.26,94.55,94.81,6669077,0
20250709,170000,94.82,94.89,93.37,93.57,21935323,0
20250709,180000,93.57,93.79,92.82,93.32,15821104,0
20250709,190000,93.4,94,93.35,93.83,8118684,0
20250709,200000,93.83,94.06,93.1,93.31,6485556,0
20250709,210000,93.31,94.2,93.24,94.01,3691838,0
20250709,220000,94.01,94.58,94,94.36,5076674,0
20250709,230000,94.35,94.54,94.16,94.45,3249701,0
20250710,060000,93.05,93.05,93.05,93.05,3308282,0
20250710,070000,93.09,94.29,93.06,93.63,9014512,0
20250710,080000,93.63,93.8,93.2,93.61,6127634,0
20250710,090000,93.61,94.1,93.6,93.93,4703645,0
20250710,100000,93.94,94.36,93.7,94,11005610,0
20250710,110000,93.99,94.14,93.44,93.99,9933636,0
20250710,120000,94,94.05,93.4,93.79,8444812,0
20250710,130000,93.78,93.89,93.61,93.68,7108364,0
20250710,140000,93.69,93.82,93.6,93.75,9393293,0
20250710,150000,93.75,95,93.73,94.96,18605736,0
20250710,160000,94.96,95.05,94.53,94.78,9780466,0
20250710,170000,94.77,94.95,93.73,93.96,19803234,0
20250710,180000,93.96,94.25,93.7,93.97,11862498,0
20250710,190000,93.98,94.29,93.85,93.91,5587698,0
20250710,200000,93.9,93.98,93.6,93.74,5094999,0
20250710,210000,93.73,93.8,93.39,93.7,8191602,0
20250710,220000,93.7,93.85,93.62,93.68,4771793,0
20250710,230000,93.68,93.71,93.23,93.46,14854569,0
20250711,090000,71,71,71,71,2428633,0
20250711,100000,71.01,73.4,70.91,73.27,94807533,0
20250711,110000,73.27,73.43,71.34,71.74,56574937,0
20250711,120000,71.74,72.92,71.6,72.37,28991411,0
20250711,130000,72.37,73.12,72.35,73.06,20348091,0
20250711,140000,73.07,73.17,72.48,72.98,12970054,0
20250711,150000,72.98,73.88,72.96,73.88,21642025,0
20250711,160000,73.88,74.9,73.6,74.72,29365047,0
20250711,170000,74.72,74.88,73.26,73.32,23107018,0
20250711,180000,73.32,73.47,72.51,72.79,17511986,0
20250712,090000,72.79,72.79,72.79,72.79,49666,0
20250712,100000,72.79,74.02,72.6,73.69,5243977,0
20250712,110000,73.66,74,73.58,73.65,2222283,0
20250712,120000,73.66,74,73.65,73.79,2021160,0
20250712,130000,73.79,73.83,73.7,73.75,853680,0
20250712,140000,73.79,73.79,73.44,73.57,1419806,0
20250712,150000,73.57,73.61,73.3,73.4,1277378,0
20250712,160000,73.39,73.54,73.3,73.43,575869,0
20250712,170000,73.43,73.55,73.15,73.19,1363995,0
20250712,180000,73.19,73.39,73.15,73.29,930990,0
20250713,090000,73.55,73.55,73.55,73.55,24308,0
20250713,100000,73.56,73.59,73.2,73.28,1332974,0
20250713,110000,73.28,73.35,72.85,72.93,1634442,0
20250713,120000,72.93,72.93,72.41,72.59,3783245,0
20250713,130000,72.59,72.75,72.22,72.38,1315129,0
20250713,140000,72.4,72.58,72.3,72.52,800760,0
20250713,150000,72.52,72.65,72.36,72.45,467913,0
20250713,160000,72.45,72.5,72.33,72.5,625514,0
20250713,170000,72.5,72.64,72.49,72.55,522063,0
20250713,180000,72.56,72.84,72.47,72.8,1161661,0
20250714,060000,72.68,72.68,72.68,72.68,101414,0
20250714,070000,72.67,72.77,71.79,72.29,6557371,0
20250714,080000,72.27,72.53,71.95,72.4,3083997,0
20250714,090000,72.4,72.9,72.27,72.89,4509456,0
20250714,100000,72.87,73.11,72.03,72.31,17315177,0
20250714,110000,72.33,72.33,71.27,71.82,22254788,0
20250714,120000,71.8,72.35,71.8,72.14,8225658,0
20250714,130000,72.15,72.49,72.06,72.1,7015252,0
20250714,140000,72.09,72.45,71.84,72.42,6415636,0
20250714,150000,72.42,72.84,72.36,72.8,5746539,0
20250714,160000,72.8,72.9,72.5,72.6,4863963,0
20250714,170000,72.62,72.9,72.5,72.55,3949272,0
20250714,180000,72.56,74.86,72.29,74.43,22758164,0
20250714,190000,74.4,75.3,74.01,75.03,19551653,0
20250714,200000,75.03,75.15,74.51,74.67,5263632,0
20250714,210000,74.66,74.84,74.51,74.57,2699828,0
20250714,220000,74.56,75.2,74.55,75.12,4350480,0
20250714,230000,75.12,75.16,74.8,74.91,2336483,0
20250715,060000,75.07,75.07,75.07,75.07,8777,0
20250715,070000,75.07,75.97,74.81,75.89,6461836,0
20250715,080000,75.89,76.95,75.88,76.42,11768137,0
20250715,090000,76.4,76.72,75.95,76.27,9562779,0
20250715,100000,76.27,76.57,75.88,76.05,13112302,0
20250715,110000,76.06,76.47,75.91,76.33,6831683,0
20250715,120000,76.36,76.58,76.14,76.45,8330597,0
20250715,130000,76.45,76.84,76.4,76.7,8532282,0
20250715,140000,76.7,76.7,76.2,76.5,8496989,0
20250715,150000,76.5,76.93,76.25,76.89,7604517,0
20250715,160000,76.88,77.73,76.73,77.43,19256119,0
20250715,170000,77.42,78.85,77.42,78.11,26636912,0
20250715,180000,78.11,78.54,77.78,78.25,6988035,0
20250715,190000,78.26,78.81,78.15,78.79,6683471,0
20250715,200000,78.79,78.8,78.35,78.68,4978504,0
20250715,210000,78.67,78.71,78.46,78.68,2574072,0
20250715,220000,78.7,78.78,78.55,78.58,2410640,0
20250715,230000,78.58,78.92,78.55,78.85,3371750,0
20250716,060000,79,79,79,79,241569,0
20250716,070000,79,80.08,78.99,79.92,15715194,0
20250716,080000,79.94,80.83,79.69,80.42,14631741,0
20250716,090000,80.43,80.43,79.32,79.73,20371659,0
20250716,100000,79.74,79.87,78.73,79.35,18011040,0
20250716,110000,79.35,79.81,79.23,79.5,8776989,0
20250716,120000,79.5,80.16,79.42,79.95,11923929,0
20250716,130000,79.95,80.09,79.6,79.79,7399988,0
20250716,140000,79.79,79.92,79.41,79.54,7111769,0
20250716,150000,79.54,79.67,79.08,79.19,6548364,0
20250716,160000,79.19,79.66,79.18,79.6,5311343,0
20250716,170000,79.6,79.74,79.42,79.74,5070614,0
20250716,180000,79.73,79.74,79.48,79.5,1942183,0
20250716,190000,79.67,80.29,79.61,79.75,8822801,0
20250716,200000,79.75,80.05,79.72,79.93,3212701,0
20250716,210000,79.94,79.96,79.64,79.64,1843535,0
20250716,220000,79.64,79.73,79.52,79.65,1916857,0
20250716,230000,79.64,79.68,79.34,79.38,2118456,0
20250717,060000,79.6,79.6,79.6,79.6,35712,0
20250717,070000,79.62,80.3,79.5,79.9,5137686,0
20250717,080000,79.9,80.17,79.74,79.78,2583251,0
20250717,090000,79.8,80.19,79.78,80.08,3296534,0
20250717,100000,80.06,80.24,79.75,80.1,8464923,0
20250717,110000,80.11,80.15,79.88,79.94,3961140,0
20250717,120000,79.94,80.01,79.82,79.93,2984050,0
20250717,130000,79.92,79.95,78.81,79.01,11635570,0
20250717,140000,79.03,79.17,78.22,78.78,16655239,0
20250717,150000,78.78,78.87,78.27,78.33,6078161,0
20250717,160000,78.32,78.79,78.26,78.63,4926958,0
20250717,170000,78.63,78.76,77.85,78.15,7034285,0
20250717,180000,78.15,78.9,78.01,78.33,4635295,0
20250717,190000,78.34,78.35,77.53,77.55,6754762,0
20250717,200000,77.55,78.19,77.18,78.13,8636163,0
20250717,210000,78.12,78.24,77.67,77.73,3070220,0
20250717,220000,77.72,78.09,77.69,77.98,2873392,0
20250717,230000,77.97,78.11,77.83,78.02,1742747,0
20250718,060000,78.02,78.02,78.02,78.02,76578,0
20250718,070000,78.02,78.96,78,78.58,5334597,0
20250718,080000,78.6,78.67,78.38,78.47,1308358,0
20250718,090000,78.46,78.7,78.03,78.08,3360709,0
20250718,100000,78.12,79.31,78.1,79,10644530,0
20250718,110000,79,79.74,78.95,79.54,9349900,0
20250718,120000,79.54,79.78,79.26,79.33,5526838,0
20250718,130000,79.33,79.7,79.3,79.44,3261501,0
20250718,140000,79.44,79.62,79.12,79.32,3561259,0
20250718,150000,79.32,79.54,79.11,79.18,2682518,0
20250718,160000,79.19,80.08,79.1,79.95,7397658,0
20250718,170000,79.94,80.19,79.79,79.82,6003297,0
20250718,180000,79.82,80.08,79.82,80,2309744,0
20250718,190000,80.04,80.6,79.95,80.23,7437350,0
20250718,200000,80.22,80.57,80.21,80.46,2948603,0
20250718,210000,80.45,80.46,80.2,80.31,1525421,0
20250718,220000,80.32,80.73,80.31,80.73,2269998,0
20250718,230000,80.72,81.25,80.55,81,5457334,0
20250719,090000,81.35,81.35,81.35,81.35,66839,0
20250719,100000,81.36,82.96,81.3,82.6,12942564,0
20250719,110000,82.61,82.88,82.17,82.55,5677621,0
20250719,120000,82.54,82.7,82.34,82.4,2807172,0
20250719,130000,82.4,82.59,82.25,82.49,1678320,0
20250719,140000,82.48,82.55,82.31,82.47,1073124,0
20250719,150000,82.45,82.51,82.35,82.48,686711,0
20250719,160000,82.49,82.59,82.4,82.53,798681,0
20250719,170000,82.55,82.62,82.48,82.57,928798,0
20250719,180000,82.57,82.8,82.55,82.76,2363404,0
20250720,090000,83.35,83.35,83.35,83.35,179502,0
20250720,100000,83.34,83.45,82.83,82.88,5454688,0
20250720,110000,82.86,83.08,82.32,82.56,3944461,0
20250720,120000,82.56,82.91,82.43,82.73,1580384,0
20250720,130000,82.73,82.77,82.51,82.74,967126,0
20250720,140000,82.74,82.88,82.67,82.83,942720,0
20250720,150000,82.82,82.87,82.64,82.78,1361863,0
20250720,160000,82.77,83,82.77,82.97,1348120,0
20250720,170000,82.97,83.04,82.7,82.73,1527329,0
20250720,180000,82.72,82.93,82.66,82.9,1420475,0
20250721,060000,82.9,82.9,82.9,82.9,112252,0
20250721,070000,82.9,83.25,82.51,83.14,6262433,0
20250721,080000,83.14,83.48,83.04,83.3,4243467,0
20250721,090000,83.3,83.3,81.51,82.14,18666368,0
20250721,100000,82.15,82.57,81.38,81.61,15707338,0
20250721,110000,81.61,82.1,81.5,81.97,7108735,0
20250721,120000,81.97,82.32,81.82,82.32,5622149,0
20250721,130000,82.32,82.52,81.84,81.97,6355209,0
20250721,140000,81.97,82.11,81.71,82.11,2817302,0
20250721,150000,82.12,82.15,81.88,82.05,2391776,0
20250721,160000,82.05,82.12,81.75,81.92,2636784,0
20250721,170000,81.91,82.31,81.8,82.3,3486291,0
20250721,180000,82.31,82.31,81.98,82.11,2299227,0
20250721,190000,82.11,82.17,81.73,81.94,2500594,0
20250721,200000,81.94,82.04,81.78,81.99,1032598,0
20250721,210000,82,82.14,81.92,82.1,719952,0
20250721,220000,82.1,82.1,81.92,81.95,559609,0
20250721,230000,81.95,82.06,81.93,82.05,698136,0
20250722,060000,82.24,82.24,82.24,82.24,19962,0
20250722,070000,82.1,82.32,81.53,81.6,2279407,0
20250722,080000,81.61,82,81.59,81.67,1495747,0
20250722,090000,81.67,82.09,81.56,81.88,1694995,0
20250722,100000,81.88,82.04,81.61,81.65,3774575,0
20250722,110000,81.65,81.79,81.22,81.64,5690820,0
20250722,120000,81.64,81.77,81.33,81.76,3079484,0
20250722,130000,81.77,82.19,81.72,82,5735986,0
20250722,140000,82,82.28,81.9,81.93,3192790,0
20250722,150000,81.91,82.24,81.91,82.13,1848418,0
20250722,160000,82.14,82.72,82.09,82.57,5684134,0
20250722,170000,82.57,82.67,82.1,82.1,3043229,0
20250722,180000,82.1,82.65,82,82.36,2595135,0
20250722,190000,82.49,82.64,82.29,82.41,2093107,0
20250722,200000,82.42,82.55,82.26,82.52,807182,0
20250722,210000,82.52,82.52,82.39,82.4,412746,0
20250722,220000,82.4,82.5,82.38,82.43,455919,0
20250722,230000,82.43,82.57,82.43,82.51,774295,0
20250723,060000,82.51,82.51,82.51,82.51,23977,0
20250723,070000,82.51,82.97,82.49,82.5,3057613,0
20250723,080000,82.57,82.67,82.26,82.26,1594591,0
20250723,090000,82.29,82.87,82.27,82.73,2372332,0
20250723,100000,82.72,82.9,82.6,82.84,4720727,0
20250723,110000,82.84,82.97,82.7,82.78,7520713,0
20250723,120000,82.78,82.85,82.73,82.84,2092929,0
20250723,130000,82.84,82.89,82.71,82.8,3395430,0
20250723,140000,82.81,82.94,82.79,82.86,2514676,0
20250723,150000,82.86,82.88,82.35,82.56,4762883,0
20250723,160000,82.57,82.72,82.21,82.34,3857912,0
20250723,170000,82.34,82.5,82.14,82.26,2449920,0
20250723,180000,82.26,82.84,82.12,82.77,4167886,0
20250723,190000,82.9,83,82.53,82.84,8238503,0
20250723,200000,82.83,82.84,82.63,82.75,1538156,0
20250723,210000,82.76,82.85,82.52,82.69,2369514,0
20250723,220000,82.68,82.77,82.35,82.63,2143322,0
20250723,230000,82.64,82.65,82.53,82.6,1013571,0
20250724,060000,82.73,82.73,82.73,82.73,14372,0
20250724,070000,82.74,82.84,82.53,82.76,1432095,0
20250724,080000,82.77,82.77,82.55,82.67,666757,0
20250724,090000,82.67,83,82.61,82.93,3907119,0
20250724,100000,82.93,83.15,82.21,82.34,9340632,0
20250724,110000,82.34,82.46,81.77,82.3,10996036,0
20250724,120000,82.3,82.55,82.27,82.41,5401287,0
20250724,130000,82.41,82.6,82.31,82.42,4044990,0
20250724,140000,82.42,82.55,82.36,82.48,1696107,0
20250724,150000,82.48,82.58,82.35,82.39,2168577,0
20250724,160000,82.39,82.41,82.03,82.16,3505784,0
20250724,170000,82.16,82.31,82.12,82.3,1185712,0
20250724,180000,82.3,82.3,82.05,82.15,1390833,0
20250724,190000,82.08,82.39,82.07,82.25,1644859,0
20250724,200000,82.25,82.36,82.05,82.12,1217844,0
20250724,210000,82.13,82.35,82.12,82.18,1149216,0
20250724,220000,82.2,82.36,82.15,82.16,784189,0
20250724,230000,82.18,82.35,82.15,82.28,792304,0
20250725,060000,82.4,82.4,82.4,82.4,10883,0
20250725,070000,82.41,82.59,82.26,82.34,1570561,0
20250725,080000,82.34,82.45,82.27,82.38,690733,0
20250725,090000,82.37,82.5,82.21,82.23,1236888,0
20250725,100000,82.23,82.48,82.11,82.41,3569714,0
20250725,110000,82.41,82.66,82.3,82.56,4983974,0
20250725,120000,82.56,82.62,82.42,82.5,3463966,0
20250725,130000,82.5,84.46,81.8,84.08,47133639,0
20250725,140000,84.07,84.24,83.42,83.86,21038594,0
20250725,150000,83.86,84.43,83.57,83.72,15306683,0
20250725,160000,83.72,83.75,83.13,83.33,12077405,0
20250725,170000,83.33,83.41,82.83,83.29,9997078,0
20250725,180000,83.28,83.29,82.62,83.01,4849313,0
20250725,190000,83,83.3,82.95,83.29,4783355,0
20250725,200000,83.29,83.65,83.27,83.42,4846616,0
20250725,210000,83.4,83.5,83.28,83.4,2166778,0
20250725,220000,83.4,83.65,83.38,83.57,2156521,0
20250725,230000,83.56,83.65,83.47,83.6,2010828,0
20250726,090000,83.7,83.7,83.7,83.7,24519,0
20250726,100000,83.7,83.95,83.58,83.72,2317945,0
20250726,110000,83.72,83.81,83.6,83.68,477142,0
20250726,120000,83.67,83.7,83.56,83.6,448145,0
20250726,130000,83.6,83.61,83.4,83.45,686775,0
20250726,140000,83.45,83.55,83.28,83.41,713640,0
20250726,150000,83.41,83.55,83.35,83.44,440421,0
20250726,160000,83.44,83.57,83.41,83.54,233804,0
20250726,170000,83.54,83.54,83.34,83.53,607987,0
20250726,180000,83.53,83.53,83.45,83.46,261251,0
20250727,090000,83.5,83.5,83.5,83.5,17622,0
20250727,100000,83.5,83.63,83.23,83.31,1515537,0
20250727,110000,83.3,83.32,82.97,83.18,1290931,0
20250727,120000,83.19,83.37,83.18,83.33,278599,0
20250727,130000,83.33,83.41,83.25,83.36,303417,0
20250727,140000,83.36,83.4,83.3,83.38,273799,0
20250727,150000,83.39,83.42,83.13,83.3,524658,0
20250727,160000,83.29,83.35,83.27,83.3,175448,0
20250727,170000,83.3,83.33,83.21,83.3,198877,0
20250727,180000,83.3,83.31,83.2,83.3,666953,0
20250728,060000,83.41,83.41,83.41,83.41,35390,0
20250728,070000,83.4,83.41,82.8,83.14,2825382,0
20250728,080000,83.15,83.59,83.1,83.59,1716165,0
20250728,090000,83.59,83.6,83.1,83.18,2793830,0
20250728,100000,83.16,83.26,81.86,82.06,16679314,0
20250728,110000,82.08,82.49,81.89,82.35,9902725,0
20250728,120000,82.35,82.69,82.25,82.29,5897847,0
20250728,130000,82.29,82.59,80.73,80.89,15420136,0
20250728,140000,80.89,81.42,79.88,80.27,54584545,0
20250728,150000,80.27,80.56,79.12,79.85,29135564,0
20250728,160000,79.85,80.08,78.77,79.48,32383004,0
20250728,170000,79.48,79.64,78.81,79.46,18166390,0
20250728,180000,79.46,79.78,79.22,79.45,6159697,0
20250728,190000,79.48,79.99,79.48,79.98,7132408,0
20250728,200000,79.98,79.99,79.64,79.78,4141856,0
20250728,210000,79.78,79.88,79.6,79.69,2041745,0
20250728,220000,79.69,79.7,79.16,79.39,4818025,0
20250728,230000,79.39,79.8,79.33,79.59,3313729,0
20250729,060000,79.6,79.6,79.6,79.6,23404,0
20250729,070000,79.7,79.94,78.83,79.51,5918796,0
20250729,080000,79.52,79.6,79.27,79.35,1848286,0
20250729,090000,79.35,79.56,79.05,79.41,3189920,0
20250729,100000,79.43,79.57,77.4,77.89,39903231,0
20250729,110000,77.88,78.72,77.68,78.6,13292404,0
20250729,120000,78.61,79.45,78.31,79.13,11523628,0
20250729,130000,79.14,79.8,78.91,79.42,8550248,0
20250729,140000,79.42,79.78,79.23,79.57,5056795,0
20250729,150000,79.58,80.23,79.52,79.89,11053967,0
20250729,160000,79.89,80,79.12,79.5,8462761,0
20250729,170000,79.5,79.86,79.39,79.79,4270831,0
20250729,180000,79.79,79.86,79.33,79.4,2815662,0
20250729,190000,79.35,79.49,79.01,79.29,4263466,0
20250729,200000,79.31,79.57,78.34,78.41,9516793,0
20250729,210000,78.38,79,78.23,78.59,11521237,0
20250729,220000,78.6,78.81,78.48,78.77,2548287,0
20250729,230000,78.77,79.08,78.6,78.72,2467250,0
20250730,060000,78.71,78.71,78.71,78.71,11332,0
20250730,070000,78.7,79.05,78.07,78.66,4686713,0
20250730,080000,78.66,79.09,78.6,78.75,1618187,0
20250730,090000,78.77,79.49,78.74,79.39,3260820,0
20250730,100000,79.39,79.39,78.42,79.04,11264015,0
20250730,110000,79.04,79.15,78.5,78.63,4014724,0
20250730,120000,78.64,78.96,78.61,78.74,2511950,0
20250730,130000,78.74,78.82,78.56,78.79,1302214,0
20250730,140000,78.79,78.8,78.31,78.55,2800570,0
20250730,150000,78.56,78.65,77.82,77.88,7181567,0
20250730,160000,77.88,78.36,77.77,78.25,4202139,0
20250730,170000,78.24,78.64,78.24,78.62,2836214,0
20250730,180000,78.62,78.62,78.2,78.44,1479315,0
20250730,190000,78.46,78.51,78.13,78.21,1760072,0
20250730,200000,78.21,78.47,78.14,78.3,898632,0
20250730,210000,78.29,78.36,78.21,78.24,797696,0
20250730,220000,78.24,78.28,78.08,78.26,1221527,0
20250730,230000,78.26,78.3,78.17,78.19,941638,0
20250731,060000,77.96,77.96,77.96,77.96,103297,0
20250731,070000,77.97,78.61,77.7,78.48,2384642,0
20250731,080000,78.48,78.76,78.3,78.75,1599143,0
20250731,090000,78.76,79.21,78.58,78.94,4364419,0
20250731,100000,78.91,81.28,75.01,76.25,167171441,0
20250731,110000,76.25,77.28,75.75,76.52,43803104,0
20250731,120000,76.52,78.09,76.41,77.63,29451995,0
20250731,130000,77.64,78,77.1,77.34,14338024,0
20250731,140000,77.33,77.61,76.59,76.81,13208060,0
20250731,150000,76.81,77.57,76.63,77.36,12789291,0
20250731,160000,77.36,78.08,77.3,77.99,11437182,0
20250731,170000,78,78,77.48,77.56,6516230,0
20250731,180000,77.55,77.9,77.53,77.8,4006159,0
20250731,190000,77.8,77.98,77.75,77.85,4640375,0
20250731,200000,77.85,77.86,77.67,77.73,2158805,0
20250731,210000,77.71,77.8,77.63,77.73,2124449,0
20250731,220000,77.73,77.88,77.67,77.87,1871370,0
20250731,230000,77.87,77.89,77.71,77.77,1160929,0
20250801,060000,78,78,78,78,66846,0
20250801,070000,78.01,78.47,77.81,78.32,6135600,0
20250801,080000,78.32,78.5,78.11,78.28,3428639,0
20250801,090000,78.27,78.36,77.9,78.28,3294095,0
20250801,100000,78.26,78.5,77.97,78.15,5942949,0
20250801,110000,78.16,78.26,78.01,78.09,2132326,0
20250801,120000,78.09,78.16,77.41,77.65,7725570,0
20250801,130000,77.66,77.7,76.9,77.17,12265163,0
20250801,140000,77.18,77.18,76.41,76.55,14454086,0
20250801,150000,76.55,77.02,76.49,76.79,5482415,0
20250801,160000,76.78,77.13,76.71,76.92,3609964,0
20250801,170000,76.91,77.12,76.71,77,2937598,0
20250801,180000,77,77.04,76.7,76.88,2618253,0
20250801,190000,76.88,76.96,76.3,76.48,3527955,0
20250801,200000,76.49,76.73,76.26,76.68,4366440,0
20250801,210000,76.68,76.77,76.56,76.7,1220999,0
20250801,220000,76.7,76.72,76.53,76.68,958744,0
20250801,230000,76.68,76.73,76.6,76.68,1777959,0
20250804,060000,76.68,76.68,76.68,76.68,53946,0
20250804,070000,76.68,76.94,76.25,76.41,3837772,0
20250804,080000,76.41,76.69,76.39,76.49,1296363,0
20250804,090000,76.49,76.5,75.86,76.15,5015591,0
20250804,100000,76.15,76.36,75.95,76.13,5249984,0
20250804,110000,76.12,76.3,75.95,76.07,4342641,0
20250804,120000,76.07,76.59,76.06,76.57,5289816,0
20250804,130000,76.57,76.78,76.44,76.76,5657421,0
20250804,140000,76.76,76.78,76.27,76.3,3459611,0
20250804,150000,76.29,76.55,76.25,76.36,2881509,0
20250804,160000,76.36,76.68,76.3,76.51,2522578,0
20250804,170000,76.51,76.63,76.27,76.46,3452389,0
20250804,180000,76.46,76.93,76.43,76.7,3844118,0
20250804,190000,76.7,76.83,76.51,76.66,1991712,0
20250804,200000,76.66,76.75,76.45,76.68,1508385,0
20250804,210000,76.68,76.74,76.48,76.69,2142143,0
20250804,220000,76.69,76.74,76.59,76.64,1042406,0
20250804,230000,76.65,76.66,76.55,76.62,843961,0
20250805,070000,76.9,76.9,76.54,76.55,1909906,0
20250805,080000,76.55,76.57,76.29,76.54,1680102,0
20250805,090000,76.57,76.79,76.52,76.68,1838024,0
20250805,100000,76.68,76.75,76.49,76.57,2285707,0
20250805,110000,76.57,76.58,76.35,76.41,2676723,0
20250805,120000,76.4,76.41,75.96,76.02,5407893,0
20250805,130000,76.02,76.25,76,76.25,3205078,0
20250805,140000,76.25,76.35,76.09,76.2,1779586,0
20250805,150000,76.2,78.18,76,77.8,39151285,0
20250805,160000,77.81,78.98,77.81,78.64,35810691,0
20250805,170000,78.62,78.86,77.7,77.73,16369937,0
20250805,180000,77.73,78.17,77.71,78,6510935,0
20250805,190000,78.05,78.18,77.9,78.13,2942191,0
20250805,200000,78.13,78.44,78.02,78.21,4349319,0
20250805,210000,78.2,78.8,78.17,78.71,5760246,0
20250805,220000,78.7,78.93,78.69,78.79,5176169,0
20250805,230000,78.79,78.88,78.66,78.85,3170943,0
20250806,070000,78.97,79.46,78.68,79.31,8750250,0
20250806,080000,79.32,79.33,78.88,78.98,3372485,0
20250806,090000,78.98,79.21,78.81,78.91,3293001,0
20250806,100000,78.92,79.2,78.36,78.64,8010535,0
20250806,110000,78.65,78.8,78.23,78.45,5939991,0
20250806,120000,78.44,78.77,78.29,78.6,2844109,0
20250806,130000,78.6,78.82,78.39,78.49,2012040,0
20250806,140000,78.5,78.58,78.27,78.55,2841909,0
20250806,150000,78.55,78.75,78.11,78.36,4099688,0
20250806,160000,78.36,78.42,77.8,77.91,5289497,0
20250806,170000,77.91,78.63,77.21,77.77,12369069,0
20250806,180000,77.77,78.13,77.69,78.04,2494842,0
20250806,190000,78.01,78.63,77.72,78.2,5376742,0
20250806,200000,78.19,79.17,78.14,78.87,12246683,0
20250806,210000,78.88,79.8,78.83,79.8,10601886,0
20250806,220000,79.8,80.26,79.19,79.73,30726087,0
20250806,230000,79.73,79.85,79.19,79.6,9720633,0
20250807,070000,79.95,79.95,79.09,79.3,3848017,0
20250807,080000,79.3,79.68,79.02,79.67,1860997,0
20250807,090000,79.68,79.68,79.21,79.34,1530248,0
20250807,100000,79.33,79.59,78.82,79.34,7920247,0
20250807,110000,79.34,80.66,79.34,80.45,30575774,0
20250807,120000,80.45,80.67,79.92,80.16,14889568,0
20250807,130000,80.16,80.22,79.92,80.08,6407250,0
20250807,140000,80.08,80.25,79.96,80.12,7771126,0
20250807,150000,80.12,80.24,79.7,80.1,7948542,0
20250807,160000,80.1,80.19,80.04,80.1,4955489,0
20250807,170000,80.09,80.14,79.78,80.07,4712016,0
20250807,180000,80.07,80.18,78.96,79.12,11542048,0
20250807,190000,79.12,79.48,78.9,79.24,6064542,0
20250807,200000,79.25,79.3,78.87,78.88,3316585,0
20250807,210000,78.89,79.38,78.87,79.31,3923198,0
20250807,220000,79.31,79.39,79.11,79.27,1504048,0
20250807,230000,79.26,79.76,79.07,79.6,5493384,0
20250808,070000,79.65,79.84,79.23,79.51,2844628,0
20250808,080000,79.54,79.8,79.49,79.62,1547960,0
20250808,090000,79.59,79.69,79.44,79.68,1873767,0
20250808,100000,79.66,79.99,79.18,79.23,8896586,0
20250808,110000,79.21,79.53,79.2,79.35,4122015,0
20250808,120000,79.35,79.64,79.32,79.5,4690029,0
20250808,130000,79.5,79.64,79.3,79.63,2944386,0
20250808,140000,79.63,79.87,79.51,79.79,4536706,0
20250808,150000,79.79,79.9,79.63,79.73,3604854,0
20250808,160000,79.73,80.14,79.69,80.06,5990463,0
20250808,170000,80.06,80.51,79.74,80.43,11912443,0
20250808,180000,80.43,80.48,79.82,80,6648805,0
20250808,190000,80.01,80.1,79.92,80.08,2365988,0
20250808,200000,80.08,80.16,79.72,79.91,2626346,0
20250808,210000,79.91,80.08,79.89,79.94,1597434,0
20250808,220000,79.93,79.98,79.81,79.84,1575546,0
20250808,230000,79.84,80.77,79.8,80.53,16780274,0
20250811,070000,81.16,81.26,80.75,81.06,10942634,0
20250811,080000,81.06,81.45,80.89,81.13,6996999,0
20250811,090000,81.13,81.93,81.06,81.31,13174438,0
20250811,100000,81.31,81.67,80.75,80.86,15697452,0
20250811,110000,80.86,81.16,80.85,81.05,5267476,0
20250811,120000,81.06,81.09,80.28,80.56,8593911,0
20250811,130000,80.57,80.64,80.18,80.48,4876889,0
20250811,140000,80.48,80.69,79.84,80.04,7655584,0
20250811,150000,80.03,80.58,79.96,80.27,5559028,0
20250811,160000,80.27,80.45,80.03,80.39,2999300,0
20250811,170000,80.4,80.56,80,80.42,4329163,0
20250811,180000,80.43,80.45,79.6,79.61,6121092,0
20250811,190000,79.68,79.91,79,79.24,9328373,0
20250811,200000,79.25,79.62,79.1,79.2,2609232,0
20250811,210000,79.2,79.51,79.12,79.51,1919814,0
20250811,220000,79.51,79.64,79.5,79.58,1316332,0
20250811,230000,79.58,79.62,79.52,79.52,721764,0
20250812,070000,79.53,79.86,78.83,79.19,4278267,0
20250812,080000,79.19,79.46,79,79.35,1706614,0
20250812,090000,79.36,79.81,79.36,79.81,1667247,0
20250812,100000,79.8,80.08,79.4,79.61,5858404,0
20250812,110000,79.6,79.74,79.42,79.42,1935852,0
20250812,120000,79.44,79.5,79.31,79.45,1649679,0
20250812,130000,79.44,79.5,79.36,79.47,1310705,0
20250812,140000,79.47,79.47,79.17,79.18,2015966,0
20250812,150000,79.17,79.3,79.07,79.25,1939708,0
20250812,160000,79.25,79.5,79.18,79.37,3293107,0
20250812,170000,79.37,79.43,79.2,79.21,3818531,0
20250812,180000,79.23,79.69,79.2,79.56,2567213,0
20250812,190000,79.55,79.57,79.31,79.38,1650330,0
20250812,200000,79.39,79.51,79.25,79.51,1607812,0
20250812,210000,79.5,79.59,79.45,79.46,711014,0
20250812,220000,79.45,79.45,79.31,79.37,1017425,0
20250812,230000,79.36,79.5,79.34,79.38,461640,0
20250813,070000,79.37,79.64,79.31,79.47,1099156,0
20250813,080000,79.47,79.58,79.46,79.57,413966,0
20250813,090000,79.54,79.84,79.51,79.79,2094909,0
20250813,100000,79.79,80.07,79.53,79.54,5216617,0
20250813,110000,79.54,79.61,79.2,79.54,3844354,0
20250813,120000,79.54,79.59,79.41,79.42,1610795,0
20250813,130000,79.42,79.46,79.34,79.4,744985,0
20250813,140000,79.4,79.4,78.94,79.02,5665626,0
20250813,150000,79.02,79.3,78.95,79.2,2536578,0
20250813,160000,79.2,79.3,79.08,79.23,1583793,0
20250813,170000,79.23,79.31,79.11,79.27,1308447,0
20250813,180000,79.27,79.46,79.26,79.31,1006029,0
20250813,190000,79.38,79.44,79.09,79.11,1665699,0
20250813,200000,79.12,79.14,78.93,79.06,2634029,0
20250813,210000,79.06,79.22,79.02,79.13,655104,0
20250813,220000,79.13,79.16,78.96,79.05,681858,0
20250813,230000,79.06,79.06,78.9,78.98,1061242,0
20250814,070000,78.89,78.9,78.4,78.74,4038227,0
20250814,080000,78.73,79.38,78.66,79.1,2123671,0
20250814,090000,79.07,79.2,78.91,79.13,1355568,0
20250814,100000,79.11,79.11,78.6,78.84,3870621,0
20250814,110000,78.84,79.1,78.67,78.74,3617216,0
20250814,120000,78.74,79.28,78.71,78.94,3134645,0
20250814,130000,78.93,79.35,78.92,79.32,3903308,0
20250814,140000,79.32,79.5,79.23,79.49,4692746,0
20250814,150000,79.5,79.96,79.46,79.87,5466454,0
20250814,160000,79.87,79.98,79.74,79.91,3959055,0
20250814,170000,79.91,79.98,79.47,79.81,3437036,0
20250814,180000,79.81,79.96,79.73,79.87,1875771,0
20250814,190000,79.87,79.94,79.72,79.89,1212480,0
20250814,200000,79.89,80.33,79.89,80.16,3132023,0
20250814,210000,80.16,80.5,80.14,80.33,3251568,0
20250814,220000,80.32,80.4,80.17,80.25,1467861,0
20250814,230000,80.26,80.4,80.15,80.28,927758,0
20250815,070000,80.41,80.59,80.28,80.28,1537447,0
20250815,080000,80.29,80.42,80.11,80.25,738421,0
20250815,090000,80.26,80.29,80.02,80.07,1359949,0
20250815,100000,80.07,80.19,79.65,80,5943454,0
20250815,110000,80,80.18,79.86,80.18,1840924,0
20250815,120000,80.18,80.18,79.98,80.05,2416733,0
20250815,130000,80.05,80.4,79.91,80.18,3317018,0
20250815,140000,80.18,80.26,80.15,80.23,1799045,0
20250815,150000,80.23,80.24,79.91,80.15,4001216,0
20250815,160000,80.15,80.22,80.05,80.16,2251041,0
20250815,170000,80.16,80.58,80.16,80.38,3860254,0
20250815,180000,80.38,80.5,80.26,80.45,1371799,0
20250815,190000,80.44,80.68,80.38,80.64,2147298,0
20250815,200000,80.64,80.64,80.35,80.4,1986345,0
20250815,210000,80.4,80.52,80.35,80.38,1585569,0
20250815,220000,80.38,80.47,80.25,80.34,2231690,0
20250815,230000,80.34,80.44,80.25,80.28,1687237,0
20250816,090000,79.1,79.1,79.1,79.1,234486,0
20250816,100000,79.12,79.27,78,79.27,7551254,0
20250816,110000,79.27,79.31,79,79.23,1863124,0
20250816,120000,79.23,79.3,79.1,79.13,1099156,0
20250816,130000,79.13,79.19,78.78,78.95,1512098,0
20250816,140000,78.95,79.05,78.86,78.87,614810,0
20250816,150000,78.87,79.22,78.8,79.12,984633,0
20250816,160000,79.14,79.37,79.12,79.2,1226210,0
20250816,170000,79.24,79.24,78.96,79.01,916428,0
20250816,180000,79.05,79.21,78.99,79,546146,0
20250817,090000,79.19,79.19,79.19,79.19,4381,0
20250817,100000,79.16,79.19,79.01,79.13,458681,0
20250817,110000,79.14,79.33,79.08,79.21,449606,0
20250817,120000,79.22,79.34,79.02,79.14,581072,0
20250817,130000,79.16,79.2,79.09,79.18,265692,0
20250817,140000,79.18,79.21,79.01,79.1,463214,0
20250817,150000,79.09,79.21,79.07,79.12,257537,0
20250817,160000,79.14,79.2,79.1,79.15,269386,0
20250817,170000,79.12,79.16,79.07,79.07,315529,0
20250817,180000,79.12,79.12,78.8,78.88,1527756,0
20250818,070000,79.09,79.48,78.71,79.48,2761590,0
20250818,080000,79.48,79.92,79.26,79.49,2552937,0
20250818,090000,79.47,79.48,79.22,79.45,1169202,0
20250818,100000,79.43,79.43,79.03,79.19,3342741,0
20250818,110000,79.19,79.39,79.06,79.38,1733410,0
20250818,120000,79.38,79.59,79.34,79.48,2943986,0
20250818,130000,79.49,79.64,79.34,79.62,2051898,0
20250818,140000,79.62,79.71,79.29,79.39,2072841,0
20250818,150000,79.39,79.75,79.23,79.7,3817381,0
20250818,160000,79.71,79.8,79.5,79.51,1904868,0
20250818,170000,79.52,79.63,79.28,79.39,2166329,0
20250818,180000,79.4,79.44,79.2,79.2,1031069,0
20250818,190000,79.2,79.47,79.1,79.31,2112801,0
20250818,200000,79.31,79.51,79.19,79.46,1244031,0
20250818,210000,79.45,80,79.4,79.91,3161957,0
20250818,220000,79.92,80.8,79.54,80.06,11623502,0
20250818,230000,80.05,80.36,79.9,80.1,2716423,0
20250819,070000,80.61,81.08,80.1,80.47,4321291,0
20250819,080000,80.47,80.47,80.21,80.39,977853,0
20250819,090000,80.39,80.56,80.12,80.28,1835354,0
20250819,100000,80.27,80.45,79.92,80.16,3933052,0
20250819,110000,80.16,80.17,79.89,80.01,2256591,0
20250819,120000,80.01,80.25,79.93,79.99,2942598,0
20250819,130000,79.99,80.19,79.98,80.11,1909494,0
20250819,140000,80.11,80.23,79.97,80.09,1741773,0
20250819,150000,80.09,80.21,79.77,79.8,3917299,0
20250819,160000,79.8,80.13,79.6,80.07,3164816,0
20250819,170000,80.07,80.17,79.82,79.94,1541160,0
20250819,180000,79.94,79.95,79.47,79.53,3449805,0
20250819,190000,79.5,79.6,79.26,79.42,2035724,0
20250819,200000,79.42,79.64,79.17,79.58,2251347,0
20250819,210000,79.58,79.67,79.55,79.62,541722,0
20250819,220000,79.62,79.65,79.53,79.53,310968,0
20250819,230000,79.52,79.57,79.5,79.51,637647,0
20250820,070000,79.62,79.7,79.52,79.55,461349,0
20250820,080000,79.55,79.68,79.55,79.68,292902,0
20250820,090000,79.67,79.78,79.55,79.72,934117,0
20250820,100000,79.71,79.72,79.26,79.26,2172142,0
20250820,110000,79.27,79.27,78.74,78.76,6976643,0
20250820,120000,78.76,79.06,78.75,78.91,2162069,0
20250820,130000,78.91,79.14,78.9,78.97,2105963,0
20250820,140000,78.97,79.02,78.19,78.45,6669882,0
20250820,150000,78.44,78.56,78.15,78.55,3864809,0
20250820,160000,78.55,78.57,77.8,77.88,4509395,0
20250820,170000,77.88,78.17,77.8,77.98,2389771,0
20250820,180000,77.97,78.3,77.95,78.3,1361527,0
20250820,190000,78.3,78.35,77.61,77.8,3165280,0
20250820,200000,77.8,77.98,77.79,77.89,1415176,0
20250820,210000,77.89,78.06,77.87,77.93,837205,0
20250820,220000,77.95,78.07,77.92,77.99,811227,0
20250820,230000,77.99,78.1,77.93,77.99,690289,0
20250821,070000,78,78.4,77.89,78.27,1183816,0
20250821,080000,78.27,78.27,77.99,78.08,796172,0
20250821,090000,78.07,78.3,78,78.08,1291762,0
20250821,100000,78.12,78.3,77.24,77.36,5957613,0
20250821,110000,77.35,77.6,77.18,77.41,4071372,0
20250821,120000,77.41,77.85,77.35,77.81,3271985,0
20250821,130000,77.8,77.86,77.3,77.51,3357151,0
20250821,140000,77.52,77.74,77.45,77.67,2590585,0
20250821,150000,77.67,77.78,77.44,77.49,1826008,0
20250821,160000,77.51,77.51,76.9,76.93,6121014,0
20250821,170000,76.94,77.17,76.71,76.96,5207912,0
20250821,180000,76.96,76.98,76.59,76.6,2374207,0
20250821,190000,76.57,76.86,76.57,76.69,1988378,0
20250821,200000,76.7,76.95,76.65,76.89,1333552,0
20250821,210000,76.89,76.89,76.62,76.81,876697,0
20250821,220000,76.81,76.83,76.41,76.44,2388799,0
20250821,230000,76.43,76.7,76.4,76.63,1127082,0
20250822,070000,76.77,76.82,76.1,76.35,2105302,0
20250822,080000,76.35,76.76,76.33,76.74,899928,0
20250822,090000,76.75,77.15,76.75,77.05,2439248,0
20250822,100000,77.02,77.39,76.57,76.71,3987434,0
20250822,110000,76.71,76.93,76.66,76.69,1684873,0
20250822,120000,76.69,77.4,76.67,77.13,3014499,0
20250822,130000,77.13,77.35,77.08,77.35,1736771,0
20250822,140000,77.34,77.52,77.27,77.38,2620610,0
20250822,150000,77.38,77.43,76.69,76.74,2531981,0
20250822,160000,76.72,77.07,76.55,76.81,2646648,0
20250822,170000,76.81,77.05,76.75,76.76,1314301,0
20250822,180000,76.75,77,76.75,77,539881,0
20250822,190000,77,77.09,76.86,77.05,724752,0
20250822,200000,77.05,77.19,76.94,77.01,679132,0
20250822,210000,77,77.14,76.92,76.97,754967,0
20250822,220000,76.96,77.08,76.92,77,358523,0
20250822,230000,76.99,77,76.91,76.98,361918,0
20250823,090000,77.05,77.05,77.05,77.05,3430,0
20250823,100000,77.1,77.2,77.03,77.2,325987,0
20250823,110000,77.2,77.3,77.12,77.2,176180,0
20250823,120000,77.2,77.2,77.18,77.19,110945,0
20250823,130000,77.18,77.2,77.1,77.11,125232,0
20250823,140000,77.11,77.18,77.1,77.15,49184,0
20250823,150000,77.16,77.16,77.07,77.09,102733,0
20250823,160000,77.12,77.15,77.06,77.1,106938,0
20250823,170000,77.11,77.12,77.05,77.07,91070,0
20250823,180000,77.09,77.12,77.01,77.03,194091,0
20250824,090000,77.1,77.1,77.1,77.1,1294,0
20250824,100000,77.1,77.21,77,77.06,268823,0
20250824,110000,77.09,77.15,77,77.06,179804,0
20250824,120000,77.06,77.09,76.95,77.03,152070,0
20250824,130000,77.03,77.06,76.95,77,85589,0
20250824,140000,77.03,77.04,76.91,77.03,166137,0
20250824,150000,77.03,77.05,77,77.05,135161,0
20250824,160000,77.06,77.06,77,77.05,73195,0
20250824,170000,77.03,77.05,76.95,76.99,184767,0
20250824,180000,77.03,77.03,76.8,76.93,267285,0
20250825,070000,76.93,77.08,76.74,76.84,757226,0
20250825,080000,76.85,77.07,76.82,76.95,671964,0
20250825,090000,76.96,76.98,76.65,76.71,884267,0
20250825,100000,76.72,76.77,76.25,76.3,4440894,0
20250825,110000,76.3,76.31,75.4,75.96,10322887,0
20250825,120000,75.97,76,75.71,75.94,3237835,0
20250825,130000,75.94,76.15,75.72,76,3816771,0
20250825,140000,76,76.08,75.77,75.97,2228296,0
20250825,150000,75.97,76.02,75.67,75.92,1780128,0
20250825,160000,75.92,76.08,75.61,76,2978949,0
20250825,170000,75.99,76.12,75.95,76.02,1700826,0
20250825,180000,76.02,76.2,76.02,76.15,1219762,0
20250825,190000,76.2,76.5,76.18,76.47,1881742,0
20250825,200000,76.46,76.54,76.3,76.42,1058414,0
20250825,210000,76.42,76.48,76.36,76.41,413974,0
20250825,220000,76.42,76.43,76.11,76.33,846995,0
20250825,230000,76.33,76.36,76.22,76.32,638079,0
20250826,070000,76.5,76.7,76.38,76.46,1143647,0
20250826,080000,76.48,76.67,76.46,76.64,532651,0
20250826,090000,76.63,76.85,76.57,76.84,1381633,0
20250826,100000,76.84,77.08,76.56,76.61,4240864,0
20250826,110000,76.61,76.82,76.6,76.81,1318077,0
20250826,120000,76.81,76.81,76.52,76.57,1331186,0
20250826,130000,76.57,76.63,76.47,76.55,1389574,0
20250826,140000,76.55,76.63,76.45,76.52,1217646,0
20250826,150000,76.54,76.56,76.4,76.55,820454,0
20250826,160000,76.55,76.61,76.4,76.48,1598541,0
20250826,170000,76.48,76.5,75.93,76,3700285,0
20250826,180000,76,76.2,75.89,76.19,1293476,0
20250826,190000,76.19,76.25,76.09,76.21,818389,0
20250826,200000,76.2,76.4,76.05,76.35,1187028,0
20250826,210000,76.34,76.45,76.3,76.38,579109,0
20250826,220000,76.38,76.39,76.1,76.34,1266731,0
20250826,230000,76.34,76.44,76.22,76.4,642725,0
20250827,070000,76.4,76.97,76.39,76.6,1248794,0
20250827,080000,76.58,76.63,76.38,76.63,634498,0
20250827,090000,76.62,76.63,76.34,76.45,1114624,0
20250827,100000,76.46,76.67,76.32,76.41,2606266,0
20250827,110000,76.41,76.5,76.07,76.3,3350985,0
20250827,120000,76.31,76.41,76.24,76.31,1057513,0
20250827,130000,76.31,76.51,76.14,76.27,1643429,0
20250827,140000,76.27,76.48,76.13,76.36,2160766,0
20250827,150000,76.38,76.53,76.35,76.45,1744382,0
20250827,160000,76.45,76.58,76.38,76.45,1990398,0
20250827,170000,76.45,76.7,76.45,76.58,1986205,0
20250827,180000,76.59,76.6,76.4,76.57,1054493,0
20250827,190000,76.55,76.65,76.52,76.61,839774,0
20250827,200000,76.61,76.76,76.4,76.53,1507820,0
20250827,210000,76.53,76.74,76.52,76.69,973310,0
20250827,220000,76.68,76.69,76.52,76.64,437418,0
20250827,230000,76.64,76.65,76.48,76.55,705648,0
20250828,070000,76.65,76.77,76.13,76.54,1126167,0
20250828,080000,76.5,76.87,76.46,76.65,1105442,0
20250828,090000,76.66,76.8,76.59,76.75,1091403,0
20250828,100000,76.75,76.78,76.41,76.41,1984469,0
20250828,110000,76.42,76.49,76.3,76.34,2042527,0
20250828,120000,76.34,76.36,76.19,76.26,1544838,0
20250828,130000,76.26,76.43,76.11,76.2,1869107,0
20250828,140000,76.2,76.35,76.13,76.19,906001,0
20250828,150000,76.19,76.3,76.18,76.29,700790,0
20250828,160000,76.29,76.35,76.04,76.15,1498586,0
20250828,170000,76.16,76.27,75.9,76.1,4462648,0
20250828,180000,76.1,76.23,76.07,76.08,994132,0
20250828,190000,76.1,76.15,76,76.07,1751102,0
20250828,200000,76.06,76.09,75.46,75.88,6070069,0
20250828,210000,75.88,76.04,75.73,75.95,2264266,0
20250828,220000,75.96,75.96,75.62,75.8,1089229,0
20250828,230000,75.84,75.96,75.77,75.9,594323,0
20250829,070000,76.03,76.04,75.86,75.96,736909,0
20250829,080000,75.96,76.02,75.94,76.02,307877,0
20250829,090000,76.02,76.12,75.9,75.95,645618,0
20250829,100000,75.96,76.15,75.52,75.53,4326131,0
20250829,110000,75.53,75.73,75.1,75.39,6913630,0
20250829,120000,75.39,75.61,75.11,75.21,3971615,0
20250829,130000,75.21,75.29,74.6,74.93,12144821,0
20250829,140000,74.93,75.05,74.7,75.05,4521563,0
20250829,150000,75.05,75.31,74.9,75.28,1876325,0
20250829,160000,75.28,75.29,74.91,75.12,1492836,0
20250829,170000,75.11,75.25,75,75.1,2067938,0
20250829,180000,75.11,75.18,74.95,75.18,1457747,0
20250829,190000,75.12,75.28,75.06,75.22,915164,0
20250829,200000,75.22,75.27,75.19,75.22,637707,0
20250829,210000,75.22,75.24,75.13,75.15,410414,0
20250829,220000,75.15,75.21,75.11,75.21,491392,0
20250829,230000,75.2,75.21,75.1,75.15,602286,0
20250830,090000,75.2,75.2,75.2,75.2,3453,0
20250830,100000,75.2,75.27,75.1,75.25,375909,0
20250830,110000,75.24,75.25,74.97,75.06,856872,0
20250830,120000,75.06,75.21,75.01,75.16,198050,0
20250830,130000,75.17,75.19,75.02,75.13,199733,0
20250830,140000,75.13,75.17,75.1,75.15,162312,0
20250830,150000,75.15,75.16,75.1,75.14,178988,0
20250830,160000,75.13,75.15,75.05,75.14,94133,0
20250830,170000,75.14,75.14,75.01,75.05,223175,0
20250830,180000,75.06,75.07,75,75.04,473345,0
20250831,090000,75.04,75.04,75.04,75.04,6321,0
20250831,100000,75.04,75.28,75.02,75.19,951504,0
20250831,110000,75.22,75.22,75.18,75.2,138697,0
20250831,120000,75.2,75.21,75.12,75.16,187288,0
20250831,130000,75.15,75.2,75.1,75.16,197297,0
20250831,140000,75.16,75.26,75,75.02,2090961,0
20250831,150000,75.01,75.15,75.01,75.15,92814,0
20250831,160000,75.15,75.2,75.02,75.15,385269,0
20250831,170000,75.14,75.16,75.11,75.15,115291,0
20250831,180000,75.15,75.16,75.1,75.14,168118,0
20250901,070000,75.19,75.99,75.14,75.96,3880614,0
20250901,080000,75.96,76.09,75.71,75.83,1758424,0
20250901,090000,75.83,75.92,75.63,75.77,1476361,0
20250901,100000,75.78,75.84,74.95,75.09,7512054,0
20250901,110000,75.09,75.1,74.74,74.95,4494792,0
20250901,120000,74.96,75.08,74.86,75,2757267,0
20250901,130000,75,75.02,74.44,74.77,5219891,0
20250901,140000,74.78,74.87,74.69,74.81,2288412,0
20250901,150000,74.81,74.84,74.68,74.71,1184724,0
20250901,160000,74.7,74.76,74.47,74.57,3385774,0
20250901,170000,74.57,74.61,74.41,74.55,2479582,0
20250901,180000,74.55,74.65,74.4,74.55,1604392,0
20250901,190000,74.56,74.68,74.45,74.52,808639,0
20250901,200000,74.52,74.7,74.51,74.69,509748,0
20250901,210000,74.69,74.7,74.65,74.68,367923,0
20250901,220000,74.68,74.75,74.66,74.72,371328,0
20250901,230000,74.73,74.82,74.71,74.79,612647,0
20250902,070000,74.92,74.97,74.72,74.73,629017,0
20250902,080000,74.73,74.8,74.68,74.7,1131166,0
20250902,090000,74.7,74.84,74.51,74.59,2873066,0
20250902,100000,74.58,74.59,74.11,74.35,5292278,0
20250902,110000,74.36,74.36,73.95,74.09,5017221,0
20250902,120000,74.08,74.27,73.81,74,4759516,0
20250902,130000,74,74.06,73.85,74.02,2929388,0
20250902,140000,74.02,74.3,73.88,74.02,5119302,0
20250902,150000,74.02,74.09,73.82,73.82,2924993,0
20250902,160000,73.82,73.84,73.56,73.71,4742034,0
20250902,170000,73.7,74.14,73.7,73.92,2183772,0
20250902,180000,73.92,73.98,73.7,73.74,1934999,0
20250902,190000,73.75,73.94,73.73,73.8,1358818,0
20250902,200000,73.8,73.87,73.63,73.7,1047428,0
20250902,210000,73.71,73.81,73.62,73.81,866450,0
20250902,220000,73.81,74.09,73.79,74.01,1365350,0
20250902,230000,74.01,74.06,74,74.02,360199,0
20250903,070000,74.03,74.15,73.68,73.88,715646,0
20250903,080000,73.88,73.96,73.8,73.82,311660,0
20250903,090000,73.85,73.95,73.78,73.94,691955,0
20250903,100000,73.95,74.02,73.44,73.58,3702687,0
20250903,110000,73.58,73.6,73.17,73.52,4693247,0
20250903,120000,73.52,73.66,73.3,73.39,2492778,0
20250903,130000,73.4,73.59,73.35,73.41,2461482,0
20250903,140000,73.41,73.58,73.35,73.55,2072312,0
20250903,150000,73.56,73.65,73.34,73.35,2297969,0
20250903,160000,73.35,73.55,73.18,73.35,5639265,0
20250903,170000,73.34,73.76,73.34,73.74,2213816,0
20250903,180000,73.75,74,73.7,73.73,1878345,0
20250903,190000,73.9,74.49,73.76,74.41,5529179,0
20250903,200000,74.41,74.67,74.34,74.54,2353269,0
20250903,210000,74.54,75.15,74.51,75.1,3096096,0
20250903,220000,75.1,75.34,74.93,75.1,3867614,0
20250903,230000,75.1,75.26,75.08,75.13,1122713,0
20250904,070000,75.08,75.21,74.92,75.21,1032326,0
20250904,080000,75.21,75.65,75.15,75.34,2103377,0
20250904,090000,75.34,75.46,75.06,75.39,2192898,0
20250904,100000,75.38,75.96,75.12,75.72,11321298,0
20250904,110000,75.71,75.78,75.11,75.22,5264830,0
20250904,120000,75.22,75.35,75.03,75.16,2748578,0
20250904,130000,75.16,75.3,75.1,75.27,1499613,0
20250904,140000,75.25,75.35,75.19,75.3,1553698,0
20250904,150000,75.3,75.47,74.66,74.73,4737329,0
20250904,160000,74.76,75.48,74.61,75.4,3709679,0
20250904,170000,75.4,75.45,74.84,75.17,3110167,0
20250904,180000,75.17,75.49,75.08,75.46,1820705,0
20250904,190000,75.45,75.49,75.27,75.43,1447250,0
20250904,200000,75.43,75.75,75.41,75.75,2542959,0
20250904,210000,75.73,75.87,75.7,75.77,2374355,0
20250904,220000,75.77,75.85,75.57,75.58,1208503,0
20250904,230000,75.59,75.79,75.57,75.74,874940,0
20250905,070000,75.85,76.13,75.84,75.96,2348143,0
20250905,080000,75.96,75.96,75.78,75.94,946246,0
20250905,090000,75.94,76.06,75.84,75.97,1586341,0
20250905,100000,75.98,75.98,75.5,75.51,4646884,0
20250905,110000,75.51,75.75,75.4,75.74,3854437,0
20250905,120000,75.73,75.8,75.58,75.66,1381894,0
20250905,130000,75.66,75.68,74.94,75.47,9106630,0
20250905,140000,75.47,75.67,75.43,75.62,1681244,0
20250905,150000,75.62,75.72,75.49,75.7,1511520,0
20250905,160000,75.7,75.87,75.56,75.84,2054165,0
20250905,170000,75.84,75.89,75.6,75.75,2267313,0
20250905,180000,75.75,75.93,75.61,75.77,1965017,0
20250905,190000,75.8,75.87,75.61,75.65,843736,0
20250905,200000,75.63,75.72,75.32,75.52,1663699,0
20250905,210000,75.52,75.62,75.11,75.37,3340500,0
20250905,220000,75.38,75.6,75.31,75.47,897762,0
20250905,230000,75.47,75.55,75.35,75.5,597005,0
20250906,090000,75.59,75.59,75.59,75.59,5620,0
20250906,100000,75.54,75.64,75.35,75.56,400193,0
20250906,110000,75.56,75.6,75.47,75.54,97470,0
20250906,120000,75.53,75.71,75.5,75.63,469371,0
20250906,130000,75.63,75.65,75.55,75.55,89881,0
20250906,140000,75.58,75.71,75.52,75.68,370884,0
20250906,150000,75.68,75.69,75.57,75.58,62572,0
20250906,160000,75.58,75.63,75.57,75.6,31462,0
20250906,170000,75.6,75.65,75.59,75.65,77809,0
20250906,180000,75.65,75.65,75.59,75.64,76163,0
20250907,090000,75.69,75.69,75.69,75.69,4779,0
20250907,100000,75.69,75.85,75.64,75.65,264532,0
20250907,110000,75.65,75.7,75.5,75.68,358240,0
20250907,120000,75.69,75.77,75.62,75.75,381324,0
20250907,130000,75.77,75.78,75.72,75.76,132767,0
20250907,140000,75.75,75.79,75.74,75.78,235574,0
20250907,150000,75.79,75.79,75.74,75.76,143596,0
20250907,160000,75.76,75.79,75.62,75.7,351594,0
20250907,170000,75.69,75.7,75.6,75.67,154692,0
20250907,180000,75.67,75.69,75.58,75.68,159422,0
20250908,070000,75.69,75.96,75.6,75.88,1227117,0
20250908,080000,75.88,76.05,75.75,75.76,1199951,0
20250908,090000,75.75,75.84,75.66,75.74,1278306,0
20250908,100000,75.74,75.8,75.63,75.67,2208298,0
20250908,110000,75.68,75.68,75.35,75.41,3269625,0
20250908,120000,75.41,75.48,75.27,75.41,2147582,0
20250908,130000,75.42,75.42,75.02,75.16,3905410,0
20250908,140000,75.15,75.2,75.09,75.1,1953162,0
20250908,150000,75.1,75.11,74.9,74.93,3291255,0
20250908,160000,74.93,75.19,74.91,75.09,2556961,0
20250908,170000,75.09,75.17,74.85,75.05,3696104,0
20250908,180000,75.05,75.22,75.01,75.08,1091530,0
20250908,190000,75.17,75.29,75.09,75.18,952540,0
20250908,200000,75.18,75.2,75.1,75.19,683496,0
20250908,210000,75.19,75.3,75.11,75.24,1210830,0
20250908,220000,75.25,75.3,75.21,75.27,555233,0
20250908,230000,75.27,75.27,75.2,75.23,535013,0
20250909,070000,75.24,75.36,75.12,75.18,847983,0
20250909,080000,75.19,75.23,75.02,75.22,870642,0
20250909,090000,75.22,75.24,75.06,75.18,882036,0
20250909,100000,75.18,75.2,74.93,75.08,2768161,0
20250909,110000,75.1,75.14,74.96,74.97,2417729,0
20250909,120000,74.97,75.09,74.65,74.81,5432541,0
20250909,130000,74.81,74.87,74.46,74.6,5558684,0
20250909,140000,74.59,74.79,74.59,74.7,1894812,0
20250909,150000,74.7,74.78,74.5,74.62,3194287,0
20250909,160000,74.62,75,74.5,74.86,4675995,0
20250909,170000,74.87,75.05,74.8,74.98,2697872,0
20250909,180000,75,75.08,74.83,75.01,1767187,0
20250909,190000,75.02,75.14,74.86,74.92,1314140,0
20250909,200000,74.92,75.05,74.88,75.03,575775,0
20250909,210000,75.02,75.05,74.93,74.96,563490,0
20250909,220000,74.97,74.97,74.91,74.92,378330,0
20250909,230000,74.94,74.97,74.9,74.97,456882,0
20250910,070000,74.85,74.97,74.5,74.73,1555819,0
20250910,080000,74.73,74.76,74.51,74.71,1200978,0
20250910,090000,74.71,74.81,74.51,74.58,1020334,0
20250910,100000,74.58,74.93,74.55,74.8,2209502,0
20250910,110000,74.8,75,74.65,74.66,2964088,0
20250910,120000,74.65,74.67,74.3,74.49,3487716,0
20250910,130000,74.5,74.56,74.21,74.27,2747136,0
20250910,140000,74.29,74.45,74.22,74.31,1937590,0
20250910,150000,74.31,74.39,74.07,74.14,2296403,0
20250910,160000,74.13,74.29,74.06,74.22,1627629,0
20250910,170000,74.22,74.3,74.12,74.21,1731205,0
20250910,180000,74.2,74.23,74,74.08,2493316,0
20250910,190000,74.08,74.14,73.9,74.07,2238326,0
20250910,200000,74.07,74.11,74.04,74.11,887866,0
20250910,210000,74.12,74.16,73.99,74.1,923919,0
20250910,220000,74.1,74.16,74.03,74.14,439513,0
20250910,230000,74.14,74.15,74.01,74.1,529231,0
20250911,070000,74.15,74.18,74.02,74.14,674425,0
20250911,080000,74.14,74.28,74.1,74.22,638639,0
20250911,090000,74.2,74.3,74.12,74.29,912816,0
20250911,100000,74.3,74.3,73.91,73.93,2893223,0
20250911,110000,73.94,74.56,73.72,74.5,6032513,0
20250911,120000,74.49,77.75,74.35,75.9,74566519,0
20250911,130000,75.9,75.98,75.05,75.35,24150895,0
20250911,140000,75.34,75.88,74.88,75.53,13876313,0
20250911,150000,75.53,75.96,75.42,75.96,4062331,0
20250911,160000,75.95,77,75.6,76.54,24123639,0
20250911,170000,76.54,77.26,76.5,77.07,24729385,0
20250911,180000,77.08,78.17,77.07,78.05,27265779,0
20250911,190000,78,78.05,77.35,77.69,12167363,0
20250911,200000,77.69,78.46,77.53,78.26,8374207,0
20250911,210000,78.27,78.59,78.01,78.11,10227305,0
20250911,220000,78.11,78.12,77.62,77.74,6449032,0
20250911,230000,77.72,77.99,77.68,77.86,2994453,0
20250912,070000,77.85,78.15,77.25,77.6,6369877,0
20250912,080000,77.63,77.63,77.25,77.59,2270732,0
20250912,090000,77.6,77.69,77.01,77.31,4230485,0
20250912,100000,77.28,77.55,76.75,77.3,12966050,0
20250912,110000,77.29,78.08,77.26,77.33,10246738,0
20250912,120000,77.34,77.56,76.83,76.99,8015543,0
20250912,130000,76.99,77.17,75.8,76.64,31577815,0
20250912,140000,76.6,77.09,76.08,76.29,13361754,0
20250912,150000,76.3,76.3,75.35,75.84,19023923,0
20250912,160000,75.84,76.35,75.55,75.88,12025917,0
20250912,170000,75.88,77.1,75.73,75.8,25216390,0
20250912,180000,75.83,76.26,75.73,75.96,7054327,0
20250912,190000,76,76.09,75.63,76.06,5642049,0
20250912,200000,76.04,76.16,75.91,76.06,2489811,0
20250912,210000,76.06,76.1,75.83,75.98,2200127,0
20250912,220000,75.98,76,75.51,75.77,3810066,0
20250912,230000,75.76,75.89,75.64,75.86,1763275,0
20250913,100000,75.94,75.94,75.94,75.94,9335,0
20250913,110000,75.94,75.95,75.64,75.91,344161,0
20250913,120000,75.9,76.1,75.79,76,1365211,0
20250913,130000,75.99,76.17,75.94,76.11,637179,0
20250913,140000,76.1,76.17,75.99,76.01,593381,0
20250913,150000,76.04,76.12,75.91,76.04,381300,0
20250913,160000,76.03,76.12,75.93,75.98,439808,0
20250913,170000,75.98,76.09,75.91,75.97,498381,0
20250913,180000,75.99,76.1,75.9,76,449931,0
20250914,090000,76.02,76.02,76.02,76.02,1200,0
20250914,100000,76.02,76.25,75.92,75.95,1527581,0
20250914,110000,75.96,76.08,75.92,76.05,271006,0
20250914,120000,76.05,76.07,75.95,75.99,184827,0
20250914,130000,75.98,76.09,75.98,76.03,409449,0
20250914,140000,76.03,76.15,75.95,76.08,914842,0
20250914,150000,76.11,76.45,76.07,76.24,1663600,0
20250914,160000,76.24,76.45,76.23,76.32,628341,0
20250914,170000,76.31,76.49,76.27,76.36,668549,0
20250914,180000,76.39,76.51,76.26,76.38,671630,0
20250915,070000,76.53,76.65,75.87,76.11,4154934,0
20250915,080000,76.11,76.18,75.8,75.85,1698191,0
20250915,090000,75.85,76.1,75.7,76.01,3399681,0
20250915,100000,76.01,76.32,75.95,76.13,5687285,0
20250915,110000,76.12,76.13,75.07,75.24,10880149,0
20250915,120000,75.24,75.31,74.87,75.02,7263246,0
20250915,130000,75.03,75.39,74.82,74.9,5038458,0
20250915,140000,74.9,75.07,74.42,74.97,11578769,0
20250915,150000,74.98,75.38,74.86,74.92,3907193,0
20250915,160000,74.92,75.22,73.88,73.97,24847963,0
20250915,170000,73.97,74.35,73.6,74.13,14157018,0
20250915,180000,74.13,74.19,73.8,73.9,4159849,0
20250915,190000,74,74.17,73.83,74.08,2998527,0
20250915,200000,74.08,74.15,73.99,74.05,1554339,0
20250915,210000,74.05,74.13,73.95,74.04,1998045,0
20250915,220000,74.04,74.22,74.02,74.17,1354350,0
20250915,230000,74.16,74.17,73.85,74.11,1993979,0
20250916,070000,74,74.3,73.81,74.24,1586023,0
20250916,080000,74.23,75.23,73.6,75.01,7402322,0
20250916,090000,75.01,75.01,74.05,74.12,10229829,0
20250916,100000,74.1,75.5,73.88,74.09,38413610,0
20250916,110000,74.08,74.18,73,73.02,19882958,0
20250916,120000,73.03,73.5,72.69,72.88,20557792,0
20250916,130000,72.88,73.4,72.5,73.1,11203400,0
20250916,140000,73.11,73.31,72.82,72.88,7792101,0
20250916,150000,72.89,73.26,72.8,73.22,11113084,0
20250916,160000,73.22,73.84,72.99,73.81,9894141,0
20250916,170000,73.8,73.97,73.46,73.71,11405252,0
20250916,180000,73.71,73.74,73.1,73.1,9200030,0
20250916,190000,73.22,73.55,73.14,73.45,1595581,0
20250916,200000,73.46,73.47,73.31,73.41,1683251,0
20250916,210000,73.41,73.44,73.15,73.25,1351984,0
20250916,220000,73.25,73.25,72.82,72.88,5567363,0
20250916,230000,72.87,73.01,72.86,72.97,1318165,0
20250917,070000,73.11,73.15,72.9,73.13,1093018,0
20250917,080000,73.13,73.23,73.01,73.21,997765,0
20250917,090000,73.19,73.22,72.77,72.91,3090852,0
20250917,100000,72.91,73.69,72.61,72.8,14947254,0
20250917,110000,72.79,73,72.36,72.76,14820462,0
20250917,120000,72.75,72.76,72.18,72.32,8610503,0
20250917,130000,72.31,72.6,72.16,72.58,9327704,0
20250917,140000,72.58,72.6,72.18,72.25,7303034,0
20250917,150000,72.25,72.39,72.12,72.19,5861860,0
20250917,160000,72.18,72.29,71.81,71.9,14674905,0
20250917,170000,71.92,72.31,71.83,71.99,14055211,0
20250917,180000,71.99,72.11,71.9,72.08,8097779,0
20250917,190000,72.08,72.3,72.08,72.19,4188640,0
20250917,200000,72.19,72.41,72.1,72.18,3138244,0
20250917,210000,72.19,72.41,72.1,72.34,3415472,0
20250917,220000,72.34,72.35,72.14,72.16,1443844,0
20250917,230000,72.16,72.2,72.05,72.09,1539674,0
20250918,070000,72.13,72.4,71.99,72.21,1562408,0
20250918,080000,72.21,72.26,71.92,72.06,2241743,0
20250918,090000,72.06,72.23,72.04,72.1,1925063,0
20250918,100000,72.11,72.14,71.55,71.57,11409790,0
20250918,110000,71.58,71.73,71.43,71.57,13355875,0
20250918,120000,71.57,71.64,71.21,71.25,9449625,0
20250918,130000,71.25,71.6,71.1,71.32,11314532,0
20250918,140000,71.31,72.59,71.25,71.91,24793809,0
20250918,150000,71.91,72.1,71.59,71.99,11517607,0
20250918,160000,72,72.49,71.9,72.24,8928884,0
20250918,170000,72.24,72.88,72.23,72.5,11229223,0
20250918,180000,72.49,72.8,72.31,72.78,6265325,0
20250918,190000,72.6,72.8,72.35,72.49,5306932,0
20250918,200000,72.49,72.52,72,72.04,3718666,0
20250918,210000,72.04,72.3,71.7,72.24,4301682,0
20250918,220000,72.26,72.26,71.99,71.99,1252172,0
20250918,230000,71.99,72.07,71.82,71.83,1147695,0
20250919,070000,71.78,71.98,71.18,71.42,6562179,0
20250919,080000,71.45,72.18,70.01,70.58,45864000,0
20250919,090000,70.58,71.47,70.35,71.35,27953255,0
20250919,100000,71.33,71.85,70.36,70.48,28296466,0
20250919,110000,70.49,70.66,70,70.38,37849243,0
20250919,120000,70.38,70.85,69.66,70.31,43335670,0
20250919,130000,70.31,70.55,69.69,69.87,68524906,0
20250919,140000,69.86,70.2,69.31,70.16,45772875,0
20250919,150000,70.16,71.44,69.85,71.25,39399247,0
20250919,160000,71.26,71.94,70.91,71.78,37738786,0
20250919,170000,71.8,71.94,70.8,70.98,24554753,0
20250919,180000,70.98,71.09,70.31,70.43,14110200,0
20250919,190000,70.4,71.45,70.34,70.8,14371331,0
20250919,200000,70.8,71.2,70.72,71.09,4486674,0
20250919,210000,71.09,71.39,71.06,71.37,4142387,0
20250919,220000,71.37,71.69,71.2,71.49,5311404,0
20250919,230000,71.49,71.58,71.1,71.54,4457333,0
20250922,070000,71.83,71.85,71.05,71.27,5227419,0
20250922,080000,71.27,71.36,70.93,71.2,3386092,0
20250922,090000,71.23,71.25,70.76,70.98,6250520,0
20250922,100000,70.98,72.15,70.74,71.84,17703530,0
20250922,110000,71.84,71.98,71.45,71.8,9216996,0
20250922,120000,71.8,71.81,70.4,70.49,20836393,0
20250922,130000,70.49,70.69,70.01,70.6,21514307,0
20250922,140000,70.6,71.36,70.03,70.98,20951872,0
20250922,150000,70.98,71.21,70.69,71.04,5384737,0
20250922,160000,71.05,71.05,70.7,70.71,3579693,0
20250922,170000,70.7,71.38,70.67,71.23,6992659,0
20250922,180000,71.23,71.45,71,71.2,4783138,0
20250922,190000,71.18,71.41,71,71.1,3762721,0
20250922,200000,71.08,71.27,70.83,71.17,3349429,0
20250922,210000,71.17,71.28,71.17,71.25,1571238,0
20250922,220000,71.25,71.25,70.9,70.99,1646030,0
20250922,230000,70.98,71,70.74,70.94,1952481,0
20250923,070000,70.93,71.18,70.68,70.76,3091433,0
20250923,080000,70.78,70.98,70.7,70.92,1158483,0
20250923,090000,70.91,71.18,70.81,71.17,1465215,0
20250923,100000,71.17,71.42,70.9,71.15,5550949,0
20250923,110000,71.16,71.59,70.9,71.45,10275532,0
20250923,120000,71.46,71.93,71.4,71.85,8869974,0
20250923,130000,71.85,71.88,71.27,71.32,5262674,0
20250923,140000,71.34,71.7,71.25,71.54,3653208,0
20250923,150000,71.52,71.68,71.26,71.42,3082961,0
20250923,160000,71.42,71.95,71.37,71.92,12129755,0
20250923,170000,71.92,72.15,71.59,71.84,10491703,0
20250923,180000,71.84,71.95,71.62,71.72,2252872,0
20250923,190000,71.72,71.8,71.44,71.58,2989931,0
20250923,200000,71.58,71.78,71.26,71.28,4118954,0
20250923,210000,71.28,71.53,71.06,71.07,2929292,0
20250923,220000,71.07,71.07,70,70.03,22729152,0
20250923,230000,70.04,70.39,69.68,70.25,10751205,0
20250924,070000,70.25,70.77,70.21,70.55,3921488,0
20250924,080000,70.55,70.67,70.26,70.62,1486055,0
20250924,090000,70.62,70.62,69.88,70.28,7135367,0
20250924,100000,70.27,70.48,70.01,70.47,8308288,0
20250924,110000,70.47,71.11,70.38,71.05,14820432,0
20250924,120000,71.05,71.05,70.68,70.93,9692635,0
20250924,130000,70.92,71.15,70.8,70.99,7576028,0
20250924,140000,71,71.18,70.82,71.14,5449322,0
20250924,150000,71.14,71.28,70.95,71.03,5619834,0
20250924,160000,71.03,71.23,70.78,70.99,5999179,0
20250924,170000,70.99,71.01,70.53,70.77,3450412,0
20250924,180000,70.77,70.81,70.28,70.32,4987872,0
20250924,190000,70.34,70.65,70.33,70.65,1921688,0
20250924,200000,70.65,70.72,70.4,70.4,1790213,0
20250924,210000,70.4,70.66,70.38,70.52,1931363,0
20250924,220000,70.52,70.8,70.5,70.72,1816951,0
20250924,230000,70.72,70.78,70.7,70.78,1344903,0
20250925,070000,70.84,71.05,70.76,70.99,1429259,0
20250925,080000,71,71.02,70.83,70.89,673833,0
20250925,090000,70.89,71,70.7,70.96,1701911,0
20250925,100000,70.97,70.98,70.58,70.81,2468956,0
20250925,110000,70.81,70.89,70.52,70.86,2563183,0
20250925,120000,70.86,71,70.65,70.88,2873617,0
20250925,130000,70.89,70.92,70.52,70.68,3184994,0
20250925,140000,70.66,70.89,70.53,70.77,3569033,0
20250925,150000,70.76,70.78,70.33,70.44,3235988,0
20250925,160000,70.44,70.51,70.17,70.18,4361347,0
20250925,170000,70.18,70.43,70.13,70.25,2750486,0
20250925,180000,70.25,70.27,70.08,70.1,4768568,0
20250925,190000,70.09,70.1,69.73,69.94,7415380,0
20250925,200000,69.94,70.04,69.81,69.92,4132321,0
20250925,210000,69.92,70.03,69.85,69.91,1528897,0
20250925,220000,69.93,70.05,69.92,70.03,1051180,0
20250925,230000,70.03,70.04,69.91,69.97,1261768,0
20250926,070000,70,70.19,69.73,69.81,1916534,0
20250926,080000,69.81,70.04,69.76,69.88,901343,0
20250926,090000,69.89,70.08,69.88,69.94,1498291,0
20250926,100000,69.94,70.03,68.9,69.21,20076770,0
20250926,110000,69.21,69.53,68.62,68.92,17782650,0
20250926,120000,68.92,69.37,68.88,69.35,9983410,0
20250926,130000,69.35,69.45,69.21,69.37,6340212,0
20250926,140000,69.37,69.38,68.7,69,10717577,0
20250926,150000,69.01,69.07,68.53,68.9,8584139,0
20250926,160000,68.9,68.94,68.15,68.18,12456882,0
20250926,170000,68.18,68.94,67.84,68.9,30907827,0
20250926,180000,68.91,69.4,68.72,69.39,10513374,0
20250926,190000,69.39,69.57,69.1,69.33,5936390,0
20250926,200000,69.33,69.48,69.16,69.44,2212818,0
20250926,210000,69.44,69.85,69.38,69.63,5963992,0
20250926,220000,69.63,69.69,69.37,69.49,2333562,0
20250926,230000,69.48,69.5,69.07,69.19,2854667,0
20250927,090000,69.2,69.2,69.2,69.2,5651,0
20250927,100000,69.21,69.47,69.16,69.19,744198,0
20250927,110000,69.19,69.29,69.15,69.21,306323,0
20250927,120000,69.22,69.34,69.22,69.34,207709,0
20250927,130000,69.33,69.34,69.07,69.2,652640,0
20250927,140000,69.19,69.21,69.06,69.1,509809,0
20250927,150000,69.07,69.19,69.03,69.1,258180,0
20250927,160000,69.1,69.2,69.05,69.18,232236,0
20250927,170000,69.18,69.18,69.04,69.06,383651,0
20250927,180000,69.06,69.09,68.9,69.01,697271,0
20250928,090000,69.17,69.17,69.17,69.17,8734,0
20250928,100000,69.17,69.18,68.78,68.89,1463860,0
20250928,110000,68.89,69.03,68.85,68.94,580503,0
20250928,120000,68.96,68.96,68.89,68.91,276685,0
20250928,130000,68.92,68.97,68.88,68.92,218118,0
20250928,140000,68.92,68.99,68.92,68.99,324454,0
20250928,150000,68.99,68.99,68.95,68.99,192889,0
20250928,160000,68.99,69.09,68.98,69.04,289909,0
20250928,170000,69.04,69.1,68.92,68.93,383433,0
20250928,180000,68.92,69.02,68.81,69,1136546,0
20250929,070000,69.1,69.14,68.79,68.92,1630901,0
20250929,080000,68.92,69.05,68.68,68.72,1656558,0
20250929,090000,68.75,68.85,68.55,68.71,4525879,0
20250929,100000,68.71,69.88,68.65,69.77,13316977,0
20250929,110000,69.77,70.09,69.72,69.87,14803620,0
20250929,120000,69.86,70.29,69.48,69.58,11897348,0
20250929,130000,69.58,69.83,69.46,69.65,5448389,0
20250929,140000,69.64,69.9,69.53,69.67,3548217,0
20250929,150000,69.67,69.79,69.51,69.72,2579209,0
20250929,160000,69.73,69.84,69,69.14,6997468,0
20250929,170000,69.13,69.21,68.61,68.64,8784764,0
20250929,180000,68.63,68.64,68.07,68.29,14689945,0
20250929,190000,68.25,68.45,68.17,68.32,4438794,0
20250929,200000,68.31,68.45,68.15,68.38,2367041,0
20250929,210000,68.38,68.44,67.9,68.18,7200562,0
20250929,220000,68.17,68.3,68.05,68.21,1853765,0
20250929,230000,68.2,68.35,68.19,68.2,1664264,0
20250930,070000,68.22,68.85,68.2,68.76,4576092,0
20250930,080000,68.72,68.74,68.46,68.56,1506664,0
20250930,090000,68.56,68.8,68.28,68.38,2963608,0
20250930,100000,68.38,68.54,68,68.42,15659212,0
20250930,110000,68.42,68.42,68.1,68.11,4206699,0
20250930,120000,68.11,68.11,67.5,67.75,17094078,0
20250930,130000,67.75,68.22,67.5,68.16,8781488,0
20250930,140000,68.16,68.41,67.83,67.92,5551631,0
20250930,150000,67.93,68.28,67.81,68.21,4053783,0
20250930,160000,68.21,68.45,67.95,68.43,4054535,0
20250930,170000,68.44,68.97,68.16,68.67,11192040,0
20250930,180000,68.68,68.99,68.51,68.67,7902114,0
20250930,190000,68.66,68.67,68.2,68.22,3891062,0
20250930,200000,68.25,68.44,68,68.43,3771843,0
20250930,210000,68.42,68.45,67.95,68.2,4064779,0
20250930,220000,68.21,68.28,68.12,68.16,974066,0
20250930,230000,68.18,68.24,68.09,68.16,948493,0
20251001,070000,68.33,68.62,68.21,68.6,1717161,0
20251001,080000,68.59,68.69,68.38,68.46,3415193,0
20251001,090000,68.45,68.66,68.21,68.5,2291248,0
20251001,100000,68.51,68.67,68.13,68.26,4973162,0
20251001,110000,68.25,68.48,68.16,68.23,2920244,0
20251001,120000,68.22,68.65,68.19,68.51,6018519,0
20251001,130000,68.51,68.52,68.04,68.3,3940892,0
20251001,140000,68.3,68.32,68.04,68.08,2553939,0
20251001,150000,68.08,68.29,67.8,68.09,7612625,0
20251001,160000,68.09,68.17,67.9,68.03,4082149,0
20251001,170000,68.03,68.08,67.65,67.87,9883544,0
20251001,180000,67.86,68.05,67.79,67.86,2984243,0
20251001,190000,67.85,67.99,67.76,67.9,2057249,0
20251001,200000,67.89,68.02,67.79,68.01,1516832,0
20251001,210000,68,68.01,67.74,67.89,1693118,0
20251001,220000,67.9,68,67.71,67.93,2844047,0
20251001,230000,67.93,68.03,67.82,67.96,1172546,0
20251002,070000,67.99,68.07,67.71,67.77,1807039,0
20251002,080000,67.76,67.78,67.36,67.6,7437006,0
20251002,090000,67.6,67.73,67.36,67.49,5018839,0
20251002,100000,67.48,67.78,67.35,67.66,7112521,0
20251002,110000,67.66,67.83,67.38,67.57,5723081,0
20251002,120000,67.58,67.76,67.41,67.75,5014324,0
20251002,130000,67.75,67.78,67.56,67.61,3893171,0
20251002,140000,67.61,67.81,67.46,67.79,2630147,0
20251002,150000,67.79,67.84,67.57,67.62,2654386,0
20251002,160000,67.62,67.73,67.51,67.6,1909600,0
20251002,170000,67.61,67.98,67.57,67.94,5124582,0
20251002,180000,67.94,67.99,67.52,67.62,3047428,0
20251002,190000,67.62,67.73,67.52,67.59,2138781,0
20251002,200000,67.58,67.62,67.5,67.59,1523085,0
20251002,210000,67.59,67.59,67.34,67.42,3428362,0
20251002,220000,67.41,67.59,67.36,67.5,1578562,0
20251002,230000,67.5,67.53,67.38,67.49,1245457,0
20251003,070000,67.49,67.7,67.42,67.67,1095240,0
20251003,080000,67.67,67.73,67.55,67.66,852677,0
20251003,090000,67.65,67.69,67.52,67.67,1698829,0
20251003,100000,67.65,67.87,67.62,67.77,2940726,0
20251003,110000,67.77,67.78,67.56,67.61,2385540,0
20251003,120000,67.61,67.66,67.1,67.11,10446112,0
20251003,130000,67.1,67.31,67.05,67.26,7699133,0
20251003,140000,67.29,67.31,67.12,67.19,2519285,0
20251003,150000,67.17,67.28,66.86,67.01,11865997,0
20251003,160000,66.99,67.18,66.9,67.01,8895073,0
20251003,170000,67.01,67.09,66.7,66.9,9107773,0
20251003,180000,66.91,66.98,66.84,66.89,3353880,0
20251003,190000,66.9,66.96,66.55,66.62,7996709,0
20251003,200000,66.61,66.74,66.55,66.72,4114284,0
20251003,210000,66.73,66.76,66.66,66.68,2096023,0
20251003,220000,66.68,66.72,66.61,66.65,1210631,0
20251003,230000,66.65,66.69,66.57,66.6,2825312,0
20251004,090000,66.71,66.71,66.71,66.71,13352,0
20251004,100000,66.72,66.75,65.92,66.14,6668784,0
20251004,110000,66.14,66.52,66,66.27,2531747,0
20251004,120000,66.27,66.29,65.99,66.02,1713139,0
20251004,130000,66.02,66.09,65.71,65.99,3191821,0
20251004,140000,65.99,65.99,65.72,65.87,2587973,0
20251004,150000,65.87,66.15,65.82,66.14,1744135,0
20251004,160000,66.13,66.2,65.8,65.93,2717623,0
20251004,170000,65.93,65.98,65.83,65.9,1144148,0
20251004,180000,65.91,66,65.85,65.99,915908,0
20251005,090000,65.89,65.89,65.89,65.89,37428,0
20251005,100000,65.89,65.99,65.72,65.91,1470942,0
20251005,110000,65.91,66.2,65.83,66.15,2738554,0
20251005,120000,66.15,66.15,66,66.01,816380,0
20251005,130000,66.03,66.08,66,66.02,870221,0
20251005,140000,66.02,66.17,66,66.14,1354620,0
20251005,150000,66.11,66.3,66.1,66.29,1266099,0
20251005,160000,66.29,66.4,66.17,66.26,553749,0
20251005,170000,66.26,66.4,66.21,66.34,696809,0
20251005,180000,66.34,66.48,66.3,66.48,1449002,0
20251006,070000,66.59,66.74,66.31,66.4,2311751,0
20251006,080000,66.4,66.58,66.2,66.55,1847829,0
20251006,090000,66.55,66.56,66.25,66.3,2545672,0
20251006,100000,66.3,67.2,66.11,66.96,14396320,0
20251006,110000,66.96,67.17,66.85,67.12,5915435,0
20251006,120000,67.13,67.48,67.12,67.37,9513663,0
20251006,130000,67.38,67.49,67.04,67.23,6275055,0
20251006,140000,67.24,67.29,66.62,66.78,7640092,0
20251006,150000,66.78,66.99,66.53,66.79,5308601,0
20251006,160000,66.79,67.67,66.78,67.65,13049319,0
20251006,170000,67.66,67.95,67.29,67.62,13757470,0
20251006,180000,67.62,67.87,67.55,67.8,4468064,0
20251006,190000,67.81,67.94,67.52,67.78,6674094,0
20251006,200000,67.78,67.86,67.56,67.71,3000715,0
20251006,210000,67.71,67.77,67.57,67.63,1961168,0
20251006,220000,67.64,67.83,67.58,67.76,1546807,0
20251006,230000,67.75,67.78,67.45,67.52,2083484,0
20251007,070000,67.36,67.48,67.18,67.21,2122934,0
20251007,080000,67.23,67.81,67.2,67.81,1773160,0
20251007,090000,67.8,67.81,67.22,67.43,2329674,0
20251007,100000,67.46,68.09,67.3,67.87,9208956,0
20251007,110000,67.86,68.73,67.86,68.66,17609167,0
20251007,120000,68.66,68.98,68.47,68.9,9698506,0
20251007,130000,68.89,69.16,68.55,69.11,8068620,0
20251007,140000,69.12,69.19,68.46,68.57,9936159,0
20251007,150000,68.56,68.88,68.32,68.67,7025644,0
20251007,160000,68.68,68.85,68.51,68.69,3160186,0
20251007,170000,68.69,68.69,68.21,68.56,3833231,0
20251007,180000,68.54,68.79,68.44,68.61,1847845,0
20251007,190000,68.65,68.69,68.33,68.42,2750216,0
20251007,200000,68.41,68.59,68.33,68.58,846678,0
20251007,210000,68.58,68.59,68.39,68.53,834826,0
20251007,220000,68.52,68.64,68.46,68.64,616824,0
20251007,230000,68.64,68.77,68.64,68.7,992644,0
20251008,070000,68.7,69.09,68.63,69.08,1911741,0
20251008,080000,69.08,69.15,68.87,68.89,1599265,0
20251008,090000,68.87,68.93,68.75,68.86,1396473,0
20251008,100000,68.86,69.06,68.32,68.45,6418624,0
20251008,110000,68.43,68.55,68.05,68.48,8230739,0
20251008,120000,68.46,68.53,67.8,68.15,15314133,0
20251008,130000,68.14,68.19,67.57,67.64,10657558,0
20251008,140000,67.64,67.64,67.1,67.16,12603606,0
20251008,150000,67.16,67.35,66.75,66.78,11821502,0
20251008,160000,66.78,67.1,66.61,66.72,8534411,0
20251008,170000,66.72,66.89,65.99,66.04,18316772,0
20251008,180000,66.04,66.3,64.87,65.64,35555943,0
20251008,190000,65.63,65.98,65.01,65.9,12774338,0
20251008,200000,65.9,66.33,65.81,66.21,9279802,0
20251008,210000,66.22,66.56,66.14,66.37,5374621,0
20251008,220000,66.37,66.4,65.9,66,3874673,0
20251008,230000,65.98,66.13,65.92,66.04,2049504,0
20251009,070000,66.25,66.53,65.97,66.5,3474421,0
20251009,080000,66.5,66.59,66.07,66.18,2382113,0
20251009,090000,66.14,66.3,65.5,66.26,6903536,0
20251009,100000,66.28,66.54,65.9,65.96,8977827,0
20251009,110000,65.97,66.09,64.9,65.8,19562988,0
20251009,120000,65.81,67.22,65.6,66.85,21798951,0
20251009,130000,66.85,67.2,66.4,66.46,6765557,0
20251009,140000,66.46,66.84,66.26,66.75,4006000,0
20251009,150000,66.75,67.1,66.58,66.7,5078764,0
20251009,160000,66.69,67.62,66.6,67.38,10564183,0
20251009,170000,67.37,67.71,67.32,67.69,7620564,0
20251009,180000,67.69,67.78,67.5,67.67,4767546,0
20251009,190000,67.65,67.74,67.5,67.51,4637989,0
20251009,200000,67.52,67.69,67.51,67.66,2111901,0
20251009,210000,67.65,68.04,67.53,68.01,3877142,0
20251009,220000,68.01,68.05,67.81,68.02,3447801,0
20251009,230000,68.02,68.16,67.71,67.8,2197920,0
20251010,070000,67.78,67.81,67.5,67.73,2206645,0
20251010,080000,67.73,67.73,67.12,67.51,2325323,0
20251010,090000,67.51,67.65,67.05,67.47,6194149,0
20251010,100000,67.48,67.52,66.83,67.14,9810603,0
20251010,110000,67.15,67.78,66.94,67.69,5165375,0
20251010,120000,67.69,67.8,67.48,67.65,5187547,0
20251010,130000,67.66,67.73,67.27,67.52,8006619,0
20251010,140000,67.5,67.59,67.31,67.34,1790918,0
20251010,150000,67.34,67.6,67.17,67.4,3538208,0
20251010,160000,67.4,67.69,66.83,67.11,6751787,0
20251010,170000,67.11,67.75,66.83,67.36,4855031,0
20251010,180000,67.36,67.49,67.11,67.27,3414170,0
20251010,190000,67.22,67.55,67.05,67.53,3310803,0
20251010,200000,67.54,67.55,67.35,67.39,772106,0
20251010,210000,67.38,67.39,67.22,67.29,935974,0
20251010,220000,67.29,67.29,67.06,67.07,1210408,0
20251010,230000,67.07,67.08,66.95,67,1438294,0
20251011,090000,66.92,66.92,66.92,66.92,45651,0
20251011,100000,66.96,66.99,66.1,66.83,3541989,0
20251011,110000,66.83,66.83,66.7,66.79,300716,0
20251011,120000,66.78,66.89,66.71,66.89,390073,0
20251011,130000,66.89,67.01,66.86,66.99,552572,0
20251011,140000,66.99,67,66.91,66.92,317240,0
20251011,150000,66.94,66.94,66.69,66.84,730042,0
20251011,160000,66.84,66.97,66.75,66.84,400394,0
20251011,170000,66.84,66.86,66.69,66.74,402361,0
20251011,180000,66.75,66.79,66.63,66.78,669485,0
20251012,090000,66.86,66.86,66.86,66.86,1279,0
20251012,100000,66.86,67.2,66.78,67,1374532,0
20251012,110000,66.98,67.08,66.84,67.04,469641,0
20251012,120000,67.04,67.15,66.95,67.06,344128,0
20251012,130000,67.06,67.2,67.03,67.05,260500,0
20251012,140000,67.04,67.17,66.94,67.06,919087,0
20251012,150000,67.09,67.11,67.01,67.1,348074,0
20251012,160000,67.09,67.11,66.99,67.03,338029,0
20251012,170000,67.03,67.05,66.91,67.03,438514,0
20251012,180000,67.03,67.06,66.95,67.03,225590,0
20251013,070000,67.33,67.36,67.08,67.22,1718588,0
20251013,080000,67.22,67.25,67.11,67.13,653087,0
20251013,090000,67.12,67.57,67.05,67.45,2247421,0
20251013,100000,67.47,67.7,67.01,67.03,7792245,0
20251013,110000,67.03,67.49,66.85,67.34,5325552,0
20251013,120000,67.34,67.56,67,67.43,3867311,0
20251013,130000,67.42,67.5,66.91,67.04,3753582,0
20251013,140000,67.05,67.58,66.81,67.56,6733153,0
20251013,150000,67.56,68.75,67.56,68.7,21740515,0
20251013,160000,68.71,68.88,68.26,68.41,7783051,0
20251013,170000,68.4,68.5,67.73,67.88,6851182,0
20251013,180000,67.88,68.13,67.76,67.88,1758764,0
20251013,190000,67.88,68.2,67.82,68.2,1454372,0
20251013,200000,68.2,68.31,67.98,68.01,1225882,0
20251013,210000,68.01,68.26,67.96,68,880689,0
20251013,220000,68.01,68.05,67.91,67.99,615513,0
20251013,230000,67.99,68.06,67.9,67.98,929784,0
20251014,070000,68.06,68.3,67.98,68.21,685588,0
20251014,080000,68.21,68.3,68.1,68.2,746496,0
20251014,090000,68.2,68.3,67.65,67.88,2806341,0
20251014,100000,67.88,68,67.53,67.68,4462018,0
20251014,110000,67.68,67.82,67.58,67.73,2901926,0
20251014,120000,67.73,68,67.56,67.75,2278319,0
20251014,130000,67.75,67.98,67.69,67.97,1150606,0
20251014,140000,67.98,68.08,67.83,67.91,2762431,0
20251014,150000,67.9,67.97,67.6,67.7,4912759,0
20251014,160000,67.71,67.75,67.1,67.25,6607661,0
20251014,170000,67.25,67.52,67.16,67.34,3654634,0
20251014,180000,67.34,67.59,67.31,67.42,2049920,0
20251014,190000,67.43,67.49,67,67.1,4139430,0
20251014,200000,67.09,67.15,67.02,67.12,1082218,0
20251014,210000,67.12,67.24,67.06,67.14,964501,0
20251014,220000,67.15,67.15,66.91,67.01,2344788,0
20251014,230000,67.01,67.25,66.96,67.25,814578,0
20251015,070000,67.24,67.28,67.04,67.15,557613,0
20251015,080000,67.14,67.35,67.09,67.25,687736,0
20251015,090000,67.25,67.29,67.06,67.14,1596089,0
20251015,100000,67.17,67.5,66.8,67.08,5667277,0
20251015,110000,67.07,67.35,66.94,67.2,3240615,0
20251015,120000,67.21,67.4,67.09,67.34,3309765,0
20251015,130000,67.34,68,67.33,67.43,8098830,0
20251015,140000,67.45,67.8,67.25,67.56,4295275,0
20251015,150000,67.57,68.06,67.52,68,5524002,0
20251015,160000,68,68.02,67.56,67.65,4120474,0
20251015,170000,67.66,67.68,67.4,67.53,2559691,0
20251015,180000,67.53,67.59,67.45,67.47,996761,0
20251015,190000,67.48,67.63,67.3,67.36,2380519,0
20251015,200000,67.39,67.53,67.24,67.44,1139880,0
20251015,210000,67.44,67.52,67.36,67.42,728979,0
20251015,220000,67.42,67.84,67.36,67.62,1021850,0
20251015,230000,67.61,67.64,67.4,67.53,733541,0
20251016,070000,67.5,67.65,67.41,67.6,284541,0
20251016,080000,67.6,67.68,67.43,67.51,526354,0
20251016,090000,67.54,67.56,67.36,67.49,487554,0
20251016,100000,67.5,67.65,67.22,67.52,2436607,0
20251016,110000,67.53,67.82,67.5,67.59,2813480,0
20251016,120000,67.59,67.88,67.5,67.73,3104094,0
20251016,130000,67.73,67.79,67.5,67.59,1635711,0
20251016,140000,67.6,67.81,67.51,67.71,2733448,0
20251016,150000,67.71,68,67.63,67.8,3728860,0
20251016,160000,67.8,68.04,67.72,67.83,4294696,0
20251016,170000,67.84,68.66,67.77,68.5,24166683,0
20251016,180000,68.51,68.6,68.28,68.49,5584592,0
20251016,190000,68.49,68.6,67.76,68.29,6529960,0
20251016,200000,68.27,70.8,68.14,70.73,47877047,0
20251016,210000,70.74,70.91,69.9,70.28,18807853,0
20251016,220000,70.29,70.59,70.19,70.35,6839375,0
20251016,230000,70.34,71.38,70.34,71.24,12834731,0
20251017,070000,71.43,72,70.8,71.16,10469344,0
20251017,080000,71.19,71.23,70.23,70.57,8640059,0
20251017,090000,70.59,70.71,70.34,70.35,6583639,0
20251017,100000,70.37,70.98,70.03,70.19,12111923,0
20251017,110000,70.21,70.43,70.03,70.34,7988255,0
20251017,120000,70.33,70.34,69.8,70,8477611,0
20251017,130000,69.99,70.14,69.8,70.12,7963282,0
20251017,140000,70.12,70.63,69.96,70.27,9720654,0
20251017,150000,70.27,70.74,70.2,70.59,4852020,0
20251017,160000,70.59,70.62,70.01,70.28,5731397,0
20251017,170000,70.29,70.32,69.81,69.98,6427449,0
20251017,180000,69.98,70.2,69.96,70.11,1479630,0
20251017,190000,70.18,70.33,69.97,70.14,2520737,0
20251017,200000,70.14,71.11,70.1,70.43,14848857,0
20251017,210000,70.43,70.55,70.1,70.5,4297973,0
20251017,220000,70.5,70.5,70.21,70.33,2643962,0
20251017,230000,70.34,70.59,70.27,70.38,2634265,0
20251018,090000,70.98,70.98,70.98,70.98,87348,0
20251018,100000,70.98,71.35,70.47,71.27,6488192,0
20251018,110000,71.27,71.6,71.22,71.45,5121677,0
20251018,120000,71.44,71.5,71.29,71.32,2261222,0
20251018,130000,71.32,71.4,71.04,71.23,2040989,0
20251018,140000,71.24,71.4,71.15,71.37,840930,0
20251018,150000,71.37,71.43,71.27,71.35,647313,0
20251018,160000,71.34,71.5,71.33,71.4,1299631,0
20251018,170000,71.41,71.45,71.35,71.39,627638,0
20251018,180000,71.4,71.44,71.26,71.42,1001664,0
20251019,090000,71.45,71.45,71.45,71.45,37328,0
20251019,100000,71.44,71.6,71.01,71.15,4593246,0
20251019,110000,71.15,71.33,71.1,71.32,766261,0
20251019,120000,71.32,71.44,71.24,71.41,832866,0
20251019,130000,71.43,71.43,71.25,71.3,464621,0
20251019,140000,71.28,71.3,71.2,71.25,650478,0
20251019,150000,71.22,71.22,71,71.01,2419799,0
20251019,160000,71,71.02,70.43,70.88,4459431,0
20251019,170000,70.91,71.06,70.71,70.84,1653922,0
20251019,180000,70.84,70.98,70.25,70.81,4578026,0
20251020,070000,71.09,71.14,70.4,70.78,2919942,0
20251020,080000,70.79,70.9,70.62,70.69,1241137,0
20251020,090000,70.7,70.78,70.57,70.72,1863447,0
20251020,100000,70.7,71.26,70.6,71,13407950,0
20251020,110000,71,71.08,70.8,70.9,6027807,0
20251020,120000,70.9,71.1,70.57,70.64,10403994,0
20251020,130000,70.64,70.89,70.58,70.72,3941363,0
20251020,140000,70.73,71,70.62,70.88,4094773,0
20251020,150000,70.89,71.06,70.8,71.05,2276922,0
20251020,160000,71.06,71.07,70.79,70.81,3529067,0
20251020,170000,70.81,70.98,70.76,70.77,1639351,0
20251020,180000,70.78,70.79,70.61,70.69,3584780,0
20251020,190000,70.7,70.75,70.51,70.68,2682768,0
20251020,200000,70.68,70.79,70.62,70.74,1079470,0
20251020,210000,70.74,70.8,70.67,70.74,469631,0
20251020,220000,70.74,70.77,70.65,70.68,552865,0
20251020,230000,70.67,70.74,70.65,70.69,453633,0
20251021,070000,70.69,70.75,69.05,69.43,16408976,0
20251021,080000,69.43,69.73,69.28,69.65,4382917,0
20251021,090000,69.66,69.75,69.17,69.59,7207068,0
20251021,100000,69.59,69.78,69.35,69.5,6071734,0
20251021,110000,69.51,69.57,69.28,69.35,3994127,0
20251021,120000,69.35,69.9,69.3,69.73,7604538,0
20251021,130000,69.72,70.15,69.71,69.98,5114896,0
20251021,140000,69.96,70.03,69.52,69.75,5179390,0
20251021,150000,69.76,69.78,69.21,69.32,5507159,0
20251021,160000,69.32,69.4,69.16,69.18,3391662,0
20251021,170000,69.18,69.19,68.6,68.65,10327339,0
20251021,180000,68.64,68.7,67.6,67.9,26360717,0
20251021,190000,67.89,68.48,67.71,68.47,7629273,0
20251021,200000,68.45,68.48,67.86,67.95,4990466,0
20251021,210000,67.95,68.3,67.72,68,4090659,0
20251021,220000,68,68.19,67.67,67.7,2570095,0
20251021,230000,67.68,68.11,67.23,68.08,6258318,0
20251022,070000,68.1,68.3,67.95,68.2,2133059,0
20251022,080000,68.2,68.48,68.12,68.4,2501232,0
20251022,090000,68.39,68.39,68.15,68.29,1611119,0
20251022,100000,68.28,68.32,67.8,68.25,4284630,0
20251022,110000,68.25,68.94,68.12,68.66,6225888,0
20251022,120000,68.66,68.85,68.34,68.45,4177099,0
20251022,130000,68.45,68.48,67.99,68.08,2576360,0
20251022,140000,68.11,68.38,67.9,68.25,1857748,0
20251022,150000,68.24,68.35,67.9,67.98,2355470,0
20251022,160000,67.97,68.76,67.8,68.54,5520013,0
20251022,170000,68.54,68.65,68.25,68.35,2370641,0
20251022,180000,68.34,68.45,68.3,68.31,1354887,0
20251022,190000,68.38,68.49,68.12,68.24,1797775,0
20251022,200000,68.24,68.24,68.05,68.2,1000509,0
20251022,210000,68.2,68.38,68.14,68.23,944345,0
20251022,220000,68.21,68.25,66.87,67.43,16607232,0
20251022,230000,67.43,67.45,66.74,67.13,13367090,0
20251023,070000,66.44,66.72,65.7,66.54,9053887,0
20251023,080000,66.5,66.67,66.26,66.59,2314085,0
20251023,090000,66.59,66.85,66.23,66.25,4523779,0
20251023,100000,66.25,67.1,66.24,67.02,7191209,0
20251023,110000,67.02,67.02,66.25,66.45,5875949,0
20251023,120000,66.45,66.85,66.3,66.71,3660627,0
20251023,130000,66.69,66.83,66.53,66.54,1944657,0
20251023,140000,66.54,66.7,66.4,66.57,4409178,0
20251023,150000,66.59,66.79,66.56,66.61,2238851,0
20251023,160000,66.61,66.77,66.5,66.51,2215926,0
20251023,170000,66.51,66.73,66.28,66.39,8736865,0
20251023,180000,66.38,66.94,66.33,66.65,4967039,0
20251023,190000,66.67,66.99,66.59,66.84,2430902,0
20251023,200000,66.84,67.04,66.79,67.04,2277306,0
20251023,210000,67.03,67.04,66.86,66.99,1320055,0
20251023,220000,67,67.09,66.92,67,797053,0
20251023,230000,67,68.06,66.99,67.98,6803414,0
20251024,070000,68,68.68,67.88,68.62,5286602,0
20251024,080000,68.62,68.73,68.46,68.54,2755208,0
20251024,090000,68.5,68.52,67.82,68.26,4481799,0
20251024,100000,68.25,68.69,68.1,68.28,11408132,0
20251024,110000,68.28,68.46,68.02,68.27,3715908,0
20251024,120000,68.3,68.38,68.07,68.29,3913960,0
20251024,130000,68.29,69.4,67.36,67.48,34991480,0
20251024,140000,67.48,67.69,66.89,67.38,14879483,0
20251024,150000,67.38,67.96,67.25,67.81,5279666,0
20251024,160000,67.82,67.83,67.4,67.5,2755955,0
20251024,170000,67.5,67.68,67.4,67.55,1608503,0
20251024,180000,67.55,67.56,67.03,67.15,2550610,0
20251024,190000,67.16,67.35,67,67.34,2238672,0
20251024,200000,67.34,67.56,67.33,67.5,1648156,0
20251024,210000,67.5,67.54,67.28,67.36,843006,0
20251024,220000,67.36,67.44,67.32,67.42,491333,0
20251024,230000,67.42,67.43,67.15,67.28,1202949,0
20251027,070000,67.18,67.19,66.53,66.75,4900197,0
20251027,080000,66.74,66.83,66.56,66.78,1968921,0
20251027,090000,66.78,66.79,66.5,66.63,5096558,0
20251027,100000,66.63,66.88,66.51,66.82,6918949,0
20251027,110000,66.81,66.94,66.63,66.69,3395286,0
20251027,120000,66.69,66.94,66.68,66.82,2506763,0
20251027,130000,66.82,66.85,66.6,66.71,1891915,0
20251027,140000,66.72,66.78,66.18,66.37,7510391,0
20251027,150000,66.36,66.7,66.31,66.53,3843072,0
20251027,160000,66.53,66.56,66.2,66.31,4601157,0
20251027,170000,66.31,66.5,66.17,66.37,6217107,0
20251027,180000,66.37,66.4,66.24,66.3,1605782,0
20251027,190000,66.3,66.61,66.29,66.53,2016992,0
20251027,200000,66.54,66.54,66.3,66.52,1105188,0
20251027,210000,66.52,66.52,66.27,66.3,814566,0
20251027,220000,66.31,66.45,66.3,66.33,470877,0
20251027,230000,66.35,66.37,66.04,66.08,2596123,0
20251028,070000,66.24,66.52,65.85,66.49,4658304,0
20251028,080000,66.49,66.64,66.38,66.63,1953228,0
20251028,090000,66.61,66.99,66.56,66.87,4429672,0
20251028,100000,66.87,67.07,66.7,67.02,3880609,0
20251028,110000,67.01,67.65,67.01,67.64,11134820,0
20251028,120000,67.63,67.89,67.48,67.86,8624594,0
20251028,130000,67.86,67.86,67.44,67.5,4170082,0
20251028,140000,67.47,67.79,67.44,67.69,2779080,0
20251028,150000,67.7,67.8,67.34,67.39,4059175,0
20251028,160000,67.39,67.69,67.22,67.67,3970050,0
20251028,170000,67.67,67.89,67.64,67.71,3872523,0
20251028,180000,67.72,67.8,67.58,67.78,2611961,0
20251028,190000,67.75,67.95,67.63,67.8,2331262,0
20251028,200000,67.79,68.19,67.75,68.15,4102152,0
20251028,210000,68.14,68.28,68,68.07,3118366,0
20251028,220000,68.08,68.27,68.05,68.16,1639010,0
20251028,230000,68.14,68.22,68.08,68.1,860320,0
20251029,070000,68.15,68.5,68.1,68.4,2329937,0
20251029,080000,68.39,68.46,68.01,68.05,1706615,0
20251029,090000,68.02,68.15,67.73,67.87,2925278,0
20251029,100000,67.88,68.24,67.79,68.15,4239472,0
20251029,110000,68.15,68.25,67.95,68.13,2727711,0
20251029,120000,68.13,68.27,67.87,68.02,2172811,0
20251029,130000,68.02,68.26,67.97,68.16,1373585,0
20251029,140000,68.16,68.45,67.91,68.02,2767591,0
20251029,150000,68,68.13,67.91,68,1588444,0
20251029,160000,68,68,67.55,67.74,3778495,0
20251029,170000,67.74,67.9,67.6,67.7,1764383,0
20251029,180000,67.71,68.03,67.69,68.01,2022295,0
20251029,190000,68,68.13,67.95,68.05,1150339,0
20251029,200000,68.05,68.05,67.8,67.88,1087937,0
20251029,210000,67.88,67.92,67.69,67.76,1584665,0
20251029,220000,67.76,67.88,67.74,67.86,522900,0
20251029,230000,67.86,67.87,67.76,67.83,496152,0
20251030,070000,67.84,67.89,67.6,67.76,963159,0
20251030,080000,67.76,67.83,67.68,67.78,426562,0
20251030,090000,67.75,68.41,67.74,68.19,3768596,0
20251030,100000,68.19,68.39,68.08,68.13,3257583,0
20251030,110000,68.14,68.26,67.99,68.15,3087959,0
20251030,120000,68.19,69.18,68.17,68.76,17735940,0
20251030,130000,68.76,68.77,68.28,68.55,6756856,0
20251030,140000,68.56,68.88,68.54,68.69,2787670,0
20251030,150000,68.68,68.85,68.54,68.81,3333335,0
20251030,160000,68.82,69.06,68.67,69.04,3275942,0
20251030,170000,69.05,69.08,68.75,68.82,2907956,0
20251030,180000,68.81,69.01,68.75,68.88,2257814,0
20251030,190000,68.87,69.18,68.87,68.95,3404467,0
20251030,200000,68.94,69,68.84,68.95,889999,0
20251030,210000,68.97,69.11,68.86,68.87,2275977,0
20251030,220000,68.86,68.99,68.73,68.85,1584895,0
20251030,230000,68.85,68.87,68.71,68.82,713373,0
20251031,070000,68.82,69.19,68.74,69.15,1957193,0
20251031,080000,69.15,69.16,68.83,69.03,1930421,0
20251031,090000,69,69.08,68.64,68.77,2519767,0
20251031,100000,68.76,68.77,68.42,68.52,4259812,0
20251031,110000,68.52,68.72,68.31,68.4,3753237,0
20251031,120000,68.39,68.57,68.31,68.57,1581256,0
20251031,130000,68.57,68.58,68.29,68.3,1650568,0
20251031,140000,68.3,68.38,68.11,68.36,3110160,0
20251031,150000,68.36,68.6,68.3,68.5,1218277,0
20251031,160000,68.52,68.57,68.13,68.17,1813370,0
20251031,170000,68.16,68.34,68.15,68.26,1040104,0
20251031,180000,68.26,68.29,68.15,68.2,728111,0
20251031,190000,68.2,68.31,68.11,68.26,1045671,0
20251031,200000,68.25,68.26,67.81,68.07,4626058,0
20251031,210000,68.07,68.09,67.7,67.88,2518076,0
20251031,220000,67.88,67.94,67.8,67.88,819719,0
20251031,230000,67.87,68.06,67.85,68.02,1047102,0
20251101,070000,68.06,68.28,68.02,68.27,531209,0
20251101,080000,68.27,68.29,68.14,68.26,900873,0
20251101,090000,68.2,68.4,68.1,68.23,657410,0
20251101,100000,68.23,68.39,68.21,68.36,1048672,0
20251101,110000,68.38,68.39,68.21,68.35,787792,0
20251101,120000,68.35,68.38,68.25,68.28,696963,0
20251101,130000,68.3,68.32,68.13,68.23,890667,0
20251101,140000,68.24,68.26,68.17,68.19,167749,0
20251101,150000,68.19,68.19,67.91,68.17,1551388,0
20251101,160000,68.16,68.29,68.1,68.23,789250,0
20251101,170000,68.23,68.23,68.1,68.15,259407,0
20251101,180000,68.18,68.29,68.14,68.25,626586,0
20251101,190000,68.2,68.28,68.15,68.26,356527,0
20251101,200000,68.26,68.32,68.23,68.28,316415,0
20251101,210000,68.28,68.3,68.17,68.21,304222,0
20251101,220000,68.21,68.23,68.11,68.21,363585,0
20251101,230000,68.2,68.25,68.11,68.25,310487,0
20251103,070000,68.35,68.53,68.33,68.52,760379,0
20251103,080000,68.52,68.58,68.31,68.54,944426,0
20251103,090000,68.5,68.88,68.5,68.81,2828240,0
20251103,100000,68.81,69,68.75,68.85,3028632,0
20251103,110000,68.85,68.86,68.62,68.7,1533669,0
20251103,120000,68.7,68.76,68.62,68.75,533069,0
20251103,130000,68.75,68.78,68.71,68.76,794610,0
20251103,140000,68.75,68.78,68.68,68.72,648823,0
20251103,150000,68.72,68.91,68.72,68.86,3286984,0
20251103,160000,68.86,68.88,68.7,68.73,593184,0
20251103,170000,68.73,68.79,68.67,68.73,583786,0
20251103,180000,68.72,68.78,68.61,68.63,641292,0
20251103,190000,68.62,68.77,68.62,68.74,276220,0
20251103,200000,68.74,68.75,68.63,68.63,333869,0
20251103,210000,68.64,68.65,68.47,68.57,1347757,0
20251103,220000,68.55,68.62,68.51,68.56,711067,0
20251103,230000,68.56,68.68,68.53,68.66,497023,0
20251105,070000,68.62,68.65,68.32,68.32,1384213,0
20251105,080000,68.32,68.55,68.16,68.5,2336197,0
20251105,090000,68.5,68.6,68.39,68.48,1564078,0
20251105,100000,68.47,68.6,68.32,68.51,2733548,0
20251105,110000,68.51,68.86,68.47,68.85,2939139,0
20251105,120000,68.85,68.89,68.68,68.83,1701409,0
20251105,130000,68.82,70.19,68.8,70.11,20416611,0
20251105,140000,70.11,70.5,69.77,70.2,16781291,0
20251105,150000,70.19,70.32,69.59,69.71,13426661,0
20251105,160000,69.71,69.96,69.26,69.29,7311176,0
20251105,170000,69.29,69.59,68.89,69.18,14528223,0
20251105,180000,69.17,69.65,69.03,69.2,7128544,0
20251105,190000,69.22,69.55,69.12,69.39,3589120,0
20251105,200000,69.38,69.41,69.13,69.24,1330761,0
20251105,210000,69.23,69.47,69.12,69.39,3566353,0
20251105,220000,69.38,69.6,69.33,69.52,2319749,0
20251105,230000,69.51,69.55,69.38,69.41,1434837,0
20251106,070000,69.39,69.91,69.39,69.89,2484858,0
20251106,080000,69.9,69.93,69.67,69.8,1116433,0
20251106,090000,69.8,70.2,69.71,70.17,5090425,0
20251106,100000,70.17,70.28,69.41,69.44,13193163,0
20251106,110000,69.44,69.59,69.31,69.43,2953757,0
20251106,120000,69.43,69.49,68.91,69.12,7314325,0
20251106,130000,69.12,69.14,68.9,69.09,3398104,0
20251106,140000,69.09,69.14,68.7,69.07,5875216,0
20251106,150000,69.07,69.37,69,69.32,2966556,0
20251106,160000,69.32,69.32,69.06,69.12,1864931,0
20251106,170000,69.12,69.35,68.98,69.27,2382705,0
20251106,180000,69.27,69.32,69.14,69.29,538741,0
20251106,190000,69.23,69.43,69.23,69.41,1180010,0
20251106,200000,69.41,69.62,69.3,69.57,2250591,0
20251106,210000,69.57,69.62,69.48,69.57,1738051,0
20251106,220000,69.57,69.63,69.53,69.6,833844,0
20251106,230000,69.6,69.66,69.52,69.63,1315654,0
20251107,070000,69.44,69.9,69.22,69.78,5034901,0
20251107,080000,69.78,69.85,69.63,69.77,1730851,0
20251107,090000,69.77,70.05,69.76,69.94,3824437,0
20251107,100000,69.92,70.3,69.89,69.89,8021473,0
20251107,110000,69.89,70.27,69.81,70.13,4049540,0
20251107,120000,70.13,70.26,70.03,70.1,3432991,0
20251107,130000,70.1,70.25,69.95,70,3699917,0
20251107,140000,69.99,70.1,69.85,69.97,1732922,0
20251107,150000,69.97,70.09,69.41,69.79,5538372,0
20251107,160000,69.79,69.93,69.57,69.74,2728117,0
20251107,170000,69.74,70.02,69.74,69.94,1813037,0
20251107,180000,69.94,69.97,69.74,69.77,1270683,0
20251107,190000,69.78,69.96,69.74,69.79,1517078,0
20251107,200000,69.79,70.21,69.75,69.81,5255183,0
20251107,210000,69.82,69.88,69.65,69.8,2435843,0
20251107,220000,69.8,69.86,69.75,69.83,588497,0
20251107,230000,69.83,69.89,69.74,69.89,1005046,0
20251108,090000,69.89,69.89,69.89,69.89,14824,0
20251108,100000,69.9,70.1,69.89,70.02,945332,0
20251108,110000,70,70.02,69.85,69.91,372393,0
20251108,120000,69.91,69.98,69.89,69.94,239427,0
20251108,130000,69.94,69.95,69.9,69.92,253830,0
20251108,140000,69.91,69.93,69.89,69.93,181376,0
20251108,150000,69.93,69.97,69.91,69.95,365141,0
20251108,160000,69.95,69.99,69.93,69.95,129907,0
20251108,170000,69.94,70.01,69.9,69.98,317696,0
20251108,180000,69.98,70.01,69.94,69.96,408397,0
20251109,090000,70.07,70.07,70.07,70.07,7797,0
20251109,100000,70.06,70.07,69.88,69.97,591692,0
20251109,110000,69.97,70,69.9,69.98,284933,0
20251109,120000,69.97,70.05,69.96,70.04,133089,0
20251109,130000,70.04,70.05,69.98,70.01,198814,0
20251109,140000,70.03,70.03,69.97,69.99,120174,0
20251109,150000,69.98,70.04,69.98,69.99,223513,0
20251109,160000,69.99,70.1,69.98,70.07,351429,0
20251109,170000,70.09,70.2,69.99,70.16,1359797,0
20251109,180000,70.16,70.2,70.09,70.15,706556,0
20251110,070000,70.22,70.65,70.2,70.64,3624228,0
20251110,080000,70.64,70.67,70.41,70.55,1784146,0
20251110,090000,70.52,70.6,70.32,70.44,1999596,0
20251110,100000,70.44,70.78,70.37,70.53,7644265,0
20251110,110000,70.54,70.57,70.34,70.4,2828302,0
20251110,120000,70.39,70.55,70.33,70.37,2092801,0
20251110,130000,70.37,70.43,70.23,70.34,3220501,0
20251110,140000,70.34,70.47,70.23,70.31,3692330,0
20251110,150000,70.3,70.35,69.91,70.1,8523814,0
20251110,160000,70.12,70.19,69.72,70.12,5462692,0
20251110,170000,70.13,70.13,69.6,69.87,4902080,0
20251110,180000,69.87,70.05,69.77,69.96,2280816,0
20251110,190000,69.95,70.08,69.84,69.98,1584711,0
20251110,200000,69.98,70.09,69.9,70.08,656836,0
20251110,210000,70.08,70.08,69.95,70,455818,0
20251110,220000,70,70.07,69.98,70.05,470102,0
20251110,230000,70.05,70.05,69.82,69.96,1364422,0
20251111,070000,69.97,70.08,69.82,69.94,1108947,0
20251111,080000,69.9,70.19,69.89,70.11,859988,0
20251111,090000,70.1,70.2,70,70.11,1291699,0
20251111,100000,70.11,70.19,69.73,69.97,4113823,0
20251111,110000,69.96,69.96,69.65,69.72,2187552,0
20251111,120000,69.73,70.04,69.62,70.01,3298437,0
20251111,130000,70.01,70.18,69.94,70.1,1777528,0
20251111,140000,70.09,70.3,69.98,70.18,3202793,0
20251111,150000,70.18,70.27,70.02,70.12,1816107,0
20251111,160000,70.12,70.29,70.12,70.15,1597091,0
20251111,170000,70.15,70.22,69.98,70.06,1530046,0
20251111,180000,70.05,70.12,69.95,70.03,837898,0
20251111,190000,70.03,70.14,70.03,70.09,514182,0
20251111,200000,70.08,70.27,70.07,70.25,1244316,0
20251111,210000,70.26,70.29,70.06,70.16,1263301,0
20251111,220000,70.15,70.22,70.13,70.19,301235,0
20251111,230000,70.2,70.23,70.18,70.21,788213,0
20251112,070000,70.25,70.25,70.09,70.17,601378,0
20251112,080000,70.17,70.19,70.13,70.19,174176,0
20251112,090000,70.19,70.26,70.13,70.16,848087,0
20251112,100000,70.16,70.21,69.93,69.98,3402666,0
20251112,110000,69.98,70,69.88,69.95,1424481,0
20251112,120000,69.95,70.09,69.9,69.99,1352891,0
20251112,130000,70,70,69.65,69.7,2819101,0
20251112,140000,69.7,69.79,69.26,69.44,4184557,0
20251112,150000,69.45,69.45,69.17,69.38,4220691,0
20251112,160000,69.39,69.41,68.93,69.07,6200736,0
20251112,170000,69.07,69.23,68.95,69.14,3515446,0
20251112,180000,69.14,69.25,69.1,69.2,1207852,0
20251112,190000,69.19,69.32,68.83,69.21,4882697,0
20251112,200000,69.2,69.35,69,69.13,2035168,0
20251112,210000,69.13,69.38,69.13,69.38,866187,0
20251112,220000,69.38,69.38,69.26,69.32,404839,0
20251112,230000,69.32,69.34,69.16,69.25,627344,0
20251113,070000,69.25,69.47,69.17,69.44,869162,0
20251113,080000,69.44,69.53,69.4,69.5,766732,0
20251113,090000,69.53,69.75,69.44,69.46,2603139,0
20251113,100000,69.45,69.6,69.23,69.47,2529957,0
20251113,110000,69.47,69.67,69.32,69.62,3227196,0
20251113,120000,69.63,69.68,69.34,69.44,2348059,0
20251113,130000,69.44,69.55,69.33,69.43,1578291,0
20251113,140000,69.41,69.43,69.11,69.22,2292712,0
20251113,150000,69.23,69.38,69.18,69.31,1793682,0
20251113,160000,69.3,69.33,69.17,69.33,691342,0
20251113,170000,69.33,69.35,69.1,69.17,2053938,0
20251113,180000,69.16,69.3,69.13,69.3,678700,0
20251113,190000,69.3,69.33,69.23,69.28,671390,0
20251113,200000,69.27,69.3,69.15,69.26,684886,0
20251113,210000,69.26,69.4,69.25,69.28,1665499,0
20251113,220000,69.28,69.32,69.17,69.29,650197,0
20251113,230000,69.29,69.29,69.13,69.18,802805,0
20251114,070000,69.19,69.36,69.13,69.25,308463,0
20251114,080000,69.23,69.39,69.23,69.3,465875,0
20251114,090000,69.3,69.45,69.22,69.36,1327863,0
20251114,100000,69.39,69.47,69.03,69.08,2833066,0
20251114,110000,69.08,69.08,68.72,68.83,4613636,0
20251114,120000,68.82,68.95,68.74,68.82,1864585,0
20251114,130000,68.82,68.99,68.77,68.83,2250677,0
20251114,140000,68.82,68.88,68.47,68.55,3299994,0
20251114,150000,68.55,68.75,68.5,68.75,2396413,0
20251114,160000,68.75,68.75,68.34,68.53,2511761,0
20251114,170000,68.52,68.71,68.42,68.59,1829820,0
20251114,180000,68.61,68.65,68.51,68.59,1074955,0
20251114,190000,68.62,68.62,68.46,68.55,1423640,0
20251114,200000,68.55,68.69,68.53,68.67,748736,0
20251114,210000,68.67,68.67,68.57,68.59,230434,0
20251114,220000,68.59,68.6,68.49,68.49,1613016,0
20251114,230000,68.5,68.65,68.45,68.64,1364384,0
20251115,090000,68.64,68.64,68.64,68.64,12079,0
20251115,100000,68.65,68.91,68.64,68.79,1343815,0
20251115,110000,68.79,68.83,68.68,68.78,294449,0
20251115,120000,68.78,68.79,68.66,68.73,259493,0
20251115,130000,68.73,68.85,68.69,68.78,331061,0
20251115,140000,68.78,68.84,68.67,68.75,291941,0
20251115,150000,68.75,68.75,68.65,68.71,157644,0
20251115,160000,68.71,68.78,68.65,68.7,175539,0
20251115,170000,68.7,68.75,68.65,68.75,159353,0
20251115,180000,68.75,68.77,68.64,68.72,93138,0
20251116,090000,68.62,68.62,68.62,68.62,12223,0
20251116,100000,68.64,68.83,68.62,68.77,455019,0
20251116,110000,68.76,68.88,68.71,68.74,345660,0
20251116,120000,68.74,68.75,68.7,68.7,73150,0
20251116,130000,68.7,68.74,68.66,68.67,389316,0
20251116,140000,68.7,68.73,68.67,68.69,79512,0
20251116,150000,68.7,68.73,68.66,68.7,79695,0
20251116,160000,68.69,68.71,68.65,68.71,94716,0
20251116,170000,68.71,68.77,68.68,68.71,163064,0
20251116,180000,68.73,68.78,68.67,68.71,493228,0
20251117,070000,68.54,68.69,68.4,68.55,1238470,0
20251117,080000,68.56,68.67,68.03,68.27,1984369,0
20251117,090000,68.27,68.4,68.14,68.26,1901697,0
20251117,100000,68.26,69.48,68.13,69.29,8317843,0
20251117,110000,69.3,69.44,69.1,69.14,7123445,0
20251117,120000,69.14,69.47,69.1,69.23,3486216,0
20251117,130000,69.23,69.27,68.86,69.11,2751952,0
20251117,140000,69.12,69.71,68.95,69.5,10171507,0
20251117,150000,69.5,69.58,69.25,69.3,4060780,0
20251117,160000,69.31,69.4,69.06,69.3,2405298,0
20251117,170000,69.3,69.3,69.1,69.21,1908217,0
20251117,180000,69.22,69.37,69.21,69.31,980996,0
20251117,190000,69.3,69.38,69.25,69.33,659934,0
20251117,200000,69.32,69.37,69.14,69.14,727253,0
20251117,210000,69.15,69.49,68.85,68.91,4899940,0
20251117,220000,68.91,69.01,68.6,68.67,2214743,0
20251117,230000,68.66,68.73,68.29,68.49,4675195,0
20251118,070000,68.51,68.69,68.17,68.57,2399817,0
20251118,080000,68.57,68.65,68.34,68.48,973293,0
20251118,090000,68.48,68.65,68.44,68.51,1484763,0
20251118,100000,68.48,69.3,67.63,69.06,20420695,0
20251118,110000,69.06,69.78,68.84,69.67,16938057,0
20251118,120000,69.68,69.76,69.03,69.29,9031763,0
20251118,130000,69.28,69.4,68.75,68.91,6778118,0
20251118,140000,68.91,69.34,68.85,69.34,6205147,0
20251118,150000,69.35,69.36,68.98,69.1,3446887,0
20251118,160000,69.1,69.31,69.02,69.07,1397851,0
20251118,170000,69.09,69.33,68.9,68.96,2362572,0
20251118,180000,68.97,69.35,68.9,69.15,2970229,0
20251118,190000,69.16,69.25,69.1,69.2,946132,0
20251118,200000,69.19,69.33,69.19,69.27,982124,0
20251118,210000,69.26,69.28,69.13,69.23,792487,0
20251118,220000,69.23,69.4,69.14,69.22,2011623,0
20251118,230000,69.22,69.32,68.73,69.02,3958929,0
20251119,070000,69.05,69.6,68.95,69.5,1916850,0
20251119,080000,69.51,69.6,69.35,69.53,1427393,0
20251119,090000,69.52,69.64,69.44,69.55,3210280,0
20251119,100000,69.55,69.66,69.29,69.62,2686561,0
20251119,110000,69.62,69.69,69.18,69.51,7010327,0
20251119,120000,69.52,69.54,69.06,69.23,2788506,0
20251119,130000,69.23,69.4,69.17,69.36,1609856,0
20251119,140000,69.35,70.2,69.28,70.15,16524405,0
20251119,150000,70.15,70.35,69.91,70.2,17001152,0
20251119,160000,70.2,70.81,70.08,70.37,19832124,0
20251119,170000,70.37,70.4,70.02,70.14,11998468,0
20251119,180000,70.15,70.31,69.8,70.3,11678660,0
20251119,190000,70.28,70.5,70.02,70.5,7039490,0
20251119,200000,70.5,70.5,70.3,70.38,2752637,0
20251119,210000,70.37,70.44,69.85,69.98,9826568,0
20251119,220000,69.98,70.05,69.65,69.88,5953266,0
20251119,230000,69.88,69.91,69.76,69.9,1270260,0
20251120,070000,69.91,70.42,69.82,70.22,2613637,0
20251120,080000,70.21,70.34,70.14,70.26,1620692,0
20251120,090000,70.26,70.39,70.06,70.07,2558105,0
20251120,100000,70.07,70.34,69.82,70.34,4624520,0
20251120,110000,70.33,70.38,70.17,70.32,2367412,0
20251120,120000,70.32,70.58,70.13,70.34,4943713,0
20251120,130000,70.34,70.43,70.03,70.18,2991172,0
20251120,140000,70.18,70.18,69.8,69.96,4834718,0
20251120,150000,69.95,70.31,69.51,70.27,10556595,0
20251120,160000,70.28,70.36,69.92,69.96,6354730,0
20251120,170000,69.96,70.18,69.87,70.01,3680225,0
20251120,180000,70.01,70.15,69.9,70.11,1189993,0
20251120,190000,70.1,70.45,70.03,70.1,4698567,0
20251120,200000,70.1,71.31,70.01,71.11,13923631,0
20251120,210000,71.13,71.23,70.41,70.76,18884897,0
20251120,220000,70.76,70.99,70.59,70.96,6603739,0
20251120,230000,70.95,71.88,70.93,71.86,14885806,0
20251121,070000,72,72,71.27,71.75,8840913,0
20251121,080000,71.77,71.77,71.22,71.23,4824170,0
20251121,090000,71.23,71.43,71.13,71.28,4129803,0
20251121,100000,71.27,71.66,71.05,71.39,6764212,0
20251121,110000,71.4,71.43,71,71.12,5687211,0
20251121,120000,71.11,71.13,70.84,70.94,3065869,0
20251121,130000,70.93,70.98,70.84,70.88,2690894,0
20251121,140000,70.87,70.96,70.64,70.77,4186052,0
20251121,150000,70.77,71.2,70.67,70.92,5292244,0
20251121,160000,70.92,70.99,70.51,70.51,3799057,0
20251121,170000,70.51,71.48,70.51,71.15,7116023,0
20251121,180000,71.15,71.3,71.08,71.3,2779534,0
20251121,190000,71.2,71.27,70.92,71.13,3250217,0
20251121,200000,71.12,71.46,71.12,71.25,6595285,0
20251121,210000,71.28,71.39,71.12,71.29,2422531,0
20251121,220000,71.28,71.37,71.15,71.3,2413266,0
20251121,230000,71.3,71.34,71.11,71.16,2037716,0
20251124,070000,71.8,72.6,71.56,72.32,13630988,0
20251124,080000,72.3,72.33,72.02,72.15,2901529,0
20251124,090000,72.14,72.2,71.88,72.09,4380486,0
20251124,100000,72.09,72.09,71.69,71.75,7413074,0
20251124,110000,71.75,71.82,71.25,71.27,6328708,0
20251124,120000,71.25,71.5,71.17,71.34,3801454,0
20251124,130000,71.35,71.63,71.2,71.58,3353299,0
20251124,140000,71.59,71.62,71.23,71.48,3729770,0
20251124,150000,71.48,71.48,71.12,71.27,2645660,0
20251124,160000,71.26,71.73,71.17,71.41,4487329,0
20251124,170000,71.41,71.48,70.94,71.3,7393412,0
20251124,180000,71.3,71.4,71.17,71.34,1361856,0
20251124,190000,71.34,71.4,71.15,71.29,2419978,0
20251124,200000,71.27,71.37,71.26,71.29,702364,0
20251124,210000,71.29,71.35,71.2,71.22,817724,0
20251124,220000,71.23,71.23,71,71.04,2496398,0
20251124,230000,71.04,71.61,71.01,71.29,2838943,0
20251125,070000,71.31,71.6,71.17,71.45,1380180,0
20251125,080000,71.45,71.57,71.42,71.5,898184,0
20251125,090000,71.5,71.8,71.36,71.6,2817167,0
20251125,100000,71.6,71.8,71.4,71.44,5131686,0
20251125,110000,71.45,71.56,71.06,71.12,4599120,0
20251125,120000,71.12,71.3,70.87,71.27,5694327,0
20251125,130000,71.27,71.34,71.1,71.26,1203959,0
20251125,140000,71.26,71.66,71.13,71.15,4007613,0
20251125,150000,71.16,71.8,71.01,71.4,11774057,0
20251125,160000,71.4,71.84,71.37,71.73,6635853,0
20251125,170000,71.74,71.84,71.53,71.81,3656618,0
20251125,180000,71.81,71.9,71.67,71.85,4413731,0
20251125,190000,71.84,72.17,71.77,72.1,8385596,0
20251125,200000,72.1,72.12,71.77,72.02,3585290,0
20251125,210000,72.01,72.16,71.8,72.1,3430187,0
20251125,220000,72.09,72.37,71.9,72.11,5032523,0
20251125,230000,72.12,72.2,72.02,72.04,1927732,0
20251126,070000,72.05,72.1,71.51,71.76,3855383,0
20251126,080000,71.77,72.1,71.75,71.93,2665077,0
20251126,090000,71.93,72.08,71.83,72,2156130,0
20251126,100000,71.98,72.02,71.73,71.94,1805631,0
20251126,110000,71.95,71.95,71.65,71.77,2911935,0
20251126,120000,71.77,71.86,71.62,71.68,1492782,0
20251126,130000,71.68,71.86,71.61,71.83,1427119,0
20251126,140000,71.83,71.86,71.7,71.81,1871865,0
20251126,150000,71.79,71.82,71.51,71.71,3031925,0
20251126,160000,71.71,71.71,71.46,71.55,2658542,0
20251126,170000,71.55,71.64,71.51,71.57,853638,0
20251126,180000,71.55,71.72,71.55,71.65,906602,0
20251126,190000,71.63,71.67,71.59,71.63,322449,0
20251126,200000,71.62,71.75,71.62,71.74,743793,0
20251126,210000,71.74,71.74,71.6,71.64,797743,0
20251126,220000,71.64,71.64,71.45,71.49,1675991,0
20251126,230000,71.5,71.52,71.3,71.5,2992736,0
20251127,070000,71.51,71.58,71.3,71.52,1051370,0
20251127,080000,71.52,71.77,71.48,71.76,1720886,0
20251127,090000,71.75,71.85,71.6,71.7,1002006,0
20251127,100000,71.7,71.72,71.38,71.42,3414534,0
20251127,110000,71.41,71.58,71.34,71.48,2330297,0
20251127,120000,71.48,71.59,71.34,71.46,1921879,0
20251127,130000,71.47,71.5,71.4,71.44,1154914,0
20251127,140000,71.45,71.52,71.4,71.46,695261,0
20251127,150000,71.46,71.5,71.1,71.19,5584961,0
20251127,160000,71.18,71.45,71.05,71.25,3411051,0
20251127,170000,71.25,71.25,70.17,70.38,18633051,0
20251127,180000,70.38,70.58,70.22,70.5,5579899,0
20251127,190000,70.5,70.58,70.31,70.48,2832864,0
20251127,200000,70.45,70.51,70.36,70.51,1882428,0
20251127,210000,70.51,70.6,70.44,70.6,971642,0
20251127,220000,70.6,70.6,70.37,70.46,783568,0
20251127,230000,70.46,70.52,70.35,70.51,1029340,0
20251128,070000,70.52,70.76,70.5,70.63,790799,0
20251128,080000,70.66,70.67,70.34,70.51,684812,0
20251128,090000,70.54,70.75,70.35,70.69,2772374,0
20251128,100000,70.7,71.01,70.58,70.91,3656202,0
20251128,110000,70.9,71.17,70.76,71.09,3572305,0
20251128,120000,71.09,72.11,71.04,71.92,15231177,0
20251128,130000,71.92,72,71.63,71.76,8017177,0
20251128,140000,71.76,71.95,71.61,71.74,3873607,0
20251128,150000,71.75,71.76,71.5,71.62,2981461,0
20251128,160000,71.62,72.8,71.56,72.54,27824603,0
20251128,170000,72.54,72.95,72.25,72.86,21854893,0
20251128,180000,72.85,73.33,72.62,72.91,16820268,0
20251128,190000,72.92,73.23,72.78,72.89,8784776,0
20251128,200000,72.89,73.01,72.71,72.99,3970841,0
20251128,210000,73,73.17,72.79,72.81,3656470,0
20251128,220000,72.84,72.91,72.71,72.84,3189378,0
20251128,230000,72.83,73,72.71,72.85,3101688,0
20251129,090000,72.85,72.85,72.85,72.85,99951,0
20251129,100000,72.84,72.85,72.65,72.79,1347643,0
20251129,110000,72.79,72.8,72.72,72.78,482083,0
20251129,120000,72.76,72.9,72.74,72.87,454365,0
20251129,130000,72.88,72.94,72.84,72.92,503911,0
20251129,140000,72.92,72.98,72.88,72.91,818421,0
20251129,150000,72.91,72.96,72.9,72.92,1034816,0
20251129,160000,72.91,72.94,72.84,72.87,423805,0
20251129,170000,72.87,72.95,72.84,72.94,284738,0
20251129,180000,72.94,72.96,72.82,72.88,277193,0
20251130,090000,72.85,72.85,72.85,72.85,6637,0
20251130,100000,72.85,73.2,72.83,73.11,1623735,0
20251130,110000,73.1,73.25,73,73.23,909902,0
20251130,120000,73.23,73.34,73.16,73.34,1049918,0
20251130,130000,73.34,73.34,73.26,73.33,1089487,0
20251130,140000,73.33,73.8,73.29,73.67,3450331,0
20251130,150000,73.67,74.1,73.65,73.8,5758151,0
20251130,160000,73.81,73.85,73.5,73.81,3810902,0
20251130,170000,73.8,74.09,73.72,74.06,3432255,0
20251130,180000,74.07,74.28,73.85,74.1,6020370,0
20251201,070000,73.9,74.18,73.6,73.75,6356399,0
20251201,080000,73.76,73.95,73.53,73.81,3423937,0
20251201,090000,73.8,73.81,73.44,73.65,6015208,0
20251201,100000,73.64,73.83,73.32,73.66,8829687,0
20251201,110000,73.66,73.8,73.43,73.7,8582329,0
20251201,120000,73.7,73.98,73.09,73.28,18990897,0
20251201,130000,73.29,73.61,72.14,72.77,40425696,0
20251201,140000,72.77,72.86,72.41,72.56,11365998,0
20251201,150000,72.55,73,72.53,72.8,5958043,0
20251201,160000,72.8,72.95,72.68,72.89,4573583,0
20251201,170000,72.89,72.95,72.45,72.6,6791957,0
20251201,180000,72.61,72.75,72.46,72.54,4213050,0
20251201,190000,72.55,72.7,72.37,72.66,3948072,0
20251201,200000,72.66,72.75,72.57,72.63,1624001,0
20251201,210000,72.62,72.68,72.56,72.62,1276587,0
20251201,220000,72.6,72.82,72.43,72.46,3264155,0
20251201,230000,72.47,72.54,72.3,72.47,3621625,0
20251202,070000,72.35,72.69,72.32,72.51,1324466,0
20251202,080000,72.5,72.55,72.02,72.39,3070561,0
20251202,090000,72.39,72.63,72.38,72.47,2229424,0
20251202,100000,72.46,72.55,71.81,71.97,8252249,0
20251202,110000,71.97,72.16,71.69,72.05,8552022,0
20251202,120000,72.05,72.19,72,72.13,2276446,0
20251202,130000,72.13,72.28,72.02,72.19,3223008,0
20251202,140000,72.19,72.21,72.06,72.09,1692697,0
20251202,150000,72.09,72.42,72.03,72.31,4564409,0
20251202,160000,72.31,72.4,72.2,72.3,3681572,0
20251202,170000,72.31,72.37,71.91,72.1,4897630,0
20251202,180000,72.1,72.1,71.53,71.77,8185102,0
20251202,190000,71.76,72.28,71.76,72.11,3179579,0
20251202,200000,72.11,72.12,71.96,72,1438428,0
20251202,210000,71.99,72.37,71.95,72.29,3207459,0
20251202,220000,72.29,72.29,72.02,72.11,1651794,0
20251202,230000,72.11,72.18,71.9,71.96,1688051,0
20251203,070000,71.43,71.68,71,71.52,11460722,0
20251203,080000,71.52,71.68,71.4,71.59,2680458,0
20251203,090000,71.58,71.65,71.43,71.51,2677510,0
20251203,100000,71.51,71.51,71.1,71.32,9841565,0
20251203,110000,71.32,71.42,71,71.32,9548423,0
20251203,120000,71.32,71.5,71.18,71.45,5576951,0
20251203,130000,71.45,71.48,71.32,71.42,1554807,0
20251203,140000,71.45,71.79,71.4,71.74,4459046,0
20251203,150000,71.73,71.75,71.4,71.5,3450339,0
20251203,160000,71.49,71.51,71.23,71.33,2601275,0
20251203,170000,71.33,71.53,71.32,71.38,2834892,0
20251203,180000,71.38,71.73,71.38,71.7,5573788,0
20251203,190000,71.69,71.93,71.57,71.75,4805935,0
20251203,200000,71.75,71.9,71.74,71.82,1420756,0
20251203,210000,71.82,71.82,71.72,71.79,1365278,0
20251203,220000,71.79,71.88,71.76,71.78,904660,0
20251203,230000,71.78,71.9,71.73,71.87,1197779,0
20251204,070000,72.12,72.76,72,72.64,6884322,0
20251204,080000,72.64,72.69,72.37,72.44,3161160,0
20251204,090000,72.42,72.59,72.31,72.45,2932689,0
20251204,100000,72.44,72.47,72.18,72.36,5891734,0
20251204,110000,72.36,72.38,72.17,72.22,2976616,0
20251204,120000,72.22,72.32,72.13,72.29,1758348,0
20251204,130000,72.3,72.3,72.05,72.26,3035714,0
20251204,140000,72.26,72.32,72.13,72.18,1535440,0
20251204,150000,72.19,72.53,72.16,72.45,3405544,0
20251204,160000,72.45,72.45,72.15,72.27,1465945,0
20251204,170000,72.28,72.3,72.04,72.18,3129076,0
20251204,180000,72.18,72.25,72.1,72.21,913772,0
20251204,190000,72.22,72.35,72.12,72.19,1934509,0
20251204,200000,72.19,72.22,72.05,72.16,1088748,0
20251204,210000,72.14,72.23,72.11,72.15,674519,0
20251204,220000,72.15,72.2,72.05,72.14,742362,0
20251204,230000,72.14,72.23,72.06,72.16,968825,0
20251205,070000,72.2,72.41,72.13,72.37,834934,0
20251205,080000,72.37,72.4,72.27,72.3,433974,0
20251205,090000,72.29,72.37,72.2,72.29,901216,0
20251205,100000,72.29,72.52,72.13,72.44,5116421,0
20251205,110000,72.45,72.92,72.43,72.65,8849006,0
20251205,120000,72.65,72.82,72.3,72.63,13858487,0
20251205,130000,72.64,72.64,72.45,72.51,3978078,0
20251205,140000,72.52,72.83,72.43,72.7,7417061,0
20251205,150000,72.7,72.94,72.69,72.8,5199100,0
20251205,160000,72.8,73.33,72.71,73.25,9473150,0
20251205,170000,73.24,73.41,73.05,73.41,7162027,0
20251205,180000,73.41,73.41,73,73.18,7605267,0
20251205,190000,73.17,73.19,72.86,73.1,4365696,0
20251205,200000,73.09,73.12,72.93,73.09,1215061,0
20251205,210000,73.09,73.16,73.04,73.15,1368896,0
20251205,220000,73.15,73.22,73.1,73.19,1492913,0
20251205,230000,73.19,73.26,73.09,73.17,2496451,0
20251208,070000,73.21,73.52,73.07,73.37,6247530,0
20251208,080000,73.37,73.5,73.22,73.42,2163564,0
20251208,090000,73.42,73.47,73.25,73.35,2759386,0
20251208,100000,73.34,73.38,73.02,73.22,9226681,0
20251208,110000,73.21,73.4,72.91,73.09,5847367,0
20251208,120000,73.09,73.2,72.62,73.04,5939676,0
20251208,130000,73.05,73.06,72.7,72.93,3405408,0
20251208,140000,72.93,73.05,72.8,72.95,2525677,0
20251208,150000,72.95,72.98,72.65,72.97,5867375,0
20251208,160000,72.97,73.12,72.81,73.01,3915699,0
20251208,170000,73.01,73.02,72.65,72.71,3689899,0
20251208,180000,72.72,72.81,72.62,72.79,1558589,0
20251208,190000,72.8,72.85,72.72,72.81,955027,0
20251208,200000,72.82,72.83,72.52,72.61,2521012,0
20251208,210000,72.6,72.61,72.1,72.47,7681039,0
20251208,220000,72.46,72.55,72.29,72.33,1836253,0
20251208,230000,72.33,72.33,72.16,72.22,1432291,0
20251209,070000,72.31,72.55,72.01,72.27,2159832,0
20251209,080000,72.27,72.29,72.07,72.11,1372017,0
20251209,090000,72.11,72.34,72.05,72.26,1497622,0
20251209,100000,72.24,72.44,72.15,72.23,2557545,0
20251209,110000,72.23,72.46,72.22,72.41,1664511,0
20251209,120000,72.41,72.54,72.3,72.36,2296512,0
20251209,130000,72.36,72.53,72.32,72.47,1226560,0
20251209,140000,72.48,72.87,72.44,72.69,4234106,0
20251209,150000,72.69,72.78,72.54,72.6,2245609,0
20251209,160000,72.61,72.95,72.5,72.93,4092728,0
20251209,170000,72.93,72.94,72.43,72.55,3588978,0
20251209,180000,72.55,72.59,72.35,72.56,2058279,0
20251209,190000,72.56,72.67,72.46,72.49,1756997,0
20251209,200000,72.5,72.61,72.4,72.59,922247,0
20251209,210000,72.57,72.78,72.52,72.77,1485474,0
20251209,220000,72.77,73.26,72.77,72.93,10349708,0
20251209,230000,72.93,73.02,72.81,72.87,3938035,0
20251210,070000,72.98,73.19,72.86,73,2606723,0
20251210,080000,72.97,73.05,72.88,72.96,740739,0
20251210,090000,72.96,73,72.8,72.96,1556969,0
20251210,100000,72.96,73.11,72.72,72.75,2504454,0
20251210,110000,72.75,72.89,72.19,72.71,17872488,0
20251210,120000,72.7,72.77,72.45,72.7,3022483,0
20251210,130000,72.68,72.78,72.55,72.71,1646340,0
20251210,140000,72.71,72.86,72.6,72.76,2495147,0
20251210,150000,72.76,72.79,72.7,72.77,716387,0
20251210,160000,72.77,72.86,72.65,72.75,1811369,0
20251210,170000,72.75,72.84,72.5,72.6,2010821,0
20251210,180000,72.6,72.75,72.58,72.68,932868,0
20251210,190000,72.69,72.9,72.66,72.77,1442882,0
20251210,200000,72.77,72.78,72.69,72.73,581739,0
20251210,210000,72.73,72.8,72.64,72.79,1323430,0
20251210,220000,72.78,72.82,72.67,72.73,801656,0
20251210,230000,72.73,72.75,72.65,72.68,710563,0
20251211,070000,72.81,72.95,72.71,72.92,893237,0
20251211,080000,72.93,73.05,72.9,72.98,1939771,0
20251211,090000,72.97,73.06,72.83,73.02,2084205,0
20251211,100000,73.02,73.2,72.94,72.97,4352386,0
20251211,110000,72.97,73.41,72.95,73.2,11098644,0
20251211,120000,73.19,73.31,73.01,73.02,3931064,0
20251211,130000,73.03,73.2,72.98,73.1,3519518,0
20251211,140000,73.1,73.15,72.92,72.94,2860294,0
20251211,150000,72.94,73.17,72.94,73.15,2660739,0
20251211,160000,73.15,73.15,72.89,72.94,3007419,0
20251211,170000,72.94,73.12,72.86,72.86,5317139,0
20251211,180000,72.87,72.94,72.66,72.75,6349082,0
20251211,190000,72.76,73.37,72.75,73.08,12511133,0
20251211,200000,73.07,73.15,73.01,73.11,1898488,0
20251211,210000,73.12,73.14,72.86,72.95,4005206,0
20251211,220000,72.95,72.97,72.75,72.92,2817584,0
20251211,230000,72.93,72.98,72.85,72.9,1257511,0
20251212,070000,72.88,73.11,72.82,72.98,2698317,0
20251212,080000,73,73,72.8,72.88,1971100,0
20251212,090000,72.9,72.98,72.81,72.96,1684720,0
20251212,100000,72.97,72.97,72.75,72.78,1990258,0
20251212,110000,72.79,73.04,72.72,72.78,3817895,0
20251212,120000,72.79,72.9,72.74,72.78,1022157,0
20251212,130000,72.79,72.99,72.76,72.79,2874440,0
20251212,140000,72.8,72.9,72.71,72.74,2966837,0
20251212,150000,72.74,72.77,72.68,72.7,1759326,0
20251212,160000,72.7,72.71,71.6,71.93,25849387,0
20251212,170000,71.94,72.19,71.78,72.01,9083338,0
20251212,180000,72,72.06,71.77,71.82,2872691,0
20251212,190000,71.85,71.89,71.54,71.87,5753826,0
20251212,200000,71.86,71.87,71.68,71.74,2644908,0
20251212,210000,71.73,71.84,71.63,71.65,4705499,0
20251212,220000,71.65,71.69,71.6,71.66,1966365,0
20251212,230000,71.65,71.69,71.55,71.62,2048480,0
20251213,090000,72,72,72,72,101128,0
20251213,100000,71.96,72.22,71.82,72.11,5143702,0
20251213,110000,72.11,72.18,72.04,72.04,574517,0
20251213,120000,72.07,72.08,71.9,72.03,1400666,0
20251213,130000,72.03,72.12,71.96,72.08,331394,0
20251213,140000,72.07,72.11,71.98,72,376529,0
20251213,150000,72,72.1,71.98,72.07,254583,0
20251213,160000,72.07,72.11,72,72.04,317882,0
20251213,170000,72.04,72.09,72.01,72.07,240683,0
20251213,180000,72.06,72.1,72,72.07,218377,0
20251214,090000,72.07,72.07,72.07,72.07,12879,0
20251214,100000,72.08,72.13,71.94,71.98,474038,0
20251214,110000,71.98,71.98,71.82,71.86,676644,0
20251214,120000,71.83,71.87,71.71,71.77,1347835,0
20251214,130000,71.77,71.91,71.75,71.85,514556,0
20251214,140000,71.85,71.86,71.78,71.83,223072,0
20251214,150000,71.8,71.86,71.52,71.53,3139684,0
20251214,160000,71.53,71.54,71.3,71.46,4517032,0
20251214,170000,71.46,71.48,71.21,71.28,3388561,0
20251214,180000,71.28,71.53,71.2,71.52,2693900,0
20251215,070000,71.59,71.85,71.55,71.83,2996358,0
20251215,080000,71.82,71.96,71.7,71.85,1913871,0
20251215,090000,71.85,71.96,71.6,71.66,4239734,0
20251215,100000,71.66,71.68,71.3,71.48,5581445,0
20251215,110000,71.48,71.61,71.31,71.55,7261255,0
20251215,120000,71.53,71.68,71.5,71.63,4203572,0
20251215,130000,71.64,71.82,71.55,71.56,3448387,0
20251215,140000,71.56,71.89,71.51,71.82,4188414,0
20251215,150000,71.82,71.88,71.38,71.47,4465797,0
20251215,160000,71.46,71.56,71.33,71.53,4316050,0
20251215,170000,71.52,71.78,71.5,71.75,4587572,0
20251215,180000,71.76,71.86,71.6,71.86,2590387,0
20251215,190000,71.75,71.95,71.6,71.75,3718884,0
20251215,200000,71.74,71.87,71.69,71.83,920279,0
20251215,210000,71.83,71.85,71.74,71.76,536577,0
20251215,220000,71.75,71.84,71.71,71.81,1033399,0
20251215,230000,71.81,71.93,71.74,71.85,1362955,0
20251216,070000,71.96,72.1,71.87,71.97,1839109,0
20251216,080000,71.97,72.02,71.8,71.88,828304,0
20251216,090000,71.88,71.99,71.8,71.9,1961277,0
20251216,100000,71.91,72.36,71.84,72.28,8982525,0
20251216,110000,72.28,72.4,72.11,72.29,7445550,0
20251216,120000,72.29,72.3,72.14,72.19,3920572,0
20251216,130000,72.19,72.33,72.16,72.29,2676486,0
20251216,140000,72.29,72.3,72.13,72.16,3418055,0
20251216,150000,72.16,72.33,72.07,72.29,5845344,0
20251216,160000,72.29,72.38,72.17,72.28,3890454,0
20251216,170000,72.27,72.35,72.16,72.27,2379492,0
20251216,180000,72.27,72.29,72.15,72.26,1721810,0
20251216,190000,72.25,72.26,72.06,72.1,2014623,0
20251216,200000,72.11,72.15,72.05,72.11,1313580,0
20251216,210000,72.11,72.17,72.05,72.12,1396921,0
20251216,220000,72.12,72.15,72.09,72.14,590808,0
20251216,230000,72.13,72.18,72.07,72.1,1450078,0
20251217,070000,72.19,72.48,72.1,72.4,2961381,0
20251217,080000,72.39,72.45,72.22,72.29,1552524,0
20251217,090000,72.29,72.42,72.21,72.27,3013204,0
20251217,100000,72.26,72.3,71.82,72.05,10730522,0
20251217,110000,72.05,72.34,72.01,72.2,5388682,0
20251217,120000,72.2,72.21,71.82,71.91,7803940,0
20251217,130000,71.91,72.16,71.83,72.06,4532743,0
20251217,140000,72.06,72.16,71.8,71.95,4263969,0
20251217,150000,71.96,72.04,71.82,72.01,2307626,0
20251217,160000,72.01,72.01,71.81,71.83,1815141,0
20251217,170000,71.84,71.88,71.56,71.85,5697922,0
20251217,180000,71.86,72.06,71.76,71.98,3578905,0
20251217,190000,71.96,72.2,71.86,71.97,3798445,0
20251217,200000,71.98,72.08,71.96,72.04,618829,0
20251217,210000,72.04,72.08,71.95,71.97,841862,0
20251217,220000,71.99,72.1,71.82,72.04,2395260,0
20251217,230000,72.05,72.12,71.89,72,1190936,0
20251218,070000,72.11,72.24,71.99,72.05,1423824,0
20251218,080000,72.05,72.22,71.97,72.05,939163,0
20251218,090000,72.04,72.29,71.99,72.2,2012860,0
20251218,100000,72.2,72.95,72.03,72.73,15694448,0
20251218,110000,72.72,72.78,72.46,72.53,6942526,0
20251218,120000,72.53,73.17,72.49,73.1,12174747,0
20251218,130000,73.1,73.4,73.01,73.07,15596619,0
20251218,140000,73.06,73.21,72.81,73.14,7980633,0
20251218,150000,73.14,73.18,72.91,73,8928919,0
20251218,160000,73,73.57,72.98,73.28,20263234,0
20251218,170000,73.28,73.4,73.05,73.09,7638419,0
20251218,180000,73.08,73.27,72.72,73.27,13825619,0
20251218,190000,73.18,73.27,72.97,73.15,4017601,0
20251218,200000,73.15,73.18,72.98,73.11,1751425,0
20251218,210000,73.11,73.22,73.02,73.19,1153021,0
20251218,220000,73.17,73.38,73.17,73.26,2896534,0
20251218,230000,73.27,73.38,73.23,73.32,1557714,0
20251219,070000,73.35,73.69,73.18,73.63,4656691,0
20251219,080000,73.63,73.8,73.36,73.71,5817062,0
20251219,090000,73.7,73.77,73.58,73.73,4209151,0
20251219,100000,73.73,74.21,73.72,74.09,17433515,0
20251219,110000,74.09,74.28,73.87,74.17,15941663,0
20251219,120000,74.17,74.18,73.64,74.05,10829788,0
20251219,130000,74.07,74.08,72.82,73.53,31423204,0
20251219,140000,73.53,73.86,73.22,73.6,12717469,0
20251219,150000,73.6,73.62,73.11,73.13,6472850,0
20251219,160000,73.13,73.43,73.04,73.24,5756901,0
20251219,170000,73.24,73.38,72.72,72.87,9962902,0
20251219,180000,72.87,73.22,72.8,72.8,3562503,0
20251219,190000,72.88,73.14,72.86,72.96,2629453,0
20251219,200000,72.95,73.19,72.92,73.14,1565094,0
20251219,210000,73.14,73.14,73,73.03,1528555,0
20251219,220000,73.03,73.08,73,73.01,568707,0
20251219,230000,73.01,73.1,73,73.07,1018464,0
20251220,090000,73.15,73.15,73.15,73.15,2663,0
20251220,100000,73.14,73.25,73.07,73.15,761397,0
20251220,110000,73.15,73.16,72.95,73,634359,0
20251220,120000,73,73.1,72.98,73.06,199454,0
20251220,130000,73.06,73.07,73.03,73.05,221090,0
20251220,140000,73.07,73.11,73.02,73.08,274185,0
20251220,150000,73.08,73.13,73.02,73.06,183413,0
20251220,160000,73.06,73.09,73.03,73.05,196620,0
20251220,170000,73.05,73.1,73.03,73.1,246430,0
20251220,180000,73.1,73.18,73.05,73.12,337149,0
20251221,090000,73.09,73.09,73.09,73.09,38527,0
20251221,100000,73.08,73.16,73.03,73.08,282704,0
20251221,110000,73.08,73.13,73.05,73.08,236686,0
20251221,120000,73.09,73.1,72.95,73.01,723313,0
20251221,130000,73.01,73.12,73,73.04,298857,0
20251221,140000,73.05,73.1,73,73.08,251411,0
20251221,150000,73.09,73.1,73.07,73.08,180065,0
20251221,160000,73.09,73.11,73.01,73.05,191530,0
20251221,170000,73.03,73.05,72.97,73.02,348515,0
20251221,180000,73.03,73.09,73.02,73.08,220025,0
20251222,070000,73.17,73.33,73.04,73.18,1632382,0
20251222,080000,73.18,73.29,73.15,73.2,1527343,0
20251222,090000,73.19,73.2,72.75,72.85,4157158,0
20251222,100000,72.87,72.87,72.02,72.23,17302731,0
20251222,110000,72.22,72.44,72.16,72.34,5849689,0
20251222,120000,72.34,72.53,72.24,72.31,5914962,0
20251222,130000,72.3,72.63,72.27,72.61,6367862,0
20251222,140000,72.62,72.63,72.36,72.49,5464218,0
20251222,150000,72.49,72.49,72.03,72.28,5400487,0
20251222,160000,72.28,72.33,71.79,71.86,8911982,0
20251222,170000,71.86,71.88,71.24,71.29,15997681,0
20251222,180000,71.3,71.31,71.03,71.31,6666425,0
20251222,190000,71.31,71.64,71.28,71.54,3475925,0
20251222,200000,71.55,71.58,71.36,71.41,2257644,0
20251222,210000,71.4,71.41,71.3,71.36,1119761,0
20251222,220000,71.36,71.39,71.1,71.14,2485444,0
20251222,230000,71.15,71.3,71.08,71.19,2694685,0
20251223,070000,71.25,71.41,71.25,71.41,1832222,0
20251223,080000,71.41,71.41,71.32,71.35,911428,0
20251223,090000,71.35,71.37,71.11,71.26,1395839,0
20251223,100000,71.25,71.49,71.17,71.35,2763153,0
20251223,110000,71.34,71.42,71.03,71.21,3682286,0
20251223,120000,71.22,71.23,70.62,71.01,9925292,0
20251223,130000,71.01,71.5,70.94,71.4,6207762,0
20251223,140000,71.39,72.08,71.3,72.07,7072536,0
20251223,150000,72.08,72.09,71.7,71.78,7864950,0
20251223,160000,71.78,72.05,71.7,72.03,3852012,0
20251223,170000,72.02,72.11,71.86,72,4099957,0
20251223,180000,72,72.03,71.85,71.96,1771091,0
20251223,190000,71.97,72.03,71.9,71.9,1133529,0
20251223,200000,71.91,71.93,71.79,71.86,1264901,0
20251223,210000,71.87,71.97,71.85,71.94,584596,0
20251223,220000,71.94,72.08,71.88,72.03,1413071,0
20251223,230000,72.04,72.07,71.71,71.88,1763733,0
20251224,070000,71.93,72.05,71.88,71.89,831409,0
20251224,080000,71.89,72.2,71.86,72.01,2123508,0
20251224,090000,72.02,72.04,71.63,71.77,2712605,0
20251224,100000,71.77,71.9,71.52,71.82,2378161,0
20251224,110000,71.82,71.95,71.42,71.57,5763296,0
20251224,120000,71.57,71.6,71.37,71.57,3182433,0
20251224,130000,71.56,71.86,71.55,71.82,3286460,0
20251224,140000,71.83,72.04,71.75,71.82,3170486,0
20251224,150000,71.83,71.97,71.62,71.7,2617060,0
20251224,160000,71.7,71.74,71.59,71.63,2008383,0
20251224,170000,71.63,71.67,71.45,71.62,2448158,0
20251224,180000,71.63,71.63,71.45,71.55,1494300,0
20251224,190000,71.56,71.63,71.49,71.59,1412180,0
20251224,200000,71.58,71.63,71.53,71.63,754670,0
20251224,210000,71.63,71.66,71.48,71.65,1445655,0
20251224,220000,71.65,71.65,71.49,71.6,1638600,0
20251224,230000,71.61,71.67,71.58,71.6,1367034,0
20251225,070000,71.7,71.88,71.63,71.76,1322740,0
20251225,080000,71.76,71.78,71.64,71.74,445463,0
20251225,090000,71.72,71.76,71.52,71.56,759902,0
20251225,100000,71.55,71.59,71.18,71.4,4455107,0
20251225,110000,71.41,71.73,71.34,71.69,2592400,0
20251225,120000,71.69,71.7,71.43,71.46,1630875,0
20251225,130000,71.46,71.54,71.36,71.4,1906611,0
20251225,140000,71.41,71.54,71.3,71.47,2466469,0
20251225,150000,71.47,71.49,71.33,71.34,1285856,0
20251225,160000,71.33,71.47,71.26,71.34,2241669,0
20251225,170000,71.35,71.43,71.29,71.41,1621143,0
20251225,180000,71.41,71.49,71.36,71.43,1001352,0
20251225,190000,71.44,71.44,71.32,71.39,1120356,0
20251225,200000,71.39,71.47,71.33,71.41,834051,0
20251225,210000,71.42,71.47,71.39,71.47,640659,0
20251225,220000,71.47,71.54,71.45,71.5,762367,0
20251225,230000,71.5,71.5,71.37,71.4,589355,0
20251226,070000,71.4,71.6,71.36,71.52,603691,0
20251226,080000,71.52,71.53,71.3,71.4,946709,0
20251226,090000,71.4,71.97,71.31,71.88,4512893,0
20251226,100000,71.87,72.16,71.79,71.9,7556835,0
20251226,110000,71.9,72,71.81,71.83,3111841,0
20251226,120000,71.83,71.86,71.7,71.83,2903667,0
20251226,130000,71.83,71.98,71.74,71.97,2459576,0
20251226,140000,71.97,72.15,71.85,72.12,3705448,0
20251226,150000,72.12,72.91,72.11,72.66,16063965,0
20251226,160000,72.69,73.1,72.67,72.85,12261208,0
20251226,170000,72.85,72.98,72.68,72.87,4296380,0
20251226,180000,72.88,72.89,72.7,72.7,1644006,0
20251226,190000,72.69,72.77,72.25,72.41,3627684,0
20251226,200000,72.4,72.6,72.39,72.48,1789798,0
20251226,210000,72.48,72.56,72.42,72.51,2033715,0
20251226,220000,72.52,72.82,72.51,72.81,1754567,0
20251226,230000,72.82,72.97,72.8,72.92,2983937,0
20251227,090000,73.01,73.01,73.01,73.01,31841,0
20251227,100000,73.02,73.15,72.81,72.9,2384281,0
20251227,110000,72.92,72.94,72.78,72.86,894478,0
20251227,120000,72.87,73,72.77,72.8,1326131,0
20251227,130000,72.82,73.05,72.8,73.03,1186771,0
20251227,140000,73.03,73.07,72.95,73,987520,0
20251227,150000,73.01,73.08,72.97,73.07,656853,0
20251227,160000,73.08,73.09,73.04,73.06,414230,0
20251227,170000,73.05,73.08,72.96,73.04,519664,0
20251227,180000,73.03,73.05,72.91,72.95,239129,0
20251228,090000,72.83,72.83,72.83,72.83,23081,0
20251228,100000,72.83,73,72.61,72.64,1867218,0
20251228,110000,72.63,72.82,72.6,72.75,617943,0
20251228,120000,72.75,72.79,72.7,72.74,366574,0
20251228,130000,72.73,72.8,72.7,72.74,341930,0
20251228,140000,72.74,72.98,72.72,72.93,829553,0
20251228,150000,72.91,73,72.89,72.94,680572,0
20251228,160000,72.92,73.01,72.89,73.01,780341,0
20251228,170000,72.97,73,72.92,72.98,342132,0
20251228,180000,72.98,73.07,72.9,72.92,1148423,0
20251229,070000,73.25,73.29,72.67,72.8,3638988,0
20251229,080000,72.8,73.02,72.68,72.93,1360153,0
20251229,090000,72.93,72.98,72.65,72.76,2602626,0
20251229,100000,72.75,72.81,72.37,72.72,5393972,0
20251229,110000,72.73,73.95,72.72,73.91,12407680,0
20251229,120000,73.9,73.95,73.36,73.55,9864812,0
20251229,130000,73.54,73.64,73.37,73.64,4919243,0
20251229,140000,73.63,73.68,73.37,73.51,3520691,0
20251229,150000,73.5,73.58,73.23,73.35,5341971,0
20251229,160000,73.34,73.35,72.77,72.79,8311235,0
20251229,170000,72.78,73,72.75,72.88,3878919,0
20251229,180000,72.88,72.9,71.8,71.99,17038913,0
20251229,190000,72,72.38,71.89,72.25,5866066,0
20251229,200000,72.26,72.37,72.13,72.17,2460141,0
20251229,210000,72.16,72.37,72.1,72.31,2215821,0
20251229,220000,72.32,72.34,72.25,72.26,928346,0
20251229,230000,72.26,72.29,72.12,72.17,1454337,0
20251230,070000,72.09,72.57,72.08,72.33,1723406,0
20251230,080000,72.33,72.5,72.32,72.48,877288,0
20251230,090000,72.48,72.55,72.3,72.41,1935019,0
20251230,100000,72.41,72.45,72.2,72.33,2421386,0
20251230,110000,72.33,72.48,72.27,72.44,3408026,0
20251230,120000,72.43,72.48,72.26,72.39,5025228,0
20251230,130000,72.42,72.45,72.25,72.27,5138951,0
20251230,140000,72.27,72.35,72.25,72.29,1852936,0
20251230,150000,72.29,72.42,72.29,72.42,2360266,0
20251230,160000,72.41,72.48,72.37,72.4,3277096,0
20251230,170000,72.39,72.48,72.27,72.3,3321148,0
20251230,180000,72.31,72.34,72.25,72.25,1319257,0
20251230,190000,72.26,72.33,72.25,72.27,1013558,0
20251230,200000,72.26,72.38,72.25,72.32,2341575,0
20251230,210000,72.3,72.35,72.24,72.24,1254852,0
20251230,220000,72.25,72.28,72.2,72.26,1487387,0
20251230,230000,72.26,72.29,72.15,72.22,1632254,0
20260105,070000,72.22,72.24,71.65,71.69,3635849,0
20260105,080000,71.7,71.93,71.62,71.84,1515679,0
20260105,090000,71.84,71.86,71,71.07,9771250,0
20260105,100000,71.07,71.39,70.91,71.35,6991761,0
20260105,110000,71.35,71.36,71.1,71.28,2814462,0
20260105,120000,71.28,71.38,71.16,71.3,2088454,0
20260105,130000,71.3,71.48,71.2,71.36,1970036,0
20260105,140000,71.37,71.44,71.3,71.43,1305791,0
20260105,150000,71.44,71.54,71.3,71.52,869744,0
20260105,160000,71.51,71.6,71.5,71.55,1119785,0
20260105,170000,71.55,71.7,71.52,71.69,1504980,0
20260105,180000,71.69,71.69,71.6,71.63,989030,0
20260105,190000,71.62,71.64,71.5,71.52,1005008,0
20260105,200000,71.51,71.58,71.46,71.55,613587,0
20260105,210000,71.55,71.63,71.53,71.57,474918,0
20260105,220000,71.55,71.56,71.46,71.5,693909,0
20260105,230000,71.49,71.57,71.47,71.55,754167,0
20260106,070000,71.65,71.72,71.5,71.71,509657,0
20260106,080000,71.72,71.75,71.65,71.7,888594,0
20260106,090000,71.7,71.84,71.6,71.72,1846782,0
20260106,100000,71.7,71.73,71.48,71.58,1897024,0
20260106,110000,71.58,71.68,71.52,71.64,970849,0
20260106,120000,71.63,71.66,71.52,71.57,931070,0
20260106,130000,71.57,71.62,71.52,71.62,959215,0
20260106,140000,71.62,71.69,71.51,71.55,1842187,0
20260106,150000,71.55,71.7,71.51,71.68,849846,0
20260106,160000,71.69,71.72,71.52,71.54,1276949,0
20260106,170000,71.54,71.55,71.45,71.53,1548868,0
20260106,180000,71.54,71.59,71.4,71.48,1135964,0
20260106,190000,71.49,71.64,71.49,71.62,569907,0
20260106,200000,71.61,71.63,71.47,71.52,587395,0
20260106,210000,71.52,71.54,71.47,71.49,361924,0
20260106,220000,71.49,71.53,71.47,71.51,352597,0
20260106,230000,71.52,71.57,71.46,71.5,561906,0
20260108,070000,71.09,71.2,70.9,71.01,4750069,0
20260108,080000,71.03,71.13,70.94,71.08,1736848,0
20260108,090000,71.08,71.17,71,71.15,1928416,0
20260108,100000,71.15,71.29,71.11,71.26,1560069,0
20260108,110000,71.26,71.29,71.17,71.22,766099,0
20260108,120000,71.22,71.36,71.22,71.34,709775,0
20260108,130000,71.34,71.34,71.09,71.21,1408441,0
20260108,140000,71.21,71.25,71.13,71.15,429117,0
20260108,150000,71.15,71.16,70.98,71.08,2826872,0
20260108,160000,71.09,71.18,71.04,71.11,557890,0
20260108,170000,71.11,71.18,71.06,71.11,903578,0
20260108,180000,71.11,71.16,71.06,71.14,517797,0
20260108,190000,71.13,71.17,71.02,71.12,488473,0
20260108,200000,71.13,71.14,71.03,71.11,277615,0
20260108,210000,71.11,71.2,71.1,71.18,709318,0
20260108,220000,71.2,71.23,71.06,71.11,860142,0
20260108,230000,71.11,71.13,71.02,71.07,421551,0
20260109,070000,71.11,71.57,71.09,71.46,3071434,0
20260109,080000,71.46,71.57,71.37,71.51,961997,0
20260109,090000,71.51,71.67,71.36,71.44,2114087,0
20260109,100000,71.43,71.56,71.37,71.43,1155932,0
20260109,110000,71.42,71.58,71.4,71.52,1359101,0
20260109,120000,71.52,71.53,71.35,71.42,1173437,0
20260109,130000,71.42,71.45,71.39,71.44,271277,0
20260109,140000,71.43,71.55,71.4,71.53,615602,0
20260109,150000,71.52,71.54,71.38,71.39,795528,0
20260109,160000,71.4,71.41,71.23,71.24,1335190,0
20260109,170000,71.24,71.36,71.23,71.33,376437,0
20260109,180000,71.33,71.36,71.24,71.31,636639,0
20260109,190000,71.31,71.34,71.24,71.27,922620,0
20260109,200000,71.27,71.33,71.21,71.26,362025,0
20260109,210000,71.26,71.35,71.2,71.28,666869,0
20260109,220000,71.27,71.32,71.25,71.26,172273,0
20260109,230000,71.25,71.34,71.22,71.22,654581,0
20260112,070000,71.25,71.48,71.2,71.34,1154613,0
20260112,080000,71.34,71.46,71.28,71.4,651070,0
20260112,090000,71.4,71.47,71.32,71.37,1049340,0
20260112,100000,71.38,71.88,71.35,71.82,4318542,0
20260112,110000,71.83,71.87,71.63,71.72,1647604,0
20260112,120000,71.73,71.78,71.68,71.73,1282563,0
20260112,130000,71.73,71.75,71.54,71.61,1392939,0
20260112,140000,71.6,71.66,71.38,71.53,2566350,0
20260112,150000,71.53,71.53,71.22,71.27,2035261,0
20260112,160000,71.28,71.37,71.15,71.15,2395191,0
20260112,170000,71.16,71.31,71.05,71.07,4197040,0
20260112,180000,71.07,71.26,71.05,71.16,2205461,0
20260112,190000,71.16,71.24,71.16,71.21,962874,0
20260112,200000,71.21,71.24,71.17,71.21,377930,0
20260112,210000,71.22,71.32,71.18,71.32,1305554,0
20260112,220000,71.32,71.4,71.27,71.37,615021,0
20260112,230000,71.37,71.37,71.31,71.34,395866,0
20260113,070000,71.35,71.56,71.32,71.43,800527,0
20260113,080000,71.43,71.54,71.4,71.42,534267,0
20260113,090000,71.42,71.44,71.16,71.19,1752125,0
20260113,100000,71.2,71.29,71.06,71.19,1812675,0
20260113,110000,71.19,71.19,70.91,70.96,4207737,0
20260113,120000,70.97,71.28,70.76,71.19,4835791,0
20260113,130000,71.2,71.27,71.09,71.13,1828181,0
20260113,140000,71.13,71.19,70.93,71.04,3972746,0
20260113,150000,71.04,71.13,70.99,71.02,1622254,0
20260113,160000,71.02,71.25,71.01,71.12,2721527,0
20260113,170000,71.12,71.38,71.08,71.24,2832572,0
20260113,180000,71.25,71.34,71.14,71.34,1746264,0
20260113,190000,71.2,71.33,71.16,71.17,624255,0
20260113,200000,71.17,71.19,71.05,71.06,1287398,0
20260113,210000,71.06,71.13,71.03,71.1,551160,0
20260113,220000,71.1,71.17,71.08,71.14,403607,0
20260113,230000,71.13,71.16,71.1,71.16,573072,0
20260114,070000,71.26,71.27,71.15,71.23,510017,0
20260114,080000,71.23,71.29,70.86,71.02,2393297,0
20260114,090000,70.99,71.09,70.95,71.03,1202726,0
20260114,100000,71.04,71.04,70.51,70.51,11389203,0
20260114,110000,70.52,71.26,70.51,71.14,14072797,0
20260114,120000,71.13,71.4,70.95,71.24,9447966,0
20260114,130000,71.23,71.25,71.05,71.09,3101469,0
20260114,140000,71.09,71.24,70.91,71,5506217,0
20260114,150000,71,71.09,70.82,71,4623278,0
20260114,160000,71,71,70.79,70.94,2879807,0
20260114,170000,70.95,71.18,70.85,70.87,4174304,0
20260114,180000,70.87,70.96,70.85,70.92,1507791,0
20260114,190000,70.92,70.93,70.74,70.79,2333190,0
20260114,200000,70.8,70.83,70.73,70.81,833482,0
20260114,210000,70.81,70.88,70.79,70.88,623960,0
20260114,220000,70.88,70.98,70.85,70.97,809914,0
20260114,230000,70.96,70.99,70.82,70.91,967214,0
20260115,070000,71.04,71.14,70.94,71.09,1397099,0
20260115,080000,71.07,71.2,71.02,71.13,1162949,0
20260115,090000,71.12,71.12,70.96,71.04,1096198,0
20260115,100000,71,71.48,70.85,70.95,15643369,0
20260115,110000,70.95,71.2,70.92,71.04,2278710,0
20260115,120000,71.05,71.15,70.94,70.96,1776767,0
20260115,130000,70.95,71.28,70.95,71.1,4400360,0
20260115,140000,71.1,71.24,71.09,71.16,1435670,0
20260115,150000,71.16,71.2,71.08,71.11,1025206,0
20260115,160000,71.12,71.2,71.06,71.18,975549,0
20260115,170000,71.17,71.25,71.06,71.12,1622348,0
20260115,180000,71.12,71.15,71,71.11,1610657,0
20260115,190000,71.11,71.2,70.96,71.1,1935749,0
20260115,200000,71.1,71.15,71.08,71.11,320926,0
20260115,210000,71.11,71.15,71.1,71.12,357275,0
20260115,220000,71.12,71.22,71.12,71.18,902277,0
20260115,230000,71.18,71.18,71.11,71.13,727560,0
20260116,070000,71.18,71.26,71.13,71.26,639623,0
20260116,080000,71.25,71.29,71.18,71.22,450128,0
20260116,090000,71.22,71.33,71.17,71.25,899936,0
20260116,100000,71.24,71.58,71.23,71.58,4343746,0
20260116,110000,71.58,71.87,71.54,71.66,9438401,0
20260116,120000,71.66,71.85,71.56,71.79,2995807,0
20260116,130000,71.78,71.97,71.73,71.79,3202589,0
20260116,140000,71.79,71.83,71.64,71.79,2038429,0
20260116,150000,71.77,71.8,71.64,71.67,1054765,0
20260116,160000,71.67,72.07,71.62,71.92,6032154,0
20260116,170000,71.92,72.09,71.89,71.96,3134418,0
20260116,180000,71.95,72.09,71.91,72.01,2269890,0
20260116,190000,72.01,72.09,71.93,71.96,917283,0
20260116,200000,71.99,72.09,71.93,72.05,1344588,0
20260116,210000,72.05,72.19,72.03,72.13,1452876,0
20260116,220000,72.13,72.15,72.06,72.13,782714,0
20260116,230000,72.12,72.13,71.93,71.98,1042166,0
20260117,090000,72.14,72.14,72.14,72.14,12428,0
20260117,100000,72.14,72.15,71.98,72.03,737131,0
20260117,110000,72.02,72.03,71.98,72.02,235124,0
20260117,120000,72.02,72.05,71.98,72.01,260986,0
20260117,130000,72.04,72.04,71.97,72.01,192945,0
20260117,140000,72.01,72.07,71.93,71.99,353104,0
20260117,150000,71.98,72.03,71.94,71.98,129875,0
20260117,160000,71.99,72.07,71.98,72.03,161400,0
20260117,170000,72.01,72.03,71.97,72.02,239582,0
20260117,180000,72.02,72.1,71.98,72.05,338507,0
20260118,090000,72.05,72.05,72.05,72.05,34625,0
20260118,100000,72.05,72.1,72.01,72.07,334284,0
20260118,110000,72.07,72.1,72,72.08,281327,0
20260118,120000,72.08,72.08,72.01,72.03,168563,0
20260118,130000,72.03,72.05,71.97,72.01,426310,0
20260118,140000,72.03,72.09,72.01,72.07,141087,0
20260118,150000,72.06,72.1,72.06,72.09,185856,0
20260118,160000,72.09,72.1,72.07,72.1,317757,0
20260118,170000,72.1,72.19,72.05,72.07,548677,0
20260118,180000,72.08,72.14,72.06,72.09,705889,0
20260119,070000,72.1,72.37,72.06,72.23,1871992,0
20260119,080000,72.24,72.29,72.15,72.21,593822,0
20260119,090000,72.2,72.2,71.85,71.91,4041593,0
20260119,100000,71.91,72,71.65,71.96,3744696,0
20260119,110000,71.95,72.45,71.94,72.29,4825877,0
20260119,120000,72.29,72.3,72.1,72.19,2065157,0
20260119,130000,72.19,72.2,71.97,72.09,2266671,0
20260119,140000,72.09,72.18,71.85,71.9,3808871,0
20260119,150000,71.9,72.06,71.77,72,2278960,0
20260119,160000,72,72.06,71.84,72.06,2364078,0
20260119,170000,72.06,72.32,72.05,72.29,5356379,0
20260119,180000,72.28,72.32,72.2,72.21,2236092,0
20260119,190000,72.22,72.25,72.1,72.16,904334,0
20260119,200000,72.16,72.16,72.07,72.11,726248,0
20260119,210000,72.11,72.14,72.07,72.09,677698,0
20260119,220000,72.1,72.12,71.97,72.02,1540308,0
20260119,230000,72.02,72.03,71.82,71.91,1053362,0
20260120,070000,71.96,72.15,71.93,72.1,965504,0
20260120,080000,72.1,72.25,72.06,72.12,845482,0
20260120,090000,72.11,72.16,71.98,72.03,957962,0
20260120,100000,72.04,72.07,71.79,71.83,3437548,0
20260120,110000,71.84,71.95,71.65,71.85,2406125,0
20260120,120000,71.85,71.96,71.72,71.9,1636245,0
20260120,130000,71.89,71.94,71.75,71.8,1861881,0
20260120,140000,71.8,71.82,71.71,71.79,782311,0
20260120,150000,71.79,71.84,71.51,71.67,3427260,0
20260120,160000,71.67,71.81,71.61,71.67,2520426,0
20260120,170000,71.67,71.86,71.53,71.76,3632491,0
20260120,180000,71.76,71.83,71.74,71.78,772303,0
20260120,190000,71.79,71.8,71.69,71.75,661597,0
20260120,200000,71.75,71.79,71.67,71.73,462866,0
20260120,210000,71.73,71.84,71.67,71.82,1131798,0
20260120,220000,71.82,72,71.8,71.94,1290438,0
20260120,230000,71.94,71.94,71.76,71.85,567110,0
20260121,070000,71.84,72.01,71.8,71.91,1167777,0
20260121,080000,71.93,71.93,71.78,71.88,728828,0
20260121,090000,71.87,71.9,71.72,71.89,1089223,0
20260121,100000,71.86,71.87,71.63,71.72,1758169,0
20260121,110000,71.73,71.9,71.65,71.89,1328226,0
20260121,120000,71.88,72.16,71.79,71.9,3307383,0
20260121,130000,71.9,72.6,71.9,72.47,9502791,0
20260121,140000,72.47,72.87,72.47,72.61,9502148,0
20260121,150000,72.6,72.64,72.4,72.64,3418750,0
20260121,160000,72.64,72.64,72.36,72.46,3211567,0
20260121,170000,72.46,72.74,72.42,72.61,2747258,0
20260121,180000,72.6,72.63,72.27,72.48,3714992,0
20260121,190000,72.49,72.79,72.46,72.57,3878943,0
20260121,200000,72.57,72.62,72.53,72.59,621424,0
20260121,210000,72.59,72.61,72.5,72.59,1034325,0
20260121,220000,72.6,72.7,72.49,72.7,2501414,0
20260121,230000,72.7,72.8,72.67,72.72,1255858,0
20260122,070000,72.76,72.87,72.52,72.64,2611552,0
20260122,080000,72.65,72.69,72.5,72.61,1134440,0
20260122,090000,72.61,72.66,72.48,72.66,1485208,0
20260122,100000,72.65,72.91,72.55,72.7,3801539,0
20260122,110000,72.7,72.98,72.69,72.83,4887343,0
20260122,120000,72.83,72.91,72.66,72.89,2705173,0
20260122,130000,72.89,73.2,72.87,73.1,5914188,0
20260122,140000,73.1,73.25,72.91,73.08,4260907,0
20260122,150000,73.08,73.18,72.97,73.11,2189890,0
20260122,160000,73.11,73.18,72.61,72.88,9397135,0
20260122,170000,72.88,72.96,72.4,72.94,8452633,0
20260122,180000,72.94,72.96,72.81,72.85,1629752,0
20260122,190000,72.85,72.95,72.8,72.84,1143080,0
20260122,200000,72.84,72.85,72.68,72.77,1170090,0
20260122,210000,72.77,73.04,72.76,72.93,1644934,0
20260122,220000,72.92,72.93,72.67,72.8,1289837,0
20260122,230000,72.79,72.89,72.76,72.82,800963,0
20260123,070000,72.85,72.99,72.65,72.7,1714269,0
20260123,080000,72.7,72.8,72.65,72.8,916677,0
20260123,090000,72.8,72.8,72.51,72.65,2182363,0
20260123,100000,72.64,72.78,72.57,72.67,2327274,0
20260123,110000,72.68,72.88,72.65,72.83,2401192,0
20260123,120000,72.83,72.85,72.72,72.8,1859657,0
20260123,130000,72.8,72.88,72.74,72.85,1189393,0
20260123,140000,72.85,72.89,72.73,72.84,1366158,0
20260123,150000,72.84,72.89,72.76,72.87,1142347,0
20260123,160000,72.86,72.91,72.79,72.87,1364728,0
20260123,170000,72.87,72.91,72.72,72.73,1178658,0
20260123,180000,72.73,72.87,72.68,72.76,1931647,0
20260123,190000,72.76,72.83,72.71,72.76,776588,0
20260123,200000,72.76,73.16,72.72,73.04,4189628,0
20260123,210000,73.03,73.36,73.02,73.14,5220360,0
20260123,220000,73.15,73.21,73.02,73.15,1589748,0
20260123,230000,73.13,73.15,73.08,73.12,1225511,0
20260124,090000,73.12,73.12,73.12,73.12,19182,0
20260124,100000,73.13,73.3,73.04,73.15,1222872,0
20260124,110000,73.12,73.18,73.01,73.1,575486,0
20260124,120000,73.1,73.12,72.82,72.95,1280631,0
20260124,130000,72.94,72.94,72.76,72.9,940865,0
20260124,140000,72.89,72.9,72.79,72.87,382974,0
20260124,150000,72.87,73.01,72.7,72.91,1279104,0
20260124,160000,72.91,72.97,72.8,72.89,519123,0
20260124,170000,72.9,72.99,72.81,72.87,484263,0
20260124,180000,72.87,72.95,72.83,72.94,412141,0
20260125,090000,72.95,72.95,72.95,72.95,31105,0
20260125,100000,72.95,73.08,72.87,72.99,1543827,0
20260125,110000,72.99,73.05,72.92,72.99,353773,0
20260125,120000,72.99,73.13,72.97,73.1,1113839,0
20260125,130000,73.11,73.11,72.99,73.03,421098,0
20260125,140000,73.03,73.06,72.98,73.05,402907,0
20260125,150000,73.05,73.05,72.99,73,351898,0
20260125,160000,73.01,73.05,72.99,73,304069,0
20260125,170000,72.99,73.08,72.99,73.05,301896,0
20260125,180000,73.05,73.15,73.03,73.14,438380,0
20260126,070000,72.89,72.97,72.65,72.94,2060025,0
20260126,080000,72.94,72.94,72.7,72.79,1033176,0
20260126,090000,72.79,72.82,72.56,72.67,2543304,0
20260126,100000,72.67,72.79,72.51,72.58,3051880,0
20260126,110000,72.58,72.64,72.32,72.34,5100460,0
20260126,120000,72.35,72.72,72.27,72.46,5232397,0
20260126,130000,72.46,72.57,72.4,72.52,1400126,0
20260126,140000,72.52,72.54,72.2,72.27,2562394,0
20260126,150000,72.26,72.41,72.23,72.37,1331067,0
20260126,160000,72.37,72.53,72.31,72.43,1421818,0
20260126,170000,72.43,72.48,72.31,72.44,2012901,0
20260126,180000,72.44,72.48,72.35,72.48,1732373,0
20260126,190000,72.47,72.48,72.36,72.42,594025,0
20260126,200000,72.42,72.54,72.21,72.35,2538743,0
20260126,210000,72.35,72.37,72.23,72.28,720397,0
20260126,220000,72.28,72.31,72.21,72.25,966246,0
20260126,230000,72.25,72.34,72.21,72.29,859529,0
20260127,070000,72.3,72.44,72.27,72.32,469561,0
20260127,080000,72.32,72.47,72.3,72.39,281910,0
20260127,090000,72.39,72.46,72.32,72.39,675143,0
20260127,100000,72.38,72.4,72.17,72.26,1886689,0
20260127,110000,72.27,72.55,72.06,72.5,4666333,0
20260127,120000,72.5,72.55,72.37,72.47,2507377,0
20260127,130000,72.46,72.63,72.35,72.57,1497422,0
20260127,140000,72.57,72.75,72.55,72.7,2682284,0
20260127,150000,72.7,72.81,72.59,72.64,2088331,0
20260127,160000,72.64,72.71,72.53,72.71,1521932,0
20260127,170000,72.71,73.2,72.68,73.06,6514279,0
20260127,180000,73.08,73.13,72.81,72.92,2145589,0
20260127,190000,72.93,73.06,72.9,72.94,1147774,0
20260127,200000,72.94,73.08,72.9,73.06,2175864,0
20260127,210000,73.05,73.1,72.91,73.06,1718498,0
20260127,220000,73.06,73.09,72.99,73.05,879470,0
20260127,230000,73.05,73.05,72.81,72.92,923711,0
20260128,070000,72.95,73.1,72.94,73.05,889386,0
20260128,080000,73.05,73.14,72.95,73,693777,0
20260128,090000,72.99,73.24,72.94,73.21,1479699,0
20260128,100000,73.2,73.3,73,73.3,5823749,0
20260128,110000,73.3,73.37,73.11,73.12,4525623,0
20260128,120000,73.12,73.12,72.93,72.96,2617467,0
20260128,130000,72.96,73.07,72.91,72.97,871754,0
20260128,140000,72.97,73.2,72.94,73.15,1703972,0
20260128,150000,73.15,73.15,72.93,73.03,1118793,0
20260128,160000,73.02,73.16,72.91,73.11,1311567,0
20260128,170000,73.1,73.37,73.07,73.32,3852806,0
20260128,180000,73.32,73.38,73.07,73.33,4199391,0
20260128,190000,73.26,73.48,73.22,73.37,4405240,0
20260128,200000,73.37,73.46,73.35,73.45,1087138,0
20260128,210000,73.45,73.46,73.24,73.25,1479067,0
20260128,220000,73.26,73.28,73.17,73.21,1022992,0
20260128,230000,73.21,73.32,73.17,73.28,1685687,0
20260129,070000,73.4,73.5,73.23,73.39,1381367,0
20260129,080000,73.4,73.61,73.36,73.58,2134314,0
20260129,090000,73.57,73.96,73.47,73.81,7645510,0
20260129,100000,73.81,75.1,73.79,74.62,26822760,0
20260129,110000,74.62,74.86,74.52,74.74,10252734,0
20260129,120000,74.75,75.5,74.56,75.16,17860723,0
20260129,130000,75.16,75.55,75.11,75.36,10763430,0
20260129,140000,75.35,75.54,75.11,75.35,6302526,0
20260129,150000,75.33,76.31,75.17,76.22,25221582,0
20260129,160000,76.22,77.48,76.01,77.25,31685399,0
20260129,170000,77.26,77.38,76.55,76.59,23859236,0
20260129,180000,76.58,76.64,75.11,75.7,31181102,0
20260129,190000,75.71,76.23,75.35,75.9,12251633,0
20260129,200000,75.9,76.62,75.89,76.15,8241484,0
20260129,210000,76.13,76.59,76.06,76.37,3236400,0
20260129,220000,76.37,77.3,76.3,77.24,8277217,0
20260129,230000,77.25,78.08,77.15,77.75,18702283,0
20260130,070000,77.71,79.29,77.56,77.85,23927889,0
20260130,080000,77.87,78.31,77.81,78,6390125,0
20260130,090000,78.04,78.82,77.43,78.65,14296486,0
20260130,100000,78.65,78.7,77.77,78.3,15335418,0
20260130,110000,78.28,78.3,76.36,76.69,34145371,0
20260130,120000,76.69,77.17,75.85,76.93,22408512,0
20260130,130000,76.92,78.27,76.88,77.79,17672894,0
20260130,140000,77.79,78.8,77.77,78.33,24668146,0
20260130,150000,78.32,78.43,77.6,77.7,12562431,0
20260130,160000,77.7,77.94,77.66,77.92,7106315,0
20260130,170000,77.92,78.29,77.77,77.85,10564232,0
20260130,180000,77.86,77.89,77.1,77.54,9046971,0
20260130,190000,77.53,77.65,77,77.09,6804263,0
20260130,200000,77.09,77.18,76.92,76.95,3521469,0
20260130,210000,76.95,77.4,76.61,77.07,12021824,0
20260130,220000,77.07,77.64,77,77.54,3807126,0
20260130,230000,77.54,77.54,77.3,77.47,2361116,0
20260131,090000,77.5,77.5,77.5,77.5,9846,0
20260131,100000,77.51,78.08,77.33,77.5,4855131,0
20260131,110000,77.53,77.69,77.43,77.5,865736,0
20260131,120000,77.5,77.58,77.42,77.5,558258,0
20260131,130000,77.48,77.51,77.43,77.47,264548,0
20260131,140000,77.47,77.58,77.41,77.58,467914,0
20260131,150000,77.58,77.62,77.35,77.51,960977,0
20260131,160000,77.53,77.74,77.48,77.69,523142,0
20260131,170000,77.69,77.75,77.61,77.63,758923,0
20260131,180000,77.64,77.74,77.51,77.62,708173,0
20260201,090000,77.62,77.62,77.62,77.62,6636,0
20260201,100000,77.62,77.99,77.5,77.96,2018042,0
20260201,110000,77.96,78.54,77.86,78.4,7157171,0
20260201,120000,78.4,79.05,78.29,78.87,8569285,0
20260201,130000,78.88,79.2,78.76,79.01,10587428,0
20260201,140000,79.06,79.12,78.7,78.74,3702291,0
20260201,150000,78.73,78.87,78.52,78.78,2680613,0
20260201,160000,78.78,79.03,78.75,78.99,2876722,0
20260201,170000,79,79.05,78.9,79.04,2665239,0
20260201,180000,79.04,79.17,78.89,79.06,3685091,0
20260202,070000,78.5,78.96,78.37,78.72,8006057,0
20260202,080000,78.75,78.89,78.52,78.64,5250786,0
20260202,090000,78.63,78.75,78.12,78.52,12419385,0
20260202,100000,78.53,79.4,77.88,79.39,22165853,0
20260202,110000,79.39,79.8,79.03,79.29,36617143,0
20260202,120000,79.31,79.6,79.05,79.59,13255173,0
20260202,130000,79.59,79.78,79.32,79.66,15150381,0
20260202,140000,79.66,80.16,79.35,79.85,15836644,0
20260202,150000,79.83,80.7,79.54,80.05,28546485,0
20260202,160000,80.05,81.06,79.84,80.68,34368259,0
20260202,170000,80.7,81.41,80.49,81.19,22788537,0
20260202,180000,81.18,81.44,80.85,81.05,12631023,0
20260202,190000,81.06,81.79,80.92,81.71,18641109,0
20260202,200000,81.72,82.39,81.51,81.52,27984957,0
20260202,210000,81.52,81.83,81.22,81.54,18580444,0
20260202,220000,81.52,81.84,81.32,81.84,6269454,0
20260202,230000,81.84,82.3,81.7,82.25,8252804,0
20260203,070000,82.345,82.86,81.875,82.405,16502024,0
20260203,080000,82.38,82.555,81.25,81.37,11236805,0
20260203,090000,81.365,82.05,81.12,81.78,17177940,0
20260203,100000,81.775,81.845,80.23,80.5,41165845,0
20260203,110000,80.5,80.96,80.32,80.515,10858875,0
20260203,120000,80.515,81.035,80.38,80.85,7462973,0
20260203,130000,80.86,82.14,80.84,81.225,23017042,0
20260203,140000,81.22,81.685,81.165,81.565,9395821,0
20260203,150000,81.57,82.28,81.405,82.045,22265022,0
20260203,160000,82.05,82.12,81.58,81.82,10516692,0
20260203,170000,81.815,81.995,81.505,81.785,6442750,0
20260203,180000,81.795,81.875,81.435,81.5,6516580,0
20260203,190000,81.505,81.725,81.48,81.535,2304587,0
20260203,200000,81.53,81.535,80.84,81,9835858,0
20260203,210000,80.995,81.48,80.96,81.45,4211530,0
20260203,220000,81.45,81.6,81.235,81.24,2821351,0
20260203,230000,81.245,81.385,81.21,81.37,1818780,0
20260204,070000,81.48,81.68,81.37,81.5,3802915,0
20260204,080000,81.48,82.375,81.48,82.28,12128483,0
20260204,090000,82.285,82.545,82.1,82.51,12108813,0
20260204,100000,82.515,82.575,81.87,82.4,12221437,0
20260204,110000,82.405,82.48,82.23,82.26,6629258,0
20260204,120000,82.26,82.37,82.05,82.275,7959718,0
20260204,130000,82.27,82.425,81.9,82.39,10471912,0
20260204,140000,82.38,82.395,82.08,82.225,8180536,0
20260204,150000,82.225,83.4,82.21,83.35,31844903,0
20260204,160000,83.35,83.475,82.65,82.975,26321436,0
20260204,170000,82.98,83.065,82.675,82.91,9449775,0
20260204,180000,82.915,83.175,82.7,82.855,8943043,0
20260204,190000,82.775,82.91,81,82.415,39267421,0
20260204,200000,82.41,82.415,81.24,81.635,24621948,0
20260204,210000,81.635,82.115,81.24,81.935,8494348,0
20260204,220000,81.93,82.015,81.675,81.91,3138201,0
20260204,230000,81.91,82.335,81.805,82.26,2489245,0
20260205,070000,82.26,82.35,81.61,81.835,4853679,0
20260205,080000,81.835,81.945,81.64,81.755,3220902,0
20260205,090000,81.755,81.87,81.07,81.535,8551156,0
20260205,100000,81.535,81.68,80.245,81.505,24955767,0
20260205,110000,81.505,82.045,81.345,81.465,9507700,0
20260205,120000,81.465,81.64,81.125,81.305,5318822,0
20260205,130000,81.305,81.32,80.77,81.115,11567452,0
20260205,140000,81.12,81.26,80.655,80.8,7822923,0
20260205,150000,80.815,81.295,80.625,81,8622940,0
20260205,160000,81,81.4,80.675,81.345,9710726,0
20260205,170000,81.345,81.36,80.905,81.27,5317828,0
20260205,180000,81.265,81.475,81.05,81.35,3754685,0
20260205,190000,81.22,81.36,81.12,81.245,1717166,0
20260205,200000,81.245,81.6,81.215,81.57,2175136,0
20260205,210000,81.58,81.75,81.3,81.35,2564145,0
20260205,220000,81.355,81.505,81.29,81.295,1415697,0
20260205,230000,81.29,81.345,81.125,81.27,1562091,0
20260206,070000,81.27,81.98,81.205,81.77,4857821,0
20260206,080000,81.77,82.25,81.76,82.205,5007290,0
20260206,090000,82.2,82.24,81.825,81.855,5196651,0
20260206,100000,81.86,82.035,81.29,81.505,8906668,0
20260206,110000,81.49,81.975,81.49,81.975,3856644,0
20260206,120000,81.975,81.99,81.655,81.89,6079040,0
20260206,130000,81.885,83.8,81.885,83.45,49982576,0
20260206,140000,83.45,83.46,82.945,83.14,22763372,0
20260206,150000,83.14,83.415,83.025,83.19,9997062,0
20260206,160000,83.195,83.595,82.91,83.065,16599411,0
20260206,170000,83.065,83.125,82.415,82.795,15818831,0
20260206,180000,82.795,82.905,82.565,82.76,5306905,0
20260206,190000,82.77,83.24,82.77,83.065,5338065,0
20260206,200000,83.07,83.3,83.02,83.155,5770564,0
20260206,210000,83.15,83.185,82.885,83.045,1733992,0
20260206,220000,83.045,83.28,82.99,83.15,3153017,0
20260206,230000,83.155,83.245,82.975,83.2,2586814,0
20260207,090000,83.245,83.245,83.245,83.245,44640,0
20260207,100000,83.245,83.75,83.16,83.53,7577920,0
20260207,110000,83.525,84.14,83.52,84.025,8043791,0
20260207,120000,84.025,84.285,83.765,84.155,8071140,0
20260207,130000,84.155,84.225,84,84.18,3461336,0
20260207,140000,84.19,84.44,84.135,84.335,7062430,0
20260207,150000,84.335,84.41,84.2,84.25,3522363,0
20260207,160000,84.26,84.5,84.2,84.435,4181874,0
20260207,170000,84.43,84.485,84.285,84.36,2134764,0
20260207,180000,84.355,84.585,84.355,84.54,4966580,0
20260208,090000,84.6,84.6,84.6,84.6,68869,0
20260208,100000,84.6,85.57,84.565,85.52,19960435,0
20260208,110000,85.515,85.535,85.275,85.28,6821631,0
20260208,120000,85.28,85.35,84.935,85.15,6213837,0
20260208,130000,85.165,85.21,84.725,84.905,5762307,0
20260208,140000,84.93,85.1,84.67,84.855,4154280,0
20260208,150000,84.88,84.93,84.75,84.88,1564203,0
20260208,160000,84.88,85.245,84.81,85.165,2564036,0
20260208,170000,85.165,85.165,84.975,85.14,2211791,0
20260208,180000,85.14,85.16,84.91,85.065,2862027,0
20260209,070000,84.96,85.3,83.515,83.89,25758281,0
20260209,080000,83.895,84.38,83.705,84.055,6911357,0
20260209,090000,84.06,84.29,83.52,83.78,9803847,0
20260209,100000,83.78,83.83,82.55,83.055,32187276,0
20260209,110000,83.045,83.585,82.825,83.205,9982085,0
20260209,120000,83.205,83.25,82.65,82.84,7912658,0
20260209,130000,82.84,83.135,82.7,82.76,5967587,0
20260209,140000,82.755,82.81,82.15,82.505,16182161,0
20260209,150000,82.505,83.11,82.33,82.86,7559614,0
20260209,160000,82.86,83.085,82.81,82.94,3049494,0
20260209,170000,82.94,83.09,82.76,82.93,3590227,0
20260209,180000,82.93,83.065,82.68,82.915,2866046,0
20260209,190000,82.91,83.065,82.88,83.05,2000797,0
20260209,200000,83.06,83.09,82.765,82.8,1634311,0
20260209,210000,82.8,82.8,82.455,82.655,4043301,0
20260209,220000,82.655,82.66,82.41,82.46,2545524,0
20260209,230000,82.455,82.625,82.41,82.615,1985866,0
20260210,070000,82.705,83.345,82.51,83.12,6133991,0
20260210,080000,83.12,83.14,82.99,83.005,2085343,0
20260210,090000,83.005,83.13,82.9,83.095,4113279,0
20260210,100000,83.09,84.24,83.06,84.18,19883984,0
20260210,110000,84.185,84.195,83.62,83.765,9546765,0
20260210,120000,83.76,84.16,83.5,83.74,9266117,0
20260210,130000,83.73,83.74,83.36,83.615,6783448,0
20260210,140000,83.625,84.05,83.575,84,8039988,0
20260210,150000,84,84.15,83.6,83.86,9698687,0
20260210,160000,83.86,84.07,83.655,84.025,5745201,0
20260210,170000,84.015,84.05,83.5,83.545,5651309,0
20260210,180000,83.545,83.775,83.51,83.53,1976113,0
20260210,190000,83.58,83.64,83.15,83.45,5537998,0
20260210,200000,83.45,83.46,83.125,83.245,3078952,0
20260210,210000,83.235,83.335,83.01,83.16,2975791,0
20260210,220000,83.16,83.345,83.1,83.315,1307898,0
20260210,230000,83.31,83.59,83.31,83.48,1919603,0
20260211,070000,83.575,84.59,83.515,84.34,12322085,0
20260211,080000,84.33,84.475,84.215,84.275,4781586,0
20260211,090000,84.275,84.5,84.005,84.225,6543449,0
20260211,100000,84.215,84.375,83.875,84.12,6700694,0
20260211,110000,84.125,84.21,83.85,84.06,4347486,0
20260211,120000,84.06,84.7,83.9,84.655,8365088,0
20260211,130000,84.655,84.69,84.115,84.165,9264542,0
20260211,140000,84.18,84.24,81.135,82.2,71734970,0
20260211,150000,82.2,82.9,81.665,82.425,27062998,0
20260211,160000,82.425,82.9,82.065,82.71,11600161,0
20260211,170000,82.71,83.38,82.355,83.28,13525503,0
20260211,180000,83.29,83.705,83.245,83.56,10796997,0
20260211,190000,83.565,84.185,83.47,83.755,13388372,0
20260211,200000,83.75,84.07,83.645,83.87,7178810,0
20260211,210000,83.87,83.93,83.555,83.705,3720998,0
20260211,220000,83.71,84,83.7,83.85,3212992,0
20260211,230000,83.85,83.935,83.72,83.9,2881247,0
20260212,070000,84.01,84.095,83.405,83.695,6204061,0
20260212,080000,83.695,83.805,83.45,83.74,1711146,0
20260212,090000,83.74,83.86,83.57,83.685,2650785,0
20260212,100000,83.69,83.98,83.61,83.865,5047136,0
20260212,110000,83.865,84.395,83.76,83.93,9157797,0
20260212,120000,83.93,84.35,83.815,84.245,6361818,0
20260212,130000,84.24,84.34,83.8,83.975,6525793,0
20260212,140000,83.975,84.15,83.825,83.895,2971766,0
20260212,150000,83.895,84.145,83.76,83.945,4364044,0
20260212,160000,83.945,84.085,83.935,84.03,2123866,0
20260212,170000,84.025,84.035,83.855,83.995,2911480,0
20260212,180000,83.995,84.08,83.815,83.87,2335114,0
20260212,190000,83.875,84.08,83.78,83.86,3322659,0
20260212,200000,83.86,83.915,83.7,83.84,3268021,0
20260212,210000,83.84,83.9,83.69,83.875,2935851,0
20260212,220000,83.875,83.945,83.8,83.88,1613705,0
20260212,230000,83.88,83.965,83.835,83.965,1199862,0
20260213,070000,83.96,84.12,83.87,83.95,1863608,0
20260213,080000,83.955,84,83.82,83.825,1447791,0
20260213,090000,83.825,83.955,83.53,83.595,3271569,0
20260213,100000,83.605,84.11,83.575,84.02,4641929,0
20260213,110000,84.02,84.13,83.81,83.875,3064529,0
20260213,120000,83.88,84.05,83.8,83.845,3026582,0
20260213,130000,83.845,85.365,83.67,85.27,37031366,0
20260213,140000,85.265,85.5,85,85.38,25078267,0
20260213,150000,85.385,86.44,85.385,85.88,37800261,0
20260213,160000,85.885,86.3,85.88,86.125,11048248,0
20260213,170000,86.125,86.35,85.925,86.33,9665464,0
20260213,180000,86.33,86.7,86.3,86.535,13654742,0
20260213,190000,86.55,87.185,86.53,86.72,16900368,0
20260213,200000,86.715,87,86.715,86.745,5488221,0
20260213,210000,86.745,87.18,86.645,87.045,7836531,0
20260213,220000,87.045,87.245,87,87.185,4993158,0
20260213,230000,87.185,87.655,87.07,87.62,8498155,0
20260216,070000,87.85,89.37,87.455,89.195,33943802,0
20260216,080000,89.19,89.34,88.755,89.015,15683477,0
20260216,090000,89.01,89.07,88.55,88.93,13020974,0
20260216,100000,88.93,88.94,87.765,88.225,25972297,0
20260216,110000,88.225,88.26,87.665,87.89,9825586,0
20260216,120000,87.89,88.445,87.845,88.075,10557723,0
20260216,130000,88.085,88.295,87.65,87.81,8433593,0
20260216,140000,87.81,87.91,87.015,87.415,15678619,0
20260216,150000,87.425,88.07,87.24,87.885,7848344,0
20260216,160000,87.9,88.035,87.45,87.455,6767840,0
20260216,170000,87.455,87.575,87.015,87.36,8777276,0
20260216,180000,87.365,87.67,87.17,87.67,3298652,0
20260216,190000,87.655,87.655,87.27,87.54,2537002,0
20260216,200000,87.55,87.59,87.35,87.58,1556433,0
20260216,210000,87.58,87.58,87.125,87.335,2526982,0
20260216,220000,87.335,87.445,87.25,87.385,1393650,0
20260216,230000,87.39,87.815,87.31,87.795,2538907,0
20260217,070000,87.9,88.325,87.31,87.4,5662911,0
20260217,080000,87.39,87.635,87.255,87.495,1697620,0
20260217,090000,87.495,88.045,87.365,87.86,3812100,0
20260217,100000,87.86,88.24,87.705,87.815,7370941,0
20260217,110000,87.82,88.07,87.54,87.82,7175883,0
20260217,120000,87.82,88.15,87.67,87.995,8242780,0
20260217,130000,88.02,88.075,87.71,87.905,7344090,0
20260217,140000,87.91,87.99,87.75,87.77,3982479,0
20260217,150000,87.77,87.91,87.57,87.74,4077847,0
20260217,160000,87.735,88,87.4,87.85,7410923,0
20260217,170000,87.855,88.09,87.765,87.815,4426940,0
20260217,180000,87.82,87.98,87.76,87.88,2062419,0
20260217,190000,87.9,88.105,87.86,88.01,3490649,0
20260217,200000,88.01,88.68,87.98,88.385,7144520,0
20260217,210000,88.385,88.86,88.355,88.81,4231287,0
20260217,220000,88.805,88.88,88.52,88.86,5913439,0
20260217,230000,88.865,89.5,88.765,89.4,11805313,0
20260218,070000,89.345,89.95,88.56,89,18461952,0
20260218,080000,89,89.03,88.72,88.775,2608417,0
20260218,090000,88.775,88.85,88.305,88.36,8212853,0
20260218,100000,88.36,88.77,88.31,88.69,8613368,0
20260218,110000,88.7,88.8,88.46,88.63,6610732,0
20260218,120000,88.63,88.725,88.12,88.235,7823532,0
20260218,130000,88.23,88.6,86.2,87.645,47411702,0
20260218,140000,87.645,87.7,86.7,86.895,30666893,0
20260218,150000,86.89,87.37,86.5,86.78,15562396,0
20260218,160000,86.795,87.455,86.78,87.42,9401501,0
20260218,170000,87.43,87.43,86.82,86.93,5738454,0
20260218,180000,86.93,87.355,86.92,87.12,6275685,0
20260218,190000,87.135,87.23,86.85,87.075,5341772,0
20260218,200000,87.075,87.445,87.01,87.365,4864999,0
20260218,210000,87.365,87.495,87.265,87.48,4791982,0
20260218,220000,87.48,87.61,87.285,87.39,4821212,0
20260218,230000,87.39,87.495,87.255,87.375,3752048,0
20260219,070000,87.375,87.61,87.02,87.155,7076673,0
20260219,080000,87.155,87.32,86.83,86.965,6087140,0
20260219,090000,86.95,87.09,86.73,86.86,5926997,0
20260219,100000,86.875,86.88,85.68,85.685,21672705,0
20260219,110000,85.685,85.885,84.94,85.35,38209266,0
20260219,120000,85.33,86.65,85.305,86.33,28759101,0
20260219,130000,86.325,86.455,85.9,86.085,8802224,0
20260219,140000,86.095,86.195,85.575,85.695,9043436,0
20260219,150000,85.69,86.1,85.555,85.87,7462513,0
20260219,160000,85.88,86.08,85.715,85.84,4559212,0
20260219,170000,85.835,85.9,85.56,85.63,6094732,0
20260219,180000,85.625,85.63,85.105,85.47,11729870,0
20260219,190000,85.47,85.55,85.135,85.535,4859976,0
20260219,200000,85.535,85.645,85.38,85.485,2575774,0
20260219,210000,85.485,85.735,85.48,85.69,2137516,0
20260219,220000,85.7,85.735,85.585,85.65,1617622,0
20260219,230000,85.655,85.67,85.405,85.51,2373812,0
20260220,070000,85.5,85.51,84.76,85.085,6663256,0
20260220,080000,85.1,85.305,84.765,84.88,3240021,0
20260220,090000,84.88,86.21,84.88,86.02,10850032,0
20260220,100000,86.02,86.69,85.94,86.35,15640037,0
20260220,110000,86.345,86.99,86.34,86.81,13339025,0
20260220,120000,86.805,87.4,86.075,87.29,49937342,0
20260220,130000,87.265,87.97,87.2,87.55,37906989,0
20260220,140000,87.55,87.66,87.34,87.425,7850136,0
20260220,150000,87.44,87.8,87.415,87.78,5706058,0
20260220,160000,87.78,88.37,87.585,88.21,14874117,0
20260220,170000,88.205,88.47,88.05,88.31,12297232,0
20260220,180000,88.315,88.32,87.9,88.175,8115134,0
20260220,190000,88.165,88.66,88.03,88.565,12228358,0
20260220,200000,88.565,88.74,88.415,88.595,5789136,0
20260220,210000,88.595,88.705,88.46,88.63,4341001,0
20260220,220000,88.63,88.82,88.5,88.805,4430944,0
20260220,230000,88.805,88.89,88.7,88.88,4929444,0
20260221,090000,88.88,88.88,88.88,88.88,155479,0
20260221,100000,88.88,89.13,88.7,88.8,5513590,0
20260221,110000,88.805,88.815,88.05,88.58,7177638,0
20260221,120000,88.575,88.745,88.4,88.5,1785410,0
20260221,130000,88.5,88.675,88.405,88.41,2003473,0
20260221,140000,88.41,88.52,88.36,88.5,1385924,0
20260221,150000,88.495,88.505,88.185,88.405,4109049,0
20260221,160000,88.405,88.52,88.3,88.34,1485120,0
20260221,170000,88.32,88.4,88.24,88.345,2040882,0
20260221,180000,88.345,88.595,88.31,88.445,1680720,0
20260222,090000,88.44,88.44,88.44,88.44,45421,0
20260222,100000,88.43,88.835,88.36,88.505,4614265,0
20260222,110000,88.5,88.605,88.4,88.58,1284741,0
20260222,120000,88.585,88.65,88.35,88.445,1168839,0
20260222,130000,88.445,88.66,88.395,88.49,903029,0
20260222,140000,88.485,88.55,88.4,88.5,490520,0
20260222,150000,88.5,88.565,88.46,88.525,383647,0
20260222,160000,88.525,88.55,88.47,88.5,224637,0
20260222,170000,88.49,88.61,88.465,88.545,743903,0
20260222,180000,88.53,88.615,88.505,88.595,774606,0
20260223,090000,88.6,88.6,88.6,88.6,31136,0
20260223,100000,88.6,88.61,88.31,88.56,2053515,0
20260223,110000,88.565,88.58,88.42,88.425,701006,0
20260223,120000,88.425,88.48,88.41,88.44,343920,0
20260223,130000,88.44,88.455,88.35,88.44,802088,0
20260223,140000,88.44,88.47,88.35,88.4,508106,0
20260223,150000,88.4,88.455,88.37,88.43,483292,0
20260223,160000,88.44,88.485,88.375,88.48,901488,0
20260223,170000,88.48,88.6,88.465,88.535,1062113,0
20260223,180000,88.535,88.6,88.47,88.51,753932,0
20260224,070000,88.55,88.8,87.54,87.87,6452979,0
20260224,080000,87.87,88.275,87.675,88.03,3989042,0
20260224,090000,88.03,88.24,87.65,87.91,6304369,0
20260224,100000,87.91,88.475,87.69,88.3,8814627,0
20260224,110000,88.3,88.385,87.905,88,5133295,0
20260224,120000,87.995,88.17,87.77,87.855,5531084,0
20260224,130000,87.855,87.9,87.015,87.31,16269654,0
20260224,140000,87.305,87.865,87.17,87.7,6818655,0
20260224,150000,87.7,87.765,87.5,87.5,2556697,0
20260224,160000,87.505,87.64,87.3,87.39,4066119,0
20260224,170000,87.39,87.5,87.225,87.345,3377710,0
20260224,180000,87.345,87.445,87.2,87.295,3067557,0
20260224,190000,87.3,87.3,86.71,87.01,9269756,0
20260224,200000,87.01,87.23,86.955,87.225,1927464,0
20260224,210000,87.23,87.405,87.12,87.37,1674559,0
20260224,220000,87.37,87.55,87.265,87.445,2063017,0
20260224,230000,87.445,87.495,87.295,87.38,1880716,0
20260225,070000,87.37,87.69,87.11,87.485,3995119,0
20260225,080000,87.48,87.69,87.385,87.61,4539206,0
20260225,090000,87.6,88.25,87.565,87.975,9694701,0
20260225,100000,87.975,88.36,87.22,87.375,19557784,0
20260225,110000,87.375,87.585,87.1,87.41,8044781,0
20260225,120000,87.41,87.52,87.3,87.335,3307511,0
20260225,130000,87.34,87.77,87.195,87.75,4568753,0
20260225,140000,87.75,90.55,87.39,89.105,87878518,0
20260225,150000,89.075,89.18,88.275,88.555,26380148,0
20260225,160000,88.55,88.815,88.4,88.62,9995061,0
20260225,170000,88.625,88.725,88.08,88.08,11235150,0
20260225,180000,88.08,88.375,88.075,88.24,5114497,0
20260225,190000,88.24,88.25,87.7,87.98,9308599,0
20260225,200000,87.97,88.085,87.9,87.99,4226587,0
20260225,210000,87.99,88.26,87.97,88.125,5042881,0
20260225,220000,88.125,88.15,87.85,88.03,2483430,0
20260225,230000,88.03,88.25,87.995,88.1,3413373,0
20260226,070000,88.09,88.3,87.5,87.85,6010295,0
20260226,080000,87.84,88.055,87.73,88.025,2067395,0
20260226,090000,88.025,88.4,87.985,88.28,5740377,0
20260226,100000,88.28,88.28,87.82,87.955,5031963,0
20260226,110000,87.955,88.12,87.84,87.925,3619965,0
20260226,120000,87.92,88.06,87.86,88.04,1698278,0
20260226,130000,88.035,88.315,87.92,88.21,3122570,0
20260226,140000,88.215,88.215,87.895,88.1,2994841,0
20260226,150000,88.105,88.14,87.9,88,2408956,0
20260226,160000,88.005,88.005,87.9,87.935,2081359,0
20260226,170000,87.935,87.935,87.6,87.69,4299475,0
20260226,180000,87.69,87.795,87.25,87.45,5267388,0
20260226,190000,87.455,87.565,87.055,87.335,5808415,0
20260226,200000,87.33,87.4,87.2,87.29,2341114,0
20260226,210000,87.285,87.37,87.255,87.35,1031785,0
20260226,220000,87.35,87.56,87.345,87.455,893109,0
20260226,230000,87.455,87.455,87.245,87.32,1228481,0
20260227,070000,87.115,87.17,85.52,86.675,10540498,0
20260227,080000,86.675,87.14,86.62,87.045,3104938,0
20260227,090000,87.045,87.17,86.415,86.6,6754709,0
20260227,100000,86.6,86.895,86.53,86.665,6409704,0
20260227,110000,86.665,86.9,86.545,86.87,4022305,0
20260227,120000,86.87,86.99,86.73,86.845,2921402,0
20260227,130000,86.845,86.88,86.665,86.86,2104359,0
20260227,140000,86.86,87.37,86.78,87.33,4271102,0
20260227,150000,87.34,87.47,87.15,87.235,2720526,0
20260227,160000,87.235,87.25,86.825,86.93,3591115,0
20260227,170000,86.93,87.09,86.845,86.955,3327769,0
20260227,180000,86.955,86.985,86.68,86.75,2022672,0
20260227,190000,86.75,86.85,86.67,86.72,2187861,0
20260227,200000,86.72,86.81,86.7,86.785,764103,0
20260227,210000,86.785,87.08,86.775,87.02,2190181,0
20260227,220000,87.02,87.02,86.805,86.875,615794,0
20260227,230000,86.875,87.05,86.81,86.925,1207391,0
20260228,090000,86.9,86.9,86.9,86.9,20340,0
20260228,100000,86.9,87.15,86.325,86.6,4376674,0
20260228,110000,86.595,86.795,86.43,86.62,2346922,0
20260228,120000,86.62,86.66,86.1,86.415,4087869,0
20260228,130000,86.415,86.47,86.1,86.16,2691873,0
20260228,140000,86.16,86.4,86.035,86.32,2677138,0
20260228,150000,86.32,86.595,86.135,86.43,1669326,0
20260228,160000,86.43,86.43,86.195,86.2,746664,0
20260228,170000,86.195,86.235,85.885,86.125,4279496,0
20260228,180000,86.105,86.265,85.8,86.255,3625712,0
20260301,090000,85.94,85.94,85.94,85.94,59983,0
20260301,100000,85.97,86.5,85.85,86.38,3170708,0
20260301,110000,86.38,86.445,86,86.175,1336519,0
20260301,120000,86.175,86.345,86.05,86.255,689739,0
20260301,130000,86.25,86.28,86.105,86.145,501233,0
20260301,140000,86.145,86.2,85.91,86.055,1130535,0
20260301,150000,86.05,86.205,86,86.125,722980,0
20260301,160000,86.12,86.215,86.01,86.14,740286,0
20260301,170000,86.14,86.175,86.075,86.095,287638,0
20260301,180000,86.095,86.22,86.02,86.2,1337627,0
20260302,070000,86.1,86.2,85.7,85.885,3095870,0
20260302,080000,85.885,86.2,85.68,86.11,1956014,0
20260302,090000,86.1,86.105,85.72,85.775,3154765,0
20260302,100000,85.785,86.3,85.725,86.08,5921428,0
20260302,110000,86.08,86.315,86.005,86.135,4260100,0
20260302,120000,86.135,86.23,86.01,86.125,1603722,0
20260302,130000,86.125,86.18,85.83,86,2083240,0
20260302,140000,86,86.125,85.92,85.97,1773667,0
20260302,150000,85.98,86.095,85.91,85.985,1411169,0
20260302,160000,85.985,86.025,85.755,85.8,2702472,0
20260302,170000,85.8,85.855,85.585,85.64,4314658,0
20260302,180000,85.64,85.65,85.1,85.305,6978276,0
20260302,190000,85.3,85.3,84.63,85.145,9881958,0
20260302,200000,85.145,85.21,84.955,85.06,1285188,0
20260302,210000,85.085,85.12,84.98,84.995,1013063,0
20260302,220000,84.995,84.995,84.79,84.91,1995676,0
20260302,230000,84.915,85.23,84.9,85.045,1560387,0
20260303,070000,85,85.045,84.4,84.47,5998134,0
20260303,080000,84.475,84.8,84.31,84.59,4089993,0
20260303,090000,84.59,84.72,84.4,84.67,3104420,0
20260303,100000,84.67,84.885,84.23,84.73,6904773,0
20260303,110000,84.735,86.08,84.63,85.6,10400712,0
20260303,120000,85.63,85.64,85.09,85.24,3437838,0
20260303,130000,85.245,85.4,85.03,85.305,3041005,0
20260303,140000,85.305,85.79,85.19,85.54,3354901,0
20260303,150000,85.54,85.65,84.83,84.86,7388348,0
20260303,160000,84.835,84.93,84.31,84.55,9653364,0
20260303,170000,84.55,84.655,84.255,84.585,4560745,0
20260303,180000,84.59,84.59,84.22,84.3,2954134,0
20260303,190000,84.305,84.5,84.07,84.2,4231824,0
20260303,200000,84.2,84.265,84.06,84.15,2294218,0
20260303,210000,84.15,84.405,84.14,84.345,1761219,0
20260303,220000,84.34,84.6,84.285,84.5,1516113,0
20260303,230000,84.505,84.62,84.095,84.3,1664099,0
20260304,070000,84.4,84.845,84.245,84.635,2166488,0
20260304,080000,84.615,84.925,84.5,84.53,1588979,0
20260304,090000,84.53,84.535,84.165,84.24,2297675,0
20260304,100000,84.255,84.75,84.195,84.46,3679411,0
20260304,110000,84.465,84.5,84.135,84.5,1927320,0
20260304,120000,84.495,84.5,84.21,84.24,2279780,0
20260304,130000,84.245,84.385,84.235,84.305,2181611,0
20260304,140000,84.32,84.375,84.2,84.32,1544347,0
20260304,150000,84.325,84.5,84.3,84.36,1890210,0
20260304,160000,84.36,84.36,84.22,84.225,1567648,0
20260304,170000,84.22,84.28,83.915,83.975,7280782,0
20260304,180000,83.975,84.03,83.72,83.85,4569450,0
20260304,190000,83.875,84.185,83.85,84.135,2144895,0
20260304,200000,84.135,84.15,84,84.065,866233,0
20260304,210000,84.06,84.06,83.7,83.735,2717013,0
20260304,220000,83.74,83.92,83.72,83.905,951325,0
20260304,230000,83.91,83.91,83.725,83.8,1013390,0
20260305,070000,83.885,84.14,83.82,83.95,1999779,0
20260305,080000,83.975,84.035,83.85,83.88,819548,0
20260305,090000,83.875,84.14,83.72,83.925,2222722,0
20260305,100000,83.905,84.435,83.555,84.295,8288498,0
20260305,110000,84.3,84.33,83.615,83.74,6098832,0
20260305,120000,83.74,84.24,83.59,83.935,6348840,0
20260305,130000,83.915,84.5,83.915,84.45,2662293,0
20260305,140000,84.47,84.73,84.28,84.62,5007712,0
20260305,150000,84.63,84.885,84.425,84.885,5101433,0
20260305,160000,84.865,85.48,84.865,85.455,9219605,0
20260305,170000,85.455,86.58,85.45,86.5,18726264,0
20260305,180000,86.495,86.6,86.02,86.215,8478005,0
20260305,190000,86.21,86.25,85.81,85.965,5125106,0
20260305,200000,85.97,86.3,85.85,86.185,2508941,0
20260305,210000,86.185,86.31,86.01,86.015,2170054,0
20260305,220000,86.015,86.015,85.735,85.785,2990433,0
20260305,230000,85.785,86.2,85.755,85.93,1908208,0
20260306,070000,85.85,86.68,85.835,86.435,3566536,0
20260306,080000,86.435,86.455,86.17,86.435,1426193,0
20260306,090000,86.43,86.5,86.16,86.23,1378616,0
20260306,100000,86.21,86.25,85.865,86.005,3056861,0
20260306,110000,86.005,86.39,85.75,85.75,4333894,0
20260306,120000,85.755,86.05,85.575,85.77,3449841,0
20260306,130000,85.77,86.25,85.72,85.89,2558341,0
20260306,140000,85.885,86.2,85.815,85.935,2618374,0
20260306,150000,85.915,85.975,85.7,85.965,2184417,0
20260306,160000,85.965,86.175,85.625,86.07,3618621,0
20260306,170000,86.055,86.1,85.775,86.055,3323653,0
20260306,180000,86.055,86.185,85.88,86.095,2343255,0
20260306,190000,86.1,86.1,85.935,86.02,1051541,0
20260306,200000,86.005,86.08,85.85,85.91,1123068,0
20260306,210000,85.91,85.915,85.805,85.87,921451,0
20260306,220000,85.86,86.05,85.715,86.045,1329827,0
20260306,230000,86.045,86.08,85.895,86.02,1413810,0
20260309,070000,86.045,87.48,86.02,87.19,7272823,0
20260309,080000,87.19,87.3,86.53,86.63,2656595,0
20260309,090000,86.61,86.795,86.16,86.25,4965087,0
20260309,100000,86.245,86.72,86.23,86.3,3940220,0
20260309,110000,86.305,86.505,86.25,86.35,3047598,0
20260309,120000,86.33,86.595,86.115,86.16,3377772,0
20260309,130000,86.145,86.16,85.8,85.9,2992992,0
20260309,140000,85.9,86.055,85.825,86.02,1353797,0
20260309,150000,86.005,86.015,85.85,85.855,1082951,0
20260309,160000,85.855,85.88,85.12,85.18,5894263,0
20260309,170000,85.195,85.2,84.61,84.865,7020132,0
20260309,180000,84.87,85.21,84.705,85.15,3675148,0
20260309,190000,85.155,85.29,85.055,85.13,1414852,0
20260309,200000,85.135,85.245,85.065,85.23,700103,0
20260309,210000,85.225,85.24,85.13,85.175,467042,0
20260309,220000,85.175,85.965,85.105,85.75,4840964,0
20260309,230000,85.755,86.345,85.62,86.07,3976720,0
20260310,070000,86.08,86.35,85.555,85.99,2881453,0
20260310,080000,85.97,86.245,85.76,86.205,1668718,0
20260310,090000,86.2,86.65,86.105,86.285,3374414,0
20260310,100000,86.27,86.67,86.21,86.65,3964486,0
20260310,110000,86.645,86.66,86.22,86.285,2768021,0
20260310,120000,86.29,86.38,85.965,86.155,2538297,0
20260310,130000,86.155,86.32,86.09,86.11,1035704,0
20260310,140000,86.13,86.275,86.02,86.24,1128134,0
20260310,150000,86.245,86.245,85.855,85.855,1807915,0
20260310,160000,85.855,86.035,85.77,85.81,1743264,0
20260310,170000,85.82,85.84,85.625,85.705,2164388,0
20260310,180000,85.695,85.88,85.57,85.57,1635917,0
20260310,190000,85.6,85.66,85.265,85.27,1542560,0
20260310,200000,85.265,85.685,85.26,85.55,1321627,0
20260310,210000,85.55,85.75,85.3,85.73,1076742,0
20260310,220000,85.735,85.76,85.655,85.67,865881,0
20260310,230000,85.665,85.67,85.37,85.51,662743,0
20260311,070000,85.57,85.935,85.55,85.865,929810,0
20260311,080000,85.865,85.975,85.785,85.87,522999,0
20260311,090000,85.85,85.95,85.6,85.865,1191218,0
20260311,100000,85.86,86.07,85.71,85.915,1633527,0
20260311,110000,85.915,85.935,85.705,85.885,977581,0
20260311,120000,85.885,86.01,85.795,85.825,1037307,0
20260311,130000,85.83,85.92,85.775,85.85,945216,0
20260311,140000,85.85,86.285,85.815,86.24,2504648,0
20260311,150000,86.24,86.4,86.05,86.05,2178174,0
20260311,160000,86.05,86.065,85.715,85.77,1718534,0
20260311,170000,85.77,86,85.745,85.81,1081767,0
20260311,180000,85.81,85.9,85.605,85.735,1134340,0
20260311,190000,85.74,85.915,85.735,85.87,1351368,0
20260311,200000,85.87,85.91,85.85,85.87,473577,0
20260311,210000,85.865,85.91,85.77,85.845,709299,0
20260311,220000,85.865,85.9,85.735,85.82,468166,0
20260311,230000,85.815,85.915,85.81,85.9,344999,0
20260312,070000,85.885,86.1,85.67,85.735,1443551,0
20260312,080000,85.735,85.875,85.66,85.785,556227,0
20260312,090000,85.785,85.885,85.65,85.795,1143733,0
20260312,100000,85.795,85.87,85.655,85.8,1164808,0
20260312,110000,85.78,85.87,85.765,85.805,647346,0
20260312,120000,85.805,85.81,85.62,85.635,1352714,0
20260312,130000,85.64,85.66,85.31,85.47,1869848,0
20260312,140000,85.47,85.665,85.35,85.665,1147412,0
20260312,150000,85.66,85.725,85.54,85.655,1325827,0
20260312,160000,85.65,85.79,85.625,85.685,1574532,0
20260312,170000,85.685,85.98,85.67,85.845,1653199,0
20260312,180000,85.84,85.985,85.83,85.985,1422121,0
20260312,190000,85.9,86,85.725,85.8,1387403,0
20260312,200000,85.8,85.875,85.715,85.73,594637,0
20260312,210000,85.735,85.93,85.725,85.925,520930,0
20260312,220000,85.925,85.95,85.78,85.795,462607,0
20260312,230000,85.795,85.81,85.635,85.69,651711,0
20260313,070000,85.69,85.9,85.69,85.89,577048,0
20260313,080000,85.87,86.19,85.69,86.08,1697622,0
20260313,090000,86.08,86.49,85.935,86.41,2397713,0
20260313,100000,86.415,86.645,86.335,86.48,5496907,0
20260313,110000,86.485,86.635,86.25,86.325,3914712,0
20260313,120000,86.305,86.355,86.17,86.275,2472629,0
20260313,130000,86.29,86.3,86.18,86.185,1002829,0
20260313,140000,86.18,86.3,86.08,86.21,1220738,0
20260313,150000,86.21,86.395,86.185,86.31,1418108,0
20260313,160000,86.3,86.315,86.05,86.17,1233004,0
20260313,170000,86.175,86.285,86.025,86.275,724942,0
20260313,180000,86.275,86.325,86.08,86.1,709628,0
20260313,190000,86.13,86.235,86.03,86.09,708701,0
20260313,200000,86.09,86.195,86.05,86.165,737422,0
20260313,210000,86.155,86.19,86.08,86.095,305692,0
20260313,220000,86.095,86.155,86.08,86.135,302265,0
20260313,230000,86.12,86.2,86.055,86.2,372694,0
20260314,090000,86.35,86.35,86.35,86.35,31017,0
20260314,100000,86.345,86.445,86.225,86.315,399506,0
20260314,110000,86.33,86.43,86.265,86.34,497245,0
20260314,120000,86.34,86.42,86.255,86.395,375983,0
20260314,130000,86.4,86.4,86.32,86.365,135786,0
20260314,140000,86.365,86.41,86.26,86.4,180982,0
20260314,150000,86.395,86.4,86.3,86.36,342257,0
20260314,160000,86.36,86.37,86.345,86.36,156766,0
20260314,170000,86.36,86.395,86.35,86.39,143127,0
20260314,180000,86.39,86.4,86.35,86.355,294583,0
20260315,090000,86.355,86.355,86.355,86.355,1966,0
20260315,100000,86.355,86.505,86.255,86.465,420510,0
20260315,110000,86.465,86.485,86.4,86.45,350570,0
20260315,120000,86.47,86.485,86.4,86.405,125044,0
20260315,130000,86.405,86.455,86.365,86.395,266682,0
20260315,140000,86.395,86.455,86.35,86.36,85116,0
20260315,150000,86.36,86.43,86.32,86.355,136302,0
20260315,160000,86.355,86.44,86.33,86.41,51086,0
20260315,170000,86.41,86.415,86.29,86.37,457743,0
20260315,180000,86.36,86.475,86.36,86.475,531547,0
20260316,070000,86.555,86.575,86.355,86.445,1021015,0
20260316,080000,86.445,87.25,86.43,87.005,6107177,0
20260316,090000,87.005,87.8,86.9,87.75,11011555,0
20260316,100000,87.745,88.165,87.525,87.62,11453925,0
20260316,110000,87.62,87.675,87.25,87.305,5130954,0
20260316,120000,87.305,87.42,87,87.235,5818248,0
20260316,130000,87.22,87.285,86.94,87.11,2731879,0
20260316,140000,87.11,87.36,87.075,87.1,2162327,0
20260316,150000,87.1,87.32,86.98,86.98,2920758,0
20260316,160000,86.98,87,86.6,86.71,4116729,0
20260316,170000,86.705,86.75,86.365,86.375,6588829,0
20260316,180000,86.375,86.515,86.14,86.45,6917654,0
20260316,190000,86.44,86.59,86.355,86.54,1693301,0
20260316,200000,86.545,86.55,86.41,86.525,635484,0
20260316,210000,86.53,86.535,86.36,86.435,775520,0
20260316,220000,86.435,86.53,86.425,86.51,367863,0
20260316,230000,86.505,86.51,86.355,86.45,831844,0
20260317,070000,86.5,86.81,86.455,86.71,1748523,0
20260317,080000,86.71,86.94,86.58,86.86,965995,0
20260317,090000,86.86,86.86,86.5,86.66,1311404,0
20260317,100000,86.66,86.77,86.22,86.295,2930467,0
20260317,110000,86.295,86.5,86.265,86.435,1880562,0
20260317,120000,86.435,86.435,86.32,86.36,1709055,0
20260317,130000,86.36,86.43,86.2,86.38,1555648,0
20260317,140000,86.38,86.38,85.6,85.975,7756905,0
20260317,150000,85.975,86.105,85.855,85.895,2964274,0
20260317,160000,85.9,86.435,85.865,86.36,7204371,0
20260317,170000,86.36,86.435,86.3,86.3,2805522,0
20260317,180000,86.305,86.435,86.3,86.42,1582710,0
20260317,190000,86.42,86.435,86.305,86.375,474001,0
20260317,200000,86.38,86.38,86.305,86.32,432947,0
20260317,210000,86.325,86.38,86.315,86.355,227845,0
20260317,220000,86.355,86.435,86.345,86.39,867888,0
20260317,230000,86.37,86.445,86.37,86.445,701530,0
20260318,070000,86.62,86.975,86.405,86.685,2647648,0
20260318,080000,86.68,87.075,86.6,86.915,1848701,0
20260318,090000,86.915,86.915,86.55,86.715,2550507,0
20260318,100000,86.71,87.195,86.66,86.985,4454649,0
20260318,110000,87,87.155,86.665,86.69,3344769,0
20260318,120000,86.685,86.85,86.35,86.545,2630316,0
20260318,130000,86.545,86.745,86.475,86.525,3398452,0
20260318,140000,86.52,86.605,86.45,86.45,1494479,0
20260318,150000,86.455,86.56,86.315,86.355,4101903,0
20260318,160000,86.35,86.375,86.15,86.24,4472614,0
20260318,170000,86.24,86.42,86.14,86.24,2775236,0
20260318,180000,86.235,86.28,86.11,86.165,1629915,0
20260318,190000,86.17,86.44,86.17,86.385,1517076,0
20260318,200000,86.385,86.745,86.345,86.53,1487189,0
20260318,210000,86.525,86.69,86.525,86.555,815549,0
20260318,220000,86.56,86.56,86.26,86.335,1283249,0
20260318,230000,86.335,86.5,86.2,86.445,1678351,0
20260319,070000,86.48,86.71,86.325,86.565,1109870,0
20260319,080000,86.565,86.615,86.415,86.48,528987,0
20260319,090000,86.475,86.48,86.4,86.4,1343779,0
20260319,100000,86.4,86.64,86.26,86.41,3081221,0
20260319,110000,86.41,86.46,86.26,86.305,3169349,0
20260319,120000,86.305,86.35,86,86.165,4103764,0
20260319,130000,86.175,86.295,86,86.235,2547899,0
20260319,140000,86.24,86.425,86.2,86.315,2210434,0
20260319,150000,86.315,86.37,85.8,85.805,5171043,0
20260319,160000,85.8,86.215,85.8,85.875,2334463,0
20260319,170000,85.865,85.92,85.64,85.71,2695111,0
20260319,180000,85.71,85.845,85.5,85.695,3444606,0
20260319,190000,85.705,85.825,85.695,85.765,902194,0
20260319,200000,85.765,85.975,85.73,85.93,539855,0
20260319,210000,85.93,86,85.835,85.87,466541,0
20260319,220000,85.87,86.14,85.85,86.09,1099627,0
20260319,230000,86.07,86.085,85.9,85.965,570558,0
20260320,070000,86.17,86.555,85.98,86.43,3043187,0
20260320,080000,86.44,86.6,86.33,86.53,973210,0
20260320,090000,86.53,86.54,86.4,86.49,1903188,0
20260320,100000,86.48,86.85,86.4,86.73,4718062,0
20260320,110000,86.735,86.825,86.4,86.63,2103511,0
20260320,120000,86.63,86.7,86.55,86.59,1341132,0
20260320,130000,86.59,86.82,86.105,86.335,7636025,0
20260320,140000,86.33,86.48,86.285,86.325,1871722,0
20260320,150000,86.325,86.325,85.965,86.18,3171408,0
20260320,160000,86.18,86.36,86.09,86.09,1237321,0
20260320,170000,86.095,86.135,85.955,86.07,1988255,0
20260320,180000,86.07,86.075,85.725,85.9,2464426,0
20260320,190000,85.92,86.095,85.9,86.005,881199,0
20260320,200000,86.005,86.035,85.92,85.92,425882,0
20260320,210000,85.92,86,85.9,85.99,574580,0
20260320,220000,85.99,86.095,85.99,86.085,937248,0
20260320,230000,86.085,86.085,85.905,85.905,698707,0
20260323,070000,86.035,86.1,85.61,85.9,2132909,0
20260323,080000,85.915,85.915,85.1,85.635,5636541,0
20260323,090000,85.635,85.875,85.335,85.75,3028577,0
20260323,100000,85.75,85.77,85.41,85.515,3774270,0
20260323,110000,85.53,85.535,85.3,85.37,3569457,0
20260323,120000,85.365,85.415,84.87,84.99,5066883,0
20260323,130000,84.99,85.03,84.41,84.545,7345048,0
20260323,140000,84.545,85.19,84.4,84.795,7915361,0
20260323,150000,84.79,85.11,84.735,84.995,3114356,0
20260323,160000,84.98,85.23,84.8,85.215,2827125,0
20260323,170000,85.215,85.215,84.845,85.085,3125103,0
20260323,180000,85.085,85.26,85.08,85.185,1877762,0
20260323,190000,85.14,85.18,85,85.055,890769,0
20260323,200000,85.055,85.085,84.975,85,344849,0
20260323,210000,85.01,85.065,84.905,84.99,727717,0
20260323,220000,85.02,85.085,84.975,85.06,345838,0
20260323,230000,85.065,85.18,84.95,85.17,880634,0
20260324,070000,85.3,85.725,85.17,85.465,1470653,0
20260324,080000,85.475,85.52,85.14,85.275,982960,0
20260324,090000,85.27,85.52,84.935,85.195,3597255,0
20260324,100000,85.195,85.3,85,85.05,1831631,0
20260324,110000,85.055,85.09,85.005,85.085,930518,0
20260324,120000,85.085,85.285,84.92,85.08,2696804,0
20260324,130000,85.085,85.135,84.95,85.075,1688201,0
20260324,140000,85.07,85.14,85.025,85.115,1134520,0
20260324,150000,85.12,85.14,84.915,85,2140561,0
20260324,160000,85,85,84.85,84.855,1841372,0
20260324,170000,84.86,85.09,84.82,85.05,1398433,0
20260324,180000,85.05,85.09,85,85.005,1313821,0
20260324,190000,85.01,85.08,84.9,84.96,640888,0
20260324,200000,84.96,84.985,84.9,84.955,428004,0
20260324,210000,84.95,85.405,84.9,85.095,1635636,0
20260324,220000,85.095,85.555,85.075,85.485,2662666,0
20260324,230000,85.485,85.775,85.305,85.56,3765971,0
20260325,070000,85.615,85.795,85.335,85.665,1496328,0
20260325,080000,85.655,86.295,85.655,86.07,5592030,0
20260325,090000,86.07,86.075,85.79,85.94,2470966,0
20260325,100000,85.94,85.95,85.58,85.75,2032727,0
20260325,110000,85.75,85.77,85.525,85.755,1485955,0
20260325,120000,85.755,85.82,85.56,85.785,1258833,0
20260325,130000,85.785,86.125,85.725,85.88,2518676,0
20260325,140000,85.885,86.095,85.855,85.95,1672262,0
20260325,150000,85.945,85.955,85.565,85.675,1723179,0
20260325,160000,85.675,85.76,85.535,85.715,1521068,0
20260325,170000,85.71,85.845,85.645,85.73,1305078,0
20260325,180000,85.73,85.795,85.61,85.73,908548,0
20260325,190000,85.745,85.915,85.67,85.905,900476,0
20260325,200000,85.9,85.91,85.795,85.835,323560,0
20260325,210000,85.85,86.75,85.785,86.73,9011757,0
20260325,220000,86.73,86.875,86.67,86.705,4515579,0
20260325,230000,86.705,86.8,86.65,86.78,1740478,0
20260326,070000,86.795,87.28,86.78,87.015,5568333,0
20260326,080000,87.025,87.035,86.6,86.815,2388860,0
20260326,090000,86.84,86.935,86.55,86.795,2846577,0
20260326,100000,86.795,86.815,85.45,85.795,19815494,0
20260326,110000,85.795,85.795,85.12,85.565,9220766,0
20260326,120000,85.555,85.745,85.46,85.595,2460642,0
20260326,130000,85.6,85.6,84.995,85.155,6030262,0
20260326,140000,85.155,85.485,85.105,85.35,2745899,0
20260326,150000,85.355,85.355,85.045,85.045,2710236,0
20260326,160000,85.045,85.22,84.92,84.96,3678374,0
20260326,170000,84.965,85.05,84.85,84.875,2784754,0
20260326,180000,84.875,85.125,84.69,84.865,6748423,0
20260326,190000,84.87,84.98,84.61,84.755,3048824,0
20260326,200000,84.76,84.855,84.745,84.815,1032847,0
20260326,210000,84.815,84.835,84.595,84.615,1204915,0
20260326,220000,84.605,84.69,84.54,84.665,1954889,0
20260326,230000,84.66,84.66,84.24,84.52,5299563,0
20260327,070000,84.665,84.69,84.225,84.54,2425517,0
20260327,080000,84.54,84.79,84.425,84.46,1425690,0
20260327,090000,84.46,84.795,84.425,84.65,1444506,0
20260327,100000,84.65,85.185,84.62,84.965,4104982,0
20260327,110000,84.98,85,84.47,84.56,3165880,0
20260327,120000,84.555,84.635,84.43,84.435,1144964,0
20260327,130000,84.435,84.545,84.3,84.4,1835118,0
20260327,140000,84.4,84.625,84.385,84.4,2004009,0
20260327,150000,84.4,84.43,83.72,83.745,4991456,0
20260327,160000,83.75,83.8,82.455,82.825,19401459,0
20260327,170000,82.82,83.12,82.675,82.83,6973098,0
20260327,180000,82.825,83.255,82.44,83.23,5873381,0
20260327,190000,83.21,83.3,82.95,83.06,1932471,0
20260327,200000,83.055,83.185,83.05,83.125,596083,0
20260327,210000,83.14,83.195,82.9,83.04,920815,0
20260327,220000,83.04,83.135,82.9,83.04,1039836,0
20260327,230000,83.04,83.05,82.8,82.995,1420090,0
20260328,090000,82.89,82.89,82.89,82.89,19098,0
20260328,100000,82.89,83.285,82.89,83.175,749766,0
20260328,110000,83.175,83.25,83.055,83.105,785204,0
20260328,120000,83.09,83.19,83.065,83.175,299064,0
20260328,130000,83.17,83.175,83.1,83.175,167595,0
20260328,140000,83.175,83.19,83.155,83.17,218869,0
20260328,150000,83.17,83.2,83.12,83.135,164541,0
20260328,160000,83.145,83.145,83.035,83.065,151311,0
20260328,170000,83.065,83.095,83,83.06,227421,0
20260328,180000,83.06,83.09,82.915,82.92,318779,0
20260329,090000,82.92,82.92,82.92,82.92,12789,0
20260329,100000,82.925,83.05,82.92,82.94,483753,0
20260329,110000,82.945,83.06,82.94,82.94,300549,0
20260329,120000,82.965,83.01,82.95,82.995,122237,0
20260329,130000,82.995,83,82.965,82.99,99218,0
20260329,140000,82.99,83.03,82.93,83.02,206149,0
20260329,150000,83.02,83.345,82.935,83.335,1335988,0
20260329,160000,83.335,83.36,83.155,83.165,558180,0
20260329,170000,83.165,83.24,83.12,83.215,178822,0
20260329,180000,83.215,83.33,83.165,83.32,505242,0
20260330,070000,83.41,83.45,83.17,83.42,1302421,0
20260330,080000,83.42,83.495,83.255,83.335,753104,0
20260330,090000,83.33,83.33,82.95,83.005,2682396,0
20260330,100000,83.005,83.005,81.92,82.105,11675777,0
20260330,110000,82.11,83.39,82.02,83.365,9523126,0
20260330,120000,83.32,84.63,83.15,84.26,16717108,0
20260330,130000,84.255,84.345,83.9,84.245,4170891,0
20260330,140000,84.245,84.315,83.555,83.63,3733407,0
20260330,150000,83.635,83.9,83.45,83.58,2324923,0
20260330,160000,83.585,83.77,83.03,83.22,3557011,0
20260330,170000,83.235,83.29,82.895,82.99,3241979,0
20260330,180000,82.985,83.29,82.94,83.1,2421515,0
20260330,190000,83.115,83.23,83.01,83.215,792654,0
20260330,200000,83.215,83.28,83.15,83.26,398078,0
20260330,210000,83.26,83.27,83.15,83.16,189438,0
20260330,220000,83.155,83.385,83.155,83.38,478119,0
20260330,230000,83.385,83.495,83.34,83.39,338490,0
20260331,070000,83.505,83.685,83.15,83.305,1652244,0
20260331,080000,83.305,83.5,83.285,83.475,766254,0
20260331,090000,83.44,83.595,83.275,83.535,845748,0
20260331,100000,83.525,83.535,82.935,83.035,4424400,0
20260331,110000,83.035,83.44,82.98,83.37,1870626,0
20260331,120000,83.37,84.4,83.36,84.1,8142581,0
20260331,130000,84.1,84.38,83.91,84.075,5605932,0
20260331,140000,84.07,84.5,83.74,84.425,5801224,0
20260331,150000,84.425,84.9,84.28,84.82,7927693,0
20260331,160000,84.84,85.21,84.565,84.97,7504729,0
20260331,170000,84.955,85.49,84.8,85.37,7656702,0
20260331,180000,85.37,86.06,85.34,85.83,10973644,0
20260331,190000,85.825,85.83,85.355,85.5,3806596,0
20260331,200000,85.495,85.775,85.47,85.675,1424311,0
20260331,210000,85.675,86.09,85.47,86.07,2832135,0
20260331,220000,86.07,86.105,85.86,86.045,2525925,0
20260331,230000,86.04,86.18,85.965,86.045,3510942,0
20260401,070000,86.04,86.045,85.61,85.665,2233343,0
20260401,080000,85.7,85.95,85.505,85.885,1382192,0
20260401,090000,85.88,86.495,85.785,86.32,4095089,0
20260401,100000,86.315,86.85,85.9,86.845,8130985,0
20260401,110000,86.85,87.655,86.795,87.25,19016574,0
20260401,120000,87.25,87.6,86.815,87.565,10428856,0
20260401,130000,87.565,87.795,87.155,87.55,7505734,0
20260401,140000,87.555,87.59,86.9,87.175,6650766,0
20260401,150000,87.175,87.8,87.05,87.51,6933269,0
20260401,160000,87.51,87.795,87.22,87.4,5156355,0
20260401,170000,87.405,88.05,87.405,88.03,9420572,0
20260401,180000,88.035,88.07,87.85,87.97,4335378,0
20260401,190000,87.975,88,87.8,87.97,2340936,0
20260401,200000,87.975,88.035,87.86,87.87,1497194,0
20260401,210000,87.87,88.015,87.835,87.975,2303036,0
20260401,220000,87.98,88.07,87.94,87.975,2133082,0
20260401,230000,87.975,88.145,87.97,88.135,3055839,0
20260402,070000,88.03,88.125,87.5,87.655,7225956,0
20260402,080000,87.655,87.745,87.395,87.745,2549101,0
20260402,090000,87.725,87.99,87.24,87.545,6469486,0
20260402,100000,87.555,87.845,87.33,87.665,5340249,0
20260402,110000,87.66,89.275,87.59,89.115,22515481,0
20260402,120000,89.115,89.2,88.705,89.1,12158691,0
20260402,130000,89.1,89.5,88.935,89.335,9766299,0
20260402,140000,89.33,89.885,89.185,89.75,14459920,0
20260402,150000,89.75,89.8,89.17,89.445,9647462,0
20260402,160000,89.45,89.79,89.43,89.72,7308256,0
20260402,170000,89.72,89.8,89.11,89.275,13934511,0
20260402,180000,89.285,89.605,89.015,89.48,7339922,0
20260402,190000,89.48,89.69,89.37,89.41,3071713,0
20260402,200000,89.41,89.54,89.37,89.535,2001726,0
20260402,210000,89.535,89.8,89.47,89.74,4922062,0
20260402,220000,89.74,89.92,89.69,89.875,3696558,0
20260402,230000,89.88,90.085,89.75,89.91,6994471,0
20260403,070000,89.91,91.5,89.685,91.385,18505984,0
20260403,080000,91.385,91.425,90.995,91.105,6305039,0
20260403,090000,91.105,91.35,90.815,91.115,9418757,0
20260403,100000,91.11,91.775,90.9,91.665,19556488,0
20260403,110000,91.67,92.065,91.515,91.745,18652713,0
20260403,120000,91.745,92,91.425,91.885,16334765,0
20260403,130000,91.88,91.94,91.05,91.15,14902578,0
20260403,140000,91.135,91.65,90.65,90.775,16454301,0
20260403,150000,90.77,91.42,90.73,91.17,11030680,0
20260403,160000,91.17,91.4,91.055,91.27,5316773,0
20260403,170000,91.275,91.325,91.065,91.065,5689311,0
20260403,180000,91.065,91.7,91.06,91.47,8087650,0
20260403,190000,91.47,91.62,91.45,91.595,1993936,0
20260403,200000,91.595,91.8,91.56,91.63,2910985,0
20260403,210000,91.63,91.915,91.625,91.805,2984321,0
20260403,220000,91.805,91.945,91.655,91.715,2675679,0
20260403,230000,91.715,91.9,91.5,91.66,2738580,0
20260404,090000,91.65,91.65,91.65,91.65,25289,0
20260404,100000,91.65,91.95,91.5,91.945,2278296,0
20260404,110000,91.94,92.78,91.89,92.765,6745331,0
20260404,120000,92.765,92.765,92.455,92.625,1869926,0
20260404,130000,92.615,92.68,92.53,92.59,1240424,0
20260404,140000,92.6,92.6,92.46,92.595,871382,0
20260404,150000,92.595,92.6,92.45,92.555,838582,0
20260404,160000,92.555,92.57,92.475,92.48,541079,0
20260404,170000,92.475,92.56,92.475,92.545,426404,0
20260404,180000,92.545,92.59,92.475,92.505,1041726,0
20260405,090000,92.575,92.575,92.575,92.575,126396,0
20260405,100000,92.545,92.775,91.805,92.01,6395622,0
20260405,110000,92.01,92.13,91,91.445,6807699,0
20260405,120000,91.445,91.605,90.805,90.845,6910971,0
20260405,130000,90.82,91.465,90.82,91.37,3461622,0
20260405,140000,91.37,91.5,91.135,91.18,1727594,0
20260405,150000,91.2,91.47,91.15,91.335,841618,0
20260405,160000,91.335,91.375,91.1,91.24,835795,0
20260405,170000,91.24,91.29,91.125,91.29,611865,0
20260405,180000,91.29,91.45,91.205,91.3,949843,0
20260406,070000,91.215,91.395,90.75,90.78,4423595,0
20260406,080000,90.78,91.045,90.765,90.945,1724518,0
20260406,090000,90.955,91.475,90.705,91.135,5959580,0
20260406,100000,91.09,91.125,90.725,90.925,4270684,0
20260406,110000,90.925,91.24,90.78,90.94,2994327,0
20260406,120000,90.955,91.15,90.83,91.015,3281125,0
20260406,130000,91.015,91.065,89.7,89.98,13802431,0
20260406,140000,89.975,90.185,89.795,90.095,5076818,0
20260406,150000,90.09,90.725,90.01,90.325,5874891,0
20260406,160000,90.325,90.48,89.935,90.2,4056223,0
20260406,170000,90.21,90.375,90.05,90.25,3107030,0
20260406,180000,90.245,90.985,90.225,90.835,3114294,0
20260406,190000,90.83,90.995,90.51,90.97,2474036,0
20260406,200000,90.96,90.995,90.655,90.845,1991114,0
20260406,210000,90.85,91.08,90.64,90.865,1801784,0
20260406,220000,90.87,91,90.77,90.795,1384850,0
20260406,230000,90.795,90.945,90.75,90.81,448237,0
20260407,070000,91,91.02,90.45,90.57,1251506,0
20260407,080000,90.57,90.905,90.435,90.62,1394819,0
20260407,090000,90.625,90.82,90.5,90.585,1254171,0
20260407,100000,90.595,90.865,90.245,90.78,2728572,0
20260407,110000,90.78,91.96,90.78,91.35,9190586,0
20260407,120000,91.355,91.85,91.33,91.74,4695361,0
20260407,130000,91.74,91.8,91.275,91.335,5883458,0
20260407,140000,91.335,91.605,91.125,91.365,3219502,0
20260407,150000,91.375,91.605,90.915,91.05,3720032,0
20260407,160000,91.055,91.63,90.995,91.53,3476396,0
20260407,170000,91.53,91.7,91.455,91.54,2501137,0
20260407,180000,91.525,91.635,91.35,91.42,1870497,0
20260407,190000,91.42,91.71,91.42,91.53,1433512,0
20260407,200000,91.53,91.55,91.29,91.45,724230,0
20260407,210000,91.45,91.45,91.255,91.28,669382,0
20260407,220000,91.28,91.295,90.835,91.13,2276620,0
20260407,230000,91.135,91.39,91.01,91.15,1274942,0
20260408,070000,91.6,92.38,91.22,92.08,5957357,0
20260408,080000,92.08,92.09,91.72,91.86,1962938,0
20260408,090000,91.855,91.945,91.62,91.67,2513076,0
20260408,100000,91.675,91.76,91.38,91.4,2416683,0
20260408,110000,91.4,91.83,91.295,91.42,4119570,0
20260408,120000,91.42,91.735,91.42,91.625,1251863,0
20260408,130000,91.625,91.69,91.02,91.435,6523572,0
20260408,140000,91.45,91.485,91.05,91.05,3644848,0
20260408,150000,91.05,91.165,90.78,90.82,4415543,0
20260408,160000,90.815,91.195,90.755,90.785,3343766,0
20260408,170000,90.79,90.945,90.365,90.87,5624081,0
20260408,180000,90.87,90.92,90.605,90.705,1271474,0
20260408,190000,90.71,90.74,90.575,90.68,867946,0
20260408,200000,90.68,90.735,90.6,90.735,383245,0
20260408,210000,90.735,90.8,90.69,90.795,1201137,0
20260408,220000,90.795,91.075,90.785,90.99,1045074,0
20260408,230000,90.995,91.155,90.84,90.93,774867,0
20260409,070000,91.035,91.25,90.825,91.07,2014223,0
20260409,080000,91.07,91.145,90.37,90.79,3459729,0
20260409,090000,90.79,90.865,90.1,90.545,5033954,0
20260409,100000,90.545,90.6,90.25,90.51,3298386,0
20260409,110000,90.515,90.58,90.005,90.155,4596896,0
20260409,120000,90.16,90.16,89.46,89.72,10595331,0
20260409,130000,89.72,91.155,89.7,90.715,15905599,0
20260409,140000,90.725,90.725,90.06,90.175,5010681,0
20260409,150000,90.175,90.3,89.87,89.965,4722013,0
20260409,160000,89.965,90.095,89.68,89.88,4142841,0
20260409,170000,89.88,90.15,89.6,89.605,3353732,0
20260409,180000,89.6,90.195,89.58,89.78,2601693,0
20260409,190000,89.79,90.145,89.79,89.975,910903,0
20260409,200000,89.975,90,89.83,89.84,443998,0
20260409,210000,89.835,89.975,89.815,89.93,538521,0
20260409,220000,89.92,90.285,89.905,90.055,1478405,0
20260409,230000,90.05,90.355,89.98,90.145,876454,0
20260410,070000,90.15,90.33,90.015,90.12,668985,0
20260410,080000,90.12,90.505,90.11,90.4,1170524,0
20260410,090000,90.395,90.4,89.71,89.965,2398966,0
20260410,100000,89.97,90.105,89.55,89.76,4134062,0
20260410,110000,89.77,90.08,89.74,90,2081503,0
20260410,120000,90.005,90.31,89.975,90.18,3326171,0
20260410,130000,90.195,91.06,90.04,90.655,6658205,0
20260410,140000,90.655,90.88,90.505,90.76,3077829,0
20260410,150000,90.765,91,90.42,90.6,4093579,0
20260410,160000,90.6,90.735,90.43,90.57,1545559,0
20260410,170000,90.57,90.84,90.3,90.71,3720866,0
20260410,180000,90.71,91.25,90.705,90.76,7074603,0
20260410,190000,90.76,90.945,90.57,90.595,1155051,0
20260410,200000,90.6,90.645,90.5,90.515,982426,0
20260410,210000,90.505,90.765,90.5,90.53,957665,0
20260410,220000,90.53,90.55,90.48,90.52,839058,0
20260410,230000,90.52,90.55,90.4,90.4,2138066,0
20260411,090000,90.425,90.425,90.425,90.425,19536,0
20260411,100000,90.44,90.755,90.44,90.66,549794,0
20260411,110000,90.675,90.675,90.51,90.585,174491,0
20260411,120000,90.585,90.62,90.4,90.47,371562,0
20260411,130000,90.47,90.535,90.4,90.51,355557,0
20260411,140000,90.51,90.51,90.42,90.44,134730,0
20260411,150000,90.445,90.57,90.43,90.55,181868,0
20260411,160000,90.57,90.705,90.515,90.64,269136,0
20260411,170000,90.64,90.7,90.55,90.645,112130,0
20260411,180000,90.645,90.81,90.595,90.8,329724,0
20260412,090000,90.8,90.8,90.8,90.8,6992,0
20260412,100000,90.795,90.865,90.5,90.69,913641,0
20260412,110000,90.69,90.69,90.565,90.635,196273,0
20260412,120000,90.635,90.685,90.61,90.625,148323,0
20260412,130000,90.635,90.795,90.56,90.655,506542,0
20260412,140000,90.655,90.77,90.65,90.77,188057,0
20260412,150000,90.77,91,90.76,90.93,639940,0
20260412,160000,90.93,91,90.68,90.69,959709,0
20260412,170000,90.685,90.835,90.665,90.775,471789,0
20260412,180000,90.78,90.95,90.77,90.84,629828,0
20260413,070000,90.85,91.185,90.84,91.13,2313094,0
20260413,080000,91.13,91.89,91.07,91.475,5549468,0
20260413,090000,91.475,91.49,91.23,91.325,4097642,0
20260413,100000,91.32,91.805,91.12,91.755,5190397,0
20260413,110000,91.75,91.9,91.445,91.775,7191627,0
20260413,120000,91.755,92.35,91.665,92.3,7928320,0
20260413,130000,92.3,92.485,92.035,92.045,5743880,0
20260413,140000,92.06,92.075,91.315,91.535,6767080,0
20260413,150000,91.535,91.975,91.485,91.645,5153909,0
20260413,160000,91.65,91.93,91.22,91.39,4739657,0
20260413,170000,91.385,91.98,91.32,91.78,3940012,0
20260413,180000,91.775,91.97,91.75,91.83,2114588,0
20260413,190000,91.825,92.29,91.785,91.975,2868528,0
20260413,200000,91.975,92.06,91.81,91.89,1580049,0
20260413,210000,91.895,92,91.8,91.925,1198362,0
20260413,220000,91.925,92.04,91.855,91.9,1317792,0
20260413,230000,91.905,92,91.8,91.955,1529311,0
20260414,070000,92.015,92.09,91.9,91.98,1667568,0
20260414,080000,91.985,92.085,91.96,92.055,1439497,0
20260414,090000,92.055,92.055,91.76,92,2177291,0
20260414,100000,91.995,92,91.435,91.445,3019267,0
20260414,110000,91.445,91.63,90.66,91.235,9769923,0
20260414,120000,91.225,91.725,91.205,91.47,5041189,0
20260414,130000,91.475,91.685,91.43,91.525,3034738,0
20260414,140000,91.53,91.9,91.49,91.795,3353503,0
20260414,150000,91.8,91.84,91.66,91.715,1637912,0
20260414,160000,91.715,92.04,91.635,91.83,2629611,0
20260414,170000,91.865,91.92,91.635,91.88,1837981,0
20260414,180000,91.885,91.945,91.7,91.78,1800049,0
20260414,190000,91.775,91.8,91.485,91.625,1560987,0
20260414,200000,91.625,91.77,91.59,91.73,409165,0
20260414,210000,91.73,92.1,91.72,92.01,2808121,0
20260414,220000,92.01,92.1,91.925,92.08,816823,0
20260414,230000,92.08,92.085,91.85,91.93,1218519,0
20260415,070000,91.93,92.07,91.77,91.83,753353,0
20260415,080000,91.83,91.895,91.66,91.82,602452,0
20260415,090000,91.82,91.965,91.75,91.78,827942,0
20260415,100000,91.78,91.8,91.295,91.405,3900948,0
20260415,110000,91.405,91.82,91.325,91.73,3115114,0
20260415,120000,91.735,91.84,91.67,91.67,1851201,0
20260415,130000,91.67,91.95,91.405,91.94,5037760,0
20260415,140000,91.94,92.23,91.795,92.095,7520839,0
20260415,150000,92.1,92.225,92.05,92.08,2507677,0
20260415,160000,92.085,93.8,91.905,93.21,23016255,0
20260415,170000,93.21,93.4,93.04,93.185,6988296,0
20260415,180000,93.185,93.44,93.18,93.205,4501309,0
20260415,190000,93.21,93.44,93.075,93.355,4162153,0
20260415,200000,93.36,93.435,93.265,93.29,2305445,0
20260415,210000,93.29,93.6,93.27,93.55,2397814,0
20260415,220000,93.55,93.66,93.51,93.595,2105062,0
20260415,230000,93.595,93.875,93.59,93.75,2807435,0
20260416,070000,93.83,94.96,93.57,94.575,10267379,0
20260416,080000,94.57,95.98,94.53,95.455,13231005,0
20260416,090000,95.455,95.705,95.1,95.22,12313977,0
20260416,100000,95.235,95.365,94.7,95.13,9123960,0
20260416,110000,95.125,95.35,94.27,94.625,11675476,0
20260416,120000,94.625,94.91,94.46,94.85,2827285,0
20260416,130000,94.845,94.95,94.555,94.695,3115929,0
20260416,140000,94.7,94.775,94.405,94.54,3918925,0
20260416,150000,94.54,94.95,94.54,94.74,2491211,0
20260416,160000,94.735,94.905,94.5,94.855,3624695,0
20260416,170000,94.855,94.94,94.7,94.785,2700814,0
20260416,180000,94.785,94.94,94.6,94.77,4240144,0
20260416,190000,94.78,95.325,94.71,94.73,3863565,0
20260416,200000,94.725,95.08,94.71,94.975,2585320,0
20260416,210000,94.96,95.065,94.81,94.96,3090463,0
20260416,220000,94.96,95.3,94.865,95.145,2426907,0
20260416,230000,95.14,95.25,94.97,95.135,3075632,0
20260417,070000,95.14,95.345,94.705,94.905,1875991,0
20260417,080000,94.875,95,94.04,94.84,5608369,0
20260417,090000,94.84,94.945,94.59,94.69,1966495,0
20260417,100000,94.69,95.395,94.57,95.28,4734236,0
20260417,110000,95.28,95.305,94.635,94.78,5846628,0
20260417,120000,94.77,95.115,94.77,94.975,3093504,0
20260417,130000,94.975,95.06,94.86,94.93,1670875,0
20260417,140000,94.93,95.5,94.855,95.43,4217015,0
20260417,150000,95.425,95.875,95.305,95.525,8252289,0
20260417,160000,95.525,95.545,95.14,95.38,6743655,0
20260417,170000,95.385,95.54,95.22,95.225,4003260,0
20260417,180000,95.225,95.31,94.94,95.285,5775167,0
20260417,190000,95.275,95.375,95.25,95.27,1658117,0
20260417,200000,95.27,95.38,95.06,95.205,2384557,0
20260417,210000,95.205,95.35,95.155,95.35,1364249,0
20260417,220000,95.35,95.38,95.28,95.335,1138048,0
20260417,230000,95.345,95.415,95.28,95.405,1499135,0
20260418,090000,95.365,95.365,95.365,95.365,21831,0
20260418,100000,95.37,95.75,95.315,95.5,1262434,0
20260418,110000,95.5,95.695,95.475,95.605,750648,0
20260418,120000,95.6,95.7,95.51,95.595,267043,0
20260418,130000,95.595,95.655,95.545,95.65,213156,0
20260418,140000,95.645,95.655,95.43,95.64,559777,0
20260418,150000,95.64,95.65,95.53,95.585,462640,0
20260418,160000,95.585,95.66,95.53,95.635,393423,0
20260418,170000,95.66,95.66,95.515,95.575,250956,0
20260418,180000,95.575,95.7,95.555,95.69,1046458,0
20260419,090000,95.71,95.71,95.71,95.71,16083,0
20260419,100000,95.71,96,95.56,95.64,1255147,0
20260419,110000,95.645,95.675,95.6,95.655,295762,0
20260419,120000,95.65,95.685,95.58,95.645,215765,0
20260419,130000,95.66,95.66,95.58,95.64,237992,0
20260419,140000,95.64,95.64,95.49,95.61,501571,0
20260419,150000,95.6,95.63,95.525,95.55,209341,0
20260419,160000,95.565,95.575,95.55,95.56,115836,0
20260419,170000,95.56,95.69,95.505,95.69,299900,0
20260419,180000,95.685,95.9,95.55,95.845,869186,0
20260420,070000,95.7,96.86,95.665,96.59,6851140,0
20260420,080000,96.595,96.7,96.36,96.7,2744717,0
20260420,090000,96.695,96.705,96.15,96.22,4312824,0
20260420,100000,96.22,96.94,96.17,96.815,7232436,0
20260420,110000,96.815,97.09,96.43,96.77,9451063,0
20260420,120000,96.77,96.975,96.555,96.655,5740798,0
20260420,130000,96.66,96.92,96.57,96.775,3143127,0
20260420,140000,96.795,97.15,96.7,96.82,6595543,0
20260420,150000,96.825,96.915,96.555,96.84,3474156,0
20260420,160000,96.835,96.925,96.72,96.91,2098939,0
20260420,170000,96.9,97.45,96.8,97.42,7720187,0
20260420,180000,97.425,97.75,97.42,97.65,6586566,0
20260420,190000,97.66,97.89,97.62,97.875,3533451,0
20260420,200000,97.875,97.945,97.655,97.735,2211213,0
20260420,210000,97.74,97.74,97.56,97.67,1357525,0
20260420,220000,97.67,97.89,97.56,97.865,2021859,0
20260420,230000,97.86,98.2,97.84,98.1,5008738,0
20260421,070000,98.2,98.82,97.72,97.9,9286085,0
20260421,080000,97.895,98.065,97.58,97.72,5024198,0
20260421,090000,97.72,98.19,97.515,97.68,3826705,0
20260421,100000,97.675,97.685,96.81,97.24,9968611,0
20260421,110000,97.25,97.85,97.17,97.37,6657491,0
20260421,120000,97.37,97.51,96.25,96.425,9854121,0
20260421,130000,96.425,96.765,96.035,96.145,7265755,0
20260421,140000,96.145,96.71,95.85,95.915,6864031,0
20260421,150000,95.91,96.095,93.555,94.525,22380665,0
20260421,160000,94.53,95.19,94.455,95.115,8845051,0
20260421,170000,95.115,95.7,94.8,95.61,8328964,0
20260421,180000,95.615,96.175,95.33,95.93,5790948,0
20260421,190000,95.93,96.15,95.55,95.775,3917810,0
20260421,200000,95.765,95.85,95.58,95.765,1242243,0
20260421,210000,95.76,95.86,95.55,95.73,1211745,0
20260421,220000,95.72,95.795,95.55,95.59,1796773,0
20260421,230000,95.58,95.86,95.395,95.81,2183894,0
20260422,070000,95.8,96.4,95.635,95.995,2055191,0
20260422,080000,95.995,96,95.645,95.8,1380013,0
20260422,090000,95.795,96.8,95.76,96.375,3459256,0
20260422,100000,96.37,96.49,95.6,95.705,5088044,0
20260422,110000,95.705,96.075,93.745,94.51,24094271,0
20260422,120000,94.51,94.615,93.675,94.37,12069244,0
20260422,130000,94.37,94.505,93.85,94.255,9856293,0
20260422,140000,94.255,94.375,93.85,93.935,5597251,0
20260422,150000,93.935,94.685,93.905,94.6,6153240,0
20260422,160000,94.615,94.74,94.49,94.5,2433474,0
20260422,170000,94.5,95.18,94.49,94.835,5048816,0
20260422,180000,94.83,95.07,94.535,94.77,2091914,0
20260422,190000,94.815,94.95,94.275,94.635,3233668,0
20260422,200000,94.64,94.695,94.395,94.455,1441288,0
20260422,210000,94.46,94.69,94.35,94.655,1201865,0
20260422,220000,94.65,94.795,94.52,94.665,943963,0
20260422,230000,94.665,95.375,94.53,95.37,2598584,0
20260423,070000,95.34,95.36,94.85,95.145,1935703,0
20260423,080000,95.145,95.325,94.705,94.97,2368004,0
20260423,090000,94.975,95.1,94.32,94.47,3189247,0
20260423,100000,94.47,94.725,94.25,94.52,2078896,0
20260423,110000,94.52,94.73,94.26,94.475,2087703,0
20260423,120000,94.475,94.5,93.955,93.99,4392217,0
20260423,130000,93.985,94.17,93.945,94.06,4271591,0
20260423,140000,94.06,94.455,94.035,94.415,3460199,0
20260423,150000,94.42,94.435,94,94.18,3216903,0
20260423,160000,94.175,94.235,93.99,94.015,2860608,0
20260423,170000,94.015,94.3,93.95,93.955,3380997,0
20260423,180000,93.96,94.085,93.87,93.905,2847207,0
20260423,190000,93.945,94,93.905,93.96,746361,0
20260423,200000,93.96,94,93.85,93.98,1593971,0
20260423,210000,93.98,94.23,93.965,94.2,1527935,0
20260423,220000,94.185,94.2,93.83,93.85,2094844,0
20260423,230000,93.85,94.15,93.83,94.02,1280460,0
20260424,070000,94.11,94.4,93.93,94.17,1584632,0
20260424,080000,94.17,94.35,94.11,94.22,654459,0
20260424,090000,94.215,94.98,94.035,94.5,6803414,0
20260424,100000,94.505,94.74,94.3,94.355,2694493,0
20260424,110000,94.35,94.56,94.3,94.325,1665710,0
20260424,120000,94.32,94.5,94.035,94.49,2761456,0
20260424,130000,94.49,94.605,93.195,93.88,13167057,0
20260424,140000,93.88,94,93.33,93.505,5958536,0
20260424,150000,93.505,93.505,92.7,93.1,9265252,0
20260424,160000,93.105,93.235,92.955,93.235,4175992,0
20260424,170000,93.23,93.59,93.205,93.55,3182782,0
20260424,180000,93.545,94.3,93.545,93.93,4778801,0
20260424,190000,93.93,94.22,93.75,94.04,2353191,0
20260424,200000,94.04,94.25,94,94.195,699810,0
20260424,210000,94.19,94.285,94.13,94.165,680149,0
20260424,220000,94.165,94.175,94.02,94.105,502863,0
20260424,230000,94.105,94.285,94.005,94.24,901620,0
20260425,090000,94.24,94.24,94.24,94.24,3331,0
20260425,100000,94.245,94.5,94.18,94.23,717347,0
20260425,110000,94.23,94.34,94.19,94.19,270476,0
20260425,120000,94.19,94.245,94.1,94.15,488344,0
20260425,130000,94.13,94.17,94.115,94.115,100761,0
20260425,140000,94.12,94.135,94.1,94.12,159788,0
20260425,150000,94.11,94.135,94.09,94.095,85151,0
20260425,160000,94.1,94.355,94.095,94.27,424611,0
20260425,170000,94.255,94.27,94.18,94.22,50192,0
20260425,180000,94.22,94.24,94.12,94.185,148613,0
20260426,090000,94.04,94.04,94.04,94.04,16013,0
20260426,100000,94.09,94.225,94,94.13,697612,0
20260426,110000,94.12,94.145,94.08,94.11,241801,0
20260426,120000,94.105,94.15,94.085,94.14,144614,0
20260426,130000,94.14,94.19,94.095,94.095,489635,0
20260426,140000,94.095,94.2,94.035,94.175,128066,0
20260426,150000,94.19,94.2,94.095,94.14,284948,0
20260426,160000,94.14,94.15,94.095,94.13,161232,0
20260426,170000,94.13,94.19,94.125,94.18,126225,0
20260426,180000,94.18,94.2,94.1,94.135,189371,0
20260427,070000,94.135,94.73,94.135,94.58,2548103,0
20260427,080000,94.58,94.58,94.395,94.42,628895,0
20260427,090000,94.4,94.405,93.58,93.885,4252584,0
20260427,100000,93.88,94.1,93.615,93.915,4723418,0
20260427,110000,93.91,94.425,93.74,94.06,3184917,0
20260427,120000,94.06,94.205,93.95,94.03,1186011,0
20260427,130000,94.03,94.17,93.72,93.8,2167517,0
20260427,140000,93.8,93.9,93.45,93.665,2139061,0
20260427,150000,93.665,93.855,93.57,93.625,1380981,0
20260427,160000,93.63,93.8,93.605,93.695,756113,0
20260427,170000,93.695,93.77,93.66,93.68,701801,0
20260427,180000,93.68,93.83,93.67,93.76,1128614,0
20260427,190000,93.78,93.85,93.77,93.785,494201,0
20260427,200000,93.785,93.835,93.67,93.68,543245,0
20260427,210000,93.68,93.785,93.665,93.69,337578,0
20260427,220000,93.69,93.71,93.52,93.6,570331,0
20260427,230000,93.6,93.605,93.24,93.31,964464,0
20260428,070000,93.33,93.5,93.325,93.4,880572,0
20260428,080000,93.39,93.42,92.91,93,2260337,0
20260428,090000,93.01,93.38,92.255,93.215,5852809,0
20260428,100000,93.22,93.815,92.6,92.835,6612908,0
20260428,110000,92.84,93.55,92.69,93.375,3592245,0
20260428,120000,93.37,93.515,93.215,93.23,1754350,0
20260428,130000,93.245,93.43,93.165,93.375,1374154,0
20260428,140000,93.375,93.38,92.83,93,2326598,0
20260428,150000,93,93.25,92.82,92.89,1722365,0
20260428,160000,92.88,92.96,92.595,92.6,1872659,0
20260428,170000,92.6,92.7,92.27,92.54,3818136,0
20260428,180000,92.54,92.64,92.41,92.515,874983,0
20260428,190000,92.585,92.61,92.27,92.47,1563708,0
20260428,200000,92.465,92.5,92.345,92.48,602045,0
20260428,210000,92.48,92.61,92.465,92.565,497817,0
20260428,220000,92.565,92.6,92.5,92.57,416470,0
20260428,230000,92.575,92.7,92.56,92.64,803181,0
20260429,070000,92.635,92.89,92.43,92.86,1564694,0
20260429,080000,92.875,93.34,92.875,93.1,1917054,0
20260429,090000,93.1,93.35,93.055,93.215,1274403,0
20260429,100000,93.21,93.23,92.685,93.23,2097382,0
20260429,110000,93.23,93.72,93.155,93.495,3548904,0
20260429,120000,93.495,93.585,93.25,93.295,1003773,0
20260429,130000,93.3,93.3,92.82,92.945,1638252,0
20260429,140000,92.95,93.26,92.855,93,1408502,0
20260429,150000,93,93.12,92.56,92.795,2835434,0
20260429,160000,92.795,93.345,92.605,92.885,6116204,0
20260429,170000,92.885,93.03,88.59,89.825,29790720,0
20260429,180000,89.85,91.18,87.51,90.94,79106472,0
20260429,190000,90.935,91.475,90.9,91.13,9651747,0
20260429,200000,91.105,92.47,90.845,92.21,13301134,0
20260429,210000,92.21,93.325,92.21,92.885,10762768,0
20260429,220000,92.885,92.965,92.47,92.665,3313463,0
20260429,230000,92.665,92.895,92.5,92.86,1237744,0
20260430,070000,92.92,93.2,92.225,92.61,2015436,0
20260430,080000,92.63,92.685,91.635,92.18,2585315,0
20260430,090000,92.185,92.27,91.455,91.63,4291499,0
20260430,100000,91.63,92.4,91.26,91.455,5392118,0
20260430,110000,91.455,91.46,90.87,91.06,5763660,0
20260430,120000,91.055,91.7,91.055,91.475,2990174,0
20260430,130000,91.485,91.695,91.315,91.325,1533921,0
20260430,140000,91.36,91.375,90.9,91.005,2583771,0
20260430,150000,91.01,91.305,90.935,91,1221444,0
20260430,160000,90.995,91.2,90.655,91.185,2964724,0
20260430,170000,91.165,91.39,90.9,90.935,2553767,0
20260430,180000,90.935,91.115,90.805,91.055,1157205,0
20260430,190000,91.06,91.175,90.95,91.025,647299,0
20260430,200000,91.025,91.15,90.95,91.065,669467,0
20260430,210000,91.065,91.125,90.985,91.02,897573,0
20260430,220000,90.995,91.155,90.81,91.145,1266462,0
20260430,230000,91.14,91.32,91.105,91.3,1446782,0
20260501,090000,91.445,91.445,91.445,91.445,1584,0
20260501,100000,91.44,91.63,91.155,91.57,872381,0
20260501,110000,91.58,91.685,91.505,91.55,316723,0
20260501,120000,91.565,91.6,91.48,91.53,255427,0
20260501,130000,91.52,91.54,91.51,91.53,128146,0
20260501,140000,91.52,91.545,91.49,91.5,145788,0
20260501,150000,91.5,91.525,91.25,91.36,490462,0
20260501,160000,91.36,91.565,91.325,91.48,244605,0
20260501,170000,91.48,91.51,91.255,91.325,609288,0
20260501,180000,91.32,91.36,91.255,91.295,295300,0
20260502,090000,91.3,91.3,91.3,91.3,3872,0
20260502,100000,91.34,91.485,91.305,91.41,296265,0
20260502,110000,91.4,91.42,91.25,91.37,160801,0
20260502,120000,91.365,91.37,91.25,91.305,63869,0
20260502,130000,91.305,91.325,91.24,91.275,64830,0
20260502,140000,91.275,91.315,91.2,91.255,67240,0
20260502,150000,91.295,91.36,91.24,91.3,131039,0
20260502,160000,91.3,91.305,91.195,91.2,101183,0
20260502,170000,91.2,91.33,91.195,91.32,56171,0
20260502,180000,91.32,91.32,91.195,91.295,111561,0
20260503,090000,91.295,91.295,91.295,91.295,434,0
20260503,100000,91.295,91.345,91.08,91.195,325830,0
20260503,110000,91.19,91.235,91.035,91.105,419768,0
20260503,120000,91.13,91.135,91.025,91.075,88049,0
20260503,130000,91.075,91.145,91.02,91.14,83843,0
20260503,140000,91.145,91.15,91.025,91.05,240496,0
20260503,150000,91.07,91.12,91.05,91.1,32944,0
20260503,160000,91.1,91.12,91.005,91.04,154459,0
20260503,170000,91.065,91.09,91.04,91.04,63797,0
20260503,180000,91.04,91.08,90.89,91.03,1346697,0
20260504,070000,91.03,91.47,91,91.415,915049,0
20260504,080000,91.415,91.87,91.38,91.455,1402504,0
20260504,090000,91.455,91.75,91.4,91.45,1579266,0
20260504,100000,91.45,91.6,91.35,91.425,603445,0
20260504,110000,91.425,91.555,90.515,90.6,3304525,0
20260504,120000,90.6,90.61,89.005,89.26,13931198,0
20260504,130000,89.265,89.92,89.23,89.855,5507423,0
20260504,140000,89.87,89.92,89.22,89.28,3804086,0
20260504,150000,89.275,89.675,89.165,89.67,2432156,0
20260504,160000,89.67,89.675,89.16,89.535,1866373,0
20260504,170000,89.525,89.715,89.21,89.595,1937127,0
20260504,180000,89.6,89.695,89.195,89.55,2191795,0
20260504,190000,89.555,89.715,89.415,89.555,926999,0
20260504,200000,89.56,89.915,89.56,89.6,1040106,0
20260504,210000,89.61,89.86,89.465,89.79,1214379,0
20260504,220000,89.785,89.88,89.695,89.715,753495,0
20260504,230000,89.72,89.995,89.7,89.91,959151,0
20260505,070000,89.925,90.11,89.56,89.79,849757,0
20260505,080000,89.725,89.825,89.66,89.77,232575,0
20260505,090000,89.765,89.81,89.165,89.33,2249464,0
20260505,100000,89.335,90.2,89.305,89.34,4291400,0
20260505,110000,89.345,89.47,89.145,89.365,3592196,0
20260505,120000,89.37,89.96,89.225,89.72,4347266,0
20260505,130000,89.715,89.885,89.45,89.73,1511196,0
20260505,140000,89.735,89.85,89.48,89.74,1229457,0
20260505,150000,89.8,90.145,89.775,90.135,5043435,0
20260505,160000,90.13,91.71,89.96,91.28,7757828,0
20260505,170000,91.28,92.2,91.19,91.82,8124697,0
20260505,180000,91.815,91.95,91.455,91.5,3576402,0
20260505,190000,91.495,91.78,91.49,91.535,1136008,0
20260505,200000,91.55,91.93,91.485,91.77,2102814,0
20260505,210000,91.77,91.885,91.675,91.82,509687,0
20260505,220000,91.82,91.99,91.72,91.89,902973,0
20260505,230000,91.9,92.15,91.83,92.1,944188,0
20260506,070000,92.145,92.145,91.25,91.725,1807126,0
20260506,080000,91.725,91.85,91.56,91.655,325623,0
20260506,090000,91.645,91.97,91.17,91.33,2017611,0
20260506,100000,91.335,91.775,91.1,91.105,2341413,0
20260506,110000,91.105,91.92,91.1,91.3,2387645,0
20260506,120000,91.295,91.395,90.55,90.71,3015688,0
20260506,130000,90.705,90.945,89.81,90.75,5423603,0
20260506,140000,90.73,91.245,90.525,91.105,1930654,0
20260506,150000,91.105,92.1,91.095,91.625,4475309,0
20260506,160000,91.615,91.965,91.5,91.845,1384674,0
20260506,170000,91.845,92.095,91.69,91.795,1992817,0
20260506,180000,91.795,92.04,91.775,92.04,839590,0
20260506,190000,92.04,92.095,91.71,91.81,931559,0
20260506,200000,91.79,91.87,91.73,91.795,336606,0
20260506,210000,91.78,91.925,91.6,91.64,771534,0
20260506,220000,91.645,91.76,91.525,91.71,545704,0
20260506,230000,91.7,91.96,91.635,91.92,828723,0
20260507,070000,91.83,91.915,91.32,91.51,713287,0
20260507,080000,91.51,91.645,91.44,91.555,282823,0
20260507,090000,91.555,91.96,91.435,91.765,1195844,0
20260507,100000,91.77,92.325,91.52,91.63,3259075,0
20260507,110000,91.625,91.79,91.45,91.73,1045155,0
20260507,120000,91.71,92.6,91.7,92.575,3680114,0
20260507,130000,92.575,93.24,92.53,92.875,7439196,0
20260507,140000,92.895,93.34,92.765,93.17,4136348,0
20260507,150000,93.17,93.2,92.615,92.845,3763911,0
20260507,160000,92.845,92.91,92.2,92.46,2847673,0
20260507,170000,92.465,92.7,92.16,92.625,1180432,0
20260507,180000,92.62,92.8,92.51,92.525,725800,0
20260507,190000,92.535,92.785,92.32,92.66,1103977,0
20260507,200000,92.66,92.895,92.6,92.77,1071445,0
20260507,210000,92.77,92.85,92.625,92.82,891116,0
20260507,220000,92.815,92.82,92.615,92.72,1046119,0
20260507,230000,92.72,92.72,92.375,92.495,885319,0
20260508,070000,92.57,93,92.51,92.895,1409146,0
20260508,080000,92.865,93.195,92.75,92.94,1498345,0
20260508,090000,92.925,93.095,92.41,92.565,2398792,0
20260508,100000,92.56,92.65,92.035,92.205,2831884,0
20260508,110000,92.195,92.41,91.845,92.055,3101065,0
20260508,120000,92.055,92.3,92.05,92.235,671305,0
