20250620,090000,8429.3,8433.8,8405,8424.1,25419,0
20250620,100000,8423.1,8426.8,8404.9,8407.9,34050,0
20250620,110000,8408,8414.7,8401.4,8408.2,17622,0
20250620,120000,8408.2,8425,8406.9,8409.7,29236,0
20250620,130000,8409.7,8412.8,8403.2,8407.2,13340,0
20250620,140000,8406.2,8408.6,8393.7,8396.2,10993,0
20250620,150000,8396.6,8407.8,8392.3,8392.7,10773,0
20250620,160000,8393.2,8446.1,8391,8440.5,30948,0
20250620,170000,8440.4,8440.5,8406,8416.4,23880,0
20250620,180000,8415.1,8419.1,8385.1,8405,17979,0
20250620,190000,8407.5,8437.3,8407.5,8430.1,8769,0
20250620,200000,8430.4,8430.5,8411.2,8412.9,2688,0
20250620,210000,8413,8420,8413,8417,1316,0
20250620,220000,8418,8424.5,8413.3,8414,2378,0
20250620,230000,8414.2,8430,8414.1,8430,2894,0
20250623,090000,8400.4,8408.1,8373,8391.9,21155,0
20250623,100000,8391.7,8402.9,8381.7,8400.5,11377,0
20250623,110000,8399.5,8410,8399,8407,9786,0
20250623,120000,8409.1,8430,8407.9,8425.2,25483,0
20250623,130000,8425.2,8429.8,8420.1,8427.6,9382,0
20250623,140000,8429.5,8443,8428,8439.7,34880,0
20250623,150000,8439.9,8439.9,8406,8412.8,31438,0
20250623,160000,8411.8,8443.9,8407.3,8426.4,29329,0
20250623,170000,8428.3,8439,8410.5,8436.5,16789,0
20250623,180000,8437.7,8447,8432.2,8441.2,13875,0
20250623,190000,8441.1,8460.4,8431.3,8441.5,11200,0
20250623,200000,8441.5,8445.3,8424.4,8434.5,10127,0
20250623,210000,8435.2,8464.3,8425.5,8431,12112,0
20250623,220000,8430.3,8442.8,8425,8425.9,2171,0
20250623,230000,8425.1,8425.3,8418,8420.1,4371,0
20250624,090000,8359.1,8376,8300.4,8316.9,75014,0
20250624,100000,8317,8396.1,8316.3,8390.9,64780,0
20250624,110000,8392,8412.5,8361,8364.4,28238,0
20250624,120000,8365,8366.6,8330,8331.3,23815,0
20250624,130000,8332.1,8341.7,8322.2,8328.2,14160,0
20250624,140000,8328.2,8334.2,8318,8321.6,13216,0
20250624,150000,8321.2,8333.3,8298,8311.4,38649,0
20250624,160000,8312.2,8320.6,8271.8,8278,36809,0
20250624,170000,8278,8287.2,8263.4,8274,28685,0
20250624,180000,8274,8290,8262.4,8289.9,18915,0
20250624,190000,8286.9,8319,8281,8317.8,10694,0
20250624,200000,8317.8,8319.8,8301.5,8302,5030,0
20250624,210000,8303,8313.4,8296,8305.1,4439,0
20250624,220000,8305.8,8320,8298.3,8315.2,4988,0
20250624,230000,8315.8,8316,8307,8307.3,2323,0
20250625,090000,8318,8350,8318,8339.7,14054,0
20250625,100000,8339.5,8340.2,8301,8320.9,29192,0
20250625,110000,8320.9,8321,8291,8294.3,25756,0
20250625,120000,8294.3,8296.6,8280.9,8296.2,17228,0
20250625,130000,8295.2,8303.5,8288.4,8296,8419,0
20250625,140000,8295.2,8307.8,8290.6,8296,11951,0
20250625,150000,8296,8306,8286.9,8287.1,10930,0
20250625,160000,8287,8289.7,8275.1,8279.1,25769,0
20250625,170000,8279.3,8300.8,8275,8293.2,7117,0
20250625,180000,8290.7,8295.5,8279.1,8291.5,11232,0
20250625,190000,8292.6,8318,8289.7,8309.9,9531,0
20250625,200000,8312.5,8312.5,8285,8297.2,7041,0
20250625,210000,8297.4,8302.3,8293.3,8302.2,2815,0
20250625,220000,8302.7,8312.3,8299.2,8309.1,5338,0
20250625,230000,8307,8315.7,8304,8307,2976,0
20250626,090000,8313.5,8330.3,8299.7,8328,8315,0
20250626,100000,8327.8,8340.5,8311,8331.2,33220,0
20250626,110000,8331.5,8334.3,8313.4,8324.4,17960,0
20250626,120000,8324.4,8325.7,8310,8316,22164,0
20250626,130000,8317.6,8331.8,8317.6,8331.1,38481,0
20250626,140000,8329.6,8339.8,8319,8330,30442,0
20250626,150000,8329.6,8339.5,8317.8,8318,20643,0
20250626,160000,8318,8325.5,8303.1,8310.1,54516,0
20250626,170000,8310.1,8317.8,8295.3,8305.4,33353,0
20250626,180000,8305.4,8314,8300,8303.6,8050,0
20250626,190000,8313.6,8335.9,8303.9,8326.4,7518,0
20250626,200000,8326.8,8337,8316.6,8332.3,5649,0
20250626,210000,8332.3,8339,8332.2,8334.8,4596,0
20250626,220000,8332.7,8334.7,8323,8331.3,2803,0
20250626,230000,8331.9,8334.2,8327.2,8334,1040,0
20250627,090000,8266.7,8278,8234.3,8252.7,47585,0
20250627,100000,8254,8254.7,8218.1,8220.6,56102,0
20250627,110000,8220.5,8227.5,8209.7,8223,36512,0
20250627,120000,8222.6,8225.5,8209,8209.8,15817,0
20250627,130000,8209.9,8222.8,8200.9,8210,18558,0
20250627,140000,8211.6,8216.8,8200,8209.1,23518,0
20250627,150000,8211.1,8214.5,8194.7,8201.3,25808,0
20250627,160000,8203.7,8210.9,8181.6,8200.8,41947,0
20250627,170000,8199.5,8210,8182.2,8199.9,24929,0
20250627,180000,8200.6,8204.3,8187.7,8190.6,12451,0
20250627,190000,8192.8,8209,8185.4,8204.8,7286,0
20250627,200000,8202.4,8214.8,8196,8207.5,4952,0
20250627,210000,8208.4,8208.4,8185,8197.3,4425,0
20250627,220000,8198.4,8198.8,8186.7,8191.2,2711,0
20250627,230000,8190.4,8200,8189.2,8200,5376,0
20250630,090000,8228.3,8253,8224.1,8233.9,21432,0
20250630,100000,8233.9,8253.1,8218.8,8238.1,26214,0
20250630,110000,8238.2,8246.6,8204.7,8218,14866,0
20250630,120000,8215.8,8219.6,8200,8219.6,18006,0
20250630,130000,8219.7,8227.1,8216.6,8223.5,22475,0
20250630,140000,8223.7,8224.3,8200,8203.8,23586,0
20250630,150000,8203.8,8212.3,8191,8192,37420,0
20250630,160000,8191,8206.8,8190.8,8205,25429,0
20250630,170000,8205,8225,8200.9,8214.2,19228,0
20250630,180000,8214.1,8222,8212.1,8216.8,9808,0
20250630,190000,8216.7,8242.9,8216,8239.9,7661,0
20250630,200000,8240.7,8244.5,8228.9,8235.2,2499,0
20250630,210000,8232.4,8242,8230.6,8238.2,2657,0
20250630,220000,8238.1,8265.1,8236.8,8259.2,17385,0
20250630,230000,8259.1,8260.9,8238.9,8259.7,5751,0
20250701,090000,8310.7,8330,8285.1,8323.4,28353,0
20250701,100000,8322.5,8328.5,8303,8311.9,38383,0
20250701,110000,8311.9,8325,8308.6,8322.7,25663,0
20250701,120000,8322.7,8333,8316.8,8332.9,20075,0
20250701,130000,8332.9,8363.1,8330.7,8349.7,50565,0
20250701,140000,8350.6,8360.3,8343.4,8345.8,13719,0
20250701,150000,8345.8,8360.5,8342.3,8352.2,15871,0
20250701,160000,8352.1,8361.5,8341.6,8359.4,14651,0
20250701,170000,8358.3,8362,8345.8,8351.1,29418,0
20250701,180000,8351.8,8357,8344,8347.4,29010,0
20250701,190000,8349,8358,8346,8353.8,3119,0
20250701,200000,8353.7,8357.7,8342,8350,3812,0
20250701,210000,8350.1,8351.3,8344.7,8345,2402,0
20250701,220000,8345.1,8349.7,8344.8,8349.1,1048,0
20250701,230000,8346.9,8353.6,8344.8,8353.1,1528,0
20250702,080000,8352.9,8352.9,8352.9,8352.9,69,0
20250702,090000,8349,8359.5,8323,8330,13591,0
20250702,100000,8327.9,8343.3,8318,8334.5,13275,0
20250702,110000,8336.7,8351,8331.1,8347.4,28175,0
20250702,120000,8348.1,8363.2,8346.3,8363,19247,0
20250702,130000,8363,8373,8360.4,8369,18435,0
20250702,140000,8369,8372.9,8357.1,8364.9,7685,0
20250702,150000,8364.9,8376.1,8357.4,8371.8,17930,0
20250702,160000,8371.1,8372,8355.3,8358.2,7720,0
20250702,170000,8359.7,8367.1,8357.1,8366.1,18475,0
20250702,180000,8367,8369.4,8359.9,8364.6,13490,0
20250702,190000,8366.4,8397.5,8366.4,8392.2,15674,0
20250702,200000,8393,8394,8381.2,8386.9,10308,0
20250702,210000,8386.9,8402.9,8385.9,8402.9,4045,0
20250702,220000,8403,8415.4,8402.9,8411.8,6169,0
20250702,230000,8412,8413.2,8402.1,8405,3816,0
20250703,080000,8405,8405,8405,8405,59,0
20250703,090000,8407.9,8423.5,8402.5,8417.9,12853,0
20250703,100000,8417.8,8435,8407.3,8424.2,32667,0
20250703,110000,8424.7,8429.6,8414,8416.7,11944,0
20250703,120000,8416.1,8418.5,8379.6,8390.9,29180,0
20250703,130000,8390.1,8407.6,8390,8406.7,6865,0
20250703,140000,8404.3,8404.3,8385.1,8394.5,13603,0
20250703,150000,8394.5,8398.4,8335,8362.8,44462,0
20250703,160000,8363.9,8379.1,8355.8,8365.8,14089,0
20250703,170000,8365.1,8378,8354,8362.5,14298,0
20250703,180000,8362,8369.9,8358.9,8360.1,3646,0
20250703,190000,8362.7,8396.4,8360.9,8391.1,10081,0
20250703,200000,8388.8,8392.5,8369.6,8371.2,3892,0
20250703,210000,8373,8383.5,8371.2,8379.2,1850,0
20250703,220000,8377.7,8379.4,8373,8375.1,962,0
20250703,230000,8374.6,8376.5,8365,8366.7,2009,0
20250704,080000,8386,8386,8386,8386,2153,0
20250704,090000,8389,8409.4,8381.7,8405.2,15758,0
20250704,100000,8406.9,8412,8385,8392.3,20681,0
20250704,110000,8393.7,8408.9,8393,8398.9,7238,0
20250704,120000,8399,8402,8380.1,8381,9070,0
20250704,130000,8380.6,8383.4,8373.7,8382.3,6699,0
20250704,140000,8381.5,8384.2,8371.6,8371.6,2912,0
20250704,150000,8371.4,8371.9,8356,8361.5,14780,0
20250704,160000,8361.6,8367,8355,8360.3,9262,0
20250704,170000,8360.3,8361.1,8345.7,8349.4,7701,0
20250704,180000,8349.3,8351.6,8344.2,8348.6,4351,0
20250704,190000,8346.4,8365.9,8346.1,8363.2,3007,0
20250704,200000,8363.2,8365.5,8355.1,8358.2,1773,0
20250704,210000,8357,8365.4,8354.7,8358.3,2233,0
20250704,220000,8358.3,8364,8356.7,8362.5,1386,0
20250704,230000,8362.9,8366.4,8357,8365.2,2618,0
20250707,080000,8338,8338,8338,8338,804,0
20250707,090000,8337,8337,8297.9,8318.1,27673,0
20250707,100000,8318.3,8327.4,8286.8,8289.7,21811,0
20250707,110000,8289.7,8312.2,8264.9,8270.2,39358,0
20250707,120000,8271.2,8273.3,8259.8,8271.3,25045,0
20250707,130000,8271.1,8277.1,8254,8267,77218,0
20250707,140000,8266.5,8273,8247.5,8259.5,34031,0
20250707,150000,8263.6,8279,8257.7,8274.3,13630,0
20250707,160000,8272.8,8292,8268,8289.6,38461,0
20250707,170000,8287.6,8309,8276.3,8280.9,76710,0
20250707,180000,8280.9,8293.2,8278.9,8286,61663,0
20250707,190000,8285.6,8304.9,8285.6,8300.2,12391,0
20250707,200000,8300.2,8314.5,8300.1,8304.6,5940,0
20250707,210000,8304.6,8310,8299,8308,2218,0
20250707,220000,8308,8319.8,8308,8310.4,3536,0
20250707,230000,8312.6,8318,8308,8317.9,3848,0
20250708,080000,8317.9,8317.9,8317.9,8317.9,2,0
20250708,090000,8317.9,8318,8290.2,8307.7,9838,0
20250708,100000,8307.8,8318,8300.7,8303.8,27387,0
20250708,110000,8303.7,8305.2,8293.7,8294.1,13691,0
20250708,120000,8294,8296.1,8283,8287.7,15675,0
20250708,130000,8287.7,8301.6,8286.7,8292.4,5753,0
20250708,140000,8292.4,8296.9,8271.1,8282.3,14517,0
20250708,150000,8281.3,8295.9,8274.1,8294.1,15462,0
20250708,160000,8294.9,8295.9,8267.5,8269.4,19247,0
20250708,170000,8269.4,8271.5,8229.9,8231.3,37917,0
20250708,180000,8233.3,8237.5,8211.4,8235.8,25298,0
20250708,190000,8236.5,8257,8236.5,8252,9589,0
20250708,200000,8252,8272,8252,8256.9,7169,0
20250708,210000,8258.4,8265,8253.3,8259.7,1789,0
20250708,220000,8260.9,8263.1,8246,8252.7,3214,0
20250708,230000,8255.1,8255.6,8243,8250,2322,0
20250709,080000,8219,8219,8219,8219,195,0
20250709,090000,8219,8238.6,8200.1,8232.2,18324,0
20250709,100000,8232.4,8235.5,8205,8205.9,24231,0
20250709,110000,8208.5,8213.5,8109.9,8184.2,76369,0
20250709,120000,8183.9,8205.9,8177.1,8204.8,19927,0
20250709,130000,8204.8,8225,8202.8,8225,22201,0
20250709,140000,8223.4,8225,8204,8205.1,20422,0
20250709,150000,8208.1,8222.7,8208.1,8219.4,12339,0
20250709,160000,8219.3,8239,8215.6,8234.5,25808,0
20250709,170000,8234.5,8259.8,8216.2,8259.8,25710,0
20250709,180000,8259.7,8265,8248.3,8261.9,19820,0
20250709,190000,8258,8300,8255.8,8289.7,18141,0
20250709,200000,8289.7,8298.9,8255.2,8270.1,14178,0
20250709,210000,8267,8282.4,8263.9,8278.7,2800,0
20250709,220000,8280.9,8292.3,8277.8,8278,3657,0
20250709,230000,8278.1,8282.6,8267.5,8276.4,1461,0
20250710,080000,8278,8278,8278,8278,332,0
20250710,090000,8281.2,8298.5,8281.2,8294.3,5162,0
20250710,100000,8294.2,8296.4,8257.7,8261.2,33732,0
20250710,110000,8263.4,8287.2,8255.4,8281.2,16166,0
20250710,120000,8281.4,8281.4,8271.8,8278.2,3985,0
20250710,130000,8277.7,8279.2,8270.5,8275.9,9555,0
20250710,140000,8276.5,8288.9,8262.8,8264.7,10147,0
20250710,150000,8264.8,8279.1,8262.4,8271.2,9758,0
20250710,160000,8271.9,8279.8,8255.1,8255.6,10040,0
20250710,170000,8255.9,8267,8251.2,8252.5,15110,0
20250710,180000,8252,8262.5,8252,8253,3794,0
20250710,190000,8259.9,8265.4,8205,8222.8,17892,0
20250710,200000,8222.8,8239.7,8222.8,8233,3557,0
20250710,210000,8232,8251.9,8231.8,8248.2,2619,0
20250710,220000,8247.8,8249.2,8236.2,8244.2,1777,0
20250710,230000,8246.2,8246.3,8236.4,8244.8,988,0
20250711,080000,8258,8258,8258,8258,239,0
20250711,090000,8258,8294,8258,8279.1,12677,0
20250711,100000,8280.4,8300,8274.4,8298.8,50976,0
20250711,110000,8298.9,8304.9,8279,8280,20893,0
20250711,120000,8279,8286.1,8275.9,8284.9,10297,0
20250711,130000,8285.7,8301.4,8282.7,8296,11126,0
20250711,140000,8296,8306,8289.4,8304,16148,0
20250711,150000,8304,8329.8,8298.6,8320.6,23107,0
20250711,160000,8320.4,8341,8312.5,8340.2,25742,0
20250711,170000,8341,8410.5,8341,8409.9,52704,0
20250711,180000,8409.8,8424,8393.4,8397,44177,0
20250711,190000,8400,8422,8393,8412.5,13779,0
20250711,200000,8412.5,8413.1,8392.9,8408.6,4105,0
20250711,210000,8408.4,8421.5,8407.2,8421.5,2482,0
20250711,220000,8421.5,8431.2,8421.4,8422.6,6934,0
20250711,230000,8424.1,8430,8412,8430,3438,0
20250714,080000,8435,8435,8435,8435,105,0
20250714,090000,8435.5,8443,8395.3,8427.7,13266,0
20250714,100000,8427.2,8429.1,8397.2,8398.1,22402,0
20250714,110000,8399.9,8402.9,8375.1,8384.3,21737,0
20250714,120000,8383.3,8393.9,8374.2,8383.3,13661,0
20250714,130000,8383.3,8401.5,8383.3,8397.1,11564,0
20250714,140000,8396.2,8398.3,8370.8,8378.7,19700,0
20250714,150000,8378.7,8385.5,8351.1,8352,26875,0
20250714,160000,8352.3,8390.1,8346.2,8363,31930,0
20250714,170000,8362.9,8369.4,8334.1,8349.6,22719,0
20250714,180000,8351.5,8364.7,8340.2,8341.8,13449,0
20250714,190000,8341,8434.8,8323.8,8333.7,10388,0
20250714,200000,8332.9,8355.8,8327.2,8343.4,7914,0
20250714,210000,8344.5,8344.7,8335.3,8336,1850,0
20250714,220000,8338,8339.3,8331.2,8332.1,1597,0
20250714,230000,8332.2,8334.5,8328,8334.5,1640,0
20250715,080000,8372,8372,8372,8372,254,0
20250715,090000,8372,8391.6,8354.1,8360.6,4988,0
20250715,100000,8360,8373.5,8347,8366.6,35739,0
20250715,110000,8363.5,8372.5,8345,8349.3,33930,0
20250715,120000,8347.8,8351.8,8334,8342,13937,0
20250715,130000,8342.1,8345.7,8336,8336,6881,0
20250715,140000,8337,8342.8,8327.8,8332.7,7830,0
20250715,150000,8333.1,8340.9,8313.1,8322.1,11921,0
20250715,160000,8322.7,8327.3,8296.4,8316.6,36744,0
20250715,170000,8317.5,8319,8305.1,8315.9,10565,0
20250715,180000,8312.7,8321.6,8270.1,8289.5,21813,0
20250715,190000,8295.4,8295.4,8260.1,8292.6,9801,0
20250715,200000,8292.4,8299,8281.6,8288,3606,0
20250715,210000,8288,8296.7,8275.5,8287.8,3455,0
20250715,220000,8287.2,8292.5,8284,8290.7,2417,0
20250715,230000,8291.4,8299.8,8285.1,8285.4,1747,0
20250716,080000,8330,8330,8330,8330,196,0
20250716,090000,8330,8344,8294.3,8296.1,8661,0
20250716,100000,8299.1,8304.2,8280.4,8282.6,15485,0
20250716,110000,8282.1,8296.7,8280.2,8294.1,15810,0
20250716,120000,8296.3,8301.8,8283,8297.5,23371,0
20250716,130000,8297.1,8317,8296,8307.2,34718,0
20250716,140000,8309.9,8321.2,8301.8,8320.1,40396,0
20250716,150000,8320.1,8326,8311.2,8320.7,31853,0
20250716,160000,8320.3,8332.9,8304,8311,76503,0
20250716,170000,8311,8333.3,8289.1,8329.3,69722,0
20250716,180000,8327.7,8400,8326.5,8363.6,56788,0
20250716,190000,8358,8365.6,8329,8347.9,9797,0
20250716,200000,8349.9,8372.9,8348.9,8364.5,3420,0
20250716,210000,8365,8373.4,8351.4,8353.1,3932,0
20250716,220000,8351.1,8352.7,8340.5,8346.7,3133,0
20250716,230000,8347.3,8355.7,8344.7,8349,914,0
20250717,080000,8346,8346,8346,8346,10,0
20250717,090000,8344.7,8344.7,8308.5,8329.9,14427,0
20250717,100000,8327.6,8358.9,8301.7,8304.9,29148,0
20250717,110000,8304.9,8321,8301,8314.2,20757,0
20250717,120000,8314.2,8326.5,8307.1,8308.9,40406,0
20250717,130000,8309,8319.7,8305.6,8317.5,13160,0
20250717,140000,8317.5,8318.8,8298,8302.3,10309,0
20250717,150000,8304.4,8306,8273,8278,63000,0
20250717,160000,8278.9,8286.3,8266.1,8281,29439,0
20250717,170000,8283.3,8322.2,8278.8,8314.1,18607,0
20250717,180000,8314.7,8324.7,8303.2,8316.6,13033,0
20250717,190000,8322.4,8333.1,8322.3,8322.4,6266,0
20250717,200000,8321.5,8331.5,8318.3,8324.9,1712,0
20250717,210000,8324.9,8325.5,8310.9,8321,4778,0
20250717,220000,8322.4,8325.3,8321.4,8325.2,1079,0
20250717,230000,8325,8340,8320.4,8320.4,1614,0
20250718,080000,8340,8340,8340,8340,23,0
20250718,090000,8324.7,8350,8307.5,8341.9,5718,0
20250718,100000,8342.5,8345.5,8323.9,8345,23278,0
20250718,110000,8344.7,8352.1,8340.1,8348.5,11591,0
20250718,120000,8348.6,8367.8,8347.1,8359,20911,0
20250718,130000,8358.8,8373,8350.3,8371.9,20127,0
20250718,140000,8371.9,8390.9,8368,8383.7,45298,0
20250718,150000,8385.9,8413.7,8378.1,8405.4,38326,0
20250718,160000,8406.8,8419.1,8389.3,8395.8,40473,0
20250718,170000,8395.8,8401.8,8383.1,8394,21873,0
20250718,180000,8394,8397,8379.7,8385,7395,0
20250718,190000,8395.6,8410,8390,8400.9,5908,0
20250718,200000,8399.9,8401.2,8388.3,8388.3,2277,0
20250718,210000,8391.2,8394.5,8386.6,8393,966,0
20250718,220000,8393.7,8399.9,8386,8390.7,2234,0
20250718,230000,8390.1,8396.3,8382,8382,1394,0
20250721,080000,8410,8410,8410,8410,163,0
20250721,090000,8410.4,8425.2,8408.2,8413,10785,0
20250721,100000,8412.8,8416.2,8390,8395.7,13078,0
20250721,110000,8393.3,8395.2,8381.8,8390.1,4839,0
20250721,120000,8390.1,8394,8382.1,8390.7,11548,0
20250721,130000,8390.1,8393.4,8373,8381.7,7532,0
20250721,140000,8382.6,8400.9,8378.4,8400.9,6097,0
20250721,150000,8400.2,8419.9,8400.1,8415.7,17821,0
20250721,160000,8416.8,8429.5,8407,8420.2,23825,0
20250721,170000,8420.2,8459.8,8412.2,8459,41142,0
20250721,180000,8458.7,8467,8438,8439,20784,0
20250721,190000,8437.8,8445.5,8416.4,8439.9,3832,0
20250721,200000,8439.9,8441.1,8436,8437,1118,0
20250721,210000,8437,8439.1,8433.5,8435.3,1663,0
20250721,220000,8435.6,8441.6,8435.4,8441.2,449,0
20250721,230000,8438.7,8445.9,8437.4,8445.9,892,0
20250722,080000,8425,8425,8425,8425,549,0
20250722,090000,8424.1,8441.8,8422.9,8426,6266,0
20250722,100000,8427.4,8430.1,8415,8417.5,15939,0
20250722,110000,8417.4,8431,8414.8,8429.2,17357,0
20250722,120000,8427.1,8440,8418.9,8438.2,13768,0
20250722,130000,8438.5,8443.1,8426.1,8426.1,29354,0
20250722,140000,8432,8450,8428.4,8446.6,28437,0
20250722,150000,8446.6,8469.3,8446.6,8462.6,36797,0
20250722,160000,8462.6,8493.1,8462.5,8484.2,58563,0
20250722,170000,8484.6,8517.7,8473.4,8516.1,47047,0
20250722,180000,8516.2,8522.2,8509.3,8521,43375,0
20250722,190000,8520.3,8541.1,8517.8,8538.3,14563,0
20250722,200000,8538.1,8540,8530,8531.5,3698,0
20250722,210000,8531.5,8538.9,8530,8530,2089,0
20250722,220000,8530.8,8534.7,8529.4,8529.5,1536,0
20250722,230000,8529.1,8534.5,8524.9,8525.5,2227,0
20250723,080000,8517.9,8517.9,8517.9,8517.9,81,0
20250723,090000,8515.8,8550,8505.8,8534.5,7000,0
20250723,100000,8535,8536.7,8518,8522.2,48237,0
20250723,110000,8522.3,8541.7,8522.3,8537,15396,0
20250723,120000,8536.6,8541,8530,8540.6,16306,0
20250723,130000,8538.9,8541.8,8527.7,8530,9703,0
20250723,140000,8532.7,8543.8,8526,8543.8,18193,0
20250723,150000,8543.8,8544.3,8524,8525.1,21734,0
20250723,160000,8525.1,8525.3,8494.5,8502.3,34210,0
20250723,170000,8501.9,8521.3,8501,8507.2,12545,0
20250723,180000,8508.5,8512.3,8488.3,8489.6,10689,0
20250723,190000,8489,8489,8441,8456.7,23847,0
20250723,200000,8455.6,8472,8455,8467.8,7241,0
20250723,210000,8468,8483,8464.6,8477,4765,0
20250723,220000,8477,8479.6,8462.1,8464.8,1489,0
20250723,230000,8464.4,8476.6,8459.6,8459.6,3659,0
20250724,080000,8450,8450,8450,8450,75,0
20250724,090000,8450,8452,8421,8428,20455,0
20250724,100000,8428.4,8480.2,8424,8463.7,52092,0
20250724,110000,8464.7,8496.5,8464.4,8484.1,35713,0
20250724,120000,8484.8,8517,8481.2,8486.1,38526,0
20250724,130000,8486.9,8486.9,8478,8483.2,6712,0
20250724,140000,8483,8484.9,8464.1,8466.6,11392,0
20250724,150000,8466.6,8478.9,8440.8,8449.2,28074,0
20250724,160000,8447.5,8480.1,8439.1,8477.4,21969,0
20250724,170000,8476.3,8508.5,8467.3,8496.9,38809,0
20250724,180000,8499.2,8507.2,8492.2,8497.6,14168,0
20250724,190000,8498.3,8515,8463.7,8500.2,8476,0
20250724,200000,8500.1,8504.8,8492.1,8493.8,6188,0
20250724,210000,8494.3,8510.5,8492.6,8510.2,2752,0
20250724,220000,8510.3,8515,8510.2,8510.2,2703,0
20250724,230000,8511.9,8513,8500,8500.1,2649,0
20250725,080000,8489.8,8489.8,8489.8,8489.8,720,0
20250725,090000,8489,8504.2,8477,8501.2,9065,0
20250725,100000,8501.2,8512.6,8475.6,8478.4,29486,0
20250725,110000,8478.4,8483,8467.1,8470.4,11933,0
20250725,120000,8470,8473.1,8455.3,8468.2,14554,0
20250725,130000,8468.1,8473.9,8425,8430.2,23352,0
20250725,140000,8432.6,8447.8,8427.2,8434.6,28325,0
20250725,150000,8435.3,8443.7,8424,8434.4,13828,0
20250725,160000,8435.1,8456.6,8430,8451.7,18992,0
20250725,170000,8450.7,8453.1,8416.6,8423.1,19754,0
20250725,180000,8422,8425.9,8391.1,8407,23095,0
20250725,190000,8407.9,8416.3,8397.5,8413.5,5575,0
20250725,200000,8412.5,8435.9,8409.6,8432,4249,0
20250725,210000,8430.6,8435,8427.7,8430.2,4125,0
20250725,220000,8429.8,8430.3,8420.7,8424.8,925,0
20250725,230000,8424.9,8435,8416.1,8435,2393,0
20250728,080000,8443,8443,8443,8443,106,0
20250728,090000,8443,8449,8411.1,8426.5,11429,0
20250728,100000,8426.5,8431,8411.5,8422.9,12000,0
20250728,110000,8422.9,8456.6,8422.1,8444.1,29405,0
20250728,120000,8444.7,8465.4,8444.7,8464.7,36348,0
20250728,130000,8464.7,8477.6,8459.7,8471.3,22416,0
20250728,140000,8473.3,8476.2,8460,8461.6,11479,0
20250728,150000,8461.6,8511,8459.1,8501.9,36984,0
20250728,160000,8501.9,8523,8482.4,8511.7,40974,0
20250728,170000,8512.8,8547.2,8495.5,8534,51849,0
20250728,180000,8533,8560.3,8511.8,8543.8,31259,0
20250728,190000,8550,8582.8,8543.1,8557.4,11282,0
20250728,200000,8557.3,8557.8,8530,8537.3,6552,0
20250728,210000,8537.4,8567.9,8537.4,8564.8,5161,0
20250728,220000,8567.9,8575,8560,8574.8,4530,0
20250728,230000,8574.5,8580.8,8560,8569.9,4355,0
20250729,080000,8562.1,8562.1,8562.1,8562.1,20,0
20250729,090000,8569,8639.5,8543,8606.5,35287,0
20250729,100000,8606.5,8674.8,8582.9,8668.4,112911,0
20250729,110000,8669.6,8684.2,8641,8668.7,63503,0
20250729,120000,8668.4,8671.1,8633.7,8649.3,39641,0
20250729,130000,8649.6,8662,8630,8634.2,27414,0
20250729,140000,8633,8647.7,8603.9,8644.4,25785,0
20250729,150000,8645,8659.1,8622.1,8634,21226,0
20250729,160000,8632.5,8653.5,8618.7,8645,12597,0
20250729,170000,8646,8679.9,8627,8679,24484,0
20250729,180000,8678.9,8698,8657,8660,19026,0
20250729,190000,8664.9,8675.8,8651,8651.8,8567,0
20250729,200000,8651,8697,8643,8693.9,9873,0
20250729,210000,8696.9,8723.3,8690.1,8690.5,18149,0
20250729,220000,8691.5,8704.4,8680.7,8683.8,5573,0
20250729,230000,8682,8695,8670,8670,4118,0
20250730,080000,8672,8672,8672,8672,9,0
20250730,090000,8677,8708.5,8632.2,8649.8,25559,0
20250730,100000,8649.9,8660,8627,8655.1,40610,0
20250730,110000,8656.4,8678.4,8650.5,8662.8,22228,0
20250730,120000,8662.2,8663.1,8642.1,8642.6,11852,0
20250730,130000,8642.3,8648.9,8631,8641,38978,0
20250730,140000,8635.1,8650.2,8616,8630,21390,0
20250730,150000,8627.4,8627.9,8570.9,8588.1,33255,0
20250730,160000,8588,8592.6,8520.1,8527.4,54540,0
20250730,170000,8525.1,8536,8500,8525.6,46702,0
20250730,180000,8526.8,8529,8488.8,8498.1,26606,0
20250730,190000,8493,8528.5,8490,8516.8,12288,0
20250730,200000,8516.4,8530,8510,8530,4275,0
20250730,210000,8529.8,8550.4,8474.3,8482,27968,0
20250730,220000,8481.9,8494,8455.8,8461.8,17142,0
20250730,230000,8461.9,8496.5,8455,8480.4,15286,0
20250731,080000,8513,8513,8513,8513,428,0
20250731,090000,8513.8,8537,8482,8511.6,16624,0
20250731,100000,8510.8,8515.2,8422,8425.7,92422,0
20250731,110000,8425.9,8456.1,8410,8423.2,88693,0
20250731,120000,8423.1,8461,8409.2,8453.6,27999,0
20250731,130000,8454.9,8461.9,8449.1,8450,19674,0
20250731,140000,8454.6,8493,8454.6,8470.7,23336,0
20250731,150000,8471.4,8486.2,8470,8472.1,8508,0
20250731,160000,8472,8473.8,8462.3,8468,26722,0
20250731,170000,8465.8,8465.8,8418.9,8432.7,28874,0
20250731,180000,8436.5,8456.9,8416.9,8431.1,12524,0
20250731,190000,8437,8450.9,8423.9,8446.8,5022,0
20250731,200000,8446.5,8450.6,8438.5,8438.6,2781,0
20250731,210000,8438.6,8450.6,8430.1,8444.6,3380,0
20250731,220000,8445,8446.4,8432.2,8436.1,1661,0
20250731,230000,8435.1,8448,8435.1,8436,2404,0
20250801,080000,8441,8441,8441,8441,14,0
20250801,090000,8440.7,8469,8420.1,8429,9027,0
20250801,100000,8429,8448,8421.2,8428,28377,0
20250801,110000,8428.2,8445,8417.2,8445,17742,0
20250801,120000,8445,8451.7,8434.7,8436.6,13860,0
20250801,130000,8435,8447.9,8420.1,8437,11708,0
20250801,140000,8442,8449.3,8436.1,8447.7,16514,0
20250801,150000,8449.1,8536.2,8432.1,8518.3,55046,0
20250801,160000,8518.3,8535.9,8481.4,8500,42123,0
20250801,170000,8499.7,8525.9,8498.8,8520.7,31946,0
20250801,180000,8522.9,8529.4,8508.1,8512.3,20472,0
20250801,190000,8515.9,8535.8,8509.4,8532.8,7518,0
20250801,200000,8531.6,8549.9,8523.1,8524.6,6740,0
20250801,210000,8525,8538,8525,8529.1,2791,0
20250801,220000,8530,8564.2,8530,8554,11257,0
20250801,230000,8554,8562.4,8541,8541,8646,0
20250804,080000,8541,8541,8541,8541,217,0
20250804,090000,8540,8559.2,8521.1,8546,12253,0
20250804,100000,8545.1,8545.6,8516,8522.6,45054,0
20250804,110000,8523,8538.2,8519.2,8531.2,17872,0
20250804,120000,8531.6,8551,8523.5,8534.9,49207,0
20250804,130000,8536.3,8538.2,8522.5,8534,15011,0
20250804,140000,8535.5,8568,8535.5,8566.9,18797,0
20250804,150000,8567.7,8568.9,8546,8556,21493,0
20250804,160000,8556,8580,8555.7,8576.6,24117,0
20250804,170000,8577,8578.8,8552.6,8562.4,20778,0
20250804,180000,8564.5,8571.1,8555,8570,10445,0
20250804,190000,8568.7,8579.4,8561.5,8566.3,5616,0
20250804,200000,8567.6,8570.2,8555,8559.1,3575,0
20250804,210000,8558.2,8570.6,8555.5,8556,2271,0
20250804,220000,8556,8570.8,8556,8567.1,1607,0
20250804,230000,8569.5,8577,8557,8562,1557,0
20250805,090000,8557,8574.3,8554.1,8554.7,3932,0
20250805,100000,8554.7,8614.9,8541.9,8587,52742,0
20250805,110000,8585.1,8592.1,8560.7,8565.1,30487,0
20250805,120000,8565,8593.9,8562.7,8578.4,56531,0
20250805,130000,8577.7,8589.8,8574.9,8578.4,22563,0
20250805,140000,8578.2,8593.8,8576.7,8588.2,38290,0
20250805,150000,8588.2,8625,8582.8,8610.5,51830,0
20250805,160000,8611,8629.1,8598.5,8606.3,21182,0
20250805,170000,8608.1,8627,8599.1,8621.9,14747,0
20250805,180000,8623.4,8632.8,8608,8624.9,21225,0
20250805,190000,8624,8636.4,8612.4,8625.1,4114,0
20250805,200000,8625.1,8627.7,8617.7,8622.6,1874,0
20250805,210000,8619,8622.4,8616,8616.5,1162,0
20250805,220000,8616.4,8622,8615,8616.5,1790,0
20250805,230000,8616,8620,8610.9,8613.5,1875,0
20250806,090000,8613.1,8629.7,8601.1,8601.7,8437,0
20250806,100000,8603.3,8637.2,8593.3,8624,29434,0
20250806,110000,8624,8629.5,8608.4,8618.1,10836,0
20250806,120000,8619.1,8624.8,8612.8,8615,16536,0
20250806,130000,8615,8630.2,8605,8614,20691,0
20250806,140000,8613.2,8623.6,8608.9,8617.3,18721,0
20250806,150000,8616.4,8629.9,8601.3,8621.8,10365,0
20250806,160000,8621,8640.2,8616,8633.3,19532,0
20250806,170000,8635.9,8656.4,8628,8655.5,18946,0
20250806,180000,8655.5,8655.8,8631.9,8647.9,9214,0
20250806,190000,8648,8660,8635.4,8637.8,7546,0
20250806,200000,8638,8638,8580.1,8611.2,29509,0
20250806,210000,8610.1,8614.1,8591.7,8601,3601,0
20250806,220000,8602.1,8602.1,8519.2,8560.1,41898,0
20250806,230000,8558.7,8581,8546,8580,23271,0
20250807,090000,8581,8624,8576,8616.1,13037,0
20250807,100000,8618.3,8627.5,8606,8611.7,61848,0
20250807,110000,8613.7,8617,8583.2,8587.8,49892,0
20250807,120000,8587.6,8605.1,8584.3,8596.6,18629,0
20250807,130000,8597.5,8599.8,8575,8588,15156,0
20250807,140000,8587.7,8606,8587,8596.4,18933,0
20250807,150000,8595.9,8612.6,8587.2,8601.6,17585,0
20250807,160000,8602.4,8625.6,8602,8607,18274,0
20250807,170000,8606.3,8614.3,8581,8604.4,40317,0
20250807,180000,8604.3,8617.3,8594.9,8599.6,12538,0
20250807,190000,8605,8625.6,8599.6,8623.1,8571,0
20250807,200000,8623.1,8625.4,8613,8625.4,8259,0
20250807,210000,8625.4,8644.2,8619,8620.6,18142,0
20250807,220000,8620.6,8641.3,8611.4,8637.5,11350,0
20250807,230000,8636.9,8642,8629,8630,6742,0
20250808,090000,8635,8679.8,8635,8663.3,29034,0
20250808,100000,8663.5,8709.6,8652.6,8679.6,74566,0
20250808,110000,8680.5,8684.8,8654.1,8658,20632,0
20250808,120000,8658,8682.5,8644.9,8681.4,44095,0
20250808,130000,8681.8,8701.9,8680,8681.6,44487,0
20250808,140000,8681.2,8709.2,8680,8684.6,41704,0
20250808,150000,8684.1,8714.2,8672.2,8699.8,49409,0
20250808,160000,8699.8,8709,8679,8695,22115,0
20250808,170000,8698.3,8698.3,8662,8683.7,28879,0
20250808,180000,8683.7,8686.3,8663,8664.1,15767,0
20250808,190000,8673,8697.4,8664,8677.4,6643,0
20250808,200000,8678,8689,8640,8640,8123,0
20250808,210000,8642.8,8674,8616.9,8650.1,28228,0
20250808,220000,8650.1,8662.9,8642.1,8659,5907,0
20250808,230000,8658,8664,8640,8649.6,8196,0
20250811,090000,8627.7,8630,8562,8569.4,45019,0
20250811,100000,8569.4,8570.1,8511.7,8533,77681,0
20250811,110000,8534.1,8565.5,8528,8558.6,35751,0
20250811,120000,8558.5,8571,8546.4,8556.9,23421,0
20250811,130000,8556.1,8579.4,8553,8579.4,20724,0
20250811,140000,8577.7,8577.7,8546.4,8564,16088,0
20250811,150000,8565,8573,8543.6,8570.2,22275,0
20250811,160000,8570.5,8578.6,8551.9,8575.5,18952,0
20250811,170000,8575.2,8577,8536.2,8543.9,27326,0
20250811,180000,8542.7,8551,8535,8542.6,10604,0
20250811,190000,8539.8,8548,8530,8532.8,4362,0
20250811,200000,8532.6,8562,8511.7,8552.8,16075,0
20250811,210000,8553,8555.6,8539.6,8550,6648,0
20250811,220000,8550,8555.1,8531.6,8537,6020,0
20250811,230000,8537.4,8561.6,8521,8533,5191,0
20250812,090000,8537,8568,8524.1,8535.7,10862,0
20250812,100000,8538.5,8557.1,8530.8,8549.3,47014,0
20250812,110000,8548.5,8557.3,8531.8,8539.9,27991,0
20250812,120000,8540,8541.8,8524.5,8531.3,15506,0
20250812,130000,8531.7,8541.3,8522,8535.8,9902,0
20250812,140000,8531,8531.9,8518,8525.9,27770,0
20250812,150000,8526,8530,8488.5,8519.1,79785,0
20250812,160000,8517.3,8525,8495.6,8506.7,36557,0
20250812,170000,8507.4,8507.8,8480,8495.2,36874,0
20250812,180000,8494.1,8530,8493.9,8504.7,24738,0
20250812,190000,8505.7,8521.5,8496.1,8515.8,4929,0
20250812,200000,8516,8520,8506.6,8509.5,4967,0
20250812,210000,8509.3,8515.5,8509.3,8513.1,1090,0
20250812,220000,8512.8,8516.9,8508,8514.8,1543,0
20250812,230000,8514.8,8517.8,8512.3,8517.8,1748,0
20250813,090000,8518,8535,8512.9,8533.7,10065,0
20250813,100000,8533.6,8545.2,8525.3,8541.1,24949,0
20250813,110000,8541.1,8559,8534.8,8549.5,25588,0
20250813,120000,8550.2,8566.5,8542,8565.3,18790,0
20250813,130000,8564.8,8573,8561.1,8566.5,17657,0
20250813,140000,8565.3,8565.9,8546.2,8560.7,13190,0
20250813,150000,8562,8566.8,8554.5,8560.9,17616,0
20250813,160000,8562.1,8564.4,8546.2,8563.4,13973,0
20250813,170000,8563.4,8572.8,8551.2,8567.4,30839,0
20250813,180000,8567.9,8568.7,8549.3,8559,19311,0
20250813,190000,8557,8580,8557,8571.1,8254,0
20250813,200000,8572.1,8576.7,8557,8561.1,2028,0
20250813,210000,8560.4,8565.1,8556.2,8565,3014,0
20250813,220000,8564.9,8579,8562.8,8578.9,4387,0
20250813,230000,8577.9,8585.1,8570.2,8576,4728,0
20250814,090000,8578,8585,8561,8580.1,7827,0
20250814,100000,8581.1,8588.8,8547.3,8550.4,43034,0
20250814,110000,8549.5,8567.2,8537.8,8547.5,40463,0
20250814,120000,8547.3,8567,8544.8,8557.7,21750,0
20250814,130000,8559.2,8560.5,8532.1,8548,20836,0
20250814,140000,8546.8,8552.4,8539,8551.5,8624,0
20250814,150000,8552,8555.9,8527.1,8538.9,23737,0
20250814,160000,8539.4,8543.2,8521.5,8524.2,13289,0
20250814,170000,8523.2,8531.9,8503.2,8518.2,38146,0
20250814,180000,8519.8,8520.7,8504.1,8504.4,18124,0
20250814,190000,8505,8570,8505,8533.1,52649,0
20250814,200000,8535,8558.9,8534.7,8537,10111,0
20250814,210000,8542,8546,8535,8537.9,2994,0
20250814,220000,8537.4,8545,8537.4,8541.5,2733,0
20250814,230000,8542.5,8545,8530,8536,3608,0
20250815,090000,8541.7,8558,8541.1,8545,10930,0
20250815,100000,8545,8553,8533,8542.9,21497,0
20250815,110000,8543.6,8544.5,8525.2,8530.9,15564,0
20250815,120000,8531,8534.9,8515,8532,20759,0
20250815,130000,8530.8,8533.1,8519,8526.7,23126,0
20250815,140000,8522.7,8531.8,8522,8526.6,4984,0
20250815,150000,8529.4,8540.9,8520.9,8539.3,17374,0
20250815,160000,8539.2,8544,8531,8532.8,17878,0
20250815,170000,8534.2,8544.2,8534.1,8543.4,14055,0
20250815,180000,8542.3,8552,8540.7,8550.9,23536,0
20250815,190000,8551,8564,8539.7,8544.9,3715,0
20250815,200000,8544.8,8547.6,8538.1,8540.6,2019,0
20250815,210000,8540.6,8545.8,8536.3,8537.6,932,0
20250815,220000,8537,8539,8503.9,8536.1,9713,0
20250815,230000,8534.4,8543.1,8522.3,8537,5550,0
20250816,100000,8532,8542.2,8518.1,8531,1515,0
20250816,110000,8531,8546,8520.1,8527,1815,0
20250816,120000,8533,8551.2,8527,8543,427,0
20250816,130000,8544,8549,8532,8540,788,0
20250816,140000,8540,8549,8523.1,8534,905,0
20250816,150000,8530,8548,8530,8542,413,0
20250816,160000,8543,8543,8537,8540,134,0
20250816,170000,8538,8543,8530,8543,784,0
20250816,180000,8542.7,8543,8531,8531,761,0
20250817,100000,8537,8548,8537,8546.7,187,0
20250817,110000,8546,8546,8524.8,8541,605,0
20250817,120000,8537,8544.5,8531,8540,209,0
20250817,130000,8539,8544,8539,8543,125,0
20250817,140000,8542.9,8543,8539,8543,142,0
20250817,150000,8542,8547,8541,8546,529,0
20250817,160000,8541,8548.1,8540,8543,506,0
20250817,170000,8548,8548,8541,8541,204,0
20250817,180000,8541.1,8546,8539,8546,152,0
20250818,090000,8568,8597.6,8568,8577.8,11771,0
20250818,100000,8577.9,8607.9,8576.2,8604.8,41812,0
20250818,110000,8604.8,8615.3,8585.6,8594.5,38085,0
20250818,120000,8592.6,8604.2,8587.2,8601.2,13513,0
20250818,130000,8601.5,8614.3,8597.8,8598.9,19495,0
20250818,140000,8605,8609.9,8594.3,8597.7,28538,0
20250818,150000,8597.7,8606.8,8591.5,8597.4,16181,0
20250818,160000,8597.5,8599.3,8580.5,8585.6,18579,0
20250818,170000,8585.6,8593.9,8580.1,8583.3,18244,0
20250818,180000,8583.3,8584.5,8576.3,8577,25002,0
20250818,190000,8577,8582.7,8565,8578.2,4845,0
20250818,200000,8578.4,8580.7,8575,8580.4,3795,0
20250818,210000,8580.3,8581.6,8550,8552.8,7105,0
20250818,220000,8552.1,8574.6,8541.2,8572.8,6373,0
20250818,230000,8573,8573.8,8563.7,8563.7,3780,0
20250819,090000,8565.2,8595.4,8565.2,8586.2,6457,0
20250819,100000,8585.1,8591.2,8572,8583,12688,0
20250819,110000,8583.7,8589.7,8578,8587.7,17811,0
20250819,120000,8587.9,8596.5,8585,8594.7,10338,0
20250819,130000,8595.7,8611.3,8592,8604.1,23009,0
20250819,140000,8604.8,8611.8,8596.6,8600.3,28010,0
20250819,150000,8600.3,8603.4,8579,8579,19995,0
20250819,160000,8578.9,8598.2,8568.6,8587.1,45607,0
20250819,170000,8587.2,8587.3,8559.7,8562.5,35164,0
20250819,180000,8560.9,8564,8552,8557.6,16634,0
20250819,190000,8558.5,8570,8555.7,8557.7,6090,0
20250819,200000,8556.4,8561,8551.4,8558.7,2931,0
20250819,210000,8556.6,8561.1,8550.2,8557.7,3579,0
20250819,220000,8559.1,8561.3,8544.6,8544.6,7762,0
20250819,230000,8544.5,8555,8541.7,8555,4779,0
20250820,090000,8559.1,8580,8542.5,8567,3471,0
20250820,100000,8567.4,8569.2,8525,8530.9,27375,0
20250820,110000,8530.1,8533.8,8521,8531.5,21364,0
20250820,120000,8531.8,8546.4,8526.8,8535.6,16889,0
20250820,130000,8535.7,8547,8534.1,8541.8,11356,0
20250820,140000,8541.6,8549,8533,8547.6,6171,0
20250820,150000,8546.7,8572.6,8546.5,8569.7,13598,0
20250820,160000,8568,8581,8563.1,8577,38859,0
20250820,170000,8577,8585,8565.6,8576.2,17305,0
20250820,180000,8576.9,8578.5,8561.1,8562,8717,0
20250820,190000,8562,8582.6,8562,8577,11943,0
20250820,200000,8575.6,8578,8571.8,8577.5,1966,0
20250820,210000,8577.5,8580,8574.1,8580,1513,0
20250820,220000,8580,8587,8579,8584.4,2768,0
20250820,230000,8584.3,8585.9,8581.9,8585.1,511,0
20250821,090000,8577.2,8583,8562.8,8578.6,5813,0
20250821,100000,8579.6,8586.4,8567,8569.9,14104,0
20250821,110000,8568.1,8584.4,8568.1,8582.9,15241,0
20250821,120000,8581.1,8590,8575.7,8583.7,12273,0
20250821,130000,8583.7,8584.4,8559.1,8560.6,27801,0
20250821,140000,8560,8576.5,8554.3,8569,10368,0
20250821,150000,8569,8588.4,8568.5,8583.9,14049,0
20250821,160000,8584,8593,8574.7,8585.7,21685,0
20250821,170000,8585.8,8603.9,8582.1,8603.5,14924,0
20250821,180000,8603.7,8611,8597.6,8605,18259,0
20250821,190000,8605,8614.9,8599.7,8601.9,9847,0
20250821,200000,8601.5,8603.9,8600,8600.7,3126,0
20250821,210000,8600,8604.9,8600,8602.8,1071,0
20250821,220000,8604.3,8608.7,8602.6,8602.7,1323,0
20250821,230000,8602.7,8604.6,8601.1,8601.1,1154,0
20250822,090000,8589.9,8590.4,8577.2,8584.1,12087,0
20250822,100000,8583.2,8590,8568.2,8570,28520,0
20250822,110000,8570.4,8575.5,8568,8572,16616,0
20250822,120000,8571.3,8582.1,8569.5,8578.4,13051,0
20250822,130000,8580.2,8586,8574.3,8582.8,17524,0
20250822,140000,8581.2,8597.8,8581.2,8596,35919,0
20250822,150000,8596,8596.8,8577.4,8589.4,17954,0
20250822,160000,8590,8610,8582,8610,18970,0
20250822,170000,8610,8676.6,8610,8660.3,123059,0
20250822,180000,8660.5,8679,8654,8660.1,33758,0
20250822,190000,8664.1,8679.8,8660.3,8673,7359,0
20250822,200000,8675,8675.2,8667.5,8670.8,2414,0
20250822,210000,8670.7,8679.8,8668,8678.1,3524,0
20250822,220000,8678.1,8679.8,8672.1,8679.5,4607,0
20250822,230000,8679.3,8679.9,8665.1,8672.7,3412,0
20250823,100000,8675,8675,8659.7,8663,1294,0
20250823,110000,8663,8663,8658,8660,1237,0
20250823,120000,8660,8664.9,8657.8,8658,765,0
20250823,130000,8658,8658,8652.5,8658,2213,0
20250823,140000,8658,8664.1,8655.1,8659.1,1685,0
20250823,150000,8663.9,8664.8,8661.3,8664.8,185,0
20250823,160000,8664.8,8669.6,8661.5,8661.5,3025,0
20250823,170000,8661.5,8666.8,8661.5,8661.6,20,0
20250823,180000,8666.8,8666.8,8660,8661,333,0
20250824,100000,8661,8669.6,8656,8668.3,495,0
20250824,110000,8668,8670,8661.7,8662,1094,0
20250824,120000,8662,8663,8661.9,8663,224,0
20250824,130000,8663,8669.9,8657.1,8669,1375,0
20250824,140000,8668.7,8669.4,8659.8,8664.2,1071,0
20250824,150000,8665.9,8666,8664,8664,96,0
20250824,160000,8663.5,8666,8659,8659.4,479,0
20250824,170000,8665.8,8666,8659.4,8666,148,0
20250824,180000,8659.8,8666,8659.2,8666,265,0
20250825,090000,8656,8676.7,8653,8673.2,13261,0
20250825,100000,8672.9,8684.5,8658,8681.1,64437,0
20250825,110000,8681.2,8687.9,8666.1,8673,44711,0
20250825,120000,8672.5,8675.5,8664.2,8675.5,28624,0
20250825,130000,8674.9,8683.8,8666.2,8676.1,36237,0
20250825,140000,8675.3,8683.9,8671.5,8681.7,15322,0
20250825,150000,8682.2,8683.3,8655.6,8658.5,34176,0
20250825,160000,8656.7,8659.6,8646.8,8655.4,34215,0
20250825,170000,8653.9,8653.9,8623.8,8633,49723,0
20250825,180000,8631.6,8646.5,8622.5,8640.3,27716,0
20250825,190000,8643,8652.9,8620.1,8644.2,8015,0
20250825,200000,8644,8647.1,8632.3,8636.9,8795,0
20250825,210000,8636.1,8643.6,8633,8636.3,2765,0
20250825,220000,8636,8636.3,8623.3,8623.3,4901,0
20250825,230000,8623.6,8629,8620.8,8623.6,1375,0
20250826,090000,8633,8658.9,8633,8643.8,7140,0
20250826,100000,8645.4,8668.7,8637.8,8666.7,22000,0
20250826,110000,8668.1,8674.3,8656.1,8661,14267,0
20250826,120000,8661,8667,8652,8656.1,13125,0
20250826,130000,8655,8659.4,8648.5,8654.2,3687,0
20250826,140000,8654.8,8667.9,8654.7,8659.1,11127,0
20250826,150000,8660,8666.6,8652.4,8656,7695,0
20250826,160000,8653.7,8669.9,8650,8669.1,16463,0
20250826,170000,8668.2,8685,8661.2,8683,26752,0
20250826,180000,8683.1,8701.9,8683,8698.4,39072,0
20250826,190000,8701,8713.5,8692.1,8695.8,10708,0
20250826,200000,8695.7,8697.7,8693.2,8694,1801,0
20250826,210000,8693.2,8713,8685.3,8712,11345,0
20250826,220000,8712.1,8712.4,8703.1,8709.2,3858,0
20250826,230000,8709,8716.9,8707.5,8708.6,2045,0
20250827,090000,8683.1,8700,8678,8696.2,9656,0
20250827,100000,8694.1,8697,8654,8667.6,37209,0
20250827,110000,8667.8,8686.6,8664.1,8684.9,22290,0
20250827,120000,8685.9,8686.8,8675.8,8678,14361,0
20250827,130000,8677.1,8679.3,8672.2,8677.5,10990,0
20250827,140000,8677.6,8677.8,8663.9,8675.9,8120,0
20250827,150000,8674,8685.6,8665.5,8675.9,9229,0
20250827,160000,8676.9,8692.4,8674,8688.9,20767,0
20250827,170000,8690.4,8719.7,8690.4,8715.4,27555,0
20250827,180000,8714,8720.2,8701.5,8707,15057,0
20250827,190000,8707,8736.9,8703.4,8730,14118,0
20250827,200000,8732.5,8734.9,8725.2,8730.2,4941,0
20250827,210000,8730.3,8734.7,8719.5,8723.9,10679,0
20250827,220000,8723.9,8734.8,8720.6,8733.7,4180,0
20250827,230000,8733.6,8735,8723.6,8733.7,3847,0
20250828,090000,8731,8733.7,8721.1,8730,4078,0
20250828,100000,8730,8731.7,8705,8712,23582,0
20250828,110000,8711.9,8723.2,8705,8722,19573,0
20250828,120000,8722.5,8730,8715.1,8716.7,16315,0
20250828,130000,8716.7,8721.4,8707.1,8712.8,14155,0
20250828,140000,8713.6,8730.9,8710.7,8724.5,19393,0
20250828,150000,8724.1,8730,8700.5,8709.6,38667,0
20250828,160000,8709.6,8721.3,8702.5,8720,24404,0
20250828,170000,8718,8728.4,8717.1,8726.3,21049,0
20250828,180000,8726.2,8729,8710,8715,12511,0
20250828,190000,8720.8,8755.4,8719.9,8737.5,18223,0
20250828,200000,8737.8,8777,8737.8,8775.1,23882,0
20250828,210000,8775.3,8783,8768.8,8779.5,20604,0
20250828,220000,8780.8,8782.9,8764,8775,4433,0
20250828,230000,8775,8775.1,8756.4,8760,4433,0
20250829,090000,8756,8771.2,8751.5,8756.8,6458,0
20250829,100000,8759.3,8768,8745,8755.6,39341,0
20250829,110000,8755.8,8763.8,8751.7,8763.8,15210,0
20250829,120000,8763.4,8771.2,8752.6,8768.1,12467,0
20250829,130000,8768.1,8771.3,8755.1,8761.8,15655,0
20250829,140000,8760.6,8770.8,8759.1,8769.4,6307,0
20250829,150000,8770.7,8778.8,8765.3,8776.8,12450,0
20250829,160000,8776.8,8797.8,8771,8796.3,22641,0
20250829,170000,8797.4,8826,8796.4,8815.9,44686,0
20250829,180000,8816.4,8839.9,8813.8,8836.8,25588,0
20250829,190000,8832.9,8846.8,8829.4,8841,11784,0
20250829,200000,8840.7,8849,8832.7,8833.1,7782,0
20250829,210000,8833.2,8841.2,8828,8838.6,5541,0
20250829,220000,8833.6,8877,8832.6,8859.4,9479,0
20250829,230000,8859.8,8863,8851.5,8863,3791,0
20250830,100000,8854,8865,8852.1,8853.4,838,0
20250830,110000,8859.6,8860,8852.3,8856.7,609,0
20250830,120000,8852.7,8878.5,8852.6,8858.1,1684,0
20250830,130000,8858.3,8866.2,8858.1,8861.9,416,0
20250830,140000,8861.9,8862,8859.1,8861.7,136,0
20250830,150000,8860.2,8868,8859.8,8864.1,315,0
20250830,160000,8861,8866.6,8853,8856.1,1263,0
20250830,170000,8862.9,8862.9,8854.8,8862.7,383,0
20250830,180000,8862.4,8863.2,8855.6,8862.9,111,0
20250831,100000,8855.9,8864.7,8849.3,8852.6,442,0
20250831,110000,8852.6,8864,8852.6,8864,453,0
20250831,120000,8863.7,8864.1,8855.2,8855.2,372,0
20250831,130000,8855.3,8862.8,8855.3,8855.8,66,0
20250831,140000,8855.8,8865,8855.8,8863,334,0
20250831,150000,8863,8863.6,8857,8862.8,136,0
20250831,160000,8858,8862.5,8856.5,8856.5,184,0
20250831,170000,8856.7,8861.1,8855.7,8856.2,521,0
20250831,180000,8859.8,8860,8856.6,8857.3,470,0
20250901,080000,8920,8920,8920,8920,1298,0
20250901,090000,8920,8971.5,8894.3,8944,45595,0
20250901,100000,8943.7,8946.3,8896.7,8931,45048,0
20250901,110000,8930.3,8933.3,8922.5,8931.3,22660,0
20250901,120000,8930,8930.4,8908.5,8910.6,34741,0
20250901,130000,8910.6,8927,8908.7,8912.8,36171,0
20250901,140000,8912.8,8916.7,8904,8904.5,12418,0
20250901,150000,8905.7,8912.3,8874.3,8887.6,29256,0
20250901,160000,8887,8915.9,8883.1,8900,21536,0
20250901,170000,8900,8915.2,8892.5,8903.8,13328,0
20250901,180000,8904.1,8907,8884,8890.1,15761,0
20250901,190000,8892.1,8909.9,8884,8909.9,10269,0
20250901,200000,8910,8910,8903.6,8904,2217,0
20250901,210000,8905.8,8907.3,8894.6,8897.8,2980,0
20250901,220000,8895.2,8896.8,8870.9,8880.1,10153,0
20250901,230000,8879.6,8889.4,8870.9,8876.3,4765,0
20250902,080000,8906,8906,8906,8906,333,0
20250902,090000,8906.4,8949.5,8898.9,8912,28481,0
20250902,100000,8912.2,8941.6,8909.6,8922.7,27927,0
20250902,110000,8920.8,8928,8907.7,8915.6,19820,0
20250902,120000,8913.9,8927.7,8910.5,8923.9,7855,0
20250902,130000,8923.9,8940.4,8923.9,8936.3,33594,0
20250902,140000,8937.1,8952.6,8927.2,8952,16524,0
20250902,150000,8950.7,8958,8933.2,8938.1,54015,0
20250902,160000,8939.9,8949.8,8934.7,8941.4,28069,0
20250902,170000,8942.2,9000,8938.8,8997,76536,0
20250902,180000,8997.3,9019.9,8995.7,9019.9,77765,0
20250902,190000,9018.3,9049.3,9017.6,9047,30511,0
20250902,200000,9045.7,9047,9024,9041,14243,0
20250902,210000,9042.8,9043.5,9030.4,9032.3,7966,0
20250902,220000,9032.9,9055,9024.5,9043.3,16886,0
20250902,230000,9043.8,9067.6,9043.8,9056,10503,0
20250903,080000,9030.7,9030.7,9030.7,9030.7,100,0
20250903,090000,9040,9075.7,9025,9069.8,28105,0
20250903,100000,9070.3,9091.2,9055,9075.9,51515,0
20250903,110000,9076.1,9153.9,9076.1,9106.3,77479,0
20250903,120000,9106.5,9115,9094.9,9095.2,29875,0
20250903,130000,9096.2,9122.8,9090.2,9112.9,29127,0
20250903,140000,9112.2,9149.8,9109.4,9129.5,60529,0
20250903,150000,9129.5,9143,9110.6,9126.8,44369,0
20250903,160000,9126.4,9146,9115.6,9128,49393,0
20250903,170000,9127.8,9146,9121.2,9133.7,36428,0
20250903,180000,9133.7,9145.9,9133.2,9143.4,12764,0
20250903,190000,9143.6,9169.8,9141.8,9168,18300,0
20250903,200000,9168,9186.4,9161.2,9186.2,23622,0
20250903,210000,9184.8,9190,9125,9135.6,42102,0
20250903,220000,9135.6,9143.2,9118,9127.8,21961,0
20250903,230000,9126.7,9150,9121.1,9131.6,13459,0
20250904,080000,9074,9074,9074,9074,990,0
20250904,090000,9074,9108.3,9030.6,9094.3,45956,0
20250904,100000,9093.1,9118.8,9082.9,9111.2,61537,0
20250904,110000,9112.6,9140.4,9112.6,9130.1,53045,0
20250904,120000,9132.1,9141.7,9117.4,9120.7,26848,0
20250904,130000,9118.8,9134.2,9115.5,9118.1,18538,0
20250904,140000,9116.9,9134.9,9100.6,9134.4,36335,0
20250904,150000,9134.4,9150,9130.4,9144.5,34463,0
20250904,160000,9143.9,9177,9132,9147.6,52904,0
20250904,170000,9148,9169.5,9130.1,9154.5,57040,0
20250904,180000,9154.5,9161.9,9144.3,9155.6,13942,0
20250904,190000,9150.7,9179.9,9147.6,9173.9,11191,0
20250904,200000,9172.7,9179.9,9142.6,9144,10056,0
20250904,210000,9144.3,9162,9139.7,9152.2,8003,0
20250904,220000,9153.1,9163.1,9148.9,9160.3,5856,0
20250904,230000,9160.3,9167.9,9145,9151,2337,0
20250905,080000,9162,9162,9162,9162,1999,0
20250905,090000,9163,9178.6,9156.3,9162.8,12510,0
20250905,100000,9162.1,9177,9157.3,9163.8,24011,0
20250905,110000,9163.1,9174.7,9152,9156.3,28355,0
20250905,120000,9156.3,9204.6,9155.3,9204,48038,0
20250905,130000,9204.1,9214.1,9198,9199.7,31581,0
20250905,140000,9199.5,9205.9,9195.5,9203,18999,0
20250905,150000,9203,9268.9,9195.6,9257.7,115763,0
20250905,160000,9257.7,9316.1,9246.4,9309.5,102010,0
20250905,170000,9310,9322.7,9265.7,9286.6,76556,0
20250905,180000,9286.9,9293.1,9271.7,9291.8,34410,0
20250905,190000,9291.3,9325,9288.4,9304.4,21600,0
20250905,200000,9304.4,9306.5,9285,9300,11023,0
20250905,210000,9300,9304.8,9290.1,9301.9,5442,0
20250905,220000,9302.2,9304.2,9299.6,9302.9,3041,0
20250905,230000,9302.4,9303.3,9289.4,9297.1,4770,0
20250906,090000,9300,9300,9300,9300,20,0
20250906,100000,9297,9303,9285.5,9290,1820,0
20250906,110000,9287.2,9297,9285.4,9291,831,0
20250906,120000,9293,9295,9288.4,9294.8,320,0
20250906,130000,9294.7,9295,9288,9288.3,302,0
20250906,140000,9288.5,9291.7,9288.3,9290,283,0
20250906,150000,9288.3,9292,9288.3,9290.1,648,0
20250906,160000,9293.1,9293.4,9290,9293.4,356,0
20250906,170000,9293.4,9293.4,9288.4,9293.2,276,0
20250906,180000,9289.4,9304.9,9289,9294.1,1398,0
20250907,100000,9299,9302.4,9295,9299.4,1341,0
20250907,110000,9301.9,9302.5,9299,9302.4,573,0
20250907,120000,9302.4,9305.8,9299,9303.6,495,0
20250907,130000,9301.9,9302,9299.4,9300,20,0
20250907,140000,9299.6,9304.7,9299.6,9300,249,0
20250907,150000,9304.2,9304.5,9300,9302.9,136,0
20250907,160000,9300.4,9304.5,9237.1,9260,19092,0
20250907,170000,9259,9260,9257.2,9260,4490,0
20250907,180000,9259.8,9282.4,9257,9281.7,8672,0
20250908,080000,9294,9294,9294,9294,270,0
20250908,090000,9294,9335,9284.4,9332.8,29443,0
20250908,100000,9332.8,9425,9332.6,9410.6,136814,0
20250908,110000,9410.5,9415,9397.7,9408.5,47107,0
20250908,120000,9407.7,9434,9405,9428.5,36506,0
20250908,130000,9428.4,9450,9427.4,9438.3,28508,0
20250908,140000,9438.1,9446.9,9435.6,9445.5,31148,0
20250908,150000,9444.1,9495.4,9443.4,9484.5,49149,0
20250908,160000,9484.5,9533.9,9482.3,9524.8,101399,0
20250908,170000,9525,9549.4,9510.1,9547.1,73738,0
20250908,180000,9547.5,9588.5,9543.3,9570,102319,0
20250908,190000,9565.5,9610.4,9564,9592,47160,0
20250908,200000,9592.4,9597.9,9581,9586,14656,0
20250908,210000,9588.3,9593.2,9575,9591.2,9757,0
20250908,220000,9593.2,9594.9,9578.4,9594.7,7654,0
20250908,230000,9594.7,9600,9593,9596.4,5231,0
20250909,080000,9650,9650,9650,9650,845,0
20250909,090000,9649,9670,9625.3,9647.6,66616,0
20250909,100000,9647.9,9690,9646.4,9660.1,91296,0
20250909,110000,9660.2,9696,9659.6,9693.9,70426,0
20250909,120000,9693.9,9696.7,9685.5,9689.5,33300,0
20250909,130000,9689.6,9728.5,9686.6,9696.9,55272,0
20250909,140000,9696.9,9733.9,9693.2,9718,57797,0
20250909,150000,9717.1,9752.5,9717,9741.3,70044,0
20250909,160000,9739,9777.6,9711,9774.8,91786,0
20250909,170000,9774.4,9791.9,9704,9729,178460,0
20250909,180000,9730.3,9745.8,9703,9739.8,72973,0
20250909,190000,9739.9,9767.4,9735.1,9742,24043,0
20250909,200000,9741.8,9744,9730.8,9739.9,10185,0
20250909,210000,9740.3,9749.8,9738.8,9740.2,6896,0
20250909,220000,9740.4,9748.1,9711.6,9711.7,20271,0
20250909,230000,9711.7,9720.9,9707,9707,10418,0
20250910,090000,9741,9791,9740.3,9778.7,46643,0
20250910,100000,9778.7,9859.1,9778.7,9853.8,159676,0
20250910,110000,9853.7,9886,9835.4,9866.6,98239,0
20250910,120000,9866.9,9891.3,9842.3,9888.9,66003,0
20250910,130000,9888.9,9899.1,9868.4,9894,39933,0
20250910,140000,9894,9897.8,9866.2,9866.9,48597,0
20250910,150000,9866.2,9869.1,9806,9809,114515,0
20250910,160000,9808.2,9858.9,9804.8,9849.7,78857,0
20250910,170000,9849.7,9883.8,9844.6,9867.4,66834,0
20250910,180000,9867.8,9874.6,9856.6,9870,38960,0
20250910,190000,9868.2,9870.4,9843.5,9855.3,14645,0
20250910,200000,9855.4,9862.3,9847,9859.6,10570,0
20250910,210000,9858.8,9878.9,9857.2,9869.4,13411,0
20250910,220000,9870,9874.6,9840.4,9856,14488,0
20250910,230000,9855.2,9867.5,9850,9864,16828,0
20250911,080000,9840,9840,9840,9840,772,0
20250911,090000,9843,9887,9805.5,9880.9,56357,0
20250911,100000,9881.2,9916.8,9835.2,9835.2,114869,0
20250911,110000,9835.2,9841,9764.9,9818.2,124292,0
20250911,120000,9816,9824.7,9792.9,9817,71418,0
20250911,130000,9816.8,9828.1,9794.5,9796.1,27220,0
20250911,140000,9795.8,9796,9742.8,9773.1,104147,0
20250911,150000,9773.1,9803.3,9761.4,9799.7,52215,0
20250911,160000,9799.7,9856.8,9775.6,9785.5,72209,0
20250911,170000,9786.3,9827.5,9781.2,9816.3,67758,0
20250911,180000,9817,9862,9814.6,9826,55734,0
20250911,190000,9831,9860,9824.6,9843.2,30732,0
20250911,200000,9843.1,9843.2,9824.3,9830,16061,0
20250911,210000,9830,9840,9826.4,9833,9329,0
20250911,220000,9833,9843.6,9832.7,9840.1,5810,0
20250911,230000,9841.9,9846.9,9824.1,9838,9238,0
20250912,080000,9870.8,9870.8,9870.8,9870.8,3103,0
20250912,090000,9871,9901.9,9861.2,9872.3,56278,0
20250912,100000,9872,9886.2,9815,9834,104150,0
20250912,110000,9831.8,9834.1,9660.1,9809.5,129763,0
20250912,120000,9807.8,9829,9791.1,9823.6,27946,0
20250912,130000,9825,9854.8,9771.1,9790.1,96051,0
20250912,140000,9786.2,9788.5,9727.6,9739.5,104847,0
20250912,150000,9740.4,9764.8,9720.6,9762.2,68902,0
20250912,160000,9760.6,9783.5,9755.6,9777.1,33610,0
20250912,170000,9778.2,9780.8,9736.5,9739.6,44088,0
20250912,180000,9738.2,9738.7,9725,9730.7,28054,0
20250912,190000,9732.5,9763.8,9731,9743.7,18203,0
20250912,200000,9743.7,9749.9,9737.9,9743.5,5684,0
20250912,210000,9742.6,9749.8,9735.1,9749.8,7891,0
20250912,220000,9749.8,9750,9737.7,9739.7,3940,0
20250912,230000,9739.7,9742.8,9734,9735.7,5619,0
20250913,090000,9735,9735,9735,9735,3,0
20250913,100000,9735,9800,9731.2,9761.6,6378,0
20250913,110000,9764.9,9769,9759.3,9759.3,1317,0
20250913,120000,9759.3,9761,9744,9747,1067,0
20250913,130000,9749.9,9750,9744.7,9750,474,0
20250913,140000,9744.9,9750,9742.8,9749.9,912,0
20250913,150000,9749.9,9757,9746.8,9750,281,0
20250913,160000,9752.8,9754.1,9746,9753.6,311,0
20250913,170000,9747.6,9757.4,9746.8,9752.8,1834,0
20250913,180000,9755.1,9757,9735.2,9740.2,1711,0
20250914,090000,9741.5,9741.5,9741.5,9741.5,5,0
20250914,100000,9741.5,9765.5,9740.6,9760.8,1614,0
20250914,110000,9759.9,9767.2,9742.8,9753.4,2637,0
20250914,120000,9753.1,9753.1,9748.6,9750,410,0
20250914,130000,9750,9752.8,9745,9751.4,366,0
20250914,140000,9745.5,9752.2,9745,9751,243,0
20250914,150000,9747,9751,9742.5,9750.9,1154,0
20250914,160000,9750.8,9750.8,9747.5,9750.4,170,0
20250914,170000,9746.4,9750.1,9745.6,9746,187,0
20250914,180000,9746,9759.3,9742,9754.4,1491,0
20250915,080000,9745,9745,9745,9745,156,0
20250915,090000,9745,9745,9677,9685,44837,0
20250915,100000,9685,9685.8,9628.5,9653.5,109237,0
20250915,110000,9652.9,9664.7,9623.3,9624.8,67867,0
20250915,120000,9624,9627,9550,9552.9,157984,0
20250915,130000,9552.9,9607,9547,9575.7,89577,0
20250915,140000,9575.9,9596.9,9565.1,9591.7,51660,0
20250915,150000,9591.9,9615.7,9573.2,9599.8,62729,0
20250915,160000,9599.8,9655.8,9598.3,9629.7,93788,0
20250915,170000,9629.9,9646.7,9622.4,9643.8,45311,0
20250915,180000,9643.3,9658.7,9632.2,9658.1,25766,0
20250915,190000,9658.9,9690,9658.2,9678.5,32334,0
20250915,200000,9678.9,9683.4,9668.9,9682.2,9186,0
20250915,210000,9682.1,9686,9663,9667.2,10228,0
20250915,220000,9666.9,9684,9665,9675.9,3590,0
20250915,230000,9678.8,9685,9671.8,9684,3544,0
20250916,080000,9671,9671,9671,9671,25,0
20250916,090000,9673,9693.3,9640.4,9693.3,39382,0
20250916,100000,9690.5,9740.9,9665,9700.7,151705,0
20250916,110000,9701.6,9722.1,9696.6,9708.5,39109,0
20250916,120000,9707.7,9728,9685,9723.9,47062,0
20250916,130000,9725.1,9740.2,9725.1,9734.6,39799,0
20250916,140000,9733.1,9749,9722.4,9748.7,38269,0
20250916,150000,9748.9,9751.6,9727.4,9738,36366,0
20250916,160000,9739.8,9793.5,9734,9782,63141,0
20250916,170000,9781.2,9791.9,9735.2,9745.2,55280,0
20250916,180000,9745.5,9747.2,9701.1,9712.2,45653,0
20250916,190000,9715.3,9757.1,9715.3,9733.4,16674,0
20250916,200000,9732.3,9733.5,9721.5,9725.3,4601,0
20250916,210000,9725.7,9729,9723,9729,7027,0
20250916,220000,9728.9,9729,9721.5,9721.5,4056,0
20250916,230000,9722,9737.8,9721.6,9730.4,3726,0
20250917,080000,9711,9711,9711,9711,683,0
20250917,090000,9710.4,9719.5,9677.1,9709.9,48258,0
20250917,100000,9710,9738.6,9683.1,9701,66771,0
20250917,110000,9703.3,9703.5,9658,9660.8,51930,0
20250917,120000,9660.8,9684,9660.1,9666.5,36792,0
20250917,130000,9666,9674.9,9648.7,9668.4,51457,0
20250917,140000,9665.8,9711,9664.2,9679.3,69880,0
20250917,150000,9679.7,9711,9679.4,9709.8,24815,0
20250917,160000,9709.2,9715,9692.4,9712,33749,0
20250917,170000,9711.3,9713.9,9692.3,9697.8,24720,0
20250917,180000,9696.9,9704.6,9691.8,9700,31521,0
20250917,190000,9702,9720,9702,9718.9,18666,0
20250917,200000,9718.9,9730,9710,9722.2,17531,0
20250917,210000,9723.6,9782.1,9627.5,9654.3,141753,0
20250917,220000,9653.7,9694.4,9641.2,9677.8,43142,0
20250917,230000,9676.7,9686.3,9670,9680,8425,0
20250918,080000,9664.5,9664.5,9664.5,9664.5,102,0
20250918,090000,9664.5,9673.9,9634,9635.6,48732,0
20250918,100000,9634.1,9662.5,9611.8,9659.8,81311,0
20250918,110000,9659.7,9659.8,9590.4,9613.3,151528,0
20250918,120000,9615,9675.4,9601.3,9668.6,121690,0
20250918,130000,9669.1,9671.3,9634.5,9648.5,72921,0
20250918,140000,9648.4,9684.4,9639.9,9678.1,65244,0
20250918,150000,9678.2,9684.3,9671.6,9674,33382,0
20250918,160000,9673,9677.3,9631.8,9656,77959,0
20250918,170000,9656.2,9665,9636.1,9658.3,61415,0
20250918,180000,9659.5,9663.9,9641.9,9643.3,23881,0
20250918,190000,9648.1,9667.9,9646.8,9667,17004,0
20250918,200000,9668,9672,9661.7,9671,5660,0
20250918,210000,9671.6,9671.9,9658.5,9663.1,8338,0
20250918,220000,9663.6,9666,9660,9664.3,2291,0
20250918,230000,9663.9,9666,9660.1,9660.1,2483,0
20250919,080000,9673.3,9673.3,9673.3,9673.3,72,0
20250919,090000,9673.3,9692,9668.3,9676.8,15312,0
20250919,100000,9675.3,9679.6,9651.3,9658.4,66988,0
20250919,110000,9658.5,9712.4,9655,9699.9,41744,0
20250919,120000,9700,9725.8,9699.5,9717,46043,0
20250919,130000,9717.9,9722.9,9707.4,9717.6,30362,0
20250919,140000,9720.4,9720.4,9678.5,9684.7,32680,0
20250919,150000,9685.3,9700.2,9681.2,9690.6,26661,0
20250919,160000,9689.3,9716.4,9675.8,9710.1,44851,0
20250919,170000,9714.3,9735,9698.3,9727.3,37013,0
20250919,180000,9728.5,9749.9,9724.1,9733,44579,0
20250919,190000,9733,9754.8,9661,9751.9,35304,0
20250919,200000,9752,9780,9751.9,9779.9,17431,0
20250919,210000,9779.9,9787.6,9778.1,9783,11133,0
20250919,220000,9783,9785,9777.9,9781.9,5947,0
20250919,230000,9780.7,9794,9776,9776.1,6666,0
20250922,080000,9806,9806,9806,9806,1215,0
20250922,090000,9806.7,9900,9801,9890.5,67116,0
20250922,100000,9890.5,9910.2,9867.2,9871.8,69755,0
20250922,110000,9871.7,9879.2,9856.1,9863.9,48522,0
20250922,120000,9863.9,9883.7,9863.9,9875.3,26829,0
20250922,130000,9875.7,9877.3,9865,9872.3,29582,0
20250922,140000,9872.3,9878.9,9839,9849.8,53703,0
20250922,150000,9847.2,9870.2,9841.5,9866.3,23827,0
20250922,160000,9865.5,9876,9839,9861.1,28692,0
20250922,170000,9862.5,9867.3,9833.4,9857.7,25176,0
20250922,180000,9856.3,9882.9,9845,9877.3,28909,0
20250922,190000,9875,9907.1,9872.8,9895,18319,0
20250922,200000,9895.1,9939,9894,9930.8,23870,0
20250922,210000,9930.3,9944.6,9906,9930.2,22725,0
20250922,220000,9930.7,9945.9,9911.4,9935,10858,0
20250922,230000,9936,9945,9923.2,9936.4,3797,0
20250923,080000,9948,9948,9948,9948,190,0
20250923,090000,9948.8,9959.7,9932,9935.6,28622,0
20250923,100000,9935,9944,9901,9930.2,65440,0
20250923,110000,9930.1,9965.5,9910,9953.6,41815,0
20250923,120000,9952.6,9999.9,9948.2,9995.7,104380,0
20250923,130000,9995.8,10049,9992.7,10045.1,97370,0
20250923,140000,10041.1,10043,10019.1,10031.8,36699,0
20250923,150000,10030.8,10045.1,10025,10037.9,23890,0
20250923,160000,10037.3,10060,10033.8,10048.3,78043,0
20250923,170000,10046.7,10046.7,9991.3,10027.1,83523,0
20250923,180000,10027.2,10047.7,10023.6,10043,65664,0
20250923,190000,10044,10050,10005.7,10041.3,24103,0
20250923,200000,10041.3,10054.8,10030,10033.9,10112,0
20250923,210000,10034.2,10044.6,9997,9998.1,8750,0
20250923,220000,9997,10050,9987.8,10048,26442,0
20250923,230000,10047.9,10055,10037.3,10038.4,25018,0
20250924,080000,10054.5,10054.5,10054.5,10054.5,143,0
20250924,090000,10055,10080,10042.5,10064.9,21621,0
20250924,100000,10064,10088.8,10050.5,10057.5,51236,0
20250924,110000,10056.8,10057.1,10016,10037,58651,0
20250924,120000,10035.2,10043.6,10001.5,10007.5,43631,0
20250924,130000,10007.5,10007.8,9967.7,9970.2,52779,0
20250924,140000,9969.6,10006.8,9965,10003.1,42339,0
20250924,150000,10004.1,10006.2,9987.8,9993.2,22637,0
20250924,160000,9992.5,10008.5,9951,9961.8,45177,0
20250924,170000,9961.7,9990.7,9951,9976.8,47734,0
20250924,180000,9975.7,9985.5,9940.9,9944.4,30095,0
20250924,190000,9948.1,9958.4,9905.1,9921.2,37816,0
20250924,200000,9920.1,9921.2,9905.8,9911,10216,0
20250924,210000,9910.9,9913.4,9875.7,9885.8,29250,0
20250924,220000,9887.6,9905.6,9878,9901.9,14880,0
20250924,230000,9902.9,9925,9902.9,9921.8,9079,0
20250925,080000,9925,9925,9925,9925,47,0
20250925,090000,9925,9964.4,9903.8,9927,24841,0
20250925,100000,9929.8,9980,9907.3,9954.1,61521,0
20250925,110000,9954.9,9996.9,9954.9,9978.4,53425,0
20250925,120000,9978.9,9985.9,9954.2,9972,31684,0
20250925,130000,9972.9,10007.2,9972.6,9994.9,46475,0
20250925,140000,9992.2,9996.6,9957.5,9981.5,36556,0
20250925,150000,9981.8,9985.5,9947.5,9956.5,64068,0
20250925,160000,9955.6,9973.8,9924.7,9951.3,46679,0
20250925,170000,9952.8,9981.9,9940.3,9974,63499,0
20250925,180000,9974.1,9979,9949,9950.4,21389,0
20250925,190000,9960,9976.9,9931.5,9935.6,20791,0
20250925,200000,9936.6,9960,9924,9954.1,16270,0
20250925,210000,9954.4,9996,9940.1,9994,20870,0
20250925,220000,9994,9994,9963,9975.5,9600,0
20250925,230000,9975.8,9991.9,9970,9990,6743,0
20250926,090000,9978,9997,9964,9968.8,10163,0
20250926,100000,9968.4,9974,9952.6,9963,30134,0
20250926,110000,9960.6,9974.9,9947.7,9971,25353,0
20250926,120000,9971.3,9972.3,9958.2,9961.4,27848,0
20250926,130000,9962.1,9969.6,9932.6,9951.5,42370,0
20250926,140000,9951.6,9985,9946.3,9968.2,31844,0
20250926,150000,9967.4,9992.4,9967.2,9982.5,30565,0
20250926,160000,9983.4,10009,9975,9999.3,42923,0
20250926,170000,9998.8,10035.2,9998.6,10011,61304,0
20250926,180000,10007.2,10009.9,9982.1,9995.6,32424,0
20250926,190000,9999.1,10005,9983.6,9985.2,15490,0
20250926,200000,9987.6,10011,9987.6,10005.6,9501,0
20250926,210000,10003.8,10004,9984.6,9997.4,6275,0
20250926,220000,9996.4,9999.3,9965.5,9970.5,16235,0
20250926,230000,9969.7,9984.3,9969,9979.5,5337,0
20250927,100000,9984.7,9984.8,9961,9975.5,1346,0
20250927,110000,9977.7,9989.1,9976.8,9986.3,789,0
20250927,120000,9986.3,9987.7,9981.2,9986.6,323,0
20250927,130000,9986.5,9989,9981.2,9981.2,665,0
20250927,140000,9985.9,9988.5,9980.5,9988.5,226,0
20250927,150000,9987.7,9989,9979.7,9986.4,197,0
20250927,160000,9980.4,9985.4,9970,9979.2,644,0
20250927,170000,9978.4,9984.3,9972.2,9980,536,0
20250927,180000,9975.6,9980,9973,9980,294,0
20250928,100000,9980,9982.5,9976,9982.5,1227,0
20250928,110000,9982.5,9984,9976.2,9977,849,0
20250928,120000,9977.5,9987,9976.1,9982,364,0
20250928,130000,9981.4,9981.5,9977.6,9978.8,241,0
20250928,140000,9978.8,9979,9977.3,9977.3,199,0
20250928,150000,9977.2,9977.7,9974.1,9974.1,300,0
20250928,160000,9974.1,9979,9968.2,9978.9,1077,0
20250928,170000,9976,9979,9975,9978,107,0
20250928,180000,9976.6,9979,9975,9975,380,0
20250929,080000,10080,10080,10080,10080,1407,0
20250929,090000,10080.5,10134,10054,10088.9,40902,0
20250929,100000,10090.9,10094.3,10019.2,10034.5,57371,0
20250929,110000,10034.2,10074,10033.2,10070.2,37369,0
20250929,120000,10070,10071.4,10041.2,10048.5,22337,0
20250929,130000,10048.5,10084,10048.3,10073.4,45166,0
20250929,140000,10075.4,10101.3,10058.6,10093.7,58444,0
20250929,150000,10095,10104.1,10073.2,10088.2,73646,0
20250929,160000,10088.4,10099.8,10073.2,10078.7,30867,0
20250929,170000,10077.8,10097.5,10072.1,10083.7,27226,0
20250929,180000,10083.5,10102.7,10071.2,10101.6,30320,0
20250929,190000,10095.1,10120,10080.2,10109.6,15299,0
20250929,200000,10109.6,10112.6,10089.3,10095.7,9639,0
20250929,210000,10097.7,10102.3,10084,10091.9,3940,0
20250929,220000,10090.8,10100.7,10090.2,10096.5,3208,0
20250929,230000,10096.8,10115,10096.8,10114.9,3875,0
20250930,080000,10194.9,10194.9,10194.9,10194.9,1961,0
20250930,090000,10194.1,10199.9,10145.7,10147.6,49122,0
20250930,100000,10146.5,10168.9,10123.8,10135.1,73601,0
20250930,110000,10134.4,10138.9,10042.9,10052.2,136842,0
20250930,120000,10049.5,10054.5,9976.8,10000.1,156101,0
20250930,130000,9997.6,10030.6,9987.8,10011.9,52250,0
20250930,140000,10017.9,10029.8,9982.3,10017.4,43516,0
20250930,150000,10016.5,10025.8,9993.5,10011.7,36649,0
20250930,160000,10013.4,10021.5,9975.1,9985.3,106264,0
20250930,170000,9985.3,10050,9981.8,10043.1,100859,0
20250930,180000,10043.4,10045.6,10001.9,10031.9,63792,0
20250930,190000,10032.4,10059.2,10025.6,10051.6,18678,0
20250930,200000,10051.7,10057.1,10038.9,10045,6793,0
20250930,210000,10045,10059.4,10030.9,10059.4,6184,0
20250930,220000,10059.2,10100,10057.5,10089.2,18459,0
20250930,230000,10088.7,10090.3,10073,10088,8527,0
20251001,080000,10090,10090,10090,10090,637,0
20251001,090000,10091.3,10110.9,10050,10078.9,23202,0
20251001,100000,10078.9,10092.8,10032.1,10067.6,97783,0
20251001,110000,10067.9,10086.6,9993.5,10059,106015,0
20251001,120000,10059.1,10061.8,10019.2,10046.4,57669,0
20251001,130000,10046.5,10069.8,10033.3,10060.5,32628,0
20251001,140000,10057.9,10077.7,10049.5,10062.2,29110,0
20251001,150000,10061.9,10079.7,10032.3,10054.5,74552,0
20251001,160000,10051.8,10055,10018.4,10035.5,84594,0
20251001,170000,10034.3,10041.5,9980,10001,97837,0
20251001,180000,10000.1,10030,9982.5,10006.1,44770,0
20251001,190000,10008.5,10020,9985,9994.1,10070,0
20251001,200000,9998,10009.4,9985,9985,6189,0
20251001,210000,9985,9987.9,9962.4,9971.7,22668,0
20251001,220000,9971.8,9999,9971.7,9988.5,4995,0
20251001,230000,9987.4,9988.2,9973.5,9984.9,3399,0
20251002,080000,9980.5,9980.5,9980.5,9980.5,25,0
20251002,090000,9980.5,10006.6,9933,9941.2,30920,0
20251002,100000,9941.4,10013.2,9939.3,9986.6,67495,0
20251002,110000,9986.6,9990.2,9953.3,9981.9,26391,0
20251002,120000,9981.9,10020.3,9974.3,10015.8,46435,0
20251002,130000,10015.8,10048.5,10011.6,10045.9,68292,0
20251002,140000,10048.5,10055,10021.5,10040,38993,0
20251002,150000,10040.3,10050,10017.1,10026.4,30347,0
20251002,160000,10028.7,10073.7,10011.1,10015,60498,0
20251002,170000,10015.7,10019.3,9888,9931.1,128264,0
20251002,180000,9932.6,9946.9,9875.7,9889.7,74756,0
20251002,190000,9889.5,9912.8,9877.7,9895.1,51378,0
20251002,200000,9895.3,9909.3,9891.8,9898.8,10293,0
20251002,210000,9896,9920.4,9895.2,9918,10303,0
20251002,220000,9919.6,9973.6,9919.1,9962.5,26840,0
20251002,230000,9961.3,9971.5,9935,9959,8473,0
20251003,080000,9975,9975,9975,9975,156,0
20251003,090000,9966,9980,9933,9957.2,22631,0
20251003,100000,9956.8,10011.1,9950,10002,65326,0
20251003,110000,10001.7,10033.2,10001.7,10019.1,65593,0
20251003,120000,10019.7,10082.9,10019.2,10078.2,70914,0
20251003,130000,10079.5,10097,10064,10078.2,96851,0
20251003,140000,10080,10108,10054,10108,62955,0
20251003,150000,10107.7,10152.1,10104.8,10150.8,152459,0
20251003,160000,10151.8,10164.8,10119.5,10122.7,91167,0
20251003,170000,10125.5,10136.8,10081,10118.9,82427,0
20251003,180000,10120,10165.7,10097.9,10165,64210,0
20251003,190000,10164.6,10208.1,10150.6,10208,45660,0
20251003,200000,10208,10228.5,10182.8,10199,53854,0
20251003,210000,10200,10214.1,10198.6,10203.1,8957,0
20251003,220000,10203,10212.8,10203,10205,9552,0
20251003,230000,10204.4,10219,10201.8,10212.6,12146,0
20251004,090000,10210,10210,10210,10210,30,0
20251004,100000,10209.9,10221,10201,10220,1497,0
20251004,110000,10219,10220.4,10217.6,10217.6,1959,0
20251004,120000,10219.9,10220.2,10191.6,10193.8,3550,0
20251004,130000,10199.9,10219.9,10197.1,10215.8,1814,0
20251004,140000,10215,10215.8,10193.6,10213.9,1636,0
20251004,150000,10214,10214.9,10200,10212.3,492,0
20251004,160000,10212.3,10213,10201.2,10204.5,341,0
20251004,170000,10201.6,10211.5,10201.5,10209.2,1408,0
20251004,180000,10208.9,10210,10201,10203,813,0
20251005,090000,10200.2,10200.2,10200.2,10200.2,1,0
20251005,100000,10209.5,10209.7,10195,10207.8,633,0
20251005,110000,10207.4,10209.4,10203,10209.4,220,0
20251005,120000,10209.5,10215,10208.6,10214.5,1526,0
20251005,130000,10215,10222.2,10214.7,10220.4,1069,0
20251005,140000,10220.4,10225,10214.3,10222.3,1167,0
20251005,150000,10223.5,10248.8,10221,10235.9,4805,0
20251005,160000,10235.5,10237,10214,10220.3,1798,0
20251005,170000,10220.4,10233.7,10217,10231.9,540,0
20251005,180000,10231.9,10245,10220.8,10245,2771,0
20251006,080000,10327,10327,10327,10327,850,0
20251006,090000,10327,10421.8,10280.5,10407.5,123232,0
20251006,100000,10407.6,10411.4,10354.7,10375.9,140291,0
20251006,110000,10375.8,10390.3,10351,10374.9,59316,0
20251006,120000,10375.4,10414.4,10366.2,10409,60713,0
20251006,130000,10408.8,10420,10385.5,10396.1,34498,0
20251006,140000,10396.1,10408.9,10372.3,10392.4,53523,0
20251006,150000,10391.8,10422.5,10368,10375.5,49353,0
20251006,160000,10377.2,10398.7,10351.3,10379.2,34003,0
20251006,170000,10379.9,10414.5,10353.3,10380.9,67424,0
20251006,180000,10380.6,10392.2,10353,10364.4,40263,0
20251006,190000,10375,10403,10327.1,10340.5,20920,0
20251006,200000,10341.4,10369.8,10340.7,10363.8,6733,0
20251006,210000,10367.5,10382.1,10363.7,10374.7,6245,0
20251006,220000,10373.8,10388.8,10373.8,10377.6,3818,0
20251006,230000,10384.7,10400.2,10380,10381.7,13700,0
20251007,080000,10382,10382,10382,10382,67,0
20251007,090000,10389,10389,10303.6,10309.9,36844,0
20251007,100000,10309.8,10312.8,10245.9,10257,113238,0
20251007,110000,10255.1,10290.3,10235.2,10277,74858,0
20251007,120000,10277,10320,10270,10308.2,45029,0
20251007,130000,10309.9,10337.7,10309.9,10319.5,27581,0
20251007,140000,10318.4,10341.6,10300.9,10335.7,30156,0
20251007,150000,10336.7,10364.8,10319.5,10364.7,40799,0
20251007,160000,10364.7,10379.1,10341.6,10372.4,58771,0
20251007,170000,10374.4,10403,10358.3,10398.8,63548,0
20251007,180000,10399.5,10414.5,10321,10325.7,45890,0
20251007,190000,10331.8,10395.4,10320.4,10376.2,20713,0
20251007,200000,10376.4,10397.5,10371.3,10381.3,11673,0
20251007,210000,10380.7,10384.8,10355.3,10371.3,10761,0
20251007,220000,10370.2,10382,10367.5,10378,8699,0
20251007,230000,10379,10414.2,10374.1,10411.1,11536,0
20251008,080000,10504,10504,10504,10504,2100,0
20251008,090000,10504,10528.9,10450.1,10505.1,72122,0
20251008,100000,10505.8,10512,10463,10472.1,92015,0
20251008,110000,10472.3,10510.4,10468.7,10508.4,45047,0
20251008,120000,10507.2,10512.1,10475.9,10506.4,49557,0
20251008,130000,10505.6,10507,10454,10471.9,49433,0
20251008,140000,10471,10488.1,10464.5,10488,26416,0
20251008,150000,10488,10514,10480.3,10513,38780,0
20251008,160000,10512.4,10514.4,10454,10488.7,52904,0
20251008,170000,10488.8,10500.6,10447,10480,73456,0
20251008,180000,10480,10491.9,10465,10482.8,24793,0
20251008,190000,10481.7,10534.9,10480,10507,38989,0
20251008,200000,10507.5,10517.3,10481.3,10496.5,19416,0
20251008,210000,10496.4,10506.8,10468.4,10505.2,13950,0
20251008,220000,10504,10506.8,10476.7,10488.1,16838,0
20251008,230000,10485.7,10490,10476.7,10478,6777,0
20251009,080000,10488.7,10488.7,10488.7,10488.7,50,0
20251009,090000,10478.1,10488.7,10435.6,10447,36793,0
20251009,100000,10447,10498,10447,10481.5,54748,0
20251009,110000,10482.6,10517.3,10476,10505.8,51518,0
20251009,120000,10506,10517.4,10483.9,10517.3,53437,0
20251009,130000,10517.3,10533,10510.5,10527.9,49221,0
20251009,140000,10527.5,10533,10501.8,10522.1,40149,0
20251009,150000,10522,10538.9,10506.8,10538.4,25563,0
20251009,160000,10539,10552.7,10483.6,10488.2,80922,0
20251009,170000,10486.4,10508.9,10437.7,10476.9,86155,0
20251009,180000,10476,10484.6,10412.5,10436.9,51352,0
20251009,190000,10435,10463,10299.3,10314.4,98403,0
20251009,200000,10314.1,10318.3,10260,10281.8,74557,0
20251009,210000,10278.5,10338.9,10276.4,10308.1,30779,0
20251009,220000,10308.1,10365.6,10300,10343.9,27729,0
20251009,230000,10342.5,10366.7,10341.5,10341.5,6849,0
20251010,090000,10341,10388.4,10325.6,10340.7,28472,0
20251010,100000,10339.1,10345.8,10273.5,10319.1,68972,0
20251010,110000,10318.7,10388.8,10315,10375.4,60108,0
20251010,120000,10375.5,10411,10366,10400,49006,0
20251010,130000,10399.8,10404.4,10377.6,10383.9,52915,0
20251010,140000,10383.9,10399,10376,10377.4,18817,0
20251010,150000,10379.6,10390.5,10366.1,10375.1,30689,0
20251010,160000,10375.1,10404.1,10355,10360,57545,0
20251010,170000,10359.5,10397.1,10340,10386.2,54539,0
20251010,180000,10387.6,10450,10383.3,10425.4,73847,0
20251010,190000,10412.6,10433.6,10376.3,10400.2,17053,0
20251010,200000,10399,10429,10382.1,10416.6,10596,0
20251010,210000,10412.7,10445.3,10406.3,10421.8,9806,0
20251010,220000,10421.9,10478,10412.7,10460.3,17225,0
20251010,230000,10461.9,10475,10447.8,10475,13633,0
20251011,090000,10459.5,10459.5,10459.5,10459.5,36,0
20251011,100000,10456,10495.1,10451.7,10480,5489,0
20251011,110000,10480.1,10493,10479,10492.6,1143,0
20251011,120000,10490.1,10493,10477.3,10491.9,3476,0
20251011,130000,10491.9,10493,10482.5,10483,788,0
20251011,140000,10487.4,10488.3,10456.8,10468.7,3121,0
20251011,150000,10468.7,10484.8,10468.7,10484.1,552,0
20251011,160000,10483.3,10483.3,10472.5,10476.9,248,0
20251011,170000,10475.6,10485.5,10472.9,10485.5,558,0
20251011,180000,10485.4,10485.8,10480.4,10485.5,527,0
20251012,090000,10484.5,10484.5,10484.5,10484.5,4,0
20251012,100000,10484.4,10492,10470,10489.1,1327,0
20251012,110000,10489.2,10490.4,10485.5,10485.5,313,0
20251012,120000,10485.8,10490,10485.1,10489,878,0
20251012,130000,10486.3,10493,10486.3,10486.3,816,0
20251012,140000,10490,10495,10486.4,10490.7,1485,0
20251012,150000,10493.5,10524.6,10488,10509.4,5121,0
20251012,160000,10509.3,10511.7,10490,10498.3,2891,0
20251012,170000,10501.1,10514,10498.1,10514,3174,0
20251012,180000,10513.9,10514,10505.2,10513.1,3082,0
20251013,080000,10572.5,10572.5,10572.5,10572.5,901,0
20251013,090000,10569,10619.9,10538,10588,64947,0
20251013,100000,10588,10588.7,10521.4,10524.1,90123,0
20251013,110000,10523.4,10543,10506,10530.1,104895,0
20251013,120000,10528.8,10547.9,10513.2,10543.8,57619,0
20251013,130000,10541.4,10541.6,10517.4,10529.5,23913,0
20251013,140000,10529.8,10536.7,10524.6,10532.3,27961,0
20251013,150000,10531.9,10546,10526.6,10532.1,55563,0
20251013,160000,10532,10553.1,10522,10549.1,78068,0
20251013,170000,10549.1,10566.5,10527.1,10548.8,41059,0
20251013,180000,10546.7,10564.7,10526.4,10535,40154,0
20251013,190000,10540.5,10564,10531,10550.8,17487,0
20251013,200000,10549.3,10561.9,10536.4,10541.3,10717,0
20251013,210000,10541.3,10555,10535,10546.8,4714,0
20251013,220000,10549.4,10551,10528,10546.5,9546,0
20251013,230000,10547.5,10580,10546.2,10566.4,6826,0
20251014,080000,10572,10572,10572,10572,145,0
20251014,090000,10572,10600,10461,10516.2,70386,0
20251014,100000,10516.1,10559.9,10477.9,10513.4,99151,0
20251014,110000,10511.8,10578.1,10503.4,10567.4,90624,0
20251014,120000,10567.7,10589,10545.9,10564.3,43592,0
20251014,130000,10567.2,10610.9,10563,10573.3,71324,0
20251014,140000,10575.8,10582,10545.3,10553.7,30168,0
20251014,150000,10553.8,10573.2,10510.9,10516.3,58095,0
20251014,160000,10515.1,10563.9,10503.5,10551.3,50268,0
20251014,170000,10551.2,10585.2,10549,10559.7,47622,0
20251014,180000,10557.3,10579,10540,10543,18986,0
20251014,190000,10548.4,10591.4,10520,10560,23730,0
20251014,200000,10557.8,10579.6,10550,10573.3,5152,0
20251014,210000,10575,10581,10568.9,10576.6,3394,0
20251014,220000,10578.2,10585,10541.3,10562.8,5079,0
20251014,230000,10564.4,10578.9,10562.4,10566.6,2993,0
20251015,080000,10628.6,10628.6,10628.6,10628.6,2603,0
20251015,090000,10629,10669.2,10603.3,10637.3,54072,0
20251015,100000,10641.8,10655,10612,10627,79002,0
20251015,110000,10626.4,10666.6,10612,10642,59237,0
20251015,120000,10642.1,10647.2,10556,10616.4,82318,0
20251015,130000,10618,10635.2,10611.1,10623.7,27425,0
20251015,140000,10622.6,10628,10607,10608.9,24924,0
20251015,150000,10611.5,10617.6,10569,10588.5,46885,0
20251015,160000,10588.6,10599.7,10562,10573.1,34394,0
20251015,170000,10572,10624.4,10568.7,10601.9,54019,0
20251015,180000,10603.4,10624,10572.2,10577,33506,0
20251015,190000,10575.9,10614,10573.5,10606.9,10412,0
20251015,200000,10606.4,10606.5,10574.2,10597,8067,0
20251015,210000,10598.4,10605.7,10589.4,10604.5,9401,0
20251015,220000,10604.5,10622.5,10590.2,10605.6,15751,0
20251015,230000,10606,10628.6,10596.6,10617.4,8209,0
20251016,080000,10615,10615,10615,10615,194,0
20251016,090000,10600.1,10619.6,10567.8,10607.4,32079,0
20251016,100000,10608.9,10767,10607.4,10699,197249,0
20251016,110000,10699.2,10716.3,10665,10675.3,64853,0
20251016,120000,10674.8,10736.5,10672.9,10723.9,63836,0
20251016,130000,10724.5,10785,10724.5,10778,74173,0
20251016,140000,10777.9,10867.5,10764.2,10830.2,124650,0
20251016,150000,10832,10934.5,10824,10890.3,116468,0
20251016,160000,10893.8,10970,10893.8,10965.8,84612,0
20251016,170000,10965.7,11016.2,10938.3,10951.7,163602,0
20251016,180000,10950.7,10991.9,10945.1,10969,52616,0
20251016,190000,10970,11057.9,10969.3,11034.7,81339,0
20251016,200000,11034.8,11036.7,10968.1,11021.6,50022,0
20251016,210000,11021.6,11021.8,10970,11010.7,31160,0
20251016,220000,11006.3,11049.4,11004,11044,19547,0
20251016,230000,11044,11186.1,11038.2,11135.2,51501,0
20251017,080000,11219.4,11219.4,11219.4,11219.4,1607,0
20251017,090000,11219.4,11344.2,11200.1,11305.6,139155,0
20251017,100000,11306.2,11377.4,11210,11257.6,232519,0
20251017,110000,11259.2,11272,11195,11242.7,112591,0
20251017,120000,11240.8,11288.9,11223,11273.3,67395,0
20251017,130000,11271.4,11291,11252.1,11276.1,76543,0
20251017,140000,11273.3,11309.1,11212.1,11214.7,94315,0
20251017,150000,11212.3,11307.2,11207,11288.4,92212,0
20251017,160000,11287.3,11293.9,11142.3,11177.1,142942,0
20251017,170000,11176.7,11179.6,11005.7,11051.7,337768,0
20251017,180000,11052.7,11091.7,11000.2,11054.1,86679,0
20251017,190000,11051.7,11055.1,10890,10916.6,101266,0
20251017,200000,10917.8,10994.1,10866,10970.7,79522,0
20251017,210000,10969.5,11071.1,10957.4,11040.9,48092,0
20251017,220000,11042,11049.3,10958,11018.1,34942,0
20251017,230000,11015.9,11094.9,10989.7,11070.9,15536,0
20251018,090000,11070.9,11070.9,11070.9,11070.9,56,0
20251018,100000,11071,11117.2,11019,11051.7,11211,0
20251018,110000,11058.3,11062.6,10995,11017.9,10519,0
20251018,120000,11019.4,11027.1,11008.8,11015.5,2504,0
20251018,130000,11011,11023.4,11010.9,11020,1979,0
20251018,140000,11020,11022.2,10961,10990.9,5311,0
20251018,150000,10990.8,10999.9,10976,10982.6,1593,0
20251018,160000,10982.6,10996.5,10965.4,10977,3605,0
20251018,170000,10976.5,11014.4,10969.8,10993.7,2713,0
20251018,180000,11002.7,11018.7,10993.6,11006.8,952,0
20251019,090000,11010,11010,11010,11010,24,0
20251019,100000,11010.1,11010.2,10960.1,10982,7097,0
20251019,110000,10982,10986.5,10975,10983.9,1018,0
20251019,120000,10980.1,10999,10980,10998.4,1023,0
20251019,130000,10997.7,11008.8,10991.6,10997.4,1584,0
20251019,140000,10999.9,11039,10997.4,11021.1,2819,0
20251019,150000,11021.1,11065,11020,11064.9,3122,0
20251019,160000,11064.9,11069,11032.5,11054.9,3369,0
20251019,170000,11056.1,11069.2,11031.3,11066,2939,0
20251019,180000,11066,11078.2,11050,11050.1,3639,0
20251020,080000,11093,11093,11093,11093,1005,0
20251020,090000,11093,11093,10951.1,10985.9,71108,0
20251020,100000,10984.2,11081.8,10961,11038.9,91992,0
20251020,110000,11038.7,11073.5,11034,11041.1,57233,0
20251020,120000,11041.1,11043,10991.5,11024.1,61094,0
20251020,130000,11025.2,11045,11007.1,11036,49094,0
20251020,140000,11038.3,11108.5,11015.1,11107.6,41066,0
20251020,150000,11106.3,11222.3,11096.8,11206,115123,0
20251020,160000,11205.9,11209,11141.6,11148.5,85534,0
20251020,170000,11147.8,11230,11134.9,11204.6,84747,0
20251020,180000,11204.9,11228.3,11200,11210,41990,0
20251020,190000,11210,11226.9,11189.8,11221.2,20182,0
20251020,200000,11219,11226.9,11200,11222.4,16510,0
20251020,210000,11221.5,11279.9,11219.7,11275.3,23589,0
20251020,220000,11273.7,11320.3,11270.8,11305.5,24192,0
20251020,230000,11302,11305.9,11228.8,11285.1,34532,0
20251021,080000,11226,11226,11226,11226,592,0
20251021,090000,11225,11288.3,11163.5,11279.9,60652,0
20251021,100000,11279.9,11284.7,11103.9,11129.2,166191,0
20251021,110000,11127.5,11152.8,11033.2,11134.2,158291,0
20251021,120000,11136.1,11152.1,11084.3,11146.1,78431,0
20251021,130000,11147.1,11188,11119,11148.3,70151,0
20251021,140000,11154.8,11174.4,11096.1,11104.2,75234,0
20251021,150000,11104.1,11113.3,10981,11002.5,148209,0
20251021,160000,11000.2,11046,10901,10910.4,164364,0
20251021,170000,10911.7,10915.8,10668.6,10803.7,366704,0
20251021,180000,10803.4,10857,10741.3,10814,171403,0
20251021,190000,10815.1,10857,10721.7,10759,65490,0
20251021,200000,10759,10775.1,10711.7,10765.6,41029,0
20251021,210000,10770.9,10825,10756.1,10788.5,36092,0
20251021,220000,10788.5,10803.9,10741.3,10768.2,16459,0
20251021,230000,10766.1,10809.5,10760.9,10806,19348,0
20251022,080000,10810,10810,10810,10810,513,0
20251022,090000,10811.8,10925.2,10771,10905.9,59165,0
20251022,100000,10904.9,10976.7,10871.8,10900.9,199435,0
20251022,110000,10902.1,10910.3,10664.3,10685.1,340779,0
20251022,120000,10688.4,10763.7,10676.4,10693.6,143741,0
20251022,130000,10692.5,10760,10573.5,10593.9,144721,0
20251022,140000,10587.1,10601,10504.2,10536.6,217664,0
20251022,150000,10537,10640.6,10526.5,10579.4,133622,0
20251022,160000,10580.2,10675,10570,10650.9,112856,0
20251022,170000,10652.7,10658.6,10490.8,10509.2,142691,0
20251022,180000,10508,10572.5,10505.4,10541.2,79188,0
20251022,190000,10540,10597.4,10506.6,10579.4,38167,0
20251022,200000,10578.6,10615.2,10545,10612.8,25593,0
20251022,210000,10612.4,10646.6,10609,10618.7,26356,0
20251022,220000,10618.8,10785,10618.7,10739.7,76426,0
20251022,230000,10742,10787.5,10691.6,10764.6,46433,0
20251023,080000,10800,10800,10800,10800,964,0
20251023,090000,10790,10850,10731.8,10771.8,116745,0
20251023,100000,10769.4,10769.4,10620.2,10636.3,156268,0
20251023,110000,10635.7,10749.2,10634.1,10741.4,124441,0
20251023,120000,10742.9,10764.5,10714.8,10743.5,67013,0
20251023,130000,10743.5,10748,10702.7,10715.1,44157,0
20251023,140000,10718.5,10752.4,10709.4,10735.1,69651,0
20251023,150000,10734.9,10796.9,10722.1,10768.6,67805,0
20251023,160000,10771,10844.4,10754.8,10836.1,75633,0
20251023,170000,10836.6,10859.1,10801.4,10816,58439,0
20251023,180000,10815.8,10833.9,10807.3,10808.2,23748,0
20251023,190000,10816.1,10831,10767,10789.4,24786,0
20251023,200000,10787.7,10814.5,10770,10813.9,13671,0
20251023,210000,10813,10822.1,10790,10793.5,7444,0
20251023,220000,10793,10802.8,10743.8,10752.9,36187,0
20251023,230000,10753.7,10770.9,10730,10770,13259,0
20251024,080000,10750,10750,10750,10750,300,0
20251024,090000,10748.3,10748.3,10670,10690.7,46637,0
20251024,100000,10695.5,10710,10600,10620.9,114237,0
20251024,110000,10616.7,10629.8,10555.5,10583,120031,0
20251024,120000,10580,10605,10567.5,10582.8,53323,0
20251024,130000,10582.8,10618.7,10505.8,10528.2,97621,0
20251024,140000,10527,10539.3,10436.6,10515.7,144694,0
20251024,150000,10516.7,10541.4,10464.5,10540.7,108006,0
20251024,160000,10541.4,10621.2,10525.3,10532,140382,0
20251024,170000,10533.1,10605.6,10509.2,10543.6,73452,0
20251024,180000,10545.9,10575,10533.2,10558.1,33460,0
20251024,190000,10560,10608.4,10553.3,10560,23497,0
20251024,200000,10563.2,10588.7,10520.2,10525,17317,0
20251024,210000,10523.3,10567.5,10515,10549.4,9896,0
20251024,220000,10549.3,10589.8,10508.2,10509.3,15403,0
20251024,230000,10509.8,10539.4,10493.4,10524.2,15347,0
20251027,080000,10488.9,10488.9,10488.9,10488.9,380,0
20251027,090000,10488.4,10509,10350,10372.7,69147,0
20251027,100000,10375.6,10386.7,10274.2,10324.4,131334,0
20251027,110000,10324.5,10348,10237.4,10284.6,115523,0
20251027,120000,10285,10310,10238.2,10298.6,96523,0
20251027,130000,10298.6,10299.2,10258.9,10265.7,42140,0
20251027,140000,10268.1,10274,10207.5,10253.9,59473,0
20251027,150000,10249.3,10304,10249.3,10303,71852,0
20251027,160000,10304,10316.8,10225.7,10240,72461,0
20251027,170000,10240,10242.6,10090.8,10117,225286,0
20251027,180000,10117.9,10230,10102.9,10225.9,88563,0
20251027,190000,10227.9,10271,10209.6,10257.1,35366,0
20251027,200000,10258.5,10290.8,10246.5,10285,26398,0
20251027,210000,10283.4,10296.9,10255,10256,19054,0
20251027,220000,10256,10273.4,10223,10233.9,11581,0
20251027,230000,10235.3,10273.3,10205.1,10206,10723,0
20251028,080000,10173,10173,10173,10173,210,0
20251028,090000,10173,10173,10052.9,10134.8,86054,0
20251028,100000,10134.8,10168,10047.1,10103,121266,0
20251028,110000,10105.3,10122,10053.1,10053.1,106769,0
20251028,120000,10055.8,10075.8,10014,10035.2,129308,0
20251028,130000,10036.5,10069.2,10015,10044.3,70728,0
20251028,140000,10042.2,10046.5,10008,10023.9,83266,0
20251028,150000,10024.1,10069.5,9958.6,9981.3,105488,0
20251028,160000,9981.4,10048.3,9981.4,10047.8,73900,0
20251028,170000,10048,10099,10036.9,10066.5,93261,0
20251028,180000,10066.2,10097.6,10064.8,10083,34693,0
20251028,190000,10085.1,10106.3,10068.4,10081,28768,0
20251028,200000,10080.7,10129.1,10077.3,10109.1,25880,0
20251028,210000,10107.5,10110,10051.5,10087.1,19100,0
20251028,220000,10084.2,10100,10068,10095,13259,0
20251028,230000,10093.8,10098.3,10065.6,10085.5,7699,0
20251029,080000,10099,10099,10099,10099,190,0
20251029,090000,10100,10206,10090.7,10170.6,58252,0
20251029,100000,10170,10203,10148.2,10185.5,119372,0
20251029,110000,10185.5,10237.3,10181.7,10234.5,107825,0
20251029,120000,10234.2,10311,10234.2,10300,68312,0
20251029,130000,10300,10343,10286,10335.1,89687,0
20251029,140000,10338.3,10342.9,10285.5,10307.7,45609,0
20251029,150000,10306.2,10344.4,10297.1,10322.7,40059,0
20251029,160000,10321.3,10322.4,10281.4,10307.5,54904,0
20251029,170000,10306.9,10330.3,10281.1,10288,73006,0
20251029,180000,10286.5,10319,10271.2,10277,37476,0
20251029,190000,10271.1,10286.4,10240.5,10268.9,21586,0
20251029,200000,10268,10287.7,10250.5,10285.1,25374,0
20251029,210000,10285,10316.7,10128.4,10194.8,108113,0
20251029,220000,10191.2,10220,10086,10124.4,68056,0
20251029,230000,10123.6,10149.9,10102.8,10114.8,25945,0
20251030,080000,10160,10160,10160,10160,1147,0
20251030,090000,10160,10278.2,10160,10274.4,52692,0
20251030,100000,10274,10302,10220.3,10244.7,100279,0
20251030,110000,10245,10292.7,10244,10290.3,79554,0
20251030,120000,10290.6,10389.2,10290.1,10358.9,118353,0
20251030,130000,10358.7,10362.5,10299.3,10331.4,77438,0
20251030,140000,10325,10330.5,10279.7,10289,74558,0
20251030,150000,10287.6,10342.1,10260,10264.1,102816,0
20251030,160000,10262.2,10343.7,10250.9,10341.8,77831,0
20251030,170000,10342,10375.2,10290,10345.5,116212,0
20251030,180000,10342.9,10374.7,10317,10362.8,47914,0
20251030,190000,10362.5,10370.7,10334.4,10368.3,27672,0
20251030,200000,10368.3,10415.3,10345.5,10375,36441,0
20251030,210000,10375,10429.8,10370.2,10423.1,24678,0
20251030,220000,10423.2,10454.8,10383.3,10435.3,44975,0
20251030,230000,10434.6,10451.1,10400.4,10451.1,13861,0
20251031,080000,10425.7,10425.7,10425.7,10425.7,119,0
20251031,090000,10420,10440,10300,10401.7,58199,0
20251031,100000,10399.8,10476,10376.3,10436.7,124742,0
20251031,110000,10435.3,10456.8,10416,10423.2,46167,0
20251031,120000,10422.1,10435.3,10402.5,10423.2,47689,0
20251031,130000,10423.9,10441.8,10413,10428,25159,0
20251031,140000,10427.9,10443.2,10420.1,10438.2,15413,0
20251031,150000,10439.6,10496.9,10438.8,10440.5,46112,0
20251031,160000,10440.5,10470,10415,10421.2,81273,0
20251031,170000,10420.7,10455.5,10387.6,10420.3,61723,0
20251031,180000,10420.2,10421.8,10381,10394.8,21634,0
20251031,190000,10390.8,10390.8,10282.2,10311.9,55735,0
20251031,200000,10311,10380.5,10308,10359.8,23130,0
20251031,210000,10360.2,10389,10347.6,10359.8,11719,0
20251031,220000,10359.2,10377.1,10331.3,10366.8,12432,0
20251031,230000,10366.1,10389.5,10346.3,10385.4,12327,0
20251101,080000,10390,10390,10390,10390,37,0
20251101,090000,10385.4,10423,10337.3,10347.9,8060,0
20251101,100000,10346.3,10382.3,10319.2,10342.5,31329,0
20251101,110000,10340.2,10349,10331.2,10348.4,8770,0
20251101,120000,10348.4,10364.4,10331.6,10362.8,19735,0
20251101,130000,10360.3,10369.8,10347,10357.8,6072,0
20251101,140000,10357.7,10408.5,10357.7,10407.3,11132,0
20251101,150000,10407.3,10425.9,10395,10399.2,18405,0
20251101,160000,10403.4,10410.4,10393.2,10396.3,6316,0
20251101,170000,10398.2,10416.9,10391.3,10414.4,9331,0
20251101,180000,10414.1,10420,10397.5,10413.3,16760,0
20251101,190000,10409.3,10412.9,10400,10410.1,3491,0
20251101,200000,10411.5,10418,10403.8,10406,1841,0
20251101,210000,10407.3,10420,10404.5,10409,1704,0
20251101,220000,10409,10411.3,10406.3,10408.4,1162,0
20251101,230000,10409,10416.9,10409,10412.5,1800,0
20251103,090000,10413,10450.9,10412.5,10442.4,15254,0
20251103,100000,10444.7,10464.8,10370.8,10420.7,39544,0
20251103,110000,10420.6,10443.4,10390.2,10418.6,24665,0
20251103,120000,10415.9,10429.2,10353,10371.1,31768,0
20251103,130000,10370.5,10384.3,10314.8,10330.6,39522,0
20251103,140000,10334.9,10338.3,10290.6,10314.9,35493,0
20251103,150000,10315.2,10348.4,10302.4,10342.5,29527,0
20251103,160000,10341,10359,10327.8,10348.1,19097,0
20251103,170000,10350,10363.9,10306,10344,26309,0
20251103,180000,10344.8,10371.2,10296,10331.3,38338,0
20251103,190000,10322.8,10322.8,10280.1,10309.3,28259,0
20251103,200000,10309.3,10312,10290.2,10301.3,6151,0
20251103,210000,10301,10323.8,10287.3,10320.5,6997,0
20251103,220000,10320.4,10326.6,10298.1,10319.1,7274,0
20251103,230000,10321.8,10346,10315.8,10327,15868,0
20251105,090000,10238.6,10278,10188,10260.6,40351,0
20251105,100000,10262,10361.2,10260.3,10356.8,128669,0
20251105,110000,10358.7,10383.8,10346.5,10352,115615,0
20251105,120000,10350.9,10362,10327.1,10334,81633,0
20251105,130000,10333.6,10368,10315.8,10356,70764,0
20251105,140000,10348.4,10365.9,10330.9,10357.5,24039,0
20251105,150000,10355.2,10369,10332,10347,29763,0
20251105,160000,10346.9,10373.7,10341.6,10372,28428,0
20251105,170000,10371.7,10392,10337.8,10356,60155,0
20251105,180000,10353.8,10387.5,10334.9,10380.8,27280,0
20251105,190000,10381.4,10409,10368.7,10401.8,15185,0
20251105,200000,10404.2,10409,10375.5,10389,14748,0
20251105,210000,10389,10397.4,10380.3,10395.2,4822,0
20251105,220000,10395.2,10414,10383.5,10410.3,6473,0
20251105,230000,10410.3,10411.2,10385,10388,4993,0
20251106,090000,10394.7,10429.9,10357,10426.8,21798,0
20251106,100000,10428,10462.2,10401,10432.8,90206,0
20251106,110000,10432.6,10497.9,10426.4,10462.1,57949,0
20251106,120000,10460.5,10464.5,10426.3,10428.6,38809,0
20251106,130000,10427.9,10429,10406.3,10410.8,42847,0
20251106,140000,10407.3,10464,10402.9,10458.8,44001,0
20251106,150000,10456.6,10460.6,10421.4,10429.2,23440,0
20251106,160000,10429.2,10452,10419,10431.3,22586,0
20251106,170000,10431.3,10431.8,10370,10373.2,74118,0
20251106,180000,10372.2,10386.8,10345,10358.7,35600,0
20251106,200000,10377,10406.1,10352.3,10386.4,27133,0
20251106,210000,10382.6,10416,10369.1,10405.3,16050,0
20251106,220000,10405.3,10430,10388.8,10399.2,11863,0
20251106,230000,10401.6,10409,10386,10391.5,5737,0
20251107,090000,10405.2,10476.7,10405.1,10466.6,28301,0
20251107,100000,10466.6,10474,10418,10428,55097,0
20251107,110000,10429,10445,10408.6,10442.4,36365,0
20251107,120000,10444.3,10449.9,10416.2,10421.6,28141,0
20251107,130000,10421.2,10427.2,10410,10422.7,20127,0
20251107,140000,10426.2,10427.1,10400,10416.6,24667,0
20251107,150000,10416.3,10430,10391.8,10395,18098,0
20251107,160000,10395,10398.9,10358.7,10369.5,47509,0
20251107,170000,10369.3,10386.5,10338.5,10357.9,50517,0
20251107,180000,10357.9,10372.9,10338.8,10340.7,18276,0
20251107,190000,10348.9,10436,10340,10396,45438,0
20251107,200000,10398.4,10406.1,10367.1,10400.8,16645,0
20251107,210000,10401.3,10410,10384,10397.8,10197,0
20251107,220000,10397.8,10409.1,10388.2,10402,5823,0
20251107,230000,10401.6,10405.4,10384.7,10405.4,5785,0
20251108,100000,10388.8,10407,10388.7,10402.6,598,0
20251108,110000,10402.6,10409.5,10400,10409.5,724,0
20251108,120000,10409,10410,10400,10405,510,0
20251108,130000,10405,10415,10401.9,10403.5,587,0
20251108,140000,10409.2,10409.2,10400,10408.8,457,0
20251108,150000,10403.2,10409.1,10400.7,10402.4,193,0
20251108,160000,10405.6,10408.8,10393,10406.7,661,0
20251108,170000,10406.5,10406.7,10400,10405.8,85,0
20251108,180000,10405.8,10418,10382.1,10394.2,1657,0
20251109,100000,10394.2,10409,10385.1,10403.3,379,0
20251109,110000,10407.5,10408.1,10377.8,10386.6,1048,0
20251109,120000,10386.6,10401,10385.5,10401,382,0
20251109,130000,10401,10404.6,10394.5,10403.5,209,0
20251109,140000,10403.5,10403.5,10397.4,10402.2,124,0
20251109,150000,10400,10401.9,10397.8,10401.9,35,0
20251109,160000,10402.1,10403.1,10398,10402.3,146,0
20251109,170000,10402.1,10407.5,10398,10401.6,382,0
20251109,180000,10402.5,10410,10400.5,10408.7,437,0
20251110,090000,10539.5,10600,10526.1,10573.1,62398,0
20251110,100000,10573.3,10605.9,10548.1,10578,83927,0
20251110,110000,10577,10609.2,10574.7,10590.4,55344,0
20251110,120000,10590.5,10605.1,10579.5,10594.1,35631,0
20251110,130000,10595.2,10624.7,10594,10615.3,36816,0
20251110,140000,10615.1,10625.5,10603.9,10621.4,21035,0
20251110,150000,10621.5,10689,10621.5,10676,51386,0
20251110,160000,10676.3,10687.5,10631.8,10637.3,43772,0
20251110,170000,10635.5,10655.8,10610.5,10630.2,61113,0
20251110,180000,10630,10662.4,10622.5,10623.8,37328,0
20251110,190000,10636.4,10674.1,10636.4,10671.1,22865,0
20251110,200000,10671.2,10680,10666,10675.5,8394,0
20251110,210000,10675.6,10724,10674.1,10703.6,20668,0
20251110,220000,10703.2,10724.2,10699.7,10720.8,10890,0
20251110,230000,10721.1,10731.4,10701,10723.3,12802,0
20251111,090000,10752.7,10786,10713,10763.8,32135,0
20251111,100000,10763.5,10819.8,10753,10781.2,69523,0
20251111,110000,10781.2,10799,10770.3,10787.9,29376,0
20251111,120000,10790.3,10801.1,10777,10789.5,23762,0
20251111,130000,10789.5,10794,10773,10781.2,21653,0
20251111,140000,10784.4,10805.6,10782.1,10798.3,39567,0
20251111,150000,10799.1,10801.8,10759.9,10759.9,28140,0
20251111,160000,10759.9,10767.1,10728.2,10743,62417,0
20251111,170000,10743,10743,10668.8,10691,56170,0
20251111,180000,10686.4,10695.8,10627.5,10660,55933,0
20251111,190000,10660,10684,10641.4,10678.8,21342,0
20251111,200000,10679.4,10701.5,10677.1,10689,16409,0
20251111,210000,10690,10693,10660.5,10691.3,12468,0
20251111,220000,10692,10736.5,10687.1,10728.2,16266,0
20251111,230000,10727.3,10747.4,10726.2,10730.4,7835,0
20251112,090000,10670,10719.6,10649,10700.1,19099,0
20251112,100000,10703.6,10742.9,10675.1,10699,57087,0
20251112,110000,10699.9,10754.7,10690.4,10752.4,62916,0
20251112,120000,10752.2,10754.5,10712,10720.5,26193,0
20251112,130000,10720,10742.1,10713.4,10741.2,23415,0
20251112,140000,10741.2,10748.1,10718,10721,21393,0
20251112,150000,10720.3,10736.8,10716.8,10729.3,46345,0
20251112,160000,10729,10738.5,10715.5,10722.8,70693,0
20251112,170000,10723.1,10756.6,10723,10752.7,35199,0
20251112,180000,10752.9,10860.3,10750,10834.8,80013,0
20251112,190000,10856.3,10893.3,10835,10890,46335,0
20251112,200000,10891.3,10906.6,10867.8,10878.9,21881,0
20251112,210000,10878.9,10914.4,10854.8,10903.4,21585,0
20251112,220000,10903,10905,10857.2,10878.1,14418,0
20251112,230000,10877.5,10900,10864,10887.9,9114,0
20251113,090000,10910,10919.7,10825,10873.1,41699,0
20251113,100000,10873.2,10918,10855,10913.9,110043,0
20251113,110000,10913.6,10978.2,10911.7,10924,95485,0
20251113,120000,10923.9,10953.1,10895,10942.6,36375,0
20251113,130000,10942.4,10958.8,10906,10919,32767,0
20251113,140000,10919,10930,10881,10907.4,46506,0
20251113,150000,10905.3,10962.8,10896.7,10957.8,25327,0
20251113,160000,10956,10957.8,10902.6,10954.4,49246,0
20251113,170000,10953.9,10953.9,10843.6,10872.2,80139,0
20251113,180000,10872,10907,10858.8,10883,40621,0
20251113,190000,10894.5,10934.2,10890.4,10914.8,16839,0
20251113,200000,10915,10917.6,10875,10892.5,9851,0
20251113,210000,10889.7,10899.7,10747.1,10785.3,52746,0
20251113,220000,10785.3,10834.2,10754.6,10810.4,31751,0
20251113,230000,10810.4,10831.8,10805.3,10830.5,10115,0
20251114,090000,10871.1,10947,10855.2,10899,50487,0
20251114,100000,10896,10954,10880,10950.8,94691,0
20251114,110000,10950,10966.9,10903,10912.3,67233,0
20251114,120000,10912.3,10920,10840.8,10841.7,78312,0
20251114,130000,10841.4,10859.6,10825.2,10827.2,24448,0
20251114,140000,10833.7,10844.8,10730,10740.8,63924,0
20251114,150000,10739.6,10759,10681,10717,67546,0
20251114,160000,10715.4,10728.8,10511.8,10552.5,144393,0
20251114,170000,10552,10630,10511.2,10620.4,101894,0
20251114,180000,10620.1,10649.6,10589,10647.1,47310,0
20251114,190000,10620,10700,10610.1,10678.4,35750,0
20251114,200000,10678.6,10700,10638.6,10656.6,35563,0
20251114,210000,10657.8,10668.7,10611.6,10655.1,16563,0
20251114,220000,10655.4,10660.4,10634,10646.8,11653,0
20251114,230000,10641.4,10669.7,10616.6,10667.2,16684,0
20251115,100000,10670,10679,10621,10649.1,3128,0
20251115,110000,10650,10653,10649.1,10649.4,237,0
20251115,120000,10651.9,10655,10649,10654,440,0
20251115,130000,10654,10654.9,10650,10654.8,614,0
20251115,140000,10653,10655,10652.5,10654,290,0
20251115,150000,10654.6,10655,10653,10655,143,0
20251115,160000,10655,10655,10648.1,10651.5,515,0
20251115,170000,10648.2,10654,10642.5,10651.5,160,0
20251115,180000,10650.9,10654,10649.2,10649.3,103,0
20251116,100000,10650,10653.9,10634,10648.1,368,0
20251116,110000,10647.9,10651,10647.9,10651,181,0
20251116,120000,10651,10653.7,10650,10652.4,224,0
20251116,130000,10651,10670,10651,10664.1,292,0
20251116,140000,10664.2,10670,10651,10651.1,458,0
20251116,150000,10651.1,10669,10651,10658.2,307,0
20251116,160000,10658.1,10675,10653.4,10670,448,0
20251116,170000,10665.1,10669.8,10652.8,10663,473,0
20251116,180000,10663,10674,10657.2,10660,551,0
20251117,090000,10599,10655.2,10584,10625.8,35485,0
20251117,100000,10624.6,10700,10579.3,10698.7,74801,0
20251117,110000,10698.1,10737,10663.2,10680.4,72247,0
20251117,120000,10678.8,10700,10664.4,10676.9,37873,0
20251117,130000,10675.4,10696.8,10641.2,10644.8,39620,0
20251117,140000,10642.2,10672,10620,10644.2,37644,0
20251117,150000,10645.6,10652,10627.4,10635,27056,0
20251117,160000,10633.1,10675,10602.9,10605.1,45990,0
20251117,170000,10605.1,10646.5,10581.8,10620.5,44045,0
20251117,180000,10620.6,10629.5,10586.6,10605.4,26830,0
20251117,190000,10605.2,10625.6,10554.1,10614.3,22198,0
20251117,200000,10613.3,10653.4,10612.6,10622,20391,0
20251117,210000,10620.2,10631.8,10602,10602.1,8261,0
20251117,220000,10602.1,10619.6,10483.9,10489.6,52978,0
20251117,230000,10488.2,10541,10474,10538,22071,0
20251118,090000,10510,10532.4,10477.1,10477.1,26294,0
20251118,100000,10477.9,10481.7,10415.8,10462,109556,0
20251118,110000,10461.7,10568.6,10449.4,10540.9,134449,0
20251118,120000,10540.3,10564.9,10512.2,10548.8,43444,0
20251118,130000,10546.9,10565,10534.4,10556.3,24371,0
20251118,140000,10558,10562,10516,10518.8,28570,0
20251118,150000,10519.3,10530.8,10496.3,10513.1,43220,0
20251118,160000,10512.8,10614.5,10511.5,10598.5,67994,0
20251118,170000,10598.6,10622,10573.9,10594.6,66475,0
20251118,180000,10594.7,10610,10566.6,10568,35713,0
20251118,190000,10567,10614.1,10534.6,10611.4,21611,0
20251118,200000,10611.8,10632.8,10579.5,10616.3,18754,0
20251118,210000,10616.3,10623.3,10593.4,10615.8,10474,0
20251118,220000,10617.2,10639.9,10616.6,10636.9,8688,0
20251118,230000,10638.8,10646,10610.2,10613.7,7486,0
20251119,090000,10653.3,10697.4,10651.1,10667.6,26503,0
20251119,100000,10666.4,10667.4,10617.1,10619.3,50917,0
20251119,110000,10619,10619.6,10592.5,10606.9,46230,0
20251119,120000,10606.6,10651.6,10595.1,10649.1,109967,0
20251119,130000,10650.2,10666.8,10641.1,10657.9,42737,0
20251119,140000,10655,10667.4,10641.1,10644.5,24942,0
20251119,150000,10645.7,10666.9,10640.7,10643.8,33679,0
20251119,160000,10643.4,10651.9,10591,10621.6,60943,0
20251119,170000,10621.6,10680,10608.8,10676.5,59017,0
20251119,180000,10676.4,10676.9,10600.2,10606.5,40215,0
20251119,190000,10606.3,10606.3,10530.4,10541.4,50651,0
20251119,200000,10540.4,10565.4,10494.1,10558,33545,0
20251119,210000,10558,10578,10541.3,10574.7,17547,0
20251119,220000,10570.2,10570.2,10520,10551,10476,0
20251119,230000,10551.5,10567.4,10540.1,10547.2,5626,0
20251120,090000,10536.3,10563.8,10516.2,10540.1,17923,0
20251120,100000,10539.7,10558.4,10490.3,10501.6,98958,0
20251120,110000,10501.6,10505,10452.6,10490,87013,0
20251120,120000,10489.2,10508.7,10463,10484.4,48882,0
20251120,130000,10483.2,10491.6,10471.5,10479.7,19426,0
20251120,140000,10475.7,10498.4,10460.7,10490.6,66996,0
20251120,150000,10491,10531.9,10483.6,10528.6,39141,0
20251120,160000,10527.2,10547,10482.8,10496.8,73810,0
20251120,170000,10496.7,10533.5,10468,10502.2,64958,0
20251120,180000,10503.5,10522.3,10459.1,10491,33940,0
20251120,190000,10465,10488.1,10402,10406.9,30306,0
20251120,200000,10406.7,10444,10372.9,10425.2,39338,0
20251120,210000,10424.3,10440.9,10378,10396.6,18543,0
20251120,220000,10390.3,10444.7,10386.7,10430,9887,0
20251120,230000,10429,10431.6,10394.9,10414,7078,0
20251121,090000,10375,10402.6,10301,10301.4,38509,0
20251121,100000,10302,10308.6,10200,10219.3,125689,0
20251121,110000,10220,10257.8,10190,10234.2,71736,0
20251121,120000,10234.4,10307.7,10231.8,10278,61302,0
20251121,130000,10277.9,10286.2,10241.2,10253.3,63127,0
20251121,140000,10253.3,10269.7,10234.5,10244.5,38925,0
20251121,150000,10243.6,10346.9,10238,10332.3,98346,0
20251121,160000,10332.5,10404,10310.2,10404,108526,0
20251121,170000,10404,10411,10346.2,10371.5,55526,0
20251121,180000,10371,10389.8,10307.7,10340.3,28019,0
20251121,190000,10345,10438.7,10345,10438.6,33823,0
20251121,200000,10436,10438.6,10371.5,10396.5,28224,0
20251121,210000,10397.8,10401.5,10372.1,10381.8,10765,0
20251121,220000,10388,10406.3,10381,10389.8,5401,0
20251121,230000,10391.6,10396.3,10338.1,10343.1,14421,0
20251124,090000,10300,10326.6,10272,10307.2,32160,0
20251124,100000,10308.2,10345.7,10257,10311.6,67754,0
20251124,110000,10311.6,10320.8,10286.4,10306.6,54374,0
20251124,120000,10305.7,10333.8,10301.6,10323.9,46726,0
20251124,130000,10322,10334,10266,10271.9,37142,0
20251124,140000,10267.1,10336,10267,10304.6,35613,0
20251124,150000,10303.2,10336.4,10301.7,10322.6,28613,0
20251124,160000,10322.6,10334,10301.4,10310.9,28379,0
20251124,170000,10309.7,10326.7,10290.5,10318.5,26397,0
20251124,180000,10318.5,10352.3,10317.3,10342.9,23433,0
20251124,190000,10342.7,10368.3,10336.8,10356,21620,0
20251124,200000,10355.9,10363,10335.5,10344.6,8595,0
20251124,210000,10343.9,10420,10311.1,10397,21659,0
20251124,220000,10399.7,10406.5,10359.5,10400.8,33660,0
20251124,230000,10403.7,10455.4,10403.4,10452,32324,0
20251125,090000,10460.7,10491.6,10438.7,10457.6,30017,0
20251125,100000,10457.3,10482.4,10443,10474,82325,0
20251125,110000,10474,10480,10408,10422,73394,0
20251125,120000,10423.7,10456.5,10417.7,10446,37324,0
20251125,130000,10445.9,10520,10445.8,10519.8,79415,0
20251125,140000,10519,10520,10493.6,10499.3,27223,0
20251125,150000,10499.5,10518,10444,10492.6,40490,0
20251125,160000,10493.8,10520,10486.3,10508.6,30798,0
20251125,170000,10506.9,10508.6,10408,10428.9,85199,0
20251125,180000,10428.9,10460,10417.1,10441.2,28638,0
20251125,190000,10453.8,10456,10411,10450,17080,0
20251125,200000,10449.6,10510,10445.7,10476.6,21749,0
20251125,210000,10477.8,10497.1,10458,10458.6,8220,0
20251125,220000,10460.1,10485.5,10443.6,10456.5,5816,0
20251125,230000,10456.2,10479.2,10455.5,10462.5,3769,0
20251126,090000,10521.3,10538,10485.2,10491,18169,0
20251126,100000,10492.5,10520.6,10465.5,10494.9,39597,0
20251126,110000,10492.2,10512.8,10489.4,10496.3,37350,0
20251126,120000,10495.9,10503.8,10476.6,10493.5,27547,0
20251126,130000,10493.5,10500,10475.9,10489,24180,0
20251126,140000,10485.8,10520.6,10476.7,10510.6,56204,0
20251126,150000,10510.5,10517.8,10461.8,10477.7,35638,0
20251126,160000,10477.1,10491.1,10460.3,10471.3,26621,0
20251126,170000,10467.2,10478.1,10443,10451.6,36254,0
20251126,180000,10451.1,10493,10446.5,10470,27164,0
20251126,190000,10485.6,10499.8,10471,10490.9,12188,0
20251126,200000,10491.2,10500,10488.3,10496.6,4676,0
20251126,210000,10497.3,10530,10483.8,10497.1,11293,0
20251126,220000,10499.2,10509.4,10487.1,10493,4075,0
20251126,230000,10495.3,10507.5,10484.1,10488.4,10395,0
20251127,090000,10471,10492.4,10456.5,10474.4,11326,0
20251127,100000,10474.2,10474.2,10443,10459.9,50777,0
20251127,110000,10459,10462.6,10447.1,10447.9,32140,0
20251127,120000,10448,10448,10403,10417.5,63672,0
20251127,130000,10418.3,10436.8,10410,10436,28660,0
20251127,140000,10437,10459.3,10428.8,10437.5,56858,0
20251127,150000,10437.4,10450.2,10436.4,10439.1,20034,0
20251127,160000,10437.7,10446,10416,10429.1,19972,0
20251127,170000,10429,10458.6,10421.6,10427.8,22552,0
20251127,180000,10427.9,10442.5,10414.8,10429,20187,0
20251127,190000,10420.8,10430.3,10415,10418,6822,0
20251127,200000,10418,10437,10410.1,10432.9,5748,0
20251127,210000,10431.5,10439.9,10425,10437.2,8368,0
20251127,220000,10434.3,10441.3,10426.5,10426.5,3265,0
20251127,230000,10428.3,10430.5,10420,10430.5,2441,0
20251128,090000,10481.5,10527,10465.2,10522.3,25566,0
20251128,100000,10522.3,10537.3,10462,10467.8,42125,0
20251128,110000,10467,10470.4,10434.1,10466.2,37336,0
20251128,120000,10466.6,10469.1,10451.6,10463.8,18009,0
20251128,130000,10463.6,10469.8,10429.3,10441,48227,0
20251128,140000,10440.6,10476,10435.5,10453.3,32657,0
20251128,150000,10453,10469.6,10447,10458.3,18437,0
20251128,160000,10461.5,10471.3,10418.9,10450,50022,0
20251128,170000,10449.3,10488,10431.5,10441.2,58236,0
20251128,180000,10440.5,10445,10413.6,10424,45023,0
20251128,190000,10428,10479,10417,10464.7,27415,0
20251128,200000,10466.1,10479.8,10440.3,10472,15271,0
20251128,210000,10472,10498,10458.1,10479.4,14272,0
20251128,220000,10479,10487.3,10450.1,10452,11923,0
20251128,230000,10452,10496.1,10447.1,10487.5,15650,0
20251129,100000,10490,10531,10409.8,10492.9,21792,0
20251129,110000,10492.9,10519.8,10483.1,10510,3393,0
20251129,120000,10505.9,10526.4,10505,10520.3,3564,0
20251129,130000,10524.9,10526,10505,10507.6,1276,0
20251129,140000,10507.6,10514.6,10485,10509.3,2686,0
20251129,150000,10507.8,10511.8,10495,10498,349,0
20251129,160000,10500,10510.4,10490,10495,1172,0
20251129,170000,10494.6,10509,10493.3,10503.3,643,0
20251129,180000,10504.7,10513,10496.7,10512.6,1254,0
20251130,100000,10512.7,10512.8,10504.9,10512,866,0
20251130,110000,10509.2,10511.9,10505,10505.5,259,0
20251130,120000,10505.5,10507.7,10495.1,10495.2,319,0
20251130,130000,10495.2,10503.4,10495,10503.3,214,0
20251130,140000,10503.2,10503.4,10498.4,10503.3,77,0
20251130,150000,10501,10506.2,10500,10506.2,189,0
20251130,160000,10500.3,10510,10500.1,10502.5,417,0
20251130,170000,10500.1,10522.2,10500,10506.8,997,0
20251130,180000,10503.8,10506.7,10500.5,10500.5,263,0
20251201,090000,10516,10567.1,10506.8,10550,28844,0
20251201,100000,10551.7,10574.2,10526,10569.5,74420,0
20251201,110000,10569.7,10600,10564,10578.7,43126,0
20251201,120000,10579.3,10610.9,10574.7,10604.7,47404,0
20251201,130000,10604.6,10627.1,10599.4,10618.5,54067,0
20251201,140000,10619.3,10628.3,10600.9,10622,27600,0
20251201,150000,10621.1,10625.6,10600.3,10601.6,32405,0
20251201,160000,10601.6,10628.8,10585.3,10586.6,43495,0
20251201,170000,10586.6,10595.8,10534.2,10575.3,68026,0
20251201,180000,10577.2,10588.5,10531,10532.1,33183,0
20251201,190000,10548.2,10597,10543.3,10552.7,10897,0
20251201,200000,10552.6,10590,10548.6,10570,5844,0
20251201,210000,10570.7,10582.8,10548.2,10550.9,12334,0
20251201,220000,10549.9,10562.5,10541.7,10552.3,5179,0
20251201,230000,10557.9,10571.7,10552.3,10570,5557,0
20251202,090000,10545,10545,10455.3,10490.3,31647,0
20251202,100000,10490.5,10500.9,10465.5,10498.6,21278,0
20251202,110000,10500.3,10501.7,10485.1,10485.2,15355,0
20251202,120000,10485.1,10492.1,10419.5,10443,38623,0
20251202,130000,10442,10446.9,10422.8,10425.7,26177,0
20251202,140000,10427.9,10440,10391.6,10436.5,53037,0
20251202,150000,10437.3,10458.2,10428.5,10436.2,29636,0
20251202,160000,10438,10470.7,10416.2,10468.8,21614,0
20251202,170000,10468.7,10503,10462.2,10481.2,46800,0
20251202,180000,10478.9,10564,10441.4,10454.6,72301,0
20251202,190000,10453,10488.1,10426,10471.5,18898,0
20251202,200000,10474.3,10507,10474.3,10485,8661,0
20251202,210000,10484.3,10494.3,10433.9,10458.3,10069,0
20251202,220000,10456.9,10482.8,10455.7,10473.4,4400,0
20251202,230000,10476.7,10511.4,10460,10510,4622,0
20251203,090000,10499.9,10559.8,10480.5,10555,31757,0
20251203,100000,10555.1,10557.7,10511.4,10521.8,44269,0
20251203,110000,10521.9,10524,10494.8,10511,23690,0
20251203,120000,10509.7,10511.7,10450,10458.5,34083,0
20251203,130000,10458.6,10468.1,10440,10467.5,20415,0
20251203,140000,10467.7,10486.9,10460.4,10484.7,19450,0
20251203,150000,10486,10487,10466.3,10478,16807,0
20251203,160000,10479,10520.5,10462,10516,42643,0
20251203,170000,10516,10523,10428.5,10449.5,66197,0
20251203,180000,10449.5,10449.5,10404.1,10435,42974,0
20251203,190000,10424.6,10424.7,10321.3,10348.5,43525,0
20251203,200000,10345.6,10369.9,10338.7,10364.8,24499,0
20251203,210000,10364.8,10364.8,10321,10329.5,11706,0
20251203,220000,10330.1,10367.8,10326.3,10364.4,7149,0
20251203,230000,10365.5,10384.4,10363.3,10378.2,6491,0
20251204,090000,10336.6,10337.6,10286.2,10309.5,22729,0
20251204,100000,10311.3,10355,10254.4,10354.5,76642,0
20251204,110000,10354.5,10375.6,10342,10342.6,33734,0
20251204,120000,10342.6,10390.9,10342.6,10389.9,18166,0
20251204,130000,10389.9,10398.9,10356,10385.6,37116,0
20251204,140000,10383.7,10404.9,10376.6,10390.9,25367,0
20251204,150000,10389.1,10403.8,10366.1,10370.7,27591,0
20251204,160000,10370.3,10378,10331,10334.6,89103,0
20251204,170000,10333.4,10347.6,10283.5,10310,89493,0
20251204,180000,10310.4,10340.8,10296.9,10298.4,60529,0
20251204,190000,10299,10344,10291,10301.2,22576,0
20251204,200000,10300,10300,10260,10294.3,17274,0
20251204,210000,10293.4,10297.3,10234.9,10240.9,16654,0
20251204,220000,10241.1,10258.9,10214.3,10245.1,19413,0
20251204,230000,10247.1,10257.5,10243.7,10255.5,8380,0
20251205,090000,10265.1,10306,10239.7,10257.2,40825,0
20251205,100000,10257.9,10360.9,10257.9,10341,89215,0
20251205,110000,10342,10351.2,10318,10323.2,66741,0
20251205,120000,10322.9,10329.8,10287.5,10320.1,37276,0
20251205,130000,10320.1,10420.8,10318.2,10396.4,60773,0
20251205,140000,10398.3,10470.9,10389.4,10435.8,88170,0
20251205,150000,10437,10447.4,10409,10432.5,32531,0
20251205,160000,10432,10463.5,10410.8,10453.7,34296,0
20251205,170000,10455.1,10462,10422.3,10459.2,34451,0
20251205,180000,10458.6,10485.4,10418.8,10460,38987,0
20251205,190000,10450.4,10457,10353.7,10395.6,49494,0
20251205,200000,10393.2,10420.9,10383,10407.6,12971,0
20251205,210000,10407.6,10418.4,10383.2,10384.4,8487,0
20251205,220000,10384.6,10400,10377,10392.5,8232,0
20251205,230000,10393.2,10404.5,10381.1,10400.9,6433,0
20251208,090000,10415,10498,10410.5,10463.5,33937,0
20251208,100000,10464.4,10467,10395,10412.6,45906,0
20251208,110000,10412.3,10433,10397.2,10422.8,33120,0
20251208,120000,10420,10429.3,10380.5,10403.3,30796,0
20251208,130000,10401.1,10407.3,10367.3,10378.1,30900,0
20251208,140000,10377.2,10418.3,10370,10392.4,26555,0
20251208,150000,10390.7,10417.7,10387.3,10401.5,14882,0
20251208,160000,10401.4,10401.6,10337.7,10340.3,31954,0
20251208,170000,10340.2,10384.2,10326,10370,38066,0
20251208,180000,10368.1,10400,10303,10320.6,58750,0
20251208,190000,10320.6,10363.3,10305,10344.9,21918,0
20251208,200000,10348,10359,10334.6,10354.8,4723,0
20251208,210000,10356.6,10378.5,10348.3,10353.5,9825,0
20251208,220000,10355.3,10366.6,10346.1,10358.4,2983,0
20251208,230000,10359.9,10387.2,10357,10382,3789,0
20251209,090000,10348,10363.6,10305.5,10340,18694,0
20251209,100000,10339.9,10361.8,10315.8,10316.4,22695,0
20251209,110000,10316,10337.7,10311.6,10334.3,32202,0
20251209,120000,10334.4,10372.8,10334.3,10365.7,91058,0
20251209,130000,10365.6,10403.3,10362,10381.4,31790,0
20251209,140000,10377.7,10435.6,10377.7,10425.1,34741,0
20251209,150000,10427.3,10451.8,10421.3,10427.1,28248,0
20251209,160000,10426.6,10435.7,10390.2,10418,24528,0
20251209,170000,10420,10475,10379.8,10470.1,63334,0
20251209,180000,10470.3,10510,10443.6,10483.2,67588,0
20251209,190000,10491,10541.8,10491,10506.5,29709,0
20251209,200000,10506.8,10520,10490,10491.5,12028,0
20251209,210000,10491.4,10508.9,10491,10500,7466,0
20251209,220000,10503,10505,10466.4,10489.2,16498,0
20251209,230000,10488.9,10495,10477,10484.5,6755,0
20251210,090000,10509.5,10523,10471.7,10515,11453,0
20251210,100000,10513.6,10517,10450,10450.4,32757,0
20251210,110000,10450.9,10461,10425.6,10429.4,63864,0
20251210,120000,10428.2,10437.2,10413,10427,27151,0
20251210,130000,10425.7,10458.3,10421.3,10441.3,64186,0
20251210,140000,10441.3,10472.8,10439.5,10470.9,55591,0
20251210,150000,10471,10491.3,10452.4,10488.5,45231,0
20251210,160000,10488.4,10514.9,10481.4,10499.1,52510,0
20251210,170000,10499.7,10539.4,10470.3,10520.1,40303,0
20251210,180000,10520.1,10595,10520.1,10575.4,62754,0
20251210,190000,10575,10590,10556.5,10585.9,18301,0
20251210,200000,10586.6,10620.5,10572.9,10579,20171,0
20251210,210000,10580.4,10582.9,10545.6,10545.6,11759,0
20251210,220000,10545.7,10624.3,10532.6,10619.6,68703,0
20251210,230000,10617.4,10676.3,10602.2,10650,34883,0
20251211,090000,10620,10631.7,10570.5,10627.2,22580,0
20251211,100000,10627.2,10627.5,10545.7,10603.6,66083,0
20251211,110000,10608.6,10682.9,10607.5,10642,108207,0
20251211,120000,10641.5,10661,10620.9,10636.4,43793,0
20251211,130000,10637.1,10658.4,10630.6,10649.6,50635,0
20251211,140000,10650.1,10660.4,10646,10649,9948,0
20251211,150000,10648.9,10669.5,10646,10662.6,37904,0
20251211,160000,10665.3,10665.3,10610,10663.5,46716,0
20251211,170000,10662.7,10736,10658.6,10703.4,84641,0
20251211,180000,10701.5,10738.7,10677.3,10700.2,40494,0
20251211,190000,10720.9,10789.2,10710,10768.1,38450,0
20251211,200000,10766,10809.6,10762.6,10799.7,27467,0
20251211,210000,10797.6,10826.9,10762.8,10766.4,20430,0
20251211,220000,10766.6,10793.1,10766,10768.7,12667,0
20251211,230000,10768,10792.4,10747.4,10789.5,9725,0
20251212,090000,10762,10800.2,10749,10790.8,14938,0
20251212,100000,10790.8,10862,10764.3,10856.2,63922,0
20251212,110000,10856.1,10935.2,10854,10914.5,65206,0
20251212,120000,10916,10936,10900.9,10928.2,60418,0
20251212,130000,10929.6,10961.4,10906,10955.5,48860,0
20251212,140000,10950,10977.9,10937.6,10960.2,36627,0
20251212,150000,10959.5,10959.9,10925.8,10928.3,33861,0
20251212,160000,10928.3,10970,10920.5,10948.9,40172,0
20251212,170000,10948.5,10963.5,10909.2,10936.1,63563,0
20251212,180000,10936,10936,10797.7,10856,92557,0
20251212,190000,10843.8,10843.8,10720,10779.6,70348,0
20251212,200000,10777.9,10819.8,10745.6,10810,29957,0
20251212,210000,10810.1,10839.1,10800.1,10808.9,13771,0
20251212,220000,10809,10826,10800,10823,6594,0
20251212,230000,10820.8,10834.9,10800,10821,7967,0
20251213,100000,10817,10866,10803,10855.5,3940,0
20251213,110000,10855.5,10859.6,10836,10848.5,919,0
20251213,120000,10848.5,10848.5,10836.9,10838.7,438,0
20251213,130000,10838.7,10850,10837.5,10843.9,422,0
20251213,140000,10842.5,10852,10840.5,10846.2,309,0
20251213,150000,10845.7,10849,10839.2,10846,291,0
20251213,160000,10846,10853,10844.1,10849,617,0
20251213,170000,10847.5,10847.5,10843,10845.9,274,0
20251213,180000,10845.9,10852.9,10843,10849.9,246,0
20251214,100000,10845.3,10856,10844,10851.1,788,0
20251214,110000,10851.9,10855.6,10851,10854.3,960,0
20251214,120000,10852.6,10854.7,10850.1,10851.1,469,0
20251214,130000,10850.8,10857.3,10845.7,10855,1354,0
20251214,140000,10854.9,10858.4,10843.8,10843.8,510,0
20251214,150000,10843.8,10846.5,10838.1,10841.2,676,0
20251214,160000,10841.2,10845.8,10802,10807,2199,0
20251214,170000,10807,10820.4,10780,10796,3979,0
20251214,180000,10792.1,10798,10777.1,10794.4,1215,0
20251215,090000,10887,10943.6,10886,10922.2,37374,0
20251215,100000,10923.7,10943.6,10887.2,10941,50556,0
20251215,110000,10940.1,10952.9,10920.2,10930.9,29882,0
20251215,120000,10931.5,10950.5,10909.1,10950,31179,0
20251215,130000,10950,10960.7,10918.6,10927.1,32356,0
20251215,140000,10924.6,10927.1,10895,10907.4,24779,0
20251215,150000,10907,10982,10905.5,10971,34625,0
20251215,160000,10971,10978,10921.1,10923.8,44731,0
20251215,170000,10922.2,10960,10909,10925.6,43764,0
20251215,180000,10926.4,10952,10905.8,10943,38930,0
20251215,190000,10940.7,10940.7,10882,10912.9,29281,0
20251215,200000,10911.1,10920.3,10884,10911.6,15854,0
20251215,210000,10910.4,10947.2,10898.7,10946.1,11448,0
20251215,220000,10946.9,10960,10919,10930,6333,0
20251215,230000,10928.9,10933.9,10902,10923.8,5650,0
20251216,080000,10890,10890,10890,10890,572,0
20251216,090000,10888.5,10890,10851,10884.1,21079,0
20251216,100000,10884.9,10888.7,10852.1,10853.4,33985,0
20251216,110000,10854.1,10865.5,10823.7,10828.2,32522,0
20251216,120000,10826.7,10835,10803.2,10814.8,31769,0
20251216,130000,10813.8,10827.7,10790.9,10816.6,31973,0
20251216,140000,10813.2,10819.6,10799.2,10812.3,18191,0
20251216,150000,10813.3,10836.7,10805.4,10830.8,27862,0
20251216,160000,10833.3,10881.6,10822,10875.7,39667,0
20251216,170000,10877,10911.7,10872,10873.3,54012,0
20251216,180000,10873.5,10904.2,10862.7,10880.6,34383,0
20251216,190000,10880.6,10881.8,10812,10834.2,24614,0
20251216,200000,10831.4,10858.2,10829.5,10844.1,9111,0
20251216,210000,10844.2,10869.1,10826,10866.4,8060,0
20251216,220000,10866.4,10870,10830,10863,7559,0
20251216,230000,10861.9,10875.4,10847,10870,3873,0
20251217,080000,10924,10924,10924,10924,253,0
20251217,090000,10922.5,10954.3,10898,10922.7,21556,0
20251217,100000,10923,10950,10911.6,10949.6,41678,0
20251217,110000,10948.9,10955,10930.6,10948.7,31819,0
20251217,120000,10948,10965,10935.1,10955.9,28486,0
20251217,130000,10956.8,10974.5,10923,10927.1,47352,0
20251217,140000,10928.8,10946.4,10918.8,10921.9,19879,0
20251217,150000,10921.6,10937.7,10915.3,10930.8,20124,0
20251217,160000,10934.8,10967.8,10928.7,10966,32020,0
20251217,170000,10966,10967.7,10923.1,10961.8,45145,0
20251217,180000,10961.9,11000,10952.3,10990,66085,0
20251217,190000,10984.3,11000,10969,10990.1,16844,0
20251217,200000,10990.1,11000,10981.6,10998.3,10587,0
20251217,210000,10998.3,11000,10984.5,10987.5,8546,0
20251217,220000,10987.7,10996.3,10972,10990.4,11508,0
20251217,230000,10990.7,11052.6,10973.5,10998.8,15022,0
