20230103,100000,4082,4111,4075.5,4110,75079,0
20230103,110000,4110.5,4127,4105.5,4120,50375,0
20230103,120000,4120,4121,4101,4107.5,28121,0
20230103,130000,4107.5,4126,4104,4125,19667,0
20230103,140000,4125,4127,4116,4127,22068,0
20230103,150000,4127,4139,4125,4138,27021,0
20230103,160000,4138,4139,4127,4130,32108,0
20230103,170000,4130,4136,4129,4131,14589,0
20230103,180000,4131,4136,4130,4136,8839,0
20230103,190000,4136,4139,4129,4129,11660,0
20230103,200000,4129,4134,4126,4126.5,6689,0
20230103,210000,4128.5,4128.5,4118.5,4126,9681,0
20230103,220000,4126,4131,4124.5,4124.5,6021,0
20230103,230000,4124.5,4129.5,4120,4123.5,7460,0
20230104,100000,4124,4159,4120,4154,68755,0
20230104,110000,4154,4165.5,4141,4150,50351,0
20230104,120000,4150,4150,4111,4131,69837,0
20230104,130000,4131,4132,4120,4131.5,18302,0
20230104,140000,4131.5,4142.5,4128,4142.5,15922,0
20230104,150000,4142,4147,4090,4101.5,88043,0
20230104,160000,4101.5,4129.5,4093,4117.5,32027,0
20230104,170000,4117.5,4130,4110,4128.5,20844,0
20230104,180000,4127.5,4130,4112.5,4123,15437,0
20230104,190000,4123,4123,4113.5,4122,6849,0
20230104,200000,4122,4122,4118,4120,4032,0
20230104,210000,4120,4120,4115,4118.5,3360,0
20230104,220000,4118.5,4121,4116.5,4118.5,4574,0
20230104,230000,4118.5,4120,4112,4116,6524,0
20230105,100000,4121,4127,4097,4103,33289,0
20230105,110000,4104,4106.5,4081.5,4098,44015,0
20230105,120000,4098,4109,4096,4099,13992,0
20230105,130000,4098,4100.5,4087.5,4095,14186,0
20230105,140000,4095.5,4097.5,4082,4086.5,24509,0
20230105,150000,4086.5,4089,4084,4088,9287,0
20230105,160000,4088,4089,4085.5,4088,5786,0
20230105,170000,4087.5,4088,4082.5,4084,10789,0
20230105,180000,4084,4095,4083,4085,9045,0
20230105,190000,4091,4094.5,4085.5,4088,2953,0
20230105,200000,4088,4090,4087,4090,1806,0
20230105,210000,4090,4092.5,4087.5,4092.5,1758,0
20230105,220000,4092.5,4093,4087,4087.5,2085,0
20230105,230000,4088,4090.5,4087,4087,1880,0
20230106,100000,4088,4099,4085,4098,21211,0
20230106,110000,4098,4108,4097,4105.5,20956,0
20230106,120000,4105.5,4105.5,4085,4101,18633,0
20230106,130000,4101,4107.5,4101,4105.5,16547,0
20230106,140000,4106,4118,4097.5,4100,46576,0
20230106,150000,4100,4109.5,4098,4109,27536,0
20230106,160000,4107.5,4113.5,4090,4099.5,25608,0
20230106,170000,4099.5,4100,4091.5,4092,12261,0
20230106,180000,4092,4098,4090.5,4098,12090,0
20230106,190000,4100,4104.5,4090,4091.5,6444,0
20230106,200000,4091,4095.5,4090,4091.5,8128,0
20230106,210000,4091.5,4097.5,4086.5,4090.5,9633,0
20230106,220000,4090.5,4092,4085.5,4086,6450,0
20230106,230000,4085.5,4091.5,4085,4089,7519,0
20230109,100000,4105,4113,4093.5,4109,54272,0
20230109,110000,4108,4113,4101.5,4104,24007,0
20230109,120000,4104,4110,4095,4102.5,29170,0
20230109,130000,4101,4115,4099.5,4115,27651,0
20230109,140000,4115,4123,4100,4116,64901,0
20230109,150000,4116,4118.5,4103,4107,26492,0
20230109,160000,4106,4115,4093,4106,42105,0
20230109,170000,4105.5,4108,4096.5,4107,27735,0
20230109,180000,4106.5,4114.5,4100.5,4100.5,15456,0
20230109,190000,4102.5,4120,4102.5,4114.5,14968,0
20230109,200000,4114.5,4118.5,4110,4110,8737,0
20230109,210000,4110,4110,4101.5,4106,9568,0
20230109,220000,4105.5,4108.5,4104,4107,4937,0
20230109,230000,4107.5,4111,4105,4110,5073,0
20230110,100000,4100,4104,4088,4089,45936,0
20230110,110000,4089.5,4089.5,4063.5,4079,62280,0
20230110,120000,4079.5,4080,4063.5,4075,35960,0
20230110,130000,4075,4091,4070.5,4091,20804,0
20230110,140000,4091,4092,4082,4084,23744,0
20230110,150000,4084,4084.5,4080,4082,16694,0
20230110,160000,4082,4090,4077.5,4081.5,16239,0
20230110,170000,4081.5,4087,4066,4078.5,24975,0
20230110,180000,4079.5,4082,4076,4080,10590,0
20230110,190000,4080,4083.5,4076,4083.5,4957,0
20230110,200000,4083.5,4083.5,4068.5,4072.5,11091,0
20230110,210000,4072.5,4079.5,4071,4078,4524,0
20230110,220000,4077.5,4081,4076,4078.5,4295,0
20230110,230000,4078.5,4082,4074.5,4079,4337,0
20230111,100000,4079.5,4093.5,4065.5,4086,52563,0
20230111,110000,4086,4094.5,4085.5,4090,33619,0
20230111,120000,4090,4095,4084,4087,37088,0
20230111,130000,4087.5,4090,4084,4085,13853,0
20230111,140000,4086.5,4088.5,4080,4087.5,14243,0
20230111,150000,4087.5,4087.5,4080.5,4086,13749,0
20230111,160000,4086,4089.5,4082,4089,14405,0
20230111,170000,4089,4095,4086.5,4094,28562,0
20230111,180000,4094,4098.5,4093,4097.5,17000,0
20230111,190000,4097.5,4099,4094,4096,8679,0
20230111,200000,4095.5,4096,4090,4092,11226,0
20230111,210000,4092,4093,4089,4093,5509,0
20230111,220000,4093,4094,4088,4091.5,8156,0
20230111,230000,4091.5,4093,4088,4090.5,5296,0
20230112,100000,4091,4094,4071,4074.5,42693,0
20230112,110000,4074.5,4078,4072,4077,16931,0
20230112,120000,4077.5,4083,4076,4079,13509,0
20230112,130000,4078,4085,4077,4080.5,10778,0
20230112,140000,4080.5,4083.5,4080,4083,6879,0
20230112,150000,4083,4084.5,4080,4081.5,9728,0
20230112,160000,4081.5,4091.5,4080,4091.5,17292,0
20230112,170000,4091.5,4092,4076,4079,21030,0
20230112,180000,4079,4082.5,4074.5,4074.5,14181,0
20230112,190000,4083.5,4084,4074,4082,8864,0
20230112,200000,4082,4082,4078,4081,4801,0
20230112,210000,4080,4082,4079.5,4081,2370,0
20230112,220000,4081,4081.5,4079.5,4081,2410,0
20230112,230000,4081,4081.5,4078.5,4078.5,2507,0
20230113,100000,4079,4083.5,4070,4077,35151,0
20230113,110000,4077,4077.5,4068,4071,15729,0
20230113,120000,4070.5,4079.5,4070.5,4077,14845,0
20230113,130000,4077,4090,4076,4088.5,29336,0
20230113,140000,4088,4090,4071,4077.5,37288,0
20230113,150000,4077.5,4078,4070,4076,17693,0
20230113,160000,4075.5,4077.5,4069,4073,19016,0
20230113,170000,4073,4076,4070.5,4073,13164,0
20230113,180000,4073.5,4078,4068,4078,21692,0
20230113,190000,4078,4078,4071.5,4074,4808,0
20230113,200000,4074.5,4076,4073,4075,3672,0
20230113,210000,4074.5,4075.5,4073,4074.5,1939,0
20230113,220000,4074.5,4076,4072,4075.5,4002,0
20230113,230000,4075.5,4076,4073.5,4074,4210,0
20230116,100000,4078.5,4096.5,4078.5,4093,73101,0
20230116,110000,4094.5,4094.5,4075.5,4079,45622,0
20230116,120000,4079,4084,4077,4078,21315,0
20230116,130000,4077,4079,4053.5,4059.5,77724,0
20230116,140000,4061.5,4067,4058,4065.5,31814,0
20230116,150000,4065.5,4069,4059.5,4061,25417,0
20230116,160000,4060,4070,4054,4066,39171,0
20230116,170000,4065.5,4072,4065.5,4067.5,22115,0
20230116,180000,4067.5,4074,4065,4074,22400,0
20230116,190000,4072,4072,4060,4061.5,15010,0
20230116,200000,4061.5,4061.5,4045,4056.5,61832,0
20230116,210000,4056.5,4058.5,4051,4054,10345,0
20230116,220000,4054.5,4055,4051.5,4052,8375,0
20230116,230000,4053,4053.5,4050.5,4052,8481,0
20230117,100000,4054,4058.5,4046,4052.5,46646,0
20230117,110000,4052.5,4056,4042,4055,37580,0
20230117,120000,4055,4060.5,4040,4050,40865,0
20230117,130000,4050,4055,4045,4052,10991,0
20230117,140000,4052,4058,4050,4052.5,13814,0
20230117,150000,4052.5,4059.5,4051.5,4058.5,28653,0
20230117,160000,4057,4060,4053,4060,22652,0
20230117,170000,4060,4060,4053,4054.5,11510,0
20230117,180000,4055,4055,4041,4041,20933,0
20230117,190000,4045,4047,4036,4041,19468,0
20230117,200000,4040.5,4043.5,4038.5,4039,6229,0
20230117,210000,4039,4042,4038,4039.5,5686,0
20230117,220000,4039.5,4039.5,4017,4017.5,39227,0
20230117,230000,4019,4028.5,4015,4025,21855,0
20230118,100000,4038,4049,4012,4039.5,54710,0
20230118,110000,4040,4048,4022,4026,23653,0
20230118,120000,4026,4038,4025.5,4027,17879,0
20230118,130000,4027.5,4034.5,4025,4026,14160,0
20230118,140000,4026,4034.5,4024.5,4025,20931,0
20230118,150000,4025,4028,4018,4025,24835,0
20230118,160000,4026.5,4028,4017,4023,23094,0
20230118,170000,4022.5,4031.5,4020,4030.5,17452,0
20230118,180000,4030.5,4042,4020,4020,29746,0
20230118,190000,4028.5,4031,4025,4026,5282,0
20230118,200000,4026,4026,4017,4019,12207,0
20230118,210000,4018.5,4028,4014.5,4021,16059,0
20230118,220000,4022,4022,4013,4017,7012,0
20230118,230000,4016.5,4024,4014,4021,2851,0
20230119,100000,4019.5,4020,4001,4010,69770,0
20230119,110000,4010.5,4011,3987,3991.5,104172,0
20230119,120000,3990,3992,3974,3982,67245,0
20230119,130000,3981.5,3992.5,3980,3987.5,29392,0
20230119,140000,3987.5,3992.5,3980,3984.5,25309,0
20230119,150000,3984.5,3990,3980.5,3981,26631,0
20230119,160000,3981,3992.5,3980,3988.5,25885,0
20230119,170000,3990,3994.5,3981.5,3983.5,14993,0
20230119,180000,3983.5,3987,3981,3987,14800,0
20230119,190000,3987.5,3990,3980,3985.5,10816,0
20230119,200000,3985.5,3989,3983,3986,5132,0
20230119,210000,3985.5,3988.5,3980,3983,6774,0
20230119,220000,3983,3987.5,3982.5,3986,5194,0
20230119,230000,3986.5,3988,3980,3981,7813,0
20230120,100000,3983.5,3995,3966,3973.5,66390,0
20230120,110000,3974,3980,3962,3967.5,30984,0
20230120,120000,3967,3967.5,3925,3945,100900,0
20230120,130000,3945,3959.5,3945,3951,23121,0
20230120,140000,3951,3965,3950,3961,20137,0
20230120,150000,3961.5,3962.5,3950,3953,15186,0
20230120,160000,3953,3953,3941,3946,27658,0
20230120,170000,3946,3952,3945,3951.5,19828,0
20230120,180000,3950.5,3952,3950,3950,33448,0
20230120,190000,3950,3958,3943.5,3945,10226,0
20230120,200000,3944.5,3948,3943.5,3945,5809,0
20230120,210000,3944.5,3944.5,3936.5,3942,11711,0
20230120,220000,3942,3943.5,3940,3941.5,8026,0
20230120,230000,3941,3950.5,3940.5,3944,8588,0
20230123,100000,3950,3978.5,3944.5,3972,69450,0
20230123,110000,3972,3978,3950.5,3955,43265,0
20230123,120000,3955,3963,3953,3961,29199,0
20230123,130000,3961.5,3970,3952,3961,29619,0
20230123,140000,3961,3965,3951,3957,27925,0
20230123,150000,3957,3972,3957,3969.5,39369,0
20230123,160000,3970,3975,3960,3964.5,32735,0
20230123,170000,3964,3969,3957,3968,18810,0
20230123,180000,3968,3970,3957,3969,19093,0
20230123,190000,3957,3977,3957,3970,8444,0
20230123,200000,3970,3975,3968.5,3974.5,5131,0
20230123,210000,3975,3976,3972,3972,4195,0
20230123,220000,3972,3979.5,3972,3978.5,6002,0
20230123,230000,3978,3978.5,3969.5,3972.5,6352,0
20230124,100000,3986,3990,3973.5,3980,58586,0
20230124,110000,3980,3989.5,3977,3989,28417,0
20230124,120000,3989,3990,3958.5,3962,42661,0
20230124,130000,3960,3970.5,3959,3967.5,21731,0
20230124,140000,3967.5,3973,3955.5,3970,19868,0
20230124,150000,3970,3971,3960,3970,20315,0
20230124,160000,3970,3970,3946,3964,36850,0
20230124,170000,3964,3965,3956,3964,17593,0
20230124,180000,3964,3965,3950.5,3950.5,10581,0
20230124,190000,3958,3961.5,3950,3952.5,7129,0
20230124,200000,3952.5,3958.5,3952.5,3955.5,2529,0
20230124,210000,3955,3955,3945,3948.5,10123,0
20230124,220000,3946.5,3948,3930.5,3939.5,13451,0
20230124,230000,3939.5,3944.5,3939,3942.5,5238,0
20230125,100000,3945.5,3960,3925.5,3939.5,62796,0
20230125,110000,3938.5,3939,3913,3915,57194,0
20230125,120000,3916.5,3918.5,3901,3905,83097,0
20230125,130000,3904.5,3914.5,3900.5,3909.5,56363,0
20230125,140000,3909.5,3910,3905,3910,40661,0
20230125,150000,3910,3924,3908,3916.5,63215,0
20230125,160000,3916.5,3923,3911,3921,48032,0
20230125,170000,3920,3924.5,3901.5,3912.5,79088,0
20230125,180000,3913,3919.5,3911,3915,17677,0
20230125,190000,3920,3921.5,3914,3920,6777,0
20230125,200000,3922,3927,3918.5,3923,8540,0
20230125,210000,3923,3927,3920,3926,4974,0
20230125,220000,3926,3927,3920,3925.5,6873,0
20230125,230000,3925.5,3927,3922,3923.5,6312,0
20230126,100000,3924,3935,3912.5,3924,43054,0
20230126,110000,3924,3925.5,3907,3913,42751,0
20230126,120000,3912,3916.5,3909.5,3910,28260,0
20230126,130000,3910,3916.5,3908.5,3910,35560,0
20230126,140000,3910,3911.5,3901.5,3903.5,43433,0
20230126,150000,3903,3915.5,3902.5,3914.5,26383,0
20230126,160000,3914.5,3919.5,3906.5,3909.5,28932,0
20230126,170000,3910,3916,3906.5,3912.5,31400,0
20230126,180000,3912.5,3917.5,3907,3907,23990,0
20230126,190000,3912,3914.5,3909.5,3913.5,3992,0
20230126,200000,3913,3914,3910.5,3913.5,3591,0
20230126,210000,3912,3916.5,3911.5,3915.5,4776,0
20230126,220000,3915.5,3915.5,3909,3913,5954,0
20230126,230000,3913,3914.5,3909.5,3911,3623,0
20230127,100000,3911,3914,3901.5,3904,52146,0
20230127,110000,3903.5,3904.5,3892.5,3903.5,79424,0
20230127,120000,3903.5,3909.5,3901,3907,36385,0
20230127,130000,3907,3907,3893,3894,63307,0
20230127,140000,3894,3900,3893.5,3898,26579,0
20230127,150000,3897.5,3907,3896,3903.5,52634,0
20230127,160000,3903,3905.5,3899,3904,34432,0
20230127,170000,3904,3906,3899.5,3904.5,37140,0
20230127,180000,3905.5,3919,3904,3919,52272,0
20230127,190000,3917,3917,3910.5,3911,6885,0
20230127,200000,3912,3917.5,3910,3917.5,12975,0
20230127,210000,3917.5,3918,3915,3918,7695,0
20230127,220000,3918,3920,3916,3916,7064,0
20230127,230000,3917,3918,3915,3917,4131,0
20230130,100000,3929,3948,3922,3925,72995,0
20230130,110000,3925,3938,3917,3928.5,34915,0
20230130,120000,3929,3934,3920.5,3930,25606,0
20230130,130000,3929,3935.5,3929,3933,26238,0
20230130,140000,3933,3940,3931,3937,37361,0
20230130,150000,3937,3939,3931,3934,18755,0
20230130,160000,3934,3940,3931.5,3935,20104,0
20230130,170000,3936,3940,3934.5,3939.5,26356,0
20230130,180000,3939.5,3946.5,3935.5,3946.5,16555,0
20230130,190000,3946,3950,3940,3947.5,14852,0
20230130,200000,3947.5,3954,3947,3952.5,10495,0
20230130,210000,3953,3953,3947,3949,6691,0
20230130,220000,3949.5,3950,3943.5,3947.5,5567,0
20230130,230000,3949,3949.5,3945.5,3947.5,3205,0
20230131,100000,3947.5,3970,3944,3962,65822,0
20230131,110000,3962.5,3972.5,3961.5,3964.5,45527,0
20230131,120000,3964,3965,3950,3959.5,41152,0
20230131,130000,3958,3959.5,3927,3936.5,52281,0
20230131,140000,3936.5,3942,3933,3937,17219,0
20230131,150000,3938.5,3939,3925.5,3934,42251,0
20230131,160000,3933,3959.5,3930,3959,35526,0
20230131,170000,3959,3959,3941,3955,29654,0
20230131,180000,3954.5,3959,3950.5,3959,18025,0
20230131,190000,3955,3959,3952,3955,8005,0
20230131,200000,3956,3958.5,3952,3957,7971,0
20230131,210000,3957.5,3958.5,3950.5,3954.5,3242,0
20230131,220000,3954.5,3955,3950,3952,3616,0
20230131,230000,3951.5,3959.5,3950,3955,6923,0
20230201,100000,3959.5,3979.5,3950,3976.5,62963,0
20230201,110000,3976.5,3989,3973,3978.5,51993,0
20230201,120000,3978.5,3981,3970,3973,29427,0
20230201,130000,3973,3979,3972,3979,13850,0
20230201,140000,3979,3980,3960.5,3968.5,30452,0
20230201,150000,3968.5,3971,3964.5,3966,13584,0
20230201,160000,3966,3966.5,3960,3962,18256,0
20230201,170000,3963,3966.5,3935,3940,69359,0
20230201,180000,3940,3949.5,3935,3949.5,36084,0
20230201,190000,3949,3952.5,3943.5,3952.5,6532,0
20230201,200000,3952.5,3954,3947,3949.5,8823,0
20230201,210000,3950,3953,3947,3952.5,3153,0
20230201,220000,3952.5,3954.5,3949,3953.5,4775,0
20230201,230000,3953.5,3955.5,3952,3955.5,5031,0
20230202,100000,3955.5,3960,3934.5,3935,41140,0
20230202,110000,3936,3937,3915.5,3930,52557,0
20230202,120000,3930,3932.5,3924,3927,39350,0
20230202,130000,3927,3929.5,3916,3921.5,51944,0
20230202,140000,3921.5,3922.5,3914,3915,57366,0
20230202,150000,3915,3918,3905,3918,85229,0
20230202,160000,3918,3918,3908,3909,60181,0
20230202,170000,3909,3918,3900.5,3917.5,82630,0
20230202,180000,3916.5,3922,3909.5,3922,28578,0
20230202,190000,3917.5,3917.5,3910,3911,18338,0
20230202,200000,3912,3922,3910,3920,16358,0
20230202,210000,3919.5,3922,3915,3919.5,14085,0
20230202,220000,3919,3922,3915.5,3915.5,9483,0
20230202,230000,3915,3923,3911.5,3918.5,10336,0
20230203,100000,3917.5,3918,3884,3894.5,99019,0
20230203,110000,3895,3900,3892,3895.5,61153,0
20230203,120000,3895.5,3896,3885,3890,74886,0
20230203,130000,3889.5,3890,3880.5,3883.5,41588,0
20230203,140000,3883.5,3890,3880,3890,49078,0
20230203,150000,3890,3900,3888,3899.5,57159,0
20230203,160000,3899.5,3920,3895.5,3917.5,67391,0
20230203,170000,3917.5,3920,3900,3918,37251,0
20230203,180000,3918,3920,3911.5,3920,26722,0
20230203,190000,3919.5,3920,3910.5,3913,7592,0
20230203,200000,3913,3913,3903.5,3905.5,6972,0
20230203,210000,3905.5,3911,3900.5,3910,9184,0
20230203,220000,3911,3914,3905.5,3907,3883,0
20230203,230000,3905.5,3912,3901,3907.5,8310,0
20230206,100000,3910,3932,3902,3931.5,113541,0
20230206,110000,3932,3945,3914.5,3926,55139,0
20230206,120000,3926.5,3928,3917,3918,24451,0
20230206,130000,3918.5,3933.5,3916,3928.5,21540,0
20230206,140000,3928.5,3946,3926.5,3943,47639,0
20230206,150000,3942.5,3946.5,3940,3942,29506,0
20230206,160000,3943,3944,3928,3933,39176,0
20230206,170000,3933,3943.5,3928.5,3939.5,24428,0
20230206,180000,3939,3945,3932.5,3945,26969,0
20230206,190000,3943,3943.5,3938,3939.5,6365,0
20230206,200000,3939.5,3941,3936,3940,4074,0
20230206,210000,3940,3941.5,3936.5,3941,6470,0
20230206,220000,3941,3941.5,3938.5,3940.5,5405,0
20230206,230000,3940.5,3943,3938.5,3941,7284,0
20230207,100000,3951,3965,3945.5,3953,70127,0
20230207,110000,3954,3964,3941.5,3963.5,35938,0
20230207,120000,3963.5,3964.5,3940,3948.5,53675,0
20230207,130000,3948.5,3959,3931,3951.5,44686,0
20230207,140000,3951.5,3959.5,3945.5,3955,21315,0
20230207,150000,3955,3957,3949,3954,15543,0
20230207,160000,3954,3954.5,3946,3951.5,20257,0
20230207,170000,3951.5,3958,3949,3958,28413,0
20230207,180000,3957.5,3977,3951.5,3951.5,57941,0
20230207,190000,3959,3967,3954.5,3955,15892,0
20230207,200000,3955,3966,3954.5,3965,5276,0
20230207,210000,3966,3971.5,3962,3971.5,9180,0
20230207,220000,3971.5,3972.5,3965.5,3968.5,6725,0
20230207,230000,3969,3970,3965.5,3968,4008,0
20230208,100000,3978,3987.5,3973,3986.5,57480,0
20230208,110000,3986.5,3995.5,3980,3992.5,58849,0
20230208,120000,3992.5,3998.5,3986,3992,32027,0
20230208,130000,3992,3998,3946,3950,99120,0
20230208,140000,3950,3965,3903,3951.5,120326,0
20230208,150000,3951.5,3953,3935,3938.5,39710,0
20230208,160000,3939,3939,3926,3928,24721,0
20230208,170000,3928,3950,3927,3949.5,34033,0
20230208,180000,3949,3949.5,3940,3940,23700,0
20230208,190000,3944,3949.5,3916,3925,19534,0
20230208,200000,3924.5,3934,3924.5,3934,5971,0
20230208,210000,3934.5,3940,3934,3939.5,5687,0
20230208,220000,3939.5,3942,3931.5,3937,5737,0
20230208,230000,3936.5,3939.5,3928,3930.5,5984,0
20230209,100000,3949,3960,3940,3944.5,48903,0
20230209,110000,3944.5,3947.5,3923.5,3938,37909,0
20230209,120000,3938.5,3948,3934.5,3947.5,17560,0
20230209,130000,3947.5,3948,3935,3939.5,17486,0
20230209,140000,3940,3946.5,3938,3943,8961,0
20230209,150000,3943,3948,3930,3941,21314,0
20230209,160000,3942.5,3950,3938,3944,26027,0
20230209,170000,3944,3946.5,3927.5,3930,24795,0
20230209,180000,3929.5,3938,3927.5,3938,33118,0
20230209,190000,3933,3936.5,3931,3936,6367,0
20230209,200000,3936,3936,3933,3933,4662,0
20230209,210000,3934,3934.5,3907.5,3929.5,19944,0
20230209,220000,3929.5,3933.5,3920,3923.5,10233,0
20230209,230000,3922.5,3925.5,3913,3914,17469,0
20230210,100000,3915,3928.5,3908.5,3912,46706,0
20230210,110000,3912,3915,3903.5,3906,37445,0
20230210,120000,3906,3915,3905,3912.5,21730,0
20230210,130000,3911.5,3918.5,3906,3910.5,31668,0
20230210,140000,3910.5,3920,3909,3919.5,15483,0
20230210,150000,3919,3922.5,3918,3921,12100,0
20230210,160000,3920.5,3936.5,3920,3930,36712,0
20230210,170000,3930,3938,3926,3936,20285,0
20230210,180000,3936,3947,3927,3927,30348,0
20230210,190000,3932.5,3969.5,3930,3938,22808,0
20230210,200000,3936,3939,3907,3925.5,20436,0
20230210,210000,3925.5,3926,3923,3924,4575,0
20230210,220000,3924,3926,3920.5,3922.5,6964,0
20230210,230000,3923,3924,3918.5,3921.5,6875,0
20230213,100000,3940,3948,3922,3925.5,50317,0
20230213,110000,3925.5,3935,3915,3919,40771,0
20230213,120000,3919,3925,3911,3924.5,27962,0
20230213,130000,3925,3932,3923,3928,23869,0
20230213,140000,3928.5,3939.5,3927.5,3938,34012,0
20230213,150000,3937.5,3944,3936.5,3938,23876,0
20230213,160000,3939,3944.5,3935.5,3941.5,18120,0
20230213,170000,3941,3941.5,3931,3937,17987,0
20230213,180000,3937,3947,3932,3939.5,22123,0
20230213,190000,3940,3940,3932.5,3936,5110,0
20230213,200000,3937,3937.5,3932,3933.5,4303,0
20230213,210000,3934,3936.5,3933.5,3936,2105,0
20230213,220000,3936,3936,3931,3932.5,4456,0
20230213,230000,3931.5,3935.5,3925.5,3928.5,5961,0
20230214,100000,3930,3937,3913,3913.5,55895,0
20230214,110000,3913.5,3926.5,3910,3919,48448,0
20230214,120000,3918.5,3925,3916.5,3924,14330,0
20230214,130000,3924.5,3925,3918.5,3924,15519,0
20230214,140000,3925,3925,3917.5,3922,21346,0
20230214,150000,3922,3923,3905,3915,47477,0
20230214,160000,3914,3923.5,3911,3916.5,27180,0
20230214,170000,3916.5,3930,3911.5,3928,18450,0
20230214,180000,3927.5,3928.5,3923,3928.5,16597,0
20230214,190000,3927.5,3928.5,3915.5,3917,6168,0
20230214,200000,3916.5,3921,3915,3919,2624,0
20230214,210000,3920,3921,3918,3918,2171,0
20230214,220000,3918,3919.5,3914,3915,3416,0
20230214,230000,3915,3916,3909,3914.5,7684,0
20230215,100000,3903,3906,3850,3879,191056,0
20230215,110000,3879,3885,3870,3880,66208,0
20230215,120000,3880,3880,3870,3871,28809,0
20230215,130000,3870.5,3871,3862,3869.5,49996,0
20230215,140000,3870,3875.5,3867,3875,29524,0
20230215,150000,3875.5,3876,3865,3866.5,20089,0
20230215,160000,3866.5,3869,3864,3865,16124,0
20230215,170000,3865,3865,3855,3855,36465,0
20230215,180000,3855.5,3865,3837,3860,111923,0
20230215,190000,3855.5,3858,3841,3852.5,16117,0
20230215,200000,3850.5,3852.5,3800,3814,77902,0
20230215,210000,3814,3829,3810.5,3825.5,27027,0
20230215,220000,3826,3845,3823,3831,20554,0
20230215,230000,3830,3836,3826,3829,7781,0
20230216,100000,3840,3870,3834.5,3860,68132,0
20230216,110000,3860,3870,3859,3868.5,31282,0
20230216,120000,3868.5,3873.5,3855.5,3860,22702,0
20230216,130000,3859.5,3868,3856,3867.5,26052,0
20230216,140000,3867.5,3867.5,3858.5,3864,16130,0
20230216,150000,3864,3864,3822,3839,32501,0
20230216,160000,3839,3846,3816,3821,32186,0
20230216,170000,3821,3850.5,3820,3840.5,28223,0
20230216,180000,3840.5,3846.5,3811.5,3811.5,52024,0
20230216,190000,3824,3825,3815.5,3824.5,12460,0
20230216,200000,3825,3826,3822.5,3826,5144,0
20230216,210000,3826,3835,3826,3827,5787,0
20230216,220000,3827,3829,3824,3829,3236,0
20230216,230000,3829,3830,3826,3830,4387,0
20230217,100000,3829,3851.5,3802.5,3841,74942,0
20230217,110000,3841,3849,3835,3846.5,18228,0
20230217,120000,3848,3860,3846,3854.5,26311,0
20230217,130000,3854.5,3857.5,3845,3845,21304,0
20230217,140000,3845,3847.5,3837,3842.5,23338,0
20230217,150000,3842.5,3843,3836,3838.5,16505,0
20230217,160000,3838,3842.5,3837,3837.5,16474,0
20230217,170000,3837.5,3852,3837,3850,14135,0
20230217,180000,3850,3854,3840,3840,22408,0
20230217,190000,3842.5,3848,3840.5,3845,3032,0
20230217,200000,3845,3846,3843,3845,2921,0
20230217,210000,3845,3845.5,3843,3845,2651,0
20230217,220000,3845,3847.5,3843.5,3844.5,2414,0
20230217,230000,3844.5,3846.5,3840,3840,5168,0
20230220,100000,3846,3846.5,3804,3821,67473,0
20230220,110000,3820,3825,3812,3816,17199,0
20230220,120000,3815.5,3832,3815.5,3829,24694,0
20230220,130000,3828.5,3829.5,3819.5,3820,17228,0
20230220,140000,3820,3834.5,3807,3834,38835,0
20230220,150000,3834,3877,3833,3869.5,53667,0
20230220,160000,3869.5,3890,3865,3881.5,52644,0
20230220,170000,3880,3915.5,3874.5,3910,76388,0
20230220,180000,3909,3927.5,3895,3907,55633,0
20230220,190000,3907,3910,3887,3895.5,17836,0
20230220,200000,3895,3905,3889,3901.5,8278,0
20230220,210000,3901.5,3903,3892,3896,7381,0
20230220,220000,3896,3898,3893,3897.5,5695,0
20230220,230000,3896.5,3910,3894.5,3905,7874,0
20230221,100000,3912,3930,3901.5,3918,80741,0
20230221,110000,3918,3920,3908,3919.5,27707,0
20230221,120000,3920,3950,3909.5,3941,90472,0
20230221,130000,3942,3945,3921,3929,60004,0
20230221,140000,3929,3932,3925,3928.5,14713,0
20230221,150000,3928.5,3933,3921,3922,14030,0
20230221,160000,3921.5,3923.5,3909,3922.5,28854,0
20230221,170000,3922,3926.5,3916,3919.5,22433,0
20230221,180000,3919.5,3921.5,3910.5,3921,12378,0
20230221,190000,3921,3921,3907,3915.5,4917,0
20230221,200000,3915.5,3924.5,3912,3924,7484,0
20230221,210000,3924,3926,3918,3924,3580,0
20230221,220000,3924,3926,3915,3916,4070,0
20230221,230000,3915.5,3918,3913.5,3914.5,1795,0
20230222,100000,3915.5,3918.5,3874.5,3878,48281,0
20230222,110000,3878,3896,3873,3894.5,24835,0
20230222,120000,3893.5,3906.5,3892,3905,22672,0
20230222,130000,3906,3908,3900.5,3902,6618,0
20230222,140000,3902,3904.5,3898,3902,6186,0
20230222,150000,3902,3910,3900.5,3909.5,10459,0
20230222,160000,3910,3920,3909.5,3920,17469,0
20230222,170000,3919.5,3924,3919,3922.5,26689,0
20230222,180000,3922.5,3925,3917,3917,12956,0
20230222,190000,3921.5,3925,3916.5,3916.5,4197,0
20230222,200000,3917,3922.5,3916,3920,5588,0
20230222,210000,3920,3920,3917,3919,1920,0
20230222,220000,3919,3919.5,3911,3911,3175,0
20230222,230000,3911.5,3913.5,3903,3909.5,4433,0
20230224,100000,3916,3924,3910,3911,18655,0
20230224,110000,3911,3922.5,3910,3914,8516,0
20230224,120000,3914,3922.5,3913.5,3920.5,6806,0
20230224,130000,3920.5,3925,3886,3894,23515,0
20230224,140000,3893,3907,3890,3896,13017,0
20230224,150000,3896.5,3898,3890,3894,15760,0
20230224,160000,3893.5,3901,3886,3889,6589,0
20230224,170000,3888.5,3904,3880,3894.5,11989,0
20230224,180000,3898,3902,3897.5,3897.5,8039,0
20230224,190000,3902,3907.5,3895,3906.5,4166,0
20230224,200000,3906,3906.5,3901,3903,1055,0
20230224,210000,3903,3905.5,3903,3905.5,1071,0
20230224,220000,3905.5,3906,3901.5,3904,1576,0
20230224,230000,3904,3905,3901,3901,2823,0
20230227,100000,3884.5,3916,3881.5,3909,41623,0
20230227,110000,3908.5,3919.5,3905.5,3910.5,22243,0
20230227,120000,3910,3918,3902,3911,14504,0
20230227,130000,3911.5,3919.5,3905,3905.5,21079,0
20230227,140000,3906,3910.5,3905,3906.5,8422,0
20230227,150000,3906.5,3920,3906.5,3907.5,31290,0
20230227,160000,3907.5,3916.5,3905.5,3916.5,42434,0
20230227,170000,3916.5,3919,3911,3913.5,24454,0
20230227,180000,3913.5,3915.5,3894,3904.5,80910,0
20230227,190000,3905,3909,3900,3905,9972,0
20230227,200000,3904.5,3908.5,3904,3906,4056,0
20230227,210000,3906.5,3907.5,3903,3905,3525,0
20230227,220000,3905,3907,3903,3906,4555,0
20230227,230000,3905.5,3907,3900,3903,7361,0
20230228,100000,3905.5,3919,3903,3906,72008,0
20230228,110000,3907,3914,3906,3914,45584,0
20230228,120000,3914,3957,3910,3954,111622,0
20230228,130000,3954,3970,3940,3965,108032,0
20230228,140000,3964.5,3989.5,3948,3982.5,168347,0
20230228,150000,3981.5,4019,3980,4011,203935,0
20230228,160000,4013.5,4021,3985,3985.5,198034,0
20230228,170000,3985,4001.5,3983.5,3999,87484,0
20230228,180000,4000.5,4001.5,3965,3965,101157,0
20230228,190000,3970,3985.5,3965.5,3984.5,22608,0
20230228,200000,3984.5,3993,3981.5,3991,9737,0
20230228,210000,3991,3994,3983,3986,14995,0
20230228,220000,3985,3994.5,3985,3994,12221,0
20230228,230000,3993.5,3998.5,3980.5,3990,17683,0
20230301,100000,4012,4027,3978,4010,190414,0
20230301,110000,4009.5,4034.5,4000,4030.5,108228,0
20230301,120000,4031,4048,4026,4044,101453,0
20230301,130000,4044,4060,4042.5,4052,86773,0
20230301,140000,4051,4054.5,4043,4043,68123,0
20230301,150000,4043,4043.5,4007.5,4026.5,78962,0
20230301,160000,4026.5,4039,4012.5,4017.5,36298,0
20230301,170000,4017,4040,4016.5,4037.5,60147,0
20230301,180000,4037,4045,4037,4042,32714,0
20230301,190000,4044,4044,4038,4043,6489,0
20230301,200000,4043,4045,4040,4043.5,9755,0
20230301,210000,4043.5,4045,4043,4044.5,7329,0
20230301,220000,4044.5,4046,4039,4044.5,13110,0
20230301,230000,4045,4056,4040,4056,26704,0
20230302,100000,4056.5,4078,4030,4077,197327,0
20230302,110000,4076,4077,4062,4067,55471,0
20230302,120000,4066.5,4067.5,4020.5,4039.5,155997,0
20230302,130000,4039.5,4040,3966,4011,317641,0
20230302,140000,4011,4045.5,3990.5,4044,107059,0
20230302,150000,4045.5,4047.5,4005.5,4007,53268,0
20230302,160000,4007,4027,4000,4005,42805,0
20230302,170000,4004.5,4023,4004,4020,21350,0
20230302,180000,4019.5,4024,4009.5,4024,21477,0
20230302,190000,4023,4023,4012,4017,9034,0
20230302,200000,4017,4021.5,4010,4013,5969,0
20230302,210000,4013,4013,4008.5,4009,5780,0
20230302,220000,4009,4019,4007,4008.5,7975,0
20230302,230000,4008,4010,4003,4004,10511,0
20230303,100000,4003,4038.5,4001.5,4035,86072,0
20230303,110000,4035,4048,4031,4038,62808,0
20230303,120000,4037.5,4042.5,4026,4040,35934,0
20230303,130000,4040.5,4041,4033.5,4040.5,20235,0
20230303,140000,4040.5,4040.5,4013.5,4020.5,58194,0
20230303,150000,4020.5,4030.5,4019,4030,35724,0
20230303,160000,4030,4039,4030,4038,42895,0
20230303,170000,4038,4042,4035,4038,38202,0
20230303,180000,4038,4043,4030,4030,29878,0
20230303,190000,4037.5,4041,4029,4034.5,14586,0
20230303,200000,4034.5,4034.5,4025,4029.5,9230,0
20230303,210000,4029,4035,4027,4034.5,9346,0
20230303,220000,4034,4035,4031,4034,10601,0
20230303,230000,4034,4037.5,4028.5,4030.5,12886,0
20230306,100000,4048,4069.5,4045.5,4057,109399,0
20230306,110000,4057,4072,4055,4072,69497,0
20230306,120000,4072,4099,4072,4095.5,157101,0
20230306,130000,4095,4097.5,4081,4088.5,45178,0
20230306,140000,4088.5,4097.5,4085.5,4097,34106,0
20230306,150000,4097.5,4118.5,4095,4112,109490,0
20230306,160000,4112,4129,4112,4120,94143,0
20230306,170000,4120,4120,4095,4116,70211,0
20230306,180000,4116,4119.5,4112,4112,26446,0
20230306,190000,4112,4113.5,4105.5,4112,10598,0
20230306,200000,4112,4112.5,4110,4111.5,7496,0
20230306,210000,4111,4115,4111,4113,10847,0
20230306,220000,4113.5,4120,4110.5,4113,12739,0
20230306,230000,4113,4115,4110.5,4111.5,7663,0
20230307,100000,4115.5,4123.5,4090,4115,92279,0
20230307,110000,4115.5,4124.5,4104.5,4109,47071,0
20230307,120000,4109,4119.5,4108,4115,17935,0
20230307,130000,4114,4119.5,4112,4117.5,24519,0
20230307,140000,4117,4118.5,4105.5,4107.5,21300,0
20230307,150000,4108,4117,4107,4116.5,20616,0
20230307,160000,4116.5,4124.5,4114,4121,52388,0
20230307,170000,4120.5,4133,4118,4132,48218,0
20230307,180000,4131,4138,4124,4124,45225,0
20230307,190000,4126,4131,4105.5,4119,26552,0
20230307,200000,4119,4124.5,4119,4120.5,6993,0
20230307,210000,4120.5,4134,4120,4122,15517,0
20230307,220000,4122,4122.5,4112,4113.5,12329,0
20230307,230000,4114,4129.5,4111,4125,14531,0
20230309,100000,4124.5,4136,4099,4112.5,90724,0
20230309,110000,4112.5,4120.5,4105,4110,44981,0
20230309,120000,4110,4114.5,4101,4103.5,49726,0
20230309,130000,4103.5,4110,4102.5,4106,26558,0
20230309,140000,4106,4112,4102.5,4111.5,15756,0
20230309,150000,4111,4118,4107,4107,22996,0
20230309,160000,4107,4117,4105,4110,25067,0
20230309,170000,4110,4117.5,4110,4116.5,23406,0
20230309,180000,4117,4122.5,4115.5,4122,22510,0
20230309,190000,4121,4134,4117.5,4125,12891,0
20230309,200000,4125,4125,4120,4122,7834,0
20230309,210000,4121.5,4123,4115,4119,4652,0
20230309,220000,4119.5,4119.5,4110,4114,9532,0
20230309,230000,4114,4114,4105,4105,11599,0
20230310,100000,4088,4099,4035,4092,127154,0
20230310,110000,4092.5,4099.5,4082.5,4099,22176,0
20230310,120000,4099,4111,4098,4106,29682,0
20230310,130000,4106,4108,4087,4091.5,39522,0
20230310,140000,4092,4095.5,4075,4080,47536,0
20230310,150000,4079.5,4079.5,4066,4072,31345,0
20230310,160000,4071.5,4094.5,4070,4085,28440,0
20230310,170000,4085,4090.5,4075,4089,27831,0
20230310,180000,4089,4095.5,4079.5,4079.5,20988,0
20230310,190000,4088.5,4093,4080,4090,9473,0
20230310,200000,4091,4091.5,4081.5,4084,6199,0
20230310,210000,4083.5,4085.5,4081.5,4082.5,4643,0
20230310,220000,4082.5,4082.5,4078,4080.5,8092,0
20230310,230000,4080.5,4089,4080,4085,6235,0
20230313,100000,4092.5,4111,4092.5,4110.5,78207,0
20230313,110000,4110.5,4120,4103,4114,34683,0
20230313,120000,4114,4115.5,4100,4103.5,47465,0
20230313,130000,4104,4107.5,4103,4107,19697,0
20230313,140000,4107,4107,4076.5,4084.5,45199,0
20230313,150000,4083,4084.5,4039,4039.5,87429,0
20230313,160000,4039.5,4065,4039,4065,55656,0
20230313,170000,4064.5,4066.5,4048.5,4065.5,29153,0
20230313,180000,4066,4082,4064.5,4070,30359,0
20230313,190000,4070,4077,4060,4062.5,10573,0
20230313,200000,4062.5,4068.5,4061,4062.5,5634,0
20230313,210000,4062.5,4070,4062.5,4067,5410,0
20230313,220000,4068,4069,4064.5,4067,3584,0
20230313,230000,4066.5,4067,4060.5,4066,4871,0
20230314,100000,4059.5,4067,4044,4059,53823,0
20230314,110000,4059,4063,4051.5,4060.5,22038,0
20230314,120000,4060,4060,4047,4055,21572,0
20230314,130000,4054,4061.5,4052,4057.5,23171,0
20230314,140000,4058.5,4068,4056.5,4068,25891,0
20230314,150000,4068,4068.5,4056.5,4063,24628,0
20230314,160000,4063,4095,4060.5,4086.5,66438,0
20230314,170000,4086,4093,4085,4091,26348,0
20230314,180000,4090.5,4094.5,4087.5,4093,19914,0
20230314,190000,4094.5,4094.5,4080.5,4089.5,6466,0
20230314,200000,4088.5,4089.5,4055,4073.5,34253,0
20230314,210000,4074,4079.5,4052.5,4055,22776,0
20230314,220000,4054.5,4064,4054.5,4062.5,8428,0
20230314,230000,4062.5,4063.5,4057.5,4063,7191,0
20230315,100000,4077,4079,4065,4070,49000,0
20230315,110000,4070.5,4074.5,4063,4070,29023,0
20230315,120000,4070,4073,4061,4068,30073,0
20230315,130000,4067.5,4073.5,4057,4058,33971,0
20230315,140000,4058.5,4068.5,4015,4018.5,117631,0
20230315,150000,4018.5,4035,4009,4034.5,85563,0
20230315,160000,4034.5,4037.5,4025.5,4027.5,35569,0
20230315,170000,4027,4035,4010,4034.5,50688,0
20230315,180000,4034.5,4036.5,4022.5,4032,27275,0
20230315,190000,4025,4029,4010,4010.5,28873,0
20230315,200000,4010.5,4020,4010,4017,15443,0
20230315,210000,4017.5,4026.5,4017,4024,24825,0
20230315,220000,4024.5,4026.5,4021,4023,6845,0
20230315,230000,4023,4025.5,4021,4022,4283,0
20230316,100000,4013,4034,4011,4031.5,69157,0
20230316,110000,4031.5,4034,4025,4027.5,29125,0
20230316,120000,4029,4039,4020,4039,49912,0
20230316,130000,4039,4053,4037,4046.5,49105,0
20230316,140000,4046.5,4069,4045,4047,58687,0
20230316,150000,4047.5,4048,4012.5,4025.5,119725,0
20230316,160000,4025,4029,4013,4024.5,61309,0
20230316,170000,4024,4055,4021.5,4055,62885,0
20230316,180000,4055,4065,4041.5,4064,50624,0
20230316,190000,4057,4061,4056,4059.5,10066,0
20230316,200000,4058,4080,4058,4071.5,23163,0
20230316,210000,4071.5,4072,4060,4067,9132,0
20230316,220000,4067,4092,4066,4086.5,25918,0
20230316,230000,4086.5,4089.5,4078.5,4084,8287,0
20230317,100000,4094.5,4098,4073,4090,97027,0
20230317,110000,4090,4124,4082,4120,168510,0
20230317,120000,4120.5,4124,4100,4113,65030,0
20230317,130000,4114,4125,4102,4108.5,71199,0
20230317,140000,4109.5,4126,4087.5,4120,107390,0
20230317,150000,4119.5,4140,4106,4114,144742,0
20230317,160000,4114,4130,4111.5,4119.5,82512,0
20230317,170000,4118.5,4129.5,4099.5,4116,94502,0
20230317,180000,4115.5,4124.5,4114,4124.5,31057,0
20230317,190000,4120,4125,4110.5,4117.5,9983,0
20230317,200000,4117,4118.5,4109,4117,9572,0
20230317,210000,4117,4117.5,4110.5,4113.5,11410,0
20230317,220000,4114,4117,4105.5,4115.5,12625,0
20230317,230000,4116,4117,4105,4111.5,15491,0
20230320,100000,4126,4180,4090.5,4156,229853,0
20230320,110000,4157,4167.5,4140,4165.5,72205,0
20230320,120000,4165,4184,4162.5,4173,96354,0
20230320,130000,4173,4178,4159.5,4167.5,64887,0
20230320,140000,4167.5,4167.5,4159,4166.5,34448,0
20230320,150000,4166,4176.5,4161,4170,34381,0
20230320,160000,4169.5,4179.5,4166.5,4179,74944,0
20230320,170000,4178,4225.5,4175,4215,124936,0
20230320,180000,4216.5,4247.5,4215.5,4240,97048,0
20230320,190000,4235,4237,4220,4229,24840,0
20230320,200000,4229,4245,4228.5,4242,28155,0
20230320,210000,4243,4243,4223.5,4232,34802,0
20230320,220000,4233.5,4240,4206.5,4221,33037,0
20230320,230000,4222,4230,4219.5,4228.5,10147,0
20230321,100000,4230.5,4250,4167.5,4189,231639,0
20230321,110000,4189,4220.5,4182.5,4206,60649,0
20230321,120000,4206,4224.5,4205,4219.5,53550,0
20230321,130000,4219.5,4220.5,4206.5,4217.5,15060,0
20230321,140000,4217,4233,4217,4232,24866,0
20230321,150000,4232.5,4278,4230.5,4257,99871,0
20230321,160000,4257.5,4274,4256,4271.5,60284,0
20230321,170000,4272,4287.5,4238,4248,135243,0
20230321,180000,4248,4248,4227,4227,48787,0
20230321,190000,4231,4234,4171,4206.5,92775,0
20230321,200000,4208,4236.5,4205,4225,19656,0
20230321,210000,4225,4234,4206,4214,17444,0
20230321,220000,4214,4223,4197.5,4216,19069,0
20230321,230000,4216,4224,4212.5,4216.5,6670,0
20230322,100000,4215,4249.5,4193,4206,91118,0
20230322,110000,4206,4224,4200,4209,46891,0
20230322,120000,4208.5,4240,4207,4234.5,34853,0
20230322,130000,4234.5,4243.5,4226,4241,19944,0
20230322,140000,4240.5,4254,4228,4230.5,51423,0
20230322,150000,4230,4244.5,4222.5,4236.5,18459,0
20230322,160000,4236.5,4238.5,4214,4220,15184,0
20230322,170000,4220,4225,4208,4217,32231,0
20230322,180000,4217,4229,4215.5,4228,16315,0
20230322,190000,4234,4238.5,4216.5,4229,9732,0
20230322,200000,4227.5,4229,4210,4221.5,13155,0
20230322,210000,4219.5,4226.5,4216,4219,15757,0
20230322,220000,4217.5,4219,4195,4199.5,32114,0
20230322,230000,4199.5,4199.5,4184,4192.5,22143,0
20230323,100000,4198,4215,4192,4202,55215,0
20230323,110000,4200.5,4200.5,4171.5,4178.5,77141,0
20230323,120000,4179.5,4190,4170,4185,62440,0
20230323,130000,4186.5,4193,4181,4182,17776,0
20230323,140000,4183,4189.5,4178.5,4180,15742,0
20230323,150000,4180,4181,4171.5,4172,19577,0
20230323,160000,4173.5,4178.5,4159,4173,48659,0
20230323,170000,4174,4179.5,4170,4176.5,16497,0
20230323,180000,4176,4185,4167.5,4180,24440,0
20230323,190000,4180,4182,4175,4180,7467,0
20230323,200000,4180,4180.5,4170,4172.5,7650,0
20230323,210000,4171.5,4174,4166,4167,7521,0
20230323,220000,4166.5,4173,4166,4173,4399,0
20230323,230000,4172,4181,4170.5,4177.5,8526,0
20230324,100000,4179,4193,4158,4181.5,39975,0
20230324,110000,4182,4189,4173.5,4174,19308,0
20230324,120000,4174,4185,4172,4180,17770,0
20230324,130000,4178.5,4189.5,4178.5,4186.5,20967,0
20230324,140000,4186.5,4194.5,4179,4192.5,20205,0
20230324,150000,4193,4208.5,4192.5,4204.5,25775,0
20230324,160000,4204.5,4210,4198,4210,19936,0
20230324,170000,4210,4221,4200,4204,34205,0
20230324,180000,4205.5,4210,4200.5,4210,13362,0
20230324,190000,4216,4216.5,4201,4203.5,7112,0
20230324,200000,4202,4207.5,4201.5,4206,4746,0
20230324,210000,4206,4215.5,4204,4215,5980,0
20230324,220000,4215,4216.5,4208.5,4211.5,5791,0
20230324,230000,4212,4213,4201.5,4206.5,7031,0
20230327,100000,4230,4246,4217,4243.5,65580,0
20230327,110000,4243.5,4247.5,4232,4237.5,29413,0
20230327,120000,4237.5,4260,4237,4251,67696,0
20230327,130000,4251,4269.5,4250,4262.5,51866,0
20230327,140000,4262,4274.5,4253,4259.5,36551,0
20230327,150000,4259.5,4277,4259,4277,31899,0
20230327,160000,4277,4288,4270.5,4280,50580,0
20230327,170000,4280,4296,4273,4293.5,69992,0
20230327,180000,4294,4305.5,4278,4305.5,53440,0
20230327,190000,4299.5,4343.5,4298.5,4326,66421,0
20230327,200000,4327,4336,4312,4322,23978,0
20230327,210000,4322.5,4331,4320,4325.5,18894,0
20230327,220000,4327,4327.5,4316,4321.5,10955,0
20230327,230000,4321,4324.5,4315,4322,8830,0
20230328,100000,4332,4350.5,4286,4298,149127,0
20230328,110000,4298,4308,4271,4277,72722,0
20230328,120000,4276,4309,4271.5,4302,43712,0
20230328,130000,4302,4303,4291,4297,25113,0
20230328,140000,4297,4297,4289,4290.5,13901,0
20230328,150000,4291,4308,4288.5,4307,28359,0
20230328,160000,4304.5,4327,4299,4322.5,34241,0
20230328,170000,4323,4328,4313.5,4328,19552,0
20230328,180000,4327.5,4344,4327,4327.5,58984,0
20230328,190000,4332,4334.5,4323.5,4327,15420,0
20230328,200000,4327.5,4329.5,4320.5,4320.5,10589,0
20230328,210000,4321,4323,4315,4320,8084,0
20230328,220000,4320,4324.5,4317.5,4322.5,6529,0
20230328,230000,4322,4322,4319,4320,3676,0
20230329,100000,4325,4340.5,4305,4317,56645,0
20230329,110000,4316.5,4319,4294,4316.5,46917,0
20230329,120000,4316,4317,4307,4309.5,26393,0
20230329,130000,4310,4341,4309.5,4341,47768,0
20230329,140000,4341.5,4360,4331,4358.5,75312,0
20230329,150000,4358.5,4359,4347,4355.5,26662,0
20230329,160000,4356,4356,4331,4337.5,62178,0
20230329,170000,4337.5,4346.5,4330,4335,31296,0
20230329,180000,4335,4351.5,4331,4351.5,24952,0
20230329,190000,4349.5,4349.5,4335,4335.5,6436,0
20230329,200000,4336.5,4342,4335,4337.5,3987,0
20230329,210000,4337.5,4342,4335,4342,4811,0
20230329,220000,4341,4346.5,4338,4341,5291,0
20230329,230000,4341,4342.5,4339.5,4342,2433,0
20230330,100000,4349.5,4369,4320,4364,77988,0
20230330,110000,4364,4368,4336,4344.5,58053,0
20230330,120000,4346.5,4358,4342.5,4358,49740,0
20230330,130000,4358,4367,4351.5,4357,20951,0
20230330,140000,4358,4367,4357,4366,28094,0
20230330,150000,4365.5,4385,4365,4372.5,63873,0
20230330,160000,4373.5,4382.5,4360.5,4362.5,32473,0
20230330,170000,4362,4385,4361,4373,43577,0
20230330,180000,4372.5,4388.5,4372.5,4388.5,33786,0
20230330,190000,4382,4388,4381,4383.5,9093,0
20230330,200000,4383,4385,4382,4382,4152,0
20230330,210000,4382,4384.5,4382,4382.5,3780,0
20230330,220000,4382.5,4387,4382.5,4382.5,5675,0
20230330,230000,4383,4384,4375.5,4382.5,8817,0
20230331,100000,4380,4389,4341.5,4350,111508,0
20230331,110000,4350,4363,4340.5,4345.5,78640,0
20230331,120000,4346,4347.5,4307,4309.5,74961,0
20230331,130000,4311,4321,4280.5,4305.5,143223,0
20230331,140000,4305.5,4332,4296,4332,81977,0
20230331,150000,4332,4341.5,4312,4330,44489,0
20230331,160000,4330,4337,4318,4328.5,20668,0
20230331,170000,4328.5,4344,4327.5,4338,30017,0
20230331,180000,4338.5,4359,4330.5,4359,38982,0
20230331,190000,4351.5,4359,4350,4355,20754,0
20230331,200000,4355,4356.5,4351.5,4353,6751,0
20230331,210000,4354,4355,4350.5,4350.5,6818,0
20230331,220000,4351.5,4357,4351.5,4356,7516,0
20230331,230000,4356,4357,4350.5,4352.5,8110,0
20230403,100000,4491,4491,4443,4456,301751,0
20230403,110000,4456.5,4468,4446,4465.5,83102,0
20230403,120000,4465.5,4469.5,4450,4451.5,57066,0
20230403,130000,4452,4460,4446,4456.5,40144,0
20230403,140000,4455.5,4460,4422,4450,60511,0
20230403,150000,4450,4503,4449.5,4500,271707,0
20230403,160000,4500.5,4501,4483,4495,73991,0
20230403,170000,4495,4508.5,4471,4481,81014,0
20230403,180000,4481,4484.5,4451,4451,52242,0
20230403,190000,4456,4472.5,4450,4460,44834,0
20230403,200000,4462,4462.5,4457.5,4460,11984,0
20230403,210000,4460,4465.5,4459,4465,12883,0
20230403,220000,4465,4474,4464,4473.5,10900,0
20230403,230000,4474,4476.5,4466.5,4473.5,13698,0
20230404,100000,4490,4537,4476.5,4536,206129,0
20230404,110000,4536,4557,4528,4539,162084,0
20230404,120000,4539,4546,4528,4538,70033,0
20230404,130000,4538,4547,4536,4545.5,36946,0
20230404,140000,4545.5,4566,4542,4558,71387,0
20230404,150000,4558,4575.5,4537.5,4539.5,91954,0
20230404,160000,4539.5,4546.5,4535,4544.5,71978,0
20230404,170000,4545,4548,4520,4521,65929,0
20230404,180000,4520,4527.5,4500,4500,65069,0
20230404,190000,4500,4520,4483,4514,34972,0
20230404,200000,4514.5,4517.5,4505.5,4514,8356,0
20230404,210000,4514.5,4518.5,4503.5,4516.5,11028,0
20230404,220000,4516.5,4521.5,4503.5,4514,13352,0
20230404,230000,4514.5,4515,4506.5,4510.5,7606,0
20230405,100000,4506,4509,4470,4503,122229,0
20230405,110000,4503,4507.5,4475,4483.5,46331,0
20230405,120000,4482.5,4499.5,4478.5,4492,21185,0
20230405,130000,4492.5,4499,4481.5,4484,19657,0
20230405,140000,4483.5,4492,4477.5,4481,25758,0
20230405,150000,4480,4490.5,4470.5,4474.5,34281,0
20230405,160000,4473.5,4482,4460,4469.5,51807,0
20230405,170000,4469,4484,4463.5,4484,27963,0
20230405,180000,4484,4545,4483.5,4545,138748,0
20230405,190000,4537.5,4541,4524,4534.5,29199,0
20230405,200000,4534.5,4536.5,4526.5,4530,11013,0
20230405,210000,4530,4532,4523,4530.5,5937,0
20230405,220000,4531,4534.5,4527.5,4533,8128,0
20230405,230000,4533,4545,4530,4540,15355,0
20230406,100000,4543,4600,4534.5,4597.5,185395,0
20230406,110000,4598.5,4609,4576,4578,117927,0
20230406,120000,4577.5,4623,4577.5,4614,139739,0
20230406,130000,4614,4623.5,4605,4620,82837,0
20230406,140000,4619.5,4620,4600,4609,81243,0
20230406,150000,4609,4615,4584.5,4591,68521,0
20230406,160000,4590.5,4605,4580,4604,67742,0
20230406,170000,4604,4604.5,4583,4585,44328,0
20230406,180000,4584.5,4590,4577.5,4577.5,28378,0
20230406,190000,4568.5,4582,4475.5,4575.5,61958,0
20230406,200000,4575.5,4595,4553,4587.5,33718,0
20230406,210000,4587.5,4588,4584.5,4588,11289,0
20230406,220000,4588,4589,4581.5,4586,6933,0
20230406,230000,4587,4587,4581.5,4585,6984,0
20230407,100000,4610.5,4635,4593.5,4600,141589,0
20230407,110000,4599,4620,4596,4611,57233,0
20230407,120000,4611,4614,4599.5,4606,37097,0
20230407,130000,4605.5,4615,4600,4607.5,27112,0
20230407,140000,4607.5,4610.5,4586.5,4590,43004,0
20230407,150000,4589.5,4590,4520,4573,131204,0
20230407,160000,4572.5,4593.5,4564,4590,43850,0
20230407,170000,4589.5,4612,4578.5,4612,49865,0
20230407,180000,4611,4611.5,4599,4600,22220,0
20230407,190000,4599,4619.5,4599,4613,18708,0
20230407,200000,4613,4616,4608,4612.5,11709,0
20230407,210000,4612,4615,4612,4613.5,5365,0
20230407,220000,4614,4619.5,4611,4619.5,12291,0
20230407,230000,4619.5,4638.5,4616,4637,38842,0
20230410,100000,4636,4661,4620,4643,178914,0
20230410,110000,4643,4649.5,4636,4646.5,65769,0
20230410,120000,4646.5,4651,4630,4642,92954,0
20230410,130000,4642.5,4645.5,4630.5,4643.5,35661,0
20230410,140000,4643.5,4650,4638.5,4643,39700,0
20230410,150000,4643.5,4650,4642.5,4643.5,44595,0
20230410,160000,4643.5,4650,4643,4644.5,24023,0
20230410,170000,4644.5,4649,4639,4645,29124,0
20230410,180000,4645,4649,4642.5,4644.5,18449,0
20230410,190000,4644.5,4660,4644.5,4648,15408,0
20230410,200000,4648,4659,4646,4650,32305,0
20230410,210000,4649,4654,4645,4647.5,10429,0
20230410,220000,4647.5,4651.5,4645.5,4650,7953,0
20230410,230000,4650,4651,4645,4650.5,6142,0
20230411,100000,4651,4685,4630.5,4650.5,188530,0
20230411,110000,4651,4668,4643,4660,77652,0
20230411,120000,4661,4689,4657.5,4677,91431,0
20230411,130000,4677.5,4682.5,4665,4674,51360,0
20230411,140000,4672.5,4682,4671,4677.5,29638,0
20230411,150000,4677.5,4689,4677.5,4684,44218,0
20230411,160000,4684,4684.5,4575,4610.5,231417,0
20230411,170000,4611,4653.5,4607,4642.5,74904,0
20230411,180000,4642.5,4651,4632.5,4645,34155,0
20230411,190000,4634,4646.5,4632.5,4633,17511,0
20230411,200000,4633,4634,4608,4619.5,25782,0
20230411,210000,4619.5,4634.5,4614,4619.5,9326,0
20230411,220000,4620,4634.5,4618,4618.5,13413,0
20230411,230000,4618.5,4628,4617,4620,8651,0
20230412,100000,4666.5,4686,4630,4659,154564,0
20230412,110000,4659,4659,4638,4646,48337,0
20230412,120000,4646.5,4658.5,4630.5,4653.5,54259,0
20230412,130000,4653.5,4728.5,4652.5,4700.5,241161,0
20230412,140000,4700.5,4726,4682.5,4706,100648,0
20230412,150000,4705.5,4709.5,4696,4696.5,45972,0
20230412,160000,4696.5,4696.5,4685,4687,38387,0
20230412,170000,4687,4690,4660,4666,91526,0
20230412,180000,4665,4665.5,4642.5,4650,78066,0
20230412,190000,4656,4672,4650.5,4664.5,18520,0
20230412,200000,4665,4670,4662.5,4665,9980,0
20230412,210000,4665,4672.5,4663,4668.5,11749,0
20230412,220000,4669.5,4699.5,4669.5,4692,25129,0
20230412,230000,4692,4692,4664.5,4670,16490,0
20230413,100000,4686,4686,4642,4644,165110,0
20230413,110000,4644,4663.5,4636,4641,117445,0
20230413,120000,4641,4652,4625,4625,83663,0
20230413,130000,4626,4634.5,4590,4607.5,158959,0
20230413,140000,4607.5,4617.5,4595,4602,94758,0
20230413,150000,4602,4620,4598,4619.5,73135,0
20230413,160000,4619.5,4636,4619,4629.5,56665,0
20230413,170000,4629.5,4629.5,4612,4615,37395,0
20230413,180000,4615,4640,4613.5,4640,35642,0
20230413,190000,4631.5,4638,4620.5,4628.5,14570,0
20230413,200000,4628.5,4635,4625.5,4625.5,9920,0
20230413,210000,4625.5,4627,4619.5,4621.5,10173,0
20230413,220000,4621.5,4625,4603.5,4613,30700,0
20230413,230000,4614.5,4620,4610,4612.5,14793,0
20230414,100000,4612.5,4617,4583,4586,143972,0
20230414,110000,4586,4597.5,4573,4586.5,73318,0
20230414,120000,4586,4589.5,4575.5,4586.5,52433,0
20230414,130000,4586,4587,4575.5,4577,67689,0
20230414,140000,4577,4577.5,4553.5,4576,138020,0
20230414,150000,4576,4597,4569,4574.5,94066,0
20230414,160000,4575,4592.5,4567.5,4581.5,92245,0
20230414,170000,4583,4584.5,4570,4574.5,85268,0
20230414,180000,4576,4608,4567,4608,106853,0
20230414,190000,4600,4605.5,4594,4594.5,23252,0
20230414,200000,4595,4605,4591.5,4604.5,14888,0
20230414,210000,4605,4621.5,4603.5,4620,32000,0
20230414,220000,4620,4629,4613.5,4627,22384,0
20230414,230000,4625.5,4627.5,4616,4618,8967,0
20230417,100000,4660,4670,4634.5,4655.5,172683,0
20230417,110000,4655.5,4664.5,4650,4651,68045,0
20230417,120000,4650,4653.5,4636,4648.5,53184,0
20230417,130000,4647.5,4655.5,4638,4642.5,32280,0
20230417,140000,4642.5,4650,4636,4640,35957,0
20230417,150000,4640,4650.5,4639,4642,24225,0
20230417,160000,4641.5,4650,4640.5,4646,19595,0
20230417,170000,4646,4655.5,4645.5,4655.5,34408,0
20230417,180000,4655.5,4665,4648,4650,93968,0
20230417,190000,4649.5,4654.5,4646,4647,38459,0
20230417,200000,4647.5,4650,4638,4640.5,35139,0
20230417,210000,4640.5,4646,4629.5,4641,23978,0
20230417,220000,4641,4647.5,4639,4642.5,14878,0
20230417,230000,4640.5,4644.5,4630,4640,14240,0
20230418,100000,4649,4658,4632.5,4643,96954,0
20230418,110000,4642.5,4652.5,4636,4636,64930,0
20230418,120000,4636,4638,4583.5,4593.5,196234,0
20230418,130000,4592.5,4612.5,4592,4605,69373,0
20230418,140000,4604,4619.5,4600,4615.5,62468,0
20230418,150000,4615,4616,4603,4610.5,35086,0
20230418,160000,4610.5,4616,4605,4609,46114,0
20230418,170000,4607.5,4620,4598,4613,129606,0
20230418,180000,4612.5,4617.5,4600,4614,60526,0
20230418,190000,4613,4619.5,4603,4609.5,25077,0
20230418,200000,4609.5,4613,4606.5,4609.5,16418,0
20230418,210000,4609.5,4614,4607,4612,15918,0
20230418,220000,4610,4616.5,4608,4612,16907,0
20230418,230000,4611,4613,4596,4599.5,49633,0
20230419,100000,4600,4607,4582,4602,135967,0
20230419,110000,4602,4609.5,4587,4593.5,87791,0
20230419,120000,4595,4597,4561.5,4576.5,148903,0
20230419,130000,4575.5,4580,4567.5,4578,107091,0
20230419,140000,4578,4588.5,4568,4581.5,140275,0
20230419,150000,4581.5,4582,4558,4560,85028,0
20230419,160000,4559,4565.5,4531,4531.5,208839,0
20230419,170000,4531,4553.5,4528,4543.5,132508,0
20230419,180000,4543.5,4555,4533,4550,74887,0
20230419,190000,4550,4556,4541.5,4555,25971,0
20230419,200000,4555,4560,4545.5,4547,38223,0
20230419,210000,4545.5,4555,4542,4548,21413,0
20230419,220000,4549,4550,4541,4542,11584,0
20230419,230000,4542,4550,4539,4539.5,13824,0
20230420,100000,4540,4548.5,4491,4503.5,218757,0
20230420,110000,4504,4509.5,4462,4482,155930,0
20230420,120000,4483,4509,4483,4500,122777,0
20230420,130000,4500,4501,4486,4494,50015,0
20230420,140000,4495,4734,4486.5,4718,1463710,0
20230420,150000,4718.5,4727,4690.5,4701,470383,0
20230420,160000,4701,4723,4699.5,4719,232772,0
20230420,170000,4719,4765,4704,4749.5,374245,0
20230420,180000,4749.5,4794.5,4741,4760,344237,0
20230420,190000,4768,4768,4748,4763,53488,0
20230420,200000,4763.5,4765,4747,4750,43181,0
20230420,210000,4750,4754.5,4730,4754.5,51723,0
20230420,220000,4754.5,4759,4737,4746.5,43799,0
20230420,230000,4746.5,4749.5,4737,4746,35060,0
20230421,100000,4759.5,4776.5,4711,4738.5,314285,0
20230421,110000,4737.5,4774.5,4733,4751,137715,0
20230421,120000,4750.5,4765,4723,4734,133922,0
20230421,130000,4734.5,4743.5,4723.5,4738,43259,0
20230421,140000,4738.5,4743.5,4735.5,4742.5,25774,0
20230421,150000,4742.5,4743,4724,4730.5,32412,0
20230421,160000,4730.5,4734.5,4728,4732.5,30717,0
20230421,170000,4732,4734,4720,4730.5,38991,0
20230421,180000,4730.5,4741,4726.5,4726.5,25723,0
20230421,190000,4727,4740,4726.5,4732,16853,0
20230421,200000,4732,4737,4728,4731,10840,0
20230421,210000,4730,4735.5,4728,4730,12514,0
20230421,220000,4729,4730.5,4725,4730.5,17052,0
20230421,230000,4730.5,4733,4727,4729.5,12892,0
20230424,100000,4728,4750,4702,4743,136228,0
20230424,110000,4743.5,4744.5,4725,4732.5,48415,0
20230424,120000,4732.5,4735,4724,4729,38491,0
20230424,130000,4729.5,4733.5,4720,4726.5,39602,0
20230424,140000,4726,4730,4722.5,4727,23813,0
20230424,150000,4727,4730,4725,4725,16166,0
20230424,160000,4725.5,4727,4705.5,4714,68474,0
20230424,170000,4715,4715,4702,4704,53896,0
20230424,180000,4703.5,4714,4692.5,4714,69803,0
20230424,190000,4712,4714.5,4706,4707.5,7067,0
20230424,200000,4707.5,4714,4705,4711,6522,0
20230424,210000,4711,4713,4708,4710.5,6538,0
20230424,220000,4711,4719,4709,4717,9955,0
20230424,230000,4716.5,4719,4710,4710.5,4695,0
20230425,100000,4713,4720,4692.5,4705,90758,0
20230425,110000,4706.5,4711.5,4705,4705,27029,0
20230425,120000,4705,4711,4703.5,4706,27851,0
20230425,130000,4705.5,4706.5,4691,4693,58384,0
20230425,140000,4693,4705,4692,4704.5,28497,0
20230425,150000,4704.5,4710,4700,4701.5,30964,0
20230425,160000,4701.5,4703.5,4697,4698.5,19211,0
20230425,170000,4698.5,4706,4692,4697.5,26719,0
20230425,180000,4697,4708,4690,4708,32841,0
20230425,190000,4707,4707,4700,4701,4569,0
20230425,200000,4701.5,4703.5,4699.5,4699.5,4960,0
20230425,210000,4699.5,4700,4694.5,4698.5,7226,0
20230425,220000,4699,4700,4691.5,4692,7560,0
20230425,230000,4691.5,4693.5,4678,4689,24859,0
20230426,100000,4695,4706,4690,4693.5,42926,0
20230426,110000,4693,4701,4692,4698.5,31083,0
20230426,120000,4698.5,4699,4680,4682,31823,0
20230426,130000,4682,4685,4673,4677.5,44651,0
20230426,140000,4677,4678.5,4658,4660.5,58275,0
20230426,150000,4660.5,4671,4657,4666.5,39291,0
20230426,160000,4667,4667,4649,4653,93792,0
20230426,170000,4653.5,4654.5,4627.5,4636,88877,0
20230426,180000,4636,4680,4636,4680,113001,0
20230426,190000,4679.5,4698,4672,4678.5,42247,0
20230426,200000,4678.5,4680,4670,4675,9182,0
20230426,210000,4675,4679.5,4665,4666,15145,0
20230426,220000,4665,4670,4651,4660,26243,0
20230426,230000,4659.5,4665,4656,4659,9835,0
20230427,100000,4661,4692,4655,4675,72943,0
20230427,110000,4674.5,4680,4670,4670,34043,0
20230427,120000,4670,4687.5,4667,4684,26406,0
20230427,130000,4682.5,4687.5,4680,4683,33517,0
20230427,140000,4682.5,4686,4680,4681,24621,0
20230427,150000,4681,4682,4665,4680.5,47883,0
20230427,160000,4680,4710.5,4680,4700,142871,0
20230427,170000,4700,4705.5,4692.5,4703,51024,0
20230427,180000,4703,4705,4689,4689,33309,0
20230427,190000,4697.5,4699,4687.5,4698.5,12725,0
20230427,200000,4698.5,4699.5,4693.5,4696,5106,0
20230427,210000,4696,4696.5,4695,4696,5679,0
20230427,220000,4697,4698.5,4690,4697,10197,0
20230427,230000,4696,4700,4694,4700,10005,0
20230428,100000,4708.5,4710,4689,4701,75135,0
20230428,110000,4701,4701,4677.5,4695.5,58367,0
20230428,120000,4695.5,4696,4682,4685,21881,0
20230428,130000,4685,4687,4670,4671,50166,0
20230428,140000,4671,4671.5,4641.5,4655.5,121342,0
20230428,150000,4656.5,4664.5,4646.5,4663,55565,0
20230428,160000,4663,4670,4660,4666,39654,0
20230428,170000,4666,4678.5,4662,4676.5,24160,0
20230428,180000,4677,4690,4671,4690,42960,0
20230428,190000,4687,4690,4662,4675,18176,0
20230428,200000,4677,4679.5,4670.5,4673.5,6643,0
20230428,210000,4673,4676,4670.5,4673,6933,0
20230428,220000,4672.5,4684,4665,4678,12408,0
20230428,230000,4678,4679,4670,4674.5,6766,0
20230502,100000,4680,4705,4661,4662,112678,0
20230502,110000,4662,4673,4645,4658,107553,0
20230502,120000,4658.5,4670,4645.5,4659,39330,0
20230502,130000,4659,4679.5,4648.5,4651,65166,0
20230502,140000,4651.5,4662,4648,4653,33813,0
20230502,150000,4653,4653,4630.5,4638,65073,0
20230502,160000,4637.5,4650,4631,4640,42100,0
20230502,170000,4639,4645,4552,4563,185691,0
20230502,180000,4562,4617,4556,4610,119402,0
20230502,190000,4604,4607.5,4592,4600,16218,0
20230502,200000,4599.5,4600,4580,4586,20538,0
20230502,210000,4586,4590,4570,4582.5,25256,0
20230502,220000,4582.5,4599.5,4579.5,4596.5,11417,0
20230502,230000,4597.5,4599,4577,4581,11935,0
20230503,100000,4580.5,4613.5,4521,4602,276794,0
20230503,110000,4602.5,4605,4585,4605,96519,0
20230503,120000,4605,4638,4601,4620,126989,0
20230503,130000,4620,4631,4591,4612,63871,0
20230503,140000,4613.5,4621,4600,4608.5,52081,0
20230503,150000,4608.5,4613,4585,4587.5,49995,0
20230503,160000,4587.5,4588.5,4563,4585,53957,0
20230503,170000,4585.5,4588,4550,4558.5,69400,0
20230503,180000,4558,4563.5,4521,4521,90657,0
20230503,190000,4521,4534.5,4491,4533.5,92112,0
20230503,200000,4533.5,4538,4511.5,4522.5,23775,0
20230503,210000,4523.5,4531,4510.5,4522,31486,0
20230503,220000,4520,4531,4507.5,4507.5,41983,0
20230503,230000,4509.5,4525,4496,4508.5,37252,0
20230504,100000,4522,4564.5,4513,4533.5,133177,0
20230504,110000,4533,4553,4526.5,4526.5,62286,0
20230504,120000,4527,4552.5,4512.5,4551,63344,0
20230504,130000,4550.5,4552,4522,4541,36105,0
20230504,140000,4541,4548,4537,4540.5,23427,0
20230504,150000,4540.5,4545,4527,4528,31209,0
20230504,160000,4528,4541,4527.5,4533.5,13671,0
20230504,170000,4533.5,4535.5,4515.5,4523,31736,0
20230504,180000,4523,4545.5,4515,4515,45365,0
20230504,190000,4525,4528.5,4517,4528.5,7372,0
20230504,200000,4528.5,4536.5,4526,4530,5564,0
20230504,210000,4529,4539,4524,4539,10414,0
20230504,220000,4539,4539,4534,4539,7784,0
20230504,230000,4538.5,4549.5,4538,4547.5,19134,0
20230505,100000,4547.5,4557.5,4528,4555,70354,0
20230505,110000,4554,4557.5,4533,4546.5,45038,0
20230505,120000,4546.5,4548,4521,4523,48066,0
20230505,130000,4523,4542,4523,4535,21293,0
20230505,140000,4535,4543.5,4525,4528,31830,0
20230505,150000,4530,4533,4510,4513.5,44992,0
20230505,160000,4513.5,4531,4510.5,4521,44522,0
20230505,170000,4519.5,4527.5,4513,4527,25174,0
20230505,180000,4526,4529.5,4517.5,4528,19097,0
20230505,190000,4527.5,4527.5,4517.5,4521.5,8508,0
20230505,200000,4522,4522,4513,4515.5,14556,0
20230505,210000,4515.5,4519.5,4510.5,4511,17491,0
20230505,220000,4512,4517.5,4507,4510.5,16358,0
20230505,230000,4510.5,4519.5,4501.5,4509,25846,0
20230508,100000,4525,4559,4517.5,4544.5,79073,0
20230508,110000,4546.5,4556.5,4539.5,4551,26882,0
20230508,120000,4553,4556,4541,4541,17213,0
20230508,130000,4541,4548,4535,4548,20268,0
20230508,140000,4547.5,4555,4546,4552.5,15788,0
20230508,150000,4552.5,4557,4550.5,4556.5,16038,0
20230508,160000,4556.5,4594,4556,4582,61785,0
20230508,170000,4582,4586,4574,4581.5,20370,0
20230508,180000,4581.5,4599.5,4558.5,4558.5,50119,0
20230508,190000,4564,4583,4560,4580.5,18047,0
20230508,200000,4580,4581,4569.5,4572,6531,0
20230508,210000,4572,4573.5,4556,4567.5,14535,0
20230508,220000,4567.5,4568,4560,4561.5,4674,0
20230508,230000,4565,4575,4561.5,4564.5,11166,0
20230510,100000,4560,4675,4559,4644.5,319172,0
20230510,110000,4643,4664.5,4642.5,4655,84801,0
20230510,120000,4655,4667,4647.5,4655,75794,0
20230510,130000,4655.5,4658,4645,4654,38451,0
20230510,140000,4653,4685,4651.5,4670,124783,0
20230510,150000,4669.5,4680,4667,4680,48652,0
20230510,160000,4680,4690,4670.5,4678.5,77949,0
20230510,170000,4678.5,4685,4673,4680,58773,0
20230510,180000,4680,4685,4671,4672,33481,0
20230510,190000,4683,4700,4676,4696.5,34793,0
20230510,200000,4696,4710,4693,4708,42515,0
20230510,210000,4708,4716,4705,4707.5,28503,0
20230510,220000,4707.5,4712,4703.5,4710.5,20255,0
20230510,230000,4711.5,4716,4710,4716,14971,0
20230511,100000,4725,4819,4716,4817,359019,0
20230511,110000,4816,4849.5,4795.5,4808,309625,0
20230511,120000,4809.5,4836,4800.5,4823.5,116735,0
20230511,130000,4822.5,4836,4762,4797.5,184854,0
20230511,140000,4797.5,4816.5,4765,4787.5,147826,0
20230511,150000,4788,4815,4787.5,4808.5,85143,0
20230511,160000,4809,4828.5,4805,4827.5,109473,0
20230511,170000,4826,4848,4819,4837.5,183456,0
20230511,180000,4837.5,4838,4817.5,4817.5,58814,0
20230511,190000,4824.5,4837.5,4817.5,4826.5,30930,0
20230511,200000,4826.5,4830.5,4776,4783,85851,0
20230511,210000,4783,4783.5,4681,4735,400425,0
20230511,220000,4735,4786.5,4715,4766.5,212474,0
20230511,230000,4763.5,4792,4762,4788.5,82524,0
20230512,100000,4800.5,4842.5,4751,4801.5,294809,0
20230512,110000,4801.5,4811.5,4765,4806,115533,0
20230512,120000,4805.5,4815,4781,4801.5,89390,0
20230512,130000,4802,4805,4786,4790,41474,0
20230512,140000,4790,4798,4785.5,4796,44534,0
20230512,150000,4795.5,4810,4793.5,4808.5,70450,0
20230512,160000,4809.5,4819,4802,4818,64840,0
20230512,170000,4819,4825.5,4790,4813,93616,0
20230512,180000,4813,4820,4802.5,4802.5,47844,0
20230512,190000,4808.5,4816.5,4793,4798.5,41705,0
20230512,200000,4798,4807.5,4797,4805,16233,0
20230512,210000,4805.5,4810.5,4804,4807,10178,0
20230512,220000,4807,4814,4805,4811.5,20454,0
20230512,230000,4812,4819,4810,4819,20031,0
20230515,100000,4840,4929.5,4838,4919.5,405313,0
20230515,110000,4918.5,4944,4912,4914.5,223820,0
20230515,120000,4913,4930,4912,4924,72482,0
20230515,130000,4924,4939,4922,4938.5,101787,0
20230515,140000,4939,4974,4938.5,4960,254787,0
20230515,150000,4959.5,4976.5,4946.5,4975,126676,0
20230515,160000,4974.5,4975,4960.5,4965,79151,0
20230515,170000,4965.5,4974.5,4953,4968,73023,0
20230515,180000,4967.5,4980,4965,4980,98035,0
20230515,190000,4975,5000,4972.5,4993,124415,0
20230515,200000,4993,5014,4989,5011.5,94378,0
20230515,210000,5012,5015,5003.5,5006,47526,0
20230515,220000,5006,5013.5,4996.5,5013,39621,0
20230515,230000,5012.5,5055,5010.5,5045.5,128801,0
20230516,100000,5065,5120,5020.5,5074,734722,0
20230516,110000,5074,5112.5,5066,5081,186524,0
20230516,120000,5081,5093,5050.5,5063.5,152162,0
20230516,130000,5063.5,5087.5,5063,5085.5,71850,0
20230516,140000,5083.5,5094,5081,5084.5,52667,0
20230516,150000,5085,5085,5075,5079.5,46515,0
20230516,160000,5079,5090,5057,5086,56638,0
20230516,170000,5086.5,5088,5074,5076,40987,0
20230516,180000,5075,5087,5075,5075,59593,0
20230516,190000,5075,5094.5,5075,5085,24185,0
20230516,200000,5084.5,5089,5081,5088.5,9499,0
20230516,210000,5088.5,5090,5087,5088.5,13171,0
20230516,220000,5088,5089,5083,5083.5,13978,0
20230516,230000,5083.5,5087,5079,5086,19725,0
20230517,100000,5094.5,5120,5083.5,5086,219189,0
20230517,110000,5086,5088,5070,5084,93736,0
20230517,120000,5083.5,5085,5076,5080.5,34515,0
20230517,130000,5080.5,5095,5076.5,5090.5,41516,0
20230517,140000,5090,5096,5087,5091.5,25930,0
20230517,150000,5091.5,5093,5076.5,5085.5,42678,0
20230517,160000,5084.5,5086,5074,5076.5,52773,0
20230517,170000,5076.5,5078.5,5060.5,5074.5,66110,0
20230517,180000,5074.5,5088.5,5073,5088.5,38550,0
20230517,190000,5088.5,5092,5077,5087,20032,0
20230517,200000,5087,5089,5080.5,5088.5,5824,0
20230517,210000,5088.5,5093.5,5083,5085.5,12918,0
20230517,220000,5086.5,5095,5085,5095,18285,0
20230517,230000,5095,5100,5094,5097,18637,0
20230518,100000,5111,5120,5089.5,5102.5,135140,0
20230518,110000,5102.5,5107.5,5090.5,5097,87428,0
20230518,120000,5098.5,5099,5091,5091.5,41825,0
20230518,130000,5091.5,5094,5086,5088,57032,0
20230518,140000,5087,5092.5,5077,5091.5,56903,0
20230518,150000,5091.5,5098,5080.5,5082,66793,0
20230518,160000,5082,5090.5,5080.5,5086.5,46016,0
20230518,170000,5086.5,5087,5075.5,5083,42988,0
20230518,180000,5083,5096,5075,5096,35666,0
20230518,190000,5094,5094,5081,5087,14758,0
20230518,200000,5087,5088,5080.5,5080.5,8968,0
20230518,210000,5081.5,5083,5070,5072,35436,0
20230518,220000,5072,5079.5,5071,5078.5,13885,0
20230518,230000,5078.5,5080,5070,5075,20186,0
20230519,100000,5070,5075.5,5013,5044,195573,0
20230519,110000,5043.5,5050,5032,5044,90345,0
20230519,120000,5043,5065,5041.5,5056.5,60158,0
20230519,130000,5057.5,5065,5045.5,5064.5,39807,0
20230519,140000,5062.5,5065,5050,5063,32065,0
20230519,150000,5063,5065,5045,5053,37884,0
20230519,160000,5051.5,5058,5038,5040,35785,0
20230519,170000,5040,5048,5035,5040,48932,0
20230519,180000,5041.5,5059,5035,5059,49828,0
20230519,190000,5055,5055,5048,5051,14360,0
20230519,200000,5051.5,5052,5046.5,5048,11318,0
20230519,210000,5048,5053,5048,5052,14099,0
20230519,220000,5052.5,5053.5,5049,5053.5,13398,0
20230519,230000,5053.5,5078.5,5052,5078.5,25400,0
20230522,100000,5110.5,5116,5075,5080,126936,0
20230522,110000,5079.5,5096.5,5079.5,5089,43858,0
20230522,120000,5089,5095.5,5067,5078,62732,0
20230522,130000,5077,5086.5,5072.5,5078.5,21311,0
20230522,140000,5078.5,5085,5057,5064.5,45538,0
20230522,150000,5064.5,5080,5058,5070,29434,0
20230522,160000,5069.5,5078.5,5060.5,5076.5,30897,0
20230522,170000,5076.5,5078,5070.5,5075,12409,0
20230522,180000,5075,5083.5,5065,5068,32672,0
20230522,190000,5070,5089,5070,5089,11821,0
20230522,200000,5089.5,5092,5074,5075,10579,0
20230522,210000,5075,5090.5,5070,5088.5,15473,0
20230522,220000,5088.5,5090.5,5083.5,5084.5,8879,0
20230522,230000,5083.5,5092.5,5077,5090,12762,0
20230523,100000,5094,5095.5,5065,5080.5,58789,0
20230523,110000,5080,5088,5075.5,5082,39906,0
20230523,120000,5082,5088,5075,5081,30460,0
20230523,130000,5081.5,5105,5081,5088,68555,0
20230523,140000,5088.5,5100,5083.5,5096,35287,0
20230523,150000,5096.5,5118,5067.5,5092.5,143611,0
20230523,160000,5092.5,5107.5,5085,5092.5,64045,0
20230523,170000,5091,5106,5090,5105,68430,0
20230523,180000,5103.5,5115,5100,5115,58269,0
20230523,190000,5115,5162,5110.5,5149,200185,0
20230523,200000,5148,5160,5145,5146.5,52527,0
20230523,210000,5147.5,5167,5146.5,5159.5,48160,0
20230523,220000,5159,5167,5148,5162,26867,0
20230523,230000,5162,5174,5159,5173,34597,0
20230524,100000,5183,5185,5152.5,5170,183883,0
20230524,110000,5170,5170.5,5142,5165.5,66791,0
20230524,120000,5165.5,5169,5155.5,5163,28629,0
20230524,130000,5163,5185,5162,5172.5,61298,0
20230524,140000,5172.5,5181.5,5151.5,5152,61969,0
20230524,150000,5152,5169.5,5152,5155,40803,0
20230524,160000,5155,5178.5,5151.5,5177,84710,0
20230524,170000,5177,5200,5169,5189.5,171996,0
20230524,180000,5190.5,5197.5,5185,5190.5,61306,0
20230524,190000,5190.5,5215,5183,5204.5,72549,0
20230524,200000,5204,5204.5,5177,5201,47152,0
20230524,210000,5201,5208,5196,5208,13608,0
20230524,220000,5208,5208,5193.5,5198.5,27914,0
20230524,230000,5197.5,5201,5188,5192,28894,0
20230525,100000,5197,5209,5185,5194.5,101739,0
20230525,110000,5194.5,5201,5160.5,5179,136955,0
20230525,120000,5179,5193,5173,5187,58238,0
20230525,130000,5186.5,5194.5,5183.5,5193.5,57735,0
20230525,140000,5194,5199.5,5189,5199.5,55121,0
20230525,150000,5199.5,5203,5195,5203,78775,0
20230525,160000,5203,5208,5182,5206,166047,0
20230525,170000,5206,5208,5200,5207,78489,0
20230525,180000,5205.5,5207,5192.5,5200,39788,0
20230525,190000,5204,5207,5185.5,5203,29039,0
20230525,200000,5203,5205,5203,5204,12717,0
20230525,210000,5204,5205,5201.5,5204,12303,0
20230525,220000,5204,5205,5199,5202,16385,0
20230525,230000,5203.5,5205,5199.5,5203.5,14857,0
20230526,100000,5206,5228,5203,5222,199310,0
20230526,110000,5222,5225,5217,5222,57434,0
20230526,120000,5222,5232,5217,5231.5,87655,0
20230526,130000,5231,5232,5221.5,5224,45137,0
20230526,140000,5224,5235,5223,5234.5,52624,0
20230526,150000,5234.5,5252.5,5233.5,5252.5,113365,0
20230526,160000,5252.5,5279,5252,5274.5,135735,0
20230526,170000,5274.5,5277,5265.5,5270.5,62399,0
20230526,180000,5270.5,5276,5265,5276,36669,0
20230526,190000,5280,5295.5,5273.5,5294.5,49933,0
20230526,200000,5293.5,5296,5286.5,5286.5,31407,0
20230526,210000,5286.5,5294,5285.5,5293.5,15947,0
20230526,220000,5293.5,5297.5,5293,5296.5,30949,0
20230526,230000,5296,5298.5,5276,5296.5,59337,0
20230529,100000,5341.5,5450,5332,5434.5,555357,0
20230529,110000,5434.5,5500,5430,5482.5,410385,0
20230529,120000,5482,5505,5473,5500,250164,0
20230529,130000,5501,5547.5,5500,5532.5,269583,0
20230529,140000,5533,5534.5,5501.5,5516.5,103142,0
20230529,150000,5516,5516,5490,5498,164409,0
20230529,160000,5498,5525,5495,5520,96929,0
20230529,170000,5520,5522.5,5500,5521,54501,0
20230529,180000,5520.5,5533.5,5515,5533,74826,0
20230529,190000,5533,5546,5525,5544.5,70596,0
20230529,200000,5544,5544.5,5510.5,5525,69966,0
20230529,210000,5525.5,5540,5522,5533.5,21581,0
20230529,220000,5534,5539,5532.5,5535,38009,0
20230529,230000,5535,5538.5,5528.5,5538.5,28845,0
20230530,100000,5515,5595,5490,5591.5,402168,0
20230530,110000,5591.5,5655.5,5591,5655,328078,0
20230530,120000,5655,5686,5641.5,5675.5,228379,0
20230530,130000,5675.5,5698.5,5669.5,5689.5,160633,0
20230530,140000,5689,5695,5662,5680.5,129683,0
20230530,150000,5682,5684.5,5665,5684,84108,0
20230530,160000,5684,5687.5,5557.5,5609,347516,0
20230530,170000,5609,5620,5461.5,5583.5,501135,0
20230530,180000,5583,5586.5,5501,5501,140013,0
20230530,190000,5512,5573,5510.5,5562,112204,0
20230530,200000,5561,5563.5,5531.5,5548,39484,0
20230530,210000,5547.5,5567,5545,5563,26241,0
20230530,220000,5562.5,5563.5,5542.5,5547.5,29393,0
20230530,230000,5547.5,5550,5513.5,5530,46428,0
20230531,100000,5562,5594,5505,5529.5,307431,0
20230531,110000,5529.5,5544.5,5505.5,5539.5,133064,0
20230531,120000,5539.5,5565.5,5539,5565,77091,0
20230531,130000,5565,5585,5560,5574.5,89331,0
20230531,140000,5573.5,5577.5,5537,5539,90949,0
20230531,150000,5539,5550,5539,5544,67622,0
20230531,160000,5544.5,5553,5542,5548,55576,0
20230531,170000,5549,5558.5,5546,5557,53136,0
20230531,180000,5556.5,5575,5555,5575,68091,0
20230531,190000,5573.5,5580,5565.5,5573.5,40631,0
20230531,200000,5573.5,5575.5,5565.5,5571,32046,0
20230531,210000,5570.5,5571,5567,5567.5,25009,0
20230531,220000,5567.5,5570,5565.5,5570,29683,0
20230531,230000,5569.5,5572,5561,5569,43872,0
20230601,100000,5570,5625,5540,5584,276073,0
20230601,110000,5584,5600,5580,5589.5,82501,0
20230601,120000,5589.5,5598.5,5576,5596,96753,0
20230601,130000,5596,5600,5584.5,5595,101104,0
20230601,140000,5595.5,5626,5592,5622,144747,0
20230601,150000,5622,5649,5620.5,5644,133034,0
20230601,160000,5644,5644,5622,5627.5,107938,0
20230601,170000,5627.5,5654,5626.5,5653,142181,0
20230601,180000,5652.5,5659,5646,5653,162079,0
20230601,190000,5636,5654.5,5632.5,5648,72464,0
20230601,200000,5648,5656,5647,5654.5,64784,0
20230601,210000,5655,5669,5644,5660,118122,0
20230601,220000,5659.5,5660,5645.5,5655,71523,0
20230601,230000,5654,5685,5651,5684,184220,0
20230602,100000,5304,5454,5302,5357,2024152,0
20230602,110000,5357.5,5409.5,5355.5,5390,293549,0
20230602,120000,5389.5,5413,5382,5401,160021,0
20230602,130000,5401,5405,5390.5,5393.5,113125,0
20230602,140000,5393.5,5394.5,5361,5376,142166,0
20230602,150000,5376.5,5382,5362,5363.5,79060,0
20230602,160000,5363.5,5378.5,5360,5372,98094,0
20230602,170000,5371.5,5381.5,5370,5371.5,56190,0
20230602,180000,5371,5377.5,5361.5,5361.5,60157,0
20230602,190000,5372,5372.5,5360,5367.5,28519,0
20230602,200000,5368,5380,5366,5379.5,26765,0
20230602,210000,5380,5384,5376,5381,17249,0
20230602,220000,5381,5383,5374,5376.5,24090,0
20230602,230000,5376.5,5384,5370,5383,35490,0
20230605,100000,5401,5420,5354.5,5362.5,249569,0
20230605,110000,5362.5,5367.5,5315,5319,216910,0
20230605,120000,5318.5,5326,5295,5308,265421,0
20230605,130000,5308,5324.5,5257.5,5260.5,225752,0
20230605,140000,5260.5,5281,5206,5207,288626,0
20230605,150000,5207.5,5278,5155.5,5263.5,405925,0
20230605,160000,5264,5268,5215.5,5237,82763,0
20230605,170000,5237,5246.5,5190,5203,90572,0
20230605,180000,5202,5232,5186.5,5232,83714,0
20230605,190000,5225,5227,5214.5,5221.5,27535,0
20230605,200000,5221.5,5222,5170.5,5172.5,49504,0
20230605,210000,5174,5183.5,5160,5178,51760,0
20230605,220000,5178,5179.5,5163,5172,27238,0
20230605,230000,5171.5,5172,5162.5,5166.5,21120,0
20230606,100000,5149.5,5149.5,4962.5,5012,880929,0
20230606,110000,5010.5,5083,4987.5,5041,352837,0
20230606,120000,5044,5058.5,5025,5051,116827,0
20230606,130000,5051,5057,5024,5039.5,89104,0
20230606,140000,5039.5,5088,5028.5,5074.5,104100,0
20230606,150000,5074.5,5097.5,5060,5092,114757,0
20230606,160000,5092,5099.5,5064,5090.5,121598,0
20230606,170000,5092,5139,5083,5135,178622,0
20230606,180000,5135,5148,5123,5123,67036,0
20230606,190000,5128.5,5140,5122,5135,28223,0
20230606,200000,5135.5,5169.5,5134.5,5151,44031,0
20230606,210000,5150.5,5159,5135,5156,26025,0
20230606,220000,5156,5175.5,5155,5165.5,43414,0
20230606,230000,5165.5,5174,5145,5149.5,25161,0
20230607,100000,5163,5164,5087,5136.5,162724,0
20230607,110000,5136,5150,5110,5118,85879,0
20230607,120000,5118,5135,5090,5108.5,93591,0
20230607,130000,5109,5131,5100.5,5125.5,75038,0
20230607,140000,5125.5,5130,5097,5101,66241,0
20230607,150000,5102.5,5130,5100,5128.5,77202,0
20230607,160000,5128.5,5139.5,5112,5120,109702,0
20230607,170000,5119,5120,5073,5108,147109,0
20230607,180000,5108,5124.5,5097,5124.5,38060,0
20230607,190000,5118.5,5122,5103,5107,11365,0
20230607,200000,5107.5,5107.5,5084,5096,19747,0
20230607,210000,5096,5097.5,5089,5091.5,8605,0
20230607,220000,5092,5108,5086.5,5102,19248,0
20230607,230000,5102.5,5116,5089.5,5101,16868,0
20230608,100000,5100.5,5111,5072,5080,126015,0
20230608,110000,5080.5,5090,5041,5056,127765,0
20230608,120000,5057,5069.5,5050,5055,57281,0
20230608,130000,5056,5075,5052,5074,55752,0
20230608,140000,5074,5084.5,5070,5080.5,34929,0
20230608,150000,5081.5,5095,5061,5062.5,66355,0
20230608,160000,5062.5,5071,5050,5051.5,91701,0
20230608,170000,5051.5,5066.5,5050,5063,75223,0
20230608,180000,5063,5085,5060,5085,44964,0
20230608,190000,5073,5083.5,5065.5,5067.5,26367,0
20230608,200000,5067.5,5075,5063,5074,8145,0
20230608,210000,5074,5074,5070,5072.5,5358,0
20230608,220000,5072.5,5072.5,5061,5065,11805,0
20230608,230000,5065,5069,5064,5065,7183,0
20230609,100000,5082.5,5112.5,5070,5086,151816,0
20230609,110000,5086,5090,5071.5,5087,49316,0
20230609,120000,5087,5093,5071,5079,35801,0
20230609,130000,5079,5087.5,5077,5084,16619,0
20230609,140000,5085,5095,5083,5090.5,30898,0
20230609,150000,5091.5,5105,5089,5103,57057,0
20230609,160000,5103.5,5110,5098.5,5103,38629,0
20230609,170000,5102.5,5104,5088,5092.5,34784,0
20230609,180000,5092.5,5099.5,5072,5086,45046,0
20230609,190000,5080,5089.5,5075,5089.5,6415,0
20230609,200000,5089.5,5095,5075,5080.5,14337,0
20230609,210000,5081,5082.5,5075,5077.5,11495,0
20230609,220000,5078,5080,5074.5,5078,13752,0
20230609,230000,5077.5,5079.5,5074.5,5077,14745,0
20230613,100000,5093,5170,5077,5141,264956,0
20230613,110000,5141,5180.5,5139.5,5179.5,125576,0
20230613,120000,5179.5,5182,5160,5172,84397,0
20230613,130000,5173.5,5216.5,5170,5215.5,157079,0
20230613,140000,5215,5249,5213.5,5244.5,181713,0
20230613,150000,5244,5245,5221.5,5233,86186,0
20230613,160000,5232,5263.5,5227.5,5262.5,101222,0
20230613,170000,5262,5263,5225,5234.5,116468,0
20230613,180000,5234.5,5247.5,5225,5233,81421,0
20230613,190000,5233.5,5246,5233.5,5239,41616,0
20230613,200000,5239.5,5260,5237,5254,36380,0
20230613,210000,5253.5,5257.5,5249,5250,19475,0
20230613,220000,5250,5264,5249.5,5260,34665,0
20230613,230000,5260,5265.5,5259.5,5264,42883,0
20230614,100000,5298.5,5324,5270.5,5282.5,249765,0
20230614,110000,5282,5292,5226.5,5236.5,185350,0
20230614,120000,5235.5,5261,5212.5,5246,125198,0
20230614,130000,5246,5249,5224,5239,64983,0
20230614,140000,5241.5,5247.5,5213,5222,65970,0
20230614,150000,5222.5,5240,5205.5,5239,48626,0
20230614,160000,5238,5239.5,5235,5235.5,20856,0
20230614,170000,5235,5239.5,5222.5,5238.5,32691,0
20230614,180000,5238.5,5249,5235,5235,31959,0
20230614,190000,5243,5257.5,5230.5,5257,21669,0
20230614,200000,5257.5,5272,5250,5255,26404,0
20230614,210000,5255,5255.5,5240,5242.5,23847,0
20230614,220000,5243.5,5256.5,5242.5,5256.5,9746,0
20230614,230000,5256,5256,5241,5246,11001,0
20230615,100000,5251.5,5267.5,5226,5246,77595,0
20230615,110000,5245.5,5286,5236.5,5261,77247,0
20230615,120000,5261.5,5274,5236.5,5244.5,57644,0
20230615,130000,5244.5,5262.5,5235,5239,46159,0
20230615,140000,5238.5,5245,5229,5234.5,53050,0
20230615,150000,5234.5,5319.5,5232.5,5309,368251,0
20230615,160000,5309,5309.5,5264.5,5282.5,124013,0
20230615,170000,5282,5308,5280.5,5286,88556,0
20230615,180000,5285,5298.5,5281,5298.5,39047,0
20230615,190000,5298,5309,5280,5289,45275,0
20230615,200000,5288.5,5299,5286,5294,15790,0
20230615,210000,5294,5299,5290,5298,16568,0
20230615,220000,5297.5,5308,5293,5301,30046,0
20230615,230000,5302,5303,5297,5302.5,16386,0
20230616,100000,5309.5,5330,5271.5,5273.5,157569,0
20230616,110000,5273.5,5290,5243.5,5272,105258,0
20230616,120000,5273,5278.5,5260.5,5263.5,42390,0
20230616,130000,5265,5279.5,5262,5275.5,35976,0
20230616,140000,5275.5,5288.5,5269,5272.5,34088,0
20230616,150000,5273,5278.5,5263,5268,26565,0
20230616,160000,5267,5269.5,5261,5263.5,21482,0
20230616,170000,5264,5274.5,5261,5268,14691,0
20230616,180000,5268,5284.5,5267.5,5284.5,38805,0
20230616,190000,5278,5280,5251,5265,36859,0
20230616,200000,5265,5266.5,5253.5,5258,15920,0
20230616,210000,5258,5266,5254.5,5260,8821,0
20230616,220000,5258.5,5264,5256.5,5263.5,9679,0
20230616,230000,5264.5,5266,5256,5260.5,22008,0
20230619,100000,5261.5,5297.5,5213.5,5220,202229,0
20230619,110000,5219.5,5231.5,5210,5213.5,51737,0
20230619,120000,5214,5215,5177,5187,140638,0
20230619,130000,5187,5212,5186.5,5195.5,67235,0
20230619,140000,5195.5,5220,5193,5220,35438,0
20230619,150000,5220,5233.5,5203,5216.5,83304,0
20230619,160000,5216,5216.5,5207.5,5214.5,37341,0
20230619,170000,5214,5232,5209.5,5227.5,33051,0
20230619,180000,5227,5228.5,5206,5228.5,47912,0
20230619,190000,5220,5226.5,5205,5210,17157,0
20230619,200000,5210.5,5215,5200,5210.5,12767,0
20230619,210000,5212,5212.5,5207,5207,4221,0
20230619,220000,5207.5,5209.5,5198,5199,26708,0
20230619,230000,5199.5,5201.5,5190,5194,11346,0
20230620,100000,5190.5,5194,5142,5148.5,232437,0
20230620,110000,5148.5,5169,5143,5152.5,74650,0
20230620,120000,5152.5,5162,5141.5,5144.5,64506,0
20230620,130000,5144,5155.5,5141.5,5150,53868,0
20230620,140000,5150,5160,5146,5153,45900,0
20230620,150000,5153,5153.5,5113.5,5114,135398,0
20230620,160000,5114.5,5144,5081,5138,201856,0
20230620,170000,5138,5149.5,5114,5148.5,59050,0
20230620,180000,5148.5,5165,5144.5,5165,52324,0
20230620,190000,5157.5,5164,5152.5,5160.5,22974,0
20230620,200000,5160.5,5162.5,5155.5,5157.5,14229,0
20230620,210000,5158.5,5160.5,5151.5,5158,8733,0
20230620,220000,5158,5160,5153.5,5156.5,5774,0
20230620,230000,5154.5,5157,5150.5,5150.5,5177,0
20230621,100000,5152.5,5157,5110,5113.5,132934,0
20230621,110000,5113.5,5160,5113,5146,98779,0
20230621,120000,5146,5166,5137,5159,56961,0
20230621,130000,5159,5166.5,5126,5127.5,75429,0
20230621,140000,5128,5145,5125,5137.5,44958,0
20230621,150000,5137.5,5144.5,5134,5143,25024,0
20230621,160000,5143,5145,5126,5127,42649,0
20230621,170000,5126.5,5134.5,5115.5,5125,67510,0
20230621,180000,5127,5148.5,5119,5148.5,51733,0
20230621,190000,5144,5144.5,5133.5,5137.5,12069,0
20230621,200000,5137.5,5140,5135,5136,8331,0
20230621,210000,5136,5142,5136,5137.5,5084,0
20230621,220000,5137,5139,5135,5135,4928,0
20230621,230000,5135,5142,5125,5125,18331,0
20230622,100000,5130,5134,5103,5122.5,77859,0
20230622,110000,5122.5,5142,5117.5,5142,47899,0
20230622,120000,5142,5145,5131.5,5139.5,40502,0
20230622,130000,5138,5163,5132.5,5153.5,64113,0
20230622,140000,5153.5,5157.5,5122,5153,61284,0
20230622,150000,5153.5,5159,5147,5158,30899,0
20230622,160000,5158,5160,5148,5154.5,54058,0
20230622,170000,5154.5,5189,5153.5,5180.5,79045,0
20230622,180000,5181,5182,5163,5163,34391,0
20230622,190000,5164,5170,5155,5157.5,17203,0
20230622,200000,5157.5,5162,5152.5,5161,8972,0
20230622,210000,5161,5164,5156,5163,5648,0
20230622,220000,5163.5,5164,5124.5,5127.5,40444,0
20230622,230000,5128,5148,5110,5137,40707,0
20230623,100000,5125.5,5145,5045,5107,233477,0
20230623,110000,5106,5114,5061,5113,109661,0
20230623,120000,5113,5119,5100,5109.5,40255,0
20230623,130000,5108.5,5112.5,5093.5,5109,44556,0
20230623,140000,5107,5120,5103.5,5118,27492,0
20230623,150000,5118,5118.5,5102,5110.5,31911,0
20230623,160000,5111.5,5111.5,5094.5,5109.5,33686,0
20230623,170000,5109.5,5111,5090,5108.5,32107,0
20230623,180000,5108.5,5127.5,5105.5,5127.5,44530,0
20230623,190000,5125,5128.5,5120.5,5121,12391,0
20230623,200000,5121.5,5123.5,5117,5122,6571,0
20230623,210000,5122.5,5123,5067,5073,62678,0
20230623,220000,5073,5091.5,5004,5029.5,243741,0
20230623,230000,5032.5,5054,5007,5030,144098,0
20230626,100000,5099.5,5114,5030.5,5031.5,310093,0
20230626,110000,5031,5064.5,5030,5043.5,98402,0
20230626,120000,5043.5,5076.5,5037,5062.5,47906,0
20230626,130000,5062,5078,5048.5,5055,34445,0
20230626,140000,5055,5057,5049.5,5053.5,21021,0
20230626,150000,5053.5,5075,5050,5074,21579,0
20230626,160000,5074,5092.5,5073,5091,39525,0
20230626,170000,5091,5092.5,5076,5085,38094,0
20230626,180000,5085.5,5090,5056.5,5056.5,26015,0
20230626,190000,5063.5,5067.5,5040,5048,31537,0
20230626,200000,5048,5048.5,5015,5035,48747,0
20230626,210000,5035.5,5037,4976,4979.5,167912,0
20230626,220000,4982,5069.5,4965,5030,259153,0
20230626,230000,5030,5054,5029.5,5048.5,30014,0
20230627,100000,5074,5077.5,5031,5067.5,82440,0
20230627,110000,5067,5156.5,5063,5137.5,308907,0
20230627,120000,5137.5,5151.5,5126,5138.5,79237,0
20230627,130000,5138.5,5155,5134,5146,78237,0
20230627,140000,5147,5149,5113.5,5124,80933,0
20230627,150000,5125,5155,5120.5,5151,52323,0
20230627,160000,5151.5,5158.5,5136,5156,63360,0
20230627,170000,5156,5156,5140.5,5144,33619,0
20230627,180000,5143.5,5145,5133,5133,46345,0
20230627,190000,5135.5,5143,5117.5,5132,35751,0
20230627,200000,5132,5143.5,5127.5,5128,13721,0
20230627,210000,5128,5138.5,5121,5123.5,18284,0
20230627,220000,5123,5138.5,5123,5130,14236,0
20230627,230000,5130,5141,5128.5,5138,16338,0
20230628,100000,5149.5,5155,5133.5,5148,166021,0
20230628,110000,5148,5148.5,5106,5109.5,92726,0
20230628,120000,5109.5,5123,5094,5105,119581,0
20230628,130000,5104.5,5118,5100,5112,50562,0
20230628,140000,5112,5112,5101,5107,20135,0
20230628,150000,5107,5107,5082,5106,57328,0
20230628,160000,5105,5111,5101,5106,39720,0
20230628,170000,5106,5118,5103,5118,38698,0
20230628,180000,5117.5,5122,5105,5119,42390,0
20230628,190000,5110,5118.5,5090,5104,20731,0
20230628,200000,5104,5125.5,5100,5107.5,30806,0
20230628,210000,5107,5108,5095,5106.5,8941,0
20230628,220000,5107,5114,5105,5107,5326,0
20230628,230000,5108,5112.5,5102.5,5108,7290,0
20230629,100000,5116,5128.5,5096,5118,77627,0
20230629,110000,5118,5145,5111,5144,158370,0
20230629,120000,5144,5148.5,5120,5124,98552,0
20230629,130000,5124,5132,5120,5127.5,39242,0
20230629,140000,5127.5,5132,5121,5127.5,41967,0
20230629,150000,5127.5,5134,5120,5129.5,51485,0
20230629,160000,5129,5138,5125,5135,45848,0
20230629,170000,5135,5150,5120,5143.5,95102,0
20230629,180000,5144.5,5145.5,5120,5135,63643,0
20230629,190000,5133.5,5134,5127.5,5127.5,14020,0
20230629,200000,5128,5131.5,5123.5,5123.5,10039,0
20230629,210000,5124,5124,5120,5123.5,18193,0
20230629,220000,5123.5,5128,5121,5123.5,11127,0
20230629,230000,5123.5,5130,5121.5,5124,15596,0
20230630,100000,5127,5139,5100.5,5112.5,76993,0
20230630,110000,5112,5113,5095.5,5104,51577,0
20230630,120000,5104,5105,5096,5100,31000,0
20230630,130000,5100,5102,5095,5098,40592,0
20230630,140000,5098,5100,5083.5,5085,61277,0
20230630,150000,5085,5095,5069,5071.5,54116,0
20230630,160000,5072,5095.5,5063,5095.5,64878,0
20230630,170000,5095.5,5103.5,5084,5093,80249,0
20230630,180000,5095,5114.5,5079,5114.5,152556,0
20230630,190000,5108,5114,5105,5108.5,37709,0
20230630,200000,5108,5109,5095,5098,19027,0
20230630,210000,5097.5,5103,5094.5,5098,6711,0
20230630,220000,5098.5,5102,5096,5102,6758,0
20230630,230000,5101.5,5111,5079,5079,27744,0
20230703,100000,5099,5114,5080,5087,84114,0
20230703,110000,5087.5,5117,5084,5115.5,97860,0
20230703,120000,5115.5,5120,5112,5119.5,82241,0
20230703,130000,5118.5,5119,5103,5106.5,45892,0
20230703,140000,5107,5116,5101,5105,51187,0
20230703,150000,5105,5123,5104.5,5120.5,70104,0
20230703,160000,5119.5,5120.5,5108.5,5111,53237,0
20230703,170000,5110.5,5112,5101.5,5104,53370,0
20230703,180000,5104,5110,5095,5095.5,57265,0
20230703,190000,5096,5104.5,5096,5098,8068,0
20230703,200000,5098,5103,5091,5097.5,14803,0
20230703,210000,5099,5100,5095,5099,3717,0
20230703,220000,5099,5102,5095.5,5096,7362,0
20230703,230000,5095.5,5097,5095,5095.5,8386,0
20230704,100000,5106.5,5109.5,5082,5106,67969,0
20230704,110000,5106.5,5150,5100,5135.5,122317,0
20230704,120000,5135,5135.5,5104,5127,60923,0
20230704,130000,5127,5133,5095,5127,62868,0
20230704,140000,5128,5139,5124,5137,57278,0
20230704,150000,5137,5227,5136,5214,366852,0
20230704,160000,5214,5238,5211.5,5220,187980,0
20230704,170000,5219,5233.5,5202,5233.5,90618,0
20230704,180000,5233.5,5249,5230,5243,161105,0
20230704,190000,5243,5260,5222,5228.5,79742,0
20230704,200000,5226.5,5237,5211,5211.5,39086,0
20230704,210000,5215,5219.5,5191,5197,80712,0
20230704,220000,5196.5,5215.5,5195,5203.5,64419,0
20230704,230000,5203.5,5209,5201,5209,25268,0
20230705,100000,5226,5311,5221.5,5290,450101,0
20230705,110000,5290.5,5299.5,5265,5278,168981,0
20230705,120000,5277.5,5293,5270.5,5285,85386,0
20230705,130000,5284.5,5285,5260,5271,84491,0
20230705,140000,5271.5,5277,5245,5274.5,90039,0
20230705,150000,5275,5285,5269,5284,55271,0
20230705,160000,5284.5,5289,5263.5,5278.5,56191,0
20230705,170000,5277,5283.5,5271.5,5280,45389,0
20230705,180000,5279.5,5285,5270,5275,64188,0
20230705,190000,5285,5289,5273.5,5276.5,22193,0
20230705,200000,5278,5288,5275,5287,13389,0
20230705,210000,5287,5287,5276,5280,13102,0
20230705,220000,5279.5,5286.5,5279.5,5284,12877,0
20230705,230000,5282,5300,5282,5298.5,46275,0
20230706,100000,5319.5,5375,5312.5,5361,512099,0
20230706,110000,5361.5,5390,5345,5369.5,211162,0
20230706,120000,5369.5,5384,5351.5,5371.5,108172,0
20230706,130000,5372.5,5378,5350,5350,91084,0
20230706,140000,5350.5,5367.5,5349.5,5350,68768,0
20230706,150000,5350.5,5364,5320,5330.5,94131,0
20230706,160000,5330.5,5345.5,5304,5338,141636,0
20230706,170000,5338.5,5345,5315,5327,59985,0
20230706,180000,5327,5334.5,5312,5315.5,48007,0
20230706,190000,5316,5330,5313.5,5330,9390,0
20230706,200000,5330,5354,5328,5338.5,20641,0
20230706,210000,5338.5,5346,5338.5,5341,8712,0
20230706,220000,5341,5348.5,5338.5,5340,12767,0
20230706,230000,5340,5349,5337.5,5347,17165,0
20230707,100000,5361.5,5396,5326,5385,247766,0
20230707,110000,5384,5385,5361,5371,110671,0
20230707,120000,5372,5439,5371,5426,373574,0
20230707,130000,5426,5446.5,5416.5,5429,171269,0
20230707,140000,5429.5,5432,5411.5,5432,60405,0
20230707,150000,5432,5433,5415,5417,42053,0
20230707,160000,5417.5,5432,5417,5427.5,32967,0
20230707,170000,5427.5,5431,5420.5,5427.5,39034,0
20230707,180000,5427,5431,5415.5,5420,60541,0
20230707,190000,5420,5428,5402.5,5420.5,42365,0
20230707,200000,5421,5426.5,5417.5,5425,14366,0
20230707,210000,5424,5434.5,5416.5,5429,26219,0
20230707,220000,5428.5,5443.5,5422,5441,39140,0
20230707,230000,5440.5,5443,5432,5439.5,37825,0
20230710,100000,5471.5,5505.5,5459.5,5490,276269,0
20230710,110000,5490,5493,5462.5,5478,91778,0
20230710,120000,5479,5482.5,5410.5,5440,189806,0
20230710,130000,5441,5448,5421,5427,73187,0
20230710,140000,5427,5445,5411,5414.5,95189,0
20230710,150000,5415,5463,5404,5440,138785,0
20230710,160000,5440.5,5440.5,5412.5,5431.5,67958,0
20230710,170000,5431.5,5439,5417,5433,42167,0
20230710,180000,5432.5,5438,5428,5436,31460,0
20230710,190000,5432.5,5436,5406,5424.5,37597,0
20230710,200000,5424.5,5434,5420,5423,14235,0
20230710,210000,5423,5434.5,5423,5434,10261,0
20230710,220000,5434.5,5435,5429.5,5433,8798,0
20230710,230000,5433,5436,5427,5436,14386,0
20230711,100000,5440.5,5449.5,5412,5423.5,91146,0
20230711,110000,5423,5447.5,5415,5429,80328,0
20230711,120000,5429,5429.5,5415,5415.5,40250,0
20230711,130000,5415.5,5421,5410,5415,52613,0
20230711,140000,5416,5417.5,5366.5,5396,147964,0
20230711,150000,5396,5400,5385,5393.5,43488,0
20230711,160000,5392.5,5393.5,5375,5380.5,49071,0
20230711,170000,5380.5,5424.5,5380,5420.5,80220,0
20230711,180000,5421.5,5423.5,5416.5,5422,20109,0
20230711,190000,5424.5,5428,5409.5,5413,19619,0
20230711,200000,5414,5423,5411,5423,9398,0
20230711,210000,5421.5,5439.5,5421,5432.5,21281,0
20230711,220000,5433,5447,5430,5444,24461,0
20230711,230000,5444,5445,5438,5439,9014,0
20230712,100000,5441,5497.5,5432.5,5478,204632,0
20230712,110000,5477.5,5485,5466.5,5480.5,54825,0
20230712,120000,5480.5,5494,5473.5,5490,53562,0
20230712,130000,5489.5,5490,5480,5485,35381,0
20230712,140000,5484,5489,5480,5487.5,26330,0
20230712,150000,5487.5,5500,5484.5,5497,101382,0
20230712,160000,5497.5,5531,5496,5530.5,282601,0
20230712,170000,5531,5535,5512.5,5525,123755,0
20230712,180000,5525,5530,5514.5,5515,42289,0
20230712,190000,5511,5515,5377.5,5473,158266,0
20230712,200000,5473,5494.5,5451,5492.5,71063,0
20230712,210000,5492.5,5508.5,5484,5507,35642,0
20230712,220000,5507,5509,5491,5502,27771,0
20230712,230000,5501.5,5502,5493,5500,11123,0
20230713,100000,5530.5,5549.5,5470.5,5495.5,304487,0
20230713,110000,5495.5,5515,5476,5509.5,91591,0
20230713,120000,5509,5510,5474,5480,56060,0
20230713,130000,5480,5487.5,5461,5485.5,66319,0
20230713,140000,5485.5,5498,5463,5475,58771,0
20230713,150000,5476,5487.5,5470,5473,20744,0
20230713,160000,5472.5,5485,5471.5,5475.5,19432,0
20230713,170000,5475,5493,5474,5484,23264,0
20230713,180000,5484,5505,5480,5501.5,39156,0
20230713,190000,5489,5498.5,5486.5,5491,7713,0
20230713,200000,5492,5496,5487.5,5490,5250,0
20230713,210000,5490,5497.5,5488.5,5493,6497,0
20230713,220000,5493,5500.5,5491.5,5497,9089,0
20230713,230000,5497,5502,5496.5,5498,10681,0
20230714,100000,5487,5488,5450,5475.5,75972,0
20230714,110000,5475.5,5513.5,5474,5503,68468,0
20230714,120000,5502.5,5522.5,5495,5522,81829,0
20230714,130000,5522,5550,5520.5,5534.5,231687,0
20230714,140000,5534,5536,5527.5,5530,41205,0
20230714,150000,5529.5,5549,5528,5533,68373,0
20230714,160000,5532.5,5534.5,5517,5519.5,54565,0
20230714,170000,5520,5520,5505,5514.5,58553,0
20230714,180000,5514,5515,5505,5515,56718,0
20230714,190000,5514,5527.5,5504,5517,16035,0
20230714,200000,5517,5523,5512,5523,6901,0
20230714,210000,5523,5523,5516,5520,6024,0
20230714,220000,5520,5522,5517.5,5519,7656,0
20230714,230000,5519,5520,5513,5514,16889,0
20230717,100000,5493.5,5535,5462.5,5520,150796,0
20230717,110000,5520,5520,5492,5514.5,95013,0
20230717,120000,5514.5,5520,5504.5,5509.5,57247,0
20230717,130000,5509.5,5518,5501,5501.5,56505,0
20230717,140000,5501.5,5513,5501,5511,37879,0
20230717,150000,5511,5515,5506,5513.5,41945,0
20230717,160000,5513.5,5515,5500,5505,51900,0
20230717,170000,5505,5513,5498,5512.5,61174,0
20230717,180000,5512,5520,5506,5510.5,145705,0
20230717,190000,5506,5518,5492,5510,11723,0
20230717,200000,5510,5515,5508,5512.5,8301,0
20230717,210000,5512,5514.5,5510,5514.5,9578,0
20230717,220000,5514,5514.5,5498,5504,28632,0
20230717,230000,5504,5504,5500,5503,9043,0
20230718,100000,5514,5514,5481,5508.5,119898,0
20230718,110000,5508,5585,5498,5554.5,360738,0
20230718,120000,5555,5570,5545,5557,140254,0
20230718,130000,5557,5557.5,5546,5554.5,50828,0
20230718,140000,5555,5567,5551,5567,66062,0
20230718,150000,5567,5568,5548,5554,95521,0
20230718,160000,5553.5,5558.5,5517,5530,137368,0
20230718,170000,5529.5,5540,5524,5530,66636,0
20230718,180000,5530,5542,5523.5,5535,45822,0
20230718,190000,5535,5545,5522,5543.5,17622,0
20230718,200000,5543.5,5548.5,5540,5544.5,14632,0
20230718,210000,5544.5,5545,5539.5,5545,11559,0
20230718,220000,5545,5545,5540.5,5542,12915,0
20230718,230000,5542,5544.5,5535.5,5537.5,9824,0
20230719,100000,5544,5568,5527,5533.5,94167,0
20230719,110000,5534.5,5535,5495,5529,119504,0
20230719,120000,5529,5532,5500,5523.5,79614,0
20230719,130000,5523.5,5527,5515,5519.5,38393,0
20230719,140000,5518.5,5522,5508,5515,42102,0
20230719,150000,5515,5515,5508,5512.5,30665,0
20230719,160000,5512.5,5526.5,5512.5,5520,46209,0
20230719,170000,5520,5520,5514.5,5515,35436,0
20230719,180000,5514.5,5520,5514.5,5515,33432,0
20230719,190000,5509,5520,5496,5498.5,40230,0
20230719,200000,5496.5,5509.5,5495.5,5507,11412,0
20230719,210000,5507,5511.5,5503.5,5509,7339,0
20230719,220000,5509,5524,5508.5,5517,19235,0
20230719,230000,5517,5526,5517,5518,11965,0
20230720,100000,5520,5520,5482,5503,102659,0
20230720,110000,5502.5,5505,5470.5,5474.5,90636,0
20230720,120000,5474.5,5474.5,5451,5471.5,118990,0
20230720,130000,5472,5472,5460,5463.5,47837,0
20230720,140000,5464,5470,5460,5469.5,38261,0
20230720,150000,5469.5,5483,5467,5474.5,47020,0
20230720,160000,5475,5488,5470,5470.5,55099,0
20230720,170000,5470.5,5480,5460,5466,62256,0
20230720,180000,5466,5476.5,5421.5,5447.5,75716,0
20230720,190000,5447.5,5455,5421.5,5433.5,35646,0
20230720,200000,5434,5434,5381,5398.5,106922,0
20230720,210000,5398.5,5414,5385,5407.5,37187,0
20230720,220000,5407.5,5423,5400,5407.5,22678,0
20230720,230000,5408,5418.5,5393,5394,22205,0
20230721,100000,5410,5470,5397.5,5454.5,142714,0
20230721,110000,5454.5,5459.5,5432,5451.5,57535,0
20230721,120000,5452,5458,5447,5448.5,43018,0
20230721,130000,5449,5460,5422,5457.5,72395,0
20230721,140000,5458,5485,5449.5,5480.5,60579,0
20230721,150000,5480.5,5486,5480,5484.5,45260,0
20230721,160000,5484.5,5499,5480,5493.5,60432,0
20230721,170000,5493.5,5504.5,5491,5494,54617,0
20230721,180000,5494,5498,5480.5,5492,29171,0
20230721,190000,5495,5501.5,5480,5492,13270,0
20230721,200000,5492,5496,5489,5490.5,4489,0
20230721,210000,5492,5495.5,5485.5,5493.5,7629,0
20230721,220000,5494,5497.5,5485,5495,19119,0
20230721,230000,5492,5505,5491.5,5505,32279,0
20230724,100000,5507.5,5544,5491,5533,170204,0
20230724,110000,5533,5535,5508,5510,53128,0
20230724,120000,5511,5517,5508,5514,38755,0
20230724,130000,5515,5515,5500,5511.5,33609,0
20230724,140000,5512.5,5518,5510.5,5518,26474,0
20230724,150000,5518,5518,5510,5517.5,21274,0
20230724,160000,5517.5,5517.5,5494.5,5506.5,45467,0
20230724,170000,5508,5510,5495,5500.5,26089,0
20230724,180000,5500.5,5504,5497.5,5504,25798,0
20230724,190000,5495.5,5516,5495.5,5513.5,17815,0
20230724,200000,5513.5,5526,5513,5519,18023,0
20230724,210000,5519,5533,5518,5526,29410,0
20230724,220000,5526.5,5547.5,5525.5,5544.5,80885,0
20230724,230000,5546,5554,5542,5545.5,37863,0
20230725,100000,5555,5593,5532.5,5590,243650,0
20230725,110000,5590,5595,5570.5,5595,165728,0
20230725,120000,5594.5,5608.5,5585,5596.5,172379,0
20230725,130000,5596.5,5607,5586.5,5595,60930,0
20230725,140000,5594,5609,5590.5,5606,66804,0
20230725,150000,5606,5609.5,5590,5600,70383,0
20230725,160000,5599,5613,5599,5613,67065,0
20230725,170000,5613,5628,5609.5,5628,103503,0
20230725,180000,5628,5645,5620,5645,132813,0
20230725,190000,5639,5649,5631.5,5638.5,56337,0
20230725,200000,5637,5639.5,5631.5,5637,21225,0
20230725,210000,5637,5649.5,5635.5,5639.5,30770,0
20230725,220000,5638,5645,5634.5,5636,15281,0
20230725,230000,5636.5,5637,5633,5633.5,14085,0
20230726,100000,5636,5665.5,5620.5,5621,184692,0
20230726,110000,5621,5629.5,5611,5622.5,111795,0
20230726,120000,5623,5628,5617.5,5619,43714,0
20230726,130000,5618.5,5619,5591,5612.5,105003,0
20230726,140000,5612.5,5659.5,5612,5640,98168,0
20230726,150000,5640,5649.5,5620,5634,43294,0
20230726,160000,5634,5649.5,5628,5644,37716,0
20230726,170000,5644.5,5659,5638,5646,55770,0
20230726,180000,5645.5,5650,5623.5,5623.5,32906,0
20230726,190000,5623.5,5632.5,5607,5628,14383,0
20230726,200000,5628,5635,5622,5634,13807,0
20230726,210000,5634,5634.5,5627.5,5630,6792,0
20230726,220000,5630,5638,5627.5,5633.5,6546,0
20230726,230000,5633.5,5637,5625.5,5626,7922,0
20230727,100000,5637.5,5678,5637.5,5668.5,164248,0
20230727,110000,5668.5,5669.5,5650,5659.5,76598,0
20230727,120000,5659.5,5672,5655.5,5665,40567,0
20230727,130000,5664,5674,5650,5671,56913,0
20230727,140000,5671.5,5677,5664,5674,49018,0
20230727,150000,5673.5,5678,5666,5667.5,55106,0
20230727,160000,5668.5,5674.5,5660,5663.5,44795,0
20230727,170000,5664,5677,5662.5,5675,35803,0
20230727,180000,5675,5678,5661.5,5661.5,39158,0
20230727,190000,5662.5,5667.5,5652.5,5666.5,20168,0
20230727,200000,5667,5675,5666,5670,14573,0
20230727,210000,5670.5,5676,5663,5666.5,13236,0
20230727,220000,5667,5673,5660.5,5661.5,14177,0
20230727,230000,5661.5,5669,5660.5,5668,8269,0
20230728,100000,5678,5690,5654.5,5676,165865,0
20230728,110000,5676.5,5685,5663.5,5680.5,47349,0
20230728,120000,5682,5682.5,5669.5,5675.5,36736,0
20230728,130000,5675,5700,5673.5,5692,92900,0
20230728,140000,5693,5750,5692,5735.5,332603,0
20230728,150000,5735,5745,5724,5741.5,84736,0
20230728,160000,5742.5,5797,5733.5,5776.5,229138,0
20230728,170000,5776,5839,5772,5831.5,206494,0
20230728,180000,5831.5,5845.5,5803,5829.5,169868,0
20230728,190000,5829,5829.5,5811,5818.5,47790,0
20230728,200000,5818.5,5835,5816,5823.5,30459,0
20230728,210000,5823.5,5896,5820.5,5889,175997,0
20230728,220000,5889,5917,5887,5896.5,163143,0
20230728,230000,5896.5,5897.5,5873,5896,82052,0
20230731,100000,5952.5,5999.5,5940,5963.5,493594,0
20230731,110000,5965,5980,5932,5978,155004,0
20230731,120000,5978,5979,5954,5957,100299,0
20230731,130000,5958,5986,5955,5984,88182,0
20230731,140000,5985,5989,5962.5,5963.5,59042,0
20230731,150000,5963.5,5970,5951,5954,58165,0
20230731,160000,5954.5,5981,5951.5,5981,49211,0
20230731,170000,5980,5995,5905.5,5934,359736,0
20230731,180000,5933.5,5959,5930.5,5955,77230,0
20230731,190000,5957,5957,5935.5,5948,31609,0
20230731,200000,5949.5,5951.5,5936,5940.5,17969,0
20230731,210000,5940.5,5950,5939,5947,14974,0
20230731,220000,5948,5950,5931,5935.5,24573,0
20230731,230000,5935,5946,5935,5938,18050,0
20230801,100000,5942,5949.5,5883,5904,273684,0
20230801,110000,5904,5960,5890,5952.5,106260,0
20230801,120000,5952.5,5959,5932,5947.5,89727,0
20230801,130000,5947.5,5991,5941,5985,111564,0
20230801,140000,5985.5,6036,5958.5,6004,214275,0
20230801,150000,6005,6038,5987.5,6027.5,163846,0
20230801,160000,6028,6049,6015,6044.5,113032,0
20230801,170000,6044.5,6046.5,6008,6024,93513,0
20230801,180000,6024,6034,6002.5,6002.5,62014,0
20230801,190000,6003,6020,6002,6013,29417,0
20230801,200000,6013,6013.5,5981.5,5987,35759,0
20230801,210000,5987.5,6011,5981.5,6008.5,18180,0
20230801,220000,6008,6024.5,6007,6023.5,17352,0
20230801,230000,6020.5,6025,6001,6008,11953,0
20230802,100000,6007.5,6044.5,5960,6010.5,164669,0
20230802,110000,6010.5,6076.5,6001.5,6058.5,205966,0
20230802,120000,6058.5,6089,6045.5,6083,155691,0
20230802,130000,6083,6110.5,6069,6106,164078,0
20230802,140000,6105.5,6123,6094,6105.5,115503,0
20230802,150000,6105.5,6107.5,6080,6092.5,69221,0
20230802,160000,6092.5,6115,6085.5,6106.5,71883,0
20230802,170000,6107.5,6123,6030.5,6053,194698,0
20230802,180000,6053,6078.5,6035.5,6042,69829,0
20230802,190000,6045.5,6078,6042,6070,34574,0
20230802,200000,6070,6071,6051.5,6053.5,22552,0
20230802,210000,6054,6067,6050,6065.5,18724,0
20230802,220000,6064.5,6071,6060.5,6067.5,13416,0
20230802,230000,6067.5,6069.5,6060.5,6069.5,13461,0
20230803,100000,6065,6110,6040,6080,198517,0
20230803,110000,6078.5,6118,6076,6099.5,106334,0
20230803,120000,6099,6150,6099,6141,185427,0
20230803,130000,6142.5,6150,6115.5,6135,78013,0
20230803,140000,6136,6136.5,6116.5,6120,61733,0
20230803,150000,6120,6149,6118,6129.5,81485,0
20230803,160000,6129.5,6135,6120,6132.5,45113,0
20230803,170000,6132.5,6139,6120,6134,52999,0
20230803,180000,6134,6137.5,6121.5,6121.5,30303,0
20230803,190000,6122,6143.5,6122,6137.5,24216,0
20230803,200000,6137.5,6168,6135,6142.5,55471,0
20230803,210000,6145,6166.5,6141.5,6157.5,27761,0
20230803,220000,6156.5,6165,6155.5,6157.5,25987,0
20230803,230000,6158,6165,6140,6155,24396,0
20230804,100000,6169,6188,6134,6181,191108,0
20230804,110000,6181.5,6194,6175,6194,121296,0
20230804,120000,6194,6244.5,6188,6243.5,296187,0
20230804,130000,6244,6270,6226.5,6259.5,210434,0
20230804,140000,6257.5,6263,6201,6249,201546,0
20230804,150000,6248.5,6249,5951.5,6147,796589,0
20230804,160000,6147,6197,6135,6140,198958,0
20230804,170000,6140.5,6152,6100,6133,196238,0
20230804,180000,6133.5,6134,6031,6051,188847,0
20230804,190000,6060,6064,5962.5,6028,226401,0
20230804,200000,6024,6117,6016,6091,104266,0
20230804,210000,6091,6100,6071,6092,37284,0
20230804,220000,6092,6094.5,6071,6080,26082,0
20230804,230000,6080,6129,6051,6103,44829,0
20230807,100000,6176.5,6188,6122,6165,224711,0
20230807,110000,6165,6210,6154,6196,202681,0
20230807,120000,6196.5,6204,6151,6166.5,120327,0
20230807,130000,6166.5,6187,6151.5,6161,76435,0
20230807,140000,6162.5,6175,6160,6167,23396,0
20230807,150000,6167.5,6167.5,6121,6124,108473,0
20230807,160000,6123,6148,6121,6133,44266,0
20230807,170000,6132,6132,6076.5,6094,151316,0
20230807,180000,6094,6098,6052.5,6052.5,146182,0
20230807,190000,6058.5,6072.5,6028,6044,63218,0
20230807,200000,6043.5,6043.5,5975,6010,168595,0
20230807,210000,6012,6049.5,6011,6031,30142,0
20230807,220000,6032.5,6054.5,6030.5,6039.5,22391,0
20230807,230000,6040,6055,6035,6048.5,24772,0
20230808,100000,6038.5,6047,5967,5989,376931,0
20230808,110000,5989.5,6053,5925,6020.5,406493,0
20230808,120000,6020.5,6021,5974,6014.5,137694,0
20230808,130000,6014,6038,6005.5,6008.5,64703,0
20230808,140000,6008.5,6075,6006,6074.5,167543,0
20230808,150000,6073.5,6094.5,6061,6067.5,105278,0
20230808,160000,6068.5,6080,6030.5,6069.5,56617,0
20230808,170000,6069,6110,6064.5,6105.5,82275,0
20230808,180000,6103.5,6106.5,6080,6080,41927,0
20230808,190000,6094,6135,6081.5,6118.5,44918,0
20230808,200000,6118.5,6119.5,6102,6109.5,11454,0
20230808,210000,6107.5,6120,6102.5,6118,16110,0
20230808,220000,6119,6125,6111,6123.5,25735,0
20230808,230000,6123.5,6125,6112.5,6124.5,14511,0
20230809,100000,6129.5,6185,6127,6145.5,221989,0
20230809,110000,6146.5,6166,6142,6150,55799,0
20230809,120000,6150,6165,6123.5,6123.5,84891,0
20230809,130000,6124,6144,6073,6099,152776,0
20230809,140000,6097,6148,6092,6143.5,82447,0
20230809,150000,6142.5,6170,6127.5,6150,87596,0
20230809,160000,6150,6170,6141,6164,47754,0
20230809,170000,6163.5,6170,6144,6170,61670,0
20230809,180000,6170,6171,6130,6130,50700,0
20230809,190000,6122,6149,6115,6137,22654,0
20230809,200000,6137,6167.5,6125,6159,29267,0
20230809,210000,6158,6165.5,6150,6163.5,11863,0
20230809,220000,6165,6165,6154.5,6163,9663,0
20230809,230000,6164,6174,6154.5,6171.5,20970,0
20230810,100000,6181.5,6198.5,6155,6182.5,126953,0
20230810,110000,6182.5,6222,6177.5,6212.5,190842,0
20230810,120000,6212.5,6217,6190,6195,59326,0
20230810,130000,6194,6207,6190,6204.5,50876,0
20230810,140000,6204,6233,6192.5,6229,97639,0
20230810,150000,6229.5,6230,6211,6221,60327,0
20230810,160000,6222,6248,6193,6248,158488,0
20230810,170000,6248,6249,6213,6236,83041,0
20230810,180000,6237,6249,6228.5,6249,53878,0
20230810,190000,6249,6250,6233,6243,44779,0
20230810,200000,6243.5,6250,6236,6240.5,28545,0
20230810,210000,6241.5,6244.5,6234,6242.5,15845,0
20230810,220000,6244,6258,6238,6252,25274,0
20230810,230000,6250,6258,6245.5,6252,23728,0
20230811,100000,6265,6277.5,6205,6234,193679,0
20230811,110000,6235,6259,6224.5,6230.5,66326,0
20230811,120000,6231.5,6240,6215,6237.5,71813,0
20230811,130000,6237.5,6245,6224,6241,48123,0
20230811,140000,6241,6257,6225,6250.5,60895,0
20230811,150000,6250,6265,6243.5,6259.5,57541,0
20230811,160000,6258.5,6264.5,6240,6254.5,54401,0
20230811,170000,6255,6258,6245.5,6255,36331,0
20230811,180000,6254,6258.5,6245,6245,39114,0
20230811,190000,6245.5,6287,6245.5,6279,77833,0
20230811,200000,6279,6279.5,6266.5,6271,17409,0
20230811,210000,6271,6280.5,6265.5,6275.5,18805,0
20230811,220000,6275,6283,6273,6279,18325,0
20230811,230000,6279,6285,6270,6284.5,27033,0
20230814,100000,6321.5,6428,6302,6388,470447,0
20230814,110000,6388.5,6406.5,6365,6391,133913,0
20230814,120000,6391,6407.5,6389,6407,79546,0
20230814,130000,6407,6421,6393,6405,132707,0
20230814,140000,6405.5,6405.5,6371,6373,93028,0
20230814,150000,6374,6398,6372,6389.5,83560,0
20230814,160000,6389,6422,6386,6420,89245,0
20230814,170000,6419.5,6425,6011.5,6265,1095596,0
20230814,180000,6264.5,6265,6110,6196.5,337231,0
20230814,190000,6187,6194.5,6150,6162.5,129997,0
20230814,200000,6162.5,6163,6061,6104.5,164746,0
20230814,210000,6104.5,6130,6050,6127.5,128730,0
20230814,220000,6127.5,6145,6114.5,6127,70794,0
20230814,230000,6127,6133,6123.5,6127.5,20941,0
20230815,100000,6087.5,6290,6008,6258.5,1016309,0
20230815,110000,6258.5,6270.5,6178.5,6223.5,295549,0
20230815,120000,6222.5,6272,6212.5,6259,110157,0
20230815,130000,6261,6265,6233,6249.5,106705,0
20230815,140000,6249.5,6284.5,6242,6267,82533,0
20230815,150000,6267,6272,6215,6236,120348,0
20230815,160000,6235.5,6250,6230.5,6238,28831,0
20230815,170000,6238.5,6265,6229,6261,55571,0
20230815,180000,6260,6269,6140,6183,234836,0
20230815,190000,6183,6218,6152.5,6189,53071,0
20230815,200000,6189,6214.5,6189,6197.5,21736,0
20230815,210000,6197.5,6205,6160.5,6179,23760,0
20230815,220000,6180,6180.5,6140,6144,58328,0
20230815,230000,6144,6151,6101.5,6131.5,61054,0
20230816,100000,6156,6198,6081,6106,349126,0
20230816,110000,6105.5,6127.5,6070,6082,177389,0
20230816,120000,6082.5,6115,6038,6040,269844,0
20230816,130000,6040,6121.5,6030,6083.5,203118,0
20230816,140000,6083.5,6104,6043,6043,126453,0
20230816,150000,6043,6050,6001,6042,259044,0
20230816,160000,6041.5,6090,5990.5,6090,222143,0
20230816,170000,6090,6111.5,6057,6091,146194,0
20230816,180000,6092,6095,6069,6094,58501,0
20230816,190000,6094,6145,6086,6108,80334,0
20230816,200000,6106.5,6107,6074,6087,25793,0
20230816,210000,6087,6105,6060,6071.5,36320,0
20230816,220000,6071.5,6082,6060,6069.5,19595,0
20230816,230000,6069.5,6099.5,6066.5,6094.5,15651,0
20230817,100000,6160,6167,6112,6139,201053,0
20230817,110000,6139.5,6156,6125,6140,102001,0
20230817,120000,6140,6144,6062,6075,166666,0
20230817,130000,6073.5,6136,6069.5,6111.5,107146,0
20230817,140000,6110.5,6135,6108,6123.5,49262,0
20230817,150000,6123,6134,6112,6124,25170,0
20230817,160000,6123.5,6144,6111,6144,53280,0
20230817,170000,6144,6145,6124,6131.5,57487,0
20230817,180000,6133,6133,6113,6113,28532,0
20230817,190000,6122,6129,6114,6123.5,16363,0
20230817,200000,6123,6134,6121.5,6131.5,11950,0
20230817,210000,6130.5,6144.5,6128,6140,23478,0
20230817,220000,6140,6162.5,6135,6149,26530,0
20230817,230000,6149,6162,6147,6162,21475,0
20230818,100000,6166,6167,6125,6140,121046,0
20230818,110000,6139.5,6155,6122.5,6143.5,56339,0
20230818,120000,6143,6207.5,6142,6195.5,178474,0
20230818,130000,6195.5,6219,6177.5,6189,89879,0
20230818,140000,6189.5,6209,6180.5,6199,43562,0
20230818,150000,6198.5,6203,6184,6191.5,47072,0
20230818,160000,6191.5,6202,6179.5,6193,36873,0
20230818,170000,6193,6240,6190.5,6227,96119,0
20230818,180000,6227,6249.5,6219.5,6249.5,62221,0
20230818,190000,6241,6285,6240,6264.5,84395,0
20230818,200000,6265,6270,6258.5,6270,26585,0
20230818,210000,6269.5,6280,6262.5,6273.5,25692,0
20230818,220000,6274,6276,6269.5,6271.5,17025,0
20230818,230000,6272,6280,6263,6277.5,30770,0
20230821,100000,6294.5,6329.5,6285,6318.5,216602,0
20230821,110000,6319,6338,6254.5,6290,282103,0
20230821,120000,6290,6320,6280.5,6300,94206,0
20230821,130000,6299.5,6305,6285,6297.5,75516,0
20230821,140000,6295.5,6305,6290.5,6302.5,37468,0
20230821,150000,6302.5,6329,6300,6306.5,116668,0
20230821,160000,6305.5,6318,6257.5,6260,117324,0
20230821,170000,6259.5,6289,6237,6260,136265,0
20230821,180000,6260,6275.5,6255.5,6260,32327,0
20230821,190000,6260,6268.5,6240,6267,20050,0
20230821,200000,6267.5,6277,6263.5,6263.5,14234,0
20230821,210000,6264,6266.5,6260,6266,10761,0
20230821,220000,6265.5,6275.5,6260.5,6266.5,19292,0
20230821,230000,6266.5,6268.5,6258,6265.5,14255,0
20230822,100000,6265.5,6292,6216.5,6287,138627,0
20230822,110000,6287.5,6296.5,6260.5,6270,110077,0
20230822,120000,6270,6271,6251.5,6267.5,38653,0
20230822,130000,6267,6280,6260,6277,33169,0
20230822,140000,6277,6277,6255,6260.5,34451,0
20230822,150000,6260.5,6280,6255.5,6272,30273,0
20230822,160000,6272,6677,6271,6624,3290750,0
20230822,170000,6624,6649,6554,6567,877639,0
20230822,180000,6567.5,6585,6540,6567,263341,0
20230822,190000,6565,6600,6551.5,6592,147673,0
20230822,200000,6591.5,6624,6580,6619.5,128233,0
20230822,210000,6619,6630,6608,6610.5,76100,0
20230822,220000,6610,6614.5,6597.5,6598,78849,0
20230822,230000,6598,6608,6597.5,6606.5,54268,0
20230823,100000,6632,6654,6554,6556.5,512432,0
20230823,110000,6556,6583,6501,6533,352776,0
20230823,120000,6532.5,6566,6510,6545,160760,0
20230823,130000,6545,6550,6513,6531,60688,0
20230823,140000,6532,6533.5,6480,6501.5,227090,0
20230823,150000,6501,6513,6451.5,6458,238483,0
20230823,160000,6459.5,6497.5,6433.5,6488.5,276043,0
20230823,170000,6487,6547,6462,6529,169038,0
20230823,180000,6529,6545,6512,6545,60877,0
20230823,190000,6545,6545,6516.5,6530,41280,0
20230823,200000,6530,6531.5,6450,6482.5,176455,0
20230823,210000,6480,6489,6410,6422.5,195272,0
20230823,220000,6424,6441.5,6381.5,6413,294887,0
20230823,230000,6413,6423,6364,6412.5,171685,0
20230824,100000,6492,6510,6432,6480,379743,0
20230824,110000,6481.5,6532.5,6478,6496.5,201573,0
20230824,120000,6496.5,6497,6470,6489,59602,0
20230824,130000,6489,6490,6452.5,6459.5,77575,0
20230824,140000,6459.5,6489,6459,6483.5,52551,0
20230824,150000,6485,6489,6470,6480.5,36259,0
20230824,160000,6480.5,6484,6460.5,6475.5,32715,0
20230824,170000,6475.5,6527,6470,6519,105696,0
20230824,180000,6517.5,6520.5,6500,6515,42315,0
20230824,190000,6510,6562,6510,6557.5,104881,0
20230824,200000,6556,6571.5,6542,6548.5,57056,0
20230824,210000,6548,6549.5,6529,6538.5,25844,0
20230824,220000,6538,6555,6535,6553,19709,0
20230824,230000,6553,6568,6552.5,6561.5,32321,0
20230825,100000,6563.5,6592.5,6545,6560.5,196179,0
20230825,110000,6562,6573,6513.5,6527.5,91646,0
20230825,120000,6529,6548.5,6525,6537,55593,0
20230825,130000,6538.5,6574,6537,6558,51675,0
20230825,140000,6558,6588,6555,6559,85254,0
20230825,150000,6558,6570,6539.5,6551.5,59402,0
20230825,160000,6552.5,6568.5,6530,6546,59278,0
20230825,170000,6546,6564.5,6536,6553,37784,0
20230825,180000,6552,6560,6540.5,6560,21209,0
20230825,190000,6533,6570,6533,6558,19898,0
20230825,200000,6560.5,6563,6550,6557,18785,0
20230825,210000,6556.5,6565,6555,6559.5,15537,0
20230825,220000,6559.5,6572,6558.5,6569,18855,0
20230825,230000,6569,6577,6540,6566,30447,0
20230828,100000,6574.5,6618.5,6560,6618.5,218044,0
20230828,110000,6618.5,6637,6608,6624.5,153097,0
20230828,120000,6623,6628.5,6611,6611,48725,0
20230828,130000,6612,6615.5,6585,6598,70891,0
20230828,140000,6598,6610,6583,6610,56438,0
20230828,150000,6608,6615,6601,6610.5,45096,0
20230828,160000,6610.5,6628,6605,6622.5,65697,0
20230828,170000,6623,6628.5,6617,6620.5,47210,0
20230828,180000,6620.5,6629.5,6613.5,6620.5,42954,0
20230828,190000,6635,6635,6621,6632,26800,0
20230828,200000,6634,6635,6621,6632,19813,0
20230828,210000,6631,6635,6626,6633,15129,0
20230828,220000,6633,6665,6630,6652,75429,0
20230828,230000,6651.5,6662,6642.5,6662,24641,0
20230829,100000,6670,6700,6650.5,6679,267827,0
20230829,110000,6679,6693.5,6656,6678.5,110560,0
20230829,120000,6679,6690,6636,6662.5,132882,0
20230829,130000,6664,6675,6656,6660.5,58511,0
20230829,140000,6663,6694.5,6661,6690,74638,0
20230829,150000,6690,6724,6650,6697,411261,0
20230829,160000,6698.5,6710,6651,6693,240969,0
20230829,170000,6692.5,6697.5,6683.5,6692,121329,0
20230829,180000,6692.5,6720,6690.5,6715,129535,0
20230829,190000,6720,6771,6700,6767,197426,0
20230829,200000,6766,6767.5,6735,6745,78145,0
20230829,210000,6744.5,6765,6738,6761.5,32263,0
20230829,220000,6762,6779.5,6752,6770.5,53776,0
20230829,230000,6770,6780,6765,6779.5,27322,0
20230830,100000,6788.5,6870,6760,6844,488919,0
20230830,110000,6844.5,6853,6810,6842.5,181480,0
20230830,120000,6842.5,6887.5,6842,6865.5,198363,0
20230830,130000,6866,6884,6852,6872.5,77498,0
20230830,140000,6873,6897,6866.5,6890,173142,0
20230830,150000,6890.5,6900,6857,6864.5,202742,0
20230830,160000,6864.5,6880,6785.5,6788.5,397002,0
20230830,170000,6790.5,6837.5,6776,6820,208871,0
20230830,180000,6820,6860,6818,6842,87984,0
20230830,190000,6838,6859,6830,6857,35179,0
20230830,200000,6856,6870,6853,6863,28815,0
20230830,210000,6863,6865,6851,6854.5,20955,0
20230830,220000,6854.5,6856.5,6830,6856,36663,0
20230830,230000,6853.5,6857,6835,6837,23927,0
20230831,100000,6858,6875,6842,6845,140654,0
20230831,110000,6845,6850,6813,6827,118748,0
20230831,120000,6827,6827.5,6790,6791.5,155174,0
20230831,130000,6791.5,6819.5,6788,6814.5,55363,0
20230831,140000,6814.5,6844,6809.5,6843,90424,0
20230831,150000,6842.5,6844,6810,6822.5,52004,0
20230831,160000,6821.5,6832.5,6818,6820.5,61310,0
20230831,170000,6821.5,6840,6820,6834,34415,0
20230831,180000,6835,6840,6821.5,6840,32950,0
20230831,190000,6836,6839.5,6832,6835.5,15752,0
20230831,200000,6835.5,6836,6825,6831.5,12990,0
20230831,210000,6831.5,6834.5,6822,6829,17961,0
20230831,220000,6828.5,6834.5,6827.5,6830,13219,0
20230831,230000,6830,6834.5,6826,6830,20101,0
20230901,100000,6839,6848,6803,6806.5,103596,0
20230901,110000,6806.5,6817.5,6796,6804,102592,0
20230901,120000,6804.5,6814,6791,6808,70188,0
20230901,130000,6805.5,6810,6785,6789.5,99453,0
20230901,140000,6788.5,6800,6784,6790.5,66000,0
20230901,150000,6792.5,6806,6790.5,6797,42202,0
20230901,160000,6797.5,6808,6789.5,6792,49232,0
20230901,170000,6792.5,6803,6788,6803,56593,0
20230901,180000,6802,6825,6801.5,6823,47348,0
20230901,190000,6813,6823,6803,6808,15547,0
20230901,200000,6807.5,6811,6803,6805.5,8779,0
20230901,210000,6807,6810.5,6803,6809,12049,0
20230901,220000,6809,6819.5,6807,6818.5,11100,0
20230901,230000,6819,6822.5,6813,6819,23617,0
20230904,100000,6844.5,6870,6825,6841.5,166635,0
20230904,110000,6842,6863,6837.5,6851.5,83559,0
20230904,120000,6851.5,6860,6837.5,6840.5,62317,0
20230904,130000,6840.5,6846.5,6829,6837,55487,0
20230904,140000,6837,6840,6828,6833,36356,0
20230904,150000,6832.5,6844,6830.5,6838,44489,0
20230904,160000,6837.5,6848.5,6830.5,6839.5,39731,0
20230904,170000,6839.5,6855,6831,6852,56115,0
20230904,180000,6851.5,6860,6846.5,6860,43872,0
20230904,190000,6860,6860,6848,6851,26317,0
20230904,200000,6851,6858,6850,6854,9292,0
20230904,210000,6855,6858.5,6852,6858.5,13187,0
20230904,220000,6858,6858.5,6850,6852,9425,0
20230904,230000,6852,6853.5,6847,6850,8064,0
20230905,100000,6860,6879,6847,6867,150051,0
20230905,110000,6868,6884,6855,6883,101611,0
20230905,120000,6884,6940,6863,6886,414388,0
20230905,130000,6885.5,6907,6874,6882.5,140739,0
20230905,140000,6883.5,6904.5,6878,6883.5,60426,0
20230905,150000,6883,6920,6877.5,6919.5,58290,0
20230905,160000,6919.5,6929,6899,6919,73174,0
20230905,170000,6919,6927.5,6890,6908,57714,0
20230905,180000,6908,6922,6900.5,6900.5,35148,0
20230905,190000,6910,6922,6897,6921,50745,0
20230905,200000,6920.5,6922,6907,6914,12052,0
20230905,210000,6914,6914,6908,6913,9305,0
20230905,220000,6913,6918,6911,6913.5,10826,0
20230905,230000,6913,6918,6912.5,6916,13138,0
20230906,100000,6915,6916,6860,6873,233303,0
20230906,110000,6873.5,6907,6871,6884,75390,0
20230906,120000,6884,6904,6881.5,6897,41195,0
20230906,130000,6897,6899.5,6860,6865,81015,0
20230906,140000,6865.5,6894.5,6832.5,6855,99939,0
20230906,150000,6855.5,6864.5,6833.5,6858.5,67043,0
20230906,160000,6858,6894,6854.5,6877,48146,0
20230906,170000,6878.5,6879.5,6864,6864,27133,0
20230906,180000,6864.5,6868,6855.5,6855.5,25784,0
20230906,190000,6842,6879,6839,6872,18473,0
20230906,200000,6873.5,6879,6868,6874,8276,0
20230906,210000,6874.5,6877,6864.5,6867,8789,0
20230906,220000,6867,6867,6858.5,6861,11983,0
20230906,230000,6861.5,6872,6851,6867.5,15677,0
20230907,100000,6859.5,6880,6834,6870.5,127777,0
20230907,110000,6870.5,6878,6846,6848.5,69678,0
20230907,120000,6849,6860,6842,6856,52259,0
20230907,130000,6855,6859,6710,6740.5,528141,0
20230907,140000,6741,6767,6681.5,6731.5,279893,0
20230907,150000,6734,6768,6704,6712,144523,0
20230907,160000,6712,6746.5,6692,6727.5,157302,0
20230907,170000,6725,6732,6571.5,6597.5,474520,0
20230907,180000,6597.5,6689,6597.5,6645,221292,0
20230907,190000,6645,6733,6645,6688.5,113145,0
20230907,200000,6688.5,6699,6659.5,6674.5,28856,0
20230907,210000,6675,6693.5,6663.5,6685,34629,0
20230907,220000,6685,6693,6678.5,6683,24337,0
20230907,230000,6686,6686,6660.5,6666.5,19065,0
20230908,100000,6665,6724,6542,6565.5,486384,0
20230908,110000,6565.5,6640,6533,6610.5,280804,0
20230908,120000,6611,6630,6572,6584,94532,0
20230908,130000,6584.5,6627,6583,6604,71416,0
20230908,140000,6606.5,6648,6598,6640.5,103641,0
20230908,150000,6640,6652,6623,6641.5,66507,0
20230908,160000,6641,6643,6603,6611.5,62894,0
20230908,170000,6612,6630,6603.5,6624,36137,0
20230908,180000,6624,6637,6613,6628,44445,0
20230908,190000,6644,6644,6616,6629,16823,0
20230908,200000,6628.5,6629,6622,6624.5,9940,0
20230908,210000,6626,6626,6622,6623,17469,0
20230908,220000,6622.5,6629.5,6622,6623.5,13730,0
20230908,230000,6623.5,6625,6620,6625,18300,0
20230911,100000,6624.5,6625,6535,6586,286117,0
20230911,110000,6585.5,6600,6550,6560,92268,0
20230911,120000,6560,6560,6512,6519,147303,0
20230911,130000,6519,6525,6481,6495.5,186936,0
20230911,140000,6495.5,6516,6492,6506.5,69779,0
20230911,150000,6506.5,6543,6497,6537.5,92387,0
20230911,160000,6538,6554,6514.5,6541,92206,0
20230911,170000,6541.5,6553,6518,6519.5,66463,0
20230911,180000,6519,6529,6505,6529,54171,0
20230911,190000,6527,6527,6501.5,6505,30292,0
20230911,200000,6507.5,6515,6502.5,6510.5,13143,0
20230911,210000,6510.5,6515,6500,6502,23228,0
20230911,220000,6502,6507,6435,6461,105361,0
20230911,230000,6463.5,6472.5,6442,6456,39434,0
20230912,100000,6500,6615,6480,6609.5,358229,0
20230912,110000,6609,6636,6585,6625,177389,0
20230912,120000,6626,6649,6618,6622,132955,0
20230912,130000,6622.5,6647,6617,6632,77209,0
20230912,140000,6632,6643,6608,6623.5,80772,0
20230912,150000,6624.5,6630,6577.5,6585,140302,0
20230912,160000,6585,6609.5,6585,6591,68352,0
20230912,170000,6593.5,6615.5,6593.5,6614.5,73599,0
20230912,180000,6614,6648,6611,6648,115550,0
20230912,190000,6647.5,6670,6635.5,6666,70214,0
20230912,200000,6667,6721,6665.5,6716,90022,0
20230912,210000,6715,6722.5,6692,6694.5,63005,0
20230912,220000,6696,6720,6692.5,6718,43467,0
20230912,230000,6716.5,6730,6711.5,6729,43290,0
20230913,100000,6737,6739,6661,6678,273519,0
20230913,110000,6678,6686,6661,6686,91544,0
20230913,120000,6686,6695,6665,6667,61978,0
20230913,130000,6668,6669.5,6628,6635,133906,0
20230913,140000,6636.5,6665,6623.5,6624,85130,0
20230913,150000,6624,6640,6602,6622.5,110907,0
20230913,160000,6622.5,6658,6618,6642,113391,0
20230913,170000,6641.5,6664,6636,6654,74686,0
20230913,180000,6654.5,6659.5,6630.5,6630.5,37813,0
20230913,190000,6631,6639.5,6611,6624,24614,0
20230913,200000,6624,6642,6620,6638.5,16547,0
20230913,210000,6638.5,6639.5,6631.5,6632,9043,0
20230913,220000,6632.5,6632.5,6603,6607.5,28952,0
20230913,230000,6605.5,6614.5,6576,6610,59960,0
20230914,100000,6610,6633,6561,6582,197773,0
20230914,110000,6581.5,6582,6526.5,6542,156360,0
20230914,120000,6541.5,6558.5,6346,6392.5,448352,0
20230914,130000,6392.5,6499,6372,6483,518417,0
20230914,140000,6481,6489.5,6442.5,6489,130044,0
20230914,150000,6489,6491.5,6461,6473,52374,0
20230914,160000,6473,6519.5,6457.5,6514.5,192566,0
20230914,170000,6514.5,6530,6500,6529.5,126829,0
20230914,180000,6529.5,6538,6506,6538,74765,0
20230914,190000,6537,6557,6513.5,6516,67138,0
20230914,200000,6516,6522.5,6500.5,6501.5,30385,0
20230914,210000,6502,6517.5,6485,6493.5,43096,0
20230914,220000,6492,6513.5,6492,6504,11058,0
20230914,230000,6505.5,6530,6495,6519,21824,0
20230915,100000,6519,6573,6503,6541,180451,0
20230915,110000,6542,6568.5,6525,6536,110710,0
20230915,120000,6536,6544,6503,6516,59808,0
20230915,130000,6516,6609,6505,6529,359213,0
20230915,140000,6531,6560,6501,6559,161187,0
20230915,150000,6559,6560,6528.5,6534,76501,0
20230915,160000,6533.5,6558,6527,6556,67434,0
20230915,170000,6556,6559,6541.5,6555,60292,0
20230915,180000,6554.5,6571.5,6545.5,6561.5,51833,0
20230915,190000,6569,6573,6556,6561,18723,0
20230915,200000,6561.5,6577,6556.5,6568,18435,0
20230915,210000,6567,6570,6550,6559,16853,0
20230915,220000,6559,6563,6550,6558.5,14436,0
20230915,230000,6558.5,6558.5,6546,6553,24522,0
20230918,100000,6595.5,6655,6566,6627.5,204653,0
20230918,110000,6628,6647,6609,6615.5,88820,0
20230918,120000,6616,6630,6560,6565.5,119858,0
20230918,130000,6565.5,6587,6540,6581,64504,0
20230918,140000,6581,6594.5,6550,6550,51056,0
20230918,150000,6550,6557.5,6525,6546,104325,0
20230918,160000,6546,6560,6517,6555,74909,0
20230918,170000,6555.5,6558.5,6535.5,6536,28923,0
20230918,180000,6535.5,6538,6515,6518,44007,0
20230918,190000,6520,6524.5,6476,6493,85962,0
20230918,200000,6493.5,6523.5,6490.5,6517.5,17716,0
20230918,210000,6518,6522.5,6510,6515,11589,0
20230918,220000,6515,6524.5,6514,6521,8341,0
20230918,230000,6520.5,6530,6513,6526,11410,0
20230919,100000,6525,6560,6500.5,6508,137235,0
20230919,110000,6508.5,6509,6440,6478,213473,0
20230919,120000,6479,6479,6400,6420,180832,0
20230919,130000,6420.5,6457.5,6380,6434,188430,0
20230919,140000,6433.5,6433.5,6390.5,6421,110876,0
20230919,150000,6421,6421.5,6360,6381,214489,0
20230919,160000,6381.5,6433,6369,6416.5,172221,0
20230919,170000,6416,6431,6392.5,6397,77850,0
20230919,180000,6397,6420.5,6397,6420.5,43964,0
20230919,190000,6420.5,6432,6410,6429,27107,0
20230919,200000,6428.5,6430,6409,6411.5,18721,0
20230919,210000,6411,6415.5,6381.5,6385,39945,0
20230919,220000,6385.5,6404,6380,6383,25976,0
20230919,230000,6383,6389.5,6326.5,6344,77165,0
20230920,100000,6350,6381,6280,6333.5,387387,0
20230920,110000,6333,6430,6283.5,6425.5,276690,0
20230920,120000,6426,6477.5,6393.5,6473.5,329537,0
20230920,130000,6473.5,6479,6430,6441,168616,0
20230920,140000,6445.5,6477.5,6426,6466.5,152511,0
20230920,150000,6466,6499,6442.5,6484.5,164633,0
20230920,160000,6484,6490,6476,6485,94420,0
20230920,170000,6485,6496,6423,6428,116846,0
20230920,180000,6427.5,6457.5,6423,6432.5,65989,0
20230920,190000,6432.5,6446.5,6401.5,6425,36601,0
20230920,200000,6426,6444,6424,6438,14850,0
20230920,210000,6436,6464,6429,6454,15138,0
20230920,220000,6455,6456,6424,6424.5,17502,0
20230920,230000,6424,6430.5,6405,6423,25945,0
20230921,100000,6402.5,6428,6370,6399.5,194512,0
20230921,110000,6400,6404,6352.5,6360,179658,0
20230921,120000,6360,6405,6353.5,6395.5,131236,0
20230921,130000,6395,6420,6390.5,6401,147451,0
20230921,140000,6402.5,6409.5,6380,6392.5,118009,0
20230921,150000,6394.5,6402.5,6383,6385.5,138512,0
20230921,160000,6385,6420,6385,6405,150274,0
20230921,170000,6405,6415,6375,6376.5,122732,0
20230921,180000,6376.5,6400,6350,6400,168536,0
20230921,190000,6394,6415,6390.5,6398,43228,0
20230921,200000,6397.5,6404,6392,6394.5,13334,0
20230921,210000,6395,6397,6377,6379,17441,0
20230921,220000,6380,6381,6357,6370,20980,0
20230921,230000,6369,6380,6360,6379,15052,0
20230922,100000,6395,6445,6305,6405,280914,0
20230922,110000,6405.5,6440,6392,6414.5,112306,0
20230922,120000,6414,6439,6401.5,6430,73000,0
20230922,130000,6429.5,6435,6419,6427,57310,0
20230922,140000,6427.5,6467.5,6426,6453,97334,0
20230922,150000,6452,6516,6450,6507.5,125899,0
20230922,160000,6506.5,6514,6466.5,6495.5,160477,0
20230922,170000,6495.5,6507.5,6476,6499,63032,0
20230922,180000,6499,6517,6484,6504.5,60685,0
20230922,190000,6504.5,6514,6480,6489.5,22786,0
20230922,200000,6489,6500,6484,6493,11644,0
20230922,210000,6492.5,6506.5,6490,6494,13818,0
20230922,220000,6494.5,6496.5,6482,6491.5,14745,0
20230922,230000,6492,6500,6491,6495,18352,0
20230925,100000,6500.5,6525,6428.5,6430.5,227351,0
20230925,110000,6432,6475.5,6426,6456,69864,0
20230925,120000,6455,6485,6444,6446,55449,0
20230925,130000,6445.5,6454,6438,6438,76715,0
20230925,140000,6438,6456,6438,6451.5,40563,0
20230925,150000,6451.5,6474.5,6442.5,6449,59706,0
20230925,160000,6447.5,6464.5,6439.5,6444,43179,0
20230925,170000,6444,6453,6438.5,6444.5,33140,0
20230925,180000,6444,6467,6439,6467,28650,0
20230925,190000,6473,6473,6435.5,6448,24450,0
20230925,200000,6448,6449,6440.5,6448,8521,0
20230925,210000,6448.5,6451,6447.5,6450,6704,0
20230925,220000,6449,6452,6445,6450,8744,0
20230925,230000,6449.5,6453,6441.5,6449,7044,0
20230926,100000,6429.5,6438,6365,6391,170102,0
20230926,110000,6391,6398,6322,6341,221310,0
20230926,120000,6341,6381,6340.5,6358.5,70197,0
20230926,130000,6359,6375,6355,6365.5,33552,0
20230926,140000,6366,6380,6358.5,6366,48535,0
20230926,150000,6366.5,6380,6346.5,6349,59753,0
20230926,160000,6350,6376,6347,6364.5,56510,0
20230926,170000,6365,6409.5,6363,6401.5,130622,0
20230926,180000,6402,6409,6383,6409,64652,0
20230926,190000,6406,6406,6395,6403.5,25687,0
20230926,200000,6404,6407,6399,6405.5,10907,0
20230926,210000,6406,6406,6375,6388.5,27675,0
20230926,220000,6387,6404,6384,6400,12375,0
20230926,230000,6399.5,6402,6382.5,6386,7107,0
20230927,100000,6412,6449.5,6404.5,6448.5,138089,0
20230927,110000,6448.5,6468,6447.5,6458.5,84962,0
20230927,120000,6458.5,6486.5,6440.5,6465,83588,0
20230927,130000,6465,6480.5,6444,6456.5,41548,0
20230927,140000,6457,6478.5,6433,6478,73832,0
20230927,150000,6478,6500,6474,6488.5,85178,0
20230927,160000,6488.5,6489.5,6466,6479.5,44470,0
20230927,170000,6480,6492,6436.5,6467.5,79755,0
20230927,180000,6466.5,6486,6462,6473.5,34809,0
20230927,190000,6480,6480,6460.5,6472.5,14135,0
20230927,200000,6472.5,6477,6461.5,6469.5,7264,0
20230927,210000,6468,6478.5,6466,6477.5,17943,0
20230927,220000,6478.5,6485,6475,6479,10618,0
20230927,230000,6481,6496,6479.5,6490,13295,0
20230928,100000,6502,6588,6501.5,6584.5,252744,0
20230928,110000,6585,6585,6550,6565.5,84970,0
20230928,120000,6566,6608,6566,6591.5,123687,0
20230928,130000,6591.5,6620,6582,6601,80940,0
20230928,140000,6604,6610,6560.5,6561,67092,0
20230928,150000,6561.5,6585,6535,6559,89004,0
20230928,160000,6560,6584.5,6559.5,6584,40169,0
20230928,170000,6584.5,6615,6581,6593,60729,0
20230928,180000,6594,6629,6593.5,6629,84104,0
20230928,190000,6629,6629,6607.5,6625,19634,0
20230928,200000,6625,6629,6612,6613,16287,0
20230928,210000,6614,6620,6604.5,6620,16902,0
20230928,220000,6617.5,6631,6609,6631,18010,0
20230928,230000,6630.5,6645.5,6630,6645.5,30782,0
20230929,100000,6649.5,6680,6610,6624,220302,0
20230929,110000,6623.5,6649.5,6603.5,6644,79545,0
20230929,120000,6643,6650,6620,6647.5,48342,0
20230929,130000,6647.5,6685,6640,6685,107174,0
20230929,140000,6685,6700,6660,6666,99443,0
20230929,150000,6666.5,6677.5,6657,6666,59724,0
20230929,160000,6666,6667.5,6634.5,6646,93785,0
20230929,170000,6646,6670,6635,6670,57223,0
20230929,180000,6669.5,6687,6661.5,6687,76091,0
20230929,190000,6676,6690,6674,6674.5,31948,0
20230929,200000,6674,6683,6670,6672,16772,0
20230929,210000,6671.5,6692,6670.5,6689.5,19810,0
20230929,220000,6690,6690,6677,6679,13651,0
20230929,230000,6679,6685.5,6672,6677,32918,0
20231002,100000,6716,6769,6699,6751,241629,0
20231002,110000,6751,6779.5,6745,6777.5,104695,0
20231002,120000,6776.5,6797.5,6770.5,6785.5,92714,0
20231002,130000,6786,6792.5,6760.5,6783,67386,0
20231002,140000,6783,6793.5,6765.5,6773.5,63133,0
20231002,150000,6774,6793,6755.5,6764.5,80045,0
20231002,160000,6764.5,6766,6701.5,6723,155517,0
20231002,170000,6722,6736,6658.5,6735.5,153514,0
20231002,180000,6736,6745,6695,6714.5,86358,0
20231002,190000,6714,6730,6707.5,6729.5,19273,0
20231002,200000,6728,6735,6720.5,6724.5,14615,0
20231002,210000,6723.5,6731.5,6715,6718.5,9318,0
20231002,220000,6716.5,6723.5,6713.5,6723.5,7603,0
20231002,230000,6723.5,6728,6715,6720,10776,0
20231003,100000,6720,6720.5,6636.5,6666,258242,0
20231003,110000,6666,6716.5,6664.5,6699.5,130849,0
20231003,120000,6700,6716,6675.5,6683,41432,0
20231003,130000,6683,6686,6660.5,6670,43773,0
20231003,140000,6670.5,6698.5,6659.5,6697,31769,0
20231003,150000,6697,6720,6670.5,6717,49824,0
20231003,160000,6717,6759,6710,6740.5,138774,0
20231003,170000,6741,6760,6731,6760,76215,0
20231003,180000,6759.5,6761,6743.5,6761,50514,0
20231003,190000,6759,6784,6757.5,6769.5,42236,0
20231003,200000,6769.5,6779,6767,6769.5,19960,0
20231003,210000,6769.5,6773.5,6760,6768,22497,0
20231003,220000,6766.5,6768,6716.5,6737.5,31510,0
20231003,230000,6738,6755,6738,6754.5,14974,0
20231004,100000,6739,6807.5,6716,6800.5,178319,0
20231004,110000,6801.5,6815,6765,6775,142123,0
20231004,120000,6775,6795,6772,6781.5,36469,0
20231004,130000,6781,6804,6772,6791.5,55095,0
20231004,140000,6791.5,6809.5,6776,6783.5,56207,0
20231004,150000,6783,6794,6775,6784.5,23634,0
20231004,160000,6784.5,6785,6741,6766,58854,0
20231004,170000,6766,6768,6716,6722.5,113893,0
20231004,180000,6723.5,6745,6704,6721.5,76828,0
20231004,190000,6721,6728.5,6659.5,6696.5,46648,0
20231004,200000,6696.5,6707,6675.5,6686.5,57850,0
20231004,210000,6687,6705,6681,6693,12267,0
20231004,220000,6692.5,6695.5,6675,6677.5,20214,0
20231004,230000,6677,6680,6660,6660.5,25228,0
20231005,100000,6701,6730,6645,6688,191599,0
20231005,110000,6689,6740,6671,6707.5,116406,0
20231005,120000,6707.5,6740,6700,6720,68945,0
20231005,130000,6721.5,6732,6713,6719,30131,0
20231005,140000,6719,6735,6710,6725.5,43745,0
20231005,150000,6727.5,6759.5,6725,6726.5,71689,0
20231005,160000,6726.5,6746,6710,6736,42638,0
20231005,170000,6734,6745,6726.5,6736.5,28476,0
20231005,180000,6737,6749.5,6725,6725,29001,0
20231005,190000,6716,6732.5,6716,6731,11424,0
20231005,200000,6730,6731,6703.5,6709,14138,0
20231005,210000,6710,6710.5,6675.5,6693,37203,0
20231005,220000,6693.5,6710,6670,6707,28817,0
20231005,230000,6705.5,6731,6705.5,6721.5,22830,0
20231006,100000,6745,6779,6717.5,6745.5,180553,0
20231006,110000,6746.5,6747,6717,6722,55242,0
20231006,120000,6723,6737,6719,6733,53531,0
20231006,130000,6734,6765,6730.5,6763,71229,0
20231006,140000,6763,6784.5,6745,6773,92880,0
20231006,150000,6773,6774.5,6752,6774.5,58676,0
20231006,160000,6774.5,6785,6763,6768,63446,0
20231006,170000,6767.5,6770,6750,6770,60837,0
20231006,180000,6770,6780,6760.5,6774.5,33560,0
20231006,190000,6769,6792.5,6764,6788,44161,0
20231006,200000,6789,6793,6776,6785,22513,0
20231006,210000,6785,6791,6783,6786.5,6454,0
20231006,220000,6786,6789,6778,6785,13780,0
20231006,230000,6785,6797,6779.5,6797,27038,0
20231009,100000,6879.5,6889,6822,6878.5,302542,0
20231009,110000,6879,6879,6855.5,6873.5,80579,0
20231009,120000,6873.5,6880,6866.5,6870,76307,0
20231009,130000,6870.5,6880,6870,6880,56843,0
20231009,140000,6879.5,6895.5,6870,6880,125117,0
20231009,150000,6879.5,6880,6856,6859.5,104116,0
20231009,160000,6860,6874.5,6843.5,6870.5,95422,0
20231009,170000,6871,6876.5,6858,6862,59503,0
20231009,180000,6862.5,6872,6847,6870,70389,0
20231009,190000,6870,6870,6830.5,6841.5,47862,0
20231009,200000,6841,6860,6835.5,6856,23127,0
20231009,210000,6855.5,6855.5,6835.5,6852.5,17469,0
20231009,220000,6852,6858,6841,6857.5,12394,0
20231009,230000,6857,6870,6855,6863.5,21629,0
20231010,100000,6870,6872.5,6830.5,6835,114409,0
20231010,110000,6835,6850,6822.5,6846.5,79563,0
20231010,120000,6847,6880,6833.5,6865,62082,0
20231010,130000,6864.5,6880,6847.5,6870,61975,0
20231010,140000,6870,6874,6863,6870.5,18064,0
20231010,150000,6870,6873.5,6862.5,6868.5,20399,0
20231010,160000,6868.5,6871.5,6846.5,6856.5,36038,0
20231010,170000,6856,6865,6836,6855.5,56824,0
20231010,180000,6856,6860,6835,6837,33925,0
20231010,190000,6837,6847,6826,6843,31186,0
20231010,200000,6843.5,6844,6840,6841,4415,0
20231010,210000,6841,6852.5,6839.5,6852,12828,0
20231010,220000,6852,6855.5,6843.5,6854,10965,0
20231010,230000,6854.5,6859.5,6850,6853.5,7683,0
20231011,100000,6860.5,6879.5,6835.5,6863,138312,0
20231011,110000,6863,6912.5,6854.5,6910,201154,0
20231011,120000,6909.5,6945,6893.5,6933.5,339429,0
20231011,130000,6933.5,6939.5,6913,6936,108291,0
20231011,140000,6936.5,7016.5,6933,6992,494501,0
20231011,150000,6992,7019.5,6986,7017.5,162732,0
20231011,160000,7017.5,7068,7009,7055.5,400908,0
20231011,170000,7055,7099.5,7050.5,7075,337063,0
20231011,180000,7075,7076,7040.5,7059,190189,0
20231011,190000,7059,7091.5,7051,7078,95586,0
20231011,200000,7079,7089,7068,7082,49053,0
20231011,210000,7082,7088,7070.5,7084.5,29883,0
20231011,220000,7084.5,7085,6881,6959,628211,0
20231011,230000,6958.5,6971,6842,6890.5,290554,0
20231012,100000,6862,7039.5,6848,7017,818884,0
20231012,110000,7016.5,7059,7011.5,7046,245760,0
20231012,120000,7047,7058,7005.5,7024,164120,0
20231012,130000,7024,7025,6981,7016,206469,0
20231012,140000,7016,7034.5,7005.5,7028.5,108453,0
20231012,150000,7028.5,7034.5,7007.5,7034.5,55714,0
20231012,160000,7034.5,7147.5,7028,7135,489511,0
20231012,170000,7135,7154,7092,7104,328640,0
20231012,180000,7104,7117,7066,7075.5,114235,0
20231012,190000,7075.5,7105,7075.5,7085,46714,0
20231012,200000,7084,7089.5,7057.5,7060,41516,0
20231012,210000,7060,7100,7059,7098.5,32648,0
20231012,220000,7098.5,7113,7091,7112,30493,0
20231012,230000,7112,7120,7111.5,7120,26546,0
20231013,100000,7143,7190,7136,7177.5,409404,0
20231013,110000,7177,7178,7146,7167,149146,0
20231013,120000,7167,7187.5,7155,7179,117593,0
20231013,130000,7179,7197,7166,7189,139461,0
20231013,140000,7189,7195,7166.5,7194,77377,0
20231013,150000,7194,7225,7182,7211.5,203681,0
20231013,160000,7211,7220.5,7152.5,7190.5,267833,0
20231013,170000,7190.5,7198.5,7176,7178.5,42976,0
20231013,180000,7178.5,7201.5,7178.5,7193,46930,0
20231013,190000,7197,7204,7180.5,7200,31381,0
20231013,200000,7200.5,7205,7193,7197,29969,0
20231013,210000,7197,7204.5,7193,7203.5,23842,0
20231013,220000,7203.5,7220.5,7194,7217,56762,0
20231013,230000,7217,7250,7216,7244,74498,0
20231016,100000,7274.5,7319.5,7234.5,7301,410185,0
20231016,110000,7300,7340,7300,7335,209678,0
20231016,120000,7335,7349,7320,7329.5,105480,0
20231016,130000,7328.5,7335,7303.5,7317,115221,0
20231016,140000,7317,7333.5,7286,7301,151424,0
20231016,150000,7301,7340.5,7299.5,7329.5,153559,0
20231016,160000,7329.5,7330,7303,7320,63243,0
20231016,170000,7319,7328,7317,7322,72563,0
20231016,180000,7322.5,7330,7315.5,7328.5,53870,0
20231016,190000,7316,7347.5,7316,7333.5,31915,0
20231016,200000,7333.5,7345,7331,7343.5,34049,0
20231016,210000,7344,7344.5,7323.5,7327,21470,0
20231016,220000,7327.5,7332.5,7323,7330,16074,0
20231016,230000,7330.5,7336.5,7320,7335,23487,0
20231017,100000,7345,7394,7333.5,7377,336807,0
20231017,110000,7376,7380,7350,7377,127749,0
20231017,120000,7377.5,7378,7361.5,7370,99216,0
20231017,130000,7370,7377,7366,7372,68689,0
20231017,140000,7371,7373,7325,7337.5,127467,0
20231017,150000,7337,7349.5,7264,7316.5,313243,0
20231017,160000,7316.5,7371,7298,7362.5,160861,0
20231017,170000,7363,7390,7340,7376.5,138255,0
20231017,180000,7376,7390,7355,7371,95549,0
20231017,190000,7371,7380,7355,7365,37159,0
20231017,200000,7364.5,7374.5,7349,7352,22978,0
20231017,210000,7353,7353,7330.5,7349.5,38240,0
20231017,220000,7349,7373,7339,7363.5,25998,0
20231017,230000,7362.5,7386,7356,7384.5,36909,0
20231018,100000,7399,7420,7375.5,7403,269175,0
20231018,110000,7403,7406,7365,7397.5,115319,0
20231018,120000,7398.5,7465,7398,7462,333055,0
20231018,130000,7462,7494,7458,7485,222750,0
20231018,140000,7485,7522.5,7460,7518.5,416286,0
20231018,150000,7518,7535,7465.5,7476,423408,0
20231018,160000,7476,7476,7423,7456.5,462511,0
20231018,170000,7456.5,7474,7440,7463.5,98879,0
20231018,180000,7463.5,7471,7450,7471,55276,0
20231018,190000,7469.5,7492.5,7456.5,7490,45859,0
20231018,200000,7488.5,7510,7480.5,7494.5,69576,0
20231018,210000,7494.5,7504,7485,7487,28699,0
20231018,220000,7488,7493,7480,7482,16830,0
20231018,230000,7483,7498.5,7482,7488,24988,0
20231019,100000,7483,7494.5,7431,7439,235464,0
20231019,110000,7439,7465,7416.5,7452,171736,0
20231019,120000,7452,7468,7446,7453.5,61917,0
20231019,130000,7453.5,7489,7452,7480,115569,0
20231019,140000,7477,7483,7442,7452.5,71917,0
20231019,150000,7452.5,7485,7450,7469.5,48479,0
20231019,160000,7469.5,7481,7455.5,7471.5,36274,0
20231019,170000,7472,7473.5,7446.5,7452.5,47383,0
20231019,180000,7453,7464.5,7449,7464.5,30120,0
20231019,190000,7463,7478,7460,7475.5,28900,0
20231019,200000,7475,7476,7455,7472.5,24796,0
20231019,210000,7472.5,7490,7470,7489,38595,0
20231019,220000,7488.5,7490,7477.5,7490,30864,0
20231019,230000,7490,7495,7480.5,7486,37231,0
20231020,100000,7495,7509.5,7450.5,7462.5,161383,0
20231020,110000,7462,7463.5,7435,7452.5,114607,0
20231020,120000,7452.5,7455,7405,7438.5,158331,0
20231020,130000,7438.5,7444.5,7406,7431.5,135834,0
20231020,140000,7430,7472.5,7428,7460.5,71318,0
20231020,150000,7460,7469.5,7452,7459,28637,0
20231020,160000,7459,7466,7451,7460,26815,0
20231020,170000,7460,7490.5,7459,7482,73802,0
20231020,180000,7482,7501,7475.5,7501,87766,0
20231020,190000,7500,7508.5,7485.5,7491.5,38780,0
20231020,200000,7491,7493.5,7470,7480.5,30702,0
20231020,210000,7481,7485,7464.5,7485,16535,0
20231020,220000,7485,7489.5,7478,7485.5,10644,0
20231020,230000,7486,7494,7480.5,7491.5,25667,0
20231023,100000,7510.5,7549,7499.5,7511,263248,0
20231023,110000,7511,7530,7484.5,7492.5,137350,0
20231023,120000,7492.5,7492.5,7452.5,7484.5,149544,0
20231023,130000,7484.5,7492.5,7469,7491,46731,0
20231023,140000,7491,7491,7455.5,7459,51215,0
20231023,150000,7458.5,7470,7455.5,7468,43980,0
20231023,160000,7468,7474,7457.5,7460,29556,0
20231023,170000,7460,7476,7457.5,7465.5,34478,0
20231023,180000,7465,7480,7463.5,7480,28888,0
20231023,190000,7479,7484,7478,7480.5,19736,0
20231023,200000,7480.5,7483.5,7480,7480,9597,0
20231023,210000,7481,7483,7476,7480,10756,0
20231023,220000,7480,7482,7471,7471,13028,0
20231023,230000,7471,7472.5,7460,7462.5,17018,0
20231024,100000,7472.5,7484.5,7426,7467,143952,0
20231024,110000,7466.5,7483,7454.5,7478,64508,0
20231024,120000,7478.5,7481.5,7465,7474,34214,0
20231024,130000,7474,7487.5,7465.5,7472.5,38457,0
20231024,140000,7472,7479.5,7417,7454,160234,0
20231024,150000,7452.5,7466.5,7420,7442,147724,0
20231024,160000,7442.5,7444.5,7420,7438,64391,0
20231024,170000,7437,7449,7426.5,7448.5,47623,0
20231024,180000,7448,7449.5,7433,7440,37401,0
20231024,190000,7431,7445,7425,7427.5,22981,0
20231024,200000,7427.5,7441,7427.5,7432.5,15305,0
20231024,210000,7432.5,7433.5,7424,7431,13991,0
20231024,220000,7432,7444,7430,7439.5,9206,0
20231024,230000,7439.5,7450,7437.5,7444,17188,0
20231025,100000,7430,7434.5,7207,7329.5,460621,0
20231025,110000,7329.5,7383,7326.5,7371.5,160449,0
20231025,120000,7371,7397,7348.5,7391,113080,0
20231025,130000,7390,7396.5,7357,7377.5,68490,0
20231025,140000,7377.5,7378,7353,7355.5,36905,0
20231025,150000,7356,7368.5,7340,7341.5,73706,0
20231025,160000,7341,7359,7330,7342.5,97371,0
20231025,170000,7342.5,7368.5,7342,7368.5,48975,0
20231025,180000,7368,7393.5,7364,7369,50635,0
20231025,190000,7370,7393,7369,7392,32258,0
20231025,200000,7392,7439,7392,7436.5,77574,0
20231025,210000,7436,7438,7417,7432.5,33792,0
20231025,220000,7432,7439.5,7422.5,7438.5,28973,0
20231025,230000,7439,7444,7426,7437.5,33024,0
20231026,100000,7453.5,7498,7441,7457.5,219856,0
20231026,110000,7457.5,7497,7456,7479.5,109780,0
20231026,120000,7479.5,7486,7461.5,7481,61510,0
20231026,130000,7481,7484,7351,7417,234808,0
20231026,140000,7416,7439,7218.5,7285,1347318,0
20231026,150000,7287,7320,7252,7268,271225,0
20231026,160000,7268,7304,7266.5,7291,118493,0
20231026,170000,7291,7298,7256,7266.5,149443,0
20231026,180000,7266.5,7269.5,7227,7230,155795,0
20231026,190000,7230,7292,7230,7273.5,80869,0
20231026,200000,7273.5,7289.5,7266.5,7273.5,24353,0
20231026,210000,7270.5,7282,7242,7276.5,43091,0
20231026,220000,7276.5,7276.5,7252.5,7253.5,20371,0
20231026,230000,7253.5,7260,7211,7228.5,54330,0
20231027,100000,7225.5,7317,7221.5,7268.5,254012,0
20231027,110000,7268,7300,7262,7289,66675,0
20231027,120000,7288,7315,7288,7312.5,91396,0
20231027,130000,7312.5,7313.5,7177,7188.5,409950,0
20231027,140000,7186.5,7243,7136.5,7223,357804,0
20231027,150000,7222.5,7250,7216,7244,123211,0
20231027,160000,7244,7250,7225,7246,110133,0
20231027,170000,7245.5,7246,7223.5,7236,62193,0
20231027,180000,7236,7268,7230,7245,62239,0
20231027,190000,7250,7281,7249.5,7273,39999,0
20231027,200000,7272,7338,7260,7328,109143,0
20231027,210000,7329,7329.5,7295,7316,60282,0
20231027,220000,7316,7318.5,7295,7315,27710,0
20231027,230000,7315,7320,7300.5,7318,33171,0
20231030,100000,7299,7315,7231.5,7250,248039,0
20231030,110000,7250,7265,7228,7251.5,150952,0
20231030,120000,7250.5,7261,7243,7251,59180,0
20231030,130000,7251,7279,7246.5,7276,63921,0
20231030,140000,7275.5,7282,7262,7281.5,37729,0
20231030,150000,7281.5,7294,7269,7276.5,33612,0
20231030,160000,7277,7288.5,7261,7286,31497,0
20231030,170000,7285.5,7293.5,7273.5,7277,39582,0
20231030,180000,7276.5,7276.5,7245,7257,36196,0
20231030,190000,7250,7270,7250,7264,11574,0
20231030,200000,7263,7264,7240.5,7245.5,23050,0
20231030,210000,7245.5,7260.5,7245.5,7251,9521,0
20231030,220000,7253.5,7256,7247.5,7249.5,6114,0
20231030,230000,7249.5,7259,7246,7248,12541,0
20231031,100000,7238.5,7264,7185,7206,147520,0
20231031,110000,7205.5,7215,7160,7175.5,127852,0
20231031,120000,7175.5,7185,7142.5,7177,151268,0
20231031,130000,7177,7177,7141,7146,71299,0
20231031,140000,7146.5,7153,7107,7143,167119,0
20231031,150000,7142,7150,7127.5,7149,81570,0
20231031,160000,7149,7167,7138,7150,77718,0
20231031,170000,7149.5,7150,7130,7149,36527,0
20231031,180000,7150,7195,7148,7169.5,74381,0
20231031,190000,7169,7183,7152.5,7163.5,26750,0
20231031,200000,7162.5,7170,7143,7164.5,21733,0
20231031,210000,7163,7168,7140,7143.5,17080,0
20231031,220000,7146.5,7149.5,7140,7143.5,8738,0
20231031,230000,7143.5,7165,7143.5,7150.5,10273,0
20231101,100000,7155,7218,7130.5,7177.5,140257,0
20231101,110000,7176.5,7205,7160.5,7194,58248,0
20231101,120000,7193.5,7229,7190.5,7228.5,74154,0
20231101,130000,7228,7229.5,7210,7218.5,40470,0
20231101,140000,7218.5,7232.5,7217.5,7228,38864,0
20231101,150000,7228.5,7266,7226.5,7258.5,76911,0
20231101,160000,7258.5,7264,7248,7255,41924,0
20231101,170000,7254.5,7259.5,7240.5,7242,34123,0
20231101,180000,7242,7256.5,7230.5,7240.5,29568,0
20231101,190000,7245.5,7264,7243.5,7248.5,16084,0
20231101,200000,7248,7249,7210,7220.5,31421,0
20231101,210000,7220,7234.5,7210,7231,13465,0
20231101,220000,7231,7238.5,7228.5,7233,8854,0
20231101,230000,7234.5,7240,7230,7240,5797,0
20231102,100000,7251.5,7292,7250,7281.5,88709,0
20231102,110000,7281.5,7285.5,7250,7277.5,65116,0
20231102,120000,7277,7278,7261.5,7272.5,27416,0
20231102,130000,7272.5,7278,7260.5,7276,26680,0
20231102,140000,7275,7277,7255,7269.5,20560,0
20231102,150000,7269.5,7278.5,7266,7274,25108,0
20231102,160000,7273.5,7275.5,7259,7273,24904,0
20231102,170000,7272.5,7276,7231,7235,57749,0
20231102,180000,7235,7251.5,7217,7218,66633,0
20231102,190000,7218,7259,7218,7245,37487,0
20231102,200000,7246,7256,7243.5,7251.5,11059,0
20231102,210000,7251.5,7255,7247.5,7250.5,7714,0
20231102,220000,7251,7256,7250,7254,7324,0
20231102,230000,7252,7255.5,7246.5,7253.5,10356,0
20231103,100000,7258,7278,7239,7246,57576,0
20231103,110000,7246,7256.5,7220,7229.5,61624,0
20231103,120000,7229,7242.5,7221,7242.5,29538,0
20231103,130000,7242,7244,7211,7213,48442,0
20231103,140000,7211.5,7246.5,7210.5,7240.5,30794,0
20231103,150000,7240.5,7248,7229,7232.5,23896,0
20231103,160000,7232.5,7236,7220,7227.5,25635,0
20231103,170000,7227.5,7238,7221.5,7225,16527,0
20231103,180000,7225,7235,7218,7235,18829,0
20231103,190000,7235,7235,7219,7228,8417,0
20231103,200000,7228,7235.5,7225,7235,12428,0
20231103,210000,7233.5,7237,7228.5,7234,10506,0
20231103,220000,7234.5,7236,7232,7234.5,8706,0
20231103,230000,7234.5,7238.5,7229,7238,11342,0
20231106,100000,7243,7260,7225.5,7230,51611,0
20231106,110000,7230,7240,7221,7236.5,40265,0
20231106,120000,7236,7246.5,7234,7239.5,28220,0
20231106,130000,7239.5,7240.5,7227.5,7237,15589,0
20231106,140000,7237,7315,7228.5,7300.5,166364,0
20231106,150000,7301,7344,7295,7317,105771,0
20231106,160000,7317,7337.5,7315,7331,33752,0
20231106,170000,7331,7333.5,7318.5,7333.5,23949,0
20231106,180000,7333.5,7354.5,7333.5,7354.5,62650,0
20231106,190000,7352.5,7387.5,7347,7372,54029,0
20231106,200000,7372,7378.5,7370,7371,14698,0
20231106,210000,7370,7375,7362,7370.5,14673,0
20231106,220000,7371.5,7375,7362,7375,9476,0
20231106,230000,7374.5,7380,7368.5,7376,20484,0
20231107,100000,7370,7380,7326.5,7329.5,146807,0
20231107,110000,7329.5,7349,7329,7343.5,40972,0
20231107,120000,7343.5,7349,7295.5,7326,87262,0
20231107,130000,7325.5,7336,7296,7331,46142,0
20231107,140000,7331,7342.5,7321,7329.5,34013,0
20231107,150000,7329,7342,7310,7334.5,43780,0
20231107,160000,7333.5,7346.5,7323,7345.5,39171,0
20231107,170000,7345.5,7369,7342,7357.5,51754,0
20231107,180000,7358,7359.5,7339.5,7350,21717,0
20231107,190000,7355,7367,7340.5,7346.5,21631,0
20231107,200000,7346,7373.5,7328,7338,26933,0
20231107,210000,7337.5,7353,7335,7346.5,10019,0
20231107,220000,7346.5,7350,7340,7345,8708,0
20231107,230000,7345,7348.5,7331.5,7333.5,13911,0
20231108,100000,7341,7359.5,7311.5,7335.5,73227,0
20231108,110000,7335.5,7373,7330,7356,57980,0
20231108,120000,7356,7357,7330.5,7334.5,41893,0
20231108,130000,7335,7347.5,7313,7324,60162,0
20231108,140000,7324,7338.5,7321,7329,23439,0
20231108,150000,7329.5,7338.5,7305,7308.5,52485,0
20231108,160000,7308.5,7325,7280.5,7311,83146,0
20231108,170000,7311,7330.5,7308.5,7316.5,30965,0
20231108,180000,7317,7325,7310,7310,19120,0
20231108,190000,7312,7324.5,7303,7303.5,31921,0
20231108,200000,7303,7318.5,7294,7306,30571,0
20231108,210000,7306,7312.5,7293.5,7298,21607,0
20231108,220000,7298,7298,7282.5,7286,26218,0
20231108,230000,7286,7295,7277,7295,26062,0
20231109,100000,7290.5,7307,7254,7260,105938,0
20231109,110000,7260.5,7271,7241,7259.5,76514,0
20231109,120000,7259.5,7268,7252,7253,37600,0
20231109,130000,7252.5,7257,7241,7244,44215,0
20231109,140000,7244,7255,7221,7245,67661,0
20231109,150000,7245.5,7267,7243,7263,45359,0
20231109,160000,7262.5,7275.5,7251.5,7270,41004,0
20231109,170000,7271,7297.5,7270,7284,42259,0
20231109,180000,7284,7300,7284,7298,41913,0
20231109,190000,7295,7304.5,7266,7279.5,35314,0
20231109,200000,7279.5,7287,7251,7266.5,21742,0
20231109,210000,7266.5,7274.5,7262,7270.5,8648,0
20231109,220000,7268,7273.5,7255.5,7259.5,10056,0
20231109,230000,7260,7264.5,7255.5,7260,7022,0
20231110,100000,7265,7304.5,7238.5,7284,97896,0
20231110,110000,7285.5,7299,7277,7295.5,47302,0
20231110,120000,7296,7302,7256.5,7261,80223,0
20231110,130000,7261,7272.5,7255,7263.5,37113,0
20231110,140000,7263.5,7264,7250,7254,34677,0
20231110,150000,7253.5,7280.5,7253,7261,44494,0
20231110,160000,7260.5,7269.5,7256,7264,29333,0
20231110,170000,7265,7273,7258,7268,26864,0
20231110,180000,7268,7289,7267.5,7289,33899,0
20231110,190000,7279,7287,7269,7285,20129,0
20231110,200000,7285,7285,7272.5,7279,10268,0
20231110,210000,7278,7284,7274,7280,11273,0
20231110,220000,7280,7282,7275,7275.5,8274,0
20231110,230000,7275.5,7290,7275.5,7288.5,14642,0
20231113,100000,7295.5,7325,7274,7284,101142,0
20231113,110000,7284,7293.5,7270,7291.5,50386,0
20231113,120000,7292,7309,7292,7293.5,47898,0
20231113,130000,7294.5,7297,7284.5,7289,26806,0
20231113,140000,7289,7295,7286,7288.5,20533,0
20231113,150000,7288.5,7290.5,7270,7279,52546,0
20231113,160000,7279,7280.5,7271,7277.5,20443,0
20231113,170000,7277.5,7284.5,7276.5,7277,37559,0
20231113,180000,7277,7297.5,7276,7297.5,34958,0
20231113,190000,7289,7295.5,7271,7280.5,20322,0
20231113,200000,7281,7284,7275,7282.5,8536,0
20231113,210000,7278.5,7284.5,7276,7280.5,7025,0
20231113,220000,7279.5,7284.5,7276,7281.5,8859,0
20231113,230000,7281,7281.5,7273,7277.5,4740,0
20231114,100000,7282.5,7285,7233,7238.5,111222,0
20231114,110000,7239,7253.5,7236,7246,38286,0
20231114,120000,7248,7253,7235.5,7238,41440,0
20231114,130000,7238,7246,7235.5,7241,34085,0
20231114,140000,7241,7241.5,7184,7192,135189,0
20231114,150000,7192,7216,7165,7202,76079,0
20231114,160000,7203,7212,7185,7209.5,50687,0
20231114,170000,7210,7228,7200,7213,48760,0
20231114,180000,7213,7228,7211,7211,28995,0
20231114,190000,7221,7221,7206,7214,14275,0
20231114,200000,7210.5,7214,7194.5,7197,10779,0
20231114,210000,7200,7203.5,7193,7203,8131,0
20231114,220000,7203,7211,7199,7204,5323,0
20231114,230000,7203,7207,7193.5,7200,7581,0
20231115,100000,7183.5,7205,7150.5,7157,91104,0
20231115,110000,7157,7182.5,7138,7175.5,81390,0
20231115,120000,7175.5,7180,7164.5,7171,35751,0
20231115,130000,7172,7174,7160,7162.5,44860,0
20231115,140000,7162.5,7179.5,7160,7175.5,40114,0
20231115,150000,7175,7195,7172.5,7187.5,42186,0
20231115,160000,7187,7225,7177.5,7217,70414,0
20231115,170000,7216,7257,7204.5,7248,114782,0
20231115,180000,7249,7251,7233,7233,31343,0
20231115,190000,7233,7243,7223,7239,20664,0
20231115,200000,7239,7246,7225,7226,11167,0
20231115,210000,7226.5,7233.5,7218,7222.5,14989,0
20231115,220000,7222.5,7229.5,7219,7228.5,4527,0
20231115,230000,7228,7230,7222,7224,3636,0
20231116,100000,7220.5,7236,7201,7203.5,52632,0
20231116,110000,7202.5,7228,7186.5,7212.5,78258,0
20231116,120000,7211.5,7213.5,7193,7196.5,27819,0
20231116,130000,7197.5,7199.5,7170,7176.5,41800,0
20231116,140000,7175,7205,7174.5,7193.5,30409,0
20231116,150000,7193,7205,7177,7177.5,41986,0
20231116,160000,7177,7179,7163,7175,70406,0
20231116,170000,7175,7192.5,7160,7167.5,42170,0
20231116,180000,7169,7172.5,7152,7152,44352,0
20231116,190000,7161.5,7161.5,7126.5,7140,53758,0
20231116,200000,7141.5,7150.5,7139,7143,14690,0
20231116,210000,7143,7150,7132.5,7133,23748,0
20231116,220000,7134,7134.5,7120.5,7128,22547,0
20231116,230000,7128,7141,7126,7135.5,10692,0
20231117,100000,7135,7145,7081,7127.5,109474,0
20231117,110000,7127.5,7127.5,7080.5,7099.5,139733,0
20231117,120000,7100,7108,7086,7095.5,52310,0
20231117,130000,7096,7125,7095,7120,41180,0
20231117,140000,7120,7190,7119.5,7190,92262,0
20231117,150000,7190,7204,7167,7195.5,69235,0
20231117,160000,7195.5,7221,7192.5,7216.5,60585,0
20231117,170000,7217,7222,7207,7221.5,65297,0
20231117,180000,7220.5,7228.5,7214,7228.5,72166,0
20231117,190000,7234,7234,7207,7224.5,22062,0
20231117,200000,7224.5,7225,7208.5,7210.5,11532,0
20231117,210000,7210.5,7214,7209,7213,5364,0
20231117,220000,7214,7222,7213,7219,8727,0
20231117,230000,7219,7226.5,7216,7225.5,12828,0
20231120,100000,7225.5,7226,7181.5,7201.5,148413,0
20231120,110000,7203,7210,7170.5,7199.5,54927,0
20231120,120000,7197.5,7209,7182,7187,33733,0
20231120,130000,7187,7188,7161,7180.5,46278,0
20231120,140000,7180,7200,7175,7185.5,24869,0
20231120,150000,7185.5,7198,7182,7188.5,18935,0
20231120,160000,7188,7197,7184.5,7185,17825,0
20231120,170000,7186,7196.5,7180,7194,21705,0
20231120,180000,7194.5,7211,7187,7211,26853,0
20231120,190000,7195.5,7209,7195,7199,9152,0
20231120,200000,7199,7200,7188,7191,8057,0
20231120,210000,7191,7198,7187.5,7195.5,4185,0
20231120,220000,7197,7197,7190.5,7195,2639,0
20231120,230000,7194.5,7197,7188,7194.5,4590,0
20231121,100000,7180.5,7190,7163,7172.5,57359,0
20231121,110000,7174,7177.5,7165,7172.5,40314,0
20231121,120000,7172.5,7184,7151,7155,58852,0
20231121,130000,7156.5,7160,7137.5,7150,61016,0
20231121,140000,7152.5,7160,7145.5,7152.5,33775,0
20231121,150000,7153.5,7168.5,7150,7168.5,40962,0
20231121,160000,7168.5,7174,7160,7173.5,32474,0
20231121,170000,7173.5,7200,7173,7195.5,59943,0
20231121,180000,7195.5,7216,7195,7200,42847,0
20231121,190000,7200,7207,7177.5,7190,12435,0
20231121,200000,7189.5,7200,7189.5,7198.5,11689,0
20231121,210000,7198.5,7208.5,7196,7208.5,7166,0
20231121,220000,7208.5,7209.5,7192,7200,8123,0
20231121,230000,7199.5,7210,7193,7209,14525,0
20231122,100000,7211.5,7289.5,7207,7273.5,145200,0
20231122,110000,7274,7278,7243.5,7278,76246,0
20231122,120000,7278,7296,7277,7292,64740,0
20231122,130000,7292,7295,7270.5,7293.5,42875,0
20231122,140000,7294,7294.5,7284.5,7290,31490,0
20231122,150000,7290,7296,7256,7267,68784,0
20231122,160000,7267,7275,7240,7267,85385,0
20231122,170000,7265,7278.5,7260,7278,26455,0
20231122,180000,7278.5,7295,7273,7290,53175,0
20231122,190000,7290,7292,7270,7280.5,20219,0
20231122,200000,7279,7294,7276,7286.5,12813,0
20231122,210000,7286.5,7289.5,7277.5,7284.5,9667,0
20231122,220000,7284.5,7299,7283,7296.5,27779,0
20231122,230000,7297.5,7299,7291.5,7299,12188,0
20231123,100000,7302,7330,7289.5,7295.5,91804,0
20231123,110000,7295.5,7310,7285,7303,35488,0
20231123,120000,7302.5,7305,7280,7289,49399,0
20231123,130000,7289,7291,7265.5,7276,43765,0
20231123,140000,7277,7277,7257,7260,43885,0
20231123,150000,7260,7275,7251.5,7273,34235,0
20231123,160000,7273,7292.5,7270,7277.5,26914,0
20231123,170000,7278,7285,7261.5,7263,14802,0
20231123,180000,7262.5,7275,7262.5,7266,9877,0
20231123,190000,7266,7280,7260.5,7262.5,8969,0
20231123,200000,7261.5,7267.5,7254,7261.5,14351,0
20231123,210000,7262,7277.5,7261,7269.5,7194,0
20231123,220000,7270,7272.5,7261,7264.5,4287,0
20231123,230000,7263.5,7268,7257.5,7258,5213,0
20231124,100000,7270,7307.5,7265.5,7303.5,88436,0
20231124,110000,7303.5,7320,7292,7308.5,59082,0
20231124,120000,7309,7315,7286,7297,48405,0
20231124,130000,7296.5,7300,7291,7298,25311,0
20231124,140000,7299,7303,7290,7290,25819,0
20231124,150000,7290,7295.5,7255,7263.5,57512,0
20231124,160000,7263.5,7289.5,7263.5,7277.5,15323,0
20231124,170000,7277.5,7298,7270.5,7291.5,22464,0
20231124,180000,7293.5,7303,7291,7295,31160,0
20231124,190000,7286,7299.5,7285,7286,9890,0
20231124,200000,7285.5,7298,7285.5,7298,7424,0
20231124,210000,7297.5,7298.5,7288.5,7288.5,5369,0
20231124,220000,7289,7294,7279.5,7280,9198,0
20231124,230000,7280,7296,7270,7295,12892,0
20231127,100000,7301.5,7345,7295,7324.5,117957,0
20231127,110000,7324.5,7329,7311,7318.5,54571,0
20231127,120000,7318.5,7320,7300.5,7305.5,32119,0
20231127,130000,7305.5,7306,7276,7293.5,39213,0
20231127,140000,7293.5,7296,7272.5,7289,25976,0
20231127,150000,7289,7289.5,7269,7269.5,32236,0
20231127,160000,7270,7275,7256,7259.5,63333,0
20231127,170000,7259.5,7260,7215,7240,120914,0
20231127,180000,7240,7256.5,7212,7235.5,68790,0
20231127,190000,7239.5,7239.5,7215.5,7229.5,19639,0
20231127,200000,7229.5,7248,7228,7232,9747,0
20231127,210000,7231.5,7238,7227,7237.5,5184,0
20231127,220000,7237.5,7239,7230,7234.5,4228,0
20231127,230000,7234.5,7234.5,7213,7222.5,11888,0
20231128,100000,7223.5,7240,7161,7192.5,119125,0
20231128,110000,7192.5,7207,7182,7195,42784,0
20231128,120000,7195,7220,7190.5,7219,26406,0
20231128,130000,7219,7220,7195.5,7206,30778,0
20231128,140000,7205.5,7205.5,7184.5,7185.5,27625,0
20231128,150000,7187,7200,7186,7190.5,22185,0
20231128,160000,7190,7212.5,7190,7206.5,26800,0
20231128,170000,7207,7223.5,7206.5,7223.5,30878,0
20231128,180000,7224,7239,7216,7216,35728,0
20231128,190000,7221.5,7245.5,7221.5,7234.5,15719,0
20231128,200000,7230.5,7239.5,7230.5,7232,5301,0
20231128,210000,7232.5,7238,7219.5,7223,7732,0
20231128,220000,7224.5,7238,7223,7233,4151,0
20231128,230000,7232.5,7241,7230.5,7238,5979,0
20231129,100000,7228,7238,7195,7199.5,51359,0
20231129,110000,7199.5,7210.5,7190,7202,41964,0
20231129,120000,7202,7204.5,7186,7186.5,35974,0
20231129,130000,7186.5,7205,7186,7197.5,21730,0
20231129,140000,7197.5,7205,7193,7205,20056,0
20231129,150000,7205,7218,7200.5,7218,24641,0
20231129,160000,7217.5,7225,7215,7216,15596,0
20231129,170000,7216,7218,7208,7210,20123,0
20231129,180000,7211.5,7212,7187,7187,31246,0
20231129,190000,7197,7211,7189.5,7198,8075,0
20231129,200000,7198,7198,7190.5,7195.5,5777,0
20231129,210000,7195.5,7200,7190.5,7199,6636,0
20231129,220000,7199,7217,7195,7214,13602,0
20231129,230000,7213.5,7214,7200,7202,5591,0
20231130,100000,7206,7219.5,7180,7190.5,44845,0
20231130,110000,7190.5,7204,7170,7199,58577,0
20231130,120000,7198,7215,7192.5,7214.5,35248,0
20231130,130000,7214.5,7285.5,7206,7274.5,129911,0
20231130,140000,7274.5,7276,7253,7260.5,43662,0
20231130,150000,7260.5,7272,7259,7266.5,29850,0
20231130,160000,7266.5,7266.5,7226,7233,47956,0
20231130,170000,7232.5,7280,7230,7263.5,62115,0
20231130,180000,7263.5,7281.5,7261.5,7275,62322,0
20231130,190000,7250,7275,7236.5,7246,36524,0
20231130,200000,7245,7253,7240,7247,7612,0
20231130,210000,7248.5,7264,7248,7253,14567,0
20231130,220000,7252.5,7254.5,7243,7245,5527,0
20231130,230000,7245,7251.5,7221,7239,29941,0
20231201,100000,7239,7249,7204,7234,45590,0
20231201,110000,7233.5,7272.5,7225.5,7252,60314,0
20231201,120000,7250.5,7257.5,7239,7243,37941,0
20231201,130000,7243,7248.5,7221.5,7222,31941,0
20231201,140000,7221.5,7234.5,7216,7217.5,34061,0
20231201,150000,7217.5,7232.5,7195,7198,54640,0
20231201,160000,7198.5,7209.5,7191.5,7209,30995,0
20231201,170000,7209,7209.5,7187,7188,35255,0
20231201,180000,7188,7209.5,7185.5,7209.5,22132,0
20231201,190000,7208,7208,7162.5,7180,32403,0
20231201,200000,7180,7200,7176.5,7186,10947,0
20231201,210000,7186,7199.5,7181.5,7182.5,10982,0
20231201,220000,7183,7250,7166,7171.5,67942,0
20231201,230000,7171,7185,7166.5,7175.5,15360,0
20231204,100000,7169,7199.5,7120,7190,161740,0
20231204,110000,7190,7194.5,7151.5,7169,54096,0
20231204,120000,7169,7173,7150,7166.5,34938,0
20231204,130000,7166.5,7178.5,7160,7166,23093,0
20231204,140000,7169,7180.5,7161,7174.5,14402,0
20231204,150000,7174.5,7175,7110.5,7150.5,154395,0
20231204,160000,7150,7162,7128.5,7146.5,51160,0
20231204,170000,7146.5,7149.5,7125.5,7148,45415,0
20231204,180000,7148,7157.5,7133,7150.5,37604,0
20231204,190000,7141,7154.5,7128.5,7136,27795,0
20231204,200000,7135.5,7139.5,7120,7137,37588,0
20231204,210000,7137,7137.5,7131,7137,12330,0
20231204,220000,7137,7137.5,7130,7132.5,3238,0
20231204,230000,7133,7137.5,7131,7132.5,7562,0
20231205,100000,7137,7190,7137,7184,83664,0
20231205,110000,7183.5,7215,7144.5,7185,115005,0
20231205,120000,7185,7200,7165,7173.5,36485,0
20231205,130000,7173,7202,7170.5,7199.5,32657,0
20231205,140000,7199,7222,7199,7222,38765,0
20231205,150000,7221.5,7222,7195,7209,27077,0
20231205,160000,7209,7220,7183,7213.5,29052,0
20231205,170000,7214,7245,7200,7236,104602,0
20231205,180000,7235.5,7239,7214.5,7223.5,24563,0
20231205,190000,7240,7242,7216.5,7231.5,14218,0
20231205,200000,7232,7240,7221,7230,18284,0
20231205,210000,7230,7240,7223,7239.5,8485,0
20231205,220000,7239,7239.5,7231.5,7238,8520,0
20231205,230000,7238,7250,7236,7248.5,14419,0
20231206,100000,7265.5,7275,7211,7211,110473,0
20231206,110000,7211,7232,7200,7206,50574,0
20231206,120000,7205.5,7208,7151.5,7181,70620,0
20231206,130000,7181,7197.5,7145,7179.5,67372,0
20231206,140000,7179,7179,7162.5,7172,28190,0
20231206,150000,7170.5,7175,7150.5,7161.5,28076,0
20231206,160000,7162,7171,7135.5,7143,45910,0
20231206,170000,7143,7147,7130,7138.5,48569,0
20231206,180000,7138.5,7145.5,7131,7131,32565,0
20231206,190000,7131,7138,7051.5,7095,104155,0
20231206,200000,7098,7129.5,7098,7128,23722,0
20231206,210000,7127,7149.5,7125,7148,21578,0
20231206,220000,7147.5,7148,7131.5,7141,7329,0
20231206,230000,7141,7147,7130,7138,8589,0
20231207,100000,7145,7173,7120.5,7124,64744,0
20231207,110000,7124,7129.5,7089.5,7119,76275,0
20231207,120000,7118.5,7122.5,7091,7096,45915,0
20231207,130000,7096,7118.5,7092,7103.5,43536,0
20231207,140000,7105,7105,7071,7076.5,63128,0
20231207,150000,7077.5,7107,7075,7096,34280,0
20231207,160000,7096,7124.5,7085,7101.5,55248,0
20231207,170000,7101,7105,7090,7096,24200,0
20231207,180000,7096,7107,7085,7085,30061,0
20231207,190000,7085,7094.5,7075,7082,18159,0
20231207,200000,7081.5,7094.5,7078.5,7084.5,5301,0
20231207,210000,7085,7100,7085,7097,7035,0
20231207,220000,7097,7097,7087,7093,3830,0
20231207,230000,7092,7095.5,7087,7092,4987,0
20231208,100000,7115,7164,7092,7145,107849,0
20231208,110000,7145,7173,7145,7150,51088,0
20231208,120000,7150,7155.5,7135,7151.5,23048,0
20231208,130000,7151,7160,7139,7148,27828,0
20231208,140000,7147.5,7157,7139,7139,24596,0
20231208,150000,7139,7145,7120.5,7135.5,37837,0
20231208,160000,7135.5,7142,7122.5,7124,31044,0
20231208,170000,7123.5,7144.5,7122.5,7133,18840,0
20231208,180000,7132.5,7144,7125,7144,22659,0
20231208,190000,7144,7151,7137.5,7151,12987,0
20231208,200000,7151.5,7168,7151.5,7163,19566,0
20231208,210000,7163.5,7164,7130,7144.5,20576,0
20231208,220000,7144.5,7156.5,7130,7137,19511,0
20231208,230000,7138,7145.5,7138,7140,7340,0
20231211,100000,7182.5,7189,7133,7166,89783,0
20231211,110000,7165,7165,7135,7142.5,66097,0
20231211,120000,7143.5,7155,7116,7133,56707,0
20231211,130000,7133,7133,7101.5,7107,33505,0
20231211,140000,7108,7119.5,7083.5,7088.5,60507,0
20231211,150000,7088.5,7095.5,7032.5,7043,95525,0
20231211,160000,7043,7058,6950,6982,303113,0
20231211,170000,6981.5,7015,6974.5,6982,104472,0
20231211,180000,6981.5,6985,6959,6985,46986,0
20231211,190000,6984.5,7000,6929,6997.5,85920,0
20231211,200000,6997.5,7020,6991,7014.5,35697,0
20231211,210000,7014,7014.5,6984.5,6994.5,16475,0
20231211,220000,6997,6997.5,6964,6989.5,18356,0
20231211,230000,6989.5,6994.5,6967.5,6977,10759,0
20231212,100000,7006,7033,6941,6966,156497,0
20231212,110000,6965,6965,6813,6871.5,367265,0
20231212,120000,6871.5,6909,6869.5,6881,97884,0
20231212,130000,6880.5,6954,6880,6948,118418,0
20231212,140000,6947,7014,6945.5,7005,125412,0
20231212,150000,7005.5,7072.5,6998,7069.5,117717,0
20231212,160000,7069.5,7075,7022.5,7040.5,102109,0
20231212,170000,7040,7065,7000,7059,91129,0
20231212,180000,7057,7100,7002.5,7002.5,107405,0
20231212,190000,7004,7021,6985.5,7011.5,46502,0
20231212,200000,7010,7012.5,6971.5,7000,29320,0
20231212,210000,7000,7020,6990,7002.5,18741,0
20231212,220000,7003,7020,7000,7012.5,12834,0
20231212,230000,7012.5,7016.5,7001,7014.5,9299,0
20231213,100000,7000.5,7000.5,6914,6957.5,140895,0
20231213,110000,6957,7005,6957,7000.5,47664,0
20231213,120000,7001,7050,7000.5,7023,74366,0
20231213,130000,7023,7035,7011,7026,37812,0
20231213,140000,7026.5,7049.5,7024,7048,36878,0
20231213,150000,7047.5,7062.5,7031.5,7037,56320,0
20231213,160000,7037.5,7045,7023.5,7027.5,37519,0
20231213,170000,7027.5,7049,7020,7049,38506,0
20231213,180000,7049,7050,7034,7042,24405,0
20231213,190000,7042,7042,7026.5,7031,12390,0
20231213,200000,7031.5,7040,7030,7036,13836,0
20231213,210000,7036,7049.5,7030,7045.5,12595,0
20231213,220000,7047.5,7049.5,7018,7025,24371,0
20231213,230000,7025,7043.5,7018.5,7043.5,12858,0
20231214,100000,7040,7084.5,7020,7054,100558,0
20231214,110000,7054,7054,7026,7047.5,69824,0
20231214,120000,7048,7053.5,7035.5,7041,39568,0
20231214,130000,7040.5,7050,7037.5,7038.5,40437,0
20231214,140000,7039,7040,6991,7002.5,79977,0
20231214,150000,7003,7005,6961,6975,79723,0
20231214,160000,6976,6976,6900.5,6927,156058,0
20231214,170000,6926.5,6944,6875.5,6935,174727,0
20231214,180000,6935.5,6948.5,6902,6914.5,94334,0
20231214,190000,6914,6925,6880.5,6906,75184,0
20231214,200000,6906,6910,6865,6875,65258,0
20231214,210000,6875,6885.5,6850.5,6878,78382,0
20231214,220000,6879,6890,6855,6889,61712,0
20231214,230000,6889,6891,6851.5,6860,103001,0
20231215,100000,6397.5,6479,6388,6438.5,696034,0
20231215,110000,6439,6455,6403.5,6420.5,202725,0
20231215,120000,6420,6430,6381,6407,182073,0
20231215,130000,6406,6455,6386,6427.5,267186,0
20231215,140000,6428,6473,6417.5,6445,191591,0
20231215,150000,6445,6494,6443.5,6478,151935,0
20231215,160000,6476.5,6531.5,6476,6529.5,169381,0
20231215,170000,6531.5,6549,6520,6542,140472,0
20231215,180000,6541,6550,6504.5,6550,99801,0
20231215,190000,6548.5,6600,6539,6591,91038,0
20231215,200000,6592.5,6632,6582,6611,92547,0
20231215,210000,6611.5,6615,6582,6582.5,40207,0
20231215,220000,6582,6585,6560,6576.5,29260,0
20231215,230000,6576.5,6585,6559,6560,24489,0
20231218,100000,6580.5,6595,6526,6549.5,221171,0
20231218,110000,6550,6605.5,6540,6604.5,123983,0
20231218,120000,6604.5,6618.5,6575,6602,103106,0
20231218,130000,6601.5,6610,6585,6605,60340,0
20231218,140000,6605,6695,6598.5,6680,154469,0
20231218,150000,6680,6690.5,6669,6682.5,72190,0
20231218,160000,6683,6684,6655,6679.5,78070,0
20231218,170000,6679,6739.5,6658,6736,149270,0
20231218,180000,6735.5,6761.5,6702,6702,165864,0
20231218,190000,6709.5,6745.5,6701,6714,54354,0
20231218,200000,6714,6723,6701,6723,20507,0
20231218,210000,6723,6743.5,6705,6742.5,26275,0
20231218,220000,6742,6745,6727.5,6730,17798,0
20231218,230000,6727.5,6737.5,6720,6723.5,14155,0
20231219,100000,6731,6771,6691,6702,189904,0
20231219,110000,6702,6750,6690,6745,82628,0
20231219,120000,6747,6747,6706.5,6715,54734,0
20231219,130000,6715,6739,6690,6736.5,98512,0
20231219,140000,6736.5,6738,6699.5,6712.5,52288,0
20231219,150000,6714,6729.5,6693,6701,38964,0
20231219,160000,6700.5,6719,6696,6710,34012,0
20231219,170000,6710.5,6718,6697.5,6718,39084,0
20231219,180000,6718,6720,6697.5,6697.5,32154,0
20231219,190000,6698,6733,6698,6717,26891,0
20231219,200000,6717.5,6720,6709,6713,6832,0
20231219,210000,6711.5,6717.5,6706,6715,6121,0
20231219,220000,6714.5,6721.5,6705,6706.5,7430,0
20231219,230000,6707,6716,6705,6709,8055,0
20231220,100000,6710,6757.5,6696,6743.5,121540,0
20231220,110000,6743.5,6765,6738.5,6749,102310,0
20231220,120000,6749,6765,6742,6763,54946,0
20231220,130000,6762.5,6799,6761.5,6797,111600,0
20231220,140000,6797.5,6815,6766.5,6806.5,71677,0
20231220,150000,6806.5,6849,6806,6817.5,85332,0
20231220,160000,6817.5,6830,6802.5,6824,49214,0
20231220,170000,6825.5,6828,6791,6798,79761,0
20231220,180000,6798,6798,6768.5,6779,57827,0
20231220,190000,6784.5,6794,6707,6736,141098,0
20231220,200000,6735.5,6770,6725.5,6731,52219,0
20231220,210000,6731,6743,6720,6736,27875,0
20231220,220000,6736,6746.5,6735,6740,12001,0
20231220,230000,6738,6747.5,6730,6735,11230,0
20231221,100000,6729,6774,6710,6736.5,130679,0
20231221,110000,6735.5,6749.5,6717,6724,61926,0
20231221,120000,6725,6745,6711.5,6725.5,62976,0
20231221,130000,6725,6735.5,6715,6717,54128,0
20231221,140000,6718,6739,6678,6714.5,144293,0
20231221,150000,6715,6715,6633.5,6660,234446,0
20231221,160000,6660,6683.5,6650,6655.5,99174,0
20231221,170000,6656,6684.5,6644.5,6682.5,86203,0
20231221,180000,6682,6734.5,6682,6712.5,116600,0
20231221,190000,6710,6725,6702.5,6712.5,19785,0
20231221,200000,6712,6720,6707,6719.5,7323,0
20231221,210000,6718,6720,6714,6714.5,4196,0
20231221,220000,6714,6718.5,6708,6710.5,6163,0
20231221,230000,6712,6714.5,6702,6702,6438,0
20231222,100000,6711.5,6761.5,6708.5,6756.5,103214,0
20231222,110000,6752.5,6764,6741,6764,47767,0
20231222,120000,6763.5,6795,6752,6772,97525,0
20231222,130000,6771,6784,6752,6777.5,34801,0
20231222,140000,6777.5,6784,6750,6769,62276,0
20231222,150000,6769,6778.5,6741,6748,54330,0
20231222,160000,6748,6767.5,6747,6759.5,32892,0
20231222,170000,6759.5,6761,6745.5,6757,27946,0
20231222,180000,6757.5,6759,6739,6739,23825,0
20231222,190000,6739,6753.5,6739,6741.5,7908,0
20231222,200000,6741,6746.5,6740,6742,3747,0
20231222,210000,6742,6743,6723.5,6727,24347,0
20231222,220000,6726.5,6731.5,6723,6731,7460,0
20231222,230000,6731.5,6743,6729,6732.5,14115,0
20231225,100000,6748,6784,6743.5,6770,76669,0
20231225,110000,6770.5,6773.5,6754.5,6768,29586,0
20231225,120000,6767.5,6781,6758.5,6780,37423,0
20231225,130000,6780,6780.5,6762,6764,22336,0
20231225,140000,6766.5,6771,6740,6741,31663,0
20231225,150000,6741,6760,6730,6731.5,47147,0
20231225,160000,6732,6746,6731,6742.5,21051,0
20231225,170000,6742.5,6759,6736,6742,26257,0
20231225,180000,6741.5,6760,6733,6760,31417,0
20231225,190000,6760,6767.5,6740,6754,13472,0
20231225,200000,6754,6754,6737.5,6745,8825,0
20231225,210000,6745,6747,6740,6741,3562,0
20231225,220000,6740.5,6748,6740,6747,2858,0
20231225,230000,6747,6750,6742.5,6744,6699,0
20231226,100000,6749,6756.5,6734,6742,35766,0
20231226,110000,6743,6746,6721.5,6735,44840,0
20231226,120000,6736,6742.5,6723,6724,29555,0
20231226,130000,6724,6731.5,6720.5,6729,21497,0
20231226,140000,6730,6733,6720,6731.5,44932,0
20231226,150000,6731.5,6750,6725,6749.5,50432,0
20231226,160000,6749.5,6770.5,6742.5,6760.5,74485,0
20231226,170000,6760.5,6769,6757.5,6768,35942,0
20231226,180000,6768,6768,6745,6745,26324,0
20231226,190000,6747.5,6760,6747.5,6759.5,10849,0
20231226,200000,6760,6768,6759.5,6762,16030,0
20231226,210000,6762,6764,6756,6763.5,12396,0
20231226,220000,6763.5,6770,6755.5,6770,12420,0
20231226,230000,6770,6771,6763,6771,14695,0
20231227,100000,6773.5,6819,6772,6817,104770,0
20231227,110000,6816.5,6817,6792.5,6814,66634,0
20231227,120000,6814.5,6827,6808.5,6820,46670,0
20231227,130000,6820,6820,6809,6813.5,34219,0
20231227,140000,6815.5,6834.5,6814,6832,34362,0
20231227,150000,6832,6840,6825.5,6829.5,24422,0
20231227,160000,6829.5,6830,6806,6821,31892,0
20231227,170000,6820.5,6829.5,6790,6794,51386,0
20231227,180000,6794,6795,6775.5,6775.5,33509,0
20231227,190000,6777,6801.5,6777,6789,16241,0
20231227,200000,6788.5,6793,6785,6790,6232,0
20231227,210000,6791,6794,6776.5,6780,8215,0
20231227,220000,6779.5,6792,6777.5,6785,10941,0
20231227,230000,6788.5,6789.5,6761,6768,27011,0
20231228,100000,6767.5,6773,6731,6757,72758,0
20231228,110000,6757.5,6775,6747.5,6761,47085,0
20231228,120000,6762.5,6773.5,6746,6755.5,27548,0
20231228,130000,6754,6759,6748,6754.5,21179,0
20231228,140000,6754,6759.5,6738,6746,31522,0
20231228,150000,6745,6750,6740.5,6744,17749,0
20231228,160000,6744.5,6750,6725.5,6745,54089,0
20231228,170000,6745.5,6762,6744,6757.5,43055,0
20231228,180000,6757.5,6802.5,6747.5,6785,67265,0
20231228,190000,6784,6795,6760.5,6769,23820,0
20231228,200000,6769,6779.5,6762,6774,7458,0
20231228,210000,6774,6775,6752,6759.5,10541,0
20231228,220000,6759,6761.5,6752.5,6760,7032,0
20231228,230000,6760,6773.5,6760,6767,8940,0
20231229,100000,6773,6778.5,6740.5,6748,34016,0
20231229,110000,6746.5,6754.5,6746,6750,27763,0
20231229,120000,6749.5,6767,6749,6761,25548,0
20231229,130000,6761,6770,6760,6767,24647,0
20231229,140000,6765.5,6768,6760,6761,17902,0
20231229,150000,6760,6765,6746.5,6750.5,33819,0
20231229,160000,6751,6753.5,6746,6748.5,17906,0
20231229,170000,6748,6753,6745,6752.5,23238,0
20231229,180000,6750,6768,6746,6768,25373,0
20231229,190000,6768,6768,6750,6757.5,6637,0
20231229,200000,6757.5,6758.5,6745,6758,9030,0
20231229,210000,6756,6762.5,6755.5,6758.5,7485,0
20231229,220000,6758.5,6758.5,6745.5,6749.5,9108,0
20231229,230000,6749.5,6753,6729,6739,16726,0
20240103,100000,6770,6770,6745.5,6762.5,29933,0
20240103,110000,6761,6770,6756.5,6764.5,30119,0
20240103,120000,6764.5,6770,6757,6770,20758,0
20240103,130000,6770,6776.5,6763,6775,14588,0
20240103,140000,6775,6784,6770.5,6778,16693,0
20240103,150000,6777.5,6790,6777.5,6789.5,10726,0
20240103,160000,6789.5,6805,6780.5,6787,24015,0
20240103,170000,6787,6799.5,6787,6798,8588,0
20240103,180000,6798,6802.5,6789,6802,12324,0
20240103,190000,6799.5,6803,6791,6795.5,5359,0
20240103,200000,6795.5,6799.5,6789,6789.5,7539,0
20240103,210000,6790,6799,6788.5,6798,4878,0
20240103,220000,6797,6802,6795.5,6801.5,7155,0
20240103,230000,6801,6805,6799,6803.5,7432,0
20240104,100000,6805,6811.5,6783,6788,41772,0
20240104,110000,6788,6788,6780.5,6784.5,20883,0
20240104,120000,6785,6797.5,6782,6787,16268,0
20240104,130000,6787,6790,6783.5,6787,6940,0
20240104,140000,6786.5,6793.5,6784,6789,11493,0
20240104,150000,6789,6791,6781,6782.5,8939,0
20240104,160000,6782.5,6785,6775,6778,17301,0
20240104,170000,6778.5,6787,6775,6777,11637,0
20240104,180000,6777.5,6784.5,6775,6784.5,8274,0
20240104,190000,6784,6784,6774,6776,8832,0
20240104,200000,6774.5,6779,6774.5,6776,4246,0
20240104,210000,6776,6783,6763.5,6777.5,14150,0
20240104,220000,6779,6781,6775.5,6777,3664,0
20240104,230000,6777,6779,6765.5,6771,8775,0
20240105,100000,6771.5,6794.5,6771.5,6789.5,23625,0
20240105,110000,6789,6792,6780,6785.5,16129,0
20240105,120000,6785.5,6787,6777.5,6784,7033,0
20240105,130000,6784.5,6787,6779.5,6780.5,5093,0
20240105,140000,6780,6782.5,6775,6776,8118,0
20240105,150000,6776.5,6778.5,6775,6777,5155,0
20240105,160000,6777,6778,6775,6777,4082,0
20240105,170000,6776.5,6779.5,6775,6778,5241,0
20240105,180000,6777.5,6781.5,6775.5,6781.5,5354,0
20240105,190000,6781.5,6782,6775,6775,2703,0
20240105,200000,6775.5,6778,6773,6775,5928,0
20240105,210000,6774.5,6779.5,6770.5,6776,3954,0
20240105,220000,6776,6777.5,6772,6772,2735,0
20240105,230000,6772.5,6782,6771.5,6780,12336,0
20240108,100000,6783.5,6792,6771.5,6784,26438,0
20240108,110000,6783.5,6800,6783,6798.5,27509,0
20240108,120000,6798.5,6804.5,6790.5,6802,20459,0
20240108,130000,6802,6802,6793,6797,12961,0
20240108,140000,6797,6799.5,6781,6793,15164,0
20240108,150000,6792.5,6795,6782.5,6788.5,8278,0
20240108,160000,6788.5,6790,6780.5,6784.5,9842,0
20240108,170000,6783.5,6784.5,6756,6768,40890,0
20240108,180000,6768.5,6789,6765,6789,23148,0
20240108,190000,6780,6785.5,6768,6770,8181,0
20240108,200000,6770,6774.5,6769.5,6772.5,5923,0
20240108,210000,6774,6778,6771,6775,4126,0
20240108,220000,6774.5,6774.5,6768,6770,6791,0
20240108,230000,6769.5,6774.5,6765,6766.5,5157,0
20240109,100000,6780,6793.5,6750.5,6790,58241,0
20240109,110000,6790.5,6865,6786,6843.5,175120,0
20240109,120000,6844,6855,6822,6831.5,47222,0
20240109,130000,6831.5,6852,6826.5,6827.5,50641,0
20240109,140000,6827.5,6838.5,6812.5,6827,35419,0
20240109,150000,6827,6833.5,6810,6827.5,35014,0
20240109,160000,6827.5,6860.5,6823.5,6860.5,56445,0
20240109,170000,6860.5,6898,6852,6898,129086,0
20240109,180000,6898,6942,6897,6911.5,156594,0
20240109,190000,6916.5,6939.5,6905,6915.5,45647,0
20240109,200000,6913.5,6930.5,6909.5,6925.5,17186,0
20240109,210000,6925.5,6926,6912,6918,10934,0
20240109,220000,6918.5,6921.5,6910,6911,10088,0
20240109,230000,6910.5,6934.5,6910,6931,18514,0
20240110,100000,6933.5,6997,6923,6996,184469,0
20240110,110000,6996,7023,6990,7016.5,134412,0
20240110,120000,7016,7021.5,7001.5,7005.5,56725,0
20240110,130000,7005.5,7005.5,6983,6986,67585,0
20240110,140000,6985,7000,6983.5,6999,33041,0
20240110,150000,6999.5,7013,6990,6996,31215,0
20240110,160000,6997,7002.5,6987,6999,28787,0
20240110,170000,6999.5,7000.5,6988,6991.5,29928,0
20240110,180000,6991.5,6991.5,6953,6953,63181,0
20240110,190000,6959,6969.5,6937.5,6963.5,43019,0
20240110,200000,6961.5,6963.5,6941,6947.5,14205,0
20240110,210000,6945.5,6960,6941,6960,12311,0
20240110,220000,6959.5,6960,6952,6958,5746,0
20240110,230000,6958,6964,6954.5,6957,7013,0
20240111,100000,6965,6995,6930.5,6938.5,68671,0
20240111,110000,6938,6960,6933,6960,41794,0
20240111,120000,6960,6993,6959,6976.5,49671,0
20240111,130000,6977,6985,6964,6964.5,49292,0
20240111,140000,6965,6986,6965,6967.5,23637,0
20240111,150000,6968.5,6974,6950.5,6952,27031,0
20240111,160000,6952,6967,6940.5,6954.5,36753,0
20240111,170000,6954.5,6954.5,6941,6946.5,37353,0
20240111,180000,6946.5,6990,6946.5,6990,46787,0
20240111,190000,6983,6986.5,6970,6977,20454,0
20240111,200000,6976.5,6976.5,6961,6970,8090,0
20240111,210000,6970,6975,6969,6973.5,4816,0
20240111,220000,6972.5,6974,6966,6969,2745,0
20240111,230000,6969.5,6979,6967,6972.5,5618,0
20240112,100000,7005.5,7011,6975,6990,94359,0
20240112,110000,6990.5,7000,6984.5,6992,29735,0
20240112,120000,6992,6995,6984,6992,17295,0
20240112,130000,6992.5,7002,6990.5,7001,41485,0
20240112,140000,7001.5,7002,6995,7000,33268,0
20240112,150000,7000,7009.5,6995,6997,42258,0
20240112,160000,6997.5,7000,6987,6990.5,34417,0
20240112,170000,6991.5,6994.5,6984,6984,38130,0
20240112,180000,6984.5,6987,6962,6962,32981,0
20240112,190000,6964,6978,6962,6978,14773,0
20240112,200000,6978,6983,6971,6974,9915,0
20240112,210000,6974,6976,6963.5,6968,5736,0
20240112,220000,6968,6969.5,6963.5,6967,3975,0
20240112,230000,6967,6970,6962.5,6965,6395,0
20240115,100000,6950,6968.5,6922,6938.5,100708,0
20240115,110000,6938,6943,6911,6941,57525,0
20240115,120000,6941,6941,6922,6926,46919,0
20240115,130000,6926.5,6933,6888.5,6898.5,68635,0
20240115,140000,6897,6919.5,6895,6910.5,41258,0
20240115,150000,6910.5,6920,6904.5,6908.5,30921,0
20240115,160000,6906.5,6913.5,6903,6904.5,24296,0
20240115,170000,6906,6909,6876,6880.5,72887,0
20240115,180000,6880.5,6890,6874,6890,65093,0
20240115,190000,6880,6900,6880,6896,19189,0
20240115,200000,6896,6896.5,6881,6883.5,15707,0
20240115,210000,6883,6896,6882,6888.5,8636,0
20240115,220000,6888.5,6890,6882,6885,8749,0
20240115,230000,6884.5,6891.5,6883.5,6889.5,6871,0
20240116,100000,6884,6885.5,6826,6843,144917,0
20240116,110000,6843,6853.5,6832,6851,31095,0
20240116,120000,6851,6854,6840.5,6844,21325,0
20240116,130000,6844.5,6874.5,6840.5,6864.5,44803,0
20240116,140000,6864.5,6870,6855,6860.5,27628,0
20240116,150000,6862.5,6880,6858,6858,37436,0
20240116,160000,6858,6859,6835,6838.5,39709,0
20240116,170000,6840,6868,6826.5,6863,61562,0
20240116,180000,6863.5,6864,6841,6862.5,27383,0
20240116,190000,6858,6866.5,6857,6860,15964,0
20240116,200000,6860.5,6861,6845,6847.5,5493,0
20240116,210000,6848,6853,6846,6849.5,3809,0
20240116,220000,6848.5,6857,6847,6855,2617,0
20240116,230000,6856,6857,6850.5,6857,4030,0
20240117,100000,6859,6875,6830,6863,58005,0
20240117,110000,6863.5,6888.5,6861.5,6886.5,33654,0
20240117,120000,6886.5,6889,6851,6859.5,35227,0
20240117,130000,6859,6871,6855.5,6858,16143,0
20240117,140000,6858,6871.5,6855,6871.5,20110,0
20240117,150000,6870.5,6871,6860.5,6861.5,19196,0
20240117,160000,6861,6862,6853,6858,18307,0
20240117,170000,6858,6866.5,6853,6866.5,21741,0
20240117,180000,6866,6888.5,6865,6888.5,30062,0
20240117,190000,6884,6905.5,6878,6901.5,20479,0
20240117,200000,6901.5,6905.5,6886,6896.5,10652,0
20240117,210000,6897,6898.5,6891,6896.5,3176,0
20240117,220000,6896.5,6913,6893,6913,11343,0
20240117,230000,6912.5,6919.5,6910,6910,6951,0
20240118,100000,6921.5,6930,6891.5,6898.5,41454,0
20240118,110000,6898,6915,6896,6907.5,35327,0
20240118,120000,6908,6910,6895,6895,17394,0
20240118,130000,6895.5,6908,6890,6902.5,19168,0
20240118,140000,6903,6905,6868,6872.5,31072,0
20240118,150000,6873,6882.5,6860.5,6871.5,32271,0
20240118,160000,6871.5,6873.5,6855,6866,33716,0
20240118,170000,6866,6879.5,6857,6865,22747,0
20240118,180000,6866.5,6876.5,6860,6860,7930,0
20240118,190000,6865,6868,6846,6854,18426,0
20240118,200000,6853.5,6865,6853,6856,9048,0
20240118,210000,6856,6856.5,6854,6855.5,3235,0
20240118,220000,6856,6856,6854,6856,4595,0
20240118,230000,6856,6862,6855.5,6857.5,2670,0
20240119,100000,6860,6883,6800.5,6830,96222,0
20240119,110000,6829.5,6844.5,6822,6841,30351,0
20240119,120000,6840.5,6860,6831,6858.5,24169,0
20240119,130000,6858.5,6862,6842,6848,21146,0
20240119,140000,6847.5,6850,6835.5,6844.5,22407,0
20240119,150000,6843.5,6852,6843.5,6850,18033,0
20240119,160000,6849.5,6860,6822.5,6847,48313,0
20240119,170000,6846.5,6857.5,6841,6856,25569,0
20240119,180000,6856,6865,6849.5,6865,27480,0
20240119,190000,6864,6865,6852,6854.5,3163,0
20240119,200000,6854.5,6855.5,6844.5,6845,5727,0
20240119,210000,6845,6850.5,6834.5,6835,2669,0
20240119,220000,6834.5,6846.5,6832.5,6837.5,3831,0
20240119,230000,6838,6838,6832,6834.5,7089,0
20240122,100000,6830,6850.5,6815.5,6821,44185,0
20240122,110000,6820.5,6839.5,6818.5,6830,21505,0
20240122,120000,6831.5,6855,6830,6848.5,23641,0
20240122,130000,6848.5,6850,6835,6836.5,11614,0
20240122,140000,6836,6843,6835.5,6837,10917,0
20240122,150000,6836.5,6859,6836.5,6851,21674,0
20240122,160000,6850.5,6851,6839.5,6845,14591,0
20240122,170000,6845,6849.5,6837.5,6849,11146,0
20240122,180000,6848.5,6850.5,6838,6838,14946,0
20240122,190000,6839,6846,6839,6841.5,4177,0
20240122,200000,6841.5,6843,6839,6839.5,8188,0
20240122,210000,6839.5,6840.5,6839,6840,6029,0
20240122,220000,6840,6840.5,6837,6839.5,4673,0
20240122,230000,6840,6840,6833.5,6840,2815,0
20240123,100000,6840.5,6850,6820,6826,37964,0
20240123,110000,6826,6842,6826,6841,25501,0
20240123,120000,6841,6843,6830,6831.5,11201,0
20240123,130000,6831,6836,6810,6811,32818,0
20240123,140000,6811,6819,6807,6811,31758,0
20240123,150000,6812,6812,6788,6793,72188,0
20240123,160000,6792.5,6800,6782,6794.5,49144,0
20240123,170000,6795,6796,6785,6787,32486,0
20240123,180000,6789.5,6802.5,6787,6802.5,33187,0
20240123,190000,6799.5,6802,6790.5,6796,9692,0
20240123,200000,6796.5,6802,6795,6801,4491,0
20240123,210000,6800.5,6802,6797,6800.5,5209,0
20240123,220000,6801,6804,6798,6800.5,7143,0
20240123,230000,6800.5,6803.5,6798,6799.5,2173,0
20240124,100000,6797,6815.5,6765.5,6778.5,71748,0
20240124,110000,6778,6784,6772.5,6780,31566,0
20240124,120000,6779.5,6782,6764,6772.5,41782,0
20240124,130000,6771.5,6790,6754,6781,78834,0
20240124,140000,6781,6786,6769.5,6778,46187,0
20240124,150000,6778,6814,6776,6809.5,55534,0
20240124,160000,6809.5,6822,6807,6817,42921,0
20240124,170000,6818,6828,6805,6818.5,41667,0
20240124,180000,6819,6819,6800,6800,27006,0
20240124,190000,6800,6812.5,6792,6811,18662,0
20240124,200000,6811,6813,6804.5,6808,4780,0
20240124,210000,6808,6808,6804,6805.5,2783,0
20240124,220000,6805.5,6806,6800,6802,2053,0
20240124,230000,6802,6802.5,6792,6795,3905,0
20240125,100000,6810.5,6815.5,6769,6771,50136,0
20240125,110000,6771,6778.5,6760.5,6769,45644,0
20240125,120000,6769.5,6780.5,6766,6777,22779,0
20240125,130000,6778.5,6783,6763,6765,32797,0
20240125,140000,6765,6780,6763,6775,20716,0
20240125,150000,6775,6784.5,6773.5,6775.5,23835,0
20240125,160000,6775.5,6786,6774.5,6776.5,27676,0
20240125,170000,6778,6786,6773,6782.5,27584,0
20240125,180000,6783,6785.5,6770.5,6774,25039,0
20240125,190000,6774,6774,6768,6770.5,4886,0
20240125,200000,6771,6772,6761,6768,8275,0
20240125,210000,6767.5,6785,6767,6781,6276,0
20240125,220000,6781,6791.5,6780.5,6791,7752,0
20240125,230000,6791,6819.5,6790,6809,17460,0
20240126,100000,6825,6829.5,6801,6825.5,64106,0
20240126,110000,6824.5,6880,6824,6862.5,161417,0
20240126,120000,6862.5,6888,6861,6882,114946,0
20240126,130000,6882,6885,6853,6874,51294,0
20240126,140000,6877,6886,6862,6884,51708,0
20240126,150000,6884.5,6886,6870,6874.5,35243,0
20240126,160000,6873.5,6879.5,6864.5,6878,23423,0
20240126,170000,6878,6878.5,6857.5,6862,32260,0
20240126,180000,6862,6880,6859,6862,56326,0
20240126,190000,6864,6878.5,6862.5,6868,17733,0
20240126,200000,6868,6881,6868,6877.5,13204,0
20240126,210000,6878,6884,6876,6880,9313,0
20240126,220000,6880.5,6883,6873.5,6878,8186,0
20240126,230000,6878,6920,6876.5,6901,35265,0
20240129,100000,6917.5,6962.5,6911,6962,157785,0
20240129,110000,6963,6965,6926,6938,76561,0
20240129,120000,6937,6949.5,6930.5,6947,30093,0
20240129,130000,6947.5,6960,6945,6953.5,49754,0
20240129,140000,6953,6974,6951,6962,57342,0
20240129,150000,6962.5,6973,6957.5,6971,36272,0
20240129,160000,6971,6975,6959,6959,41825,0
20240129,170000,6959.5,6964.5,6934.5,6945,64371,0
20240129,180000,6945,6957.5,6933,6933,40728,0
20240129,190000,6935,6948.5,6935,6943,14082,0
20240129,200000,6943.5,6946,6937,6943.5,5413,0
20240129,210000,6943,6944,6938,6942,6233,0
20240129,220000,6941,6945,6938,6938,6689,0
20240129,230000,6940,6945,6938.5,6943,3199,0
20240130,100000,6946,6979.5,6933,6972,74036,0
20240130,110000,6972,6977,6960,6977,52288,0
20240130,120000,6977,6979,6969.5,6972,45254,0
20240130,130000,6972,6984,6970,6982,43393,0
20240130,140000,6981.5,6990,6963,6969.5,72981,0
20240130,150000,6969.5,6982,6968,6972,56899,0
20240130,160000,6972,6996.5,6966.5,6995,78911,0
20240130,170000,6994.5,7007,6990.5,6993,91647,0
20240130,180000,6993,7000.5,6990,6990,78216,0
20240130,190000,6990,7000,6971,6989,17396,0
20240130,200000,6989,6997,6985,6994,8027,0
20240130,210000,6993.5,6995.5,6980.5,6983.5,7789,0
20240130,220000,6984,6998,6983,6997.5,8170,0
20240130,230000,6996,6998,6990,6994,14657,0
20240131,100000,7001,7057.5,7001,7046.5,136590,0
20240131,110000,7046.5,7092.5,7034.5,7087,133390,0
20240131,120000,7086.5,7110,7062,7081.5,158704,0
20240131,130000,7082,7096.5,7076,7083,86674,0
20240131,140000,7084,7099,7075,7092.5,79128,0
20240131,150000,7092.5,7122,7090,7115.5,154617,0
20240131,160000,7115,7119.5,7101,7106,49010,0
20240131,170000,7106,7120,7105,7106.5,33120,0
20240131,180000,7106.5,7117.5,7095.5,7095.5,54498,0
20240131,190000,7095.5,7107.5,7087.5,7107.5,18412,0
20240131,200000,7104.5,7106.5,7090.5,7096,7952,0
20240131,210000,7095.5,7096.5,7091,7092.5,6673,0
20240131,220000,7093,7097,7090.5,7097,6209,0
20240131,230000,7094,7100,7090,7090.5,15865,0
20240201,100000,7103.5,7145,7093.5,7115,114609,0
20240201,110000,7115.5,7126,7105,7107,45956,0
20240201,120000,7107,7114,7075,7096.5,72280,0
20240201,130000,7096.5,7099,7059,7075,59793,0
20240201,140000,7075,7094.5,7065.5,7080.5,61047,0
20240201,150000,7081.5,7100,7080.5,7094,44809,0
20240201,160000,7094,7095,7083,7085,23222,0
20240201,170000,7085,7087.5,7081,7084.5,33584,0
20240201,180000,7084.5,7095,7081.5,7095,30837,0
20240201,190000,7099.5,7099.5,7080,7095.5,12994,0
20240201,200000,7096,7096,7090,7091,14628,0
20240201,210000,7090,7090.5,7062.5,7073.5,30860,0
20240201,220000,7073.5,7079,7066,7072.5,12173,0
20240201,230000,7072,7096,7065,7093.5,18562,0
20240202,100000,7094,7099.5,7050,7064.5,105218,0
20240202,110000,7064.5,7120,7060,7113.5,83386,0
20240202,120000,7113.5,7121.5,7105,7115,54976,0
20240202,130000,7115,7119,7086.5,7100,41070,0
20240202,140000,7100,7113,7085,7113,42784,0
20240202,150000,7112.5,7127,7104,7104.5,66080,0
20240202,160000,7104.5,7119.5,7100.5,7113,33874,0
20240202,170000,7113,7117,7100,7110,37919,0
20240202,180000,7110,7119.5,7103.5,7114.5,50075,0
20240202,190000,7093,7120,7093,7118,15530,0
20240202,200000,7118,7118,7090.5,7096.5,18838,0
20240202,210000,7096.5,7109,7096.5,7109,11421,0
20240202,220000,7109.5,7113,7104,7110,4622,0
20240202,230000,7110,7114.5,7107.5,7114,7851,0
20240205,100000,7096.5,7185,7094,7138.5,216966,0
20240205,110000,7137.5,7157,7125,7138.5,58997,0
20240205,120000,7138,7157,7137,7151.5,27312,0
20240205,130000,7151.5,7153.5,7131,7148.5,30406,0
20240205,140000,7148.5,7149.5,7125,7136,35668,0
20240205,150000,7136.5,7143.5,7121,7128.5,33226,0
20240205,160000,7128.5,7129.5,7113.5,7128,38769,0
20240205,170000,7128,7148,7124.5,7145.5,27986,0
20240205,180000,7145.5,7148.5,7128,7128,28398,0
20240205,190000,7129,7135.5,7125,7131,10306,0
20240205,200000,7133.5,7137.5,7128,7137.5,10007,0
20240205,210000,7137,7143.5,7135.5,7138,6213,0
20240205,220000,7138,7145,7136,7144,6923,0
20240205,230000,7144,7144.5,7132,7137.5,3894,0
20240206,100000,7145,7168,7115,7153,65139,0
20240206,110000,7153.5,7159.5,7148,7150,23606,0
20240206,120000,7150,7150.5,7132,7148,25097,0
20240206,130000,7148,7150,7143.5,7146,13734,0
20240206,140000,7146,7149.5,7140,7147.5,15051,0
20240206,150000,7147.5,7148,7140,7146.5,16703,0
20240206,160000,7146.5,7155.5,7145,7153,41915,0
20240206,170000,7153,7171,7148.5,7159.5,78921,0
20240206,180000,7159.5,7168,7154,7154,29069,0
20240206,190000,7162,7169.5,7157,7164,6423,0
20240206,200000,7164,7165,7157.5,7161,5889,0
20240206,210000,7161,7165,7157,7160,10333,0
20240206,220000,7160,7162,7157,7160.5,3760,0
20240206,230000,7160.5,7165,7158.5,7163,6277,0
20240207,100000,7170,7210,7160.5,7201,163018,0
20240207,110000,7201,7224.5,7200,7216,80641,0
20240207,120000,7216,7224,7216,7218.5,49194,0
20240207,130000,7218.5,7223,7197.5,7215,70892,0
20240207,140000,7210.5,7227,7206.5,7219.5,40443,0
20240207,150000,7219.5,7238,7215,7235.5,60759,0
20240207,160000,7236,7253,7230,7252,80482,0
20240207,170000,7252.5,7259.5,7236.5,7253.5,72932,0
20240207,180000,7252,7272.5,7249.5,7251.5,71943,0
20240207,190000,7250,7267,7249.5,7264.5,22838,0
20240207,200000,7264.5,7269.5,7252.5,7255.5,25535,0
20240207,210000,7258.5,7265,7253,7264.5,11420,0
20240207,220000,7264.5,7270,7252.5,7259.5,19567,0
20240207,230000,7263.5,7268.5,7255,7265,11207,0
20240208,100000,7270.5,7288,7191,7217,224810,0
20240208,110000,7217,7248.5,7202,7237,89760,0
20240208,120000,7237,7255.5,7230,7250,53481,0
20240208,130000,7250,7268.5,7230,7266.5,41977,0
20240208,140000,7266.5,7288,7258,7260.5,61159,0
20240208,150000,7260.5,7281,7258,7268.5,33583,0
20240208,160000,7268,7273.5,7254,7262.5,30031,0
20240208,170000,7263,7270,7258,7269.5,25534,0
20240208,180000,7269,7270,7240,7248,22733,0
20240208,190000,7248,7248,7222,7232,21984,0
20240208,200000,7232,7247.5,7229,7231.5,11004,0
20240208,210000,7232,7234,7217,7223,12371,0
20240208,220000,7223,7232,7219,7230,8431,0
20240208,230000,7229,7240,7229,7231.5,3854,0
20240209,100000,7233.5,7245,7194,7196.5,59896,0
20240209,110000,7195.5,7223,7182.5,7220,46705,0
20240209,120000,7220.5,7255.5,7212.5,7253,36301,0
20240209,130000,7252,7255,7236.5,7242,39255,0
20240209,140000,7244,7253,7235.5,7249.5,23034,0
20240209,150000,7248.5,7249,7222,7236.5,27550,0
20240209,160000,7236,7249,7231,7247.5,22354,0
20240209,170000,7248,7259.5,7238.5,7239.5,28261,0
20240209,180000,7240,7260,7233,7260,30339,0
20240209,190000,7255,7255,7244.5,7248,9181,0
20240209,200000,7248,7250.5,7237,7245,6124,0
20240209,210000,7244.5,7259,7243.5,7249.5,7862,0
20240209,220000,7249,7250,7239,7240.5,5349,0
20240209,230000,7239,7244,7237,7238.5,4192,0
20240212,100000,7240,7274.5,7239.5,7247,54251,0
20240212,110000,7246,7246,7223,7238.5,30507,0
20240212,120000,7238.5,7253,7235,7244,21543,0
20240212,130000,7244,7251.5,7235,7243.5,40284,0
20240212,140000,7243.5,7249,7232,7232,43222,0
20240212,150000,7232,7255,7230,7252,21935,0
20240212,160000,7251,7254,7248,7250,12198,0
20240212,170000,7250,7262,7245.5,7261,18666,0
20240212,180000,7261,7280,7260.5,7280,39194,0
20240212,190000,7261.5,7279.5,7261.5,7273,8985,0
20240212,200000,7273,7277,7269,7276.5,5385,0
20240212,210000,7277,7277.5,7272.5,7273,4140,0
20240212,220000,7272.5,7279.5,7269.5,7276.5,7885,0
20240212,230000,7277,7280,7275.5,7280,6083,0
20240213,100000,7297.5,7311,7272,7301,99298,0
20240213,110000,7300.5,7308,7286.5,7288,71432,0
20240213,120000,7287.5,7298,7286.5,7294,31754,0
20240213,130000,7294.5,7297,7287.5,7287.5,15225,0
20240213,150000,7287,7288,7273.5,7273.5,19591,0
20240213,160000,7275,7290.5,7252.5,7273,72363,0
20240213,170000,7272.5,7280,7251,7251.5,78271,0
20240213,180000,7251.5,7277,7251.5,7255.5,40249,0
20240213,190000,7253,7274.5,7231,7268.5,19857,0
20240213,200000,7269,7273,7263,7268.5,5902,0
20240213,210000,7268.5,7282.5,7268.5,7275,9047,0
20240213,220000,7275.5,7276,7250,7264,13221,0
20240213,230000,7264.5,7275.5,7264.5,7269,8673,0
20240214,100000,7275,7283,7266,7269.5,27999,0
20240214,110000,7269.5,7270,7260,7268,25103,0
20240214,120000,7268,7269,7242.5,7242.5,49655,0
20240214,130000,7242.5,7269.5,7232,7248.5,44738,0
20240214,140000,7248.5,7269,7247,7250,38808,0
20240214,150000,7250,7250,7239,7240,25210,0
20240214,160000,7240,7249,7239.5,7248.5,20864,0
20240214,170000,7248.5,7249,7241.5,7243.5,10847,0
20240214,180000,7244.5,7250,7235,7250,29734,0
20240214,190000,7249.5,7249.5,7236,7237,7479,0
20240214,200000,7237.5,7238,7227.5,7228.5,10681,0
20240214,210000,7228.5,7230,7200.5,7205,29762,0
20240214,220000,7205,7231,7203.5,7226.5,12023,0
20240214,230000,7226.5,7228,7220.5,7220.5,5964,0
20240215,100000,7219.5,7234.5,7184,7219,59693,0
20240215,110000,7219,7231.5,7211,7224.5,30323,0
20240215,120000,7225,7248,7215.5,7244.5,36377,0
20240215,130000,7244.5,7295,7240,7259,99487,0
20240215,140000,7259,7291,7259,7284,41518,0
20240215,150000,7283.5,7292,7272,7288.5,26582,0
20240215,160000,7288.5,7289.5,7285,7287.5,18476,0
20240215,170000,7287,7291,7273.5,7289.5,21488,0
20240215,180000,7289,7294,7270,7273,16107,0
20240215,190000,7276,7295,7276,7293.5,16594,0
20240215,200000,7294,7294.5,7282.5,7283,7635,0
20240215,210000,7283,7287.5,7276,7280.5,6559,0
20240215,220000,7281,7283.5,7276.5,7283,4554,0
20240215,230000,7282.5,7285,7277,7282.5,7234,0
20240216,100000,7293.5,7300,7275,7290,54758,0
20240216,110000,7289,7293,7256.5,7268.5,56373,0
20240216,120000,7269,7280,7260.5,7278,20420,0
20240216,130000,7277.5,7280,7249.5,7266,45384,0
20240216,140000,7268,7270,7215,7220,127577,0
20240216,150000,7220,7237.5,7205,7229,89860,0
20240216,160000,7228,7230,7214,7218.5,19703,0
20240216,170000,7218.5,7249.5,7216,7247.5,25251,0
20240216,180000,7247.5,7249,7215,7227,27528,0
20240216,190000,7227,7231.5,7211,7227.5,13206,0
20240216,200000,7227.5,7237,7223,7234.5,4699,0
20240216,210000,7233,7234.5,7220,7225,4799,0
20240216,220000,7227,7233,7221,7229,6967,0
20240216,230000,7228.5,7233,7215.5,7224.5,12739,0
20240219,100000,7232.5,7240.5,7206.5,7213.5,66737,0
20240219,110000,7213.5,7215,7201,7204,45599,0
20240219,120000,7204,7208,7197,7199.5,52097,0
20240219,130000,7199.5,7201.5,7187.5,7199.5,63393,0
20240219,140000,7200,7216,7199,7215,29119,0
20240219,150000,7215,7230,7208.5,7222,24888,0
20240219,160000,7222.5,7231,7205,7209.5,21959,0
20240219,170000,7209,7223.5,7201.5,7212.5,23826,0
20240219,180000,7213,7223,7199.5,7199.5,17827,0
20240219,190000,7203.5,7221.5,7200.5,7202.5,20881,0
20240219,200000,7202.5,7211,7201,7201.5,7444,0
20240219,210000,7201,7205.5,7198.5,7205.5,6551,0
20240219,220000,7204,7206.5,7196,7202,10443,0
20240219,230000,7200,7200.5,7188,7188,10006,0
20240220,100000,7187.5,7192.5,7155,7162.5,98632,0
20240220,110000,7163,7171.5,7142.5,7145,59966,0
20240220,120000,7145,7160,7141,7156.5,55231,0
20240220,130000,7156,7170,7142.5,7170,44550,0
20240220,140000,7170,7171.5,7150,7159,24305,0
20240220,150000,7159.5,7173,7150.5,7164,41438,0
20240220,160000,7165,7172.5,7151.5,7163.5,26489,0
20240220,170000,7163,7164,7155.5,7159.5,25109,0
20240220,180000,7159.5,7161.5,7120,7120,68687,0
20240220,190000,7132,7132,7076.5,7098,115467,0
20240220,200000,7097,7107,7080,7096.5,59189,0
20240220,210000,7096.5,7106,7090,7090,18952,0
20240220,220000,7090,7099.5,7070.5,7090.5,34922,0
20240220,230000,7090.5,7098.5,7078,7081,16850,0
20240221,100000,7080,7115,7036,7095.5,175298,0
20240221,110000,7094.5,7099.5,7027,7041,104747,0
20240221,120000,7041,7053.5,7023,7046.5,66835,0
20240221,130000,7046.5,7047,7020,7020.5,56595,0
20240221,140000,7020.5,7020.5,6970,6980,169900,0
20240221,150000,6981,7033.5,6970.5,7010,134578,0
20240221,160000,7010.5,7023.5,7000,7016,83625,0
20240221,170000,7015.5,7016,6966,6982.5,131601,0
20240221,180000,6982,7014,6962,6993,72333,0
20240221,190000,6990,6990,6975.5,6985.5,11857,0
20240221,200000,6985.5,7004,6982,6983.5,16786,0
20240221,210000,6983.5,6985.5,6963.5,6981,18474,0
20240221,220000,6980.5,6990,6977.5,6990,7164,0
20240221,230000,6990,6995,6988.5,6990.5,4872,0
20240222,100000,7003,7040,6970,6979.5,154222,0
20240222,110000,6980,7013,6979,6993.5,87978,0
20240222,120000,6993.5,7006.5,6993,6994.5,46939,0
20240222,130000,6995.5,7024,6995,7018.5,34014,0
20240222,140000,7018,7028.5,7017,7028,46559,0
20240222,150000,7027.5,7038,7000,7000.5,72009,0
20240222,160000,7001.5,7014.5,6985,6986.5,56803,0
20240222,170000,6986.5,7025,6970,7015,66378,0
20240222,180000,7015,7020,6981,6981.5,47641,0
20240222,190000,6994.5,7005,6985.5,7003.5,9175,0
20240222,200000,7003.5,7014,7001.5,7013,9205,0
20240222,210000,7012.5,7015,7003.5,7004,7942,0
20240222,220000,7004,7022.5,7001,7019,19050,0
20240222,230000,7019,7028.5,7016,7021.5,13876,0
20240226,100000,7150.5,7178.5,7103.5,7122.5,229718,0
20240226,110000,7122.5,7138,7119.5,7133,54267,0
20240226,120000,7132.5,7174,7132,7167,95151,0
20240226,130000,7167.5,7177,7150,7161,49905,0
20240226,140000,7160.5,7168.5,7143,7147.5,29984,0
20240226,150000,7147.5,7153,7143,7150,20676,0
20240226,160000,7150,7160,7128,7134,37487,0
20240226,170000,7133,7150,7132,7148,29890,0
20240226,180000,7148,7152.5,7135,7142.5,20340,0
20240226,190000,7149.5,7152.5,7128,7152.5,11093,0
20240226,200000,7153,7157,7148,7157,8442,0
20240226,210000,7157,7157,7151,7154,4486,0
20240226,220000,7154,7157,7149.5,7152.5,6727,0
20240226,230000,7152.5,7165,7151,7164,9103,0
20240227,100000,7159,7161.5,7137.5,7150,47363,0
20240227,110000,7151.5,7155,7131,7138.5,55712,0
20240227,120000,7139,7140,7120,7127,49589,0
20240227,130000,7127,7128.5,7112.5,7119,26924,0
20240227,140000,7119.5,7124.5,7104,7114.5,30199,0
20240227,150000,7114.5,7132,7114,7129.5,26599,0
20240227,160000,7129,7130,7124.5,7130,16114,0
20240227,170000,7129.5,7130,7115.5,7120.5,22490,0
20240227,180000,7121,7128.5,7117.5,7117.5,13280,0
20240227,190000,7125,7163,7124.5,7145.5,26131,0
20240227,200000,7145.5,7149.5,7145,7146.5,8308,0
20240227,210000,7148.5,7148.5,7141,7141.5,4783,0
20240227,220000,7142,7143,7133,7140,10196,0
20240227,230000,7138.5,7141.5,7137.5,7141.5,3316,0
20240228,100000,7150,7219,7130.5,7216,118915,0
20240228,110000,7216,7224,7199,7217.5,92638,0
20240228,120000,7217,7218.5,7195.5,7199,71885,0
20240228,130000,7199,7207.5,7180.5,7200.5,52634,0
20240228,140000,7200.5,7205,7190.5,7200,27134,0
20240228,150000,7200,7224,7195.5,7208,55394,0
20240228,160000,7207,7210,7183.5,7203,34086,0
20240228,170000,7203,7213.5,7200,7202,30162,0
20240228,180000,7202,7217,7200,7202,33717,0
20240228,190000,7202,7222,7200.5,7219,23976,0
20240228,200000,7219,7247.5,7210,7247.5,39036,0
20240228,210000,7247.5,7260,7233.5,7258.5,65247,0
20240228,220000,7259,7276,7255,7268,57162,0
20240228,230000,7268,7275,7260.5,7261.5,33256,0
20240229,100000,7263,7285,7243,7248,114336,0
20240229,110000,7247.5,7253,7225,7240,64251,0
20240229,120000,7240,7259.5,7239.5,7248,61101,0
20240229,130000,7248.5,7269,7220,7269,73490,0
20240229,140000,7269,7270,7245,7251.5,36217,0
20240229,150000,7252.5,7277,7252,7272.5,42222,0
20240229,160000,7273,7280,7270,7277.5,46988,0
20240229,170000,7277,7344.5,7277,7337,221327,0
20240229,180000,7337,7397,7321.5,7397,221082,0
20240229,190000,7396.5,7396.5,7360.5,7367,73536,0
20240229,200000,7367.5,7387,7362.5,7376,35346,0
20240229,210000,7375.5,7398.5,7375.5,7389.5,44155,0
20240229,220000,7389.5,7402,7367.5,7372,91869,0
20240229,230000,7371.5,7384.5,7368.5,7378,14642,0
20240301,100000,7387.5,7431,7386,7389.5,188360,0
20240301,110000,7389.5,7403.5,7372.5,7400,107652,0
20240301,120000,7400,7404,7377.5,7395,65020,0
20240301,130000,7395,7402,7386.5,7389.5,57123,0
20240301,140000,7388,7409,7388,7400,62071,0
20240301,150000,7400,7428,7391.5,7424.5,103664,0
20240301,160000,7424.5,7448,7414.5,7446,120031,0
20240301,170000,7446.5,7450,7432,7439,97011,0
20240301,180000,7439,7445.5,7433,7444,40827,0
20240301,190000,7449,7462,7427.5,7449,43421,0
20240301,200000,7446,7455,7444,7452,15716,0
20240301,210000,7451.5,7464,7445.5,7449.5,24156,0
20240301,220000,7450,7452,7445,7451,18673,0
20240301,230000,7451.5,7464,7448.5,7463.5,27450,0
20240304,100000,7477.5,7495,7440.5,7448.5,204760,0
20240304,110000,7449,7478,7441,7454.5,92789,0
20240304,120000,7455.5,7493.5,7451,7472.5,143366,0
20240304,130000,7472.5,7487.5,7465,7484.5,57323,0
20240304,140000,7483,7528,7480,7502,207090,0
20240304,150000,7503.5,7505,7478,7485,66950,0
20240304,160000,7485,7489.5,7461.5,7487.5,50275,0
20240304,170000,7488.5,7534,7351.5,7502.5,903810,0
20240304,180000,7502.5,7515.5,7483,7503,49134,0
20240304,190000,7490,7500,7480.5,7490,22094,0
20240304,200000,7490.5,7507.5,7487.5,7505,25369,0
20240304,210000,7504,7515,7500,7505.5,29326,0
20240304,220000,7505.5,7515.5,7505,7512.5,23625,0
20240304,230000,7510.5,7515.5,7500,7511.5,34179,0
20240305,100000,7516,7544.5,7470,7476.5,279548,0
20240305,110000,7476,7479.5,7430.5,7468,178735,0
20240305,120000,7468.5,7475,7442,7470.5,67022,0
20240305,130000,7472.5,7517,7447.5,7502.5,129775,0
20240305,140000,7503,7514,7482,7486.5,43660,0
20240305,150000,7486.5,7509,7485,7500,43825,0
20240305,160000,7501.5,7527,7495.5,7520.5,81701,0
20240305,170000,7521.5,7533.5,7488,7502.5,97340,0
20240305,180000,7501.5,7515,7492,7510,36792,0
20240305,190000,7494,7515,7492,7499,18614,0
20240305,200000,7499,7505,7498,7498,14245,0
20240305,210000,7498.5,7517,7497.5,7511,14671,0
20240305,220000,7511,7517.5,7500,7517.5,12947,0
20240305,230000,7517.5,7523,7499,7499.5,18541,0
20240306,100000,7499.5,7525,7470,7497.5,88401,0
20240306,110000,7496.5,7515,7470,7487,77755,0
20240306,120000,7486.5,7504.5,7481,7497,34581,0
20240306,130000,7497.5,7533,7495,7529,122847,0
20240306,140000,7529,7558,7524.5,7544.5,187563,0
20240306,150000,7544.5,7561.5,7527,7528,68456,0
20240306,160000,7527.5,7540.5,7511,7523.5,49490,0
20240306,170000,7523.5,7539.5,7515,7527.5,52764,0
20240306,180000,7528,7528,7517,7517,25897,0
20240306,190000,7516.5,7524.5,7495,7511.5,47257,0
20240306,200000,7508,7521,7506.5,7512,14501,0
20240306,210000,7512.5,7512.5,7499,7501.5,19444,0
20240306,220000,7501.5,7504,7480,7488,52396,0
20240306,230000,7490,7490,7480,7483,15460,0
20240307,100000,7489,7517,7457,7502.5,113522,0
20240307,110000,7502,7503.5,7476,7486.5,34472,0
20240307,120000,7486.5,7496.5,7462,7479,58980,0
20240307,130000,7480.5,7480.5,7466,7469.5,20176,0
20240307,140000,7470,7492.5,7467.5,7482,20429,0
20240307,150000,7482,7494.5,7470,7494,19348,0
20240307,160000,7494.5,7508,7494,7506,35384,0
20240307,170000,7505.5,7506,7482.5,7496.5,22287,0
20240307,180000,7497,7504,7470,7501,45476,0
20240307,190000,7500,7501,7493.5,7500,11158,0
20240307,200000,7500,7504.5,7496,7501,9763,0
20240307,210000,7502.5,7505,7500,7501,8013,0
20240307,220000,7501,7510,7500.5,7509.5,11551,0
20240307,230000,7509,7515,7503,7513,14909,0
20240311,100000,7536.5,7592.5,7523.5,7562.5,213955,0
20240311,110000,7563,7580,7543,7556.5,87903,0
20240311,120000,7557.5,7569,7535,7564.5,49383,0
20240311,130000,7566.5,7577,7562.5,7563,45672,0
20240311,140000,7563.5,7576,7559.5,7573,39998,0
20240311,150000,7572.5,7574,7555.5,7571,30888,0
20240311,160000,7571,7571,7554.5,7560,27072,0
20240311,170000,7560,7560.5,7530,7544.5,61605,0
20240311,180000,7543,7558,7540,7545,30623,0
20240311,190000,7548.5,7555,7546,7549.5,11177,0
20240311,200000,7550,7559,7549.5,7557.5,12382,0
20240311,210000,7557.5,7565,7555.5,7557,7812,0
20240311,220000,7559,7562,7549.5,7550,19221,0
20240311,230000,7552,7564,7545.5,7554.5,9557,0
20240312,100000,7536,7539,7481.5,7517,164013,0
20240312,110000,7517,7550.5,7513,7544.5,55536,0
20240312,120000,7544,7544.5,7517,7521.5,30604,0
20240312,130000,7521.5,7530,7510,7522.5,46140,0
20240312,140000,7524,7549.5,7522.5,7537,37728,0
20240312,150000,7537,7537,7516,7524,75479,0
20240312,160000,7524,7575.5,7501,7514,405825,0
20240312,170000,7514.5,7548.5,7507,7535,89789,0
20240312,180000,7534.5,7540,7511.5,7540,100951,0
20240312,190000,7536,7539,7522,7525,21464,0
20240312,200000,7525,7528.5,7510,7524.5,30127,0
20240312,210000,7524.5,7535,7522,7529.5,13614,0
20240312,220000,7529.5,7545,7529,7536.5,20911,0
20240312,230000,7536,7540,7521,7536.5,14026,0
20240313,100000,7537.5,7554.5,7516,7524.5,81043,0
20240313,110000,7523.5,7526,7496,7505,78233,0
20240313,120000,7505,7514.5,7462.5,7465.5,136372,0
20240313,130000,7465,7473.5,7426,7449.5,262007,0
20240313,140000,7450,7462,7439,7460,96813,0
20240313,150000,7459.5,7475,7452,7459.5,109101,0
20240313,160000,7459.5,7460,7426,7449.5,168653,0
20240313,170000,7449.5,7451,7440,7445.5,60489,0
20240313,180000,7445,7447,7415,7433.5,101150,0
20240313,190000,7430,7439,7409.5,7438,58373,0
20240313,200000,7438.5,7441.5,7425,7426.5,21956,0
20240313,210000,7427,7431,7421,7425,22004,0
20240313,220000,7424.5,7433.5,7422,7432,17485,0
20240313,230000,7432.5,7433,7425,7426,16028,0
20240314,100000,7426.5,7434.5,7371,7375,266906,0
20240314,110000,7375.5,7405,7361.5,7389.5,212853,0
20240314,120000,7389.5,7405,7379.5,7385,89863,0
20240314,130000,7386,7389.5,7365.5,7370,69881,0
20240314,140000,7370,7384.5,7367,7370,46842,0
20240314,150000,7370,7370.5,7321.5,7322.5,221362,0
20240314,160000,7323,7339.5,7320,7325,137246,0
20240314,170000,7327.5,7370,7324.5,7338,156751,0
20240314,180000,7337,7354,7325,7354,90020,0
20240314,190000,7353.5,7353.5,7330.5,7352.5,21368,0
20240314,200000,7353,7375,7347,7368,29218,0
20240314,210000,7368,7369,7352,7353,11731,0
20240314,220000,7353,7383,7350.5,7382.5,19794,0
20240314,230000,7382,7382.5,7360,7370,14564,0
20240315,100000,7365.5,7404,7345,7345.5,179937,0
20240315,110000,7345.5,7356.5,7337,7355,50957,0
20240315,120000,7354.5,7359.5,7352,7359,41829,0
20240315,130000,7359,7363,7350.5,7350.5,104927,0
20240315,140000,7351,7364,7336.5,7362,100063,0
20240315,150000,7362,7364,7345,7363.5,74178,0
20240315,160000,7362.5,7364,7349,7352.5,43025,0
20240315,170000,7350.5,7390,7349.5,7389,64371,0
20240315,180000,7389,7397.5,7365,7365,58744,0
20240315,190000,7370,7377.5,7365,7368.5,24160,0
20240315,200000,7369,7380,7366,7378.5,6346,0
20240315,210000,7378.5,7382,7370,7375.5,8614,0
20240315,220000,7376.5,7390,7374.5,7388.5,13492,0
20240315,230000,7388.5,7389.5,7375,7380,15285,0
20240318,100000,7393.5,7397.5,7353,7355,124227,0
20240318,110000,7355,7373,7353,7370.5,44858,0
20240318,120000,7370.5,7378.5,7360.5,7360.5,33779,0
20240318,130000,7361,7379,7360,7364.5,34637,0
20240318,140000,7365,7376.5,7356,7367.5,42590,0
20240318,150000,7367.5,7373.5,7340,7344.5,85564,0
20240318,160000,7344,7355,7320,7340,102317,0
20240318,170000,7341,7361,7335.5,7360,29211,0
20240318,180000,7359.5,7365.5,7332,7338.5,23918,0
20240318,190000,7348.5,7348.5,7309.5,7327.5,34192,0
20240318,200000,7327.5,7340.5,7327.5,7332,12698,0
20240318,210000,7331.5,7352.5,7331,7350,15338,0
20240318,220000,7349.5,7352.5,7340,7348.5,10449,0
20240318,230000,7348,7350,7343,7344,5360,0
20240319,100000,7348.5,7348.5,7313,7322,70647,0
20240319,110000,7323,7323,7301,7306,124288,0
20240319,120000,7306.5,7316,7282.5,7292,153724,0
20240319,130000,7292,7315.5,7290,7314.5,55786,0
20240319,140000,7314.5,7315,7288,7292.5,80080,0
20240319,150000,7292.5,7320.5,7278,7314,147767,0
20240319,160000,7313.5,7332,7312,7315.5,89282,0
20240319,170000,7315,7344.5,7278.5,7324,191753,0
20240319,180000,7324.5,7335,7290,7313,104351,0
20240319,190000,7313,7336.5,7250,7317.5,86482,0
20240319,200000,7319.5,7332.5,7308,7330,19560,0
20240319,210000,7329.5,7333,7318.5,7325.5,13076,0
20240319,220000,7326,7333,7322,7332,11319,0
20240319,230000,7332,7335,7325,7333.5,12747,0
20240320,100000,7337.5,7439,7337.5,7420.5,316774,0
20240320,110000,7420,7436.5,7401,7422,123970,0
20240320,120000,7422,7440,7422,7434,75492,0
20240320,130000,7434,7460,7434,7440,146317,0
20240320,140000,7440,7444,7405,7406,126826,0
20240320,150000,7405.5,7412,7354.5,7390,104890,0
20240320,160000,7390,7420,7374,7413.5,54334,0
20240320,170000,7413.5,7428.5,7383.5,7399,51976,0
20240320,180000,7399.5,7404.5,7370,7370,44317,0
20240320,190000,7369.5,7390,7362.5,7386.5,20890,0
20240320,200000,7388.5,7421.5,7385,7414.5,26464,0
20240320,210000,7414.5,7439.5,7408,7431.5,26450,0
20240320,220000,7433,7442.5,7416,7440.5,22635,0
20240320,230000,7441,7449,7433,7438.5,15998,0
20240321,100000,7450,7454.5,7425,7428,108020,0
20240321,110000,7428,7438.5,7410,7413,59450,0
20240321,120000,7412,7419.5,7404,7414.5,47296,0
20240321,130000,7415,7419.5,7407.5,7416.5,32355,0
20240321,140000,7417,7430,7400,7402.5,66823,0
20240321,150000,7402,7418,7370,7397,138866,0
20240321,160000,7397,7413,7393,7410,45302,0
20240321,170000,7410,7420,7380,7412.5,51907,0
20240321,180000,7415,7427,7402.5,7420,52936,0
20240321,190000,7420,7423.5,7416,7423,10254,0
20240321,200000,7423.5,7423.5,7405.5,7416.5,7440,0
20240321,210000,7416,7418,7405.5,7409.5,5740,0
20240321,220000,7407.5,7422.5,7402.5,7414.5,12296,0
20240321,230000,7413.5,7419.5,7400.5,7417.5,7897,0
20240322,100000,7420.5,7520,7420,7480,364790,0
20240322,110000,7479.5,7537,7479,7532,315827,0
20240322,120000,7532,7538,7427,7451.5,331366,0
20240322,130000,7452.5,7485.5,7435,7457.5,148044,0
20240322,140000,7456,7456.5,7184.5,7340,1223396,0
20240322,150000,7340,7345,7307,7330,240885,0
20240322,160000,7329.5,7333,7309,7313,94460,0
20240322,170000,7313,7349,7302,7325.5,146481,0
20240322,180000,7325.5,7350,7324.5,7350,65228,0
20240322,190000,7349,7375,7335,7352,42557,0
20240322,200000,7351.5,7359.5,7291.5,7304.5,79391,0
20240322,210000,7304,7318,7222,7298.5,260121,0
20240322,220000,7298.5,7320,7260,7275,127976,0
20240322,230000,7274.5,7317,7262.5,7303,55983,0
20240325,100000,7306,7366,7303,7338,185559,0
20240325,110000,7337.5,7355,7321.5,7353,73708,0
20240325,120000,7353.5,7354.5,7318,7326,78607,0
20240325,130000,7327.5,7350,7321.5,7346.5,55014,0
20240325,140000,7346.5,7380,7346.5,7370,92913,0
20240325,150000,7370,7399,7355.5,7397,62126,0
20240325,160000,7398,7452,7385,7441.5,135423,0
20240325,170000,7441.5,7443,7411,7417.5,73738,0
20240325,180000,7418,7431.5,7417.5,7431,29675,0
20240325,190000,7431,7431,7408,7411,15332,0
20240325,200000,7411.5,7413,7384.5,7413,25092,0
20240325,210000,7412,7442.5,7410,7442,17088,0
20240325,220000,7441.5,7442.5,7427,7432,12581,0
20240325,230000,7432,7440,7430,7438,16888,0
20240326,100000,7455,7455,7412,7418,92915,0
20240326,110000,7418.5,7429,7407,7428.5,51993,0
20240326,120000,7428,7430,7413.5,7417,30941,0
20240326,130000,7417,7422,7382,7390,84780,0
20240326,140000,7390,7397,7380,7395.5,52197,0
20240326,150000,7395,7430,7393,7420,66614,0
20240326,160000,7422,7424,7397,7400,48161,0
20240326,170000,7400,7427,7396.5,7417.5,42792,0
20240326,180000,7419,7429,7404.5,7429,28226,0
20240326,190000,7430,7430,7415,7420,20451,0
20240326,200000,7420,7420,7404.5,7405,13960,0
20240326,210000,7404.5,7416,7399.5,7413.5,9505,0
20240326,220000,7416,7422,7410,7417.5,13122,0
20240326,230000,7417.5,7421.5,7414.5,7419,4870,0
20240327,100000,7425.5,7434,7406.5,7415,47662,0
20240327,110000,7414,7420.5,7404.5,7410,32552,0
20240327,120000,7410,7420,7410,7418,17970,0
20240327,130000,7417.5,7438,7414,7428.5,49831,0
20240327,140000,7429.5,7435,7419,7429.5,35882,0
20240327,150000,7429.5,7440,7428,7431.5,45222,0
20240327,160000,7431.5,7464,7426.5,7455.5,83024,0
20240327,170000,7456,7478,7452.5,7465.5,68282,0
20240327,180000,7466,7497,7454,7497,65953,0
20240327,190000,7487,7487.5,7467,7479.5,38306,0
20240327,200000,7479.5,7485,7470,7480,8953,0
20240327,210000,7480.5,7489.5,7480,7482,12865,0
20240327,220000,7482,7491,7480.5,7484.5,5459,0
20240327,230000,7484.5,7493.5,7482.5,7493,7636,0
20240328,100000,7495,7517,7482.5,7486.5,98501,0
20240328,110000,7486.5,7493,7466.5,7474.5,45070,0
20240328,120000,7473,7483,7466,7467.5,34522,0
20240328,130000,7467.5,7488,7465,7472,47125,0
20240328,140000,7472,7480.5,7465,7468,44154,0
20240328,150000,7468,7470.5,7450,7450,49629,0
20240328,160000,7450,7456,7430.5,7454,60327,0
20240328,170000,7455.5,7470.5,7454,7468.5,26773,0
20240328,180000,7468.5,7484,7463.5,7484,43536,0
20240328,190000,7481,7492,7473,7475,18297,0
20240328,200000,7475,7475,7465,7465,9172,0
20240328,210000,7466,7470,7460,7470,14114,0
20240328,220000,7468.5,7475,7468.5,7475,2517,0
20240328,230000,7475,7481.5,7474.5,7481,3983,0
20240329,100000,7482,7487.5,7460,7484,48274,0
20240329,110000,7483.5,7508.5,7483,7501,59759,0
20240329,120000,7500.5,7520,7495.5,7508,63216,0
20240329,130000,7508.5,7510,7499.5,7509.5,36208,0
20240329,140000,7509.5,7529,7508,7516,43123,0
20240329,150000,7516.5,7552.5,7516,7551.5,140305,0
20240329,160000,7551.5,7578,7538.5,7540,136015,0
20240329,170000,7541,7555,7527,7548.5,58141,0
20240329,180000,7549,7564,7537.5,7564,62633,0
20240329,190000,7554,7557,7546,7554,13311,0
20240329,200000,7553,7556,7547,7548.5,9348,0
20240329,210000,7548.5,7550,7535,7543,13229,0
20240329,220000,7542.5,7547,7538.5,7544,7689,0
20240329,230000,7544,7555,7543.5,7551,13687,0
20240401,100000,7574,7637,7573,7623.5,237592,0
20240401,110000,7624,7645.5,7616.5,7620,82303,0
20240401,120000,7620,7646,7619.5,7642,71893,0
20240401,130000,7641.5,7644,7628,7633,45201,0
20240401,140000,7633.5,7636,7620,7620,47795,0
20240401,150000,7620.5,7631.5,7617,7629.5,28031,0
20240401,160000,7629.5,7638,7624.5,7637.5,39116,0
20240401,170000,7637.5,7648,7624.5,7646,44018,0
20240401,180000,7646.5,7663,7645,7657,79341,0
20240401,190000,7655,7655,7641,7644.5,12721,0
20240401,200000,7644,7650,7636,7647,17483,0
20240401,210000,7647,7655.5,7641,7655.5,10648,0
20240401,220000,7655,7658,7649.5,7657.5,14583,0
20240401,230000,7657,7666,7654,7665,9320,0
20240402,100000,7675.5,7689,7650,7670.5,91462,0
20240402,110000,7671,7675,7625,7647,67348,0
20240402,120000,7646,7655,7634.5,7640,42297,0
20240402,130000,7641,7653,7630,7645,24868,0
20240402,140000,7644.5,7645,7640,7642,20849,0
20240402,150000,7643,7643,7636,7639,14159,0
20240402,160000,7639.5,7643,7634.5,7639.5,28432,0
20240402,170000,7639.5,7663,7638,7652.5,27308,0
20240402,180000,7652.5,7667.5,7650.5,7650.5,29924,0
20240402,190000,7650,7660,7645,7647,9112,0
20240402,200000,7647,7659.5,7647,7657.5,6788,0
20240402,210000,7657.5,7659,7647,7652,8032,0
20240402,220000,7651,7657,7646,7652.5,7067,0
20240402,230000,7653,7657,7651,7654,4807,0
20240403,100000,7654,7685,7641,7678.5,60943,0
20240403,110000,7680,7699,7672,7674.5,52175,0
20240403,120000,7676,7680,7675,7676,16978,0
20240403,130000,7675.5,7684.5,7674.5,7681,21845,0
20240403,140000,7680.5,7684.5,7667,7672,32145,0
20240403,150000,7672.5,7672.5,7651,7665,26692,0
20240403,160000,7665,7678.5,7660,7672.5,21172,0
20240403,170000,7672.5,7684,7665,7669,23931,0
20240403,180000,7669,7675,7667,7667,15152,0
20240403,190000,7678.5,7679,7667,7673,10416,0
20240403,200000,7673,7677,7669.5,7672.5,9492,0
20240403,210000,7674.5,7680,7673,7679,6682,0
20240403,220000,7679,7688,7677.5,7685,10851,0
20240403,230000,7686.5,7690,7681,7686.5,7567,0
20240404,100000,7687.5,7745,7678,7740,157391,0
20240404,110000,7740.5,7750,7721.5,7750,121744,0
20240404,120000,7750,7783.5,7749.5,7772.5,115113,0
20240404,130000,7774.5,7776,7745,7750,65620,0
20240404,140000,7750,7765,7744.5,7763,49448,0
20240404,150000,7761.5,7770,7747,7770,53560,0
20240404,160000,7770,7775,7750.5,7765.5,30345,0
20240404,170000,7765.5,7768.5,7755,7755,19024,0
20240404,180000,7755,7762,7748.5,7762,29205,0
20240404,190000,7758.5,7773.5,7753,7771.5,14280,0
20240404,200000,7771.5,7772,7758,7759.5,14342,0
20240404,210000,7758.5,7760,7753,7759,15122,0
20240404,220000,7759,7760,7752,7754.5,15367,0
20240404,230000,7755.5,7756,7721.5,7727.5,37290,0
20240405,100000,7732,7777.5,7732,7754.5,90328,0
20240405,110000,7755,7758,7706.5,7707,74111,0
20240405,120000,7707,7725.5,7665.5,7675.5,174642,0
20240405,130000,7675,7682.5,7654,7669,107523,0
20240405,140000,7669,7680,7665,7680,48591,0
20240405,150000,7680,7682.5,7665,7682.5,61041,0
20240405,160000,7682.5,7695,7681,7691,47417,0
20240405,170000,7690,7755,7683,7724,88426,0
20240405,180000,7723,7740,7721,7729,44334,0
20240405,190000,7738,7744,7710.5,7718.5,37554,0
20240405,200000,7718.5,7727.5,7714,7726.5,25739,0
20240405,210000,7726.5,7726.5,7677,7683,67093,0
20240405,220000,7683,7689.5,7657,7664.5,120562,0
20240405,230000,7665,7669.5,7657,7662.5,69975,0
20240408,100000,7700,7714,7662.5,7695,197570,0
20240408,110000,7695,7715,7680,7714.5,52558,0
20240408,120000,7714.5,7738,7713,7734.5,67153,0
20240408,130000,7734,7749.5,7733,7749.5,42560,0
20240408,140000,7749,7754,7730.5,7743.5,57254,0
20240408,150000,7743.5,7777,7740.5,7770,74747,0
20240408,160000,7769.5,7770,7746.5,7751,38570,0
20240408,170000,7751,7768,7751,7765.5,20718,0
20240408,180000,7765.5,7772,7759.5,7771,34578,0
20240408,190000,7770,7774.5,7763.5,7769.5,9551,0
20240408,200000,7770,7770,7746,7755.5,16306,0
20240408,210000,7755.5,7755.5,7737.5,7746,33251,0
20240408,220000,7746,7760,7746,7758,4178,0
20240408,230000,7758,7768,7752.5,7767,8285,0
20240409,100000,7769,7844,7765,7826,222855,0
20240409,110000,7826.5,7837.5,7801.5,7813.5,68326,0
20240409,120000,7813.5,7818,7793,7810,61004,0
20240409,130000,7809.5,7833.5,7809.5,7833,63507,0
20240409,140000,7833.5,7838,7810.5,7818,66344,0
20240409,150000,7819,7826,7781.5,7805.5,116291,0
20240409,160000,7805.5,7833,7803.5,7825.5,64685,0
20240409,170000,7825,7825.5,7800,7804,25451,0
20240409,180000,7804,7808.5,7740,7763,94872,0
20240409,190000,7764,7803,7754,7790.5,32871,0
20240409,200000,7790.5,7796.5,7773,7795,9541,0
20240409,210000,7795.5,7805,7787,7801.5,12495,0
20240409,220000,7803,7807,7782.5,7787,7915,0
20240409,230000,7787,7790,7784,7786.5,7689,0
20240410,100000,7800,7803,7755,7771.5,55275,0
20240410,110000,7771,7782,7765,7781,23756,0
20240410,120000,7780.5,7807.5,7775.5,7802,41921,0
20240410,130000,7802,7833,7801,7828.5,50783,0
20240410,140000,7828,7835,7820,7823.5,47235,0
20240410,150000,7823,7831,7820,7830.5,32357,0
20240410,160000,7830.5,7831,7802.5,7819.5,40586,0
20240410,170000,7819.5,7822.5,7807.5,7817.5,25268,0
20240410,180000,7817.5,7825.5,7809,7825.5,23162,0
20240410,190000,7830,7837,7820.5,7829.5,14468,0
20240410,200000,7829.5,7835,7816,7816,17596,0
20240410,210000,7816,7823,7815.5,7821,5586,0
20240410,220000,7821.5,7822.5,7818,7818,3207,0
20240410,230000,7820.5,7825,7818,7825,5405,0
20240411,100000,7830,7870,7827,7857,117724,0
20240411,110000,7856,7866,7842,7856.5,39875,0
20240411,120000,7856,7860,7836,7845,38740,0
20240411,130000,7845,7855,7843,7845,20690,0
20240411,140000,7844.5,7855,7844,7848,24130,0
20240411,150000,7847.5,7855,7844,7850.5,25523,0
20240411,160000,7851,7854.5,7840,7840,26010,0
20240411,170000,7840,7845.5,7829,7841.5,44608,0
20240411,180000,7841.5,7849,7830,7830,34519,0
20240411,190000,7838.5,7840,7829,7835.5,10082,0
20240411,200000,7835.5,7845,7835,7843,6314,0
20240411,210000,7843,7846.5,7840,7846.5,7351,0
20240411,220000,7846.5,7850,7836,7836.5,10480,0
20240411,230000,7836.5,7845,7834.5,7836.5,6832,0
20240412,100000,7840,7865,7835,7840.5,53247,0
20240412,110000,7840,7844,7825,7840,29802,0
20240412,120000,7840.5,7843.5,7819,7826,36690,0
20240412,130000,7825,7825,7802.5,7814.5,39971,0
20240412,140000,7815,7820,7807.5,7818.5,20308,0
20240412,150000,7818.5,7818.5,7785,7796.5,63810,0
20240412,160000,7796.5,7824,7795,7824,51341,0
20240412,170000,7823.5,7829,7799,7820.5,51315,0
20240412,180000,7820.5,7833.5,7813,7833.5,56334,0
20240412,190000,7830,7830,7823.5,7827,8684,0
20240412,200000,7826,7835,7800.5,7830,29819,0
20240412,210000,7830,7838,7829,7832.5,17118,0
20240412,220000,7832.5,7837,7829,7837,10640,0
20240412,230000,7837,7843,7833,7839.5,8304,0
20240415,100000,7852.5,7870,7849.5,7867.5,110225,0
20240415,110000,7867,7900,7855.5,7899,98663,0
20240415,120000,7899,7931,7898.5,7927,86274,0
20240415,130000,7927.5,7928.5,7900,7909.5,53487,0
20240415,140000,7910.5,7920,7892,7895.5,41532,0
20240415,150000,7895.5,7904,7887.5,7890.5,30346,0
20240415,160000,7892,7915,7891,7911,18128,0
20240415,170000,7911.5,7911.5,7888.5,7909.5,30495,0
20240415,180000,7909.5,7910,7890,7890,25252,0
20240415,190000,7900,7906,7894,7900.5,8994,0
20240415,200000,7901,7908.5,7900,7908,8890,0
20240415,210000,7908,7911,7905,7910,7129,0
20240415,220000,7910,7919,7909,7916.5,13038,0
20240415,230000,7916,7921,7912.5,7920.5,9587,0
20240416,100000,7926.5,7926.5,7895.5,7904,75579,0
20240416,110000,7904,7915,7881.5,7911,88464,0
20240416,120000,7911.5,7913,7900,7904.5,28791,0
20240416,130000,7904.5,7912,7894,7912,36761,0
20240416,140000,7912,7912.5,7895,7898.5,32020,0
20240416,150000,7898.5,7907,7896.5,7898.5,25856,0
20240416,160000,7899,7900,7885,7894.5,25854,0
20240416,170000,7894,7894,7870,7874,40085,0
20240416,180000,7874,7892.5,7873.5,7875,24654,0
20240416,190000,7894.5,7894.5,7875.5,7886.5,12748,0
20240416,200000,7887,7890,7880,7885,8522,0
20240416,210000,7886.5,7896,7883.5,7896,6097,0
20240416,220000,7895.5,7900,7890.5,7892.5,3998,0
20240416,230000,7892,7900,7890,7897,3924,0
20240417,100000,7897.5,7910,7894.5,7907,34132,0
20240417,110000,7906.5,7907,7890.5,7900.5,39959,0
20240417,120000,7900,7903,7873,7885.5,50491,0
20240417,130000,7885.5,7894,7880,7886,25605,0
20240417,140000,7886,7888.5,7870.5,7870.5,41161,0
20240417,150000,7870.5,7885,7860.5,7877.5,59719,0
20240417,160000,7877.5,7893.5,7866,7890.5,29247,0
20240417,170000,7890.5,7918,7880,7911,67334,0
20240417,180000,7911,7912.5,7885,7885.5,26007,0
20240417,190000,7885.5,7890,7855.5,7870,32504,0
20240417,200000,7870.5,7886,7867,7878,6681,0
20240417,210000,7880,7897,7876.5,7894,13499,0
20240417,220000,7895,7897.5,7880.5,7881,9053,0
20240417,230000,7881.5,7890,7879,7886,6749,0
20240418,100000,7887,7897.5,7863.5,7873.5,36603,0
20240418,110000,7874,7879.5,7865,7870,42877,0
20240418,120000,7869,7878,7860,7862.5,36074,0
20240418,130000,7862.5,7869,7838.5,7845,102007,0
20240418,140000,7845,7845,7800,7819,101792,0
20240418,150000,7819,7830,7813.5,7829.5,32987,0
20240418,160000,7830,7839.5,7826.5,7827.5,30722,0
20240418,170000,7827.5,7830,7820,7827.5,28669,0
20240418,180000,7827.5,7842.5,7826,7839,24881,0
20240418,190000,7838.5,7855,7838.5,7846.5,26507,0
20240418,200000,7846.5,7864.5,7844.5,7858,14257,0
20240418,210000,7858.5,7863.5,7851.5,7857.5,9441,0
20240418,220000,7858,7858,7848,7850,6535,0
20240418,230000,7853,7855.5,7827.5,7840,45611,0
20240419,100000,7860,7868.5,7841,7846.5,65150,0
20240419,110000,7847,7847,7803.5,7805.5,95305,0
20240419,120000,7805,7815,7790,7808,139924,0
20240419,130000,7808,7820,7805,7819.5,64663,0
20240419,140000,7817.5,7820,7812,7817,55102,0
20240419,150000,7817,7827,7815,7820.5,86889,0
20240419,160000,7820.5,7848,7816,7839.5,30443,0
20240419,170000,7840,7860,7834.5,7858,34183,0
20240419,180000,7857.5,7858.5,7840,7845,28997,0
20240419,190000,7843,7848,7833,7844,9475,0
20240419,200000,7844.5,7846,7838,7839.5,3495,0
20240419,210000,7839.5,7842,7838,7839.5,4958,0
20240419,220000,7839.5,7840,7830,7839.5,7098,0
20240419,230000,7839.5,7840,7830,7835.5,7655,0
20240422,100000,7836,7850,7820,7847,74892,0
20240422,110000,7847.5,7848.5,7816,7826.5,61068,0
20240422,120000,7826.5,7835,7806,7815,79113,0
20240422,130000,7815,7825,7803,7825,48780,0
20240422,140000,7825,7825,7810,7822,37418,0
20240422,150000,7822,7825,7814.5,7822,42481,0
20240422,160000,7822,7824,7815,7824,38686,0
20240422,170000,7824,7855,7819.5,7854.5,95833,0
20240422,180000,7854.5,7878,7833,7850,98932,0
20240422,190000,7851,7872.5,7847,7849,25898,0
20240422,200000,7849.5,7851.5,7846,7850,12036,0
20240422,210000,7850,7854,7849,7849.5,9721,0
20240422,220000,7849,7850,7831.5,7833.5,22941,0
20240422,230000,7833.5,7846.5,7824,7827.5,20416,0
20240423,100000,7846,7886.5,7840,7866,77731,0
20240423,110000,7864.5,7885,7853.5,7876.5,56852,0
20240423,120000,7876,7883,7856.5,7858.5,61188,0
20240423,130000,7858,7859,7833,7841,47900,0
20240423,140000,7841,7843,7830,7843,36695,0
20240423,150000,7842.5,7842.5,7830,7830,37489,0
20240423,160000,7830.5,7836,7814,7818.5,52080,0
20240423,170000,7818.5,7849.5,7811,7839,46976,0
20240423,180000,7840,7849,7806,7820,44514,0
20240423,190000,7810,7834,7810,7826,7585,0
20240423,200000,7826,7826,7812.5,7822.5,10958,0
20240423,210000,7822.5,7848,7820.5,7835,17824,0
20240423,220000,7833.5,7840,7825,7825.5,5002,0
20240423,230000,7826,7843.5,7821,7840,10054,0
20240424,100000,7846.5,7854,7825,7838,52246,0
20240424,110000,7838,7845,7805.5,7813,53694,0
20240424,120000,7812.5,7835,7803.5,7833.5,44767,0
20240424,130000,7833.5,7835,7823,7825,28107,0
20240424,140000,7825.5,7849.5,7820,7849,26947,0
20240424,150000,7849,7851,7817,7817.5,50145,0
20240424,160000,7818.5,7835.5,7817.5,7823,17194,0
20240424,170000,7822,7830,7818,7824,24211,0
20240424,180000,7825,7828.5,7816,7816.5,21489,0
20240424,190000,7828.5,7829,7815.5,7817,11262,0
20240424,200000,7816.5,7826,7812.5,7822.5,7937,0
20240424,210000,7822.5,7825.5,7820,7822.5,4809,0
20240424,220000,7822.5,7825,7820,7824,3349,0
20240424,230000,7824,7825.5,7820.5,7820.5,3003,0
20240425,100000,7820.5,7831.5,7809.5,7812,34312,0
20240425,110000,7812,7825,7810,7812,31452,0
20240425,120000,7811.5,7820,7811,7813,29775,0
20240425,130000,7813,7817,7812,7814.5,16342,0
20240425,140000,7814.5,7820,7812,7812,24092,0
20240425,150000,7812,7818.5,7810,7810.5,29643,0
20240425,160000,7810.5,7825,7810,7818,31882,0
20240425,170000,7818,7820,7811.5,7815,34877,0
20240425,180000,7815,7829.5,7813.5,7827.5,49292,0
20240425,190000,7828,7829,7818.5,7822,7551,0
20240425,200000,7823.5,7825,7815,7825,4900,0
20240425,210000,7825.5,7827.5,7823.5,7825.5,4437,0
20240425,220000,7825.5,7828,7822.5,7827.5,3199,0
20240425,230000,7827,7828.5,7823,7827.5,4451,0
20240426,100000,7828,7859,7816,7833.5,52251,0
20240426,110000,7834,7859.5,7833.5,7854.5,58717,0
20240426,120000,7855,7861,7837,7846,44901,0
20240426,130000,7846.5,7875,7840,7864,59447,0
20240426,140000,7864,7867,7810,7837.5,69807,0
20240426,150000,7837.5,7858.5,7828.5,7856.5,51544,0
20240426,160000,7856,7865,7840.5,7864.5,58261,0
20240426,170000,7865,7881,7855,7877.5,77530,0
20240426,180000,7877,7899,7877,7885,88776,0
20240426,190000,7885.5,7907.5,7885,7900.5,46187,0
20240426,200000,7900,7915,7897.5,7907.5,48383,0
20240426,210000,7909,7936,7906.5,7932.5,68525,0
20240426,220000,7932.5,7940,7920,7921,32733,0
20240426,230000,7921,7930,7917,7929.5,19497,0
20240427,100000,7931,7995,7931,7974,156762,0
20240427,110000,7974,7975.5,7963,7975.5,44750,0
20240427,120000,7975.5,7987.5,7972,7985,46204,0
20240427,130000,7985,7985,7961,7969,39066,0
20240427,140000,7967.5,7986,7967.5,7976.5,31358,0
20240427,150000,7976.5,7988,7975,7987.5,40783,0
20240427,160000,7988,8000,7980.5,7985,89819,0
20240427,170000,7985,8000,7985,7999,50555,0
20240427,180000,7998.5,8000,7984,7997,52353,0
20240427,190000,7984,8018.5,7982,8011.5,39069,0
20240427,200000,8011,8015,8000,8006,17692,0
20240427,210000,8005.5,8006.5,7990.5,7997,19584,0
20240427,220000,7996.5,8000,7990,7995.5,13756,0
20240427,230000,7996.5,8005.5,7993,8002.5,12287,0
20240429,100000,8017.5,8057,8016,8053,90449,0
20240429,110000,8053,8087,8052,8070.5,74343,0
20240429,120000,8071,8093.5,8065.5,8093.5,36006,0
20240429,130000,8093,8143.5,8091.5,8142.5,115176,0
20240429,140000,8142.5,8143,8114.5,8122,67655,0
20240429,150000,8122,8143,8118.5,8143,43603,0
20240429,160000,8143,8150,8138,8143.5,40082,0
20240429,170000,8143.5,8143.5,8127,8131.5,26866,0
20240429,180000,8131.5,8142,8131.5,8142,13336,0
20240429,190000,8143,8152,8142,8148,22875,0
20240429,200000,8146.5,8150,8145,8148.5,12595,0
20240429,210000,8148,8159,8146.5,8154,22188,0
20240429,220000,8154,8161.5,8152,8155.5,19520,0
20240429,230000,8154.5,8160.5,8147,8152,15849,0
20240430,100000,8152.5,8175,8101,8126.5,130578,0
20240430,110000,8126,8126,8080,8093.5,81808,0
20240430,120000,8094.5,8123.5,8088,8112.5,40143,0
20240430,130000,8112.5,8120,8100,8114,27210,0
20240430,140000,8116,8121.5,8105.5,8119,20004,0
20240430,150000,8119.5,8129.5,8108.5,8114,24748,0
20240430,160000,8114.5,8117,8096,8096.5,19942,0
20240430,170000,8096.5,8117,8096.5,8107,15442,0
20240430,180000,8107.5,8112.5,8097,8097,15254,0
20240430,190000,8097,8108,8095,8098,11515,0
20240430,200000,8098,8100,8090,8096,13851,0
20240430,210000,8095,8106,8090,8104.5,6853,0
20240430,220000,8104,8106,8090,8098.5,10259,0
20240430,230000,8097.5,8099,8084,8085.5,16328,0
20240502,100000,8096.5,8125,8037,8118,153081,0
20240502,110000,8118.5,8119.5,8081.5,8085,48194,0
20240502,120000,8085,8088,8040,8063,75546,0
20240502,130000,8061,8064,8045,8052,40670,0
20240502,140000,8052,8080.5,8050,8060,36514,0
20240502,150000,8059.5,8063,8050.5,8060,28697,0
20240502,160000,8060,8070,8051.5,8063.5,48979,0
20240502,170000,8064,8066,8041,8059,38372,0
20240502,180000,8059,8081,8055,8075,30606,0
20240502,190000,8070,8079.5,8065.5,8068.5,8940,0
20240502,200000,8068,8074,8063,8073.5,11993,0
20240502,210000,8073,8080,8073,8076,10517,0
20240502,220000,8075.5,8100,8075.5,8097,16648,0
20240502,230000,8096.5,8106.5,8096,8104.5,15113,0
20240503,100000,8096.5,8100,8051.5,8051.5,79069,0
20240503,110000,8053.5,8064,8010,8025.5,113376,0
20240503,120000,8025.5,8049.5,8019.5,8047.5,43193,0
20240503,130000,8047.5,8073,8042,8065,30258,0
20240503,140000,8066.5,8070,8059,8059.5,23252,0
20240503,150000,8059.5,8065,8055.5,8057.5,46589,0
20240503,160000,8058,8093,8055,8092,45199,0
20240503,170000,8092,8100,8080,8091.5,68904,0
20240503,180000,8091.5,8100,8081.5,8099,37580,0
20240503,190000,8097,8097,8083,8088,14988,0
20240503,200000,8088,8088,8080,8087,14430,0
20240503,210000,8087,8096.5,8085,8093,13604,0
20240503,220000,8093,8093.5,8080,8084.5,18612,0
20240503,230000,8084.5,8085,8061.5,8075.5,20381,0
20240506,100000,8075,8089,7967,7988,461433,0
20240506,110000,7988,7988,7921,7938.5,457729,0
20240506,120000,7938.5,7938.5,7901,7923,277860,0
20240506,130000,7922,7974,7921,7970,213259,0
20240506,140000,7970,7999.5,7960.5,7998,173628,0
20240506,150000,7998,8020,7995,8012.5,145126,0
20240506,160000,8013,8020,7999,8013,77295,0
20240506,170000,8013,8020,8005,8019,89254,0
20240506,180000,8019,8039.5,7953,7971,286109,0
20240506,190000,7983,8008,7960,7971.5,81814,0
20240506,200000,7971,8000,7950,7965.5,89612,0
20240506,210000,7964.5,7988,7963,7985,47332,0
20240506,220000,7984,7997.5,7977,7996.5,61464,0
20240506,230000,7996.5,8026.5,7996.5,8026.5,105986,0
20240507,100000,7593.5,7763.5,7574,7724.5,1369540,0
20240507,110000,7724.5,7757.5,7707,7736.5,273104,0
20240507,120000,7736.5,7750,7721.5,7727.5,107082,0
20240507,130000,7727,7745,7709.5,7714.5,115672,0
20240507,140000,7719,7723.5,7710,7718,76498,0
20240507,150000,7717.5,7734.5,7700.5,7719,129518,0
20240507,160000,7718.5,7730,7710.5,7726.5,55841,0
20240507,170000,7726.5,7755,7725.5,7745.5,82100,0
20240507,180000,7745.5,7748.5,7719,7726.5,65983,0
20240507,190000,7730,7744,7726.5,7738,21459,0
20240507,200000,7738,7739,7720,7724,34651,0
20240507,210000,7722.5,7726.5,7720,7722.5,16278,0
20240507,220000,7722.5,7723,7718.5,7722.5,16144,0
20240507,230000,7722,7723,7718,7722.5,23356,0
20240508,100000,7754,7772,7701.5,7714,234411,0
20240508,110000,7714,7726,7711,7723,63372,0
20240508,120000,7723,7724.5,7703.5,7706.5,67617,0
20240508,130000,7707,7713.5,7691,7711,96294,0
20240508,140000,7712,7713.5,7702,7702,26394,0
20240508,150000,7702,7711,7702,7710.5,25155,0
20240508,160000,7710,7721,7706,7707.5,43720,0
20240508,170000,7707.5,7720.5,7703,7718,47760,0
20240508,180000,7717,7719,7705,7705,22222,0
20240508,190000,7715,7716,7707,7711,10363,0
20240508,200000,7711,7712,7706,7711,7111,0
20240508,210000,7711.5,7711.5,7706.5,7711,8728,0
20240508,220000,7711,7715.5,7709,7712.5,10350,0
20240508,230000,7712.5,7719.5,7710,7714,17782,0
20240510,100000,7720.5,7726,7712,7723.5,67659,0
20240510,110000,7724,7726,7716.5,7720,10863,0
20240510,120000,7720,7726,7716.5,7724,15251,0
20240510,130000,7724.5,7726,7723,7725,12970,0
20240510,140000,7725,7726,7722,7726,11558,0
20240510,150000,7726,7726,7720,7721,10644,0
20240510,160000,7722.5,7726,7720,7721,8882,0
20240510,170000,7720.5,7726,7718,7719,17881,0
20240510,180000,7719,7724,7716,7724,9517,0
20240510,190000,7716.5,7716.5,7715,7716,13579,0
20240510,200000,7716,7716,7712.5,7713,17738,0
20240510,210000,7713,7716,7712.5,7715,3685,0
20240510,220000,7715.5,7716,7713.5,7715,6068,0
20240510,230000,7715,7716,7710,7713.5,11332,0
20240513,100000,7726.5,7732,7690,7695.5,118071,0
20240513,110000,7695.5,7712.5,7681,7709,63380,0
20240513,120000,7709,7711,7701,7705,31267,0
20240513,130000,7705,7710,7700,7704.5,41493,0
20240513,140000,7705,7709,7697.5,7703,32638,0
20240513,150000,7702.5,7705,7691,7701,40342,0
20240513,160000,7701,7707,7700,7706.5,18756,0
20240513,170000,7707,7710,7705.5,7710,57862,0
20240513,180000,7710,7710,7701,7701,27498,0
20240513,190000,7701,7705,7695,7699.5,8916,0
20240513,200000,7700,7700,7685,7692.5,22571,0
20240513,210000,7692.5,7696,7676,7694,26343,0
20240513,220000,7692.5,7697,7688,7693.5,6097,0
20240513,230000,7693,7693.5,7685.5,7689,7658,0
20240514,100000,7692,7710,7685.5,7700.5,59332,0
20240514,110000,7700.5,7702.5,7685,7700,42691,0
20240514,120000,7698.5,7700,7691,7699,29062,0
20240514,130000,7699.5,7703,7691,7701,32923,0
20240514,140000,7703,7710,7695.5,7704,56971,0
20240514,150000,7703.5,7709.5,7700,7706,24772,0
20240514,160000,7706.5,7710,7700,7707.5,44672,0
20240514,170000,7707.5,7710,7678,7688,92304,0
20240514,180000,7688,7690,7670,7674,61615,0
20240514,190000,7684,7690,7674,7685,14736,0
20240514,200000,7687,7688.5,7675,7679.5,14033,0
20240514,210000,7681.5,7683,7672.5,7677.5,9937,0
20240514,220000,7677.5,7681,7671.5,7678.5,7439,0
20240514,230000,7679,7679.5,7671,7672,5181,0
20240515,100000,7676.5,7692,7662,7665.5,75118,0
20240515,110000,7666.5,7666.5,7645,7660,66879,0
20240515,120000,7660,7660,7655,7658.5,39546,0
20240515,130000,7658,7658.5,7640,7643.5,56404,0
20240515,140000,7643.5,7650,7641,7644.5,44533,0
20240515,150000,7644.5,7655.5,7643,7654.5,34539,0
20240515,160000,7654.5,7655,7643,7645,30317,0
20240515,170000,7645,7655,7643,7649,34053,0
20240515,180000,7649.5,7653.5,7640,7640,28184,0
20240515,190000,7640,7654.5,7640,7646,10990,0
20240515,200000,7647,7659,7642,7657.5,10290,0
20240515,210000,7658.5,7662.5,7657.5,7662.5,5065,0
20240515,220000,7662.5,7666.5,7658,7662,8645,0
20240515,230000,7664,7664,7655,7655.5,6188,0
20240516,100000,7655.5,7685,7641,7644.5,52187,0
20240516,110000,7644.5,7656,7633,7654,49339,0
20240516,120000,7654,7670,7650,7670,41758,0
20240516,130000,7670,7683,7664,7669,45899,0
20240516,140000,7669,7679,7656,7660,31516,0
20240516,150000,7660,7670,7656,7670,16826,0
20240516,160000,7670,7671.5,7656,7668.5,28827,0
20240516,170000,7668.5,7700,7667.5,7697,73905,0
20240516,180000,7697,7724.5,7678.5,7691,90023,0
20240516,190000,7691,7719.5,7681,7714.5,33128,0
20240516,200000,7714,7720,7711,7716,19503,0
20240516,210000,7715.5,7719,7707,7709,14544,0
20240516,220000,7709,7715,7704.5,7713,11066,0
20240516,230000,7713.5,7718,7708,7715,9172,0
20240517,100000,7730,7803,7729,7788.5,193422,0
20240517,110000,7788.5,7793.5,7762,7778,87386,0
20240517,120000,7778.5,7796.5,7778,7794.5,43280,0
20240517,130000,7795,7820,7788,7819,107663,0
20240517,140000,7819,7838,7802.5,7815,113261,0
20240517,150000,7816.5,7822,7803.5,7819.5,49933,0
20240517,160000,7820,7843.5,7813,7836,77309,0
20240517,170000,7836,7859.5,7832,7859,105586,0
20240517,180000,7859,7871.5,7848,7856.5,115079,0
20240517,190000,7850,7859.5,7841,7849,42503,0
20240517,200000,7847.5,7854.5,7842,7847,15320,0
20240517,210000,7849,7855,7846,7847,9365,0
20240517,220000,7847.5,7858.5,7846,7847,22251,0
20240517,230000,7848,7855,7841.5,7854.5,27864,0
20240520,100000,7893,7938,7876.5,7881,178770,0
20240520,110000,7881.5,7886.5,7841.5,7848.5,85579,0
20240520,120000,7849,7874,7845,7845.5,59225,0
20240520,130000,7845.5,7872.5,7805,7819.5,111974,0
20240520,140000,7819.5,7866,7808,7836,77022,0
20240520,150000,7836.5,7838,7805,7806.5,63065,0
20240520,160000,7806.5,7820,7800,7813,74048,0
20240520,170000,7813,7858,7805,7813,38860,0
20240520,180000,7812.5,7824,7800,7800,30576,0
20240520,190000,7810,7819,7752,7792,60478,0
20240520,200000,7794,7850,7775,7840.5,47515,0
20240520,210000,7840,7840.5,7825.5,7837.5,12800,0
20240520,220000,7836,7837.5,7815.5,7830.5,16196,0
20240520,230000,7830,7835,7822.5,7834.5,5706,0
20240521,100000,7835.5,7889,7800,7853.5,112170,0
20240521,110000,7854,7900,7843,7876.5,113651,0
20240521,120000,7876.5,7879,7853.5,7875,69434,0
20240521,130000,7874.5,7876,7811,7862.5,51543,0
20240521,140000,7863,7870,7820,7838.5,45043,0
20240521,150000,7840,7840,7815,7819,59416,0
20240521,160000,7819,7824,7788,7794.5,71473,0
20240521,170000,7794,7845.5,7788,7845,74913,0
20240521,180000,7845.5,7850,7804.5,7804.5,61314,0
20240521,190000,7804.5,7824.5,7800.5,7820.5,27639,0
20240521,200000,7821.5,7825,7810.5,7822.5,12355,0
20240521,210000,7822,7828,7816.5,7820.5,9187,0
20240521,220000,7820.5,7845,7819,7842.5,14236,0
20240521,230000,7842.5,7849.5,7834.5,7848,13021,0
20240522,100000,7849.5,7850,7812,7847,59955,0
20240522,110000,7846.5,7879,7845.5,7859.5,52661,0
20240522,120000,7859.5,7878,7850,7870,54243,0
20240522,130000,7870,7875,7857.5,7868.5,42653,0
20240522,140000,7869,7871,7841,7846.5,37023,0
20240522,150000,7846,7860,7842,7852,26356,0
20240522,160000,7851.5,7855,7825,7843,37192,0
20240522,170000,7843,7844.5,7831,7832,30070,0
20240522,180000,7831.5,7842,7830.5,7837,20947,0
20240522,190000,7837,7840,7826,7830,10989,0
20240522,200000,7829.5,7830,7820,7826.5,15593,0
20240522,210000,7827.5,7827.5,7805,7818.5,21943,0
20240522,220000,7818,7825,7812.5,7824,4223,0
20240522,230000,7824.5,7838,7815,7820,24301,0
20240523,100000,7820.5,7828.5,7800.5,7807,60709,0
20240523,110000,7807,7818,7777.5,7802.5,89184,0
20240523,120000,7802.5,7810,7785.5,7801.5,40099,0
20240523,130000,7802,7810,7795,7803,28919,0
20240523,140000,7803,7803,7789,7794,23576,0
20240523,150000,7793,7801.5,7793,7801.5,26946,0
20240523,160000,7801,7842,7800,7839,71476,0
20240523,170000,7839,7842,7826,7842,48544,0
20240523,180000,7842,7861,7835.5,7861,64139,0
20240523,190000,7860,7861,7840,7843,11631,0
20240523,200000,7842,7854,7841.5,7847.5,11337,0
20240523,210000,7847.5,7848,7840.5,7843.5,5331,0
20240523,220000,7843.5,7849,7842,7842.5,7260,0
20240523,230000,7843,7847.5,7840,7841.5,9189,0
20240524,100000,7841,7858.5,7795,7802,103967,0
20240524,110000,7802,7810.5,7763,7769,95085,0
20240524,120000,7769,7777,7727,7776.5,115508,0
20240524,130000,7777,7799,7743,7784,111816,0
20240524,140000,7784.5,7785,7716,7730,81978,0
20240524,150000,7729,7769,7701,7728,131585,0
20240524,160000,7729,7764,7708,7752.5,67077,0
20240524,170000,7752.5,7781,7746.5,7777.5,49029,0
20240524,180000,7778,7786,7745.5,7750,37889,0
20240524,190000,7750,7757,7726,7735,21368,0
20240524,200000,7735,7748,7732,7733.5,10072,0
20240524,210000,7734.5,7742.5,7731.5,7731.5,5547,0
20240524,220000,7733,7737.5,7720,7720.5,12973,0
20240524,230000,7722,7727.5,7720,7720,9953,0
20240527,100000,7719.5,7750,7625,7646,182557,0
20240527,110000,7645.5,7660,7628.5,7653,113984,0
20240527,120000,7652,7656,7580.5,7639,128088,0
20240527,130000,7639,7674,7614,7674,81193,0
20240527,140000,7673.5,7677,7620,7629.5,55276,0
20240527,150000,7629.5,7645,7613.5,7632.5,33352,0
20240527,160000,7633,7655,7601,7610,58935,0
20240527,170000,7610,7630,7582,7587,95533,0
20240527,180000,7588.5,7615.5,7580,7600,82351,0
20240527,190000,7600,7600,7479,7538,206105,0
20240527,200000,7538,7571,7534,7551,47100,0
20240527,210000,7551,7566.5,7533,7548.5,29084,0
20240527,220000,7548.5,7563.5,7547.5,7555.5,15734,0
20240527,230000,7555.5,7557,7536,7541.5,11239,0
20240528,100000,7557,7653.5,7431,7639.5,294337,0
20240528,110000,7639.5,7662.5,7563,7603,104069,0
20240528,120000,7603.5,7635,7601,7634,38884,0
20240528,130000,7634,7657.5,7624,7652.5,58145,0
20240528,140000,7652.5,7675.5,7643,7669.5,47813,0
20240528,150000,7669,7700,7656,7665,82113,0
20240528,160000,7664.5,7693.5,7605,7617,58543,0
20240528,170000,7618,7645,7600,7625.5,50594,0
20240528,180000,7624,7653.5,7605,7605,57530,0
20240528,190000,7605,7608,7570.5,7574,32695,0
20240528,200000,7573.5,7605.5,7572,7604,16310,0
20240528,210000,7604.5,7615,7599.5,7608.5,8455,0
20240528,220000,7608.5,7614,7590,7594,11504,0
20240528,230000,7593.5,7596.5,7585,7590,8724,0
20240529,100000,7600,7637.5,7582.5,7615,69829,0
20240529,110000,7615,7637,7607,7618.5,30054,0
20240529,120000,7619,7630,7592,7628.5,21078,0
20240529,130000,7628.5,7646,7607.5,7638.5,28474,0
20240529,140000,7639,7640,7596,7596.5,22508,0
20240529,150000,7596.5,7619.5,7583,7606,56032,0
20240529,160000,7607,7625,7601,7618.5,31519,0
20240529,170000,7619,7640,7616.5,7632.5,37927,0
20240529,180000,7632.5,7669.5,7628,7653,53043,0
20240529,190000,7653,7666,7652,7653,13453,0
20240529,200000,7652.5,7659.5,7642.5,7646.5,9428,0
20240529,210000,7646,7664,7643,7658,5441,0
20240529,220000,7657.5,7674.5,7657,7667.5,13502,0
20240529,230000,7666,7689,7665,7684,8765,0
20240530,100000,7698,7722.5,7684,7709,98108,0
20240530,110000,7709.5,7719,7688,7695,48463,0
20240530,120000,7695,7712,7690,7711.5,26800,0
20240530,130000,7711,7715,7654,7688.5,58741,0
20240530,140000,7688.5,7688.5,7631.5,7648.5,33372,0
20240530,150000,7648.5,7683,7642.5,7653.5,20172,0
20240530,160000,7653,7675,7648,7669,21835,0
20240530,170000,7666.5,7674.5,7651,7652.5,15739,0
20240530,180000,7652.5,7657,7580.5,7600,59218,0
20240530,190000,7611,7611,7551,7591,43075,0
20240530,200000,7592.5,7612.5,7570,7610,46289,0
20240530,210000,7609,7624,7593,7596.5,19986,0
20240530,220000,7596.5,7601,7560,7560,27582,0
20240530,230000,7560.5,7582,7554.5,7567,17908,0
20240531,100000,7567,7607,7481,7484,161715,0
20240531,110000,7483.5,7576,7482.5,7573,86474,0
20240531,120000,7574,7575,7501,7507,67319,0
20240531,130000,7507.5,7517,7492,7507.5,49524,0
20240531,140000,7507.5,7523,7500,7523,44971,0
20240531,150000,7522.5,7536.5,7521,7534,24577,0
20240531,160000,7531,7559,7501,7506,56908,0
20240531,170000,7506.5,7517,7455,7473,76521,0
20240531,180000,7473,7473.5,7372.5,7409.5,149549,0
20240531,190000,7400,7433,7301,7425,216815,0
20240531,200000,7424.5,7425,7361,7373.5,77250,0
20240531,210000,7370.5,7393.5,7343,7344,45508,0
20240531,220000,7343,7375,7322,7349,66027,0
20240531,230000,7347.5,7364.5,7335,7355.5,31369,0
20240603,100000,7395,7479.5,7395,7424.5,269407,0
20240603,110000,7424,7441.5,7354,7386.5,134690,0
20240603,120000,7386.5,7401,7332.5,7399,138058,0
20240603,130000,7399,7414,7270,7303.5,172267,0
20240603,140000,7309.5,7330,7161,7185,192285,0
20240603,150000,7184.5,7250,7170,7211,181818,0
20240603,160000,7211,7266,7200.5,7219.5,128381,0
20240603,170000,7219,7292,7166,7265.5,219548,0
20240603,180000,7265.5,7269.5,7195,7200,110017,0
20240603,190000,7213.5,7248.5,7204,7246.5,41387,0
20240603,200000,7248.5,7269.5,7238,7269,25498,0
20240603,210000,7269,7269.5,7235,7240,22022,0
20240603,220000,7240.5,7252,7233.5,7242.5,18862,0
20240603,230000,7242.5,7267.5,7240,7252,12800,0
20240604,100000,7248,7315.5,7202.5,7276,157464,0
20240604,110000,7276,7289,7200,7214,116098,0
20240604,120000,7214,7256,7185,7240,87016,0
20240604,130000,7240.5,7284.5,7236,7266.5,53859,0
20240604,140000,7268,7392.5,7261,7355.5,209692,0
20240604,150000,7356.5,7385,7330,7371,88622,0
20240604,160000,7370.5,7385,7338.5,7347.5,62260,0
20240604,170000,7347,7385,7339,7368,81671,0
20240604,180000,7368.5,7369.5,7314,7315,59393,0
20240604,190000,7323,7342.5,7317.5,7334,16530,0
20240604,200000,7334,7359,7333.5,7350.5,9660,0
20240604,210000,7349,7419,7348,7407.5,29571,0
20240604,220000,7408,7454.5,7407.5,7421.5,58748,0
20240604,230000,7421.5,7433,7421.5,7426,12949,0
20240605,100000,7430.5,7442.5,7382.5,7413,107388,0
20240605,110000,7413,7467,7396,7446.5,79274,0
20240605,120000,7447,7506.5,7435.5,7504,66126,0
20240605,130000,7504,7544,7500,7505,110548,0
20240605,140000,7504,7525.5,7450,7475,104304,0
20240605,150000,7475,7479.5,7414,7451,59135,0
20240605,160000,7451,7473,7432,7450,34705,0
20240605,170000,7450,7518,7448,7512.5,50162,0
20240605,180000,7512,7512.5,7480,7484.5,28008,0
20240605,190000,7489.5,7496.5,7455.5,7474.5,12574,0
20240605,200000,7474,7480,7380.5,7393.5,33558,0
20240605,210000,7393.5,7415,7377,7402.5,45959,0
20240605,220000,7405,7424.5,7390,7408.5,13001,0
20240605,230000,7409,7414.5,7399.5,7412.5,8107,0
20240606,100000,7426.5,7443,7351,7438.5,84626,0
20240606,110000,7437,7478.5,7431.5,7450,53819,0
20240606,120000,7448,7455,7392,7411,38830,0
20240606,130000,7409.5,7417.5,7362,7380,42418,0
20240606,140000,7380,7396.5,7366.5,7383,48007,0
20240606,150000,7383,7420,7380,7414.5,32523,0
20240606,160000,7413,7435.5,7413,7425,21336,0
20240606,170000,7423,7434.5,7408,7421.5,29055,0
20240606,180000,7425.5,7434,7394,7403,19883,0
20240606,190000,7415,7427,7403,7422,7748,0
20240606,200000,7422,7426,7407,7413.5,7382,0
20240606,210000,7413.5,7417.5,7404,7414,5568,0
20240606,220000,7414.5,7419,7403,7411,7055,0
20240606,230000,7411,7413.5,7396.5,7398,7966,0
20240607,100000,7403,7470,7403,7423.5,77739,0
20240607,110000,7421.5,7441.5,7406,7437.5,50995,0
20240607,120000,7437,7475,7416.5,7438.5,66495,0
20240607,130000,7438.5,7599,7421.5,7572.5,308300,0
20240607,140000,7576,7587.5,7494,7497.5,130220,0
20240607,150000,7497.5,7518.5,7462,7490.5,84690,0
20240607,160000,7491.5,7492,7443.5,7467,114424,0
20240607,170000,7467,7485,7427.5,7433,97789,0
20240607,180000,7433,7479,7430,7469,46083,0
20240607,190000,7459.5,7476,7443.5,7461,25312,0
20240607,200000,7461,7476,7452.5,7471,21512,0
20240607,210000,7471,7480,7463.5,7475.5,9998,0
20240607,220000,7475.5,7490,7475,7488,11089,0
20240607,230000,7488.5,7493,7480,7489,18357,0
20240610,100000,7518.5,7523.5,7465,7516,110913,0
20240610,110000,7516,7520,7491.5,7500.5,37248,0
20240610,120000,7500,7507,7432,7448.5,81027,0
20240610,130000,7448.5,7466.5,7413,7414.5,54509,0
20240610,140000,7414.5,7430,7365,7393.5,103194,0
20240610,150000,7393.5,7408.5,7365,7394,51313,0
20240610,160000,7394,7414.5,7385,7405,20792,0
20240610,170000,7405.5,7415,7383,7394,36026,0
20240610,180000,7394.5,7399.5,7300,7330,111167,0
20240610,190000,7314,7342,7261,7340,95824,0
20240610,200000,7339.5,7341,7295,7330.5,31453,0
20240610,210000,7330.5,7355.5,7327,7345,19039,0
20240610,220000,7343,7352.5,7330,7352,12252,0
20240610,230000,7350,7354,7303.5,7315,18885,0
20240611,100000,7315,7319,7240.5,7299,165936,0
20240611,110000,7299,7370,7297,7322,89318,0
20240611,120000,7325,7334,7245,7255,108187,0
20240611,130000,7254.5,7282.5,7235,7276.5,90871,0
20240611,140000,7277,7310,7260.5,7292.5,52775,0
20240611,150000,7292.5,7299,7270.5,7285,21259,0
20240611,160000,7285,7300,7274,7296,43006,0
20240611,170000,7296,7300,7285,7289.5,62345,0
20240611,180000,7289.5,7298.5,7265,7276,24810,0
20240611,190000,7280,7299.5,7280,7292,17186,0
20240611,200000,7292,7292,7278,7291,8356,0
20240611,210000,7288,7292,7285.5,7291.5,4664,0
20240611,220000,7291.5,7293,7286,7287,4057,0
20240611,230000,7286.5,7293,7283,7290,5432,0
20240613,100000,7050,7204.5,6923,7117.5,462437,0
20240613,110000,7116.5,7170,7086,7167.5,153133,0
20240613,120000,7167,7200,7110,7137,105869,0
20240613,130000,7138,7139.5,7100,7105.5,76762,0
20240613,140000,7107,7163.5,7105.5,7153,43295,0
20240613,150000,7151.5,7242.5,7151.5,7236.5,109362,0
20240613,160000,7237,7250,7206.5,7230,85955,0
20240613,170000,7229.5,7260,7207,7257,59179,0
20240613,180000,7257.5,7276,7244,7248,57739,0
20240613,190000,7248,7270.5,7239.5,7254,15915,0
20240613,200000,7255.5,7255.5,7246,7246.5,5984,0
20240613,210000,7247.5,7249.5,7210,7215,21631,0
20240613,220000,7214,7219.5,7185.5,7192,31962,0
20240613,230000,7193,7193.5,7157,7178.5,33356,0
20240614,100000,7192,7228.5,7181.5,7211.5,81086,0
20240614,110000,7210,7232,7200,7231,39893,0
20240614,120000,7231,7248.5,7223.5,7238,29935,0
20240614,130000,7238.5,7289.5,7238.5,7283,95675,0
20240614,140000,7283,7334,7272,7319,64894,0
20240614,150000,7318.5,7338,7300.5,7336.5,62295,0
20240614,160000,7336,7381,7333,7376,126639,0
20240614,170000,7376,7403.5,7323.5,7396,109826,0
20240614,180000,7397.5,7400,7373.5,7393,53577,0
20240614,190000,7389.5,7392.5,7359,7370,20695,0
20240614,200000,7370.5,7372.5,7331,7346.5,19381,0
20240614,210000,7347,7363,7336.5,7341,9423,0
20240614,220000,7341,7357.5,7341,7353.5,7442,0
20240614,230000,7353.5,7372,7347,7368,14523,0
20240617,100000,7376,7390.5,7332,7354,67164,0
20240617,110000,7354.5,7355,7266,7276,104253,0
20240617,120000,7275,7321,7245.5,7300,91202,0
20240617,130000,7300,7320,7295,7306,27960,0
20240617,140000,7306.5,7314,7253,7262,53363,0
20240617,150000,7262.5,7293.5,7255,7259.5,40288,0
20240617,160000,7259,7285.5,7254,7255.5,35978,0
20240617,170000,7255.5,7270,7231,7266,74170,0
20240617,180000,7265,7269,7243,7243,22471,0
20240617,190000,7250,7250,7217,7229,28340,0
20240617,200000,7227.5,7239,7218,7230,15274,0
20240617,210000,7228.5,7231.5,7207,7208.5,15944,0
20240617,220000,7207.5,7238,7207,7224,15295,0
20240617,230000,7222.5,7237,7202,7203,19162,0
20240618,100000,7203.5,7234,7171,7230.5,132956,0
20240618,110000,7230.5,7234,7208.5,7219.5,49017,0
20240618,120000,7220,7229,7200,7209,49407,0
20240618,130000,7208.5,7219,7190,7193.5,51867,0
20240618,140000,7194,7209,7171.5,7184.5,34332,0
20240618,150000,7184,7187,7114,7144.5,100290,0
20240618,160000,7145.5,7170,7120,7139.5,84206,0
20240618,170000,7139,7159.5,7104,7111,82982,0
20240618,180000,7111.5,7123.5,7060,7089,134781,0
20240618,190000,7089,7094.5,7015,7041.5,107348,0
20240618,200000,7041.5,7054,7018,7023,43875,0
20240618,210000,7023,7029.5,7016,7022,33809,0
20240618,220000,7022,7022,6993.5,7000,78054,0
20240618,230000,7000,7040.5,6999.5,7036,34976,0
20240619,100000,7044.5,7057.5,6905,7024.5,266866,0
20240619,110000,7024.5,7107.5,7008.5,7010,151742,0
20240619,120000,7010,7053.5,6980,6985,126522,0
20240619,130000,6984.5,7018.5,6960,6975,82465,0
20240619,140000,6975,7021,6950,7000.5,100058,0
20240619,150000,7001,7025,6985,7005.5,61698,0
20240619,160000,7006,7023,6981,6993,51704,0
20240619,170000,6992.5,7005,6901,6932,163472,0
20240619,180000,6932.5,6945,6901.5,6902,71677,0
20240619,190000,6905,6913,6831,6847.5,131049,0
20240619,200000,6848,6860,6806,6841,93333,0
20240619,210000,6842,6893,6838,6872,55539,0
20240619,220000,6872,6880.5,6853,6877,18865,0
20240619,230000,6876.5,6899,6874,6885,17358,0
20240620,100000,6885.5,6990,6885,6976.5,229890,0
20240620,110000,6976,7035,6976,7008,163679,0
20240620,120000,7007,7010,6940,6987,180918,0
20240620,130000,6986.5,6986.5,6861,6880.5,269605,0
20240620,140000,6880,6881.5,6633.5,6649,928724,0
20240620,150000,6648.5,7017.5,6642.5,6946.5,2012533,0
20240620,160000,6946.5,6993,6925.5,6958.5,194177,0
20240620,170000,6956,7077.5,6951.5,7069.5,158587,0
20240620,180000,7067.5,7163,7059.5,7163,222076,0
20240620,190000,7165.5,7171,7045,7087,154146,0
20240620,200000,7087.5,7129,7080,7098.5,46482,0
20240620,210000,7096,7140,7093,7130.5,19163,0
20240620,220000,7130.5,7133,7100,7112,18632,0
20240620,230000,7111.5,7131,7104.5,7112.5,13027,0
20240621,100000,7124,7191.5,7074,7113,226039,0
20240621,110000,7113.5,7149.5,7080,7092,137942,0
20240621,120000,7094,7115.5,7042.5,7043.5,111873,0
20240621,130000,7043,7105,7024,7104.5,107803,0
20240621,140000,7104.5,7150,7104.5,7118,93538,0
20240621,150000,7118,7130,7104,7114.5,60065,0
20240621,160000,7113,7118,7097,7101.5,34994,0
20240621,170000,7102,7115.5,7096,7099,33189,0
20240621,180000,7099,7110,7094,7105,24492,0
20240621,190000,7111,7111,7065,7091,29290,0
20240621,200000,7091,7091.5,7073,7076.5,9710,0
20240621,210000,7077,7097,7076,7095.5,14980,0
20240621,220000,7095,7098.5,7087,7091,5944,0
20240621,230000,7090.5,7093.5,7081,7084,9102,0
20240624,100000,7070,7121,7043,7110,128065,0
20240624,110000,7110,7111.5,7091,7091.5,118640,0
20240624,120000,7091.5,7095,7065,7076,126266,0
20240624,130000,7075,7099,7065,7093,58533,0
20240624,140000,7090,7099,7080.5,7092.5,28486,0
20240624,150000,7092.5,7092.5,7070,7084,37279,0
20240624,160000,7084,7125,7077,7125,70831,0
20240624,170000,7124.5,7125,7075,7081.5,50366,0
20240624,180000,7082,7098,7070,7092.5,39943,0
20240624,190000,7092.5,7092.5,7077.5,7082,9756,0
20240624,200000,7082.5,7082.5,7075,7080,5098,0
20240624,210000,7080,7080.5,7050.5,7052.5,14209,0
20240624,220000,7052,7068,7032.5,7065.5,11195,0
20240624,230000,7066,7067,7041,7051.5,14033,0
20240625,100000,7075,7083,7002,7054,126543,0
20240625,110000,7054,7054.5,7030,7030,38603,0
20240625,120000,7030,7079,7030,7071,58831,0
20240625,130000,7071.5,7118,7070.5,7115,65370,0
20240625,140000,7115,7150,7106,7110.5,108794,0
20240625,150000,7110,7140,7107.5,7113.5,52542,0
20240625,160000,7113.5,7130,7110,7126.5,31915,0
20240625,170000,7126.5,7130,7112,7117,27736,0
20240625,180000,7117,7148,7113.5,7138,62728,0
20240625,190000,7138,7189.5,7131.5,7189,55423,0
20240625,200000,7189,7200,7170,7195,34985,0
20240625,210000,7195,7230,7187.5,7222.5,30119,0
20240625,220000,7222.5,7246.5,7201.5,7206,31791,0
20240625,230000,7206.5,7223,7185.5,7204,12594,0
20240626,100000,7221,7276.5,7194.5,7260,169899,0
20240626,110000,7260.5,7297.5,7250,7264.5,118484,0
20240626,120000,7263.5,7288,7250,7284,50207,0
20240626,130000,7284.5,7313,7280,7288,84329,0
20240626,140000,7288,7295.5,7270,7270,50578,0
20240626,150000,7270.5,7277,7250,7263.5,68445,0
20240626,160000,7265.5,7280,7255.5,7272,46008,0
20240626,170000,7271.5,7277,7240,7276,75406,0
20240626,180000,7275,7280,7264.5,7280,35170,0
20240626,190000,7280,7280,7266.5,7268,14188,0
20240626,200000,7268.5,7270,7252.5,7259.5,9459,0
20240626,210000,7259.5,7268.5,7257,7263.5,5060,0
20240626,220000,7263,7275,7258,7273.5,5716,0
20240626,230000,7273,7275,7270,7275,8212,0
20240627,100000,7280,7293,7218,7218,152467,0
20240627,110000,7218,7227,7161,7199.5,149492,0
20240627,120000,7200,7209.5,7175,7193.5,58355,0
20240627,130000,7192,7223.5,7188,7220,33273,0
20240627,140000,7219,7219.5,7180,7197,31882,0
20240627,150000,7194.5,7245,7190,7240,60559,0
20240627,160000,7239.5,7267,7207.5,7221,72710,0
20240627,170000,7222,7245,7220.5,7233,39275,0
20240627,180000,7232.5,7237,7216.5,7216.5,29568,0
20240627,190000,7216.5,7222.5,7202,7209.5,14949,0
20240627,200000,7209.5,7222.5,7207,7217.5,4229,0
20240627,210000,7217,7229,7210,7226,9099,0
20240627,220000,7226.5,7227,7215,7222.5,4967,0
20240627,230000,7220,7230,7218,7227,6567,0
20240628,100000,7226,7271.5,7207,7262.5,83109,0
20240628,110000,7262.5,7262.5,7236,7246.5,26461,0
20240628,120000,7246.5,7250,7232.5,7249,28868,0
20240628,130000,7249,7249.5,7212,7215.5,29448,0
20240628,140000,7216,7220.5,7190,7190,31089,0
20240628,150000,7190,7204,7184,7194.5,36192,0
20240628,160000,7195,7220,7190,7205.5,62548,0
20240628,170000,7206,7213,7185,7189,19063,0
20240628,180000,7189,7209,7172,7209,48725,0
20240628,190000,7204,7217.5,7197,7209,13685,0
20240628,200000,7209,7210,7198.5,7203.5,5544,0
20240628,210000,7203.5,7212,7202.5,7211,5372,0
20240628,220000,7210,7211,7201.5,7202,4862,0
20240628,230000,7201.5,7216.5,7200,7211,8572,0
20240701,100000,7210,7235,7200,7212,57132,0
20240701,110000,7211,7216.5,7192.5,7194,49365,0
20240701,120000,7193.5,7219,7190,7192,34274,0
20240701,130000,7192,7223.5,7191,7221.5,27477,0
20240701,140000,7221.5,7229,7217,7227,24535,0
20240701,150000,7227,7268,7224,7259.5,63395,0
20240701,160000,7260,7262,7240,7255,49643,0
20240701,170000,7254.5,7291,7246,7291,55029,0
20240701,180000,7291,7307,7282,7300,70136,0
20240701,190000,7295.5,7299.5,7281.5,7292,16891,0
20240701,200000,7292,7302,7290,7297.5,10769,0
20240701,210000,7297.5,7301,7291.5,7296,7395,0
20240701,220000,7296,7330,7295.5,7325.5,22507,0
20240701,230000,7325.5,7328,7315,7326,17641,0
20240702,100000,7335,7358,7290.5,7349,161889,0
20240702,110000,7349.5,7349.5,7307.5,7343,53909,0
20240702,120000,7344,7358,7329,7352.5,59602,0
20240702,130000,7352.5,7353,7321,7326.5,43104,0
20240702,140000,7326.5,7347,7319,7320,29325,0
20240702,150000,7320,7350,7285,7326,99485,0
20240702,160000,7325.5,7326.5,7292,7320,62833,0
20240702,170000,7320,7326,7299,7320.5,37033,0
20240702,180000,7320.5,7330,7305.5,7325,33317,0
20240702,190000,7325,7325,7305,7315,8239,0
20240702,200000,7316,7317.5,7307.5,7313,7669,0
20240702,210000,7313,7314,7302,7310.5,8983,0
20240702,220000,7310.5,7312,7305.5,7310.5,2945,0
20240702,230000,7310.5,7312,7304,7309.5,3408,0
20240703,100000,7320.5,7321,7270,7295.5,68588,0
20240703,110000,7295,7298,7276,7285,30711,0
20240703,120000,7284.5,7319.5,7282,7296.5,40036,0
20240703,130000,7296,7313.5,7289.5,7301,27014,0
20240703,140000,7301,7320,7301,7317,21614,0
20240703,150000,7317,7319.5,7300,7305.5,30833,0
20240703,160000,7305.5,7308,7277.5,7296.5,39228,0
20240703,170000,7296.5,7301.5,7260,7260.5,49333,0
20240703,180000,7261,7273,7250,7269.5,39970,0
20240703,190000,7264.5,7269,7220,7222.5,50062,0
20240703,200000,7222.5,7246,7221.5,7242,12172,0
20240703,210000,7241,7262.5,7241,7244,15206,0
20240703,220000,7241.5,7241.5,7230.5,7238.5,6598,0
20240703,230000,7239,7240,7230.5,7230.5,4497,0
20240704,100000,7224.5,7258,7191,7243,93746,0
20240704,110000,7243,7260,7217,7236,30430,0
20240704,120000,7236,7241,7210,7232.5,22598,0
20240704,130000,7233,7234,7204,7212.5,30564,0
20240704,140000,7212,7217.5,7201.5,7207,25303,0
20240704,150000,7207,7227.5,7162,7175,128058,0
20240704,160000,7174.5,7175,7087,7109,148579,0
20240704,170000,7109,7169.5,7080,7140,130899,0
20240704,180000,7140,7148,7082,7101.5,87166,0
20240704,190000,7101.5,7127,7089,7100,27060,0
20240704,200000,7100,7122,7097,7107,13103,0
20240704,210000,7109,7118,7105,7109.5,4245,0
20240704,220000,7110.5,7110.5,7098.5,7102,5534,0
20240704,230000,7102.5,7114,7100,7109.5,9691,0
20240705,100000,7110,7129,7047,7073,136958,0
20240705,110000,7073,7084,7035,7083,106501,0
20240705,120000,7083.5,7255,7075,7208.5,509797,0
20240705,130000,7208.5,7249.5,7176,7197,278043,0
20240705,140000,7196.5,7220,7164.5,7179,124527,0
20240705,150000,7178,7208.5,7151,7175,80897,0
20240705,160000,7175.5,7209,7157.5,7179.5,52281,0
20240705,170000,7180.5,7193.5,7167,7187,27222,0
20240705,180000,7187.5,7205,7181,7192,28356,0
20240705,190000,7193,7226.5,7185,7205.5,34126,0
20240705,200000,7201,7226,7198,7203.5,11315,0
20240705,210000,7203.5,7217,7197.5,7203.5,11404,0
20240705,220000,7204,7211,7198,7199,10357,0
20240705,230000,7198.5,7207,7193,7201,12741,0
20240708,100000,7231,7255,7200.5,7212.5,163944,0
20240708,110000,7212.5,7230,7167,7201,79550,0
20240708,120000,7200.5,7201,7151,7165.5,74095,0
20240708,130000,7165.5,7182,7120,7146,64234,0
20240708,140000,7146,7154,7115,7118.5,44110,0
20240708,150000,7118,7148,7112,7128.5,36610,0
20240708,160000,7128,7128.5,7080.5,7102.5,89960,0
20240708,170000,7103,7125,7093,7101.5,43553,0
20240708,180000,7101.5,7107,7080.5,7106,39214,0
20240708,190000,7108,7119.5,7089,7110.5,15129,0
20240708,200000,7110,7113,7103.5,7109,4167,0
20240708,210000,7108.5,7120,7105.5,7119,11518,0
20240708,220000,7118,7119.5,7094.5,7095.5,9257,0
20240708,230000,7096.5,7100,7093,7097,7309,0
20240709,100000,7100,7121.5,7075.5,7085,77734,0
20240709,110000,7085.5,7104,7052,7056,80710,0
20240709,120000,7055.5,7071,7051,7052,51732,0
20240709,130000,7052,7078.5,7051.5,7059,54206,0
20240709,140000,7057,7069.5,7015,7017,74328,0
20240709,150000,7017,7034,6984,7014.5,119192,0
20240709,160000,7014.5,7028,6985.5,7007,102527,0
20240709,170000,7008,7008.5,6961,6985,128273,0
20240709,180000,6985.5,6995,6955,6995,79183,0
20240709,190000,6995,7004,6960,7002.5,41617,0
20240709,200000,7001.5,7008,6991,6997,13614,0
20240709,210000,6996.5,6998.5,6980.5,6985.5,19137,0
20240709,220000,6983.5,6987,6970.5,6979.5,19455,0
20240709,230000,6980,6980,6930,6941,50146,0
20240710,100000,6939,6978,6892,6910.5,206966,0
20240710,110000,6911.5,6925,6838,6859.5,293912,0
20240710,120000,6859,6944,6856.5,6911,105239,0
20240710,130000,6911.5,6920,6885,6908.5,45380,0
20240710,140000,6908.5,6914,6878,6884.5,49162,0
20240710,150000,6885.5,6887,6803,6809.5,175614,0
20240710,160000,6809,6827.5,6785,6812,178764,0
20240710,170000,6810,6828.5,6764.5,6783.5,152225,0
20240710,180000,6783.5,6790,6750,6772.5,140299,0
20240710,190000,6775.5,6800,6735.5,6743.5,65898,0
20240710,200000,6743,6754.5,6705,6715,74190,0
20240710,210000,6715,6715.5,6690,6696.5,123990,0
20240710,220000,6696,6717.5,6681,6709,43863,0
20240710,230000,6708.5,6710,6683,6689,41789,0
20240711,100000,6689.5,6898.5,6681,6848.5,379167,0
20240711,110000,6849.5,6897.5,6815,6843,135599,0
20240711,120000,6842,6891,6818,6876.5,84124,0
20240711,130000,6876.5,6897.5,6837,6870.5,132548,0
20240711,140000,6872.5,6938.5,6858.5,6890.5,153789,0
20240711,150000,6890.5,6915,6853,6880,124975,0
20240711,160000,6880,6909,6879.5,6893,58843,0
20240711,170000,6891.5,6926,6886.5,6900,60837,0
20240711,180000,6899.5,6923.5,6892.5,6910,28051,0
20240711,190000,6910,6995.5,6910,6988.5,83829,0
20240711,200000,6987.5,6990,6955,6974,31329,0
20240711,210000,6974,6990,6971,6988.5,24272,0
20240711,220000,6989,6994,6973.5,6973.5,11373,0
20240711,230000,6973,6974,6961,6969.5,10869,0
20240712,100000,6992.5,7046,6900,6900,180392,0
20240712,110000,6900,6914.5,6830.5,6890.5,156458,0
20240712,120000,6890,6920,6855,6909.5,65626,0
20240712,130000,6910,6929,6870,6899,50405,0
20240712,140000,6898.5,6899.5,6860,6880,41994,0
20240712,150000,6880.5,6886,6830.5,6856,76257,0
20240712,160000,6855.5,6955,6847,6944.5,72080,0
20240712,170000,6942.5,6945.5,6890,6891,34777,0
20240712,180000,6892,6905,6866.5,6867,36314,0
20240712,190000,6869.5,6894.5,6860,6868.5,22867,0
20240712,200000,6868.5,6895,6868,6884,6969,0
20240712,210000,6883.5,6889.5,6876.5,6889.5,6770,0
20240712,220000,6890,6901.5,6882,6899,8570,0
20240712,230000,6899,6912,6892,6908,16966,0
20240715,100000,6924,6925,6801,6812,177949,0
20240715,110000,6812.5,6850.5,6803.5,6838,80021,0
20240715,120000,6838,6840,6806,6808,35141,0
20240715,130000,6808.5,6828.5,6785.5,6821,67880,0
20240715,140000,6821.5,6832.5,6815,6816,56493,0
20240715,150000,6816,6845,6790,6815.5,73838,0
20240715,160000,6816,6829.5,6792,6792.5,44645,0
20240715,170000,6792,6814.5,6771,6794.5,77937,0
20240715,180000,6794.5,6812,6774,6807,83743,0
20240715,190000,6806,6835,6800,6829,37357,0
20240715,200000,6829,6834,6811.5,6824.5,12733,0
20240715,210000,6824,6848,6810.5,6840.5,18752,0
20240715,220000,6840,6840.5,6804.5,6808,10935,0
20240715,230000,6808.5,6831.5,6808.5,6827,5294,0
20240716,100000,6820,6893,6781.5,6790,172305,0
20240716,110000,6790,6795,6727.5,6761.5,155835,0
20240716,120000,6761,6808,6757,6772.5,92972,0
20240716,130000,6772,6783,6750.5,6755,40276,0
20240716,140000,6755,6777,6740,6777,39782,0
20240716,150000,6777,6820,6756,6773.5,50956,0
20240716,160000,6773.5,6780,6735,6761.5,53998,0
20240716,170000,6761.5,6831,6751.5,6830.5,56244,0
20240716,180000,6830.5,6890,6766,6831.5,156364,0
20240716,190000,6836.5,6869,6807,6826.5,43624,0
20240716,200000,6827,6860,6826.5,6855.5,26216,0
20240716,210000,6855,6860,6842,6847.5,8907,0
20240716,220000,6847.5,6887,6847,6876.5,25051,0
20240716,230000,6877,6898.5,6865,6881,29629,0
20240717,100000,6881,6888.5,6813,6820.5,122942,0
20240717,110000,6821.5,6892.5,6814,6863.5,77708,0
20240717,120000,6863.5,6905,6847,6854.5,65336,0
20240717,130000,6854.5,6881,6844,6848,29408,0
20240717,140000,6848,6885,6845,6875.5,47148,0
20240717,150000,6875.5,6878,6860.5,6868,17307,0
20240717,160000,6868,6876.5,6855,6870.5,21351,0
20240717,170000,6870.5,6876,6830,6833,43341,0
20240717,180000,6833,6833,6788,6811,96503,0
20240717,190000,6811,6843,6807,6818.5,20303,0
20240717,200000,6818,6818,6799,6806.5,13893,0
20240717,210000,6806.5,6826,6802,6820,6713,0
20240717,220000,6820,6823,6806,6816.5,7244,0
20240717,230000,6816.5,6822.5,6804,6814,7797,0
20240718,100000,6813,6826,6760,6789,94555,0
20240718,110000,6788,6809,6761.5,6806.5,50054,0
20240718,120000,6806,6825,6790,6815,36589,0
20240718,130000,6814.5,6817.5,6783,6810.5,26433,0
20240718,140000,6810.5,6815,6800,6802.5,14129,0
20240718,150000,6802.5,6840,6800,6822.5,53703,0
20240718,160000,6822.5,6875,6812,6859.5,46533,0
20240718,170000,6860,6887,6837.5,6883,52797,0
20240718,180000,6883.5,6906,6877.5,6906,66734,0
20240718,190000,6906,6909.5,6892,6903.5,31966,0
20240718,200000,6904.5,6938,6880.5,6937,32418,0
20240718,210000,6937,6950,6916.5,6919,23813,0
20240718,220000,6919,6937.5,6918,6936,15150,0
20240718,230000,6934.5,6940,6930,6931.5,9248,0
20240719,100000,6930,6945,6871.5,6883,101643,0
20240719,110000,6882.5,6916,6882,6899,29926,0
20240719,120000,6899,6937.5,6898.5,6931,49123,0
20240719,130000,6931,6991.5,6921,6976,110457,0
20240719,140000,6977.5,6982,6940,6945.5,73512,0
20240719,150000,6945.5,6958.5,6940,6955,38232,0
20240719,160000,6956.5,6969,6939,6939,65930,0
20240719,170000,6939.5,6958.5,6935,6948.5,46643,0
20240719,180000,6949,6949.5,6911.5,6935,60662,0
20240719,190000,6923,6940,6923,6930,8052,0
20240719,200000,6930.5,6930.5,6914,6914.5,9733,0
20240719,210000,6914.5,6921,6912,6917.5,5824,0
20240719,220000,6918,6922,6916.5,6921,4743,0
20240719,230000,6921,6922,6910.5,6913,11509,0
20240722,100000,6957.5,6992,6934.5,6974.5,110163,0
20240722,110000,6974,7024.5,6972,7012.5,107604,0
20240722,120000,7012.5,7014.5,6980,6990.5,81103,0
20240722,130000,6990,7011,6982,7000,51119,0
20240722,140000,7000,7014.5,6995,7002,34220,0
20240722,150000,7002,7006.5,6990,6995,23716,0
20240722,160000,6995,6995,6955.5,6982.5,146364,0
20240722,170000,6982.5,7007,6978,6997.5,50389,0
20240722,180000,6998,7025,6980,6982.5,88549,0
20240722,190000,6982.5,7006,6982.5,7006,16912,0
20240722,200000,7006,7006,6988,6996,11499,0
20240722,210000,6996,7000,6994,6998,6697,0
20240722,220000,6999,7003.5,6993,7000.5,10917,0
20240722,230000,7000,7010,6990,7008,8788,0
20240723,100000,7008.5,7023,6973,6987,105251,0
20240723,110000,6987,6989,6962,6980,102783,0
20240723,120000,6979,6981.5,6950,6967,71800,0
20240723,130000,6968,6979.5,6962.5,6979,27144,0
20240723,140000,6978.5,6981.5,6964,6968,22898,0
20240723,150000,6968,6978.5,6965,6969,11506,0
20240723,160000,6969.5,6980,6969,6973.5,23320,0
20240723,170000,6973,7006.5,6970,6989.5,55996,0
20240723,180000,6991,6991,6962,6980,34677,0
20240723,190000,6980,6995,6975.5,6989,19359,0
20240723,200000,6989,6990,6974,6978,7464,0
20240723,210000,6978,6981.5,6970,6976,6533,0
20240723,220000,6976.5,6977.5,6970,6977.5,2315,0
20240723,230000,6977.5,6978,6971.5,6973,2321,0
20240724,100000,6962.5,7025,6933,6975,206502,0
20240724,110000,6975,7015,6952.5,6989,78494,0
20240724,120000,6989,6995,6969,6981,49726,0
20240724,130000,6981,6982,6954,6960.5,46811,0
20240724,140000,6960.5,6975,6950,6960.5,61930,0
20240724,150000,6960,6969,6945,6950,52310,0
20240724,160000,6950,6969,6945,6964.5,72624,0
20240724,170000,6964.5,6983,6961.5,6982.5,53054,0
20240724,180000,6982.5,6986,6960,6983,24360,0
20240724,190000,6982,6982,6945,6959,30997,0
20240724,200000,6959,6962,6940.5,6948.5,21774,0
20240724,210000,6949,6949.5,6940,6946,14808,0
20240724,220000,6942.5,6943,6935,6937.5,17558,0
20240724,230000,6936,6940,6935.5,6939.5,5939,0
20240725,100000,6941,6965,6925,6945,69942,0
20240725,110000,6945,6947.5,6925,6932,49669,0
20240725,120000,6931.5,6952.5,6930.5,6934.5,46824,0
20240725,130000,6932.5,6945.5,6931.5,6938.5,30286,0
20240725,140000,6939,6944.5,6926.5,6926.5,21958,0
20240725,150000,6927,6938.5,6925,6930.5,34112,0
20240725,160000,6930,6940,6925.5,6936,16058,0
20240725,170000,6937,6948,6932,6940.5,24186,0
20240725,180000,6941,6963,6930.5,6947.5,31624,0
20240725,190000,6945,6956,6936,6945.5,10863,0
20240725,200000,6945.5,6947.5,6933.5,6943,5277,0
20240725,210000,6943,6946,6939,6940.5,2347,0
20240725,220000,6940,6941.5,6919,6920.5,24609,0
20240725,230000,6919.5,6930,6884.5,6902.5,65425,0
20240726,100000,6906,6937,6896,6920,82690,0
20240726,110000,6920,6984,6917,6933.5,251097,0
20240726,120000,6934,6957.5,6920,6954.5,58313,0
20240726,130000,6955,6960,6900,6916,238535,0
20240726,140000,6917,6939,6890,6902.5,199025,0
20240726,150000,6902,6949,6859.5,6937,253387,0
20240726,160000,6937.5,6944,6921,6933.5,80895,0
20240726,170000,6933.5,6949,6922.5,6931.5,91200,0
20240726,180000,6931.5,6944.5,6900,6910.5,91435,0
20240726,190000,6910,6929,6900,6910.5,32969,0
20240726,200000,6910.5,6916.5,6906,6910.5,10423,0
20240726,210000,6910,6921.5,6900,6900.5,17316,0
20240726,220000,6900,6915,6900,6912,36638,0
20240726,230000,6911,6911.5,6880,6890,60826,0
20240729,100000,6891,6892.5,6777,6814,399222,0
20240729,110000,6813.5,6818,6772.5,6790.5,137385,0
20240729,120000,6790,6804.5,6760.5,6798.5,224525,0
20240729,130000,6798.5,6803.5,6769,6775,147538,0
20240729,140000,6775,6785,6766,6785,180078,0
20240729,150000,6784.5,6790,6767.5,6789.5,87166,0
20240729,160000,6790,6795,6770,6791,49454,0
20240729,170000,6791,6791,6712,6734.5,157549,0
20240729,180000,6734.5,6735.5,6709,6715,120727,0
20240729,190000,6710,6724,6706.5,6722,31751,0
20240729,200000,6722.5,6734,6720,6726,50689,0
20240729,210000,6726,6729,6725,6725,16892,0
20240729,220000,6725,6729,6715,6725,25268,0
20240729,230000,6725,6729,6716,6727.5,15725,0
20240730,100000,6727,6757,6705,6735.5,235233,0
20240730,110000,6736,6775,6722.5,6726,142405,0
20240730,120000,6726,6753,6715,6753,179062,0
20240730,130000,6753,6807,6752,6805.5,143268,0
20240730,140000,6806,6830,6800,6816,92954,0
20240730,150000,6816,6825,6800,6806,72936,0
20240730,160000,6805,6810,6775.5,6793,87782,0
20240730,170000,6793.5,6815,6780,6796.5,123320,0
20240730,180000,6796,6809.5,6790,6795,56401,0
20240730,190000,6798,6809,6794.5,6798.5,11449,0
20240730,200000,6798.5,6820,6792.5,6817,15106,0
20240730,210000,6817,6819,6800,6804,7715,0
20240730,220000,6804,6808.5,6800.5,6804,6462,0
20240730,230000,6803.5,6812.5,6800,6805.5,12302,0
20240731,100000,6822,6830,6780,6794.5,83348,0
20240731,110000,6795,6805,6785,6802.5,128829,0
20240731,120000,6803,6805,6751,6756.5,191496,0
20240731,130000,6756,6788.5,6756,6773,51543,0
20240731,140000,6773.5,6809.5,6766,6803.5,37707,0
20240731,150000,6803.5,6820,6772,6774.5,127649,0
20240731,160000,6774.5,6775,6736,6770,122647,0
20240731,170000,6770,6770,6755,6758.5,26347,0
20240731,180000,6758.5,6760,6731,6738,38949,0
20240731,190000,6738,6749,6738,6744.5,16984,0
20240731,200000,6744,6749,6742,6748.5,12871,0
20240731,210000,6748,6749,6742,6749,17125,0
20240731,220000,6748.5,6759.5,6747,6757.5,20812,0
20240731,230000,6756.5,6760,6754.5,6759.5,10564,0
20240801,100000,6759,6770,6740,6768,90258,0
20240801,110000,6767.5,6770,6740,6750,56656,0
20240801,120000,6749.5,6764,6745,6751.5,41810,0
20240801,130000,6751.5,6760,6746,6751.5,31640,0
20240801,140000,6751,6752,6690,6714.5,179002,0
20240801,150000,6714.5,6739,6705,6708.5,85097,0
20240801,160000,6708,6726.5,6700,6714,52205,0
20240801,170000,6714,6722.5,6710.5,6713.5,63757,0
20240801,180000,6713,6714.5,6701,6705,84924,0
20240801,190000,6705.5,6715,6705,6714,10755,0
20240801,200000,6715,6715,6692,6698,40804,0
20240801,210000,6698,6699.5,6678,6686.5,53543,0
20240801,220000,6685,6687.5,6678.5,6687,11856,0
20240801,230000,6686,6688,6682,6687,6870,0
20240802,100000,6680,6715,6652.5,6690,114895,0
20240802,110000,6690,6693.5,6657,6659.5,52116,0
20240802,120000,6659.5,6664.5,6639,6644.5,84405,0
20240802,130000,6644.5,6650,6638,6644,44544,0
20240802,140000,6643.5,6644.5,6600,6617.5,152160,0
20240802,150000,6617.5,6624.5,6600,6611,58024,0
20240802,160000,6611,6631.5,6602.5,6631,43738,0
20240802,170000,6631.5,6665.5,6621.5,6634,73135,0
20240802,180000,6634,6639.5,6600,6611,56984,0
20240802,190000,6612.5,6618,6577,6582,56792,0
20240802,200000,6583,6607.5,6582,6602,24716,0
20240802,210000,6601.5,6602,6597.5,6600,8021,0
20240802,220000,6599.5,6604.5,6592.5,6598,17826,0
20240802,230000,6598,6599,6591,6591,15932,0
20240805,100000,6495,6543.5,6453,6490.5,321612,0
20240805,110000,6490.5,6500,6465,6470.5,162649,0
20240805,120000,6469,6471,6410,6448.5,243239,0
20240805,130000,6449,6449.5,6387,6429,243499,0
20240805,140000,6429,6432.5,6401.5,6418,71924,0
20240805,150000,6418,6422,6336.5,6350.5,309748,0
20240805,160000,6352,6397,6341.5,6349,304955,0
20240805,170000,6350.5,6426,6350.5,6425.5,153603,0
20240805,180000,6425.5,6438.5,6405.5,6432,114579,0
20240805,190000,6426.5,6444.5,6420.5,6433.5,42703,0
20240805,200000,6433.5,6450,6429,6437,37120,0
20240805,210000,6436.5,6436.5,6393.5,6401.5,44776,0
20240805,220000,6402,6423.5,6401.5,6409.5,18605,0
20240805,230000,6409,6420,6403,6417.5,11838,0
20240806,100000,6477,6498,6450,6474,199781,0
20240806,110000,6474,6480,6423,6425,99436,0
20240806,120000,6424.5,6446,6421,6436.5,51264,0
20240806,130000,6436.5,6459.5,6436,6450.5,44899,0
20240806,140000,6450.5,6459,6422.5,6429,41148,0
20240806,150000,6429,6429,6361,6376,121779,0
20240806,160000,6375.5,6386.5,6356,6375,65819,0
20240806,170000,6375,6415,6374.5,6402,88559,0
20240806,180000,6402,6452,6402,6426.5,75969,0
20240806,190000,6427.5,6431,6420,6426,12879,0
20240806,200000,6426,6446,6423,6445,15724,0
20240806,210000,6445.5,6465,6445,6452,18847,0
20240806,220000,6451.5,6452.5,6439,6444.5,12864,0
20240806,230000,6444,6447,6436.5,6447,8772,0
20240807,100000,6449.5,6481.5,6396,6413,122010,0
20240807,110000,6414,6419,6357.5,6380,121068,0
20240807,120000,6379.5,6423,6360.5,6420.5,118790,0
20240807,130000,6420,6440,6373.5,6380.5,95781,0
20240807,140000,6377.5,6406,6375,6405,66736,0
20240807,150000,6405.5,6465,6405.5,6463.5,131722,0
20240807,160000,6463.5,6490,6440.5,6464.5,142371,0
20240807,170000,6464.5,6517,6464.5,6504.5,151197,0
20240807,180000,6504.5,6534,6500,6531,81925,0
20240807,190000,6531.5,6548.5,6511.5,6517.5,62371,0
20240807,200000,6519,6524,6501,6510.5,39738,0
20240807,210000,6511,6511,6465.5,6484,54574,0
20240807,220000,6486.5,6500,6471.5,6499.5,29443,0
20240807,230000,6499,6511,6497,6505,19376,0
20240808,100000,6515,6536.5,6485,6520,129108,0
20240808,110000,6520,6536,6500,6535,98100,0
20240808,120000,6536,6551.5,6505,6514,97098,0
20240808,130000,6514.5,6533.5,6470,6483.5,99154,0
20240808,140000,6484,6497.5,6453,6489.5,106824,0
20240808,150000,6489,6499.5,6461.5,6474.5,48194,0
20240808,160000,6473.5,6480,6447,6453,62573,0
20240808,170000,6453,6463,6419,6449.5,85302,0
20240808,180000,6449.5,6460,6430,6447,68842,0
20240808,190000,6446.5,6446.5,6403,6408,50175,0
20240808,200000,6406.5,6422,6403.5,6417.5,28899,0
20240808,210000,6417.5,6425,6411,6420,20103,0
20240808,220000,6420.5,6425,6406,6409,27687,0
20240808,230000,6409,6417,6404.5,6410.5,12061,0
20240809,100000,6420,6476.5,6385,6469.5,189511,0
20240809,110000,6468.5,6489.5,6439,6466.5,99445,0
20240809,120000,6466.5,6471,6422,6434.5,57251,0
20240809,130000,6434,6439.5,6427,6429,53529,0
20240809,140000,6429,6429,6409,6418.5,31554,0
20240809,150000,6418,6430,6416,6427,26546,0
20240809,160000,6426.5,6429,6406.5,6419,35693,0
20240809,170000,6418.5,6418.5,6405,6415,24812,0
20240809,180000,6415.5,6415.5,6409,6412,16507,0
20240809,190000,6412,6412,6402,6410.5,11486,0
20240809,200000,6410,6410.5,6404.5,6408,8978,0
20240809,210000,6407,6410.5,6403,6405,10011,0
20240809,220000,6405,6407,6403,6405.5,8713,0
20240809,230000,6406,6409.5,6400,6408.5,12492,0
20240812,100000,6406,6407,6359,6382,136467,0
20240812,110000,6382,6390,6325,6335,146642,0
20240812,120000,6335,6348,6311,6347.5,86227,0
20240812,130000,6347.5,6385,6328,6369,74483,0
20240812,140000,6368.5,6390,6366,6383,73900,0
20240812,150000,6383,6440,6382,6421.5,126048,0
20240812,160000,6421,6426.5,6388.5,6389,68656,0
20240812,170000,6389,6423,6357.5,6419,117120,0
20240812,180000,6419,6419,6406,6406,44070,0
20240812,190000,6408.5,6421,6405,6413.5,19834,0
20240812,200000,6412,6438.5,6411.5,6438.5,28240,0
20240812,210000,6438.5,6446,6436.5,6445.5,24693,0
20240812,220000,6445,6462,6443,6452.5,19897,0
20240812,230000,6452.5,6461.5,6446,6448.5,13893,0
20240813,100000,6461,6469.5,6435.5,6440.5,108044,0
20240813,110000,6440,6447.5,6419,6446,59377,0
20240813,120000,6446.5,6451,6435.5,6451,103283,0
20240813,130000,6451,6452,6421,6435,92650,0
20240813,140000,6435,6436,6410.5,6424.5,50124,0
20240813,150000,6424.5,6440.5,6424,6439.5,53306,0
20240813,160000,6438.5,6453,6432,6447,110788,0
20240813,170000,6447,6453,6440.5,6450.5,56443,0
20240813,180000,6450.5,6452.5,6414.5,6446.5,88113,0
20240813,190000,6438.5,6441,6433.5,6437,17022,0
20240813,200000,6438,6445.5,6435.5,6445.5,28160,0
20240813,210000,6445.5,6447.5,6440,6440.5,8494,0
20240813,220000,6441,6448,6437.5,6446,9061,0
20240813,230000,6446,6449.5,6442,6444.5,20686,0
20240814,100000,6449,6493.5,6430,6468,155923,0
20240814,110000,6468,6539,6455,6525.5,193701,0
20240814,120000,6525,6532.5,6489,6510,126119,0
20240814,130000,6510,6514.5,6455.5,6472,152591,0
20240814,140000,6471.5,6482.5,6450,6463,100824,0
20240814,150000,6463,6477,6453.5,6454,88133,0
20240814,160000,6454.5,6454.5,6440,6445,54211,0
20240814,170000,6446,6446,6402,6425.5,116760,0
20240814,180000,6425.5,6427.5,6385,6421.5,142254,0
20240814,190000,6415.5,6419,6371.5,6389.5,55969,0
20240814,200000,6389.5,6397,6377,6393,17987,0
20240814,210000,6390.5,6402,6389,6391.5,10784,0
20240814,220000,6391,6394.5,6387.5,6389,6965,0
20240814,230000,6389,6389.5,6383,6385,8737,0
20240815,100000,6395,6418,6364,6370.5,130255,0
20240815,110000,6370,6398.5,6361,6372.5,75549,0
20240815,120000,6372,6407,6351.5,6396,98834,0
20240815,130000,6395.5,6396,6372,6381.5,32261,0
20240815,140000,6382,6384,6357.5,6365,43473,0
20240815,150000,6365,6367.5,6350,6350,64360,0
20240815,160000,6350,6360,6336,6341.5,69087,0
20240815,170000,6341,6356,6337.5,6338,56766,0
20240815,180000,6337.5,6353,6334,6353,43277,0
20240815,190000,6350,6370,6341,6362,24451,0
20240815,200000,6362.5,6363.5,6355,6360,7937,0
20240815,210000,6359.5,6360,6349,6352,9214,0
20240815,220000,6352,6355,6337,6349.5,24030,0
20240815,230000,6350,6353.5,6340,6347,8146,0
20240816,100000,6350.5,6360,6322,6335,89873,0
20240816,110000,6334.5,6350,6307,6317,78191,0
20240816,120000,6317.5,6330.5,6310,6311,75951,0
20240816,130000,6311.5,6319.5,6298,6308,86428,0
20240816,140000,6308.5,6315,6300,6304,41405,0
20240816,150000,6304,6320,6290.5,6313,67129,0
20240816,160000,6313.5,6328.5,6307.5,6320,65169,0
20240816,170000,6320.5,6323.5,6310,6311.5,35410,0
20240816,180000,6311.5,6312,6289,6304.5,56892,0
20240816,190000,6295,6300,6274,6277.5,50217,0
20240816,200000,6277.5,6285,6256,6256.5,73713,0
20240816,210000,6256.5,6260,6244,6250,62141,0
20240816,220000,6250,6258.5,6227.5,6228,64957,0
20240816,230000,6228,6257.5,6226.5,6239.5,39991,0
20240819,100000,6254.5,6270,6210,6244,209660,0
20240819,110000,6245,6284,6242,6251.5,82153,0
20240819,120000,6252,6254,6204,6208,152830,0
20240819,130000,6208,6209.5,6165.5,6201,153204,0
20240819,140000,6201,6210,6181,6194.5,73381,0
20240819,150000,6194.5,6200,6181,6185,76824,0
20240819,160000,6184.5,6218,6181.5,6195,154337,0
20240819,170000,6195,6203.5,6179,6188,48818,0
20240819,180000,6187,6187.5,6151,6151,77428,0
20240819,190000,6151,6157.5,6103.5,6136.5,122675,0
20240819,200000,6136.5,6136.5,6116,6120,21019,0
20240819,210000,6120,6134.5,6119,6123.5,15916,0
20240819,220000,6123.5,6134.5,6116.5,6130.5,28315,0
20240819,230000,6129.5,6143,6129,6138.5,14891,0
20240820,100000,6140.5,6155,6072,6081,186620,0
20240820,110000,6081,6113,6050,6112,176623,0
20240820,120000,6109.5,6127.5,6084,6126,93737,0
20240820,130000,6126,6191.5,6125.5,6160.5,128606,0
20240820,140000,6161,6209.5,6160,6189,170409,0
20240820,150000,6189,6232,6178,6186,151064,0
20240820,160000,6186,6235,6184,6226,159313,0
20240820,170000,6228,6248,6185,6185.5,158448,0
20240820,180000,6185,6186,6141.5,6156.5,130288,0
20240820,190000,6159,6184.5,6114.5,6124.5,61102,0
20240820,200000,6123,6166,6120.5,6143,23219,0
20240820,210000,6143,6168,6142,6160,12016,0
20240820,220000,6160,6160.5,6106,6138.5,40383,0
20240820,230000,6137.5,6160.5,6132.5,6147.5,11241,0
20240821,100000,6154.5,6225,6150,6203,186347,0
20240821,110000,6202,6220,6176,6185,121458,0
20240821,120000,6184.5,6185,6156,6174.5,123153,0
20240821,130000,6174.5,6185,6107,6185,200259,0
20240821,140000,6185,6218,6171,6217.5,131153,0
20240821,150000,6216,6248,6210.5,6225.5,172715,0
20240821,160000,6225.5,6325,6211,6295.5,382233,0
20240821,170000,6295,6320,6285,6300,253967,0
20240821,180000,6300,6302.5,6240,6275,198199,0
20240821,190000,6275,6299.5,6237,6244,77440,0
20240821,200000,6246.5,6273.5,6244,6264.5,30029,0
20240821,210000,6262,6296.5,6253.5,6287.5,35238,0
20240821,220000,6287.5,6299.5,6283,6294.5,26859,0
20240821,230000,6294,6309.5,6291.5,6309.5,17797,0
20240822,100000,6314,6370.5,6278,6353.5,286404,0
20240822,110000,6353.5,6398,6346,6387,270954,0
20240822,120000,6386.5,6405.5,6352,6396.5,163755,0
20240822,130000,6397,6414.5,6376,6394,208916,0
20240822,140000,6394,6411,6350,6352.5,244452,0
20240822,150000,6354,6448,6350,6392.5,482477,0
20240822,160000,6392.5,6440,6369,6430,540032,0
20240822,170000,6430,6538.5,6405,6461.5,974380,0
20240822,180000,6461.5,6473,6422,6430,333382,0
20240822,190000,6430,6440.5,6365.5,6392.5,205957,0
20240822,200000,6394,6399,6350,6380,98550,0
20240822,210000,6380,6395.5,6370,6374.5,49242,0
20240822,220000,6374.5,6427.5,6371.5,6423.5,50044,0
20240822,230000,6423,6426,6406,6419,24311,0
20240823,100000,6420,6472,6350,6390,350781,0
20240823,110000,6389.5,6405,6361,6383,136214,0
20240823,120000,6383,6404,6376,6393,103533,0
20240823,130000,6393.5,6394.5,6356,6377,78608,0
20240823,140000,6374,6386,6363,6373,60959,0
20240823,150000,6371.5,6401,6355,6382,167711,0
20240823,160000,6382,6400,6377.5,6392.5,84257,0
20240823,170000,6392.5,6399,6355,6377.5,106292,0
20240823,180000,6377,6398,6320,6350,174589,0
20240823,190000,6350,6360,6331,6358.5,46159,0
20240823,200000,6358.5,6398,6358,6385,54067,0
20240823,210000,6385,6397,6371.5,6389.5,18371,0
20240823,220000,6389,6447,6389,6414,89532,0
20240823,230000,6415,6429,6411,6428,31487,0
20240826,100000,6590,6620,6506,6560.5,403582,0
20240826,110000,6561,6563.5,6517,6562,168280,0
20240826,120000,6563,6592.5,6540.5,6584,219791,0
20240826,130000,6584,6650,6579.5,6633,250095,0
20240826,140000,6632.5,6677,6614,6650,231091,0
20240826,150000,6650,6659.5,6604,6627.5,179344,0
20240826,160000,6627.5,6657,6625,6634,131941,0
20240826,170000,6634,6640,6580,6600,153190,0
20240826,180000,6600,6603.5,6584.5,6598,57029,0
20240826,190000,6590.5,6640,6590.5,6627.5,31915,0
20240826,200000,6630.5,6642,6613,6621,18311,0
20240826,210000,6621,6636.5,6616,6621.5,14590,0
20240826,220000,6621,6642,6621,6633,15346,0
20240826,230000,6633,6645,6632.5,6645,12891,0
20240827,100000,6644,6680,6591,6613,201566,0
20240827,110000,6613,6621,6563.5,6573,127102,0
20240827,120000,6573,6588.5,6560,6567,90465,0
20240827,130000,6567.5,6587.5,6541,6548,95922,0
20240827,140000,6548,6580.5,6523,6575,91306,0
20240827,150000,6575,6575.5,6535,6550,68138,0
20240827,160000,6550,6564.5,6501.5,6507,145399,0
20240827,170000,6507,6517.5,6485,6505,98759,0
20240827,180000,6505.5,6520,6482,6501,75273,0
20240827,190000,6501,6508,6458,6482,55033,0
20240827,200000,6480,6525,6470.5,6501.5,28470,0
20240827,210000,6501.5,6506.5,6494,6503.5,12862,0
20240827,220000,6504,6517,6499,6508,12622,0
20240827,230000,6508,6530,6505.5,6526.5,14428,0
20240828,100000,6520,6522.5,6468,6479.5,144062,0
20240828,110000,6480,6498,6416,6432.5,171934,0
20240828,120000,6432.5,6463,6405.5,6433,117076,0
20240828,130000,6432.5,6434,6325,6383,259642,0
20240828,140000,6382.5,6384,6302.5,6310.5,130420,0
20240828,150000,6310.5,6390.5,6310,6361,180999,0
20240828,160000,6360.5,6412,6338.5,6407,200543,0
20240828,170000,6407,6430.5,6376.5,6390,149861,0
20240828,180000,6390.5,6396,6361,6395.5,42563,0
20240828,190000,6395.5,6429,6386,6401.5,45151,0
20240828,200000,6402.5,6414.5,6392,6413.5,15954,0
20240828,210000,6413.5,6430,6412,6424,21188,0
20240828,220000,6424,6424,6390,6399.5,24081,0
20240828,230000,6399.5,6405.5,6373.5,6389,16021,0
20240829,100000,6401,6411,6332.5,6351,152628,0
20240829,110000,6351.5,6375.5,6333,6356,110694,0
20240829,120000,6356,6356,6285.5,6298,180737,0
20240829,130000,6300,6366,6250.5,6346,250025,0
20240829,140000,6347,6347,6273,6323,233617,0
20240829,150000,6323,6366,6300,6312,135827,0
20240829,160000,6312.5,6313.5,6280,6283,142711,0
20240829,170000,6283,6325,6256,6295,177723,0
20240829,180000,6295,6321.5,6283,6295,67677,0
20240829,190000,6307,6356.5,6304.5,6336.5,51678,0
20240829,200000,6336.5,6350,6327,6342.5,20952,0
20240829,210000,6342,6360,6309,6323.5,35752,0
20240829,220000,6323,6330,6318,6321.5,14151,0
20240829,230000,6322,6333.5,6320,6324,11198,0
20240830,100000,6330,6334,6266.5,6276,168366,0
20240830,110000,6276,6316.5,6254,6303,145635,0
20240830,120000,6303,6306.5,6180,6208.5,202452,0
20240830,130000,6208.5,6243,6186,6216.5,195154,0
20240830,140000,6219,6238,6190,6197.5,172985,0
20240830,150000,6197.5,6251.5,6183,6236,141544,0
20240830,160000,6236,6237,6206,6222.5,72633,0
20240830,170000,6222.5,6230,6200,6204,89680,0
20240830,180000,6204,6225.5,6195,6203,70452,0
20240830,190000,6203.5,6206.5,6152,6154.5,81810,0
20240830,200000,6154.5,6180,6124,6175.5,95236,0
20240830,210000,6176,6198,6170.5,6190,35236,0
20240830,220000,6190.5,6192,6161.5,6166,19253,0
20240830,230000,6167,6174,6118,6145,56673,0
20240902,100000,6135,6205,6107.5,6117.5,380255,0
20240902,110000,6117.5,6157.5,6067.5,6080,255795,0
20240902,120000,6080,6114.5,6062,6066,178805,0
20240902,130000,6065,6128.5,6064,6102,189760,0
20240902,140000,6101.5,6109.5,6068.5,6080.5,97686,0
20240902,150000,6080.5,6093.5,6040.5,6053.5,153692,0
20240902,160000,6053.5,6106.5,6050,6105,209392,0
20240902,170000,6104,6130,6092,6093,193377,0
20240902,180000,6093,6110,6083,6083,209068,0
20240902,190000,6082,6098,6071,6073.5,88780,0
20240902,200000,6073,6084,6068,6069,47391,0
20240902,210000,6068.5,6085.5,6068,6080.5,33381,0
20240902,220000,6080.5,6119.5,6072.5,6099.5,49839,0
20240902,230000,6100,6118,6092,6115,20227,0
20240903,100000,6150.5,6174,6069,6106,328261,0
20240903,110000,6104.5,6246.5,6099,6227,379270,0
20240903,120000,6226,6234.5,6177,6188.5,267744,0
20240903,130000,6188,6244,6186,6192.5,216101,0
20240903,140000,6190.5,6193.5,6167,6167,208893,0
20240903,150000,6167.5,6184,6149,6153.5,234904,0
20240903,160000,6153.5,6183.5,6153,6173,81860,0
20240903,170000,6173.5,6175,6144,6144.5,162572,0
20240903,180000,6144,6155,6124.5,6145,110171,0
20240903,190000,6147.5,6182.5,6140,6158,29610,0
20240903,200000,6158,6181.5,6157.5,6161,17666,0
20240903,210000,6161,6185,6160,6185,23008,0
20240903,220000,6185,6187,6165,6176.5,10025,0
20240903,230000,6176.5,6186,6162,6184,17480,0
20240904,100000,6189,6217,6171,6198.5,205274,0
20240904,110000,6198.5,6215,6185,6190.5,120889,0
20240904,120000,6190,6191,6172,6188,92723,0
20240904,130000,6188,6215,6179.5,6209.5,102689,0
20240904,140000,6209.5,6216.5,6180,6209,184060,0
20240904,150000,6209,6230,6180.5,6192,198598,0
20240904,160000,6192,6199,6184,6185,57296,0
20240904,170000,6185,6214,6183,6208.5,78949,0
20240904,180000,6207.5,6236,6199,6235,80346,0
20240904,190000,6236,6279,6235.5,6274.5,135218,0
20240904,200000,6274.5,6297,6258,6295,46306,0
20240904,210000,6295.5,6295.5,6261.5,6267.5,39054,0
20240904,220000,6268.5,6279,6258,6262,19634,0
20240904,230000,6262,6275,6258.5,6265,11908,0
20240905,100000,6284,6297,6235,6285,230573,0
20240905,110000,6282.5,6308,6267,6290.5,124161,0
20240905,120000,6291,6349.5,6286.5,6332.5,156444,0
20240905,130000,6332.5,6342,6323,6328,66211,0
20240905,140000,6328,6360,6324.5,6356,83099,0
20240905,150000,6356.5,6360,6305,6330,120346,0
20240905,160000,6330,6338,6317,6326.5,33502,0
20240905,170000,6326.5,6330,6304,6312,43620,0
20240905,180000,6310.5,6323,6289,6289,84791,0
20240905,190000,6289,6295,6277,6277.5,46695,0
20240905,200000,6278,6305,6277,6292.5,16479,0
20240905,210000,6292,6292.5,6274,6286,17435,0
20240905,220000,6285.5,6287,6273,6274,11745,0
20240905,230000,6273.5,6276.5,6272,6272,11194,0
20240906,100000,6281.5,6319.5,6232,6291,126548,0
20240906,110000,6291,6336,6287,6290.5,100354,0
20240906,120000,6290,6315,6276,6307.5,85820,0
20240906,130000,6307.5,6324,6305,6310,57662,0
20240906,140000,6310,6323.5,6308,6316.5,51305,0
20240906,150000,6316.5,6347,6316,6341.5,94382,0
20240906,160000,6340,6352,6333.5,6350.5,62247,0
20240906,170000,6350.5,6357,6316,6316,78069,0
20240906,180000,6316.5,6339.5,6294,6294,116707,0
20240906,190000,6302,6339,6294,6318.5,52728,0
20240906,200000,6318.5,6332,6311.5,6321,10592,0
20240906,210000,6320.5,6324,6315.5,6317,16072,0
20240906,220000,6316,6335,6314,6328.5,16339,0
20240906,230000,6329,6337,6328,6332,14942,0
20240909,100000,6348.5,6426,6348.5,6417.5,239570,0
20240909,110000,6417,6421,6407,6412,82151,0
20240909,120000,6412,6481.5,6405,6468,129056,0
20240909,130000,6468,6499,6465.5,6488.5,122406,0
20240909,140000,6488,6500,6461,6474,105727,0
20240909,150000,6474,6494.5,6463.5,6469,76329,0
20240909,160000,6469.5,6472,6450,6460.5,85131,0
20240909,170000,6461,6476,6455,6470.5,69347,0
20240909,180000,6470.5,6496.5,6468,6496.5,79317,0
20240909,190000,6496.5,6525.5,6482.5,6519.5,75016,0
20240909,200000,6521,6524.5,6506,6513,18952,0
20240909,210000,6512.5,6519,6508,6518,15093,0
20240909,220000,6518,6521,6512,6519,12132,0
20240909,230000,6517.5,6525,6511.5,6520,23603,0
20240910,100000,6536,6548.5,6471,6481.5,190591,0
20240910,110000,6481,6511.5,6465,6481,145890,0
20240910,120000,6481,6491.5,6461.5,6471,90912,0
20240910,130000,6471.5,6490,6466,6468.5,60540,0
20240910,140000,6468.5,6483.5,6465,6469,40433,0
20240910,150000,6469,6500,6455,6479,106722,0
20240910,160000,6479,6490.5,6465.5,6484.5,55153,0
20240910,170000,6484,6485,6412.5,6445,147433,0
20240910,180000,6445,6465,6430,6439,66382,0
20240910,190000,6435,6439,6376,6397,66561,0
20240910,200000,6397.5,6418,6391.5,6404,28426,0
20240910,210000,6405.5,6415.5,6393,6414,18824,0
20240910,220000,6415,6439,6412.5,6432.5,17665,0
20240910,230000,6432.5,6439.5,6430,6435,9536,0
20240911,100000,6445,6499,6440,6445,188387,0
20240911,110000,6445,6461,6425,6430.5,83809,0
20240911,120000,6430.5,6453,6425,6442,65393,0
20240911,130000,6442,6446,6421,6421.5,39688,0
20240911,140000,6421,6462.5,6421,6460.5,36380,0
20240911,150000,6461,6479,6450.5,6473,85992,0
20240911,160000,6474,6481.5,6457.5,6469.5,62310,0
20240911,170000,6468.5,6497.5,6425,6454,120228,0
20240911,180000,6454,6500,6449.5,6490,82075,0
20240911,190000,6490.5,6490.5,6465,6465.5,71251,0
20240911,200000,6465,6482,6440,6445.5,38047,0
20240911,210000,6446,6460,6440,6440,15295,0
20240911,220000,6441,6441.5,6402,6423,64473,0
20240911,230000,6422.5,6432,6413.5,6413.5,10194,0
20240912,100000,6422.5,6439.5,6401,6404,131978,0
20240912,110000,6404,6415.5,6370.5,6407.5,133839,0
20240912,120000,6407.5,6428,6394,6407.5,61935,0
20240912,130000,6407.5,6414,6380,6399.5,60512,0
20240912,140000,6400,6437,6393,6425.5,80944,0
20240912,150000,6425,6445.5,6390,6399,107332,0
20240912,160000,6399,6407,6383,6399.5,90021,0
20240912,170000,6398.5,6439,6393,6411,114908,0
20240912,180000,6410.5,6428.5,6395,6400,104581,0
20240912,190000,6401.5,6408.5,6389,6390,74558,0
20240912,200000,6389.5,6417,6389,6405.5,30506,0
20240912,210000,6406,6445,6402,6434.5,26767,0
20240912,220000,6435,6445,6424,6437,25337,0
20240912,230000,6435,6448,6432,6448,13089,0
20240913,100000,6451,6489.5,6425.5,6479,115208,0
20240913,110000,6479,6486.5,6455,6460.5,44313,0
20240913,120000,6460,6462.5,6450,6450.5,35878,0
20240913,130000,6450,6487.5,6304,6411,345874,0
20240913,140000,6411,6460,6375.5,6420.5,224551,0
20240913,150000,6420.5,6464.5,6393.5,6464.5,160489,0
20240913,160000,6464,6550,6452,6500.5,203287,0
20240913,170000,6501,6550,6488.5,6530,142260,0
20240913,180000,6530,6604,6530,6591,134499,0
20240913,190000,6591,6607.5,6571.5,6589.5,65651,0
20240913,200000,6589.5,6590,6558,6567,26516,0
20240913,210000,6567,6585.5,6565.5,6576,11154,0
20240913,220000,6575.5,6606.5,6575,6606,23290,0
20240913,230000,6604,6625,6601.5,6624.5,35413,0
20240916,100000,6650.5,6697,6581.5,6614.5,250032,0
20240916,110000,6614,6687.5,6614,6670.5,171742,0
20240916,120000,6670,6747.5,6660,6739.5,191719,0
20240916,130000,6738.5,6750,6714,6739,154087,0
20240916,140000,6739.5,6763,6736,6750.5,125821,0
20240916,150000,6750.5,6786,6716.5,6780.5,134457,0
20240916,160000,6780,6810,6765.5,6800,214524,0
20240916,170000,6800,6818.5,6786,6810,88219,0
20240916,180000,6809.5,6811,6780,6800,93553,0
20240916,190000,6800,6810,6786,6788,39215,0
20240916,200000,6788,6800,6770.5,6798.5,36087,0
20240916,210000,6800,6815,6799,6811,40639,0
20240916,220000,6810.5,6815,6792,6810,33846,0
20240916,230000,6808.5,6824.5,6803.5,6820.5,28710,0
20240917,100000,6846,6846,6776,6789,236958,0
20240917,110000,6788,6813.5,6771.5,6803,124856,0
20240917,120000,6803.5,6813,6783.5,6783.5,67551,0
20240917,130000,6784,6784,6754,6768,66890,0
20240917,140000,6768.5,6773.5,6742,6758,80362,0
20240917,150000,6758.5,6775,6745,6769.5,59131,0
20240917,160000,6769.5,6813,6758,6787,81686,0
20240917,170000,6786.5,6850,6764,6848,98884,0
20240917,180000,6850,6857,6820,6828.5,101121,0
20240917,190000,6829.5,6855,6812.5,6852.5,51741,0
20240917,200000,6852.5,6860,6825,6829,32617,0
20240917,210000,6829.5,6848,6825,6833,17355,0
20240917,220000,6834,6842,6825,6840,16710,0
20240917,230000,6840,6843,6802.5,6803,27346,0
20240918,100000,6803.5,6831,6784,6798,147734,0
20240918,110000,6797.5,6810,6773.5,6791,95119,0
20240918,120000,6791,6799,6753.5,6758,92325,0
20240918,130000,6758,6772.5,6735.5,6755,106804,0
20240918,140000,6755,6767,6730.5,6731.5,84438,0
20240918,150000,6731,6784,6730.5,6745.5,75567,0
20240918,160000,6745.5,6780,6741,6770,54929,0
20240918,170000,6770.5,6794,6749.5,6756.5,65037,0
20240918,180000,6757,6780,6751,6755,38583,0
20240918,190000,6757.5,6760,6735,6738.5,23777,0
20240918,200000,6740.5,6764,6738,6761,8492,0
20240918,210000,6761,6770,6753,6754,13410,0
20240918,220000,6754.5,6756,6745,6745.5,7130,0
20240918,230000,6745.5,6750.5,6736,6745.5,12956,0
20240919,100000,6751,6760,6718,6736,113160,0
20240919,110000,6736,6775,6726,6749,107155,0
20240919,120000,6749.5,6798,6748.5,6790,110355,0
20240919,130000,6790,6793,6761.5,6762,69930,0
20240919,140000,6761.5,6787.5,6741,6779.5,142154,0
20240919,150000,6780,6781,6740.5,6762,268225,0
20240919,160000,6762,6808,6757.5,6798,99426,0
20240919,170000,6797.5,6816.5,6787.5,6799,78216,0
20240919,180000,6798.5,6809,6793,6794,43384,0
20240919,190000,6794,6807.5,6791,6792.5,13385,0
20240919,200000,6792.5,6812,6792,6811,18401,0
20240919,210000,6811,6830,6804,6821,29811,0
20240919,220000,6821,6825,6805.5,6810.5,9403,0
20240919,230000,6813,6816.5,6808,6811,6739,0
20240920,100000,6816,6880,6812.5,6868.5,188638,0
20240920,110000,6868.5,6880,6852,6879.5,93981,0
20240920,120000,6879.5,6888,6870,6881,54567,0
20240920,130000,6881.5,6886,6868.5,6873.5,51552,0
20240920,140000,6873,6885,6869.5,6884.5,37031,0
20240920,150000,6885,6886.5,6855,6860,100026,0
20240920,160000,6859.5,6871,6850.5,6860.5,39194,0
20240920,170000,6860.5,6865.5,6850,6851.5,43749,0
20240920,180000,6851.5,6878,6851,6870,35047,0
20240920,190000,6871.5,6878,6865,6876.5,9561,0
20240920,200000,6876,6880,6867,6875,16594,0
20240920,210000,6876,6885,6865.5,6869.5,33189,0
20240920,220000,6867.5,6879,6867,6879,8882,0
20240920,230000,6879,6898,6873.5,6897.5,41247,0
20240923,100000,6899.5,6954,6899,6946.5,194825,0
20240923,110000,6946,6987,6937,6942,130328,0
20240923,120000,6942,6971,6940.5,6965,79512,0
20240923,130000,6965,6991.5,6965,6988,82554,0
20240923,140000,6987,7000,6974.5,6980.5,173031,0
20240923,150000,6980,6985.5,6970,6975,29606,0
20240923,160000,6975,6982,6972,6979,33144,0
20240923,170000,6979,6986,6970,6983.5,34195,0
20240923,180000,6983,6988.5,6970,6980,33437,0
20240923,190000,6980,6981,6953,6977,48818,0
20240923,200000,6978.5,6985,6962.5,6979,20909,0
20240923,210000,6978,6982.5,6970,6979.5,10255,0
20240923,220000,6979.5,6982.5,6970.5,6982,9481,0
20240923,230000,6982.5,6983.5,6975.5,6982.5,5685,0
20240924,100000,6988.5,6989,6914.5,6923.5,238849,0
20240924,110000,6923.5,6984,6865.5,6978,154029,0
20240924,120000,6977,7050.5,6975,6997,193271,0
20240924,130000,6997,7020,6990.5,7005,57149,0
20240924,140000,7005,7009,6964,6966,61863,0
20240924,150000,6966.5,6982.5,6930.5,6948.5,106797,0
20240924,160000,6948.5,6964.5,6942,6946.5,39830,0
20240924,170000,6945.5,6971.5,6934,6970,50396,0
20240924,180000,6969.5,6977,6944,6954,51469,0
20240924,190000,6954,6962.5,6943,6960,11498,0
20240924,200000,6960.5,6975,6959,6960.5,17946,0
20240924,210000,6960.5,6967.5,6959,6967,6505,0
20240924,220000,6967.5,6970,6965,6968,7529,0
20240924,230000,6967.5,6968.5,6950,6954.5,14731,0
20240925,100000,6954.5,6979,6903.5,6942,130182,0
20240925,110000,6942,6957,6930,6940.5,60861,0
20240925,120000,6940.5,6990,6935,6974,63955,0
20240925,130000,6974,6980,6944,6954,54308,0
20240925,140000,6954,6964.5,6940.5,6946.5,33636,0
20240925,150000,6946.5,6965,6941.5,6953,48426,0
20240925,160000,6953,6954,6920.5,6929.5,61061,0
20240925,170000,6929,6940,6880,6903.5,163243,0
20240925,180000,6903.5,6910,6860,6860,106248,0
20240925,190000,6882.5,6896.5,6870,6870,39973,0
20240925,200000,6870.5,6894,6867,6884.5,22475,0
20240925,210000,6884.5,6893.5,6874.5,6891.5,9830,0
20240925,220000,6891.5,6893.5,6874,6885,9538,0
20240925,230000,6884.5,6886.5,6865,6867,19673,0
20240926,100000,6848,6848,6770,6792,227800,0
20240926,110000,6793.5,6815.5,6776,6780,163193,0
20240926,120000,6780,6858.5,6779.5,6815,102122,0
20240926,130000,6814.5,6842,6810.5,6830,43458,0
20240926,140000,6829.5,6856,6817.5,6839.5,58169,0
20240926,150000,6839.5,6847,6791,6805,62447,0
20240926,160000,6805.5,6808,6782,6799,47052,0
20240926,170000,6798.5,6847,6796,6845,55019,0
20240926,180000,6845,6887,6825,6878.5,51455,0
20240926,190000,6878,6889,6865.5,6875.5,19699,0
20240926,200000,6875,6890,6873,6888,9113,0
20240926,210000,6886.5,6890,6875.5,6880,6313,0
20240926,220000,6880,6888,6875.5,6884,7032,0
20240926,230000,6887,6890,6878.5,6890,6049,0
20240927,100000,6909,6946,6891,6893.5,119810,0
20240927,110000,6893,6908,6877.5,6906.5,49405,0
20240927,120000,6906,6910,6892.5,6904,32185,0
20240927,130000,6904,6907,6885,6885.5,44237,0
20240927,140000,6885,6885.5,6860,6865,51787,0
20240927,150000,6864.5,6879,6860.5,6862.5,41127,0
20240927,160000,6862.5,6864.5,6835,6836.5,62755,0
20240927,170000,6837.5,6882,6831.5,6878,43664,0
20240927,180000,6878,6920,6878,6920,61974,0
20240927,190000,6913,6915.5,6902.5,6909.5,13833,0
20240927,200000,6909.5,6919.5,6903.5,6906.5,12100,0
20240927,210000,6906.5,6910,6904,6908,5267,0
20240927,220000,6908,6912,6903,6911,5094,0
20240927,230000,6912,6920,6912,6914.5,6967,0
20240930,100000,6948,6972.5,6924,6946,114274,0
20240930,110000,6946.5,6971.5,6942,6955.5,44274,0
20240930,120000,6954.5,6957,6928,6935.5,56942,0
20240930,130000,6935.5,6954.5,6930,6951.5,36463,0
20240930,140000,6952,6953,6888,6914,103527,0
20240930,150000,6912,6960,6893,6903,95494,0
20240930,160000,6902.5,6947,6901,6933,82766,0
20240930,170000,6933,6940.5,6910,6928.5,58685,0
20240930,180000,6928.5,6959.5,6922.5,6959.5,34204,0
20240930,190000,6958,6959,6929.5,6936.5,11188,0
20240930,200000,6936,6939.5,6926.5,6930,8215,0
20240930,210000,6931.5,6934,6906.5,6916,10284,0
20240930,220000,6916,6916.5,6880.5,6882,27584,0
20240930,230000,6881.5,6899.5,6852,6874,24445,0
20241001,100000,6876,6915,6841.5,6846,147717,0
20241001,110000,6846.5,6850,6816,6829,107868,0
20241001,120000,6828.5,6835,6790.5,6835,136368,0
20241001,130000,6835.5,6849,6812,6823.5,62618,0
20241001,140000,6822,6850,6805,6832.5,47546,0
20241001,150000,6831.5,6843,6819,6819.5,38939,0
20241001,160000,6820,6869.5,6773.5,6848,229901,0
20241001,170000,6848,6902,6830,6902,163467,0
20241001,180000,6901.5,6908.5,6870.5,6883,71275,0
20241001,190000,6883,6939.5,6847,6934,75435,0
20241001,200000,6935,6995.5,6910,6917.5,218945,0
20241001,210000,6915,6937.5,6900,6923,50047,0
20241001,220000,6924,6958.5,6919,6929,28475,0
20241001,230000,6932,6979,6926.5,6969,20402,0
20241002,100000,6968,6980,6930,6952,225838,0
20241002,110000,6953.5,6957.5,6925,6932.5,55873,0
20241002,120000,6933,6945.5,6910,6931.5,56428,0
20241002,130000,6931,6969,6923,6959,59941,0
20241002,140000,6959,6967.5,6945,6945.5,35660,0
20241002,150000,6946.5,6958,6900,6905.5,98820,0
20241002,160000,6905.5,6927,6883,6892.5,86470,0
20241002,170000,6892.5,6902,6859.5,6871,104262,0
20241002,180000,6871,6875,6830,6843.5,135932,0
20241002,190000,6840,6842.5,6781.5,6802,102624,0
20241002,200000,6801,6827,6800,6814.5,20875,0
20241002,210000,6814.5,6821.5,6800,6820.5,17014,0
20241002,220000,6820.5,6824,6812.5,6816,8232,0
20241002,230000,6816.5,6827.5,6815.5,6816.5,13043,0
20241003,100000,6823,6869,6789.5,6854.5,161826,0
20241003,110000,6854.5,6879,6837.5,6843.5,109382,0
20241003,120000,6843,6878,6836.5,6852.5,52116,0
20241003,130000,6852.5,6858,6791.5,6804.5,92760,0
20241003,140000,6804,6827,6780.5,6798.5,94545,0
20241003,150000,6798.5,6856.5,6798.5,6853.5,91936,0
20241003,160000,6854,6879,6831.5,6870,79913,0
20241003,170000,6870,6909.5,6870,6903,145945,0
20241003,180000,6903,6906,6880,6887,59332,0
20241003,190000,6882.5,6948,6882.5,6934.5,68712,0
20241003,200000,6935,6948.5,6916,6919.5,29328,0
20241003,210000,6919.5,6950,6910,6948,40694,0
20241003,220000,6950,6950,6939.5,6942,14942,0
20241003,230000,6941.5,6957,6940.5,6956,21720,0
20241004,100000,6957.5,7010,6925.5,6998.5,218329,0
20241004,110000,6998,7012.5,6973.5,7001.5,108639,0
20241004,120000,7001,7019,6983.5,6999.5,103159,0
20241004,130000,7000,7045,6987,7042.5,112805,0
20241004,140000,7042.5,7076.5,7031,7065,144276,0
20241004,150000,7065,7068,7001.5,7009.5,164495,0
20241004,160000,7010,7036,6981,6991.5,120317,0
20241004,170000,6991,7012.5,6973,6995,84633,0
20241004,180000,6995,7027,6987,7000,38701,0
20241004,190000,7000,7023,6990.5,7003,26166,0
20241004,200000,7002,7028.5,7000,7024.5,25074,0
20241004,210000,7024.5,7024.5,6980.5,6990,33160,0
20241004,220000,6989.5,6997,6980,6981,16392,0
20241004,230000,6981.5,7009.5,6981,7009,14315,0
20241007,100000,7024,7066,7013,7030.5,174519,0
20241007,110000,7030.5,7058.5,7027.5,7036.5,82660,0
20241007,120000,7038,7045,6981.5,7010,148553,0
20241007,130000,7009.5,7010,6984,7000.5,64934,0
20241007,140000,7000,7024.5,6991.5,6992,60098,0
20241007,150000,6993,7005,6977.5,6977.5,78106,0
20241007,160000,6977.5,7015,6956,7000,113016,0
20241007,170000,7000.5,7012,6990,7001,36992,0
20241007,180000,7000.5,7013,6989,7009,42022,0
20241007,190000,7010,7045,7009,7039.5,55170,0
20241007,200000,7039,7040,7024.5,7036.5,22149,0
20241007,210000,7036,7062,7031,7052.5,37492,0
20241007,220000,7052.5,7060,7041.5,7056,28340,0
20241007,230000,7056,7059,7050,7055,18119,0
20241008,100000,7043,7055,6992,7001.5,129262,0
20241008,110000,7001,7017.5,6994,7000.5,53202,0
20241008,120000,7000.5,7049,6997.5,7046,68472,0
20241008,130000,7046.5,7047,7023,7039,52015,0
20241008,140000,7038.5,7038.5,7005,7012,35182,0
20241008,150000,7011.5,7016,6977,6992,107629,0
20241008,160000,6992.5,7003,6981.5,6993,63303,0
20241008,170000,6993.5,7003,6980,6995.5,70413,0
20241008,180000,6997.5,7004,6981.5,7004,59850,0
20241008,190000,7002.5,7004,6980,6989.5,23967,0
20241008,200000,6989.5,7005,6986,7003.5,27596,0
20241008,210000,7004,7004,6975.5,6976.5,21206,0
20241008,220000,6976,6996.5,6960.5,6979.5,24774,0
20241008,230000,6978.5,6997,6973.5,6973.5,10772,0
20241009,100000,6975,6991,6928.5,6939,157327,0
20241009,110000,6939.5,6948.5,6911,6925,87952,0
20241009,120000,6925,6936.5,6907.5,6935.5,72471,0
20241009,130000,6935,6936,6888.5,6898,110701,0
20241009,140000,6900,6914,6888.5,6898,81489,0
20241009,150000,6898,6900.5,6878,6888.5,79758,0
20241009,160000,6888.5,6890,6861,6863,110450,0
20241009,170000,6862.5,6875.5,6862,6865.5,82477,0
20241009,180000,6865.5,6887.5,6862.5,6870,91891,0
20241009,190000,6880,6892,6870,6878.5,41456,0
20241009,200000,6878,6879,6869.5,6875.5,19240,0
20241009,210000,6875.5,6885,6874,6884.5,13382,0
20241009,220000,6885,6887.5,6877.5,6885,8445,0
20241009,230000,6885,6888,6877,6883.5,10422,0
20241010,100000,6891,6891.5,6861.5,6862.5,104154,0
20241010,110000,6862.5,6904.5,6861.5,6894,159286,0
20241010,120000,6894,6902.5,6872.5,6888.5,199188,0
20241010,130000,6888.5,6890,6866,6872.5,96362,0
20241010,140000,6873,6884,6845,6855,102025,0
20241010,150000,6855.5,6870,6855,6860.5,107358,0
20241010,160000,6862,6871.5,6851.5,6865.5,83892,0
20241010,170000,6865,6878.5,6850.5,6861,203733,0
20241010,180000,6860.5,6871.5,6852.5,6857,78253,0
20241010,190000,6860,6874.5,6858.5,6862.5,36605,0
20241010,200000,6863,6870.5,6860,6866.5,34729,0
20241010,210000,6866.5,6869.5,6858.5,6869.5,17840,0
20241010,220000,6869.5,6869.5,6861.5,6864,4669,0
20241010,230000,6864,6869,6857,6857,9444,0
20241011,100000,6857,6866,6811.5,6822,168759,0
20241011,110000,6821.5,6823,6802,6816.5,147095,0
20241011,120000,6817.5,6833.5,6806,6816,229969,0
20241011,130000,6816,6831,6810,6830.5,159974,0
20241011,140000,6830,6830.5,6810.5,6811.5,129664,0
20241011,150000,6812,6816.5,6795.5,6799.5,181050,0
20241011,160000,6799.5,6812.5,6792,6805.5,134397,0
20241011,170000,6806,6831,6800,6826,154215,0
20241011,180000,6826,6872.5,6810,6864.5,86266,0
20241011,190000,6864,6882.5,6858.5,6873.5,35157,0
20241011,200000,6874,6874,6857.5,6857.5,16169,0
20241011,210000,6858,6876,6858,6862.5,19672,0
20241011,220000,6862.5,6867.5,6852,6853.5,12216,0
20241011,230000,6853,6859,6810,6837,36179,0
20241014,100000,6828,6841.5,6785,6796,152157,0
20241014,110000,6796,6807.5,6787.5,6800.5,138812,0
20241014,120000,6800.5,6832,6791.5,6819,143907,0
20241014,130000,6819,6891,6819,6867.5,187587,0
20241014,140000,6867,6922.5,6851,6879.5,280683,0
20241014,150000,6879,6905,6871,6901,96693,0
20241014,160000,6900,6947.5,6900,6940,162926,0
20241014,170000,6940,6942.5,6911.5,6922,177107,0
20241014,180000,6924,6938,6913,6920,83509,0
20241014,190000,6926,6931,6915,6916,13272,0
20241014,200000,6915.5,6935,6914,6925.5,15397,0
20241014,210000,6925.5,6934,6918.5,6929.5,8316,0
20241014,220000,6929,6933,6922.5,6930.5,9242,0
20241014,230000,6930,6934.5,6923.5,6931.5,11804,0
20241015,100000,6912,6930.5,6878.5,6915.5,158887,0
20241015,110000,6915.5,6969,6896.5,6958.5,109195,0
20241015,120000,6958,7013,6950.5,7000,168283,0
20241015,130000,7000,7000.5,6963.5,6992.5,69708,0
20241015,140000,6992.5,7013,6990.5,7011.5,66644,0
20241015,150000,7011.5,7019,6975,6980.5,68308,0
20241015,160000,6980.5,6987.5,6972,6980,59209,0
20241015,170000,6980,7000,6976,6998,51288,0
20241015,180000,6998,7005,6985.5,7000,25447,0
20241015,190000,6999,6999,6981.5,6987.5,7549,0
20241015,200000,6988.5,7000,6982,6998,12516,0
20241015,210000,6997.5,6999,6976,6978,13811,0
20241015,220000,6978,6984.5,6978,6984.5,8055,0
20241015,230000,6984.5,6996.5,6984,6991,4574,0
20241016,100000,6997,7045,6991,7033.5,132461,0
20241016,110000,7033.5,7055,7003.5,7052,108825,0
20241016,120000,7051,7052,6997,6998,95785,0
20241016,130000,6999,7006.5,6981,6983,62238,0
20241016,140000,6983,6983,6940.5,6940.5,106551,0
20241016,150000,6940.5,6973,6928.5,6946,81252,0
20241016,160000,6946,6954,6929,6935,38996,0
20241016,170000,6935,6955.5,6935,6940.5,57512,0
20241016,180000,6940.5,6982,6940,6967.5,75261,0
20241016,190000,6962.5,6985.5,6962.5,6984,19485,0
20241016,200000,6984,6985.5,6966.5,6976,9922,0
20241016,210000,6976,6982,6971.5,6981.5,4137,0
20241016,220000,6981.5,6986,6979,6985.5,8308,0
20241016,230000,6985.5,6987.5,6980,6980,8050,0
20241017,100000,6982.5,6993.5,6962,6990,93890,0
20241017,110000,6990.5,7009,6982.5,6982.5,85362,0
20241017,120000,6983,6990,6956,6973,77283,0
20241017,130000,6973.5,6978,6940,6944,71467,0
20241017,140000,6944.5,6945,6930.5,6943,50747,0
20241017,150000,6943,6970.5,6942.5,6952.5,40852,0
20241017,160000,6952.5,6982.5,6945.5,6966,51361,0
20241017,170000,6966,6975,6947,6957.5,38739,0
20241017,180000,6956.5,6965,6924,6927.5,84935,0
20241017,190000,6928,6936.5,6926.5,6929,13821,0
20241017,200000,6929,6944,6929,6933.5,7156,0
20241017,210000,6933.5,6938.5,6930.5,6936,4996,0
20241017,220000,6937,6938.5,6930,6937.5,8004,0
20241017,230000,6937.5,6939.5,6931.5,6931.5,7042,0
20241018,100000,6924,6954,6911,6950.5,94657,0
20241018,110000,6950,6975,6906,6952,192459,0
20241018,120000,6952,6979.5,6943,6950,60803,0
20241018,130000,6950,6960.5,6932,6933,76428,0
20241018,140000,6933.5,6970,6930,6949,51099,0
20241018,150000,6949,6965.5,6941.5,6946,46312,0
20241018,160000,6946,6995.5,6920.5,6937,216539,0
20241018,170000,6937,6964.5,6935,6948,107015,0
20241018,180000,6948,6955.5,6935,6950,42070,0
20241018,190000,6950,6979,6950,6971.5,34052,0
20241018,200000,6971.5,6971.5,6958.5,6962.5,11360,0
20241018,210000,6962.5,6964,6952,6957,10392,0
20241018,220000,6957.5,6965,6956,6960,10135,0
20241018,230000,6959.5,6969.5,6952,6963,17803,0
20241021,100000,6979,7009.5,6963,7007,131929,0
20241021,110000,7007,7022.5,6992,7002.5,85617,0
20241021,120000,7001.5,7037.5,7000,7034.5,86869,0
20241021,130000,7033,7047,7026,7039.5,118577,0
20241021,140000,7039,7040,7026,7034,61637,0
20241021,150000,7034,7045,7033.5,7042,41110,0
20241021,160000,7041.5,7045.5,7027,7031.5,51181,0
20241021,170000,7030.5,7034.5,7006,7020,63649,0
20241021,180000,7020,7022,6986,7001,76800,0
20241021,190000,7009.5,7023,7003,7018.5,17614,0
20241021,200000,7018,7020,7010,7014,7446,0
20241021,210000,7014,7016,7007.5,7011,6053,0
20241021,220000,7011,7015.5,7004.5,7013,11287,0
20241021,230000,7014,7021,7011,7020,9119,0
20241022,100000,7019,7024,6965,6983,149259,0
20241022,110000,6983.5,6994.5,6975,6987.5,72858,0
20241022,120000,6987.5,7020,6978.5,6997.5,147032,0
20241022,130000,6997,7001.5,6978.5,6978.5,56741,0
20241022,140000,6979,6991,6978.5,6991,32974,0
20241022,150000,6991,7002.5,6978.5,6981,46431,0
20241022,160000,6980.5,6985.5,6966,6977.5,46796,0
20241022,170000,6977.5,6987,6966.5,6967,53143,0
20241022,180000,6967,6967.5,6945,6953,78232,0
20241022,190000,6953,6961,6950,6950.5,21161,0
20241022,200000,6950,6962,6950,6955.5,11116,0
20241022,210000,6956,6961,6951.5,6959,10310,0
20241022,220000,6958,6961,6954.5,6957,2667,0
20241022,230000,6957.5,6957.5,6950,6950,9144,0
20241023,100000,6945,6959.5,6920,6923.5,109523,0
20241023,110000,6923,6945,6919,6937,85864,0
20241023,120000,6937,6969.5,6930.5,6969,81104,0
20241023,130000,6969,7016.5,6962.5,6991.5,112593,0
20241023,140000,6991.5,7002,6971,6972.5,64236,0
20241023,150000,6972.5,6987.5,6971,6987.5,55084,0
20241023,160000,6987,7003,6982.5,6988,43606,0
20241023,170000,6988.5,6994,6973.5,6985.5,44306,0
20241023,180000,6985.5,6987,6950.5,6951,48343,0
20241023,190000,6950,6959,6932,6946,29398,0
20241023,200000,6945.5,6958.5,6911,6922,40809,0
20241023,210000,6924.5,6933.5,6910,6923,19250,0
20241023,220000,6922.5,6927.5,6913,6926.5,9582,0
20241023,230000,6925.5,6926,6920,6920,5192,0
20241024,100000,6920.5,6958.5,6920.5,6938,108664,0
20241024,110000,6938,6947.5,6931.5,6939,35688,0
20241024,120000,6939,6940.5,6890,6906.5,114801,0
20241024,130000,6906,6928,6900,6915,59217,0
20241024,140000,6915.5,6942,6910.5,6933,50078,0
20241024,150000,6933,6935,6925,6926,29577,0
20241024,160000,6926,6974.5,6925,6964,65019,0
20241024,170000,6964,6986,6950.5,6974,55837,0
20241024,180000,6974,6979.5,6946,6950.5,39941,0
20241024,190000,6951,6969.5,6951,6958.5,7125,0
20241024,200000,6957.5,6962,6957.5,6959.5,2737,0
20241024,210000,6959.5,6962,6954,6959,6116,0
20241024,220000,6959,6959.5,6954.5,6957.5,7867,0
20241024,230000,6957.5,6959,6950,6958.5,6263,0
20241025,100000,6970,7018.5,6958.5,6997,105097,0
20241025,110000,6997,7017.5,6990.5,6991,71065,0
20241025,120000,6990.5,7005,6974.5,7000.5,67854,0
20241025,130000,7000.5,7080,6944,7048.5,355274,0
20241025,140000,7047,7047,6975,6983.5,233548,0
20241025,150000,6984,7011,6932,6954,669115,0
20241025,160000,6954,6972,6823.5,6838.5,399421,0
20241025,170000,6839,6843.5,6781.5,6807,351375,0
20241025,180000,6807,6818,6787,6794.5,108030,0
20241025,190000,6797,6800.5,6738.5,6759,103373,0
20241025,200000,6759.5,6776.5,6721.5,6769.5,92750,0
20241025,210000,6770,6770,6742,6768,26792,0
20241025,220000,6768,6774,6754,6760.5,27945,0
20241025,230000,6762,6765,6750,6750.5,24796,0
20241028,100000,6694,6694.5,6580,6685,621891,0
20241028,110000,6684.5,6743,6669.5,6719.5,314343,0
20241028,120000,6719.5,6739.5,6706.5,6720.5,154449,0
20241028,130000,6720.5,6737.5,6708,6725,129835,0
20241028,140000,6725,6731,6687,6700.5,165725,0
20241028,150000,6700,6785,6696.5,6742,266951,0
20241028,160000,6738.5,6769,6719,6740,184631,0
20241028,170000,6740,6755.5,6702.5,6755,186434,0
20241028,180000,6755,6755.5,6701.5,6715,111439,0
20241028,190000,6714,6724,6695.5,6696.5,123997,0
20241028,200000,6697,6711.5,6676,6700.5,84939,0
20241028,210000,6699.5,6711,6689.5,6710.5,27319,0
20241028,220000,6710.5,6731,6701,6728.5,33558,0
20241028,230000,6729,6735.5,6719.5,6733.5,16915,0
20241029,100000,6749,6821.5,6738,6803.5,235169,0
20241029,110000,6803,6805,6733,6756.5,125701,0
20241029,120000,6757,6767.5,6708,6740.5,148920,0
20241029,130000,6741,6784,6720.5,6768,96454,0
20241029,140000,6768.5,6805.5,6754.5,6792.5,131533,0
20241029,150000,6792.5,6837.5,6783,6797.5,125614,0
20241029,160000,6798,6825.5,6791,6806.5,68278,0
20241029,170000,6805.5,6808,6770,6807,80725,0
20241029,180000,6805,6840,6805,6830,61923,0
20241029,190000,6830,6855.5,6830,6848.5,32630,0
20241029,200000,6848.5,6860,6842,6856,15959,0
20241029,210000,6856.5,6860,6845.5,6858,9289,0
20241029,220000,6858.5,6866,6845,6847,13494,0
20241029,230000,6847,6854,6828,6837,14662,0
20241030,100000,6856.5,6883,6826,6869,148349,0
20241030,110000,6869.5,6894,6857,6875.5,92139,0
20241030,120000,6875,6881,6855.5,6863,38289,0
20241030,130000,6863.5,6868.5,6835.5,6860.5,57174,0
20241030,140000,6859,6865,6794.5,6795,86442,0
20241030,150000,6795,6832,6773.5,6827.5,145800,0
20241030,160000,6827,6847,6810.5,6846,59634,0
20241030,170000,6846,6886,6832.5,6880.5,86225,0
20241030,180000,6881,6890,6857.5,6857.5,73047,0
20241030,190000,6860,6860,6825,6833,36481,0
20241030,200000,6833,6839.5,6798.5,6807,34033,0
20241030,210000,6808,6818.5,6800,6811,16990,0
20241030,220000,6810.5,6811,6795.5,6802.5,13954,0
20241030,230000,6802.5,6817.5,6781.5,6792,19276,0
20241031,100000,6792.5,6812,6767,6794.5,102660,0
20241031,110000,6794.5,6820,6775.5,6807,59693,0
20241031,120000,6806.5,6810.5,6747,6799,123845,0
20241031,130000,6798.5,6845,6792,6839,76188,0
20241031,140000,6839,6869,6826,6858,65418,0
20241031,150000,6858,6863.5,6837,6837,49570,0
20241031,160000,6837,6843,6820,6822,56853,0
20241031,170000,6823,6827,6793,6795.5,80914,0
20241031,180000,6796,6824.5,6792.5,6792.5,95330,0
20241031,190000,6795,6795.5,6766.5,6791,27397,0
20241031,200000,6791,6799.5,6777,6777.5,18311,0
20241031,210000,6777,6795,6762.5,6792.5,24020,0
20241031,220000,6794,6795,6783,6789,9175,0
20241031,230000,6788.5,6795,6788,6794.5,7008,0
20241101,100000,6806,6831.5,6734,6767,177655,0
20241101,110000,6767,6779.5,6750.5,6775.5,94762,0
20241101,120000,6775,6775.5,6720.5,6749,120579,0
20241101,130000,6749.5,6790,6749,6772.5,85321,0
20241101,140000,6772.5,6806.5,6770.5,6791.5,100893,0
20241101,150000,6792,6795,6774.5,6776,40468,0
20241101,160000,6777,6802.5,6774.5,6794.5,85790,0
20241101,170000,6794.5,6818,6790,6805,64264,0
20241101,180000,6805.5,6815.5,6800,6800.5,40759,0
20241101,190000,6805,6843.5,6805,6837,32777,0
20241101,200000,6837,6850,6823,6829,25892,0
20241101,210000,6828,6836.5,6822.5,6829.5,7022,0
20241101,220000,6831,6844.5,6827,6842.5,7884,0
20241101,230000,6842,6844.5,6836.5,6844.5,4491,0
20241102,100000,6835,6865,6822,6853.5,43250,0
20241102,110000,6853.5,6861.5,6842.5,6846,31851,0
20241102,120000,6846,6849,6841.5,6843,22773,0
20241102,130000,6843,6856,6841.5,6850.5,35264,0
20241102,140000,6851,6858.5,6847.5,6850.5,31877,0
20241102,150000,6851.5,6858,6848,6852,25206,0
20241102,160000,6853,6858,6841,6849,46494,0
20241102,170000,6848.5,6850.5,6828,6828.5,58426,0
20241102,180000,6830,6834.5,6810,6828.5,45815,0
20241102,190000,6827,6829.5,6820,6826,4637,0
20241102,200000,6825.5,6836,6820.5,6824,5967,0
20241102,210000,6823,6836.5,6822.5,6825,8207,0
20241102,220000,6825,6834,6824.5,6831,5715,0
20241102,230000,6830.5,6842,6830.5,6842,15529,0
20241105,100000,6867,6876,6825.5,6861,96648,0
20241105,110000,6861.5,6874.5,6847,6865.5,54723,0
20241105,120000,6866,6920,6862,6902,84632,0
20241105,130000,6901.5,6905,6887,6895.5,39363,0
20241105,140000,6895,6900.5,6871,6871,42383,0
20241105,150000,6871,6874,6860.5,6860.5,26390,0
20241105,160000,6860.5,6872.5,6844.5,6845,35288,0
20241105,170000,6845,6860,6821,6844,49502,0
20241105,180000,6844,6874,6831.5,6863,33843,0
20241105,190000,6860,6890,6859.5,6878.5,19826,0
20241105,200000,6878,6886,6861,6871,13050,0
20241105,210000,6873,6882,6862.5,6867,7985,0
20241105,220000,6867,6876,6866.5,6871.5,2963,0
20241105,230000,6872.5,6874,6870,6873,5140,0
20241106,100000,6999.5,7025,6933.5,7025,324488,0
20241106,110000,7025,7098.5,7014,7051.5,251577,0
20241106,120000,7051.5,7084,7042,7046.5,156662,0
20241106,130000,7046.5,7052,6991.5,7011,136894,0
20241106,140000,7011,7027.5,7002,7011.5,100772,0
20241106,150000,7011.5,7015.5,6990.5,7011,91926,0
20241106,160000,7011,7025,6975,7009,117271,0
20241106,170000,7009,7040,7001,7016.5,44894,0
20241106,180000,7016.5,7025,6995,7000,33067,0
20241106,190000,7000,7008,6971.5,6986.5,26360,0
20241106,200000,6988.5,7000,6985,6999,9598,0
20241106,210000,6999,7000,6983,6987.5,11602,0
20241106,220000,6987.5,6999.5,6984.5,6992,8761,0
20241106,230000,6992,6997,6988,6996.5,6282,0
20241107,120000,6994,6998,6950,6982.5,78736,0
20241107,130000,6984,6984,6951,6959,49945,0
20241107,140000,6959,7004.5,6956,7000.5,75667,0
20241107,150000,7000.5,7010,6994.5,7010,59538,0
20241107,160000,7010,7043,7006.5,7020,64561,0
20241107,170000,7019.5,7064.5,7015.5,7059.5,94897,0
20241107,180000,7059.5,7063,7037.5,7050,60101,0
20241107,190000,7041,7074.5,7041,7050,36440,0
20241107,200000,7048,7070,7046,7060,14136,0
20241107,210000,7060,7078,7052.5,7072.5,21433,0
20241107,220000,7073.5,7113.5,7073.5,7099.5,66507,0
20241107,230000,7099,7139,7099,7132,49068,0
20241108,100000,7148,7155,7110.5,7142.5,170967,0
20241108,110000,7144,7174.5,7125,7136,141642,0
20241108,120000,7136,7148.5,7126.5,7131,37051,0
20241108,130000,7131,7136.5,7072.5,7091,123041,0
20241108,140000,7091,7114,7078.5,7091,52394,0
20241108,150000,7091,7109,7081,7101,47852,0
20241108,160000,7101,7101,7076,7079,45605,0
20241108,170000,7079,7081,7061,7079,49455,0
20241108,180000,7079.5,7123.5,7071.5,7080.5,87038,0
20241108,190000,7092,7145,7092,7136.5,57881,0
20241108,200000,7136.5,7182,7136.5,7177,68941,0
20241108,210000,7177,7177.5,7153,7163.5,20267,0
20241108,220000,7164,7191.5,7155.5,7191,31772,0
20241108,230000,7191.5,7192,7170,7172,22333,0
20241111,100000,7207,7235,7110,7114,257300,0
20241111,110000,7114,7164.5,7102.5,7142.5,201165,0
20241111,120000,7142,7142,7104,7104.5,128861,0
20241111,130000,7104.5,7117,7091,7112,111740,0
20241111,140000,7112,7115,7081.5,7082,68670,0
20241111,150000,7083,7087,7053,7070.5,107562,0
20241111,160000,7070,7075,7061,7063.5,161013,0
20241111,170000,7064,7065,6995,7000,239961,0
20241111,180000,7000,7045,6996.5,7000,156701,0
20241111,190000,7005,7035.5,7005,7030.5,45302,0
20241111,200000,7030,7030.5,7000,7013,28204,0
20241111,210000,7013,7023.5,7011.5,7019,11813,0
20241111,220000,7019,7028.5,7015.5,7028,15129,0
20241111,230000,7027.5,7037.5,7022.5,7022.5,19554,0
20241112,100000,7025.5,7030.5,6967,6984,162022,0
20241112,110000,6983.5,7022,6983.5,6999.5,82240,0
20241112,120000,6999.5,7050,6991,7048,70739,0
20241112,130000,7048,7071.5,7013.5,7033.5,60216,0
20241112,140000,7033.5,7035,6997,7005,54515,0
20241112,150000,7005,7018.5,6995,6997.5,42028,0
20241112,160000,6998,7002.5,6990.5,6996.5,51708,0
20241112,170000,6996,7015.5,6995,7015,39577,0
20241112,180000,7015.5,7023.5,6990,6999,56317,0
20241112,190000,6999,7016.5,6996,7013,25024,0
20241112,200000,7013,7013,7004.5,7007.5,5316,0
20241112,210000,7007.5,7008.5,6990,6990.5,11531,0
20241112,220000,6990,6994,6990,6991.5,13303,0
20241112,230000,6991.5,6995.5,6990,6990,16195,0
20241113,100000,6988,7015,6950,6987.5,103929,0
20241113,110000,6988,7005,6975,6992.5,77239,0
20241113,120000,6992.5,7029,6983.5,7011.5,86665,0
20241113,130000,7011,7025,7002,7010,48868,0
20241113,140000,7009.5,7018,7004,7017,34843,0
20241113,150000,7017,7048,7007,7029.5,64918,0
20241113,160000,7030,7038,7006,7006.5,46128,0
20241113,170000,7006.5,7019.5,6995,7002.5,48864,0
20241113,180000,7002.5,7015.5,6990,7000,48469,0
20241113,190000,7000,7005,6950,6951,80941,0
20241113,200000,6951,6966,6918,6953.5,61293,0
20241113,210000,6954.5,6964.5,6953,6955,9633,0
20241113,220000,6955,6955.5,6940,6942,9032,0
20241113,230000,6941,6941.5,6920,6925,18457,0
20241114,100000,6921.5,7013.5,6920.5,7000.5,157861,0
20241114,110000,7000.5,7008,6981,6986,76614,0
20241114,120000,6986.5,6991,6967,6971.5,59808,0
20241114,130000,6971.5,6997,6945,6953.5,63602,0
20241114,140000,6953.5,6955,6910.5,6945.5,183670,0
20241114,150000,6945.5,6961.5,6932.5,6935.5,61459,0
20241114,160000,6935.5,6956.5,6914.5,6915,61803,0
20241114,170000,6914.5,6936.5,6900,6912.5,80575,0
20241114,180000,6911,6937,6910,6930,67930,0
20241114,190000,6928,6940,6907,6922,29812,0
20241114,200000,6922.5,6935,6922,6924.5,11680,0
20241114,210000,6924.5,6927,6923.5,6926.5,5745,0
20241114,220000,6926,6937.5,6926,6929.5,6561,0
20241114,230000,6930,6933,6925.5,6932.5,4108,0
20241115,100000,6934.5,6988,6911.5,6918,63547,0
20241115,110000,6917.5,6970,6911,6960,61506,0
20241115,120000,6960,6975,6943.5,6966.5,47569,0
20241115,130000,6966,6968,6930,6940,24614,0
20241115,140000,6941,6956,6940,6941,17125,0
20241115,150000,6942.5,6980,6925,6968.5,62561,0
20241115,160000,6969,6984.5,6958.5,6962,36145,0
20241115,170000,6961.5,6986.5,6959,6978.5,34397,0
20241115,180000,6978.5,7015,6975,7014.5,67410,0
20241115,190000,7014.5,7037,7012.5,7021,44856,0
20241115,200000,7021,7031,7017,7017,17284,0
20241115,210000,7017.5,7022.5,7012,7022,6821,0
20241115,220000,7022.5,7030,7020,7027.5,10805,0
20241115,230000,7027,7028,7020,7021,10589,0
20241118,100000,6956,6995.5,6874,6980,191009,0
20241118,110000,6979.5,7000,6972,6990,79760,0
20241118,120000,6990.5,7008,6961,6966,58186,0
20241118,130000,6966,6977,6958,6975,33157,0
20241118,140000,6975,7000,6970.5,6994.5,46907,0
20241118,150000,6994.5,7004,6984,6984.5,27965,0
20241118,160000,6984.5,6996.5,6972,6988.5,33686,0
20241118,170000,6988.5,7006.5,6980,7003,52049,0
20241118,180000,7002.5,7006.5,6995,7000,43963,0
20241118,190000,6999,6999,6971.5,6987.5,19090,0
20241118,200000,6989,6999,6984.5,6990.5,6797,0
20241118,210000,6993,6995.5,6972,6978.5,9711,0
20241118,220000,6978,6985.5,6966,6966.5,8287,0
20241118,230000,6966,6966.5,6950.5,6955.5,10433,0
20241119,100000,6960,6991.5,6959.5,6975,58433,0
20241119,110000,6975,6976.5,6913.5,6921,102077,0
20241119,120000,6920.5,6957,6909,6941.5,68465,0
20241119,130000,6941.5,6950,6915.5,6927,28573,0
20241119,140000,6926.5,6951.5,6902,6926,67779,0
20241119,150000,6926,6951,6911.5,6911.5,55836,0
20241119,160000,6911.5,6911.5,6850,6860.5,135782,0
20241119,170000,6860.5,6874.5,6810,6852.5,193078,0
20241119,180000,6853.5,6863,6825,6835,72173,0
20241119,190000,6835,6858.5,6810.5,6833,35855,0
20241119,200000,6833,6852.5,6820.5,6852.5,13900,0
20241119,210000,6853,6860.5,6834,6841.5,18913,0
20241119,220000,6842,6850,6836,6845.5,7682,0
20241119,230000,6846,6849.5,6836.5,6842,7489,0
20241120,100000,6858,6919,6858,6871,212307,0
20241120,110000,6871,6915.5,6861,6876,80818,0
20241120,120000,6876,6906,6873,6891,60829,0
20241120,130000,6890.5,6952.5,6890,6897.5,108097,0
20241120,140000,6898,6929,6894.5,6908.5,37368,0
20241120,150000,6908,6913.5,6893,6898.5,36124,0
20241120,160000,6898,6904.5,6823.5,6841.5,63855,0
20241120,170000,6841.5,6865.5,6823.5,6836.5,61496,0
20241120,180000,6836,6836.5,6800,6802,67453,0
20241120,190000,6800,6818,6776,6802.5,79864,0
20241120,200000,6802,6814,6784.5,6797.5,27057,0
20241120,210000,6798.5,6813.5,6792,6807.5,10717,0
20241120,220000,6807.5,6808.5,6794.5,6801.5,6438,0
20241120,230000,6801,6801,6795.5,6798.5,3976,0
20241121,100000,6809.5,6845,6780.5,6809.5,111072,0
20241121,110000,6809,6840,6779.5,6791,94564,0
20241121,120000,6791,6825.5,6768,6807,108607,0
20241121,130000,6809,6840,6805,6835.5,53702,0
20241121,140000,6834.5,6863.5,6832.5,6846,56935,0
20241121,150000,6846,6850,6788.5,6809.5,84086,0
20241121,160000,6809.5,6850,6805.5,6838.5,40611,0
20241121,170000,6840,6849.5,6784.5,6785,70367,0
20241121,180000,6785,6905,6770.5,6821.5,166640,0
20241121,190000,6821.5,6912,6821.5,6863,42695,0
20241121,200000,6863,6884.5,6775,6883,103167,0
20241121,210000,6882.5,6910,6859,6894.5,47980,0
20241121,220000,6895,6942.5,6894.5,6934.5,44612,0
20241121,230000,6934.5,6949,6929,6938.5,19880,0
20241122,100000,6940.5,6968,6911,6935,89110,0
20241122,110000,6935,6937,6885,6887.5,58874,0
20241122,120000,6888,6934,6868,6933.5,68237,0
20241122,130000,6934,6964.5,6910,6920.5,54669,0
20241122,140000,6921,6935,6902.5,6917.5,23461,0
20241122,150000,6918,6922,6885,6916,65480,0
20241122,160000,6913.5,6915.5,6884.5,6907.5,48508,0
20241122,170000,6907.5,6915.5,6888,6901.5,27141,0
20241122,180000,6900,6927,6900,6924.5,40056,0
20241122,190000,6924,6985,6917,6975.5,56747,0
20241122,200000,6977,6998,6950.5,6971,31796,0
20241122,210000,6971.5,6972,6955,6962,8019,0
20241122,220000,6961.5,6967.5,6938.5,6949,11602,0
20241122,230000,6949,6954.5,6935,6940,14368,0
20241125,100000,6946,6979,6916,6921.5,100058,0
20241125,110000,6920.5,6929,6892.5,6915.5,68985,0
20241125,120000,6916,6933,6893.5,6921,56510,0
20241125,130000,6920.5,6932.5,6897,6904,79355,0
20241125,140000,6905,6910.5,6885.5,6898,78584,0
20241125,150000,6898.5,6912,6883,6883,47236,0
20241125,160000,6883,6883.5,6853,6871.5,104699,0
20241125,170000,6871,6883.5,6835.5,6850.5,85741,0
20241125,180000,6850,6920,6850,6919,105997,0
20241125,190000,6919,6919,6888.5,6895,30279,0
20241125,200000,6895,6907.5,6890,6890.5,28666,0
20241125,210000,6890.5,6893,6880,6882,17097,0
20241125,220000,6881.5,6900,6880,6888,16952,0
20241125,230000,6887.5,6893.5,6880,6886.5,8423,0
20241126,100000,6870.5,6930,6866.5,6902.5,101260,0
20241126,110000,6902.5,6925,6890.5,6891.5,97581,0
20241126,120000,6891.5,6910,6880,6892,42309,0
20241126,130000,6891.5,6908,6870.5,6871,59882,0
20241126,140000,6871.5,6892,6851,6870,111103,0
20241126,150000,6869,6890,6851,6873.5,154175,0
20241126,160000,6873.5,6879.5,6841.5,6860,118220,0
20241126,170000,6860.5,6872.5,6831,6831.5,97291,0
20241126,180000,6831.5,6866,6829,6833,97911,0
20241126,190000,6840,6885,6820.5,6849.5,39696,0
20241126,200000,6849,6870,6841,6849,12968,0
20241126,210000,6849,6860,6833,6855.5,24020,0
20241126,220000,6859,6870,6853,6854,16838,0
20241126,230000,6854.5,6874,6850,6869.5,12555,0
20241127,100000,6870.5,6875,6770,6839,201066,0
20241127,110000,6838.5,6849.5,6777,6799,165273,0
20241127,120000,6798,6887.5,6795,6866.5,150242,0
20241127,130000,6866.5,6890.5,6810,6839,193973,0
20241127,140000,6838.5,6916.5,6816,6903.5,123364,0
20241127,150000,6903,6915,6805,6809,122267,0
20241127,160000,6809.5,6878.5,6794,6868.5,217528,0
20241127,170000,6868,6880.5,6843.5,6849.5,98164,0
20241127,180000,6849.5,6890,6826.5,6856,86265,0
20241127,190000,6856,6913,6840.5,6888.5,61178,0
20241127,200000,6888,6906.5,6879,6894.5,17696,0
20241127,210000,6895.5,6900.5,6880.5,6894.5,14390,0
20241127,220000,6895,6898,6864.5,6887.5,17033,0
20241127,230000,6887.5,6898,6873,6896.5,12245,0
20241128,100000,6940,6940,6860.5,6884,187054,0
20241128,110000,6883.5,6900,6878.5,6880.5,109169,0
20241128,120000,6881,6899.5,6866,6885.5,104358,0
20241128,130000,6885,6888,6840,6871.5,106411,0
20241128,140000,6871.5,6877,6825,6840,114281,0
20241128,150000,6839,6854,6818,6842,190694,0
20241128,160000,6842,6868,6833,6853,55265,0
20241128,170000,6853,6865,6835,6851,108706,0
20241128,180000,6850.5,6891.5,6840,6890,152563,0
20241128,190000,6890.5,6916.5,6890,6912.5,53026,0
20241128,200000,6913,6918,6900,6904.5,22484,0
20241128,210000,6905.5,6915,6900,6901,11801,0
20241128,220000,6901,6913,6900,6907,15169,0
20241128,230000,6907,6912,6900,6905.5,9052,0
20241129,100000,6905,6910,6839,6868,218594,0
20241129,110000,6868,6881,6844.5,6858,244142,0
20241129,120000,6858,6875,6845,6852,117385,0
20241129,130000,6852,6880,6832,6861,149008,0
20241129,140000,6861,6885.5,6851,6869,63311,0
20241129,150000,6870.5,6872.5,6850.5,6850.5,77666,0
20241129,160000,6850.5,6859.5,6839.5,6844,104232,0
20241129,170000,6844,6861,6834,6860.5,145222,0
20241129,180000,6860,6885,6852.5,6885,95710,0
20241129,190000,6876,6885.5,6870,6872,35704,0
20241129,200000,6872,6873,6870,6870,11930,0
20241129,210000,6870,6871,6870,6870.5,8748,0
20241129,220000,6870,6874.5,6870,6870.5,7251,0
20241129,230000,6870,6872.5,6860,6860.5,19482,0
20241202,100000,6879,6880,6840,6865.5,125696,0
20241202,110000,6866,6870,6837,6837,200566,0
20241202,120000,6838,6847.5,6829,6837,286209,0
20241202,130000,6838,6845,6826.5,6830,114193,0
20241202,140000,6830,6834,6805,6815,114324,0
20241202,150000,6814.5,6834,6813,6820.5,75798,0
20241202,160000,6820.5,6832,6805,6821.5,195880,0
20241202,170000,6821.5,6829.5,6804,6808.5,135005,0
20241202,180000,6808.5,6826.5,6799,6826.5,84810,0
20241202,190000,6820,6825,6815,6820.5,21042,0
20241202,200000,6820.5,6821,6810,6814,10198,0
20241202,210000,6814,6818,6810,6811,7085,0
20241202,220000,6810.5,6816.5,6810,6811,6602,0
20241202,230000,6811,6816,6810,6810,7443,0
20241203,100000,6814.5,6823,6774,6791,114446,0
20241203,110000,6791,6791.5,6751,6765.5,157488,0
20241203,120000,6765.5,6771,6761,6770,62808,0
20241203,130000,6770,6771,6764,6764.5,46491,0
20241203,140000,6764.5,6782.5,6761,6768,54567,0
20241203,150000,6768,6778.5,6766,6767,76114,0
20241203,160000,6767,6785,6761,6770.5,78470,0
20241203,170000,6770.5,6771,6725,6768.5,95365,0
20241203,180000,6768.5,6775,6713.5,6758.5,84812,0
20241203,190000,6753,6784,6741.5,6781,36703,0
20241203,200000,6781.5,6784,6767,6773.5,8853,0
20241203,210000,6772.5,6779,6760,6764,12185,0
20241203,220000,6766,6770,6764,6767,3786,0
20241203,230000,6766,6779,6765,6771,7105,0
20241204,100000,6780,6795.5,6714,6728.5,139194,0
20241204,110000,6728.5,6767.5,6728,6767,193807,0
20241204,120000,6767,6800,6765.5,6799.5,71314,0
20241204,130000,6799.5,6800,6784.5,6791,45054,0
20241204,140000,6791.5,6812,6791,6806,44164,0
20241204,150000,6806.5,6812,6750.5,6764,52205,0
20241204,160000,6764,6781.5,6750,6752.5,58928,0
20241204,170000,6752.5,6763,6733,6744,87914,0
20241204,180000,6743,6757,6726,6726,75352,0
20241204,190000,6726,6747,6726,6730.5,78703,0
20241204,200000,6731,6739.5,6726,6727.5,41199,0
20241204,210000,6727.5,6733.5,6720,6720,28456,0
20241204,220000,6721,6728.5,6720,6721.5,21232,0
20241204,230000,6721.5,6725,6720,6720.5,18202,0
20241205,100000,6726,6768.5,6722,6739,74786,0
20241205,110000,6739,6770,6726,6726.5,48434,0
20241205,120000,6726.5,6770,6723,6755,74229,0
20241205,130000,6754.5,6764,6736.5,6738,38801,0
20241205,140000,6737,6749.5,6676.5,6685,67944,0
20241205,150000,6685,6707.5,6677,6686.5,73286,0
20241205,160000,6686.5,6757,6683,6741,126709,0
20241205,170000,6741.5,6830,6741,6814,258270,0
20241205,180000,6814,6822.5,6779,6783.5,93905,0
20241205,190000,6794,6861,6792.5,6831.5,72465,0
20241205,200000,6830.5,6848.5,6822,6826,17052,0
20241205,210000,6824,6839.5,6819,6832.5,9663,0
20241205,220000,6832.5,6850,6827,6846.5,12064,0
20241205,230000,6847,6849.5,6840,6841,7943,0
20241206,100000,6859.5,6864.5,6815,6851,109852,0
20241206,110000,6851.5,6851.5,6830,6836,58534,0
20241206,120000,6835.5,6847.5,6800.5,6807.5,59106,0
20241206,130000,6807.5,6824.5,6800,6817.5,60382,0
20241206,140000,6817,6861.5,6800.5,6860.5,63122,0
20241206,150000,6860.5,6886.5,6860.5,6878.5,118634,0
20241206,160000,6878.5,6913.5,6853,6853,89504,0
20241206,170000,6854,6870,6839.5,6851,25079,0
20241206,180000,6848.5,6860,6830.5,6850,22910,0
20241206,190000,6847,6864,6847,6853.5,5455,0
20241206,200000,6853,6866,6851.5,6862.5,8762,0
20241206,210000,6862.5,6863,6856,6859,3932,0
20241206,220000,6859.5,6860.5,6850,6858,5575,0
20241206,230000,6857,6861.5,6855,6860,10090,0
20241209,100000,6878,6915,6878,6898,73081,0
20241209,110000,6898,6898,6872.5,6888,37014,0
20241209,120000,6888,6895,6844,6846.5,78145,0
20241209,130000,6847,6870,6846.5,6859.5,67325,0
20241209,140000,6859,6887.5,6859,6884.5,30517,0
20241209,150000,6885,6955,6885,6951.5,110626,0
20241209,160000,6951.5,6997,6929,6994,163097,0
20241209,170000,6994.5,6997,6953,6965.5,70966,0
20241209,180000,6966,6985,6962.5,6980,22865,0
20241209,190000,6975.5,6988.5,6967,6986,14564,0
20241209,200000,6986,6993,6972.5,6979.5,8565,0
20241209,210000,6980,6982.5,6977,6981.5,4920,0
20241209,220000,6982,6995,6980,6986.5,12185,0
20241209,230000,6987,6994,6951,6973,20247,0
20241210,100000,6985,6985,6950.5,6951,84917,0
20241210,110000,6951,6967.5,6916.5,6954.5,87123,0
20241210,120000,6953.5,6957.5,6900,6907,100528,0
20241210,130000,6907,6952,6900,6939,54383,0
20241210,140000,6939,6941.5,6890,6910,74201,0
20241210,150000,6909.5,6936.5,6900,6914.5,46077,0
20241210,160000,6914.5,6991,6908,6941,88075,0
20241210,170000,6941,6949,6901.5,6907.5,54650,0
20241210,180000,6907.5,6913,6880,6900.5,58088,0
20241210,190000,6900.5,6905.5,6895.5,6904,14884,0
20241210,200000,6904,6920,6894,6919.5,13306,0
20241210,210000,6920,6920,6905.5,6911.5,5660,0
20241210,220000,6909,6911,6896.5,6903,5099,0
20241210,230000,6904,6908,6890,6894,5711,0
20241211,100000,6894,6894,6860,6860.5,56084,0
20241211,110000,6860,6878.5,6825,6876.5,81162,0
20241211,120000,6876,6877.5,6845.5,6848,87947,0
20241211,130000,6848,6848,6828,6831.5,45707,0
20241211,140000,6832,6838,6821,6836,78244,0
20241211,150000,6836.5,6886,6835,6875.5,88712,0
20241211,160000,6875,6885.5,6854,6880,79450,0
20241211,170000,6880,6914,6880,6892,64491,0
20241211,180000,6892.5,6897,6857.5,6865,36863,0
20241211,190000,6860.5,6898.5,6848.5,6875.5,40270,0
20241211,200000,6877.5,6899.5,6876,6890,13701,0
20241211,210000,6891.5,6899,6888.5,6897.5,9454,0
20241211,220000,6897.5,6904.5,6896,6902.5,7131,0
20241211,230000,6902.5,6906,6895,6895.5,9666,0
20241212,100000,6896.5,6939,6874.5,6939,79714,0
20241212,110000,6939,6946,6922,6922,70945,0
20241212,120000,6922,6950,6922,6948,55705,0
20241212,130000,6947.5,6959.5,6917,6932.5,76512,0
20241212,140000,6931.5,6944,6901,6910.5,39917,0
20241212,150000,6909,6943.5,6890,6937,50604,0
20241212,160000,6936,6944,6895,6895,59041,0
20241212,170000,6895,6897.5,6862,6865.5,94929,0
20241212,180000,6865,6898,6862.5,6886,74826,0
20241212,190000,6882,6897,6881.5,6887,24164,0
20241212,200000,6886.5,6886.5,6862.5,6863.5,18446,0
20241212,210000,6863.5,6871,6862.5,6867,9417,0
20241212,220000,6867,6878,6862.5,6872,24891,0
20241212,230000,6871.5,6873,6862.5,6862.5,7762,0
20241213,100000,6868.5,6884.5,6857,6860.5,76679,0
20241213,110000,6859.5,6873,6851,6851.5,84066,0
20241213,120000,6851.5,6856.5,6770,6786,130560,0
20241213,130000,6786,6807,6783,6791,47442,0
20241213,140000,6792.5,6793.5,6775,6788,32906,0
20241213,150000,6787,6817.5,6776.5,6799.5,57705,0
20241213,160000,6800,6800,6750,6763.5,62775,0
20241213,170000,6762,6784,6755.5,6777.5,48828,0
20241213,180000,6778.5,6809.5,6777,6809.5,40910,0
20241213,190000,6807,6815,6797,6814.5,16258,0
20241213,200000,6814,6814.5,6792,6792.5,12231,0
20241213,210000,6792.5,6799,6783.5,6791.5,12971,0
20241213,220000,6791.5,6793,6780,6782,11249,0
20241213,230000,6781.5,6809,6780,6800,17976,0
20241216,100000,6770.5,6787.5,6714,6744,166576,0
20241216,110000,6743.5,6744,6720,6730,100760,0
20241216,120000,6730,6730,6685.5,6712.5,127589,0
20241216,130000,6713,6737.5,6707,6723,67555,0
20241216,140000,6724,6760,6706.5,6730,95266,0
20241216,150000,6730,6742,6717.5,6731.5,74636,0
20241216,160000,6731,6768.5,6731,6755.5,105418,0
20241216,170000,6755,6759,6726,6740.5,55513,0
20241216,180000,6740,6741.5,6726,6736,74350,0
20241216,190000,6736,6736,6712,6714.5,65420,0
20241216,200000,6714.5,6746,6713.5,6738.5,52249,0
20241216,210000,6738.5,6742.5,6738,6738.5,34496,0
20241216,220000,6738,6743,6731,6741.5,36456,0
20241216,230000,6740.5,6780,6740.5,6779.5,62902,0
20241217,100000,6330,6365,6295,6317,466456,0
20241217,110000,6317,6317,6304,6310.5,58197,0
20241217,120000,6310.5,6398,6309,6381,258092,0
20241217,130000,6384.5,6386.5,6313.5,6321,124810,0
20241217,140000,6320.5,6325,6273,6299,152440,0
20241217,150000,6298.5,6319,6282,6286.5,75172,0
20241217,160000,6286.5,6292,6260.5,6267,103257,0
20241217,170000,6267.5,6285,6256,6274,67303,0
20241217,180000,6275,6294,6267,6267,56817,0
20241217,190000,6267,6294.5,6262,6294.5,25727,0
20241217,200000,6294.5,6299.5,6281,6295,15819,0
20241217,210000,6295,6298.5,6288.5,6290,13069,0
20241217,220000,6290,6295,6284,6294.5,16182,0
20241217,230000,6293.5,6298,6285,6290.5,10047,0
20241218,100000,6297,6351,6290,6291.5,87872,0
20241218,110000,6292,6295.5,6238,6248,98271,0
20241218,120000,6248.5,6280,6243,6278.5,49022,0
20241218,130000,6279,6292,6260,6274.5,28037,0
20241218,140000,6275,6293.5,6265,6289.5,29301,0
20241218,150000,6289.5,6322.5,6285,6291.5,88714,0
20241218,160000,6291,6319,6287,6312,57921,0
20241218,170000,6310.5,6340,6303,6332.5,58189,0
20241218,180000,6333,6349,6325.5,6342,53088,0
20241218,190000,6347,6387.5,6338,6387.5,88176,0
20241218,200000,6387.5,6390,6362,6372.5,35735,0
20241218,210000,6373,6395,6373,6392,25360,0
20241218,220000,6392.5,6395,6364,6369.5,18639,0
20241218,230000,6369.5,6389,6367.5,6375,11312,0
20241219,100000,6379.5,6396.5,6340,6347,96799,0
20241219,110000,6346.5,6411,6340,6409.5,100156,0
20241219,120000,6409.5,6429.5,6395.5,6423,115806,0
20241219,130000,6422.5,6436.5,6411,6411,93382,0
20241219,140000,6410.5,6411,6387,6403.5,61433,0
20241219,150000,6404,6492,6360,6380,938358,0
20241219,160000,6379.5,6391.5,6350,6375.5,108000,0
20241219,170000,6375.5,6385,6287.5,6308.5,125865,0
20241219,180000,6308,6308.5,6263,6263,141275,0
20241219,190000,6271.5,6294.5,6271,6294.5,39941,0
20241219,200000,6294.5,6309.5,6290.5,6301,15490,0
20241219,210000,6300.5,6308.5,6300.5,6302.5,11108,0
20241219,220000,6302,6304,6291,6293,9676,0
20241219,230000,6291,6299.5,6290,6294,6796,0
20241220,100000,6295.5,6338.5,6280,6286,179990,0
20241220,110000,6285.5,6300,6280.5,6298.5,92693,0
20241220,120000,6298.5,6376.5,6297,6370.5,220980,0
20241220,130000,6370,6638,6350,6580,433888,0
20241220,140000,6579.5,6649,6566.5,6620.5,261838,0
20241220,150000,6620.5,6668.5,6570,6654,178835,0
20241220,160000,6654,6716,6651.5,6668.5,190998,0
20241220,170000,6669.5,6734.5,6662,6727,220682,0
20241220,180000,6727,6804,6713.5,6728,220652,0
20241220,190000,6727,6740,6700,6719.5,61094,0
20241220,200000,6720,6731,6717,6726.5,17635,0
20241220,210000,6726.5,6741,6723,6731,25457,0
20241220,220000,6730.5,6734,6725,6732,14613,0
20241220,230000,6732,6759.5,6723.5,6725,36501,0
20241223,100000,6780.5,6962.5,6761,6952.5,272903,0
20241223,110000,6954,6980,6887,6910.5,232512,0
20241223,120000,6912,6928,6853.5,6881.5,101334,0
20241223,130000,6881.5,6916,6881,6894,84753,0
20241223,140000,6894,6940.5,6890,6896,63167,0
20241223,150000,6896,6930,6860,6915,107345,0
20241223,160000,6914.5,6928,6911,6911,55048,0
20241223,170000,6911.5,6924.5,6900,6911,41292,0
20241223,180000,6911,6915,6884,6894.5,29972,0
20241223,190000,6895,6906.5,6875,6880,20314,0
20241223,200000,6880,6890.5,6879,6888,6864,0
20241223,210000,6889,6907,6887.5,6900,8107,0
20241223,220000,6900,6907.5,6900,6907,8394,0
20241223,230000,6907.5,6921.5,6907,6919,7139,0
20241224,100000,6920,6929,6832.5,6870.5,106993,0
20241224,110000,6870,6920,6859.5,6908.5,105319,0
20241224,120000,6908,6960.5,6908,6922.5,123412,0
20241224,130000,6920.5,6928,6906,6915,34296,0
20241224,140000,6915,6929,6901,6926.5,45896,0
20241224,150000,6927,6944.5,6910,6921,50848,0
20241224,160000,6920.5,6923.5,6825,6847,110588,0
20241224,170000,6847,6857,6836,6842.5,60736,0
20241224,180000,6843.5,6855.5,6836,6847.5,22536,0
20241224,190000,6847.5,6859,6841.5,6851,19486,0
20241224,200000,6851,6870,6850,6864,10314,0
20241224,210000,6864,6871.5,6863,6863.5,12400,0
20241224,220000,6863,6863.5,6843.5,6855.5,10524,0
20241224,230000,6855.5,6857.5,6832.5,6833,10548,0
20241225,100000,6827.5,6880,6787.5,6818,112148,0
20241225,110000,6818.5,6863,6801.5,6856.5,88382,0
20241225,120000,6857,6900,6851.5,6881.5,86820,0
20241225,130000,6883,6900,6870.5,6900,89618,0
20241225,140000,6900,6900,6864,6887.5,50576,0
20241225,150000,6887.5,6914.5,6874,6904.5,59166,0
20241225,160000,6902,6996,6874.5,6986.5,161387,0
20241225,170000,6987,7006.5,6953,6955,223565,0
20241225,180000,6954.5,6969.5,6930.5,6969.5,95167,0
20241225,190000,6974.5,6994,6961.5,6969,37711,0
20241225,200000,6968,6987.5,6967,6973,21493,0
20241225,210000,6974.5,6984.5,6970.5,6980.5,9623,0
20241225,220000,6980.5,6984,6974,6980,7094,0
20241225,230000,6981,6990,6980,6987.5,10566,0
20241226,100000,6988.5,7096.5,6988.5,7054,201812,0
20241226,110000,7054,7068,7025.5,7032,118602,0
20241226,120000,7031.5,7050,7026,7049.5,82748,0
20241226,130000,7049.5,7060,7043,7060,71451,0
20241226,140000,7060,7070,7037,7067.5,114775,0
20241226,150000,7066,7076.5,7052,7076,71961,0
20241226,160000,7075.5,7080,7033,7057,72887,0
20241226,170000,7057,7057.5,7032.5,7041,31367,0
20241226,180000,7040.5,7043,7028.5,7030,40898,0
20241226,190000,7030,7045,7028,7039,15482,0
20241226,200000,7039,7040,7003,7003.5,24486,0
20241226,210000,7004,7017,7002,7006,14828,0
20241226,220000,7005.5,7008,7001,7001.5,11793,0
20241226,230000,7001.5,7009.5,7000,7003,8841,0
20241227,100000,7019.5,7038,6972,7013.5,119204,0
20241227,110000,7013.5,7025,6990.5,6991,49221,0
20241227,120000,6991,6994,6965.5,6979.5,42388,0
20241227,130000,6979.5,6979.5,6930,6931,95205,0
20241227,140000,6931,6957,6921.5,6953.5,53192,0
20241227,150000,6954,6957,6944,6956.5,37133,0
20241227,160000,6956.5,6979,6951,6971.5,47611,0
20241227,170000,6971.5,6971.5,6951.5,6964.5,23082,0
20241227,180000,6965,6970,6953.5,6959,20111,0
20241227,190000,6958,6966.5,6952.5,6963,7505,0
20241227,200000,6963.5,6984,6963,6974,17541,0
20241227,210000,6974.5,7000,6973.5,6992.5,18799,0
20241227,220000,6992.5,7005,6983.5,6995,30560,0
20241227,230000,6995,7000,6986,6990.5,9970,0
20241228,100000,6990.5,7012,6955.5,6968.5,95721,0
20241228,110000,6968.5,7009,6968.5,7003.5,83271,0
20241228,120000,7003.5,7007,6992,6999.5,50497,0
20241228,130000,6999,7000.5,6982.5,6985.5,40722,0
20241228,140000,6985.5,6988,6980.5,6982,23844,0
20241228,150000,6981.5,7005,6977.5,7002.5,36574,0
20241228,160000,7003,7005,6975.5,6985,26169,0
20241228,170000,6985.5,6999.5,6971,6978,26563,0
20241228,180000,6978,6989.5,6973.5,6975,16094,0
20241228,190000,6975,7000,6974.5,6996.5,16522,0
20241228,200000,6998,6999,6993,6995.5,8126,0
20241228,210000,6996.5,6999,6993,6996.5,14298,0
20241228,220000,6996.5,7000,6996,6996,5687,0
20241228,230000,6996,7000,6993,6998,9898,0
20241230,100000,7012,7074,7003,7061.5,79276,0
20241230,110000,7061.5,7144.5,7061,7141.5,84514,0
20241230,120000,7142,7170,7113.5,7169.5,95386,0
20241230,130000,7169.5,7177,7146,7177,86539,0
20241230,140000,7176.5,7260,7168,7238.5,147826,0
20241230,150000,7238,7255,7222,7234,71489,0
20241230,160000,7234,7240,7199,7200,48446,0
20241230,170000,7199,7244,7199,7240,33680,0
20241230,180000,7240,7249.5,7232,7240.5,32818,0
20241230,190000,7235.5,7235.5,7202.5,7218,24678,0
20241230,200000,7217.5,7233.5,7207.5,7211,17041,0
20241230,210000,7210.5,7227,7204.5,7224.5,18993,0
20241230,220000,7221,7237,7212,7224,14634,0
20241230,230000,7222.5,7235.5,7216,7235,19393,0
20250103,100000,7255,7260,7125.5,7160.5,94047,0
20250103,110000,7161,7189.5,7130,7173.5,34690,0
20250103,120000,7174,7176,7104.5,7115.5,35171,0
20250103,130000,7115.5,7145,7101,7136.5,26854,0
20250103,140000,7138,7169.5,7115,7143.5,15725,0
20250103,150000,7143.5,7169.5,7125.5,7134.5,11718,0
20250103,160000,7134.5,7148,7127,7135.5,4201,0
20250103,170000,7135.5,7147,7130,7130,5596,0
20250103,180000,7130,7130,7113,7125,7175,0
20250103,190000,7123.5,7123.5,7106,7117,8665,0
20250103,200000,7117,7128,7113.5,7120,2735,0
20250103,210000,7120,7125,7117.5,7122.5,6043,0
20250103,220000,7122.5,7125,7116.5,7122,3895,0
20250103,230000,7122,7123.5,7116,7122,4273,0
20250106,100000,7114.5,7160,7070,7135.5,60598,0
20250106,110000,7136,7155,7119,7144,21400,0
20250106,120000,7144.5,7144.5,7100,7104,18547,0
20250106,130000,7103.5,7135,7100,7117,11209,0
20250106,140000,7116,7140,7110,7139.5,10271,0
20250106,150000,7138,7150,7112.5,7123.5,11349,0
20250106,160000,7123.5,7125.5,7102,7113.5,12317,0
20250106,170000,7113.5,7128,7111.5,7112.5,10110,0
20250106,180000,7112.5,7121,7103.5,7108,8946,0
20250106,190000,7105.5,7125,7090.5,7097.5,21762,0
20250106,200000,7097.5,7097.5,7089,7095.5,4873,0
20250106,210000,7095.5,7095.5,7081,7082.5,9235,0
20250106,220000,7083,7083.5,7072.5,7080,12058,0
20250106,230000,7080.5,7095.5,7080,7088,7927,0
20250108,100000,7094.5,7113,7045,7084.5,52746,0
20250108,110000,7085.5,7112.5,7066.5,7077,35417,0
20250108,120000,7077,7087,7068,7078.5,16004,0
20250108,130000,7078.5,7119,7049.5,7079,44482,0
20250108,140000,7079,7081.5,7071.5,7078,7502,0
20250108,150000,7078.5,7110,7078,7097.5,18084,0
20250108,160000,7097,7124,7096.5,7118.5,18784,0
20250108,170000,7118,7124,7110,7120.5,9691,0
20250108,180000,7121,7124,7101,7110,11620,0
20250108,190000,7110,7110,7090,7098,7895,0
20250108,200000,7098,7100,7091,7099.5,6697,0
20250108,210000,7099,7106.5,7098,7100,4264,0
20250108,220000,7099.5,7103,7086,7088,8005,0
20250108,230000,7089.5,7095,7089,7089,2292,0
20250109,100000,7099,7117.5,7032.5,7047,78756,0
20250109,110000,7045.5,7065,6977,7017.5,118419,0
20250109,120000,7017.5,7020,6990,7012.5,49321,0
20250109,130000,7013.5,7038.5,7005,7014,39798,0
20250109,140000,7014,7048,6997,6999.5,50551,0
20250109,150000,6999.5,7018,6993,6998,42896,0
20250109,160000,6998.5,7037,6985,7028.5,44505,0
20250109,170000,7028,7029,7000.5,7015,21914,0
20250109,180000,7016.5,7016.5,6993,6994.5,14919,0
20250109,190000,6995,6995,6980,6982,18685,0
20250109,200000,6982,6982,6957.5,6963,22574,0
20250109,210000,6962.5,6967.5,6940,6946.5,22803,0
20250109,220000,6946.5,6947,6933,6944,10358,0
20250109,230000,6943,6956.5,6941,6947.5,6666,0
20250110,100000,6972,7015,6958,6964,72131,0
20250110,110000,6964.5,6977,6901.5,6921.5,68341,0
20250110,120000,6923,6994,6913,6982,94807,0
20250110,130000,6984,7100,6982,7088.5,386424,0
20250110,140000,7089,7089.5,7061,7072,69493,0
20250110,150000,7072,7146,7067,7116.5,97846,0
20250110,160000,7116.5,7129,7081,7108,82931,0
20250110,170000,7108,7139,7092,7120,61753,0
20250110,180000,7119.5,7137.5,6957,7030,619100,0
20250110,190000,7030,7037,7004,7014.5,37491,0
20250110,200000,7014.5,7015.5,6968,7001.5,44835,0
20250110,210000,7001.5,7016,6996.5,7015,19686,0
20250110,220000,7013.5,7031,7011.5,7030.5,18307,0
20250110,230000,7031,7032,7019,7022.5,22050,0
20250113,100000,7109.5,7109.5,7038.5,7059.5,161161,0
20250113,110000,7059,7100,7047,7077.5,71978,0
20250113,120000,7074,7077.5,7041,7055,58658,0
20250113,130000,7055,7064,7030,7046.5,89118,0
20250113,140000,7046.5,7056,7005,7005,69612,0
20250113,150000,7005,7020,6979.5,6999.5,92870,0
20250113,160000,6998,7041.5,6991,7004,40151,0
20250113,170000,7002.5,7048,6994,7039,31362,0
20250113,180000,7039,7049,7028.5,7037,25165,0
20250113,190000,7037,7040,7007,7010.5,15876,0
20250113,200000,7011.5,7019.5,7004,7009,6391,0
20250113,210000,7009,7011,6995,7004,17732,0
20250113,220000,7004,7016,7001,7015.5,6902,0
20250113,230000,7015,7028,7010,7010.5,7707,0
20250114,100000,7010.5,7052.5,6980,7021.5,79881,0
20250114,110000,7021.5,7046,7012,7028.5,56222,0
20250114,120000,7028.5,7057,7026.5,7049.5,58430,0
20250114,130000,7049,7085,7048.5,7068.5,58847,0
20250114,140000,7068.5,7070,7032.5,7046.5,50090,0
20250114,150000,7046,7074,7042,7074,50765,0
20250114,160000,7074.5,7104,7071.5,7099.5,93937,0
20250114,170000,7099.5,7129.5,7091.5,7124.5,63683,0
20250114,180000,7124.5,7129,7100.5,7100.5,52665,0
20250114,190000,7100,7107.5,7076,7091,28153,0
20250114,200000,7091,7113.5,7091,7104,8084,0
20250114,210000,7104,7125,7100,7124,16327,0
20250114,220000,7124,7124,7115.5,7116.5,5771,0
20250114,230000,7116.5,7123,7115.5,7115.5,8504,0
20250115,100000,7122,7178.5,7103.5,7121,139831,0
20250115,110000,7121,7132.5,7082.5,7097.5,66172,0
20250115,120000,7098.5,7105,7070,7087.5,34435,0
20250115,130000,7087.5,7109.5,7077.5,7092,42448,0
20250115,140000,7090,7102,7071.5,7094,43022,0
20250115,150000,7093,7122.5,7070,7116.5,48101,0
20250115,160000,7116.5,7116.5,7086,7087.5,21105,0
20250115,170000,7091,7095,7074,7084,25278,0
20250115,180000,7086,7093,7076,7076,10224,0
20250115,190000,7096,7162.5,7083,7152.5,93129,0
20250115,200000,7152.5,7173.5,7150,7154.5,43460,0
20250115,210000,7152.5,7161,7151,7160,12665,0
20250115,220000,7160,7169.5,7158.5,7165,18577,0
20250115,230000,7165,7180,7163.5,7178.5,19251,0
20250116,100000,7192,7199.5,7170.5,7193.5,72193,0
20250116,110000,7193.5,7240,7182.5,7234.5,99670,0
20250116,120000,7233.5,7248,7223,7235.5,67306,0
20250116,130000,7236,7243.5,7192,7243.5,72379,0
20250116,140000,7243,7255,7228.5,7252.5,57021,0
20250116,150000,7252,7253,7228,7230,42164,0
20250116,160000,7230,7237.5,7204,7231,43127,0
20250116,170000,7230,7240,7200,7227.5,31952,0
20250116,180000,7227.5,7230,7210,7210,26240,0
20250116,190000,7210,7230,7204.5,7208,18073,0
20250116,200000,7207.5,7209,7202,7204.5,9410,0
20250116,210000,7204.5,7224.5,7203.5,7219,8434,0
20250116,220000,7219,7230,7216.5,7227.5,6319,0
20250116,230000,7227.5,7228,7206,7208,8403,0
20250117,100000,7207,7232.5,7190,7225,60186,0
20250117,110000,7225,7252,7209.5,7247,71700,0
20250117,120000,7248.5,7272,7239.5,7247.5,65296,0
20250117,130000,7250,7266.5,7241.5,7260,50092,0
20250117,140000,7260,7293.5,7260,7275.5,72945,0
20250117,150000,7275.5,7290,7262,7286.5,41957,0
20250117,160000,7286.5,7344,7284,7328.5,120651,0
20250117,170000,7328.5,7342,7317,7324.5,53442,0
20250117,180000,7324,7327,7306,7318.5,33705,0
20250117,190000,7318.5,7338,7313.5,7329.5,23945,0
20250117,200000,7330,7330,7320,7321,9852,0
20250117,210000,7320,7326,7314,7320.5,10239,0
20250117,220000,7319.5,7335,7318,7332.5,12584,0
20250117,230000,7333,7345,7331,7342,17315,0
20250120,100000,7376,7400,7342,7368.5,140801,0
20250120,110000,7368.5,7387,7341,7385,76028,0
20250120,120000,7385,7386.5,7280,7297.5,104686,0
20250120,130000,7297,7304.5,7251.5,7282.5,97413,0
20250120,140000,7282,7319,7277,7300,35412,0
20250120,150000,7300,7319.5,7263,7286.5,77122,0
20250120,160000,7286.5,7315,7275.5,7300,33432,0
20250120,170000,7300,7314.5,7256.5,7262.5,49562,0
20250120,180000,7262.5,7262.5,7228,7252.5,57735,0
20250120,190000,7252.5,7290,7238.5,7275.5,31069,0
20250120,200000,7275.5,7287,7230,7239.5,38733,0
20250120,210000,7239,7253,7165,7195,108384,0
20250120,220000,7195,7206.5,7190,7196.5,12520,0
20250120,230000,7195,7205,7190,7194,5966,0
20250121,100000,7241.5,7243,7170,7197,87558,0
20250121,110000,7197.5,7212,7180,7181.5,31675,0
20250121,120000,7181.5,7189,7165,7170.5,29609,0
20250121,130000,7170.5,7177.5,7141,7151.5,36932,0
20250121,140000,7153.5,7170,7141.5,7146,29179,0
20250121,150000,7146,7160,7143.5,7160,19508,0
20250121,160000,7160,7205,7159.5,7205,44278,0
20250121,170000,7205,7225.5,7190,7210,47866,0
20250121,180000,7210.5,7235,7204,7220.5,47304,0
20250121,190000,7220.5,7225,7210,7218,10128,0
20250121,200000,7218.5,7228,7218.5,7226.5,8682,0
20250121,210000,7226.5,7228.5,7218.5,7228,3673,0
20250121,220000,7228,7234.5,7226,7226,4039,0
20250121,230000,7226,7240,7221,7239.5,8814,0
20250122,100000,7245,7258.5,7226,7246,59427,0
20250122,110000,7247.5,7287.5,7245.5,7269.5,55412,0
20250122,120000,7269.5,7275,7234,7271.5,43596,0
20250122,130000,7272,7278,7250,7256.5,21920,0
20250122,140000,7257,7277,7242.5,7250,46459,0
20250122,150000,7250,7268,7217,7226.5,63647,0
20250122,160000,7226.5,7236.5,7209,7218,33449,0
20250122,170000,7218,7255.5,7215,7240,55203,0
20250122,180000,7239.5,7277.5,7239,7265,50481,0
20250122,190000,7264.5,7265,7206,7227,69083,0
20250122,200000,7227,7242.5,7212.5,7236,19102,0
20250122,210000,7236,7241.5,7225,7239.5,5874,0
20250122,220000,7239.5,7249.5,7228.5,7230,6467,0
20250122,230000,7229,7229,7210,7215,7963,0
20250123,100000,7220,7220,7155,7195,105824,0
20250123,110000,7195.5,7220,7177.5,7191.5,31028,0
20250123,120000,7191.5,7192,7160,7183.5,38579,0
20250123,130000,7183.5,7200,7168.5,7194.5,41269,0
20250123,140000,7194.5,7208,7189.5,7200,34572,0
20250123,150000,7200.5,7201,7171,7171.5,27524,0
20250123,160000,7171.5,7185.5,7168.5,7182.5,19480,0
20250123,170000,7182,7184.5,7165.5,7178,23539,0
20250123,180000,7178.5,7190,7162.5,7190,36322,0
20250123,190000,7184,7184,7140,7168,46795,0
20250123,200000,7167,7220,7167,7193,32236,0
20250123,210000,7193,7193.5,7184.5,7186,6330,0
20250123,220000,7187,7189,7179.5,7187,4375,0
20250123,230000,7186.5,7216,7181.5,7215,9011,0
20250124,100000,7215.5,7226,7173,7186.5,58986,0
20250124,110000,7188,7198.5,7180,7188,29756,0
20250124,120000,7188,7212.5,7183.5,7209,46420,0
20250124,130000,7210,7215.5,7196,7202.5,17293,0
20250124,140000,7203,7207,7195.5,7199.5,14097,0
20250124,150000,7200,7213,7191.5,7202.5,38564,0
20250124,160000,7201.5,7203.5,7171,7175.5,34221,0
20250124,170000,7176,7198,7160,7188.5,42816,0
20250124,180000,7188,7198,7180.5,7196.5,24084,0
20250124,190000,7195,7197,7192.5,7197,8982,0
20250124,200000,7197,7199,7182.5,7182.5,6226,0
20250124,210000,7183,7193,7177,7189.5,8218,0
20250124,220000,7189.5,7199,7184.5,7196,6921,0
20250124,230000,7196,7199.5,7186.5,7199.5,10010,0
20250127,070000,7197.5,7199,7172,7175.5,5423,0
20250127,080000,7175.5,7194.5,7172.5,7194.5,3456,0
20250127,090000,7192,7197,7165,7189,15980,0
20250127,100000,7189.5,7189.5,7152.5,7168,36753,0
20250127,110000,7168,7169,7091.5,7102,63879,0
20250127,120000,7101.5,7105,7071,7087,62697,0
20250127,130000,7085.5,7096,7082,7082.5,22745,0
20250127,140000,7082.5,7082.5,7053.5,7060,39534,0
20250127,150000,7060.5,7116,7060,7112,36636,0
20250127,160000,7112,7112.5,7062,7064.5,39436,0
20250127,170000,7065,7070,7013,7023.5,69849,0
20250127,180000,7023.5,7040.5,7022,7040.5,28265,0
20250127,190000,7040,7047,7016,7046,23761,0
20250127,200000,7047.5,7047.5,7040,7041,14829,0
20250127,210000,7041.5,7043,7031.5,7041.5,15654,0
20250127,220000,7042,7064,7038.5,7061.5,11258,0
20250127,230000,7061.5,7079.5,7061.5,7065.5,12904,0
20250128,070000,7066,7073.5,7040,7050.5,4878,0
20250128,080000,7050.5,7055,7041.5,7054,2638,0
20250128,090000,7053,7100,7053,7086,15749,0
20250128,100000,7085,7107.5,7063,7069.5,48879,0
20250128,110000,7069.5,7088.5,7069.5,7084.5,14133,0
20250128,120000,7084.5,7085.5,7060,7078.5,28651,0
20250128,130000,7078.5,7105,7074.5,7092.5,56668,0
20250128,140000,7092.5,7143.5,7090.5,7123.5,72626,0
20250128,150000,7125.5,7129,7118,7118.5,42263,0
20250128,160000,7119,7139.5,7114,7114,31159,0
20250128,170000,7114,7159.5,7114,7146.5,48342,0
20250128,180000,7147.5,7176,7136,7168,51490,0
20250128,190000,7167,7175.5,7160,7172,11129,0
20250128,200000,7172,7172,7151.5,7157.5,6388,0
20250128,210000,7157,7169.5,7155.5,7166.5,5488,0
20250128,220000,7169,7175,7158.5,7164.5,9405,0
20250128,230000,7165,7167,7154,7160,9878,0
20250129,070000,7157,7181.5,7136,7180.5,11688,0
20250129,080000,7180.5,7181,7168,7171.5,3198,0
20250129,090000,7169.5,7169.5,7139.5,7146.5,15433,0
20250129,100000,7148,7148,7117.5,7136,41148,0
20250129,110000,7136,7170,7135,7167,46576,0
20250129,120000,7168,7209,7163,7202.5,68952,0
20250129,130000,7202,7215,7194,7196.5,66812,0
20250129,140000,7196.5,7202,7177,7179,32855,0
20250129,150000,7179.5,7196.5,7158,7158,35358,0
20250129,160000,7158,7174,7156.5,7157,32792,0
20250129,170000,7157,7194,7156.5,7193.5,40015,0
20250129,180000,7193.5,7236.5,7188.5,7236.5,89884,0
20250129,190000,7226,7230,7184.5,7208.5,44844,0
20250129,200000,7210,7215,7206,7206,5182,0
20250129,210000,7206,7206.5,7191.5,7198,5047,0
20250129,220000,7198,7202,7196,7200.5,2702,0
20250129,230000,7200,7200,7188.5,7192,4422,0
20250130,070000,7183,7206,7172.5,7196,4421,0
20250130,080000,7196,7203,7192,7200,991,0
20250130,090000,7200,7204,7189,7203.5,6500,0
20250130,100000,7204,7214.5,7165.5,7188.5,45227,0
20250130,110000,7190.5,7198,7175,7178,38616,0
20250130,120000,7178.5,7185,7171,7184,38616,0
20250130,130000,7184,7191,7169,7180.5,29239,0
20250130,140000,7181,7185.5,7166,7166.5,53058,0
20250130,150000,7169,7173,7157,7163,34950,0
20250130,160000,7163,7168,7157,7158,26275,0
20250130,170000,7158,7174.5,7152.5,7167.5,38951,0
20250130,180000,7167.5,7190,7165.5,7190,30675,0
20250130,190000,7187,7187,7169.5,7175.5,10098,0
20250130,200000,7175.5,7175.5,7160,7162.5,11582,0
20250130,210000,7162,7166.5,7161,7164,4389,0
20250130,220000,7164,7169,7163,7167,5271,0
20250130,230000,7167,7168.5,7165,7166,5439,0
20250131,070000,7166,7179.5,7160,7177,4262,0
20250131,080000,7179,7184.5,7177,7184.5,3331,0
20250131,090000,7183,7188.5,7175,7183.5,10146,0
20250131,100000,7181,7187.5,7162,7178,54316,0
20250131,110000,7177.5,7183,7161,7161.5,32667,0
20250131,120000,7161.5,7171,7141,7170,71736,0
20250131,130000,7170,7175,7162.5,7175,44069,0
20250131,140000,7175,7188,7172.5,7188,37892,0
20250131,150000,7187.5,7193,7172.5,7175,52523,0
20250131,160000,7176,7190,7162,7168.5,55448,0
20250131,170000,7169,7177,7162,7171.5,46217,0
20250131,180000,7171,7193,7163,7193,74241,0
20250131,190000,7192.5,7202,7184,7192,28103,0
20250131,200000,7192,7199,7184.5,7184.5,7465,0
20250131,210000,7184.5,7187.5,7182,7185,3842,0
20250131,220000,7185,7193.5,7173.5,7175,7589,0
20250131,230000,7175,7184.5,7170.5,7171,7438,0
20250203,070000,7160,7164,7104.5,7134,17534,0
20250203,080000,7134,7147,7130.5,7143,7275,0
20250203,090000,7143,7161,7128,7130.5,17381,0
20250203,100000,7131.5,7180,7122.5,7173.5,46541,0
20250203,110000,7172.5,7206,7166,7166,70886,0
20250203,120000,7166,7192,7156,7189.5,30524,0
20250203,130000,7190.5,7200,7177.5,7188,27279,0
20250203,140000,7188,7191.5,7180.5,7180.5,17661,0
20250203,150000,7180.5,7181,7146,7149,33564,0
20250203,160000,7147.5,7156.5,7144,7149.5,30580,0
20250203,170000,7148,7151,7141,7142.5,25639,0
20250203,180000,7142,7176,7137,7176,61547,0
20250203,190000,7169.5,7171,7158,7168.5,13407,0
20250203,200000,7168.5,7174.5,7159,7174.5,4403,0
20250203,210000,7174.5,7183.5,7173.5,7177,11070,0
20250203,220000,7178.5,7181,7174,7178,6211,0
20250203,230000,7178,7181,7163.5,7170,7569,0
20250204,070000,7170.5,7187.5,7168,7182.5,2155,0
20250204,080000,7182.5,7183,7174,7178,1053,0
20250204,090000,7174.5,7182.5,7171,7178,8139,0
20250204,100000,7178,7180,7153,7163.5,32169,0
20250204,110000,7163.5,7165,7148,7149,29367,0
20250204,120000,7149.5,7157.5,7147.5,7155,14168,0
20250204,130000,7156.5,7175,7151,7153.5,33584,0
20250204,140000,7151.5,7168.5,7151,7160,21912,0
20250204,150000,7158.5,7169.5,7148,7148.5,40410,0
20250204,160000,7148.5,7148.5,7110,7114.5,76428,0
20250204,170000,7114,7115,7066,7100,71879,0
20250204,180000,7100,7122,7094,7120,31575,0
20250204,190000,7112.5,7117,7110,7114.5,10475,0
20250204,200000,7114.5,7116.5,7110,7111.5,4274,0
20250204,210000,7111.5,7115,7082.5,7090.5,16941,0
20250204,220000,7090,7116,7088,7099.5,17323,0
20250204,230000,7099,7100,7091,7093.5,9151,0
20250205,070000,7093,7103.5,7084,7103.5,1851,0
20250205,080000,7103.5,7114,7095.5,7104.5,4244,0
20250205,090000,7104.5,7107.5,7084,7107.5,10689,0
20250205,100000,7107.5,7137,7100.5,7122.5,30736,0
20250205,110000,7122.5,7139,7097,7107,33563,0
20250205,120000,7107,7148,7106.5,7148,39194,0
20250205,130000,7148,7150,7121.5,7134,24710,0
20250205,140000,7134,7143,7115.5,7123,12244,0
20250205,150000,7122.5,7138,7122,7130,9390,0
20250205,160000,7130,7137,7107,7116.5,10959,0
20250205,170000,7116.5,7147,7113.5,7147,23129,0
20250205,180000,7145.5,7166.5,7120,7120,60045,0
20250205,190000,7135,7168.5,7131,7149.5,36655,0
20250205,200000,7149.5,7160,7148,7158.5,12437,0
20250205,210000,7159,7170,7148,7168.5,15695,0
20250205,220000,7168,7174.5,7155.5,7161.5,15312,0
20250205,230000,7163,7184.5,7156.5,7171,29328,0
20250206,070000,7180,7215,7175.5,7194,12683,0
20250206,080000,7194.5,7201,7189,7192,7475,0
20250206,090000,7191,7200,7180,7187.5,25231,0
20250206,100000,7187,7187,7151,7175,76124,0
20250206,110000,7172.5,7200,7170,7187.5,64396,0
20250206,120000,7188.5,7211.5,7185.5,7198.5,75983,0
20250206,130000,7199,7200,7176,7179,28896,0
20250206,140000,7179,7180,7170,7174,33099,0
20250206,150000,7173.5,7186,7162,7172,25783,0
20250206,160000,7172,7195,7162,7191,21164,0
20250206,170000,7191,7201.5,7179,7190,64627,0
20250206,180000,7191,7198,7140,7150,78694,0
20250206,190000,7153,7156,7141,7148.5,25903,0
20250206,200000,7148.5,7151.5,7147.5,7150.5,3848,0
20250206,210000,7151,7160,7150,7153,6711,0
20250206,220000,7153,7154,7142,7145.5,6540,0
20250206,230000,7145.5,7146,7140.5,7141,3718,0
20250207,070000,7142,7164,7142,7162,3791,0
20250207,080000,7162.5,7170,7155.5,7161,3250,0
20250207,090000,7160.5,7164.5,7152,7162.5,7024,0
20250207,100000,7160,7180,7150,7177.5,42499,0
20250207,110000,7178,7179.5,7130,7139.5,41431,0
20250207,120000,7140,7164,7134,7161,25976,0
20250207,130000,7162,7175,7160.5,7161.5,20184,0
20250207,140000,7162.5,7170,7132.5,7138,30966,0
20250207,150000,7138,7154,7132,7150.5,31676,0
20250207,160000,7150,7166,7140.5,7158,21527,0
20250207,170000,7158.5,7160,7133,7136.5,17600,0
20250207,180000,7136.5,7162,7120,7162,35884,0
20250207,190000,7152.5,7161,7145.5,7156,16276,0
20250207,200000,7155.5,7160,7151,7156.5,8836,0
20250207,210000,7156.5,7156.5,7141,7150,8336,0
20250207,220000,7150,7150.5,7146,7147,3106,0
20250207,230000,7147.5,7153,7135.5,7148,7743,0
20250210,070000,7175,7193.5,7170.5,7182,6232,0
20250210,080000,7182,7190,7180,7190,6423,0
20250210,090000,7189,7190,7160,7183,14929,0
20250210,100000,7183.5,7198.5,7175.5,7189,42488,0
20250210,110000,7189,7203,7180.5,7188,40659,0
20250210,120000,7187,7190,7178.5,7182.5,15072,0
20250210,130000,7182.5,7195,7174,7175.5,30343,0
20250210,140000,7175,7208,7171,7200,56071,0
20250210,150000,7201,7207,7180.5,7186,52943,0
20250210,160000,7186.5,7204.5,7184.5,7199,40703,0
20250210,170000,7198.5,7230,7192,7218,68325,0
20250210,180000,7218,7227,7190,7198.5,52849,0
20250210,190000,7192.5,7200,7192.5,7197.5,14230,0
20250210,200000,7199.5,7200,7197.5,7200,12359,0
20250210,210000,7200,7200,7195.5,7199,11486,0
20250210,220000,7199,7200,7163,7167.5,58768,0
20250210,230000,7168.5,7183,7130,7147.5,48480,0
20250211,070000,7148,7186,7147.5,7169,9648,0
20250211,080000,7169,7174.5,7167,7173.5,3217,0
20250211,090000,7172.5,7173.5,7155,7173.5,8365,0
20250211,100000,7173.5,7188,7155.5,7177,41483,0
20250211,110000,7176.5,7179,7152,7166.5,31022,0
20250211,120000,7167.5,7198,7164,7196.5,50274,0
20250211,130000,7197,7263,7194,7261,140524,0
20250211,140000,7261,7262,7240,7251,50003,0
20250211,150000,7251,7277,7248,7276.5,61687,0
20250211,160000,7277,7289.5,7264,7273,71940,0
20250211,170000,7272.5,7285,7258.5,7284,60012,0
20250211,180000,7284,7285.5,7260.5,7270,28351,0
20250211,190000,7279.5,7279.5,7260.5,7266.5,11116,0
20250211,200000,7266.5,7269,7243.5,7257,18999,0
20250211,210000,7256.5,7276.5,7254,7275.5,7522,0
20250211,220000,7275.5,7277,7262.5,7268,8536,0
20250211,230000,7267.5,7274,7258.5,7271,7178,0
20250212,070000,7275,7286,7272,7281,8254,0
20250212,080000,7280.5,7282.5,7273,7277.5,8189,0
20250212,090000,7276,7281.5,7235,7262.5,29110,0
20250212,100000,7262,7320,7248,7304,145305,0
20250212,110000,7305,7311.5,7288,7305.5,44846,0
20250212,120000,7305.5,7311,7256,7288.5,107793,0
20250212,130000,7289,7298,7277,7286,29496,0
20250212,140000,7285,7292.5,7265.5,7281,53843,0
20250212,150000,7280.5,7296,7270,7287.5,31508,0
20250212,160000,7287.5,7300,7265,7288,42162,0
20250212,170000,7287.5,7295.5,7236.5,7246,45286,0
20250212,180000,7246,7275,7230.5,7256,42814,0
20250212,190000,7240,7297,7217,7297,48839,0
20250212,200000,7297,7448,7296.5,7418.5,286526,0
20250212,210000,7419,7589,7413.5,7472,306626,0
20250212,220000,7471.5,7580,7466.5,7576.5,105697,0
20250212,230000,7576.5,7685,7571,7676,195068,0
20250213,070000,7681,7981.5,7680,7965,246009,0
20250213,080000,7964,7981.5,7806,7850,160890,0
20250213,090000,7851,7898,7567,7777,411562,0
20250213,100000,7777,7777,7390,7563.5,727787,0
20250213,110000,7566,7624,7452.5,7621,225220,0
20250213,120000,7621.5,7666,7525,7582.5,148671,0
20250213,130000,7582.5,7600,7521.5,7574,93466,0
20250213,140000,7572.5,7585,7517.5,7536.5,55531,0
20250213,150000,7536,7615.5,7535,7615.5,62225,0
20250213,160000,7612,7713,7581,7589,183131,0
20250213,170000,7588.5,7612.5,7560,7567,84090,0
20250213,180000,7566.5,7570,7460,7479,182763,0
20250213,190000,7490,7560,7479,7531,35531,0
20250213,200000,7533,7540,7527.5,7534,6811,0
20250214,070000,7444.5,7640,7285,7577,54329,0
20250214,080000,7576.5,7622,7563.5,7587.5,22302,0
20250214,090000,7592.5,7665,7592.5,7609.5,80851,0
20250214,100000,7609,7720,7604,7694.5,147491,0
20250214,110000,7694,7734,7660,7706,170101,0
20250214,120000,7707,7725,7617.5,7691,124109,0
20250214,130000,7691,7694,7552,7586,223838,0
20250214,140000,7583,7625,7535,7574,119048,0
20250214,150000,7574.5,7645,7540.5,7543,92587,0
20250214,160000,7543,7586,7423,7438.5,217719,0
20250214,170000,7438.5,7506.5,7420.5,7487,153021,0
20250214,180000,7486,7502,7440,7473.5,62919,0
20250214,190000,7479.5,7522.5,7456,7491.5,30929,0
20250214,200000,7491.5,7499,7463,7467.5,15491,0
20250214,210000,7466.5,7498.5,7465,7494,10819,0
20250214,220000,7494,7496.5,7481,7487,6855,0
20250214,230000,7486.5,7510.5,7482,7492.5,12199,0
20250217,070000,7572,7670,7550,7607,40027,0
20250217,080000,7607,7614.5,7585,7595,16864,0
20250217,090000,7590,7602,7552,7600,40970,0
20250217,100000,7599.5,7610,7560,7573.5,54766,0
20250217,110000,7573.5,7582.5,7553,7566,44713,0
20250217,120000,7565,7625,7560,7617.5,63293,0
20250217,130000,7617.5,7654,7614.5,7649.5,57869,0
20250217,140000,7650,7650,7602,7603.5,38617,0
20250217,150000,7603.5,7690,7591,7670.5,64700,0
20250217,160000,7670.5,7764.5,7670,7746.5,115809,0
20250217,170000,7745,7819,7728.5,7780,212741,0
20250217,180000,7780.5,7799.5,7736.5,7750,102200,0
20250217,190000,7740,7776,7740,7747.5,36226,0
20250217,200000,7748,7771,7737.5,7755,33223,0
20250217,210000,7755,7765,7738.5,7762,39406,0
20250217,220000,7763.5,7777,7759,7770,40560,0
20250217,230000,7770,7794,7768.5,7784.5,36193,0
20250218,070000,7799.5,7808,7705,7723,56941,0
20250218,080000,7718,7755,7705.5,7750,23135,0
20250218,090000,7751,7776,7740,7765,47051,0
20250218,100000,7765,7777,7726.5,7771,92574,0
20250218,110000,7771,7772,7675,7683.5,87855,0
20250218,120000,7683.5,7760,7652,7709.5,109560,0
20250218,130000,7709,7774.5,7707.5,7734.5,55207,0
20250218,140000,7737,7835,7684,7818,102278,0
20250218,150000,7818,7820,7645,7670,216652,0
20250218,160000,7667.5,7748,7630,7682,88702,0
20250218,170000,7682.5,7686,7632,7644,43499,0
20250218,180000,7644,7675,7642.5,7670,44460,0
20250218,190000,7675,7677,7644,7660.5,19130,0
20250218,200000,7660.5,7680,7656,7657,7544,0
20250218,210000,7656.5,7658.5,7591,7621.5,36353,0
20250218,220000,7620.5,7638.5,7589,7637,20852,0
20250218,230000,7636,7646,7625.5,7644.5,7225,0
20250219,070000,7647.5,7685,7628,7667.5,12039,0
20250219,080000,7669,7684.5,7639.5,7649,14674,0
20250219,090000,7651.5,7700,7610,7689.5,24142,0
20250219,100000,7688.5,7695,7617,7620,30667,0
20250219,110000,7621.5,7634.5,7590,7607.5,84025,0
20250219,120000,7607.5,7639.5,7596.5,7632.5,30210,0
20250219,130000,7632,7680,7631,7665.5,52783,0
20250219,140000,7665.5,7679.5,7657,7678.5,36358,0
20250219,150000,7678.5,7697,7677,7692.5,53683,0
20250219,160000,7693.5,7720,7693.5,7707.5,61238,0
20250219,170000,7708,7730,7678,7712.5,59140,0
20250219,180000,7714,7719,7678,7680,24164,0
20250219,190000,7700,7760,7695.5,7721.5,52120,0
20250219,200000,7721.5,7738,7713,7721,16803,0
20250219,210000,7721,7746.5,7715,7726.5,19287,0
20250219,220000,7725.5,7736,7710.5,7721,17262,0
20250219,230000,7720.5,7722,7709,7714.5,5924,0
20250220,070000,7725,7740,7708,7720,4861,0
20250220,080000,7721,7732,7720,7722,3715,0
20250220,090000,7722.5,7731,7695.5,7705,12796,0
20250220,100000,7703.5,7718,7684.5,7698,36983,0
20250220,110000,7698,7710,7686,7695,38696,0
20250220,120000,7695,7742.5,7686,7741,36426,0
20250220,130000,7741.5,7743,7715,7715,25783,0
20250220,140000,7715.5,7727,7704.5,7723.5,34813,0
20250220,150000,7723.5,7749,7710,7742,38463,0
20250220,160000,7741.5,7780,7735,7758.5,64303,0
20250220,170000,7758.5,7774,7743,7765,28686,0
20250220,180000,7766,7769,7709.5,7720,46467,0
20250220,190000,7721.5,7735.5,7710.5,7727,27643,0
20250220,200000,7727,7728,7709,7717.5,17628,0
20250220,210000,7717,7742,7714,7739.5,10937,0
20250220,220000,7740,7741,7720,7722.5,6361,0
20250220,230000,7722,7726,7717,7720,4950,0
20250221,070000,7724,7726,7703,7724.5,4919,0
20250221,080000,7724.5,7741,7721,7737.5,4766,0
20250221,090000,7740.5,7760,7733,7751.5,16269,0
20250221,100000,7752,7769.5,7743.5,7749,34015,0
20250221,110000,7749,7760,7734,7750,26470,0
20250221,120000,7750,7783,7749,7767.5,64866,0
20250221,130000,7766,7790,7692.5,7700,129076,0
20250221,140000,7700,7700,7636.5,7678.5,138512,0
20250221,150000,7678,7695,7645,7647.5,51109,0
20250221,160000,7646,7689,7640.5,7670,53221,0
20250221,170000,7670,7705,7662,7696,38762,0
20250221,180000,7696,7706,7689,7703.5,24490,0
20250221,190000,7701.5,7714.5,7685.5,7696.5,15344,0
20250221,200000,7695,7700.5,7689,7698.5,7571,0
20250221,210000,7698.5,7700,7689,7694,7935,0
20250221,220000,7695.5,7699.5,7691.5,7694.5,8862,0
20250221,230000,7696,7726,7695,7709.5,21798,0
20250224,070000,7710,7720,7697,7717,6435,0
20250224,080000,7717.5,7720,7710,7711,4967,0
20250224,090000,7712.5,7744.5,7707.5,7733,21262,0
20250224,100000,7733,7738,7700,7707,45875,0
20250224,110000,7707,7725,7697,7698.5,42617,0
20250224,120000,7698.5,7705.5,7690,7694.5,37426,0
20250224,130000,7693,7710,7685,7701.5,35247,0
20250224,140000,7700,7710,7689.5,7698,26021,0
20250224,150000,7699.5,7706,7660,7661,60163,0
20250224,160000,7661,7667.5,7652,7653.5,60655,0
20250224,170000,7654.5,7685,7650,7678.5,54976,0
20250224,180000,7679.5,7735,7673.5,7735,105986,0
20250224,190000,7726,7733.5,7700,7707.5,27706,0
20250224,200000,7708,7731.5,7706,7723.5,16343,0
20250224,210000,7724.5,7732,7720.5,7721,10919,0
20250224,220000,7721,7728.5,7717.5,7727.5,9708,0
20250224,230000,7727,7739,7720.5,7737.5,22201,0
20250225,070000,7738,7748,7717.5,7728,7316,0
20250225,080000,7729,7749,7722,7744,12560,0
20250225,090000,7744.5,7779.5,7742.5,7775,34546,0
20250225,100000,7775.5,7800,7765,7778,136612,0
20250225,110000,7778.5,7792,7743.5,7762.5,65835,0
20250225,120000,7762.5,7796,7762.5,7795,71991,0
20250225,130000,7795.5,7805,7753.5,7763.5,66868,0
20250225,140000,7762.5,7792,7752.5,7777.5,38831,0
20250225,150000,7779.5,7800.5,7757,7767,71284,0
20250225,160000,7767,7774,7745.5,7745.5,50625,0
20250225,170000,7745,7754,7739.5,7744,37203,0
20250225,180000,7745,7750,7690,7709,72401,0
20250225,190000,7709,7727.5,7692,7717,33127,0
20250225,200000,7717.5,7726.5,7698,7718,14726,0
20250225,210000,7718,7740,7717.5,7740,14808,0
20250225,220000,7740,7763.5,7739.5,7748,10562,0
20250225,230000,7748,7750,7725,7729,5646,0
20250226,070000,7729,7762.5,7729,7756,4311,0
20250226,080000,7755.5,7764,7749,7751,4844,0
20250226,090000,7751,7764.5,7727,7729.5,10620,0
20250226,100000,7729.5,7748.5,7690,7709,42972,0
20250226,110000,7710,7719.5,7685.5,7706.5,45519,0
20250226,120000,7705.5,7713.5,7676,7689,35696,0
20250226,130000,7687,7698,7650,7655,79037,0
20250226,140000,7654.5,7680,7620,7645,67857,0
20250226,150000,7645.5,7651,7521.5,7540,130433,0
20250226,160000,7540,7558,7511,7546,119298,0
20250226,170000,7545.5,7615,7525,7614,98613,0
20250226,180000,7614.5,7648.5,7586.5,7648.5,97834,0
20250226,190000,7625.5,7626,7540,7574.5,73771,0
20250226,200000,7575,7609.5,7540,7546,33974,0
20250226,210000,7545.5,7573.5,7541,7543.5,24251,0
20250226,220000,7544,7565.5,7525,7548.5,24515,0
20250226,230000,7549,7563.5,7548,7555,8880,0
20250227,070000,7570,7570,7514,7521,16897,0
20250227,080000,7521.5,7554.5,7520,7527.5,9173,0
20250227,090000,7527.5,7630,7527.5,7599.5,37906,0
20250227,100000,7600,7624,7544,7555,50826,0
20250227,110000,7556.5,7587,7521,7539.5,48805,0
20250227,120000,7541,7578,7466.5,7478,78285,0
20250227,130000,7477,7553,7475,7550,59802,0
20250227,140000,7550,7553,7506,7514,25298,0
20250227,150000,7514,7620,7510,7580,90823,0
20250227,160000,7580.5,7614.5,7548.5,7565.5,42729,0
20250227,170000,7565,7600,7541,7544,59329,0
20250227,180000,7544,7550,7520,7549,27197,0
20250227,190000,7550,7550,7472,7544,70605,0
20250227,200000,7541,7541,7493,7514.5,17596,0
20250227,210000,7514,7527.5,7491,7511.5,12569,0
20250227,220000,7513.5,7521.5,7487,7504.5,9778,0
20250227,230000,7503.5,7503.5,7480,7497,16979,0
20250228,070000,7498.5,7520,7456,7500,16774,0
20250228,080000,7500,7510,7489,7510,5749,0
20250228,090000,7510,7537,7510,7530,9115,0
20250228,100000,7529,7554,7417.5,7451.5,97415,0
20250228,110000,7451.5,7467,7430.5,7442,69922,0
20250228,120000,7442,7445,7411,7415.5,55412,0
20250228,130000,7415,7429.5,7402,7419.5,43926,0
20250228,140000,7420,7439.5,7414,7422,59478,0
20250228,150000,7422,7425.5,7390,7390,69408,0
20250228,160000,7390,7444,7390,7424.5,36309,0
20250228,170000,7425,7460,7401,7455,48048,0
20250228,180000,7455,7470,7448,7460,31397,0
20250228,190000,7460,7518.5,7455,7500.5,48541,0
20250228,200000,7502.5,7550,7477,7534,46116,0
20250228,210000,7533.5,7559.5,7415.5,7503,106145,0
20250228,220000,7503,7546,7476.5,7533,26056,0
20250228,230000,7534.5,7558.5,7518,7546.5,23499,0
20250301,140000,7559.5,7575.5,7555,7573,2666,0
20250301,150000,7574,7578.5,7568,7572.5,2246,0
20250301,160000,7575.5,7580,7570,7572.5,1906,0
20250301,170000,7570.5,7580,7570,7574,1369,0
20250301,180000,7576.5,7577,7550.5,7555,1557,0
20250302,090000,7555.5,7555.5,7555.5,7555.5,17,0
20250302,100000,7555.5,7566,7538,7540,5544,0
20250302,110000,7539.5,7540,7536.5,7539,3849,0
20250302,120000,7540,7540,7535,7539,2541,0
20250302,130000,7539.5,7540,7535,7540,1842,0
20250302,140000,7540,7540,7535.5,7538,1135,0
20250302,150000,7538,7540,7535.5,7536,577,0
20250302,160000,7536.5,7540,7535,7536.5,2265,0
20250302,170000,7536.5,7540,7520,7523.5,4218,0
20250302,180000,7524.5,7534,7508,7531,2485,0
20250303,070000,7531.5,7539,7500.5,7518.5,9391,0
20250303,080000,7518.5,7519.5,7475.5,7484.5,10648,0
20250303,090000,7484.5,7487.5,7434,7456.5,37460,0
20250303,100000,7456,7456.5,7361.5,7363.5,157720,0
20250303,110000,7363,7400,7317.5,7367,175872,0
20250303,120000,7366,7366,7305,7315,93493,0
20250303,130000,7314,7324.5,7300,7307,71375,0
20250303,140000,7307,7333,7281.5,7317.5,99721,0
20250303,150000,7317,7318,7285,7305.5,70460,0
20250303,160000,7305,7335,7296.5,7312.5,70276,0
20250303,170000,7312,7342,7307,7322.5,57825,0
20250303,180000,7322.5,7331,7310,7310,28807,0
20250303,190000,7310,7340,7266.5,7317,53672,0
20250303,200000,7317.5,7345.5,7302.5,7342,21822,0
20250303,210000,7342,7345.5,7268,7284.5,30756,0
20250303,220000,7285.5,7388,7280.5,7373.5,75869,0
20250303,230000,7373.5,7377,7330,7341.5,18942,0
20250304,070000,7356,7382.5,7345,7380,12400,0
20250304,080000,7379.5,7395,7360,7385,17461,0
20250304,090000,7385,7385,7340.5,7370,31947,0
20250304,100000,7371,7449,7358,7445,142526,0
20250304,110000,7445,7472,7435,7456,89280,0
20250304,120000,7456.5,7471.5,7449,7465.5,58075,0
20250304,130000,7465.5,7469,7381,7389.5,93604,0
20250304,140000,7392,7420,7370.5,7374,86890,0
20250304,150000,7374.5,7379.5,7279,7286.5,179600,0
20250304,160000,7285.5,7297.5,7245,7293.5,220107,0
20250304,170000,7294.5,7306,7280,7286.5,79643,0
20250304,180000,7286.5,7295.5,7274,7295.5,64835,0
20250304,190000,7320,7395,7315.5,7378,164234,0
20250304,200000,7377.5,7391.5,7361,7379,30333,0
20250304,210000,7379.5,7379.5,7332.5,7351,33526,0
20250304,220000,7352.5,7386,7350,7385.5,32373,0
20250304,230000,7385.5,7400,7374,7393,39016,0
20250305,070000,7405.5,7405.5,7301.5,7335,39685,0
20250305,080000,7336,7354,7327,7348,8877,0
20250305,090000,7348.5,7377.5,7339,7358,37828,0
20250305,100000,7356.5,7370,7307,7315,103413,0
20250305,110000,7315,7379.5,7309.5,7339.5,126288,0
20250305,120000,7339.5,7349.5,7323,7324.5,102052,0
20250305,130000,7324.5,7333,7287.5,7289,91430,0
20250305,140000,7288,7307,7287.5,7297.5,68883,0
20250305,150000,7297.5,7307,7265,7271,88117,0
20250305,160000,7271,7313,7270,7311,62164,0
20250305,170000,7310,7315,7287,7287.5,57062,0
20250305,180000,7287.5,7316,7283,7300,55775,0
20250305,190000,7310,7324,7270,7287,58485,0
20250305,200000,7287,7288.5,7279,7285,17247,0
20250305,210000,7285,7294,7260,7292.5,41825,0
20250305,220000,7290,7294.5,7230,7248.5,76148,0
20250305,230000,7248.5,7261,7232,7241,18456,0
20250306,070000,7259,7279.5,7250.5,7268.5,11491,0
20250306,080000,7268.5,7284.5,7260.5,7283,6319,0
20250306,090000,7283,7283,7225,7239.5,31335,0
20250306,100000,7239,7240,7201.5,7212.5,81708,0
20250306,110000,7212,7214,7140,7164,180756,0
20250306,120000,7163.5,7190,7157,7169,68340,0
20250306,130000,7169,7173,7130,7152.5,70680,0
20250306,140000,7153.5,7157,7130,7136.5,57159,0
20250306,150000,7135,7200,7131,7199.5,60287,0
20250306,160000,7197,7220,7179,7214,88526,0
20250306,170000,7214.5,7226,7191,7219.5,56531,0
20250306,180000,7219,7223.5,7180,7202.5,43216,0
20250306,190000,7194.5,7205.5,7163,7184.5,23177,0
20250306,200000,7185.5,7219.5,7174,7208.5,31500,0
20250306,210000,7207.5,7211,7188,7204.5,11693,0
20250306,220000,7204.5,7204.5,7181,7186.5,9414,0
20250306,230000,7186.5,7189.5,7170.5,7175,11377,0
20250307,070000,7200,7203.5,7170,7194.5,6016,0
20250307,080000,7193.5,7221.5,7192,7217.5,13029,0
20250307,090000,7217.5,7220.5,7192.5,7211,16601,0
20250307,100000,7211,7247,7192,7238,73033,0
20250307,110000,7237.5,7303,7236,7296.5,119493,0
20250307,120000,7296.5,7305.5,7256.5,7258.5,83495,0
20250307,130000,7259.5,7294.5,7259,7292.5,38712,0
20250307,140000,7292.5,7294,7261,7261.5,29276,0
20250307,150000,7261.5,7283.5,7250,7250,25848,0
20250307,160000,7250.5,7265.5,7235.5,7236.5,56192,0
20250307,170000,7236,7240,7100.5,7153.5,334795,0
20250307,180000,7153.5,7186.5,7124,7150,94418,0
20250307,190000,7173,7189,7150,7170.5,33113,0
20250307,200000,7170.5,7242,7160,7235,45293,0
20250307,210000,7235,7245,7195.5,7216,22539,0
20250307,220000,7215.5,7254,7200.5,7230.5,29822,0
20250307,230000,7230.5,7239,7209.5,7225,12476,0
20250310,070000,7230,7259,7223.5,7245.5,10049,0
20250310,080000,7245,7260,7241.5,7254.5,8244,0
20250310,090000,7253.5,7254.5,7224,7246,16536,0
20250310,100000,7245.5,7250,7200,7203,74170,0
20250310,110000,7203.5,7213,7172.5,7204.5,59607,0
20250310,120000,7204,7208,7180,7200.5,34797,0
20250310,130000,7201,7219.5,7181,7212,53598,0
20250310,140000,7212,7248,7212,7233.5,63601,0
20250310,150000,7233.5,7249.5,7211,7239,36810,0
20250310,160000,7238.5,7248,7210.5,7211,37954,0
20250310,170000,7211.5,7228,7187,7187,41340,0
20250310,180000,7187,7201.5,7175.5,7201.5,45375,0
20250310,190000,7201,7213,7190,7205,16172,0
20250310,200000,7205,7206.5,7161.5,7179.5,22596,0
20250310,210000,7178.5,7190,7170,7184,9001,0
20250310,220000,7184,7185,7170,7174,12348,0
20250310,230000,7173.5,7189,7172.5,7185,5392,0
20250311,070000,7185,7195,7182,7192,4638,0
20250311,080000,7191.5,7191.5,7184,7188,5462,0
20250311,090000,7188.5,7192,7176.5,7177,13118,0
20250311,100000,7177,7209,7156,7206,68486,0
20250311,110000,7205.5,7225,7197.5,7216.5,40604,0
20250311,120000,7216.5,7220,7191,7199.5,25067,0
20250311,130000,7199.5,7213.5,7195,7211,18040,0
20250311,140000,7211.5,7212.5,7190.5,7195,21697,0
20250311,150000,7195,7210,7190.5,7206.5,17723,0
20250311,160000,7206.5,7227.5,7206.5,7209,43639,0
20250311,170000,7211,7240,7202.5,7208.5,50842,0
20250311,180000,7209.5,7225,7205,7225,17713,0
20250311,190000,7217.5,7237.5,7208,7237.5,28337,0
20250311,200000,7237.5,7276.5,7226.5,7233,48831,0
20250311,210000,7233,7278.5,7193.5,7209.5,87140,0
20250311,220000,7210,7244.5,7196.5,7237,26619,0
20250311,230000,7238,7250,7233,7248.5,19089,0
20250312,070000,7257.5,7259,7235.5,7237,6277,0
20250312,080000,7236,7236,7209,7212,6312,0
20250312,090000,7212,7241,7212,7230,8463,0
20250312,100000,7230,7243,7203,7206,45795,0
20250312,110000,7206,7209,7180,7199.5,50416,0
20250312,120000,7199.5,7230,7190,7216.5,39055,0
20250312,130000,7215.5,7225,7203,7205,30113,0
20250312,140000,7205,7214,7197.5,7199.5,32448,0
20250312,150000,7200,7225,7199.5,7221,32805,0
20250312,160000,7220.5,7234,7206.5,7210,22593,0
20250312,170000,7208.5,7219,7200,7203,24720,0
20250312,180000,7203,7215.5,7185.5,7204,41868,0
20250312,190000,7205.5,7218,7193,7201,13195,0
20250312,200000,7201,7215,7181,7211,18938,0
20250312,210000,7211,7220,7202,7210,9003,0
20250312,220000,7208,7215.5,7198.5,7203.5,4976,0
20250312,230000,7203.5,7208.5,7200.5,7205,4656,0
20250313,070000,7215.5,7218,7190.5,7194,10503,0
20250313,080000,7194,7194.5,7182,7186,21468,0
20250313,090000,7186,7188,7150.5,7167,31616,0
20250313,100000,7165.5,7180,7157.5,7170,57608,0
20250313,110000,7170,7186,7161,7167.5,36371,0
20250313,120000,7167.5,7198.5,7161.5,7187,66238,0
20250313,130000,7187.5,7195,7160,7161.5,63999,0
20250313,140000,7161,7169.5,7135.5,7140,71481,0
20250313,150000,7140,7164.5,7110,7124,76795,0
20250313,160000,7125,7150,7111,7118.5,55184,0
20250313,170000,7116.5,7129,7102,7106.5,50838,0
20250313,180000,7106.5,7118,7095,7100.5,93464,0
20250313,190000,7145,7242,7141,7179,281652,0
20250313,200000,7178.5,7200.5,7152,7188,25935,0
20250313,210000,7188.5,7192.5,7163,7192,13269,0
20250313,220000,7191.5,7199,7172,7173.5,9028,0
20250313,230000,7173.5,7183,7102,7130,30942,0
20250314,070000,7112.5,7141,7111.5,7135,16311,0
20250314,080000,7135,7142.5,7123,7133,11354,0
20250314,090000,7132.5,7148,7129,7142,17161,0
20250314,100000,7141.5,7158,7121,7122.5,86817,0
20250314,110000,7121.5,7130,7081.5,7090.5,114828,0
20250314,120000,7090,7120,7088,7112.5,51578,0
20250314,130000,7114,7134,7110,7130,28640,0
20250314,140000,7131,7141.5,7123,7126,25853,0
20250314,150000,7126,7137,7112,7123,22808,0
20250314,160000,7122.5,7173.5,7120.5,7166,66549,0
20250314,170000,7167.5,7169,7141.5,7163,34473,0
20250314,180000,7165,7170,7148.5,7170,36286,0
20250314,190000,7170,7180,7155.5,7166.5,24099,0
20250314,200000,7166.5,7169.5,7155,7164.5,8364,0
20250314,210000,7164.5,7164.5,7147,7155,8007,0
20250314,220000,7154.5,7161,7150.5,7159,5569,0
20250314,230000,7158,7168,7149,7149.5,14129,0
20250315,090000,7163,7163,7163,7163,40,0
20250315,100000,7165,7175,7163,7174.5,3163,0
20250315,110000,7174.5,7176.5,7170,7175,1677,0
20250315,120000,7175,7175,7169,7172,1472,0
20250315,130000,7172,7174,7165,7172.5,1740,0
20250315,140000,7172,7175,7167,7175,1563,0
20250315,150000,7175,7176,7170.5,7176,1494,0
20250315,160000,7175.5,7176,7171,7175.5,1073,0
20250315,170000,7172.5,7177,7170,7177,1617,0
20250315,180000,7177,7177,7166.5,7167,1860,0
20250316,090000,7170,7170,7170,7170,227,0
20250316,100000,7174.5,7198,7170,7188,5182,0
20250316,110000,7187.5,7188,7180.5,7183.5,1579,0
20250316,120000,7184.5,7193,7183,7190,1603,0
20250316,130000,7190,7193,7190,7191,1462,0
20250316,140000,7191,7193.5,7181,7183.5,2916,0
20250316,150000,7185,7193.5,7185,7192.5,754,0
20250316,160000,7192,7207,7190.5,7200,17222,0
20250316,170000,7200.5,7218,7200,7207.5,10718,0
20250316,180000,7207.5,7215,7204.5,7209.5,13431,0
20250317,070000,7215,7238.5,7212,7238.5,21197,0
20250317,080000,7238.5,7272,7230.5,7272,23219,0
20250317,090000,7272,7272,7222.5,7246.5,53739,0
20250317,100000,7246.5,7256,7215,7238.5,59360,0
20250317,110000,7237,7257.5,7208.5,7257.5,70609,0
20250317,120000,7257.5,7259,7233,7235,44154,0
20250317,130000,7235,7236,7211.5,7221.5,51000,0
20250317,140000,7221.5,7236,7152,7192.5,102143,0
20250317,150000,7193.5,7231.5,7192.5,7228,59083,0
20250317,160000,7228.5,7233.5,7208,7223.5,49386,0
20250317,170000,7222.5,7233,7215,7223,35047,0
20250317,180000,7224,7235,7217.5,7218,27305,0
20250317,190000,7221,7224,7211.5,7213.5,18887,0
20250317,200000,7213.5,7220,7206.5,7211,9424,0
20250317,210000,7210.5,7216.5,7208.5,7215,14385,0
20250317,220000,7214,7220,7211,7214,7881,0
20250317,230000,7213.5,7231.5,7213.5,7222.5,13437,0
20250318,070000,7224.5,7236,7215,7233,11865,0
20250318,080000,7233.5,7249.5,7227.5,7249.5,7035,0
20250318,090000,7249,7250,7236.5,7238,10554,0
20250318,100000,7237.5,7248.5,7227,7237.5,39627,0
20250318,110000,7237.5,7240,7215,7216.5,50999,0
20250318,120000,7216,7228.5,7215,7218.5,56290,0
20250318,130000,7218.5,7228,7215,7221.5,45387,0
20250318,140000,7222.5,7238,7218,7236.5,57098,0
20250318,150000,7236,7243.5,7230,7241,61430,0
20250318,160000,7241,7259.5,7230.5,7257,70939,0
20250318,170000,7256.5,7288,7248,7288,59608,0
20250318,180000,7288,7299,7222.5,7269,129663,0
20250318,190000,7268,7290,7226,7256,88377,0
20250318,200000,7256,7262.5,7157,7187,180187,0
20250318,210000,7187,7219,7180,7218,34929,0
20250318,220000,7218,7218,7190,7191,11640,0
20250318,230000,7190.5,7204,7162,7183,25339,0
20250319,070000,7201,7215,7186.5,7202.5,9326,0
20250319,080000,7203,7215.5,7200,7211.5,4520,0
20250319,090000,7209.5,7209.5,7170.5,7188,18631,0
20250319,100000,7188,7191,7150,7167,62223,0
20250319,110000,7167,7195.5,7155,7176.5,42531,0
20250319,120000,7176.5,7187,7160,7167.5,35684,0
20250319,130000,7167,7186.5,7164,7175,33170,0
20250319,140000,7175,7214,7170.5,7206,56404,0
20250319,150000,7207,7230,7200.5,7230,52873,0
20250319,160000,7230,7245,7223.5,7245,39305,0
20250319,170000,7245,7278.5,7233.5,7257.5,87022,0
20250319,180000,7258,7265,7239,7240,31809,0
20250319,190000,7248.5,7255,7229,7240.5,38170,0
20250319,200000,7240.5,7246.5,7220.5,7223.5,13457,0
20250319,210000,7223,7230.5,7220,7221.5,11932,0
20250319,220000,7221,7231,7220.5,7230,7644,0
20250319,230000,7228.5,7234,7220,7221,12450,0
20250320,070000,7235,7249.5,7223,7249.5,7698,0
20250320,080000,7249.5,7254.5,7240,7240,8709,0
20250320,090000,7242,7244.5,7230,7243.5,15996,0
20250320,100000,7243,7245,7220,7238,65430,0
20250320,110000,7238,7284.5,7227,7266.5,64178,0
20250320,120000,7267,7280,7237.5,7254,54125,0
20250320,130000,7253.5,7256.5,7232.5,7234,32687,0
20250320,140000,7234.5,7250,7222.5,7224.5,37215,0
20250320,150000,7224.5,7273.5,7175,7202.5,587608,0
20250320,160000,7202,7262.5,7199.5,7259.5,91063,0
20250320,170000,7259.5,7299,7259,7298.5,177744,0
20250320,180000,7299,7304,7280.5,7304,125675,0
20250320,190000,7303.5,7304,7269,7274.5,45704,0
20250320,200000,7274.5,7286,7273.5,7278,10196,0
20250320,210000,7277,7285,7275.5,7284.5,7416,0
20250320,220000,7284.5,7316.5,7284,7305,40505,0
20250320,230000,7304.5,7309,7280.5,7293.5,11190,0
20250321,070000,7300.5,7336,7299,7333.5,31096,0
20250321,080000,7333,7333,7312,7321.5,11784,0
20250321,090000,7321.5,7350,7316,7341,33588,0
20250321,100000,7342,7379,7335.5,7364,83918,0
20250321,110000,7364,7385,7360.5,7381.5,123830,0
20250321,120000,7378.5,7392.5,7370,7390.5,103184,0
20250321,130000,7391,7398,7343,7364,165074,0
20250321,140000,7364,7380,7346,7350,69675,0
20250321,150000,7350,7368,7313,7321,111179,0
20250321,160000,7321,7384,7315,7325,72237,0
20250321,170000,7325.5,7344.5,7305,7321,66570,0
20250321,180000,7321,7344.5,7311.5,7311.5,63675,0
20250321,190000,7320.5,7360,7317.5,7333.5,53749,0
20250321,200000,7331.5,7348,7321.5,7330.5,14686,0
20250321,210000,7330.5,7340,7311,7328.5,18754,0
20250321,220000,7328.5,7354.5,7321.5,7352,13701,0
20250321,230000,7351,7353,7341,7346.5,10611,0
20250324,070000,7348,7385.5,7346.5,7373,16131,0
20250324,080000,7373,7375,7352,7364.5,6622,0
20250324,090000,7362,7382,7345,7348.5,26870,0
20250324,100000,7348.5,7349.5,7310,7312.5,65664,0
20250324,110000,7312.5,7321,7279.5,7290,145599,0
20250324,120000,7290.5,7305,7281.5,7295,52181,0
20250324,130000,7293.5,7298,7270.5,7280.5,47950,0
20250324,140000,7279.5,7303,7275,7287,68880,0
20250324,150000,7285.5,7297.5,7280,7286,42612,0
20250324,160000,7285,7308.5,7261,7267.5,65410,0
20250324,170000,7267,7280,7252,7265,61225,0
20250324,180000,7265.5,7305,7262,7270,127504,0
20250324,190000,7300,7340,7250.5,7291.5,148099,0
20250324,200000,7292,7335,7283,7331,22114,0
20250324,210000,7330.5,7331,7250.5,7286,69371,0
20250324,220000,7285.5,7317,7262.5,7274,21929,0
20250324,230000,7274.5,7295,7274,7291,7173,0
20250325,070000,7294,7313,7283.5,7309.5,9630,0
20250325,080000,7309,7330,7305.5,7326.5,8338,0
20250325,090000,7326.5,7330,7319.5,7323,10847,0
20250325,100000,7322,7326.5,7293,7300,44011,0
20250325,110000,7300,7330,7293,7300,51336,0
20250325,120000,7299.5,7300.5,7204,7217.5,160357,0
20250325,130000,7217.5,7234,7191,7207,107663,0
20250325,140000,7203.5,7224,7184,7221.5,61826,0
20250325,150000,7223,7266.5,7196,7248.5,250385,0
20250325,160000,7248,7255,7223,7242.5,58097,0
20250325,170000,7241.5,7255,7202,7245,79305,0
20250325,180000,7244.5,7269,7233,7256,79476,0
20250325,190000,7250,7295,7250,7271,54919,0
20250325,200000,7273.5,7284,7260,7275,15097,0
20250325,210000,7275,7290,7257,7287,20416,0
20250325,220000,7288.5,7291,7276.5,7281,12169,0
20250325,230000,7283,7283.5,7265,7265,4574,0
20250326,070000,7280,7309,7276,7298,9978,0
20250326,080000,7298,7300,7273.5,7285,10740,0
20250326,090000,7285,7288,7262.5,7274,10542,0
20250326,100000,7274,7289,7237.5,7243.5,55645,0
20250326,110000,7243.5,7265,7216,7229,71295,0
20250326,120000,7229,7243.5,7219,7242,33017,0
20250326,130000,7242,7242,7219,7224,25879,0
20250326,140000,7222.5,7226.5,7202.5,7210,37140,0
20250326,150000,7209.5,7225,7202,7211,36193,0
20250326,160000,7211.5,7230,7200,7222,79238,0
20250326,170000,7221.5,7230,7202,7211.5,35394,0
20250326,180000,7212,7222.5,7204,7213,21304,0
20250326,190000,7206,7218.5,7180,7185.5,58426,0
20250326,200000,7185.5,7202.5,7183,7186,19501,0
20250326,210000,7185.5,7192.5,7183.5,7187.5,8602,0
20250326,220000,7187.5,7200,7183.5,7200,11299,0
20250326,230000,7199.5,7205,7185,7185,9339,0
20250327,070000,7200,7200,7130,7155,42772,0
20250327,080000,7155,7173,7155,7166.5,6712,0
20250327,090000,7165.5,7171,7155,7162,13615,0
20250327,100000,7161.5,7178.5,7140,7162,82226,0
20250327,110000,7162.5,7170,7155,7165,27614,0
20250327,120000,7165,7175,7164,7172.5,39054,0
20250327,130000,7172.5,7178,7165.5,7178,23609,0
20250327,140000,7178,7189.5,7165,7165,37482,0
20250327,150000,7165,7173.5,7132,7132,59334,0
20250327,160000,7132,7157,7126,7149,48259,0
20250327,170000,7149,7165,7113,7137,64832,0
20250327,180000,7136,7142,7121,7133,43187,0
20250327,190000,7139.5,7139.5,7115,7132,22868,0
20250327,200000,7132,7135,7125,7128,10394,0
20250327,210000,7128,7129,7109.5,7112,20261,0
20250327,220000,7110.5,7125,7106,7120,15267,0
20250327,230000,7120,7121,7097,7108.5,26804,0
20250328,070000,7108,7108,7070,7097,23267,0
20250328,080000,7097,7104.5,7050,7058,31542,0
20250328,090000,7058.5,7107,7058,7099.5,27350,0
20250328,100000,7100,7129.5,7090.5,7121,60425,0
20250328,110000,7121,7125,7075,7080,57246,0
20250328,120000,7080,7091,7065,7081.5,73560,0
20250328,130000,7080.5,7089.5,7068,7079.5,49481,0
20250328,140000,7078.5,7082,7048,7052.5,98601,0
20250328,150000,7052,7084,7051.5,7084,101285,0
20250328,160000,7083.5,7113,7062.5,7079.5,68405,0
20250328,170000,7080,7103,7070,7073,49463,0
20250328,180000,7073,7089.5,7060,7062.5,32073,0
20250328,190000,7065.5,7079,7056,7074,21119,0
20250328,200000,7074.5,7074.5,7061,7071,8929,0
20250328,210000,7071,7071.5,7055.5,7065,10629,0
20250328,220000,7065,7071.5,7060.5,7070,12342,0
20250328,230000,7070,7070,7055.5,7064.5,13153,0
20250329,090000,7065,7065,7065,7065,25,0
20250329,100000,7065,7079,6971.5,7000.5,32966,0
20250329,110000,7003.5,7048.5,6987,7040,9706,0
20250329,120000,7044,7044,7022.5,7036,5190,0
20250329,130000,7032,7036,7011,7014.5,5940,0
20250329,140000,7014,7036.5,7013.5,7020,5371,0
20250329,150000,7022,7030,7014,7024,3076,0
20250329,160000,7021.5,7026,7014.5,7018.5,8867,0
20250329,170000,7020.5,7025,6995,7016,12910,0
20250329,180000,7012.5,7016.5,7005,7013.5,6040,0
20250330,090000,7020,7020,7020,7020,608,0
20250330,100000,7020,7020,6983,7005.5,9638,0
20250330,110000,7002,7012,6994.5,7012,4883,0
20250330,120000,7012,7013,6997.5,7004,2609,0
20250330,130000,7004,7012,6994,7010.5,2822,0
20250330,140000,7010.5,7011,7005,7007,939,0
20250330,150000,7007,7014,7003.5,7012.5,2828,0
20250330,160000,7012.5,7013,7005.5,7006,3609,0
20250330,170000,7006,7007,6870,6875,138113,0
20250330,180000,6875,6887,6851,6853,82280,0
20250331,070000,6853,7014,6800,7010,126745,0
20250331,080000,7007.5,7040,6955,7024,65166,0
20250331,090000,7023.5,7114.5,7023.5,7065,113443,0
20250331,100000,7065,7108,7041,7041.5,109830,0
20250331,110000,7041.5,7075,7012,7021.5,71493,0
20250331,120000,7020.5,7073,7019,7068,56885,0
20250331,130000,7068.5,7098.5,7041.5,7071,69715,0
20250331,140000,7070,7089,7051,7055.5,40189,0
20250331,150000,7053.5,7059,7023,7033.5,51620,0
20250331,160000,7033.5,7059.5,7025.5,7027,48043,0
20250331,170000,7027,7050,7020,7043.5,39395,0
20250331,180000,7043.5,7058,7027,7030.5,33363,0
20250331,190000,7044.5,7044.5,7028.5,7042,17153,0
20250331,200000,7042,7052,7036.5,7047,7978,0
20250331,210000,7045,7049,7032.5,7041.5,5956,0
20250331,220000,7041.5,7042.5,7030,7036,6359,0
20250331,230000,7036,7044.5,7025.5,7026.5,11185,0
20250401,070000,7038.5,7104,7030.5,7099.5,33825,0
20250401,080000,7099.5,7104,7085,7086.5,11285,0
20250401,090000,7087,7087,7057.5,7072,26214,0
20250401,100000,7071.5,7079.5,7052,7064,45602,0
20250401,110000,7063,7065,7051.5,7056,23808,0
20250401,120000,7055.5,7080,7045,7069.5,42419,0
20250401,130000,7070,7070,7037,7048,31195,0
20250401,140000,7048,7048,6952,6987,103403,0
20250401,150000,6986.5,7000,6926.5,6958.5,98260,0
20250401,160000,6958.5,6964,6906.5,6940.5,68999,0
20250401,170000,6940.5,7005,6925,6992.5,81984,0
20250401,180000,6992,6995.5,6918.5,6920,39897,0
20250401,190000,6930,6941,6895,6914,45492,0
20250401,200000,6912.5,6932,6895,6901,27554,0
20250401,210000,6901,6914,6887.5,6901.5,44321,0
20250401,220000,6901.5,6919.5,6892.5,6918,54467,0
20250401,230000,6918,6923.5,6894.5,6905,92254,0
20250402,070000,6894,6947.5,6893.5,6926.5,19400,0
20250402,080000,6926.5,6934.5,6921,6930,5762,0
20250402,090000,6930,6931.5,6890.5,6907.5,15060,0
20250402,100000,6907.5,6943.5,6875,6884,91712,0
20250402,110000,6884.5,6895,6851,6869,71990,0
20250402,120000,6870,6915,6870,6903,48981,0
20250402,130000,6903,6920,6891,6904.5,49099,0
20250402,140000,6905,6915,6870.5,6888.5,80977,0
20250402,150000,6888,6893.5,6872,6893,34123,0
20250402,160000,6892.5,6926,6860.5,6860.5,78439,0
20250402,170000,6861,6910,6860,6889,43555,0
20250402,180000,6890,6907.5,6865.5,6876,27701,0
20250402,190000,6870,6924.5,6860,6906.5,51218,0
20250402,200000,6908,6940,6904.5,6937.5,21997,0
20250402,210000,6940,6989,6936.5,6948.5,35954,0
20250402,220000,6949.5,6987,6949.5,6977,16696,0
20250402,230000,6977,6984,6954,6978,25888,0
20250403,070000,6974,7030,6939,6993.5,55013,0
20250403,080000,6993,7003,6962.5,6988,14417,0
20250403,090000,6988,6988,6941.5,6966.5,26706,0
20250403,100000,6965.5,6965.5,6922.5,6927.5,41153,0
20250403,110000,6926.5,6940,6901,6907.5,65667,0
20250403,120000,6907.5,6949,6890,6932.5,50242,0
20250403,130000,6932.5,6944.5,6901,6904.5,31269,0
20250403,140000,6904,6908,6859.5,6884,76219,0
20250403,150000,6882.5,6890,6863.5,6880,47577,0
20250403,160000,6880,6885,6835.5,6861.5,86496,0
20250403,170000,6862.5,6873,6756,6764,192129,0
20250403,180000,6763.5,6763.5,6700,6719.5,154488,0
20250403,190000,6719.5,6787,6719.5,6778,71034,0
20250403,200000,6778,6781,6742,6770.5,25561,0
20250403,210000,6771,6788,6736,6788,33346,0
20250403,220000,6787.5,6794,6782,6782,21631,0
20250403,230000,6782.5,6809,6780.5,6802,25412,0
20250404,070000,6818,6824.5,6775.5,6778.5,34682,0
20250404,080000,6777,6800,6751.5,6784,23718,0
20250404,090000,6783.5,6804,6742.5,6755.5,30943,0
20250404,100000,6754.5,6783.5,6725,6776.5,58696,0
20250404,110000,6776,6778,6702,6704.5,79625,0
20250404,120000,6704.5,6726.5,6662,6679,129477,0
20250404,130000,6679.5,6700,6610,6632,189936,0
20250404,140000,6631.5,6653,6590,6653,204349,0
20250404,150000,6653,6734,6640,6672.5,129160,0
20250404,160000,6672.5,6705,6615,6622.5,119467,0
20250404,170000,6623,6635,6560,6571,170903,0
20250404,180000,6571.5,6616,6519,6522.5,268466,0
20250404,190000,6527,6540.5,6472,6473,146070,0
20250404,200000,6473.5,6498,6456,6466.5,94024,0
20250404,210000,6465.5,6493,6450,6493,77200,0
20250404,220000,6493,6508.5,6480,6498.5,41578,0
20250404,230000,6497.5,6497.5,6445.5,6445.5,70293,0
20250405,090000,6430,6430,6430,6430,1189,0
20250405,100000,6430,6439.5,6328.5,6336.5,91171,0
20250405,110000,6336.5,6349,6327.5,6347.5,28596,0
20250405,120000,6347,6378,6339,6365,20165,0
20250405,130000,6366.5,6427,6352,6403.5,38411,0
20250405,140000,6403.5,6489.5,6390,6489.5,29184,0
20250405,150000,6489.5,6489.5,6444.5,6451.5,18566,0
20250405,160000,6451.5,6479,6449,6477,10423,0
20250405,170000,6477,6478,6444.5,6460,9094,0
20250405,180000,6460.5,6487,6451.5,6486,14856,0
20250406,090000,6487,6487,6487,6487,238,0
20250406,100000,6488,6563.5,6452,6559.5,41878,0
20250406,110000,6559,6592,6548.5,6566.5,39821,0
20250406,120000,6566,6589,6552,6563.5,19948,0
20250406,130000,6563.5,6580,6521.5,6568.5,28100,0
20250406,140000,6568.5,6581,6556.5,6571.5,10984,0
20250406,150000,6571.5,6577,6555,6576,13872,0
20250406,160000,6576,6583.5,6570,6580,11357,0
20250406,170000,6580,6583.5,6570.5,6581,8375,0
20250406,180000,6581,6596,6556,6587.5,13359,0
20250407,070000,6447.5,6458,6310,6385,189158,0
20250407,080000,6385,6432,6374.5,6400,74570,0
20250407,090000,6400,6404.5,6275.5,6378,158269,0
20250407,100000,6377.5,6496,6350,6482.5,266316,0
20250407,110000,6483,6500,6385,6434.5,163631,0
20250407,120000,6433.5,6466,6315,6323,153110,0
20250407,130000,6322.5,6431,6280,6387.5,285781,0
20250407,140000,6388,6399.5,6325,6339.5,127531,0
20250407,150000,6340,6348.5,6292.5,6333,170098,0
20250407,160000,6334,6374.5,6292,6364.5,207631,0
20250407,170000,6364,6451,6306,6396,327246,0
20250407,180000,6395,6435.5,6325,6351,163985,0
20250407,190000,6348,6384,6306,6366.5,59617,0
20250407,200000,6366.5,6400,6366.5,6393,40815,0
20250407,210000,6393,6397.5,6356,6360,22954,0
20250407,220000,6360,6368,6326,6354,29786,0
20250407,230000,6354,6362.5,6336.5,6349.5,23685,0
20250408,070000,6394,6450,6372,6447,65829,0
20250408,080000,6446.5,6478,6432,6438,44347,0
20250408,090000,6437.5,6445,6402,6445,55727,0
20250408,100000,6445,6445,6372,6385.5,120621,0
20250408,110000,6385,6411,6378,6378.5,48413,0
20250408,120000,6379,6397.5,6354,6385.5,56608,0
20250408,130000,6385,6410,6353,6392.5,43580,0
20250408,140000,6392.5,6439,6392,6433,58856,0
20250408,150000,6433,6450,6425.5,6445,60994,0
20250408,160000,6445.5,6467.5,6415.5,6427,50687,0
20250408,170000,6427,6439,6400,6417,51766,0
20250408,180000,6415.5,6417,6375,6400.5,61051,0
20250408,190000,6405,6412.5,6330,6330.5,121730,0
20250408,200000,6330.5,6344.5,6306.5,6337.5,119369,0
20250408,210000,6337.5,6345,6311,6317.5,33225,0
20250408,220000,6317.5,6326.5,6278,6309.5,86876,0
20250408,230000,6310.5,6310.5,6280,6283.5,27690,0
20250409,070000,6270.5,6308,6225,6284.5,72543,0
20250409,080000,6284.5,6290,6254,6258,27001,0
20250409,090000,6257,6305,6255,6295.5,45761,0
20250409,100000,6297,6337.5,6250.5,6286,167705,0
20250409,110000,6287,6310,6275,6283.5,102326,0
20250409,120000,6283,6295,6201,6206,119580,0
20250409,130000,6206,6208,6150,6158,253405,0
20250409,140000,6158,6174,6110,6168,207959,0
20250409,150000,6167.5,6218,6164,6208.5,111518,0
20250409,160000,6209,6280,6187.5,6245.5,92492,0
20250409,170000,6246,6279,6160.5,6166,91340,0
20250409,180000,6166.5,6230,6160,6208.5,47353,0
20250409,190000,6210.5,6290,6192,6284,56102,0
20250409,200000,6283.5,6550,6233,6513.5,354620,0
20250409,210000,6514,6515,6420,6421.5,148821,0
20250409,220000,6420.5,6480,6415.5,6465.5,65014,0
20250409,230000,6464,6520,6458.5,6507,47292,0
20250410,070000,6521.5,6528,6445,6503.5,48393,0
20250410,080000,6504,6504,6462,6489,24608,0
20250410,090000,6486.5,6530,6462,6519.5,57159,0
20250410,100000,6521,6529,6350,6374,213641,0
20250410,110000,6373.5,6407,6355,6358.5,82124,0
20250410,120000,6357.5,6428,6353,6405,52717,0
20250410,130000,6405,6409,6380,6383.5,46696,0
20250410,140000,6383.5,6395.5,6355.5,6385,44365,0
20250410,150000,6385,6440,6380.5,6406.5,93369,0
20250410,160000,6406,6439.5,6377,6377,92650,0
20250410,170000,6377.5,6428,6355,6373.5,71547,0
20250410,180000,6373.5,6411.5,6363,6393,35881,0
20250410,190000,6387.5,6394,6305,6360,105234,0
20250410,200000,6359.5,6406.5,6340,6393,34440,0
20250410,210000,6393,6404,6382.5,6399,22714,0
20250410,220000,6396,6412,6370,6393,19633,0
20250410,230000,6392.5,6405,6370.5,6375.5,15145,0
20250411,070000,6375,6410,6374.5,6410,9917,0
20250411,080000,6410,6426,6391,6423,13882,0
20250411,090000,6422.5,6513,6415.5,6504.5,103074,0
20250411,100000,6504,6530,6483.5,6505.5,140254,0
20250411,110000,6505,6506,6445,6468.5,91540,0
20250411,120000,6468.5,6505,6456,6499,31750,0
20250411,130000,6499.5,6529,6493,6519.5,62368,0
20250411,140000,6519.5,6530,6493,6505,49119,0
20250411,150000,6506,6524.5,6465.5,6517,45725,0
20250411,160000,6516.5,6520,6450.5,6457,60406,0
20250411,170000,6456.5,6479,6450.5,6478.5,30832,0
20250411,180000,6479,6519.5,6474.5,6508.5,38164,0
20250411,190000,6510,6533,6491,6510,49344,0
20250411,200000,6509,6530,6497,6519.5,18416,0
20250411,210000,6519.5,6526,6474,6497.5,29979,0
20250411,220000,6497.5,6505,6476,6503,16914,0
20250411,230000,6504.5,6520,6490.5,6508,20023,0
20250412,090000,6522,6522,6522,6522,167,0
20250412,100000,6524,6571,6522,6567.5,20961,0
20250412,110000,6567.5,6577.5,6550,6562.5,14763,0
20250412,120000,6562.5,6573,6557,6569.5,8220,0
20250412,130000,6569.5,6579.5,6569,6574,5962,0
20250412,140000,6574,6575,6556.5,6565,7651,0
20250412,150000,6566,6583.5,6565,6583.5,5829,0
20250412,160000,6583,6583.5,6570,6579,3844,0
20250412,170000,6579,6581,6571.5,6571.5,3202,0
20250412,180000,6571.5,6583,6570,6582,5641,0
20250413,090000,6582,6582,6582,6582,223,0
20250413,100000,6582.5,6599,6577,6588,14211,0
20250413,110000,6588.5,6590,6581.5,6589.5,6216,0
20250413,120000,6589.5,6590,6584.5,6588.5,2800,0
20250413,130000,6588.5,6590,6581.5,6588,3573,0
20250413,140000,6586,6590,6582,6589,6571,0
20250413,150000,6589.5,6590,6574.5,6580,12230,0
20250413,160000,6579,6580,6576.5,6580,5332,0
20250413,170000,6580,6580,6557.5,6560,13726,0
20250413,180000,6560,6565,6555.5,6562,11767,0
20250414,070000,6573,6573,6496,6529.5,49686,0
20250414,080000,6530,6532.5,6482.5,6512.5,22622,0
20250414,090000,6511,6512.5,6470,6494,46830,0
20250414,100000,6496,6505,6465.5,6494.5,58951,0
20250414,110000,6494.5,6525,6481,6519,32585,0
20250414,120000,6519,6527,6492,6517,32768,0
20250414,130000,6517,6542,6500,6503.5,25326,0
20250414,140000,6504.5,6510,6492.5,6496,15786,0
20250414,150000,6496.5,6514.5,6486,6488.5,26632,0
20250414,160000,6486.5,6496,6465,6467,53379,0
20250414,170000,6467,6535,6466.5,6531,41658,0
20250414,180000,6530.5,6533.5,6498,6498,31706,0
20250414,190000,6502.5,6512.5,6480,6485,25332,0
20250414,200000,6484,6490,6451,6452.5,36264,0
20250414,210000,6453,6479,6427.5,6474,30844,0
20250414,220000,6474,6474.5,6461.5,6472,7431,0
20250414,230000,6471.5,6477,6440,6474,12279,0
20250415,070000,6478,6488.5,6461.5,6475.5,5882,0
20250415,080000,6475,6482.5,6456,6457,4308,0
20250415,090000,6456.5,6519.5,6456.5,6506.5,27415,0
20250415,100000,6506.5,6520,6481,6492,30779,0
20250415,110000,6492,6496.5,6450,6469.5,33198,0
20250415,120000,6470.5,6494.5,6460.5,6462,21940,0
20250415,130000,6464,6472,6450,6462.5,20396,0
20250415,140000,6461.5,6464,6410,6446.5,38687,0
20250415,150000,6446,6472.5,6430,6464,29990,0
20250415,160000,6464,6495.5,6464,6479.5,22870,0
20250415,170000,6479,6510,6461.5,6473,42068,0
20250415,180000,6473,6479,6450,6460,12002,0
20250415,190000,6460,6484,6452,6477,10357,0
20250415,200000,6477,6500,6468,6485,8348,0
20250415,210000,6485,6494.5,6473.5,6493,5838,0
20250415,220000,6493,6494,6479.5,6480.5,5729,0
20250415,230000,6481,6490.5,6466,6466,4320,0
20250416,070000,6479,6479,6456,6477,4457,0
20250416,080000,6478.5,6479,6453,6459.5,6728,0
20250416,090000,6460,6460,6415.5,6418,36853,0
20250416,100000,6416,6442,6410.5,6432.5,28979,0
20250416,110000,6433,6470,6410,6456,68381,0
20250416,120000,6456.5,6485,6432,6452.5,39825,0
20250416,130000,6454,6474,6446.5,6459.5,24673,0
20250416,140000,6460,6485,6453,6472.5,15190,0
20250416,150000,6472,6477,6458,6470,12966,0
20250416,160000,6470,6497,6464,6490,34139,0
20250416,170000,6490,6545,6482,6545,72772,0
20250416,180000,6545.5,6550,6537,6545,35385,0
20250416,190000,6545,6549,6517.5,6537,33182,0
20250416,200000,6537,6540,6503,6509.5,16918,0
20250416,210000,6509,6532.5,6505.5,6529,9696,0
20250416,220000,6529,6530.5,6512,6524,9535,0
20250416,230000,6524,6527,6504,6515,6950,0
20250417,070000,6530,6563,6529,6563,12711,0
20250417,080000,6562.5,6570,6551.5,6559.5,8624,0
20250417,090000,6559,6559,6538.5,6547.5,16382,0
20250417,100000,6547.5,6547.5,6517,6527.5,55860,0
20250417,110000,6527,6564.5,6523,6562,48716,0
20250417,120000,6562,6562,6520,6535.5,31418,0
20250417,130000,6535.5,6553,6531,6550,19496,0
20250417,140000,6550,6561,6545.5,6558.5,29165,0
20250417,150000,6558,6626,6558,6600,145115,0
20250417,160000,6599,6632,6591.5,6618,64959,0
20250417,170000,6617,6624.5,6566,6595,74550,0
20250417,180000,6595,6630,6581.5,6623,59194,0
20250417,190000,6623,6634,6605,6629.5,43421,0
20250417,200000,6628,6691,6620,6677,75456,0
20250417,210000,6677,6699.5,6662.5,6692,73525,0
20250417,220000,6692.5,6693.5,6673,6688.5,14396,0
20250417,230000,6688,6720,6684,6719,30601,0
20250418,070000,6675.5,6685.5,6637.5,6645,34438,0
20250418,080000,6645,6675.5,6641.5,6671,6683,0
20250418,090000,6669.5,6699.5,6669.5,6670.5,26419,0
20250418,100000,6670.5,6695,6655,6674,59897,0
20250418,110000,6673.5,6675,6620.5,6635,53628,0
20250418,120000,6635,6645,6568.5,6568.5,64892,0
20250418,130000,6568.5,6583,6501,6534,121317,0
20250418,140000,6531.5,6562,6500,6552,74945,0
20250418,150000,6552,6570,6513,6516,46407,0
20250418,160000,6516.5,6611,6514,6595,94198,0
20250418,170000,6595.5,6619.5,6569.5,6599.5,40513,0
20250418,180000,6599,6645.5,6598.5,6628,38042,0
20250418,190000,6627.5,6687,6609.5,6676,34251,0
20250418,200000,6675.5,6676,6612,6620.5,19303,0
20250418,210000,6620,6640,6612,6630.5,7834,0
20250418,220000,6630.5,6640,6624.5,6631,9457,0
20250418,230000,6631,6639,6621.5,6629.5,8572,0
20250421,070000,6671,6674,6642,6652,14189,0
20250421,080000,6652.5,6680,6652,6675,12182,0
20250421,090000,6675,6675,6631.5,6643.5,29465,0
20250421,100000,6643,6661,6635,6645,42002,0
20250421,110000,6644.5,6667,6643.5,6664.5,30520,0
20250421,120000,6664.5,6679,6655,6655,54958,0
20250421,130000,6656,6707.5,6654.5,6700,47072,0
20250421,140000,6699.5,6765,6699.5,6745.5,70554,0
20250421,150000,6745.5,6757.5,6722,6741.5,41912,0
20250421,160000,6742,6747,6685,6688.5,49630,0
20250421,170000,6688.5,6728,6688,6726,36861,0
20250421,180000,6726,6730,6713,6730,18827,0
20250421,190000,6742,6759.5,6732,6755.5,36244,0
20250421,200000,6755.5,6756,6725.5,6728.5,11349,0
20250421,210000,6728.5,6742.5,6724.5,6742,8287,0
20250421,220000,6742,6750,6730,6734.5,7606,0
20250421,230000,6734.5,6747,6726.5,6732.5,9309,0
20250422,070000,6745,6774.5,6743,6763,19423,0
20250422,080000,6762.5,6763,6751.5,6762.5,6841,0
20250422,090000,6761,6762,6734,6756.5,16366,0
20250422,100000,6757,6760,6710,6718.5,61761,0
20250422,110000,6718.5,6726,6690,6709.5,50678,0
20250422,120000,6710,6723.5,6690,6694,46751,0
20250422,130000,6694,6714,6690,6702,34763,0
20250422,140000,6701,6707,6672,6682.5,52257,0
20250422,150000,6682,6699.5,6682,6691,32316,0
20250422,160000,6691.5,6749.5,6689.5,6744,86188,0
20250422,170000,6744.5,6754.5,6733,6743,41970,0
20250422,180000,6743,6759.5,6732,6759.5,46714,0
20250422,190000,6759,6784,6752.5,6767,51158,0
20250422,200000,6765,6823,6744,6799,80699,0
20250422,210000,6799,6825,6773.5,6786,75910,0
20250422,220000,6785.5,6789,6770.5,6776,24492,0
20250422,230000,6776,6778,6754.5,6764,13635,0
20250423,070000,6777,6789,6765,6767,13364,0
20250423,080000,6768,6769,6729,6735,21500,0
20250423,090000,6737.5,6738.5,6678,6712,69210,0
20250423,100000,6711.5,6713.5,6683,6700,96384,0
20250423,110000,6700,6738,6696,6732,53941,0
20250423,120000,6731,6757.5,6714.5,6747,74923,0
20250423,130000,6746.5,6784,6744,6774.5,48560,0
20250423,140000,6774,6783,6763,6763,30830,0
20250423,150000,6763,6763.5,6725.5,6753,37794,0
20250423,160000,6753.5,6775,6725,6747,32287,0
20250423,170000,6745,6760,6715.5,6758,30168,0
20250423,180000,6757.5,6769,6743,6748,24100,0
20250423,190000,6753.5,6779,6711,6751,40291,0
20250423,200000,6751,6770,6737.5,6742,19798,0
20250423,210000,6741.5,6750.5,6722,6740,10735,0
20250423,220000,6740,6744,6727.5,6733,4586,0
20250423,230000,6731,6743,6727,6743,8923,0
20250424,070000,6746,6779.5,6735,6760.5,12542,0
20250424,080000,6760.5,6775,6756,6765,13090,0
20250424,090000,6765.5,6772.5,6761,6765,11185,0
20250424,100000,6765,6772,6743.5,6765,35918,0
20250424,110000,6764.5,6786.5,6751.5,6786.5,30646,0
20250424,120000,6786.5,6800,6781,6792.5,32511,0
20250424,130000,6792,6796,6781,6788,15723,0
20250424,140000,6788.5,6789,6771.5,6772.5,27825,0
20250424,150000,6772.5,6784,6759,6765,35198,0
20250424,160000,6765,6771.5,6722,6736,53711,0
20250424,170000,6736,6738,6700,6721.5,69032,0
20250424,180000,6721.5,6739,6706.5,6713,19215,0
20250424,190000,6713,6745,6706.5,6740,13244,0
20250424,200000,6740,6740,6693.5,6707,22346,0
20250424,210000,6707.5,6714.5,6680.5,6697.5,30778,0
20250424,220000,6697.5,6709.5,6680,6701,13254,0
20250424,230000,6701,6703,6683.5,6683.5,8084,0
20250425,070000,6693.5,6727,6693,6719,11778,0
20250425,080000,6719,6728.5,6718.5,6727,7538,0
20250425,090000,6726.5,6736,6713,6733.5,27346,0
20250425,100000,6733,6753,6721.5,6745.5,36287,0
20250425,110000,6745.5,6759.5,6741.5,6750,26331,0
20250425,120000,6750.5,6804.5,6747,6796,102053,0
20250425,130000,6796.5,6815,6748.5,6772,106126,0
20250425,140000,6773.5,6803,6773,6794,44465,0
20250425,150000,6793.5,6811,6787,6808,34741,0
20250425,160000,6809,6809,6779.5,6788.5,31163,0
20250425,170000,6789,6814.5,6786,6804,44576,0
20250425,180000,6804.5,6875,6790.5,6875,133263,0
20250425,190000,6875,6875,6842,6862.5,25609,0
20250425,200000,6862.5,6867.5,6834,6840,15247,0
20250425,210000,6838.5,6865,6838,6860.5,7005,0
20250425,220000,6860.5,6866.5,6851,6859,15476,0
20250425,230000,6859,6865,6855.5,6856.5,16401,0
20250426,090000,6878,6878,6878,6878,348,0
20250426,100000,6878,6912.5,6878,6906,16243,0
20250426,110000,6909.5,6963,6905,6955.5,34504,0
20250426,120000,6959,6959,6926,6942,13683,0
20250426,130000,6942,6950,6932.5,6935.5,6200,0
20250426,140000,6938,6943.5,6928,6936.5,4632,0
20250426,150000,6936,6945,6930,6937,4111,0
20250426,160000,6937,6937,6892,6903,19082,0
20250426,170000,6903,6919.5,6890.5,6907,10138,0
20250426,180000,6907.5,6916,6900,6904,6033,0
20250427,090000,6924.5,6924.5,6924.5,6924.5,190,0
20250427,100000,6925,6939.5,6921.5,6931,8148,0
20250427,110000,6930.5,6932,6925,6928,3740,0
20250427,120000,6928,6928,6925.5,6926.5,1985,0
20250427,130000,6927.5,6928,6920.5,6926.5,2402,0
20250427,140000,6925,6926.5,6909,6918,3522,0
20250427,150000,6918,6920,6912.5,6918,2004,0
20250427,160000,6918,6918.5,6914,6914,2067,0
20250427,170000,6914,6918.5,6901,6912,4364,0
20250427,180000,6912,6918,6902.5,6914,5213,0
20250428,070000,6912.5,6936,6883.5,6898.5,34334,0
20250428,080000,6899.5,6907.5,6875,6880,10109,0
20250428,090000,6879.5,6879.5,6850,6860,46365,0
20250428,100000,6861.5,6864,6831,6860.5,68336,0
20250428,110000,6860.5,6875,6844,6845.5,33068,0
20250428,120000,6845,6872.5,6845,6845,22181,0
20250428,130000,6845,6856.5,6830.5,6831.5,53475,0
20250428,140000,6832,6958.5,6830,6921,154421,0
20250428,150000,6921.5,6938.5,6891,6905.5,52634,0
20250428,160000,6905,6908,6884,6894,28371,0
20250428,170000,6894,6907,6893.5,6895.5,13380,0
20250428,180000,6897,6909,6895,6909,22321,0
20250428,190000,6905.5,6909,6890,6892,6201,0
20250428,200000,6892.5,6892.5,6831.5,6858,33666,0
20250428,210000,6858,6859.5,6807,6809,23601,0
20250428,220000,6810,6840,6805,6831.5,21731,0
20250428,230000,6830.5,6836.5,6825.5,6827,3341,0
20250429,070000,6832,6868,6829.5,6858.5,7548,0
20250429,080000,6858.5,6860,6841,6849.5,7150,0
20250429,090000,6847.5,6848,6813.5,6823.5,21996,0
20250429,100000,6823.5,6823.5,6807,6814.5,33384,0
20250429,110000,6814.5,6842.5,6808,6830,24706,0
20250429,120000,6830,6833.5,6801.5,6818.5,39609,0
20250429,130000,6818.5,6818.5,6791.5,6794.5,38157,0
20250429,140000,6794.5,6803,6770,6799,46434,0
20250429,150000,6799,6807.5,6783.5,6795,16446,0
20250429,160000,6795,6824,6789.5,6806,21449,0
20250429,170000,6806,6816,6787,6790.5,25386,0
20250429,180000,6790.5,6794,6760,6760,36219,0
20250429,190000,6760.5,6784.5,6700,6714,50971,0
20250429,200000,6714,6735,6700.5,6728.5,24932,0
20250429,210000,6727.5,6740.5,6718.5,6718.5,12208,0
20250429,220000,6718.5,6736,6715,6727.5,6715,0
20250429,230000,6727,6735.5,6725,6725,5729,0
20250430,070000,6725,6737,6665.5,6672.5,16562,0
20250430,080000,6672.5,6728.5,6659.5,6725.5,16280,0
20250430,090000,6725.5,6763,6722,6736.5,24815,0
20250430,100000,6737,6737.5,6675,6701.5,46161,0
20250430,110000,6701,6705,6608,6610,78597,0
20250430,120000,6610,6639,6595,6636,61348,0
20250430,130000,6635.5,6657.5,6630.5,6639.5,47522,0
20250430,140000,6637,6699,6637,6688.5,40130,0
20250430,150000,6687.5,6739.5,6662,6668,89228,0
20250430,160000,6670.5,6694.5,6638.5,6638.5,32405,0
20250430,170000,6638,6680,6620,6665.5,95099,0
20250430,180000,6666,6674,6645,6665,21749,0
20250430,190000,6647,6654,6601,6608,44977,0
20250430,200000,6606.5,6646.5,6602,6635.5,16179,0
20250430,210000,6637,6649.5,6622,6634.5,11066,0
20250430,220000,6635,6718,6635,6708,27560,0
20250430,230000,6707,6709.5,6675,6684,17160,0
20250502,070000,6687.5,6703.5,6641,6641.5,6998,0
20250502,080000,6641.5,6662.5,6641.5,6648.5,7106,0
20250502,090000,6648.5,6648.5,6606.5,6618.5,25446,0
20250502,100000,6616.5,6624.5,6580,6584,48311,0
20250502,110000,6584,6626,6571.5,6598,37513,0
20250502,120000,6597.5,6608,6575,6594,21664,0
20250502,130000,6593.5,6604.5,6586.5,6595,13426,0
20250502,140000,6595.5,6631.5,6586.5,6600.5,32240,0
20250502,150000,6601.5,6622,6588,6605.5,16571,0
20250502,160000,6605.5,6610,6592,6596,13354,0
20250502,170000,6595,6608.5,6580,6581.5,22116,0
20250502,180000,6581.5,6582.5,6539,6540,39097,0
20250502,190000,6540,6551,6530,6534.5,24745,0
20250502,200000,6534.5,6536,6507,6511,30816,0
20250502,210000,6511,6545,6505,6528.5,13953,0
20250502,220000,6529.5,6532,6503,6510.5,8047,0
20250502,230000,6510.5,6512.5,6485,6504,27225,0
20250503,090000,6504,6504,6504,6504,299,0
20250503,100000,6506,6531,6480,6522.5,11564,0
20250503,110000,6522.5,6528,6515.5,6528,4137,0
20250503,120000,6528,6528.5,6526,6527,2104,0
20250503,130000,6527,6527,6515.5,6517.5,2086,0
20250503,140000,6520.5,6525,6517.5,6522,1022,0
20250503,150000,6524,6528,6521,6528,1289,0
20250503,160000,6528,6529,6513,6515,2329,0
20250503,170000,6515,6524,6513.5,6524,1185,0
20250503,180000,6523,6530,6518.5,6525,2737,0
20250504,090000,6525,6525,6525,6525,274,0
20250504,100000,6525.5,6527,6508,6527,3224,0
20250504,110000,6527,6564,6526.5,6558,5215,0
20250504,120000,6558,6566,6550,6558,5844,0
20250504,130000,6557,6559.5,6544.5,6558,6359,0
20250504,140000,6556,6574.5,6533,6554,14631,0
20250504,150000,6554.5,6557,6550,6556.5,2687,0
20250504,160000,6554,6558,6530,6539.5,4429,0
20250504,170000,6538,6546.5,6530.5,6542,2678,0
20250504,180000,6542,6555,6536.5,6544,3382,0
20250505,070000,6519,6545,6447.5,6474.5,58125,0
20250505,080000,6474.5,6504.5,6468.5,6477.5,16779,0
20250505,090000,6477,6483,6408,6429.5,49127,0
20250505,100000,6429,6468.5,6422,6424,93394,0
20250505,110000,6424.5,6433.5,6380,6383,94922,0
20250505,120000,6383.5,6401.5,6364.5,6371,69203,0
20250505,130000,6371,6394.5,6321.5,6336,88563,0
20250505,140000,6336,6358,6315.5,6349,52814,0
20250505,150000,6349,6366.5,6325,6346.5,37920,0
20250505,160000,6346.5,6362,6321.5,6325,40544,0
20250505,170000,6325.5,6334.5,6288,6312,120445,0
20250505,180000,6312,6324,6285,6300.5,80777,0
20250505,190000,6313,6330,6300.5,6323,28796,0
20250505,200000,6323.5,6349,6322,6346.5,26077,0
20250505,210000,6346.5,6349,6316,6330,22207,0
20250505,220000,6330.5,6345,6329.5,6335,9540,0
20250505,230000,6335,6341,6329.5,6335.5,14066,0
20250506,070000,6339,6373.5,6338.5,6370,21959,0
20250506,080000,6369.5,6379.5,6344,6347.5,15761,0
20250506,090000,6347,6347,6292.5,6305,60133,0
20250506,100000,6307,6385,6300.5,6353,93899,0
20250506,110000,6357.5,6386,6342.5,6362,44507,0
20250506,120000,6362,6399,6361.5,6382,58150,0
20250506,130000,6381.5,6384,6354,6354,39063,0
20250506,140000,6354,6399.5,6354,6395,43791,0
20250506,150000,6396,6431,6395,6427.5,44833,0
20250506,160000,6428,6449,6403,6411,56479,0
20250506,170000,6410.5,6450,6396.5,6422,53317,0
20250506,180000,6422,6450,6412,6425,42534,0
20250506,190000,6427.5,6449,6396,6407.5,26026,0
20250506,200000,6407.5,6428.5,6403.5,6425,22146,0
20250506,210000,6425,6447.5,6423,6432.5,14879,0
20250506,220000,6433,6462.5,6430.5,6433,27208,0
20250506,230000,6432,6445,6360.5,6373.5,33269,0
20250507,070000,6381,6429.5,6381,6428,12994,0
20250507,080000,6428,6444.5,6415.5,6428.5,10370,0
20250507,090000,6428.5,6428.5,6363,6369,30762,0
20250507,100000,6369,6409.5,6340,6396,58776,0
20250507,110000,6396,6459,6394,6458,54429,0
20250507,120000,6458.5,6465,6440,6452.5,62350,0
20250507,130000,6452,6473.5,6427,6446,48820,0
20250507,140000,6449.5,6454,6410,6432.5,55767,0
20250507,150000,6434,6458,6420.5,6450,52163,0
20250507,160000,6449.5,6457,6410,6410.5,60675,0
20250507,170000,6410.5,6494,6410.5,6464.5,76250,0
20250507,180000,6464,6470,6431,6448,35445,0
20250507,190000,6465,6497,6452.5,6469,35523,0
20250507,200000,6469,6477,6448,6451.5,18578,0
20250507,210000,6451,6460.5,6434,6454.5,11931,0
20250507,220000,6454,6464.5,6439,6446.5,6682,0
20250507,230000,6444.5,6470,6437,6458.5,9696,0
20250508,070000,6455,6500,6451,6493,14369,0
20250508,080000,6492.5,6520,6492.5,6511,17261,0
20250508,090000,6511,6536,6501.5,6520,27754,0
20250508,100000,6520.5,6529.5,6501,6517.5,35232,0
20250508,110000,6518.5,6528.5,6514,6523,12233,0
20250508,120000,6523,6534,6522.5,6532.5,17179,0
20250508,130000,6533,6533.5,6509.5,6513,13872,0
20250508,140000,6514,6521,6466.5,6468,26814,0
20250508,150000,6468.5,6489,6461,6488,18836,0
20250508,160000,6488,6530,6486.5,6511,33852,0
20250508,170000,6511,6526.5,6505,6516,10275,0
20250508,180000,6517,6517.5,6497,6512.5,7875,0
20250508,190000,6513,6522,6487.5,6511.5,10664,0
20250508,200000,6511,6530,6507,6527,10277,0
20250508,210000,6527,6527,6502,6514.5,4081,0
20250508,220000,6513,6528.5,6507.5,6519.5,9445,0
20250508,230000,6520,6535,6512,6535,15177,0
20250510,090000,6563,6563,6563,6563,418,0
20250510,100000,6564.5,6595,6563,6573,10774,0
20250510,110000,6573,6581,6573,6580,4340,0
20250510,120000,6580.5,6583,6570,6577.5,7013,0
20250510,130000,6579.5,6582,6570.5,6572,1779,0
20250510,140000,6573.5,6574,6566,6572,1597,0
20250510,150000,6572,6573.5,6568,6569.5,1518,0
20250510,160000,6571.5,6573.5,6567,6573,2315,0
20250510,170000,6573,6584.5,6568,6578.5,3853,0
20250510,180000,6583,6585,6560,6579.5,9376,0
20250511,090000,6630,6630,6630,6630,2080,0
20250511,100000,6630.5,6658,6625.5,6652.5,25015,0
20250511,110000,6652.5,6667,6645.5,6657,14202,0
20250511,120000,6654,6664,6645,6655,7241,0
20250511,130000,6656,6674.5,6650.5,6659.5,8070,0
20250511,140000,6659.5,6674,6655.5,6671,4799,0
20250511,150000,6670.5,6675,6644,6647,12050,0
20250511,160000,6647,6658.5,6635.5,6638.5,8416,0
20250511,170000,6638.5,6645,6626,6637,7052,0
20250511,180000,6636.5,6654,6636,6649.5,5207,0
20250512,070000,6670,6732.5,6655.5,6717.5,37075,0
20250512,080000,6721,6751.5,6717.5,6730,33351,0
20250512,090000,6728.5,6787,6717,6763,64076,0
20250512,100000,6763,6800,6760,6768.5,102994,0
20250512,110000,6769,6772,6714,6724,80224,0
20250512,120000,6724,6731.5,6685,6685,54985,0
20250512,130000,6685.5,6719,6675,6716,47688,0
20250512,140000,6716,6728,6706.5,6714,45543,0
20250512,150000,6714,6728.5,6707,6727,39414,0
20250512,160000,6727.5,6747.5,6687,6691,56449,0
20250512,170000,6690,6771.5,6688,6737,91667,0
20250512,180000,6737.5,6745,6718,6745,25105,0
20250512,190000,6743,6749.5,6735,6743,10229,0
20250512,200000,6743.5,6772,6742.5,6767,14228,0
20250512,210000,6766.5,6767,6743.5,6748.5,14272,0
20250512,220000,6749,6756,6748,6750,4860,0
20250512,230000,6749.5,6775,6744,6775,10924,0
20250513,070000,6775,6788,6750,6781,17015,0
20250513,080000,6781.5,6784,6767.5,6772,7624,0
20250513,090000,6771.5,6787,6758,6772,19051,0
20250513,100000,6771.5,6782,6755,6782,37615,0
20250513,110000,6782,6785,6738,6739.5,47109,0
20250513,120000,6739,6765,6725.5,6761,40277,0
20250513,130000,6760.5,6762,6745.5,6755,9814,0
20250513,140000,6756.5,6756.5,6726,6732.5,21541,0
20250513,150000,6732,6751.5,6704,6729.5,65707,0
20250513,160000,6730,6776.5,6730,6773.5,40693,0
20250513,170000,6773,6777.5,6755.5,6774,19273,0
20250513,180000,6774,6779.5,6763.5,6779.5,19405,0
20250513,190000,6780,6790,6760,6767.5,18432,0
20250513,200000,6767.5,6773,6757,6757,4822,0
20250513,210000,6756.5,6767.5,6754,6761.5,5217,0
20250513,220000,6763,6779,6760,6775,5874,0
20250513,230000,6775,6776.5,6765.5,6773,5310,0
20250514,070000,6780,6782,6761,6763,5476,0
20250514,080000,6763,6769,6756,6767.5,3830,0
20250514,090000,6767,6772,6742.5,6759.5,12260,0
20250514,100000,6759.5,6769,6735.5,6757,34949,0
20250514,110000,6757,6773.5,6733,6755,43159,0
20250514,120000,6754,6759,6750,6757,9957,0
20250514,130000,6757.5,6759,6742,6747,13616,0
20250514,140000,6747,6767,6743,6766.5,27573,0
20250514,150000,6766,6786,6762,6785,25977,0
20250514,160000,6785,6840,6776,6792,64494,0
20250514,170000,6791.5,6797.5,6775,6775,24653,0
20250514,180000,6775,6796.5,6765,6765,19993,0
20250514,190000,6766,6782,6758,6760.5,16690,0
20250514,200000,6763,6787,6760.5,6778,6110,0
20250514,210000,6777,6782,6744,6763.5,19009,0
20250514,220000,6763.5,6774,6680.5,6706,38533,0
20250514,230000,6706,6720,6660,6699.5,52267,0
20250515,070000,6680,6725,6651,6717,24495,0
20250515,080000,6717,6723,6711,6717.5,6266,0
20250515,090000,6718.5,6732.5,6685.5,6693,25299,0
20250515,100000,6692.5,6694,6601,6612,79015,0
20250515,110000,6612,6641,6605,6625.5,35897,0
20250515,120000,6625,6627,6561,6582,76789,0
20250515,130000,6582,6623.5,6565,6615,65168,0
20250515,140000,6615,6637.5,6596.5,6614,66118,0
20250515,150000,6613.5,6621,6576.5,6602,60962,0
20250515,160000,6601.5,6609,6540.5,6570.5,118885,0
20250515,170000,6571.5,6604.5,6561,6586.5,55742,0
20250515,180000,6586.5,6590,6562,6584,23635,0
20250515,190000,6586,6600,6568.5,6587,18340,0
20250515,200000,6586.5,6603.5,6577.5,6603.5,11940,0
20250515,210000,6604,6613.5,6593,6608,11668,0
20250515,220000,6606,6607,6596,6597,10616,0
20250515,230000,6596.5,6612.5,6596,6612,9458,0
20250516,070000,6611.5,6634,6610.5,6613.5,12873,0
20250516,080000,6612,6626,6608,6620.5,4686,0
20250516,090000,6620.5,6620.5,6582,6587.5,17693,0
20250516,100000,6588.5,6614.5,6576,6602.5,24419,0
20250516,110000,6602.5,6608,6595,6595.5,24735,0
20250516,120000,6595,6598.5,6575,6596.5,24781,0
20250516,130000,6597.5,6598.5,6575,6575.5,36264,0
20250516,140000,6576,6630,6552,6600,62950,0
20250516,150000,6600,6612,6506,6510,134716,0
20250516,160000,6509.5,6689,6491,6618.5,215897,0
20250516,170000,6618.5,6644,6593.5,6600,85852,0
20250516,180000,6602.5,6618,6590,6590,32863,0
20250516,190000,6596,6616.5,6580,6604,21524,0
20250516,200000,6606.5,6611.5,6595,6599,10428,0
20250516,210000,6598.5,6611,6593,6600,10174,0
20250516,220000,6600,6608,6596.5,6606.5,6036,0
20250516,230000,6606,6609.5,6597,6605,9334,0
20250517,090000,6620,6620,6620,6620,85,0
20250517,100000,6620,6630,6611.5,6629,5757,0
20250517,110000,6630,6630,6616,6619,6353,0
20250517,120000,6622.5,6625.5,6617.5,6624,1663,0
20250517,130000,6624,6629.5,6620,6624,3283,0
20250517,140000,6623.5,6628,6620,6622,1942,0
20250517,150000,6621,6627,6620,6625.5,1301,0
20250517,160000,6623.5,6630,6621.5,6627.5,1692,0
20250517,170000,6625.5,6637.5,6622.5,6637.5,3654,0
20250517,180000,6638,6680,6634.5,6669.5,27597,0
20250518,090000,6704.5,6704.5,6704.5,6704.5,606,0
20250518,100000,6704.5,6724,6689.5,6715,17504,0
20250518,110000,6715.5,6723,6715,6719,7990,0
20250518,120000,6719,6730.5,6717.5,6723.5,9377,0
20250518,130000,6723.5,6725,6716,6721,5346,0
20250518,140000,6723.5,6731,6721.5,6726.5,4759,0
20250518,150000,6725,6727.5,6715,6721.5,7232,0
20250518,160000,6720,6725,6711,6725,12343,0
20250518,170000,6723,6727,6719.5,6723,5137,0
20250518,180000,6723,6740,6719.5,6731.5,16159,0
20250519,070000,6731,6731,6692,6703.5,15377,0
20250519,080000,6703.5,6709,6700,6706,5066,0
20250519,090000,6706,6707.5,6671,6681,44374,0
20250519,100000,6680.5,6690,6636,6646.5,61574,0
20250519,110000,6646,6671.5,6642,6664,39035,0
20250519,120000,6664.5,6674,6658,6666,33153,0
20250519,130000,6666,6672,6660,6666,14174,0
20250519,140000,6666,6695.5,6665,6690.5,24536,0
20250519,150000,6690.5,6696,6674,6682,20828,0
20250519,160000,6681.5,6692.5,6656.5,6665.5,35272,0
20250519,170000,6665.5,6676,6636,6654.5,44284,0
20250519,180000,6654.5,6694.5,6654,6677.5,25929,0
20250519,190000,6663,6722,6650,6672.5,91761,0
20250519,200000,6670,6684.5,6625,6630,59490,0
20250519,210000,6631.5,6658.5,6625.5,6637.5,25332,0
20250519,220000,6637.5,6647,6626,6639.5,10375,0
20250519,230000,6639,6639.5,6615,6636.5,17708,0
20250520,070000,6644.5,6667.5,6636.5,6645.5,12138,0
20250520,080000,6646,6662,6645,6657.5,3939,0
20250520,090000,6658,6658,6628,6639.5,14174,0
20250520,100000,6639.5,6641,6602.5,6620,53400,0
20250520,110000,6620,6639,6615.5,6622.5,29161,0
20250520,120000,6622,6637.5,6608.5,6632.5,34628,0
20250520,130000,6632,6634,6606.5,6620,20384,0
20250520,140000,6620,6637.5,6615,6625.5,12835,0
20250520,150000,6625.5,6637,6616,6623.5,17130,0
20250520,160000,6623.5,6631.5,6614,6619,16034,0
20250520,170000,6618.5,6622,6606,6613,13779,0
20250520,180000,6613,6615.5,6561.5,6561.5,57718,0
20250520,190000,6568,6582.5,6562,6570.5,27994,0
20250520,200000,6570.5,6583,6569.5,6583,6469,0
20250520,210000,6582,6583,6571,6576.5,3753,0
20250520,220000,6576.5,6580.5,6571,6579.5,4104,0
20250520,230000,6579,6587.5,6575.5,6584,4754,0
20250521,070000,6594,6613.5,6591.5,6611,8020,0
20250521,080000,6611,6622,6592,6604.5,11823,0
20250521,090000,6604.5,6605,6580.5,6589,23953,0
20250521,100000,6590,6611,6588.5,6595.5,42074,0
20250521,110000,6595,6611,6590.5,6593.5,32706,0
20250521,120000,6593.5,6600,6575,6599,20272,0
20250521,130000,6599,6609.5,6598.5,6600,16220,0
20250521,140000,6600.5,6670,6599.5,6646.5,52952,0
20250521,150000,6646.5,6661,6645,6646.5,37137,0
20250521,160000,6646,6657.5,6632.5,6639.5,23776,0
20250521,170000,6637.5,6637.5,6610,6624,31384,0
20250521,180000,6624.5,6628,6582,6592,40447,0
20250521,190000,6597,6613.5,6590.5,6597,13032,0
20250521,200000,6597,6607,6585,6592.5,7398,0
20250521,210000,6591,6599.5,6590,6598.5,4728,0
20250521,220000,6597,6600,6588,6595,4863,0
20250521,230000,6596,6609.5,6594.5,6604.5,3973,0
20250522,070000,6608,6617,6600.5,6606,5058,0
20250522,080000,6606,6607,6591,6597,7558,0
20250522,090000,6597,6606,6561,6583,37700,0
20250522,100000,6580.5,6580.5,6506,6507.5,80825,0
20250522,110000,6507.5,6520,6501.5,6507.5,76055,0
20250522,120000,6507.5,6519.5,6470,6505,72986,0
20250522,130000,6504,6518,6491,6508,31014,0
20250522,140000,6508,6520,6506.5,6506.5,28145,0
20250522,150000,6507,6544,6470,6508,119787,0
20250522,160000,6511,6526,6476.5,6517,66312,0
20250522,170000,6516.5,6595.5,6513,6555,78021,0
20250522,180000,6557,6571,6551.5,6551.5,30286,0
20250522,190000,6551.5,6554.5,6520,6549,34994,0
20250522,200000,6549,6551,6530,6533.5,8252,0
20250522,210000,6534,6537.5,6523,6526.5,7492,0
20250522,220000,6526,6539,6523,6537,5009,0
20250522,230000,6537,6540,6526,6528,11483,0
20250523,070000,6505,6531,6482.5,6528,18812,0
20250523,080000,6528.5,6551.5,6523.5,6525,15878,0
20250523,090000,6526.5,6541.5,6504.5,6533.5,17996,0
20250523,100000,6533,6550,6512.5,6539,26050,0
20250523,110000,6539.5,6555,6526,6530.5,19096,0
20250523,120000,6530.5,6556,6529,6539,22730,0
20250523,130000,6540,6558.5,6527,6551,18339,0
20250523,140000,6549.5,6561.5,6506,6507,48288,0
20250523,150000,6507,6526,6499,6504.5,42000,0
20250523,160000,6504.5,6519,6500.5,6515.5,16128,0
20250523,170000,6515,6546.5,6515,6521.5,28925,0
20250523,180000,6522,6544,6511.5,6530,17256,0
20250523,190000,6530.5,6543,6527.5,6537,7675,0
20250523,200000,6536.5,6540.5,6531,6532.5,5459,0
20250523,210000,6532.5,6543,6531.5,6541.5,6875,0
20250523,220000,6541.5,6548.5,6541.5,6548.5,5036,0
20250523,230000,6548.5,6553.5,6543.5,6550,7347,0
20250526,070000,6558,6569,6516,6522.5,31384,0
20250526,080000,6525,6551.5,6522,6533.5,17041,0
20250526,090000,6534.5,6550,6527.5,6539,23336,0
20250526,100000,6539,6541,6522,6532,46322,0
20250526,110000,6531.5,6540,6505,6507,38994,0
20250526,120000,6507,6520,6475,6475,67610,0
20250526,130000,6475.5,6496,6460,6482,57979,0
20250526,140000,6482,6486.5,6440.5,6446.5,58856,0
20250526,150000,6446.5,6472,6424.5,6434,70040,0
20250526,160000,6433,6449,6430,6432.5,49078,0
20250526,170000,6432.5,6434.5,6406,6414,59910,0
20250526,180000,6416.5,6427,6400,6402,32695,0
20250526,190000,6403,6415,6400,6413.5,19496,0
20250526,200000,6413.5,6434.5,6411,6423,14985,0
20250526,210000,6423,6434.5,6423,6434.5,9530,0
20250526,220000,6434.5,6447.5,6432,6446,13421,0
20250526,230000,6447,6459,6425,6440,13857,0
20250527,070000,6438,6440,6371.5,6390,40442,0
20250527,080000,6390,6420,6373,6397.5,35553,0
20250527,090000,6398.5,6483.5,6397.5,6467.5,43567,0
20250527,100000,6467.5,6469,6440,6458.5,38823,0
20250527,110000,6458.5,6471,6440,6460.5,28461,0
20250527,120000,6460,6474,6445,6461,35738,0
20250527,130000,6461.5,6498,6453.5,6474.5,34158,0
20250527,140000,6475,6493,6462,6485.5,25478,0
20250527,150000,6485.5,6492.5,6453,6453.5,31487,0
20250527,160000,6453,6453.5,6415,6438,43149,0
20250527,170000,6438.5,6468,6437,6454.5,27021,0
20250527,180000,6455,6489,6455,6470,37230,0
20250527,190000,6476.5,6485.5,6464,6485,12901,0
20250527,200000,6485,6485,6470,6478.5,10470,0
20250527,210000,6478.5,6484.5,6474.5,6484.5,9268,0
20250527,220000,6484.5,6491,6484,6487,7428,0
20250527,230000,6489.5,6490,6477,6486,7697,0
20250528,070000,6491,6528.5,6444,6517.5,58816,0
20250528,080000,6517.5,6519,6507,6516,10792,0
20250528,090000,6513.5,6525,6497,6518,24618,0
20250528,100000,6516,6575.5,6508,6565,87603,0
20250528,110000,6565,6600,6556,6565.5,72013,0
20250528,120000,6565.5,6600,6560.5,6588,48016,0
20250528,130000,6588,6596,6571,6577,38118,0
20250528,140000,6576,6588,6570,6570,54908,0
20250528,150000,6570.5,6600,6570,6592.5,57715,0
20250528,160000,6592.5,6619,6589,6612,51136,0
20250528,170000,6612.5,6629.5,6602,6620.5,55776,0
20250528,180000,6620.5,6626,6577.5,6600.5,40120,0
20250528,190000,6600.5,6687,6600.5,6665,73879,0
20250528,200000,6665,6667,6641,6657,16979,0
20250528,210000,6657,6678.5,6654,6667.5,24010,0
20250528,220000,6667.5,6678,6659.5,6674.5,15966,0
20250528,230000,6674.5,6686.5,6670.5,6686,11531,0
20250529,070000,6695.5,6775,6690.5,6767.5,62559,0
20250529,080000,6769,6815,6760,6767.5,73552,0
20250529,090000,6769,6773.5,6727.5,6733.5,62916,0
20250529,100000,6733,6744,6702.5,6708,122089,0
20250529,110000,6708,6737,6701,6725,51205,0
20250529,120000,6728,6730,6710,6715,32568,0
20250529,130000,6714,6767,6713,6760,72204,0
20250529,140000,6760,6762.5,6742,6758,37008,0
20250529,150000,6758,6760.5,6714.5,6730,62014,0
20250529,160000,6729.5,6734,6682,6694.5,108872,0
20250529,170000,6693.5,6735,6680,6716,52102,0
20250529,180000,6716,6730,6696,6700.5,20749,0
20250529,190000,6700.5,6708.5,6650,6694.5,46533,0
20250529,200000,6694,6695,6666,6678.5,20897,0
20250529,210000,6678.5,6681,6671,6681,11472,0
20250529,220000,6681,6681.5,6671,6679,12247,0
20250529,230000,6680,6681,6673,6680.5,9139,0
20250530,070000,6681,6720.5,6651,6717,29286,0
20250530,080000,6717,6733,6687.5,6717.5,29189,0
20250530,090000,6719,6753,6713,6741,37029,0
20250530,100000,6741,6741,6702,6704.5,54559,0
20250530,110000,6704.5,6715.5,6683,6703.5,48136,0
20250530,120000,6704,6747,6703.5,6733,75627,0
20250530,130000,6733.5,6749,6733.5,6741,46421,0
20250530,140000,6743,6748.5,6725.5,6726,60716,0
20250530,150000,6726,6739.5,6700.5,6718.5,148450,0
20250530,160000,6718.5,6730.5,6715,6724.5,49362,0
20250530,170000,6724.5,6742.5,6721,6732,50693,0
20250530,180000,6731.5,6745,6730.5,6738,33284,0
20250530,190000,6741,6749.5,6737.5,6744,18499,0
20250530,200000,6744.5,6745,6736.5,6744.5,14125,0
20250530,210000,6744.5,6764,6740.5,6751.5,30587,0
20250530,220000,6751.5,6753.5,6743.5,6750,8953,0
20250530,230000,6748.5,6759,6735,6749,20762,0
20250531,090000,6761.5,6761.5,6761.5,6761.5,79,0
20250531,100000,6762,6793,6761.5,6790,13242,0
20250531,110000,6790,6792.5,6783,6792,6828,0
20250531,120000,6792,6800,6792,6796.5,17020,0
20250531,130000,6796.5,6800,6785,6792,12531,0
20250531,140000,6790,6798.5,6787.5,6790,5733,0
20250531,150000,6789.5,6790.5,6781.5,6783,7172,0
20250531,160000,6783,6785,6767,6784.5,9635,0
20250531,170000,6783.5,6789,6781,6788,2115,0
20250531,180000,6788,6788.5,6777.5,6784.5,5951,0
20250601,090000,6784.5,6784.5,6784.5,6784.5,2001,0
20250601,100000,6785,6788.5,6758,6760,15281,0
20250601,110000,6758.5,6775,6750,6770,11108,0
20250601,120000,6770,6773.5,6755.5,6764.5,6432,0
20250601,130000,6765,6766,6752,6758,9821,0
20250601,140000,6757.5,6762.5,6690,6714.5,71160,0
20250601,150000,6715,6718,6673,6704,55352,0
20250601,160000,6704,6737,6704,6727.5,26087,0
20250601,170000,6726.5,6732.5,6702,6715,11390,0
20250601,180000,6715,6734,6713,6718,18857,0
20250602,070000,6720,6785.5,6701.5,6784,50863,0
20250602,080000,6784.5,6785,6760,6772.5,19469,0
20250602,090000,6772,6799,6756,6795,70515,0
20250602,100000,6795,6795.5,6770,6770,85468,0
20250602,110000,6770,6772,6744.5,6759.5,62821,0
20250602,120000,6759.5,6764.5,6751,6756,55309,0
20250602,130000,6755.5,6760,6720.5,6731.5,98524,0
20250602,140000,6732,6735,6690,6726.5,105834,0
20250602,150000,6725,6740,6690.5,6694.5,112017,0
20250602,160000,6694.5,6753,6690,6725.5,104473,0
20250602,170000,6725.5,6770,6725,6766,116653,0
20250602,180000,6764.5,6768.5,6746,6766,132188,0
20250602,190000,6762.5,6784,6755,6782,62941,0
20250602,200000,6783.5,6788,6763,6775,64320,0
20250602,210000,6776.5,6794,6770.5,6786,57801,0
20250602,220000,6785.5,6810,6784.5,6802.5,96344,0
20250602,230000,6803,6834,6802.5,6834,117714,0
20250603,070000,6360,6497.5,6350,6470,487528,0
20250603,080000,6470,6482.5,6437,6446,100541,0
20250603,090000,6444.5,6464.5,6415.5,6463,203910,0
20250603,100000,6463,6473,6441.5,6460,171744,0
20250603,110000,6460,6460,6441.5,6444.5,89225,0
20250603,120000,6445,6452,6418,6423.5,131650,0
20250603,130000,6423,6428.5,6410,6423,93503,0
20250603,140000,6423.5,6455,6423,6441.5,99271,0
20250603,150000,6440.5,6449.5,6426,6434,59516,0
20250603,160000,6434,6448.5,6420.5,6444.5,54377,0
20250603,170000,6443.5,6448.5,6435,6444,40432,0
20250603,180000,6445,6447.5,6440,6440,54253,0
20250603,190000,6440,6448,6440,6447,40887,0
20250603,200000,6447,6477,6446,6465,65330,0
20250603,210000,6464.5,6478,6463.5,6476,29933,0
20250603,220000,6475.5,6476.5,6468,6472,21458,0
20250603,230000,6473,6474,6468,6473,21436,0
20250604,070000,6472,6487.5,6445,6465,52964,0
20250604,080000,6466.5,6467,6452,6461.5,8342,0
20250604,090000,6461,6480,6455,6480,24136,0
20250604,100000,6479.5,6486,6468.5,6477.5,81598,0
20250604,110000,6477,6480.5,6471,6474,37003,0
20250604,120000,6474,6480.5,6470,6477.5,42924,0
20250604,130000,6477.5,6482.5,6472,6472,40026,0
20250604,140000,6472.5,6479.5,6470.5,6474.5,37643,0
20250604,150000,6475.5,6480.5,6459,6461.5,78510,0
20250604,160000,6462,6471,6451.5,6458,75664,0
20250604,170000,6458.5,6467,6424,6455,107312,0
20250604,180000,6454.5,6455,6422,6443,37549,0
20250604,190000,6445,6460,6430.5,6454,36428,0
20250604,200000,6453.5,6464.5,6446,6453,14185,0
20250604,210000,6453,6453,6439.5,6442,9517,0
20250604,220000,6440,6443.5,6426,6428,12914,0
20250604,230000,6428,6436,6427.5,6431.5,6979,0
20250605,070000,6449,6464,6440,6461.5,20950,0
20250605,080000,6461.5,6462,6450,6455,6323,0
20250605,090000,6454,6460,6450,6457.5,15652,0
20250605,100000,6456.5,6459.5,6441,6446.5,37529,0
20250605,110000,6446,6455,6437.5,6454.5,29981,0
20250605,120000,6455,6465,6450,6455,37198,0
20250605,130000,6454.5,6470,6452.5,6463,33138,0
20250605,140000,6464,6472,6450.5,6461.5,53040,0
20250605,150000,6461.5,6467,6450,6450,31505,0
20250605,160000,6450,6463.5,6445.5,6458.5,33130,0
20250605,170000,6459,6468,6459,6462,30325,0
20250605,180000,6462.5,6470,6455.5,6469.5,31066,0
20250605,190000,6469.5,6469.5,6444,6453,23167,0
20250605,200000,6453,6455,6444,6451.5,14056,0
20250605,210000,6451,6451,6443.5,6447.5,7654,0
20250605,220000,6447.5,6451,6445,6450.5,9823,0
20250605,230000,6451,6460.5,6448.5,6453,8686,0
20250606,070000,6455.5,6467.5,6455.5,6464.5,7704,0
20250606,080000,6465,6466.5,6460,6462,4765,0
20250606,090000,6461.5,6463.5,6456,6462.5,13915,0
20250606,100000,6461,6500,6454,6497,106392,0
20250606,110000,6496.5,6500,6472,6487,55766,0
20250606,120000,6488.5,6494,6450.5,6467.5,54157,0
20250606,130000,6467.5,6545,6450,6474,272656,0
20250606,140000,6473.5,6480,6425,6443,95954,0
20250606,150000,6443,6443,6382.5,6407.5,137392,0
20250606,160000,6408,6427,6393.5,6414.5,62197,0
20250606,170000,6414,6424,6336.5,6348,114905,0
20250606,180000,6349.5,6379,6330,6337.5,46702,0
20250606,190000,6338,6375,6336,6374.5,45785,0
20250606,200000,6373,6385,6351,6370,26295,0
20250606,210000,6368.5,6373,6355.5,6370,12151,0
20250606,220000,6371,6371,6340,6347,16415,0
20250606,230000,6345.5,6351.5,6337.5,6344.5,12681,0
20250607,090000,6345,6345,6345,6345,873,0
20250607,100000,6363.5,6383,6347,6370,11464,0
20250607,110000,6372.5,6374,6355,6364.5,7040,0
20250607,120000,6365,6366.5,6358,6365,1631,0
20250607,130000,6365.5,6377,6363.5,6376.5,2204,0
20250607,140000,6376,6376.5,6366.5,6368,2201,0
20250607,150000,6368,6370,6360.5,6369,2519,0
20250607,160000,6369,6369.5,6360,6369,1688,0
20250607,170000,6369,6371.5,6363.5,6368,2112,0
20250607,180000,6368,6370,6355.5,6362.5,3757,0
20250608,090000,6364,6364,6364,6364,26,0
20250608,100000,6365,6372.5,6359,6359.5,2374,0
20250608,110000,6359,6365,6359,6360.5,1026,0
20250608,120000,6361,6365,6357,6365,2134,0
20250608,130000,6364.5,6365,6345,6351.5,7345,0
20250608,140000,6349,6354,6342.5,6350,13914,0
20250608,150000,6350,6350,6334,6336,8827,0
20250608,160000,6334.5,6350,6334,6349.5,4014,0
20250608,170000,6349.5,6350,6343,6346.5,2118,0
20250608,180000,6346,6352,6337.5,6352,8303,0
20250609,070000,6349,6371,6318,6362,20992,0
20250609,080000,6362,6367.5,6340,6342,9876,0
20250609,090000,6343.5,6351.5,6308,6328.5,35125,0
20250609,100000,6328.5,6354.5,6312.5,6313.5,53860,0
20250609,110000,6314,6334.5,6295.5,6296.5,67780,0
20250609,120000,6296,6313.5,6276,6311,59932,0
20250609,130000,6311,6329.5,6294,6299,33381,0
20250609,140000,6299,6299,6243,6247.5,80252,0
20250609,150000,6247,6255,6221.5,6250.5,66564,0
20250609,160000,6250,6250.5,6225,6225.5,38575,0
20250609,170000,6225.5,6257,6225,6234,45227,0
20250609,180000,6233,6254.5,6233,6240,20086,0
20250609,190000,6241.5,6280,6241.5,6260,22207,0
20250609,200000,6260,6269.5,6259.5,6265,11754,0
20250609,210000,6264,6269,6250,6267,9461,0
20250609,220000,6267,6269.5,6252.5,6257,8175,0
20250609,230000,6255.5,6257,6245.5,6249,7655,0
20250610,070000,6272,6274,6261,6267.5,7789,0
20250610,080000,6267.5,6283,6263,6282.5,10324,0
20250610,090000,6282,6282.5,6253,6262,17862,0
20250610,100000,6262,6262,6214.5,6226,70950,0
20250610,110000,6225.5,6233,6170,6196,112510,0
20250610,120000,6195.5,6211,6183,6185,60012,0
20250610,130000,6184.5,6190,6151.5,6157,105130,0
20250610,140000,6157,6173.5,6156,6166.5,28133,0
20250610,150000,6167,6185,6161,6163,37963,0
20250610,160000,6162,6172,6138,6169,104950,0
20250610,170000,6169.5,6198,6162.5,6162.5,55278,0
20250610,180000,6163,6199.5,6159,6190,36926,0
20250610,190000,6198.5,6202,6186.5,6187.5,19183,0
20250610,200000,6187.5,6195,6185,6189,14038,0
20250610,210000,6189,6199.5,6188,6192,8473,0
20250610,220000,6191.5,6193,6185,6190,11608,0
20250610,230000,6189.5,6196,6188,6195.5,9910,0
20250611,070000,6196,6208.5,6188.5,6208.5,7277,0
20250611,080000,6207.5,6211,6167,6175,14865,0
20250611,090000,6175,6199.5,6163,6197.5,15714,0
20250611,100000,6197,6231.5,6190.5,6205,78161,0
20250611,110000,6204.5,6209.5,6186,6187,46282,0
20250611,120000,6187,6197,6162.5,6183.5,39108,0
20250611,130000,6183.5,6199.5,6178,6194.5,45673,0
20250611,140000,6192.5,6194,6170,6178.5,32972,0
20250611,150000,6178.5,6206,6173,6194,57278,0
20250611,160000,6194.5,6197.5,6175.5,6180,30165,0
20250611,170000,6180,6180,6145,6167,75855,0
20250611,180000,6167.5,6175,6160,6162.5,22008,0
20250611,190000,6170,6178,6155,6165,23737,0
20250611,200000,6165,6174,6153,6154.5,11197,0
20250611,210000,6154,6185.5,6152.5,6177,26226,0
20250611,220000,6177,6178,6166,6174.5,9467,0
20250611,230000,6175,6176.5,6164,6173.5,12642,0
20250613,070000,6291,6305,6255,6280,90950,0
20250613,080000,6280.5,6301,6279.5,6292.5,77827,0
20250613,090000,6293,6293,6227.5,6253.5,112711,0
20250613,100000,6254,6285,6251.5,6279,79385,0
20250613,110000,6279,6299,6276.5,6295,65315,0
20250613,120000,6295,6350,6291.5,6342,202220,0
20250613,130000,6341.5,6380,6340,6354,175748,0
20250613,140000,6355,6366,6321,6336.5,111453,0
20250613,150000,6338.5,6357,6323.5,6350.5,112703,0
20250613,160000,6351.5,6370,6340,6341,67473,0
20250613,170000,6342,6350,6323.5,6328,51835,0
20250613,180000,6329,6334,6304,6318,34242,0
20250613,190000,6319,6323,6306.5,6316,21639,0
20250613,200000,6316.5,6339,6315.5,6339,18672,0
20250613,210000,6339,6378,6334,6370,64982,0
20250613,220000,6370,6384,6360,6368.5,78986,0
20250613,230000,6369.5,6382,6365.5,6380,25574,0
20250614,090000,6414,6414,6414,6414,1161,0
20250614,100000,6414.5,6472.5,6405.5,6449,93326,0
20250614,110000,6446,6451,6441.5,6449,19717,0
20250614,120000,6449,6485,6449,6478.5,51496,0
20250614,130000,6479,6480,6463.5,6468.5,21974,0
20250614,140000,6469,6469,6454,6459,15861,0
20250614,150000,6459.5,6463.5,6450,6453.5,19968,0
20250614,160000,6453.5,6475,6450,6468,16348,0
20250614,170000,6467.5,6472.5,6457.5,6469,10514,0
20250614,180000,6469,6472,6456,6466,20110,0
20250615,090000,6535,6535,6535,6535,5706,0
20250615,100000,6535.5,6568.5,6350,6405.5,377528,0
20250615,110000,6409,6440,6388.5,6400,73058,0
20250615,120000,6397.5,6406,6376.5,6397.5,31174,0
20250615,130000,6397.5,6419.5,6392.5,6406,16088,0
20250615,140000,6405.5,6450,6405.5,6442,40156,0
20250615,150000,6442,6450,6420,6428.5,23173,0
20250615,160000,6428.5,6442.5,6417.5,6431,26977,0
20250615,170000,6431.5,6433.5,6414,6425.5,18718,0
20250615,180000,6423.5,6440,6422.5,6431,16708,0
20250616,070000,6429,6433,6381.5,6417,47748,0
20250616,080000,6416.5,6418,6402,6404,10681,0
20250616,090000,6403.5,6403.5,6351.5,6386,74674,0
20250616,100000,6386,6386,6316,6329,133189,0
20250616,110000,6330,6342.5,6318,6319,70553,0
20250616,120000,6318,6338.5,6317,6332,51167,0
20250616,130000,6332.5,6340,6305.5,6312.5,45401,0
20250616,140000,6313.5,6316,6295,6295.5,76595,0
20250616,150000,6297,6312,6281,6292,58914,0
20250616,160000,6292,6297.5,6261.5,6262.5,103317,0
20250616,170000,6262,6269,6250,6262,63743,0
20250616,180000,6262,6278.5,6255.5,6255.5,45283,0
20250616,190000,6260,6288,6252.5,6283.5,38414,0
20250616,200000,6283.5,6290,6269.5,6281.5,16620,0
20250616,210000,6281.5,6289.5,6272.5,6275,15486,0
20250616,220000,6274.5,6275,6262.5,6268,12715,0
20250616,230000,6268,6274.5,6260.5,6269,18751,0
20250617,070000,6274,6305,6269,6302,26530,0
20250617,080000,6301,6310,6291.5,6300.5,16587,0
20250617,090000,6300,6304.5,6255,6255,28344,0
20250617,100000,6255.5,6327,6238,6306,104152,0
20250617,110000,6307,6318,6280.5,6300,59561,0
20250617,120000,6300.5,6336.5,6300,6331.5,63323,0
20250617,130000,6331.5,6339,6310,6312.5,41480,0
20250617,140000,6312,6313,6301,6301,26147,0
20250617,150000,6302,6319,6301,6310,26561,0
20250617,160000,6309.5,6368,6308,6368,95257,0
20250617,170000,6368,6377.5,6354,6363,91773,0
20250617,180000,6362.5,6392,6354.5,6379.5,71103,0
20250617,190000,6379.5,6389,6370.5,6378,34949,0
20250617,200000,6378,6425,6376.5,6410.5,77814,0
20250617,210000,6410,6430,6405,6417.5,62222,0
20250617,220000,6417.5,6421.5,6371.5,6402.5,86024,0
20250617,230000,6403.5,6408.5,6393,6408,19160,0
20250618,070000,6420.5,6428,6398.5,6411,20322,0
20250618,080000,6410.5,6411.5,6385.5,6398,13318,0
20250618,090000,6397,6415,6390.5,6408.5,15751,0
20250618,100000,6408.5,6409,6350.5,6365.5,77890,0
20250618,110000,6364,6388,6354,6361.5,52171,0
20250618,120000,6362.5,6407,6356,6389,59693,0
20250618,130000,6389.5,6422.5,6386.5,6411,59237,0
20250618,140000,6411,6422,6401.5,6412.5,43398,0
20250618,150000,6412.5,6419,6400,6418,33300,0
20250618,160000,6417,6419,6388.5,6410.5,54743,0
20250618,170000,6410.5,6412.5,6368.5,6387,108530,0
20250618,180000,6387,6399.5,6383.5,6390.5,21190,0
20250618,190000,6393,6398.5,6377.5,6392,23541,0
20250618,200000,6392,6392,6379.5,6385.5,13008,0
20250618,210000,6385.5,6395,6379,6390,9862,0
20250618,220000,6390,6394,6380,6384.5,5871,0
20250618,230000,6384.5,6391.5,6382.5,6383.5,9793,0
20250619,070000,6385.5,6408,6381.5,6404,25855,0
20250619,080000,6404,6407,6397,6400.5,6633,0
20250619,090000,6400,6401.5,6392.5,6399,10316,0
20250619,100000,6400,6409,6372.5,6383,67352,0
20250619,110000,6383,6390,6373.5,6381.5,43495,0
20250619,120000,6381,6382,6358,6365.5,39513,0
20250619,130000,6365,6370.5,6351,6358.5,53603,0
20250619,140000,6357.5,6379,6356.5,6369,58107,0
20250619,150000,6371.5,6371.5,6311.5,6346.5,298127,0
20250619,160000,6345.5,6364,6344,6356.5,53739,0
20250619,170000,6356.5,6366,6335,6365,39659,0
20250619,180000,6364,6371,6350,6350,88628,0
20250619,190000,6354.5,6362.5,6347.5,6362,10920,0
20250619,200000,6362,6362.5,6340.5,6341.5,14455,0
20250619,210000,6340.5,6346.5,6335.5,6341.5,10370,0
20250619,220000,6342,6345.5,6340,6343,5452,0
20250619,230000,6342,6342.5,6335,6336,5702,0
20250620,070000,6326.5,6351.5,6306,6344,14496,0
20250620,080000,6345.5,6358.5,6340,6343,7922,0
20250620,090000,6342.5,6352.5,6327,6339,12126,0
20250620,100000,6338.5,6347.5,6312.5,6342,29995,0
20250620,110000,6342,6351.5,6331,6333.5,46563,0
20250620,120000,6332.5,6337,6330,6331.5,20536,0
20250620,130000,6330.5,6331.5,6313,6322,29415,0
20250620,140000,6323.5,6327,6290.5,6292.5,65794,0
20250620,150000,6292,6310,6292,6296.5,50123,0
20250620,160000,6296.5,6298,6280,6280.5,54317,0
20250620,170000,6280,6289.5,6260,6270,53946,0
20250620,180000,6270,6284.5,6260,6283.5,33475,0
20250620,190000,6283.5,6283.5,6262,6270,17013,0
20250620,200000,6270,6271,6261,6264,7968,0
20250620,210000,6265,6281,6264,6275,7376,0
20250620,220000,6275,6289,6272,6287,13632,0
20250620,230000,6287.5,6289,6275,6281,8945,0
20250623,070000,6388,6390,6342.5,6351,112632,0
20250623,080000,6351,6366,6337.5,6354,23110,0
20250623,090000,6354.5,6356,6321,6327,49956,0
20250623,100000,6328,6328,6264.5,6270,116168,0
20250623,110000,6270,6312,6250,6300,92096,0
20250623,120000,6300,6323,6289,6306.5,64732,0
20250623,130000,6308,6320.5,6290.5,6313,41536,0
20250623,140000,6313,6319,6289.5,6299.5,37374,0
20250623,150000,6299.5,6300,6291,6299.5,32508,0
20250623,160000,6300,6345,6299.5,6315.5,77138,0
20250623,170000,6315.5,6335.5,6309,6321,31161,0
20250623,180000,6322.5,6330,6297.5,6305.5,22464,0
20250623,190000,6310.5,6334,6288.5,6314.5,36069,0
20250623,200000,6313,6315,6272,6286,49250,0
20250623,210000,6286,6286,6271.5,6280,19902,0
20250623,220000,6280,6282.5,6269.5,6276.5,12446,0
20250623,230000,6272.5,6275.5,6230,6242,51308,0
20250624,070000,6244.5,6247.5,6187,6225,61054,0
20250624,080000,6225,6240.5,6202.5,6210,28454,0
20250624,090000,6209.5,6214.5,6173,6184,75514,0
20250624,100000,6184,6199.5,6144,6157.5,149997,0
20250624,110000,6157.5,6179.5,6110,6142,171150,0
20250624,120000,6142,6165,6120.5,6161.5,88628,0
20250624,130000,6161.5,6185,6151.5,6172.5,49862,0
20250624,140000,6173,6175,6143,6161,38063,0
20250624,150000,6160,6162.5,6138.5,6145,31343,0
20250624,160000,6146,6166.5,6140,6140.5,38727,0
20250624,170000,6140.5,6180,6140.5,6169.5,48969,0
20250624,180000,6169.5,6180,6161,6177.5,20542,0
20250624,190000,6177.5,6179,6154,6159.5,20983,0
20250624,200000,6160,6174,6159.5,6169,8345,0
20250624,210000,6169,6188.5,6161,6180,19913,0
20250624,220000,6180,6214,6179.5,6206,28936,0
20250624,230000,6206,6219,6206,6208.5,14401,0
20250625,070000,6218.5,6235.5,6199.5,6214,21771,0
20250625,080000,6214,6217,6201,6205.5,5600,0
20250625,090000,6205.5,6208.5,6186,6199,12021,0
20250625,100000,6198.5,6215,6185.5,6214.5,43336,0
20250625,110000,6214.5,6222,6203,6210.5,24551,0
20250625,120000,6211,6217.5,6200.5,6214,25251,0
20250625,130000,6214.5,6218,6206,6215,32153,0
20250625,140000,6213.5,6234,6206,6214.5,50598,0
20250625,150000,6213.5,6220,6205,6207,38196,0
20250625,160000,6206.5,6217.5,6202,6207.5,44580,0
20250625,170000,6207,6239.5,6192.5,6238.5,54558,0
20250625,180000,6239,6250,6236,6250,43649,0
20250625,190000,6249,6268.5,6238,6256,31311,0
20250625,200000,6256.5,6257.5,6250.5,6253.5,7947,0
20250625,210000,6253.5,6254,6226,6232,13566,0
20250625,220000,6232,6248,6230,6244,6322,0
20250625,230000,6244.5,6244.5,6235.5,6236.5,4747,0
20250626,070000,6250.5,6258,6230,6242,8304,0
20250626,080000,6242,6245.5,6238,6243.5,2943,0
20250626,090000,6243.5,6245.5,6238,6242,7902,0
20250626,100000,6241,6244,6213.5,6239.5,36398,0
20250626,110000,6239,6243,6215,6219,23076,0
20250626,120000,6219,6223,6209.5,6219,14897,0
20250626,130000,6219.5,6230,6215,6222,17689,0
20250626,140000,6220.5,6230,6215,6219.5,31570,0
20250626,150000,6219,6224,6202,6205.5,45958,0
20250626,160000,6204.5,6222,6203.5,6219.5,31047,0
20250626,170000,6219,6239.5,6215.5,6234,33421,0
20250626,180000,6235.5,6240,6218,6233.5,25210,0
20250626,190000,6220,6236.5,6220,6225.5,7691,0
20250626,200000,6225,6225.5,6206,6214,11554,0
20250626,210000,6214,6220.5,6209.5,6215.5,4367,0
20250626,220000,6217.5,6220,6212,6218,3342,0
20250626,230000,6217.5,6217.5,6205,6205.5,5155,0
20250627,070000,6210,6227.5,6209.5,6219.5,5036,0
20250627,080000,6219.5,6219.5,6209,6209.5,4562,0
20250627,090000,6209.5,6227.5,6209,6213,11370,0
20250627,100000,6212,6216.5,6186.5,6198.5,60721,0
20250627,110000,6198,6214,6196.5,6213.5,21332,0
20250627,120000,6213,6219.5,6203,6213,25630,0
20250627,130000,6213,6220,6200,6202,32115,0
20250627,140000,6203,6216,6193,6214,36244,0
20250627,150000,6212.5,6230,6212,6226.5,54594,0
20250627,160000,6226.5,6267,6210,6267,101867,0
20250627,170000,6267,6289.5,6256,6274,90428,0
20250627,180000,6274,6288,6259,6260.5,34725,0
20250627,190000,6260,6286,6256.5,6284,25316,0
20250627,200000,6284.5,6289.5,6274,6281,17441,0
20250627,210000,6281,6286,6272,6282.5,12032,0
20250627,220000,6281,6283.5,6277,6282.5,16180,0
20250627,230000,6282.5,6283,6266,6274,16474,0
20250628,090000,6275,6275,6275,6275,125,0
20250628,100000,6280,6293,6277.5,6288.5,4367,0
20250628,110000,6288.5,6293,6281.5,6286.5,5136,0
20250628,120000,6285.5,6289.5,6281,6286,2750,0
20250628,130000,6286,6290,6280.5,6283,3608,0
20250628,140000,6284,6284,6277,6277.5,2688,0
20250628,150000,6277,6282,6275,6282,2406,0
20250628,160000,6282.5,6284,6275.5,6277.5,2530,0
20250628,170000,6278,6281,6276,6279.5,931,0
20250628,180000,6279.5,6283,6272,6272,3343,0
20250629,090000,6272,6272,6272,6272,39,0
20250629,100000,6274,6277,6255,6267.5,7314,0
20250629,110000,6268,6270,6260,6266,2081,0
20250629,120000,6268,6269.5,6257.5,6258.5,1840,0
20250629,130000,6259,6265,6258.5,6264,920,0
20250629,140000,6265,6265,6259.5,6265,1181,0
20250629,150000,6265,6268.5,6263.5,6264,1216,0
20250629,160000,6263.5,6269,6260.5,6262.5,3758,0
20250629,170000,6261.5,6266.5,6250.5,6251.5,6603,0
20250629,180000,6252,6253,6250,6252.5,3706,0
20250630,070000,6253,6259.5,6246,6259,5745,0
20250630,080000,6259,6260,6245,6247,5329,0
20250630,090000,6247,6269,6247,6264,13679,0
20250630,100000,6265,6272.5,6225,6235,66617,0
20250630,110000,6235.5,6248,6230,6231.5,39140,0
20250630,120000,6230.5,6250,6228,6246,19619,0
20250630,130000,6246.5,6291.5,6245,6289.5,71260,0
20250630,140000,6290.5,6299,6286,6294,66675,0
20250630,150000,6292.5,6316,6292.5,6316,90580,0
20250630,160000,6315,6323,6304.5,6318.5,66642,0
20250630,170000,6318,6336,6315,6335.5,56350,0
20250630,180000,6334.5,6336,6324.5,6332.5,34857,0
20250630,190000,6332.5,6332.5,6311.5,6318,17531,0
20250630,200000,6317.5,6319.5,6317,6318,4740,0
20250630,210000,6318,6325,6318,6324.5,7779,0
20250630,220000,6324.5,6328.5,6312.5,6315.5,8627,0
20250630,230000,6314,6314,6306.5,6307.5,10742,0
20250701,070000,6329,6335,6307.5,6334.5,10954,0
20250701,080000,6333.5,6335,6328,6330,7324,0
20250701,090000,6328.5,6329.5,6313,6323,12563,0
20250701,100000,6323,6348,6310,6341,59808,0
20250701,110000,6341.5,6347,6312.5,6318,46270,0
20250701,120000,6318,6327,6291,6319,60647,0
20250701,130000,6318.5,6333,6312.5,6332,26929,0
20250701,140000,6332.5,6348,6330,6344,59236,0
20250701,150000,6343,6346.5,6335,6344.5,32025,0
20250701,160000,6343.5,6346.5,6330,6330,40672,0
20250701,170000,6330,6344,6312,6334,55694,0
20250701,180000,6333.5,6335,6322.5,6327.5,10504,0
20250701,190000,6327,6345.5,6315,6315.5,17166,0
20250701,200000,6315,6325,6315,6317,5430,0
20250701,210000,6317,6320,6308.5,6310,9986,0
20250701,220000,6310.5,6314.5,6302,6305.5,9005,0
20250701,230000,6306,6317.5,6305,6306,5579,0
20250702,060000,6318,6318,6318,6318,154,0
20250702,070000,6308,6327,6308,6322,4251,0
20250702,080000,6320.5,6324,6316,6316.5,5051,0
20250702,090000,6317.5,6317.5,6295,6313.5,18518,0
20250702,100000,6313.5,6318,6296,6300,62332,0
20250702,110000,6299.5,6304,6273.5,6282.5,58639,0
20250702,120000,6282,6285,6266,6277.5,40338,0
20250702,130000,6276,6278,6240,6269.5,81562,0
20250702,140000,6268,6286,6266.5,6278,41265,0
20250702,150000,6277,6288,6276.5,6288,30488,0
20250702,160000,6287,6297.5,6253,6261,44197,0
20250702,170000,6261,6264,6231.5,6233,114794,0
20250702,180000,6232.5,6232.5,6186,6208,116423,0
20250702,190000,6211,6245.5,6211,6226,25349,0
20250702,200000,6226,6247,6226,6243,14941,0
20250702,210000,6243.5,6244,6212,6223.5,10892,0
20250702,220000,6223.5,6227.5,6214,6226,6595,0
20250702,230000,6226,6236,6217,6234,10825,0
20250703,060000,6240,6240,6240,6240,95,0
20250703,070000,6240.5,6244,6224.5,6235,5342,0
20250703,080000,6235,6243,6231.5,6240,2689,0
20250703,090000,6239.5,6240,6225,6227,11736,0
20250703,100000,6227.5,6227.5,6190,6198.5,73044,0
20250703,110000,6199,6239.5,6198.5,6215,86284,0
20250703,120000,6215,6224.5,6200,6208,58481,0
20250703,130000,6208,6208,6199,6201,47765,0
20250703,140000,6201,6205.5,6194,6200,46034,0
20250703,150000,6200,6205.5,6162,6176,98819,0
20250703,160000,6175.5,6198.5,6150,6184,107075,0
20250703,170000,6183.5,6184,6138,6165,132706,0
20250703,180000,6165,6165,6127.5,6140.5,72434,0
20250703,190000,6142.5,6159.5,6136.5,6155,27769,0
20250703,200000,6154.5,6155.5,6139.5,6151,13256,0
20250703,210000,6151,6153,6140,6145,11884,0
20250703,220000,6144.5,6152,6140.5,6144,11925,0
20250703,230000,6144.5,6146.5,6132,6138,15888,0
20250704,060000,6131,6131,6131,6131,396,0
20250704,070000,6132,6151,6110.5,6129.5,34997,0
20250704,080000,6128.5,6144.5,6121,6140,15358,0
20250704,090000,6140,6173,6137.5,6149.5,28562,0
20250704,100000,6149,6149,6114.5,6124,103428,0
20250704,110000,6124,6125,6089,6112.5,136526,0
20250704,120000,6112.5,6139,6099,6138.5,51312,0
20250704,130000,6138.5,6160,6132,6158,48121,0
20250704,140000,6158,6178,6144,6155.5,55709,0
20250704,150000,6157.5,6174,6143,6145,38195,0
20250704,160000,6144,6164,6135,6146,32073,0
20250704,170000,6145,6159.5,6130.5,6141.5,24815,0
20250704,180000,6141.5,6152,6134.5,6140,11875,0
20250704,190000,6141,6155.5,6135,6151,27981,0
20250704,200000,6151.5,6168.5,6145,6157,26280,0
20250704,210000,6157,6161,6149.5,6152,17773,0
20250704,220000,6152,6158,6142,6154.5,17968,0
20250704,230000,6153.5,6161,6144.5,6151.5,220728,0
20250705,090000,6151.5,6151.5,6151.5,6151.5,21,0
20250705,100000,6152,6165,6127,6156.5,11187,0
20250705,110000,6154.5,6160.5,6153,6159.5,1541,0
20250705,120000,6159.5,6159.5,6141.5,6150,3460,0
20250705,130000,6150,6159,6145,6150,4055,0
20250705,140000,6148.5,6155,6148,6152,1470,0
20250705,150000,6153.5,6154,6145.5,6147,1557,0
20250705,160000,6147,6150,6145.5,6148,1608,0
20250705,170000,6148,6154.5,6148,6151.5,1656,0
20250705,180000,6152,6156.5,6145.5,6154.5,2994,0
20250706,090000,6154.5,6154.5,6154.5,6154.5,111,0
20250706,100000,6155,6155,6145,6149,1266,0
20250706,110000,6149.5,6150,6142,6148.5,1817,0
20250706,120000,6148.5,6149,6146.5,6147,771,0
20250706,130000,6147,6149.5,6146,6148,1160,0
20250706,140000,6147.5,6150,6146.5,6150,734,0
20250706,150000,6150,6151,6142,6144,2880,0
20250706,160000,6146,6147,6142,6144,849,0
20250706,170000,6144,6145,6140,6144,2572,0
20250706,180000,6145,6147,6143.5,6145.5,1090,0
20250707,060000,6144.5,6144.5,6144.5,6144.5,216,0
20250707,070000,6145,6145.5,6115.5,6123.5,17680,0
20250707,080000,6124,6131.5,6117.5,6129.5,10763,0
20250707,090000,6129.5,6145,6127,6129.5,20716,0
20250707,100000,6129.5,6136.5,6115,6126.5,53397,0
20250707,110000,6126,6132,6118,6118,24643,0
20250707,120000,6118,6158,6111.5,6135.5,63567,0
20250707,130000,6135.5,6139.5,6118.5,6130.5,28736,0
20250707,140000,6131.5,6140,6122.5,6132.5,21484,0
20250707,150000,6132.5,6138,6128,6134,12039,0
20250707,160000,6133.5,6134,6118,6118,23597,0
20250707,170000,6118,6124.5,6107,6111,36453,0
20250707,180000,6112,6119.5,6100,6114,28095,0
20250707,190000,6114,6127,6110,6121,11143,0
20250707,200000,6121,6121.5,6110.5,6117,6550,0
20250707,210000,6117,6123.5,6115,6120,5711,0
20250707,220000,6119.5,6121.5,6114.5,6117.5,3025,0
20250707,230000,6117,6118,6110.5,6110.5,3417,0
20250708,060000,6105,6105,6105,6105,327,0
20250708,070000,6108,6122,6091,6105.5,19231,0
20250708,080000,6105,6113,6092,6105.5,21013,0
20250708,090000,6108.5,6115,6100.5,6108,10737,0
20250708,100000,6105.5,6112,6063,6088.5,97313,0
20250708,110000,6088.5,6105,6085,6102.5,28606,0
20250708,120000,6102.5,6104.5,6089,6089.5,35956,0
20250708,130000,6090,6096.5,6061,6070,50139,0
20250708,140000,6070,6072.5,6031,6031.5,73080,0
20250708,150000,6031.5,6045.5,6000,6023,145452,0
20250708,160000,6023,6060,6022.5,6041,67670,0
20250708,170000,6042.5,6057.5,6031.5,6054.5,48817,0
20250708,180000,6054,6062,6050,6057,26438,0
20250708,190000,6057,6057,6016.5,6022.5,31637,0
20250708,200000,6022.5,6028,6015.5,6021,23486,0
20250708,210000,6021,6025.5,6012,6016.5,27322,0
20250708,220000,6016.5,6021.5,6013,6017,11161,0
20250708,230000,6017,6019.5,6000,6013,53427,0
20250709,060000,6013,6013,6013,6013,475,0
20250709,070000,6012,6035,6010,6032,13800,0
20250709,080000,6032.5,6041,6025,6039,13736,0
20250709,090000,6038.5,6056,6028.5,6038.5,26551,0
20250709,100000,6037.5,6041.5,5961,5987.5,131879,0
20250709,110000,5987.5,5990,5920,5956,162460,0
20250709,120000,5956.5,5957,5931,5932,53866,0
20250709,130000,5931,5951.5,5922.5,5936.5,67519,0
20250709,140000,5936,5937.5,5890.5,5911.5,159630,0
20250709,150000,5912,6223,5910,5930.5,311160,0
20250709,160000,5931,5933,5924,5929,62665,0
20250709,170000,5928,5929.5,5886.5,5907.5,97848,0
20250709,180000,5908,5917.5,5888,5913.5,52573,0
20250709,190000,5917.5,5935,5900.5,5922.5,52683,0
20250709,200000,5922.5,5935,5906,5918.5,19813,0
20250709,210000,5918,5935,5911,5928.5,16500,0
20250709,220000,5929,5955.5,5928.5,5954.5,22233,0
20250709,230000,5954.5,5955.5,5913.5,5934,17612,0
20250710,060000,5944,5944,5944,5944,92,0
20250710,070000,5949.5,5949.5,5930.5,5940,10430,0
20250710,080000,5938.5,5950,5930.5,5950,13610,0
20250710,090000,5950,5967,5947.5,5950.5,32880,0
20250710,100000,5950,5963,5930,5950,51871,0
20250710,110000,5950,5965,5945,5950,63802,0
20250710,120000,5949.5,5950.5,5914,5920.5,54744,0
20250710,130000,5921.5,5934,5903,5922,42532,0
20250710,140000,5922,5943,5914,5926,25910,0
20250710,150000,5927,5955,5915.5,5947.5,33826,0
20250710,160000,5949,5957.5,5938,5943.5,29791,0
20250710,170000,5944.5,5960,5944.5,5955,41896,0
20250710,180000,5954.5,5961,5950,5959,34684,0
20250710,190000,5959.5,5959.5,5940,5941.5,15707,0
20250710,200000,5941.5,5947,5935,5945.5,8030,0
20250710,210000,5945.5,5946,5936,5945.5,5420,0
20250710,220000,5945.5,5946.5,5938,5940,4807,0
20250710,230000,5940,5940,5930,5932.5,6868,0
20250711,060000,5932,5932,5932,5932,241,0
20250711,070000,5931.5,5941.5,5918,5923.5,9617,0
20250711,080000,5923,5924,5887,5890.5,40663,0
20250711,090000,5890.5,5898,5856.5,5860.5,53821,0
20250711,100000,5860,5893,5858,5880.5,70343,0
20250711,110000,5880.5,5884.5,5825.5,5835.5,115498,0
20250711,120000,5835.5,5843,5806.5,5819,108418,0
20250711,130000,5819,5825,5806.5,5812.5,56515,0
20250711,140000,5813.5,5820,5798.5,5816,102680,0
20250711,150000,5815.5,5835,5814,5821.5,47071,0
20250711,160000,5821.5,5845,5820,5840.5,38744,0
20250711,170000,5840.5,5840.5,5765.5,5775,164291,0
20250711,180000,5775,5780,5706,5735,213395,0
20250711,190000,5738,5758.5,5721,5756.5,67855,0
20250711,200000,5756,5757.5,5731,5734.5,25860,0
20250711,210000,5735,5735,5722,5732,24233,0
20250711,220000,5732,5738,5725,5733.5,17726,0
20250711,230000,5732.5,5740,5729,5737.5,16280,0
20250712,090000,5740.5,5740.5,5740.5,5740.5,63,0
20250712,100000,5743,5779,5740,5772.5,18539,0
20250712,110000,5772.5,5788,5770,5780.5,10632,0
20250712,120000,5780.5,5789,5774,5775,8030,0
20250712,130000,5774,5776.5,5768.5,5768.5,2974,0
20250712,140000,5769,5773,5761,5761.5,4898,0
20250712,150000,5761,5766.5,5760,5761.5,3106,0
20250712,160000,5761.5,5765,5761,5764,1991,0
20250712,170000,5765,5768.5,5764,5765.5,2773,0
20250712,180000,5765.5,5768,5760.5,5765,2395,0
20250713,090000,5765,5765,5765,5765,106,0
20250713,100000,5769,5787,5765.5,5772,9196,0
20250713,110000,5772,5772,5735,5748.5,13430,0
20250713,120000,5748.5,5750,5739,5740,6584,0
20250713,130000,5740,5742,5728,5728,5294,0
20250713,140000,5727.5,5734,5710.5,5726.5,14528,0
20250713,150000,5726.5,5734.5,5715.5,5727.5,5190,0
20250713,160000,5727.5,5732,5721,5724.5,4258,0
20250713,170000,5724.5,5735,5721,5734.5,3934,0
20250713,180000,5734.5,5745,5730,5744.5,9396,0
20250714,060000,5713.5,5713.5,5713.5,5713.5,1087,0
20250714,070000,5714,5726,5628.5,5647.5,105071,0
20250714,080000,5647.5,5661.5,5631.5,5656.5,57576,0
20250714,090000,5656.5,5668.5,5626,5656.5,67327,0
20250714,100000,5656.5,5726.5,5652.5,5723.5,146630,0
20250714,110000,5724,5731,5670,5691.5,84675,0
20250714,120000,5690,5700,5662.5,5668,106593,0
20250714,130000,5668,5694.5,5656,5692.5,35580,0
20250714,140000,5692.5,5705,5680,5700,32910,0
20250714,150000,5700,5756.5,5699.5,5743,61050,0
20250714,160000,5743,5765,5702.5,5708.5,62096,0
20250714,170000,5709,5764,5692,5695.5,66512,0
20250714,180000,5695,5879.5,5671,5851.5,340676,0
20250714,190000,5857.5,5937.5,5855.5,5925.5,188223,0
20250714,200000,5925,5934,5904.5,5918.5,56057,0
20250714,210000,5917.5,5923,5912,5919,17882,0
20250714,220000,5919.5,5946.5,5917.5,5938.5,32440,0
20250714,230000,5939,5945,5925,5933,30279,0
20250715,060000,5937,5937,5937,5937,277,0
20250715,070000,5936.5,5964.5,5904,5953,47687,0
20250715,080000,5953,5965,5943.5,5956.5,25224,0
20250715,090000,5956,5980,5940,5959,60887,0
20250715,100000,5957.5,5963.5,5918,5925.5,74862,0
20250715,110000,5925,5944,5916,5917,49885,0
20250715,120000,5917,5959.5,5907.5,5928,71105,0
20250715,130000,5928.5,5935,5917,5935,64855,0
20250715,140000,5935,5941.5,5920.5,5933,26406,0
20250715,150000,5933.5,5938,5910,5925.5,39361,0
20250715,160000,5925.5,5934,5914,5931,32611,0
20250715,170000,5932.5,5948.5,5929,5940,56067,0
20250715,180000,5940,5944,5913,5930,24979,0
20250715,190000,5930,5930,5915,5920,13904,0
20250715,200000,5919.5,5921.5,5915,5919,8060,0
20250715,210000,5919.5,5925.5,5916.5,5917.5,23456,0
20250715,220000,5917.5,5922,5915,5915.5,6285,0
20250715,230000,5915.5,5919,5911,5913.5,12609,0
20250716,060000,5916,5916,5916,5916,59,0
20250716,070000,5920,5942.5,5918,5941.5,19698,0
20250716,080000,5941.5,5941.5,5927,5933.5,7962,0
20250716,090000,5933.5,5935.5,5911.5,5935.5,25905,0
20250716,100000,5936,5953.5,5887,5911,91048,0
20250716,110000,5910,5926.5,5907.5,5912.5,26581,0
20250716,120000,5911.5,5953.5,5908.5,5949,101497,0
20250716,130000,5948.5,5957.5,5943,5946,44080,0
20250716,140000,5945.5,5974.5,5945,5968,61906,0
20250716,150000,5968,5970,5944.5,5949,65884,0
20250716,160000,5949,5965.5,5947,5951.5,26572,0
20250716,170000,5951.5,5952.5,5927.5,5932.5,57956,0
20250716,180000,5934,5936.5,5910,5929.5,32770,0
20250716,190000,5929.5,5948.5,5922.5,5939,28767,0
20250716,200000,5939.5,5953.5,5939.5,5950,9552,0
20250716,210000,5949,5952.5,5940,5941,6734,0
20250716,220000,5940.5,5945.5,5936.5,5938,8097,0
20250716,230000,5939,5950,5931,5943,12106,0
20250717,060000,5943,5943,5943,5943,86,0
20250717,070000,5949.5,5974,5943.5,5973.5,27829,0
20250717,080000,5973.5,5974,5958.5,5965.5,12380,0
20250717,090000,5965.5,5973,5960.5,5969,16699,0
20250717,100000,5968.5,5970,5960,5963,36281,0
20250717,110000,5963,5972,5961.5,5971.5,41368,0
20250717,120000,5971.5,5995.5,5970,5995.5,86336,0
20250717,130000,5995.5,6009,5990,6000,76461,0
20250717,140000,6000,6000,5954,5977,79478,0
20250717,150000,5976,5980,5961.5,5968.5,24149,0
20250717,160000,5968.5,5969,5930,5938.5,63880,0
20250717,170000,5938,5971.5,5936,5947.5,43698,0
20250717,180000,5948,5950,5930,5930,26443,0
20250717,190000,5930,5941.5,5910.5,5922.5,26733,0
20250717,200000,5922.5,5944.5,5921,5944,10692,0
20250717,210000,5944,5944,5930,5933,7117,0
20250717,220000,5934,5940,5917.5,5918.5,16916,0
20250717,230000,5918,5931,5918,5925.5,14407,0
20250718,060000,5925.5,5925.5,5925.5,5925.5,313,0
20250718,070000,5925,5969,5909,5947.5,32510,0
20250718,080000,5948.5,5958,5946,5957.5,7225,0
20250718,090000,5956.5,5961,5927.5,5935,28232,0
20250718,100000,5937,6012,5936,6004.5,142230,0
20250718,110000,6004.5,6058.5,6002.5,6034.5,129608,0
20250718,120000,6035,6049,6032,6047.5,58432,0
20250718,130000,6047.5,6064,6033,6036,43609,0
20250718,140000,6037,6043,6016,6036,54916,0
20250718,150000,6035.5,6042.5,6017.5,6022.5,31454,0
20250718,160000,6023.5,6055,6019.5,6050.5,48667,0
20250718,170000,6050,6060,6045,6058,38727,0
20250718,180000,6058.5,6074.5,6054,6065.5,47266,0
20250718,190000,6065.5,6075,6054,6071,21605,0
20250718,200000,6071,6074.5,6061,6069.5,10655,0
20250718,210000,6070,6070,6063.5,6063.5,6303,0
20250718,220000,6064,6099,6063.5,6094.5,28204,0
20250718,230000,6095.5,6115,6091,6114.5,31850,0
20250719,090000,6128,6128,6128,6128,561,0
20250719,100000,6128,6194.5,6120,6175,60010,0
20250719,110000,6175.5,6179,6164.5,6172,14804,0
20250719,120000,6172,6172,6162,6165.5,5264,0
20250719,130000,6164.5,6170,6162,6162,3480,0
20250719,140000,6163.5,6172,6161.5,6168.5,3663,0
20250719,150000,6168.5,6170.5,6160,6160,4652,0
20250719,160000,6160,6170,6160,6168,3071,0
20250719,170000,6166,6170.5,6151,6160,8478,0
20250719,180000,6160,6169,6159.5,6168,4089,0
20250720,090000,6170,6170,6170,6170,359,0
20250720,100000,6170,6195,6168.5,6176,10714,0
20250720,110000,6176,6180,6174.5,6175.5,3815,0
20250720,120000,6175.5,6176,6161.5,6167,5952,0
20250720,130000,6165.5,6169,6161.5,6165,1493,0
20250720,140000,6166,6180,6165.5,6178,4508,0
20250720,150000,6179,6185,6177,6177,2582,0
20250720,160000,6177,6181.5,6177,6181.5,1332,0
20250720,170000,6181.5,6181.5,6174.5,6176.5,1410,0
20250720,180000,6177,6183,6170.5,6178.5,5481,0
20250721,060000,6178.5,6178.5,6178.5,6178.5,119,0
20250721,070000,6178.5,6210,6169.5,6209.5,27498,0
20250721,080000,6209,6219,6197,6214.5,32435,0
20250721,090000,6214.5,6214.5,6170,6180.5,51842,0
20250721,100000,6180,6184.5,6151,6178.5,56075,0
20250721,110000,6178,6195,6165.5,6194,32660,0
20250721,120000,6193,6216,6185,6209.5,55685,0
20250721,130000,6209,6219,6188,6197.5,75588,0
20250721,140000,6197.5,6200,6173,6176,47824,0
20250721,150000,6176,6186,6172,6174.5,36714,0
20250721,160000,6173.5,6191,6166,6186,40139,0
20250721,170000,6185.5,6198.5,6183,6198,36004,0
20250721,180000,6198.5,6198.5,6155,6167,33192,0
20250721,190000,6167,6173.5,6155,6165,13429,0
20250721,200000,6165,6168.5,6152.5,6158,18333,0
20250721,210000,6158,6176,6155.5,6175,8676,0
20250721,220000,6175.5,6175.5,6160.5,6162.5,6619,0
20250721,230000,6162.5,6170.5,6162.5,6170,4760,0
20250722,060000,6170,6170,6170,6170,27,0
20250722,070000,6170,6177,6152.5,6156,13648,0
20250722,080000,6156,6163.5,6133,6133.5,32986,0
20250722,090000,6133.5,6157,6127,6141.5,31864,0
20250722,100000,6141,6175,6134,6137,53614,0
20250722,110000,6136.5,6149.5,6133,6139.5,28632,0
20250722,120000,6139.5,6180,6133,6177,46682,0
20250722,130000,6177.5,6193.5,6163.5,6180.5,36246,0
20250722,140000,6180.5,6194.5,6179,6184.5,25462,0
20250722,150000,6183,6195,6176,6194,38410,0
20250722,160000,6194,6210,6190,6204,59305,0
20250722,170000,6204,6204,6185.5,6191.5,33001,0
20250722,180000,6191.5,6195,6183,6185.5,14545,0
20250722,190000,6187.5,6195,6187.5,6190,8445,0
20250722,200000,6190.5,6195,6190,6194,9887,0
20250722,210000,6193.5,6195,6192.5,6194.5,3314,0
20250722,220000,6195,6200,6194.5,6200,10000,0
20250722,230000,6200,6202,6194.5,6196.5,6330,0
20250723,060000,6197,6197,6197,6197,56,0
20250723,070000,6198,6216,6197.5,6208,12820,0
20250723,080000,6208,6210,6198.5,6205,9594,0
20250723,090000,6205,6213.5,6202,6206.5,21395,0
20250723,100000,6206.5,6228.5,6203,6218.5,54166,0
20250723,110000,6218.5,6236.5,6218.5,6230.5,52334,0
20250723,120000,6230,6239.5,6226.5,6237,35328,0
20250723,130000,6237.5,6238,6212.5,6226,31462,0
20250723,140000,6225.5,6243.5,6220,6238.5,21821,0
20250723,150000,6238.5,6249.5,6231,6237,48493,0
20250723,160000,6236,6243,6216,6217.5,40557,0
20250723,170000,6218,6224,6195,6201,58273,0
20250723,180000,6201,6224,6196,6224,26073,0
20250723,190000,6225,6233,6201.5,6221.5,26612,0
20250723,200000,6221.5,6221.5,6211.5,6213.5,4220,0
20250723,210000,6213,6213.5,6197,6200.5,18358,0
20250723,220000,6200.5,6206,6196,6201.5,11611,0
20250723,230000,6201,6201.5,6190,6190,8007,0
20250724,060000,6177,6177,6177,6177,1553,0
20250724,070000,6184.5,6216,6178,6209.5,20348,0
20250724,080000,6210,6211,6200,6206,3063,0
20250724,090000,6205.5,6215.5,6202,6207.5,8670,0
20250724,100000,6208,6208,6184,6194.5,41724,0
20250724,110000,6194,6196.5,6170,6194.5,53450,0
20250724,120000,6194,6207,6186.5,6197.5,21225,0
20250724,130000,6197.5,6205,6183.5,6198.5,26913,0
20250724,140000,6197,6203,6154,6166,45903,0
20250724,150000,6165.5,6182.5,6157.5,6173,22386,0
20250724,160000,6173.5,6174.5,6161,6168.5,13029,0
20250724,170000,6168.5,6178.5,6156,6159,24314,0
20250724,180000,6159.5,6159.5,6150.5,6159,33865,0
20250724,190000,6158,6165,6152.5,6165,5961,0
20250724,200000,6164.5,6174.5,6162.5,6165,8396,0
20250724,210000,6165,6172,6162.5,6172,3988,0
20250724,220000,6172,6174.5,6159.5,6160,5514,0
20250724,230000,6160,6172,6159,6169,4458,0
20250725,060000,6169,6169,6169,6169,167,0
20250725,070000,6173.5,6190,6160,6186.5,6010,0
20250725,080000,6186.5,6186.5,6181.5,6184,3164,0
20250725,090000,6183.5,6195,6177,6178.5,15181,0
20250725,100000,6178.5,6196.5,6173.5,6192.5,31682,0
20250725,110000,6192.5,6195,6189.5,6193,15165,0
20250725,120000,6192.5,6195,6185,6187,15937,0
20250725,130000,6187,6192,6130,6160,166715,0
20250725,140000,6160,6185,6144,6151,64104,0
20250725,150000,6151,6167,6130,6132.5,57853,0
20250725,160000,6132,6135.5,6073,6089,129301,0
20250725,170000,6088,6088.5,6054,6072.5,63214,0
20250725,180000,6071.5,6073,6053,6058,34029,0
20250725,190000,6058,6074.5,6050,6060.5,26200,0
20250725,200000,6060.5,6087,6060,6077,16260,0
20250725,210000,6076.5,6090,6076.5,6082,10470,0
20250725,220000,6080,6082.5,6067.5,6072,7338,0
20250725,230000,6072,6076,6067,6074.5,5495,0
20250726,090000,6095,6095,6095,6095,353,0
20250726,100000,6095,6110,6091,6104.5,8525,0
20250726,110000,6104.5,6106,6097.5,6098.5,3765,0
20250726,120000,6098,6100,6094,6100,1624,0
20250726,130000,6100,6100,6094,6096.5,1472,0
20250726,140000,6096,6098,6093,6096,1714,0
20250726,150000,6095,6097,6093.5,6094.5,1377,0
20250726,160000,6095.5,6098.5,6093.5,6097,1186,0
20250726,170000,6097,6098.5,6092.5,6096.5,1651,0
20250726,180000,6096.5,6101,6092.5,6098,2717,0
20250727,090000,6097,6097,6097,6097,29,0
20250727,100000,6097,6101,6092.5,6096,1716,0
20250727,110000,6095,6099,6091,6097.5,2417,0
20250727,120000,6096,6097.5,6091,6093,1667,0
20250727,130000,6095,6095.5,6090,6092.5,1268,0
20250727,140000,6092.5,6092.5,6082.5,6090,2490,0
20250727,150000,6089,6089,6075,6082,2781,0
20250727,160000,6082,6088,6079.5,6086.5,1808,0
20250727,170000,6086,6086,6080,6084.5,1372,0
20250727,180000,6083.5,6084.5,6074,6078.5,2855,0
20250728,060000,6076,6076,6076,6076,141,0
20250728,070000,6075.5,6085.5,6040,6057,24727,0
20250728,080000,6056,6070,6055.5,6069.5,3540,0
20250728,090000,6069,6072.5,6045,6051,17843,0
20250728,100000,6050,6059,6020.5,6044,59494,0
20250728,110000,6044,6079,6040.5,6064,52641,0
20250728,120000,6065.5,6089,6060,6075,25928,0
20250728,130000,6075.5,6118,6075,6091.5,83382,0
20250728,140000,6091.5,6098,6040.5,6042,46487,0
20250728,150000,6042.5,6043,5970,6019.5,152336,0
20250728,160000,6019.5,6040,5972.5,6003,128024,0
20250728,170000,6002,6006,5980.5,6002.5,50161,0
20250728,180000,6003,6006,5980.5,5985,31427,0
20250728,190000,5987,5994.5,5981,5986,15329,0
20250728,200000,5986,5990,5971.5,5981,17490,0
20250728,210000,5981,5993,5976,5991,9361,0
20250728,220000,5991.5,5992,5972.5,5973,17914,0
20250728,230000,5973,5984.5,5969,5981.5,11687,0
20250729,060000,5993,5993,5993,5993,33,0
20250729,070000,5995,6030.5,5981,6023,24432,0
20250729,080000,6023,6029,6011,6016,7387,0
20250729,090000,6015.5,6022.5,6000.5,6014,22159,0
20250729,100000,6014,6027,5995,6009,47837,0
20250729,110000,6010.5,6028.5,6007,6020,51954,0
20250729,120000,6020.5,6023.5,5996,6001.5,28932,0
20250729,130000,6001.5,6014.5,5996,6008,20575,0
20250729,140000,6008,6023.5,6005,6012,24474,0
20250729,150000,6012,6016,5997,6015,21228,0
20250729,160000,6014.5,6015,5990,5998,32101,0
20250729,170000,5998.5,6010,5992,6009,27945,0
20250729,180000,6008,6015,6002.5,6009,19807,0
20250729,190000,6009,6015,6002.5,6004.5,14106,0
20250729,200000,6004.5,6021,5964,5964,65225,0
20250729,210000,5965,5979.5,5955,5969,32885,0
20250729,220000,5969.5,5990,5969.5,5990,17812,0
20250729,230000,5989.5,6010,5989.5,6005,11858,0
20250730,060000,6005,6005,6005,6005,364,0
20250730,070000,6005,6020,5980.5,6001.5,12109,0
20250730,080000,6001.5,6002,5986,5991,4703,0
20250730,090000,5990.5,6026,5990.5,6010.5,20342,0
20250730,100000,6010.5,6010.5,5962,5980.5,55366,0
20250730,110000,5980.5,5980.5,5945,5963.5,66219,0
20250730,120000,5964.5,5968.5,5950,5960.5,33134,0
20250730,130000,5959.5,5969.5,5950,5965,24896,0
20250730,140000,5966.5,5969.5,5953.5,5957,26129,0
20250730,150000,5957.5,5966.5,5902,5909.5,95973,0
20250730,160000,5909.5,5921,5903,5917.5,46905,0
20250730,170000,5918,5939,5915,5923.5,36303,0
20250730,180000,5923.5,5930,5917,5924.5,25832,0
20250730,190000,5931.5,5934.5,5911,5915,20647,0
20250730,200000,5913.5,5921,5910.5,5919.5,8440,0
20250730,210000,5918.5,5927.5,5918.5,5922.5,6806,0
20250730,220000,5922.5,5927,5918.5,5926,5132,0
20250730,230000,5926.5,5927.5,5925.5,5925.5,6043,0
20250731,060000,5925,5925,5925,5925,205,0
20250731,070000,5925,5940,5918.5,5930,12163,0
20250731,080000,5931,5940,5929,5937,6431,0
20250731,090000,5937,5959.5,5928,5945.5,27546,0
20250731,100000,5944.5,5968.5,5923,5925.5,48464,0
20250731,110000,5925,5930,5905,5908.5,50474,0
20250731,120000,5908.5,5922,5905.5,5913.5,32237,0
20250731,130000,5915,5930,5914,5916.5,33459,0
20250731,140000,5916.5,5927.5,5890,5902,71467,0
20250731,150000,5902.5,5906.5,5892.5,5899,41387,0
20250731,160000,5898.5,5912.5,5870.5,5911,59213,0
20250731,170000,5911,5923.5,5900.5,5916,28570,0
20250731,180000,5915.5,5925.5,5915,5924,15681,0
20250731,190000,5923.5,5937.5,5920,5929,19376,0
20250731,200000,5929,5929.5,5918.5,5921,5760,0
20250731,210000,5921.5,5924,5917,5923,6366,0
20250731,220000,5923,5923,5920,5923,3292,0
20250731,230000,5923,5929.5,5920.5,5922,5299,0
20250801,060000,5930,5930,5930,5930,59,0
20250801,070000,5930,5944,5924,5944,10516,0
20250801,080000,5944,5948,5933.5,5933.5,10149,0
20250801,090000,5935.5,5944.5,5930,5943,13837,0
20250801,100000,5941,5943.5,5926.5,5939.5,42579,0
20250801,110000,5940,5942,5934,5936.5,17884,0
20250801,120000,5936.5,5938,5925,5929,33051,0
20250801,130000,5928,5940,5920.5,5940,37131,0
20250801,140000,5940,5940.5,5905,5909.5,48983,0
20250801,150000,5908.5,5926,5907,5911.5,26146,0
20250801,160000,5911,5940,5907,5937,30071,0
20250801,170000,5937.5,5938,5925,5935.5,23329,0
20250801,180000,5935,5936,5920,5920,26752,0
20250801,190000,5928,5933,5898.5,5906.5,26373,0
20250801,200000,5906,5931.5,5888,5926,35137,0
20250801,210000,5926,5944.5,5917,5938,13094,0
20250801,220000,5938.5,5938.5,5920,5920.5,12383,0
20250801,230000,5920.5,5925,5910,5910.5,10908,0
20250804,060000,5924,5924,5924,5924,227,0
20250804,070000,5930,5939.5,5924,5933.5,7360,0
20250804,080000,5933.5,5944,5932.5,5940,4856,0
20250804,090000,5940,5942,5930,5939,7821,0
20250804,100000,5939,5964,5924.5,5957,47983,0
20250804,110000,5956.5,5988.5,5953.5,5975,63801,0
20250804,120000,5975,6003.5,5972.5,5995,76940,0
20250804,130000,5995,6010,5985,6006,69374,0
20250804,140000,6005.5,6039,6004,6029,102200,0
20250804,150000,6028.5,6034,6020.5,6030,56807,0
20250804,160000,6030,6049.5,6028.5,6049.5,92099,0
20250804,170000,6049.5,6067.5,6042,6052,122634,0
20250804,180000,6052,6071.5,6052,6064,56531,0
20250804,190000,6063,6069.5,6050,6054,26310,0
20250804,200000,6054,6070,6050.5,6068.5,22345,0
20250804,210000,6068.5,6074,6063,6074,33639,0
20250804,220000,6074,6099,6073.5,6085.5,47458,0
20250804,230000,6085,6097.5,6085,6097.5,10816,0
20250805,070000,6095.5,6097.5,6063.5,6064,20330,0
20250805,080000,6064,6082.5,6056.5,6072,31308,0
20250805,090000,6072.5,6093.5,6070,6081.5,21432,0
20250805,100000,6081.5,6082,6061.5,6073.5,34356,0
20250805,110000,6074,6080.5,6055.5,6061.5,40351,0
20250805,120000,6061.5,6063,6034.5,6038,54089,0
20250805,130000,6038,6054,6035,6050,32552,0
20250805,140000,6050.5,6052.5,6035,6048,23237,0
20250805,150000,6048.5,6110.5,6039,6077.5,106385,0
20250805,160000,6078,6090,6065.5,6068,49698,0
20250805,170000,6068.5,6077.5,6056,6060.5,34606,0
20250805,180000,6060,6068.5,6057.5,6060,25507,0
20250805,190000,6060,6099,6060,6084,26822,0
20250805,200000,6084,6100,6071.5,6077,42766,0
20250805,210000,6076,6083.5,6075,6081.5,15131,0
20250805,220000,6081.5,6092.5,6080,6091,8834,0
20250805,230000,6091.5,6095.5,6077,6081,10855,0
20250806,070000,6085,6097.5,6076,6078,6574,0
20250806,080000,6078,6078.5,6073,6078,5243,0
20250806,090000,6078.5,6091,6075.5,6082.5,11925,0
20250806,100000,6081.5,6089.5,6062,6069,42001,0
20250806,110000,6069,6074,6050.5,6061,36198,0
20250806,120000,6060,6077,6057.5,6075.5,20755,0
20250806,130000,6075.5,6079,6058,6060,22973,0
20250806,140000,6060,6077,6047.5,6075.5,26012,0
20250806,150000,6075,6095,6050.5,6061.5,47224,0
20250806,160000,6061.5,6068.5,6038,6039.5,39762,0
20250806,170000,6039.5,6095.5,5997,5997,135112,0
20250806,180000,5997.5,6020,5985,6001.5,59991,0
20250806,190000,6003,6060,5990,6017.5,83465,0
20250806,200000,6017,6098,6012,6086.5,116964,0
20250806,210000,6086.5,6195,6083,6194.5,135582,0
20250806,220000,6194.5,6250,6156.5,6191,276561,0
20250806,230000,6191,6200,6147,6170,93435,0
20250807,070000,6169,6179,6135,6157,31820,0
20250807,080000,6157,6174,6151,6173.5,11915,0
20250807,090000,6171.5,6180,6137.5,6140.5,20934,0
20250807,100000,6140.5,6156.5,6111.5,6146.5,105592,0
20250807,110000,6148,6274.5,6145,6250.5,325693,0
20250807,120000,6251,6290,6219,6227,126301,0
20250807,130000,6227.5,6264.5,6201,6237,93163,0
20250807,140000,6236,6273,6235,6264,63797,0
20250807,150000,6264,6279,6230,6258.5,75217,0
20250807,160000,6257.5,6259,6241,6258.5,36345,0
20250807,170000,6258.5,6278,6253,6274,51385,0
20250807,180000,6274.5,6296,6210.5,6225,124100,0
20250807,190000,6218.5,6224.5,6191,6195.5,91040,0
20250807,200000,6195.5,6198,6161.5,6166,60403,0
20250807,210000,6166,6229,6165,6195,79247,0
20250807,220000,6196.5,6199,6178,6184,13898,0
20250807,230000,6184,6226.5,6169.5,6202.5,61010,0
20250808,070000,6224,6235.5,6202,6205.5,13951,0
20250808,080000,6205.5,6219.5,6205,6217.5,6077,0
20250808,090000,6217.5,6231,6204,6222,21754,0
20250808,100000,6222,6224,6187.5,6188,69927,0
20250808,110000,6187.5,6200,6179.5,6199.5,34307,0
20250808,120000,6200,6205,6191,6195.5,28166,0
20250808,130000,6194,6233,6183.5,6214.5,47311,0
20250808,140000,6214.5,6242,6207,6235,45377,0
20250808,150000,6235,6259,6228,6228.5,46384,0
20250808,160000,6228.5,6242.5,6225.5,6238.5,22906,0
20250808,170000,6240,6270,6227.5,6268,120734,0
20250808,180000,6268.5,6274.5,6244.5,6250,60016,0
20250808,190000,6250,6259,6243,6258.5,21088,0
20250808,200000,6258.5,6268,6251.5,6253.5,27144,0
20250808,210000,6254,6273,6252,6272.5,20101,0
20250808,220000,6272.5,6272.5,6267,6270,5653,0
20250808,230000,6270,6331.5,6269,6320,89041,0
20250811,070000,6356,6430,6352.5,6415,109045,0
20250811,080000,6415,6419.5,6400,6410,50097,0
20250811,090000,6410,6410.5,6375.5,6380.5,82081,0
20250811,100000,6380,6383,6340.5,6342,106476,0
20250811,110000,6342,6388.5,6342,6375,60191,0
20250811,120000,6375,6375,6334.5,6345,53726,0
20250811,130000,6345,6346,6320.5,6329,58103,0
20250811,140000,6330.5,6370,6329,6348.5,54878,0
20250811,150000,6348.5,6360.5,6335,6342,28405,0
20250811,160000,6342.5,6364,6329,6362.5,27519,0
20250811,170000,6362.5,6382.5,6350.5,6374,29819,0
20250811,180000,6374,6380.5,6323,6323.5,48440,0
20250811,190000,6323,6345.5,6319,6328,44647,0
20250811,200000,6328,6345,6325.5,6328,11114,0
20250811,210000,6328.5,6331,6320.5,6329,7652,0
20250811,220000,6329,6340,6327.5,6340,6019,0
20250811,230000,6339.5,6342,6330.5,6336.5,6827,0
20250812,070000,6354,6361.5,6310.5,6316.5,14382,0
20250812,080000,6316,6318.5,6291.5,6313,19383,0
20250812,090000,6313,6337.5,6313,6336.5,10536,0
20250812,100000,6335.5,6339.5,6322,6329,33549,0
20250812,110000,6329,6340,6320.5,6339.5,50261,0
20250812,120000,6339.5,6353.5,6333,6353.5,45771,0
20250812,130000,6353,6365.5,6353,6357.5,33439,0
20250812,140000,6357.5,6362,6343,6356,32969,0
20250812,150000,6356,6360,6344.5,6356.5,18110,0
20250812,160000,6356,6385,6355,6378,43927,0
20250812,170000,6378,6396,6376,6390,49277,0
20250812,180000,6390,6396,6361.5,6370,31164,0
20250812,190000,6371,6374,6361,6374,13224,0
20250812,200000,6373.5,6382.5,6363.5,6378,9681,0
20250812,210000,6378,6381.5,6372,6373,4202,0
20250812,220000,6373.5,6379,6370,6379,4503,0
20250812,230000,6378,6385.5,6375.5,6385,7556,0
20250813,070000,6385.5,6395,6371,6383,10088,0
20250813,080000,6381,6383.5,6367.5,6372,8411,0
20250813,090000,6371,6378.5,6360.5,6375,14867,0
20250813,100000,6375,6382,6362.5,6364.5,42654,0
20250813,110000,6364.5,6375,6364,6373,45974,0
20250813,120000,6373,6382.5,6346,6365.5,55341,0
20250813,130000,6365.5,6365.5,6346.5,6351,30981,0
20250813,140000,6351,6358.5,6330,6334.5,32120,0
20250813,150000,6333.5,6355,6322,6341,41543,0
20250813,160000,6340.5,6367.5,6331,6355.5,45375,0
20250813,170000,6355.5,6374.5,6345,6356,55203,0
20250813,180000,6356,6377.5,6355,6355,30752,0
20250813,190000,6356.5,6367.5,6345,6348,13755,0
20250813,200000,6348,6348.5,6334,6339,13986,0
20250813,210000,6339,6346,6335,6341.5,4767,0
20250813,220000,6340.5,6344,6337,6339,4764,0
20250813,230000,6339,6339,6326,6336,13081,0
20250814,070000,6336,6337,6302.5,6328.5,13714,0
20250814,080000,6328.5,6333.5,6315,6320,8064,0
20250814,090000,6320,6324,6296,6299,22488,0
20250814,100000,6298.5,6316,6283,6315,54896,0
20250814,110000,6314,6316.5,6295,6312,28317,0
20250814,120000,6310.5,6335,6309,6333,42461,0
20250814,130000,6332.5,6364,6330,6356,40925,0
20250814,140000,6356.5,6367,6336,6365,34236,0
20250814,150000,6365.5,6389.5,6365.5,6387.5,58872,0
20250814,160000,6387.5,6394.5,6370,6391.5,69437,0
20250814,170000,6391.5,6399,6371,6393,79702,0
20250814,180000,6393,6393.5,6381.5,6386,14190,0
20250814,190000,6386,6392,6380.5,6381.5,16984,0
20250814,200000,6381.5,6400,6381,6395,17116,0
20250814,210000,6395,6403.5,6390,6393.5,19316,0
20250814,220000,6393,6399,6385,6391.5,8898,0
20250814,230000,6392,6392,6386.5,6387,4171,0
20250815,070000,6400.5,6409,6391.5,6395.5,12116,0
20250815,080000,6394,6417,6390,6413,16599,0
20250815,090000,6412,6413.5,6393.5,6399.5,18485,0
20250815,100000,6400,6400,6380.5,6388.5,36372,0
20250815,110000,6388.5,6420,6385.5,6415.5,33624,0
20250815,120000,6415,6432.5,6415,6422,47221,0
20250815,130000,6422,6429,6413,6418.5,38086,0
20250815,140000,6417.5,6429.5,6416,6427,26810,0
20250815,150000,6427,6437.5,6420,6432.5,36308,0
20250815,160000,6433,6439.5,6429,6434,24099,0
20250815,170000,6434.5,6449,6432,6442.5,49021,0
20250815,180000,6442.5,6447,6433.5,6445.5,30875,0
20250815,190000,6445.5,6471.5,6440.5,6469.5,58122,0
20250815,200000,6469,6475,6437,6449,38924,0
20250815,210000,6450,6468.5,6450,6462,21352,0
20250815,220000,6462.5,6462.5,6440.5,6447,35227,0
20250815,230000,6446,6451,6425.5,6444,33159,0
20250816,090000,6393,6393,6393,6393,5903,0
20250816,100000,6392,6392.5,6275,6343.5,93956,0
20250816,110000,6343.5,6343.5,6314,6329,36129,0
20250816,120000,6328.5,6329,6306.5,6307,27446,0
20250816,130000,6307.5,6314.5,6305,6310,12230,0
20250816,140000,6310,6320,6308.5,6318.5,10219,0
20250816,150000,6320,6357,6318.5,6355,13181,0
20250816,160000,6355,6370,6334,6363,17994,0
20250816,170000,6363,6371,6351,6355,7180,0
20250816,180000,6356.5,6360,6351,6360,6978,0
20250817,090000,6360,6360,6360,6360,139,0
20250817,100000,6360,6363,6336.5,6336.5,12789,0
20250817,110000,6337.5,6343,6330,6332,4872,0
20250817,120000,6334.5,6349.5,6332,6349.5,2238,0
20250817,130000,6349.5,6349.5,6341,6341,1701,0
20250817,140000,6343.5,6345.5,6334.5,6341,2117,0
20250817,150000,6340.5,6344.5,6335.5,6335.5,1506,0
20250817,160000,6337,6342.5,6315.5,6338.5,14929,0
20250817,170000,6338.5,6348,6334.5,6338,6173,0
20250817,180000,6337,6345,6331,6337.5,5128,0
20250818,070000,6334,6369,6324,6366.5,21831,0
20250818,080000,6366.5,6380,6365,6371,14327,0
20250818,090000,6370.5,6370.5,6340,6355,32349,0
20250818,100000,6355,6356,6321,6331,45378,0
20250818,110000,6331,6358.5,6328,6358.5,31306,0
20250818,120000,6358,6372.5,6353,6364,28993,0
20250818,130000,6365,6369,6353.5,6359.5,18043,0
20250818,140000,6359.5,6367,6355,6365.5,12008,0
20250818,150000,6366,6378.5,6359,6378,20044,0
20250818,160000,6378,6390,6373.5,6376.5,23244,0
20250818,170000,6376.5,6380,6355,6373,64078,0
20250818,180000,6372.5,6379.5,6355,6355,23979,0
20250818,190000,6356,6380,6339,6371.5,25582,0
20250818,200000,6372,6389,6360.5,6377.5,20829,0
20250818,210000,6378,6461.5,6372.5,6428,53101,0
20250818,220000,6427.5,6491.5,6412,6425,88566,0
20250818,230000,6425,6429.5,6409,6420,16643,0
20250819,070000,6419,6429,6396.5,6409,33585,0
20250819,080000,6408,6409,6401,6407,8820,0
20250819,090000,6407,6423.5,6403.5,6417.5,24439,0
20250819,100000,6417,6439.5,6412,6424,38757,0
20250819,110000,6425,6426.5,6401.5,6402.5,32326,0
20250819,120000,6403,6415,6366,6369,47248,0
20250819,130000,6369,6387.5,6368.5,6380,32226,0
20250819,140000,6379,6388,6378,6384,16962,0
20250819,150000,6385,6391,6371,6371.5,34579,0
20250819,160000,6371,6389.5,6368,6387.5,20112,0
20250819,170000,6387,6396,6373.5,6375.5,14979,0
20250819,180000,6376,6377.5,6350,6360,43404,0
20250819,190000,6351.5,6362,6340,6354.5,26265,0
20250819,200000,6354,6387.5,6341.5,6380.5,22938,0
20250819,210000,6380.5,6385,6368,6374,13811,0
20250819,220000,6374,6379,6371,6376.5,3456,0
20250819,230000,6377,6377,6365,6365,6506,0
20250820,070000,6366,6382,6365.5,6372,4712,0
20250820,080000,6373.5,6377,6371,6373,3374,0
20250820,090000,6373,6377,6352.5,6377,10801,0
20250820,100000,6377,6377,6347,6351,30316,0
20250820,110000,6350.5,6366,6345.5,6361.5,15675,0
20250820,120000,6363.5,6374.5,6352,6360.5,11067,0
20250820,130000,6360.5,6360.5,6349.5,6355,15350,0
20250820,140000,6356.5,6358,6300,6324.5,78902,0
20250820,150000,6324,6338,6304.5,6333,36312,0
20250820,160000,6333,6336,6305,6311.5,30768,0
20250820,170000,6311,6333,6305,6326.5,28034,0
20250820,180000,6326,6339,6320.5,6339,14567,0
20250820,190000,6339,6339.5,6303,6309,18633,0
20250820,200000,6309,6316.5,6305.5,6312.5,5916,0
20250820,210000,6312.5,6318.5,6301.5,6312.5,11894,0
20250820,220000,6312.5,6315,6310,6314.5,3372,0
20250820,230000,6314.5,6317.5,6310.5,6311.5,4461,0
20250821,070000,6312,6323.5,6311.5,6322,2324,0
20250821,080000,6322,6322,6311,6315,3975,0
20250821,090000,6315.5,6322,6312.5,6313.5,7125,0
20250821,100000,6313,6325,6282.5,6291.5,66656,0
20250821,110000,6291.5,6298.5,6272.5,6287.5,50851,0
20250821,120000,6287,6324,6285,6320,31854,0
20250821,130000,6321,6325,6286,6305.5,31252,0
20250821,140000,6305,6342.5,6298,6327,48022,0
20250821,150000,6327,6331,6315.5,6323,11469,0
20250821,160000,6323,6323.5,6287,6292.5,29586,0
20250821,170000,6292,6300,6284,6289.5,21740,0
20250821,180000,6289.5,6290,6243,6260,66684,0
20250821,190000,6260,6261.5,6234,6252,36645,0
20250821,200000,6252.5,6260,6246.5,6258,11755,0
20250821,210000,6258,6260,6242.5,6245,8358,0
20250821,220000,6245,6251.5,6237,6238.5,9801,0
20250821,230000,6240.5,6252.5,6240,6249,7145,0
20250822,070000,6249,6262,6238,6242.5,8306,0
20250822,080000,6245,6264.5,6242,6255,9473,0
20250822,090000,6254.5,6277,6254.5,6261.5,23895,0
20250822,100000,6258.5,6270,6237.5,6249,57540,0
20250822,110000,6249.5,6269,6245,6246,25824,0
20250822,120000,6245.5,6282,6244,6265,48779,0
20250822,130000,6265,6292,6265,6291.5,32769,0
20250822,140000,6292,6324,6286,6300,54714,0
20250822,150000,6300,6306,6281.5,6282.5,42378,0
20250822,160000,6282.5,6308,6276,6301.5,31256,0
20250822,170000,6301.5,6320,6291,6295.5,42407,0
20250822,180000,6295,6340,6294.5,6321,38003,0
20250822,190000,6325,6335,6315,6327.5,11555,0
20250822,200000,6328,6338.5,6307,6310,14060,0
20250822,210000,6310,6317.5,6309.5,6315,3560,0
20250822,220000,6315,6322.5,6312.5,6322.5,4295,0
20250822,230000,6322,6335,6322,6326,7603,0
20250823,090000,6326,6326,6326,6326,309,0
20250823,100000,6326.5,6340,6300,6323,6682,0
20250823,110000,6323,6323.5,6315.5,6316.5,2649,0
20250823,120000,6316,6317,6315.5,6316.5,1164,0
20250823,130000,6315.5,6320,6310.5,6317.5,1659,0
20250823,140000,6317.5,6320,6315,6316,515,0
20250823,150000,6316,6317.5,6311,6317,579,0
20250823,160000,6317.5,6318,6311,6312.5,807,0
20250823,170000,6313,6317,6312,6315,1119,0
20250823,180000,6315,6320,6314,6317,875,0
20250824,090000,6318,6318,6318,6318,188,0
20250824,100000,6320,6324,6290.5,6302.5,7778,0
20250824,110000,6300.5,6305,6284,6292,7198,0
20250824,120000,6290,6298,6289,6295,927,0
20250824,130000,6295,6296.5,6291.5,6294,906,0
20250824,140000,6294,6299,6293.5,6298.5,1039,0
20250824,150000,6298.5,6302,6296.5,6300.5,770,0
20250824,160000,6300.5,6304,6298,6302,818,0
20250824,170000,6303,6304,6300,6300.5,648,0
20250824,180000,6302,6302,6300,6301,1523,0
20250825,070000,6300,6311,6280,6280,8928,0
20250825,080000,6280,6299.5,6278,6295.5,3704,0
20250825,090000,6296,6296,6257.5,6275,25811,0
20250825,100000,6275,6281.5,6261,6262,21604,0
20250825,110000,6262,6262.5,6238,6252,44651,0
20250825,120000,6252,6259,6235.5,6245.5,31907,0
20250825,130000,6245.5,6268,6243,6263.5,22406,0
20250825,140000,6264.5,6275,6244,6254,25115,0
20250825,150000,6253,6256.5,6223,6237.5,48998,0
20250825,160000,6239,6267.5,6223.5,6258.5,36065,0
20250825,170000,6259,6275.5,6258,6268.5,27873,0
20250825,180000,6268.5,6294,6268.5,6282,24200,0
20250825,190000,6282,6290.5,6280.5,6281.5,8142,0
20250825,200000,6282,6285.5,6277.5,6284,3064,0
20250825,210000,6284,6284,6280,6281,2746,0
20250825,220000,6281.5,6283,6278,6278,1497,0
20250825,230000,6278,6278.5,6270.5,6275.5,3670,0
20250826,070000,6283,6293.5,6280.5,6289.5,5991,0
20250826,080000,6289.5,6292.5,6289.5,6290,1971,0
20250826,090000,6291.5,6310,6281.5,6299,19742,0
20250826,100000,6299,6315,6290,6290.5,30668,0
20250826,110000,6291,6306.5,6290,6299.5,13058,0
20250826,120000,6300,6300,6284.5,6291.5,20319,0
20250826,130000,6291.5,6300,6291.5,6297.5,23841,0
20250826,140000,6297.5,6300,6295,6300,29477,0
20250826,150000,6299.5,6300,6282.5,6300,62615,0
20250826,160000,6300,6300,6255.5,6265,66895,0
20250826,170000,6265,6271.5,6255.5,6262.5,18045,0
20250826,180000,6262.5,6288,6258.5,6273.5,18671,0
20250826,190000,6274,6288.5,6270.5,6277.5,5226,0
20250826,200000,6277,6281,6275,6277,1636,0
20250826,210000,6276,6286,6276,6282.5,4241,0
20250826,220000,6282.5,6286,6278.5,6285,4865,0
20250826,230000,6285,6285.5,6276,6280,7402,0
20250827,070000,6284.5,6291,6280.5,6281,3497,0
20250827,080000,6281,6286.5,6276.5,6278.5,1638,0
20250827,090000,6280,6282,6272,6278.5,5547,0
20250827,100000,6278.5,6299,6273,6287.5,19071,0
20250827,110000,6287.5,6300,6287.5,6296,15191,0
20250827,120000,6296,6296,6290,6291.5,8302,0
20250827,130000,6292,6300,6287.5,6289.5,22574,0
20250827,140000,6289.5,6323,6287.5,6320.5,37637,0
20250827,150000,6320.5,6328,6315.5,6328,27843,0
20250827,160000,6327.5,6329.5,6310,6321.5,18475,0
20250827,170000,6324,6325.5,6293,6295,31644,0
20250827,180000,6294.5,6295,6283,6293.5,40199,0
20250827,190000,6293.5,6322.5,6293,6311.5,17004,0
20250827,200000,6311.5,6325.5,6307.5,6318.5,8384,0
20250827,210000,6318.5,6328,6317.5,6321,7465,0
20250827,220000,6321.5,6323.5,6314,6319.5,3794,0
20250827,230000,6319.5,6325,6319,6323,4235,0
20250828,070000,6326,6343.5,6324.5,6337,10053,0
20250828,080000,6335,6338,6331.5,6336,3404,0
20250828,090000,6336,6337,6323.5,6325,15167,0
20250828,100000,6324.5,6325,6301,6306,28984,0
20250828,110000,6306,6313,6295.5,6298,31853,0
20250828,120000,6298,6325.5,6296,6321,28351,0
20250828,130000,6320.5,6327,6307.5,6311.5,16225,0
20250828,140000,6312,6317,6303.5,6308.5,12797,0
20250828,150000,6308.5,6324.5,6306.5,6319.5,10074,0
20250828,160000,6319.5,6330,6313,6315.5,16107,0
20250828,170000,6315.5,6324.5,6315.5,6317.5,7385,0
20250828,180000,6319,6329.5,6319,6328,14695,0
20250828,190000,6328,6328,6305,6313.5,11944,0
20250828,200000,6313.5,6313.5,6250,6277,94752,0
20250828,210000,6277,6286.5,6267,6281,9407,0
20250828,220000,6281,6281,6265.5,6267.5,8294,0
20250828,230000,6268,6275,6264,6273.5,6493,0
20250829,070000,6280,6286,6280,6283,4420,0
20250829,080000,6284,6287.5,6282,6282.5,4770,0
20250829,090000,6282,6296,6281,6283,7094,0
20250829,100000,6283.5,6295.5,6275,6291,19169,0
20250829,110000,6292.5,6299,6270.5,6279.5,17804,0
20250829,120000,6280,6304,6235,6235.5,148423,0
20250829,130000,6235,6595,6235,6520,1814792,0
20250829,140000,6520,6531,6456.5,6470,602635,0
20250829,150000,6469.5,6483,6440,6456.5,265406,0
20250829,160000,6457,6467,6412,6419.5,178723,0
20250829,170000,6418.5,6442,6380,6427.5,347777,0
20250829,180000,6428,6435,6419,6428,57620,0
20250829,190000,6428,6442,6410.5,6419.5,67900,0
20250829,200000,6419.5,6437,6414.5,6436.5,25840,0
20250829,210000,6435.5,6443.5,6428.5,6432.5,35577,0
20250829,220000,6432.5,6434.5,6423,6430.5,18532,0
20250829,230000,6430,6433,6425.5,6430.5,19169,0
20250830,090000,6443.5,6443.5,6443.5,6443.5,443,0
20250830,100000,6440.5,6444,6423.5,6440,10320,0
20250830,110000,6439.5,6440.5,6429.5,6430,6353,0
20250830,120000,6430.5,6435,6429.5,6433.5,1657,0
20250830,130000,6435,6435,6425.5,6427.5,3951,0
20250830,140000,6426,6432,6424,6430,3877,0
20250830,150000,6430,6432,6425,6432,1888,0
20250830,160000,6431.5,6437.5,6425,6436,2764,0
20250830,170000,6435.5,6437,6430.5,6431.5,2387,0
20250830,180000,6431,6431.5,6425.5,6429,4216,0
20250831,090000,6430.5,6430.5,6430.5,6430.5,27,0
20250831,100000,6430.5,6442,6427.5,6439.5,5411,0
20250831,110000,6439.5,6444.5,6439,6443,5859,0
20250831,120000,6443.5,6443.5,6438.5,6439,1878,0
20250831,130000,6439,6443.5,6436.5,6438,3305,0
20250831,140000,6438,6440,6433,6439.5,2165,0
20250831,150000,6438.5,6445,6436.5,6442.5,5740,0
20250831,160000,6442.5,6444,6442,6443,1443,0
20250831,170000,6444,6444,6437,6438,2280,0
20250831,180000,6438.5,6446,6437.5,6445,3297,0
20250901,070000,6446.5,6459,6446,6449.5,15062,0
20250901,080000,6449.5,6452,6445,6448,9465,0
20250901,090000,6448,6452,6434,6441.5,34700,0
20250901,100000,6441,6441.5,6425,6431,61462,0
20250901,110000,6431,6444.5,6430,6436,29522,0
20250901,120000,6435.5,6443,6409,6411,54140,0
20250901,130000,6410.5,6424,6409,6416.5,31113,0
20250901,140000,6416,6424.5,6411,6413,33605,0
20250901,150000,6412,6420,6400.5,6412,40714,0
20250901,160000,6411,6418.5,6406.5,6410,27058,0
20250901,170000,6410,6411,6388.5,6390.5,53555,0
20250901,180000,6390.5,6395.5,6361,6361,62418,0
20250901,190000,6364,6375,6352.5,6369.5,35884,0
20250901,200000,6369.5,6370,6353.5,6363.5,21203,0
20250901,210000,6364,6369.5,6361,6367,8795,0
20250901,220000,6366,6370,6363,6369.5,7884,0
20250901,230000,6370,6370,6367.5,6370,9952,0
20250902,070000,6370,6374,6363.5,6370,11293,0
20250902,080000,6371.5,6373,6353,6359,11404,0
20250902,090000,6359,6362,6335,6342,38682,0
20250902,100000,6341.5,6361,6330,6339.5,52255,0
20250902,110000,6340,6340,6315,6326.5,52400,0
20250902,120000,6326.5,6342,6318,6335,36127,0
20250902,130000,6333.5,6346.5,6329.5,6337,22229,0
20250902,140000,6337.5,6345,6322.5,6325,23671,0
20250902,150000,6324.5,6338.5,6304.5,6304.5,54440,0
20250902,160000,6306.5,6312,6287,6298.5,64183,0
20250902,170000,6300,6322,6295.5,6317.5,37628,0
20250902,180000,6316,6322.5,6303.5,6315,32875,0
20250902,190000,6306,6321,6304.5,6307,13309,0
20250902,200000,6307,6311.5,6282.5,6299.5,19774,0
20250902,210000,6299.5,6320,6290,6317,14553,0
20250902,220000,6317.5,6340,6307,6334,25923,0
20250902,230000,6333.5,6339.5,6328,6336.5,8982,0
20250903,070000,6338,6344,6316.5,6324.5,5727,0
20250903,080000,6324.5,6336,6322.5,6335.5,2357,0
20250903,090000,6335.5,6342,6324,6339,6538,0
20250903,100000,6338,6351,6310,6330,48126,0
20250903,110000,6329.5,6330,6310,6324.5,39489,0
20250903,120000,6324.5,6332,6315,6316,32920,0
20250903,130000,6315.5,6349.5,6315.5,6338.5,39721,0
20250903,140000,6338.5,6340,6329,6338.5,21512,0
20250903,150000,6338.5,6349.5,6334.5,6349,28654,0
20250903,160000,6348,6395,6340.5,6357.5,71929,0
20250903,170000,6357,6384.5,6357,6378,31057,0
20250903,180000,6377,6393,6376,6393,39596,0
20250903,190000,6392.5,6405.5,6386.5,6398,57352,0
20250903,200000,6400,6404,6396,6398.5,7517,0
20250903,210000,6398.5,6399,6387,6396,8509,0
20250903,220000,6396,6399.5,6392,6399,5208,0
20250903,230000,6399,6399.5,6390,6393,4308,0
20250904,070000,6394,6405.5,6382,6389.5,4567,0
20250904,080000,6389.5,6390,6386,6388,6197,0
20250904,090000,6388,6395.5,6371.5,6395.5,12655,0
20250904,100000,6395.5,6444,6390.5,6439,76784,0
20250904,110000,6439,6440,6422.5,6433.5,44637,0
20250904,120000,6433.5,6447.5,6428,6442,61213,0
20250904,130000,6442,6480,6442,6465,92929,0
20250904,140000,6464.5,6470,6461,6463,42683,0
20250904,150000,6462.5,6487.5,6445,6464.5,99012,0
20250904,160000,6464.5,6475,6458,6473,37134,0
20250904,170000,6473,6473,6392,6420,145417,0
20250904,180000,6420,6435,6400,6423,50031,0
20250904,190000,6420.5,6434,6403,6423.5,18544,0
20250904,200000,6423,6448,6421.5,6443,15118,0
20250904,210000,6443.5,6467.5,6443.5,6464,30108,0
20250904,220000,6464,6467.5,6450.5,6458,14771,0
20250904,230000,6458.5,6466,6453,6464,9565,0
20250905,070000,6471,6485,6465.5,6479,12317,0
20250905,080000,6477,6479.5,6462,6471,7268,0
20250905,090000,6471.5,6498,6471,6488.5,29889,0
20250905,100000,6488.5,6494,6470,6472,52092,0
20250905,110000,6472,6484,6450.5,6478.5,93735,0
20250905,120000,6478.5,6490,6465.5,6477.5,51078,0
20250905,130000,6477.5,6480,6462,6465,22348,0
20250905,140000,6465,6470,6458,6464,23284,0
20250905,150000,6464,6490,6458.5,6487,50749,0
20250905,160000,6487,6491,6474.5,6476,35341,0
20250905,170000,6476,6488.5,6475,6476,26804,0
20250905,180000,6476.5,6489.5,6475,6484,26473,0
20250905,190000,6484.5,6484.5,6474.5,6480.5,7099,0
20250905,200000,6480.5,6480.5,6472,6472.5,8654,0
20250905,210000,6473,6474.5,6466.5,6471,6979,0
20250905,220000,6470.5,6481.5,6464.5,6470.5,16313,0
20250905,230000,6469.5,6481.5,6461.5,6472,11711,0
20250906,090000,6472,6472,6472,6472,83,0
20250906,100000,6475,6483,6463,6468,7240,0
20250906,110000,6469.5,6469.5,6467,6467,1414,0
20250906,120000,6468,6473,6467,6467.5,2615,0
20250906,130000,6469,6470.5,6467.5,6470.5,691,0
20250906,140000,6470.5,6473,6469.5,6473,824,0
20250906,150000,6473,6473,6469,6471,1722,0
20250906,160000,6471,6473,6468,6468.5,873,0
20250906,170000,6469,6469,6465,6466.5,1235,0
20250906,180000,6465.5,6477,6464.5,6476.5,3455,0
20250907,090000,6476,6476,6476,6476,39,0
20250907,100000,6475,6476,6463,6469.5,3044,0
20250907,110000,6469,6475,6468,6470.5,1189,0
20250907,120000,6470.5,6480.5,6469,6478,2294,0
20250907,130000,6478,6486,6474.5,6483,2036,0
20250907,140000,6483,6485,6475,6482,3227,0
20250907,150000,6480,6482,6475.5,6480.5,1085,0
20250907,160000,6478.5,6485,6469.5,6470,4607,0
20250907,170000,6472,6480,6469.5,6478.5,2051,0
20250907,180000,6478.5,6484.5,6477,6484.5,2719,0
20250908,070000,6477.5,6484,6470,6480,6401,0
20250908,080000,6480,6490.5,6475.5,6487.5,8128,0
20250908,090000,6487,6491.5,6480.5,6484,17197,0
20250908,100000,6484,6508.5,6482.5,6500.5,58162,0
20250908,110000,6500.5,6503.5,6494.5,6501,31565,0
20250908,120000,6501,6502,6495,6496.5,28938,0
20250908,130000,6497.5,6498.5,6462.5,6484,54143,0
20250908,140000,6484.5,6490,6477.5,6485.5,6926,0
20250908,150000,6485.5,6486,6446,6454.5,54198,0
20250908,160000,6454,6460.5,6440,6456,42073,0
20250908,170000,6456.5,6478.5,6449.5,6469,25172,0
20250908,180000,6469.5,6481,6465.5,6480.5,11239,0
20250908,190000,6480.5,6497,6477,6489.5,24893,0
20250908,200000,6489.5,6490,6470,6478,15746,0
20250908,210000,6478,6487,6467,6470,17475,0
20250908,220000,6470.5,6471,6463.5,6465.5,4481,0
20250908,230000,6466,6468.5,6458,6465,9198,0
20250909,070000,6466,6483.5,6457,6458,13470,0
20250909,080000,6458.5,6464.5,6454,6459.5,7485,0
20250909,090000,6459.5,6463.5,6455,6460,6570,0
20250909,100000,6460,6480,6442.5,6480,81066,0
20250909,110000,6480,6502.5,6477,6488,86901,0
20250909,120000,6488.5,6491,6472.5,6477.5,46986,0
20250909,130000,6477,6482,6456.5,6460,45449,0
20250909,140000,6460,6478.5,6455,6476.5,38524,0
20250909,150000,6476.5,6489,6476.5,6481,18468,0
20250909,160000,6480.5,6500,6480,6492,36856,0
20250909,170000,6492.5,6495.5,6492,6493,24790,0
20250909,180000,6493,6496,6485.5,6488,23599,0
20250909,190000,6489,6492,6481,6485.5,7361,0
20250909,200000,6485.5,6492,6476,6489,7742,0
20250909,210000,6489,6490,6486,6489.5,4204,0
20250909,220000,6490,6490,6487,6488,3399,0
20250909,230000,6488.5,6490,6484,6484.5,5717,0
20250910,070000,6485.5,6497.5,6469,6475,14077,0
20250910,080000,6474,6480.5,6461.5,6478.5,9738,0
20250910,090000,6478.5,6483,6460,6466,16347,0
20250910,100000,6467,6559,6461.5,6552,146159,0
20250910,110000,6552.5,6595,6541,6562.5,196761,0
20250910,120000,6562.5,6590.5,6553.5,6583.5,83102,0
20250910,130000,6583,6583.5,6542,6557,105422,0
20250910,140000,6554,6575,6542.5,6554,50645,0
20250910,150000,6554,6557,6528,6545.5,67159,0
20250910,160000,6545.5,6559,6545,6549.5,33647,0
20250910,170000,6550,6560,6539,6552,25621,0
20250910,180000,6552,6555,6523.5,6532.5,40332,0
20250910,190000,6532.5,6537.5,6510,6526,37583,0
20250910,200000,6524,6531.5,6515.5,6528.5,16069,0
20250910,210000,6527,6550,6522,6546,25803,0
20250910,220000,6546.5,6549.5,6530,6530.5,11668,0
20250910,230000,6530.5,6545,6530,6537.5,9157,0
20250911,070000,6537.5,6588.5,6533.5,6580,25096,0
20250911,080000,6580,6588.5,6567.5,6569,14524,0
20250911,090000,6569.5,6579,6559,6564.5,22168,0
20250911,100000,6564,6571,6537,6539.5,66270,0
20250911,110000,6538,6559.5,6522,6558.5,75639,0
20250911,120000,6558,6562,6544,6555,32452,0
20250911,130000,6555,6560.5,6542.5,6560,27425,0
20250911,140000,6560.5,6590,6557,6581.5,63476,0
20250911,150000,6581.5,6588,6552,6572,57352,0
20250911,160000,6572,6627,6563,6602.5,120325,0
20250911,170000,6602,6657.5,6602,6627,122991,0
20250911,180000,6626.5,6628,6609.5,6619.5,50711,0
20250911,190000,6619.5,6619.5,6611,6612,13240,0
20250911,200000,6612,6624.5,6610.5,6619.5,16057,0
20250911,210000,6619.5,6624.5,6614,6616,9962,0
20250911,220000,6616,6636.5,6614,6628.5,14991,0
20250911,230000,6629,6636,6624,6626.5,13321,0
20250912,070000,6624,6669,6624,6658,38214,0
20250912,080000,6658,6660,6646,6657,14615,0
20250912,090000,6657,6658,6615,6624,25671,0
20250912,100000,6623,6624,6577,6580.5,64841,0
20250912,110000,6580.5,6587,6556,6582.5,58744,0
20250912,120000,6583.5,6583.5,6540,6547.5,63331,0
20250912,130000,6548,6562,6461,6504,198909,0
20250912,140000,6504.5,6535,6499,6517.5,68290,0
20250912,150000,6517,6519.5,6460.5,6495.5,186679,0
20250912,160000,6495,6497.5,6428.5,6441,143456,0
20250912,170000,6441,6461,6430,6439,65947,0
20250912,180000,6439,6453,6437,6448,28892,0
20250912,190000,6449,6449.5,6405.5,6422,57784,0
20250912,200000,6421.5,6431.5,6405.5,6420,28288,0
20250912,210000,6420,6434,6411,6431,19897,0
20250912,220000,6431.5,6432,6423.5,6430,9861,0
20250912,230000,6430,6448,6429.5,6448,10953,0
20250913,090000,6455,6455,6455,6455,202,0
20250913,110000,6455,6470.5,6453.5,6457,13702,0
20250913,120000,6457,6457,6426.5,6431,5648,0
20250913,130000,6431.5,6449,6429,6442.5,2995,0
20250913,140000,6444,6445,6436.5,6438.5,2038,0
20250913,150000,6438.5,6440,6430,6430.5,4342,0
20250913,160000,6430.5,6432,6415.5,6423,7181,0
20250913,170000,6423.5,6425.5,6411.5,6421,6564,0
20250913,180000,6421,6426.5,6416,6426.5,4144,0
20250914,090000,6426.5,6426.5,6426.5,6426.5,96,0
20250914,100000,6426.5,6426.5,6400.5,6420.5,9793,0
20250914,110000,6420.5,6424,6410.5,6416.5,3660,0
20250914,120000,6418.5,6420,6411,6416.5,2025,0
20250914,130000,6416.5,6438.5,6415,6429,7884,0
20250914,140000,6427.5,6440,6427,6438.5,4660,0
20250914,150000,6439,6457,6438.5,6446,8738,0
20250914,160000,6446.5,6453.5,6445,6447,9086,0
20250914,170000,6447.5,6462.5,6446,6448.5,7310,0
20250914,180000,6450.5,6500,6446,6495,13166,0
20250915,070000,6465,6478,6452.5,6472.5,10002,0
20250915,080000,6473.5,6477,6463,6463,5981,0
20250915,090000,6463,6463,6420.5,6433,35780,0
20250915,100000,6432.5,6444.5,6410.5,6413,48654,0
20250915,110000,6412.5,6423.5,6370.5,6391.5,92101,0
20250915,120000,6393,6417.5,6380,6397.5,38378,0
20250915,130000,6397,6428,6391.5,6417,35245,0
20250915,140000,6417,6435,6412,6430,26300,0
20250915,150000,6430,6444,6423,6431,26976,0
20250915,160000,6431,6444.5,6380,6403,56597,0
20250915,170000,6402.5,6438.5,6391.5,6426,52405,0
20250915,180000,6427.5,6433.5,6417,6423.5,17759,0
20250915,190000,6423.5,6441.5,6420.5,6429.5,11135,0
20250915,200000,6430.5,6442.5,6428.5,6432.5,9054,0
20250915,210000,6432,6432.5,6406.5,6410.5,9914,0
20250915,220000,6410.5,6416,6406,6415,3024,0
20250915,230000,6413.5,6426,6410.5,6420,3648,0
20250916,070000,6427,6439.5,6422.5,6433,4633,0
20250916,080000,6431.5,6456,6431.5,6451,13722,0
20250916,090000,6449.5,6451,6421,6427.5,14204,0
20250916,100000,6427.5,6454,6413.5,6439.5,43929,0
20250916,110000,6441.5,6442,6388,6403.5,51121,0
20250916,120000,6403.5,6407,6324.5,6340,129536,0
20250916,130000,6340,6350.5,6317,6341,88700,0
20250916,140000,6341,6355,6326,6349.5,34363,0
20250916,150000,6348,6358.5,6336.5,6351,21788,0
20250916,160000,6351,6384,6331.5,6370,54897,0
20250916,170000,6369.5,6386,6356.5,6370.5,30959,0
20250916,180000,6370.5,6374,6361,6365,10693,0
20250916,190000,6365,6370,6361,6368,6692,0
20250916,200000,6368,6373,6364.5,6372.5,7233,0
20250916,210000,6374.5,6375.5,6370,6374.5,2506,0
20250916,220000,6374.5,6374.5,6360,6364,6563,0
20250916,230000,6363.5,6371,6357,6370.5,5215,0
20250917,070000,6375.5,6379,6360,6377,3213,0
20250917,080000,6377,6378.5,6366.5,6368.5,2263,0
20250917,090000,6369.5,6373.5,6334.5,6338,21731,0
20250917,100000,6338,6354.5,6335,6345,24345,0
20250917,110000,6344,6359.5,6342,6359,21214,0
20250917,120000,6359,6383.5,6357.5,6370,35573,0
20250917,130000,6370,6421.5,6360.5,6388.5,54695,0
20250917,140000,6389,6409,6380,6384.5,30891,0
20250917,150000,6384.5,6386.5,6344,6354.5,28293,0
20250917,160000,6354.5,6389.5,6336,6350,56349,0
20250917,170000,6350.5,6409.5,6350,6395.5,85164,0
20250917,180000,6395.5,6410.5,6358.5,6358.5,84437,0
20250917,190000,6369.5,6407,6362.5,6379.5,30485,0
20250917,200000,6379.5,6386,6373,6375,12047,0
20250917,210000,6376.5,6399.5,6374.5,6390.5,7813,0
20250917,220000,6391,6396.5,6385.5,6389,4328,0
20250917,230000,6389,6390,6372.5,6380,6963,0
20250918,070000,6385.5,6395.5,6365.5,6372,3954,0
20250918,080000,6372,6382,6368,6372,2700,0
20250918,090000,6375.5,6379.5,6366.5,6369,10040,0
20250918,100000,6370,6383,6358,6372,41116,0
20250918,110000,6371.5,6381.5,6363.5,6375.5,25064,0
20250918,120000,6375.5,6387,6350.5,6370,27718,0
20250918,130000,6370,6370.5,6357,6366,25191,0
20250918,140000,6365,6375,6336.5,6337.5,48255,0
20250918,150000,6337.5,6337.5,6284.5,6303.5,432094,0
20250918,160000,6304,6314.5,6265,6279.5,122812,0
20250918,170000,6280,6328,6279.5,6323,83158,0
20250918,180000,6323,6373.5,6320.5,6373.5,98184,0
20250918,190000,6367.5,6370,6359.5,6362.5,17215,0
20250918,200000,6362.5,6363.5,6328.5,6328.5,16895,0
20250918,210000,6329,6336.5,6320.5,6330,10994,0
20250918,220000,6330,6331,6320,6326,5077,0
20250918,230000,6326,6326.5,6320.5,6325.5,4795,0
20250919,070000,6326,6337.5,6316.5,6317.5,6611,0
20250919,080000,6317,6319.5,6300.5,6307.5,7875,0
20250919,090000,6309.5,6343,6309.5,6343,17248,0
20250919,100000,6343,6355,6335,6347,33117,0
20250919,110000,6347,6348.5,6312,6313.5,27443,0
20250919,120000,6313.5,6345,6307,6340.5,49884,0
20250919,130000,6341,6350,6290.5,6294,55513,0
20250919,140000,6294.5,6333,6272.5,6331.5,62251,0
20250919,150000,6331,6331.5,6286,6299.5,38087,0
20250919,160000,6300.5,6314.5,6285,6309.5,46087,0
20250919,170000,6309,6310.5,6267.5,6267.5,46508,0
20250919,180000,6267.5,6271.5,6250,6262,63430,0
20250919,190000,6262,6264.5,6240,6260,31298,0
20250919,200000,6260,6264,6244.5,6261.5,18671,0
20250919,210000,6261,6266.5,6250,6251,9354,0
20250919,220000,6251.5,6254.5,6240,6246.5,8486,0
20250919,230000,6245.5,6247,6235.5,6239,10766,0
20250922,070000,6238.5,6245,6201,6222.5,17065,0
20250922,080000,6222.5,6243,6220,6241,10658,0
20250922,090000,6241,6241,6213.5,6215.5,16544,0
20250922,100000,6215,6228.5,6157,6181.5,108885,0
20250922,110000,6180.5,6195,6162.5,6177.5,46869,0
20250922,120000,6177,6187,6160,6167,52659,0
20250922,130000,6167,6187.5,6150,6183.5,61095,0
20250922,140000,6182.5,6231.5,6165,6192,92392,0
20250922,150000,6192,6210.5,6177,6177,50581,0
20250922,160000,6177.5,6180.5,6152,6152.5,36436,0
20250922,170000,6152,6207.5,6135.5,6199.5,75425,0
20250922,180000,6199.5,6240,6199.5,6218.5,55729,0
20250922,190000,6216,6230,6209,6222,16553,0
20250922,200000,6221.5,6263,6209.5,6251,27584,0
20250922,210000,6251.5,6279.5,6251.5,6273,23484,0
20250922,220000,6273.5,6275.5,6263.5,6264.5,6708,0
20250922,230000,6264.5,6271.5,6260.5,6268.5,7113,0
20250923,070000,6273.5,6298.5,6257.5,6274.5,30647,0
20250923,080000,6274.5,6278.5,6262.5,6264,12847,0
20250923,090000,6266.5,6281,6253.5,6277,19536,0
20250923,100000,6276,6276,6224.5,6233.5,44890,0
20250923,110000,6233.5,6277,6212,6271,44006,0
20250923,120000,6271,6289.5,6265,6282,38831,0
20250923,130000,6282,6285,6265,6274.5,18401,0
20250923,140000,6276,6293.5,6272.5,6281.5,24293,0
20250923,150000,6282,6284,6250.5,6270,22160,0
20250923,160000,6270,6279.5,6258,6265,30807,0
20250923,170000,6266,6272,6224,6245,60973,0
20250923,180000,6245,6255,6237.5,6253,17119,0
20250923,190000,6253,6253.5,6222,6224,14976,0
20250923,200000,6224,6232.5,6215,6215,11038,0
20250923,210000,6215.5,6226.5,6175,6183,28834,0
20250923,220000,6181.5,6181.5,6111.5,6124.5,125728,0
20250923,230000,6124,6155,6120,6140,33676,0
20250924,070000,6150,6161,6124.5,6156,28505,0
20250924,080000,6156,6156,6131,6136.5,8503,0
20250924,090000,6136,6136,6077.5,6095,76984,0
20250924,100000,6095,6159,6070.5,6158.5,111231,0
20250924,110000,6158,6178,6146,6165.5,77003,0
20250924,120000,6165.5,6167,6127,6161,63367,0
20250924,130000,6160,6165,6136,6142,29308,0
20250924,140000,6142.5,6180.5,6136,6178.5,42701,0
20250924,150000,6178.5,6209,6177,6200,50153,0
20250924,160000,6198.5,6239,6189,6222.5,71306,0
20250924,170000,6223,6224.5,6179,6191,49283,0
20250924,180000,6190.5,6198,6178,6190.5,25373,0
20250924,190000,6191,6191,6172.5,6183.5,10314,0
20250924,200000,6189,6190,6175,6181,16776,0
20250924,210000,6179,6190,6177,6184.5,8171,0
20250924,220000,6185,6190,6180.5,6190,4633,0
20250924,230000,6190,6190,6183,6189,7403,0
20250925,070000,6197,6197,6180.5,6190,5931,0
20250925,080000,6190,6190,6183,6186.5,4308,0
20250925,090000,6185,6209.5,6164,6203,22237,0
20250925,100000,6203,6203,6157.5,6167,30671,0
20250925,110000,6167,6168,6129,6153,72001,0
20250925,120000,6153,6180,6144,6169.5,24073,0
20250925,130000,6169.5,6178.5,6157.5,6166,21158,0
20250925,140000,6165,6186,6161.5,6185.5,11658,0
20250925,150000,6185.5,6189,6165,6166,22127,0
20250925,160000,6166.5,6168,6154.5,6157,14930,0
20250925,170000,6156.5,6164.5,6156.5,6162,14369,0
20250925,180000,6161.5,6162,6129,6149.5,36654,0
20250925,190000,6144,6168,6108,6129,40102,0
20250925,200000,6130.5,6139.5,6121,6131,12332,0
20250925,210000,6131,6135,6114,6119.5,9563,0
20250925,220000,6119,6135,6118,6123,11794,0
20250925,230000,6122,6131,6120,6123,4705,0
20250926,070000,6136,6136,6090.5,6103,17216,0
20250926,080000,6103.5,6130,6100.5,6120,9930,0
20250926,090000,6120,6165,6120,6143.5,27348,0
20250926,100000,6144,6147,6112.5,6128,43986,0
20250926,110000,6128.5,6149.5,6123,6135.5,31955,0
20250926,120000,6135.5,6170,6134.5,6165.5,41405,0
20250926,130000,6166,6168,6146,6153,29208,0
20250926,140000,6153.5,6155.5,6142,6152.5,22189,0
20250926,150000,6152,6153.5,6130.5,6141,40516,0
20250926,160000,6141,6150,6120.5,6130,19000,0
20250926,170000,6130,6195.5,6127,6195.5,71283,0
20250926,180000,6195,6199,6180,6198.5,59739,0
20250926,190000,6198,6225,6191.5,6216.5,35183,0
20250926,200000,6217,6223,6211,6219,13729,0
20250926,210000,6219,6245,6216,6226.5,27167,0
20250926,220000,6226,6230,6218,6228,4624,0
20250926,230000,6228,6239.5,6223.5,6228,8903,0
20250927,090000,6228,6228,6228,6228,51,0
20250927,100000,6229.5,6249.5,6227,6236.5,5784,0
20250927,110000,6236.5,6239,6229,6231,1033,0
20250927,120000,6232,6233,6230,6232.5,1072,0
20250927,130000,6231.5,6233,6229.5,6231.5,1035,0
20250927,140000,6231.5,6234.5,6230.5,6232,992,0
20250927,150000,6232,6234.5,6228.5,6231,758,0
20250927,160000,6230,6232,6219,6223.5,2075,0
20250927,170000,6223.5,6227.5,6220,6223.5,1207,0
20250927,180000,6223.5,6224,6220.5,6221.5,1280,0
20250928,090000,6222.5,6222.5,6222.5,6222.5,29,0
20250928,100000,6228,6229.5,6207.5,6223.5,2034,0
20250928,110000,6224,6227,6216.5,6219.5,1840,0
20250928,120000,6219,6224,6213,6219,866,0
20250928,130000,6219.5,6220,6216,6220,1050,0
20250928,140000,6220,6222.5,6211,6218,1754,0
20250928,150000,6218,6218.5,6215,6217.5,594,0
20250928,160000,6217.5,6218,6211,6211,1271,0
20250928,170000,6211,6216.5,6207,6216.5,1997,0
20250928,180000,6215,6221.5,6209,6221,1811,0
20250929,070000,6209,6222,6205,6211.5,3389,0
20250929,080000,6211.5,6220,6204,6205.5,5688,0
20250929,090000,6206,6206,6182.5,6188.5,12087,0
20250929,100000,6187.5,6218.5,6175.5,6218,30392,0
20250929,110000,6218,6236,6217.5,6232.5,46150,0
20250929,120000,6231.5,6264,6228.5,6235,54197,0
20250929,130000,6234.5,6251.5,6223,6231.5,64410,0
20250929,140000,6231.5,6239.5,6218.5,6229,24612,0
20250929,150000,6229,6234,6185.5,6191.5,49388,0
20250929,160000,6191.5,6199.5,6157,6168.5,43818,0
20250929,170000,6168.5,6188.5,6157.5,6164.5,39522,0
20250929,180000,6164.5,6165,6090,6099,102767,0
20250929,190000,6098,6113.5,6073.5,6091.5,50837,0
20250929,200000,6091,6095,6080,6093,18763,0
20250929,210000,6093,6095,6073,6090.5,21248,0
20250929,220000,6091,6095.5,6073.5,6081,16212,0
20250929,230000,6080.5,6095.5,6080,6093,5296,0
20250930,070000,6099,6108.5,6093.5,6098.5,16235,0
20250930,080000,6095.5,6097.5,6078,6094,14723,0
20250930,090000,6093,6093,6074.5,6079.5,23713,0
20250930,100000,6079,6080,6036,6073.5,102951,0
20250930,110000,6073.5,6080,6019,6030,66096,0
20250930,120000,6030,6042.5,6005,6032.5,81424,0
20250930,130000,6032,6045,6011,6030.5,63453,0
20250930,140000,6030.5,6048,6013,6017,57758,0
20250930,150000,6016.5,6043,6005,6037.5,53037,0
20250930,160000,6038.5,6100,6029,6100,81477,0
20250930,170000,6100,6114,6081,6105,64985,0
20250930,180000,6105.5,6135,6105.5,6111,53391,0
20250930,190000,6111,6124,6086,6088,20895,0
20250930,200000,6088,6092,6027,6078.5,37267,0
20250930,210000,6079.5,6086.5,6071.5,6084,7621,0
20250930,220000,6084,6085,6072,6080.5,6123,0
20250930,230000,6082.5,6085,6077.5,6082.5,4296,0
20251001,070000,6095,6115,6066,6113,10018,0
20251001,080000,6114,6116,6100,6110,8437,0
20251001,090000,6108,6113,6094.5,6108.5,7901,0
20251001,100000,6108.5,6108.5,6066,6076.5,43977,0
20251001,110000,6076,6114.5,6071,6091,23267,0
20251001,120000,6091,6108,6084.5,6102,22267,0
20251001,130000,6101.5,6102.5,6060,6081.5,29414,0
20251001,140000,6081.5,6089.5,6052,6062.5,20248,0
20251001,150000,6063,6063,6021.5,6024,66384,0
20251001,160000,6024,6063.5,6011,6057,50716,0
20251001,170000,6056.5,6056.5,6009,6023,56477,0
20251001,180000,6023,6057.5,6022.5,6034.5,24535,0
20251001,190000,6040,6042.5,6024,6032.5,8577,0
20251001,200000,6032.5,6036,6013.5,6030,10513,0
20251001,210000,6029,6030,6007.5,6020.5,18457,0
20251001,220000,6020.5,6033.5,6015,6029,20841,0
20251001,230000,6030,6055,6029.5,6048.5,10765,0
20251002,070000,6042,6045,6020,6025,6329,0
20251002,080000,6025,6030,6000,6000.5,32174,0
20251002,090000,6003.5,6021.5,5991.5,6001,39772,0
20251002,100000,6001,6032.5,5991,6023.5,64259,0
20251002,110000,6024.5,6036.5,5993.5,6012,42715,0
20251002,120000,6011.5,6067,6002.5,6061.5,54650,0
20251002,130000,6062,6080.5,6028,6030,45111,0
20251002,140000,6030.5,6053.5,6016.5,6051.5,35113,0
20251002,150000,6053,6055,6037,6042,24947,0
20251002,160000,6041,6046,6020.5,6028,23020,0
20251002,170000,6028.5,6060.5,6019.5,6047.5,34243,0
20251002,180000,6047.5,6054.5,6003,6029,27783,0
20251002,190000,6028.5,6035,6011,6022.5,20916,0
20251002,200000,6022.5,6023.5,6011,6022.5,4726,0
20251002,210000,6022.5,6022.5,6000,6005,16276,0
20251002,220000,6005,6039.5,6003.5,6030,12245,0
20251002,230000,6029.5,6036.5,6020,6026.5,4991,0
20251003,070000,6030,6044,6026.5,6038,4235,0
20251003,080000,6038,6044,6032.5,6042,3331,0
20251003,090000,6042,6044,6023.5,6035,10080,0
20251003,100000,6035.5,6058,6024.5,6037,36817,0
20251003,110000,6036,6060,6027,6034,35495,0
20251003,120000,6035,6040.5,6005,6005,26591,0
20251003,130000,6005.5,6017,5977,5989.5,95880,0
20251003,140000,5989,6000,5970.5,5973.5,58054,0
20251003,150000,5972.5,5982,5960,5976,69461,0
20251003,160000,5975,5976,5953.5,5964,43196,0
20251003,170000,5964,5968.5,5932.5,5949,72168,0
20251003,180000,5948.5,5953.5,5927,5927.5,37328,0
20251003,190000,5928,5935.5,5911,5921,38498,0
20251003,200000,5919,5937,5919,5934,14556,0
20251003,210000,5932,5945.5,5930.5,5937.5,17912,0
20251003,220000,5938,5941.5,5931,5936.5,7068,0
20251003,230000,5937,5939,5913.5,5914,10518,0
20251004,090000,5920,5920,5920,5920,138,0
20251004,100000,5925,5930,5860,5867,58504,0
20251004,110000,5867,5879.5,5860,5866,26416,0
20251004,120000,5866,5878.5,5861.5,5864,19263,0
20251004,130000,5863.5,5868,5856,5860.5,21488,0
20251004,140000,5861.5,5882.5,5859,5880,13734,0
20251004,150000,5877.5,5884.5,5873,5880,7983,0
20251004,160000,5880,5881,5861,5865.5,10995,0
20251004,170000,5863.5,5888,5861.5,5885.5,11678,0
20251004,180000,5885.5,5897,5885,5889,10108,0
20251005,090000,5897,5897,5897,5897,226,0
20251005,100000,5900,5903.5,5870,5897.5,8406,0
20251005,110000,5897.5,5912,5885.5,5910.5,5802,0
20251005,120000,5910.5,5911,5884,5887,7007,0
20251005,130000,5887,5894,5867,5891.5,10477,0
20251005,140000,5892,5913,5889,5900.5,12246,0
20251005,150000,5900.5,5904,5885,5896.5,6172,0
20251005,160000,5897,5916,5897,5915,5148,0
20251005,170000,5915.5,5926,5908.5,5910,7773,0
20251005,180000,5909.5,5927.5,5909.5,5927,11426,0
20251006,070000,5950.5,5954.5,5928,5940,11218,0
20251006,080000,5940.5,5947,5935.5,5945.5,6203,0
20251006,090000,5945.5,5945.5,5914.5,5938.5,13051,0
20251006,100000,5938.5,5960,5907,5949.5,84807,0
20251006,110000,5948,5967,5935.5,5961,34578,0
20251006,120000,5961,5985,5960.5,5981,54908,0
20251006,130000,5980.5,5985,5951,5969,53417,0
20251006,140000,5969.5,5980,5934,5935.5,50109,0
20251006,150000,5935.5,5948,5911,5935.5,52232,0
20251006,160000,5935,6042,5934,6039,122089,0
20251006,170000,6040,6070,6030,6059.5,95961,0
20251006,180000,6059.5,6117,6059.5,6100.5,78852,0
20251006,190000,6101,6131.5,6087,6126,54540,0
20251006,200000,6127,6132,6100,6107,23053,0
20251006,210000,6106.5,6119.5,6101,6119,9572,0
20251006,220000,6118,6130,6113,6123.5,10344,0
20251006,230000,6123.5,6127,6102,6110,11215,0
20251007,070000,6100,6121,6082,6092,9022,0
20251007,080000,6092,6158.5,6090,6158,30974,0
20251007,090000,6158,6158,6085,6095,34687,0
20251007,100000,6095,6165.5,6075.5,6134.5,68423,0
20251007,110000,6134.5,6162,6131.5,6134,70723,0
20251007,120000,6134,6140,6116,6137,32742,0
20251007,130000,6137,6139.5,6116,6125.5,30966,0
20251007,140000,6125.5,6136.5,6106,6119.5,27882,0
20251007,150000,6119.5,6143,6096.5,6139.5,34375,0
20251007,160000,6138.5,6140.5,6101,6123,22226,0
20251007,170000,6123,6123,6097,6112.5,28994,0
20251007,180000,6112.5,6144,6100,6144,45646,0
20251007,190000,6138.5,6143,6118,6120,16974,0
20251007,200000,6123,6133.5,6120.5,6128.5,4760,0
20251007,210000,6129,6132,6113.5,6119.5,8899,0
20251007,220000,6119.5,6125,6117,6124,2967,0
20251007,230000,6124,6134,6124,6134,5998,0
20251008,070000,6135,6149,6124.5,6139.5,6024,0
20251008,080000,6138.5,6145,6130,6130.5,5042,0
20251008,090000,6131,6142.5,6124,6142,8137,0
20251008,100000,6140,6160,6121,6131,41190,0
20251008,110000,6131.5,6140,6106,6129.5,40103,0
20251008,120000,6129,6131,6070,6079,105267,0
20251008,130000,6079,6087.5,6041,6051.5,66220,0
20251008,140000,6050,6095.5,6040,6056.5,56170,0
20251008,150000,6057.5,6071,6012,6016.5,55219,0
20251008,160000,6016.5,6038.5,5977,5985.5,95743,0
20251008,170000,5984.5,5992,5916.5,5917,106687,0
20251008,180000,5916.5,5957.5,5880,5914.5,120546,0
20251008,190000,5915,5952.5,5906.5,5942,88060,0
20251008,200000,5941.5,5954.5,5928,5935.5,31139,0
20251008,210000,5935.5,5954,5932.5,5950.5,21275,0
20251008,220000,5951,5953.5,5935,5938.5,15299,0
20251008,230000,5938,5959.5,5934,5952,14127,0
20251009,070000,5968,5980,5925,5978,18458,0
20251009,080000,5978.5,5979,5950.5,5956,9725,0
20251009,090000,5955,5966.5,5912.5,5957,29010,0
20251009,100000,5956.5,5999,5935.5,5966,57955,0
20251009,110000,5966.5,5975,5831,5877.5,171447,0
20251009,120000,5877.5,6070.5,5870.5,6005.5,220312,0
20251009,130000,6005,6066.5,6005,6020.5,85275,0
20251009,140000,6020.5,6050,5998.5,6035,37740,0
20251009,150000,6035,6066,6018,6021,51693,0
20251009,160000,6021,6095.5,6002,6082.5,81792,0
20251009,170000,6082.5,6100,6062,6085,58658,0
20251009,180000,6085,6113.5,6085,6100,62632,0
20251009,190000,6099.5,6106.5,6079,6088,18761,0
20251009,200000,6088,6100,6068.5,6094,21561,0
20251009,210000,6094,6109,6087.5,6103.5,12387,0
20251009,220000,6103,6113,6097,6107,14771,0
20251009,230000,6107,6107,6091,6096,6661,0
20251010,070000,6104,6109.5,6039.5,6091,16375,0
20251010,080000,6091,6091,6066,6082,5245,0
20251010,090000,6082,6129,6082,6118,27157,0
20251010,100000,6118,6121.5,6066,6090,48513,0
20251010,110000,6090,6139,6080.5,6122,56131,0
20251010,120000,6120.5,6126.5,6082.5,6094.5,35539,0
20251010,130000,6094.5,6104,6025,6054.5,74839,0
20251010,140000,6056,6064.5,6037.5,6042.5,31249,0
20251010,150000,6042.5,6075,6027.5,6039.5,48244,0
20251010,160000,6040,6049,5960,5995,82351,0
20251010,170000,5993,6034,5956,5990.5,76518,0
20251010,180000,5990.5,6009.5,5950,6000,69797,0
20251010,190000,6000.5,6012,5977,5998.5,14870,0
20251010,200000,5998.5,5999,5982,5987,11911,0
20251010,210000,5987,5991.5,5982.5,5985,11581,0
20251010,220000,5985,5996.5,5982,5982.5,15323,0
20251010,230000,5982.5,5982.5,5960,5964,13855,0
20251011,090000,5964,5964,5964,5964,711,0
20251011,100000,5964,5969,5935,5963,12950,0
20251011,110000,5963,5981.5,5963,5972.5,4500,0
20251011,120000,5972.5,5977,5966,5977,3059,0
20251011,130000,5977,5985,5972,5985,3769,0
20251011,140000,5984.5,5985.5,5980,5983.5,2912,0
20251011,150000,5982.5,5988,5980.5,5982,1178,0
20251011,160000,5981,5982,5976,5980,910,0
20251011,170000,5981,5983.5,5976.5,5982.5,2290,0
20251011,180000,5982.5,5983,5981,5982.5,1307,0
20251012,090000,5986,5986,5986,5986,28,0
20251012,100000,5987,6007.5,5978.5,5996.5,10804,0
20251012,110000,5997,6000,5991,6000,1611,0
20251012,120000,5998,6010,5998,6009.5,2046,0
20251012,130000,6010,6010,6006,6007.5,4900,0
20251012,140000,6008,6010,6006,6008.5,3568,0
20251012,150000,6007.5,6010,6006,6008.5,1147,0
20251012,160000,6009,6010,6006,6007,1658,0
20251012,170000,6007,6007,6006,6007,1603,0
20251012,180000,6006.5,6007,6006,6007,3614,0
20251013,070000,6024,6034,6017,6028.5,11087,0
20251013,080000,6028.5,6034,6022.5,6024.5,7669,0
20251013,090000,6024,6033.5,6000.5,6030.5,20396,0
20251013,100000,6031,6043,5950,5961,97586,0
20251013,110000,5961.5,5995,5940,5983.5,61764,0
20251013,120000,5983,5987.5,5950.5,5973,23804,0
20251013,130000,5973.5,5979,5940.5,5944,23028,0
20251013,140000,5944,5965,5901.5,5945.5,103207,0
20251013,150000,5948,6022.5,5948,5998,96937,0
20251013,160000,5998,6000.5,5965.5,5981.5,28477,0
20251013,170000,5982,5982,5916.5,5933,54426,0
20251013,180000,5932.5,5951.5,5927.5,5951.5,20886,0
20251013,190000,5951,5977,5936,5975.5,11847,0
20251013,200000,5975.5,5975.5,5956,5957,11480,0
20251013,210000,5957.5,5969,5942.5,5946,8205,0
20251013,220000,5946,5950,5941,5946.5,5844,0
20251013,230000,5946,5950,5942,5950,4651,0
20251014,070000,5960,5967.5,5947,5963,3952,0
20251014,080000,5963,5966,5952,5959.5,2405,0
20251014,090000,5958.5,5959,5936.5,5942.5,10129,0
20251014,100000,5942.5,5947,5919,5925,30033,0
20251014,110000,5924,5937.5,5910,5930,32480,0
20251014,120000,5930,5950,5921.5,5933,27805,0
20251014,130000,5933,5945,5923.5,5930,15144,0
20251014,140000,5929.5,5942,5920,5935,26862,0
20251014,150000,5935,5938.5,5864.5,5900.5,111235,0
20251014,160000,5901,5901,5858,5862,91195,0
20251014,170000,5864,5897.5,5860,5874.5,35853,0
20251014,180000,5874.5,5884.5,5870,5874,34695,0
20251014,190000,5874.5,5881.5,5863.5,5871,26421,0
20251014,200000,5870.5,5880,5869,5874,6017,0
20251014,210000,5874,5876.5,5870,5875,4835,0
20251014,220000,5875,5880,5869,5879.5,7117,0
20251014,230000,5880,5890,5877,5888,7927,0
20251015,070000,5885,5899.5,5880,5894,4389,0
20251015,080000,5894,5909,5888.5,5890,11730,0
20251015,090000,5893.5,5893.5,5860.5,5876,19247,0
20251015,100000,5875.5,5883.5,5857,5857,44371,0
20251015,110000,5858.5,5863.5,5843,5847,45575,0
20251015,120000,5847,5877,5841.5,5866.5,57984,0
20251015,130000,5867,5900,5857,5860,54241,0
20251015,140000,5860,5894,5853,5878,61016,0
20251015,150000,5879,5892.5,5863.5,5887.5,54437,0
20251015,160000,5887.5,5888,5862.5,5865.5,30418,0
20251015,170000,5865.5,5879.5,5856,5861,20062,0
20251015,180000,5861.5,5863,5842.5,5857,45943,0
20251015,190000,5848,5861.5,5840.5,5846,21072,0
20251015,200000,5846,5849.5,5835,5839,26487,0
20251015,210000,5839,5844.5,5836.5,5840.5,9162,0
20251015,220000,5840.5,5853.5,5837.5,5850,9226,0
20251015,230000,5850,5850.5,5835,5835,14246,0
20251016,070000,5839,5854,5837,5850.5,9591,0
20251016,080000,5850,5850,5841,5848.5,3457,0
20251016,090000,5848,5848,5832.5,5841.5,16716,0
20251016,100000,5840,5847.5,5813,5825.5,58904,0
20251016,110000,5825.5,5848,5806.5,5807.5,57242,0
20251016,120000,5808,5858.5,5802,5852.5,58834,0
20251016,130000,5853,5855.5,5832,5842.5,18001,0
20251016,140000,5841,5875,5841,5852,46575,0
20251016,150000,5854,5888,5853,5879,36561,0
20251016,160000,5879.5,5904,5875,5882,50247,0
20251016,170000,5882,6030,5877,6004,275070,0
20251016,180000,6004,6016,5962,5996,86853,0
20251016,190000,5989,6010,5956,5989,46703,0
20251016,200000,5989,6194.5,5981.5,6154.5,477154,0
20251016,210000,6156.5,6158,6108.5,6130.5,107768,0
20251016,220000,6131,6158,6131,6151.5,30856,0
20251016,230000,6150,6185,6149.5,6185,40005,0
20251017,070000,6189.5,6200.5,6144.5,6145.5,46042,0
20251017,080000,6145.5,6176.5,6130,6174.5,45562,0
20251017,090000,6174.5,6186,6149.5,6174,61494,0
20251017,100000,6173,6229,6166,6197.5,213226,0
20251017,110000,6197.5,6214,6171.5,6186,63556,0
20251017,120000,6186.5,6228.5,6175.5,6227,60924,0
20251017,130000,6227.5,6239,6206.5,6213.5,41454,0
20251017,140000,6213.5,6290,6213,6256.5,72657,0
20251017,150000,6256.5,6300,6253.5,6285.5,62579,0
20251017,160000,6286.5,6300,6265,6300,92746,0
20251017,170000,6299.5,6308.5,6250.5,6252.5,74217,0
20251017,180000,6253,6289.5,6252,6283.5,28783,0
20251017,190000,6278,6291,6273,6287.5,14706,0
20251017,200000,6286.5,6330,6274,6317,81148,0
20251017,210000,6316,6343.5,6263,6296,43016,0
20251017,220000,6297.5,6304.5,6283,6294,19144,0
20251017,230000,6294.5,6319,6290,6312.5,31783,0
20251018,090000,6328,6328,6328,6328,107,0
20251018,100000,6328,6414.5,6321.5,6402.5,55444,0
20251018,110000,6402.5,6425.5,6402.5,6419,27296,0
20251018,120000,6419,6420,6410,6416,16573,0
20251018,130000,6416.5,6419,6410,6410,9554,0
20251018,140000,6410.5,6410.5,6401,6402.5,12526,0
20251018,150000,6403.5,6420,6403,6414,32427,0
20251018,160000,6414,6419.5,6410,6412,5659,0
20251018,170000,6412,6420.5,6400.5,6413,25180,0
20251018,180000,6412,6420,6404.5,6419.5,4910,0
20251019,090000,6422,6422,6422,6422,219,0
20251019,100000,6422,6444,6388,6393.5,29245,0
20251019,110000,6393,6414,6388,6389,23462,0
20251019,120000,6389.5,6420,6389.5,6402,10438,0
20251019,130000,6402,6410,6401,6405,2800,0
20251019,140000,6404.5,6408.5,6391,6391,6443,0
20251019,150000,6391,6392.5,6365,6366,18400,0
20251019,160000,6365,6370.5,6355,6356,15754,0
20251019,170000,6356,6380,6355.5,6380,8308,0
20251019,180000,6380,6383.5,6360,6360,9223,0
20251020,070000,6384,6400,6355.5,6373.5,27404,0
20251020,080000,6375.5,6406,6374,6379.5,17427,0
20251020,090000,6379.5,6380,6349,6355,46981,0
20251020,100000,6354,6397,6340,6378,75299,0
20251020,110000,6379,6382,6352,6372,28938,0
20251020,120000,6372.5,6376,6345,6346,41777,0
20251020,130000,6345.5,6358.5,6343,6344.5,25984,0
20251020,140000,6344.5,6395,6342.5,6377.5,49310,0
20251020,150000,6377,6391,6372.5,6390.5,18218,0
20251020,160000,6390,6390.5,6360.5,6360.5,41578,0
20251020,170000,6360.5,6371,6350.5,6355,30881,0
20251020,180000,6354,6369,6352,6353,23410,0
20251020,190000,6353.5,6359,6352,6358.5,9242,0
20251020,200000,6355.5,6360,6355,6360,3414,0
20251020,210000,6360,6375,6355.5,6373.5,5364,0
20251020,220000,6375,6385,6370.5,6382.5,8187,0
20251020,230000,6384,6391,6373.5,6374,7107,0
20251021,070000,6374,6388,6173.5,6265.5,123163,0
20251021,080000,6265.5,6299,6264,6279.5,41037,0
20251021,090000,6279,6329,6267,6305.5,57615,0
20251021,100000,6306,6312.5,6268,6275,42758,0
20251021,110000,6275,6294,6260.5,6281,47277,0
20251021,120000,6279,6324,6270,6299,55217,0
20251021,130000,6299.5,6338.5,6295,6317.5,42761,0
20251021,140000,6317,6323,6295,6307.5,19531,0
20251021,150000,6308,6311,6282.5,6288,21758,0
20251021,160000,6287,6298.5,6264,6268,19307,0
20251021,170000,6267.5,6271,6207,6214.5,82465,0
20251021,180000,6214.5,6214.5,6080,6156.5,222857,0
20251021,190000,6158,6244.5,6141.5,6235,89172,0
20251021,200000,6235,6238.5,6133.5,6159,61467,0
20251021,210000,6161,6198,6154,6185.5,22676,0
20251021,220000,6185.5,6229,6183,6191,16853,0
20251021,230000,6191.5,6288.5,6190,6266,29797,0
20251022,070000,6262,6275,6227,6268,18094,0
20251022,080000,6268,6288,6260.5,6272,12592,0
20251022,090000,6272,6273,6224,6237,21633,0
20251022,100000,6235.5,6253.5,6203.5,6241,45720,0
20251022,110000,6241,6284,6220,6275,49416,0
20251022,120000,6274,6295.5,6256,6292,43095,0
20251022,130000,6292,6296,6204.5,6247,55158,0
20251022,140000,6248,6258,6221,6251,25788,0
20251022,150000,6251.5,6269,6210,6217.5,31551,0
20251022,160000,6217.5,6282.5,6207,6261.5,54229,0
20251022,170000,6261.5,6275,6246.5,6268.5,23752,0
20251022,180000,6266,6276.5,6250,6270,19563,0
20251022,190000,6261,6272.5,6213,6247.5,33402,0
20251022,200000,6247.5,6250,6231,6244,7374,0
20251022,210000,6243.5,6249.5,6237,6244.5,4684,0
20251022,220000,6244,6244.5,6096,6134.5,170322,0
20251022,230000,6134.5,6141,6017.5,6052,251001,0
20251023,070000,5898,5899,5744,5870.5,456522,0
20251023,080000,5870.5,5919.5,5858,5890,151037,0
20251023,090000,5890.5,5907,5841,5843,141085,0
20251023,100000,5843,5889,5832.5,5862.5,297379,0
20251023,110000,5862.5,5862.5,5765.5,5787,484289,0
20251023,120000,5786.5,5830,5766.5,5803.5,235342,0
20251023,130000,5803.5,5815.5,5790,5809.5,100128,0
20251023,140000,5811,5812.5,5680,5701,910575,0
20251023,150000,5701,5719.5,5682.5,5703.5,341595,0
20251023,160000,5703.5,5744.5,5702,5715,191369,0
20251023,170000,5716,5727.5,5700,5726.5,133315,0
20251023,180000,5726.5,5790,5718,5760,159982,0
20251023,190000,5760.5,5775,5730,5761,92267,0
20251023,200000,5760,5787,5750,5781,68415,0
20251023,210000,5780.5,5786,5750,5753,50854,0
20251023,220000,5753.5,5768,5751,5763,29182,0
20251023,230000,5764,5773,5756.5,5761,27873,0
20251024,070000,5759.5,5788.5,5759,5783.5,37123,0
20251024,080000,5783.5,5800,5772.5,5778,38590,0
20251024,090000,5777.5,5777.5,5732,5739,58529,0
20251024,100000,5739,5766,5729.5,5740.5,68828,0
20251024,110000,5740.5,5750.5,5716,5724.5,71850,0
20251024,120000,5725,5726.5,5705,5717,63650,0
20251024,130000,5717,5799,5684,5713.5,328093,0
20251024,140000,5711.5,5714.5,5666,5685,221210,0
20251024,150000,5685,5706,5660,5704,89458,0
20251024,160000,5704,5707.5,5685,5694,40768,0
20251024,170000,5694,5700,5685,5685.5,30183,0
20251024,180000,5685.5,5685.5,5628.5,5628.5,152811,0
20251024,190000,5629,5644.5,5607,5622.5,109922,0
20251024,200000,5622.5,5645.5,5622,5640,32115,0
20251024,210000,5640.5,5641.5,5617,5636.5,46065,0
20251024,220000,5636.5,5647,5632,5647,13956,0
20251024,230000,5647,5648.5,5634,5636,19586,0
20251027,070000,5636,5638,5501,5523,198958,0
20251027,080000,5523,5536.5,5500,5528,89231,0
20251027,090000,5528,5533.5,5442,5460.5,275506,0
20251027,100000,5460.5,5474.5,5376.5,5405.5,497739,0
20251027,110000,5405.5,5405.5,5341.5,5360,466205,0
20251027,120000,5359.5,5405.5,5345.5,5391,242230,0
20251027,130000,5391,5395,5331.5,5348,374012,0
20251027,140000,5348,5349,5242,5285,666279,0
20251027,150000,5284.5,5338,5280,5317,577630,0
20251027,160000,5317,5332,5278,5332,225803,0
20251027,170000,5331,5382,5318,5366,384180,0
20251027,180000,5365.5,5373.5,5326,5350,166512,0
20251027,190000,5352,5368,5337.5,5362,65494,0
20251027,200000,5362.5,5363.5,5338.5,5350.5,56831,0
20251027,210000,5350,5351,5260,5270,305976,0
20251027,220000,5270,5287.5,5257,5281.5,155656,0
20251027,230000,5282,5283.5,5226,5237,171220,0
20251028,070000,5215.5,5219,5077.5,5133.5,648555,0
20251028,080000,5134.5,5239,5134.5,5232.5,459196,0
20251028,090000,5232.5,5323,5221.5,5303.5,474099,0
20251028,100000,5305,5350,5280,5348.5,334085,0
20251028,110000,5348.5,5460,5342,5432,828402,0
20251028,120000,5432,5442.5,5403,5426.5,283832,0
20251028,130000,5426,5434.5,5375,5384.5,240619,0
20251028,140000,5384,5439.5,5383,5434.5,177746,0
20251028,150000,5435,5479,5416,5416,305890,0
20251028,160000,5416,5458,5391,5450.5,232112,0
20251028,170000,5449,5474,5425,5431,191811,0
20251028,180000,5431,5450,5412.5,5433,111706,0
20251028,190000,5434,5465,5414,5448,118580,0
20251028,200000,5447,5500,5446,5471.5,191711,0
20251028,210000,5472,5472.5,5435.5,5450,89212,0
20251028,220000,5452,5460.5,5441,5447.5,42071,0
20251028,230000,5446,5479,5444,5461,72815,0
20251029,070000,5458,5478.5,5430,5436,81750,0
20251029,080000,5435.5,5456.5,5428,5428,47805,0
20251029,090000,5428.5,5450,5401.5,5408,139137,0
20251029,100000,5408,5490,5388,5475.5,379506,0
20251029,110000,5474,5492,5433.5,5452,162461,0
20251029,120000,5452,5468.5,5425,5426,98779,0
20251029,130000,5427,5461.5,5427,5441.5,76843,0
20251029,140000,5441.5,5461,5408.5,5428.5,124064,0
20251029,150000,5428.5,5436.5,5403,5413,75915,0
20251029,160000,5414.5,5415,5370,5380,211196,0
20251029,170000,5380,5393.5,5355,5358.5,120917,0
20251029,180000,5356.5,5389,5353,5389,80268,0
20251029,190000,5389.5,5399,5380,5390,74878,0
20251029,200000,5390,5395,5383.5,5385,30360,0
20251029,210000,5385,5389.5,5372,5378.5,25828,0
20251029,220000,5378.5,5392,5377.5,5387,14589,0
20251029,230000,5386.5,5394.5,5385,5387.5,24536,0
20251030,070000,5392,5398,5351.5,5375,52889,0
20251030,080000,5375,5384.5,5365.5,5379,17145,0
20251030,090000,5378,5449.5,5376,5434.5,155929,0
20251030,100000,5434,5560,5422,5449.5,772202,0
20251030,110000,5449,5509.5,5447,5490,263817,0
20251030,120000,5490,5530,5489.5,5519.5,233069,0
20251030,130000,5519.5,5520,5497.5,5506,85403,0
20251030,140000,5506,5542.5,5506,5519.5,124813,0
20251030,150000,5519.5,5530,5503.5,5521,96430,0
20251030,160000,5521,5547.5,5507.5,5547.5,119822,0
20251030,170000,5547.5,5547.5,5510,5525,136370,0
20251030,180000,5523.5,5538.5,5487,5503,166909,0
20251030,190000,5503.5,5520,5490,5506.5,70715,0
20251030,200000,5506.5,5512.5,5495,5504.5,18623,0
20251030,210000,5504.5,5527,5504.5,5515,37594,0
20251030,220000,5514.5,5518,5504,5513,18452,0
20251030,230000,5512,5516,5507.5,5508,17941,0
20251031,070000,5514.5,5543.5,5500,5540,31093,0
20251031,080000,5540,5540,5510.5,5524,22946,0
20251031,090000,5524,5524,5485,5503.5,58920,0
20251031,100000,5505,5507,5455,5468,136640,0
20251031,110000,5466,5501,5458.5,5459,92930,0
20251031,120000,5459,5465,5439,5463.5,106035,0
20251031,130000,5463.5,5464.5,5444,5452,55607,0
20251031,140000,5451.5,5461,5441,5459.5,36426,0
20251031,150000,5459.5,5493,5450.5,5476.5,101327,0
20251031,160000,5475.5,5478,5444,5447,65181,0
20251031,170000,5444.5,5465,5443,5458,50963,0
20251031,180000,5458.5,5466,5433.5,5453,72447,0
20251031,190000,5450,5454,5430,5436,52880,0
20251031,200000,5435,5436,5396,5420,103706,0
20251031,210000,5420,5437.5,5420,5426.5,31461,0
20251031,220000,5426.5,5435,5420.5,5426.5,12513,0
20251031,230000,5426,5457.5,5425,5443,22956,0
20251101,070000,5447,5460,5443,5454.5,8260,0
20251101,080000,5454.5,5470,5452,5458,11539,0
20251101,090000,5457.5,5464,5434,5446.5,15337,0
20251101,100000,5446.5,5468,5446.5,5466.5,23348,0
20251101,110000,5467,5489,5461.5,5476,61136,0
20251101,120000,5476,5480,5460,5464,36792,0
20251101,130000,5465,5471,5453,5460.5,23728,0
20251101,140000,5460,5464,5444,5448,22679,0
20251101,150000,5447.5,5458,5443,5458,24064,0
20251101,160000,5458,5466.5,5446,5453,25981,0
20251101,170000,5452.5,5455,5447,5453.5,15546,0
20251101,180000,5453.5,5465,5450.5,5462.5,16284,0
20251101,190000,5462,5466.5,5454.5,5461,14714,0
20251101,200000,5460.5,5472,5459.5,5464,18980,0
20251101,210000,5464,5469.5,5458,5462,13001,0
20251101,220000,5460.5,5469,5458.5,5466,10762,0
20251101,230000,5465,5475,5465,5475,15830,0
20251103,070000,5480,5518,5475,5507,17382,0
20251103,080000,5507,5511.5,5500,5509.5,10663,0
20251103,090000,5509.5,5575,5509.5,5555,95646,0
20251103,100000,5555,5587.5,5555,5571,78716,0
20251103,110000,5570,5574,5547,5554,44806,0
20251103,120000,5554,5560.5,5538,5558.5,33226,0
20251103,130000,5558.5,5567.5,5553,5566.5,20390,0
20251103,140000,5564,5566.5,5547.5,5550,17414,0
20251103,150000,5550,5588,5542,5574,84613,0
20251103,160000,5573.5,5575,5556,5556,21410,0
20251103,170000,5556,5570.5,5555,5570,21615,0
20251103,180000,5570,5588,5563.5,5571,40702,0
20251103,190000,5572,5595,5572,5593,61393,0
20251103,200000,5593,5598.5,5580.5,5584.5,32556,0
20251103,210000,5584.5,5585.5,5575,5575.5,14106,0
20251103,220000,5575.5,5577,5567.5,5571,11094,0
20251103,230000,5570.5,5585.5,5568.5,5580,15462,0
20251105,070000,5580,5584.5,5548,5553,43845,0
20251105,080000,5553,5553.5,5530,5545,47092,0
20251105,090000,5545,5545.5,5509,5518.5,51299,0
20251105,100000,5519,5540,5502.5,5530,94757,0
20251105,110000,5530,5545,5522,5528,42296,0
20251105,120000,5528,5540.5,5523.5,5530.5,38737,0
20251105,130000,5530.5,5575,5530.5,5566,93491,0
20251105,140000,5564,5568,5553,5558.5,40592,0
20251105,150000,5558.5,5559.5,5524.5,5532.5,104870,0
20251105,160000,5533,5545.5,5501,5501,81326,0
20251105,170000,5501,5525,5456,5470,247147,0
20251105,180000,5470,5500,5460,5467.5,119242,0
20251105,190000,5470.5,5491.5,5467,5483,33313,0
20251105,200000,5483.5,5488,5473,5479,12911,0
20251105,210000,5479,5480,5468,5478,14490,0
20251105,220000,5478,5490,5478,5486,15548,0
20251105,230000,5487,5490.5,5480,5490.5,17939,0
20251106,070000,5499.5,5506.5,5475.5,5497.5,25690,0
20251106,080000,5497.5,5499,5482,5484,10371,0
20251106,090000,5484,5501.5,5481,5491,23222,0
20251106,100000,5491,5492,5438,5443,110756,0
20251106,110000,5442.5,5460.5,5433,5458,73997,0
20251106,120000,5455.5,5464,5445,5450,37382,0
20251106,130000,5451.5,5460,5450,5455,31423,0
20251106,140000,5455,5468.5,5441.5,5461,50819,0
20251106,150000,5461,5474,5454,5467,28069,0
20251106,160000,5467,5467,5420,5432,86445,0
20251106,170000,5432,5447,5417,5432.5,60074,0
20251106,180000,5431.5,5440,5425,5440,47929,0
20251106,190000,5440,5469,5434.5,5455.5,57663,0
20251106,200000,5455.5,5462,5429,5460,36237,0
20251106,210000,5460.5,5465,5449.5,5450.5,24146,0
20251106,220000,5450.5,5460,5435.5,5460,21071,0
20251106,230000,5460.5,5461,5453.5,5453.5,12246,0
20251107,070000,5326,5350,5223,5295,371459,0
20251107,080000,5295,5297,5247,5248,206309,0
20251107,090000,5249.5,5305.5,5248.5,5291.5,261843,0
20251107,100000,5291.5,5350,5290,5316.5,431907,0
20251107,110000,5318.5,5333,5308,5323.5,148763,0
20251107,120000,5324.5,5338.5,5312,5312.5,108407,0
20251107,130000,5313,5328,5309.5,5312.5,112354,0
20251107,140000,5313,5318.5,5302.5,5309,68670,0
20251107,150000,5309.5,5310,5285,5291.5,183304,0
20251107,160000,5291.5,5305,5276,5282,130164,0
20251107,170000,5282,5317.5,5282,5301,86957,0
20251107,180000,5302.5,5307,5290.5,5296.5,48055,0
20251107,190000,5297,5312.5,5297,5305.5,54748,0
20251107,200000,5306,5346.5,5306,5309.5,131325,0
20251107,210000,5309.5,5319,5293,5307,91889,0
20251107,220000,5307.5,5312,5298,5307.5,63796,0
20251107,230000,5307.5,5325,5302,5324,63548,0
20251108,090000,5325,5325,5325,5325,565,0
20251108,100000,5325.5,5333,5301,5315,67004,0
20251108,110000,5315,5318.5,5310,5311.5,11609,0
20251108,120000,5311.5,5315,5308,5311,4622,0
20251108,130000,5312,5312,5304,5305,6641,0
20251108,140000,5305,5314,5301,5306,14577,0
20251108,150000,5307,5311.5,5305,5311,3087,0
20251108,160000,5311.5,5314,5307.5,5313,4886,0
20251108,170000,5311,5311,5306.5,5310.5,4846,0
20251108,180000,5310.5,5315,5305,5308.5,9042,0
20251109,090000,5310,5310,5310,5310,61,0
20251109,100000,5314,5321.5,5302,5310,31412,0
20251109,110000,5309.5,5313.5,5305,5310,29426,0
20251109,120000,5309.5,5310,5306,5310,2748,0
20251109,130000,5310,5318.5,5308.5,5310,7073,0
20251109,140000,5309.5,5314,5309,5312,2715,0
20251109,150000,5312,5313.5,5310.5,5313,3311,0
20251109,160000,5313,5314,5307.5,5310,61436,0
20251109,170000,5310.5,5318.5,5308.5,5316.5,6040,0
20251109,180000,5316,5320,5311,5317.5,13240,0
20251110,070000,5317.5,5350,5315,5347.5,51577,0
20251110,080000,5348,5365.5,5345.5,5349.5,51391,0
20251110,090000,5348,5354.5,5332,5342.5,75656,0
20251110,100000,5342,5358.5,5318,5334.5,141235,0
20251110,110000,5335,5342,5320,5338,108485,0
20251110,120000,5339,5350.5,5325.5,5333,69663,0
20251110,130000,5331,5338,5325.5,5331.5,36414,0
20251110,140000,5332.5,5337,5292,5299,130008,0
20251110,150000,5299,5300,5181,5193,824925,0
20251110,160000,5193.5,5194.5,5135.5,5140.5,640245,0
20251110,170000,5141,5165.5,5132,5138.5,251987,0
20251110,180000,5139,5148,5125,5142,164683,0
20251110,190000,5142,5169.5,5139,5160.5,113772,0
20251110,200000,5162.5,5163,5153,5161,34789,0
20251110,210000,5161,5161.5,5135.5,5161,83855,0
20251110,220000,5160.5,5161,5153.5,5155.5,23935,0
20251110,230000,5155,5155,5135,5140.5,54874,0
20251111,070000,5139,5157.5,5090,5101.5,162788,0
20251111,080000,5102,5173.5,5098,5150,127894,0
20251111,090000,5149,5164,5130.5,5139,87960,0
20251111,100000,5139,5155,5110,5128.5,190385,0
20251111,110000,5128,5132,5101,5113.5,119049,0
20251111,120000,5113,5143,5100.5,5129.5,106451,0
20251111,130000,5130,5144.5,5125,5129,46937,0
20251111,140000,5129,5159,5114,5136,126920,0
20251111,150000,5136,5148.5,5131,5139.5,56395,0
20251111,160000,5139.5,5139.5,5118.5,5126,70795,0
20251111,170000,5126,5140,5125.5,5133,52638,0
20251111,180000,5132,5133.5,5117.5,5128,27907,0
20251111,190000,5127.5,5140,5125.5,5135,18859,0
20251111,200000,5134.5,5161.5,5133,5160,50397,0
20251111,210000,5160,5168,5149,5154,73716,0
20251111,220000,5154,5161,5151.5,5155.5,16172,0
20251111,230000,5155,5160.5,5149,5156.5,20488,0
20251112,070000,5151,5164.5,5126,5137,41975,0
20251112,080000,5139,5152,5137,5150,15386,0
20251112,090000,5150,5153.5,5136.5,5144,62954,0
20251112,100000,5144,5149,5071.5,5090.5,316869,0
20251112,110000,5090.5,5099.5,5064,5092.5,244908,0
20251112,120000,5092.5,5095,5057,5075,246864,0
20251112,130000,5075,5076,4979,4991,629204,0
20251112,140000,4991.5,5014,4964,4979,536987,0
20251112,150000,4977,4996,4962.5,4987.5,316586,0
20251112,160000,4986,4986,4925.5,4939,422989,0
20251112,170000,4939,4942.5,4906.5,4917,489256,0
20251112,180000,4917,4943,4910.5,4928,212603,0
20251112,190000,4928,4933.5,4900,4912.5,330550,0
20251112,200000,4912.5,4924,4904,4907.5,147200,0
20251112,210000,4908,4921,4907.5,4913.5,67182,0
20251112,220000,4914,4933,4914,4922.5,103718,0
20251112,230000,4921,4925,4911,4918,63725,0
20251113,070000,4918,4939,4903,4925,87833,0
20251113,080000,4924.5,4930,4916,4923,34591,0
20251113,090000,4921,4933,4913.5,4921.5,63648,0
20251113,100000,4921.5,4950,4819,4828,1064931,0
20251113,110000,4829.5,4935,4815,4927,1100553,0
20251113,120000,4927.5,4965,4920,4929.5,470955,0
20251113,130000,4928.5,4935.5,4881.5,4913.5,369116,0
20251113,140000,4913,4914,4863,4899,249441,0
20251113,150000,4899,4908,4880,4896.5,116093,0
20251113,160000,4896,4903.5,4887,4899,56236,0
20251113,170000,4899,4940,4895,4909,236524,0
20251113,180000,4908.5,4930,4902.5,4930,55143,0
20251113,190000,4930.5,4935,4918,4921,47928,0
20251113,200000,4921.5,4976,4918,4966.5,168408,0
20251113,210000,4966.5,4995,4945,4955,366262,0
20251113,220000,4955,4967.5,4948.5,4957,56645,0
20251113,230000,4957,4967,4945,4954.5,63372,0
20251114,070000,4970.5,4980,4922.5,4929,75841,0
20251114,080000,4930,4948,4928.5,4948,39372,0
20251114,090000,4945.5,4988,4940.5,4974.5,100343,0
20251114,100000,4974.5,4993,4944.5,4946,220895,0
20251114,110000,4946.5,4965,4913,4960.5,333935,0
20251114,120000,4960.5,4963,4920.5,4940,173101,0
20251114,130000,4939.5,4949,4923.5,4930,83037,0
20251114,140000,4930,4936.5,4923.5,4927.5,64619,0
20251114,150000,4927,4988,4925,4970,293501,0
20251114,160000,4969.5,4973.5,4940,4944.5,117356,0
20251114,170000,4944.5,5024,4944,4986.5,470536,0
20251114,180000,4986.5,5020,4979.5,5008,130818,0
20251114,190000,5007,5012.5,4990,4992,81322,0
20251114,200000,4992,5005,4989.5,4994,23495,0
20251114,210000,4994,4995,4991,4993,10890,0
20251114,220000,4993,5095,4991,5076,579272,0
20251114,230000,5076.5,5143,5076.5,5114.5,555088,0
20251115,090000,5134.5,5134.5,5134.5,5134.5,2467,0
20251115,100000,5134.5,5137,5065.5,5080,159673,0
20251115,110000,5080.5,5096,5075,5075.5,38247,0
20251115,120000,5075,5082,5060.5,5081,57438,0
20251115,130000,5080,5084,5067,5079.5,17910,0
20251115,140000,5079.5,5084.5,5073,5079.5,12092,0
20251115,150000,5080,5095,5077.5,5090,28774,0
20251115,160000,5090,5090.5,5083.5,5088,12445,0
20251115,170000,5088,5097.5,5085,5093,13538,0
20251115,180000,5094.5,5102,5087.5,5100,18102,0
20251116,090000,5016.5,5016.5,5016.5,5016.5,5056,0
20251116,100000,5019.5,5038.5,5006,5027,126870,0
20251116,110000,5027,5029,5020.5,5024.5,11161,0
20251116,120000,5023.5,5024.5,5008.5,5018.5,25187,0
20251116,130000,5018.5,5023,5010,5020,11847,0
20251116,140000,5020,5020.5,5010.5,5018.5,6796,0
20251116,150000,5018.5,5019,5001.5,5006.5,22572,0
20251116,160000,5006.5,5010.5,5001.5,5009,27860,0
20251116,170000,5009.5,5012.5,5006.5,5010,8071,0
20251116,180000,5010,5017,5005,5005.5,22626,0
20251117,070000,5004,5005,4951,4986,169031,0
20251117,080000,4985,4988,4960,4966,88048,0
20251117,090000,4966,4966.5,4930,4936,165547,0
20251117,100000,4936,4944.5,4890,4917.5,492354,0
20251117,110000,4917.5,4939,4914,4928,96347,0
20251117,120000,4928,4959,4905,4932.5,168714,0
20251117,130000,4932.5,4949,4915.5,4934.5,124400,0
20251117,140000,4931.5,4942,4900,4923.5,126308,0
20251117,150000,4923.5,4924.5,4908.5,4915,92332,0
20251117,160000,4915,4930.5,4895,4929,93928,0
20251117,170000,4929,4935,4914.5,4926.5,67235,0
20251117,180000,4926.5,4930,4902,4905,77710,0
20251117,190000,4909.5,4933,4909.5,4919.5,54370,0
20251117,200000,4918,4919.5,4904.5,4911,28870,0
20251117,210000,4911,4911.5,4857.5,4875.5,222735,0
20251117,220000,4875.5,4893,4869,4879.5,124897,0
20251117,230000,4877.5,4891.5,4873,4886,45808,0
20251118,070000,4883.5,4901,4841.5,4899.5,126114,0
20251118,080000,4898,4900.5,4856,4865,80873,0
20251118,090000,4865,4915,4861,4884,149351,0
20251118,100000,4882.5,5000,4851,4957.5,658903,0
20251118,110000,4958,5050,4935,5042.5,848472,0
20251118,120000,5041.5,5058.5,4985,5016,453148,0
20251118,130000,5016.5,5038,5011.5,5024.5,157708,0
20251118,140000,5024,5048.5,5016,5039,117968,0
20251118,150000,5040,5057.5,5026,5035.5,154586,0
20251118,160000,5035.5,5055,5029,5037,75667,0
20251118,170000,5037,5074.5,5035,5048,134514,0
20251118,180000,5048.5,5069,5039.5,5062,68906,0
20251118,190000,5063,5097,5055,5085,128385,0
20251118,200000,5085,5097,5073,5082.5,83034,0
20251118,210000,5081.5,5086,5075.5,5085.5,33378,0
20251118,220000,5085.5,5094.5,5081,5081.5,35573,0
20251118,230000,5082,5089,5025,5058.5,193693,0
20251119,070000,5065,5100,5039,5083.5,131123,0
20251119,080000,5084,5093.5,5076,5080.5,35565,0
20251119,090000,5081.5,5087,5060.5,5076.5,58195,0
20251119,100000,5076.5,5082.5,5043.5,5068.5,156756,0
20251119,110000,5067.5,5090,5037,5078.5,242704,0
20251119,120000,5076,5079,5047.5,5060,134098,0
20251119,130000,5060,5079,5055.5,5073,59488,0
20251119,140000,5073,5233,5062,5204,734910,0
20251119,150000,5204,5258.5,5192,5244,787005,0
20251119,160000,5244,5378,5244,5315.5,1642721,0
20251119,170000,5316,5326.5,5274,5300,601702,0
20251119,180000,5299,5314.5,5268.5,5300,212735,0
20251119,190000,5298,5350,5271.5,5340,308909,0
20251119,200000,5338.5,5342,5295,5318.5,139444,0
20251119,210000,5316.5,5339,5250.5,5270,371009,0
20251119,220000,5270,5271.5,5243,5254.5,176547,0
20251119,230000,5255.5,5275,5248.5,5275,67185,0
20251120,070000,5290,5342,5275.5,5304.5,121763,0
20251120,080000,5303,5309,5287,5296,45187,0
20251120,090000,5295.5,5296.5,5269.5,5279,95418,0
20251120,100000,5279,5294.5,5251,5291.5,188575,0
20251120,110000,5291,5318,5271,5305,118721,0
20251120,120000,5305,5446,5298,5418.5,736221,0
20251120,130000,5418,5421.5,5370,5383,479034,0
20251120,140000,5383,5387.5,5294,5309.5,453602,0
20251120,150000,5309.5,5359,5301,5359,274218,0
20251120,160000,5359,5359.5,5320.5,5327,119875,0
20251120,170000,5326,5345,5281,5304,319250,0
20251120,180000,5304,5314.5,5290,5312,73986,0
20251120,190000,5313,5363,5311.5,5325.5,165946,0
20251120,200000,5325.5,5499.5,5314.5,5467,433005,0
20251120,210000,5465.5,5492,5400,5420.5,734033,0
20251120,220000,5421,5458,5407,5454,184352,0
20251120,230000,5454,5479,5442,5470,139206,0
20251121,070000,5494.5,5555,5435,5538,291580,0
20251121,080000,5538.5,5578,5506,5508,250892,0
20251121,090000,5508.5,5516,5474,5490,248256,0
20251121,100000,5490,5504,5442.5,5459.5,281869,0
20251121,110000,5460,5591.5,5428,5496,1076064,0
20251121,120000,5496,5527.5,5475,5510.5,230278,0
20251121,130000,5510.5,5510.5,5475,5475.5,143208,0
20251121,140000,5476.5,5484,5440,5466.5,187729,0
20251121,150000,5465,5508.5,5434,5467,273632,0
20251121,160000,5465.5,5474,5435,5437.5,165415,0
20251121,170000,5436.5,5518.5,5436,5488,319210,0
20251121,180000,5489,5514,5477.5,5498.5,159097,0
20251121,190000,5498,5505.5,5473,5502.5,89026,0
20251121,200000,5501,5554,5495,5521,228916,0
20251121,210000,5521.5,5523.5,5508.5,5515,53353,0
20251121,220000,5514.5,5522.5,5511,5516.5,31886,0
20251121,230000,5516.5,5521,5501.5,5503,67584,0
20251124,070000,5527,5589,5527,5560,186284,0
20251124,080000,5560,5573,5544,5544.5,39768,0
20251124,090000,5544,5549,5521,5533.5,99856,0
20251124,100000,5534,5555.5,5491.5,5499,221230,0
20251124,110000,5499,5519.5,5439,5455,229551,0
20251124,120000,5455,5489,5446,5473.5,193843,0
20251124,130000,5473.5,5475,5448.5,5468.5,109359,0
20251124,140000,5468.5,5515,5464.5,5495,122228,0
20251124,150000,5494,5503.5,5464.5,5480.5,117868,0
20251124,160000,5480.5,5536,5474.5,5520.5,170026,0
20251124,170000,5520,5520.5,5453,5488.5,194502,0
20251124,180000,5487,5520,5480.5,5494.5,77071,0
20251124,190000,5495,5503,5472,5489,33601,0
20251124,200000,5488.5,5495,5478,5493,16697,0
20251124,210000,5493,5495,5481,5481,9676,0
20251124,220000,5481,5484,5476.5,5482.5,19977,0
20251124,230000,5482.5,5523,5480,5505,42602,0
20251125,070000,5520.5,5523.5,5487.5,5506,38181,0
20251125,080000,5506,5515,5493,5503,18348,0
20251125,090000,5501.5,5514,5480,5501.5,48158,0
20251125,100000,5503,5519,5485.5,5494.5,97534,0
20251125,110000,5496,5497.5,5464.5,5468,87544,0
20251125,120000,5468,5470.5,5443,5463,103566,0
20251125,130000,5463,5469,5437,5454,68746,0
20251125,140000,5454.5,5473,5421,5438,115177,0
20251125,150000,5436.5,5559.5,5412,5487,562112,0
20251125,160000,5487,5528.5,5485,5505,158221,0
20251125,170000,5505,5522.5,5485,5507.5,106557,0
20251125,180000,5507.5,5520,5505,5520,70887,0
20251125,190000,5520.5,5549,5515,5538.5,124572,0
20251125,200000,5538,5539,5495,5519.5,92923,0
20251125,210000,5518.5,5527,5508.5,5509,26306,0
20251125,220000,5509,5550,5508.5,5518,86487,0
20251125,230000,5518,5524.5,5512.5,5520,19780,0
20251126,070000,5509,5514.5,5490.5,5496,43936,0
20251126,080000,5495,5523,5495,5510,20850,0
20251126,090000,5510,5517,5500,5508.5,19643,0
20251126,100000,5508,5508,5483.5,5488.5,73328,0
20251126,110000,5488,5499,5468,5475,70295,0
20251126,120000,5475.5,5490,5471,5475,32888,0
20251126,130000,5476,5488,5470,5485,42474,0
20251126,140000,5485,5494.5,5473.5,5483,29426,0
20251126,150000,5482,5490,5475,5489,37583,0
20251126,160000,5489,5490,5463,5477,72792,0
20251126,170000,5478.5,5485.5,5472.5,5480,18637,0
20251126,180000,5480,5488.5,5477,5485,18588,0
20251126,190000,5484.5,5486.5,5477,5481.5,12396,0
20251126,200000,5481.5,5494.5,5481,5482.5,16988,0
20251126,210000,5482.5,5486.5,5472.5,5475,19497,0
20251126,220000,5475,5480.5,5469.5,5473,12024,0
20251126,230000,5473.5,5476.5,5469,5471,16358,0
20251127,070000,5471,5479,5452,5470,29361,0
20251127,080000,5470,5493,5467,5484,24873,0
20251127,090000,5483.5,5498,5478,5485.5,19228,0
20251127,100000,5485.5,5489.5,5457.5,5460.5,38579,0
20251127,110000,5461.5,5471.5,5457.5,5463.5,33572,0
20251127,120000,5463.5,5484,5453,5470,39335,0
20251127,130000,5469.5,5469.5,5456,5464.5,19170,0
20251127,140000,5465,5478.5,5461.5,5469,19729,0
20251127,150000,5468.5,5471,5450.5,5454,43763,0
20251127,160000,5454,5478,5450.5,5458,59261,0
20251127,170000,5458,5460,5351,5401.5,344309,0
20251127,180000,5400.5,5424.5,5390.5,5402.5,86420,0
20251127,190000,5405,5415,5383,5391.5,54077,0
20251127,200000,5391,5410,5383,5406,56154,0
20251127,210000,5405,5422,5400,5415.5,28208,0
20251127,220000,5415.5,5416,5400,5405.5,14790,0
20251127,230000,5405.5,5414,5402.5,5409.5,9219,0
20251128,070000,5405,5421.5,5400,5419,16385,0
20251128,080000,5419,5419.5,5394.5,5404,22765,0
20251128,090000,5404,5417,5381,5403.5,53250,0
20251128,100000,5404,5438,5394,5415.5,74137,0
20251128,110000,5415.5,5433.5,5395.5,5419,49038,0
20251128,120000,5419,5445,5413,5437,48061,0
20251128,130000,5438,5440,5421.5,5427,26060,0
20251128,140000,5427,5427,5410,5416,23632,0
20251128,150000,5415.5,5420.5,5400,5405.5,35909,0
20251128,160000,5405,5448,5404.5,5430.5,99753,0
20251128,170000,5430.5,5487,5430,5483.5,139970,0
20251128,180000,5484,5565,5484,5526,240674,0
20251128,190000,5526,5540,5504,5522,85020,0
20251128,200000,5520.5,5534,5510.5,5516,33636,0
20251128,210000,5516,5531,5515.5,5527,17935,0
20251128,220000,5527,5533.5,5518,5522.5,22418,0
20251128,230000,5522,5539,5520,5531.5,38868,0
20251129,090000,5532,5532,5532,5532,223,0
20251129,100000,5532,5568,5527,5543.5,41331,0
20251129,110000,5543.5,5553.5,5540.5,5546,14343,0
20251129,120000,5546,5552,5540.5,5542,6351,0
20251129,130000,5541,5549.5,5540.5,5546,3925,0
20251129,140000,5546,5549.5,5535.5,5537.5,8036,0
20251129,150000,5537.5,5544,5537.5,5542,4881,0
20251129,160000,5540,5540,5525,5531,8317,0
20251129,170000,5531.5,5535.5,5529.5,5534.5,3616,0
20251129,180000,5535,5543.5,5534.5,5537.5,5531,0
20251130,090000,5537.5,5537.5,5537.5,5537.5,97,0
20251130,100000,5537.5,5549,5535,5543,5582,0
20251130,110000,5543,5553,5543,5549.5,8227,0
20251130,120000,5549.5,5552,5546,5549.5,4328,0
20251130,130000,5548.5,5549.5,5543,5543,6501,0
20251130,140000,5543,5549.5,5543,5546.5,4382,0
20251130,150000,5546.5,5554,5545,5552,5305,0
20251130,160000,5552,5553.5,5547.5,5552.5,7294,0
20251130,170000,5552.5,5555,5549.5,5555,9485,0
20251130,180000,5554,5557.5,5548,5548,7965,0
20251201,070000,5548,5564.5,5541.5,5542.5,31332,0
20251201,080000,5544,5545,5531,5533,21109,0
20251201,090000,5533,5533,5505,5521.5,59189,0
20251201,100000,5521,5522,5487.5,5508,107963,0
20251201,110000,5508.5,5559,5505.5,5539.5,125933,0
20251201,120000,5540,5550,5515,5530,92741,0
20251201,130000,5529.5,5545,5508,5528,107164,0
20251201,140000,5529.5,5534,5520,5522,38228,0
20251201,150000,5522,5542,5521.5,5538.5,44076,0
20251201,160000,5538.5,5540,5531,5539.5,40531,0
20251201,170000,5540,5554,5536.5,5546,54608,0
20251201,180000,5546,5548,5529.5,5537.5,28339,0
20251201,190000,5537,5545.5,5533.5,5537.5,14642,0
20251201,200000,5537.5,5544,5537,5537,7632,0
20251201,210000,5538,5540,5532.5,5537,9143,0
20251201,220000,5537,5539,5517,5520.5,26477,0
20251201,230000,5520,5533.5,5516,5529.5,21919,0
20251202,070000,5530,5530,5520,5522,5835,0
20251202,080000,5522.5,5523,5513,5520,14707,0
20251202,090000,5520,5536.5,5519.5,5530,13240,0
20251202,100000,5530,5538.5,5515.5,5525,23205,0
20251202,110000,5524,5533.5,5515,5531,29774,0
20251202,120000,5531,5542,5525.5,5528,39596,0
20251202,130000,5528,5534,5517.5,5525.5,24688,0
20251202,140000,5525,5530,5520.5,5523,17742,0
20251202,150000,5523,5536.5,5520,5529.5,33679,0
20251202,160000,5529.5,5535,5520,5524,39262,0
20251202,170000,5523,5532.5,5500,5516.5,78904,0
20251202,180000,5516,5516.5,5460.5,5482,147412,0
20251202,190000,5482,5501,5481,5493,33050,0
20251202,200000,5493,5501.5,5487.5,5488.5,11916,0
20251202,210000,5488.5,5534,5481.5,5511.5,57545,0
20251202,220000,5511.5,5512,5487.5,5507,20318,0
20251202,230000,5507.5,5518.5,5501,5504.5,10879,0
20251203,070000,5448,5450,5400,5441,107838,0
20251203,080000,5443.5,5457,5438,5445,30959,0
20251203,090000,5445,5448,5416.5,5435,59739,0
20251203,100000,5435,5436,5403.5,5424.5,85459,0
20251203,110000,5424.5,5425,5400,5410,95410,0
20251203,120000,5410.5,5430.5,5410,5425,46918,0
20251203,130000,5425,5435,5423,5431,36126,0
20251203,140000,5431.5,5438.5,5415,5429,38240,0
20251203,150000,5429,5433,5419,5429.5,21210,0
20251203,160000,5429.5,5429.5,5410,5412,32017,0
20251203,170000,5414,5443.5,5410.5,5440,65390,0
20251203,180000,5440,5452.5,5432,5452.5,56992,0
20251203,190000,5449,5463,5434,5441,50105,0
20251203,200000,5441,5450,5439,5441.5,12872,0
20251203,210000,5441.5,5444.5,5435.5,5440,9581,0
20251203,220000,5440,5446,5435.5,5438,5606,0
20251203,230000,5437.5,5449,5434.5,5449,13151,0
20251204,070000,5460,5484,5454,5465,24135,0
20251204,080000,5465.5,5466,5458,5465.5,9290,0
20251204,090000,5463.5,5474,5461,5469,20126,0
20251204,100000,5470.5,5475,5450.5,5454,42893,0
20251204,110000,5453.5,5463.5,5451,5455.5,41759,0
20251204,120000,5457,5459,5450,5452.5,19763,0
20251204,130000,5454,5454,5440.5,5447,29937,0
20251204,140000,5448.5,5461,5445.5,5457.5,19482,0
20251204,150000,5457,5466,5451,5457,21748,0
20251204,160000,5457,5464.5,5455,5456.5,11630,0
20251204,170000,5456.5,5462.5,5447,5447.5,31052,0
20251204,180000,5447.5,5458.5,5436.5,5451.5,59929,0
20251204,190000,5453,5457,5448,5450.5,11308,0
20251204,200000,5452,5452,5446,5450,5960,0
20251204,210000,5449.5,5452,5444.5,5447,6457,0
20251204,220000,5447,5448.5,5440,5442,8798,0
20251204,230000,5442,5444,5440,5443.5,7444,0
20251205,070000,5456,5471,5452.5,5470.5,23989,0
20251205,080000,5470.5,5471,5464,5466,10797,0
20251205,090000,5465,5467,5456,5460.5,20465,0
20251205,100000,5460.5,5493.5,5450,5488,92981,0
20251205,110000,5488,5524,5486,5511,134480,0
20251205,120000,5511,5559,5511,5533.5,152646,0
20251205,130000,5533.5,5540,5519.5,5534.5,46287,0
20251205,140000,5534,5585,5527.5,5558,181072,0
20251205,150000,5558,5568,5548.5,5552.5,76431,0
20251205,160000,5553,5560,5550,5551,65947,0
20251205,170000,5551,5571,5535.5,5570.5,106363,0
20251205,180000,5571,5576.5,5549.5,5555,54101,0
20251205,190000,5555,5555,5545.5,5554.5,25482,0
20251205,200000,5553,5555,5543.5,5547,19662,0
20251205,210000,5547,5555,5542.5,5554.5,15425,0
20251205,220000,5555,5564.5,5553.5,5562.5,15434,0
20251205,230000,5562,5568.5,5547,5555,29692,0
20251208,070000,5560.5,5598,5547.5,5578,75956,0
20251208,080000,5578,5623.5,5570.5,5612,83452,0
20251208,090000,5611,5630,5601.5,5609,94229,0
20251208,100000,5609,5626,5575.5,5619,129030,0
20251208,110000,5619,5628,5592,5606.5,65015,0
20251208,120000,5606.5,5615.5,5589.5,5609.5,59798,0
20251208,130000,5610,5613.5,5577,5597,101977,0
20251208,140000,5597,5608.5,5590,5590,52483,0
20251208,150000,5590,5590,5568,5581.5,70510,0
20251208,160000,5583,5597,5576,5582.5,39050,0
20251208,170000,5582.5,5592.5,5560,5560,65349,0
20251208,180000,5560.5,5567.5,5550,5559,46775,0
20251208,190000,5559,5582.5,5552,5579.5,36937,0
20251208,200000,5579.5,5584.5,5551.5,5559.5,35516,0
20251208,210000,5559.5,5562,5507.5,5531.5,114822,0
20251208,220000,5532,5536,5522.5,5530,18591,0
20251208,230000,5529.5,5535,5525,5526.5,21725,0
20251209,070000,5528.5,5553,5528,5544.5,21673,0
20251209,080000,5544,5544.5,5509,5523,27026,0
20251209,090000,5523,5533,5504,5532,27303,0
20251209,100000,5532,5549,5507.5,5519.5,61947,0
20251209,110000,5519,5536,5512,5529,47202,0
20251209,120000,5529.5,5540,5518,5528,41180,0
20251209,130000,5529,5539,5528,5535,16933,0
20251209,140000,5535,5575,5528,5556,101925,0
20251209,150000,5557,5565.5,5542.5,5544,40289,0
20251209,160000,5544,5573.5,5542.5,5562,24556,0
20251209,170000,5562,5569,5500,5507,237440,0
20251209,180000,5507,5530,5487,5513.5,119326,0
20251209,190000,5513.5,5526.5,5513.5,5519,22624,0
20251209,200000,5519,5529,5512.5,5525.5,17902,0
20251209,210000,5525,5549,5522,5549,27495,0
20251209,220000,5549,5599,5548,5563.5,176672,0
20251209,230000,5564,5567,5547,5556,31372,0
20251210,070000,5560,5562,5543,5550,13422,0
20251210,080000,5551.5,5557.5,5546,5553,5287,0
20251210,090000,5553,5556,5539.5,5554,17746,0
20251210,100000,5554,5573.5,5541,5545,45443,0
20251210,110000,5544.5,5559.5,5544,5551,34461,0
20251210,120000,5550.5,5568,5545,5554,24266,0
20251210,130000,5554,5555,5532,5549.5,30402,0
20251210,140000,5549.5,5553,5537.5,5547.5,22856,0
20251210,150000,5545,5555,5541.5,5551.5,34382,0
20251210,160000,5549.5,5552,5535,5542,26611,0
20251210,170000,5541.5,5556.5,5535,5539,34624,0
20251210,180000,5537.5,5560,5537.5,5555.5,49936,0
20251210,190000,5556,5560,5541.5,5560,20724,0
20251210,200000,5560,5560,5541.5,5551,13361,0
20251210,210000,5551,5559.5,5545,5554,10672,0
20251210,220000,5555.5,5557,5546,5551,10482,0
20251210,230000,5551,5564.5,5545,5550,15130,0
20251211,070000,5556,5563.5,5555.5,5557,4970,0
20251211,080000,5557,5567.5,5557,5565,25265,0
20251211,090000,5564.5,5565,5550,5560,28277,0
20251211,100000,5560,5568.5,5555,5565,43737,0
20251211,110000,5565,5625,5564.5,5615,213766,0
20251211,120000,5615,5622.5,5598.5,5606.5,124286,0
20251211,130000,5605.5,5616,5593.5,5611,47727,0
20251211,140000,5613,5622,5610,5610.5,53728,0
20251211,150000,5611,5643,5606,5640,114788,0
20251211,160000,5640,5680,5620.5,5679.5,175113,0
20251211,170000,5680,5715,5675.5,5685,234152,0
20251211,180000,5688,5691,5655.5,5684.5,170642,0
20251211,190000,5678.5,5765,5678,5730,286553,0
20251211,200000,5729.5,5730,5714,5719,49449,0
20251211,210000,5719,5719.5,5692,5707.5,60233,0
20251211,220000,5707.5,5714,5702.5,5712.5,21606,0
20251211,230000,5712.5,5715.5,5705,5705.5,26282,0
20251212,070000,5712.5,5742,5708,5738,41087,0
20251212,080000,5737.5,5738,5727.5,5728.5,18474,0
20251212,090000,5728,5734.5,5710,5733.5,43079,0
20251212,100000,5733,5734,5701.5,5702.5,61337,0
20251212,110000,5701.5,5730,5688,5703,104951,0
20251212,120000,5703.5,5715.5,5700.5,5705.5,40983,0
20251212,130000,5705.5,5730,5703.5,5717.5,83338,0
20251212,140000,5718,5734,5710,5721,66363,0
20251212,150000,5721,5730,5718,5729.5,36269,0
20251212,160000,5729.5,5730,5698,5703.5,133387,0
20251212,170000,5703.5,5714.5,5693,5703.5,82359,0
20251212,180000,5703.5,5711,5660,5680,101269,0
20251212,190000,5667,5690,5643,5652.5,90288,0
20251212,200000,5652.5,5671,5646,5655.5,48554,0
20251212,210000,5655.5,5662.5,5630,5635,80646,0
20251212,220000,5635,5647,5634,5644.5,27841,0
20251212,230000,5644.5,5649,5638.5,5643.5,22631,0
20251213,090000,5665,5665,5665,5665,236,0
20251213,100000,5666,5679.5,5657,5671,20528,0
20251213,110000,5671.5,5674.5,5658,5661,4610,0
20251213,120000,5661,5663.5,5650.5,5662,7378,0
20251213,130000,5660.5,5663.5,5656,5663,4254,0
20251213,140000,5664,5666,5651,5661.5,4887,0
20251213,150000,5661,5671,5660,5668.5,2929,0
20251213,160000,5668.5,5670,5664.5,5668,3026,0
20251213,170000,5667.5,5669,5665,5667,1895,0
20251213,180000,5667,5672,5665,5668,3893,0
20251214,090000,5669,5669,5669,5669,27,0
20251214,100000,5669,5671.5,5660,5667,5114,0
20251214,110000,5667,5667,5656,5656,7396,0
20251214,120000,5656,5657,5643.5,5643.5,8416,0
20251214,130000,5643.5,5655.5,5643,5652.5,3547,0
20251214,140000,5652.5,5653,5647.5,5652,3529,0
20251214,150000,5652.5,5659.5,5648.5,5649.5,2856,0
20251214,160000,5649.5,5658,5646.5,5649.5,4856,0
20251214,170000,5650,5651,5646,5648,2414,0
20251214,180000,5648,5653.5,5644,5652,5395,0
20251215,070000,5653,5765,5652.5,5690,43621,0
20251215,080000,5690,5691.5,5677.5,5691.5,19529,0
20251215,090000,5691,5698,5664,5683,42158,0
20251215,100000,5681,5685,5661.5,5677,57137,0
20251215,110000,5677,5678,5656.5,5667.5,51760,0
20251215,120000,5667.5,5684.5,5667.5,5673.5,42096,0
20251215,130000,5673.5,5686,5667.5,5677.5,37125,0
20251215,140000,5677,5705,5669,5702.5,86902,0
20251215,150000,5702.5,5709.5,5675,5687.5,82004,0
20251215,160000,5689.5,5701.5,5680,5697.5,41512,0
20251215,170000,5697.5,5708.5,5682,5704,56046,0
20251215,180000,5703.5,5707,5690,5707,35818,0
20251215,190000,5703.5,5727,5665,5686,135519,0
20251215,200000,5686,5698,5680.5,5697.5,10961,0
20251215,210000,5697,5701,5682.5,5685.5,14871,0
20251215,220000,5685.5,5701,5685,5692.5,6946,0
20251215,230000,5691,5704,5684.5,5697,11165,0
20251216,070000,5696.5,5709,5691,5697.5,15812,0
20251216,080000,5697.5,5698,5686,5693.5,7158,0
20251216,090000,5694,5694.5,5680,5684.5,17716,0
20251216,100000,5684.5,5728.5,5680,5723.5,68566,0
20251216,110000,5724.5,5734.5,5706.5,5725,76617,0
20251216,120000,5723,5725,5710,5719.5,40507,0
20251216,130000,5719.5,5728,5712,5727,36313,0
20251216,140000,5726,5735,5720.5,5735,44867,0
20251216,150000,5734.5,5743,5725,5740.5,56853,0
20251216,160000,5741,5742.5,5731,5734,24793,0
20251216,170000,5733.5,5754.5,5731.5,5753,66752,0
20251216,180000,5754,5759.5,5730,5730,52232,0
20251216,190000,5735,5739.5,5724.5,5728,30394,0
20251216,200000,5727.5,5741,5725.5,5735,11357,0
20251216,210000,5735,5743.5,5730.5,5742,17571,0
20251216,220000,5742,5744.5,5738,5740,11516,0
20251216,230000,5740,5749,5739,5742.5,17428,0
20251217,070000,5745,5780,5742.5,5774,35544,0
20251217,080000,5774,5784,5768.5,5772,25475,0
20251217,090000,5771,5772.5,5760,5762,32356,0
20251217,100000,5762,5763.5,5741,5752.5,70838,0
20251217,110000,5752,5777,5750,5752,48109,0
20251217,120000,5752,5753,5730,5739.5,85163,0
20251217,130000,5739,5757.5,5731.5,5748,39642,0
20251217,140000,5749.5,5755.5,5713,5726.5,81660,0
20251217,150000,5727,5731.5,5717.5,5727.5,29039,0
20251217,160000,5727.5,5730,5705.5,5707.5,43339,0
20251217,170000,5707.5,5710,5685,5705,95505,0
20251217,180000,5704,5720.5,5690,5717,50310,0
20251217,190000,5716.5,5731,5709,5709.5,35296,0
20251217,200000,5709.5,5720,5706,5717,12569,0
20251217,210000,5717,5722,5710.5,5716.5,8667,0
20251217,220000,5715,5731,5702,5718,30054,0
20251217,230000,5718.5,5731.5,5717,5730.5,7721,0
20251218,070000,5735.5,5748,5724,5729,13481,0
20251218,080000,5729.5,5733,5727.5,5731,2530,0
20251218,090000,5731,5737.5,5718.5,5733,12606,0
20251218,100000,5733.5,5745.5,5720,5742,41525,0
20251218,110000,5742,5744,5720,5729.5,50430,0
20251218,120000,5729.5,5755,5720,5749,144886,0
20251218,130000,5749,5768.5,5749,5761.5,113777,0
20251218,140000,5761.5,5763.5,5741,5761,71155,0
20251218,150000,5761,5794,5760,5786.5,194351,0
20251218,160000,5786,5877,5785.5,5858.5,493905,0
20251218,170000,5859,5879.5,5837,5857,272682,0
20251218,180000,5856.5,5873.5,5832.5,5873.5,186211,0
20251218,190000,5863.5,5872,5857,5860,63301,0
20251218,200000,5859.5,5863,5850,5858.5,26211,0
20251218,210000,5857.5,5868,5857,5867,17145,0
20251218,220000,5867.5,5885,5863.5,5875,49220,0
20251218,230000,5875.5,5888,5875.5,5888,19655,0
20251219,070000,5886,5934,5886,5926.5,76456,0
20251219,080000,5926.5,5926.5,5911.5,5915,24417,0
20251219,090000,5915,5945.5,5913,5937.5,56462,0
20251219,100000,5937.5,5965,5922.5,5933.5,144026,0
20251219,110000,5934,5934.5,5914,5930,84667,0
20251219,120000,5929,5944.5,5926,5934.5,66647,0
20251219,130000,5934,5942,5837.5,5854.5,422958,0
20251219,140000,5854.5,5898.5,5847,5897,144485,0
20251219,150000,5896,5898,5860,5864.5,50217,0
20251219,160000,5865,5900,5855.5,5888.5,95766,0
20251219,170000,5888,5888,5856,5858,65796,0
20251219,180000,5857.5,5877,5841.5,5853.5,51619,0
20251219,190000,5855,5862,5848.5,5859.5,27510,0
20251219,200000,5858.5,5886.5,5855.5,5878,20536,0
20251219,210000,5879,5879.5,5869,5872,5580,0
20251219,220000,5872,5879,5870.5,5879,5261,0
20251219,230000,5878.5,5899,5876,5897.5,27850,0
20251220,090000,5901,5901,5901,5901,177,0
20251220,100000,5902,5904.5,5890,5891.5,9882,0
20251220,110000,5891.5,5891.5,5883.5,5889.5,3382,0
20251220,120000,5890,5890,5880,5887,3026,0
20251220,130000,5887,5887.5,5876.5,5881,5035,0
20251220,140000,5881,5882,5872,5875,4185,0
20251220,150000,5876.5,5886.5,5875,5880.5,4238,0
20251220,160000,5882,5892.5,5880,5888.5,9626,0
20251220,170000,5888.5,5895,5884.5,5895,1376,0
20251220,180000,5894.5,5895,5888,5888,2940,0
20251221,090000,5894,5894,5894,5894,79,0
20251221,100000,5894,5898.5,5889.5,5889.5,2936,0
20251221,110000,5890.5,5892.5,5888,5892,1618,0
20251221,120000,5892.5,5895.5,5869,5873,16771,0
20251221,130000,5874,5881.5,5873,5874.5,2823,0
20251221,140000,5874.5,5875,5872,5875,3686,0
20251221,150000,5874,5882.5,5870.5,5882,3027,0
20251221,160000,5882,5883,5866,5866.5,7112,0
20251221,170000,5867.5,5875,5861,5871,8018,0
20251221,180000,5871,5874.5,5866,5874,4200,0
20251222,070000,5873,5880,5852,5864,17743,0
20251222,080000,5864,5866,5849,5857,15229,0
20251222,090000,5855,5856,5830.5,5837.5,38137,0
20251222,100000,5838,5841,5819,5827,95864,0
20251222,110000,5827,5830,5800.5,5806.5,80279,0
20251222,120000,5806.5,5837.5,5800,5834,88445,0
20251222,130000,5834.5,5871,5822,5855.5,89120,0
20251222,140000,5855.5,5856,5821,5837,60616,0
20251222,150000,5836.5,5843,5825,5839.5,35054,0
20251222,160000,5839.5,5843.5,5827.5,5836,25976,0
20251222,170000,5836,5838.5,5802.5,5806,102948,0
20251222,180000,5806.5,5824.5,5800,5820,77419,0
20251222,190000,5820.5,5824,5811,5816,13943,0
20251222,200000,5816.5,5816.5,5806.5,5813,8009,0
20251222,210000,5813,5817.5,5807.5,5813.5,13686,0
20251222,220000,5814,5814.5,5806,5808.5,11833,0
20251222,230000,5808,5819,5805,5810,11583,0
20251223,070000,5817,5832,5811,5831.5,8223,0
20251223,080000,5832,5841,5824.5,5836,10335,0
20251223,090000,5832,5832,5814,5818.5,15348,0
20251223,100000,5818,5827,5765.5,5766.5,100479,0
20251223,110000,5765.5,5777,5738,5747.5,108757,0
20251223,120000,5747.5,5755,5734.5,5735,99194,0
20251223,130000,5734.5,5746.5,5720,5720.5,94839,0
20251223,140000,5720.5,5767,5715.5,5766.5,98878,0
20251223,150000,5766,5767,5726,5729,83108,0
20251223,160000,5730,5736.5,5718.5,5735.5,87964,0
20251223,170000,5736.5,5746,5705,5719,75402,0
20251223,180000,5719,5735,5719,5720,35371,0
20251223,190000,5721,5735,5720.5,5729,16678,0
20251223,200000,5729.5,5732.5,5725.5,5728,7144,0
20251223,210000,5728,5740.5,5727.5,5739,11473,0
20251223,220000,5738.5,5745,5736,5745,11780,0
20251223,230000,5745,5748,5741,5744.5,16074,0
20251224,070000,5740,5778,5734.5,5752.5,24419,0
20251224,080000,5751,5760,5744,5751,7710,0
20251224,090000,5751.5,5751.5,5713,5723.5,39750,0
20251224,100000,5723.5,5724,5702,5709,57478,0
20251224,110000,5709.5,5717.5,5656,5680,147644,0
20251224,120000,5680,5691.5,5673.5,5680,65391,0
20251224,130000,5680,5696,5677.5,5689,30352,0
20251224,140000,5689,5697,5671,5674.5,35010,0
20251224,150000,5674.5,5697.5,5673,5678,43404,0
20251224,160000,5678,5687.5,5664.5,5681,38031,0
20251224,170000,5681,5683.5,5672,5673,26701,0
20251224,180000,5673,5682.5,5670,5682.5,29912,0
20251224,190000,5682.5,5693.5,5680,5684.5,17058,0
20251224,200000,5685,5693,5684,5692,10755,0
20251224,210000,5692.5,5692.5,5685.5,5689.5,6168,0
20251224,220000,5689.5,5690,5685,5686.5,6859,0
20251224,230000,5687,5687,5675.5,5677.5,9757,0
20251225,070000,5681,5688,5676,5683,11524,0
20251225,080000,5683.5,5685,5679.5,5683.5,4716,0
20251225,090000,5683,5688,5674,5685.5,13004,0
20251225,100000,5686,5686,5650,5663.5,55367,0
20251225,110000,5663,5707,5663,5697,58156,0
20251225,120000,5697,5706,5689,5690,45109,0
20251225,130000,5690,5698.5,5680,5685,35592,0
20251225,140000,5683.5,5687,5675,5681,47371,0
20251225,150000,5681,5682,5670.5,5672,41535,0
20251225,160000,5671.5,5679.5,5667,5673,47808,0
20251225,170000,5673,5673.5,5666,5669.5,24192,0
20251225,180000,5669.5,5672.5,5665,5669.5,22479,0
20251225,190000,5670,5671.5,5665.5,5670,9472,0
20251225,200000,5671,5673,5668.5,5672,8356,0
20251225,210000,5672.5,5678.5,5672,5677,8917,0
20251225,220000,5677,5680,5670,5677,14796,0
20251225,230000,5676.5,5680,5668.5,5673.5,14453,0
20251226,070000,5673.5,5691.5,5670.5,5687,8899,0
20251226,080000,5687,5703,5686.5,5695.5,28663,0
20251226,090000,5695,5735,5687.5,5718.5,72821,0
20251226,100000,5719,5735,5712,5725.5,68245,0
20251226,110000,5726,5746,5722.5,5730.5,100761,0
20251226,120000,5731,5737.5,5725.5,5730.5,56959,0
20251226,130000,5730.5,5738,5723,5729.5,41856,0
20251226,140000,5729,5744.5,5726,5738.5,41950,0
20251226,150000,5738.5,5762.5,5729.5,5759,105503,0
20251226,160000,5760,5773,5759.5,5770,78843,0
20251226,170000,5769.5,5797,5769,5791.5,78497,0
20251226,180000,5791.5,5792.5,5775,5781,33398,0
20251226,190000,5780.5,5798,5780,5782,21391,0
20251226,200000,5783,5790,5780,5785.5,16544,0
20251226,210000,5786,5792,5785.5,5789.5,12240,0
20251226,220000,5789.5,5795,5789,5794.5,19384,0
20251226,230000,5794.5,5799,5780.5,5790,35303,0
20251227,090000,5792.5,5792.5,5792.5,5792.5,172,0
20251227,100000,5792.5,5830,5791.5,5819.5,35654,0
20251227,110000,5820,5830,5811,5829.5,20392,0
20251227,120000,5830,5847,5829.5,5835,26706,0
20251227,130000,5835.5,5842,5833,5838.5,11553,0
20251227,140000,5838,5840.5,5830.5,5830.5,8937,0
20251227,150000,5830.5,5833,5826.5,5833,7212,0
20251227,160000,5832.5,5838,5831.5,5836,5007,0
20251227,170000,5835,5836.5,5833,5835.5,3139,0
20251227,180000,5835,5835.5,5830,5832,4882,0
20251228,090000,5833,5833,5833,5833,554,0
20251228,100000,5834,5837,5805,5806,23468,0
20251228,110000,5806,5814.5,5791.5,5804,23832,0
20251228,120000,5804,5815,5803.5,5809,7526,0
20251228,130000,5810.5,5820,5803.5,5808.5,6772,0
20251228,140000,5808.5,5820,5807,5813,4793,0
20251228,150000,5812.5,5824,5812,5822,11793,0
20251228,160000,5821,5829,5819,5824.5,4054,0
20251228,170000,5826.5,5838,5824.5,5829.5,12286,0
20251228,180000,5827.5,5838,5827.5,5833,8476,0
20251229,070000,5853,5868.5,5812.5,5857,60326,0
20251229,080000,5857,5876,5842.5,5859,34775,0
20251229,090000,5858,5860,5835,5853,46186,0
20251229,100000,5853,5859.5,5835.5,5853,39982,0
20251229,110000,5853.5,5963,5847,5960,171888,0
20251229,120000,5959.5,5974,5912.5,5936,145382,0
20251229,130000,5936.5,5947,5922,5931.5,63671,0
20251229,140000,5931.5,5944,5931,5941.5,55796,0
20251229,150000,5941.5,5960,5924.5,5950.5,117375,0
20251229,160000,5950.5,5958.5,5886,5909.5,112009,0
20251229,170000,5909,5935.5,5908.5,5927,68614,0
20251229,180000,5927,5927,5775,5795,281476,0
20251229,190000,5792,5842,5780.5,5804,120037,0
20251229,200000,5804,5827.5,5800,5820.5,37880,0
20251229,210000,5820.5,5834,5802.5,5831,54989,0
20251229,220000,5831,5838,5825.5,5830.5,13511,0
20251229,230000,5831,5834.5,5825,5832.5,21161,0
20251230,070000,5853,5858.5,5839.5,5850,16964,0
20251230,080000,5849.5,5858.5,5847.5,5857,11914,0
20251230,090000,5857,5857,5833,5844,24254,0
20251230,100000,5844.5,5854.5,5824,5845,34161,0
20251230,110000,5845.5,5848.5,5831.5,5837.5,39738,0
20251230,120000,5837.5,5875,5834.5,5863,152373,0
20251230,130000,5863.5,5868.5,5848.5,5859.5,169086,0
20251230,140000,5859.5,5872,5858.5,5870,25898,0
20251230,150000,5870,5885,5868,5884.5,29653,0
20251230,160000,5884.5,5899,5882.5,5895.5,47645,0
20251230,170000,5896,5918,5891,5893.5,62021,0
20251230,180000,5894.5,5899,5874.5,5880.5,32400,0
20251230,190000,5885,5905,5882.5,5904,26880,0
20251230,200000,5905,5917,5890.5,5902,33002,0
20251230,210000,5902,5908,5897,5905,15037,0
20251230,220000,5905,5910,5893.5,5900.5,24227,0
20251230,230000,5900,5911.5,5893,5908.5,33457,0
20260105,070000,5904.5,5922,5865,5869.5,46632,0
20260105,080000,5868,5890.5,5862,5879,25188,0
20260105,090000,5879,5879.5,5831,5843.5,66493,0
20260105,100000,5843.5,5877,5837,5869,51814,0
20260105,110000,5869.5,5873.5,5859.5,5873.5,32446,0
20260105,120000,5873,5874.5,5860,5868,36918,0
20260105,130000,5868,5869.5,5860,5860.5,21640,0
20260105,140000,5860,5865,5850,5851.5,29338,0
20260105,150000,5852,5856,5835,5854,25636,0
20260105,160000,5854,5870.5,5853.5,5865,19452,0
20260105,170000,5865,5880,5864,5869.5,30798,0
20260105,180000,5870,5880,5867,5876,26345,0
20260105,190000,5875,5878.5,5867,5869.5,8638,0
20260105,200000,5869.5,5874,5864,5870.5,6095,0
20260105,210000,5870,5878,5870,5871.5,6985,0
20260105,220000,5871.5,5875.5,5868.5,5871,6549,0
20260105,230000,5871,5874.5,5866.5,5871.5,6196,0
20260106,070000,5871.5,5890,5871.5,5887.5,7956,0
20260106,080000,5887.5,5887.5,5880,5887,3225,0
20260106,090000,5886.5,5914.5,5875.5,5912.5,32775,0
20260106,100000,5911.5,5915.5,5889,5895.5,60099,0
20260106,110000,5895.5,5900,5886,5898,35096,0
20260106,120000,5897.5,5908,5891.5,5900,41535,0
20260106,130000,5899,5907,5879,5898,43368,0
20260106,140000,5897.5,5899,5881,5884,34123,0
20260106,150000,5883.5,5892,5871.5,5885,27388,0
20260106,160000,5885,5893.5,5870,5870.5,23921,0
20260106,170000,5871,5881,5866,5879.5,30219,0
20260106,180000,5879.5,5888,5878.5,5886.5,7040,0
20260106,190000,5885,5889.5,5881.5,5885,10679,0
20260106,200000,5885.5,5886,5880,5881,3847,0
20260106,210000,5881,5884.5,5873.5,5881.5,13668,0
20260106,220000,5881.5,5881.5,5875,5877,7013,0
20260106,230000,5877,5888,5875,5884,10751,0
20260108,070000,5852,5864,5831,5842.5,68675,0
20260108,080000,5843,5854,5840.5,5847,21995,0
20260108,090000,5847,5855.5,5840,5848,20989,0
20260108,100000,5847.5,5870,5844,5868,40673,0
20260108,110000,5868,5868,5851.5,5859.5,67689,0
20260108,120000,5859.5,5879.5,5858,5874,27013,0
20260108,130000,5874,5875,5855,5858.5,23004,0
20260108,140000,5858.5,5867,5855,5855.5,37964,0
20260108,150000,5855.5,5856.5,5840,5845.5,78073,0
20260108,160000,5845.5,5850.5,5821.5,5840,112165,0
20260108,170000,5840,5841,5830,5838.5,31212,0
20260108,180000,5838.5,5841.5,5831,5832.5,24130,0
20260108,190000,5833,5838,5828.5,5832,20975,0
20260108,200000,5832,5837,5830,5833,18565,0
20260108,210000,5833,5853,5831,5850,23242,0
20260108,220000,5851.5,5854,5835.5,5841,27072,0
20260108,230000,5841.5,5857,5840,5851.5,14800,0
20260109,070000,5848,5865,5821,5857,26019,0
20260109,080000,5859,5860,5847,5849.5,11312,0
20260109,090000,5852.5,5857.5,5834,5842.5,36512,0
20260109,100000,5842,5853,5833,5841.5,58346,0
20260109,110000,5841,5845,5835.5,5844.5,31711,0
20260109,120000,5845,5845,5835,5840,22669,0
20260109,130000,5840,5844.5,5837.5,5842.5,15108,0
20260109,140000,5841,5847,5841,5846,15201,0
20260109,150000,5846,5849,5841,5841,34334,0
20260109,160000,5841,5844.5,5836,5843,45830,0
20260109,170000,5843,5846,5840,5846,37215,0
20260109,180000,5846,5847.5,5843,5845.5,25047,0
20260109,190000,5845,5850,5841.5,5846.5,28003,0
20260109,200000,5846.5,5847,5842,5842,24271,0
20260109,210000,5842,5843,5840.5,5841,40966,0
20260109,220000,5841,5858,5841,5856,45813,0
20260109,230000,5855.5,5882,5855.5,5878,106969,0
20260112,090000,5520,5520,5520,5520,10354,0
20260112,100000,5521,5550,5510,5523,619048,0
20260112,110000,5522.5,5524,5495,5498,228054,0
20260112,120000,5497.5,5509.5,5493.5,5497,107573,0
20260112,130000,5496.5,5500.5,5470,5478,135794,0
20260112,140000,5478,5479.5,5465,5466,83274,0
20260112,150000,5466.5,5466.5,5451,5456.5,131645,0
20260112,160000,5456.5,5457,5409,5428.5,217086,0
20260112,170000,5428,5429,5380,5380,208138,0
20260112,180000,5380,5388,5363,5376,133461,0
20260112,190000,5377,5397,5375,5391.5,51415,0
20260112,200000,5391,5398,5390,5396,22666,0
20260112,210000,5396,5399,5393.5,5399,23878,0
20260112,220000,5399,5406.5,5396,5398.5,26285,0
20260112,230000,5398.5,5400.5,5393,5393,23945,0
20260113,070000,5389,5402.5,5357,5373.5,60837,0
20260113,080000,5373.5,5389,5373.5,5387,21637,0
20260113,090000,5386.5,5387,5352,5361,61884,0
20260113,100000,5361,5399.5,5360,5375.5,76381,0
20260113,110000,5375.5,5379.5,5360,5375.5,51818,0
20260113,120000,5374.5,5417.5,5374.5,5409,82928,0
20260113,130000,5409,5430,5396,5426,80741,0
20260113,140000,5426,5429,5401.5,5403,38163,0
20260113,150000,5403.5,5404,5382.5,5393,55116,0
20260113,160000,5392,5415,5391,5403.5,58627,0
20260113,170000,5403.5,5409,5389.5,5403.5,55368,0
20260113,180000,5404,5409,5382.5,5400,42070,0
20260113,190000,5395.5,5398.5,5386.5,5391,12838,0
20260113,200000,5391,5397.5,5386.5,5386.5,14038,0
20260113,210000,5386.5,5394.5,5386,5394.5,6798,0
20260113,220000,5394.5,5402.5,5394,5399.5,11211,0
20260113,230000,5399,5400,5391,5392.5,15578,0
20260114,070000,5399.5,5415,5396.5,5400,13198,0
20260114,080000,5399.5,5400,5391.5,5395.5,7755,0
20260114,090000,5395.5,5398.5,5380,5381,23540,0
20260114,100000,5380.5,5381.5,5352,5367.5,96631,0
20260114,110000,5368,5429,5358,5399.5,129315,0
20260114,120000,5399.5,5419,5392.5,5394,64804,0
20260114,130000,5394,5405.5,5385.5,5399.5,47567,0
20260114,140000,5400,5418,5399.5,5405,56103,0
20260114,150000,5405,5413,5388.5,5392,36183,0
20260114,160000,5392.5,5402.5,5372.5,5399,40701,0
20260114,170000,5398.5,5414,5388.5,5390,55140,0
20260114,180000,5391,5400,5390.5,5390.5,9604,0
20260114,190000,5391,5398,5381.5,5389.5,19107,0
20260114,200000,5390,5400,5384.5,5396,11288,0
20260114,210000,5396.5,5399,5390.5,5398.5,6527,0
20260114,220000,5398.5,5410,5394.5,5407.5,33510,0
20260114,230000,5408,5414,5380,5386,25415,0
20260115,070000,5392,5405,5387,5400,13766,0
20260115,080000,5400,5402,5391,5399.5,4097,0
20260115,090000,5399.5,5404,5392,5400,8570,0
20260115,100000,5397.5,5398,5375.5,5379,27684,0
20260115,110000,5379,5388,5366,5370.5,23555,0
20260115,120000,5370,5383,5367.5,5376,30850,0
20260115,130000,5376,5404,5376,5396,47582,0
20260115,140000,5395.5,5409,5394.5,5399,32387,0
20260115,150000,5399,5403.5,5388,5393,9694,0
20260115,160000,5393.5,5407,5385.5,5401,17570,0
20260115,170000,5401,5408,5387,5394,17669,0
20260115,180000,5393.5,5397.5,5380.5,5383,50563,0
20260115,190000,5384.5,5400,5383,5390.5,22658,0
20260115,200000,5390.5,5397.5,5388.5,5391,9012,0
20260115,210000,5391,5393,5386.5,5390.5,8336,0
20260115,220000,5390.5,5408,5390,5395,20508,0
20260115,230000,5395.5,5399,5391.5,5395,8634,0
20260116,070000,5400,5406,5391,5396,5982,0
20260116,080000,5397.5,5407,5396,5400,10042,0
20260116,090000,5399.5,5415,5397,5400,26494,0
20260116,100000,5402,5410.5,5392,5403.5,62916,0
20260116,110000,5403,5420,5401,5414.5,62565,0
20260116,120000,5414.5,5418,5407,5411.5,22913,0
20260116,130000,5411.5,5419.5,5399.5,5410,41362,0
20260116,140000,5408.5,5418.5,5401,5415.5,21204,0
20260116,150000,5415.5,5417,5410,5410,17118,0
20260116,160000,5410.5,5433,5400,5429.5,108915,0
20260116,170000,5429.5,5454,5428,5442.5,131213,0
20260116,180000,5443,5451.5,5438,5438,25286,0
20260116,190000,5441,5450.5,5439.5,5444,19785,0
20260116,200000,5443,5450,5442,5444.5,14877,0
20260116,210000,5445,5456.5,5444,5448.5,29579,0
20260116,220000,5448,5460,5446,5451,19690,0
20260116,230000,5452,5458.5,5440,5455,22478,0
20260117,090000,5461,5461,5461,5461,97,0
20260117,100000,5461.5,5462.5,5459.5,5461,6672,0
20260117,110000,5462,5462,5455.5,5456.5,4417,0
20260117,120000,5456.5,5457.5,5454,5455,2214,0
20260117,130000,5456.5,5459.5,5454,5456,3648,0
20260117,140000,5456,5458,5450.5,5452,2038,0
20260117,150000,5452,5452.5,5442.5,5450,6351,0
20260117,160000,5449.5,5453.5,5447,5452.5,1734,0
20260117,170000,5452.5,5454,5451,5451.5,890,0
20260117,180000,5451.5,5452.5,5446.5,5450,2253,0
20260118,090000,5450,5450,5450,5450,57,0
20260118,100000,5453,5458.5,5451.5,5458.5,2347,0
20260118,110000,5458.5,5459.5,5456.5,5459,2189,0
20260118,120000,5459,5459,5455,5456.5,1228,0
20260118,130000,5456.5,5459,5455,5457.5,1374,0
20260118,140000,5457.5,5459,5455,5456.5,1295,0
20260118,150000,5457,5460,5455,5456,1941,0
20260118,160000,5455.5,5469,5454.5,5465,9782,0
20260118,170000,5465,5468,5460.5,5465.5,2575,0
20260118,180000,5465.5,5468,5460.5,5463.5,3317,0
20260119,070000,5463.5,5494,5458,5472,36964,0
20260119,080000,5472.5,5474.5,5464.5,5470,10240,0
20260119,090000,5468.5,5468.5,5430,5435.5,63911,0
20260119,100000,5435,5445,5411.5,5433.5,66961,0
20260119,110000,5433.5,5458,5432,5445,46252,0
20260119,120000,5444,5447.5,5433,5444,18066,0
20260119,130000,5444,5447.5,5433.5,5443,27928,0
20260119,140000,5443.5,5448,5434,5437.5,11195,0
20260119,150000,5438,5438,5415.5,5433,38065,0
20260119,160000,5432.5,5438,5405,5426.5,60828,0
20260119,170000,5426,5446,5424.5,5433.5,24281,0
20260119,180000,5433,5434.5,5411.5,5413.5,34566,0
20260119,190000,5414,5422.5,5413,5421,21689,0
20260119,200000,5421,5424,5414.5,5421.5,7650,0
20260119,210000,5421.5,5423,5420,5422.5,4775,0
20260119,220000,5422.5,5422.5,5413,5416.5,10470,0
20260119,230000,5415.5,5416,5404,5405.5,28641,0
20260120,070000,5405,5420.5,5402,5415,14356,0
20260120,080000,5414.5,5425.5,5413,5422.5,6872,0
20260120,090000,5420.5,5421,5410,5411,12128,0
20260120,100000,5412,5412.5,5378.5,5389.5,105111,0
20260120,110000,5389.5,5392.5,5356,5368,121399,0
20260120,120000,5368,5377.5,5360,5370.5,76713,0
20260120,130000,5370.5,5373,5361,5365.5,35734,0
20260120,140000,5365.5,5366.5,5341,5358.5,84491,0
20260120,150000,5358,5359.5,5330,5356.5,123034,0
20260120,160000,5357,5372,5348.5,5352,66337,0
20260120,170000,5352,5369,5342,5354,82518,0
20260120,180000,5356,5361.5,5344,5350,47708,0
20260120,190000,5351,5359.5,5345,5345.5,23251,0
20260120,200000,5345.5,5355,5345,5352,5418,0
20260120,210000,5352,5365,5351.5,5359.5,11723,0
20260120,220000,5359.5,5364.5,5357,5359,6615,0
20260120,230000,5359,5360,5348,5352,14446,0
20260121,070000,5353.5,5366,5353.5,5361.5,11596,0
20260121,080000,5361,5361,5340,5346,25916,0
20260121,090000,5345.5,5356.5,5340.5,5348,16450,0
20260121,100000,5348,5348.5,5323,5326,91007,0
20260121,110000,5325.5,5329.5,5305,5328.5,70587,0
20260121,120000,5328.5,5351.5,5320,5327.5,76134,0
20260121,130000,5328,5376.5,5324.5,5364.5,145120,0
20260121,140000,5364.5,5396.5,5364,5384,104241,0
20260121,150000,5384,5398,5382.5,5391,42410,0
20260121,160000,5391.5,5393.5,5370.5,5374.5,32102,0
20260121,170000,5375,5393,5372.5,5379,27959,0
20260121,180000,5379,5383,5371,5375,21211,0
20260121,190000,5379,5385.5,5372.5,5382.5,13230,0
20260121,200000,5382.5,5382.5,5371.5,5381.5,6129,0
20260121,210000,5381.5,5387.5,5380.5,5383.5,7450,0
20260121,220000,5383.5,5407.5,5377,5407.5,41763,0
20260121,230000,5408,5409.5,5392.5,5399,22979,0
20260122,070000,5410,5419.5,5400,5404,11398,0
20260122,080000,5405,5409.5,5400,5402.5,6345,0
20260122,090000,5402.5,5403,5384.5,5399,35820,0
20260122,100000,5399,5412.5,5390,5392.5,61717,0
20260122,110000,5394,5403.5,5391.5,5395.5,26546,0
20260122,120000,5395.5,5404.5,5380,5400.5,55543,0
20260122,130000,5400.5,5403,5390.5,5395.5,19148,0
20260122,140000,5395.5,5415,5392,5403.5,49271,0
20260122,150000,5403.5,5415,5401.5,5409,34586,0
20260122,160000,5409,5413,5362.5,5378,90352,0
20260122,170000,5378,5385,5330.5,5373.5,161925,0
20260122,180000,5373.5,5374.5,5349.5,5355,47610,0
20260122,190000,5357,5366,5341,5345,44331,0
20260122,200000,5345,5358,5335,5356.5,32612,0
20260122,210000,5356.5,5383.5,5356,5369.5,21365,0
20260122,220000,5369.5,5370,5358,5364.5,10681,0
20260122,230000,5364.5,5367.5,5360,5365,14246,0
20260123,070000,5364.5,5375,5360.5,5370,16409,0
20260123,080000,5369.5,5370.5,5365.5,5369,4888,0
20260123,090000,5368.5,5368.5,5335.5,5346,34720,0
20260123,100000,5346,5356,5340,5352,41668,0
20260123,110000,5352,5383,5351,5362.5,47983,0
20260123,120000,5362.5,5364,5341,5350,51836,0
20260123,130000,5350,5355,5345,5354.5,22828,0
20260123,140000,5354,5355,5345.5,5349.5,16537,0
20260123,150000,5349.5,5364,5346,5362.5,25691,0
20260123,160000,5362.5,5363,5345,5348,22067,0
20260123,170000,5348,5354.5,5347.5,5350.5,29009,0
20260123,180000,5350.5,5354.5,5350.5,5354,11947,0
20260123,190000,5353.5,5361,5353,5354.5,18361,0
20260123,200000,5354.5,5396.5,5350,5380,55768,0
20260123,210000,5380.5,5388,5371.5,5377,23321,0
20260123,220000,5380,5385.5,5371.5,5380,14996,0
20260123,230000,5380,5385,5378.5,5382.5,12490,0
20260124,090000,5382.5,5382.5,5382.5,5382.5,122,0
20260124,100000,5383,5391.5,5371,5380.5,10850,0
20260124,110000,5380.5,5385,5375,5379,4594,0
20260124,120000,5379,5380,5357,5366.5,13255,0
20260124,130000,5365,5366,5344,5353,23697,0
20260124,140000,5353,5360,5352,5355,5414,0
20260124,150000,5355,5370,5344,5362,20108,0
20260124,160000,5362,5364,5353.5,5355.5,6001,0
20260124,170000,5354.5,5369.5,5353.5,5361,5600,0
20260124,180000,5361.5,5362.5,5354,5359,5802,0
20260125,090000,5360,5360,5360,5360,326,0
20260125,100000,5360,5373,5359,5367.5,12824,0
20260125,110000,5366.5,5368.5,5363,5367,3323,0
20260125,120000,5366,5389.5,5365.5,5384.5,19940,0
20260125,130000,5384.5,5387,5372.5,5377,6277,0
20260125,140000,5378.5,5382.5,5376.5,5379.5,4359,0
20260125,150000,5379.5,5384,5376,5380.5,2985,0
20260125,160000,5379,5381,5375,5381,2778,0
20260125,170000,5381,5383.5,5375,5380,4813,0
20260125,180000,5380,5380,5373,5378.5,2552,0
20260126,070000,5372.5,5373,5350.5,5361,17738,0
20260126,080000,5360.5,5361,5351,5353,10739,0
20260126,090000,5353,5353,5308.5,5324.5,123677,0
20260126,100000,5324,5338.5,5311.5,5322,62282,0
20260126,110000,5322,5322.5,5310,5310.5,53077,0
20260126,120000,5310.5,5319.5,5307,5311,50325,0
20260126,130000,5311,5313,5309,5312.5,56597,0
20260126,140000,5313,5313,5272,5279.5,126222,0
20260126,150000,5278.5,5290.5,5276.5,5289,81759,0
20260126,160000,5289,5300,5281.5,5285,92813,0
20260126,170000,5285,5294,5278.5,5290,41920,0
20260126,180000,5290,5290,5245,5259,113080,0
20260126,190000,5258.5,5270,5251.5,5261.5,36988,0
20260126,200000,5261.5,5282,5261,5272.5,31299,0
20260126,210000,5272.5,5275,5265,5269,10336,0
20260126,220000,5269,5277,5265,5271.5,21690,0
20260126,230000,5271.5,5278,5268,5270.5,8963,0
20260127,070000,5279,5284.5,5271,5279,9199,0
20260127,080000,5279.5,5282.5,5273,5277,6665,0
20260127,090000,5277,5279.5,5265,5270,12053,0
20260127,100000,5270,5274.5,5234,5235,82532,0
20260127,110000,5235,5236,5215,5222,177305,0
20260127,120000,5221.5,5226,5218.5,5221.5,57871,0
20260127,130000,5221.5,5229,5221,5228,97043,0
20260127,140000,5228.5,5265,5215,5251,159393,0
20260127,150000,5251.5,5254,5243,5244,37575,0
20260127,160000,5244,5254,5240,5253,44361,0
20260127,170000,5252.5,5270,5252.5,5260,83325,0
20260127,180000,5260,5263,5241.5,5256,55424,0
20260127,190000,5251.5,5265,5249,5262.5,27970,0
20260127,200000,5262,5270,5258.5,5268,22846,0
20260127,210000,5269.5,5281,5264,5280,26117,0
20260127,220000,5279.5,5287.5,5277,5286.5,30245,0
20260127,230000,5287,5287.5,5279,5284,20389,0
20260128,070000,5285,5298,5284,5296.5,17902,0
20260128,080000,5296,5298,5285,5285.5,10914,0
20260128,090000,5286,5292.5,5272,5291.5,32747,0
20260128,100000,5291.5,5292,5254.5,5259,82996,0
20260128,110000,5259,5259,5245,5246.5,79684,0
20260128,120000,5246.5,5247,5226.5,5234.5,109658,0
20260128,130000,5235,5235.5,5233,5235,66059,0
20260128,140000,5235,5236.5,5232,5234,89133,0
20260128,150000,5234,5236.5,5223.5,5225,92753,0
20260128,160000,5225.5,5233.5,5218,5225.5,87548,0
20260128,170000,5225.5,5237.5,5222,5237,65781,0
20260128,180000,5236,5237.5,5226,5226,39938,0
20260128,190000,5230,5239.5,5222,5224.5,25980,0
20260128,200000,5224,5235,5223,5235,11082,0
20260128,210000,5235,5235,5225,5227,17819,0
20260128,220000,5227,5229,5223,5225,8201,0
20260128,230000,5225,5235,5219,5219.5,40549,0
20260129,070000,5219.5,5239,5219,5233,26882,0
20260129,080000,5233.5,5247,5228,5243,23056,0
20260129,090000,5241.5,5401,5234.5,5369.5,731813,0
20260129,100000,5366,5374,5325,5337.5,394623,0
20260129,110000,5336,5355,5330,5345.5,103805,0
20260129,120000,5345.5,5370.5,5334,5367.5,233889,0
20260129,130000,5367.5,5414.5,5365,5398,320484,0
20260129,140000,5398.5,5409.5,5390,5392.5,112388,0
20260129,150000,5394,5406,5377,5380.5,107452,0
20260129,160000,5380.5,5393,5370,5391,101202,0
20260129,170000,5391.5,5410,5381.5,5400.5,131754,0
20260129,180000,5400.5,5404,5305.5,5340,302096,0
20260129,190000,5339.5,5356.5,5331,5353.5,57130,0
20260129,200000,5353.5,5381.5,5339,5347,70639,0
20260129,210000,5345.5,5363,5341.5,5342.5,24958,0
20260129,220000,5343,5362,5339.5,5361,49348,0
20260129,230000,5360.5,5370,5340.5,5356.5,45824,0
20260130,070000,5355,5356,5326,5327,42178,0
20260130,080000,5329.5,5348,5329.5,5338,9948,0
20260130,090000,5338,5375.5,5337.5,5362,31695,0
20260130,100000,5361.5,5389,5339,5386.5,67044,0
20260130,110000,5386.5,5387,5318,5319.5,146135,0
20260130,120000,5318,5339.5,5307,5321.5,75079,0
20260130,130000,5322.5,5347.5,5319.5,5330,78572,0
20260130,140000,5330,5330,5317,5323,32613,0
20260130,150000,5323,5328,5314,5317,27619,0
20260130,160000,5317,5329,5315.5,5328.5,26765,0
20260130,170000,5327,5330,5319,5330,59941,0
20260130,180000,5329,5330,5276.5,5289,84932,0
20260130,190000,5289,5296,5285.5,5294,21329,0
20260130,200000,5293.5,5306,5290,5293.5,20885,0
20260130,210000,5293.5,5316,5280,5288.5,31573,0
20260130,220000,5286.5,5298.5,5275,5298.5,22523,0
20260130,230000,5299,5301,5297.5,5298.5,18574,0
20260131,090000,5300,5300,5300,5300,125,0
20260131,100000,5300.5,5320,5300,5309.5,21112,0
20260131,110000,5308,5315.5,5303.5,5304,6542,0
20260131,120000,5303.5,5305,5293.5,5297,6644,0
20260131,130000,5297.5,5300,5293,5299,2275,0
20260131,140000,5300,5308,5300,5303.5,4064,0
20260131,150000,5303.5,5312.5,5302.5,5309.5,2908,0
20260131,160000,5309.5,5310,5305.5,5307.5,1905,0
20260131,170000,5307.5,5309,5305,5309,2591,0
20260131,180000,5309,5315,5305.5,5306.5,4512,0
20260201,090000,5306.5,5306.5,5306.5,5306.5,88,0
20260201,100000,5306.5,5311.5,5304,5308.5,3558,0
20260201,110000,5308.5,5310,5305.5,5307.5,1706,0
20260201,120000,5307.5,5308.5,5300,5303.5,6305,0
20260201,130000,5303.5,5320,5301,5319.5,10591,0
20260201,140000,5319.5,5324,5313,5316.5,11689,0
20260201,150000,5316.5,5318,5305,5307,8597,0
20260201,160000,5306.5,5312,5305,5310,4453,0
20260201,170000,5310,5314,5305,5308,7446,0
20260201,180000,5308,5318,5305.5,5316.5,7082,0
20260202,070000,5299.5,5302,5278,5286.5,33887,0
20260202,080000,5288.5,5295,5268,5277.5,22377,0
20260202,090000,5277.5,5280,5236,5256,81783,0
20260202,100000,5256,5276,5231,5263,82807,0
20260202,110000,5262.5,5265,5245.5,5252,41860,0
20260202,120000,5252.5,5255.5,5247,5255.5,74893,0
20260202,130000,5255.5,5255.5,5242,5247.5,32626,0
20260202,140000,5247.5,5250.5,5239,5250.5,30320,0
20260202,150000,5250,5251.5,5245,5248.5,34330,0
20260202,160000,5249,5251.5,5231,5247,38981,0
20260202,170000,5247,5248.5,5231,5238.5,40810,0
20260202,180000,5239,5239.5,5235,5239.5,22313,0
20260202,190000,5240,5265.5,5239,5251.5,30283,0
20260202,200000,5251.5,5256,5242,5242.5,15459,0
20260202,210000,5242.5,5255,5240.5,5249,6254,0
20260202,220000,5248.5,5266.5,5248,5258.5,17246,0
20260202,230000,5258.5,5262.5,5248.5,5249,7217,0
20260203,070000,5266.5,5267,5252,5266,11076,0
20260203,080000,5266,5278,5259,5264.5,16361,0
20260203,090000,5263.5,5264,5249,5258,16040,0
20260203,100000,5258,5270,5220,5246.5,84367,0
20260203,110000,5246.5,5246.5,5238.5,5239.5,23635,0
20260203,120000,5239.5,5240.5,5231,5235.5,48945,0
20260203,130000,5235.5,5237,5227,5229,42240,0
20260203,140000,5229,5236.5,5225,5229,33509,0
20260203,150000,5229,5230,5223.5,5226.5,43621,0
20260203,160000,5226.5,5230,5210,5229.5,71181,0
20260203,170000,5229.5,5230,5226.5,5228.5,39820,0
20260203,180000,5229,5230,5216,5230,36688,0
20260203,190000,5225,5230,5222,5225,15946,0
20260203,200000,5225,5230,5220.5,5222.5,22522,0
20260203,210000,5223,5230,5220,5229,23181,0
20260203,220000,5229,5230,5223.5,5226,6643,0
20260203,230000,5226,5227.5,5218.5,5220.5,10365,0
20260204,070000,5221.5,5237,5221.5,5232,9885,0
20260204,080000,5232,5247,5232,5236,17970,0
20260204,090000,5236,5253,5215,5250,55087,0
20260204,100000,5250,5256,5233,5245.5,66960,0
20260204,110000,5245,5245.5,5236.5,5238,30575,0
20260204,120000,5239,5240,5222,5233.5,53985,0
20260204,130000,5233.5,5238.5,5224.5,5228.5,38852,0
20260204,140000,5228.5,5228.5,5201,5210.5,77375,0
20260204,150000,5210.5,5222,5187,5190,85780,0
20260204,160000,5189.5,5203.5,5182.5,5200,66294,0
20260204,170000,5199.5,5200,5190,5194.5,25634,0
20260204,180000,5194.5,5194.5,5175,5183,64636,0
20260204,190000,5183,5183,5162.5,5176,52679,0
20260204,200000,5176,5189.5,5165.5,5180,27554,0
20260204,210000,5181.5,5181.5,5169,5175,12453,0
20260204,220000,5175,5190.5,5174,5184.5,13474,0
20260204,230000,5185,5188.5,5178.5,5179,9262,0
20260205,070000,5191,5196,5172,5182,13602,0
20260205,080000,5182,5182,5150,5158,24240,0
20260205,090000,5159,5170.5,5150,5153.5,40562,0
20260205,100000,5153.5,5161.5,5115,5142,117567,0
20260205,110000,5141.5,5145.5,5133,5142,51239,0
20260205,120000,5141.5,5144.5,5131,5141.5,47900,0
20260205,130000,5141.5,5145,5126,5134,68345,0
20260205,140000,5133.5,5139,5120,5130,39134,0
20260205,150000,5129,5130,5090.5,5121.5,177489,0
20260205,160000,5121.5,5184,5120,5173.5,135317,0
20260205,170000,5173,5189.5,5156,5172.5,147730,0
20260205,180000,5172.5,5180,5144,5155,61974,0
20260205,190000,5155,5155,5100,5132,50853,0
20260205,200000,5132,5143,5127.5,5141,9739,0
20260205,210000,5141,5149.5,5126.5,5129.5,17737,0
20260205,220000,5129.5,5138,5121,5121,7663,0
20260205,230000,5121.5,5129.5,5113.5,5115,11268,0
20260206,070000,5130.5,5159,5126,5150,21230,0
20260206,080000,5150,5151.5,5137.5,5146,9613,0
20260206,090000,5147,5147,5135,5145.5,14792,0
20260206,100000,5146,5158,5124,5129.5,59162,0
20260206,110000,5129.5,5130,5117,5129.5,75334,0
20260206,120000,5130,5130,5123,5130,75024,0
20260206,130000,5129.5,5134.5,5126,5133,62517,0
20260206,140000,5134,5135,5121.5,5125.5,35441,0
20260206,150000,5126,5131,5123.5,5128.5,18395,0
20260206,160000,5129,5135.5,5126.5,5130,30572,0
20260206,170000,5129.5,5130,5106,5110.5,39492,0
20260206,180000,5111.5,5122,5107.5,5110,19432,0
20260206,190000,5111.5,5118,5108,5110,6758,0
20260206,200000,5111,5116,5110,5114,8254,0
20260206,210000,5114.5,5121.5,5106.5,5116,14981,0
20260206,220000,5118,5124.5,5113,5114.5,6190,0
20260206,230000,5114.5,5115,5105,5109.5,10008,0
20260207,090000,5110,5110,5110,5110,46,0
20260207,100000,5110.5,5121.5,5110.5,5114.5,7003,0
20260207,110000,5114.5,5116,5112,5115.5,3213,0
20260207,120000,5114,5119.5,5111,5115,3405,0
20260207,130000,5115,5120,5115,5119.5,2346,0
20260207,140000,5119.5,5120,5116,5117.5,1323,0
20260207,150000,5117,5122,5117,5119.5,3274,0
20260207,160000,5119,5120,5117,5119.5,1091,0
20260207,170000,5119.5,5120,5114.5,5117.5,3449,0
20260207,180000,5117.5,5121,5115,5119,4218,0
20260208,090000,5119,5119,5119,5119,66,0
20260208,100000,5122,5136.5,5110.5,5123.5,11582,0
20260208,110000,5125,5125.5,5115,5119,2252,0
20260208,120000,5117,5119,5113,5117,1734,0
20260208,130000,5119,5119,5110,5112,5253,0
20260208,140000,5113,5113,5092,5102.5,14580,0
20260208,150000,5102,5103.5,5098,5099.5,3734,0
20260208,160000,5099,5103.5,5097,5097,4587,0
20260208,170000,5097.5,5101,5095,5096.5,3855,0
20260208,180000,5096.5,5101,5092,5098,6823,0
20260209,070000,5100,5109,5058.5,5063,37774,0
20260209,080000,5063,5086,5060,5069,20987,0
20260209,090000,5069,5076.5,5060,5071,31521,0
20260209,100000,5071,5090,5055,5080,101367,0
20260209,110000,5080,5087.5,5075.5,5086,33477,0
20260209,120000,5086,5106.5,5085.5,5098,31332,0
20260209,130000,5097.5,5097.5,5076,5091,34778,0
20260209,140000,5091,5100,5087.5,5090.5,19643,0
20260209,150000,5090.5,5127,5083.5,5122,57822,0
20260209,160000,5121.5,5174,5118.5,5151.5,98616,0
20260209,170000,5151.5,5190,5150.5,5171,69941,0
20260209,180000,5171,5179.5,5162,5179.5,50473,0
20260209,190000,5178.5,5186.5,5164.5,5168,42886,0
20260209,200000,5168.5,5173,5160.5,5167.5,11679,0
20260209,210000,5167.5,5171,5156.5,5164,12745,0
20260209,220000,5163.5,5166,5158,5163.5,7347,0
20260209,230000,5163.5,5173,5161.5,5167.5,11686,0
20260210,070000,5167,5220,5144.5,5211,79625,0
20260210,080000,5211,5217.5,5197,5197,24193,0
20260210,090000,5197,5220,5178,5202,66247,0
20260210,100000,5202,5243,5178,5220,156102,0
20260210,110000,5220,5226,5193,5208,67310,0
20260210,120000,5208.5,5214,5172.5,5180.5,61445,0
20260210,130000,5180.5,5180.5,5155,5155.5,58401,0
20260210,140000,5155.5,5184.5,5151.5,5169.5,66567,0
20260210,150000,5170,5172,5132,5132,57258,0
20260210,160000,5132.5,5153.5,5125.5,5149.5,64246,0
20260210,170000,5149,5153.5,5123,5124,77262,0
20260210,180000,5123,5135,5122,5125,30897,0
20260210,190000,5125.5,5137.5,5122.5,5136,17815,0
20260210,200000,5137,5137,5120.5,5130.5,27882,0
20260210,210000,5130.5,5133,5126.5,5133,3736,0
20260210,220000,5133,5133.5,5123.5,5124.5,4558,0
20260210,230000,5124.5,5127,5112.5,5119.5,16128,0
20260211,070000,5132,5149,5127,5134.5,15544,0
20260211,080000,5136,5149,5132,5149,7374,0
20260211,090000,5148,5150,5127.5,5140,16258,0
20260211,100000,5140,5159,5128,5149,31867,0
20260211,110000,5150,5156,5122,5126.5,39450,0
20260211,120000,5126,5192,5123.5,5185.5,91679,0
20260211,130000,5186,5191.5,5164.5,5172,61668,0
20260211,140000,5171.5,5188,5170,5178.5,36431,0
20260211,150000,5178.5,5220,5178,5195,93464,0
20260211,160000,5195,5212,5190.5,5205.5,49059,0
20260211,170000,5205.5,5209,5191,5201.5,26071,0
20260211,180000,5201.5,5208,5190,5192,18810,0
20260211,190000,5193,5215,5193,5211.5,34583,0
20260211,200000,5212,5219.5,5202,5206.5,18350,0
20260211,210000,5205.5,5207.5,5200,5200.5,10819,0
20260211,220000,5201.5,5208,5200,5207,12614,0
20260211,230000,5207,5213,5188,5193,26186,0
20260212,070000,5194.5,5205.5,5182,5195,6667,0
20260212,080000,5194,5217,5189.5,5207,14580,0
20260212,090000,5206.5,5206.5,5172,5186,24332,0
20260212,100000,5185.5,5186,5167.5,5168,28389,0
20260212,110000,5168,5205,5165.5,5205,43735,0
20260212,120000,5205,5234.5,5198.5,5234,68239,0
20260212,130000,5233.5,5240.5,5231.5,5237,80399,0
20260212,140000,5238,5240.5,5235,5239.5,41431,0
20260212,150000,5239,5241,5231,5239,57706,0
20260212,160000,5239,5241,5226.5,5227,23302,0
20260212,170000,5227.5,5238.5,5211,5236.5,37927,0
20260212,180000,5237,5241,5232,5240,33151,0
20260212,190000,5238,5238,5210.5,5214.5,20834,0
20260212,200000,5214.5,5223,5211,5212,8700,0
20260212,210000,5212,5215,5202.5,5208.5,14627,0
20260212,220000,5208.5,5209.5,5187,5191,46643,0
20260212,230000,5190,5193,5180,5193,20897,0
20260213,070000,5212,5225.5,5201,5221,20815,0
20260213,080000,5220,5225,5211,5211.5,7996,0
20260213,090000,5211,5219,5203.5,5213.5,12211,0
20260213,100000,5213.5,5256.5,5208,5256,52194,0
20260213,110000,5256,5268.5,5233,5237,74584,0
20260213,120000,5236.5,5255,5232,5238,46816,0
20260213,130000,5238,5269,5226,5259.5,160675,0
20260213,140000,5260,5267.5,5235.5,5250.5,59624,0
20260213,150000,5251,5257.5,5240.5,5242.5,37403,0
20260213,160000,5243,5255,5235.5,5250,35528,0
20260213,170000,5250,5257,5242.5,5253,28519,0
20260213,180000,5253,5257.5,5247.5,5256.5,14818,0
20260213,190000,5255,5257.5,5250,5253,13405,0
20260213,200000,5254,5257.5,5251.5,5255,8889,0
20260213,210000,5254.5,5264.5,5254.5,5264,19981,0
20260213,220000,5264.5,5270,5261.5,5269,17781,0
20260213,230000,5269,5269.5,5253,5260.5,11145,0
20260216,070000,5262.5,5285.5,5260.5,5271.5,22386,0
20260216,080000,5271.5,5271.5,5261,5262,8788,0
20260216,090000,5262,5262,5233,5235,34241,0
20260216,100000,5235.5,5247,5231.5,5243,47762,0
20260216,110000,5243,5252,5233.5,5245,36215,0
20260216,120000,5244.5,5248,5237,5247.5,37186,0
20260216,130000,5247,5254.5,5245.5,5248.5,28160,0
20260216,140000,5250,5263,5245,5262,36885,0
20260216,150000,5261.5,5263,5243,5252.5,28458,0
20260216,160000,5252.5,5260.5,5251,5253,20178,0
20260216,170000,5253,5255.5,5232,5237.5,36005,0
20260216,180000,5237.5,5242.5,5231,5234,19572,0
20260216,190000,5236.5,5241,5230,5233,14180,0
20260216,200000,5233,5235,5230,5234.5,5277,0
20260216,210000,5234.5,5234.5,5227,5230.5,6737,0
20260216,220000,5231,5233,5229.5,5233,5086,0
20260216,230000,5232.5,5233,5227,5231.5,9164,0
20260217,070000,5231,5250,5228,5235.5,7077,0
20260217,080000,5235.5,5242,5234,5238.5,2545,0
20260217,090000,5238,5239.5,5230,5234.5,6347,0
20260217,100000,5235,5244,5232,5240,14017,0
20260217,110000,5240,5257.5,5236,5256,30841,0
20260217,120000,5256,5265,5247.5,5259.5,27566,0
20260217,130000,5260,5264,5250,5256,29875,0
20260217,140000,5256,5264.5,5253,5253.5,18582,0
20260217,150000,5253.5,5260,5240,5249,23878,0
20260217,160000,5249.5,5258.5,5243,5243.5,23638,0
20260217,170000,5243.5,5252.5,5238.5,5247,29311,0
20260217,180000,5247,5262.5,5243.5,5252,20147,0
20260217,190000,5251.5,5259,5248,5249,7219,0
20260217,200000,5248.5,5265,5248.5,5252.5,22353,0
20260217,210000,5252,5260,5246,5254.5,8098,0
20260217,220000,5255,5255,5249,5250,1640,0
20260217,230000,5249.5,5251.5,5240,5241,12960,0
20260218,070000,5259.5,5259.5,5242.5,5246.5,9431,0
20260218,080000,5249.5,5249.5,5242,5242,4088,0
20260218,090000,5242,5243.5,5233.5,5236,8173,0
20260218,100000,5238,5242,5227,5227,41518,0
20260218,110000,5227,5227.5,5186,5188.5,88674,0
20260218,120000,5188,5193,5156.5,5161,88541,0
20260218,130000,5161,5172,5152,5168.5,84511,0
20260218,140000,5168.5,5169,5156.5,5160.5,46588,0
20260218,150000,5161,5185.5,5160,5170,39308,0
20260218,160000,5170,5173.5,5150,5170,63589,0
20260218,170000,5171,5176.5,5163,5171,35122,0
20260218,180000,5172,5188.5,5172,5183,43083,0
20260218,190000,5185,5188,5177.5,5186,12912,0
20260218,200000,5185.5,5206,5185.5,5204,21283,0
20260218,210000,5204,5205.5,5196,5202,22125,0
20260218,220000,5202,5211.5,5194.5,5210.5,18160,0
20260218,230000,5211,5215,5203,5209,16612,0
20260219,070000,5209.5,5217,5194.5,5207.5,10697,0
20260219,080000,5207.5,5208.5,5195,5195,8163,0
20260219,090000,5195,5198,5181,5189,22147,0
20260219,100000,5188.5,5212.5,5185,5207,48484,0
20260219,110000,5206,5214.5,5189.5,5193.5,37422,0
20260219,120000,5193.5,5201,5163,5166,67387,0
20260219,130000,5166.5,5184,5166,5176,26240,0
20260219,140000,5175.5,5185.5,5174.5,5175.5,17618,0
20260219,150000,5175,5179.5,5170,5173,17785,0
20260219,160000,5173,5177,5166,5177,27130,0
20260219,170000,5177,5188.5,5159.5,5187,38522,0
20260219,180000,5187,5187,5170,5171,12467,0
20260219,190000,5171,5174.5,5161.5,5172.5,9828,0
20260219,200000,5172,5177,5166.5,5169.5,7590,0
20260219,210000,5169.5,5172.5,5169.5,5171.5,2085,0
20260219,220000,5172,5173.5,5170,5170,3819,0
20260219,230000,5170.5,5170.5,5161,5162,9821,0
20260220,070000,5176.5,5187,5163.5,5174.5,9466,0
20260220,080000,5174,5179,5172.5,5175.5,4795,0
20260220,090000,5178,5187,5176,5177,24812,0
20260220,100000,5177.5,5181,5165,5173,20965,0
20260220,110000,5173,5175,5169,5172,15022,0
20260220,120000,5171,5174,5161,5169.5,24895,0
20260220,130000,5168.5,5168.5,5152,5160,37650,0
20260220,140000,5161.5,5188.5,5156,5188.5,27683,0
20260220,150000,5188.5,5208.5,5188,5207.5,44032,0
20260220,160000,5208,5208.5,5190,5207,37279,0
20260220,170000,5207,5209,5188.5,5190,31753,0
20260220,180000,5189.5,5199,5186,5190,24902,0
20260220,190000,5190,5199,5186.5,5191.5,7752,0
20260220,200000,5193,5193,5188,5189.5,2618,0
20260220,210000,5190,5194.5,5188,5194,4275,0
20260220,220000,5194,5194.5,5185.5,5186,7163,0
20260220,230000,5185.5,5189,5182.5,5186.5,4811,0
20260221,090000,5189,5189,5189,5189,47,0
20260221,100000,5188,5200,5187,5197.5,2431,0
20260221,110000,5197.5,5207,5190,5199,7161,0
20260221,120000,5199,5202,5196.5,5199.5,1105,0
20260221,130000,5199.5,5200,5195.5,5198.5,812,0
20260221,140000,5198.5,5202,5198,5200,959,0
20260221,150000,5200.5,5201.5,5199.5,5201,510,0
20260221,160000,5201,5202,5191,5192.5,3827,0
20260221,170000,5192.5,5199,5191,5198.5,903,0
20260221,180000,5198.5,5199,5190,5191.5,1893,0
20260222,090000,5192,5192,5192,5192,79,0
20260222,100000,5192,5205,5186.5,5202.5,8546,0
20260222,110000,5204.5,5206.5,5192.5,5197.5,2972,0
20260222,120000,5197.5,5197.5,5191.5,5197,1535,0
20260222,130000,5195.5,5203.5,5195.5,5203,1779,0
20260222,140000,5203.5,5204,5196,5197,1603,0
20260222,150000,5197,5197.5,5194,5195,914,0
20260222,160000,5196,5198.5,5194.5,5197,697,0
20260222,170000,5197,5202,5195.5,5200.5,2430,0
20260222,180000,5199,5206,5199,5204,3805,0
20260223,090000,5205,5205,5205,5205,78,0
20260223,100000,5204.5,5210.5,5193.5,5199.5,8011,0
20260223,110000,5200,5207,5200,5207,2275,0
20260223,120000,5206.5,5210,5204.5,5209,4335,0
20260223,130000,5208.5,5213,5207.5,5209.5,3773,0
20260223,140000,5209.5,5210.5,5207,5209.5,1998,0
20260223,150000,5209.5,5210,5205,5205.5,1474,0
20260223,160000,5206,5207.5,5204.5,5207,921,0
20260223,170000,5206.5,5213,5206.5,5213,3761,0
20260223,180000,5213,5214,5205.5,5211,4396,0
20260224,070000,5206.5,5210.5,5197,5201.5,7487,0
20260224,080000,5201.5,5228.5,5194.5,5217.5,18483,0
20260224,090000,5217,5217,5200,5203,9631,0
20260224,100000,5202.5,5254,5190,5245,87710,0
20260224,110000,5245,5246.5,5228.5,5235.5,26373,0
20260224,120000,5236,5236.5,5225,5230.5,17727,0
20260224,130000,5230.5,5231.5,5199,5205.5,38080,0
20260224,140000,5206,5216.5,5200,5213,14948,0
20260224,150000,5213.5,5215.5,5205,5206,12995,0
20260224,160000,5207,5213,5180.5,5181,42039,0
20260224,170000,5181,5186,5171,5181,39615,0
20260224,180000,5180.5,5180.5,5165,5174.5,19763,0
20260224,190000,5174,5182.5,5167,5180,10626,0
20260224,200000,5180,5181,5176,5176.5,5848,0
20260224,210000,5176.5,5181.5,5176.5,5179.5,3028,0
20260224,220000,5179,5179.5,5176,5176.5,3832,0
20260224,230000,5176.5,5177.5,5168,5175,8036,0
20260225,070000,5178.5,5189.5,5175,5186,5215,0
20260225,080000,5188,5193,5183,5184.5,2965,0
20260225,090000,5184.5,5184.5,5168,5175,13408,0
20260225,100000,5175,5191.5,5165,5165,27736,0
20260225,110000,5165.5,5176.5,5162.5,5171,27301,0
20260225,120000,5171,5183,5168,5181,23199,0
20260225,130000,5181,5182.5,5166.5,5168.5,19948,0
20260225,140000,5168.5,5179,5165.5,5171,28222,0
20260225,150000,5171,5172.5,5156.5,5158,20898,0
20260225,160000,5157.5,5185,5155.5,5176.5,39049,0
20260225,170000,5176,5179.5,5155,5160,59145,0
20260225,180000,5159.5,5180,5158,5180,68850,0
20260225,190000,5179.5,5181.5,5162,5174.5,14723,0
20260225,200000,5176,5189,5174.5,5187.5,13958,0
20260225,210000,5187.5,5189.5,5182,5186.5,8480,0
20260225,220000,5186,5187.5,5153.5,5164,45919,0
20260225,230000,5164,5164.5,5156,5162,7925,0
20260226,070000,5166.5,5174.5,5163.5,5171.5,4695,0
20260226,080000,5171,5172,5167,5168.5,4480,0
20260226,090000,5170,5174.5,5164,5174.5,16319,0
20260226,100000,5172,5172.5,5158,5163.5,31488,0
20260226,110000,5163,5173.5,5154,5158,58909,0
20260226,120000,5157.5,5158.5,5150,5155,42442,0
20260226,130000,5155,5155,5141,5153.5,38128,0
20260226,140000,5153.5,5159,5145,5150.5,19888,0
20260226,150000,5150.5,5155,5141.5,5149,15618,0
20260226,160000,5148.5,5153.5,5143,5153,14833,0
20260226,170000,5153,5153.5,5134,5140,31072,0
20260226,180000,5140,5148.5,5132.5,5146.5,28890,0
20260226,190000,5146,5149.5,5141,5145,7293,0
20260226,200000,5145.5,5147.5,5140,5146.5,4894,0
20260226,210000,5145.5,5150.5,5142.5,5147.5,7805,0
20260226,220000,5147.5,5150,5142.5,5147,5070,0
20260226,230000,5147,5147.5,5140.5,5140.5,4478,0
20260227,070000,5143.5,5151,5138,5140,4633,0
20260227,080000,5139,5152,5136.5,5148.5,4178,0
20260227,090000,5149,5155,5147,5154.5,13797,0
20260227,100000,5154.5,5164.5,5148.5,5154,37081,0
20260227,110000,5154,5158.5,5150,5154.5,19590,0
20260227,120000,5154.5,5155,5151.5,5155,19340,0
20260227,130000,5155,5155,5153,5155,10719,0
20260227,140000,5155,5169.5,5154.5,5168.5,35267,0
20260227,150000,5168.5,5184.5,5164.5,5182,38041,0
20260227,160000,5182,5227,5182,5225,100738,0
20260227,170000,5225,5239.5,5213.5,5229.5,78200,0
20260227,180000,5230,5231,5213.5,5216,36552,0
20260227,190000,5216.5,5235,5215,5219.5,23862,0
20260227,200000,5219,5227,5218.5,5225,7039,0
20260227,210000,5224.5,5228,5222,5224,9993,0
20260227,220000,5224,5226.5,5221.5,5222.5,6526,0
20260227,230000,5222.5,5223,5215.5,5220.5,13432,0
20260228,090000,5240.5,5240.5,5240.5,5240.5,10247,0
20260228,100000,5240.5,5317.5,5226,5307.5,198444,0
20260228,110000,5307,5349,5290,5347,148821,0
20260228,120000,5347,5376,5335.5,5359.5,236265,0
20260228,130000,5359,5374,5350,5371,93810,0
20260228,140000,5370,5371,5360,5360,61487,0
20260228,150000,5360,5361,5320,5344,104232,0
20260228,160000,5344,5367,5335.5,5361,48597,0
20260228,170000,5362,5376.5,5361,5376.5,183018,0
20260228,180000,5376.5,5376.5,5376.5,5376.5,15891,0
20260301,090000,5376.5,5376.5,5376.5,5376.5,220,0
20260301,100000,5376.5,5376.5,5376.5,5376.5,6028,0
20260301,110000,5376.5,5376.5,5376.5,5376.5,8659,0
20260301,120000,5376.5,5376.5,5376.5,5376.5,35512,0
20260301,130000,5376.5,5376.5,5376.5,5376.5,4318,0
20260301,140000,5376.5,5376.5,5376.5,5376.5,53475,0
20260301,150000,5376.5,5376.5,5376.5,5376.5,3318,0
20260301,160000,5376.5,5376.5,5376.5,5376.5,2366,0
20260301,170000,5376.5,5376.5,5376.5,5376.5,1850,0
20260301,180000,5376.5,5376.5,5376.5,5376.5,1990,0
20260302,070000,5399.5,5440,5384,5427,392224,0
20260302,080000,5426.5,5444,5408,5433,152897,0
20260302,090000,5433,5477,5415,5458,352838,0
20260302,100000,5459,5538,5453,5509.5,712492,0
20260302,110000,5509.5,5530,5475.5,5485,376031,0
20260302,120000,5485,5487,5445,5474,346855,0
20260302,130000,5473,5481,5456,5478,222929,0
20260302,140000,5478,5490,5459,5483,137682,0
20260302,150000,5483.5,5520,5483,5515,199130,0
20260302,160000,5515,5529,5499,5521.5,209279,0
20260302,170000,5521,5522.5,5491,5502.5,263499,0
20260302,180000,5503.5,5520,5496.5,5518,149765,0
20260302,190000,5515.5,5518.5,5476,5492,120442,0
20260302,200000,5492,5498,5465,5475,83855,0
20260302,210000,5476,5485,5465,5478,46498,0
20260302,220000,5477.5,5485,5471,5476.5,35910,0
20260302,230000,5476.5,5538,5474.5,5532.5,239254,0
20260303,070000,5537,5614.5,5536.5,5614,347881,0
20260303,080000,5614,5614.5,5577,5586,214098,0
20260303,090000,5585.5,5586.5,5535.5,5559,205492,0
20260303,100000,5560,5578,5500,5546.5,336780,0
20260303,110000,5545,5551.5,5520,5532.5,123038,0
20260303,120000,5531.5,5550,5529.5,5547.5,145117,0
20260303,130000,5548,5568.5,5533,5553,271278,0
20260303,140000,5553.5,5582,5550,5580,182364,0
20260303,150000,5580,5581,5532,5547,157660,0
20260303,160000,5547,5564.5,5535.5,5554.5,106181,0
20260303,170000,5554.5,5570,5550,5555,86854,0
20260303,180000,5555,5555,5536.5,5550,63294,0
20260303,190000,5549,5549.5,5514,5523,92321,0
20260303,200000,5523,5530,5517,5520,40386,0
20260303,210000,5520.5,5538,5519.5,5527.5,30864,0
20260303,220000,5527,5528,5495,5510.5,106391,0
20260303,230000,5510.5,5511,5460,5483,97140,0
20260304,070000,5491,5530,5473,5473.5,58156,0
20260304,080000,5474.5,5476,5446,5462,71155,0
20260304,090000,5462,5499.5,5457,5499.5,67124,0
20260304,100000,5499,5507,5470.5,5471.5,48783,0
20260304,110000,5471.5,5471.5,5446,5465,112011,0
20260304,120000,5464.5,5495.5,5464.5,5476,86355,0
20260304,130000,5475.5,5483,5431,5451.5,125977,0
20260304,140000,5451.5,5452,5402,5403.5,113028,0
20260304,150000,5402.5,5428,5401.5,5414,85097,0
20260304,160000,5414,5415,5388,5392.5,134118,0
20260304,170000,5392.5,5400,5375,5378,160139,0
20260304,180000,5377.5,5392.5,5368.5,5388.5,109955,0
20260304,190000,5388.5,5395,5382,5388.5,25433,0
20260304,200000,5388.5,5395,5383.5,5394.5,14571,0
20260304,210000,5394.5,5394.5,5381,5387,25548,0
20260304,220000,5388,5390,5383,5389,15364,0
20260304,230000,5388.5,5388.5,5382,5385,13464,0
20260305,070000,5402.5,5428,5401,5415.5,49624,0
20260305,080000,5415,5428.5,5408,5427.5,28417,0
20260305,090000,5425.5,5425.5,5386,5393.5,52385,0
20260305,100000,5393,5422.5,5385,5414.5,82463,0
20260305,110000,5414.5,5438,5408,5422,69566,0
20260305,120000,5420.5,5423,5398,5411,58661,0
20260305,130000,5411.5,5423,5407,5418,40929,0
20260305,140000,5417.5,5430,5414,5427.5,53007,0
20260305,150000,5428,5428.5,5411.5,5417,41773,0
20260305,160000,5417,5417,5404.5,5414,42045,0
20260305,170000,5414,5419,5412.5,5419,38254,0
20260305,180000,5419,5419,5393.5,5403.5,44155,0
20260305,190000,5403.5,5409,5396,5399.5,30579,0
20260305,200000,5399,5404.5,5395,5404.5,31891,0
20260305,210000,5404.5,5450,5404.5,5432,80960,0
20260305,220000,5431,5439.5,5428.5,5439.5,46149,0
20260305,230000,5438.5,5443.5,5400,5418,49674,0
20260306,070000,5439.5,5442.5,5412,5422,22091,0
20260306,080000,5422,5427.5,5405.5,5427,19203,0
20260306,090000,5426.5,5439,5420,5432.5,30670,0
20260306,100000,5431,5454.5,5423.5,5446,49815,0
20260306,110000,5446,5459,5430,5440,66240,0
20260306,120000,5440.5,5542.5,5432,5522,286060,0
20260306,130000,5522,5526,5490.5,5517,148152,0
20260306,140000,5517,5570,5517,5567,251149,0
20260306,150000,5567,5569,5538.5,5567,190930,0
20260306,160000,5567.5,5613,5548.5,5607,337124,0
20260306,170000,5608,5673.5,5583,5671.5,456522,0
20260306,180000,5670,5683.5,5597,5615,282271,0
20260306,190000,5615.5,5629,5585,5628.5,126334,0
20260306,200000,5628,5647.5,5609.5,5640,121294,0
20260306,210000,5641,5644.5,5617,5626,73204,0
20260306,220000,5626,5640,5617.5,5633.5,48304,0
20260306,230000,5633.5,5638,5624.5,5636,49745,0
20260309,070000,5874,6171,5835,6121,516592,0
20260309,080000,6121,6133,5900,5912,563571,0
20260309,090000,5912,5938.5,5859,5886.5,488464,0
20260309,100000,5886,5886,5787,5815.5,426912,0
20260309,110000,5816,5837,5781.5,5813,209979,0
20260309,120000,5814,5820,5713,5759,266824,0
20260309,130000,5759.5,5816.5,5751.5,5806,153362,0
20260309,140000,5806.5,5819.5,5790,5813,104815,0
20260309,150000,5812.5,5846.5,5792,5828.5,139964,0
20260309,160000,5829.5,5858.5,5804.5,5848,221791,0
20260309,170000,5850,5868,5828.5,5839.5,148894,0
20260309,180000,5840,5840,5781.5,5805,136909,0
20260309,190000,5804,5835,5803,5826.5,97192,0
20260309,200000,5826,5834.5,5815.5,5822,42548,0
20260309,210000,5822,5824,5780.5,5810.5,90317,0
20260309,220000,5810.5,5812,5663,5679.5,383117,0
20260309,230000,5679,5716,5666,5682,148186,0
20260310,070000,5741.5,5770.5,5626,5657,245911,0
20260310,080000,5654.5,5659,5610,5654.5,101963,0
20260310,090000,5654.5,5748,5651.5,5728,166556,0
20260310,100000,5727.5,5756,5675,5678,176872,0
20260310,110000,5678.5,5700,5666.5,5685.5,75061,0
20260310,120000,5685,5718,5646,5718,217004,0
20260310,130000,5718,5752,5708,5726,106318,0
20260310,140000,5726,5733,5708,5728.5,56182,0
20260310,150000,5729,5767.5,5726.5,5759.5,80988,0
20260310,160000,5759.5,5769.5,5732.5,5740.5,76898,0
20260310,170000,5740,5744.5,5668.5,5689.5,107314,0
20260310,180000,5690,5694,5665,5673.5,76540,0
20260310,190000,5674,5702,5673,5673,36489,0
20260310,200000,5673,5673.5,5620,5652.5,139609,0
20260310,210000,5654.5,5705.5,5645.5,5690.5,98283,0
20260310,220000,5690,5709.5,5684,5701.5,43016,0
20260310,230000,5701.5,5712,5696,5711,20212,0
20260311,070000,5672.5,5699.5,5646,5681.5,45808,0
20260311,080000,5681.5,5688,5665,5679,14480,0
20260311,090000,5678.5,5680,5660,5679,25227,0
20260311,100000,5679.5,5692,5661.5,5691,65666,0
20260311,110000,5691.5,5692,5681.5,5689,36626,0
20260311,120000,5689,5725,5689,5714,103795,0
20260311,130000,5714.5,5715,5660,5671,73777,0
20260311,140000,5672.5,5693,5671.5,5687.5,30285,0
20260311,150000,5688.5,5697,5687,5693.5,53139,0
20260311,160000,5693,5693,5675,5675,28555,0
20260311,170000,5675,5686,5670,5676,44811,0
20260311,180000,5676,5686.5,5673.5,5686.5,25334,0
20260311,190000,5685,5696,5675,5691.5,21500,0
20260311,200000,5691.5,5715,5684.5,5714,49992,0
20260311,210000,5714.5,5714.5,5694,5710,26832,0
20260311,220000,5709,5710.5,5699.5,5701.5,9298,0
20260311,230000,5702.5,5722,5702.5,5721.5,22392,0
20260312,070000,5781,5790,5753.5,5773,133593,0
20260312,080000,5773.5,5773.5,5740,5754,94003,0
20260312,090000,5754,5761.5,5730,5740.5,74080,0
20260312,100000,5740,5744,5725,5740,54446,0
20260312,110000,5739.5,5757.5,5739.5,5748.5,62593,0
20260312,120000,5748.5,5762,5746,5755.5,40184,0
20260312,130000,5755,5764,5746.5,5759.5,47629,0
20260312,140000,5758.5,5760,5745,5749,49396,0
20260312,150000,5749,5759,5747,5750,42531,0
20260312,160000,5750,5781,5747.5,5777,127111,0
20260312,170000,5777,5799.5,5777,5793.5,106584,0
20260312,180000,5793,5797.5,5780,5780,49349,0
20260312,190000,5781,5789.5,5760.5,5772,45845,0
20260312,200000,5772,5789,5771.5,5780.5,13868,0
20260312,210000,5782,5795.5,5775,5791.5,31970,0
20260312,220000,5791.5,5800,5790,5799.5,39158,0
20260312,230000,5799.5,5815,5795.5,5812,38847,0
20260313,070000,5819,5819.5,5784.5,5798,55028,0
20260313,080000,5800,5805,5789.5,5797.5,12304,0
20260313,090000,5798.5,5801,5780,5797,33803,0
20260313,100000,5796,5839,5792.5,5838.5,89987,0
20260313,110000,5838.5,5839.5,5798.5,5803,73414,0
20260313,120000,5803,5823,5800,5816,33986,0
20260313,130000,5816.5,5819.5,5791,5802,49368,0
20260313,140000,5802.5,5810,5792.5,5793.5,27821,0
20260313,150000,5792.5,5801,5762.5,5770,66114,0
20260313,160000,5769.5,5786,5756.5,5780,38001,0
20260313,170000,5780,5797,5776.5,5796,31652,0
20260313,180000,5796.5,5798,5785,5794,31360,0
20260313,190000,5790,5797.5,5785.5,5788,11380,0
20260313,200000,5787.5,5802,5776.5,5800.5,19725,0
20260313,210000,5800.5,5810.5,5792.5,5794,19059,0
20260313,220000,5794,5796.5,5788.5,5792,7590,0
20260313,230000,5791.5,5800,5788,5790.5,15060,0
20260314,090000,5810,5810,5810,5810,246,0
20260314,100000,5809,5816,5800.5,5814.5,18945,0
20260314,110000,5814.5,5818,5800.5,5809,12984,0
20260314,120000,5809,5817,5807,5814,5619,0
20260314,130000,5814,5827,5812,5822.5,16942,0
20260314,140000,5822.5,5826.5,5819.5,5825.5,20196,0
20260314,150000,5825,5835,5824,5830,21837,0
20260314,160000,5829.5,5835,5829.5,5831.5,8517,0
20260314,170000,5831.5,5838,5831.5,5838,7117,0
20260314,180000,5838,5838,5829.5,5832.5,8314,0
20260315,090000,5833,5833,5833,5833,546,0
20260315,100000,5833,5837.5,5821.5,5822,15192,0
20260315,110000,5822,5825,5816,5820.5,11218,0
20260315,120000,5821.5,5821.5,5812,5815.5,7221,0
20260315,130000,5814.5,5827.5,5814,5823.5,2819,0
20260315,140000,5823.5,5830,5822,5824.5,5403,0
20260315,150000,5825,5830,5824,5829.5,1936,0
20260315,160000,5828,5834,5827,5832.5,5272,0
20260315,170000,5832.5,5834.5,5826.5,5833,5606,0
20260315,180000,5834,5840,5830.5,5840,19087,0
20260316,070000,5829,5839,5821,5824,26409,0
20260316,080000,5824.5,5833,5815,5818,19133,0
20260316,090000,5818,5826.5,5811,5813.5,40522,0
20260316,100000,5813.5,5825,5810.5,5817.5,43266,0
20260316,110000,5818,5822,5800.5,5801,70318,0
20260316,120000,5801,5804.5,5782,5804.5,76436,0
20260316,130000,5804.5,5804.5,5783,5787.5,29427,0
20260316,140000,5787,5787.5,5761.5,5770,46659,0
20260316,150000,5771,5776,5728.5,5734.5,74830,0
20260316,160000,5734,5742,5698,5700.5,122173,0
20260316,170000,5700.5,5712,5690.5,5699,126177,0
20260316,180000,5699,5721.5,5689.5,5699.5,64574,0
20260316,190000,5699,5721.5,5698,5716,29605,0
20260316,200000,5715,5717,5703,5710.5,13728,0
20260316,210000,5712,5724,5692.5,5702.5,32195,0
20260316,220000,5702.5,5711,5695.5,5696,12592,0
20260316,230000,5695.5,5706,5693,5700,11353,0
20260317,070000,5711,5727,5710,5718.5,16642,0
20260317,080000,5719,5732,5715,5731,11693,0
20260317,090000,5729.5,5758,5717,5751.5,88802,0
20260317,100000,5753.5,5758,5725,5728,75304,0
20260317,110000,5727,5749.5,5706.5,5749,82571,0
20260317,120000,5748.5,5755,5723,5725.5,40904,0
20260317,130000,5725.5,5745,5725,5738,25150,0
20260317,140000,5738,5749.5,5735,5748,27108,0
20260317,150000,5748,5749,5734,5744,28641,0
20260317,160000,5743,5744.5,5722,5723.5,26427,0
20260317,170000,5723.5,5731.5,5708,5708,45534,0
20260317,180000,5707.5,5723,5705.5,5720,22954,0
20260317,190000,5721,5722.5,5706.5,5714,14168,0
20260317,200000,5715,5738.5,5715,5736.5,18637,0
20260317,210000,5736,5744,5733,5743,15411,0
20260317,220000,5743,5743.5,5732,5734.5,10836,0
20260317,230000,5733.5,5743,5732,5738.5,8725,0
20260318,070000,5726,5726,5705.5,5718,19033,0
20260318,080000,5717,5719.5,5671.5,5680,51916,0
20260318,090000,5681.5,5694,5675,5693.5,37820,0
20260318,100000,5693,5738,5690.5,5719,56735,0
20260318,110000,5718.5,5737,5717,5725.5,33686,0
20260318,120000,5726,5729,5708,5725.5,48062,0
20260318,130000,5726,5740,5719.5,5735.5,42266,0
20260318,140000,5735.5,5745,5720,5720.5,37301,0
20260318,150000,5720.5,5768.5,5703.5,5759.5,220739,0
20260318,160000,5759,5823,5755,5812.5,344858,0
20260318,170000,5812.5,5828,5789,5802.5,234919,0
20260318,180000,5802.5,5804,5772.5,5788.5,86040,0
20260318,190000,5787,5798,5765.5,5793.5,49827,0
20260318,200000,5793.5,5805,5781.5,5789,43207,0
20260318,210000,5789,5798.5,5781,5798.5,23311,0
20260318,220000,5799,5822.5,5791.5,5820.5,58780,0
20260318,230000,5820,5830,5808,5818,86705,0
20260319,070000,5830.5,5832,5807,5819.5,38892,0
20260319,080000,5820,5859.5,5819.5,5855.5,58150,0
20260319,090000,5855.5,5874,5843,5854,119812,0
20260319,100000,5853,5853.5,5830,5835,157923,0
20260319,110000,5834.5,5865,5820.5,5865,181558,0
20260319,120000,5865,5870,5820,5824,182260,0
20260319,130000,5824,5860.5,5807,5837.5,242577,0
20260319,140000,5838.5,5852,5824.5,5825,101840,0
20260319,150000,5824.5,5832,5780.5,5807,304255,0
20260319,160000,5807,5837,5806,5820,84916,0
20260319,170000,5820,5824.5,5810,5817.5,81795,0
20260319,180000,5818,5820,5792.5,5812,75764,0
20260319,190000,5815,5818,5792,5799,46637,0
20260319,200000,5799,5803.5,5794,5801,26490,0
20260319,210000,5800.5,5805,5782,5798.5,41369,0
20260319,220000,5798.5,5807,5780.5,5799.5,48946,0
20260319,230000,5799.5,5800.5,5789,5790,21295,0
20260320,070000,5790,5804.5,5782,5801.5,22087,0
20260320,080000,5802,5803.5,5795,5799,14331,0
20260320,090000,5798,5798.5,5770.5,5797,51180,0
20260320,100000,5797.5,5848,5723,5819.5,405088,0
20260320,110000,5819.5,5822.5,5792,5813,99436,0
20260320,120000,5814,5816,5796,5807.5,47366,0
20260320,130000,5807.5,5807.5,5782,5790.5,121335,0
20260320,140000,5790.5,5790.5,5751.5,5768,106783,0
20260320,150000,5768,5780.5,5753,5777.5,59308,0
20260320,160000,5778.5,5795.5,5776.5,5785.5,36056,0
20260320,170000,5785,5789,5774.5,5789,59820,0
20260320,180000,5788.5,5800,5771,5775,45673,0
20260320,190000,5773.5,5779.5,5772.5,5778.5,13089,0
20260320,200000,5778,5798,5778,5797.5,19016,0
20260320,210000,5797.5,5819.5,5794.5,5817,34985,0
20260320,220000,5817,5820,5810.5,5812,15154,0
20260320,230000,5812,5813.5,5802.5,5807,18087,0
20260323,070000,5810,5820,5790.5,5803.5,24371,0
20260323,080000,5803.5,5807,5800,5803,9402,0
20260323,090000,5803,5834,5795,5819.5,64790,0
20260323,100000,5819.5,5837,5812,5830.5,91934,0
20260323,110000,5829,5836.5,5815.5,5833.5,55087,0
20260323,120000,5833.5,5833.5,5807.5,5812,50742,0
20260323,130000,5811,5812,5772.5,5780.5,113338,0
20260323,140000,5780.5,5785,5600.5,5728,431598,0
20260323,150000,5728,5750,5687.5,5693.5,127019,0
20260323,160000,5692.5,5713,5682,5695.5,96569,0
20260323,170000,5697,5697,5662.5,5678,89054,0
20260323,180000,5677,5696.5,5652,5691,66024,0
20260323,190000,5690.5,5697.5,5678.5,5679,25427,0
20260323,200000,5678.5,5694,5674.5,5687,13278,0
20260323,210000,5688,5695.5,5663,5673.5,23706,0
20260323,220000,5672.5,5682,5669,5681.5,10986,0
20260323,230000,5681.5,5685,5652.5,5668,33649,0
20260324,070000,5687,5716,5685,5716,25615,0
20260324,080000,5716,5716,5690,5693,14813,0
20260324,090000,5692.5,5705,5676,5703.5,24591,0
20260324,100000,5703,5704.5,5675,5675.5,47197,0
20260324,110000,5675.5,5690,5671.5,5687.5,27413,0
20260324,120000,5687.5,5694,5676.5,5681,33590,0
20260324,130000,5682.5,5694.5,5665,5694,28917,0
20260324,140000,5694,5694.5,5686,5694,37545,0
20260324,150000,5694,5725,5691.5,5716.5,54356,0
20260324,160000,5716,5716.5,5698,5709.5,40512,0
20260324,170000,5709,5737,5699.5,5718.5,55669,0
20260324,180000,5717,5723,5708.5,5717,19002,0
20260324,190000,5716.5,5731,5709,5719.5,18360,0
20260324,200000,5721.5,5725.5,5709,5709.5,9098,0
20260324,210000,5709.5,5714.5,5702,5703.5,16877,0
20260324,220000,5703.5,5703.5,5696,5701,8654,0
20260324,230000,5700,5703.5,5659,5674,42680,0
20260325,070000,5664,5669,5600,5654,65264,0
20260325,080000,5654,5665.5,5652.5,5657,20209,0
20260325,090000,5657,5668.5,5653.5,5659,19635,0
20260325,100000,5659.5,5679,5653,5669.5,35890,0
20260325,110000,5669,5673,5650.5,5655,35461,0
20260325,120000,5656,5664,5651,5662,35012,0
20260325,130000,5662,5670,5659.5,5665.5,14485,0
20260325,140000,5666,5669,5650,5665.5,37808,0
20260325,150000,5666,5678,5660,5677,38841,0
20260325,160000,5677.5,5690,5672.5,5689,21961,0
20260325,170000,5688.5,5698,5674.5,5691.5,31323,0
20260325,180000,5691,5698,5687,5690,15315,0
20260325,190000,5690,5695,5682.5,5691.5,9690,0
20260325,200000,5691.5,5692,5680.5,5681.5,5013,0
20260325,210000,5681,5689,5675.5,5682.5,5894,0
20260325,220000,5682.5,5685.5,5678,5680,4626,0
20260325,230000,5679.5,5681.5,5661,5661,8754,0
20260326,070000,5676.5,5710,5676.5,5701.5,22583,0
20260326,080000,5700,5705,5698,5699,4215,0
20260326,090000,5699,5708,5698,5708,11950,0
20260326,100000,5707,5715,5697,5715,34648,0
20260326,110000,5715,5719.5,5682.5,5703,84433,0
20260326,120000,5703,5714.5,5698,5709.5,46536,0
20260326,130000,5710,5712,5701.5,5706.5,28081,0
20260326,140000,5706,5720.5,5703.5,5718,39079,0
20260326,150000,5717.5,5719.5,5712.5,5717,33352,0
20260326,160000,5717,5717,5691,5694.5,34395,0
20260326,170000,5693.5,5706,5676,5681,46752,0
20260326,180000,5681,5694,5663.5,5690,60063,0
20260326,190000,5690.5,5693,5667,5683,18523,0
20260326,200000,5681,5685,5677,5682.5,4716,0
20260326,210000,5683,5683,5670.5,5676,9485,0
20260326,220000,5676.5,5679,5665.5,5668.5,9985,0
20260326,230000,5668,5699,5643.5,5698.5,39703,0
20260327,070000,5698,5700,5673,5678.5,9979,0
20260327,080000,5681.5,5681.5,5667.5,5669.5,4657,0
20260327,090000,5670,5707,5670,5698.5,22584,0
20260327,100000,5698.5,5729.5,5696.5,5718,54392,0
20260327,110000,5718.5,5720,5698,5699,63111,0
20260327,120000,5699.5,5703.5,5689.5,5700.5,61586,0
20260327,130000,5700.5,5703.5,5678.5,5687.5,44033,0
20260327,140000,5687,5698,5680,5680,18752,0
20260327,150000,5680,5688.5,5665.5,5665.5,25031,0
20260327,160000,5666,5666,5610,5616,118801,0
20260327,170000,5616,5629,5610,5611,56761,0
20260327,180000,5611.5,5638,5600,5635,84432,0
20260327,190000,5634.5,5647,5610.5,5633.5,25816,0
20260327,200000,5634,5640.5,5629,5632.5,11366,0
20260327,210000,5632.5,5652.5,5631.5,5641,19507,0
20260327,220000,5641,5649.5,5636,5641.5,6181,0
20260327,230000,5641.5,5643,5623.5,5629,14356,0
20260328,090000,5644,5644,5644,5644,181,0
20260328,100000,5635,5643.5,5617.5,5634,5461,0
20260328,110000,5634,5635.5,5603.5,5606,7700,0
20260328,120000,5605.5,5622,5605,5620,5136,0
20260328,130000,5620.5,5622,5616.5,5622,912,0
20260328,140000,5622,5624,5620,5622.5,615,0
20260328,150000,5623,5624.5,5613,5618,4457,0
20260328,160000,5621.5,5622,5607.5,5610,2280,0
20260328,170000,5610,5612,5607,5608.5,1698,0
20260328,180000,5609,5618.5,5607,5610,3737,0
20260329,090000,5615,5615,5615,5615,123,0
20260329,100000,5620,5635,5615,5633,4960,0
20260329,110000,5633,5635,5628,5634.5,2268,0
20260329,120000,5634.5,5640,5633.5,5636.5,2071,0
20260329,130000,5637.5,5642.5,5637,5641,2304,0
20260329,140000,5641,5649.5,5640,5648,3565,0
20260329,150000,5648,5663.5,5645,5658,13233,0
20260329,160000,5657,5660,5655,5655.5,3176,0
20260329,170000,5655,5658,5646,5658,4629,0
20260329,180000,5657.5,5658,5652,5657.5,4334,0
20260330,070000,5669,5674,5635,5637,18457,0
20260330,080000,5637.5,5645,5633,5639.5,6584,0
20260330,090000,5637.5,5640,5620,5626,29966,0
20260330,100000,5626,5638.5,5615.5,5629.5,47411,0
20260330,110000,5628.5,5633,5610,5628,87641,0
20260330,120000,5628,5689,5623.5,5669.5,90778,0
20260330,130000,5671.5,5679.5,5656.5,5670,44052,0
20260330,140000,5670,5684.5,5659,5662,41974,0
20260330,150000,5661.5,5684,5661.5,5681.5,33620,0
20260330,160000,5682,5688.5,5665,5670.5,56330,0
20260330,170000,5671.5,5685.5,5660,5676.5,44676,0
20260330,180000,5675.5,5708.5,5674.5,5689,59803,0
20260330,190000,5689,5690,5679.5,5682,7523,0
20260330,200000,5682,5690,5681.5,5687.5,7610,0
20260330,210000,5689.5,5689.5,5678,5680.5,4022,0
20260330,220000,5680,5684,5670.5,5675.5,8123,0
20260330,230000,5675.5,5689.5,5674,5689.5,7369,0
20260331,070000,5689.5,5689.5,5666,5671,11238,0
20260331,080000,5671,5682.5,5671,5674,6161,0
20260331,090000,5673.5,5694,5671.5,5682.5,13459,0
20260331,100000,5682.5,5683,5643,5647,35011,0
20260331,110000,5647,5648,5625,5631,67550,0
20260331,120000,5631,5646.5,5627,5641.5,39912,0
20260331,130000,5642,5644.5,5577,5603,103123,0
20260331,140000,5602,5608,5582.5,5605,55377,0
20260331,150000,5605,5622.5,5580.5,5582,86990,0
20260331,160000,5582,5585,5565.5,5573.5,57021,0
20260331,170000,5574,5582.5,5570,5579.5,33330,0
20260331,180000,5579,5598.5,5577.5,5593,18436,0
20260331,190000,5592.5,5600,5580.5,5583.5,12375,0
20260331,200000,5583.5,5585,5575,5581.5,6949,0
20260331,210000,5581.5,5585,5575,5581.5,10183,0
20260331,220000,5581,5588.5,5580.5,5587.5,2581,0
20260331,230000,5587.5,5591.5,5578,5578,6239,0
20260401,070000,5579,5596,5576.5,5581.5,8511,0
20260401,080000,5581.5,5584,5550,5559,34845,0
20260401,090000,5559,5564.5,5520.5,5526.5,56448,0
20260401,100000,5525.5,5572,5524,5552.5,65296,0
20260401,110000,5552.5,5559.5,5531,5544.5,34987,0
20260401,120000,5544.5,5549,5534.5,5540.5,29707,0
20260401,130000,5542,5549,5532.5,5543.5,24121,0
20260401,140000,5543.5,5544.5,5490.5,5493.5,67756,0
20260401,150000,5493.5,5495,5478.5,5489.5,55906,0
20260401,160000,5489,5500,5482,5493,27466,0
20260401,170000,5493,5514.5,5485,5514.5,43243,0
20260401,180000,5515,5524,5508.5,5512,30632,0
20260401,190000,5511,5518,5483,5498,22637,0
20260401,200000,5498,5498,5488,5495,4557,0
20260401,210000,5495,5513.5,5492.5,5513,6468,0
20260401,220000,5513,5520,5507,5512,10715,0
20260401,230000,5512,5515,5493,5494,9703,0
20260402,070000,5524.5,5549,5515,5536,46013,0
20260402,080000,5536,5569,5532,5563,28427,0
20260402,090000,5563.5,5567.5,5551,5557,20110,0
20260402,100000,5557,5559,5522,5523.5,34386,0
20260402,110000,5524,5529,5510.5,5519.5,45810,0
20260402,120000,5519,5520,5501,5504.5,17754,0
20260402,130000,5506,5509,5494.5,5506.5,44463,0
20260402,140000,5506.5,5515,5502,5512.5,23243,0
20260402,150000,5512.5,5541,5507,5540.5,50021,0
20260402,160000,5540.5,5574,5538.5,5557,72594,0
20260402,170000,5557.5,5565.5,5518,5544.5,95983,0
20260402,180000,5544.5,5563,5534,5550,36253,0
20260402,190000,5549.5,5550,5533.5,5536,11054,0
20260402,200000,5536,5544.5,5532,5541.5,9111,0
20260402,210000,5542.5,5548,5540,5544.5,2882,0
20260402,220000,5544,5544.5,5537,5538,3548,0
20260402,230000,5538,5540.5,5537.5,5538.5,6457,0
20260403,070000,5548.5,5558.5,5540,5555,9705,0
20260403,080000,5554.5,5569,5551,5556,8725,0
20260403,090000,5557,5560,5534,5540,13053,0
20260403,100000,5540,5544,5530,5530.5,23151,0
20260403,110000,5530,5543.5,5510.5,5517,41860,0
20260403,120000,5516,5520.5,5496.5,5504.5,56885,0
20260403,130000,5505,5512,5502,5504,21941,0
20260403,140000,5504,5506.5,5482,5483,55670,0
20260403,150000,5483.5,5505,5483,5502.5,48621,0
20260403,160000,5502,5505,5492.5,5494,26511,0
20260403,170000,5493.5,5500.5,5488,5495,26877,0
20260403,180000,5495,5508,5494.5,5506.5,27070,0
20260403,190000,5506.5,5506.5,5488,5498,12896,0
20260403,200000,5497.5,5517.5,5494.5,5513,17075,0
20260403,210000,5512.5,5519,5504.5,5506,9122,0
20260403,220000,5505,5509.5,5504.5,5505.5,3645,0
20260403,230000,5505.5,5506.5,5495,5502,7380,0
20260404,090000,5504,5504,5504,5504,83,0
20260404,100000,5504,5511.5,5495,5499,5494,0
20260404,110000,5497,5507,5495,5507,3184,0
20260404,120000,5507,5512,5502,5512,2336,0
20260404,130000,5511,5512,5506.5,5509.5,967,0
20260404,140000,5510,5511,5500,5502,5165,0
20260404,150000,5502,5510,5501.5,5509,1533,0
20260404,160000,5509,5510,5507.5,5507.5,2550,0
20260404,170000,5509.5,5512.5,5504.5,5512,1267,0
20260404,180000,5511.5,5512,5507.5,5512,1588,0
20260405,090000,5511.5,5511.5,5511.5,5511.5,286,0
20260405,100000,5510,5519,5494.5,5496.5,8436,0
20260405,110000,5496.5,5505,5492,5505,4263,0
20260405,120000,5504.5,5505,5490.5,5499.5,7240,0
20260405,130000,5499.5,5500,5491,5495,1812,0
20260405,140000,5494,5504,5491,5502,3913,0
20260405,150000,5502,5508,5500,5507.5,2551,0
20260405,160000,5507.5,5507.5,5501.5,5501.5,1496,0
20260405,170000,5501.5,5507.5,5498.5,5505,3027,0
20260405,180000,5505,5507,5500.5,5504,2200,0
20260406,070000,5501,5514,5483,5490.5,18061,0
20260406,080000,5491,5491,5454.5,5474.5,35312,0
20260406,090000,5474.5,5475,5442,5453,51596,0
20260406,100000,5453,5475,5442,5471,55321,0
20260406,110000,5471,5493,5470,5484.5,44972,0
20260406,120000,5486,5497,5482.5,5489,37096,0
20260406,130000,5489.5,5515,5467.5,5498,106936,0
20260406,140000,5498.5,5519.5,5494,5505,72344,0
20260406,150000,5505.5,5555.5,5504.5,5551.5,90930,0
20260406,160000,5552,5573.5,5550,5565.5,83144,0
20260406,170000,5566,5606.5,5565.5,5601,96296,0
20260406,180000,5601.5,5606.5,5585,5594.5,36390,0
20260406,190000,5594.5,5597.5,5590,5597,9177,0
20260406,200000,5597,5623.5,5591.5,5615,39554,0
20260406,210000,5614.5,5617,5579.5,5595,42027,0
20260406,220000,5595,5598,5565.5,5574.5,23497,0
20260406,230000,5574.5,5580,5569.5,5576.5,9570,0
20260407,070000,5598,5612,5570,5581,26565,0
20260407,080000,5579.5,5607,5576.5,5597,9826,0
20260407,090000,5595.5,5595.5,5576,5580.5,12883,0
20260407,100000,5581.5,5581.5,5544.5,5562.5,59656,0
20260407,110000,5562.5,5600,5560.5,5566.5,109206,0
20260407,120000,5566.5,5586,5552.5,5577,33662,0
20260407,130000,5577.5,5600,5560,5565,47557,0
20260407,140000,5564.5,5609,5564.5,5599.5,58661,0
20260407,150000,5599.5,5668,5599.5,5648,172045,0
20260407,160000,5648,5649.5,5621.5,5627.5,58836,0
20260407,170000,5627,5648,5627,5641,28879,0
20260407,180000,5641.5,5647,5628,5629.5,20866,0
20260407,190000,5631.5,5634,5596.5,5610.5,25797,0
20260407,200000,5610.5,5638,5606.5,5627,19039,0
20260407,210000,5626.5,5628.5,5619.5,5622,6392,0
20260407,220000,5622,5628,5592,5600.5,26361,0
20260407,230000,5600,5605,5582,5591.5,23395,0
20260408,070000,5400.5,5446,5352.5,5443,202957,0
20260408,080000,5442.5,5452.5,5432,5441,51186,0
20260408,090000,5441,5488,5440.5,5459.5,73842,0
20260408,100000,5459,5514.5,5457.5,5505.5,128037,0
20260408,110000,5505,5508.5,5478,5480.5,106868,0
20260408,120000,5480.5,5489,5470,5470.5,35673,0
20260408,130000,5470.5,5478.5,5450,5469.5,61586,0
20260408,140000,5469.5,5483.5,5457,5460.5,99558,0
20260408,150000,5460.5,5460.5,5418,5424,85399,0
20260408,160000,5425,5460.5,5424,5451,41911,0
20260408,170000,5451,5486,5436,5477,69811,0
20260408,180000,5476.5,5484,5466,5467.5,13505,0
20260408,190000,5472.5,5482.5,5469.5,5475,10426,0
20260408,200000,5474,5475,5464,5469.5,14372,0
20260408,210000,5470,5477.5,5457,5473,15782,0
20260408,220000,5473,5480,5473,5474,7834,0
20260408,230000,5473.5,5477,5443.5,5448.5,14936,0
20260409,070000,5464.5,5499,5456.5,5483.5,32261,0
20260409,080000,5483.5,5499,5483,5485,22914,0
20260409,090000,5487,5491.5,5473.5,5484,12758,0
20260409,100000,5484.5,5505.5,5471,5492.5,33890,0
20260409,110000,5492,5492,5474,5487,28754,0
20260409,120000,5487,5489,5441.5,5443.5,56325,0
20260409,130000,5443.5,5460,5442.5,5455,29044,0
20260409,140000,5455,5456.5,5438,5441,18165,0
20260409,150000,5441,5454.5,5439,5442,31079,0
20260409,160000,5441.5,5442,5411,5424,58004,0
20260409,170000,5424.5,5443,5417,5433.5,21873,0
20260409,180000,5433.5,5437,5420.5,5423,14697,0
20260409,190000,5423,5435.5,5420,5431,23581,0
20260409,200000,5431,5433,5418.5,5420,17936,0
20260409,210000,5420,5432.5,5419.5,5427,11588,0
20260409,220000,5427.5,5466,5425.5,5449.5,34749,0
20260409,230000,5449.5,5458,5431,5442,13445,0
20260410,070000,5457,5460,5436,5443,3599,0
20260410,080000,5441.5,5459,5441.5,5451.5,5899,0
20260410,090000,5450,5452.5,5438,5446,10873,0
20260410,100000,5445.5,5450,5420.5,5436.5,30874,0
20260410,110000,5437.5,5448,5421,5441.5,21753,0
20260410,120000,5441.5,5459.5,5438.5,5439.5,23643,0
20260410,130000,5439.5,5454.5,5434,5450,15649,0
20260410,140000,5450.5,5458.5,5439,5442,17393,0
20260410,150000,5442.5,5444,5424,5430.5,31239,0
20260410,160000,5431,5437,5424,5424,13842,0
20260410,170000,5424.5,5429.5,5391.5,5394.5,58615,0
20260410,180000,5393.5,5400,5377,5395.5,79258,0
20260410,190000,5396,5406.5,5394,5405,11306,0
20260410,200000,5405,5405.5,5393.5,5393.5,9765,0
20260410,210000,5394,5399.5,5393.5,5397,8193,0
20260410,220000,5396.5,5399,5387.5,5396,10552,0
20260410,230000,5395.5,5395.5,5382.5,5392,10412,0
20260411,090000,5390,5390,5390,5390,316,0
20260411,100000,5392,5406.5,5390,5405,13147,0
20260411,110000,5405,5418.5,5404,5410.5,5838,0
20260411,120000,5410.5,5414,5408,5409,3927,0
20260411,130000,5409.5,5411,5409,5410,3280,0
20260411,140000,5410,5412,5405,5411.5,3125,0
20260411,150000,5411.5,5412.5,5406,5406.5,1184,0
20260411,160000,5406.5,5407.5,5404,5404.5,879,0
20260411,170000,5404,5407.5,5402,5403,922,0
20260411,180000,5403,5410,5401.5,5410,2607,0
20260412,090000,5445.5,5445.5,5445.5,5445.5,4136,0
20260412,100000,5445.5,5482,5444,5461.5,45904,0
20260412,110000,5462,5470,5458.5,5470,10081,0
20260412,120000,5470,5470,5461.5,5467.5,7744,0
20260412,130000,5468,5470,5464,5464.5,8243,0
20260412,140000,5465.5,5468.5,5461,5467,2784,0
20260412,150000,5467,5480,5467,5479.5,12421,0
20260412,160000,5479.5,5551.5,5479.5,5551.5,135768,0
20260412,170000,5551.5,5551.5,5549.5,5551.5,12872,0
20260412,180000,5551.5,5551.5,5551.5,5551.5,2795,0
20260413,070000,5586,5587.5,5517,5520,78936,0
20260413,080000,5520,5544,5518.5,5533,15507,0
20260413,090000,5534,5540,5516,5529.5,34613,0
20260413,100000,5529.5,5544,5518.5,5527,55644,0
20260413,110000,5526.5,5527,5481,5486.5,93402,0
20260413,120000,5486.5,5495,5475,5482.5,29174,0
20260413,130000,5482.5,5483,5444,5448,69912,0
20260413,140000,5448,5459,5440,5449,37495,0
20260413,150000,5448,5470,5447,5450.5,35934,0
20260413,160000,5451,5460.5,5418.5,5430.5,51366,0
20260413,170000,5430,5443,5422,5424.5,41674,0
20260413,180000,5424.5,5446,5420.5,5443.5,27395,0
20260413,190000,5445,5446,5430,5432.5,21271,0
20260413,200000,5432.5,5435,5421.5,5428,14449,0
20260413,210000,5429,5434,5423,5424.5,9336,0
20260413,220000,5424,5435,5422.5,5434.5,6001,0
20260413,230000,5434,5441,5430,5440.5,11282,0
20260414,070000,5448,5455,5428.5,5449,16105,0
20260414,080000,5447.5,5465,5444.5,5463,15836,0
20260414,090000,5463,5466.5,5446,5462.5,19917,0
20260414,100000,5461,5461,5433.5,5435.5,21080,0
20260414,110000,5435.5,5444.5,5412,5414.5,49609,0
20260414,120000,5414.5,5420.5,5412,5413.5,30005,0
20260414,130000,5414.5,5460,5413,5457,48823,0
20260414,140000,5457,5459.5,5440.5,5441.5,22894,0
20260414,150000,5442.5,5447,5431,5440,13901,0
20260414,160000,5440,5455,5429.5,5430,19688,0
20260414,170000,5430,5450.5,5413,5419.5,92392,0
20260414,180000,5420,5448,5420,5431,28791,0
20260414,190000,5434.5,5434.5,5425.5,5427.5,6033,0
20260414,200000,5427.5,5427.5,5420.5,5420.5,5590,0
20260414,210000,5421,5427,5420.5,5425.5,7106,0
20260414,220000,5425.5,5426,5420,5421,4488,0
20260414,230000,5421,5421,5412.5,5414,16758,0
20260415,070000,5426,5427,5416.5,5420.5,5214,0
20260415,080000,5422,5426,5415,5425,5618,0
20260415,090000,5424.5,5425,5392.5,5403.5,34716,0
20260415,100000,5403,5411,5362.5,5379.5,58266,0
20260415,110000,5379,5385,5374,5382,33592,0
20260415,120000,5382.5,5395,5377.5,5387,32613,0
20260415,130000,5387,5409,5370,5409,57714,0
20260415,140000,5409,5429,5402.5,5419,38762,0
20260415,150000,5419,5437.5,5401.5,5408,20754,0
20260415,160000,5408.5,5410,5400.5,5401,10473,0
20260415,170000,5401,5434,5391.5,5418.5,50063,0
20260415,180000,5418.5,5432.5,5418.5,5423,24718,0
20260415,190000,5423.5,5430,5422.5,5427,15552,0
20260415,200000,5427,5428.5,5417.5,5423,10437,0
20260415,210000,5423,5424.5,5419.5,5422.5,4410,0
20260415,220000,5421.5,5423,5419.5,5419.5,5723,0
20260415,230000,5420,5420,5404,5410.5,20617,0
20260416,070000,5413,5428,5410.5,5426.5,8578,0
20260416,080000,5426,5427,5416.5,5416.5,8143,0
20260416,090000,5416.5,5416.5,5402,5410.5,22735,0
20260416,100000,5410.5,5420.5,5390,5408,59433,0
20260416,110000,5408,5414.5,5400,5414.5,24039,0
20260416,120000,5414,5420.5,5409.5,5417,10749,0
20260416,130000,5417,5421,5405,5417,11767,0
20260416,140000,5417,5418.5,5395,5398,23215,0
20260416,150000,5397,5405,5370,5385.5,63985,0
20260416,160000,5386,5400,5379,5400,26606,0
20260416,170000,5400,5405.5,5380.5,5391,25297,0
20260416,180000,5391,5394.5,5370.5,5384.5,55350,0
20260416,190000,5385,5389,5370,5383,38100,0
20260416,200000,5382.5,5386,5380,5382.5,5688,0
20260416,210000,5382.5,5382.5,5370.5,5371,9752,0
20260416,220000,5371.5,5375,5365.5,5373.5,15376,0
20260416,230000,5373.5,5373.5,5365,5368.5,11047,0
20260417,070000,5386,5387.5,5369,5378.5,10078,0
20260417,080000,5378.5,5388,5378.5,5383.5,4396,0
20260417,090000,5385,5385.5,5368,5368.5,27502,0
20260417,100000,5369.5,5382,5352.5,5377,55060,0
20260417,110000,5376,5385,5360,5363,32674,0
20260417,120000,5364,5367,5355,5366,23836,0
20260417,130000,5365.5,5373.5,5362,5364,23977,0
20260417,140000,5364.5,5384,5363,5380.5,37561,0
20260417,150000,5381,5390,5340,5341,85784,0
20260417,160000,5341.5,5341.5,5240.5,5269,271504,0
20260417,170000,5269,5300,5254,5296,120722,0
20260417,180000,5297,5323,5290.5,5315,77817,0
20260417,190000,5316,5318,5303,5310,23759,0
20260417,200000,5310,5323,5309,5313.5,12876,0
20260417,210000,5313.5,5318,5310,5313,10264,0
20260417,220000,5313,5318,5310,5316.5,9205,0
20260417,230000,5316.5,5317.5,5308,5308,8442,0
20260418,090000,5349,5349,5349,5349,3063,0
20260418,100000,5345.5,5348,5328.5,5335.5,17593,0
20260418,110000,5335.5,5348,5335.5,5344,13984,0
20260418,120000,5344,5367,5343.5,5347.5,20668,0
20260418,130000,5347.5,5362.5,5347.5,5357.5,8742,0
20260418,140000,5356.5,5363.5,5356,5357,9074,0
20260418,150000,5357,5370,5356.5,5363.5,14432,0
20260418,160000,5364.5,5368.5,5356.5,5356.5,5150,0
20260418,170000,5356.5,5358,5350,5356.5,13576,0
20260418,180000,5357,5361,5352,5357.5,2405,0
20260419,090000,5365,5365,5365,5365,202,0
20260419,100000,5367,5386,5365.5,5382,15795,0
20260419,110000,5382,5383,5380,5381.5,5451,0
20260419,120000,5382,5382.5,5363,5366.5,10518,0
20260419,130000,5366,5380,5366,5376.5,3717,0
20260419,140000,5376.5,5377.5,5372,5377.5,3052,0
20260419,150000,5376,5378,5374,5375.5,1443,0
20260419,160000,5375.5,5375.5,5357,5368.5,7984,0
20260419,170000,5368.5,5368.5,5360.5,5360.5,2308,0
20260419,180000,5361,5373.5,5360,5365,6514,0
20260420,070000,5384,5392,5370,5383.5,27959,0
20260420,080000,5383.5,5399,5378,5387.5,32184,0
20260420,090000,5387.5,5387.5,5360,5369.5,33892,0
20260420,100000,5369.5,5373,5321.5,5366,86196,0
20260420,110000,5365,5367.5,5343,5344,24978,0
20260420,120000,5343.5,5367,5338,5357,42928,0
20260420,130000,5356.5,5385,5354.5,5383,51256,0
20260420,140000,5383,5388,5371,5371.5,50581,0
20260420,150000,5371,5382.5,5364.5,5365,26856,0
20260420,160000,5364.5,5367.5,5353.5,5355,30220,0
20260420,170000,5355.5,5409,5355,5391.5,68639,0
20260420,180000,5391.5,5409,5390,5394.5,61628,0
20260420,190000,5405,5409.5,5397.5,5401.5,18177,0
20260420,200000,5401.5,5408.5,5399.5,5402,10777,0
20260420,210000,5402.5,5403,5392.5,5393.5,10283,0
20260420,220000,5393.5,5395,5388,5393,11248,0
20260420,230000,5392.5,5395.5,5388.5,5392.5,6578,0
20260421,070000,5398,5411.5,5392.5,5404.5,18838,0
20260421,080000,5404.5,5404.5,5385.5,5390.5,7479,0
20260421,090000,5391.5,5398,5391,5397,18467,0
20260421,100000,5397,5415.5,5392,5398,34177,0
20260421,110000,5399,5431,5395,5420.5,99406,0
20260421,120000,5421,5424,5400.5,5414.5,22791,0
20260421,130000,5414.5,5423,5408,5414.5,18393,0
20260421,140000,5413,5429.5,5409.5,5423.5,24957,0
20260421,150000,5423.5,5439.5,5420.5,5424.5,36369,0
20260421,160000,5424,5431,5414,5426.5,19793,0
20260421,170000,5426.5,5475,5426.5,5463.5,86377,0
20260421,180000,5463.5,5486,5460,5467,81086,0
20260421,190000,5469.5,5489,5467.5,5485,27791,0
20260421,200000,5485,5494,5465,5474.5,47592,0
20260421,210000,5474.5,5482,5468,5474,18068,0
20260421,220000,5474,5491.5,5470,5490.5,19222,0
20260421,230000,5490.5,5495,5468,5479.5,36944,0
20260422,070000,5478.5,5482,5460.5,5465.5,21911,0
20260422,080000,5466,5468,5452,5461.5,12968,0
20260422,090000,5461.5,5477,5455.5,5477,15594,0
20260422,100000,5476.5,5477,5460,5463,24373,0
20260422,110000,5463.5,5470,5449.5,5457,45507,0
20260422,120000,5457.5,5465,5455.5,5465,9199,0
20260422,130000,5465,5469,5451,5457,46000,0
20260422,140000,5456,5460,5442.5,5458,19485,0
20260422,150000,5458,5460,5441.5,5458.5,23829,0
20260422,160000,5458,5458,5444.5,5447,13453,0
20260422,170000,5447,5474,5445,5464.5,29906,0
20260422,180000,5465,5473.5,5453.5,5453.5,27956,0
20260422,190000,5457.5,5472,5457.5,5469.5,12417,0
20260422,200000,5470,5472,5463.5,5470.5,6937,0
20260422,210000,5470,5473.5,5457.5,5467,14885,0
20260422,220000,5467,5473,5466,5469,6688,0
20260422,230000,5468,5470.5,5464.5,5465.5,6047,0
20260423,070000,5470,5495,5466.5,5490.5,15271,0
20260423,080000,5490.5,5498.5,5486,5491.5,15688,0
20260423,090000,5490.5,5490.5,5476.5,5480.5,20038,0
20260423,100000,5480,5485,5466.5,5467.5,26376,0
20260423,110000,5467,5477,5466.5,5472.5,13311,0
20260423,120000,5473,5480,5468.5,5469,19465,0
20260423,130000,5469.5,5476,5455,5469,49909,0
20260423,140000,5469,5475,5469,5472.5,24991,0
20260423,150000,5472.5,5494,5468,5481.5,54799,0
20260423,160000,5481,5489.5,5476,5480.5,14665,0
20260423,170000,5480.5,5494,5480.5,5487,22136,0
20260423,180000,5487,5493.5,5477.5,5477.5,37947,0
20260423,190000,5478,5485,5475.5,5475.5,7572,0
20260423,200000,5476,5522.5,5475,5501.5,65287,0
20260423,210000,5500.5,5503,5487,5497.5,17768,0
20260423,220000,5497.5,5497.5,5480,5488.5,18244,0
20260423,230000,5488,5495.5,5488,5490,9248,0
20260424,070000,5489.5,5505.5,5485.5,5497.5,9036,0
20260424,080000,5498,5501,5495,5497,5205,0
20260424,090000,5496,5500.5,5492,5500.5,8572,0
20260424,100000,5500.5,5514,5495,5506,30742,0
20260424,110000,5506,5529.5,5504.5,5518,57572,0
20260424,120000,5518,5527,5508,5510.5,25040,0
20260424,130000,5510,5527,5468,5497,111113,0
20260424,140000,5496.5,5498,5470,5483.5,51613,0
20260424,150000,5484,5489.5,5451,5471,66430,0
20260424,160000,5471,5471,5433.5,5444,61902,0
20260424,170000,5444.5,5451.5,5411,5440,40322,0
20260424,180000,5440,5447,5432.5,5435,25259,0
20260424,190000,5435.5,5449.5,5434,5446,9932,0
20260424,200000,5447,5454.5,5442.5,5449.5,9492,0
20260424,210000,5449.5,5472,5449,5472,10622,0
20260424,220000,5471.5,5472,5462.5,5463.5,8996,0
20260424,230000,5464,5479.5,5463.5,5476.5,10257,0
20260425,090000,5476.5,5476.5,5476.5,5476.5,49,0
20260425,100000,5476.5,5494,5470.5,5486,9032,0
20260425,110000,5485.5,5487,5475.5,5475.5,3056,0
20260425,120000,5475.5,5478,5466.5,5477.5,3360,0
20260425,130000,5477.5,5483.5,5475,5482,1384,0
20260425,140000,5481,5482,5480,5481.5,718,0
20260425,150000,5482,5485,5481.5,5485,751,0
20260425,160000,5485,5488.5,5481.5,5484.5,2094,0
20260425,170000,5484.5,5489,5481.5,5484,1600,0
20260425,180000,5483.5,5486.5,5478,5482.5,3158,0
20260426,090000,5483,5483,5483,5483,133,0
20260426,100000,5485.5,5495,5483.5,5491,3971,0
20260426,110000,5492,5493,5488,5491.5,982,0
20260426,120000,5491.5,5494,5490,5493,1561,0
20260426,130000,5493,5493,5484,5487.5,3345,0
20260426,140000,5486.5,5488.5,5484,5488,1556,0
20260426,150000,5486.5,5488,5467,5475,4506,0
20260426,160000,5477.5,5477.5,5465,5472.5,2189,0
20260426,170000,5473,5478,5471.5,5475.5,1996,0
20260426,180000,5475.5,5476.5,5468,5471.5,2031,0
20260427,070000,5478,5483,5471.5,5483,7955,0
20260427,080000,5483,5492,5480,5489,9439,0
20260427,090000,5489,5489,5444,5447.5,42515,0
20260427,100000,5447,5542.5,5441.5,5542,134214,0
20260427,110000,5541.5,5569,5541.5,5547.5,128038,0
20260427,120000,5547.5,5559,5538.5,5543.5,64022,0
20260427,130000,5543,5555,5532.5,5543.5,60163,0
20260427,140000,5543.5,5550.5,5525.5,5540,80316,0
20260427,150000,5540,5548.5,5522,5546,45687,0
20260427,160000,5546,5560,5537.5,5541.5,74606,0
20260427,170000,5542,5558,5540.5,5557.5,43132,0
20260427,180000,5558,5570,5531.5,5542.5,69361,0
20260427,190000,5545.5,5555,5542.5,5544.5,11084,0
20260427,200000,5546,5553,5527,5528.5,22876,0
20260427,210000,5530.5,5536,5527,5532,9764,0
20260427,220000,5532.5,5540,5530,5537.5,3915,0
20260427,230000,5537,5558,5535,5553,17304,0
20260428,070000,5552,5579,5551,5573.5,15919,0
20260428,080000,5573.5,5579,5552,5572,21042,0
20260428,090000,5572,5585,5558,5572.5,47748,0
20260428,100000,5572.5,5587.5,5570.5,5578.5,76675,0
20260428,110000,5578.5,5595,5576.5,5583,74904,0
20260428,120000,5583,5589.5,5572.5,5573.5,46003,0
20260428,130000,5573.5,5585,5570,5577,48930,0
20260428,140000,5577,5583.5,5563,5581.5,96596,0
20260428,150000,5581.5,5588,5540,5549,92539,0
20260428,160000,5548.5,5576.5,5541,5561,78729,0
20260428,170000,5561,5580,5550,5557,48135,0
20260428,180000,5557,5565,5540,5541,44260,0
20260428,190000,5544,5554.5,5512,5519,49377,0
20260428,200000,5519,5539.5,5513,5533.5,20521,0
20260428,210000,5533.5,5538.5,5529.5,5534.5,10464,0
20260428,220000,5534,5546,5534,5542.5,10460,0
20260428,230000,5543,5545,5535,5540,10594,0
20260429,070000,5541,5584,5520,5567,25833,0
20260429,080000,5567,5570,5538,5550,19979,0
20260429,090000,5551.5,5558.5,5545,5551.5,17435,0
20260429,100000,5552,5553.5,5511,5519,58186,0
20260429,110000,5519,5546,5512.5,5528,65566,0
20260429,120000,5529,5536,5515,5525.5,34931,0
20260429,130000,5526,5528.5,5500,5503,54451,0
20260429,140000,5503,5522,5500,5510,57861,0
20260429,150000,5510,5511,5470,5479.5,109310,0
20260429,160000,5478.5,5482.5,5402,5417.5,169970,0
20260429,170000,5416,5437,5408,5411,96130,0
20260429,180000,5411,5439,5411,5432.5,103838,0
20260429,190000,5431.5,5472,5430,5456.5,71431,0
20260429,200000,5456.5,5500.5,5447.5,5468,82477,0
20260429,210000,5467.5,5503.5,5467.5,5498.5,55777,0
20260429,220000,5498.5,5499.5,5461.5,5481.5,35251,0
20260429,230000,5481,5488,5475,5478,8022,0
20260430,070000,5478,5495.5,5464,5476.5,14800,0
20260430,080000,5478.5,5479.5,5451,5462,15756,0
20260430,090000,5462,5475,5436,5471,47840,0
20260430,100000,5470.5,5495,5456.5,5495,64937,0
20260430,110000,5494.5,5498,5456,5461.5,78542,0
20260430,120000,5461.5,5475.5,5425,5441.5,64897,0
20260430,130000,5442,5457.5,5435,5439,33626,0
20260430,140000,5439,5440,5415,5422.5,57567,0
20260430,150000,5423.5,5430.5,5417.5,5422.5,38774,0
20260430,160000,5422.5,5459,5422,5437.5,71483,0
20260430,170000,5436.5,5475,5431.5,5461,143038,0
20260430,180000,5461,5473,5453,5471,60348,0
20260430,190000,5471.5,5488,5461.5,5470,57318,0
20260430,200000,5470,5495,5467,5493,44097,0
20260430,210000,5493,5504.5,5488,5498,44822,0
20260430,220000,5498.5,5511.5,5498,5507.5,45123,0
20260430,230000,5507,5523,5506.5,5518,88832,0
20260501,090000,5248.5,5248.5,5248.5,5248.5,10914,0
20260501,100000,5248,5264,5230,5251,187227,0
20260501,110000,5250.5,5255,5242.5,5247.5,28789,0
20260501,120000,5246.5,5247.5,5237,5239.5,23024,0
20260501,130000,5240,5243.5,5238.5,5242.5,8189,0
20260501,140000,5242.5,5249.5,5242,5246,11545,0
20260501,150000,5246,5247,5237,5242,17273,0
20260501,160000,5242,5243,5240,5241.5,11869,0
20260501,170000,5241.5,5243,5230.5,5237,23470,0
20260501,180000,5236,5239.5,5230,5235.5,22414,0
20260502,090000,5240,5240,5240,5240,385,0
20260502,100000,5241,5247,5235.5,5246,16698,0
20260502,110000,5245,5249,5243.5,5248,5505,0
20260502,120000,5248,5248.5,5246,5247.5,3972,0
20260502,130000,5247.5,5250,5246,5249,3543,0
20260502,140000,5249,5249.5,5245.5,5246.5,2820,0
20260502,150000,5246.5,5249,5242.5,5247,1646,0
20260502,160000,5248.5,5249.5,5243.5,5243.5,2796,0
20260502,170000,5246,5248.5,5242,5248.5,4727,0
20260502,180000,5249,5253.5,5240,5244,13128,0
20260503,090000,5244,5244,5244,5244,806,0
20260503,100000,5244,5247,5240,5244,5836,0
20260503,110000,5244,5251.5,5243,5244.5,4721,0
20260503,120000,5244.5,5249,5242,5244,6012,0
20260503,130000,5244,5247,5242,5247,3065,0
20260503,140000,5247,5247,5243.5,5246.5,1229,0
20260503,150000,5246.5,5247,5245,5247,1326,0
20260503,160000,5246.5,5252.5,5246.5,5252.5,4413,0
20260503,170000,5251.5,5254.5,5249,5252,11478,0
20260503,180000,5252,5256.5,5250,5255,4105,0
20260504,070000,5264.5,5269.5,5253,5264.5,31633,0
20260504,080000,5264.5,5279,5262,5279,17102,0
20260504,090000,5277.5,5281,5255,5256,57193,0
20260504,100000,5255.5,5259.5,5236.5,5249.5,54195,0
20260504,110000,5248.5,5254,5197.5,5198,138087,0
20260504,120000,5198.5,5209.5,5180.5,5192,110906,0
20260504,130000,5192,5222,5186.5,5211,80321,0
20260504,140000,5210.5,5216,5189,5192,62862,0
20260504,150000,5191.5,5199.5,5165,5188.5,80124,0
20260504,160000,5188.5,5188.5,5170.5,5182,43350,0
20260504,170000,5181,5193,5165,5185,80382,0
20260504,180000,5184.5,5215.5,5181.5,5215,65732,0
20260504,190000,5210.5,5215,5195.5,5205.5,31738,0
20260504,200000,5205.5,5209,5185,5187.5,16215,0
20260504,210000,5188,5213,5185.5,5212.5,19495,0
20260504,220000,5210.5,5215.5,5206.5,5210,19013,0
20260504,230000,5210.5,5218,5206,5217,17728,0
20260505,070000,5218,5234,5200.5,5208.5,20644,0
20260505,080000,5208.5,5211,5197.5,5206,6427,0
20260505,090000,5206.5,5210.5,5185,5209,13727,0
20260505,100000,5208,5228.5,5185,5185,37954,0
20260505,110000,5186,5193.5,5121,5163,167792,0
20260505,120000,5162.5,5215,5151,5202.5,70324,0
20260505,130000,5202.5,5213.5,5176,5183.5,50298,0
20260505,140000,5183.5,5200,5178.5,5198.5,19228,0
20260505,150000,5199.5,5233,5199.5,5227,87623,0
20260505,160000,5229.5,5239,5216.5,5233,44907,0
20260505,170000,5233,5244,5222,5244,44714,0
20260505,180000,5244.5,5245,5222.5,5225.5,23489,0
20260505,190000,5226,5230,5207,5211,13750,0
20260505,200000,5211,5220,5206.5,5211.5,8847,0
20260505,210000,5212,5216,5209,5215,3383,0
20260505,220000,5215,5232,5210,5228,12033,0
20260505,230000,5228,5229,5209,5209,7948,0
20260506,070000,5215,5230,5181.5,5200.5,30940,0
20260506,080000,5201.5,5204.5,5185.5,5192.5,22880,0
20260506,090000,5193.5,5199,5173.5,5177,45913,0
20260506,100000,5178.5,5189.5,5160,5161.5,78361,0
20260506,110000,5161.5,5188.5,5161,5168,53310,0
20260506,120000,5167.5,5170,5112.5,5117.5,140845,0
20260506,130000,5117.5,5123,5100,5111.5,152367,0
20260506,140000,5111,5132,5104,5125.5,61709,0
20260506,150000,5125.5,5141.5,5120,5121.5,45978,0
20260506,160000,5121,5146,5120,5127,37806,0
20260506,170000,5127.5,5148,5120,5143.5,33061,0
20260506,180000,5143.5,5148,5123,5135,22423,0
20260506,190000,5137,5144,5127,5129.5,13287,0
20260506,200000,5129,5130,5120,5123.5,10725,0
20260506,210000,5124,5125,5112.5,5113.5,10532,0
20260506,220000,5112.5,5117.5,5109,5114.5,8673,0
20260506,230000,5114.5,5125,5114,5124,4614,0
20260507,070000,5130,5130,5110.5,5114,7039,0
20260507,080000,5112,5120,5100,5107,16440,0
20260507,090000,5107,5122,5103,5108,12368,0
20260507,100000,5109,5109,5073,5075,90511,0
20260507,110000,5075,5087,5071,5080.5,36324,0
20260507,120000,5080.5,5099,5075.5,5092,28418,0
20260507,130000,5091.5,5105,5085.5,5095,30985,0
20260507,140000,5095.5,5113.5,5087.5,5106,26061,0
20260507,150000,5106,5108.5,5077.5,5080,26530,0
20260507,160000,5080,5100.5,5066,5084.5,72451,0
20260507,170000,5084.5,5092.5,5080,5085,17670,0
20260507,180000,5085,5090,5067.5,5077.5,30851,0
20260507,190000,5077.5,5090,5075,5084,10109,0
20260507,200000,5084,5090,5078,5082,8347,0
20260507,210000,5082.5,5084,5080,5081.5,2292,0
20260507,220000,5082,5082,5070.5,5079,6380,0
20260507,230000,5080,5081,5060,5072,13424,0
20260508,070000,5072,5087,5072,5074.5,9581,0
20260508,080000,5075,5081,5063,5070.5,9612,0
20260508,090000,5070.5,5074,5059,5061,16159,0
20260508,100000,5061,5080,5048,5070,51590,0
20260508,110000,5069.5,5093.5,5069.5,5080,36687,0
20260508,120000,5079.5,5088,5071,5072,13125,0
