20241001,100000,140.27,140.27,137.63,137.65,280,0
20241001,110000,137.65,138.03,136.58,136.74,410,0
20241001,120000,136.75,137.7,135.6,137.27,192,0
20241001,130000,137.19,138.53,137,137.49,352,0
20241001,140000,137.2,137.2,136,137.06,87,0
20241001,150000,137.08,137.08,136.6,136.71,81,0
20241001,160000,136.66,136.66,135,136.5,265,0
20241001,170000,136.65,136.83,135.63,135.94,127,0
20241001,180000,136.04,136.04,134.9,135.9,52,0
20241001,190000,135.36,135.36,134.48,135.34,147,0
20241001,200000,135.31,136.3,135.13,135.13,315,0
20241001,210000,135.5,135.89,135.03,135.57,33,0
20241001,220000,135.94,136,135.89,135.89,16,0
20241001,230000,136.25,136.5,136.25,136.5,65,0
20241002,100000,136.6,137.18,136.05,137.18,1784,0
20241002,110000,137.2,137.2,136.5,136.8,437,0
20241002,120000,136.8,136.8,135.44,135.44,393,0
20241002,130000,136,136.09,135.51,135.94,8,0
20241002,140000,135.71,135.9,135.25,135.26,205,0
20241002,150000,135.45,135.66,134.05,134.35,310,0
20241002,160000,134.35,134.41,133.67,134.4,270,0
20241002,170000,134.41,134.41,132.47,132.64,638,0
20241002,180000,132.52,132.65,131.62,132.65,233,0
20241002,190000,132.5,132.68,132.06,132.37,92,0
20241002,200000,132.37,132.74,132.19,132.3,380,0
20241002,210000,132.3,133,132.26,133,122,0
20241002,220000,133,133,132.57,132.66,27,0
20241002,230000,132.57,132.57,132.5,132.5,9,0
20241003,100000,132,132.66,131.06,131.55,666,0
20241003,110000,131.62,131.77,131.11,131.12,540,0
20241003,120000,131.29,131.7,130.75,131.1,191,0
20241003,130000,131.13,131.19,130.51,130.77,174,0
20241003,140000,130.62,131.15,130.62,131.05,127,0
20241003,150000,131.26,133.44,131.26,132.42,237,0
20241003,160000,132.6,134.15,132.04,133.88,306,0
20241003,170000,133.72,134.29,133.46,133.46,1064,0
20241003,180000,133.24,133.36,132.51,133.15,118,0
20241003,190000,133.3,134.28,133.3,134.03,88,0
20241003,200000,133.9,134.29,133.89,133.93,60,0
20241003,210000,133.87,134.43,133.75,134.09,182,0
20241003,220000,134.13,134.13,133.98,133.98,7,0
20241003,230000,134.06,134.29,133.94,133.94,41,0
20241004,100000,134.1,134.41,133.12,134.04,324,0
20241004,110000,134.24,134.54,133.4,134.01,171,0
20241004,120000,134.14,134.21,133.01,133.33,168,0
20241004,130000,133.34,133.64,132.9,133.55,490,0
20241004,140000,133.48,133.5,133.04,133.04,136,0
20241004,150000,133.04,133.04,132.43,132.5,79,0
20241004,160000,132.45,133.07,132.12,132.84,161,0
20241004,170000,132.84,133.29,132.83,133.11,224,0
20241004,180000,133.23,133.64,133,133.01,170,0
20241004,190000,133.38,133.64,133.29,133.51,13,0
20241004,200000,133.58,133.65,133.42,133.65,5,0
20241004,210000,133.52,133.52,133.06,133.06,36,0
20241004,220000,133.24,133.3,133.24,133.3,3,0
20241004,230000,133.35,133.51,133.3,133.37,82,0
20241007,100000,133.66,133.84,132.6,132.76,977,0
20241007,110000,132.76,133.13,132.08,132.18,406,0
20241007,120000,132.29,132.6,131.87,132.18,273,0
20241007,130000,132.08,132.64,132.06,132.21,369,0
20241007,140000,132.4,132.84,132.4,132.59,174,0
20241007,150000,132.5,132.93,132.27,132.42,153,0
20241007,160000,132.23,132.93,132.05,132.92,249,0
20241007,170000,132.73,132.92,132.25,132.27,119,0
20241007,180000,132.3,132.77,132.13,132.77,90,0
20241007,190000,133.1,133.25,132.74,133,420,0
20241007,200000,132.93,133.06,132.85,132.85,33,0
20241007,210000,133.07,133.45,133,133.45,56,0
20241007,220000,133.42,133.52,133.22,133.25,301,0
20241007,230000,133.32,133.64,133.32,133.64,10,0
20241008,100000,133.5,134.51,133.22,133.87,423,0
20241008,110000,133.84,133.97,133.5,133.72,189,0
20241008,120000,133.79,134.99,133.79,134.66,609,0
20241008,130000,134.74,134.93,134.4,134.93,810,0
20241008,140000,134.69,134.69,134.01,134.02,139,0
20241008,150000,134.09,134.21,133.8,133.8,235,0
20241008,160000,133.8,134.11,133.69,134.11,32,0
20241008,170000,134.17,134.2,133.53,133.66,95,0
20241008,180000,133.92,133.96,133.69,133.92,30,0
20241008,190000,133.82,133.87,133.65,133.65,30,0
20241008,200000,133.83,133.98,133.83,133.9,4,0
20241008,210000,133.8,134.04,133.79,134.04,12,0
20241008,220000,134.04,134.04,134.01,134.04,18,0
20241008,230000,134.1,134.1,134.1,134.1,3,0
20241009,100000,134.01,134.23,133.28,133.41,171,0
20241009,110000,133.42,133.63,133.27,133.41,178,0
20241009,120000,133.39,133.39,132.64,132.84,154,0
20241009,130000,132.83,132.83,132.59,132.59,77,0
20241009,140000,132.52,132.74,132.4,132.6,243,0
20241009,150000,132.52,132.64,132.3,132.52,122,0
20241009,160000,132.54,132.55,131.55,131.75,283,0
20241009,170000,131.75,132.31,131.75,132.21,124,0
20241009,180000,132.21,132.48,131.82,132.48,1064,0
20241009,190000,132.19,132.51,132.19,132.5,25,0
20241009,200000,132.45,132.47,132.3,132.44,368,0
20241009,210000,132.51,132.75,132.47,132.47,59,0
20241009,220000,132.67,132.78,132.47,132.69,105,0
20241009,230000,132.79,132.8,132.53,132.65,77,0
20241010,100000,132.76,133,132.36,132.7,315,0
20241010,110000,132.88,133.58,132.88,133.25,204,0
20241010,120000,133.29,133.4,132.78,133.33,285,0
20241010,130000,133.26,133.26,132.6,132.6,83,0
20241010,140000,132.63,132.86,132.32,132.32,61,0
20241010,150000,132.3,132.9,132.28,132.9,146,0
20241010,160000,132.89,133.09,132.51,133.09,30,0
20241010,170000,133.05,133.42,132.67,133.08,483,0
20241010,180000,132.97,133.12,132.88,132.93,47,0
20241010,190000,133.08,133.17,133.04,133.07,97,0
20241010,200000,133.01,133.38,133.01,133.38,18,0
20241010,210000,133.35,133.35,133.17,133.18,65,0
20241010,220000,133.17,133.17,133.08,133.08,22,0
20241010,230000,133.1,133.14,132.86,132.86,127,0
20241011,100000,132.92,132.99,132.11,132.3,319,0
20241011,110000,132.2,132.78,132.13,132.77,98,0
20241011,120000,132.6,132.6,131.8,132.11,274,0
20241011,130000,131.97,132.14,131.8,131.9,749,0
20241011,140000,131.9,132,131.75,131.98,462,0
20241011,150000,132.06,132.73,132.04,132.3,64,0
20241011,160000,132.3,132.3,131.8,131.8,31,0
20241011,170000,131.89,132.27,131.89,132.1,38,0
20241011,180000,131.9,132.34,131.82,132.34,104,0
20241011,190000,132.39,132.85,132.03,132.85,38,0
20241011,200000,132.8,132.8,132.57,132.57,49,0
20241011,210000,132.56,132.56,131.96,131.98,69,0
20241011,220000,132.1,132.24,131.92,132.24,31,0
20241011,230000,132.19,132.19,131.91,131.91,17,0
20241014,100000,131.77,131.77,130.77,131.07,363,0
20241014,110000,131.11,131.22,130.56,130.74,203,0
20241014,120000,130.95,131.72,130.87,131.29,367,0
20241014,130000,131.29,133.13,131.29,132.56,484,0
20241014,140000,132.44,132.81,132.27,132.75,171,0
20241014,150000,132.85,132.85,132.12,132.49,899,0
20241014,160000,132.49,133.45,132.44,133.08,575,0
20241014,170000,133.21,133.48,132.1,132.23,312,0
20241014,180000,132.34,132.47,132.05,132.11,353,0
20241014,190000,132.42,132.42,132.12,132.27,110,0
20241014,200000,132.13,132.3,132.12,132.17,26,0
20241014,210000,132.47,132.47,132.46,132.46,2,0
20241014,220000,132.29,132.29,132.29,132.29,1,0
20241014,230000,132.32,132.4,132.15,132.18,27,0
20241015,100000,132.18,132.68,131.78,132.37,131,0
20241015,110000,132.32,133,132.32,132.78,124,0
20241015,120000,132.73,133,132.6,133,144,0
20241015,130000,132.8,132.8,132.5,132.6,57,0
20241015,140000,132.7,133.62,132.7,133.51,223,0
20241015,150000,133.52,133.66,133.32,133.51,1396,0
20241015,160000,133.54,133.54,133.01,133.36,600,0
20241015,170000,133.38,133.64,133.07,133.64,241,0
20241015,180000,133.69,134.52,133.67,134.47,209,0
20241015,190000,134.45,134.49,134.34,134.34,70,0
20241015,200000,134.35,134.44,134.26,134.26,14,0
20241015,210000,134.26,134.37,133.9,134.28,118,0
20241015,220000,134.2,134.34,134.2,134.3,36,0
20241015,230000,134.27,134.27,134.07,134.11,10,0
20241016,100000,134.11,135,134.11,134.79,522,0
20241016,110000,134.77,138.89,134.71,138.62,1040,0
20241016,120000,138.74,138.74,136.89,137.19,556,0
20241016,130000,137.01,138.16,136.81,137.22,563,0
20241016,140000,137.47,137.54,137,137.35,500,0
20241016,150000,137.35,138.11,136.73,136.73,1973,0
20241016,160000,136.73,137.1,136.53,136.9,433,0
20241016,170000,137.03,137.5,136.6,136.6,53,0
20241016,180000,136.65,136.77,133.8,135.7,906,0
20241016,190000,136.37,136.84,136.37,136.52,70,0
20241016,200000,136.64,137.04,136.64,136.94,5,0
20241016,210000,136.89,137.26,136.82,137.17,48,0
20241016,220000,137.16,137.54,137.16,137.54,88,0
20241016,230000,137.65,137.66,137.42,137.45,78,0
20241017,100000,137.66,137.66,136.56,137.36,232,0
20241017,110000,137.13,137.43,136.59,136.93,289,0
20241017,120000,136.59,136.59,135.12,135.67,1033,0
20241017,130000,135.68,136.05,135.45,135.8,84,0
20241017,140000,135.77,136.69,135.76,136.6,39,0
20241017,150000,136.86,137.66,136.86,137.09,1576,0
20241017,160000,137.03,137.48,136.89,137.48,518,0
20241017,170000,137.48,138.41,137.48,137.92,1179,0
20241017,180000,137.99,138.21,136.2,136.8,233,0
20241017,190000,137.01,137.01,136.4,136.87,199,0
20241017,200000,136.85,136.92,136.54,136.54,24,0
20241017,210000,136.39,136.58,136,136.38,292,0
20241017,220000,136.39,136.54,136.37,136.54,108,0
20241017,230000,136.54,136.55,136.35,136.55,389,0
20241018,100000,136.55,137,136.04,136.84,238,0
20241018,110000,136.88,137.5,136.88,136.99,114,0
20241018,120000,136.68,137.09,136.52,136.53,218,0
20241018,130000,136.53,136.53,135.79,135.9,2058,0
20241018,140000,135.81,136.16,135.33,135.92,1374,0
20241018,150000,135.99,136.01,135.66,135.67,106,0
20241018,160000,135.77,135.91,135.12,135.33,123,0
20241018,170000,135.15,135.94,135.15,135.66,148,0
20241018,180000,135.86,136.04,135.51,135.51,39,0
20241018,190000,135.42,136.01,135.42,136.01,37,0
20241018,200000,135.94,136.08,135.85,135.85,6,0
20241018,210000,135.8,135.85,135.72,135.84,7,0
20241018,220000,135.76,135.84,135.75,135.75,16,0
20241018,230000,135.85,135.85,135.85,135.85,93,0
20241021,100000,135.85,136.68,135.8,136.12,397,0
20241021,110000,136.15,136.69,136.15,136.2,457,0
20241021,120000,136.15,136.34,135.6,136.09,347,0
20241021,130000,136.25,136.41,135.9,135.9,164,0
20241021,140000,135.9,135.9,135.61,135.86,82,0
20241021,150000,135.62,135.92,135.62,135.81,4,0
20241021,160000,135.8,136.13,135.79,135.99,58,0
20241021,170000,136.12,136.63,136.07,136.34,238,0
20241021,180000,136.02,136.02,135.12,135.44,304,0
20241021,190000,135.56,136.04,135.56,135.9,40,0
20241021,200000,135.73,136.13,135.72,135.85,51,0
20241021,210000,135.69,135.86,135.68,135.86,7,0
20241021,220000,135.94,136,135.94,136,13,0
20241021,230000,135.95,136.08,135.95,136.03,22,0
20241022,100000,136.13,136.52,135.9,135.91,262,0
20241022,110000,135.9,136.16,135.7,136.16,196,0
20241022,120000,136.16,140.12,136.14,138.94,1979,0
20241022,130000,139,139.38,138.67,138.9,556,0
20241022,140000,138.9,139,138.08,138.6,897,0
20241022,150000,138.52,138.73,137.64,137.84,646,0
20241022,160000,137.85,138.04,137.36,137.48,251,0
20241022,170000,137.45,137.67,136.78,137.01,427,0
20241022,180000,137,137,136,136.55,265,0
20241022,190000,136.89,137.1,136.41,136.5,276,0
20241022,200000,136.4,136.56,136.03,136.52,70,0
20241022,210000,136.49,136.88,136.48,136.7,59,0
20241022,220000,136.61,136.8,136.6,136.8,11,0
20241022,230000,136.5,136.55,136.44,136.55,8,0
20241023,100000,136.8,136.8,134.75,135.14,912,0
20241023,110000,135.09,137.06,135.09,137.06,131,0
20241023,120000,136.99,137.72,136.49,136.49,578,0
20241023,130000,136.65,137.12,136.45,136.8,79,0
20241023,140000,137.05,137.05,136.46,136.5,357,0
20241023,150000,136.3,136.58,136.08,136.58,57,0
20241023,160000,136.82,137.52,136.49,136.49,207,0
20241023,170000,136.54,136.65,136.39,136.39,35,0
20241023,180000,136.32,136.41,136.13,136.13,49,0
20241023,190000,136.31,136.45,135.57,135.68,249,0
20241023,200000,135.58,135.76,134.97,135.02,403,0
20241023,210000,135.03,135.03,134.33,134.55,996,0
20241023,220000,134.66,134.75,134.33,134.69,327,0
20241023,230000,134.69,135.08,134.61,134.96,14,0
20241024,100000,134.86,135.38,133.24,133.81,1175,0
20241024,110000,133.8,134.2,133.8,134.05,380,0
20241024,120000,134.05,134.05,132.9,133.16,890,0
20241024,130000,133.02,133.63,132.41,133.58,768,0
20241024,140000,133.63,133.79,133.19,133.79,91,0
20241024,150000,133.78,133.78,133,133.05,330,0
20241024,160000,133.26,133.65,133.16,133.65,119,0
20241024,170000,133.86,134.51,133.86,134.51,388,0
20241024,180000,134.57,134.57,134,134.5,280,0
20241024,190000,134.26,134.83,134.26,134.51,65,0
20241024,200000,134.31,134.5,134.22,134.44,32,0
20241024,210000,134.44,134.58,134.44,134.58,51,0
20241024,220000,134.55,134.58,134.39,134.58,22,0
20241024,230000,134.58,134.64,134.39,134.39,92,0
20241025,100000,134.43,134.61,133.77,134.07,441,0
20241025,110000,133.94,134.53,133.94,134.36,1961,0
20241025,120000,134.36,135.52,134.33,134.94,5100,0
20241025,130000,135,136.67,132.7,135.95,6486,0
20241025,140000,136.17,136.42,134.8,135.1,2286,0
20241025,150000,134.95,135.86,134.4,134.57,1484,0
20241025,160000,134.48,134.91,132.6,132.77,1175,0
20241025,170000,132.87,133.47,132.2,132.5,957,0
20241025,180000,132.5,133.24,132.46,132.98,432,0
20241025,190000,132.7,133.33,132.6,132.6,52,0
20241025,200000,132.81,133.3,132.6,133.21,248,0
20241025,210000,133.21,133.61,133.04,133.61,52,0
20241025,220000,133.39,133.39,133.34,133.34,30,0
20241025,230000,133.3,133.32,132.91,133.16,116,0
20241028,100000,132.53,132.53,130.93,131.73,1681,0
20241028,110000,131.44,131.98,131.36,131.55,260,0
20241028,120000,131.62,132.35,131.02,131.02,262,0
20241028,130000,131.02,131.02,130.51,130.91,449,0
20241028,140000,130.79,130.99,127.5,127.77,1327,0
20241028,150000,127.77,128.13,127.13,127.57,5673,0
20241028,160000,127.64,128.01,125.85,126.13,1020,0
20241028,170000,126.04,126.53,125.42,126.45,856,0
20241028,180000,126.51,126.72,124.55,125.17,415,0
20241028,190000,125.17,125.31,123.88,124.44,412,0
20241028,200000,124.25,125.72,124.24,125.44,227,0
20241028,210000,125.37,125.5,124.87,124.91,61,0
20241028,220000,125.06,125.25,124.92,125.05,21,0
20241028,230000,125.26,125.35,125,125.15,48,0
20241029,100000,125.22,126.36,124.6,126.1,1668,0
20241029,110000,126.05,126.1,122.97,123.15,552,0
20241029,120000,123,124.07,122.08,123.85,595,0
20241029,130000,123.85,124.18,122.93,123.85,258,0
20241029,140000,123.85,124.93,123.47,124.74,1052,0
20241029,150000,124.52,126,124.47,125.35,416,0
20241029,160000,125.81,126.91,125.5,126,386,0
20241029,170000,125.9,126.81,124.52,125.74,674,0
20241029,180000,125.77,127.15,125.77,126.17,506,0
20241029,190000,126.2,126.86,126.2,126.62,88,0
20241029,200000,126.6,126.6,126.13,126.53,513,0
20241029,210000,126.24,126.27,125.97,126.06,830,0
20241029,220000,126.24,126.53,125.99,125.99,110,0
20241029,230000,126.06,126.17,126.06,126.17,11,0
20241030,100000,126.16,126.58,125.26,126.43,907,0
20241030,110000,126.41,127.19,125.8,125.95,595,0
20241030,120000,126.05,127.28,125.86,126.52,227,0
20241030,130000,126.16,126.45,125.84,125.84,332,0
20241030,140000,126.08,126.08,124.43,124.43,995,0
20241030,150000,124.22,125.31,124.21,125.25,1038,0
20241030,160000,125.27,125.27,124.57,124.89,312,0
20241030,170000,125.14,126.32,124.81,126.31,207,0
20241030,180000,126.23,126.43,125.56,126.12,233,0
20241030,190000,125.7,125.75,124.87,125.51,160,0
20241030,200000,125.02,125.15,124.24,124.5,241,0
20241030,210000,124.44,124.5,124.18,124.37,112,0
20241030,220000,124.29,124.29,123.83,123.91,74,0
20241030,230000,124.05,124.13,123.65,123.96,257,0
20241031,100000,123.87,124.36,123.23,124.21,515,0
20241031,110000,123.95,124.79,123.9,123.9,135,0
20241031,120000,123.92,124.03,122.51,123.19,1270,0
20241031,130000,123.36,124.25,122.99,124.01,726,0
20241031,140000,123.98,125.04,123.78,124.66,428,0
20241031,150000,124.5,124.58,123.85,124.27,445,0
20241031,160000,124.1,124.28,123.12,123.38,338,0
20241031,170000,123.61,123.63,122.62,122.79,373,0
20241031,180000,122.79,123.81,122.79,123.63,490,0
20241031,190000,123.5,123.5,122.74,123.06,191,0
20241031,200000,123.05,123.13,122.66,122.66,19,0
20241031,210000,122.69,123.02,122.69,122.95,40,0
20241031,220000,123.05,123.48,123.05,123.24,91,0
20241031,230000,123.37,123.59,123.37,123.59,20,0
20241101,100000,123.9,124.77,123.51,124,894,0
20241101,110000,123.95,124.3,123.07,123.54,654,0
20241101,120000,123.4,123.55,122.98,123.22,275,0
20241101,130000,123.23,123.91,123.2,123.5,196,0
20241101,140000,123.67,124.39,123.51,123.83,215,0
20241101,150000,123.93,123.95,123.52,123.58,62,0
20241101,160000,123.58,124.48,123.58,124.12,71,0
20241101,170000,124.07,125.1,124.02,124.77,381,0
20241101,180000,124.5,124.88,124.42,124.51,87,0
20241101,190000,124.7,125.84,124.7,125.19,158,0
20241101,200000,125.38,125.59,125.15,125.18,43,0
20241101,210000,125.03,125.44,124.87,125.44,102,0
20241101,220000,125.39,125.8,125.36,125.78,67,0
20241101,230000,125.81,125.86,125.74,125.74,35,0
20241102,100000,125.95,126.04,125.3,125.94,265,0
20241102,110000,125.85,125.9,125.33,125.6,1176,0
20241102,120000,125.71,126.03,125.71,125.9,366,0
20241102,130000,125.85,126.34,125.85,126.17,117,0
20241102,140000,126.23,126.95,126.23,126.8,387,0
20241102,150000,126.93,127.93,126.93,127.22,494,0
20241102,160000,127.4,128.61,127.21,128.61,253,0
20241102,170000,128.61,129.17,128.12,128.73,426,0
20241102,180000,128.81,128.81,127.77,127.86,386,0
20241102,190000,128.17,128.38,128.12,128.15,70,0
20241102,200000,128.3,129.49,128.3,128.34,133,0
20241102,210000,128.57,129.42,128.57,129.41,38,0
20241102,220000,129.39,129.42,129.03,129.03,248,0
20241102,230000,129.04,129.12,129.04,129.12,14,0
20241105,100000,129,129.5,128.3,128.68,1078,0
20241105,110000,128.64,128.66,127.59,128.39,528,0
20241105,120000,128.33,128.94,128.33,128.7,1420,0
20241105,130000,128.83,128.94,128.44,128.44,310,0
20241105,140000,128.49,128.54,128.03,128.42,85,0
20241105,150000,128.36,128.64,128.19,128.29,166,0
20241105,160000,128.25,128.25,127.73,128.03,547,0
20241105,170000,127.91,128.3,127.7,128.05,188,0
20241105,180000,128.28,129.07,128.28,128.78,92,0
20241105,190000,129.12,129.38,128.85,129.25,56,0
20241105,200000,129.31,129.36,128,128.98,246,0
20241105,210000,128.93,128.97,128.74,128.86,125,0
20241105,220000,128.84,128.96,128.8,128.96,21,0
20241105,230000,128.93,128.97,128.92,128.97,46,0
20241106,100000,130.5,136.63,130,134.97,4668,0
20241106,110000,134.97,135.99,134.97,135.12,1689,0
20241106,120000,135.28,135.3,134.47,134.58,247,0
20241106,130000,134.58,134.59,133.28,133.75,424,0
20241106,140000,133.79,133.8,132.02,132.46,2625,0
20241106,150000,132.46,132.62,131.6,132.43,2428,0
20241106,160000,132.12,132.12,130.83,131.11,1528,0
20241106,170000,131.09,131.73,130.68,131.25,951,0
20241106,180000,131.39,132.16,131.39,131.75,565,0
20241106,190000,131.58,131.77,131.24,131.47,142,0
20241106,200000,131.5,131.95,131.5,131.86,50,0
20241106,210000,132.1,132.16,131.42,131.45,220,0
20241106,220000,131.84,131.84,131.58,131.79,35,0
20241106,230000,131.6,131.97,131.57,131.88,472,0
20241107,100000,132.04,132.24,131.43,132.15,129,0
20241107,110000,132.36,132.46,132.14,132.41,196,0
20241107,120000,132.41,132.41,130.4,131.14,2129,0
20241107,130000,131.08,131.08,129.88,130.28,920,0
20241107,140000,130.19,130.98,130.19,130.85,665,0
20241107,150000,130.83,131.57,130.81,131.25,268,0
20241107,160000,131.29,131.46,130.82,131.18,1618,0
20241107,170000,131.44,133.8,131.44,133.8,803,0
20241107,180000,133.92,134.03,133.02,133.02,860,0
20241107,190000,133.56,135.36,133.56,134.38,1339,0
20241107,200000,134.42,134.49,134.16,134.16,252,0
20241107,210000,134.03,134.72,134.03,134.72,13,0
20241107,220000,134.68,135.4,134.44,135.36,834,0
20241107,230000,135.42,135.54,135.07,135.48,595,0
20241108,100000,135.85,136.88,134.34,135.76,6440,0
20241108,110000,135.96,136.55,134.5,135.29,2604,0
20241108,120000,135.21,135.44,134.7,135.1,868,0
20241108,130000,135.33,135.33,133.94,134.56,704,0
20241108,140000,134.64,135,134.17,134.34,119,0
20241108,150000,134.42,135.07,134.42,134.72,150,0
20241108,160000,134.83,135,134.61,134.65,78,0
20241108,170000,134.66,134.71,134.16,134.71,137,0
20241108,180000,134.84,135.77,134.84,135.48,161,0
20241108,190000,135.46,135.98,135.29,135.29,480,0
20241108,200000,135.72,136.9,135.66,135.77,622,0
20241108,210000,135.88,136,135.66,135.85,84,0
20241108,220000,135.69,136.57,135.41,136.57,247,0
20241108,230000,136.52,136.62,136.25,136.25,209,0
20241111,100000,137.5,137.51,136.13,136.19,1114,0
20241111,110000,136.07,137.21,135.98,136.89,1444,0
20241111,120000,136.84,136.84,136.04,136.49,485,0
20241111,130000,136.5,136.86,136.45,136.45,290,0
20241111,140000,136.5,136.5,135.59,135.62,1611,0
20241111,150000,135.6,136.13,135.51,135.83,215,0
20241111,160000,135.78,136.96,135.75,136.96,782,0
20241111,170000,136.84,137.3,136.68,136.85,837,0
20241111,180000,136.98,138.5,136.98,138.01,1377,0
20241111,190000,136.85,138.57,136.85,138.17,144,0
20241111,200000,138.02,138.07,137.79,138.04,254,0
20241111,210000,138.04,138.16,137.9,137.99,109,0
20241111,220000,137.83,138.1,137.82,138.1,21,0
20241111,230000,138.04,138.48,138.04,138.12,735,0
20241112,100000,137.94,137.94,136.71,136.83,1166,0
20241112,110000,136.79,137.52,136.39,136.5,702,0
20241112,120000,136.75,137.26,136.51,136.88,104,0
20241112,130000,136.89,137.2,136.51,136.7,492,0
20241112,140000,136.55,136.6,135.99,135.99,142,0
20241112,150000,135.98,136.06,135.19,135.39,380,0
20241112,160000,135.4,135.71,135,135,206,0
20241112,170000,135,136.2,134.77,136.13,1004,0
20241112,180000,136.18,136.36,135.4,135.72,223,0
20241112,190000,135.45,135.54,135.05,135.26,46,0
20241112,200000,135.4,135.41,135.25,135.25,11,0
20241112,210000,135.26,135.36,135.26,135.27,23,0
20241112,220000,135.28,135.36,135.13,135.13,52,0
20241112,230000,135.14,135.62,135.14,135.24,27,0
20241113,100000,135.23,135.65,134.51,134.97,852,0
20241113,110000,134.94,135.36,134.75,135.33,1082,0
20241113,120000,135.37,136.5,135.25,135.75,121,0
20241113,130000,135.82,136.29,135.76,135.99,116,0
20241113,140000,135.85,135.97,135.39,135.51,47,0
20241113,150000,135.5,136.75,135.5,136.32,118,0
20241113,160000,136.65,136.66,136.21,136.54,85,0
20241113,170000,136.21,136.42,135.84,136.1,44,0
20241113,180000,136.1,136.49,135.7,135.95,192,0
20241113,190000,135.51,135.51,134.14,134.2,295,0
20241113,200000,134.25,134.93,132.69,134.07,1615,0
20241113,210000,133.89,134.98,133.62,134.11,450,0
20241113,220000,134.2,134.44,133.58,133.58,93,0
20241113,230000,133.52,133.57,132.99,133,64,0
20241114,100000,132.25,133.5,132.25,133.27,3639,0
20241114,110000,133.33,133.41,132.71,133.19,1640,0
20241114,120000,133.15,133.44,132.95,133.11,30,0
20241114,130000,133.2,133.6,133.03,133.03,191,0
20241114,140000,133.03,133.28,132.14,132.66,2461,0
20241114,150000,132.6,132.77,132.22,132.64,144,0
20241114,160000,132.74,133.49,132.74,132.98,1401,0
20241114,170000,132.76,132.82,130.91,131.09,1417,0
20241114,180000,131.1,131.81,131,131.25,259,0
20241114,190000,131.25,132.36,131.13,131.55,250,0
20241114,200000,131.53,131.63,131.14,131.53,180,0
20241114,210000,131.54,131.7,131.11,131.65,106,0
20241114,220000,131.75,131.79,131.53,131.64,223,0
20241114,230000,131.62,131.82,131.49,131.82,18,0
20241115,100000,131.83,132.1,131.23,131.98,254,0
20241115,110000,131.99,132.44,131.62,132.4,1804,0
20241115,120000,132.35,132.38,131.94,132.13,161,0
20241115,130000,132.03,132.04,131.27,131.57,86,0
20241115,140000,131.39,131.74,131.18,131.61,145,0
20241115,150000,131.44,132.94,131.23,132.65,374,0
20241115,160000,132.65,134.1,132.53,133.47,3466,0
20241115,170000,133.41,133.98,131.53,131.84,1309,0
20241115,180000,131.8,133.14,131.62,132.92,304,0
20241115,190000,132.97,133.78,132.97,133.24,129,0
20241115,200000,133.25,133.49,132.79,132.99,162,0
20241115,210000,132.99,133.2,132.94,133.17,48,0
20241115,220000,133.33,133.51,133.33,133.37,70,0
20241115,230000,133.51,133.65,133.34,133.65,668,0
20241118,100000,131.51,131.51,129.81,130.24,2235,0
20241118,110000,130.23,130.38,129.64,130.18,1094,0
20241118,120000,130.18,130.29,129.31,129.31,292,0
20241118,130000,129.25,129.58,129.06,129.47,1439,0
20241118,140000,129.38,130,129.11,129.92,323,0
20241118,150000,129.93,130.24,129.77,129.95,883,0
20241118,160000,129.65,130.65,129.65,130.65,153,0
20241118,170000,130.6,130.94,130.19,130.59,809,0
20241118,180000,130.57,130.57,130.1,130.12,168,0
20241118,190000,130.18,130.18,129.85,130.12,78,0
20241118,200000,130.39,130.4,130.28,130.35,116,0
20241118,210000,130.35,130.38,129.49,129.49,140,0
20241118,220000,129.55,129.82,129.5,129.73,33,0
20241118,230000,129.53,129.58,129.4,129.58,26,0
20241119,100000,129.33,129.62,127.78,127.78,1485,0
20241119,110000,127.81,128.33,127.34,127.49,829,0
20241119,120000,127.49,127.93,126.87,127.77,2176,0
20241119,130000,127.52,128.23,127.34,128.22,1279,0
20241119,140000,128.27,128.35,127.45,127.95,1252,0
20241119,150000,128.09,128.09,127.25,127.25,895,0
20241119,160000,127.25,127.25,125.52,126.12,1053,0
20241119,170000,126.02,126.41,124.1,124.84,1524,0
20241119,180000,124.92,125.65,124.7,124.8,855,0
20241119,190000,125.01,125.59,124.79,125.36,449,0
20241119,200000,125.54,126.01,125.54,125.94,173,0
20241119,210000,125.81,125.81,125.36,125.55,401,0
20241119,220000,125.55,125.76,125.54,125.6,32,0
20241119,230000,125.62,125.66,125.56,125.66,15,0
20241120,100000,125.8,126.48,125.08,125.08,2477,0
20241120,110000,125.13,125.63,124.81,125.09,787,0
20241120,120000,125.09,125.92,125.08,125.4,413,0
20241120,130000,125.44,126.91,124.91,125.23,669,0
20241120,140000,125.26,126.01,125.21,125.41,167,0
20241120,150000,125.45,125.81,124.3,124.71,652,0
20241120,160000,124.67,124.77,123.51,123.8,1654,0
20241120,170000,123.71,123.71,122.57,122.65,801,0
20241120,180000,122.65,122.66,121.87,122,1273,0
20241120,190000,121.78,123.63,120.56,121.07,2401,0
20241120,200000,121.32,121.98,121.28,121.85,225,0
20241120,210000,121.85,122.39,121.76,122,142,0
20241120,220000,122,122.03,121.63,121.76,71,0
20241120,230000,122.03,122.08,121.8,121.8,39,0
20241121,100000,122.4,123,121.76,122,2303,0
20241121,110000,121.95,122.83,121.67,121.67,1319,0
20241121,120000,121.73,122.57,121.22,121.97,454,0
20241121,130000,121.97,123.69,121.9,123.35,300,0
20241121,140000,123.48,123.72,122.73,122.88,355,0
20241121,150000,122.63,122.74,121.27,121.56,444,0
20241121,160000,121.64,122.44,121.4,122.17,203,0
20241121,170000,122.15,122.68,120.56,120.56,468,0
20241121,180000,120.77,123.45,119.86,121.58,3816,0
20241121,190000,121.63,121.9,113.13,121.49,2222,0
20241121,200000,121.49,122.24,120.12,122.19,1898,0
20241121,210000,122.2,123.3,122.01,123.29,635,0
20241121,220000,123.3,123.88,123.3,123.66,390,0
20241121,230000,123.87,124.5,122.21,124.2,566,0
20241122,100000,124.43,124.43,122.22,122.76,2067,0
20241122,110000,122.72,122.82,121.78,121.93,1681,0
20241122,120000,121.9,122.55,121.43,122.26,306,0
20241122,130000,122.31,122.75,121.89,122.25,455,0
20241122,140000,122.19,122.22,121.01,121.78,486,0
20241122,150000,121.76,121.79,120.45,120.68,509,0
20241122,160000,120.53,120.54,119.48,120.01,1839,0
20241122,170000,120.02,120.93,119.89,119.91,943,0
20241122,180000,119.9,120.01,118.76,119.22,3454,0
20241122,190000,119.49,121.25,119.49,120.88,1305,0
20241122,200000,121.02,121.5,120.37,120.37,140,0
20241122,210000,120.27,120.47,120.07,120.09,1034,0
20241122,220000,120.2,120.35,120.09,120.1,368,0
20241122,230000,120.09,120.11,119.58,119.78,456,0
20241125,100000,119.65,120.68,118.33,119,2320,0
20241125,110000,118.98,119.57,118.68,119.04,1425,0
20241125,120000,119.16,119.49,118.7,119.38,268,0
20241125,130000,119.36,119.96,119.23,119.23,204,0
20241125,140000,119.26,119.39,118.4,119.36,841,0
20241125,150000,118.96,119.05,117.79,117.79,800,0
20241125,160000,117.78,118.23,117.7,118,2557,0
20241125,170000,118.15,118.21,116.54,116.88,1299,0
20241125,180000,116.87,117.8,116.56,117.48,964,0
20241125,190000,117.48,117.48,116.83,117.4,368,0
20241125,200000,117.27,117.78,116.71,116.92,287,0
20241125,210000,117,117.17,116.54,116.65,131,0
20241125,220000,116.61,117.65,116.24,117.65,549,0
20241125,230000,117.58,117.71,117.35,117.58,471,0
20241126,100000,117.72,118.5,116.82,117.45,2320,0
20241126,110000,117.72,119.36,117.45,118.52,1264,0
20241126,120000,118.64,119.53,117.94,118.04,559,0
20241126,130000,118.07,118.5,117.52,117.62,268,0
20241126,140000,117.5,117.62,116.37,116.38,837,0
20241126,150000,116.5,116.91,114.33,115.11,4894,0
20241126,160000,115.19,115.84,114.55,115.46,1166,0
20241126,170000,115.28,115.57,114.64,114.75,343,0
20241126,180000,114.76,115.24,114.4,114.92,230,0
20241126,190000,115.03,115.5,114.52,115.31,840,0
20241126,200000,115.23,115.26,114.94,114.94,496,0
20241126,210000,114.89,114.91,114.26,114.87,458,0
20241126,220000,114.94,114.94,114.69,114.8,29,0
20241126,230000,114.68,114.88,114.6,114.88,27,0
20241127,100000,114.86,115.33,112.59,112.94,11160,0
20241127,110000,112.98,113.84,112.87,113.72,1009,0
20241127,120000,113.72,116.45,113.72,115.7,2160,0
20241127,130000,115.63,116.15,114.81,115.32,1244,0
20241127,140000,115.37,116.37,115,115.78,784,0
20241127,150000,115.85,116.1,113.05,113.44,1365,0
20241127,160000,113.45,116.2,113.33,116.07,1652,0
20241127,170000,116.13,117.51,115.51,117.34,1396,0
20241127,180000,117.5,119.96,117.5,118.22,3402,0
20241127,190000,118.5,119.67,117.96,118.98,930,0
20241127,200000,119,119.51,118.49,119.36,540,0
20241127,210000,119.22,119.52,118.91,119.4,191,0
20241127,220000,119.4,119.53,119.14,119.53,175,0
20241127,230000,119.62,119.66,119.5,119.63,100,0
20241128,100000,119.74,120.57,118.34,120.31,2170,0
20241128,110000,120.31,121.3,120.14,120.74,2224,0
20241128,120000,120.58,121.64,120.33,120.83,1309,0
20241128,130000,120.34,120.52,119.38,120.16,497,0
20241128,140000,120,120.92,119.5,119.76,383,0
20241128,150000,119.66,120.2,119.41,119.47,264,0
20241128,160000,119.47,120.24,119.47,120,234,0
20241128,170000,119.98,120.54,119.73,120.47,204,0
20241128,180000,120.56,120.98,120.29,120.98,705,0
20241128,190000,120.99,121.61,120.42,121.05,3223,0
20241128,200000,120.96,121.13,120.74,121,39,0
20241128,210000,121.03,121.28,120.59,120.64,240,0
20241128,220000,120.89,120.97,120.66,120.76,66,0
20241128,230000,120.79,120.79,120.6,120.6,81,0
20241129,100000,120.33,121.38,119.84,121.17,2823,0
20241129,110000,121.32,123.74,120.89,123.46,3130,0
20241129,120000,123.42,124,122.95,123.42,1730,0
20241129,130000,123.42,124.12,122.94,123.7,357,0
20241129,140000,123.69,124.71,123.69,124.02,2868,0
20241129,150000,123.98,124.12,123.67,123.84,971,0
20241129,160000,123.83,124.02,122.94,123.7,959,0
20241129,170000,123.72,124.21,123.7,124.06,445,0
20241129,180000,124.06,124.34,123.25,123.25,1402,0
20241129,190000,123.61,124.41,122.29,123.98,599,0
20241129,200000,123.97,124.28,123.75,124.15,59,0
20241129,210000,124.12,125.1,124.12,124.63,291,0
20241129,220000,124.55,124.88,124.34,124.7,312,0
20241129,230000,124.66,124.71,124.4,124.43,84,0
20241202,100000,124.81,125.56,124.59,125.1,1039,0
20241202,110000,125.12,125.32,124.5,124.76,940,0
20241202,120000,124.75,125.27,124.09,124.91,369,0
20241202,130000,124.96,125.04,124.35,124.63,544,0
20241202,140000,124.53,124.84,124.52,124.55,58,0
20241202,150000,124.79,124.9,123.77,123.81,421,0
20241202,160000,123.95,124.68,123.73,124.32,900,0
20241202,170000,124.28,124.46,123.92,124.37,627,0
20241202,180000,124.35,124.44,124.17,124.33,96,0
20241202,190000,124.18,124.34,124.14,124.14,18,0
20241202,200000,124,124.42,124,124.42,51,0
20241202,210000,124.3,124.5,124.11,124.11,56,0
20241202,220000,124.2,124.33,123.94,124.3,75,0
20241202,230000,124.26,124.99,124,124,185,0
20241203,100000,124.14,124.21,123.32,123.61,1648,0
20241203,110000,123.51,123.66,122.61,123.01,2171,0
20241203,120000,123,123.39,122.78,122.97,156,0
20241203,130000,122.83,123.19,122.81,122.96,156,0
20241203,140000,123.03,123.49,123.03,123.17,185,0
20241203,150000,123.09,123.2,122.4,122.43,1092,0
20241203,160000,122.33,122.39,121.53,121.94,1389,0
20241203,170000,121.89,121.96,121.01,121.9,2161,0
20241203,180000,121.9,122.29,121.63,121.8,780,0
20241203,190000,121.68,121.76,121.19,121.62,290,0
20241203,200000,121.58,121.69,121.43,121.54,129,0
20241203,210000,121.45,121.57,121.04,121.38,172,0
20241203,220000,121.5,121.5,121.23,121.49,35,0
20241203,230000,121.51,121.71,121.42,121.45,154,0
20241204,100000,121.71,122.15,120.81,121.37,591,0
20241204,110000,121.59,123.51,121.59,123.34,1358,0
20241204,120000,123.34,123.52,122.69,122.94,1379,0
20241204,130000,123.02,123.25,122.86,122.92,136,0
20241204,140000,122.97,123.25,122.92,123.03,237,0
20241204,150000,123.04,123.06,122,122.15,1462,0
20241204,160000,122.22,122.43,121.27,121.55,688,0
20241204,170000,121.36,121.36,120.14,120.31,1210,0
20241204,180000,120.3,120.4,115.43,116.1,5952,0
20241204,190000,116.1,116.1,114.34,115.62,4798,0
20241204,200000,115.55,116.02,115.02,115.95,791,0
20241204,210000,115.91,115.98,115.3,115.38,455,0
20241204,220000,115.38,115.61,115.38,115.4,123,0
20241204,230000,115.58,115.76,115.5,115.69,143,0
20241205,100000,116.08,116.95,115.61,116.06,2413,0
20241205,110000,116.17,116.66,115.06,115.18,1610,0
20241205,120000,115.23,115.34,113.78,114.5,2688,0
20241205,130000,114.52,114.64,113.47,114.1,2482,0
20241205,140000,114.25,114.4,113.3,113.37,1626,0
20241205,150000,113.35,114.15,113.28,113.82,1230,0
20241205,160000,113.73,115.8,113.73,114.87,3527,0
20241205,170000,114.87,117.68,114.86,116.64,3267,0
20241205,180000,116.75,117.56,115.82,116.05,7048,0
20241205,190000,116.39,117.55,116.39,116.87,943,0
20241205,200000,116.81,117.02,116.42,116.59,425,0
20241205,210000,116.67,117.12,116.65,117.12,289,0
20241205,220000,117.12,117.25,117,117.14,241,0
20241205,230000,117.14,117.27,117,117.06,307,0
20241206,100000,117.25,117.56,116.01,116.86,801,0
20241206,110000,117.06,117.06,115.39,115.39,926,0
20241206,120000,115.43,115.59,114.12,114.25,2320,0
20241206,130000,114.21,114.98,114.2,114.73,977,0
20241206,140000,114.72,115.74,114.32,115.74,648,0
20241206,150000,115.75,116.06,115.39,116,1103,0
20241206,160000,116.01,116.21,114.83,115.86,1714,0
20241206,170000,116.03,116.09,115.21,115.51,297,0
20241206,180000,115.48,115.48,115.21,115.35,234,0
20241206,190000,115.32,115.32,115.07,115.22,195,0
20241206,200000,115.22,115.36,115.19,115.19,358,0
20241206,210000,115.19,115.23,114.9,114.94,258,0
20241206,220000,115.05,115.54,115.05,115.34,103,0
20241206,230000,115.34,115.7,115.26,115.51,267,0
20241209,100000,115.78,116.78,115.78,116.23,1569,0
20241209,110000,116.23,116.24,115.6,115.77,655,0
20241209,120000,115.71,115.99,115.46,115.54,849,0
20241209,130000,115.6,115.79,115.57,115.65,551,0
20241209,140000,115.6,116.05,115.33,116.05,635,0
20241209,150000,116.05,116.46,115.93,116.4,1703,0
20241209,160000,116.41,117.62,116.21,117.57,2534,0
20241209,170000,117.58,118.05,117.09,117.3,2184,0
20241209,180000,117.43,117.65,116.78,117.21,922,0
20241209,190000,117.4,117.98,117.32,117.48,443,0
20241209,200000,117.61,117.78,117.18,117.18,112,0
20241209,210000,117.32,117.49,117.26,117.4,32,0
20241209,220000,117.38,117.57,117.38,117.57,31,0
20241209,230000,117.64,117.68,117.3,117.3,115,0
20241210,100000,117.33,117.52,116.36,116.46,800,0
20241210,110000,116.39,116.88,116.24,116.42,1308,0
20241210,120000,116.33,116.41,115.4,115.88,1079,0
20241210,130000,115.83,116.17,115.4,115.96,464,0
20241210,140000,115.95,115.98,114.74,115.14,3223,0
20241210,150000,115.08,115.61,114.94,115.1,789,0
20241210,160000,115.07,116.15,115.06,115.43,943,0
20241210,170000,115.42,115.59,114.9,115.14,747,0
20241210,180000,115.12,115.39,114.99,115.39,515,0
20241210,190000,115.91,118.91,115.1,115.36,531,0
20241210,200000,115.22,115.35,115.06,115.29,362,0
20241210,210000,115.28,115.32,115.12,115.21,411,0
20241210,220000,115.2,115.27,115.12,115.27,281,0
20241210,230000,115.12,115.17,114.99,115.07,480,0
20241211,100000,115.05,115.38,114.5,114.52,1299,0
20241211,110000,114.51,115.59,114,115.17,1264,0
20241211,120000,115.15,116.15,114.95,115.84,1075,0
20241211,130000,115.86,115.86,114.72,114.79,821,0
20241211,140000,114.63,115.12,114.51,114.97,376,0
20241211,150000,115.1,115.26,114.55,114.55,959,0
20241211,160000,114.6,115.27,114.38,115.19,634,0
20241211,170000,115.2,115.75,114.61,114.86,1385,0
20241211,180000,114.86,115.01,114.29,114.66,891,0
20241211,190000,114.32,115.7,114.16,115,1455,0
20241211,200000,115.26,115.64,115.12,115.19,1207,0
20241211,210000,115.15,115.48,115.14,115.41,245,0
20241211,220000,115.35,115.35,115.05,115.35,726,0
20241211,230000,115.35,115.52,115.35,115.49,264,0
20241212,100000,115.36,115.66,114.72,115.62,1208,0
20241212,110000,115.63,115.67,115,115.07,892,0
20241212,120000,115.24,115.24,114.62,114.85,932,0
20241212,130000,114.84,115.04,114.64,114.79,254,0
20241212,140000,114.76,114.99,114.49,114.52,1806,0
20241212,150000,114.48,114.66,114.27,114.55,1140,0
20241212,160000,114.54,114.55,113.93,113.98,1429,0
20241212,170000,114.01,114.2,113.58,113.66,1426,0
20241212,180000,113.78,113.97,113.52,113.97,1235,0
20241212,190000,113.7,114.13,113.7,113.91,2036,0
20241212,200000,113.85,114.13,113.72,113.87,420,0
20241212,210000,113.83,113.91,113.55,113.9,1100,0
20241212,220000,113.81,113.86,113.4,113.53,874,0
20241212,230000,113.61,113.7,113.4,113.41,154,0
20241213,100000,113.52,114.42,112.87,113.55,2342,0
20241213,110000,113.49,113.74,112.9,112.97,771,0
20241213,120000,112.98,113.28,112.75,112.98,1348,0
20241213,130000,112.94,113.63,112.89,113.37,403,0
20241213,140000,113.49,113.58,113,113.12,384,0
20241213,150000,113.12,113.35,113,113.25,149,0
20241213,160000,113.35,113.35,113.01,113.01,135,0
20241213,170000,113.05,113.23,112.93,113.21,922,0
20241213,180000,113.16,113.48,113.05,113.48,397,0
20241213,190000,113.37,113.48,113.17,113.3,361,0
20241213,200000,113.3,113.53,113.26,113.35,409,0
20241213,210000,113.25,113.28,113.04,113.11,342,0
20241213,220000,113.12,113.25,113.11,113.17,94,0
20241213,230000,113.17,113.27,113.1,113.19,28,0
20241216,100000,113.05,113.05,112.29,112.52,4123,0
20241216,110000,112.5,112.5,111.56,111.93,3001,0
20241216,120000,112,112.05,110.98,111.13,3522,0
20241216,130000,111.14,111.35,110.62,110.72,4558,0
20241216,140000,110.8,111.05,110.32,110.86,2798,0
20241216,150000,111.05,111.22,110.32,110.51,4683,0
20241216,160000,110.51,110.85,110.34,110.38,802,0
20241216,170000,110.36,110.63,109.77,109.93,3089,0
20241216,180000,110.03,110.04,108.73,109.17,4462,0
20241216,190000,109,109.19,108,108.25,4429,0
20241216,200000,108.27,110.22,108.15,109.55,6447,0
20241216,210000,109.7,110.01,109.11,109.27,535,0
20241216,220000,109.22,109.22,108.77,109.11,745,0
20241216,230000,108.88,109.12,108.67,108.96,211,0
20241217,100000,109,109.48,108.58,109.24,3279,0
20241217,110000,109.25,109.25,108.68,108.74,847,0
20241217,120000,108.72,109.23,108.72,108.94,1297,0
20241217,130000,108.93,109.02,108.72,108.73,341,0
20241217,140000,108.73,108.8,106.82,107.07,13340,0
20241217,150000,107.07,107.55,107.02,107.21,2038,0
20241217,160000,107.22,107.23,106.35,106.76,8650,0
20241217,170000,106.76,107.59,106.51,107.46,3803,0
20241217,180000,107.46,107.84,106.93,107.01,1133,0
20241217,190000,106.79,107.46,106.75,107.46,563,0
20241217,200000,107.42,107.76,107.25,107.56,451,0
20241217,210000,107.49,107.54,107.12,107.25,398,0
20241217,220000,107.25,107.38,107.05,107.24,398,0
20241217,230000,107.27,107.49,107.24,107.49,641,0
20241218,100000,107.54,107.88,106.82,106.83,1773,0
20241218,110000,106.8,106.86,105.87,106.39,4405,0
20241218,120000,106.38,106.59,105.97,106.35,2734,0
20241218,130000,106.34,106.34,105.4,105.75,4305,0
20241218,140000,105.83,106.33,105.59,106.25,1555,0
20241218,150000,106.25,106.5,105.88,105.9,5950,0
20241218,160000,105.92,105.92,105.63,105.71,770,0
20241218,170000,105.71,106.2,105.71,106.17,1234,0
20241218,180000,106.17,106.75,106.01,106.35,3307,0
20241218,190000,106.59,108.75,106.59,108.5,4518,0
20241218,200000,108.47,108.56,107.74,108,2473,0
20241218,210000,107.92,108.57,107.86,108.42,860,0
20241218,220000,108.44,108.58,108.03,108.03,265,0
20241218,230000,108.15,108.37,108.07,108.07,200,0
20241219,100000,108.31,108.6,107.26,107.81,2731,0
20241219,110000,107.82,108.35,107.52,108.1,2098,0
20241219,120000,108.12,110.93,108,110.85,4890,0
20241219,130000,110.9,111.27,109.81,109.99,5254,0
20241219,140000,109.94,109.94,109.43,109.7,1631,0
20241219,150000,109.8,111.12,107.81,108.23,8511,0
20241219,160000,108.35,108.72,107,107.23,4881,0
20241219,170000,107.19,107.9,106.66,106.99,2254,0
20241219,180000,106.95,107.17,106.43,106.95,1327,0
20241219,190000,107,107.83,106.93,107.2,810,0
20241219,200000,107.26,107.71,107.15,107.24,553,0
20241219,210000,107.23,107.41,106.87,107.33,515,0
20241219,220000,107.38,107.38,107.03,107.24,719,0
20241219,230000,107.19,108.08,107.18,107.49,615,0
20241220,100000,107.56,108.06,107.23,107.26,2945,0
20241220,110000,107.2,108.33,107,107.74,1928,0
20241220,120000,107.8,108.61,107.4,108.27,1481,0
20241220,130000,108.3,112.7,106,111.8,11442,0
20241220,140000,111.81,114.99,111.62,112.68,6276,0
20241220,150000,112.68,114.09,111.84,113.97,5301,0
20241220,160000,113.98,116.35,113.98,114.49,4567,0
20241220,170000,114.66,115.34,114.57,115.22,1555,0
20241220,180000,115.2,116.52,115.2,115.83,3914,0
20241220,190000,115.82,116.02,115.2,115.73,1175,0
20241220,200000,115.73,116.27,115.01,115.5,3184,0
20241220,210000,115.53,115.89,115.29,115.44,801,0
20241220,220000,115.46,115.66,114.97,115.05,1573,0
20241220,230000,115.07,115.61,115.07,115.59,350,0
20241223,100000,116.47,118.76,116.47,118.55,6783,0
20241223,110000,118.58,119.33,117.38,117.84,6685,0
20241223,120000,117.87,117.95,116.75,117.52,3107,0
20241223,130000,117.52,118.53,117.17,118.25,1808,0
20241223,140000,118.24,118.98,117.63,117.86,1884,0
20241223,150000,117.89,119.34,117.82,119.33,1288,0
20241223,160000,119.35,120.99,119.01,120.33,3195,0
20241223,170000,120.33,121.01,119.86,120.02,1496,0
20241223,180000,120.02,120.2,119.5,119.56,1711,0
20241223,190000,119.76,120.02,119.17,119.27,1124,0
20241223,200000,119.28,119.57,119.09,119.29,1291,0
20241223,210000,119.27,119.7,119.26,119.34,271,0
20241223,220000,119.34,119.84,119.34,119.84,230,0
20241223,230000,119.78,120.33,119.78,119.78,503,0
20241224,100000,119.9,120.32,118.67,119.78,4975,0
20241224,110000,119.98,122.47,119.33,122.11,3502,0
20241224,120000,122.14,122.39,120.74,121.2,2220,0
20241224,130000,121.17,122.22,120.85,122.03,1112,0
20241224,140000,121.87,122.98,121.77,122.89,2168,0
20241224,150000,122.95,122.99,121.79,122.39,1390,0
20241224,160000,122.39,122.39,121.14,121.62,1765,0
20241224,170000,121.69,123.46,121.46,122.85,2428,0
20241224,180000,122.8,122.94,122.3,122.3,1235,0
20241224,190000,122.47,122.72,122.02,122.32,413,0
20241224,200000,122.3,122.47,122.11,122.47,562,0
20241224,210000,122.53,122.55,122.22,122.33,235,0
20241224,220000,122.37,122.43,122.23,122.23,637,0
20241224,230000,122.23,122.25,121.9,121.9,202,0
20241225,100000,122,122.87,121.33,122.29,1799,0
20241225,110000,122.23,124.6,122.15,124.57,5456,0
20241225,120000,124.55,125.4,124.07,124.61,6328,0
20241225,130000,124.56,125.5,124.56,125.47,6715,0
20241225,140000,125.47,125.74,124.86,125.65,6808,0
20241225,150000,125.57,126.9,125.37,126.73,9644,0
20241225,160000,126.74,128.41,126.7,127.88,14626,0
20241225,170000,127.91,127.93,126.4,127.19,5294,0
20241225,180000,127.11,127.36,125.91,126.7,3572,0
20241225,190000,126.69,129.04,126.69,127.04,3301,0
20241225,200000,127.04,127.74,127.01,127.24,699,0
20241225,210000,127.34,127.98,127.12,127.81,502,0
20241225,220000,127.85,128.37,127.7,128.22,366,0
20241225,230000,128.35,129.01,127.86,128.33,2140,0
20241226,100000,128.8,129.5,127.14,128.82,4824,0
20241226,110000,128.95,129.76,127.29,127.47,8893,0
20241226,120000,127.41,128.89,127.01,128.77,2681,0
20241226,130000,128.81,129.09,128.16,128.68,1236,0
20241226,140000,128.35,129.02,127.83,129,784,0
20241226,150000,129,129.41,128.56,128.75,3112,0
20241226,160000,128.88,129.01,128.27,128.51,732,0
20241226,170000,128.53,128.74,127.88,128.33,1129,0
20241226,180000,128.34,128.38,127.5,128.22,483,0
20241226,190000,128.19,128.68,127.86,128.27,1168,0
20241226,200000,128.27,128.27,127.4,127.4,1423,0
20241226,210000,127.42,127.53,126.01,126.4,1607,0
20241226,220000,126.58,127.09,126.29,126.79,1517,0
20241226,230000,126.87,127.1,126.5,126.97,577,0
20241227,100000,127,127.99,126.66,127.85,1548,0
20241227,110000,127.73,128.39,127.73,127.93,1576,0
20241227,120000,128.03,128.15,127.34,128.04,2040,0
20241227,130000,128.04,128.1,127.48,127.56,619,0
20241227,140000,127.58,127.78,127.01,127.6,694,0
20241227,150000,127.69,128.17,127.47,127.93,425,0
20241227,160000,127.92,128.17,127.4,127.57,350,0
20241227,170000,127.55,127.58,127.25,127.47,351,0
20241227,180000,127.39,127.87,126.08,127.47,1976,0
20241227,190000,127.54,127.85,127.2,127.51,965,0
20241227,200000,127.61,128.15,127.61,127.93,911,0
20241227,210000,127.93,127.96,127.77,127.95,497,0
20241227,220000,127.9,128,127.88,127.96,3838,0
20241227,230000,127.97,128,127.84,127.85,686,0
20241228,100000,127.84,130.11,127.73,129.5,4352,0
20241228,110000,129.5,129.94,129.26,129.8,2340,0
20241228,120000,129.79,130.06,129.54,129.74,2805,0
20241228,130000,129.74,129.86,129.24,129.54,403,0
20241228,140000,129.54,129.75,129.31,129.33,2041,0
20241228,150000,129.38,129.89,129.25,129.69,471,0
20241228,160000,129.7,129.8,128.43,128.92,1279,0
20241228,170000,128.93,129.29,128.47,129.16,872,0
20241228,180000,129.15,129.31,128.55,128.8,531,0
20241228,190000,128.83,129.51,128.8,128.82,540,0
20241228,200000,129,129.53,129,129.47,280,0
20241228,210000,129.51,129.57,129.25,129.4,121,0
20241228,220000,129.36,129.7,129.34,129.7,149,0
20241228,230000,129.65,130.07,129.38,129.9,1671,0
20241230,100000,129.88,133,129.88,131.91,5201,0
20241230,110000,131.91,132.11,131.43,131.97,2690,0
20241230,120000,131.94,132.4,131.55,131.55,913,0
20241230,130000,131.58,131.6,131,131.32,2051,0
20241230,140000,131.31,132.19,131.29,131.94,1528,0
20241230,150000,131.94,132.33,131.41,131.69,1748,0
20241230,160000,131.6,132,131.58,131.61,437,0
20241230,170000,131.65,132.21,131.65,131.87,524,0
20241230,180000,131.99,132.68,131.99,132.42,968,0
20241230,190000,132.43,132.63,132.12,132.29,1500,0
20241230,200000,132.39,132.42,132.33,132.42,129,0
20241230,210000,132.4,132.82,132.31,132.57,3087,0
20241230,220000,132.6,133.31,132.48,133.28,510,0
20241230,230000,133.24,133.65,133.1,133.26,404,0
20250103,100000,133.21,133.21,128.77,129,8170,0
20250103,110000,129,129.98,128,129.52,5388,0
20250103,120000,129.51,129.65,128.64,128.94,1200,0
20250103,130000,128.94,129.21,128.51,128.91,1221,0
20250103,140000,128.9,129.4,128.5,129.01,970,0
20250103,150000,129,129.5,128.83,128.97,317,0
20250103,160000,128.87,129.29,128.74,129.04,371,0
20250103,170000,129.06,129.43,128.94,128.94,117,0
20250103,180000,128.86,129.1,128.51,128.51,185,0
20250103,190000,128.51,129.9,127.1,128.81,600,0
20250103,200000,128.83,129,128.79,128.89,32,0
20250103,210000,128.84,128.93,128.79,128.9,41,0
20250103,220000,128.91,128.91,128.78,128.83,34,0
20250103,230000,128.83,128.98,128.78,128.98,261,0
20250106,100000,128.7,128.98,126.29,127.59,4264,0
20250106,110000,127.58,128.47,127.42,128.28,2828,0
20250106,120000,128.26,128.37,127.7,127.7,692,0
20250106,130000,127.7,128.14,127.7,127.89,323,0
20250106,140000,127.96,128.27,127.68,128.14,840,0
20250106,150000,128.03,128.44,128.03,128.21,226,0
20250106,160000,128.11,128.27,127.85,128.17,654,0
20250106,170000,128.25,128.43,128.09,128.25,115,0
20250106,180000,128.22,128.48,127.99,128.48,376,0
20250106,190000,128.01,128.22,127.95,127.95,70,0
20250106,200000,127.99,127.99,127.73,127.89,242,0
20250106,210000,127.87,127.99,127.87,127.9,22,0
20250106,220000,127.86,128.23,127.86,128.23,428,0
20250106,230000,128.2,128.58,128.1,128.49,186,0
20250108,100000,128,129.9,128,129,1538,0
20250108,110000,129,129.8,128.95,129.5,2758,0
20250108,120000,129.55,129.58,129,129.34,252,0
20250108,130000,129.38,129.4,129.09,129.4,359,0
20250108,140000,129.33,129.63,129.32,129.51,535,0
20250108,150000,129.55,129.79,129.32,129.52,316,0
20250108,160000,129.59,129.71,129.45,129.67,524,0
20250108,170000,129.72,129.92,129.59,129.75,1558,0
20250108,180000,129.77,129.77,129.37,129.75,223,0
20250108,190000,129.71,129.77,129.6,129.71,147,0
20250108,200000,129.74,129.77,129.69,129.75,31,0
20250108,210000,129.69,129.69,129.52,129.58,63,0
20250108,220000,129.6,129.69,129.3,129.58,1026,0
20250108,230000,129.58,129.76,129.53,129.6,299,0
20250109,100000,129.55,129.67,127.88,127.88,5203,0
20250109,110000,127.89,128.16,127.06,127.64,2627,0
20250109,120000,127.64,127.64,126.2,126.53,3394,0
20250109,130000,126.42,127.13,126.21,126.63,1811,0
20250109,140000,126.63,126.63,125,125.15,2457,0
20250109,150000,125.17,125.6,124.54,124.81,4482,0
20250109,160000,124.94,125.98,124.6,125.7,3861,0
20250109,170000,125.74,125.98,124.89,124.98,1093,0
20250109,180000,124.98,125,124.4,124.42,1119,0
20250109,190000,124.4,124.87,124.4,124.75,679,0
20250109,200000,124.75,124.75,123.85,124.09,1074,0
20250109,210000,124,124.25,123.65,124.04,709,0
20250109,220000,124.11,124.4,124.11,124.27,169,0
20250109,230000,124.35,124.57,124.17,124.17,141,0
20250110,100000,124.2,125.98,124.2,124.93,3344,0
20250110,110000,124.86,125.07,122.64,123.64,3739,0
20250110,120000,123.68,123.78,121.56,121.72,2624,0
20250110,130000,121.86,125.47,121.69,125.4,6887,0
20250110,140000,125.22,126.41,124.63,125.12,6570,0
20250110,150000,125.18,126.4,125.17,125.43,2250,0
20250110,160000,125.41,126.18,124.72,125.68,728,0
20250110,170000,125.75,127.25,125.18,127.19,1799,0
20250110,180000,127.17,127.42,124.72,126.3,2256,0
20250110,190000,126.23,126.88,125.89,126.19,1028,0
20250110,200000,126.09,126.4,126.02,126.11,133,0
20250110,210000,126.12,126.93,126.12,126.8,528,0
20250110,220000,126.8,126.85,126.61,126.84,159,0
20250110,230000,126.9,126.96,126.54,126.81,258,0
20250113,100000,127.33,129.91,127.33,129.05,6802,0
20250113,110000,129.03,130.88,128.43,130.09,5812,0
20250113,120000,130.09,130.91,129.64,130.38,6884,0
20250113,130000,130.21,130.42,129.51,129.67,1571,0
20250113,140000,129.8,130.19,129.03,129.31,2354,0
20250113,150000,129.25,130.39,129,130.22,3166,0
20250113,160000,130.18,130.61,130.09,130.46,1254,0
20250113,170000,130.42,132.74,130.38,132.01,4248,0
20250113,180000,132.15,132.27,131.78,132.18,2073,0
20250113,190000,132.15,132.21,131.27,131.27,1561,0
20250113,200000,131.29,131.6,131.01,131.16,1139,0
20250113,210000,131.12,131.21,130.54,130.54,819,0
20250113,220000,130.65,131.67,130.61,131.61,649,0
20250113,230000,131.62,131.88,131.33,131.74,779,0
20250114,100000,131.35,131.64,130.1,130.73,4532,0
20250114,110000,130.73,134.76,130.41,134.04,7912,0
20250114,120000,134.14,134.33,133.01,133.71,5989,0
20250114,130000,133.73,134.96,133.68,134.35,5717,0
20250114,140000,134.22,134.64,133.8,133.93,2549,0
20250114,150000,134.04,134.23,133.59,134.17,1499,0
20250114,160000,134.17,134.64,133.83,134.07,1487,0
20250114,170000,134.07,134.07,132.84,133.63,1205,0
20250114,180000,133.68,134.01,133.01,133.09,983,0
20250114,190000,133.08,133.18,132.27,132.84,1314,0
20250114,200000,132.81,133.36,132.81,133.02,752,0
20250114,210000,133,133.58,132.93,133.48,430,0
20250114,220000,133.43,133.57,133.21,133.3,202,0
20250114,230000,133.32,133.53,133.2,133.2,156,0
20250115,100000,133.24,134.5,132.68,133.05,5800,0
20250115,110000,133.25,133.53,132.87,133.27,1061,0
20250115,120000,133.21,133.74,131.97,132.26,1814,0
20250115,130000,132.2,132.88,132.09,132.49,832,0
20250115,140000,132.49,132.99,132.18,132.87,606,0
20250115,150000,132.8,133.72,132.44,133.32,947,0
20250115,160000,133.27,133.27,132.82,132.95,344,0
20250115,170000,133.02,133.04,132.39,132.8,1486,0
20250115,180000,132.84,132.96,132.54,132.82,302,0
20250115,190000,132.91,136,132.91,135.04,9259,0
20250115,200000,135,135.47,134.6,134.63,826,0
20250115,210000,134.61,135.82,134.45,135.59,918,0
20250115,220000,135.59,136.12,135.5,135.99,1766,0
20250115,230000,135.99,136.76,135.99,136.55,2307,0
20250116,100000,136.6,136.93,135.39,136.12,4553,0
20250116,110000,136.1,136.61,135.73,136.48,1254,0
20250116,120000,136.48,137.71,136.48,136.71,4128,0
20250116,130000,136.74,136.9,136.51,136.85,871,0
20250116,140000,136.86,137.62,136.85,137.4,2343,0
20250116,150000,137.4,137.56,137,137.19,1210,0
20250116,160000,137.09,137.09,134.26,135.67,8875,0
20250116,170000,135.67,136.5,135.13,136.46,2523,0
20250116,180000,136.34,136.35,135.8,136.15,1568,0
20250116,190000,136.02,136.4,135.65,135.82,477,0
20250116,200000,135.8,135.82,135.17,135.27,509,0
20250116,210000,135.27,135.7,135.16,135.32,378,0
20250116,220000,135.56,135.91,135.54,135.75,131,0
20250116,230000,135.89,135.9,135.52,135.56,123,0
20250117,100000,135.43,135.99,134.91,135.94,3611,0
20250117,110000,135.94,137.23,135.93,136.61,5651,0
20250117,120000,136.74,137,136.41,136.86,1103,0
20250117,130000,136.79,138.17,136.57,137.43,4526,0
20250117,140000,137.49,137.78,137.12,137.5,1821,0
20250117,150000,137.5,137.8,137.01,137.6,4306,0
20250117,160000,137.64,139.25,137.6,139.18,3184,0
20250117,170000,139.16,139.2,138.56,138.64,2829,0
20250117,180000,138.64,138.73,138.38,138.66,769,0
20250117,190000,138.69,139.4,138.69,138.9,1309,0
20250117,200000,138.9,139.06,138.49,138.6,543,0
20250117,210000,138.64,138.96,138.49,138.84,450,0
20250117,220000,138.84,139.12,138.84,139.05,376,0
20250117,230000,139.08,139.19,138.85,139.14,596,0
20250120,100000,140.07,141.02,139.9,140.38,6519,0
20250120,110000,140.41,140.41,139.21,139.91,2539,0
20250120,120000,139.91,139.94,137.9,138.13,2143,0
20250120,130000,138.1,138.88,136.81,138.48,2533,0
20250120,140000,138.22,139.23,137.95,138.99,823,0
20250120,150000,138.92,139.87,138.07,138.84,2706,0
20250120,160000,139.04,139.78,139,139.13,1158,0
20250120,170000,139.08,139.33,138.19,138.2,2193,0
20250120,180000,138.21,138.49,137.58,137.99,1439,0
20250120,190000,137.99,138.65,137.34,137.99,629,0
20250120,200000,138.08,139.49,137.79,137.8,1792,0
20250120,210000,137.8,138.06,136.81,137.58,1810,0
20250120,220000,137.66,137.76,137.05,137.17,275,0
20250120,230000,137.15,137.32,136.72,137.19,558,0
20250121,100000,137.26,138.93,137.16,138.43,3641,0
20250121,110000,138.57,138.6,137.5,137.57,1055,0
20250121,120000,137.54,137.85,136.9,136.94,2079,0
20250121,130000,136.94,137.54,136.71,137.31,2224,0
20250121,140000,137.18,138.9,135.49,135.7,5173,0
20250121,150000,135.59,136.26,135.55,135.69,2590,0
20250121,160000,135.73,136.25,135.4,135.92,2059,0
20250121,170000,136.02,137.44,135.79,137.28,966,0
20250121,180000,137.44,137.78,136.93,137.62,1025,0
20250121,190000,137.45,137.69,137.17,137.43,830,0
20250121,200000,137.43,137.88,137.43,137.8,141,0
20250121,210000,137.77,137.81,137.64,137.64,67,0
20250121,220000,137.59,138,137.59,137.98,329,0
20250121,230000,138.1,138.38,138.1,138.37,200,0
20250122,100000,138.2,138.28,136.57,137,1951,0
20250122,110000,136.91,137.99,136.91,137.99,2097,0
20250122,120000,137.99,138.48,137.45,138.26,1504,0
20250122,130000,138.25,138.69,137.52,138.1,2646,0
20250122,140000,138.15,139.31,138.12,138.99,1598,0
20250122,150000,139,139.11,138.09,138.13,469,0
20250122,160000,138.25,138.5,137.75,137.88,1246,0
20250122,170000,138.12,138.83,138.11,138.33,1129,0
20250122,180000,138.3,138.96,138.28,138.8,734,0
20250122,190000,139.09,139.74,137.05,137.2,2436,0
20250122,200000,137.17,137.49,136.17,137.32,1408,0
20250122,210000,137.44,137.45,137.01,137.45,436,0
20250122,220000,137.43,137.62,137.23,137.23,129,0
20250122,230000,137.23,137.24,136.8,137.06,595,0
20250123,100000,136.68,137.2,136,137.14,1368,0
20250123,110000,137.11,137.39,136.1,136.66,774,0
20250123,120000,136.58,136.64,135.71,136.02,2141,0
20250123,130000,136.01,137.02,135.92,136.78,776,0
20250123,140000,136.86,137.8,136.45,137.53,2135,0
20250123,150000,137.56,137.57,136.9,137.1,417,0
20250123,160000,136.92,137.56,136.78,137.34,1948,0
20250123,170000,137.44,137.54,136.87,137.08,788,0
20250123,180000,137.17,137.2,136.54,136.66,288,0
20250123,190000,136.55,136.89,135.82,136.73,2666,0
20250123,200000,136.7,138.27,136.7,137.4,1242,0
20250123,210000,137.36,137.48,137.04,137.22,400,0
20250123,220000,137.23,137.38,137.1,137.15,257,0
20250123,230000,137.15,138.2,137.11,137.96,558,0
20250124,100000,138.21,139.05,137.76,138.23,4610,0
20250124,110000,138.24,138.54,138.02,138.29,2047,0
20250124,120000,138.29,139,137.87,138.66,1153,0
20250124,130000,138.8,139.05,138.49,138.59,1009,0
20250124,140000,138.48,139.43,138.46,139.32,592,0
20250124,150000,139.38,139.48,138.96,139.08,1886,0
20250124,160000,139.09,139.22,137.94,138.21,2370,0
20250124,170000,138.19,138.62,137.37,138.23,3561,0
20250124,180000,138.17,138.57,138.12,138.29,1123,0
20250124,190000,138.05,138.48,138,138.31,1308,0
20250124,200000,138.33,138.74,138.32,138.52,350,0
20250124,210000,138.41,138.45,138.04,138.45,728,0
20250124,220000,138.45,138.55,138.27,138.45,2032,0
20250124,230000,138.48,138.68,138.28,138.55,445,0
20250127,090000,138.56,138.56,137.65,137.91,783,0
20250127,100000,137.91,138,137.39,137.69,1498,0
20250127,110000,137.64,137.64,136.5,136.5,2704,0
20250127,120000,136.52,137.18,136.25,137.03,2165,0
20250127,130000,136.92,137.39,136.6,137.22,1341,0
20250127,140000,137.07,137.15,136.66,136.74,1953,0
20250127,150000,136.74,137.35,136.63,137.16,926,0
20250127,160000,137.24,137.24,136.38,136.38,2850,0
20250127,170000,136.34,136.7,135.57,135.99,2924,0
20250127,180000,135.99,136.36,135.76,135.89,905,0
20250127,190000,135.8,135.8,135.06,135.47,1045,0
20250127,200000,135.48,135.6,135.07,135.39,484,0
20250127,210000,135.3,135.3,134.18,134.33,2312,0
20250127,220000,134.3,134.9,134.18,134.76,447,0
20250127,230000,134.74,134.88,134.31,134.47,468,0
20250128,090000,134.34,135.24,134.31,134.57,682,0
20250128,100000,134.58,134.79,133.5,134.16,2571,0
20250128,110000,134.27,134.96,133.81,133.84,782,0
20250128,120000,133.82,133.82,133.07,133.7,1058,0
20250128,130000,133.83,134.38,133.61,133.94,1737,0
20250128,140000,134.03,135.83,133.96,135.19,2025,0
20250128,150000,135.23,138.88,134.68,138.05,5664,0
20250128,160000,138.05,138.82,137,137.48,5727,0
20250128,170000,137.45,137.75,136.67,137.75,2816,0
20250128,180000,137.79,138.08,137.47,137.47,1128,0
20250128,190000,137.58,137.94,137.44,137.81,283,0
20250128,200000,137.78,137.94,137.47,137.6,284,0
20250128,210000,137.56,137.79,137.53,137.71,398,0
20250128,220000,137.71,137.91,137.68,137.77,337,0
20250128,230000,137.83,138.04,137.8,137.92,277,0
20250129,090000,138.12,138.29,137.58,137.83,1049,0
20250129,100000,137.81,138.23,137.11,137.43,2181,0
20250129,110000,137.66,138.17,137.6,137.93,1985,0
20250129,120000,137.8,138.15,137.5,137.93,1437,0
20250129,130000,137.98,138.2,137.22,137.76,4630,0
20250129,140000,137.66,137.85,137.01,137.16,943,0
20250129,150000,137.05,137.49,136.88,137.02,645,0
20250129,160000,137,137.27,136.7,136.72,333,0
20250129,170000,136.7,137.5,136.23,137.38,3119,0
20250129,180000,137.25,137.56,137.08,137.28,347,0
20250129,190000,137.42,137.48,136.55,136.97,325,0
20250129,200000,137,137.37,136.98,137.33,402,0
20250129,210000,137.31,137.98,137.05,137.41,1882,0
20250129,220000,137.44,137.59,137.25,137.39,1674,0
20250129,230000,137.38,137.41,137.12,137.33,304,0
20250130,090000,137.34,138.3,137.34,138.11,1682,0
20250130,100000,138.1,138.18,137.45,137.78,2205,0
20250130,110000,137.92,138.57,137.91,138.06,5116,0
20250130,120000,138.13,138.42,137.6,138,655,0
20250130,130000,137.87,138.34,137.67,138.15,220,0
20250130,140000,138.12,139,138.02,138.61,5355,0
20250130,150000,138.65,139.31,138.62,138.94,2471,0
20250130,160000,138.98,139.21,138.84,138.91,1768,0
20250130,170000,138.88,139.61,138.73,139.61,2224,0
20250130,180000,139.6,140.48,139.55,140.06,2967,0
20250130,190000,139.62,140.29,139.62,140.24,504,0
20250130,200000,140.1,140.99,139.86,140.46,1255,0
20250130,210000,140.49,140.88,140.3,140.74,239,0
20250130,220000,140.76,140.81,140.46,140.67,265,0
20250130,230000,140.67,140.88,140.57,140.88,588,0
20250131,090000,141.6,142.43,141.21,142.19,3101,0
20250131,100000,142.21,143.6,141.89,143.15,6255,0
20250131,110000,143.15,144.33,142.71,142.71,7801,0
20250131,120000,142.71,143.29,142.33,143,1630,0
20250131,130000,142.98,142.98,142.2,142.47,1291,0
20250131,140000,142.48,143.33,142.3,142.97,550,0
20250131,150000,142.9,143.09,141.3,141.31,2062,0
20250131,160000,141.34,141.97,141.09,141.51,2782,0
20250131,170000,141.39,141.77,140.16,140.61,2317,0
20250131,180000,140.61,140.65,139.73,140.23,2368,0
20250131,190000,140.18,141.49,140.18,141.46,702,0
20250131,200000,141.5,141.54,140.75,140.8,334,0
20250131,210000,140.71,141.19,140.67,141.17,213,0
20250131,220000,141.19,141.4,140.84,140.92,368,0
20250131,230000,140.93,141.09,140.84,140.94,468,0
20250203,090000,140.05,140.85,140.05,140.1,1116,0
20250203,100000,140.1,141.8,139.88,141.7,3520,0
20250203,110000,141.79,142.3,140.92,141.43,2562,0
20250203,120000,141.4,141.4,140.5,141.29,1592,0
20250203,130000,141.23,141.98,140.88,141.63,673,0
20250203,140000,141.56,141.62,140.87,141.43,453,0
20250203,150000,141.04,141.27,139.36,140.06,3282,0
20250203,160000,140.08,140.6,139.81,140.5,935,0
20250203,170000,140.51,140.6,139.93,140,492,0
20250203,180000,140,140,138.69,139.38,3211,0
20250203,190000,139.14,140.18,139.14,140.13,741,0
20250203,200000,140.1,140.6,139.71,140.6,840,0
20250203,210000,140.51,140.61,140.2,140.31,634,0
20250203,220000,140.38,140.9,140.36,140.9,194,0
20250203,230000,140.96,141.1,139.85,139.85,352,0
20250204,090000,139.99,140.55,139.77,140.33,404,0
20250204,100000,140.3,140.43,139.65,140.02,738,0
20250204,110000,140.05,140.06,139.12,139.25,853,0
20250204,120000,139.31,139.52,138.86,138.94,475,0
20250204,130000,138.9,139.26,138.41,138.41,1310,0
20250204,140000,138.4,138.7,138.01,138.33,1883,0
20250204,150000,138.26,138.3,137.8,138.2,1862,0
20250204,160000,138.18,138.24,137.59,137.82,1286,0
20250204,170000,137.77,138.48,137.5,138.05,900,0
20250204,180000,137.91,138.38,137.64,138.03,544,0
20250204,190000,138.06,138.16,137.76,138.1,348,0
20250204,200000,138.03,138.03,137.66,137.82,138,0
20250204,210000,137.82,137.86,136.79,136.79,1889,0
20250204,220000,136.91,137.4,136.91,137,300,0
20250204,230000,137.05,137.11,136.72,137.02,2329,0
20250205,090000,136.73,137.29,136.14,137.29,1551,0
20250205,100000,137.26,138.8,136.94,137.83,2881,0
20250205,110000,137.95,138.68,137.15,137.48,3279,0
20250205,120000,137.52,139.19,137.28,138.7,2591,0
20250205,130000,138.7,138.73,137.52,137.79,2477,0
20250205,140000,137.6,138.16,137.42,137.82,717,0
20250205,150000,137.89,138.4,137.63,137.68,592,0
20250205,160000,137.7,137.97,137.5,137.74,1704,0
20250205,170000,137.74,139.41,137.69,138.94,1519,0
20250205,180000,139.13,139.4,138.77,139.09,721,0
20250205,190000,139.19,140.36,139.19,140.15,1793,0
20250205,200000,140.12,140.16,139.67,139.7,554,0
20250205,210000,139.7,139.96,139.44,139.95,299,0
20250205,220000,139.96,140.73,139.91,140.37,1701,0
20250205,230000,140.37,140.82,140.37,140.82,287,0
20250206,090000,140.2,140.73,140.2,140.64,979,0
20250206,100000,140.61,141,139.93,140.38,3072,0
20250206,110000,140.4,140.77,139.59,139.75,4817,0
20250206,120000,139.98,140.64,139.95,140.08,751,0
20250206,130000,140.09,140.16,139.19,139.54,4481,0
20250206,140000,139.54,140.47,139.37,140.37,832,0
20250206,150000,140.26,142.02,140.08,141.5,8917,0
20250206,160000,141.5,142.11,141.13,142.08,2469,0
20250206,170000,142.21,143.63,142.21,142.64,6272,0
20250206,180000,142.68,142.89,141.84,142.29,1423,0
20250206,190000,142.08,142.69,142.01,142.26,796,0
20250206,200000,142.26,142.33,141.86,142.27,465,0
20250206,210000,142.25,142.32,142.18,142.25,55,0
20250206,220000,142.27,142.66,142.2,142.21,507,0
20250206,230000,142.29,142.32,142.17,142.28,218,0
20250207,090000,142.9,142.99,142.32,142.78,633,0
20250207,100000,142.7,142.91,141.88,142.83,1846,0
20250207,110000,142.83,143.1,142.31,142.39,1748,0
20250207,120000,142.33,142.44,142.01,142.18,900,0
20250207,130000,142.32,142.78,142.1,142.5,1252,0
20250207,140000,142.37,142.37,141.15,141.56,10964,0
20250207,150000,141.55,142.15,141.48,141.6,363,0
20250207,160000,141.62,142.59,141.31,142.1,1852,0
20250207,170000,142.1,142.1,141.65,141.87,334,0
20250207,180000,141.82,142.5,141.6,142.37,697,0
20250207,190000,141.88,142.24,141.88,141.94,199,0
20250207,200000,141.96,142.39,141.92,142.16,335,0
20250207,210000,142.09,142.4,142.09,142.16,344,0
20250207,220000,142.32,142.42,142.15,142.42,1381,0
20250207,230000,142.35,142.43,142.23,142.26,247,0
20250210,090000,142.99,143.73,142.7,143.71,2317,0
20250210,100000,143.69,143.94,143.3,143.5,1815,0
20250210,110000,143.5,143.51,142.75,142.75,818,0
20250210,120000,142.69,143.12,142.67,143.11,549,0
20250210,130000,143.12,143.33,142.89,143.23,882,0
20250210,140000,143.24,144.6,143.08,144.54,4293,0
20250210,150000,144.51,144.76,143.82,144.12,8556,0
20250210,160000,144.15,144.59,144.11,144.32,2057,0
20250210,170000,144.36,144.68,144.27,144.38,333,0
20250210,180000,144.5,144.52,144.09,144.45,451,0
20250210,190000,144.2,144.64,144.2,144.42,185,0
20250210,200000,144.35,144.49,144.27,144.41,150,0
20250210,210000,144.46,144.75,144.46,144.62,211,0
20250210,220000,144.58,144.74,142.31,142.63,4358,0
20250210,230000,142.5,142.86,141,142.72,2770,0
20250211,090000,142.99,143.5,142,143.27,2980,0
20250211,100000,143.28,143.38,142.62,143.16,2854,0
20250211,110000,143.16,143.22,141.01,141.92,4263,0
20250211,120000,141.86,142.69,141.81,142.67,2027,0
20250211,130000,142.64,143.27,142.48,142.96,1369,0
20250211,140000,142.94,143.07,141.88,142.13,2008,0
20250211,150000,142.1,142.66,142.03,142.22,1182,0
20250211,160000,142.27,142.99,142.13,142.86,1407,0
20250211,170000,142.88,142.94,142.5,142.87,407,0
20250211,180000,142.89,142.89,142.36,142.66,416,0
20250211,190000,142.69,142.85,142.5,142.64,298,0
20250211,200000,142.63,142.63,142.28,142.63,157,0
20250211,210000,142.63,142.99,142.42,142.99,282,0
20250211,220000,142.94,143.33,142.82,143.22,355,0
20250211,230000,143.25,143.5,143,143,482,0
20250212,090000,143.39,144.39,143.39,144.28,922,0
20250212,100000,144.3,144.99,143.88,144.61,2412,0
20250212,110000,144.59,146.08,144.33,145.96,6609,0
20250212,120000,145.97,147.36,145.89,146.12,6641,0
20250212,130000,146.13,146.79,146.02,146.61,2845,0
20250212,140000,146.55,148.33,146.39,146.44,8081,0
20250212,150000,146.54,146.94,145.83,146.03,2487,0
20250212,160000,146.15,147.25,145.9,147.05,2612,0
20250212,170000,147.03,147.21,145.89,146.11,4418,0
20250212,180000,146.11,146.89,146.11,146.68,695,0
20250212,190000,146.11,149.62,146.01,149.51,4752,0
20250212,200000,149.63,158.7,149.59,158.02,20219,0
20250212,210000,158.04,158.96,155.04,157.54,11565,0
20250212,220000,157.74,158.96,157.74,158.96,1863,0
20250212,230000,158.96,158.96,158.95,158.96,1285,0
20250213,090000,158.96,158.96,156.05,158.96,15445,0
20250213,100000,158.96,163.98,157.32,160.02,19371,0
20250213,110000,160.05,165.1,159.26,164.9,4920,0
20250213,120000,164.9,169.9,163.98,169.74,9255,0
20250213,130000,169.71,176.88,165.31,165.49,16832,0
20250213,140000,165.49,166.82,163.2,163.34,5319,0
20250213,150000,163.21,167.7,163,166.67,4731,0
20250213,160000,166.68,167.94,165.6,166,4797,0
20250213,170000,166.03,169,165.76,168.12,4859,0
20250213,180000,168.19,169.78,165.6,167.77,3403,0
20250213,190000,167.61,167.87,164.37,166.31,2487,0
20250213,200000,166.45,166.96,165.89,166.93,604,0
20250213,210000,166.88,166.93,166,166,250,0
20250213,220000,166.05,168.24,166,168.24,764,0
20250213,230000,168.21,170.5,167.69,170.5,1074,0
20250214,090000,170.85,174.34,170.31,172.54,7734,0
20250214,100000,172.59,173.11,170.52,172.39,5089,0
20250214,110000,172.37,173.9,171.75,172.35,3156,0
20250214,120000,171.87,172.47,169.7,172.18,5832,0
20250214,130000,172.03,173,166.74,167.45,12449,0
20250214,140000,167.45,170.53,167.11,169.98,2572,0
20250214,150000,169.8,171.75,168.63,168.65,1531,0
20250214,160000,168.65,168.73,163.45,164.89,7927,0
20250214,170000,164.81,167.16,163.69,165.33,3144,0
20250214,180000,165.3,166.79,164.7,166.39,1081,0
20250214,190000,166.39,169.29,165.97,167.61,1231,0
20250214,200000,167.61,167.98,166.22,166.32,396,0
20250214,210000,166.44,167.32,166.44,167.2,242,0
20250214,220000,167.2,167.64,167.02,167.33,496,0
20250214,230000,167.45,168.51,167.44,168.4,628,0
20250217,090000,172.22,174.89,172.13,174.24,3390,0
20250217,100000,174.27,174.46,172.11,172.93,3405,0
20250217,110000,172.91,173.19,171.4,172.25,2060,0
20250217,120000,172.22,173.67,171.96,173.27,2186,0
20250217,130000,173.23,174.2,172.85,173.39,1504,0
20250217,140000,173.29,173.38,172.8,173.11,865,0
20250217,150000,173.06,174.46,172.88,174.07,1490,0
20250217,160000,174.1,174.34,172.91,173.82,2861,0
20250217,170000,173.79,174.7,173.3,174.32,2776,0
20250217,180000,174.43,176.99,173.86,176.18,5438,0
20250217,190000,176,176.97,174.94,175.05,1321,0
20250217,200000,175.05,176.29,174.58,176.25,1044,0
20250217,210000,176.15,176.97,175.34,176.55,1494,0
20250217,220000,176.55,180.37,176.41,179.4,3611,0
20250217,230000,179.35,182.49,179.35,181.5,2564,0
20250218,090000,180.2,180.26,177.22,177.78,3542,0
20250218,100000,177.76,179.2,175.6,178.16,9578,0
20250218,110000,178.16,178.24,173.19,174.03,5090,0
20250218,120000,174,176.64,173.53,175.61,2825,0
20250218,130000,175.61,176.65,175,175.46,1571,0
20250218,140000,175.75,179,174.57,178.72,2696,0
20250218,150000,178.73,179.68,171.5,173.61,7564,0
20250218,160000,173.43,175.72,172.6,173.86,3101,0
20250218,170000,173.87,174.98,173.36,173.52,1844,0
20250218,180000,173.44,175,172.71,173.89,2101,0
20250218,190000,173.61,174.29,173.07,174.14,1803,0
20250218,200000,174.2,174.24,172.98,173,930,0
20250218,210000,172.98,173,169.35,170.9,2710,0
20250218,220000,170.81,171.11,169.72,170.41,1810,0
20250218,230000,170.45,171.69,170.45,171.34,343,0
20250219,090000,171.55,172.99,170.18,172.31,1250,0
20250219,100000,172.55,172.69,171.2,171.28,2138,0
20250219,110000,171.3,171.46,169.34,169.94,3483,0
20250219,120000,169.7,170.91,169.7,170,1018,0
20250219,130000,170.11,171.84,169.43,171.18,1362,0
20250219,140000,171.1,172.2,171.01,171.7,777,0
20250219,150000,171.7,172.34,171.29,172.01,2288,0
20250219,160000,172.1,172.86,171.89,172.34,1539,0
20250219,170000,172.53,173.69,171.8,173.47,1203,0
20250219,180000,173.59,173.76,172.8,173.33,816,0
20250219,190000,173.41,176.1,172.75,175.67,2977,0
20250219,200000,175.6,177.9,175.43,177.35,3102,0
20250219,210000,177.49,178.19,176.57,176.83,1056,0
20250219,220000,176.8,177.07,175.72,175.91,868,0
20250219,230000,176.01,176.63,175.62,176.35,469,0
20250220,090000,176.08,176.86,174.8,175.32,1782,0
20250220,100000,175.1,175.5,174.2,174.47,1209,0
20250220,110000,174.35,174.58,173.5,173.98,1325,0
20250220,120000,173.95,175.25,173.17,175.25,1501,0
20250220,130000,175.28,175.37,174.37,174.61,690,0
20250220,140000,174.59,175.22,174.03,175.07,1161,0
20250220,150000,174.91,175.73,174.49,175.34,1326,0
20250220,160000,175.34,175.65,174.99,175.27,2098,0
20250220,170000,175.27,175.35,174.49,174.9,766,0
20250220,180000,174.9,174.91,172.47,173.12,1194,0
20250220,190000,173.03,173.92,172.8,173.68,1229,0
20250220,200000,173.51,173.83,172.71,173.79,533,0
20250220,210000,173.77,174,173.32,174,175,0
20250220,220000,174,174.18,173.86,173.96,245,0
20250220,230000,173.84,173.94,173.3,173.33,417,0
20250221,090000,173.39,174.38,173.29,174.37,404,0
20250221,100000,174.31,174.64,173.59,174.22,2939,0
20250221,110000,174.36,174.59,173.67,174.08,812,0
20250221,120000,174.08,174.37,172.83,172.91,772,0
20250221,130000,172.9,173.17,170.5,170.72,2661,0
20250221,140000,170.72,171,168.48,170.64,4717,0
20250221,150000,170.37,170.5,168.72,168.76,1758,0
20250221,160000,168.75,170.04,168,169.36,2505,0
20250221,170000,169.25,170.54,169.07,170.4,1032,0
20250221,180000,169.92,170.77,169.88,170.7,1128,0
20250221,190000,170.97,171.26,169.58,170.25,2282,0
20250221,200000,170.19,170.59,169.4,170.29,490,0
20250221,210000,170.31,170.84,170.2,170.25,1096,0
20250221,220000,170.31,170.83,170.31,170.83,451,0
20250221,230000,170.72,172,170.55,171.41,2054,0
20250224,090000,171.62,172.34,171.21,171.94,1040,0
20250224,100000,171.92,172.75,170.08,170.38,2404,0
20250224,110000,170.36,171.41,170.21,170.44,1566,0
20250224,120000,170.55,171.09,169.75,170.79,4289,0
20250224,130000,170.61,171.02,170.1,170.33,3926,0
20250224,140000,170.38,171.03,170.38,170.4,1375,0
20250224,150000,170.4,170.74,169.95,170.28,1026,0
20250224,160000,170.33,170.89,169.56,170.89,1164,0
20250224,170000,170.75,172.3,170.58,171.73,1060,0
20250224,180000,171.59,174.51,171.42,172.82,1570,0
20250224,190000,172.62,172.68,171.35,171.72,1157,0
20250224,200000,171.74,176.16,171.72,175.84,3823,0
20250224,210000,175.84,176.4,174.76,175.81,1998,0
20250224,220000,175.7,176.07,175.14,175.83,771,0
20250224,230000,175.76,177.7,175.51,177.7,1477,0
20250225,090000,177.5,179.99,177,178.8,2632,0
20250225,100000,178.81,179.11,176.9,177.72,1625,0
20250225,110000,177.7,179.11,176.51,176.51,1391,0
20250225,120000,176.51,177.41,176.26,177.15,695,0
20250225,130000,177.1,177.46,175.94,176.3,555,0
20250225,140000,176.47,177.64,176.47,177.64,651,0
20250225,150000,177.64,178.27,177.03,177.1,864,0
20250225,160000,177.06,177.64,177.06,177.33,1223,0
20250225,170000,177.33,177.41,176.81,177.32,535,0
20250225,180000,177.31,177.31,174.1,174.68,3233,0
20250225,190000,174.71,175.78,174.71,175.22,959,0
20250225,200000,175.2,175.52,174.77,175.1,236,0
20250225,210000,175.14,175.85,175.09,175.7,573,0
20250225,220000,175.68,176.52,175.68,176.24,455,0
20250225,230000,176.13,176.23,175.1,175.35,311,0
20250226,090000,175.08,175.4,173.82,174.28,909,0
20250226,100000,174.17,174.3,173.04,174.2,1949,0
20250226,110000,174.3,174.47,173.23,173.42,791,0
20250226,120000,173.38,173.92,172.57,173.32,1141,0
20250226,130000,173.32,173.68,170.36,170.71,3136,0
20250226,140000,170.91,172.21,170.17,171.47,2354,0
20250226,150000,171.36,171.64,169.92,170.66,2665,0
20250226,160000,170.51,171.98,169.72,171.98,2486,0
20250226,170000,171.98,172.2,170.7,171.81,1343,0
20250226,180000,171.87,172.01,170.35,171.43,1139,0
20250226,190000,171,171.11,169.52,170.32,1982,0
20250226,200000,170.31,171.35,169.16,169.64,1462,0
20250226,210000,169.67,170,169.2,169.36,1291,0
20250226,220000,169.35,169.99,169.2,169.55,383,0
20250226,230000,169.55,169.76,169.21,169.65,379,0
20250227,090000,168.86,171,168.5,170.2,1574,0
20250227,100000,170.2,172.14,170,171.24,8374,0
20250227,110000,171.16,171.34,169.42,170.31,3017,0
20250227,120000,170.48,171.36,169.19,169.76,4248,0
20250227,130000,169.32,170.75,168.64,170.48,2609,0
20250227,140000,170.23,170.23,169.17,169.5,731,0
20250227,150000,169.35,172,169.32,170.94,1280,0
20250227,160000,170.79,172.58,169.94,170.49,2179,0
20250227,170000,170.42,170.99,170.03,170.99,807,0
20250227,180000,170.96,171.26,170.02,170.57,391,0
20250227,190000,170.31,170.31,168.7,169.73,1467,0
20250227,200000,169.73,170,167.84,168.13,955,0
20250227,210000,168.21,168.87,167.65,168.59,1059,0
20250227,220000,168.54,168.95,167.19,167.71,896,0
20250227,230000,167.59,170,166.85,169.82,1242,0
20250228,090000,168,168.55,167.64,168.34,962,0
20250228,100000,168.25,168.62,164.16,165.3,5251,0
20250228,110000,165.28,166.32,164.5,166.32,3706,0
20250228,120000,166.31,166.5,164.76,165.04,3035,0
20250228,130000,165.07,166.26,164.93,166.12,785,0
20250228,140000,166.11,167.61,165.77,166.73,3230,0
20250228,150000,166.68,166.74,165.01,165.57,993,0
20250228,160000,165.55,166.82,165.4,166.4,1161,0
20250228,170000,166.4,168.14,165.89,167.61,1322,0
20250228,180000,167.68,168.74,167.65,168.19,956,0
20250228,190000,168.2,170.36,167.6,170.3,1647,0
20250228,200000,170.41,172.55,169.39,171.7,3191,0
20250228,210000,171.78,172.2,167.12,169.65,4202,0
20250228,220000,169.65,170.14,168.31,169.91,849,0
20250228,230000,170.09,171.38,169.85,171.04,1747,0
20250303,090000,169.88,170.33,168.67,169.82,2222,0
20250303,100000,169.65,169.69,167.03,167.06,4148,0
20250303,110000,167.01,167.93,165.2,166.27,5311,0
20250303,120000,166.2,166.29,163.91,165.34,4404,0
20250303,130000,165.3,166.22,164.59,165.86,2745,0
20250303,140000,165.86,166.68,164.96,166.53,2572,0
20250303,150000,166.53,166.55,165.5,166.32,2123,0
20250303,160000,166.24,168,166.09,167.41,2468,0
20250303,170000,167.39,167.91,165.96,166.19,1817,0
20250303,180000,166.16,166.51,165.35,165.85,2005,0
20250303,190000,165.73,167.87,164.5,167.03,2203,0
20250303,200000,167.03,167.74,166.7,167.55,424,0
20250303,210000,167.46,167.54,165.5,165.92,1068,0
20250303,220000,166.19,171.79,165.95,170.95,3252,0
20250303,230000,171.23,171.43,169.01,169.6,912,0
20250304,090000,171,171.89,170.12,170.7,1967,0
20250304,100000,170.85,172.7,169.99,171.51,2914,0
20250304,110000,171.69,172.47,170.31,172.07,3523,0
20250304,120000,172.07,172.33,171.04,171.04,3921,0
20250304,130000,171.07,172.1,170.81,171.64,1489,0
20250304,140000,171.46,172.39,171.02,171.9,3614,0
20250304,150000,171.85,172.31,171.37,171.82,1403,0
20250304,160000,171.86,172.62,171.42,172.5,2699,0
20250304,170000,172.4,172.4,171.56,172.07,3943,0
20250304,180000,172.07,173.7,172.05,173.7,5384,0
20250304,190000,173.73,175.55,173.59,174.49,3221,0
20250304,200000,174.58,174.58,173.3,174.02,1048,0
20250304,210000,174.06,174.28,173.46,174.06,677,0
20250304,220000,174.06,174.7,173.93,174.46,1033,0
20250304,230000,174.52,174.55,174.02,174.49,306,0
20250305,090000,172.83,172.83,171.49,172.3,1900,0
20250305,100000,172.15,172.65,171.34,171.96,1418,0
20250305,110000,172.03,175.14,171.98,175.14,1949,0
20250305,120000,175.14,178.13,174.51,175.7,4314,0
20250305,130000,175.76,176.27,175.4,175.69,614,0
20250305,140000,175.73,175.73,174.24,175.06,2388,0
20250305,150000,175.07,175.64,173.7,174.44,2326,0
20250305,160000,174.38,175.12,173.81,174.77,2453,0
20250305,170000,174.8,175.2,174.5,174.81,1308,0
20250305,180000,174.8,176.14,174.8,175.89,518,0
20250305,190000,175.75,176.68,174.51,175.43,686,0
20250305,200000,175.39,175.39,174.56,174.74,369,0
20250305,210000,174.75,174.87,174.12,174.78,675,0
20250305,220000,174.83,175,172.14,172.15,1830,0
20250305,230000,172.27,173.9,171.29,171.48,1531,0
20250306,090000,172.05,173.02,172.05,172.89,973,0
20250306,100000,172.75,173.66,171.81,173.04,1359,0
20250306,110000,172.89,173.05,171.64,172.64,2639,0
20250306,120000,172.68,172.68,171.55,171.77,424,0
20250306,130000,171.81,171.81,170.33,170.55,1844,0
20250306,140000,170.81,171.79,170.58,170.75,644,0
20250306,150000,170.75,172.08,170.51,171.71,2138,0
20250306,160000,171.81,175.93,171.32,174.36,3268,0
20250306,170000,174.35,175.31,173.64,174.11,1680,0
20250306,180000,173.87,173.95,172.43,172.9,1667,0
20250306,190000,172.74,173.88,172.72,173.45,270,0
20250306,200000,173.45,174.14,172.83,173.82,461,0
20250306,210000,173.7,173.8,173.1,173.46,738,0
20250306,220000,173.29,173.29,172.23,172.9,1700,0
20250306,230000,172.83,173.57,172.49,173.2,232,0
20250307,090000,174,174.4,173.63,173.64,802,0
20250307,100000,173.69,174.98,173.4,174.18,1006,0
20250307,110000,174.15,174.52,173.8,174.15,1064,0
20250307,120000,174.11,174.21,173.53,173.72,432,0
20250307,130000,173.75,174.52,173.75,173.92,235,0
20250307,140000,173.93,174.31,173.78,174.02,155,0
20250307,150000,174.16,174.23,173.74,173.75,405,0
20250307,160000,174.13,174.51,173.9,174.46,329,0
20250307,170000,174.51,174.59,168.41,171.44,9444,0
20250307,180000,171.27,171.51,169.71,170.26,4280,0
20250307,190000,170.06,171.92,170.06,171.43,1414,0
20250307,200000,171.39,172.42,171.07,171.73,1256,0
20250307,210000,172.27,172.27,171.28,171.58,1176,0
20250307,220000,171.66,172.4,171.41,171.89,991,0
20250307,230000,172,172.66,171.63,171.63,419,0
20250310,090000,172.45,172.83,171.99,172.52,923,0
20250310,100000,172.69,172.69,171,171.62,1157,0
20250310,110000,171.45,171.82,171.2,171.58,1100,0
20250310,120000,171.23,172.01,170.82,171.92,577,0
20250310,130000,171.9,172.71,171.7,172.71,497,0
20250310,140000,172.32,172.77,172.32,172.36,495,0
20250310,150000,172.39,172.61,171.79,172.07,325,0
20250310,160000,172.04,172.67,171.71,172.2,515,0
20250310,170000,172.21,172.5,171.75,171.77,421,0
20250310,180000,171.91,172.12,171.69,171.78,274,0
20250310,190000,171.81,172.11,171.5,171.79,589,0
20250310,200000,171.7,171.7,170.39,171.06,697,0
20250310,210000,170.86,171.35,170.74,171.35,581,0
20250310,220000,171.33,171.33,171.11,171.15,137,0
20250310,230000,171.09,171.55,171.09,171.2,299,0
20250311,090000,170.62,171.27,170.06,170.8,520,0
20250311,100000,170.65,171.34,170,170.74,1212,0
20250311,110000,171.3,172.03,171.29,171.37,2314,0
20250311,120000,171.37,171.55,170.8,171.15,2109,0
20250311,130000,171.26,171.75,170.95,171.27,850,0
20250311,140000,171.12,171.13,169.84,170.28,548,0
20250311,150000,170.13,170.96,169.39,170.72,2766,0
20250311,160000,170.71,171.49,170.57,170.7,2960,0
20250311,170000,170.95,171.86,170.47,170.77,887,0
20250311,180000,170.75,170.91,170.32,170.65,701,0
20250311,190000,170.64,171.8,170.38,171.68,554,0
20250311,200000,171.75,172.78,171.2,171.83,676,0
20250311,210000,171.59,172.32,169.5,170.18,2671,0
20250311,220000,170.04,170.63,169.71,170.63,417,0
20250311,230000,170.78,171.19,170.64,170.81,532,0
20250312,090000,170.14,170.68,169.8,169.89,861,0
20250312,100000,169.89,170.15,168.56,168.64,1324,0
20250312,110000,168.78,169.62,168.65,169.16,601,0
20250312,120000,169.1,170.25,168.79,169.74,1717,0
20250312,130000,169.7,169.73,168.2,168.54,917,0
20250312,140000,168.42,169,167.93,169,1073,0
20250312,150000,169.01,169.51,168.59,169.26,284,0
20250312,160000,169.29,169.82,168.55,168.56,553,0
20250312,170000,168.62,168.94,168.4,168.66,397,0
20250312,180000,168.66,168.97,168.3,168.3,232,0
20250312,190000,168.91,169.38,168.65,168.76,470,0
20250312,200000,168.77,169.12,168.4,169.05,122,0
20250312,210000,169.07,169.26,168.71,168.72,175,0
20250312,220000,168.74,169.04,168.55,168.94,236,0
20250312,230000,168.81,168.9,168.49,168.49,431,0
20250313,090000,167.2,167.62,166.2,166.41,2209,0
20250313,100000,166.43,166.7,165.15,165.46,2722,0
20250313,110000,165.51,165.74,163.48,163.59,6521,0
20250313,120000,163.59,165.43,162.6,165.28,5512,0
20250313,130000,165.29,165.87,163.15,164,3828,0
20250313,140000,163.98,164.49,162.68,162.73,2167,0
20250313,150000,162.73,164.03,161.1,161.75,5284,0
20250313,160000,161.72,165.42,161.28,163.49,7025,0
20250313,170000,163.45,164.49,162.96,163.39,1915,0
20250313,180000,163.44,166.48,162.79,166.48,1944,0
20250313,190000,166.48,172.22,163.25,169.25,5908,0
20250313,200000,169.4,169.75,168.01,168.8,1458,0
20250313,210000,168.8,170.39,168.67,169.4,902,0
20250313,220000,169.43,170.5,169.05,169.77,1191,0
20250313,230000,169.79,169.9,168.31,168.53,964,0
20250314,090000,166.55,167.02,166.09,166.75,1677,0
20250314,100000,166.84,168,166.59,166.83,2751,0
20250314,110000,166.77,167.51,165.06,165.12,3688,0
20250314,120000,165.28,166.61,165.19,166.01,1049,0
20250314,130000,166.3,166.92,166.09,166.92,1168,0
20250314,140000,166.74,167.61,166.74,166.81,1726,0
20250314,150000,167.03,168,166.91,167.69,1181,0
20250314,160000,167.74,170.7,167.74,170.7,3202,0
20250314,170000,170.7,170.85,169,169.93,2245,0
20250314,180000,169.99,170.18,169.48,170.07,1363,0
20250314,190000,169.5,172,167.73,171.43,1805,0
20250314,200000,171.43,171.43,170.51,171.1,760,0
20250314,210000,171,171.3,170.53,170.75,1484,0
20250314,220000,170.79,170.97,170.31,170.4,401,0
20250314,230000,170.29,172,170.29,170.94,1714,0
20250317,090000,173.5,174.9,173.46,174.65,2887,0
20250317,100000,174.65,174.72,173.4,174.43,1660,0
20250317,110000,174.29,175.27,174.07,174.88,2794,0
20250317,120000,174.9,175.14,174.01,174.41,882,0
20250317,130000,174.44,174.87,173.76,174.77,1540,0
20250317,140000,174.75,175.03,172.51,173.19,4532,0
20250317,150000,173.31,174.5,172.98,174.13,1416,0
20250317,160000,174.05,174.64,173.8,174.25,2123,0
20250317,170000,174.16,174.5,173.56,173.97,460,0
20250317,180000,173.94,174.31,173.92,174.14,544,0
20250317,190000,174.1,174.79,172.92,173.14,3299,0
20250317,200000,173.28,173.57,172.38,172.65,1625,0
20250317,210000,172.66,172.92,171.8,172.51,1800,0
20250317,220000,172.58,173.08,172.49,172.99,638,0
20250317,230000,172.98,173.3,172.89,173.03,331,0
20250318,090000,173.65,174,173.65,173.97,1341,0
20250318,100000,173.99,174,172.78,173.17,2430,0
20250318,110000,173.15,173.66,172.49,173.45,1837,0
20250318,120000,173.41,173.98,173.2,173.5,608,0
20250318,130000,173.45,173.65,173.27,173.52,945,0
20250318,140000,173.5,173.63,173.25,173.35,244,0
20250318,150000,173.35,173.48,172.74,173.02,1241,0
20250318,160000,173.21,174.09,173.08,173.94,1168,0
20250318,170000,173.89,173.89,172.83,173.76,1403,0
20250318,180000,173.64,174.73,168.24,171.94,7614,0
20250318,190000,172.51,174.09,169.4,173.08,3243,0
20250318,200000,173,173.44,169.03,169.53,4307,0
20250318,210000,169.28,170.86,169.26,170.61,1159,0
20250318,220000,170.48,170.49,169.75,169.75,382,0
20250318,230000,169.7,169.7,168.55,169.02,959,0
20250319,090000,168.82,169.54,168.68,169.16,910,0
20250319,100000,169.15,169.39,166.94,167.65,10320,0
20250319,110000,167.65,168.04,167.14,168.04,1824,0
20250319,120000,168.2,168.2,167.62,167.76,395,0
20250319,130000,167.76,167.86,166,166.29,4240,0
20250319,140000,166.42,167.82,166.39,167.55,1635,0
20250319,150000,167.51,169.25,167.33,169.25,2916,0
20250319,160000,169.16,169.69,168.72,169.37,7192,0
20250319,170000,169.33,169.55,168.49,169,1768,0
20250319,180000,169,169.06,168.56,168.84,581,0
20250319,190000,169.03,170,169.03,169.41,722,0
20250319,200000,169.5,169.63,168.95,169.01,385,0
20250319,210000,168.88,169.25,168.88,169.23,252,0
20250319,220000,169.24,169.54,169.2,169.51,1305,0
20250319,230000,169.51,169.63,168.92,168.99,1267,0
20250320,090000,168.82,169.26,168.6,169.26,389,0
20250320,100000,169.25,169.25,167.28,167.75,2805,0
20250320,110000,167.7,168.02,166.85,167.44,1346,0
20250320,120000,167.49,168.32,167.46,168.06,1444,0
20250320,130000,168.03,168.04,167.12,167.55,609,0
20250320,140000,167.55,167.73,167.02,167.22,1138,0
20250320,150000,167.27,168.92,166.23,166.9,5158,0
20250320,160000,166.94,168.6,166.94,168.28,723,0
20250320,170000,168.34,169.49,168.26,169.42,948,0
20250320,180000,169.47,169.47,168.41,168.5,672,0
20250320,190000,168.54,169,167.66,168.49,1209,0
20250320,200000,168.47,168.53,168.21,168.22,98,0
20250320,210000,168.32,168.54,168.2,168.51,36,0
20250320,220000,168.6,168.74,168.43,168.55,207,0
20250320,230000,168.67,168.9,168.51,168.54,156,0
20250321,090000,167.9,168,167,167.68,1197,0
20250321,100000,167.57,168.05,167.35,168.04,1159,0
20250321,110000,168.1,169.1,167.91,168.73,1258,0
20250321,120000,168.69,169.31,168.3,168.9,959,0
20250321,130000,168.9,169.32,166.9,167.64,3512,0
20250321,140000,167.64,168.28,167.49,167.64,1467,0
20250321,150000,167.51,168.08,166.83,167.03,1429,0
20250321,160000,167.11,167.59,166.7,166.7,1469,0
20250321,170000,166.91,167.11,166.2,166.51,2161,0
20250321,180000,166.53,166.73,166,166.01,1582,0
20250321,190000,166.33,167.32,166.3,166.91,915,0
20250321,200000,166.9,167.21,166.8,166.98,178,0
20250321,210000,166.91,167.21,166.69,166.83,265,0
20250321,220000,166.78,166.94,166.54,166.89,598,0
20250321,230000,166.91,167.04,166.72,166.72,200,0
20250324,090000,165.54,166.44,165.11,166.21,1273,0
20250324,100000,166.22,166.55,165.5,165.62,3146,0
20250324,110000,165.65,166.04,165.34,165.53,441,0
20250324,120000,165.53,166.29,165.53,165.91,286,0
20250324,130000,165.91,165.91,165,165.06,1189,0
20250324,140000,165.31,165.72,164.85,165.14,590,0
20250324,150000,165.16,165.3,164.91,165.01,966,0
20250324,160000,165.01,165.18,164.54,164.7,1408,0
20250324,170000,164.7,165.02,164.57,164.9,1413,0
20250324,180000,164.91,165.34,164.91,165.34,531,0
20250324,190000,165.1,165.57,165.07,165.11,379,0
20250324,200000,165.14,165.88,164.93,165.88,394,0
20250324,210000,165.61,165.67,163.51,164.73,4614,0
20250324,220000,164.65,164.86,164.1,164.38,1644,0
20250324,230000,164.53,164.93,164.02,164.81,346,0
20250325,090000,165.47,166.52,165.47,166.13,1075,0
20250325,100000,166.05,166.18,165.71,165.79,685,0
20250325,110000,165.8,166.49,165.32,165.64,1374,0
20250325,120000,165.54,165.54,162.99,162.99,3696,0
20250325,130000,163,163.84,162.8,163.34,1134,0
20250325,140000,163.2,163.56,163.08,163.18,1109,0
20250325,150000,163.34,163.34,162.38,162.43,827,0
20250325,160000,162.38,162.92,161.5,161.89,5812,0
20250325,170000,162.07,163.44,160.44,163.22,6549,0
20250325,180000,163.39,164.37,162.79,163.76,3065,0
20250325,190000,163.88,164.89,163.88,164.61,907,0
20250325,200000,164.32,164.67,163.53,164.53,2031,0
20250325,210000,164.64,165.47,164.6,165.17,463,0
20250325,220000,165.17,165.33,164.74,164.77,836,0
20250325,230000,164.77,164.89,164.59,164.89,307,0
20250326,090000,166.22,166.76,165.72,166.4,960,0
20250326,100000,166.52,166.68,164.64,164.95,2633,0
20250326,110000,164.88,165.08,164.22,164.6,1485,0
20250326,120000,164.75,165.75,164.57,165.54,1138,0
20250326,130000,165.5,165.62,164.67,164.82,1057,0
20250326,140000,164.69,165.15,164.4,164.4,186,0
20250326,150000,164.4,164.98,163.84,164.32,577,0
20250326,160000,164.13,164.13,163.1,163.5,1517,0
20250326,170000,163.48,164,162.68,162.69,1156,0
20250326,180000,162.78,162.86,162.1,162.5,1784,0
20250326,190000,162.5,162.79,161.44,161.72,1813,0
20250326,200000,161.73,162.99,161.73,162.2,1117,0
20250326,210000,162.2,162.7,162.17,162.42,574,0
20250326,220000,162.31,162.88,162.21,162.55,689,0
20250326,230000,162.45,162.45,161.87,162.14,439,0
20250327,090000,162.21,162.42,161.28,161.55,1266,0
20250327,100000,161.55,161.79,160.28,160.97,4180,0
20250327,110000,160.99,161.15,159.07,159.31,3095,0
20250327,120000,159.31,159.34,158.01,158.9,4231,0
20250327,130000,158.88,159.64,158.68,159.3,1996,0
20250327,140000,159.5,160.16,158.88,158.89,993,0
20250327,150000,159.12,159.12,156.88,157.11,3793,0
20250327,160000,157.11,157.96,156.74,157.23,3753,0
20250327,170000,157.14,157.82,155.7,155.94,2699,0
20250327,180000,155.93,156.3,155.6,156.01,1943,0
20250327,190000,156.05,156.65,155.95,156.56,948,0
20250327,200000,156.58,157.36,156.58,156.62,1436,0
20250327,210000,156.62,156.7,155.77,155.96,674,0
20250327,220000,155.86,156.28,155.56,156.16,676,0
20250327,230000,156.14,156.18,155,155.47,1629,0
20250328,090000,154,154.38,153.2,153.73,6518,0
20250328,100000,153.68,155.73,153.52,155.14,3440,0
20250328,110000,155.19,155.53,153.61,153.74,1403,0
20250328,120000,153.72,154.03,148.48,149.85,9552,0
20250328,130000,149.85,150.91,149.15,150.13,2095,0
20250328,140000,150.11,150.2,147.77,147.86,4320,0
20250328,150000,147.99,148.56,147.29,147.94,5962,0
20250328,160000,147.79,149.39,147.09,147.94,2043,0
20250328,170000,147.9,148.87,147.78,148.1,2765,0
20250328,180000,148.04,149.31,148.04,148.78,3043,0
20250328,190000,149.22,149.98,148.08,148.49,1009,0
20250328,200000,148.49,148.51,147.55,148.17,1322,0
20250328,210000,148.1,148.12,146.61,147.19,1373,0
20250328,220000,147.12,147.6,146.84,147.2,560,0
20250328,230000,147.22,147.23,145.63,145.87,971,0
20250331,090000,144.8,146.72,144.5,146.01,5765,0
20250331,100000,145.91,147.81,143.41,143.95,4136,0
20250331,110000,143.94,145.43,143.48,143.88,10337,0
20250331,120000,143.94,145.11,143.94,144.82,2193,0
20250331,130000,144.88,145.91,144.88,145.69,852,0
20250331,140000,145.69,146.64,145.69,146.57,1122,0
20250331,150000,146.4,146.4,144.75,145.43,1803,0
20250331,160000,145.48,146.7,145.41,145.9,1538,0
20250331,170000,145.93,146.5,145.21,146.42,2221,0
20250331,180000,146.52,146.95,146.07,146.32,841,0
20250331,190000,146.21,146.21,145.61,145.98,574,0
20250331,200000,145.92,146.27,145.86,145.86,747,0
20250331,210000,145.94,145.97,145.52,145.91,347,0
20250331,220000,145.94,146.11,145.62,146.04,1635,0
20250331,230000,146.03,146.22,145.79,146.22,268,0
20250401,090000,147.3,147.9,146.91,147.47,1205,0
20250401,100000,147.42,148.09,145.93,146.3,1899,0
20250401,110000,146.37,146.62,145.51,146.13,1262,0
20250401,120000,146.18,146.9,145.86,146.15,880,0
20250401,130000,146.15,146.2,144.07,144.56,2467,0
20250401,140000,144.46,144.8,141.17,142.13,8300,0
20250401,150000,141.99,142.82,139.16,140.98,9598,0
20250401,160000,140.9,141.08,139.49,141,3202,0
20250401,170000,141.01,142.95,140.26,141.48,6121,0
20250401,180000,141.36,141.72,139.74,139.74,2335,0
20250401,190000,139.84,140.77,138.21,138.49,5044,0
20250401,200000,138.53,139.58,138.53,138.97,2214,0
20250401,210000,138.8,139.52,137.74,137.83,4727,0
20250401,220000,137.8,138.36,136.94,137.5,2939,0
20250401,230000,137.34,137.8,137.11,137.8,1351,0
20250402,090000,137.96,138.16,136.6,137.07,2001,0
20250402,100000,137.05,138.62,136.61,137.71,7318,0
20250402,110000,137.85,138.1,136.83,137.6,2176,0
20250402,120000,137.57,139.67,137.56,139.12,8722,0
20250402,130000,139.23,140.02,138.67,139.72,2937,0
20250402,140000,139.9,140.18,137.24,139.15,5887,0
20250402,150000,139.29,139.7,138.89,139.69,1486,0
20250402,160000,139.7,140.16,137.85,137.91,1327,0
20250402,170000,137.88,139.64,137.88,138.83,2473,0
20250402,180000,138.83,138.91,137.02,137.47,2457,0
20250402,190000,137.44,138.37,135.62,137.98,4473,0
20250402,200000,137.96,138.71,137.81,138.63,1423,0
20250402,210000,138.72,140.23,138.49,139.39,2045,0
20250402,220000,139.33,139.96,139.24,139.55,1875,0
20250402,230000,139.63,139.99,139.32,139.41,618,0
20250403,090000,140.8,141,139.51,140.44,1865,0
20250403,100000,140.54,140.54,139,139.13,1831,0
20250403,110000,139.4,140.42,139.4,140.25,1903,0
20250403,120000,140.32,141.31,139.8,140.99,2604,0
20250403,130000,141,141.09,139.41,139.89,1800,0
20250403,140000,139.68,139.68,137.32,138.23,3595,0
20250403,150000,138.14,138.42,137.15,137.53,2425,0
20250403,160000,137.4,137.42,134.82,135.53,7156,0
20250403,170000,135.57,135.75,134.01,134.43,3197,0
20250403,180000,134.4,134.4,131.74,132.52,8113,0
20250403,190000,132.94,133.55,131.09,133.47,4538,0
20250403,200000,133.37,133.53,132.09,132.97,2062,0
20250403,210000,132.74,133.42,132.21,133.26,2674,0
20250403,220000,133.37,133.58,132.84,133.28,1009,0
20250403,230000,133.25,134.8,132.95,134.8,1674,0
20250404,090000,134.3,134.5,133,133.81,2707,0
20250404,100000,133.8,134.8,133,133.92,5481,0
20250404,110000,134.04,134.04,131.33,131.33,5229,0
20250404,120000,131.36,132.3,130.62,131.44,3177,0
20250404,130000,131.42,131.99,127.86,128.01,11076,0
20250404,140000,128.16,129.9,127.88,128.52,5119,0
20250404,150000,128.53,129.42,127.77,128.8,2524,0
20250404,160000,128.67,130.03,128.12,128.66,3316,0
20250404,170000,128.94,129.15,127.89,128,3276,0
20250404,180000,128.07,129.6,128,128.49,2704,0
20250404,190000,128.36,129.13,127.81,127.95,1729,0
20250404,200000,128.15,128.34,127.06,127.68,4007,0
20250404,210000,127.74,128.88,127.32,128.19,1927,0
20250404,220000,128.2,128.46,127.79,127.97,784,0
20250404,230000,127.97,127.97,126.77,126.92,1298,0
20250407,090000,124.31,124.7,118.36,122.27,11394,0
20250407,100000,122.15,125.11,121.47,124.83,10125,0
20250407,110000,124.74,125.32,123.19,123.25,7415,0
20250407,120000,123.25,123.66,121.36,121.49,4422,0
20250407,130000,121.49,124.7,121.49,124.38,3714,0
20250407,140000,124.26,125.96,123.78,124.39,4286,0
20250407,150000,124.29,125.83,123.41,125.54,2037,0
20250407,160000,125.49,128.09,124.13,128.03,6403,0
20250407,170000,127.72,129.7,125.47,127.03,13638,0
20250407,180000,127.06,127.92,124.62,125.96,4456,0
20250407,190000,125.75,125.75,123.67,124.96,4113,0
20250407,200000,125.14,126.5,124.58,126.1,1711,0
20250407,210000,126.45,126.45,125.42,125.48,889,0
20250407,220000,125.55,125.63,124.12,125.15,1971,0
20250407,230000,125.2,126.13,124.8,125.94,616,0
20250408,090000,127.36,128.92,126.79,128.04,2647,0
20250408,100000,127.91,128.41,126.24,126.82,3742,0
20250408,110000,126.63,127.37,125.9,125.94,1911,0
20250408,120000,125.93,126.26,125,125.53,2386,0
20250408,130000,125.55,126.7,124.83,126.16,6032,0
20250408,140000,126.25,127.62,125.87,127.51,2477,0
20250408,150000,127.44,127.53,126.36,127.18,1491,0
20250408,160000,127.18,127.6,126,126.46,2566,0
20250408,170000,126.46,126.89,125.92,125.92,1491,0
20250408,180000,125.9,126.05,125.43,125.61,942,0
20250408,190000,125.75,126.19,122.86,122.96,2340,0
20250408,200000,123.1,125.16,122.85,124.53,2505,0
20250408,210000,124.51,124.57,123.79,123.89,1426,0
20250408,220000,123.98,123.98,121.56,123.15,3379,0
20250408,230000,122.84,123.18,121.72,122.45,1840,0
20250409,090000,122.5,123.25,122.14,122.43,1335,0
20250409,100000,122.38,122.46,121.23,121.72,3615,0
20250409,110000,121.67,122.48,120,120.95,3768,0
20250409,120000,120.84,121.34,120.09,120.18,2372,0
20250409,130000,120.09,120.29,118.52,118.84,6627,0
20250409,140000,118.76,118.76,116.81,118.26,10262,0
20250409,150000,118.23,119.98,118.06,119.66,4396,0
20250409,160000,119.68,121.44,119.3,121.1,6074,0
20250409,170000,121.1,121.87,118.83,118.83,3958,0
20250409,180000,118.99,120.4,118.93,120.2,1936,0
20250409,190000,120.2,121.79,120.14,121.71,1930,0
20250409,200000,121.56,129.18,121.42,127.73,12720,0
20250409,210000,127.76,128.07,125.52,125.63,3616,0
20250409,220000,125.65,130.2,125.64,126.69,4673,0
20250409,230000,126.84,129.7,126.64,128.94,2867,0
20250410,090000,128.01,128.6,126.81,128.31,2203,0
20250410,100000,128.37,128.42,125.29,126.02,4629,0
20250410,110000,126.11,126.43,124.85,125.24,2773,0
20250410,120000,125.29,127.18,125.18,126.82,1879,0
20250410,130000,126.52,127.49,126.39,126.79,1779,0
20250410,140000,126.85,128.33,126.54,128.09,2389,0
20250410,150000,128.17,131.27,128.17,129.42,8915,0
20250410,160000,129.56,130.85,127.06,127.33,6346,0
20250410,170000,127.23,128.45,126.41,126.7,4214,0
20250410,180000,126.66,128.4,126.66,127.65,1824,0
20250410,190000,127.24,128.89,125.15,127.07,4829,0
20250410,200000,127,128.52,126.69,128.52,2883,0
20250410,210000,128.52,129.19,127.53,128.67,2167,0
20250410,220000,128.79,129.15,127.91,128.57,998,0
20250410,230000,128.57,128.73,127.78,128.29,772,0
20250411,090000,128.9,132.3,128.3,131.1,4935,0
20250411,100000,131.1,132.1,130.56,131.51,2681,0
20250411,110000,131.57,131.57,130.21,130.5,2953,0
20250411,120000,130.5,131.94,130.15,131.39,3846,0
20250411,130000,131.42,132.67,131.26,132.42,2609,0
20250411,140000,132.42,132.97,131.22,131.41,2417,0
20250411,150000,131.45,131.9,130.15,131.83,1757,0
20250411,160000,131.5,131.55,130.01,130.39,2110,0
20250411,170000,130.29,131.05,129.61,130.76,1951,0
20250411,180000,130.88,132.53,130.88,131.99,1664,0
20250411,190000,132.1,133.8,130.55,132.77,3337,0
20250411,200000,132.85,133.79,132.64,133.27,1428,0
20250411,210000,133.34,133.91,132.89,132.9,842,0
20250411,220000,132.89,133.44,132.6,133.08,811,0
20250411,230000,132.99,133.18,132.67,133.18,1017,0
20250414,090000,134.52,134.76,133.8,134.4,1939,0
20250414,100000,134.57,135.44,134.02,134.4,3474,0
20250414,110000,134.58,135.19,134.05,135.1,2003,0
20250414,120000,135.06,135.06,134.25,134.66,2019,0
20250414,130000,134.75,135.35,134.75,134.94,439,0
20250414,140000,134.85,135.05,134.42,134.6,1175,0
20250414,150000,134.56,134.67,132.96,133.24,3958,0
20250414,160000,133.11,133.42,131.9,132.09,2027,0
20250414,170000,132.14,133.49,131.9,133.35,1923,0
20250414,180000,133.38,133.4,132.21,132.21,706,0
20250414,190000,132.19,133.15,132,132.56,554,0
20250414,200000,132.71,132.71,131.25,131.31,2048,0
20250414,210000,131.32,132.62,131.01,132.5,961,0
20250414,220000,132.49,132.49,131.99,132.2,113,0
20250414,230000,132.11,132.52,131.92,132.48,289,0
20250415,090000,132.06,134.1,131.98,133.23,3175,0
20250415,100000,133.37,134.41,133.13,133.27,3639,0
20250415,110000,133.39,133.7,132.46,132.94,2384,0
20250415,120000,133.09,133.32,132,132,1446,0
20250415,130000,132.03,132.31,131.39,131.7,666,0
20250415,140000,131.7,131.7,130,130.54,2294,0
20250415,150000,130.55,131.65,130,131.25,1923,0
20250415,160000,131.36,131.96,130.83,131.42,2624,0
20250415,170000,131.42,132.33,130.98,131.54,1641,0
20250415,180000,131.61,131.61,130.45,130.83,413,0
20250415,190000,130.84,131.48,130.56,131.34,861,0
20250415,200000,131.25,131.99,131.03,131.78,605,0
20250415,210000,131.78,131.95,131.56,131.95,231,0
20250415,220000,131.95,132.41,131.8,131.94,812,0
20250415,230000,131.93,132.26,131.77,131.87,806,0
20250416,090000,131.06,131.06,130.12,130.12,1240,0
20250416,100000,130.15,130.82,130.14,130.28,1414,0
20250416,110000,130.35,131.33,129.21,130.68,3760,0
20250416,120000,130.72,131.9,130.53,131.69,1627,0
20250416,130000,131.7,132.57,131.67,132.01,1643,0
20250416,140000,131.94,132.32,131.43,132.05,797,0
20250416,150000,132.26,132.26,131.32,131.84,338,0
20250416,160000,131.88,133.62,131.32,133.33,2514,0
20250416,170000,133.37,134.14,132.98,133.66,3446,0
20250416,180000,133.56,133.75,133.11,133.35,588,0
20250416,190000,133.56,133.8,132.41,132.96,2181,0
20250416,200000,133,133.17,131.8,131.95,1258,0
20250416,210000,132.11,132.97,131.91,132.52,801,0
20250416,220000,132.48,132.61,132.07,132.42,426,0
20250416,230000,132.37,132.59,132,132.05,909,0
20250417,090000,133.43,133.5,132.82,133.24,801,0
20250417,100000,133.21,133.8,132.98,133.5,1170,0
20250417,110000,133.43,134.33,133.17,134.19,1768,0
20250417,120000,134.09,134.13,133.38,133.63,809,0
20250417,130000,133.64,134.28,133.5,134.08,1403,0
20250417,140000,134.05,134.76,134.05,134.58,1280,0
20250417,150000,134.53,135.82,134.53,135.07,4579,0
20250417,160000,135.1,135.35,134.51,134.63,1222,0
20250417,170000,134.87,134.87,132.76,133.22,2408,0
20250417,180000,133.16,133.96,132.84,133.77,1058,0
20250417,190000,133.83,133.99,133.47,133.83,900,0
20250417,200000,133.69,136.42,133.39,136.1,2929,0
20250417,210000,136.15,137.22,135.09,136.33,3725,0
20250417,220000,136.43,136.43,135.78,136.25,654,0
20250417,230000,136.26,137.41,136.24,136.72,1601,0
20250418,090000,135.21,135.89,134.89,135.05,2545,0
20250418,100000,135.11,136.49,134.75,135.76,2125,0
20250418,110000,135.98,136.3,134.62,134.88,3566,0
20250418,120000,134.82,135.39,133.69,133.69,2589,0
20250418,130000,133.7,134.52,133.16,134.1,5960,0
20250418,140000,133.87,135.1,133.42,134.36,2929,0
20250418,150000,134.29,134.67,133.63,133.72,1385,0
20250418,160000,133.67,135.95,133.67,134.97,3904,0
20250418,170000,135.1,135.81,134.78,135.36,1347,0
20250418,180000,135.28,135.71,135.28,135.38,888,0
20250418,190000,135.36,136.22,134.85,136.22,886,0
20250418,200000,135.94,136.16,134.63,134.88,975,0
20250418,210000,134.97,135.49,134.97,135.13,567,0
20250418,220000,135.16,135.3,134.98,135.13,442,0
20250418,230000,135.07,135.47,134.85,134.88,962,0
20250421,090000,136.45,136.46,135.5,136.06,927,0
20250421,100000,136.07,136.88,135.91,136.45,2300,0
20250421,110000,136.42,137.5,136.42,137.49,1147,0
20250421,120000,137.45,138.97,137.27,138.24,3126,0
20250421,130000,138.18,138.95,137.93,138.62,2523,0
20250421,140000,138.5,139.36,138.31,139.25,4243,0
20250421,150000,139.09,139.52,138.32,138.74,1284,0
20250421,160000,138.73,138.89,138,138,1038,0
20250421,170000,138,138.88,137.97,138.83,929,0
20250421,180000,138.84,139.1,138.52,139.09,285,0
20250421,190000,139.1,140.49,139.06,139.93,2693,0
20250421,200000,139.83,140.01,139.38,139.41,1260,0
20250421,210000,139.45,139.81,139.45,139.67,402,0
20250421,220000,139.65,140.02,139.61,139.8,757,0
20250421,230000,139.71,139.78,139.39,139.78,681,0
20250422,090000,141,141.69,140.52,141.61,2234,0
20250422,100000,141.6,141.61,140.9,141.47,2134,0
20250422,110000,141.36,141.36,140.45,140.51,967,0
20250422,120000,140.5,140.77,139.57,139.62,4450,0
20250422,130000,139.59,140.92,139.4,140.15,2403,0
20250422,140000,140.17,140.17,138.73,138.81,735,0
20250422,150000,138.73,139.64,138.73,139.64,1133,0
20250422,160000,139.56,141.61,139.45,141,3906,0
20250422,170000,141.07,142.01,140.65,142.01,5307,0
20250422,180000,142,142.45,141.51,142.41,1516,0
20250422,190000,142.06,143.05,141.9,141.9,3108,0
20250422,200000,142.08,146.63,141.53,144.63,5233,0
20250422,210000,144.65,147,144.3,144.89,11760,0
20250422,220000,144.83,145.56,144.71,145.3,1826,0
20250422,230000,145.21,145.76,145,145.76,1007,0
20250423,090000,143.54,143.88,140.95,141.52,5881,0
20250423,100000,141.45,141.46,138.85,139.92,4488,0
20250423,110000,139.92,140.88,139.83,140.49,1760,0
20250423,120000,140.43,141.9,139.66,141.11,3251,0
20250423,130000,141.09,141.88,140.78,141.32,2239,0
20250423,140000,141.57,141.83,141.04,141.74,616,0
20250423,150000,141.52,141.67,140.95,141.48,1299,0
20250423,160000,141.51,141.98,140.81,141.28,1613,0
20250423,170000,141.42,142.99,141.07,142.86,1322,0
20250423,180000,142.88,143.25,142.25,142.69,1430,0
20250423,190000,142.71,143.75,141.53,143.7,1057,0
20250423,200000,143.79,146.37,143.73,145.07,4409,0
20250423,210000,145.1,145.6,143.43,144.2,971,0
20250423,220000,144.29,144.48,143.72,143.72,632,0
20250423,230000,143.77,143.86,142.37,143.86,679,0
20250424,090000,144.61,145.37,144.36,145.04,986,0
20250424,100000,145.05,145.65,144.65,145.24,1117,0
20250424,110000,145.44,145.96,145,145.82,1418,0
20250424,120000,145.93,146.59,145.5,146.42,1685,0
20250424,130000,146.4,146.98,146,146.68,2214,0
20250424,140000,146.51,146.51,145.15,145.3,1898,0
20250424,150000,145.43,146.24,145.2,145.84,1332,0
20250424,160000,145.82,145.9,144.38,144.5,1256,0
20250424,170000,144.62,144.95,144,144.79,1074,0
20250424,180000,144.75,145.66,144.21,144.95,1297,0
20250424,190000,145.2,145.97,144.72,145.4,1026,0
20250424,200000,145.35,145.35,144.36,144.59,554,0
20250424,210000,144.66,144.77,144.09,144.16,884,0
20250424,220000,144.17,144.83,144.15,144.83,601,0
20250424,230000,144.72,144.8,144.33,144.33,304,0
20250425,090000,146,146.51,145.44,146.25,2011,0
20250425,100000,146.3,146.63,146.06,146.41,1850,0
20250425,110000,146.23,146.32,145.78,146,962,0
20250425,120000,145.88,148.58,145.5,147.66,3812,0
20250425,130000,147.53,148.09,146.27,147.51,5951,0
20250425,140000,147.6,149.72,147.24,149.48,6913,0
20250425,150000,149.48,149.6,148.67,149.52,2118,0
20250425,160000,149.46,150.24,149,149.88,1904,0
20250425,170000,149.86,150.98,149.2,150.38,3617,0
20250425,180000,150.16,150.16,148.92,149.03,4805,0
20250425,190000,149.39,149.81,149.05,149.69,1135,0
20250425,200000,149.54,150,149.01,149.16,785,0
20250425,210000,149.21,150.04,149.21,149.73,948,0
20250425,220000,149.88,150.69,149.63,150.2,1446,0
20250425,230000,150.14,150.74,150.11,150.54,1011,0
20250428,090000,151.51,152.65,150.5,152.43,5457,0
20250428,100000,152.31,152.31,151.01,151.76,3270,0
20250428,110000,151.68,152.14,151.11,151.3,2081,0
20250428,120000,151.3,151.9,151.17,151.54,960,0
20250428,130000,151.51,155.08,149.25,152.98,11333,0
20250428,140000,152.98,157.05,152.2,155.12,20361,0
20250428,150000,155.19,165.36,153.09,154.25,12814,0
20250428,160000,154.26,155.36,153.59,154.46,3019,0
20250428,170000,154.6,155.65,154.53,155.14,1996,0
20250428,180000,155.02,155.46,154.59,155.2,439,0
20250428,200000,155.5,155.57,153.75,154.55,1648,0
20250428,210000,154.38,154.38,152.25,152.53,5708,0
20250428,220000,152.35,153.66,152.34,153.23,514,0
20250428,230000,153.2,153.55,153.2,153.3,625,0
20250429,090000,152.81,153.44,152.25,153.28,1169,0
20250429,100000,153.11,153.97,152,153.54,3228,0
20250429,110000,153.54,154.68,152.77,153.83,1897,0
20250429,120000,153.68,153.86,153,153.27,1592,0
20250429,130000,153.35,154.15,153.09,153.75,873,0
20250429,140000,153.96,154.07,152.93,153.41,688,0
20250429,150000,153.3,153.61,152.47,153.01,1105,0
20250429,160000,153.06,153.88,152.82,153.34,816,0
20250429,170000,153.47,153.98,151.27,151.6,2496,0
20250429,180000,151.61,151.78,150.38,151.54,2703,0
20250429,190000,151.36,152,147.5,147.89,6966,0
20250429,200000,147.76,149.65,147.49,149.39,5725,0
20250429,210000,149.16,149.2,148.05,148.37,546,0
20250429,220000,148.16,148.78,148.06,148.35,913,0
20250429,230000,148.57,149.51,148.54,149.19,286,0
20250430,090000,149.01,149.99,148.57,149.37,1216,0
20250430,100000,149.38,149.63,148.41,149.46,1306,0
20250430,110000,149.34,149.49,147.87,148.62,1709,0
20250430,120000,148.51,149.98,148.48,149.67,1736,0
20250430,130000,149.63,153.79,149.37,152.49,7957,0
20250430,140000,152.49,153.58,152.26,153.48,1689,0
20250430,150000,153.44,154,147.9,150.37,8228,0
20250430,160000,150.36,151.7,149.33,149.51,3113,0
20250430,170000,149.61,151.1,149.61,150,2215,0
20250430,180000,150.07,150.43,149.78,149.79,1229,0
20250430,190000,149.78,149.86,148.55,149,1868,0
20250430,200000,148.95,149.85,148.87,149.61,1513,0
20250430,210000,149.52,150.08,149.49,149.91,1084,0
20250430,220000,149.84,150.94,149.84,150.52,707,0
20250430,230000,150.67,150.67,149.93,149.93,502,0
20250502,090000,148.24,148.25,145.77,146.17,6473,0
20250502,100000,146.1,146.31,145.5,145.57,2885,0
20250502,110000,145.56,145.56,144.73,145.52,1446,0
20250502,120000,145.37,145.37,144.36,145.17,1338,0
20250502,130000,145.1,145.86,144.95,145.71,830,0
20250502,140000,145.71,146.2,145.24,145.98,1704,0
20250502,150000,145.99,146.43,145.39,145.42,675,0
20250502,160000,145.3,145.61,144.94,145.16,312,0
20250502,170000,144.97,145.46,144.71,144.8,190,0
20250502,180000,144.71,144.71,143.3,143.73,2017,0
20250502,190000,143.78,144.24,143.39,143.73,1647,0
20250502,200000,143.63,143.64,142.92,143.44,900,0
20250502,210000,143.44,143.89,143.27,143.61,611,0
20250502,220000,143.49,143.57,141.91,142.52,2267,0
20250502,230000,142.5,142.5,137.02,139.39,8208,0
20250505,090000,140.9,141.04,140.09,140.25,4911,0
20250505,100000,140.26,140.96,138.42,138.56,4729,0
20250505,110000,138.58,139.63,138.54,139.25,1265,0
20250505,120000,139.1,140.21,139.1,139.68,1207,0
20250505,130000,139.68,140.03,138.03,138.21,1778,0
20250505,140000,138.28,138.84,138.05,138.23,1443,0
20250505,150000,138.49,138.88,137.58,138.25,2688,0
20250505,160000,138.27,138.27,136.35,136.37,6322,0
20250505,170000,136.32,136.78,134.9,135.61,5637,0
20250505,180000,135.45,135.45,131.98,133.5,9508,0
20250505,190000,133.59,133.96,132.51,133.6,1854,0
20250505,200000,133.61,137.16,133.23,136.95,4125,0
20250505,210000,136.98,136.98,135.65,135.99,2833,0
20250505,220000,135.99,136.2,135.64,135.64,1364,0
20250505,230000,135.5,135.5,134.32,135.1,1439,0
20250506,090000,135.1,135.1,132.44,133.85,3141,0
20250506,100000,133.56,136.98,133.56,135.49,9012,0
20250506,110000,135.56,136.7,135.53,136.38,2919,0
20250506,120000,136.51,137.62,135.95,136.04,2526,0
20250506,130000,136,136.43,134.77,134.91,1083,0
20250506,140000,134.95,136.14,134.76,135.61,1454,0
20250506,150000,135.88,137.33,135.88,137.16,1629,0
20250506,160000,137.25,139.24,137.25,138.21,8979,0
20250506,170000,138.14,138.83,136.86,138.37,3783,0
20250506,180000,138.49,139.68,138.27,138.99,1625,0
20250506,190000,138.39,139,136.56,138.26,2902,0
20250506,200000,138.12,139,137.94,138.75,937,0
20250506,210000,138.96,139.61,138.5,139.35,850,0
20250506,220000,139.23,139.5,138.39,138.39,702,0
20250506,230000,138.47,138.77,136.92,137.75,4152,0
20250507,090000,138,138.3,137.31,137.58,4825,0
20250507,100000,137.44,138.23,136.96,137.86,3158,0
20250507,110000,137.8,139.29,137.51,139.26,4015,0
20250507,120000,139.26,139.43,138.63,138.75,878,0
20250507,130000,138.7,139.67,138.55,139.41,1370,0
20250507,140000,139.45,140.23,139.24,139.74,2320,0
20250507,150000,139.87,139.87,138.8,139.63,561,0
20250507,160000,139.58,139.96,138.3,138.57,4482,0
20250507,170000,138.46,139.92,138.4,139.6,3408,0
20250507,180000,139.71,139.92,139.07,139.55,1045,0
20250507,190000,139.91,140.43,139.81,140.02,1851,0
20250507,200000,140.02,140.69,139.13,139.46,1553,0
20250507,210000,139.46,139.89,139.27,139.65,618,0
20250507,220000,139.63,139.93,139.31,139.64,292,0
20250507,230000,139.7,140.22,139.4,140.22,358,0
20250508,090000,141.68,143.5,141.31,143.18,3061,0
20250508,100000,143.2,143.94,142.82,143.33,2100,0
20250508,110000,143.33,143.54,142.77,143.23,2518,0
20250508,120000,143.24,144.09,143.08,143.2,1859,0
20250508,130000,143.27,143.65,142.43,142.52,1655,0
20250508,140000,142.75,143.13,141.7,141.82,1786,0
20250508,150000,141.8,142.12,141.21,142.07,2538,0
20250508,160000,141.97,144.87,141.97,142.63,3281,0
20250508,170000,142.97,143.59,142.58,142.89,1230,0
20250508,180000,143.1,143.3,142.6,142.75,440,0
20250508,190000,143.06,143.17,142.29,142.8,648,0
20250508,200000,142.84,143.4,142.68,142.95,891,0
20250508,210000,143.04,143.25,142.5,142.98,506,0
20250508,220000,142.98,143.15,142.73,142.98,188,0
20250508,230000,142.92,143.3,142.85,143.09,492,0
20250512,090000,148.12,149.4,148.1,148.88,2525,0
20250512,100000,149.06,149.33,147.88,148.4,2972,0
20250512,110000,148.39,148.39,147.45,147.63,2064,0
20250512,120000,147.57,147.86,146.62,146.98,1309,0
20250512,130000,147.02,147.58,146.21,147.3,4801,0
20250512,140000,147.3,148,146.83,146.83,4507,0
20250512,150000,147.01,147.23,146.36,146.82,3365,0
20250512,160000,146.84,147.06,145,145.36,5343,0
20250512,170000,145.24,147.04,144.83,146.4,2580,0
20250512,180000,146.4,146.8,146,146.6,596,0
20250512,190000,146.52,146.69,146.19,146.65,540,0
20250512,200000,146.74,147.5,146.6,147.33,2487,0
20250512,210000,147.23,147.3,146.61,146.75,1901,0
20250512,220000,146.72,146.8,146.29,146.7,1737,0
20250512,230000,146.71,147.11,146.71,147.05,445,0
20250513,090000,147.11,147.61,146.71,147.1,908,0
20250513,100000,146.94,147.08,146.5,146.81,1734,0
20250513,110000,146.9,146.9,145.06,145.38,1896,0
20250513,120000,145.34,146.61,145.05,146.25,986,0
20250513,130000,146.3,146.33,145.91,146.04,412,0
20250513,140000,146.04,146.04,145.36,145.4,400,0
20250513,150000,145.45,146.49,145.45,146.11,1443,0
20250513,160000,146.13,146.98,146.13,146.46,727,0
20250513,170000,146.61,146.9,146.31,146.69,813,0
20250513,180000,146.49,146.99,146.15,146.5,980,0
20250513,190000,146.5,146.93,145.97,146.29,252,0
20250513,200000,146.39,146.46,146.09,146.09,442,0
20250513,210000,145.98,146.12,145.66,145.92,843,0
20250513,220000,146,146.12,145.93,145.97,198,0
20250513,230000,146.01,146.06,145.89,146,2150,0
20250514,090000,145.95,146.17,145.42,145.52,286,0
20250514,100000,145.5,145.58,144.53,145.19,1712,0
20250514,110000,145.1,145.66,144.82,145.13,1064,0
20250514,120000,145.09,145.64,144.99,145.55,692,0
20250514,130000,145.47,146.02,145.39,145.73,1654,0
20250514,140000,145.85,146.19,145.55,145.92,872,0
20250514,150000,145.99,146.45,145.86,146.33,1003,0
20250514,160000,146.23,146.96,145.84,145.95,1875,0
20250514,170000,146.02,146.6,145.5,145.64,923,0
20250514,180000,145.73,146.13,145.66,146.13,792,0
20250514,190000,146.04,146.08,145.5,145.63,344,0
20250514,200000,145.55,146.09,145.55,145.87,697,0
20250514,210000,145.76,145.76,137.1,145.37,6231,0
20250514,220000,145.41,145.58,142.53,143.92,1653,0
20250514,230000,143.8,143.88,141.75,141.86,3588,0
20250515,090000,143,143.47,142.16,142.47,3666,0
20250515,100000,142.34,142.39,141.47,141.52,1806,0
20250515,110000,141.51,141.85,140.47,140.91,1865,0
20250515,120000,140.85,140.85,138.2,138.74,5062,0
20250515,130000,138.76,139.62,138.41,139.42,2546,0
20250515,140000,139.41,140.43,139.22,140.08,2658,0
20250515,150000,140.01,141.36,139.74,140.77,4811,0
20250515,160000,140.82,141.75,139.5,141.06,7517,0
20250515,170000,141.17,141.35,139.56,139.9,2546,0
20250515,180000,139.91,140.05,139.4,139.77,1567,0
20250515,190000,139.88,140.3,139.57,139.96,1024,0
20250515,200000,139.82,140.48,139.61,140.11,1569,0
20250515,210000,140.1,140.13,139.52,139.75,914,0
20250515,220000,139.72,139.76,138.91,139.44,1092,0
20250515,230000,139.56,139.96,139.45,139.96,281,0
20250516,090000,139.99,139.99,139.07,139.32,887,0
20250516,100000,139.32,139.93,139.2,139.74,1212,0
20250516,110000,139.73,140.72,139.73,140.08,1333,0
20250516,120000,140.05,140.35,139.91,140.11,901,0
20250516,130000,140.11,140.22,138.5,139,1857,0
20250516,140000,139,139,137.36,138.44,2142,0
20250516,150000,138.43,138.98,134.14,134.3,14557,0
20250516,160000,134.28,140.17,133.78,138.67,11867,0
20250516,170000,138.73,139.66,137.81,138.12,2991,0
20250516,180000,138.16,138.58,137.78,137.91,1088,0
20250516,190000,138.03,138.58,137.96,138.35,583,0
20250516,200000,138.41,138.5,138.16,138.34,525,0
20250516,210000,138.33,138.45,138.12,138.16,225,0
20250516,220000,138.22,139.63,138.19,139.47,1096,0
20250516,230000,139.5,139.65,139.17,139.26,592,0
20250519,090000,141.99,143.72,141.03,142.01,3909,0
20250519,100000,142.04,142.38,141.29,141.46,1768,0
20250519,110000,141.51,141.94,141.51,141.81,604,0
20250519,120000,141.71,142.18,141.5,141.51,481,0
20250519,130000,141.6,142.08,141.4,141.96,1035,0
20250519,140000,141.96,142.67,141.87,142.45,1130,0
20250519,150000,142.44,142.94,142.06,142.45,1074,0
20250519,160000,142.31,142.39,140.65,141.22,1423,0
20250519,170000,141.22,141.75,140.53,141.29,1874,0
20250519,180000,141.49,143.21,140.25,142.36,2932,0
20250519,190000,142.33,143.83,140.55,141.11,5575,0
20250519,200000,141.24,142.23,140.72,141.04,3542,0
20250519,210000,141.04,141.5,139.72,139.88,2656,0
20250519,220000,139.96,140.49,139.23,139.62,1658,0
20250519,230000,139.56,140.36,139.41,139.87,496,0
20250520,090000,140.24,140.36,139.6,140.07,686,0
20250520,100000,139.87,139.87,138.54,138.6,1596,0
20250520,110000,138.53,139.16,138.5,138.87,791,0
20250520,120000,138.83,139.34,138.29,139.21,1183,0
20250520,130000,139.12,139.24,138.16,138.7,1234,0
20250520,140000,138.67,139.53,138.67,138.95,1015,0
20250520,150000,139.02,139.12,138.55,138.68,3046,0
20250520,160000,138.67,138.98,138.46,138.62,593,0
20250520,170000,138.55,138.86,138.44,138.44,813,0
20250520,180000,138.44,138.44,137.29,137.46,2327,0
20250520,190000,137.36,137.7,135.28,135.99,3855,0
20250520,200000,135.89,137.2,135.68,136.84,1631,0
20250520,210000,136.9,137.4,136.61,137.32,1006,0
20250520,220000,137.33,137.51,137.02,137.26,733,0
20250520,230000,137.23,137.5,137.2,137.5,465,0
20250521,090000,137.63,137.75,136.97,137.19,990,0
20250521,100000,137.29,137.45,135.92,136.59,2975,0
20250521,110000,136.51,142.16,136.5,138.61,16110,0
20250521,120000,138.6,138.99,135.55,137.79,7003,0
20250521,130000,137.73,137.74,136.82,137.15,997,0
20250521,140000,137.3,139.5,137.3,137.82,3428,0
20250521,150000,137.96,138.56,136.92,137.45,3123,0
20250521,160000,137.4,137.67,135.85,137.04,3530,0
20250521,170000,136.97,137,136.06,136.92,1094,0
20250521,180000,136.95,138.75,136.08,137,3910,0
20250521,190000,136.67,138.03,136.48,136.85,877,0
20250521,200000,137.02,137.28,136.79,136.97,652,0
20250521,210000,137.09,137.48,136.7,136.71,655,0
20250521,220000,136.81,137.03,136.31,137.03,415,0
20250521,230000,137,137.16,136.71,136.76,600,0
20250522,090000,136.49,136.83,134.3,135.25,3222,0
20250522,100000,135.24,135.68,133.84,134.3,3001,0
20250522,110000,134.26,134.67,133.97,134.36,2106,0
20250522,120000,134.31,134.9,134.1,134.53,1180,0
20250522,130000,134.54,134.86,134.26,134.44,659,0
20250522,140000,134.47,134.99,134.37,134.45,981,0
20250522,150000,134.42,134.45,130.39,131.77,11855,0
20250522,160000,131.68,132.12,130.44,131.73,6711,0
20250522,170000,131.72,132.91,131.19,132.49,2794,0
20250522,180000,132.58,132.64,131.31,131.58,3354,0
20250522,190000,132.45,132.5,130.47,131.23,4936,0
20250522,200000,131.28,131.6,130.82,131.38,1439,0
20250522,210000,131.42,131.56,130.82,130.97,1262,0
20250522,220000,130.95,131.36,130.83,131.19,657,0
20250522,230000,131.18,131.29,131.08,131.24,233,0
20250523,090000,129.77,130.39,128.52,130.24,3768,0
20250523,100000,130.18,130.18,129.27,129.82,1745,0
20250523,110000,129.82,130.3,129.74,130.16,1520,0
20250523,120000,130.08,130.99,129.94,130.62,2611,0
20250523,130000,130.62,131.29,130.41,131.21,1265,0
20250523,140000,131.05,131.63,130.5,130.71,2743,0
20250523,150000,130.6,131.09,129.91,130,2189,0
20250523,160000,130.01,130.7,129.9,130.54,1049,0
20250523,170000,130.53,131.43,130.53,130.95,1102,0
20250523,180000,130.98,131.15,130.81,130.85,417,0
20250523,190000,130.85,131.11,130.73,131.11,657,0
20250523,200000,131.08,131.27,130.87,130.87,348,0
20250523,210000,130.98,131.16,130.98,131.1,150,0
20250523,220000,131.1,131.37,131.07,131.2,306,0
20250523,230000,131.2,131.41,131.11,131.41,178,0
20250526,090000,129.29,129.34,127.47,127.68,6752,0
20250526,100000,127.89,128.23,126.05,126.98,9693,0
20250526,110000,126.87,127.28,126.14,126.14,3002,0
20250526,120000,126.22,127.15,126.15,126.31,1332,0
20250526,130000,126.18,126.55,125.67,126.04,4237,0
20250526,140000,126.09,126.28,125.36,125.58,1521,0
20250526,150000,125.5,126.34,125.41,125.85,1823,0
20250526,160000,125.74,126.18,125.65,125.75,1119,0
20250526,170000,125.65,126.06,125.45,125.75,1016,0
20250526,180000,125.75,125.76,124.57,124.57,2981,0
20250526,190000,124.6,125.2,124.3,124.66,1874,0
20250526,200000,124.68,125.46,124.66,125.2,1089,0
20250526,210000,125.22,125.48,125.13,125.3,269,0
20250526,220000,125.35,125.83,125.29,125.42,1202,0
20250526,230000,125.47,125.83,125.47,125.72,754,0
20250527,090000,123.91,126.37,123.91,126.09,3656,0
20250527,100000,126.16,126.16,125.02,125.63,2293,0
20250527,110000,125.79,126.37,125.35,126.1,1945,0
20250527,120000,126.2,126.29,125.34,126.06,1012,0
20250527,130000,125.95,126.36,125.47,125.95,1094,0
20250527,140000,126.05,126.18,125.57,125.93,752,0
20250527,150000,126.06,126.96,125.69,125.79,1954,0
20250527,160000,125.8,126.25,125.06,126.06,1355,0
20250527,170000,125.9,126.79,125.9,126.77,2499,0
20250527,180000,126.8,127.83,126.8,127.62,3388,0
20250527,190000,127.58,127.8,127.11,127.64,1233,0
20250527,200000,127.55,127.88,127.3,127.85,884,0
20250527,210000,127.86,128,127.54,127.76,703,0
20250527,220000,127.83,128.05,127.52,127.71,674,0
20250527,230000,127.78,127.78,127.54,127.72,261,0
20250528,090000,128.05,128.28,127.21,127.71,1633,0
20250528,100000,127.58,129.12,127.53,128.68,2124,0
20250528,110000,128.78,128.98,128.17,128.25,1778,0
20250528,120000,128.32,129.48,128.21,128.93,4417,0
20250528,130000,128.99,129.23,128.43,128.8,1388,0
20250528,140000,128.89,129.75,128.85,128.92,1661,0
20250528,150000,129,129.74,128.98,129.53,2047,0
20250528,160000,129.58,129.99,129.3,129.89,2376,0
20250528,170000,129.9,129.9,129.64,129.73,522,0
20250528,180000,129.7,129.75,129.32,129.41,844,0
20250528,190000,129.74,132.47,129.74,131.92,3525,0
20250528,200000,131.9,132.39,131.43,131.98,3736,0
20250528,210000,131.96,132.39,131.96,132.08,637,0
20250528,220000,132.1,132.7,131.98,132.48,1171,0
20250528,230000,132.44,132.54,132.2,132.31,823,0
20250529,090000,131.43,131.8,130.8,131.17,1768,0
20250529,100000,131.17,131.21,130.5,130.61,2564,0
20250529,110000,130.54,131.52,130.38,131.52,1167,0
20250529,120000,131.62,131.72,131.08,131.42,822,0
20250529,130000,131.24,132.49,131.24,132.21,1447,0
20250529,140000,132.18,132.47,131.76,132.35,902,0
20250529,150000,132.41,132.59,131.62,132.09,673,0
20250529,160000,132.14,132.14,131.27,131.76,1858,0
20250529,170000,131.6,131.78,130.86,131.54,1135,0
20250529,180000,131.53,131.79,130.84,131.17,260,0
20250529,190000,130.88,131.31,130.02,130.76,1427,0
20250529,200000,130.83,130.83,129.79,129.95,1266,0
20250529,210000,129.96,130.27,129.53,130.26,553,0
20250529,220000,130.25,130.25,129.72,130.06,291,0
20250529,230000,130.06,130.3,129.81,129.81,511,0
20250530,090000,130.49,131,130.07,130.5,836,0
20250530,100000,130.4,130.72,129.4,129.4,1071,0
20250530,110000,129.37,130.01,128.51,129.06,4490,0
20250530,120000,129.01,130.8,128.88,130.41,3027,0
20250530,130000,130.5,131.67,130.5,131.46,3080,0
20250530,140000,131.27,133.27,131.06,132.23,3054,0
20250530,150000,132.36,132.36,131.53,132.33,5231,0
20250530,160000,132.43,132.76,132.08,132.2,1476,0
20250530,170000,132.22,132.88,132.09,132.23,2159,0
20250530,180000,132.24,132.6,132.15,132.6,379,0
20250530,190000,132.73,132.77,132.4,132.51,199,0
20250530,200000,132.49,132.79,132.44,132.7,190,0
20250530,210000,132.66,132.87,132.52,132.52,284,0
20250530,220000,132.52,132.66,132.21,132.27,315,0
20250530,230000,132.21,132.49,132.03,132.49,869,0
20250602,090000,129.48,130.38,129,130.21,5142,0
20250602,100000,130.04,130.41,129.53,130.2,2439,0
20250602,110000,130.23,130.23,129.31,129.63,626,0
20250602,120000,129.62,129.88,128.37,128.7,2108,0
20250602,130000,128.63,128.84,128.23,128.32,1562,0
20250602,140000,128.32,129.06,127.63,128.52,2110,0
20250602,150000,128.53,129.19,127.97,128.2,1166,0
20250602,160000,128.11,129.48,128.05,128.8,1728,0
20250602,170000,128.85,130.88,128.41,130.44,1342,0
20250602,180000,130.55,131.87,130.05,131.33,4352,0
20250602,190000,131.34,131.96,130.58,130.93,1733,0
20250602,200000,130.93,131.3,130.46,130.54,735,0
20250602,210000,130.54,130.82,130.48,130.82,174,0
20250602,220000,130.26,130.38,130,130.38,171,0
20250602,230000,130.34,130.71,130.27,130.46,333,0
20250603,090000,130.65,131.25,130.65,130.89,1318,0
20250603,100000,130.92,131.31,130.26,130.66,2539,0
20250603,110000,130.7,130.7,129.81,130.25,1428,0
20250603,120000,130.24,130.77,130.13,130.26,1218,0
20250603,130000,130.27,130.32,129.24,130.19,1719,0
20250603,140000,130.18,130.24,129.81,130.14,270,0
20250603,150000,130.15,130.16,129.01,129.01,595,0
20250603,160000,129.01,129.63,128.8,129.5,1183,0
20250603,170000,129.49,130.1,129.24,129.75,1111,0
20250603,180000,129.75,130.73,129.54,130.47,874,0
20250603,190000,130.43,130.84,130.25,130.5,534,0
20250603,200000,130.38,131.04,130.05,130.81,620,0
20250603,210000,130.88,131.12,130.68,130.69,352,0
20250603,220000,130.64,130.84,130.57,130.71,604,0
20250603,230000,130.7,130.98,130.67,130.92,324,0
20250604,090000,130.55,131.1,130.1,130.92,1398,0
20250604,100000,130.84,131.7,130.69,131.32,2590,0
20250604,110000,131.52,131.52,130.96,131.02,1318,0
20250604,120000,131.03,131.62,130.96,131.49,471,0
20250604,130000,131.54,131.74,131.26,131.37,943,0
20250604,140000,131.25,132.09,130.87,132.09,1049,0
20250604,150000,132.06,132.58,131.3,131.3,3099,0
20250604,160000,131.3,131.75,131,131.42,1551,0
20250604,170000,131.34,131.49,129.39,129.97,2846,0
20250604,180000,129.93,130.09,129.01,129.98,3395,0
20250604,190000,130.03,130.69,129.5,130.65,1849,0
20250604,200000,130.7,130.7,130.16,130.42,1730,0
20250604,210000,130.36,130.36,129.49,129.69,536,0
20250604,220000,129.68,129.88,129.33,129.52,707,0
20250604,230000,129.65,129.88,129.59,129.84,243,0
20250605,090000,129.96,130.66,129.96,130.6,447,0
20250605,100000,130.53,130.69,130.1,130.14,410,0
20250605,110000,130.17,130.17,129.21,129.81,750,0
20250605,120000,129.7,130.2,129.54,129.91,557,0
20250605,130000,129.91,130.2,129.64,130.18,477,0
20250605,140000,130.05,130.27,129.78,130.16,1511,0
20250605,150000,130.1,130.27,129.66,129.66,757,0
20250605,160000,129.6,130.15,129.56,130.05,468,0
20250605,170000,130.06,130.28,129.88,129.89,883,0
20250605,180000,129.79,129.9,129.62,129.76,307,0
20250605,190000,129.74,129.9,129.32,129.55,1201,0
20250605,200000,129.55,129.81,129.37,129.64,683,0
20250605,210000,129.55,129.7,129.49,129.66,275,0
20250605,220000,129.7,130.01,129.7,130.01,579,0
20250605,230000,130.02,130.02,129.59,129.64,288,0
20250606,090000,129.96,129.96,129.37,129.85,1351,0
20250606,100000,129.8,130.6,129.6,130.36,1711,0
20250606,110000,130.31,130.36,129.72,129.76,904,0
20250606,120000,129.77,130.14,128.42,129.48,2956,0
20250606,130000,129.5,132.55,128.5,129.8,9568,0
20250606,140000,129.66,130.23,129.39,129.52,1392,0
20250606,150000,129.67,129.69,127.45,128.14,4330,0
20250606,160000,128.04,128.66,127.55,128.6,1974,0
20250606,170000,128.6,128.79,126.48,126.58,1809,0
20250606,180000,126.53,126.88,125.76,126.29,2821,0
20250606,190000,126.77,126.84,126.06,126.63,942,0
20250606,200000,126.7,126.86,126.25,126.63,649,0
20250606,210000,126.57,126.65,126.35,126.54,295,0
20250606,220000,126.63,126.98,126.07,126.42,1511,0
20250606,230000,126.42,126.49,125.92,125.98,886,0
20250609,090000,126.59,126.59,125.1,125.17,2336,0
20250609,100000,125.17,125.67,124.35,124.39,2010,0
20250609,110000,124.42,124.73,124.09,124.26,5158,0
20250609,120000,124.31,124.48,123.51,124.47,2329,0
20250609,130000,124.4,124.89,124.22,124.52,2250,0
20250609,140000,124.36,124.36,123.75,124.1,890,0
20250609,150000,124.03,124.03,122.88,123.36,2806,0
20250609,160000,123.38,123.63,123,123.02,1128,0
20250609,170000,123.16,123.66,123.04,123.3,875,0
20250609,180000,123.3,123.44,123.02,123.05,2250,0
20250609,190000,123.22,123.76,123.15,123.71,3436,0
20250609,200000,123.75,124.04,123.58,123.7,554,0
20250609,210000,123.72,123.98,123.41,123.78,2120,0
20250609,220000,123.85,124.21,123.85,123.86,1457,0
20250609,230000,124.1,124.1,123.73,123.73,324,0
20250610,090000,123.99,124.43,123.97,124.29,798,0
20250610,100000,124.3,124.55,123.11,123.37,3588,0
20250610,110000,123.4,123.56,123,123.44,2366,0
20250610,120000,123.37,123.69,122.5,122.83,740,0
20250610,130000,122.79,122.95,122.15,122.41,2053,0
20250610,140000,122.41,123.15,122.4,122.9,764,0
20250610,150000,122.95,123.05,122.47,122.71,778,0
20250610,160000,122.53,122.85,122.31,122.73,1281,0
20250610,170000,122.71,123.16,122.61,122.78,501,0
20250610,180000,122.82,123.7,122.68,123.44,1389,0
20250610,190000,123.58,123.78,122.95,122.99,2018,0
20250610,200000,123.01,123.19,122.88,123.04,815,0
20250610,210000,123.08,123.38,123.08,123.34,219,0
20250610,220000,123.35,123.4,123.08,123.3,244,0
20250610,230000,123.36,123.43,123.05,123.43,221,0
20250611,090000,123.14,123.29,122.7,123.29,1007,0
20250611,100000,123.27,123.87,123.06,123.6,1823,0
20250611,110000,123.6,123.82,123.17,123.17,1262,0
20250611,120000,123.18,123.52,122.58,122.75,1688,0
20250611,130000,122.78,123.3,122.67,123.05,855,0
20250611,140000,123.16,123.29,122.85,123.29,649,0
20250611,150000,123.29,123.69,123.08,123.6,1200,0
20250611,160000,123.56,123.56,123.07,123.11,1081,0
20250611,170000,123.06,123.25,122.85,123.2,352,0
20250611,180000,123.04,123.47,123.03,123.47,827,0
20250611,190000,123.32,123.41,123.01,123.29,768,0
20250611,200000,123.25,123.36,122.91,123.03,854,0
20250611,210000,123.14,123.41,123.1,123.21,989,0
20250611,220000,123.18,123.33,123.11,123.25,360,0
20250611,230000,123.2,123.46,123.19,123.46,708,0
20250613,090000,124.28,124.98,123.35,123.5,2209,0
20250613,100000,123.47,123.88,123.41,123.46,1374,0
20250613,110000,123.46,123.64,123.32,123.56,442,0
20250613,120000,123.5,124.28,123.5,124.21,1123,0
20250613,130000,124.28,124.28,123.95,124.04,493,0
20250613,140000,124.01,124.1,123.75,124.02,326,0
20250613,150000,123.96,124.15,123.83,123.86,293,0
20250613,160000,123.85,124.06,123.79,123.91,123,0
20250613,170000,123.91,124.05,123.78,123.88,237,0
20250613,180000,123.88,124.03,123.76,123.85,110,0
20250613,190000,123.78,123.91,123.56,123.79,773,0
20250613,200000,123.71,123.87,123.62,123.87,251,0
20250613,210000,123.82,123.97,123.78,123.95,126,0
20250613,220000,123.94,124,123.87,123.87,65,0
20250613,230000,123.89,123.97,123.55,123.55,498,0
20250616,090000,125.13,125.69,124.58,124.98,1915,0
20250616,100000,124.98,125.16,124.29,124.58,2005,0
20250616,110000,124.47,124.98,124.45,124.8,999,0
20250616,120000,124.7,125.06,124.55,124.81,783,0
20250616,130000,124.88,124.9,124,124.13,1832,0
20250616,140000,124.17,124.48,124.05,124.18,578,0
20250616,150000,124.31,124.43,123.71,123.84,833,0
20250616,160000,123.85,124.01,123,123.03,2306,0
20250616,170000,123.05,123.55,123.02,123.23,913,0
20250616,180000,123.18,123.34,123.03,123.03,479,0
20250616,190000,123.13,123.56,123.11,123.31,580,0
20250616,200000,123.3,123.46,123.3,123.36,662,0
20250616,210000,123.36,123.4,123.15,123.17,341,0
20250616,220000,123.17,123.26,123.08,123.19,607,0
20250616,230000,123.19,123.35,123.1,123.35,675,0
20250617,090000,123.44,123.44,123.06,123.06,1633,0
20250617,100000,123.07,125.1,123.02,124.5,7721,0
20250617,110000,124.54,124.78,124.23,124.34,3975,0
20250617,120000,124.4,125.43,124.36,125.39,8291,0
20250617,130000,125.36,126.45,125.25,125.52,4036,0
20250617,140000,125.43,125.77,125.37,125.42,4797,0
20250617,150000,125.41,126.19,125.32,125.97,4166,0
20250617,160000,125.98,127.21,125.76,127.21,3968,0
20250617,170000,127.21,127.39,126.9,127.2,2459,0
20250617,180000,127.27,127.38,126.95,127.14,2244,0
20250617,190000,127.25,127.5,127.21,127.37,1410,0
20250617,200000,127.37,128.1,127.37,127.99,2152,0
20250617,210000,128.04,128.42,127.3,127.44,3472,0
20250617,220000,127.41,127.41,126.9,127.33,1960,0
20250617,230000,127.28,127.63,126.97,127.63,845,0
20250618,090000,127.3,127.63,127.02,127.5,2709,0
20250618,100000,127.51,127.58,126.41,126.54,2138,0
20250618,110000,126.47,126.82,126.01,126.17,3361,0
20250618,120000,126.17,127.16,125.86,126.88,1853,0
20250618,130000,126.89,127.69,126.78,127.34,1745,0
20250618,140000,127.28,128.27,126.96,127.64,2648,0
20250618,150000,127.67,127.71,127.13,127.5,1070,0
20250618,160000,127.65,127.76,126.66,127.76,1833,0
20250618,170000,127.65,127.73,126.74,127.09,2535,0
20250618,180000,127.08,127.23,126.61,126.76,2344,0
20250618,190000,126.76,127.69,126.47,127.25,1330,0
20250618,200000,127.25,127.29,126.77,126.88,595,0
20250618,210000,126.9,127.6,126.9,127.34,720,0
20250618,220000,127.32,127.38,127,127.12,685,0
20250618,230000,127.1,127.3,126.92,126.92,186,0
20250619,090000,127.33,127.69,126.98,127.11,978,0
20250619,100000,127.07,127.59,126.8,127.3,1650,0
20250619,110000,127.12,127.53,126.85,127.09,1279,0
20250619,120000,127.05,127.05,126.56,126.64,919,0
20250619,130000,126.6,126.83,126.1,126.24,1872,0
20250619,140000,126.33,126.67,126.23,126.45,916,0
20250619,150000,126.52,126.56,125.38,125.93,4137,0
20250619,160000,125.88,126.55,125.81,126.28,1298,0
20250619,170000,126.41,126.93,126.35,126.77,1072,0
20250619,180000,126.8,126.9,126.35,126.42,415,0
20250619,190000,126.49,126.91,126.45,126.66,833,0
20250619,200000,126.65,126.67,126.33,126.39,512,0
20250619,210000,126.36,126.58,126.27,126.45,275,0
20250619,220000,126.55,126.63,126.4,126.49,117,0
20250619,230000,126.4,126.68,126.39,126.4,304,0
20250620,090000,126.22,126.36,126,126.22,739,0
20250620,100000,126.22,126.49,125.68,126.37,1991,0
20250620,110000,126.36,126.54,126.02,126.14,1166,0
20250620,120000,126.2,126.34,126.12,126.15,821,0
20250620,130000,126.15,126.26,125.86,126.04,872,0
20250620,140000,126.03,126.31,125.53,125.73,1135,0
20250620,150000,125.62,126.85,125.34,126.23,3688,0
20250620,160000,126.29,126.3,125.63,125.73,1038,0
20250620,170000,125.65,125.71,124.33,124.77,2771,0
20250620,180000,124.77,124.79,123.88,123.9,3493,0
20250620,190000,123.9,127.8,123.65,124.13,4550,0
20250620,200000,124.09,124.21,123.81,124.04,988,0
20250620,210000,124.06,124.61,124.06,124.36,325,0
20250620,220000,124.33,124.5,124.16,124.47,285,0
20250620,230000,124.49,124.54,124.14,124.46,660,0
20250623,090000,124.87,125,124.53,125,1313,0
20250623,100000,125,125.02,123.79,124.1,3257,0
20250623,110000,124.1,124.74,123.76,124.74,851,0
20250623,120000,124.74,125.49,124.22,125.22,1694,0
20250623,130000,125.32,125.6,124.9,125.21,1163,0
20250623,140000,125.18,125.7,124.74,125.1,1358,0
20250623,150000,125.02,125.31,124.83,125.01,1050,0
20250623,160000,124.95,126.03,124.95,125.57,2263,0
20250623,170000,125.65,125.86,125.42,125.65,615,0
20250623,180000,125.62,125.82,125.22,125.28,582,0
20250623,190000,125.38,125.82,125.19,125.5,636,0
20250623,200000,125.65,125.65,124.82,125.3,781,0
20250623,210000,125.24,125.24,124.79,125,845,0
20250623,220000,125.02,125.14,124.89,124.97,112,0
20250623,230000,124.97,125.04,124.42,124.8,535,0
20250624,090000,125.15,125.21,122,124.17,7528,0
20250624,100000,124.18,124.36,123.51,123.85,4743,0
20250624,110000,123.79,124.1,123.45,123.76,6949,0
20250624,120000,123.74,124.64,123.49,124.5,2944,0
20250624,130000,124.5,124.64,123.54,123.76,1990,0
20250624,140000,123.77,123.95,123.51,123.78,1101,0
20250624,150000,123.81,123.83,123.16,123.64,1087,0
20250624,160000,123.71,124.23,123.71,123.95,1562,0
20250624,170000,124,125.05,124,124.79,2162,0
20250624,180000,124.84,124.91,124.54,124.81,380,0
20250624,190000,124.82,125.1,124.42,124.49,615,0
20250624,200000,124.49,124.81,124.43,124.47,357,0
20250624,210000,124.47,125.07,124.45,124.65,526,0
20250624,220000,124.65,125.13,124.65,125.13,477,0
20250624,230000,125.14,125.46,125.14,125.46,418,0
20250625,090000,125.15,125.36,124.79,125.22,986,0
20250625,100000,125.19,126.63,125.17,126.3,7446,0
20250625,110000,126.3,126.3,125.83,126.26,1177,0
20250625,120000,126.26,126.27,125.82,126.17,2149,0
20250625,130000,126.19,126.45,126.06,126.27,1407,0
20250625,140000,126.28,126.43,125.89,126.13,833,0
20250625,150000,126.19,126.19,125.4,125.72,1106,0
20250625,160000,125.72,126.04,125.42,125.61,2155,0
20250625,170000,125.49,126.35,125.38,126.3,1140,0
20250625,180000,126.3,127.04,126.3,126.81,3955,0
20250625,190000,126.89,127.19,126.35,126.94,1018,0
20250625,200000,126.88,127.03,126.61,126.68,287,0
20250625,210000,126.68,126.75,126.55,126.57,359,0
20250625,220000,126.69,126.98,126.69,126.88,107,0
20250625,230000,126.88,126.88,126.7,126.73,266,0
20250626,090000,126.89,126.89,126.37,126.37,491,0
20250626,100000,126.44,126.44,125.97,126.36,1083,0
20250626,110000,126.27,127.01,126.02,126.13,4492,0
20250626,120000,126.2,126.53,125.78,126.51,1552,0
20250626,130000,126.55,126.73,126.38,126.66,751,0
20250626,140000,126.59,127.75,126.38,127.75,897,0
20250626,150000,127.76,128.31,127.46,127.64,2886,0
20250626,160000,127.62,127.84,127.17,127.62,2073,0
20250626,170000,127.61,127.9,127.57,127.69,703,0
20250626,180000,127.71,127.72,126.88,127.26,1320,0
20250626,190000,127.27,127.35,127.06,127.06,1937,0
20250626,200000,127.11,127.12,126.86,126.95,260,0
20250626,210000,126.95,127.02,126.86,127,135,0
20250626,220000,126.99,127.13,126.99,127.04,339,0
20250626,230000,127,127.12,126.88,126.97,616,0
20250627,090000,126.65,127.03,126.62,126.8,1190,0
20250627,100000,126.8,126.86,126.3,126.53,1799,0
20250627,110000,126.45,127.09,126.39,126.88,1099,0
20250627,120000,126.82,127.29,126.58,127.04,858,0
20250627,130000,126.94,127.19,126.3,126.39,1394,0
20250627,140000,126.34,126.34,125.8,126.2,1344,0
20250627,150000,126.19,126.31,126.08,126.27,1075,0
20250627,160000,126.23,126.74,126,126.65,581,0
20250627,170000,126.71,128.25,126.54,127.47,2782,0
20250627,180000,127.63,127.86,127.02,127.13,1374,0
20250627,190000,127.02,128,127,127.76,793,0
20250627,200000,127.76,127.96,127.23,127.79,2110,0
20250627,210000,127.67,127.67,127.44,127.45,1292,0
20250627,220000,127.5,127.67,127.38,127.63,1182,0
20250627,230000,127.62,127.79,127.57,127.72,147,0
20250630,090000,127.01,127.24,126.5,127.16,1534,0
20250630,100000,127.16,127.39,126.74,127.03,822,0
20250630,110000,127.04,127.57,126.87,126.87,1572,0
20250630,120000,126.93,127.37,126.93,127.05,918,0
20250630,130000,127.14,128.3,127.14,128.12,2417,0
20250630,140000,128.12,128.71,128.12,128.33,3676,0
20250630,150000,128.42,129.73,128.42,129.68,3106,0
20250630,160000,129.72,130.73,129.66,129.95,6557,0
20250630,170000,129.95,130.23,129.45,130.08,2971,0
20250630,180000,130.14,130.19,129.58,130.08,2044,0
20250630,190000,130.15,130.15,129.73,129.93,1044,0
20250630,200000,129.94,130.05,129.91,130.05,363,0
20250630,210000,130.03,130.21,130.02,130.03,213,0
20250630,220000,130.03,130.37,130.03,130.21,238,0
20250630,230000,130.33,130.33,130.01,130.09,126,0
20250701,090000,130.52,130.86,130.23,130.64,2003,0
20250701,100000,130.7,130.7,130.09,130.32,3810,0
20250701,110000,130.48,130.67,129.5,129.65,3266,0
20250701,120000,129.7,129.87,129.14,129.87,2120,0
20250701,130000,129.78,129.88,129.5,129.7,982,0
20250701,140000,129.76,130.14,129.51,129.99,1279,0
20250701,150000,130,130.26,129.95,130.16,558,0
20250701,160000,130.16,130.32,129.84,130.06,921,0
20250701,170000,129.97,130.15,129.69,130.02,548,0
20250701,180000,130.1,130.1,129.42,129.74,841,0
20250701,190000,129.73,130.25,129.4,129.4,577,0
20250701,200000,129.41,129.62,129.3,129.48,361,0
20250701,210000,129.49,129.49,128.55,128.77,2158,0
20250701,220000,128.74,128.96,128.2,128.34,639,0
20250701,230000,128.5,128.61,128.41,128.46,341,0
20250702,080000,128.95,128.95,128.95,128.95,2,0
20250702,090000,128.95,129.22,128.4,128.79,458,0
20250702,100000,128.69,128.91,128.35,128.57,2986,0
20250702,110000,128.34,128.62,127.69,127.72,3977,0
20250702,120000,127.79,128.2,127.56,127.86,552,0
20250702,130000,128.06,128.27,127.13,128.05,2221,0
20250702,140000,128.02,128.56,127.75,127.75,733,0
20250702,150000,128.06,128.49,127.93,128.18,1587,0
20250702,160000,128.18,128.41,127.69,127.9,11442,0
20250702,170000,127.93,128.04,127.15,127.15,681,0
20250702,180000,127.12,127.24,126.61,127.03,2275,0
20250702,190000,127.23,127.96,126.95,127.41,2397,0
20250702,200000,127.49,127.76,127.47,127.57,611,0
20250702,210000,127.57,127.61,126.82,127.19,1018,0
20250702,220000,127.07,127.46,126.98,127.34,597,0
20250702,230000,127.27,127.37,127.15,127.37,360,0
20250703,090000,127.59,127.81,127.04,127.17,1023,0
20250703,100000,127.18,127.73,126.67,127.66,1848,0
20250703,110000,127.66,129,127.5,128.87,4055,0
20250703,120000,128.93,129.07,128.24,128.36,2382,0
20250703,130000,128.41,128.65,128.17,128.65,1105,0
20250703,140000,128.49,128.64,128.2,128.25,439,0
20250703,150000,128.29,128.69,128.01,128.28,1379,0
20250703,160000,128.27,129.65,128.04,129.3,2143,0
20250703,170000,129.3,129.38,128.87,129.02,1633,0
20250703,180000,129.02,129.12,128.68,128.85,1466,0
20250703,190000,128.91,129.39,128.08,128.42,1557,0
20250703,200000,128.35,128.38,128,128.01,982,0
20250703,210000,128.1,128.32,128,128.19,1397,0
20250703,220000,128.27,128.36,128.17,128.17,285,0
20250703,230000,128.14,128.26,128.11,128.26,91,0
20250704,080000,127.91,127.91,127.91,127.91,21,0
20250704,090000,127.86,128.3,127.71,127.73,1714,0
20250704,100000,127.75,128.19,127.27,127.37,1662,0
20250704,110000,127.29,127.59,127.1,127.41,1604,0
20250704,120000,127.41,128.14,127.28,128.08,949,0
20250704,130000,128.07,128.49,127.95,128.34,796,0
20250704,140000,128.35,128.92,128.18,128.76,1920,0
20250704,150000,128.62,128.93,127.95,127.95,2501,0
20250704,160000,128.07,128.07,127.51,127.75,561,0
20250704,170000,127.74,128.05,127.53,127.91,1544,0
20250704,180000,127.86,127.95,127.44,127.61,2623,0
20250704,190000,127.6,127.7,127.47,127.68,153,0
20250704,200000,127.6,127.84,127.59,127.66,191,0
20250704,210000,127.61,127.99,127.61,127.99,240,0
20250704,220000,127.9,127.93,127.74,127.75,142,0
20250704,230000,127.84,128.06,127.76,127.99,274,0
20250707,080000,127.84,127.84,127.84,127.84,1,0
20250707,090000,127.76,127.76,127.1,127.19,3751,0
20250707,100000,127.19,127.35,125.52,125.86,9706,0
20250707,110000,125.83,126.06,125.58,125.76,5712,0
20250707,120000,125.73,126.3,125.45,125.7,4821,0
20250707,130000,125.68,125.7,124.88,125.29,2260,0
20250707,140000,125.25,125.69,125.14,125.51,1056,0
20250707,150000,125.59,125.59,124.97,125.25,2605,0
20250707,160000,125.12,125.19,124.17,124.4,2246,0
20250707,170000,124.2,124.5,124.07,124.29,3297,0
20250707,180000,124.3,124.39,123.47,123.96,3301,0
20250707,190000,124.02,124.5,123.87,124.4,1407,0
20250707,200000,124.46,124.55,124.24,124.45,223,0
20250707,210000,124.51,124.56,124.25,124.32,1117,0
20250707,220000,124.28,124.46,124.28,124.39,95,0
20250707,230000,124.38,124.41,124.18,124.26,209,0
20250708,090000,124.46,124.67,123.92,124.16,1226,0
20250708,100000,124.2,124.61,123.92,124.43,1326,0
20250708,110000,124.37,124.9,124.21,124.6,1267,0
20250708,120000,124.6,124.83,124.28,124.69,470,0
20250708,130000,124.69,124.73,123.67,124.02,609,0
20250708,140000,123.9,123.95,123,123,2686,0
20250708,150000,123,123.38,122.7,122.88,3372,0
20250708,160000,122.86,123.49,122.86,123.22,1487,0
20250708,170000,123.23,123.78,123.23,123.76,438,0
20250708,180000,123.82,123.94,123.71,123.75,600,0
20250708,190000,123.84,123.93,122.87,122.91,1321,0
20250708,200000,123.05,123.09,122.24,122.28,1193,0
20250708,210000,122.29,122.4,121.42,121.92,4285,0
20250708,220000,121.82,121.93,121.54,121.85,2438,0
20250708,230000,121.83,121.83,121,121.1,6595,0
20250709,080000,121.65,121.65,121.65,121.65,29,0
20250709,090000,121.65,122.27,121,122.27,4361,0
20250709,100000,122.27,122.27,120.58,121.31,8160,0
20250709,110000,121.22,121.82,121,121.68,5229,0
20250709,120000,121.68,121.74,120.6,120.65,6737,0
20250709,130000,120.65,121.08,120.38,120.83,3372,0
20250709,140000,120.71,120.87,120.07,120.46,2520,0
20250709,150000,120.58,121.48,120.58,121.03,2492,0
20250709,160000,120.98,121.04,120.1,120.3,5290,0
20250709,170000,120.28,120.34,118.6,118.99,9063,0
20250709,180000,119.01,119.13,118.2,119.1,2845,0
20250709,190000,118.82,119.72,118.8,119.71,2563,0
20250709,200000,119.7,119.96,119.18,119.45,1344,0
20250709,210000,119.38,119.72,119.32,119.64,243,0
20250709,220000,119.55,120,119.44,119.92,1606,0
20250709,230000,119.93,120,119.62,119.77,1268,0
20250710,080000,120,120,120,120,30,0
20250710,090000,120,120.69,119.97,120.29,2463,0
20250710,100000,120.29,120.74,120.03,120.51,2059,0
20250710,110000,120.51,120.97,120.29,120.94,1980,0
20250710,120000,120.86,121,120.53,120.7,1229,0
20250710,130000,120.7,120.95,120.39,120.55,1968,0
20250710,140000,120.55,120.7,120.05,120.07,2420,0
20250710,150000,120.03,120.88,119.55,120.77,5642,0
20250710,160000,120.81,121.32,120.61,120.97,1702,0
20250710,170000,120.97,121.5,120.47,120.73,3990,0
20250710,180000,120.73,120.75,120.13,120.74,1108,0
20250710,190000,120.74,120.88,120.32,120.32,534,0
20250710,200000,120.39,120.76,120.16,120.76,1021,0
20250710,210000,120.76,120.88,120.46,120.74,282,0
20250710,220000,120.72,121,120.72,120.81,343,0
20250710,230000,120.79,121,120.59,120.89,281,0
20250711,080000,119.95,119.95,119.95,119.95,37,0
20250711,090000,119.94,120.02,119.21,119.29,1232,0
20250711,100000,119.41,120.34,119.41,120.16,2066,0
20250711,110000,120.07,120.13,119.3,119.43,1897,0
20250711,120000,119.44,119.6,118.83,118.9,3015,0
20250711,130000,118.82,118.97,118.45,118.61,1429,0
20250711,140000,118.53,118.82,118.02,118.29,2089,0
20250711,150000,118.24,118.55,117.92,118.29,2203,0
20250711,160000,118.19,118.93,118.16,118.8,2970,0
20250711,170000,118.85,118.85,117,117.07,6952,0
20250711,180000,117.09,117.47,116.25,116.64,4562,0
20250711,190000,116.5,117.2,116.5,117.08,2280,0
20250711,200000,117.11,117.2,116.58,116.82,511,0
20250711,210000,116.71,116.83,116.52,116.64,468,0
20250711,220000,116.7,116.88,116.62,116.62,516,0
20250711,230000,116.61,116.91,116.48,116.57,1866,0
20250714,080000,116.27,116.27,116.27,116.27,22,0
20250714,090000,116.2,116.62,115.92,116.51,3485,0
20250714,100000,116.51,116.85,116.31,116.67,1641,0
20250714,110000,116.67,117.54,116.1,117.31,7191,0
20250714,120000,117.37,117.93,117.21,117.28,7706,0
20250714,130000,117.38,117.6,117.01,117.01,1950,0
20250714,140000,117.01,117.07,116.72,116.91,727,0
20250714,150000,117,117.73,116.99,117.36,703,0
20250714,160000,117.37,117.37,116.56,116.87,1324,0
20250714,170000,116.93,117.73,116.86,116.96,1391,0
20250714,180000,116.93,122,116.42,121.38,18182,0
20250714,190000,121.49,122.45,121.38,122.31,7954,0
20250714,200000,122.36,122.54,121.51,122.03,1714,0
20250714,210000,122.03,122.3,121.81,122.05,1306,0
20250714,220000,122.04,122.26,121.98,122.24,218,0
20250714,230000,122.27,122.65,122.27,122.47,970,0
20250715,080000,122.67,122.67,122.67,122.67,6,0
20250715,090000,122.7,122.87,122.01,122.07,2555,0
20250715,100000,122.05,122.43,121.89,121.91,5302,0
20250715,110000,121.91,122.28,121.89,121.92,1474,0
20250715,120000,121.99,122.93,121.77,122.33,3174,0
20250715,130000,122.34,122.6,122.05,122.25,1816,0
20250715,140000,122.21,122.46,122,122.17,861,0
20250715,150000,122.22,122.39,121.41,121.73,2285,0
20250715,160000,121.75,121.92,121.51,121.67,1039,0
20250715,170000,121.78,122.37,121.78,122,1397,0
20250715,180000,122,122.1,121.64,122.06,804,0
20250715,190000,121.89,121.93,121.8,121.88,669,0
20250715,200000,121.95,122.09,121.89,122,91,0
20250715,210000,122.08,122.2,122.03,122.13,287,0
20250715,220000,122.1,122.1,122,122,373,0
20250715,230000,122,122.03,121.85,121.98,276,0
20250716,090000,122.19,122.19,121.52,121.96,1597,0
20250716,100000,121.94,121.96,121.13,121.45,2277,0
20250716,110000,121.45,121.73,121.37,121.51,1484,0
20250716,120000,121.37,122.35,121.33,122.35,2260,0
20250716,130000,122.35,123.99,121.99,123.42,6036,0
20250716,140000,123.5,123.85,123.4,123.49,3478,0
20250716,150000,123.44,123.45,123.1,123.23,872,0
20250716,160000,123.34,123.78,123.29,123.34,1207,0
20250716,170000,123.33,123.57,123.29,123.49,185,0
20250716,180000,123.5,123.51,123.03,123.11,1541,0
20250716,190000,123.28,123.59,123.2,123.28,1101,0
20250716,200000,123.32,123.59,123.29,123.51,636,0
20250716,210000,123.51,123.54,123.17,123.19,276,0
20250716,220000,123.19,123.32,122.96,122.96,992,0
20250716,230000,122.96,123.28,122.82,123.26,767,0
20250717,090000,123.33,123.8,123.33,123.47,1135,0
20250717,100000,123.46,123.65,123.27,123.44,660,0
20250717,110000,123.48,123.79,123.41,123.65,990,0
20250717,120000,123.6,123.68,123.36,123.6,617,0
20250717,130000,123.6,123.77,122.43,122.72,2634,0
20250717,140000,122.67,122.9,122.33,122.82,1721,0
20250717,150000,122.82,122.82,122.03,122.1,1692,0
20250717,160000,122.07,122.12,121.76,122.03,1231,0
20250717,170000,122,122.38,121.83,122.01,1090,0
20250717,180000,122.01,122.15,121.87,121.88,1437,0
20250717,190000,122.02,122.23,121.01,121.23,2181,0
20250717,200000,121.14,121.96,121.01,121.76,1060,0
20250717,210000,121.75,121.79,121.25,121.5,604,0
20250717,220000,121.53,121.79,121.1,121.24,676,0
20250717,230000,121.29,121.44,121.24,121.3,364,0
20250718,090000,121.44,122.49,120.45,120.62,1784,0
20250718,100000,120.61,123.24,120.61,122.72,3943,0
20250718,110000,122.71,123.94,122.3,123.42,5590,0
20250718,120000,123.41,123.72,123.17,123.42,3217,0
20250718,130000,123.47,124.57,123.43,124.29,3472,0
20250718,140000,124.34,124.5,123.88,124.23,2356,0
20250718,150000,124.35,124.59,124.01,124.1,895,0
20250718,160000,124.05,125.09,124.03,124.88,3271,0
20250718,170000,124.91,126.68,124.91,126.01,6115,0
20250718,180000,126.1,126.65,125.57,125.88,6397,0
20250718,190000,126.29,126.49,126,126.21,2673,0
20250718,200000,126.18,126.21,125.89,126.06,823,0
20250718,210000,126.02,126.26,125.98,126.26,896,0
20250718,220000,126.23,127.77,126.19,126.91,2254,0
20250718,230000,126.95,127.15,126.8,127.15,2007,0
20250721,080000,128.75,128.75,128.75,128.75,65,0
20250721,090000,128.75,128.94,126.9,127.28,3849,0
20250721,100000,127.27,127.76,126.85,127.56,4421,0
20250721,110000,127.51,128.03,127.35,127.62,1502,0
20250721,120000,127.68,128.53,127.55,128.32,2884,0
20250721,130000,128.3,128.74,128.09,128.27,2618,0
20250721,140000,128.17,128.49,127.81,128.3,1897,0
20250721,150000,128.34,128.35,128.01,128.01,398,0
20250721,160000,128.01,128.26,127.6,128.07,712,0
20250721,170000,127.99,128.88,127.9,128.67,728,0
20250721,180000,128.64,128.68,127.79,128.2,1333,0
20250721,190000,128.22,128.34,127.67,128.11,385,0
20250721,200000,128.14,128.67,128.03,128.36,620,0
20250721,210000,128.23,128.62,128.23,128.52,137,0
20250721,220000,128.51,128.51,128.15,128.15,138,0
20250721,230000,128.15,128.52,128.15,128.45,111,0
20250722,080000,128.15,128.15,128.15,128.15,4,0
20250722,090000,128.15,128.28,127.5,127.96,1760,0
20250722,100000,127.92,128.45,127.79,127.79,4421,0
20250722,110000,127.79,128.09,127.7,127.86,938,0
20250722,120000,127.8,128.5,127.48,128.48,2284,0
20250722,130000,128.47,129,128.17,128.89,1558,0
20250722,140000,128.89,129.19,128.5,128.66,1916,0
20250722,150000,128.57,129.31,128.49,128.81,3716,0
20250722,160000,128.91,129.61,128.83,129.4,3247,0
20250722,170000,129.38,129.68,128.7,128.88,3492,0
20250722,180000,128.81,128.91,128.67,128.91,1387,0
20250722,190000,128.91,129.46,128.81,129.01,3866,0
20250722,200000,128.99,129.17,128.89,129.17,78,0
20250722,210000,129.16,129.19,129.02,129.11,426,0
20250722,220000,129.17,129.5,129.14,129.46,299,0
20250722,230000,129.48,129.54,129.32,129.32,472,0
20250723,080000,129.49,129.49,129.49,129.49,4,0
20250723,090000,129.35,129.88,129.25,129.79,774,0
20250723,100000,129.68,129.96,129.54,129.64,9736,0
20250723,110000,129.62,129.72,129.31,129.43,5383,0
20250723,120000,129.46,129.83,129.37,129.75,2897,0
20250723,130000,129.74,129.88,129.5,129.87,1307,0
20250723,140000,129.86,130.17,129.77,130.13,3323,0
20250723,150000,130.11,130.22,129.71,129.84,1245,0
20250723,160000,129.81,129.99,129.17,129.54,3503,0
20250723,170000,129.5,129.57,129.02,129.28,2155,0
20250723,180000,129.2,130.12,129.14,130.12,1691,0
20250723,190000,130.13,130.32,129.42,129.93,1249,0
20250723,200000,129.95,130.16,129.93,129.99,151,0
20250723,210000,130.04,130.5,129.66,130.06,820,0
20250723,220000,129.98,129.99,129.27,129.55,1519,0
20250723,230000,129.56,129.64,129.32,129.44,306,0
20250724,080000,129.45,129.45,129.45,129.45,5,0
20250724,090000,129.45,129.95,129.37,129.57,567,0
20250724,100000,129.65,129.7,128.73,129.04,1905,0
20250724,110000,129.04,129.21,128.3,128.89,2501,0
20250724,120000,128.93,129.05,128.5,128.84,1055,0
20250724,130000,128.75,128.99,128.19,128.23,4942,0
20250724,140000,128.3,128.3,127.81,128.24,1659,0
20250724,150000,128.17,128.65,128.05,128.29,5045,0
20250724,160000,128.33,128.33,127.78,128.08,1372,0
20250724,170000,128.09,128.14,127.82,127.85,232,0
20250724,180000,127.84,127.84,127.22,127.57,1899,0
20250724,190000,127.63,127.95,127.41,127.95,1979,0
20250724,200000,127.96,128.21,127.96,128.09,708,0
20250724,210000,128.08,128.24,128.07,128.19,301,0
20250724,220000,128.22,128.23,128.02,128.04,139,0
20250724,230000,128.04,128.27,128.02,128.27,133,0
20250725,090000,128.23,128.66,128.16,128.17,745,0
20250725,100000,128.13,128.3,127.96,128.02,615,0
20250725,110000,128.03,128.21,127.98,128.15,413,0
20250725,120000,128.15,128.82,128.15,128.6,1716,0
20250725,130000,128.58,129.21,126.29,127.95,11809,0
20250725,140000,127.97,128.66,127.38,127.96,1731,0
20250725,150000,127.94,128.77,127.41,127.76,1922,0
20250725,160000,127.71,127.72,126.85,127.25,2931,0
20250725,170000,127.17,127.17,126.3,126.63,2535,0
20250725,180000,126.53,126.56,125.91,126.36,1604,0
20250725,190000,126.45,126.46,125.78,126.24,456,0
20250725,200000,126.3,126.88,126.3,126.74,345,0
20250725,210000,126.77,126.87,126.66,126.86,332,0
20250725,220000,126.82,126.87,126.67,126.8,370,0
20250725,230000,126.76,126.88,126.66,126.66,272,0
20250728,080000,125.88,125.88,125.88,125.88,43,0
20250728,090000,125.82,125.94,124.89,125.05,2950,0
20250728,100000,125.03,125.48,124.29,124.87,3237,0
20250728,110000,124.87,125.35,124.64,125.35,2544,0
20250728,120000,125.27,125.5,124.83,125.18,2254,0
20250728,130000,125.16,125.64,124.93,125.03,927,0
20250728,140000,125,125.12,124.11,124.24,2517,0
20250728,150000,124.2,124.2,122.87,123.54,8591,0
20250728,160000,123.57,123.81,122.25,123.39,8132,0
20250728,170000,123.23,123.45,122.59,123.13,2889,0
20250728,180000,123.19,123.21,122.8,122.85,1262,0
20250728,190000,122.95,123.35,122.92,123,674,0
20250728,200000,122.98,123.22,122.91,122.97,295,0
20250728,210000,122.97,123.1,122.8,123.02,727,0
20250728,220000,123.01,123.02,122.76,122.88,608,0
20250728,230000,122.88,123.14,122.75,123.14,451,0
20250729,090000,123.16,123.24,121.77,123.21,1807,0
20250729,100000,123.21,123.45,122.32,123.05,6395,0
20250729,110000,123.06,123.33,122.56,122.99,1665,0
20250729,120000,122.99,123.03,122.54,122.92,844,0
20250729,130000,122.94,123.19,122.64,122.95,540,0
20250729,140000,123.14,123.77,123.14,123.63,1595,0
20250729,150000,123.67,123.99,123,123.83,4306,0
20250729,160000,123.83,123.83,123.15,123.36,1203,0
20250729,170000,123.4,123.83,123.33,123.83,1050,0
20250729,180000,123.83,124.03,123.54,123.7,1808,0
20250729,190000,123.67,123.92,123.63,123.67,414,0
20250729,200000,123.67,123.84,122.23,122.34,1927,0
20250729,210000,122.34,122.71,122.3,122.71,1156,0
20250729,220000,122.71,122.9,122.64,122.8,451,0
20250729,230000,122.77,123.09,122.74,122.77,221,0
20250730,080000,122.73,122.73,122.73,122.73,10,0
20250730,090000,122.71,122.85,122.45,122.81,836,0
20250730,100000,122.6,122.65,121.82,122.49,1729,0
20250730,110000,122.45,122.85,122.33,122.54,870,0
20250730,120000,122.53,122.65,122.14,122.17,167,0
20250730,130000,122.14,122.45,122.03,122.34,1035,0
20250730,140000,122.33,122.42,122.08,122.39,395,0
20250730,150000,122.28,122.43,121.4,121.47,2238,0
20250730,160000,121.4,121.79,121.16,121.41,2063,0
20250730,170000,121.49,121.78,121.38,121.63,928,0
20250730,180000,121.63,121.64,121.31,121.48,857,0
20250730,190000,121.56,121.67,121.34,121.34,488,0
20250730,200000,121.34,121.56,121.28,121.48,1298,0
20250730,210000,121.45,121.58,121.42,121.47,236,0
20250730,220000,121.43,121.6,121.43,121.6,116,0
20250730,230000,121.57,121.94,121.42,121.63,654,0
20250731,080000,121.65,121.65,121.65,121.65,10,0
20250731,090000,121.98,122.45,121.82,122.29,3881,0
20250731,100000,122.23,122.53,121.4,121.64,5105,0
20250731,110000,121.66,121.85,120.9,121.2,2604,0
20250731,120000,121.2,122.17,121.15,121.99,2088,0
20250731,130000,122.04,122.3,121.84,122.14,847,0
20250731,140000,122.16,122.31,121.65,121.73,1209,0
20250731,150000,121.68,121.8,121.52,121.52,955,0
20250731,160000,121.63,122.3,121.57,122.23,485,0
20250731,170000,122.23,122.27,121.97,122.24,982,0
20250731,180000,122.27,122.49,122.03,122.42,2180,0
20250731,190000,122.41,123.03,122.36,122.65,2448,0
20250731,200000,122.63,122.98,122.63,122.91,530,0
20250731,210000,122.81,122.86,122.43,122.45,412,0
20250731,220000,122.51,122.84,122.47,122.84,440,0
20250731,230000,122.65,122.93,122.65,122.8,651,0
20250801,080000,124,124,124,124,196,0
20250801,090000,124.06,124.5,123.71,124.1,3354,0
20250801,100000,124.04,124.3,123.53,123.8,2283,0
20250801,110000,123.79,123.86,123.53,123.77,642,0
20250801,120000,123.81,123.84,123.13,123.49,1127,0
20250801,130000,123.49,123.62,123.19,123.46,982,0
20250801,140000,123.42,123.45,122,122.34,3196,0
20250801,150000,122.32,122.71,122.1,122.11,1324,0
20250801,160000,122.11,122.66,122.11,122.33,757,0
20250801,170000,122.35,122.54,122.14,122.54,1329,0
20250801,180000,122.54,122.55,122.25,122.28,534,0
20250801,190000,122.19,122.57,121.32,121.58,1181,0
20250801,200000,121.58,122.09,120.26,121.95,3712,0
20250801,210000,121.96,122.25,121.68,122.25,1092,0
20250801,220000,122.03,122.11,121.63,121.99,516,0
20250801,230000,122.05,122.17,121.75,121.79,387,0
20250804,080000,122.36,122.36,122.36,122.36,21,0
20250804,090000,122.36,122.86,121.78,122.02,1952,0
20250804,100000,122.02,123.19,121.94,123.01,1706,0
20250804,110000,123,123.54,122.91,123.05,1267,0
20250804,120000,123.05,123.65,122.99,123.42,1923,0
20250804,130000,123.42,124.18,123.2,124.04,1962,0
20250804,140000,124.04,124.56,124.04,124.34,3717,0
20250804,150000,124.35,124.83,124.1,124.71,1698,0
20250804,160000,124.66,125.2,124.62,124.83,2524,0
20250804,170000,124.78,125.85,124.64,125.26,3934,0
20250804,180000,125.27,126.18,125.26,125.79,1939,0
20250804,190000,125.87,126.09,125.35,125.64,1514,0
20250804,200000,125.68,126.08,125.34,125.79,610,0
20250804,210000,125.78,125.81,125.5,125.8,755,0
20250804,220000,125.79,125.9,125.7,125.7,285,0
20250804,230000,125.71,126.18,125.71,126.05,424,0
20250805,090000,125.75,126.9,125.67,126.47,1975,0
20250805,100000,126.42,126.42,125.85,125.85,1632,0
20250805,110000,125.85,125.85,125.37,125.53,2775,0
20250805,120000,125.45,125.55,124.93,125.18,2670,0
20250805,130000,125.24,125.6,125.04,125.29,779,0
20250805,140000,125.16,125.72,125.15,125.5,640,0
20250805,150000,125.49,126.38,125.01,126.05,3611,0
20250805,160000,126.05,126.3,125.71,126.18,1583,0
20250805,170000,126.07,126.32,125.73,125.94,2442,0
20250805,180000,125.84,126.15,125.72,125.84,1037,0
20250805,190000,125.95,126.47,125.86,126.15,712,0
20250805,200000,126.2,126.72,126.08,126.14,551,0
20250805,210000,126.06,126.34,126.06,126.34,102,0
20250805,220000,126.35,126.45,126.14,126.14,125,0
20250805,230000,126.21,126.33,126.14,126.32,164,0
20250806,090000,126.15,126.68,126.14,126.53,1326,0
20250806,100000,126.54,126.8,125.9,126.18,1105,0
20250806,110000,126.17,126.32,125.52,125.8,1254,0
20250806,120000,125.78,126.04,125.73,125.88,1061,0
20250806,130000,125.98,126.12,125.79,125.93,2143,0
20250806,140000,125.97,126.1,125.54,126.07,787,0
20250806,150000,126.1,126.37,125.5,125.64,3493,0
20250806,160000,125.55,125.99,124.42,125.05,5208,0
20250806,170000,125.05,126.45,124,124.32,10579,0
20250806,180000,124.35,124.78,124.05,124.54,2331,0
20250806,190000,124.44,125.94,123.96,124.72,2069,0
20250806,200000,124.7,127.31,124.7,126.97,4913,0
20250806,210000,127.08,131.19,126.9,131.02,6537,0
20250806,220000,131.15,132.95,129.22,131.04,15055,0
20250806,230000,130.87,131.59,129.46,130.3,5953,0
20250807,090000,130.36,130.8,129.95,129.99,2446,0
20250807,100000,130.05,131.3,129.71,130.83,2750,0
20250807,110000,130.87,135.92,130.87,135.39,34468,0
20250807,120000,135.45,135.75,134.64,134.92,11170,0
20250807,130000,134.92,136.21,134.61,135.75,7839,0
20250807,140000,135.75,136.13,135.04,135.99,9943,0
20250807,150000,135.94,136.18,134.66,135.4,6562,0
20250807,160000,135.27,135.33,134.66,135.19,2718,0
20250807,170000,135.19,135.44,134.9,135.22,3855,0
20250807,180000,135.22,135.4,132.3,132.73,20507,0
20250807,190000,132.75,133.41,131.52,133.06,7591,0
20250807,200000,132.9,133,131.95,132.12,1959,0
20250807,210000,132.12,134.3,132.01,133.82,3190,0
20250807,220000,133.82,134.2,133.59,134.1,423,0
20250807,230000,134.1,136.3,133.4,134.7,4007,0
20250808,090000,134.6,134.9,134.37,134.75,1484,0
20250808,100000,134.7,134.7,133.19,133.47,4334,0
20250808,110000,133.49,133.82,133.3,133.82,1196,0
20250808,120000,133.82,134.06,133.07,133.28,2370,0
20250808,130000,133.29,133.8,132.74,133.53,2435,0
20250808,140000,133.64,134.59,133.5,134.42,1500,0
20250808,150000,134.42,134.8,134,134.01,2562,0
20250808,160000,134.1,134.59,134.01,134.56,401,0
20250808,170000,134.52,137.69,133.9,137.61,13709,0
20250808,180000,137.7,138.49,137.24,137.74,10393,0
20250808,190000,137.75,138.34,137.4,138.25,3968,0
20250808,200000,138.17,138.47,137.36,138.06,4221,0
20250808,210000,138.06,138.4,137.92,138.16,1486,0
20250808,220000,138.16,138.27,137.96,138.23,557,0
20250808,230000,138.24,143.55,138.16,141.49,15128,0
20250811,090000,143.1,143.65,141.55,142.87,9884,0
20250811,100000,142.83,143.1,141.75,141.9,8142,0
20250811,110000,141.91,143.07,141.91,142.73,3894,0
20250811,120000,142.72,142.92,142.02,142.22,1410,0
20250811,130000,142.27,142.34,141.65,142.14,3853,0
20250811,140000,142,142.99,141.96,142.7,2466,0
20250811,150000,142.65,142.81,142.38,142.65,2192,0
20250811,160000,142.5,142.74,141.7,142.6,3500,0
20250811,170000,142.53,143.2,142.22,142.8,1169,0
20250811,180000,142.78,142.95,138.12,140.31,15452,0
20250811,190000,140.2,140.99,138.81,139.24,8487,0
20250811,200000,139.28,140.41,139.15,139.7,1629,0
20250811,210000,139.76,140.27,139.7,140.16,401,0
20250811,220000,140.1,140.2,139.77,140.18,152,0
20250811,230000,140.19,140.5,140.15,140.35,518,0
20250812,090000,139.6,140.15,139.46,139.9,1607,0
20250812,100000,139.84,140.22,139.35,139.72,1852,0
20250812,110000,139.71,140.05,139.19,139.6,2579,0
20250812,120000,139.56,139.88,139.34,139.88,561,0
20250812,130000,139.83,140.09,139.39,139.65,681,0
20250812,140000,139.57,139.6,139.15,139.38,550,0
20250812,150000,139.33,139.75,139.14,139.71,791,0
20250812,160000,139.69,140.58,139.31,140.1,2749,0
20250812,170000,140.1,141.45,140.07,140.87,4642,0
20250812,180000,140.87,141.61,140.73,141.34,2906,0
20250812,190000,141.29,141.4,140.98,141.22,1872,0
20250812,200000,141.13,141.2,140.29,141.14,899,0
20250812,210000,141.17,141.29,141.03,141.17,494,0
20250812,220000,141.12,141.33,140.93,141.08,538,0
20250812,230000,141.09,141.16,140.84,141.02,625,0
20250813,090000,141.58,142.03,141.35,141.81,1263,0
20250813,100000,141.77,142.05,140.5,140.6,2195,0
20250813,110000,140.51,140.7,139.92,140.3,2391,0
20250813,120000,140.25,140.7,139.77,140.2,1451,0
20250813,130000,140.19,140.69,139.8,140.44,1773,0
20250813,140000,140.4,140.45,139.51,139.75,1357,0
20250813,150000,139.75,140.85,139.69,140.27,3964,0
20250813,160000,140.26,140.57,139.9,140.25,1261,0
20250813,170000,140.23,140.8,139.6,139.93,5916,0
20250813,180000,139.92,140.4,139.75,140.12,1831,0
20250813,190000,140.48,140.48,139.74,139.92,1757,0
20250813,200000,139.9,140.18,139.61,139.87,1029,0
20250813,210000,139.93,140.2,139.85,140.16,796,0
20250813,220000,140.03,140.1,139.74,139.88,177,0
20250813,230000,139.81,139.81,139.25,139.71,797,0
20250814,090000,138.64,139.08,138.02,138.69,3198,0
20250814,100000,138.62,138.62,137.83,138.28,4045,0
20250814,110000,138.2,138.36,137.45,137.5,2369,0
20250814,120000,137.5,138.5,137.49,138.31,2247,0
20250814,130000,138.21,138.92,138.13,138.83,1503,0
20250814,140000,138.7,139.31,138.6,139.2,1508,0
20250814,150000,139.21,140.1,139.21,140.08,2744,0
20250814,160000,140.09,140.8,139.9,140.71,3227,0
20250814,170000,140.8,140.8,139.38,139.7,3080,0
20250814,180000,139.77,139.81,139.4,139.52,707,0
20250814,190000,139.63,140.09,139.47,140.03,1087,0
20250814,200000,140.02,140.68,139.91,140.56,748,0
20250814,210000,140.53,141.05,140.53,140.79,2113,0
20250814,220000,140.79,140.79,140.36,140.6,582,0
20250814,230000,140.63,140.76,140.36,140.51,375,0
20250815,090000,140.69,140.79,140.24,140.49,706,0
20250815,100000,140.43,140.5,139.83,140.37,1360,0
20250815,110000,140.34,140.86,140.13,140.75,1311,0
20250815,120000,140.73,141.28,140.63,140.8,2045,0
20250815,130000,140.76,141.43,140.55,141.11,3612,0
20250815,140000,141.1,141.73,140.86,141.6,2822,0
20250815,150000,141.66,141.86,140.96,141.62,2096,0
20250815,160000,141.62,142.65,141.55,142.65,3108,0
20250815,170000,142.65,143.24,142.52,142.79,3995,0
20250815,180000,142.8,142.9,142.52,142.86,3248,0
20250815,190000,142.89,143.26,142.65,143.26,4004,0
20250815,200000,143.22,143.48,142.61,142.83,1155,0
20250815,210000,142.9,143.62,142.78,143.14,1684,0
20250815,220000,143.14,143.36,142.03,142.72,2826,0
20250815,230000,142.68,143.19,142.34,142.83,1230,0
20250816,100000,139.03,139.03,138.63,138.76,5923,0
20250816,110000,138.68,138.77,138.63,138.63,539,0
20250816,120000,138.63,138.63,138.63,138.63,413,0
20250816,130000,138.63,138.63,138.63,138.63,264,0
20250816,140000,138.63,138.63,138.63,138.63,79,0
20250816,150000,138.63,138.63,138.63,138.63,53,0
20250816,160000,138.63,139.37,138.63,138.64,2662,0
20250816,170000,138.65,138.79,138.63,138.63,651,0
20250816,180000,138.63,138.63,138.63,138.63,208,0
20250817,100000,138.63,138.63,138.63,138.63,34,0
20250817,110000,138.63,138.63,138.63,138.63,13,0
20250817,120000,138.63,138.63,138.63,138.63,8,0
20250817,130000,138.63,138.63,138.63,138.63,7,0
20250817,150000,138.63,138.63,138.63,138.63,1,0
20250817,160000,138.63,138.63,138.63,138.63,11,0
20250817,170000,138.63,138.63,138.63,138.63,12,0
20250817,180000,138.63,138.63,138.63,138.63,6,0
20250818,090000,138.62,138.74,136.71,138.01,10547,0
20250818,100000,138,138,137.07,137.8,11560,0
20250818,110000,137.85,138.15,137.48,138.07,5335,0
20250818,120000,138.07,138.66,138.07,138.37,2477,0
20250818,130000,138.3,138.37,137.79,138.02,2041,0
20250818,140000,138.1,138.15,137.54,138,1141,0
20250818,150000,137.96,138.89,137.85,138.79,1699,0
20250818,160000,138.73,139.1,138.3,138.3,2343,0
20250818,170000,138.33,138.6,137.58,137.65,2684,0
20250818,180000,137.74,137.9,137.26,137.51,2120,0
20250818,190000,137.57,138.32,137.21,137.66,2049,0
20250818,200000,137.66,138.54,137.58,138.1,2336,0
20250818,210000,138.1,140.47,137.73,139.91,2489,0
20250818,220000,139.94,141.95,138.78,139.65,10808,0
20250818,230000,139.65,140.1,139.46,139.63,1357,0
20250819,090000,140.06,140.95,140.06,140.41,4788,0
20250819,100000,140.38,140.89,139.84,140.12,6037,0
20250819,110000,140.18,140.39,139.8,140.02,1617,0
20250819,120000,140.01,140.61,139.3,139.55,2538,0
20250819,130000,139.56,139.92,139.05,139.49,1486,0
20250819,140000,139.57,140.2,139.56,140.19,1131,0
20250819,150000,140.11,140.2,139.07,139.21,3664,0
20250819,160000,139.21,139.72,139.04,139.72,1552,0
20250819,170000,139.66,139.72,139.08,139.08,492,0
20250819,180000,139.07,139.21,137.45,137.66,4125,0
20250819,190000,137.6,138.19,137.47,138,1092,0
20250819,200000,137.93,138.98,137.12,138.52,5144,0
20250819,210000,138.49,138.88,138.14,138.32,1569,0
20250819,220000,138.33,138.6,138.25,138.59,1167,0
20250819,230000,138.52,138.53,138.13,138.23,670,0
20250820,090000,138.03,138.57,137.64,138.56,924,0
20250820,100000,138.55,138.55,137.72,137.74,1897,0
20250820,110000,137.7,137.96,137.41,137.67,1394,0
20250820,120000,137.68,137.76,137.11,137.11,1360,0
20250820,130000,137.1,137.63,136.91,137.28,1496,0
20250820,140000,137.2,137.26,136.4,136.68,3166,0
20250820,150000,136.68,136.68,136.09,136.65,2654,0
20250820,160000,136.68,136.68,135.03,135.27,4404,0
20250820,170000,135.26,135.67,133.87,135.3,5223,0
20250820,180000,135.31,135.7,135.23,135.63,1783,0
20250820,190000,135.52,135.59,134.98,135.19,1876,0
20250820,200000,135.27,135.5,135.16,135.31,312,0
20250820,210000,135.22,135.58,135.17,135.5,329,0
20250820,220000,135.44,135.67,135.36,135.51,503,0
20250820,230000,135.5,135.54,135.39,135.53,332,0
20250821,090000,135.01,135.42,134.87,134.87,1044,0
20250821,100000,134.87,135,133.98,134.16,5019,0
20250821,110000,134.13,134.17,133.58,133.69,3656,0
20250821,120000,133.66,134.58,133.45,134.5,1659,0
20250821,130000,134.5,134.5,133,133.42,4265,0
20250821,140000,133.54,135.22,133.54,134.49,4065,0
20250821,150000,134.5,134.68,134.25,134.45,643,0
20250821,160000,134.29,134.29,132.83,133.02,3353,0
20250821,170000,133.02,133.13,131.79,131.98,6671,0
20250821,180000,131.97,132.21,130.67,131.08,3636,0
20250821,190000,131.23,131.62,130.82,131.2,2605,0
20250821,200000,131.4,131.61,131.06,131.61,1708,0
20250821,210000,131.61,131.65,130.85,131.04,1749,0
20250821,220000,131.21,131.29,130.7,130.76,833,0
20250821,230000,130.76,131.27,130.76,131.27,1970,0
20250822,090000,131,131.98,131,131.41,2936,0
20250822,100000,131.35,131.8,130.89,131.24,3033,0
20250822,110000,131.12,131.5,130.93,131.1,1569,0
20250822,120000,131.08,131.71,130.96,131.2,1795,0
20250822,130000,131.21,132.29,131.21,132.23,3389,0
20250822,140000,132.29,132.8,132.01,132.48,2128,0
20250822,150000,132.49,132.61,131.79,131.86,1787,0
20250822,160000,131.86,132.47,131.79,132.42,1144,0
20250822,170000,132.22,132.57,131.53,131.73,1443,0
20250822,180000,131.66,132.35,131.65,132.22,643,0
20250822,190000,132.16,132.46,131.96,132.16,1236,0
20250822,200000,132.19,132.5,131.75,132.17,613,0
20250822,210000,132.03,132.13,131.81,132.13,418,0
20250822,220000,132.03,132.49,131.91,132.19,2888,0
20250822,230000,132.2,132.72,132.2,132.62,760,0
20250823,100000,132.73,133.2,132.47,132.58,728,0
20250823,110000,132.58,132.99,132.55,132.99,295,0
20250823,120000,132.98,133,132.8,132.99,179,0
20250823,130000,132.97,133,132.7,132.91,1728,0
20250823,140000,132.99,133.04,132.66,132.77,153,0
20250823,150000,132.83,132.94,132.83,132.94,35,0
20250823,160000,132.94,132.94,132.9,132.9,19,0
20250823,170000,132.9,132.97,132.86,132.86,61,0
20250823,180000,132.92,132.95,132.84,132.9,100,0
20250824,100000,132.84,133.1,131.91,132.33,972,0
20250824,110000,132.22,132.52,132.12,132.28,439,0
20250824,120000,132.2,132.5,132.2,132.45,236,0
20250824,130000,132.3,132.42,132.19,132.42,246,0
20250824,140000,132.24,132.62,132.22,132.49,561,0
20250824,150000,132.51,132.61,132.45,132.45,124,0
20250824,160000,132.43,132.47,132.05,132.3,149,0
20250824,170000,132.3,132.46,132.16,132.39,80,0
20250824,180000,132.26,132.34,132.08,132.14,79,0
20250825,090000,132.18,132.18,131.34,131.92,2003,0
20250825,100000,131.84,132.02,131.61,131.72,2843,0
20250825,110000,131.67,131.67,130.03,130.58,4458,0
20250825,120000,130.58,131.22,130.58,130.67,1538,0
20250825,130000,130.67,131.11,130.6,131.06,849,0
20250825,140000,131.08,131.11,130.41,130.53,898,0
20250825,150000,130.5,130.67,129.87,130.28,1691,0
20250825,160000,130.29,131.45,130.13,131.29,4155,0
20250825,170000,131.4,131.79,131.19,131.27,2442,0
20250825,180000,131.3,132.26,131.25,132.15,1928,0
20250825,190000,132.35,132.92,132.33,132.72,1599,0
20250825,200000,132.78,132.84,132.3,132.61,695,0
20250825,210000,132.59,132.65,132.31,132.38,281,0
20250825,220000,132.42,132.64,132.41,132.6,71,0
20250825,230000,132.55,132.56,132.35,132.56,1205,0
20250826,090000,132.99,134.1,132.92,133.9,4059,0
20250826,100000,133.94,134.62,133.92,133.94,5231,0
20250826,110000,133.95,134.17,133.65,134,2298,0
20250826,120000,134.04,134.06,133.4,133.5,1136,0
20250826,130000,133.56,134.15,133.54,134.12,1001,0
20250826,140000,134.05,134.41,133.85,133.9,4186,0
20250826,150000,133.9,134.04,133.5,133.68,870,0
20250826,160000,133.59,133.59,132.76,132.76,2426,0
20250826,170000,132.8,133.25,132.56,132.57,3546,0
20250826,180000,132.57,132.98,132.31,132.83,1794,0
20250826,190000,132.9,133.24,132.52,132.6,1144,0
20250826,200000,132.85,133.03,132.74,132.81,214,0
20250826,210000,132.84,133.58,132.84,133.43,930,0
20250826,220000,133.35,133.5,133.1,133.5,260,0
20250826,230000,133.41,133.79,133.35,133.7,513,0
20250827,090000,133.88,133.88,133.01,133.37,1785,0
20250827,100000,133.35,134.34,133.24,133.97,1500,0
20250827,110000,134.05,134.21,133.58,133.9,879,0
20250827,120000,133.97,134.12,133.82,133.82,592,0
20250827,130000,133.92,134.08,133.79,134.03,390,0
20250827,140000,133.9,135.18,133.83,134.8,2182,0
20250827,150000,134.8,135.7,134.8,135.63,3221,0
20250827,160000,135.67,136.16,135.26,135.43,5467,0
20250827,170000,135.46,135.86,135.45,135.54,3449,0
20250827,180000,135.51,135.51,135.07,135.28,1101,0
20250827,190000,135.47,135.99,135.37,135.73,796,0
20250827,200000,135.68,136.17,135.54,135.91,1567,0
20250827,210000,135.93,136.35,135.93,136.16,1131,0
20250827,220000,136.1,136.14,135.89,136.05,372,0
20250827,230000,136.14,136.27,135.71,135.87,463,0
20250828,090000,135.91,136.08,135.59,135.66,2424,0
20250828,100000,135.63,135.87,135.03,135.04,4977,0
20250828,110000,135.11,135.4,134.93,135.13,1104,0
20250828,120000,135.06,135.4,134.82,135.3,2288,0
20250828,130000,135.36,135.65,134.58,134.8,1719,0
20250828,140000,134.8,135.01,134.64,134.66,2353,0
20250828,150000,134.77,135.41,134.72,135.37,706,0
20250828,160000,135.39,135.47,134.65,134.65,936,0
20250828,170000,134.72,135.02,134.68,134.86,411,0
20250828,180000,134.98,135.34,134.73,134.99,1826,0
20250828,190000,134.96,135.14,134.96,135,126,0
20250828,200000,135.01,135.06,132,132.93,7099,0
20250828,210000,132.94,132.98,131.85,132.83,7675,0
20250828,220000,132.84,132.84,132.11,132.22,623,0
20250828,230000,132.35,133.58,132.26,133.58,898,0
20250829,090000,133.59,134.06,133.51,133.53,3565,0
20250829,100000,133.57,134.45,133.24,134.31,6647,0
20250829,110000,134.26,134.51,133.9,134.48,633,0
20250829,120000,134.33,134.38,133.24,133.63,1532,0
20250829,130000,133.6,133.81,132.57,133.52,4003,0
20250829,140000,133.52,133.52,132.03,133.25,3854,0
20250829,150000,133.21,133.34,132.94,133.34,655,0
20250829,160000,133.32,133.63,133.1,133.13,926,0
20250829,170000,133.24,136.54,133.24,135.8,7769,0
20250829,180000,135.85,136.43,135.26,135.63,3436,0
20250829,190000,135.59,135.71,135.35,135.71,1013,0
20250829,200000,135.62,136.13,135.5,136.01,1905,0
20250829,210000,136.06,136.19,135.75,135.88,530,0
20250829,220000,135.84,135.86,135.63,135.8,238,0
20250829,230000,135.88,136.11,135.77,136.08,993,0
20250830,100000,135.83,136.29,135.8,136.29,1683,0
20250830,110000,136.32,136.43,136.12,136.22,534,0
20250830,120000,136.21,136.26,136.05,136.24,80,0
20250830,130000,136.22,136.25,135.93,136.2,228,0
20250830,140000,136.14,136.23,135.99,136.12,28,0
20250830,150000,136.16,136.22,135.96,136.16,72,0
20250830,160000,136.14,136.14,136,136.14,92,0
20250830,170000,136.01,136.17,135.95,135.95,39,0
20250830,180000,135.92,135.99,135.5,135.94,219,0
20250831,100000,136.15,136.48,136.08,136.4,171,0
20250831,110000,136.42,136.65,136.38,136.5,564,0
20250831,120000,136.47,136.55,136.31,136.31,610,0
20250831,130000,136.32,136.67,136.25,136.34,255,0
20250831,140000,136.25,136.51,136.1,136.5,974,0
20250831,150000,136.45,136.64,136.16,136.25,194,0
20250831,160000,136.27,136.44,135.87,136.41,234,0
20250831,170000,136.36,136.54,136.36,136.54,102,0
20250831,180000,136.48,136.62,136.48,136.5,131,0
20250901,080000,136.95,136.95,136.95,136.95,50,0
20250901,090000,136.95,137.65,136.95,137.27,2398,0
20250901,100000,137.25,137.36,136.1,136.2,3072,0
20250901,110000,136.13,136.56,136.12,136.4,1926,0
20250901,120000,136.47,136.72,136.06,136.06,625,0
20250901,130000,136.03,136.34,135.82,136.22,812,0
20250901,140000,136.26,136.4,136.24,136.26,347,0
20250901,150000,136.21,136.34,135.95,136.02,1003,0
20250901,160000,136.03,136.04,135.38,135.71,1590,0
20250901,170000,135.6,135.71,134.27,134.99,3890,0
20250901,180000,135.02,135.29,134.6,134.75,1909,0
20250901,190000,134.59,134.88,134.15,134.29,929,0
20250901,200000,134.33,134.84,134.15,134.77,348,0
20250901,210000,134.77,135.05,134.51,134.68,423,0
20250901,220000,134.69,135.1,134.66,135.1,421,0
20250901,230000,135.09,135.19,134.78,135.12,1102,0
20250902,080000,135.7,135.7,135.7,135.7,275,0
20250902,090000,135.7,135.98,134.14,134.24,4692,0
20250902,100000,134.16,134.53,133.35,133.99,5136,0
20250902,110000,133.96,134.42,133.5,134.29,1796,0
20250902,120000,134.26,135,133.9,134.27,1313,0
20250902,130000,134.28,134.33,133.87,134.04,1051,0
20250902,140000,134.11,134.48,134.02,134.29,316,0
20250902,150000,134.31,134.66,132.45,132.61,2564,0
20250902,160000,132.56,132.56,131.55,131.91,2810,0
20250902,170000,131.94,132.17,131.64,131.64,903,0
20250902,180000,131.63,131.65,130.62,130.96,2394,0
20250902,190000,130.95,131.56,130.9,131.46,916,0
20250902,200000,131.38,131.46,130.74,131.07,1466,0
20250902,210000,131.07,132.03,131.07,131.98,1255,0
20250902,220000,131.99,132.41,131.88,132.37,697,0
20250902,230000,132.25,132.45,132.2,132.41,472,0
20250903,080000,131.82,131.82,131.82,131.82,3,0
20250903,090000,132.13,132.28,131.71,132.21,999,0
20250903,100000,132.15,132.89,131.18,131.69,1450,0
20250903,110000,131.62,131.72,130.85,131.29,1172,0
20250903,120000,131.25,131.8,131.2,131.43,1479,0
20250903,130000,131.41,131.98,131.4,131.58,753,0
20250903,140000,131.57,132,131.5,131.77,727,0
20250903,150000,131.82,131.82,131.05,131.66,2024,0
20250903,160000,131.68,132.48,131.11,131.39,1590,0
20250903,170000,131.43,131.64,131.16,131.4,409,0
20250903,180000,131.39,131.62,131.08,131.18,953,0
20250903,190000,131.27,132.29,131.27,131.87,1234,0
20250903,200000,131.79,132.23,131.79,131.99,495,0
20250903,210000,132.08,132.24,131.91,132.21,1624,0
20250903,220000,132.21,132.63,132.21,132.55,1303,0
20250903,230000,132.55,132.55,132.27,132.34,314,0
20250904,090000,132.57,132.6,131.78,132.4,2152,0
20250904,100000,132.47,132.75,132.3,132.53,1762,0
20250904,110000,132.6,132.74,132.12,132.39,3262,0
20250904,120000,132.47,132.56,131.53,131.85,1320,0
20250904,130000,131.93,132.18,131.87,131.87,257,0
20250904,140000,131.85,131.92,131.66,131.8,413,0
20250904,150000,131.84,131.89,131.21,131.36,969,0
20250904,160000,131.33,131.93,131.22,131.78,660,0
20250904,170000,131.64,131.7,130.14,130.47,7328,0
20250904,180000,130.44,130.83,130.27,130.57,1165,0
20250904,190000,130.82,130.9,130.38,130.69,1948,0
20250904,200000,130.65,131.49,130.63,131.25,907,0
20250904,210000,131.26,131.57,131.17,131.39,906,0
20250904,220000,131.39,131.39,131.14,131.17,370,0
20250904,230000,131.25,131.4,131.1,131.1,63,0
20250905,080000,131.46,131.46,131.46,131.46,12,0
20250905,090000,131.49,131.9,131.37,131.65,1099,0
20250905,100000,131.58,131.6,131.27,131.46,1342,0
20250905,110000,131.5,132.53,131.21,132.25,1476,0
20250905,120000,132.48,132.63,131.75,132.1,1109,0
20250905,130000,132.21,132.21,131.88,132.03,334,0
20250905,140000,132.05,132.23,131.87,132.2,607,0
20250905,150000,132.24,132.42,131.95,132.42,623,0
20250905,160000,132.43,132.48,132.06,132.4,903,0
20250905,170000,132.4,132.56,132.1,132.12,1193,0
20250905,180000,132.18,132.37,131.97,132.09,598,0
20250905,190000,132.16,132.3,132,132.18,370,0
20250905,200000,132.29,132.46,132.13,132.14,677,0
20250905,210000,132.16,132.18,132.01,132.08,495,0
20250905,220000,132.15,132.24,132.11,132.19,140,0
20250905,230000,132.16,132.23,132.03,132.19,332,0
20250906,100000,132.23,132.43,132.06,132.41,374,0
20250906,110000,132.41,132.41,132.03,132.05,52,0
20250906,120000,132.3,132.3,132.2,132.2,21,0
20250906,130000,132.2,132.23,132.2,132.22,10,0
20250906,140000,132.18,132.22,131.83,131.97,163,0
20250906,150000,132.1,132.14,132.06,132.08,26,0
20250906,160000,132.1,132.16,132.01,132.01,25,0
20250906,170000,132,132.22,131.94,132.09,542,0
20250906,180000,132.11,132.34,132,132.34,477,0
20250907,100000,132.26,132.4,132.14,132.15,363,0
20250907,110000,132.15,132.34,132.14,132.27,34,0
20250907,120000,132.37,132.49,132.27,132.27,29,0
20250907,130000,132.36,132.53,132.36,132.53,44,0
20250907,140000,132.53,132.86,132.47,132.6,195,0
20250907,150000,132.57,132.63,132.53,132.57,22,0
20250907,160000,132.68,132.81,132.31,132.39,158,0
20250907,170000,132.5,132.62,132.45,132.57,57,0
20250907,180000,132.55,132.77,132.55,132.66,21,0
20250908,080000,132.7,132.7,132.7,132.7,5,0
20250908,090000,132.7,133.5,132.7,133.21,2089,0
20250908,100000,133.23,133.65,133.1,133.39,1320,0
20250908,110000,133.39,134.26,133.39,134.08,3331,0
20250908,120000,134.08,134.08,133.63,133.9,859,0
20250908,130000,133.9,133.9,133.23,133.46,762,0
20250908,140000,133.45,133.54,133.27,133.54,320,0
20250908,150000,133.52,133.52,132.9,132.98,1426,0
20250908,160000,132.87,133.34,132.83,133.17,1524,0
20250908,170000,133.16,133.44,133.14,133.22,675,0
20250908,180000,133.21,133.45,133.02,133.44,569,0
20250908,190000,133.45,133.95,133.41,133.7,1119,0
20250908,200000,133.7,133.77,133.54,133.54,343,0
20250908,210000,133.52,133.84,133.44,133.84,493,0
20250908,220000,133.78,133.82,133.64,133.82,360,0
20250908,230000,133.75,133.83,133.7,133.7,533,0
20250909,080000,134.15,134.15,134.15,134.15,15,0
20250909,090000,133.94,134.26,133.55,133.78,1399,0
20250909,100000,133.78,134.01,133.6,133.76,737,0
20250909,110000,133.89,133.92,133.31,133.36,929,0
20250909,120000,133.32,133.43,132.88,133.08,739,0
20250909,130000,133.06,133.12,132.74,132.83,1461,0
20250909,140000,132.87,133.26,132.82,132.96,1781,0
20250909,150000,132.99,133.08,132.75,132.93,868,0
20250909,160000,132.9,133.63,132.87,133.14,1129,0
20250909,170000,133.09,133.38,133.04,133.38,211,0
20250909,180000,133.37,133.75,133.35,133.65,822,0
20250909,190000,133.44,133.59,133.27,133.37,876,0
20250909,200000,133.4,133.62,133.15,133.56,454,0
20250909,210000,133.59,133.77,133.55,133.73,625,0
20250909,220000,133.75,133.75,133.54,133.54,337,0
20250909,230000,133.59,133.9,133.58,133.83,250,0
20250910,090000,132.75,132.92,132.07,132.19,2538,0
20250910,100000,132.2,132.83,132.07,132.66,1776,0
20250910,110000,132.66,132.95,132.18,132.25,2348,0
20250910,120000,132.23,132.27,131.7,132.1,3042,0
20250910,130000,132.1,132.1,131.37,131.5,1765,0
20250910,140000,131.5,132,131.31,131.38,1365,0
20250910,150000,131.31,131.41,130.81,131.02,2107,0
20250910,160000,130.98,131.31,130.9,131.17,2156,0
20250910,170000,131.13,131.31,131.02,131.28,911,0
20250910,180000,131.3,131.41,130.3,130.42,2816,0
20250910,190000,130.42,131.04,130.2,130.93,2425,0
20250910,200000,130.93,131.37,130.64,131.28,966,0
20250910,210000,131.16,131.31,131.09,131.21,563,0
20250910,220000,131.11,131.11,130.78,130.85,343,0
20250910,230000,130.87,131.05,130.87,130.96,318,0
20250911,080000,131.22,131.22,131.22,131.22,15,0
20250911,090000,131.01,131.37,130.96,131.06,1047,0
20250911,100000,131.06,131.19,130.05,130.16,1297,0
20250911,110000,130.06,130.06,129.19,129.94,2677,0
20250911,120000,129.94,130.1,129.76,129.86,2279,0
20250911,130000,129.86,129.97,129.35,129.91,1474,0
20250911,140000,129.83,130.72,129.55,130.45,3213,0
20250911,150000,130.42,130.5,129.89,129.99,960,0
20250911,160000,130.06,130.56,129.72,130.56,1441,0
20250911,170000,130.53,131.06,130.44,130.59,1561,0
20250911,180000,130.59,130.7,130.27,130.52,775,0
20250911,190000,130.52,130.82,130.32,130.38,679,0
20250911,200000,130.37,130.52,130.12,130.44,288,0
20250911,210000,130.46,130.74,130.35,130.54,749,0
20250911,220000,130.5,130.52,130.35,130.46,651,0
20250911,230000,130.51,130.52,130.33,130.37,329,0
20250912,080000,130.44,130.44,130.44,130.44,5,0
20250912,090000,130.52,130.95,129.95,129.99,795,0
20250912,100000,129.99,130.13,129.61,129.85,820,0
20250912,110000,129.72,129.96,129.52,129.71,1008,0
20250912,120000,129.7,129.75,129.51,129.71,2942,0
20250912,130000,129.74,130.4,126.3,128.58,20312,0
20250912,140000,128.58,129.59,128,128.1,3240,0
20250912,150000,128.09,128.18,126.13,126.75,19554,0
20250912,160000,126.7,126.98,125.8,126.06,13243,0
20250912,170000,126.04,126.58,125.54,125.62,3050,0
20250912,180000,125.63,126.2,125.61,125.93,3531,0
20250912,190000,126.25,126.25,125.04,125.63,4557,0
20250912,200000,125.61,125.82,125.49,125.66,1339,0
20250912,210000,125.66,125.98,125.63,125.92,1092,0
20250912,220000,125.92,125.92,125.61,125.62,1675,0
20250912,230000,125.67,125.79,125.67,125.74,211,0
20250913,090000,125.59,125.59,125.59,125.59,10,0
20250913,100000,125.59,125.63,125.36,125.55,196,0
20250913,110000,125.49,125.97,125.24,125.97,131,0
20250913,120000,125.88,125.99,125.58,125.72,45,0
20250913,130000,125.63,125.84,125.59,125.67,84,0
20250913,140000,125.72,125.72,125.39,125.62,179,0
20250913,150000,125.68,125.68,125.68,125.68,4,0
20250913,160000,125.68,125.68,125.5,125.53,36,0
20250913,170000,125.51,125.51,125.09,125.38,214,0
20250913,180000,125.37,125.44,125.2,125.24,71,0
20250914,100000,125.28,125.55,125.22,125.55,119,0
20250914,110000,125.51,125.74,125.19,125.6,2352,0
20250914,120000,125.41,125.42,125.31,125.4,498,0
20250914,130000,125.62,125.77,125.49,125.76,94,0
20250914,140000,125.79,126.28,125.79,126.25,3126,0
20250914,150000,126.3,126.51,126.13,126.13,1561,0
20250914,160000,126.17,126.51,126.17,126.46,310,0
20250914,170000,126.47,126.81,126.33,126.59,667,0
20250914,180000,126.59,126.72,126.18,126.18,311,0
20250915,080000,125.94,125.94,125.94,125.94,7,0
20250915,090000,125.94,126.02,125.24,125.34,2505,0
20250915,100000,125.37,126.08,125.32,125.78,1786,0
20250915,110000,125.75,125.82,124.31,124.62,17232,0
20250915,120000,124.47,124.58,123.9,124.35,9042,0
20250915,130000,124.28,124.41,123.7,123.8,6768,0
20250915,140000,123.75,124.65,123.63,124.52,4255,0
20250915,150000,124.55,125.19,124.05,124.3,4716,0
20250915,160000,124.21,124.33,123.74,123.8,4164,0
20250915,170000,123.8,124.44,123.66,124.18,3280,0
20250915,180000,124.23,124.34,124.11,124.11,1216,0
20250915,190000,124.27,124.72,124.19,124.53,746,0
20250915,200000,124.61,124.61,124.4,124.44,259,0
20250915,210000,124.35,124.35,124.03,124.23,434,0
20250915,220000,124.16,124.35,123.91,124.34,1235,0
20250915,230000,124.36,124.46,124.2,124.36,551,0
20250916,080000,125.05,125.05,125.05,125.05,40,0
20250916,090000,125.05,125.55,124.69,124.76,2236,0
20250916,100000,124.71,125.34,124.53,124.83,6750,0
20250916,110000,124.84,125.06,123.24,123.95,6494,0
20250916,120000,123.86,124.03,122.46,122.71,8325,0
20250916,130000,122.71,122.95,122,122.78,9929,0
20250916,140000,122.76,122.92,122.4,122.56,2054,0
20250916,150000,122.56,122.67,122.37,122.64,4136,0
20250916,160000,122.55,123.22,122.36,122.87,5008,0
20250916,170000,122.85,123.7,122.84,123.41,4684,0
20250916,180000,123.39,123.51,123.17,123.3,1240,0
20250916,190000,123.27,123.62,123.27,123.61,802,0
20250916,200000,123.41,123.47,123.23,123.37,228,0
20250916,210000,123.35,123.47,123.34,123.37,833,0
20250916,220000,123.37,123.4,123.05,123.09,565,0
20250916,230000,123.05,123.12,122.78,122.95,972,0
20250917,090000,122.98,123.15,122.32,122.49,2309,0
20250917,100000,122.49,122.77,122.11,122.42,3822,0
20250917,110000,122.43,122.62,122.15,122.26,3570,0
20250917,120000,122.28,122.71,122.19,122.3,1577,0
20250917,130000,122.27,123.53,122.23,123.11,6442,0
20250917,140000,123.14,123.24,122.82,122.82,1091,0
20250917,150000,122.82,123.27,122.79,123.2,978,0
20250917,160000,123.17,123.4,123.04,123.14,2102,0
20250917,170000,123.25,124.8,123.25,124.56,5402,0
20250917,180000,124.59,125.25,124.37,124.78,3595,0
20250917,190000,124.87,125.67,124.87,124.97,2884,0
20250917,200000,125.04,125.22,124.87,124.98,623,0
20250917,210000,125.05,125.44,124.9,125.24,1182,0
20250917,220000,125.2,125.4,125.11,125.32,939,0
20250917,230000,125.31,125.36,125.18,125.3,884,0
20250918,080000,125.05,125.05,125.05,125.05,6,0
20250918,090000,125.01,125.05,124.46,124.63,2053,0
20250918,100000,124.69,124.73,124.05,124.22,10350,0
20250918,110000,124.19,124.95,124.13,124.58,11367,0
20250918,120000,124.58,124.63,124.05,124.09,2616,0
20250918,130000,124.07,124.13,123.47,123.57,4220,0
20250918,140000,123.56,123.59,123,123.1,2212,0
20250918,150000,123.04,123.41,122.52,123.1,3152,0
20250918,160000,123.1,123.32,122.59,122.7,1395,0
20250918,170000,122.66,123.62,122.62,123.1,5092,0
20250918,180000,123.05,123.58,122.71,123.28,3118,0
20250918,190000,123.36,123.7,123.21,123.22,1800,0
20250918,200000,123.28,123.4,122.85,122.89,2009,0
20250918,210000,122.89,123.04,122.63,123.04,961,0
20250918,220000,123.12,123.13,122.98,122.98,378,0
20250918,230000,123.01,123.24,122.7,123.1,2552,0
20250919,080000,122.6,122.6,122.6,122.6,50,0
20250919,090000,122.6,123.43,122.52,123.29,2089,0
20250919,100000,123.32,123.98,123.12,123.41,5078,0
20250919,110000,123.39,123.45,122.8,122.91,4776,0
20250919,120000,122.99,123.38,122.81,122.9,788,0
20250919,130000,123.08,123.2,122.22,122.49,5324,0
20250919,140000,122.5,123.29,122.03,123.16,6117,0
20250919,150000,123.16,123.26,122.69,123.04,3062,0
20250919,160000,122.98,123.59,122.83,122.87,6116,0
20250919,170000,122.87,122.87,121.59,121.9,7891,0
20250919,180000,121.88,121.98,120.6,121.42,19616,0
20250919,190000,121.1,121.2,118.6,121.14,10490,0
20250919,200000,121.13,121.64,120.71,121.1,2992,0
20250919,210000,121.14,121.28,120.96,120.97,1037,0
20250919,220000,120.93,120.99,120.72,120.73,2097,0
20250919,230000,120.72,120.84,120.43,120.47,638,0
20250922,080000,120.85,120.85,120.85,120.85,11,0
20250922,090000,120.85,120.94,118.25,120.04,6182,0
20250922,100000,119.91,120.76,118.68,120.04,14685,0
20250922,110000,120.01,120.13,119.48,120,8567,0
20250922,120000,119.96,119.96,118.55,118.77,11955,0
20250922,130000,118.74,118.89,117.92,118.43,6334,0
20250922,140000,118.42,120.06,118.31,119.4,9122,0
20250922,150000,119.44,120.01,119.18,119.21,3417,0
20250922,160000,119.2,119.22,118.75,118.81,2163,0
20250922,170000,118.81,119.89,118.45,119.73,3665,0
20250922,180000,119.72,120.29,119.49,119.68,4607,0
20250922,190000,119.69,120.8,118.35,119.88,5600,0
20250922,200000,119.9,120.32,119.47,120.1,1981,0
20250922,210000,120.15,120.38,119.94,120.21,1790,0
20250922,220000,120.21,120.21,119.83,119.94,622,0
20250922,230000,119.88,119.89,119.52,119.89,720,0
20250923,080000,119.49,119.49,119.49,119.49,54,0
20250923,090000,119.47,119.99,119.2,119.92,1256,0
20250923,100000,119.9,120.3,119.29,119.75,2690,0
20250923,110000,119.94,120.62,119.38,120.41,3165,0
20250923,120000,120.48,121.28,120.39,121.03,5874,0
20250923,130000,121.04,121.27,120.77,121.21,2245,0
20250923,140000,121.24,121.65,120.79,121.12,5949,0
20250923,150000,121.11,121.4,120.52,120.72,2412,0
20250923,160000,120.78,121.5,120.74,121.07,2341,0
20250923,170000,121.01,121.25,120.3,120.48,2315,0
20250923,180000,120.51,120.89,120.37,120.63,884,0
20250923,190000,120.65,120.77,119.94,120.11,1373,0
20250923,200000,120.06,120.3,119.74,119.74,1661,0
20250923,210000,119.76,119.99,118.91,119.04,2226,0
20250923,220000,119.09,119.16,116.87,117.07,18812,0
20250923,230000,117.08,117.77,117.08,117.45,4467,0
20250924,080000,117.65,117.65,117.65,117.65,20,0
20250924,090000,117.64,117.9,116.2,116.63,10920,0
20250924,100000,116.62,117.49,116.14,117.44,4153,0
20250924,110000,117.42,118.89,117.29,118.73,7420,0
20250924,120000,118.65,119,118.23,118.5,3637,0
20250924,130000,118.62,118.64,117.9,118.21,1575,0
20250924,140000,118.01,119.58,118.01,119.3,5037,0
20250924,150000,119.31,119.59,118.8,118.99,6082,0
20250924,160000,118.82,119.73,118.66,119.26,3427,0
20250924,170000,119.36,119.53,118.72,119.27,1404,0
20250924,180000,119.27,119.42,118.74,118.75,830,0
20250924,190000,118.9,119.1,118.5,118.91,882,0
20250924,200000,119.12,119.12,118.79,118.87,301,0
20250924,210000,118.95,119.01,118.63,118.7,168,0
20250924,220000,118.74,119.04,118.69,119.01,432,0
20250924,230000,119.04,119.08,118.95,119.08,661,0
20250925,090000,119.07,119.31,118.83,119.18,2627,0
20250925,100000,119.21,119.22,118.23,118.56,5319,0
20250925,110000,118.5,119.28,118.28,119.2,2742,0
20250925,120000,119.14,119.6,118.94,119.04,868,0
20250925,130000,119.13,119.13,118.64,118.95,1050,0
20250925,140000,118.88,119.19,118.76,119.19,389,0
20250925,150000,119.18,119.18,118.8,118.85,241,0
20250925,160000,118.83,118.99,118.37,118.42,892,0
20250925,170000,118.45,118.7,118.05,118.4,1472,0
20250925,180000,118.47,118.54,117.59,117.7,3598,0
20250925,190000,117.6,117.78,117.05,117.65,2260,0
20250925,200000,117.66,117.71,117.43,117.53,3163,0
20250925,210000,117.5,117.6,117.28,117.56,912,0
20250925,220000,117.52,117.79,117.47,117.73,1360,0
20250925,230000,117.74,117.96,117.61,117.93,1201,0
20250926,080000,117.42,117.42,117.42,117.42,5,0
20250926,090000,117.53,118.35,117.49,118.11,1708,0
20250926,100000,118.07,118.23,117.62,117.7,2469,0
20250926,110000,117.68,117.9,117.31,117.39,2780,0
20250926,120000,117.35,118.53,117.31,118.52,2317,0
20250926,130000,118.55,119,118.3,118.88,2393,0
20250926,140000,118.81,118.92,118.32,118.86,3287,0
20250926,150000,118.86,118.89,118.16,118.62,3091,0
20250926,160000,118.56,118.8,118.3,118.51,2658,0
20250926,170000,118.51,119.51,118,119.34,3307,0
20250926,180000,119.36,120.51,118.89,120.4,6048,0
20250926,190000,120.14,120.7,120.1,120.3,4194,0
20250926,200000,120.3,120.36,119.9,120.24,1383,0
20250926,210000,120.3,120.71,119.95,120.34,3390,0
20250926,220000,120.36,120.36,119.98,120.01,1470,0
20250926,230000,120.07,120.36,120.06,120.36,212,0
20250927,100000,120.31,120.41,119.84,119.96,901,0
20250927,110000,119.96,120.1,119.95,119.97,105,0
20250927,120000,120.02,120.37,120.02,120.23,112,0
20250927,130000,120.19,120.24,120.19,120.24,7,0
20250927,140000,120.22,120.4,120.07,120.4,164,0
20250927,150000,120.21,120.45,120.21,120.25,116,0
20250927,170000,120.27,120.41,120.24,120.41,5,0
20250927,180000,120.35,120.37,120.35,120.37,22,0
20250928,100000,120.24,120.46,119.97,119.98,213,0
20250928,110000,119.97,120.11,119.97,120,53,0
20250928,120000,120.01,120.1,119.84,119.89,328,0
20250928,130000,119.89,120,119.52,120,518,0
20250928,140000,120,120.01,119.9,120.01,36,0
20250928,150000,120.02,120.04,119.93,119.93,10,0
20250928,160000,120.03,120.25,120,120,37,0
20250928,170000,120.23,120.23,120.02,120.02,9,0
20250928,180000,119.94,119.94,119.84,119.84,17,0
20250929,080000,119.71,119.71,119.71,119.71,2,0
20250929,090000,119.55,119.58,119.19,119.33,3482,0
20250929,100000,119.26,120.34,119.19,120.25,3010,0
20250929,110000,120.3,120.87,120.1,120.23,5501,0
20250929,120000,120.39,120.78,119.77,119.86,1294,0
20250929,130000,119.9,120.27,119.49,119.97,836,0
20250929,140000,119.78,119.98,119.27,119.58,1764,0
20250929,150000,119.54,119.8,119.22,119.49,868,0
20250929,160000,119.5,119.75,118.43,118.72,2447,0
20250929,170000,118.7,118.74,118,118.01,2439,0
20250929,180000,118.01,118.01,116.62,116.96,5724,0
20250929,190000,116.98,117.69,116.91,117.3,3294,0
20250929,200000,117.37,117.5,117,117.5,896,0
20250929,210000,117.42,117.43,116.71,117.3,1517,0
20250929,220000,117.23,117.42,117,117.26,3460,0
20250929,230000,117.31,117.4,117.16,117.23,512,0
20250930,090000,117.36,117.5,116.81,117.26,2121,0
20250930,100000,117.18,117.51,116.2,117.44,7212,0
20250930,110000,117.31,117.43,116.94,117,2325,0
20250930,120000,116.99,117.33,116.51,117.24,3170,0
20250930,130000,117.18,118,116.99,117.78,2526,0
20250930,140000,117.62,118.13,117.35,117.35,2911,0
20250930,150000,117.35,118,116.97,117.63,1212,0
20250930,160000,117.55,118.34,117.24,118.28,3440,0
20250930,170000,118.29,118.38,117.71,117.96,1215,0
20250930,180000,117.98,118.58,117.85,118.46,1431,0
20250930,190000,118.27,118.49,117.88,117.88,914,0
20250930,200000,117.9,118.16,117.83,118.1,395,0
20250930,210000,118.1,118.33,118.01,118.31,388,0
20250930,220000,118.31,118.32,118.17,118.17,355,0
20250930,230000,118.26,118.45,118.21,118.38,130,0
20251001,080000,118.5,118.5,118.5,118.5,1,0
20251001,090000,118.54,119.52,118.5,118.86,1616,0
20251001,100000,118.8,118.95,118.33,118.4,1010,0
20251001,110000,118.34,119.13,118.33,118.68,4493,0
20251001,120000,118.74,118.89,118.3,118.59,1302,0
20251001,130000,118.66,118.69,117.13,117.59,3838,0
20251001,140000,117.6,117.66,116.83,117.14,1465,0
20251001,150000,117.11,117.53,116.57,117.26,3575,0
20251001,160000,117.19,117.63,116.88,117.33,1913,0
20251001,170000,117.38,117.38,115.7,116.64,7521,0
20251001,180000,116.59,117.01,116.12,116.25,2677,0
20251001,190000,116.3,116.51,116.02,116.12,1582,0
20251001,200000,116.14,116.45,116.08,116.38,948,0
20251001,210000,116.36,116.41,116.1,116.3,767,0
20251001,220000,116.29,116.56,116.24,116.47,1077,0
20251001,230000,116.53,116.82,116.53,116.66,162,0
20251002,080000,116.07,116.07,116.07,116.07,20,0
20251002,090000,116.07,116.35,115.82,116.14,2420,0
20251002,100000,116.09,117.07,115.76,116.79,6805,0
20251002,110000,116.83,117.14,116.32,116.4,1451,0
20251002,120000,116.37,117.07,116.06,116.92,1947,0
20251002,130000,116.96,117.02,116.49,116.61,1853,0
20251002,140000,116.56,117.51,116.4,117.42,1983,0
20251002,150000,117.46,117.55,117.03,117.05,921,0
20251002,160000,117.14,117.23,116.72,116.88,1407,0
20251002,170000,116.9,117.58,116.86,117.27,1174,0
20251002,180000,117.22,117.32,116.5,116.7,1924,0
20251002,190000,116.66,117.09,116.6,116.92,1101,0
20251002,200000,116.84,116.86,116.52,116.77,412,0
20251002,210000,116.75,116.75,115.94,116.1,987,0
20251002,220000,116.1,116.98,116.03,116.78,875,0
20251002,230000,116.74,116.78,116.36,116.47,363,0
20251003,080000,116.35,116.35,116.35,116.35,2,0
20251003,090000,116.65,117.03,116.52,117.02,1221,0
20251003,100000,116.99,117.26,116.96,117.01,1865,0
20251003,110000,117,117.26,116.73,116.78,2093,0
20251003,120000,116.77,116.79,116.01,116.01,2843,0
20251003,130000,116.07,116.53,116,116.52,4640,0
20251003,140000,116.3,116.7,116.12,116.2,2347,0
20251003,150000,116.23,116.7,116.05,116.58,1464,0
20251003,160000,116.53,116.53,116,116.03,2194,0
20251003,170000,116.16,116.42,115.75,116.33,2837,0
20251003,180000,116.33,116.4,116.01,116.03,1593,0
20251003,190000,116.05,116.14,115.11,115.36,4621,0
20251003,200000,115.4,115.54,115.11,115.42,2129,0
20251003,210000,115.38,115.77,115.3,115.65,3501,0
20251003,220000,115.64,115.71,115.45,115.65,692,0
20251003,230000,115.55,115.58,115.37,115.37,646,0
20251004,090000,115.32,115.32,115.32,115.32,2,0
20251004,100000,115.3,115.73,114.12,114.46,2749,0
20251004,110000,114.47,114.63,114.13,114.39,1163,0
20251004,120000,114.37,114.64,114.24,114.28,1210,0
20251004,130000,114.29,114.43,113.73,114,2140,0
20251004,140000,114.18,114.3,113.77,114.23,961,0
20251004,150000,114.25,114.5,114.13,114.5,441,0
20251004,160000,114.48,114.48,114.02,114.27,228,0
20251004,170000,114.19,114.47,114.01,114.19,353,0
20251004,180000,114.33,114.49,114.13,114.46,566,0
20251005,090000,114.47,114.47,114.47,114.47,19,0
20251005,100000,114.46,114.47,113.82,114.37,657,0
20251005,110000,114.23,114.58,114.14,114.49,641,0
20251005,120000,114.35,114.58,114.23,114.56,299,0
20251005,130000,114.35,114.55,114.34,114.51,62,0
20251005,140000,114.51,114.86,114.51,114.61,228,0
20251005,150000,114.67,114.67,114.42,114.42,140,0
20251005,160000,114.57,114.69,114.55,114.63,37,0
20251005,170000,114.57,114.89,114.57,114.83,424,0
20251005,180000,114.85,115.34,114.85,115.31,574,0
20251006,080000,115.3,115.3,115.3,115.3,10,0
20251006,090000,115.28,115.3,114.75,114.83,1648,0
20251006,100000,114.84,116.54,114.57,116.24,13744,0
20251006,110000,116.25,116.38,115.78,116.04,2529,0
20251006,120000,116.12,117.3,116.08,117.17,2963,0
20251006,130000,117.2,117.46,116.72,116.96,5427,0
20251006,140000,116.93,117.01,116.37,116.4,4086,0
20251006,150000,116.3,116.69,115.87,116.48,4433,0
20251006,160000,116.48,119.03,116.45,118.96,6744,0
20251006,170000,118.99,119.33,118.41,118.46,16174,0
20251006,180000,118.45,119.61,118.44,119.3,3009,0
20251006,190000,119.35,119.59,118.98,119.59,2137,0
20251006,200000,119.49,119.51,118.56,118.94,3661,0
20251006,210000,118.91,119.44,118.68,119.19,2413,0
20251006,220000,119.19,119.3,119.1,119.25,4204,0
20251006,230000,119.25,119.55,119.07,119.17,1726,0
20251007,090000,119.36,119.53,118.15,118.61,6037,0
20251007,100000,118.61,119.68,117.92,119.23,9238,0
20251007,110000,119.24,120.32,119.24,119.94,5461,0
20251007,120000,120.01,120.08,119.34,119.99,1657,0
20251007,130000,119.99,120.04,119.48,119.8,809,0
20251007,140000,119.82,119.84,118.71,119.06,2306,0
20251007,150000,119,119.38,118.35,119.18,3268,0
20251007,160000,119.08,119.08,118.55,119,1113,0
20251007,170000,118.96,118.96,118.46,118.73,2143,0
20251007,180000,118.67,119.19,118.57,118.93,3770,0
20251007,190000,118.86,118.87,118.25,118.54,5835,0
20251007,200000,118.55,118.9,118.55,118.75,554,0
20251007,210000,118.75,118.84,118.48,118.57,178,0
20251007,220000,118.5,118.77,118.4,118.77,96,0
20251007,230000,118.78,118.96,118.72,118.92,216,0
20251008,080000,118.77,118.77,118.77,118.77,8,0
20251008,090000,118.7,119.05,118.4,119.05,1399,0
20251008,100000,119.08,119.56,117.92,118.14,1787,0
20251008,110000,118.03,118.22,117.53,117.89,5062,0
20251008,120000,117.82,117.82,116.73,117.34,5058,0
20251008,130000,117.34,117.39,116.41,116.7,2905,0
20251008,140000,116.64,117.43,116.34,116.82,2797,0
20251008,150000,116.76,116.99,115.93,115.98,2585,0
20251008,160000,115.93,116.09,115.32,115.36,4541,0
20251008,170000,115.32,115.65,114,114.3,7341,0
20251008,180000,114.17,115.08,113.6,114.29,11403,0
20251008,190000,114.2,114.91,113.61,114.49,3095,0
20251008,200000,114.53,115.11,114.53,114.85,2147,0
20251008,210000,114.8,115.28,114.73,115.07,1537,0
20251008,220000,114.99,114.99,113.7,114.69,2353,0
20251008,230000,114.62,114.72,114.42,114.42,430,0
20251009,090000,114.61,114.64,113.64,114.55,2523,0
20251009,100000,114.57,115.39,114.12,114.58,10447,0
20251009,110000,114.58,114.77,112,113.5,16120,0
20251009,120000,113.42,116.67,113.25,115.54,13420,0
20251009,130000,115.58,116.47,115.29,115.29,3611,0
20251009,140000,115.41,115.86,114.76,115.7,2988,0
20251009,150000,115.72,116.35,115.49,115.68,1764,0
20251009,160000,115.65,117.48,115.51,117.23,9768,0
20251009,170000,117.28,117.71,116.9,117.55,4909,0
20251009,180000,117.57,117.91,117.41,117.41,5432,0
20251009,190000,117.2,117.45,115.5,116.75,3240,0
20251009,200000,116.73,117.55,116.69,117.53,798,0
20251009,210000,117.53,117.55,117.11,117.46,996,0
20251009,220000,117.41,117.53,117.16,117.44,864,0
20251009,230000,117.35,117.65,117.08,117.19,1336,0
20251010,090000,117.19,117.19,116.62,117.13,1517,0
20251010,100000,116.94,117.11,116.14,116.66,3809,0
20251010,110000,116.7,118.16,116.48,117.81,5644,0
20251010,120000,117.84,117.98,117.24,117.36,2011,0
20251010,130000,117.32,117.4,115.84,116.34,4244,0
20251010,140000,116.4,116.71,116.07,116.34,1795,0
20251010,150000,116.27,117.63,116.02,116.5,5909,0
20251010,160000,116.56,116.86,115.31,115.82,6442,0
20251010,170000,115.67,117.31,115.3,116.28,5396,0
20251010,180000,116.22,116.45,115.55,116.05,826,0
20251010,190000,116.05,117.1,115.9,116.23,852,0
20251010,200000,116.22,116.22,115.98,116.12,194,0
20251010,210000,116.06,116.18,115.92,115.92,623,0
20251010,220000,115.93,116.03,115.51,115.51,1744,0
20251010,230000,115.51,115.6,115.41,115.42,1143,0
20251011,090000,115.35,115.35,115.35,115.35,30,0
20251011,100000,115.35,115.5,112.8,115.37,2713,0
20251011,110000,115.21,115.6,114.2,115.28,1421,0
20251011,120000,115.33,115.64,115.28,115.64,315,0
20251011,130000,115.67,115.89,115.55,115.7,235,0
20251011,140000,115.71,115.83,115.48,115.63,125,0
20251011,150000,115.66,115.75,115.42,115.68,295,0
20251011,160000,115.71,115.75,115.62,115.69,78,0
20251011,170000,115.77,115.82,115.59,115.65,37,0
20251011,180000,115.6,115.82,115.54,115.82,186,0
20251012,100000,115.57,116.38,114.99,116.06,1670,0
20251012,110000,116.01,116.29,116.01,116.29,290,0
20251012,120000,116.22,116.55,116.12,116.54,744,0
20251012,130000,116.56,116.6,116.14,116.18,217,0
20251012,140000,116.23,116.36,116,116.26,155,0
20251012,150000,116.37,116.42,116.11,116.24,130,0
20251012,160000,116.24,116.32,115.98,116.01,506,0
20251012,170000,116.06,116.15,115.94,116.08,150,0
20251012,180000,116.14,116.2,116.07,116.15,33,0
20251013,090000,116.25,117.25,115.99,116.98,1991,0
20251013,100000,116.99,117.6,115.52,115.52,3996,0
20251013,110000,115.51,116.51,115.2,116.36,3644,0
20251013,120000,116.43,116.5,115.47,116,971,0
20251013,130000,116.01,116.01,115.26,115.57,1845,0
20251013,140000,115.46,116.1,114.56,115.97,10123,0
20251013,150000,116.06,117.44,116.02,116.8,4331,0
20251013,160000,116.85,117.1,116.19,116.57,1874,0
20251013,170000,116.58,116.73,115.48,115.83,6770,0
20251013,180000,115.76,116.19,115.68,115.89,916,0
20251013,190000,115.91,116.27,115.78,116.09,1058,0
20251013,200000,116.24,116.38,116.09,116.14,814,0
20251013,210000,116.21,116.21,115.82,116,193,0
20251013,220000,115.89,116,115.82,115.86,415,0
20251013,230000,115.92,116.04,115.91,116.04,94,0
20251014,090000,116.1,116.3,115.9,116.13,432,0
20251014,100000,116.1,116.29,115.67,115.71,4979,0
20251014,110000,115.71,116.08,115.64,115.86,673,0
20251014,120000,115.85,116.43,115.78,115.97,1121,0
20251014,130000,115.96,116.34,115.82,116.2,583,0
20251014,140000,116.21,116.4,115.92,116.1,445,0
20251014,150000,116.14,116.32,115.11,115.47,2377,0
20251014,160000,115.38,115.38,114.38,114.83,4249,0
20251014,170000,114.81,115.55,114.6,115.13,1955,0
20251014,180000,115.13,115.64,115.08,115.24,2787,0
20251014,190000,115.19,115.26,114.87,115.08,1978,0
20251014,200000,115.08,115.21,115.05,115.2,337,0
20251014,210000,115.16,115.21,114.94,115.12,636,0
20251014,220000,115.18,115.2,114.83,115.01,537,0
20251014,230000,115.04,115.57,115.04,115.47,873,0
20251015,080000,115.2,115.2,115.2,115.2,30,0
20251015,090000,115.51,115.69,114.99,115.37,656,0
20251015,100000,115.28,115.48,114.69,114.86,1129,0
20251015,110000,114.8,115.29,114.8,114.86,482,0
20251015,120000,114.82,115.89,114.8,115.41,2295,0
20251015,130000,115.38,116.53,115.38,116.07,6219,0
20251015,140000,116.01,116.98,115.84,116.83,2687,0
20251015,150000,116.9,117.38,116.5,117.3,3719,0
20251015,160000,117.34,117.39,116.05,116.05,3437,0
20251015,170000,116,116.3,115.35,115.36,3863,0
20251015,180000,115.31,115.7,115.31,115.5,701,0
20251015,190000,115.51,115.84,115.43,115.63,582,0
20251015,200000,115.59,115.62,115.13,115.28,1080,0
20251015,210000,115.27,115.56,115.25,115.38,328,0
20251015,220000,115.4,115.61,115.37,115.46,505,0
20251015,230000,115.53,115.6,115.39,115.43,254,0
20251016,090000,115.36,115.79,115.21,115.45,2156,0
20251016,100000,115.39,115.99,115,115.84,4002,0
20251016,110000,115.79,116.16,115.07,115.23,3305,0
20251016,120000,115.23,115.92,115.15,115.7,2771,0
20251016,130000,115.68,115.7,115.3,115.46,2687,0
20251016,140000,115.45,116.03,115.44,115.58,2269,0
20251016,150000,115.66,116.16,115.53,116.12,1951,0
20251016,160000,116.15,116.31,115.79,115.98,3307,0
20251016,170000,115.93,119.45,115.81,118.65,23620,0
20251016,180000,118.81,118.9,116.5,118.3,9270,0
20251016,190000,118.3,118.88,117.32,117.97,3397,0
20251016,200000,118.02,124.67,118.02,123.4,23377,0
20251016,210000,123.5,123.52,122.37,122.88,4220,0
20251016,220000,122.93,123.35,122.75,122.86,5042,0
20251016,230000,122.89,125,122.89,124.62,5577,0
20251017,080000,123.52,123.52,123.52,123.52,100,0
20251017,090000,123.52,123.59,122.65,123.1,4784,0
20251017,100000,123.09,124.64,123.01,123.61,3740,0
20251017,110000,123.6,124.2,123.42,123.74,1494,0
20251017,120000,123.74,123.93,123.14,123.8,708,0
20251017,130000,123.84,123.84,123.25,123.46,466,0
20251017,140000,123.52,124.33,123.48,123.9,4954,0
20251017,150000,123.98,125.45,123.82,124.97,4958,0
20251017,160000,124.99,125.18,123.77,124.5,2959,0
20251017,170000,124.5,124.52,123.42,123.51,3083,0
20251017,180000,123.62,124.89,123.61,124.73,2491,0
20251017,190000,124.55,124.82,124.31,124.57,1961,0
20251017,200000,124.6,127.17,124.52,125.82,5101,0
20251017,210000,125.96,126.24,124.12,125.37,2758,0
20251017,220000,125.39,125.41,124.83,125.08,401,0
20251017,230000,125,125.37,124.6,124.6,1264,0
20251018,090000,125.15,125.15,125.15,125.15,20,0
20251018,100000,125.44,127.79,125.44,126.63,3638,0
20251018,110000,126.68,127.17,126.55,126.93,1251,0
20251018,120000,126.92,126.92,126.32,126.87,1239,0
20251018,130000,126.91,126.91,126.45,126.51,249,0
20251018,140000,126.57,126.9,126.53,126.68,204,0
20251018,150000,126.63,126.79,126.53,126.53,388,0
20251018,160000,126.78,126.86,126.5,126.55,223,0
20251018,170000,126.62,126.62,126.4,126.41,1038,0
20251018,180000,126.46,126.55,126.33,126.4,236,0
20251019,100000,126.5,126.84,125.5,125.7,1239,0
20251019,110000,125.79,126.11,125.76,125.88,264,0
20251019,120000,125.88,126.27,125.88,125.95,285,0
20251019,130000,126.07,126.28,126.05,126.2,287,0
20251019,140000,126.26,126.26,125.99,125.99,92,0
20251019,150000,125.9,125.9,125.56,125.68,108,0
20251019,160000,125.6,125.7,125.22,125.36,825,0
20251019,170000,125.41,125.87,125.34,125.66,224,0
20251019,180000,125.72,125.86,125.59,125.86,224,0
20251020,080000,125.81,125.81,125.81,125.81,36,0
20251020,090000,125.75,125.88,125.3,125.72,2330,0
20251020,100000,125.69,127.94,125.4,127.62,7562,0
20251020,110000,127.64,127.7,126.86,127.42,1625,0
20251020,120000,127.43,127.45,126.63,126.74,1294,0
20251020,130000,126.69,127,126.5,126.77,1438,0
20251020,140000,126.73,127.62,126.67,127.24,2562,0
20251020,150000,127.23,127.45,127.08,127.3,3884,0
20251020,160000,127.4,127.41,126.6,126.7,3285,0
20251020,170000,126.67,127.12,126.67,126.95,2265,0
20251020,180000,126.83,126.99,126.73,126.88,961,0
20251020,190000,126.74,126.8,126.07,126.24,1617,0
20251020,200000,126.24,126.46,126.22,126.41,475,0
20251020,210000,126.37,126.37,126.1,126.2,890,0
20251020,220000,126.22,126.32,126.18,126.31,544,0
20251020,230000,126.25,126.37,126.25,126.35,236,0
20251021,080000,123.45,123.45,123.45,123.45,261,0
20251021,090000,123.44,123.65,121.83,123.36,16245,0
20251021,100000,123.33,124.04,123.08,123.25,5096,0
20251021,110000,123.27,123.27,122.62,122.91,2770,0
20251021,120000,122.8,123.87,122.74,123.21,1747,0
20251021,130000,123.11,123.97,122.95,123.68,3870,0
20251021,140000,123.71,123.72,123.11,123.57,1373,0
20251021,150000,123.53,123.56,122.94,123.02,972,0
20251021,160000,122.97,123.03,122.57,122.79,2136,0
20251021,170000,122.71,122.72,121,121.05,6401,0
20251021,180000,121.03,121.13,117.72,119.01,24100,0
20251021,190000,119.14,120.86,119,120.63,5953,0
20251021,200000,120.57,120.64,118.88,119.25,3130,0
20251021,210000,119.21,119.96,119.21,119.67,2056,0
20251021,220000,119.68,120.31,119.27,119.33,858,0
20251021,230000,119.33,121.57,119,121.4,2697,0
20251022,080000,121.57,121.57,121.57,121.57,61,0
20251022,090000,121.5,121.5,120.72,120.8,2118,0
20251022,100000,120.76,121.13,120.1,121.13,1863,0
20251022,110000,121.03,122.48,120.8,121.96,5074,0
20251022,120000,121.91,122.2,121.37,121.96,2684,0
20251022,130000,122,122.08,120.95,121.14,2307,0
20251022,140000,121.15,121.71,120.82,121.3,1827,0
20251022,150000,121.3,121.6,120.31,120.53,1030,0
20251022,160000,120.57,121.93,120.12,121.32,3535,0
20251022,170000,121.3,121.41,120.94,121.11,964,0
20251022,180000,121.15,121.5,120.77,120.91,772,0
20251022,190000,120.93,121.31,120.5,121.27,1054,0
20251022,200000,121.24,121.27,120.8,121,966,0
20251022,210000,121.08,121.22,120.92,120.92,583,0
20251022,220000,120.98,120.98,118,118.73,13664,0
20251022,230000,118.64,119.56,117.72,119.37,5333,0
20251023,080000,117.44,117.44,117.44,117.44,238,0
20251023,090000,117.41,118.01,116.9,116.96,7365,0
20251023,100000,116.99,118.05,116.85,117.73,2379,0
20251023,110000,117.79,117.82,116.5,116.82,7398,0
20251023,120000,116.79,117.34,116.52,117.16,2713,0
20251023,130000,117.21,117.42,116.9,117.1,872,0
20251023,140000,117.05,117.6,116.78,117.08,1937,0
20251023,150000,117.06,117.74,117.06,117.36,2371,0
20251023,160000,117.44,117.64,117.08,117.08,1821,0
20251023,170000,117.1,117.25,116.75,116.99,2082,0
20251023,180000,116.9,119.02,116.9,118.07,3062,0
20251023,190000,117.81,118.08,117.42,117.8,2286,0
20251023,200000,117.8,118.29,117.56,118.04,1133,0
20251023,210000,118.06,118.21,117.92,117.99,480,0
20251023,220000,118,118.03,117.75,117.75,553,0
20251023,230000,117.76,118.25,117.75,118.05,700,0
20251024,080000,118.08,118.08,118.08,118.08,3,0
20251024,090000,118.26,118.3,117.81,118.13,1281,0
20251024,100000,118.13,118.21,117.72,117.96,986,0
20251024,110000,117.96,118.19,117.9,118.13,689,0
20251024,120000,118,118.01,117.59,117.6,823,0
20251024,130000,117.55,119.24,116.3,117,13409,0
20251024,140000,116.97,117.44,115.96,117.15,8202,0
20251024,150000,117.08,118.1,116.85,117.91,4394,0
20251024,160000,117.89,117.9,117.35,117.81,2297,0
20251024,170000,117.72,117.72,117.37,117.51,2369,0
20251024,180000,117.45,117.52,116.9,117.01,1405,0
20251024,190000,117.15,117.66,116.81,117.28,1026,0
20251024,200000,117.2,117.42,117.15,117.15,109,0
20251024,210000,117.15,117.2,117.04,117.05,269,0
20251024,220000,117.09,117.33,117.04,117.33,613,0
20251024,230000,117.3,117.34,117.11,117.23,328,0
20251027,080000,116.94,116.94,116.94,116.94,248,0
20251027,090000,116.91,116.91,114.68,115.38,6181,0
20251027,100000,115.46,116.55,115.34,116.4,3822,0
20251027,110000,116.4,116.84,116.19,116.45,2611,0
20251027,120000,116.39,117.07,116.39,116.67,1325,0
20251027,130000,116.62,116.75,115.62,115.94,3659,0
20251027,140000,115.96,116.21,115.18,115.53,4897,0
20251027,150000,115.59,116.66,115.49,115.96,6454,0
20251027,160000,115.95,116.07,115.33,115.5,1573,0
20251027,170000,115.5,116,115.28,115.78,2349,0
20251027,180000,115.83,115.9,115.4,115.66,576,0
20251027,190000,115.66,116.09,115.45,115.94,1902,0
20251027,200000,115.9,115.94,115.76,115.89,341,0
20251027,210000,115.83,115.86,115.4,115.56,858,0
20251027,220000,115.67,115.88,115.61,115.73,85,0
20251027,230000,115.81,115.81,115.33,115.42,669,0
20251028,090000,115.79,116.88,115.79,116.72,4051,0
20251028,100000,116.72,116.79,115.83,116.33,1744,0
20251028,110000,116.33,117.71,116.33,117.37,4418,0
20251028,120000,117.32,117.44,116.91,117.02,2916,0
20251028,130000,116.99,117.02,116.5,116.73,2280,0
20251028,140000,116.7,117.14,116.63,116.83,1684,0
20251028,150000,116.97,117.16,116.21,116.34,2449,0
20251028,160000,116.21,116.52,115.91,116.52,2299,0
20251028,170000,116.45,116.55,116.01,116.12,1569,0
20251028,180000,116.15,116.3,115.7,116.04,2832,0
20251028,190000,116.21,116.77,116.09,116.57,964,0
20251028,200000,116.58,117.04,116.5,116.77,1176,0
20251028,210000,116.73,116.77,116.15,116.4,478,0
20251028,220000,116.45,116.75,116.38,116.66,372,0
20251028,230000,116.65,116.78,116.64,116.64,409,0
20251029,080000,116.7,116.7,116.7,116.7,4,0
20251029,090000,116.79,116.88,116.44,116.74,479,0
20251029,100000,116.73,117.56,116.71,117.21,2560,0
20251029,110000,117.22,117.36,116.76,117.1,1995,0
20251029,120000,117.05,117.13,116.62,116.68,933,0
20251029,130000,116.68,117.08,116.68,116.92,841,0
20251029,140000,116.94,117.19,116.35,116.67,2029,0
20251029,150000,116.58,116.73,116.35,116.49,624,0
20251029,160000,116.48,116.54,116.14,116.29,2836,0
20251029,170000,116.23,116.56,116.02,116.18,4727,0
20251029,180000,116.14,116.97,116.01,116.69,4526,0
20251029,190000,116.7,116.7,116.41,116.57,528,0
20251029,200000,116.49,116.59,116.37,116.38,300,0
20251029,210000,116.38,116.46,116.23,116.37,713,0
20251029,220000,116.44,116.64,116.31,116.58,342,0
20251029,230000,116.62,116.67,116.53,116.56,312,0
20251030,090000,116.26,117.09,116.17,116.86,1894,0
20251030,100000,116.85,117.03,116.41,116.49,2110,0
20251030,110000,116.49,116.83,116.48,116.77,1210,0
20251030,120000,116.73,117.07,116.69,116.89,2084,0
20251030,130000,116.9,116.98,116.48,116.88,1802,0
20251030,140000,116.9,118.36,116.87,117.94,5735,0
20251030,150000,118.03,118.24,117.56,118.13,3212,0
20251030,160000,117.96,118.33,117.51,118.33,2126,0
20251030,170000,118.33,118.39,117.39,117.47,3980,0
20251030,180000,117.47,117.62,117.1,117.1,1629,0
20251030,190000,117.26,118.13,117.05,117.48,776,0
20251030,200000,117.56,117.6,117.37,117.49,357,0
20251030,210000,117.5,117.72,117.5,117.7,418,0
20251030,220000,117.69,117.7,117.52,117.57,207,0
20251030,230000,117.57,117.57,117.45,117.45,259,0
20251031,090000,117.55,117.72,116.85,117.18,2321,0
20251031,100000,117.17,117.2,116.67,116.92,1995,0
20251031,110000,116.8,117.24,116.79,116.96,1498,0
20251031,120000,116.91,117.04,116.75,117,776,0
20251031,130000,117,117.06,116.6,116.65,707,0
20251031,140000,116.62,116.62,116.01,116.45,2736,0
20251031,150000,116.39,116.64,116.36,116.46,691,0
20251031,160000,116.44,116.56,116.17,116.18,1231,0
20251031,170000,116.17,116.62,116.16,116.45,1128,0
20251031,180000,116.49,116.65,116.27,116.35,838,0
20251031,190000,116.33,116.45,116.29,116.42,397,0
20251031,200000,116.36,116.76,115.74,116.29,6238,0
20251031,210000,116.29,116.42,116.14,116.21,1348,0
20251031,220000,116.27,116.36,116.16,116.21,300,0
20251031,230000,116.24,116.5,116.09,116.48,886,0
20251101,090000,116.37,116.52,116.05,116.24,374,0
20251101,100000,116.48,116.76,116.31,116.71,2096,0
20251101,110000,116.65,116.76,116.53,116.66,688,0
20251101,120000,116.64,116.68,116.49,116.61,391,0
20251101,130000,116.62,116.65,116.42,116.61,206,0
20251101,140000,116.57,116.63,116.28,116.38,493,0
20251101,150000,116.3,116.48,116.2,116.47,592,0
20251101,160000,116.41,116.5,116.31,116.37,779,0
20251101,170000,116.34,116.46,116.3,116.36,680,0
20251101,180000,116.37,116.48,116.31,116.37,256,0
20251101,190000,116.38,116.47,116.35,116.43,221,0
20251101,200000,116.41,116.47,116.37,116.47,179,0
20251101,210000,116.42,116.47,116.41,116.44,30,0
20251101,220000,116.41,116.44,116.31,116.31,209,0
20251101,230000,116.38,116.47,116.31,116.35,162,0
20251103,090000,116.66,117.65,116.66,117.46,3498,0
20251103,100000,117.63,118.23,117.63,117.8,1373,0
20251103,110000,117.79,117.83,117.24,117.33,1540,0
20251103,120000,117.36,117.45,117.22,117.44,798,0
20251103,130000,117.45,117.71,117.37,117.7,602,0
20251103,140000,117.7,117.86,117.45,117.77,739,0
20251103,150000,117.7,118,117.69,117.75,1437,0
20251103,160000,117.75,117.77,117.5,117.66,730,0
20251103,170000,117.66,117.87,117.66,117.87,740,0
20251103,180000,117.87,117.92,117.56,117.77,1638,0
20251103,190000,117.76,117.77,117.68,117.71,346,0
20251103,200000,117.72,117.9,117.65,117.71,964,0
20251103,210000,117.76,117.82,117.54,117.58,1265,0
20251103,220000,117.55,117.63,117.51,117.63,439,0
20251103,230000,117.63,117.69,117.57,117.69,451,0
20251105,090000,117.46,117.46,116.63,116.94,3321,0
20251105,100000,116.94,116.95,116.51,116.75,2909,0
20251105,110000,116.74,117.14,116.7,117.13,2019,0
20251105,120000,117,117.29,116.89,117.2,1190,0
20251105,130000,117.17,117.67,117.12,117.47,3726,0
20251105,140000,117.47,117.53,117.04,117.18,1892,0
20251105,150000,117.15,117.48,116.94,117.32,1507,0
20251105,160000,117.32,117.49,116.74,116.74,2049,0
20251105,170000,116.74,117.07,116.27,116.51,7285,0
20251105,180000,116.5,116.83,116.4,116.67,2844,0
20251105,190000,116.67,116.9,116.58,116.83,583,0
20251105,200000,116.76,116.82,116.59,116.77,450,0
20251105,210000,116.67,116.85,116.6,116.79,318,0
20251105,220000,116.79,116.82,116.74,116.79,62,0
20251105,230000,116.79,116.83,116.6,116.83,705,0
20251106,090000,116.98,117.26,116.41,116.93,2290,0
20251106,100000,116.9,116.95,116.51,116.62,1036,0
20251106,110000,116.65,116.95,116.51,116.88,394,0
20251106,120000,116.79,116.95,116.58,116.84,621,0
20251106,130000,116.8,116.94,116.5,116.67,1637,0
20251106,140000,116.67,116.92,116.45,116.92,1114,0
20251106,150000,116.91,117.05,116.7,116.77,2542,0
20251106,160000,116.77,116.81,116.6,116.65,837,0
20251106,170000,116.63,117.03,116.57,116.97,4677,0
20251106,180000,116.93,117.15,116.81,117.15,1310,0
20251106,200000,117.18,117.69,116.69,117.62,2714,0
20251106,210000,117.63,117.68,117.38,117.41,870,0
20251106,220000,117.41,117.57,117.29,117.52,542,0
20251106,230000,117.56,117.6,117.39,117.39,835,0
20251107,090000,117.68,119.24,117.14,118.72,6297,0
20251107,100000,118.78,120.46,118.78,119.83,15142,0
20251107,110000,119.82,120.21,119.76,120.01,5366,0
20251107,120000,120,121.06,120,120.38,6673,0
20251107,130000,120.42,120.68,120,120.15,2484,0
20251107,140000,120.14,120.46,119.97,120.31,2517,0
20251107,150000,120.34,120.42,119.89,119.97,2502,0
20251107,160000,120,120.57,119.98,120.38,5594,0
20251107,170000,120.38,121,120.38,121,5211,0
20251107,180000,120.97,121.06,120.53,120.55,1276,0
20251107,190000,120.7,120.91,120.52,120.52,542,0
20251107,200000,120.56,121.49,120.5,120.58,2357,0
20251107,210000,120.52,120.59,119.81,120.13,3933,0
20251107,220000,120.19,120.45,120.19,120.29,609,0
20251107,230000,120.36,120.73,120.25,120.69,528,0
20251108,100000,120.69,121.3,120.69,120.94,2171,0
20251108,110000,120.8,120.89,120.49,120.54,301,0
20251108,120000,120.61,120.99,120.6,120.81,154,0
20251108,130000,120.81,120.81,120.4,120.6,90,0
20251108,140000,120.67,120.67,120.53,120.65,27,0
20251108,150000,120.65,120.88,120.51,120.81,217,0
20251108,160000,120.81,120.92,120.69,120.74,328,0
20251108,170000,120.75,120.75,120.71,120.75,115,0
20251108,180000,120.75,120.79,120.5,120.79,153,0
20251109,100000,120.63,120.73,120.51,120.73,175,0
20251109,110000,120.62,120.76,120.6,120.72,51,0
20251109,120000,120.75,120.8,120.65,120.8,45,0
20251109,130000,120.8,120.85,120.74,120.84,81,0
20251109,140000,120.75,120.89,120.49,120.88,442,0
20251109,150000,120.89,120.89,120.67,120.71,134,0
20251109,160000,120.71,120.89,120.7,120.85,68,0
20251109,170000,120.83,121.27,120.77,121.12,411,0
20251109,180000,121.1,121.27,121.01,121.27,299,0
20251110,090000,121.45,121.91,120.95,121.79,2805,0
20251110,100000,121.79,122.86,121.39,122.86,6039,0
20251110,110000,122.86,122.9,122.01,122.33,5188,0
20251110,120000,122.36,122.49,121.87,122.15,3312,0
20251110,130000,122.16,122.18,121.95,122.16,3249,0
20251110,140000,122.18,122.43,121.49,121.73,2144,0
20251110,150000,121.61,121.68,121.16,121.28,2410,0
20251110,160000,121.31,121.35,120.27,120.75,3877,0
20251110,170000,120.69,120.84,119.57,119.91,4030,0
20251110,180000,119.8,119.86,119.46,119.74,1824,0
20251110,190000,119.77,120.25,119.74,120.19,867,0
20251110,200000,120.14,120.46,120.05,120.41,418,0
20251110,210000,120.39,120.41,119.92,120.07,810,0
20251110,220000,120.12,120.12,119.85,119.89,857,0
20251110,230000,119.86,119.86,119.5,119.8,680,0
20251111,090000,119.85,120.09,119.5,119.83,1635,0
20251111,100000,119.79,120.26,119.05,120.25,2946,0
20251111,110000,120.11,120.13,119.67,119.83,3215,0
20251111,120000,119.84,120.7,119.58,120.49,4821,0
20251111,130000,120.58,120.79,120.29,120.62,2043,0
20251111,140000,120.67,121.06,120.34,121,1945,0
20251111,150000,121.06,121.13,120.52,120.64,2324,0
20251111,160000,120.64,121.14,120.57,121.09,1515,0
20251111,170000,121.1,121.26,120.82,120.93,1883,0
20251111,180000,120.99,121.04,120.6,120.67,1358,0
20251111,190000,120.67,121.03,120.67,120.9,885,0
20251111,200000,120.9,121.25,120.89,121.2,859,0
20251111,210000,121.2,122,121.17,121.52,2381,0
20251111,220000,121.59,121.78,121.53,121.7,299,0
20251111,230000,121.69,121.73,121.56,121.71,688,0
20251112,090000,121.64,121.7,121.11,121.35,937,0
20251112,100000,121.3,121.38,120.62,120.82,3646,0
20251112,110000,120.76,121.33,120.76,121.07,1146,0
20251112,120000,121.08,121.25,121,121.18,421,0
20251112,130000,121.19,121.19,120.23,120.46,1771,0
20251112,140000,120.41,120.79,120.27,120.54,1121,0
20251112,150000,120.5,120.52,119.61,120.06,3901,0
20251112,160000,119.94,120.13,119.68,119.87,3151,0
20251112,170000,119.78,120.02,119.43,119.92,2794,0
20251112,180000,119.88,120.24,119.66,119.81,1036,0
20251112,190000,119.91,119.93,119.3,119.43,2880,0
20251112,200000,119.44,119.6,118.48,118.96,4509,0
20251112,210000,118.97,119.4,118.97,119.38,1187,0
20251112,220000,119.35,119.35,119.04,119.35,942,0
20251112,230000,119.34,119.49,119.22,119.4,2254,0
20251113,090000,119.64,120.25,119.54,119.82,2281,0
20251113,100000,119.83,119.98,119.27,119.53,2146,0
20251113,110000,119.64,120.17,119.49,119.76,2215,0
20251113,120000,119.76,119.82,119.08,119.4,2449,0
20251113,130000,119.38,119.49,119.15,119.42,969,0
20251113,140000,119.42,119.42,118.85,119.2,2491,0
20251113,150000,119.2,119.49,119.14,119.42,583,0
20251113,160000,119.4,119.5,119,119.19,972,0
20251113,170000,119.2,119.4,118.87,119.15,649,0
20251113,180000,119.06,119.69,119.02,119.55,1019,0
20251113,190000,119.47,119.65,119.41,119.54,730,0
20251113,200000,119.48,119.72,119.4,119.72,331,0
20251113,210000,119.82,120.27,119.55,119.78,1274,0
20251113,220000,119.79,119.81,119.62,119.73,218,0
20251113,230000,119.66,119.75,119.32,119.32,311,0
20251114,090000,119.53,119.83,119.34,119.73,836,0
20251114,100000,119.73,120.06,118.87,119.16,1387,0
20251114,110000,119.1,119.17,118.21,118.9,5505,0
20251114,120000,118.82,119.19,118.73,118.96,1769,0
20251114,130000,118.93,119.43,118.85,118.85,937,0
20251114,140000,118.87,118.92,118.52,118.55,1683,0
20251114,150000,118.58,119.14,118.56,118.89,2272,0
20251114,160000,118.91,118.92,118.4,118.61,2091,0
20251114,170000,118.52,118.62,117.85,117.97,3062,0
20251114,180000,117.95,118.19,117.88,118.02,1437,0
20251114,190000,118.02,118.31,118,118.17,1659,0
20251114,200000,118.17,118.3,118.13,118.15,1218,0
20251114,210000,118.15,118.15,117.97,118.1,596,0
20251114,220000,118.08,118.39,118.03,118.37,638,0
20251114,230000,118.34,118.56,118.33,118.33,476,0
20251115,100000,118.43,118.59,118.25,118.46,603,0
20251115,110000,118.42,118.47,118.41,118.41,35,0
20251115,120000,118.41,118.47,117.99,118.21,203,0
20251115,130000,118.27,118.48,118.27,118.48,22,0
20251115,140000,118.39,118.6,118.29,118.29,79,0
20251115,150000,118.39,118.49,118.36,118.36,27,0
20251115,160000,118.49,118.55,118.33,118.33,28,0
20251115,170000,118.33,118.42,118.22,118.25,174,0
20251115,180000,118.41,118.41,118.41,118.41,3,0
20251116,100000,118.22,118.27,118.17,118.27,104,0
20251116,110000,118.14,118.27,118.13,118.22,73,0
20251116,120000,118.21,118.22,118.02,118.11,62,0
20251116,130000,118.18,118.3,118.12,118.3,12,0
20251116,140000,118.36,118.39,118.05,118.28,81,0
20251116,160000,118.24,118.29,117.9,117.9,536,0
20251116,170000,118.02,118.1,118.02,118.1,42,0
20251116,180000,118.18,118.19,118.04,118.16,13,0
20251117,090000,117.9,118.24,117.28,117.36,3000,0
20251117,100000,117.38,117.97,117.2,117.85,1859,0
20251117,110000,117.81,118.78,117.81,118.67,3709,0
20251117,120000,118.68,119.36,118.68,119.2,3449,0
20251117,130000,119.14,119.23,118.4,118.64,2267,0
20251117,140000,118.61,119.8,118.42,119.36,6362,0
20251117,150000,119.39,119.59,118.86,118.96,2695,0
20251117,160000,118.96,119.04,118.58,119.03,1748,0
20251117,170000,119.03,119.34,118.91,119.05,1965,0
20251117,180000,119.03,119.14,118.77,118.99,780,0
20251117,190000,119.09,119.09,118.92,118.92,735,0
20251117,200000,118.92,118.96,118.72,118.79,693,0
20251117,210000,118.77,118.79,118.33,118.4,2021,0
20251117,220000,118.4,118.53,118.22,118.28,1787,0
20251117,230000,118.26,118.42,118.23,118.41,1284,0
20251118,090000,118.47,118.8,118,118.64,1309,0
20251118,100000,118.62,121.35,118.01,120.44,12094,0
20251118,110000,120.44,122.53,120.16,122.4,14885,0
20251118,120000,122.5,122.63,121.4,121.65,10208,0
20251118,130000,121.62,121.78,121.3,121.63,2085,0
20251118,140000,121.62,122.31,121.62,122.27,4474,0
20251118,150000,122.28,122.35,121.23,121.47,3504,0
20251118,160000,121.55,121.85,121.42,121.64,744,0
20251118,170000,121.49,122.25,121.44,121.73,2265,0
20251118,180000,121.69,122.14,121.61,121.91,1617,0
20251118,190000,122,122.22,121.97,122.12,766,0
20251118,200000,122.03,122.09,121.75,122.04,579,0
20251118,210000,122.08,122.27,121.91,122.25,409,0
20251118,220000,122.25,122.5,122.05,122.12,816,0
20251118,230000,122.12,122.16,120.62,121.35,3610,0
20251119,090000,122.37,122.97,122.22,122.68,2717,0
20251119,100000,122.68,123.3,122.23,123.3,2640,0
20251119,110000,123.31,123.95,122.5,122.96,8936,0
20251119,120000,122.95,122.96,121.62,121.94,3514,0
20251119,130000,121.86,122.41,121.82,122.25,4550,0
20251119,140000,122.25,124.86,122.08,124.66,9077,0
20251119,150000,124.72,125.37,124.41,125.14,12666,0
20251119,160000,125.14,127.04,125.14,126.43,20879,0
20251119,170000,126.37,126.51,125,125.61,14522,0
20251119,180000,125.7,126.22,125.11,125.91,2724,0
20251119,190000,125.59,126.5,125.49,126.34,3037,0
20251119,200000,126.29,126.33,125.68,125.96,1404,0
20251119,210000,125.91,126.36,124.22,124.73,5925,0
20251119,220000,124.76,124.81,123.47,123.93,5186,0
20251119,230000,123.95,124.2,123.85,124.09,1234,0
20251120,090000,124.75,125.1,124.17,124.17,3242,0
20251120,100000,124.19,124.56,123.15,124.08,7342,0
20251120,110000,124.07,124.58,123.8,124.36,9267,0
20251120,120000,124.36,125.86,124.26,124.99,8605,0
20251120,130000,124.96,125.32,124.39,124.4,11529,0
20251120,140000,124.39,124.44,123.84,124.2,5299,0
20251120,150000,124.23,124.61,123.56,124.61,3839,0
20251120,160000,124.63,124.82,123.64,123.73,5362,0
20251120,170000,123.73,123.95,122.78,123.39,3632,0
20251120,180000,123.36,123.83,123.36,123.73,1403,0
20251120,190000,123.84,124.55,123.7,123.91,1973,0
20251120,200000,123.93,129.45,123.7,128.97,8475,0
20251120,210000,128.98,129.26,125.66,127.06,8217,0
20251120,220000,127.23,128.16,126.84,127.77,5065,0
20251120,230000,127.79,128.46,127.36,128.24,5043,0
20251121,090000,127,127.2,126.43,127.11,4550,0
20251121,100000,127.01,127.71,126.61,127.34,4862,0
20251121,110000,127.34,127.61,126.42,126.83,2703,0
20251121,120000,126.87,127.17,126.6,127.06,3025,0
20251121,130000,127,127,126.03,126.29,3389,0
20251121,140000,126.21,126.71,125.71,125.86,3774,0
20251121,150000,125.89,126.88,125.51,126.45,5085,0
20251121,160000,126.44,126.52,125.42,125.48,4185,0
20251121,170000,125.51,128.34,125.48,127.69,6714,0
20251121,180000,127.77,127.83,125.48,127.2,4939,0
20251121,190000,127.32,128.2,127.03,127.88,4899,0
20251121,200000,127.86,128.99,127.59,127.98,4223,0
20251121,210000,127.97,128.15,127.69,127.89,1437,0
20251121,220000,127.96,128.7,127.53,127.96,899,0
20251121,230000,127.96,127.99,127.29,127.34,1851,0
20251124,090000,128.87,129,128.25,128.59,4030,0
20251124,100000,128.61,129.3,128.23,128.41,10568,0
20251124,110000,128.39,128.49,126,126.43,11653,0
20251124,120000,126.44,127.03,125.86,126.35,5081,0
20251124,130000,126.31,126.92,125.99,126.57,4057,0
20251124,140000,126.47,126.7,126.02,126.54,1662,0
20251124,150000,126.51,126.51,125.86,126.25,3012,0
20251124,160000,126.26,127.11,126.12,126.89,3868,0
20251124,170000,126.85,126.9,124.65,125.65,11028,0
20251124,180000,125.59,125.81,125.4,125.43,1218,0
20251124,190000,125.47,125.67,124.97,125.59,1651,0
20251124,200000,125.59,125.7,125.39,125.69,851,0
20251124,210000,125.64,125.74,125.53,125.64,179,0
20251124,220000,125.7,125.71,125.21,125.33,728,0
20251124,230000,125.3,126.41,125.2,126.01,1106,0
20251125,090000,126.53,127.31,126.24,126.87,3624,0
20251125,100000,126.94,127.42,126.57,126.83,984,0
20251125,110000,126.89,126.97,125.8,125.97,3488,0
20251125,120000,126.01,126.08,125.26,125.89,2645,0
20251125,130000,125.89,126.08,125.44,125.78,1360,0
20251125,140000,125.78,126.9,125.62,125.94,3553,0
20251125,150000,125.92,128.55,125.63,126.89,9475,0
20251125,160000,126.8,128,126.73,128,4689,0
20251125,170000,127.99,128.15,127.21,128.07,2500,0
20251125,180000,127.97,128.35,127.67,128.04,4990,0
20251125,190000,128.01,130,127.94,128.38,5182,0
20251125,200000,128.42,128.57,127.16,128.1,4302,0
20251125,210000,128.16,128.24,127.5,127.81,3250,0
20251125,220000,127.87,128.97,127.7,128,2082,0
20251125,230000,128,128.18,127.71,127.76,886,0
20251126,090000,127.48,127.63,127.04,127.56,904,0
20251126,100000,127.6,127.67,127.09,127.18,834,0
20251126,110000,127.16,127.37,126.69,126.84,3023,0
20251126,120000,126.77,127.15,126.66,126.72,992,0
20251126,130000,126.72,127.02,126.49,127.01,1852,0
20251126,140000,126.96,127.14,126.63,126.88,1528,0
20251126,150000,126.81,127.2,126.69,127.17,1143,0
20251126,160000,127.18,127.25,126.81,126.99,1202,0
20251126,170000,126.98,127.2,126.89,126.96,356,0
20251126,180000,126.93,127.19,126.89,127.09,1022,0
20251126,190000,126.99,127.08,126.86,126.94,287,0
20251126,200000,126.95,127.21,126.94,127.16,403,0
20251126,210000,127.16,127.16,127,127.01,200,0
20251126,220000,127,127.09,126.99,127.09,294,0
20251126,230000,127.03,127.03,126.72,126.96,741,0
20251127,090000,127.21,127.55,127.05,127.3,1728,0
20251127,100000,127.24,127.49,126.36,126.65,1220,0
20251127,110000,126.65,126.95,126.6,126.83,848,0
20251127,120000,126.8,127.44,126.64,126.97,1731,0
20251127,130000,126.97,126.97,126.64,126.77,374,0
20251127,140000,126.8,126.99,126.52,126.68,1503,0
20251127,150000,126.63,126.76,125.75,126.04,4070,0
20251127,160000,126.04,126.78,125.7,126.2,3959,0
20251127,170000,126.2,126.2,123.25,124.1,14836,0
20251127,180000,124.1,124.77,124,124.21,2341,0
20251127,190000,124.36,124.49,123.98,124.27,2938,0
20251127,200000,124.17,124.45,124.06,124.38,939,0
20251127,210000,124.33,124.45,124.23,124.42,1184,0
20251127,220000,124.42,124.46,124.15,124.4,980,0
20251127,230000,124.38,124.56,124.23,124.45,343,0
20251128,090000,124.12,124.85,124.05,124.65,1798,0
20251128,100000,124.63,125,124.28,124.78,2336,0
20251128,110000,124.78,125.15,124.59,125.15,2449,0
20251128,120000,125.17,125.86,124.99,125.76,3479,0
20251128,130000,125.76,125.83,125.45,125.61,1191,0
20251128,140000,125.55,125.55,124.88,125.05,2493,0
20251128,150000,125.06,125.15,124.75,124.9,829,0
20251128,160000,124.89,126.14,124.8,125.82,5530,0
20251128,170000,125.9,126.54,125.9,126.54,1955,0
20251128,180000,126.58,128.5,126.43,127.79,5723,0
20251128,190000,127.78,128.01,127.29,127.76,3763,0
20251128,200000,127.78,128.12,127.71,127.83,1296,0
20251128,210000,127.98,128.08,127.68,127.75,348,0
20251128,220000,127.78,127.82,127.68,127.79,413,0
20251128,230000,127.79,128.05,127.77,127.94,1714,0
20251129,100000,127.97,128.03,127.68,127.81,665,0
20251129,110000,127.7,127.78,127.65,127.65,153,0
20251129,120000,127.66,127.81,127.32,127.39,585,0
20251129,130000,127.39,127.56,127.15,127.41,508,0
20251129,140000,127.51,127.61,127.35,127.51,103,0
20251129,150000,127.5,127.61,127.45,127.61,24,0
20251129,160000,127.57,127.6,127.46,127.48,104,0
20251129,170000,127.48,127.6,127.46,127.6,20,0
20251129,180000,127.64,127.8,127.4,127.46,177,0
20251130,100000,127.81,128.02,127.57,128.01,284,0
20251130,110000,128.01,128.5,127.89,128.39,664,0
20251130,120000,128.39,128.95,128.37,128.68,739,0
20251130,130000,128.5,128.7,128.35,128.53,133,0
20251130,140000,128.55,128.63,128.5,128.5,16,0
20251130,150000,128.67,128.89,128.58,128.82,656,0
20251130,160000,128.82,128.88,128.32,128.52,840,0
20251130,170000,128.55,128.82,128.55,128.81,139,0
20251130,180000,128.82,128.89,128.48,128.89,287,0
20251201,090000,128.57,128.6,127.53,128.32,2369,0
20251201,100000,128.24,128.76,127.65,127.99,1302,0
20251201,110000,127.9,128.7,127.69,128.4,1419,0
20251201,120000,128.33,129.33,128.33,128.63,1834,0
20251201,130000,128.54,128.84,128.19,128.42,1101,0
20251201,140000,128.47,128.69,128.01,128.14,1425,0
20251201,150000,128.13,128.67,128.13,128.67,762,0
20251201,160000,128.63,128.68,128.2,128.49,1064,0
20251201,170000,128.66,128.99,128.58,128.67,1353,0
20251201,180000,128.74,128.74,128.24,128.3,1717,0
20251201,190000,128.44,128.47,128.03,128.46,1753,0
20251201,200000,128.5,128.6,128.37,128.42,614,0
20251201,210000,128.46,128.56,128.34,128.41,536,0
20251201,220000,128.37,128.47,127.79,127.99,964,0
20251201,230000,127.94,128.18,127.73,128.04,763,0
20251202,090000,127.9,128.32,127.74,128.1,576,0
20251202,100000,128.06,128.52,127.88,128.1,1200,0
20251202,110000,127.96,128.03,127.35,127.77,2080,0
20251202,120000,127.78,128.31,127.78,128.3,435,0
20251202,130000,128.3,128.64,128.09,128.53,3210,0
20251202,140000,128.51,128.66,128.3,128.54,3149,0
20251202,150000,128.55,129,128.37,128.74,687,0
20251202,160000,128.77,129,128.53,128.67,1016,0
20251202,170000,128.82,128.87,127.79,128.18,1797,0
20251202,180000,128.2,128.38,126.3,127.25,5524,0
20251202,190000,127.15,127.56,127.14,127.21,1319,0
20251202,200000,127.21,127.58,127,127,1192,0
20251202,210000,126.89,127.93,126.7,127.48,839,0
20251202,220000,127.49,127.55,127.05,127.29,692,0
20251202,230000,127.27,127.48,127.02,127.48,607,0
20251203,090000,125.44,127.62,125.01,125.25,12629,0
20251203,100000,125.19,125.25,124.42,124.72,4835,0
20251203,110000,124.66,124.66,123.82,124.24,5290,0
20251203,120000,124.24,124.81,124.14,124.71,4150,0
20251203,130000,124.67,124.96,124.5,124.55,1406,0
20251203,140000,124.54,124.83,124.39,124.57,1270,0
20251203,150000,124.61,124.61,124.27,124.47,1248,0
20251203,160000,124.45,124.45,124.1,124.2,1206,0
20251203,170000,124.32,124.8,124.32,124.65,1029,0
20251203,180000,124.63,125.37,124.52,125.19,2008,0
20251203,190000,125.19,125.56,124.91,125.32,1732,0
20251203,200000,125.41,125.49,124.95,125,750,0
20251203,210000,125,125.42,124.81,125.26,566,0
20251203,220000,125.26,125.42,125,125.18,455,0
20251203,230000,125.14,125.28,125.06,125.08,242,0
20251204,090000,125.65,126.14,125.65,125.99,2157,0
20251204,100000,126.01,126.31,125.86,126.14,1616,0
20251204,110000,126.1,126.54,125.91,126.49,2071,0
20251204,120000,126.45,126.54,126.21,126.51,1754,0
20251204,130000,126.53,126.54,126.08,126.24,1094,0
20251204,140000,126.15,126.39,126,126.15,727,0
20251204,150000,126.1,126.46,126,126.39,1230,0
20251204,160000,126.34,126.53,126.05,126.17,302,0
20251204,170000,126.16,126.2,125.7,125.86,541,0
20251204,180000,125.85,125.89,125.49,125.76,1650,0
20251204,190000,125.78,126.03,125.71,125.89,330,0
20251204,200000,125.88,125.88,125.51,125.64,575,0
20251204,210000,125.67,125.73,125.5,125.55,411,0
20251204,220000,125.58,125.6,125.5,125.6,237,0
20251204,230000,125.51,125.76,125.42,125.61,363,0
20251205,090000,125.64,126.06,125.4,125.74,3600,0
20251205,100000,125.78,126.64,125.51,126.57,1763,0
20251205,110000,126.61,127.41,126.52,127,4150,0
20251205,120000,127.11,128.13,127,127.92,3688,0
20251205,130000,127.96,128.49,127.5,127.93,3095,0
20251205,140000,127.92,128.84,127.92,128.4,2445,0
20251205,150000,128.43,128.57,128.01,128.11,1341,0
20251205,160000,128.13,128.65,128.09,128.42,1046,0
20251205,170000,128.5,128.96,128.26,128.8,2435,0
20251205,180000,128.8,128.86,128.35,128.73,1902,0
20251205,190000,128.64,128.72,128.32,128.53,810,0
20251205,200000,128.53,128.58,128.4,128.46,439,0
20251205,210000,128.46,128.74,128.43,128.68,368,0
20251205,220000,128.68,128.8,128.51,128.7,789,0
20251205,230000,128.69,128.84,128.53,128.72,592,0
20251208,090000,129.61,129.75,129.01,129.18,2159,0
20251208,100000,129.23,130.63,128.85,130.49,10095,0
20251208,110000,130.49,130.92,129.82,129.9,3256,0
20251208,120000,129.9,130.01,129.42,129.8,3446,0
20251208,130000,129.7,129.92,128.5,129.4,10189,0
20251208,140000,129.4,129.75,128.79,128.81,3093,0
20251208,150000,128.89,129.05,128.59,128.95,1400,0
20251208,160000,129.01,129.43,128.79,128.94,1727,0
20251208,170000,128.96,129.12,127.75,128.43,5090,0
20251208,180000,128.36,128.84,128.25,128.63,930,0
20251208,190000,128.58,128.83,128.47,128.74,874,0
20251208,200000,128.71,128.94,128,128.13,672,0
20251208,210000,128.03,128.25,127.03,127.45,2759,0
20251208,220000,127.36,127.72,127.3,127.4,654,0
20251208,230000,127.59,127.77,127.36,127.36,532,0
20251209,090000,127.37,128.36,127.2,127.66,6321,0
20251209,100000,127.66,127.89,126.93,127.21,2095,0
20251209,110000,127.2,127.57,127.02,127.29,1168,0
20251209,120000,127.3,127.56,127.17,127.19,783,0
20251209,130000,127.18,127.55,127.18,127.42,605,0
20251209,140000,127.43,128.7,127.35,128.47,7089,0
20251209,150000,128.49,128.58,128.01,128.28,2905,0
20251209,160000,128.26,128.77,128.19,128.49,1664,0
20251209,170000,128.49,128.51,127.23,127.53,3774,0
20251209,180000,127.5,127.69,127.22,127.49,2490,0
20251209,190000,127.52,127.83,127.44,127.73,585,0
20251209,200000,127.75,127.95,127.48,127.89,923,0
20251209,210000,127.87,128.58,127.82,128.54,1004,0
20251209,220000,128.58,130.21,128.53,129.59,7376,0
20251209,230000,129.6,129.63,129.12,129.49,1439,0
20251210,090000,129.32,129.32,128.7,129.11,1666,0
20251210,100000,129.11,129.29,128.33,128.42,2632,0
20251210,110000,128.41,128.91,128.28,128.77,6619,0
20251210,120000,128.69,129.24,128.63,129.06,1852,0
20251210,130000,129.1,129.1,128.53,128.63,1182,0
20251210,140000,128.64,128.82,128.49,128.6,760,0
20251210,150000,128.64,128.79,128.55,128.73,240,0
20251210,160000,128.77,128.79,128.41,128.66,1070,0
20251210,170000,128.7,129.15,128.3,128.44,1162,0
20251210,180000,128.44,128.65,128.41,128.47,558,0
20251210,190000,128.74,128.85,128.68,128.8,375,0
20251210,200000,128.7,128.82,128.53,128.61,620,0
20251210,210000,128.6,128.86,128.5,128.78,503,0
20251210,220000,128.78,128.86,128.58,128.8,335,0
20251210,230000,128.68,128.78,128.5,128.5,195,0
20251211,090000,128.89,129.69,128.89,129.54,9570,0
20251211,100000,129.46,129.97,129.45,129.73,2921,0
20251211,110000,129.76,130.72,129.76,130.4,5951,0
20251211,120000,130.4,130.83,130.14,130.25,3726,0
20251211,130000,130.24,130.33,130.01,130.25,1345,0
20251211,140000,130.22,130.61,130.07,130.26,2335,0
20251211,150000,130.2,130.7,130.2,130.58,1308,0
20251211,160000,130.6,130.74,130.18,130.39,2508,0
20251211,170000,130.39,130.87,129.84,129.84,1164,0
20251211,180000,129.95,130.02,129.23,129.7,2613,0
20251211,190000,130,132.6,130,131.13,3313,0
20251211,200000,131.16,131.64,130.96,131.16,1699,0
20251211,210000,131.14,131.14,130.52,130.86,1004,0
20251211,220000,130.78,130.92,130.51,130.67,727,0
20251211,230000,130.8,130.8,130.46,130.51,596,0
20251212,090000,130.62,130.66,130.07,130.37,599,0
20251212,100000,130.31,130.35,129.89,130.01,1211,0
20251212,110000,129.98,130.73,129.92,130.3,821,0
20251212,120000,130.3,130.64,130.18,130.39,273,0
20251212,130000,130.45,131.09,130.08,130.18,889,0
20251212,140000,130.14,130.36,129.71,129.98,806,0
20251212,150000,129.98,130.17,129.93,130.12,1112,0
20251212,160000,129.97,130.02,128.11,128.85,5423,0
20251212,170000,128.8,129.22,128.39,128.97,1742,0
20251212,180000,128.97,129.15,128.28,128.5,1309,0
20251212,190000,128.5,128.5,127.73,128.31,3012,0
20251212,200000,128.28,128.35,127.8,127.81,1683,0
20251212,210000,127.9,128.14,127.26,127.47,3132,0
20251212,220000,127.49,127.71,127.4,127.63,1355,0
20251212,230000,127.75,127.79,127.57,127.6,611,0
20251213,100000,127.86,128.67,127.63,128.4,606,0
20251213,110000,128.31,128.48,128.18,128.35,351,0
20251213,120000,128.29,128.35,128.1,128.1,427,0
20251213,130000,128.14,128.17,128.08,128.15,32,0
20251213,140000,128.22,128.22,128.11,128.14,31,0
20251213,150000,128.18,128.34,128.18,128.34,26,0
20251213,160000,128.33,128.34,128.2,128.33,84,0
20251213,170000,128.25,128.34,128.25,128.34,147,0
20251213,180000,128.34,128.34,128.26,128.29,88,0
20251214,100000,128.17,128.17,127.78,127.88,262,0
20251214,110000,127.92,127.94,127.5,127.58,388,0
20251214,120000,127.54,127.68,127.39,127.39,287,0
20251214,130000,127.4,127.74,127.39,127.72,185,0
20251214,140000,127.68,127.95,127.6,127.94,102,0
20251214,150000,127.94,127.94,127.78,127.87,37,0
20251214,160000,127.81,127.82,127.52,127.59,378,0
20251214,170000,127.56,127.79,127.42,127.79,1009,0
20251214,180000,127.74,127.77,127.51,127.77,223,0
20251215,090000,128.4,128.53,128.04,128.25,1396,0
20251215,100000,128.2,128.35,127.87,128.09,1110,0
20251215,110000,128.13,128.39,127.82,128.26,2193,0
20251215,120000,128.35,128.7,128.24,128.37,942,0
20251215,130000,128.35,128.86,128.31,128.42,651,0
20251215,140000,128.42,129.29,128.32,129.29,1787,0
20251215,150000,129.3,129.43,128.36,128.66,1766,0
20251215,160000,128.6,128.6,128.16,128.45,2335,0
20251215,170000,128.45,128.91,128.34,128.87,1334,0
20251215,180000,128.83,128.97,128.55,128.88,1198,0
20251215,190000,128.83,129.7,128.46,128.67,829,0
20251215,200000,128.72,129.15,128.65,129.01,410,0
20251215,210000,129.01,129.03,128.86,128.91,100,0
20251215,220000,128.89,129.18,128.89,129.17,424,0
20251215,230000,129.17,129.38,129.12,129.17,1080,0
20251216,090000,129.2,129.3,129.02,129.08,537,0
20251216,100000,129.09,130.39,128.87,130.17,2792,0
20251216,110000,130.19,130.38,129.88,130.25,3242,0
20251216,120000,130.25,130.63,130.08,130.37,1231,0
20251216,130000,130.37,130.51,130.18,130.27,3140,0
20251216,140000,130.27,130.39,130,130.23,3166,0
20251216,150000,130.24,131.07,130.18,131.07,6884,0
20251216,160000,131.04,131.1,130.58,130.85,1980,0
20251216,170000,130.81,131.35,130.81,131.14,3577,0
20251216,180000,131.13,131.22,130.66,130.81,2275,0
20251216,190000,130.9,130.92,130.41,130.58,1021,0
20251216,200000,130.55,130.9,130.49,130.63,314,0
20251216,210000,130.67,130.77,130.61,130.7,492,0
20251216,220000,130.73,130.74,130.57,130.66,241,0
20251216,230000,130.73,130.84,130.58,130.58,181,0
20251217,080000,130.99,130.99,130.99,130.99,8,0
20251217,090000,131.04,131.12,130.58,130.76,1501,0
20251217,100000,130.59,130.72,129.37,129.8,8684,0
20251217,110000,129.8,130.64,129.76,129.99,8969,0
20251217,120000,129.97,129.98,128.99,129.13,5954,0
20251217,130000,129.08,129.35,128.2,129.24,5883,0
20251217,140000,129.26,129.27,128.58,129.17,2946,0
20251217,150000,129.16,129.2,128.8,129.12,720,0
20251217,160000,129.06,129.11,128.6,128.64,1385,0
20251217,170000,128.63,128.65,128.1,128.65,2283,0
20251217,180000,128.65,129.43,128.3,129.43,3097,0
20251217,190000,129.23,129.56,129.04,129.16,1195,0
20251217,200000,129.16,129.41,129.13,129.2,459,0
20251217,210000,129.23,129.35,128.98,128.98,696,0
20251217,220000,129.02,129.52,128.64,129.32,1008,0
20251217,230000,129.33,129.5,129.19,129.43,657,0
20251218,080000,129.42,129.42,129.42,129.42,3,0
20251218,090000,129.33,129.55,128.22,129.38,1828,0
20251218,100000,129.36,129.84,128.78,129.52,2944,0
20251218,110000,129.6,129.78,128.99,129.13,2285,0
20251218,120000,129.1,129.28,128.8,129.28,759,0
20251218,130000,129.3,129.39,129.13,129.18,1182,0
20251218,140000,129.16,129.16,128.63,128.79,1434,0
20251218,150000,128.74,129.53,128.72,129.5,4227,0
20251218,160000,129.39,129.4,128.73,128.81,2824,0
20251218,170000,128.81,128.92,128.59,128.66,1644,0
20251218,180000,128.65,128.93,128.5,128.77,1758,0
20251218,190000,128.58,128.92,128.57,128.92,1138,0
20251218,200000,128.92,128.95,128.79,128.91,162,0
20251218,210000,128.91,129.11,128.71,128.92,1206,0
20251218,220000,128.94,129.05,128.94,128.99,337,0
20251218,230000,129,129.41,128.64,128.98,1250,0
20251219,080000,129.4,129.4,129.4,129.4,430,0
20251219,090000,129.49,130.06,129.4,129.8,3759,0
20251219,100000,129.82,131.17,129.82,130.43,14160,0
20251219,110000,130.43,130.85,130.08,130.27,3126,0
20251219,120000,130.23,130.33,129.74,129.99,3214,0
20251219,130000,130,130.86,126.36,127.97,17481,0
20251219,140000,127.88,128.49,127.8,128.41,1820,0
20251219,150000,128.4,128.55,127,127.04,3264,0
20251219,160000,127.01,127.74,126.75,127.5,8731,0
20251219,170000,127.47,127.47,126.77,127,3093,0
20251219,180000,126.99,127.52,126.83,126.83,2049,0
20251219,190000,127.04,127.53,127,127.39,697,0
20251219,200000,127.39,127.8,127.39,127.72,1057,0
20251219,210000,127.65,127.83,127.56,127.56,174,0
20251219,220000,127.56,127.69,127.52,127.58,188,0
20251219,230000,127.65,127.68,127.61,127.68,150,0
20251220,100000,127.74,127.93,127.65,127.82,182,0
20251220,110000,127.89,127.89,127.75,127.75,69,0
20251220,120000,127.82,127.84,127.75,127.82,46,0
20251220,130000,127.82,127.88,127.56,127.56,163,0
20251220,140000,127.55,127.64,127.5,127.61,64,0
20251220,150000,127.61,127.65,127.55,127.55,14,0
20251220,160000,127.59,127.87,127.59,127.72,28,0
20251220,170000,127.72,127.96,127.6,127.86,448,0
20251220,180000,127.89,127.89,127.59,127.8,280,0
20251221,100000,127.79,127.8,127.72,127.75,282,0
20251221,110000,127.73,127.75,127.64,127.64,51,0
20251221,120000,127.63,127.66,127.55,127.55,195,0
20251221,130000,127.56,127.64,127.51,127.64,113,0
20251221,140000,127.55,127.63,127.5,127.63,76,0
20251221,150000,127.63,127.71,127.44,127.44,757,0
20251221,160000,127.53,127.66,127.44,127.44,29,0
20251221,170000,127.46,127.57,127.31,127.32,77,0
20251221,180000,127.42,127.52,127.35,127.52,40,0
20251222,080000,127.6,127.6,127.6,127.6,10,0
20251222,090000,127.36,127.45,127,127.04,3179,0
20251222,100000,127.02,127.02,125.58,125.84,9440,0
20251222,110000,125.82,126.83,125.5,126.05,6503,0
20251222,120000,126.04,126.39,125.68,125.94,2665,0
20251222,130000,125.93,126.22,125.72,126.03,1068,0
20251222,140000,126.01,126.02,125.6,125.75,1244,0
20251222,150000,125.77,125.8,125.24,125.52,4816,0
20251222,160000,125.47,125.69,125.32,125.38,1642,0
20251222,170000,125.4,125.43,124.55,124.81,3838,0
20251222,180000,124.82,124.91,124.62,124.72,1663,0
20251222,190000,124.74,125.38,124.74,125.21,1055,0
20251222,200000,125.2,125.25,124.99,125.24,746,0
20251222,210000,125.25,125.25,124.91,125.11,490,0
20251222,220000,125.1,125.1,124.61,124.68,1471,0
20251222,230000,124.66,124.91,123.83,124.58,3868,0
20251223,080000,125,125,125,125,11,0
20251223,090000,125,125.08,124.19,124.35,2230,0
20251223,100000,124.29,124.98,124.2,124.5,2300,0
20251223,110000,124.5,124.74,124.18,124.21,1557,0
20251223,120000,124.31,124.32,123.58,124,2802,0
20251223,130000,123.89,124.47,123.78,124.26,3345,0
20251223,140000,124.26,125.66,124.2,125.6,2438,0
20251223,150000,125.61,125.71,125.23,125.27,3065,0
20251223,160000,125.32,125.59,125.27,125.59,760,0
20251223,170000,125.6,125.91,125.05,125.58,2394,0
20251223,180000,125.6,125.69,125.36,125.62,1596,0
20251223,190000,125.62,125.8,125.62,125.63,733,0
20251223,200000,125.54,125.62,125.35,125.44,437,0
20251223,210000,125.36,125.73,125.36,125.73,352,0
20251223,220000,125.7,125.74,125.62,125.69,217,0
20251223,230000,125.68,125.69,125.33,125.33,644,0
20251224,090000,125.56,125.76,124.88,125.03,1682,0
20251224,100000,125.03,125.37,124.55,125.11,2134,0
20251224,110000,125.13,125.48,124.6,125.02,2860,0
20251224,120000,124.9,125.37,124.9,125.27,4306,0
20251224,130000,125.22,125.51,125.18,125.45,2497,0
20251224,140000,125.43,125.66,125.14,125.19,910,0
20251224,150000,125.19,125.58,125.03,125.28,559,0
20251224,160000,125.33,125.39,125.01,125.12,577,0
20251224,170000,125.11,125.13,124.8,124.91,1112,0
20251224,180000,124.91,125.08,124.68,124.84,871,0
20251224,190000,124.82,125.14,124.82,125.05,1312,0
20251224,200000,125.03,125.29,124.98,125.29,947,0
20251224,210000,125.29,125.3,125.15,125.28,104,0
20251224,220000,125.24,125.49,125.19,125.37,754,0
20251224,230000,125.43,125.47,125.22,125.34,326,0
20251225,090000,125.29,125.29,124.96,125.07,558,0
20251225,100000,124.96,124.97,124.36,124.65,2370,0
20251225,110000,124.61,125.22,124.59,125.1,673,0
20251225,120000,125.09,125.13,124.74,124.84,2488,0
20251225,130000,124.82,124.98,124.62,124.66,1755,0
20251225,140000,124.68,124.81,124.64,124.81,1904,0
20251225,150000,124.82,124.82,124.47,124.47,585,0
20251225,160000,124.45,124.75,124.25,124.48,692,0
20251225,170000,124.43,124.5,124.34,124.45,921,0
20251225,180000,124.44,124.45,124.29,124.39,468,0
20251225,190000,124.42,124.55,124.31,124.55,319,0
20251225,200000,124.55,124.61,124.51,124.52,195,0
20251225,210000,124.51,124.66,124.51,124.66,278,0
20251225,220000,124.75,125.12,124.65,124.67,351,0
20251225,230000,124.67,124.69,124.49,124.49,702,0
20251226,090000,124.55,125.88,124.43,125.54,3865,0
20251226,100000,125.6,126.88,125.6,126.12,6066,0
20251226,110000,126.12,126.4,125.87,125.96,2064,0
20251226,120000,125.97,126.33,125.96,126.25,3908,0
20251226,130000,126.28,126.54,126.22,126.45,930,0
20251226,140000,126.48,126.88,126.42,126.57,4505,0
20251226,150000,126.57,127,126.2,126.74,2967,0
20251226,160000,126.78,126.99,126.55,126.72,1780,0
20251226,170000,126.71,126.95,126.71,126.83,1180,0
20251226,180000,126.78,126.87,126.69,126.78,1092,0
20251226,190000,126.83,126.99,126.35,126.57,912,0
20251226,200000,126.56,126.73,126.51,126.73,378,0
20251226,210000,126.73,126.78,126.53,126.66,710,0
20251226,220000,126.73,127.15,126.72,127.09,1081,0
20251226,230000,127.1,127.5,127.1,127.48,1278,0
20251227,090000,127.5,127.5,127.5,127.5,5,0
20251227,100000,127.5,128.35,127.48,127.9,2222,0
20251227,110000,127.77,127.89,127.66,127.76,32,0
20251227,120000,127.75,127.99,127.75,127.99,402,0
20251227,130000,127.9,127.92,127.9,127.9,260,0
20251227,140000,127.9,127.93,127.75,127.75,58,0
20251227,150000,127.75,127.99,127.75,127.78,48,0
20251227,160000,127.78,127.87,127.71,127.71,20,0
20251227,170000,127.75,127.75,127.69,127.7,102,0
20251227,180000,127.71,128,127.68,127.98,270,0
20251228,100000,127.81,127.82,127.5,127.5,218,0
20251228,110000,127.5,127.57,127.11,127.48,212,0
20251228,120000,127.44,127.57,127.33,127.46,117,0
20251228,130000,127.59,127.59,127.36,127.39,85,0
20251228,140000,127.49,127.74,127.3,127.73,791,0
20251228,150000,127.74,128,127.7,127.99,321,0
20251228,160000,127.85,127.9,127.85,127.85,14,0
20251228,170000,127.85,128,127.7,127.8,372,0
20251228,180000,128.02,128.24,127.86,128,207,0
20251229,080000,127.8,127.8,127.8,127.8,22,0
20251229,090000,127.81,127.89,127.02,127.26,1736,0
20251229,100000,127.25,127.47,126.93,127.04,2089,0
20251229,110000,127.04,129.66,127.03,129.65,2668,0
20251229,120000,129.66,129.84,128.54,128.88,4792,0
20251229,130000,128.88,129.06,128.59,128.86,780,0
20251229,140000,128.76,128.95,128.63,128.95,1233,0
20251229,150000,128.91,129.19,128.57,128.7,1248,0
20251229,160000,128.73,128.74,127.15,127.25,4176,0
20251229,170000,127.22,127.32,126.13,126.89,3530,0
20251229,180000,126.9,127.07,125,125.52,6848,0
20251229,190000,125.64,126.5,125.4,125.9,2886,0
20251229,200000,125.9,126.11,125.72,125.72,419,0
20251229,210000,125.73,126.18,125.59,126.14,532,0
20251229,220000,126.14,126.18,125.93,125.99,231,0
20251229,230000,125.99,126.04,125.64,125.78,279,0
20251230,090000,125.79,125.92,125.36,125.72,2186,0
20251230,100000,125.69,125.7,125.1,125.38,2159,0
20251230,110000,125.37,125.8,125.06,125.7,2466,0
20251230,120000,125.68,125.95,125.52,125.89,2158,0
20251230,130000,125.87,125.93,125.69,125.85,1636,0
20251230,140000,125.89,125.91,125.67,125.7,856,0
20251230,150000,125.69,126,125.64,125.92,1522,0
20251230,160000,125.99,126.3,125.97,126.05,1317,0
20251230,170000,126.06,126.29,125.56,125.56,772,0
20251230,180000,125.55,125.85,125.5,125.74,995,0
20251230,190000,125.85,126.03,125.83,125.91,1474,0
20251230,200000,125.88,125.92,125.76,125.86,585,0
20251230,210000,125.84,125.89,125.8,125.88,152,0
20251230,220000,125.87,125.89,125.67,125.7,417,0
20251230,230000,125.69,125.69,125.53,125.58,636,0
20260105,080000,123.5,123.5,123.5,123.5,334,0
20260105,090000,123.4,123.5,120,122.82,12235,0
20260105,100000,122.78,123.3,122.18,123.24,4694,0
20260105,110000,123.17,123.49,122.95,123.42,1142,0
20260105,120000,123.42,123.77,123.32,123.68,1500,0
20260105,130000,123.67,123.68,123.41,123.58,1367,0
20260105,140000,123.57,123.76,123.43,123.72,1177,0
20260105,150000,123.75,124.05,123.51,123.9,1264,0
20260105,160000,123.91,124.26,123.89,124.08,2494,0
20260105,170000,124.13,124.62,124.13,124.48,965,0
20260105,180000,124.52,124.58,124.22,124.28,454,0
20260105,190000,124.34,124.36,124.02,124.18,763,0
20260105,200000,124.16,124.3,124.02,124.22,1059,0
20260105,210000,124.22,124.24,124.14,124.21,59,0
20260105,220000,124.21,124.21,124.13,124.13,67,0
20260105,230000,124.14,124.18,123.89,124,468,0
20260106,080000,123.91,123.91,123.91,123.91,47,0
20260106,090000,124.12,124.45,123.99,124.4,636,0
20260106,100000,124.4,124.4,123.71,124.07,1931,0
20260106,110000,124.09,124.27,124.05,124.25,986,0
20260106,120000,124.25,124.29,123.93,123.93,537,0
20260106,130000,123.93,124.09,123.81,124.02,274,0
20260106,140000,124.06,124.08,123.87,123.93,211,0
20260106,150000,123.89,123.95,123.68,123.87,469,0
20260106,160000,123.89,123.95,123.6,123.6,484,0
20260106,170000,123.58,123.67,123.4,123.54,752,0
20260106,180000,123.57,123.72,123.39,123.6,929,0
20260106,190000,123.63,123.79,123.55,123.77,328,0
20260106,200000,123.77,123.79,123.69,123.75,94,0
20260106,210000,123.77,123.79,123.55,123.6,142,0
20260106,220000,123.61,123.66,123.5,123.66,186,0
20260106,230000,123.61,123.98,123.61,123.9,184,0
20260108,080000,122.64,122.64,122.64,122.64,50,0
20260108,090000,122.64,123.09,122.3,122.49,3728,0
20260108,100000,122.45,122.91,122.36,122.77,2616,0
20260108,110000,122.85,122.85,122.43,122.67,961,0
20260108,120000,122.64,122.94,122.64,122.9,590,0
20260108,130000,122.92,122.97,122.68,122.79,556,0
20260108,140000,122.73,122.79,122.65,122.65,109,0
20260108,150000,122.65,122.78,122.33,122.72,1630,0
20260108,160000,122.69,122.83,122.6,122.73,462,0
20260108,170000,122.68,122.81,122.46,122.67,2123,0
20260108,180000,122.71,122.74,122.3,122.37,1638,0
20260108,190000,122.43,122.52,122.36,122.47,501,0
20260108,200000,122.48,122.52,122.4,122.51,1279,0
20260108,210000,122.49,122.84,122.44,122.84,1173,0
20260108,220000,122.84,122.87,122.57,122.7,554,0
20260108,230000,122.69,122.73,122.49,122.49,498,0
20260109,080000,123.4,123.4,123.4,123.4,51,0
20260109,090000,123.49,123.54,122.8,123.15,1311,0
20260109,100000,123.14,123.65,123.09,123.27,2199,0
20260109,110000,123.37,124.13,123.3,123.66,3249,0
20260109,120000,123.68,123.71,123.41,123.58,725,0
20260109,130000,123.58,123.65,123.35,123.56,1309,0
20260109,140000,123.53,123.89,123.52,123.55,1027,0
20260109,150000,123.58,123.64,123.22,123.22,955,0
20260109,160000,123.27,123.4,123.26,123.37,265,0
20260109,170000,123.34,123.45,123.25,123.35,306,0
20260109,180000,123.36,123.43,123.18,123.25,907,0
20260109,190000,123.31,123.46,123.18,123.46,78,0
20260109,200000,123.38,123.5,123.32,123.38,281,0
20260109,210000,123.4,123.5,123.37,123.48,575,0
20260109,220000,123.48,123.52,123.42,123.48,184,0
20260109,230000,123.46,123.5,123.29,123.46,399,0
20260112,080000,123.46,123.46,123.46,123.46,11,0
20260112,090000,123.47,123.66,123.21,123.43,767,0
20260112,100000,123.45,124.3,123.36,124.25,1854,0
20260112,110000,124.3,124.49,123.94,124.06,9493,0
20260112,120000,124.06,124.16,123.87,123.92,1121,0
20260112,130000,123.96,124.01,123.63,123.65,1187,0
20260112,140000,123.68,123.69,122.99,123.18,2208,0
20260112,150000,123.18,123.18,122.15,122.17,9068,0
20260112,160000,122.17,122.23,121.45,121.45,7753,0
20260112,170000,121.45,121.47,120.73,120.78,8011,0
20260112,180000,120.72,120.85,120.54,120.81,7463,0
20260112,190000,120.85,120.99,120.74,120.97,1141,0
20260112,200000,120.97,121.07,120.95,121.05,879,0
20260112,210000,121.05,121.18,120.97,121.18,690,0
20260112,220000,121.12,121.13,120.95,121,1053,0
20260112,230000,121,121,120.93,120.95,1255,0
20260113,080000,121,121,121,121,116,0
20260113,090000,120.95,121.2,120.5,120.64,2171,0
20260113,100000,120.61,120.65,120.12,120.44,5983,0
20260113,110000,120.39,120.5,119.83,119.92,12773,0
20260113,120000,119.83,120.7,119.77,120.61,10546,0
20260113,130000,120.64,120.83,120.48,120.6,1474,0
20260113,140000,120.61,121.02,120.43,120.84,1179,0
20260113,150000,120.85,120.85,120.4,120.59,4343,0
20260113,160000,120.61,121.2,120.61,120.96,1448,0
20260113,170000,121.01,121.19,120.91,121.07,1692,0
20260113,180000,121.06,121.06,120.5,120.71,1460,0
20260113,190000,120.75,120.94,120.7,120.7,163,0
20260113,200000,120.73,120.75,120.5,120.5,195,0
20260113,210000,120.46,120.55,120.36,120.52,864,0
20260113,220000,120.53,120.57,120.49,120.57,257,0
20260113,230000,120.57,120.63,120.24,120.32,875,0
20260114,080000,120.34,120.34,120.34,120.34,7,0
20260114,090000,120.49,120.67,120.13,120.21,1261,0
20260114,100000,120.21,120.4,119.59,120.27,2170,0
20260114,110000,120.28,123.37,120.17,122.09,27566,0
20260114,120000,122.11,122.6,122.05,122.25,2793,0
20260114,130000,122.3,122.35,121.5,121.61,3183,0
20260114,140000,121.79,122.13,121.56,121.8,1728,0
20260114,150000,121.81,122.37,121.81,122.29,3071,0
20260114,160000,122.33,122.35,121.8,122.08,1806,0
20260114,170000,122.07,122.6,121.89,122.03,1927,0
20260114,180000,122.04,122.2,121.88,121.96,1046,0
20260114,190000,121.95,122.03,121.48,121.68,1556,0
20260114,200000,121.64,121.92,121.52,121.92,537,0
20260114,210000,121.89,121.89,121.57,121.76,319,0
20260114,220000,121.75,122.21,121.66,122.05,4384,0
20260114,230000,122.1,122.21,121.65,121.71,2470,0
20260115,080000,121.72,121.72,121.72,121.72,15,0
20260115,090000,121.91,121.97,121.45,121.85,1303,0
20260115,100000,121.65,121.69,121.07,121.17,2912,0
20260115,110000,121.16,121.78,121.12,121.38,2163,0
20260115,120000,121.34,121.58,121.23,121.28,2802,0
20260115,130000,121.25,122.36,121.25,122.04,3764,0
20260115,140000,122.01,122.7,121.94,122.32,941,0
20260115,150000,122.33,122.4,121.9,122.07,2531,0
20260115,160000,122.09,122.42,121.94,122.28,1179,0
20260115,170000,122.3,122.55,121.9,122.05,716,0
20260115,180000,122.08,122.17,121.85,121.9,1926,0
20260115,190000,121.95,122.55,121.7,122.2,792,0
20260115,200000,122.2,122.49,122.19,122.35,538,0
20260115,210000,122.3,122.4,122.22,122.22,214,0
20260115,220000,122.27,122.66,122.27,122.45,418,0
20260115,230000,122.45,122.46,122.08,122.23,980,0
20260116,090000,122.26,122.32,122.01,122.07,1166,0
20260116,100000,122.1,122.9,121.98,122.83,1804,0
20260116,110000,122.85,123.15,122.73,122.84,2535,0
20260116,120000,122.83,122.89,122.63,122.79,1043,0
20260116,130000,122.78,123.07,122.67,122.78,1383,0
20260116,140000,122.72,122.99,122.72,122.98,468,0
20260116,150000,122.95,122.96,122.7,122.87,1282,0
20260116,160000,122.84,123.78,122.84,123.48,5370,0
20260116,170000,123.49,123.88,123.39,123.45,4603,0
20260116,180000,123.45,123.7,123.26,123.6,1171,0
20260116,190000,123.36,123.82,123.31,123.55,860,0
20260116,200000,123.51,123.7,123.48,123.57,228,0
20260116,210000,123.62,123.78,123.61,123.73,353,0
20260116,220000,123.7,123.8,123.6,123.65,1513,0
20260116,230000,123.71,124.14,123.51,123.76,1363,0
20260117,100000,123.76,124.2,123.75,123.85,647,0
20260117,110000,123.85,123.93,123.82,123.89,143,0
20260117,120000,123.89,123.97,123.59,123.83,174,0
20260117,130000,123.81,123.83,123.54,123.75,102,0
20260117,140000,123.68,123.79,123.63,123.69,110,0
20260117,150000,123.64,123.74,123.58,123.74,87,0
20260117,160000,123.69,123.74,123.51,123.74,18,0
20260117,170000,123.58,123.73,123.5,123.57,88,0
20260117,180000,123.66,123.67,123.66,123.67,3,0
20260118,090000,123.8,123.8,123.8,123.8,2,0
20260118,100000,123.8,123.89,123.5,123.75,82,0
20260118,110000,123.88,123.88,123.54,123.55,98,0
20260118,120000,123.7,123.84,123.55,123.79,15,0
20260118,130000,123.73,123.85,123.73,123.77,114,0
20260118,140000,123.88,123.89,123.74,123.86,21,0
20260118,150000,123.87,123.87,123.87,123.87,1,0
20260118,160000,123.88,123.89,123.75,123.89,22,0
20260118,170000,123.89,124.07,123.87,124.07,105,0
20260118,180000,123.95,124.1,123.93,123.93,167,0
20260119,090000,123.79,123.88,123.26,123.39,2247,0
20260119,100000,123.38,123.74,123.07,123.55,1510,0
20260119,110000,123.53,124.07,123.53,123.87,2667,0
20260119,120000,123.82,123.95,123.73,123.95,571,0
20260119,130000,123.98,124.19,123.71,123.95,2082,0
20260119,140000,123.95,124.09,123.76,123.78,3401,0
20260119,150000,123.78,124,123.65,123.96,606,0
20260119,160000,123.92,124.06,123.68,124.01,333,0
20260119,170000,124.01,124.5,124,124.34,1324,0
20260119,180000,124.39,124.41,124.18,124.2,477,0
20260119,190000,124.27,124.36,124.04,124.22,571,0
20260119,200000,124.21,124.21,124.05,124.11,412,0
20260119,210000,124.12,124.14,124.02,124.13,115,0
20260119,220000,124.09,124.1,123.41,123.77,1595,0
20260119,230000,123.77,123.78,123.12,123.16,716,0
20260120,090000,123.6,123.95,123.49,123.6,462,0
20260120,100000,123.54,123.57,123.13,123.26,651,0
20260120,110000,123.19,123.53,122.55,123.17,2580,0
20260120,120000,123.16,123.57,123.02,123.44,817,0
20260120,130000,123.43,123.53,123.26,123.44,774,0
20260120,140000,123.31,123.31,122.86,123.09,782,0
20260120,150000,123.07,123.34,122.9,123.26,493,0
20260120,160000,123.17,123.67,123.15,123.55,1039,0
20260120,170000,123.58,123.9,123.3,123.75,1438,0
20260120,180000,123.8,123.88,123.64,123.81,534,0
20260120,190000,123.87,123.99,123.59,123.6,653,0
20260120,200000,123.58,123.71,123.49,123.51,318,0
20260120,210000,123.51,123.98,123.45,123.67,729,0
20260120,220000,123.67,124.02,123.67,123.87,694,0
20260120,230000,123.91,123.92,123.51,123.51,365,0
20260121,090000,123.49,123.68,123.22,123.45,1280,0
20260121,100000,123.48,123.49,123,123.2,1627,0
20260121,110000,123.17,123.6,123.08,123.6,889,0
20260121,120000,123.57,124.76,123.44,124.28,3227,0
20260121,130000,124.27,126.17,124.02,125.95,8534,0
20260121,140000,126.01,126.59,126.01,126.21,5762,0
20260121,150000,126.27,126.62,126.17,126.54,2516,0
20260121,160000,126.54,126.56,126.03,126.16,2784,0
20260121,170000,126.22,126.82,126.06,126.29,4468,0
20260121,180000,126.29,126.31,126.01,126.13,1397,0
20260121,190000,126.16,126.31,126.06,126.17,539,0
20260121,200000,126.17,126.3,125.81,126.3,2093,0
20260121,210000,126.34,126.53,126.33,126.41,365,0
20260121,220000,126.46,126.85,126.35,126.72,1567,0
20260121,230000,126.74,126.96,126.49,126.96,641,0
20260122,080000,126.93,126.93,126.93,126.93,17,0
20260122,090000,126.85,126.85,126.21,126.4,1103,0
20260122,100000,126.43,127,126.21,126.69,3246,0
20260122,110000,126.82,127.14,126.6,126.61,809,0
20260122,120000,126.58,126.8,126.43,126.72,915,0
20260122,130000,126.71,126.89,126.59,126.75,1605,0
20260122,140000,126.62,127.17,126.55,126.74,978,0
20260122,150000,126.79,126.98,126.71,126.88,1615,0
20260122,160000,126.89,127.17,125.75,126.12,4037,0
20260122,170000,126.1,126.55,125.3,126.38,3412,0
20260122,180000,126.32,126.44,126.04,126.11,744,0
20260122,190000,126.2,126.55,125.88,126.37,432,0
20260122,200000,126.31,126.39,125.99,126,945,0
20260122,210000,126,126.64,125.98,126.35,1574,0
20260122,220000,126.33,126.33,125.89,126.01,437,0
20260122,230000,126.08,126.12,125.9,125.94,215,0
20260123,090000,125.92,126.29,125.5,125.75,1330,0
20260123,100000,125.71,126.13,125.65,125.86,1273,0
20260123,110000,125.85,126.61,125.84,126.53,1984,0
20260123,120000,126.52,126.57,126.27,126.42,507,0
20260123,130000,126.45,126.86,126.39,126.54,973,0
20260123,140000,126.52,126.53,126.2,126.43,484,0
20260123,150000,126.36,126.77,126.3,126.75,353,0
20260123,160000,126.76,126.76,126.36,126.42,553,0
20260123,170000,126.43,126.56,126.31,126.43,2810,0
20260123,180000,126.46,126.58,126.35,126.57,365,0
20260123,190000,126.57,126.62,126.47,126.49,371,0
20260123,200000,126.49,127.92,126.45,127.46,1383,0
20260123,210000,127.45,128.12,127.41,127.6,2461,0
20260123,220000,127.6,127.94,127.58,127.76,708,0
20260123,230000,127.74,127.8,127.7,127.75,298,0
20260124,100000,127.75,128.21,127.5,127.84,161,0
20260124,110000,127.85,127.85,127.58,127.64,33,0
20260124,120000,127.64,127.71,127.14,127.35,818,0
20260124,130000,127.28,127.28,126.17,126.62,1099,0
20260124,140000,126.62,126.75,126.37,126.65,282,0
20260124,150000,126.52,127.99,126.05,127.27,975,0
20260124,160000,126.89,127.2,126.62,126.62,859,0
20260124,170000,126.86,127.13,126.64,126.87,868,0
20260124,180000,126.87,127.11,126.79,126.84,176,0
20260125,090000,126.85,126.85,126.85,126.85,1,0
20260125,100000,127.11,127.62,126.86,127.1,1709,0
20260125,110000,127.33,127.41,126.93,127.29,148,0
20260125,120000,127.2,127.5,127.07,127.45,88,0
20260125,130000,127.29,127.4,127.2,127.2,60,0
20260125,140000,127.3,127.4,127.01,127.35,189,0
20260125,150000,127.29,127.41,127.1,127.21,91,0
20260125,160000,127.31,127.44,127.18,127.19,266,0
20260125,170000,127.21,127.26,127.21,127.25,65,0
20260125,180000,127.25,127.39,127.19,127.21,493,0
20260126,080000,127,127,127,127,24,0
20260126,090000,126.8,126.95,126.19,126.3,2323,0
20260126,100000,126.26,126.39,125.79,125.89,2275,0
20260126,110000,125.86,126.16,125.81,125.88,840,0
20260126,120000,125.9,126.33,125.87,126.07,1060,0
20260126,130000,126.1,126.37,125.93,125.95,1294,0
20260126,140000,126.05,126.06,125.26,125.33,4078,0
20260126,150000,125.32,125.61,125.25,125.53,1066,0
20260126,160000,125.54,126.17,125.49,125.99,647,0
20260126,170000,125.84,126.26,125.82,126.21,2804,0
20260126,180000,126.22,126.24,125.74,125.95,1441,0
20260126,190000,126.03,126.15,125.8,125.9,427,0
20260126,200000,125.9,126.37,125.9,125.97,1384,0
20260126,210000,125.98,126.06,125.86,125.87,217,0
20260126,220000,125.83,125.96,125.71,125.78,341,0
20260126,230000,125.83,125.9,125.62,125.85,487,0
20260127,090000,125.91,126.25,125.66,126.04,639,0
20260127,100000,126.01,126.05,125.36,125.68,809,0
20260127,110000,125.78,127.07,125.41,126.82,2410,0
20260127,120000,126.82,126.99,126.62,126.78,1617,0
20260127,130000,126.83,127.08,126.44,126.97,678,0
20260127,140000,126.97,127.46,126.97,127.25,1674,0
20260127,150000,127.24,127.33,127.03,127.14,680,0
20260127,160000,127.14,127.88,127.1,127.64,1927,0
20260127,170000,127.74,129.21,127.74,128.93,7123,0
20260127,180000,128.94,129.13,128.1,128.39,4219,0
20260127,190000,128.57,128.73,128.22,128.55,905,0
20260127,200000,128.55,128.76,128.41,128.64,565,0
20260127,210000,128.64,128.9,128.6,128.83,581,0
20260127,220000,128.8,128.84,128.67,128.73,654,0
20260127,230000,128.76,129.11,128.3,128.52,698,0
20260128,090000,128.23,128.85,128.1,128.84,673,0
20260128,100000,128.77,128.8,128.3,128.65,1195,0
20260128,110000,128.66,129.02,128.19,128.25,638,0
20260128,120000,128.25,128.25,127.77,127.93,1585,0
20260128,130000,127.87,128.22,127.85,128.15,254,0
20260128,140000,128.1,128.3,127.91,127.96,493,0
20260128,150000,127.94,128.21,127.54,127.95,1299,0
20260128,160000,127.93,128.15,127.74,128.06,1402,0
20260128,170000,128.06,128.69,128.02,128.54,2160,0
20260128,180000,128.57,128.64,128,128.48,1378,0
20260128,190000,128.5,128.65,128.26,128.31,337,0
20260128,200000,128.31,128.5,128.27,128.4,625,0
20260128,210000,128.31,128.34,128.02,128.1,271,0
20260128,220000,128.04,128.15,127.91,128.02,509,0
20260128,230000,128.03,128.1,127.07,127.3,1479,0
20260129,080000,127.5,127.5,127.5,127.5,2,0
20260129,090000,127.68,128.33,127.35,127.87,2252,0
20260129,100000,127.96,129,127.96,128.85,3445,0
20260129,110000,128.83,129.52,128.58,128.83,7974,0
20260129,120000,128.84,129.07,128.53,128.67,2512,0
20260129,130000,128.69,129.5,128.62,129.31,3353,0
20260129,140000,129.25,129.4,129.1,129.21,2583,0
20260129,150000,129.22,129.55,128.95,129.25,2146,0
20260129,160000,129.23,130.13,129.12,129.86,6185,0
20260129,170000,129.88,130.48,129.84,129.97,7931,0
20260129,180000,129.99,130,127.78,128.69,12958,0
20260129,190000,128.92,128.92,128.01,128.62,3916,0
20260129,200000,128.67,129.41,128.54,128.71,2251,0
20260129,210000,128.75,128.98,128.68,128.9,524,0
20260129,220000,128.77,129.47,128.72,129.4,1627,0
20260129,230000,129.4,130.29,129.24,129.73,2258,0
20260130,080000,129,129,129,129,9,0
20260130,090000,128.81,129.36,128.7,129.29,1751,0
20260130,100000,129.24,129.49,128.43,128.99,1424,0
20260130,110000,128.99,128.99,126.83,127,9402,0
20260130,120000,127,127.58,126.74,127.39,4248,0
20260130,130000,127.37,127.83,127.32,127.79,1361,0
20260130,140000,127.73,127.94,127.52,127.68,2124,0
20260130,150000,127.69,127.88,127.35,127.55,2040,0
20260130,160000,127.55,128.18,127.52,128.16,763,0
20260130,170000,128.13,128.48,127.94,128.19,838,0
20260130,180000,128.09,128.16,127.79,128,936,0
20260130,190000,128.08,128.19,127.77,127.9,618,0
20260130,200000,127.86,128.1,127.62,127.66,923,0
20260130,210000,127.68,128.45,127.34,127.64,867,0
20260130,220000,127.73,127.89,127.47,127.85,2955,0
20260130,230000,127.82,127.94,127.8,127.89,260,0
20260131,100000,127.89,128.25,127.69,128.01,115,0
20260131,110000,127.91,128.01,127.9,127.9,133,0
20260131,120000,127.97,127.97,127.65,127.66,59,0
20260131,130000,127.76,127.77,127.65,127.72,49,0
20260131,140000,127.9,127.97,127.7,127.97,23,0
20260131,150000,127.87,127.97,127.71,127.71,58,0
20260131,160000,127.74,127.77,127.56,127.76,838,0
20260131,170000,127.71,127.77,127.7,127.77,23,0
20260131,180000,127.7,128.01,127.68,127.71,437,0
20260201,100000,127.52,127.91,127.52,127.77,120,0
20260201,110000,127.85,127.88,127.7,127.77,268,0
20260201,120000,127.86,127.86,127.56,127.56,44,0
20260201,130000,127.72,128.51,127.66,128.5,946,0
20260201,140000,128.42,128.44,128.04,128.1,321,0
20260201,150000,128.17,128.25,127.85,128.04,193,0
20260201,160000,128.01,128.01,127.97,127.97,11,0
20260201,170000,128.04,128.08,127.83,127.91,68,0
20260201,180000,127.91,128.44,127.88,128.01,480,0
20260202,080000,127.8,127.8,127.8,127.8,62,0
20260202,090000,127.6,127.71,126.75,127.13,3275,0
20260202,100000,127.13,127.16,126.31,126.74,4053,0
20260202,110000,126.6,126.88,126.33,126.64,1539,0
20260202,120000,126.64,127.43,126.62,127.41,1140,0
20260202,130000,127.38,127.53,126.95,127.33,1582,0
20260202,140000,127.27,127.31,126.85,127.31,1010,0
20260202,150000,127.16,127.54,127,127.29,655,0
20260202,160000,127.33,127.33,126.5,127.24,1462,0
20260202,170000,127.28,127.4,127.06,127.21,1196,0
20260202,180000,127.2,127.38,127.19,127.37,547,0
20260202,190000,127.39,127.92,127.31,127.88,860,0
20260202,200000,127.88,127.91,127.54,127.54,1036,0
20260202,210000,127.5,127.87,127.47,127.81,849,0
20260202,220000,127.77,128.13,127.6,128.12,896,0
20260202,230000,128.11,128.12,127.93,127.96,142,0
20260203,090000,127.8,128.09,127.56,128.04,679,0
20260203,100000,128.03,128.38,127.54,127.75,1378,0
20260203,110000,127.76,127.84,127.09,127.11,1529,0
20260203,120000,127.1,127.64,126.94,127.46,1094,0
20260203,130000,127.45,127.79,127.43,127.43,490,0
20260203,140000,127.47,127.8,127.24,127.64,515,0
20260203,150000,127.64,127.96,127.53,127.78,996,0
20260203,160000,127.71,127.97,127.39,127.97,1516,0
20260203,170000,127.98,128.08,127.73,127.86,995,0
20260203,180000,127.95,127.97,127.71,127.81,2409,0
20260203,190000,127.77,127.82,127.55,127.55,303,0
20260203,200000,127.53,127.63,127.28,127.32,634,0
20260203,210000,127.32,127.63,127.2,127.48,744,0
20260203,220000,127.62,127.72,127.49,127.55,339,0
20260203,230000,127.57,127.57,127.3,127.41,394,0
20260204,080000,127.47,127.47,127.47,127.47,452,0
20260204,090000,127.52,127.88,127.47,127.88,1296,0
20260204,100000,127.84,128.35,127.46,128.29,1288,0
20260204,110000,128.37,128.44,128.13,128.29,1085,0
20260204,120000,128.29,128.37,127.89,128.11,605,0
20260204,130000,128.15,128.26,127.87,128.16,804,0
20260204,140000,128.15,128.21,127.67,127.92,644,0
20260204,150000,127.98,128.32,127.98,128.08,1576,0
20260204,160000,128.07,128.09,127.48,127.77,905,0
20260204,170000,127.76,128.04,127.71,127.99,1388,0
20260204,180000,127.95,127.99,127.35,127.56,2835,0
20260204,190000,127.55,127.55,126.91,127.2,2371,0
20260204,200000,127.2,127.33,126.39,126.65,1929,0
20260204,210000,126.65,126.94,126.56,126.88,1284,0
20260204,220000,126.87,127.15,126.83,127.08,1930,0
20260204,230000,127.05,127.17,126.99,127.05,638,0
20260205,080000,126.53,126.53,126.53,126.53,4,0
20260205,090000,126.52,126.55,125.95,126.32,4598,0
20260205,100000,126.34,126.47,125.81,126.44,2137,0
20260205,110000,126.43,126.8,126.29,126.71,1746,0
20260205,120000,126.7,126.73,126.05,126.26,1946,0
20260205,130000,126.22,126.59,125.52,125.72,2827,0
20260205,140000,125.76,125.95,125.52,125.73,1173,0
20260205,150000,125.73,125.78,125.11,125.38,3044,0
20260205,160000,125.34,125.87,124.72,125.48,4794,0
20260205,170000,125.43,125.97,125.25,125.91,4574,0
20260205,180000,125.85,125.93,125.23,125.42,835,0
20260205,190000,125.5,125.74,125.43,125.66,1001,0
20260205,200000,125.66,125.85,125.59,125.85,430,0
20260205,210000,125.86,126.03,125.7,125.7,488,0
20260205,220000,125.7,125.84,125.62,125.69,181,0
20260205,230000,125.77,125.89,125.76,125.83,472,0
20260206,090000,125.88,126.21,125.71,126,1200,0
20260206,100000,125.89,125.93,125.28,125.39,1352,0
20260206,110000,125.44,125.65,125.41,125.61,243,0
20260206,120000,125.61,125.76,125.37,125.76,356,0
20260206,130000,125.7,126.33,125.7,126.09,1879,0
20260206,140000,126.11,126.24,125.73,125.92,1061,0
20260206,150000,125.84,126.03,125.68,125.78,4158,0
20260206,160000,125.78,126.19,125.7,125.83,797,0
20260206,170000,125.72,125.73,125.1,125.4,1823,0
20260206,180000,125.36,125.51,125.33,125.44,711,0
20260206,190000,125.57,125.63,125.39,125.45,852,0
20260206,200000,125.49,125.53,125.39,125.52,442,0
20260206,210000,125.51,125.59,125.48,125.59,180,0
20260206,220000,125.59,125.65,125.56,125.56,337,0
20260206,230000,125.56,125.67,125.55,125.67,108,0
20260207,100000,125.7,125.8,125.62,125.76,50,0
20260207,110000,125.75,125.86,125.7,125.86,124,0
20260207,120000,125.87,126.05,125.75,125.95,216,0
20260207,130000,125.95,125.97,125.86,125.97,57,0
20260207,140000,125.97,125.98,125.81,125.81,13,0
20260207,150000,125.93,125.96,125.8,125.95,220,0
20260207,160000,125.91,125.91,125.81,125.89,4,0
20260207,170000,125.91,125.96,125.84,125.96,60,0
20260207,180000,125.85,125.96,125.84,125.92,22,0
20260208,100000,125.96,126.24,125.96,126.02,162,0
20260208,110000,126.01,126.07,125.84,126,107,0
20260208,120000,125.98,126,125.88,125.88,17,0
20260208,130000,125.87,125.98,125.73,125.73,148,0
20260208,140000,125.7,125.83,125.58,125.58,109,0
20260208,150000,125.59,125.77,125.5,125.77,77,0
20260208,160000,125.63,125.63,125.61,125.61,6,0
20260208,170000,125.67,125.68,125.25,125.35,146,0
20260208,180000,125.31,125.41,125.21,125.41,176,0
20260209,080000,125.2,125.2,125.2,125.2,7,0
20260209,090000,125.21,125.21,124.72,124.94,1125,0
20260209,100000,124.89,124.99,124.02,124.57,5385,0
20260209,110000,124.55,124.75,124.3,124.42,1398,0
20260209,120000,124.43,124.72,124.13,124.2,917,0
20260209,130000,124.15,124.48,124.09,124.3,803,0
20260209,140000,124.29,124.54,124.2,124.42,975,0
20260209,150000,124.36,124.68,124.29,124.48,672,0
20260209,160000,124.51,124.56,124.34,124.48,191,0
20260209,170000,124.51,124.55,124.2,124.24,404,0
20260209,180000,124.24,124.34,124,124.16,1100,0
20260209,190000,124.26,124.41,124.26,124.35,210,0
20260209,200000,124.36,124.43,124.19,124.23,176,0
20260209,210000,124.23,124.29,124.13,124.18,128,0
20260209,220000,124.26,124.42,124.21,124.29,206,0
20260209,230000,124.35,124.38,124.24,124.38,116,0
20260210,080000,124.49,124.49,124.49,124.49,1,0
20260210,090000,124.4,124.46,124.19,124.41,471,0
20260210,100000,124.45,124.84,124.17,124.68,546,0
20260210,110000,124.69,124.76,124.26,124.33,1086,0
20260210,120000,124.37,124.57,123.78,124.07,911,0
20260210,130000,124.04,124.06,123.46,123.69,1667,0
20260210,140000,123.69,123.89,123.53,123.78,1722,0
20260210,150000,123.78,123.89,123.21,123.37,2964,0
20260210,160000,123.34,123.56,123.2,123.45,1376,0
20260210,170000,123.5,123.54,123.07,123.16,1001,0
20260210,180000,123.14,123.24,123.07,123.18,612,0
20260210,190000,123.34,123.47,123.05,123.44,408,0
20260210,200000,123.44,123.44,123.07,123.07,419,0
20260210,210000,123.2,123.2,123.05,123.1,125,0
20260210,220000,123.09,123.2,123.06,123.09,266,0
20260210,230000,123.16,123.21,123.01,123.15,334,0
20260211,080000,123.75,123.75,123.75,123.75,33,0
20260211,090000,123.92,124.11,123.66,123.87,2472,0
20260211,100000,123.88,124.28,123.5,124.06,1303,0
20260211,110000,124.08,124.16,123.83,123.91,873,0
20260211,120000,123.91,125.11,123.62,125.05,2361,0
20260211,130000,125.11,125.25,124.58,124.6,2392,0
20260211,140000,124.59,125.06,124.34,124.44,2720,0
20260211,150000,124.44,125.62,124.35,125.25,1729,0
20260211,160000,125.34,125.62,125.2,125.62,5551,0
20260211,170000,125.62,125.98,125.33,125.43,4519,0
20260211,180000,125.47,125.53,125.22,125.5,1684,0
20260211,190000,125.46,125.77,125.37,125.48,742,0
20260211,200000,125.44,125.59,125.16,125.18,488,0
20260211,210000,125.2,125.32,124.85,125.01,1029,0
20260211,220000,125,125.06,124.95,125.06,296,0
20260211,230000,125.05,125.06,124.65,124.93,558,0
20260212,090000,124.9,124.99,124.65,124.99,379,0
20260212,100000,124.99,125,124.57,124.57,4358,0
20260212,110000,124.55,125.19,124.52,125.1,998,0
20260212,120000,125.07,125.76,124.9,125.73,3579,0
20260212,130000,125.73,125.9,125.62,125.77,2541,0
20260212,140000,125.72,125.91,125.55,125.72,1305,0
20260212,150000,125.76,126.05,125.58,125.74,1047,0
20260212,160000,125.76,125.89,125.45,125.55,772,0
20260212,170000,125.55,125.98,125.42,125.9,1327,0
20260212,180000,125.91,126,125.88,125.89,1153,0
20260212,190000,125.86,125.87,125.32,125.44,2582,0
20260212,200000,125.52,125.63,125.34,125.41,2644,0
20260212,210000,125.39,125.42,125.2,125.35,340,0
20260212,220000,125.35,125.82,125.17,125.38,1743,0
20260212,230000,125.38,125.43,125.21,125.42,645,0
20260213,090000,125.2,125.35,125,125.1,591,0
20260213,100000,125.01,125.29,124.89,125.24,798,0
20260213,110000,125.29,125.58,125.13,125.15,670,0
20260213,120000,125.17,125.54,124.9,125.3,1143,0
20260213,130000,125.27,126.99,125.17,126.98,9192,0
20260213,140000,126.95,127.17,126.52,126.68,5506,0
20260213,150000,126.67,127.22,126.5,126.84,4910,0
20260213,160000,126.9,127,126.58,126.95,832,0
20260213,170000,126.93,126.98,126.64,126.93,442,0
20260213,180000,126.95,127.13,126.82,127.05,3236,0
20260213,190000,127.03,127.22,126.94,127.15,1770,0
20260213,200000,127.18,127.53,127.16,127.19,5533,0
20260213,210000,127.2,127.39,127.2,127.37,291,0
20260213,220000,127.39,127.54,127.28,127.53,4103,0
20260213,230000,127.52,127.6,127.42,127.6,700,0
20260216,080000,127.95,127.95,127.95,127.95,22,0
20260216,090000,127.79,127.87,127.43,127.75,4794,0
20260216,100000,127.65,127.65,127.19,127.42,1075,0
20260216,110000,127.44,127.52,127.28,127.35,651,0
20260216,120000,127.31,127.93,127.3,127.78,833,0
20260216,130000,127.73,127.8,127.44,127.54,398,0
20260216,140000,127.58,127.68,126.97,127.11,2793,0
20260216,150000,127.06,127.33,126.9,127.25,1222,0
20260216,160000,127.26,127.3,126.98,126.98,3375,0
20260216,170000,127.01,127.13,126.66,126.77,1231,0
20260216,180000,126.82,126.97,126.69,126.82,830,0
20260216,190000,126.79,127.05,126.75,126.99,183,0
20260216,200000,126.98,127.04,126.86,126.95,225,0
20260216,210000,126.94,126.94,126.82,126.82,97,0
20260216,220000,126.84,126.97,126.82,126.97,157,0
20260216,230000,127,127.05,126.98,126.98,224,0
20260217,090000,126.97,127.44,126.97,127.16,1314,0
20260217,100000,127.23,127.38,126.95,127.02,1770,0
20260217,110000,127.03,127.08,126.79,127.07,940,0
20260217,120000,127.07,127.51,127.02,127.46,668,0
20260217,130000,127.47,127.6,127.12,127.25,552,0
20260217,140000,127.2,127.24,126.96,126.96,470,0
20260217,150000,126.92,127.06,126.28,126.31,1934,0
20260217,160000,126.35,126.58,126.25,126.47,1267,0
20260217,170000,126.41,126.52,126.23,126.3,1225,0
20260217,180000,126.2,126.2,125.88,126.04,1763,0
20260217,190000,125.97,126.28,125.96,126.21,392,0
20260217,200000,126.3,126.93,126.27,126.5,638,0
20260217,210000,126.49,126.58,126.23,126.57,351,0
20260217,220000,126.48,126.67,126.36,126.5,618,0
20260217,230000,126.45,126.74,126.2,126.48,1589,0
20260218,090000,126.16,126.34,126,126.06,790,0
20260218,100000,126.11,126.49,126.04,126.47,1369,0
20260218,110000,126.49,126.68,126.33,126.4,704,0
20260218,120000,126.39,126.53,125.49,125.61,5996,0
20260218,130000,125.5,126.05,125.42,125.8,876,0
20260218,140000,125.78,125.91,125.62,125.9,478,0
20260218,150000,125.87,126.26,125.84,126.18,1405,0
20260218,160000,126.22,126.59,126.1,126.48,2644,0
20260218,170000,126.45,126.49,126.12,126.17,1081,0
20260218,180000,126.19,126.5,126.17,126.32,729,0
20260218,190000,126.34,126.45,126.32,126.38,214,0
20260218,200000,126.39,126.68,126.35,126.61,563,0
20260218,210000,126.52,126.63,126.5,126.55,151,0
20260218,220000,126.58,126.69,126.51,126.51,128,0
20260218,230000,126.52,126.57,126.36,126.56,331,0
20260219,090000,126.65,126.8,126.57,126.8,558,0
20260219,100000,126.7,126.92,126.38,126.41,1211,0
20260219,110000,126.45,126.57,126.33,126.53,1123,0
20260219,120000,126.53,126.64,126.07,126.14,620,0
20260219,130000,126.09,126.27,125.89,126.27,1113,0
20260219,140000,126.22,126.36,126.06,126.06,840,0
20260219,150000,126.02,126.09,125.89,126,1050,0
20260219,160000,125.89,126.18,125.87,126.03,460,0
20260219,170000,126.01,126.03,125.86,126.01,13710,0
20260219,180000,125.97,126.08,125.83,125.94,1990,0
20260219,190000,125.9,126.03,125.9,126.02,168,0
20260219,200000,126.02,126.14,125.93,125.96,164,0
20260219,210000,125.92,126.05,125.85,125.99,112,0
20260219,220000,125.97,126.04,125.97,125.99,73,0
20260219,230000,126.03,126.06,125.98,126.02,189,0
20260220,080000,126.14,126.14,126.14,126.14,1,0
20260220,090000,125.97,126.48,125.91,126.42,660,0
20260220,100000,126.36,126.46,126.16,126.24,1217,0
20260220,110000,126.21,126.36,126.18,126.2,242,0
20260220,120000,126.2,126.23,125.77,125.85,1106,0
20260220,130000,125.86,125.86,125.22,125.58,1534,0
20260220,140000,125.54,125.86,125.44,125.86,613,0
20260220,150000,125.83,126.05,125.75,126.01,921,0
20260220,160000,126.03,126.05,125.82,126.04,406,0
20260220,170000,126.04,126.2,125.79,126.13,3310,0
20260220,180000,126.1,126.23,126.07,126.15,844,0
20260220,190000,126.19,126.21,125.94,126.09,450,0
20260220,200000,126.09,126.09,125.89,125.95,274,0
20260220,210000,126.09,126.17,126.02,126.13,548,0
20260220,220000,126.16,126.16,126.04,126.04,210,0
20260220,230000,126.07,126.07,125.99,126,120,0
20260221,100000,126.12,126.32,126.12,126.14,62,0
20260221,110000,126.1,126.12,126.04,126.04,28,0
20260221,120000,126.05,126.11,126.03,126.07,197,0
20260221,130000,126.08,126.09,126.02,126.09,79,0
20260221,140000,126.03,126.03,126.03,126.03,2,0
20260221,150000,126.03,126.07,125.79,125.97,123,0
20260221,160000,125.96,126.1,125.93,126.04,22,0
20260221,170000,125.97,126.03,125.96,126.03,7,0
20260221,180000,126.1,126.17,126.1,126.13,319,0
20260222,090000,126.53,126.53,126.53,126.53,45,0
20260222,100000,126.53,128.75,126.53,128.09,5389,0
20260222,110000,128.09,128.29,127.8,127.97,592,0
20260222,120000,127.96,128.16,127.74,127.8,593,0
20260222,130000,127.8,128.2,127.8,127.98,509,0
20260222,140000,127.86,128,127.6,127.6,536,0
20260222,150000,127.75,127.88,127.75,127.82,32,0
20260222,160000,127.83,128.1,127.75,127.77,782,0
20260222,170000,127.61,128.24,127.61,127.98,182,0
20260222,180000,128.09,128.09,127.81,128.05,150,0
20260223,100000,128.04,128.3,127.55,127.91,1661,0
20260223,110000,127.92,127.96,127.85,127.92,414,0
20260223,120000,127.82,127.88,127.74,127.83,363,0
20260223,130000,127.84,127.9,127.82,127.82,54,0
20260223,140000,127.89,128,127.64,127.78,709,0
20260223,150000,127.78,127.84,127.73,127.73,148,0
20260223,160000,127.81,128,127.81,127.87,191,0
20260223,170000,127.95,127.97,127.9,127.95,196,0
20260223,180000,127.9,127.99,127.9,127.96,210,0
20260224,080000,127.77,127.77,127.77,127.77,246,0
20260224,090000,127.76,127.79,127.36,127.55,648,0
20260224,100000,127.56,129.03,127.51,128.76,8184,0
20260224,110000,128.79,128.9,128.26,128.42,2283,0
20260224,120000,128.43,128.65,127.84,127.91,1716,0
20260224,130000,127.91,127.99,126.87,127.04,4212,0
20260224,140000,126.98,127.16,126.4,127.16,2544,0
20260224,150000,127.13,127.18,127.03,127.06,348,0
20260224,160000,127.02,127.15,126.47,126.5,982,0
20260224,170000,126.5,126.66,126.28,126.59,2149,0
20260224,180000,126.5,126.64,126.39,126.49,408,0
20260224,190000,126.65,126.86,126.25,126.79,454,0
20260224,200000,126.79,126.83,126.64,126.64,295,0
20260224,210000,126.66,126.72,126.6,126.67,593,0
20260224,220000,126.76,127.09,126.74,127.09,266,0
20260224,230000,126.97,127.08,126.34,126.99,647,0
20260225,080000,127.08,127.08,127.08,127.08,1,0
20260225,090000,127,127.16,126.86,126.86,744,0
20260225,100000,126.87,127.34,126.75,127.12,672,0
20260225,110000,127.12,127.4,127.1,127.21,1078,0
20260225,120000,127.24,127.52,127.11,127.18,711,0
20260225,130000,127.13,127.18,126.67,127.18,1064,0
20260225,140000,127.18,127.34,126.99,127.12,1743,0
20260225,150000,127,127.06,126.86,126.93,181,0
20260225,160000,126.85,127.02,126.68,126.92,927,0
20260225,170000,126.92,126.92,126.73,126.82,438,0
20260225,180000,126.75,127.45,126.73,127.1,2415,0
20260225,190000,127.13,127.31,127.08,127.27,1580,0
20260225,200000,127.27,127.38,127.2,127.38,1327,0
20260225,210000,127.31,127.34,127.23,127.26,366,0
20260225,220000,127.26,127.26,127.01,127.2,2747,0
20260225,230000,127.15,127.43,127.12,127.39,1099,0
20260226,080000,127.43,127.43,127.43,127.43,22,0
20260226,090000,127.41,128.29,127.4,128.07,2068,0
20260226,100000,128.02,128.02,127.41,127.71,1397,0
20260226,110000,127.71,127.81,127.3,127.39,1321,0
20260226,120000,127.37,127.48,127.14,127.22,632,0
20260226,130000,127.21,127.33,127.18,127.25,884,0
20260226,140000,127.22,127.25,126.8,127.01,962,0
20260226,150000,127,127.13,126.82,127.09,631,0
20260226,160000,127.07,127.18,126.91,127.18,328,0
20260226,170000,127.17,127.2,126.59,126.86,1533,0
20260226,180000,126.81,126.89,126.58,126.6,1519,0
20260226,190000,126.67,126.8,126.67,126.72,457,0
20260226,200000,126.71,127.01,126.63,127.01,790,0
20260226,210000,127.02,127.04,126.9,126.96,284,0
20260226,220000,126.97,127.13,126.9,126.94,157,0
20260226,230000,126.94,126.94,126.8,126.83,170,0
20260227,090000,126.88,126.96,126.7,126.84,263,0
20260227,100000,126.84,127.3,126.8,127.05,670,0
20260227,110000,127.12,127.26,127.04,127.23,471,0
20260227,120000,127.21,127.25,127.07,127.18,170,0
20260227,130000,127.17,127.17,126.78,126.94,771,0
20260227,140000,126.91,127.49,126.91,127.37,886,0
20260227,150000,127.36,127.42,127.22,127.29,207,0
20260227,160000,127.3,127.51,127.23,127.47,810,0
20260227,170000,127.47,127.55,127.31,127.42,1245,0
20260227,180000,127.43,127.44,127.06,127.17,981,0
20260227,190000,127.25,127.35,127.12,127.25,327,0
20260227,200000,127.25,127.3,127.17,127.18,78,0
20260227,210000,127.24,127.46,127.21,127.29,416,0
20260227,220000,127.31,127.34,127.29,127.31,16,0
20260227,230000,127.28,127.36,127.22,127.27,238,0
20260228,100000,127.25,127.46,127.22,127.22,1898,0
20260228,110000,127.3,127.81,127.28,127.81,505,0
20260228,120000,127.74,127.95,127.56,127.76,901,0
20260228,130000,127.81,128.2,127.66,127.91,458,0
20260228,140000,127.9,128.05,127.74,127.84,371,0
20260228,150000,127.88,127.88,127.42,127.48,555,0
20260228,160000,127.64,127.68,127.55,127.56,37,0
20260228,170000,127.67,128.9,127.67,128.88,2152,0
20260228,180000,128.8,128.88,128.49,128.7,553,0
20260301,090000,128.77,128.77,128.77,128.77,50,0
20260301,100000,128.77,129.94,128.02,129.7,3450,0
20260301,110000,129.7,129.96,129.31,129.31,1688,0
20260301,120000,129.31,129.32,128.7,128.98,2464,0
20260301,130000,128.95,129.17,128.72,129,770,0
20260301,140000,129,129.47,129,129.47,593,0
20260301,150000,129.47,129.69,129.23,129.39,1888,0
20260301,160000,129.46,129.71,129.22,129.71,559,0
20260301,170000,129.7,129.87,129.52,129.68,1910,0
20260301,180000,129.69,130.34,129.64,130.15,3240,0
20260302,080000,129.02,129.02,129.02,129.02,389,0
20260302,090000,129.02,129.03,127.71,128.48,4942,0
20260302,100000,128.49,130.14,128.2,130.04,5710,0
20260302,110000,130.04,131.65,129.96,130.55,10348,0
20260302,120000,130.55,130.61,129.99,130.37,3175,0
20260302,130000,130.37,130.37,129.61,129.97,3100,0
20260302,140000,129.97,130.07,129.5,129.75,2658,0
20260302,150000,129.77,131.13,129.76,131.06,4331,0
20260302,160000,130.97,131.06,130.41,130.5,1594,0
20260302,170000,130.65,130.82,128.8,129.85,9501,0
20260302,180000,129.81,129.81,129.22,129.5,4089,0
20260302,190000,129.44,129.61,129.1,129.44,2157,0
20260302,200000,129.48,129.84,129.34,129.56,2967,0
20260302,210000,129.62,129.8,129.6,129.67,521,0
20260302,220000,129.67,129.94,129.67,129.76,1657,0
20260302,230000,129.82,130.5,129.82,130.43,1378,0
20260303,080000,131.3,131.3,131.3,131.3,59,0
20260303,090000,131.35,131.49,130.38,130.95,4077,0
20260303,100000,130.92,131.24,130.14,130.58,3098,0
20260303,110000,130.57,130.72,130.25,130.26,1738,0
20260303,120000,130.25,130.5,130,130.44,1769,0
20260303,130000,130.42,130.45,129.98,130.27,1235,0
20260303,140000,130.27,130.97,130.27,130.78,2754,0
20260303,150000,130.83,131.34,130.04,130.07,7041,0
20260303,160000,130.03,130.07,129.5,129.91,1278,0
20260303,170000,129.91,130.15,129.74,129.76,1225,0
20260303,180000,129.68,129.71,129.23,129.44,1733,0
20260303,190000,129.4,129.71,129.1,129.36,1325,0
20260303,200000,129.37,129.37,128.8,129.04,2330,0
20260303,210000,129.04,129.19,128.63,128.81,774,0
20260303,220000,128.76,129.06,128.35,128.67,1608,0
20260303,230000,128.66,128.76,128.37,128.76,742,0
20260304,080000,129.2,129.2,129.2,129.2,3,0
20260304,090000,129.13,129.36,128.96,129.26,1605,0
20260304,100000,129.26,129.65,129.02,129.36,1528,0
20260304,110000,129.39,129.86,128.91,129.86,1976,0
20260304,120000,129.9,130.23,129.56,129.62,1784,0
20260304,130000,129.62,129.67,129.09,129.16,1095,0
20260304,140000,129.11,129.33,128.57,128.8,2100,0
20260304,150000,128.88,129.04,128.68,128.68,709,0
20260304,160000,128.8,128.8,127.9,128.4,4025,0
20260304,170000,128.36,128.55,128.08,128.12,2105,0
20260304,180000,128.11,128.5,128.11,128.25,963,0
20260304,190000,128.45,128.53,128.27,128.46,281,0
20260304,200000,128.46,128.55,128.22,128.52,1221,0
20260304,210000,128.2,128.2,127.32,127.4,3033,0
20260304,220000,127.37,127.49,127.13,127.46,1076,0
20260304,230000,127.45,127.85,127.41,127.81,190,0
20260305,080000,128.26,128.26,128.26,128.26,11,0
20260305,090000,128.39,128.51,127.89,128.04,2322,0
20260305,100000,128.01,128.62,127.82,128.48,2738,0
20260305,110000,128.47,128.48,127.95,128.13,2915,0
20260305,120000,128.17,128.18,127.7,127.99,712,0
20260305,130000,127.99,128.27,127.89,128.01,650,0
20260305,140000,127.99,128.27,127.89,128.18,1305,0
20260305,150000,128.18,128.18,127.31,127.59,1769,0
20260305,160000,127.61,127.73,127.46,127.58,2158,0
20260305,170000,127.62,127.99,127.47,127.92,1938,0
20260305,180000,127.91,127.91,127.51,127.78,1263,0
20260305,190000,127.79,128.3,127.78,128.3,1266,0
20260305,200000,128.32,128.36,128.14,128.18,658,0
20260305,210000,128.16,129.15,128.16,129.09,1462,0
20260305,220000,129.09,129.14,128.85,128.87,1167,0
20260305,230000,128.89,128.89,128.59,128.71,299,0
20260306,080000,129,129,129,129,22,0
20260306,090000,128.58,128.99,128.57,128.98,1118,0
20260306,100000,128.96,129.1,128.62,128.89,930,0
20260306,110000,128.89,129.01,128.19,128.27,1338,0
20260306,120000,128.23,129.47,128,129.35,2312,0
20260306,130000,129.32,130.5,129.03,129.95,6593,0
20260306,140000,129.96,130.58,129.96,130.19,4903,0
20260306,150000,130.2,130.84,129.9,130.59,3686,0
20260306,160000,130.59,130.73,130.16,130.72,3115,0
20260306,170000,130.72,132.65,130.72,132.47,7519,0
20260306,180000,132.4,132.61,131.29,131.99,4869,0
20260306,190000,131.87,132.37,131.54,132.36,2064,0
20260306,200000,132.32,132.42,131.92,132.42,1781,0
20260306,210000,132.42,132.47,131.85,132.18,1865,0
20260306,220000,132.18,132.27,131.8,132.18,544,0
20260306,230000,132.11,132.5,132.04,132.46,339,0
20260309,080000,135.07,135.07,135.07,135.07,169,0
20260309,090000,134.88,138.35,133.78,136.34,16671,0
20260309,100000,136.33,136.33,134.2,135,5983,0
20260309,110000,135.01,135.33,134.7,134.77,3857,0
20260309,120000,134.76,134.76,133.24,133.93,6389,0
20260309,130000,133.87,134.52,133.69,134.35,1228,0
20260309,140000,134.36,134.67,133.92,134.37,1196,0
20260309,150000,134.25,134.8,134.1,134.5,642,0
20260309,160000,134.5,134.5,133.63,134.2,1662,0
20260309,170000,134.36,134.92,134.29,134.92,1869,0
20260309,180000,134.92,135.05,133.82,134.11,2410,0
20260309,190000,134.36,134.69,134.19,134.47,686,0
20260309,200000,134.42,134.48,134.18,134.29,971,0
20260309,210000,134.09,134.42,133.97,134.41,550,0
20260309,220000,134.35,134.5,129.97,131.39,7464,0
20260309,230000,131.42,132.35,130.26,130.69,2848,0
20260310,080000,130.96,130.96,130.96,130.96,765,0
20260310,090000,131.28,132.6,131.08,132.6,2921,0
20260310,100000,132.57,132.8,131.01,131.07,3315,0
20260310,110000,131.14,131.45,131.05,131.06,1636,0
20260310,120000,131.06,131.2,129.41,130.64,5941,0
20260310,130000,130.6,131.31,130.4,131.29,1888,0
20260310,140000,131.21,131.31,130.75,130.94,821,0
20260310,150000,130.9,131.5,130.78,131.08,2582,0
20260310,160000,131.07,131.18,130.29,130.61,1372,0
20260310,170000,130.56,130.66,129.48,129.91,2776,0
20260310,180000,129.91,130.18,129.55,129.55,1284,0
20260310,190000,129.81,130.29,129.79,129.81,1119,0
20260310,200000,129.81,129.81,129.08,129.52,2167,0
20260310,210000,129.51,130.45,129.44,130.4,1117,0
20260310,220000,130.41,130.92,130.29,130.85,851,0
20260310,230000,130.83,130.83,130.26,130.39,330,0
20260311,080000,130.4,130.4,130.4,130.4,1,0
20260311,090000,130.22,130.5,130.1,130.47,600,0
20260311,100000,130.43,130.73,130.21,130.55,947,0
20260311,110000,130.62,130.79,130.25,130.68,477,0
20260311,120000,130.68,131.45,130.68,131.27,2345,0
20260311,130000,131.3,131.31,130.56,130.79,626,0
20260311,140000,130.78,130.96,130.41,130.83,1708,0
20260311,150000,130.82,130.83,130.39,130.6,1330,0
20260311,160000,130.5,130.5,129.73,130.1,1526,0
20260311,170000,130.14,130.36,129.86,130.14,1477,0
20260311,180000,130.15,130.28,130.01,130.15,1896,0
20260311,190000,130.26,130.45,130.17,130.27,867,0
20260311,200000,130.26,130.42,130.12,130.33,609,0
20260311,210000,130.3,130.35,130.1,130.35,461,0
20260311,220000,130.33,130.46,130.33,130.39,1030,0
20260311,230000,130.39,130.44,130.33,130.39,326,0
20260312,080000,130.72,130.72,130.72,130.72,3,0
20260312,090000,130.8,131.25,130.75,130.86,1108,0
20260312,100000,130.92,131.18,130.51,130.79,1448,0
20260312,110000,130.82,131.01,130.62,130.62,1178,0
20260312,120000,130.67,130.84,130.47,130.47,773,0
20260312,130000,130.48,130.62,130.1,130.17,1531,0
20260312,140000,130.19,130.37,129.91,130.22,816,0
20260312,150000,130.17,130.42,130.12,130.42,553,0
20260312,160000,130.43,130.69,130.27,130.48,593,0
20260312,170000,130.53,130.73,130.35,130.62,898,0
20260312,180000,130.54,130.63,130.35,130.45,2157,0
20260312,190000,130.57,130.67,130.13,130.27,1216,0
20260312,200000,130.27,130.36,130.19,130.31,809,0
20260312,210000,130.29,130.55,130.29,130.52,506,0
20260312,220000,130.53,130.6,130.45,130.53,249,0
20260312,230000,130.56,130.73,130.49,130.59,988,0
20260313,080000,130.38,130.38,130.38,130.38,17,0
20260313,090000,130.33,130.81,130.16,130.76,976,0
20260313,100000,130.68,130.79,130.39,130.53,1360,0
20260313,110000,130.58,131.61,130.58,131.41,3239,0
20260313,120000,131.37,131.38,130.88,130.96,1442,0
20260313,130000,130.96,131,130.38,130.46,1475,0
20260313,140000,130.45,130.56,130.33,130.48,888,0
20260313,150000,130.43,130.43,129.71,129.91,2500,0
20260313,160000,129.86,130,129.03,129.7,4743,0
20260313,170000,129.74,129.86,129.47,129.8,740,0
20260313,180000,129.82,129.83,129.38,129.7,1420,0
20260313,190000,129.57,129.81,129.46,129.74,932,0
20260313,200000,129.74,129.85,129.57,129.85,330,0
20260313,210000,129.85,130,129.68,129.68,639,0
20260313,220000,129.77,129.89,129.77,129.8,227,0
20260313,230000,129.86,129.94,129.59,129.6,359,0
20260314,090000,129.56,129.56,129.56,129.56,1,0
20260314,100000,129.56,130.07,129.56,130.03,196,0
20260314,110000,130.02,130.06,130,130.06,139,0
20260314,120000,130.07,130.2,130,130.2,224,0
20260314,130000,130.2,130.2,130.01,130.16,201,0
20260314,140000,130.16,130.21,130.11,130.11,80,0
20260314,150000,130.15,130.21,130.14,130.2,13,0
20260314,160000,130.2,130.21,130.13,130.21,175,0
20260314,170000,130.2,130.21,130.11,130.11,150,0
20260314,180000,130.11,130.24,130.1,130.14,81,0
20260315,090000,130.12,130.12,130.12,130.12,1,0
20260315,100000,130.18,130.28,130.18,130.19,42,0
20260315,110000,130.17,130.17,129.99,130.06,354,0
20260315,120000,130.01,130.13,130,130.02,58,0
20260315,130000,130.07,130.17,130.02,130.17,42,0
20260315,140000,130.18,130.22,130.14,130.14,45,0
20260315,150000,130.23,130.24,130.23,130.24,2,0
20260315,160000,130.25,130.28,130.25,130.26,43,0
20260315,170000,130.28,130.3,130.15,130.15,104,0
20260315,180000,130.25,130.31,130.25,130.31,122,0
20260316,080000,130.35,130.35,130.35,130.35,5,0
20260316,090000,130.35,130.35,130.13,130.27,1246,0
20260316,100000,130.25,131.46,130.21,131.08,5293,0
20260316,110000,131.08,131.23,130.5,130.66,1812,0
20260316,120000,130.66,130.77,129.56,129.85,5866,0
20260316,130000,129.84,130.05,129.6,129.69,1437,0
20260316,140000,129.69,129.74,129.38,129.6,2582,0
20260316,150000,129.58,129.88,129.24,129.33,1584,0
20260316,160000,129.28,129.37,128.05,128.22,6709,0
20260316,170000,128.15,128.68,128,128.56,3734,0
20260316,180000,128.57,128.58,128.11,128.35,3246,0
20260316,190000,128.41,128.65,128.4,128.58,2001,0
20260316,200000,128.58,128.65,128.32,128.65,269,0
20260316,210000,128.61,128.62,128.32,128.45,781,0
20260316,220000,128.42,128.56,128.38,128.51,140,0
20260316,230000,128.53,128.55,128.33,128.33,212,0
20260317,080000,128.72,128.72,128.72,128.72,11,0
20260317,090000,128.66,128.81,128.44,128.59,940,0
20260317,100000,128.6,128.62,127.53,128.09,5218,0
20260317,110000,128.09,128.3,127.7,128.21,2635,0
20260317,120000,128.21,128.51,127.95,127.95,1230,0
20260317,130000,127.95,128.22,127.94,127.96,488,0
20260317,140000,127.96,128.29,127.8,128.21,1246,0
20260317,150000,128.26,128.26,127.9,128.02,770,0
20260317,160000,127.99,128.17,127.5,127.59,1742,0
20260317,170000,127.6,127.67,127.4,127.4,1439,0
20260317,180000,127.4,127.59,127.4,127.46,1994,0
20260317,190000,127.58,127.68,127.52,127.66,361,0
20260317,200000,127.65,127.75,127.54,127.57,632,0
20260317,210000,127.63,127.63,127.45,127.5,251,0
20260317,220000,127.5,127.57,127.48,127.5,352,0
20260317,230000,127.54,127.76,127.54,127.76,186,0
20260318,080000,127.35,127.35,127.35,127.35,57,0
20260318,090000,127.34,127.35,126.93,127.3,2962,0
20260318,100000,127.27,127.6,127.11,127.19,2855,0
20260318,110000,127.18,127.24,126.8,127.1,2013,0
20260318,120000,127.12,127.38,127.04,127.36,780,0
20260318,130000,127.36,127.42,127.03,127.17,1790,0
20260318,140000,127.15,127.34,127.02,127.29,2109,0
20260318,150000,127.26,129.05,127.05,128.95,5185,0
20260318,160000,128.93,129.97,128.75,129.19,10972,0
20260318,170000,129.19,129.69,128.82,129.06,3620,0
20260318,180000,129,129.52,128.79,129.14,2693,0
20260318,190000,129.34,129.34,129,129.1,1133,0
20260318,200000,129.1,129.26,128.78,128.85,1166,0
20260318,210000,128.85,129.07,128.79,129,385,0
20260318,220000,129.03,129.98,128.99,129.84,3065,0
20260318,230000,129.89,130.17,129.8,130.01,1665,0
20260319,080000,130.3,130.3,130.3,130.3,155,0
20260319,090000,130.3,130.81,130.21,130.41,4693,0
20260319,100000,130.41,131.4,130.29,130.99,5793,0
20260319,110000,130.99,132.34,130.74,132.15,12056,0
20260319,120000,132.16,132.22,131.23,131.39,5543,0
20260319,130000,131.38,131.71,130.99,131.54,4141,0
20260319,140000,131.52,132.1,131.45,131.96,2695,0
20260319,150000,131.96,131.99,130.45,130.48,7205,0
20260319,160000,130.49,131.4,130.42,130.98,2688,0
20260319,170000,130.98,131.19,130.48,130.48,4201,0
20260319,180000,130.47,131.05,130.18,130.84,4617,0
20260319,190000,130.72,131.2,130.54,131.1,1891,0
20260319,200000,131.12,131.46,131.07,131.22,890,0
20260319,210000,131.23,131.45,130.99,131.27,557,0
20260319,220000,131.3,131.48,130.75,131.16,1584,0
20260319,230000,131.13,131.23,130.97,130.97,542,0
20260320,080000,131.3,131.3,131.3,131.3,53,0
20260320,090000,131.38,131.57,130.89,131.05,2058,0
20260320,100000,131.07,132.21,131,131.99,5962,0
20260320,110000,131.97,132,131.56,131.97,2252,0
20260320,120000,131.97,132.2,131.96,132.13,2973,0
20260320,130000,132.16,132.23,131.41,131.8,4393,0
20260320,140000,131.79,132.07,131.58,131.75,1415,0
20260320,150000,131.73,131.77,130.95,131.54,2591,0
20260320,160000,131.51,131.69,131.16,131.2,1255,0
20260320,170000,131.18,131.46,131.04,131.32,924,0
20260320,180000,131.32,131.5,130.94,131.36,2595,0
20260323,080000,132.35,132.35,132.35,132.35,54,0
20260323,090000,132.36,133.63,132.16,133.63,5027,0
20260323,100000,133.62,136.14,132.88,134.63,10066,0
20260323,110000,134.62,134.77,134.06,134.46,5187,0
20260323,120000,134.41,135.3,133.63,133.91,4895,0
20260323,130000,133.85,134.19,132.48,132.6,3871,0
20260323,140000,132.62,132.85,128.83,132,20428,0
20260323,150000,131.96,132.39,130.95,131.52,7461,0
20260323,160000,131.45,132.12,131.12,131.99,3483,0
20260323,170000,131.96,131.96,131.19,131.7,1311,0
20260323,180000,131.68,132.49,131,132.27,2718,0
20260323,190000,132.31,132.73,132.07,132.09,1089,0
20260323,200000,132.16,132.51,132.16,132.2,594,0
20260323,210000,132.2,132.23,131.51,131.69,3313,0
20260323,220000,131.71,132.01,131.63,132,738,0
20260323,230000,132,132.06,131.57,131.8,483,0
20260324,080000,132.28,132.28,132.28,132.28,2,0
20260324,090000,132.53,134.95,130.86,132.26,2066,0
20260324,100000,132.25,132.39,131.8,131.81,731,0
20260324,110000,131.8,132.53,131.8,132.46,856,0
20260324,120000,132.5,132.71,132.2,132.53,528,0
20260324,130000,132.49,132.68,132.1,132.44,558,0
20260324,140000,132.41,133.64,132.28,133.34,1143,0
20260324,150000,133.4,135.14,133.4,134.36,15326,0
20260324,160000,134.46,134.88,134.08,134.52,5356,0
20260324,170000,134.57,137.32,134.53,136.9,13322,0
20260324,180000,136.86,136.97,135.53,135.85,10716,0
20260324,190000,135.83,136.4,135.83,136.23,2876,0
20260324,200000,136.26,136.43,135.74,135.85,4887,0
20260324,210000,135.8,136.2,135.51,135.9,2464,0
20260324,220000,135.85,135.97,135.62,135.84,935,0
20260324,230000,135.83,135.99,134.21,134.44,3291,0
20260325,080000,136.08,136.08,136.08,136.08,44,0
20260325,090000,136.09,136.73,135.93,136.66,4651,0
20260325,100000,136.61,136.87,135.77,136.14,3016,0
20260325,110000,136.1,136.18,135.51,135.7,3437,0
20260325,120000,135.73,136.22,135.18,136.07,1742,0
20260325,130000,136.11,136.23,135.83,135.83,2556,0
20260325,140000,135.84,135.86,135.35,135.57,2196,0
20260325,150000,135.6,136.37,135.36,135.95,1721,0
20260325,160000,135.94,136.11,135.61,136.02,1381,0
20260325,170000,136.11,136.58,136.1,136.45,3507,0
20260325,180000,136.48,136.94,136.33,136.83,2033,0
20260325,190000,136.82,136.85,136.59,136.82,1304,0
20260325,200000,136.84,136.86,136.26,136.35,1904,0
20260325,210000,136.4,136.42,136,136.08,1698,0
20260325,220000,136.12,136.39,136.12,136.39,219,0
20260325,230000,136.41,136.59,136.38,136.57,322,0
20260326,080000,137.58,137.58,137.58,137.58,33,0
20260326,090000,137.66,137.77,137.24,137.44,4010,0
20260326,100000,137.44,137.84,136.78,136.93,2395,0
20260326,110000,136.95,137.09,134.9,135.51,14348,0
20260326,120000,135.47,136.61,135.15,136.33,2215,0
20260326,130000,136.29,136.46,135.94,136.31,934,0
20260326,140000,136.36,137.6,136.3,137.15,6159,0
20260326,150000,137.2,137.74,136.88,137.63,2434,0
20260326,160000,137.65,137.65,136.97,136.97,2916,0
20260326,170000,136.92,137.64,136.66,137.56,6257,0
20260326,180000,137.58,137.76,137.22,137.57,1442,0
20260326,190000,137.49,137.49,137.15,137.19,649,0
20260326,200000,137.2,137.35,137.14,137.34,644,0
20260326,210000,137.33,137.34,136.87,137,1053,0
20260326,220000,137.04,137.21,135.74,136.12,2812,0
20260326,230000,136.14,137,135.89,136.77,1113,0
20260327,080000,136.74,136.74,136.74,136.74,1,0
20260327,090000,136.7,137.56,136.55,137,1897,0
20260327,100000,136.98,139.23,136.98,138.55,18020,0
20260327,110000,138.51,138.72,137.71,137.85,8635,0
20260327,120000,137.84,138.29,137.52,137.71,2320,0
20260327,130000,137.6,137.67,136.82,137.16,4464,0
20260327,140000,137.17,138.17,137.17,137.57,7406,0
20260327,150000,137.66,137.81,136.44,136.73,7331,0
20260327,160000,136.72,138,135.31,135.9,16649,0
20260327,170000,135.89,136.4,135.6,135.96,5790,0
20260327,180000,136,136.76,135.68,136.6,7647,0
20260327,190000,136.61,136.76,136.2,136.56,925,0
20260327,200000,136.6,137.33,136.41,137.22,1074,0
20260327,210000,137.15,137.34,136.88,137.27,1166,0
20260327,220000,137.2,137.89,137.19,137.66,2054,0
20260327,230000,137.67,137.75,137.29,137.7,2040,0
20260328,100000,136.7,137.6,136.5,137.38,350,0
20260328,110000,137.2,137.45,136.8,136.99,240,0
20260328,120000,136.83,137.29,136.79,137.08,332,0
20260328,130000,137.11,137.53,137.07,137.53,162,0
20260328,140000,137.4,137.61,137.4,137.51,175,0
20260328,150000,137.48,137.48,137.29,137.41,25,0
20260328,160000,137.4,137.6,137.29,137.33,472,0
20260328,170000,137.28,137.29,137.19,137.19,23,0
20260328,180000,137.17,137.24,136.97,137.24,239,0
20260329,100000,137.52,137.52,137.09,137.23,55,0
20260329,110000,137.2,137.65,137.2,137.41,380,0
20260329,120000,137.5,137.62,137.41,137.43,58,0
20260329,130000,137.5,137.66,137.45,137.65,304,0
20260329,140000,137.65,137.7,137.56,137.65,167,0
20260329,150000,137.65,137.97,137.59,137.88,520,0
20260329,160000,137.88,138.18,137.88,138.18,875,0
20260329,170000,138.17,138.17,137.84,137.98,87,0
20260329,180000,137.94,138.26,137.87,138.02,235,0
20260330,080000,138.19,138.19,138.19,138.19,1,0
20260330,090000,138,138.01,137.39,137.5,2769,0
20260330,100000,137.5,137.51,136,136.05,4474,0
20260330,110000,136.05,136.6,134.63,135.11,13557,0
20260330,120000,135.15,137.95,134.44,137.12,13315,0
20260330,130000,137.12,137.45,136.74,137.18,3024,0
20260330,140000,137.18,137.27,136.3,136.56,3313,0
20260330,150000,136.58,137.5,136.57,137.04,1317,0
20260330,160000,137.09,137.44,136.43,136.55,2731,0
20260330,170000,136.51,136.51,135.85,136.05,3604,0
20260330,180000,136.07,136.63,135.98,136.31,1761,0
20260330,190000,136.36,136.66,136.3,136.3,542,0
20260330,200000,136.3,136.69,136.25,136.56,1235,0
20260330,210000,136.53,136.58,136.37,136.4,262,0
20260330,220000,136.44,136.69,136.4,136.63,1075,0
20260330,230000,136.64,136.82,136.43,136.73,1218,0
20260331,080000,135.58,135.58,135.58,135.58,88,0
20260331,090000,135.47,135.85,135.02,135.49,4144,0
20260331,100000,135.49,135.69,134.72,134.74,7243,0
20260331,110000,134.75,135.15,134.32,134.9,5380,0
20260331,120000,134.87,135.59,134.8,135.49,2581,0
20260331,130000,135.42,135.42,133.49,133.96,7428,0
20260331,140000,133.93,134.29,133.14,133.47,7641,0
20260331,150000,133.5,133.88,132.86,133.7,4980,0
20260331,160000,133.64,134.39,133.34,134.08,1505,0
20260331,170000,134.04,134.45,133.7,134.12,1937,0
20260331,180000,134.12,134.78,134.12,134.52,1767,0
20260331,190000,134.53,134.54,133.65,133.97,2727,0
20260331,200000,133.98,134.09,132.95,133.39,2626,0
20260331,210000,133.4,133.57,133.1,133.15,1986,0
20260331,220000,133.19,133.62,133.19,133.52,490,0
20260331,230000,133.53,133.57,133.35,133.36,367,0
20260401,080000,132.99,132.99,132.99,132.99,23,0
20260401,090000,133,133.27,132.5,132.85,4624,0
20260401,100000,132.87,134.49,132.85,134.04,4552,0
20260401,110000,134.04,134.78,133.84,134.31,2179,0
20260401,120000,134.46,134.62,134.2,134.38,1643,0
20260401,130000,134.36,135.27,134.27,135.08,2728,0
20260401,140000,135.08,135.19,134.27,134.31,2008,0
20260401,150000,134.27,134.77,133.94,134.46,1679,0
20260401,160000,134.35,134.35,133.43,133.96,2608,0
20260401,170000,134.04,134.5,134.04,134.34,1824,0
20260401,180000,134.34,134.86,134.22,134.54,1477,0
20260401,190000,134.51,134.61,134.35,134.5,572,0
20260401,200000,134.5,134.78,134.25,134.59,1285,0
20260401,210000,134.61,134.99,134.59,134.9,625,0
20260401,220000,134.9,135,134.84,134.87,1240,0
20260401,230000,134.88,135.2,134.88,135,324,0
20260402,090000,135.24,135.88,135.03,135.46,2491,0
20260402,100000,135.48,135.71,134.5,134.82,7661,0
20260402,110000,134.82,135.23,134.68,135,4147,0
20260402,120000,135.01,135.02,134.07,134.48,4473,0
20260402,130000,134.38,134.5,134.16,134.44,1415,0
20260402,140000,134.32,134.78,134.19,134.41,4811,0
20260402,150000,134.38,134.71,133.8,134.24,2243,0
20260402,160000,134.23,134.61,134.08,134.3,3021,0
20260402,170000,134.22,134.24,133.41,133.54,4877,0
20260402,180000,133.51,134.01,133.51,133.9,975,0
20260402,190000,133.9,133.9,133.61,133.67,394,0
20260402,200000,133.7,134.31,133.64,134.27,460,0
20260402,210000,134.25,134.42,133.8,133.93,1426,0
20260402,220000,133.93,134.07,133.78,134.02,1073,0
20260402,230000,134.01,134.2,133.77,133.94,973,0
20260403,080000,134.39,134.39,134.39,134.39,5,0
20260403,090000,134.44,134.98,134.34,134.61,2265,0
20260403,100000,134.6,135.09,134.48,134.5,1090,0
20260403,110000,134.48,134.48,133.49,133.75,4469,0
20260403,120000,133.85,133.89,132.7,133.14,9403,0
20260403,130000,133.12,133.35,132.93,133.13,2203,0
20260403,140000,133.14,133.3,132.9,133.14,2187,0
20260403,150000,133.13,133.59,133.12,133.33,923,0
20260403,160000,133.31,133.52,133.18,133.33,989,0
20260403,170000,133.32,133.34,132.96,133.33,1370,0
20260403,180000,133.36,133.41,133.17,133.18,902,0
20260403,190000,133.18,133.43,133.14,133.4,809,0
20260403,200000,133.41,133.78,133.32,133.74,569,0
20260403,210000,133.75,133.82,133.38,133.41,383,0
20260403,220000,133.5,133.52,133.27,133.27,180,0
20260403,230000,133.27,133.39,133.09,133.27,457,0
20260404,090000,132.52,132.52,132.52,132.52,19,0
20260404,100000,132.52,133.75,131.97,132.7,2028,0
20260404,110000,132.6,132.65,132.4,132.63,162,0
20260404,120000,132.61,132.94,132.6,132.85,854,0
20260404,130000,132.77,132.97,132.73,132.9,104,0
20260404,140000,133,133.06,132.9,133.06,202,0
20260404,150000,133.05,133.05,132.94,132.99,42,0
20260404,160000,132.97,132.99,132.97,132.99,11,0
20260404,170000,132.93,132.99,132.93,132.99,42,0
20260404,180000,132.99,132.99,132.95,132.95,81,0
20260405,090000,133.19,133.19,133.19,133.19,6,0
20260405,100000,133.19,133.19,132.7,132.93,740,0
20260405,110000,132.96,132.96,132.65,132.65,277,0
20260405,120000,132.65,132.75,132.5,132.6,290,0
20260405,130000,132.69,132.75,132.5,132.57,351,0
20260405,140000,132.56,132.7,132.5,132.65,153,0
20260405,150000,132.68,132.7,132.59,132.59,61,0
20260405,160000,132.7,132.86,132.7,132.74,72,0
20260405,170000,132.79,132.88,132.59,132.75,152,0
20260405,180000,132.91,132.91,132.59,132.59,259,0
20260406,090000,132.51,132.65,131.88,132.06,2701,0
20260406,100000,132.06,132.39,131.08,131.21,7104,0
20260406,110000,131.2,131.48,130.9,130.97,2705,0
20260406,120000,130.97,131.38,130.8,131.38,1604,0
20260406,130000,131.38,131.45,130.95,131.03,2221,0
20260406,140000,131.04,131.36,130.92,131.26,767,0
20260406,150000,131.26,132.17,131.25,132.1,4346,0
20260406,160000,132.13,132.34,131.67,132.24,4026,0
20260406,170000,132.22,134.16,132.22,134.01,8195,0
20260406,180000,134.02,134.15,133.5,133.56,2676,0
20260406,190000,133.55,133.68,133.4,133.48,501,0
20260406,200000,133.5,133.73,133.42,133.7,389,0
20260406,210000,133.7,133.99,133.56,133.66,867,0
20260406,220000,133.6,133.7,133.56,133.63,211,0
20260406,230000,133.59,133.6,133.3,133.35,2685,0
20260407,080000,133.6,133.6,133.6,133.6,1,0
20260407,090000,133.7,133.73,133.33,133.33,1904,0
20260407,100000,133.33,133.61,133.05,133.6,1727,0
20260407,110000,133.61,135.5,133.47,134.54,6265,0
20260407,120000,134.51,134.89,134.42,134.67,660,0
20260407,130000,134.7,134.84,134.15,134.21,629,0
20260407,140000,134.25,135,134.24,134.52,1431,0
20260407,150000,134.52,134.83,134.32,134.54,751,0
20260407,160000,134.51,134.78,134.5,134.65,276,0
20260407,170000,134.69,135.35,134.47,134.55,2610,0
20260407,180000,134.7,134.8,134.41,134.49,732,0
20260407,190000,134.44,134.54,134.21,134.4,432,0
20260407,200000,134.39,134.51,134.2,134.35,536,0
20260407,210000,134.28,134.35,134.02,134.1,246,0
20260407,220000,134.1,134.29,133.8,134.02,1735,0
20260407,230000,133.98,133.98,133.23,133.4,1335,0
20260408,080000,130.8,130.8,130.8,130.8,193,0
20260408,090000,130.79,132.03,130.75,131.36,10947,0
20260408,100000,131.3,131.61,131.03,131.37,4296,0
20260408,110000,131.31,131.81,131.24,131.6,2652,0
20260408,120000,131.49,131.85,131.41,131.54,2854,0
20260408,130000,131.62,131.73,131.21,131.69,2065,0
20260408,140000,131.69,131.78,131.5,131.53,805,0
20260408,150000,131.5,131.5,131.02,131.07,1832,0
20260408,160000,131.05,131.42,131.02,131.05,3292,0
20260408,170000,131.03,131.1,129.99,130.86,7977,0
20260408,180000,130.91,131.24,130.86,130.94,2333,0
20260408,190000,130.99,131.25,130.86,131.07,634,0
20260408,200000,131.08,131.25,130.99,131.03,506,0
20260408,210000,131.09,131.25,131.01,131.23,251,0
20260408,220000,131.24,131.46,131.19,131.46,1363,0
20260408,230000,131.41,131.5,131.27,131.35,279,0
20260409,090000,131.37,131.5,130.91,131.04,3080,0
20260409,100000,131,131.28,130.5,130.99,4876,0
20260409,110000,130.99,130.99,130.17,130.25,2406,0
20260409,120000,130.27,130.56,129.9,129.96,8030,0
20260409,130000,129.97,130.38,129.97,130.17,4215,0
20260409,140000,130.18,130.28,129.22,129.44,5533,0
20260409,150000,129.41,129.49,128.8,128.94,11108,0
20260409,160000,128.97,129.12,128.36,128.59,5269,0
20260409,170000,128.58,129.22,128.54,128.99,6126,0
20260409,180000,128.93,128.99,128.5,128.5,3918,0
20260409,190000,128.59,128.92,128.4,128.81,3027,0
20260409,200000,128.81,128.88,128.52,128.75,2122,0
20260409,210000,128.75,128.95,128.74,128.79,1199,0
20260409,220000,128.76,129.84,128.75,129.24,5280,0
20260409,230000,129.24,129.43,128.75,129,872,0
20260410,080000,129.18,129.18,129.18,129.18,26,0
20260410,090000,129.22,129.22,128.49,128.7,2165,0
20260410,100000,128.74,128.98,127.99,128.33,5606,0
20260410,110000,128.33,128.42,127.45,128.04,6912,0
20260410,120000,128.09,129.6,128.09,129.29,4790,0
20260410,130000,129.26,129.77,129.09,129.77,2267,0
20260410,140000,129.77,129.77,128.99,129.05,1323,0
20260410,150000,129.04,129.14,128.92,129.01,1062,0
20260410,160000,129.02,129.25,128.9,129.02,1770,0
20260410,170000,128.99,129.07,128.61,128.67,2102,0
20260410,180000,128.7,129.39,128.52,128.73,2166,0
20260410,190000,128.78,129.06,128.77,128.98,782,0
20260410,200000,128.98,129,128.68,128.68,660,0
20260410,210000,128.67,128.7,128.29,128.39,628,0
20260410,220000,128.41,128.56,128.17,128.36,935,0
20260410,230000,128.31,128.31,127.86,128,757,0
20260411,100000,128.12,128.52,127.8,128.38,176,0
20260411,110000,128.37,128.5,128.14,128.49,337,0
20260411,120000,128.4,128.4,128.07,128.26,181,0
20260411,130000,128.15,128.32,127.83,128.16,314,0
20260411,140000,128.15,128.22,127.97,128.22,140,0
20260411,150000,128.19,128.29,128.09,128.27,70,0
20260411,160000,128.2,128.2,128,128.08,62,0
20260411,170000,128.17,128.25,128.15,128.25,19,0
20260411,180000,128.25,128.49,128.17,128.49,58,0
20260412,090000,128.5,128.5,128.5,128.5,23,0
20260412,100000,128.6,130.38,128.21,129.68,5011,0
20260412,110000,129.68,129.72,129.43,129.61,513,0
20260412,120000,129.59,129.61,129.14,129.53,321,0
20260412,130000,129.56,129.57,129.34,129.41,529,0
20260412,140000,129.35,129.58,129.31,129.52,313,0
20260412,150000,129.55,129.66,129.55,129.61,45,0
20260412,160000,129.62,131.46,129.62,131.28,4708,0
20260412,170000,131.34,131.67,131.11,131.31,1505,0
20260412,180000,131.52,131.63,131.15,131.58,1550,0
20260413,080000,131.04,131.04,131.04,131.04,7,0
20260413,090000,130.86,131.42,130.1,130.9,2219,0
20260413,100000,130.87,131,130.18,130.23,3855,0
20260413,110000,130.21,130.43,129.85,130.02,7455,0
20260413,120000,130.01,130.17,129.41,129.75,2863,0
20260413,130000,129.7,129.95,129.05,129.2,2648,0
20260413,140000,129.08,129.46,128.66,128.75,3843,0
20260413,150000,128.81,129.15,128.78,128.96,1414,0
20260413,160000,128.95,129.24,128.48,128.59,3502,0
20260413,170000,128.56,128.77,128.33,128.46,3171,0
20260413,180000,128.41,128.52,128.1,128.52,1551,0
20260413,190000,128.52,128.55,128.26,128.44,1191,0
20260413,200000,128.36,128.5,128.3,128.47,233,0
20260413,210000,128.45,128.49,128.23,128.25,203,0
20260413,220000,128.25,128.34,128.15,128.25,869,0
20260413,230000,128.23,128.32,128.01,128.14,967,0
20260414,080000,129,129,129,129,30,0
20260414,090000,129,129,128.41,128.55,596,0
20260414,100000,128.5,128.61,128.2,128.42,1125,0
20260414,110000,128.43,128.56,127.48,127.6,3749,0
20260414,120000,127.6,127.85,127.28,127.56,2566,0
20260414,130000,127.56,129.93,127.56,129.19,7272,0
20260414,140000,129.26,129.44,128.72,128.86,1563,0
20260414,150000,129,129.01,128.58,128.64,664,0
20260414,160000,128.6,129.25,128.51,128.68,1065,0
20260414,170000,128.68,128.97,128.01,128.08,2272,0
20260414,180000,128.22,128.58,128.01,128.29,1517,0
20260414,190000,128.36,128.36,127.94,128.12,2127,0
20260414,200000,128.13,128.21,128.06,128.11,325,0
20260414,210000,128.1,128.2,128.08,128.17,109,0
20260414,220000,128.17,128.21,128.15,128.21,201,0
20260414,230000,128.15,128.15,127.86,128.13,384,0
20260415,080000,128.21,128.21,128.21,128.21,170,0
20260415,090000,128.21,128.22,127.96,128.14,666,0
20260415,100000,128.13,128.3,127.44,127.64,4277,0
20260415,110000,127.63,127.85,127.1,127.75,1880,0
20260415,120000,127.74,127.94,127.31,127.63,2163,0
20260415,130000,127.71,128.54,127.71,128.54,2173,0
20260415,140000,128.5,128.68,128.32,128.32,1952,0
20260415,150000,128.5,128.82,128.15,128.22,1289,0
20260415,160000,128.2,128.26,127.85,128.2,1001,0
20260415,170000,128.21,129.08,128.1,128.8,1231,0
20260415,180000,128.82,129.21,128.56,128.62,1133,0
20260415,190000,128.58,128.93,128.58,128.86,800,0
20260415,200000,128.92,128.98,128.7,128.71,852,0
20260415,210000,128.72,128.84,128.67,128.83,666,0
20260415,220000,128.84,128.84,128.6,128.7,746,0
20260415,230000,128.73,128.84,128.48,128.48,556,0
20260416,080000,129.09,129.09,129.09,129.09,1,0
20260416,090000,129.19,129.19,128.71,128.88,1711,0
20260416,100000,128.83,129.28,128.26,128.94,4287,0
20260416,110000,128.98,129.16,128.44,128.68,2940,0
20260416,120000,128.63,128.79,128.34,128.45,1802,0
20260416,130000,128.45,128.65,128.05,128.46,1547,0
20260416,140000,128.46,128.56,128.21,128.26,1094,0
20260416,150000,128.26,128.78,128.07,128.12,3063,0
20260416,160000,128.14,128.25,127.94,128.25,3949,0
20260416,170000,128.29,128.42,127.93,128.12,1311,0
20260416,180000,128.05,128.17,127.91,128.05,940,0
20260416,190000,128.06,128.27,127.78,128.04,3147,0
20260416,200000,128.04,128.06,127.79,127.9,904,0
20260416,210000,127.9,127.91,127.67,127.77,578,0
20260416,220000,127.78,127.97,127.78,127.78,356,0
20260416,230000,127.77,127.77,127.65,127.77,486,0
20260417,090000,127.95,128.09,127.84,127.98,1033,0
20260417,100000,127.96,128.33,127.54,128.22,4167,0
20260417,110000,128.18,128.34,127.87,127.87,2346,0
20260417,120000,127.86,127.9,127.71,127.81,880,0
20260417,130000,127.82,128.04,127.64,127.84,1240,0
20260417,140000,127.84,128.7,127.71,128.44,4146,0
20260417,150000,128.44,128.6,127.24,127.48,4560,0
20260417,160000,127.46,127.5,125.23,125.33,15386,0
20260417,170000,125.33,125.4,124.03,124.59,9305,0
20260417,180000,124.6,125.09,124.38,124.89,2150,0
20260417,190000,124.83,125.09,124.8,124.91,818,0
20260417,200000,124.91,125.19,124.86,125.02,788,0
20260417,210000,125.02,125.24,124.87,124.95,980,0
20260417,220000,124.92,125.13,124.92,125.02,412,0
20260417,230000,125.03,125.03,124.69,124.83,2346,0
20260418,090000,125.49,125.49,125.49,125.49,40,0
20260418,100000,124.98,125.43,124.94,125.13,501,0
20260418,110000,125.09,125.48,125.09,125.32,394,0
20260418,120000,125.33,125.77,125.33,125.68,1354,0
20260418,130000,125.66,126.1,125.58,125.92,631,0
20260418,140000,125.95,126.1,125.81,125.85,427,0
20260418,150000,125.85,125.89,125.52,125.89,280,0
20260418,160000,125.76,125.88,125.62,125.62,180,0
20260418,170000,125.61,125.68,125.5,125.63,233,0
20260418,180000,125.61,125.69,125.5,125.54,183,0
20260419,100000,125.77,126.1,125.77,126.02,790,0
20260419,110000,126.05,126.05,125.91,125.98,221,0
20260419,120000,125.97,125.98,125.82,125.82,211,0
20260419,130000,125.82,125.95,125.82,125.95,81,0
20260419,140000,125.89,125.96,125.81,125.88,104,0
20260419,150000,125.9,125.98,125.89,125.96,93,0
20260419,160000,125.9,125.96,125.86,125.86,52,0
20260419,170000,125.84,125.91,125.81,125.81,50,0
20260419,180000,125.91,125.96,125.91,125.96,72,0
20260420,080000,126.03,126.03,126.03,126.03,105,0
20260420,090000,126.07,126.28,125.73,125.92,1592,0
20260420,100000,125.91,126.29,125.45,125.83,3189,0
20260420,110000,125.82,125.83,125.1,125.16,1443,0
20260420,120000,125.14,125.21,124.44,124.69,5087,0
20260420,130000,124.68,124.98,124.62,124.84,1423,0
20260420,140000,124.88,125.18,124.73,125.02,1865,0
20260420,150000,125.01,125.55,125.01,125.41,1644,0
20260420,160000,125.44,125.44,124.67,124.97,2206,0
20260420,170000,124.99,125.89,124.94,125.63,3695,0
20260420,180000,125.7,126.25,125.53,126.06,4794,0
20260420,190000,126.01,126.18,125.86,126.02,951,0
20260420,200000,126.06,126.14,125.85,125.95,765,0
20260420,210000,125.95,126.07,125.72,125.72,488,0
20260420,220000,125.7,125.97,125.52,125.97,353,0
20260420,230000,125.93,125.97,125.81,125.95,166,0
20260421,090000,125.73,125.91,125.37,125.63,852,0
20260421,100000,125.58,125.69,124.97,125,10499,0
20260421,110000,125.02,125.19,124.71,124.75,1506,0
20260421,120000,124.77,124.92,124.15,124.54,2739,0
20260421,130000,124.47,125.07,124.47,124.72,2126,0
20260421,140000,124.71,124.9,124.38,124.65,1912,0
20260421,150000,124.66,124.74,124.25,124.61,2036,0
20260421,160000,124.61,124.72,124.3,124.57,1440,0
20260421,170000,124.62,126.32,124.61,126.05,4247,0
20260421,180000,126.11,126.18,125.69,125.82,1826,0
20260421,190000,125.72,125.92,125.55,125.9,484,0
20260421,200000,125.84,126,125.4,125.52,1177,0
20260421,210000,125.57,125.58,125.26,125.37,589,0
20260421,220000,125.44,125.9,125.26,125.81,1024,0
20260421,230000,125.86,126,125.49,125.52,468,0
20260422,090000,125.57,125.65,125.4,125.6,542,0
20260422,100000,125.57,125.72,125.15,125.23,1548,0
20260422,110000,125.17,125.3,125.06,125.1,937,0
20260422,120000,125.1,125.1,124.81,124.94,1445,0
20260422,130000,124.91,125.07,124.71,124.84,1723,0
20260422,140000,124.81,124.91,124.61,124.77,1185,0
20260422,150000,124.74,125.25,124.65,125.25,1061,0
20260422,160000,125.29,125.35,125,125.03,318,0
20260422,170000,125.04,125.57,124.9,125.3,1089,0
20260422,180000,125.31,125.47,124.95,124.95,1294,0
20260422,190000,125.18,125.56,124.91,125.4,1436,0
20260422,200000,125.46,125.5,125.34,125.44,299,0
20260422,210000,125.44,125.54,125.33,125.5,257,0
20260422,220000,125.46,125.46,125.16,125.16,421,0
20260422,230000,125.15,125.24,125.12,125.22,356,0
20260423,090000,125.21,125.69,125.21,125.33,464,0
20260423,100000,125.35,125.73,125.27,125.4,1956,0
20260423,110000,125.39,125.45,125.28,125.28,387,0
20260423,120000,125.27,125.96,125.2,125.71,1699,0
20260423,130000,125.69,125.79,125.32,125.55,1313,0
20260423,140000,125.58,125.74,125.36,125.67,1151,0
20260423,150000,125.45,125.58,125,125.47,2316,0
20260423,160000,125.49,125.55,125.34,125.38,1939,0
20260423,170000,125.36,125.92,125.34,125.61,1283,0
20260423,180000,125.61,125.69,125.52,125.54,633,0
20260423,190000,125.54,125.56,125.33,125.44,323,0
20260423,200000,125.41,125.81,125.41,125.63,439,0
20260423,210000,125.62,125.69,125.5,125.53,229,0
20260423,220000,125.53,125.54,125.33,125.4,556,0
20260423,230000,125.39,125.55,125.39,125.55,237,0
20260424,090000,125.61,125.8,125.45,125.71,917,0
20260424,100000,125.72,125.8,125.46,125.48,791,0
20260424,110000,125.48,125.69,125.41,125.48,1290,0
20260424,120000,125.45,125.48,125.24,125.34,1546,0
20260424,130000,125.34,125.71,124.32,124.66,10371,0
20260424,140000,124.66,124.92,124.44,124.65,2447,0
20260424,150000,124.58,124.79,123.75,124.12,4069,0
20260424,160000,124.05,124.18,123.22,123.41,2245,0
20260424,170000,123.37,124.09,123.28,123.83,6906,0
20260424,180000,123.92,123.96,123.58,123.63,1663,0
20260424,190000,123.66,123.84,123.64,123.72,142,0
20260424,200000,123.7,123.76,123.53,123.59,426,0
20260424,210000,123.64,123.68,123.56,123.56,214,0
20260424,220000,123.59,123.59,123.49,123.56,230,0
20260424,230000,123.58,123.58,123.2,123.47,1137,0
20260425,100000,123.67,123.68,123.37,123.59,159,0
20260425,110000,123.66,123.69,123.48,123.69,58,0
20260425,120000,123.68,123.68,123.45,123.62,346,0
20260425,130000,123.54,123.66,123.47,123.66,65,0
20260425,140000,123.66,123.69,123.58,123.66,17,0
20260425,150000,123.6,123.63,123.51,123.57,69,0
20260425,160000,123.48,123.58,123.47,123.58,8,0
20260425,170000,123.58,123.58,123.45,123.45,41,0
20260425,180000,123.5,123.5,123.15,123.26,198,0
20260426,100000,123.35,123.53,123.35,123.43,144,0
20260426,110000,123.46,123.5,123.44,123.45,15,0
20260426,120000,123.47,123.52,123.46,123.52,37,0
20260426,130000,123.46,123.55,123.33,123.33,175,0
20260426,140000,123.33,123.42,123.23,123.36,251,0
20260426,150000,123.39,123.41,123.21,123.22,177,0
20260426,160000,123.26,123.48,123.07,123.44,582,0
20260426,170000,123.46,123.46,123.22,123.22,421,0
20260426,180000,123.22,123.29,123.18,123.29,355,0
20260427,090000,123.3,123.84,123.16,123.55,2391,0
20260427,100000,123.52,124.27,123.45,124.02,2743,0
20260427,110000,124.03,124.5,123.94,124.32,3699,0
20260427,120000,124.31,124.39,123.84,124.05,845,0
20260427,130000,124.05,124.08,123.6,123.72,1463,0
20260427,140000,123.72,124.01,123.46,123.96,734,0
20260427,150000,123.91,124.02,123.36,123.44,1029,0
20260427,160000,123.46,123.85,123.43,123.57,741,0
20260427,170000,123.51,123.74,123.4,123.72,521,0
20260427,180000,123.71,123.71,123.37,123.42,696,0
20260427,190000,123.49,123.54,123.41,123.46,195,0
20260427,200000,123.49,123.5,123.32,123.35,429,0
20260427,210000,123.32,123.44,123.31,123.42,67,0
20260427,220000,123.42,123.51,123.41,123.41,201,0
20260427,230000,123.41,123.49,123.41,123.45,198,0
20260428,090000,123.67,123.75,123.4,123.62,1002,0
20260428,100000,123.63,123.83,123.21,123.23,3099,0
20260428,110000,123.24,123.42,122.59,122.64,2338,0
20260428,120000,122.63,122.66,121.84,121.94,9199,0
20260428,130000,121.92,122.1,121.65,122,1870,0
20260428,140000,121.98,122,121.57,121.69,5815,0
20260428,150000,121.74,122.14,121.52,121.58,1288,0
20260428,160000,121.54,121.66,120.08,120.67,11474,0
20260428,170000,120.68,121.22,120.67,120.9,3966,0
20260428,180000,120.89,120.98,120.1,120.69,5249,0
20260428,190000,120.74,121.09,120.53,120.86,1700,0
20260428,200000,120.91,121.18,120.84,121.04,873,0
20260428,210000,121.06,121.15,120.84,120.91,794,0
20260428,220000,120.91,120.97,120.86,120.94,340,0
20260428,230000,120.92,120.95,120.5,120.72,984,0
20260429,090000,120.8,121.35,120.8,121.33,1926,0
20260429,100000,121.32,121.45,120.49,121.06,6921,0
20260429,110000,121.08,121.19,120.83,121.12,1499,0
20260429,120000,121.13,121.18,120.68,121.04,1649,0
20260429,130000,120.98,120.98,119.77,119.93,4811,0
20260429,140000,119.92,120.04,119.3,119.5,6709,0
20260429,150000,119.5,119.5,118.75,119.3,7173,0
20260429,160000,119.34,119.53,118.46,118.52,2259,0
20260429,170000,118.49,118.96,117.92,117.95,6359,0
20260429,180000,117.94,118.04,117,117.84,11381,0
20260429,190000,117.83,118.24,117.71,118.22,1295,0
20260429,200000,118.23,119.05,117.91,118.69,2942,0
20260429,210000,118.68,119.95,118.68,119.71,4238,0
20260429,220000,119.7,119.72,119.13,119.27,3621,0
20260429,230000,119.22,119.25,118.8,119.2,2357,0
20260430,080000,119.19,119.19,119.19,119.19,1,0
20260430,090000,119.05,119.05,118.01,118.62,5003,0
20260430,100000,118.61,120.21,118.51,120.17,9968,0
20260430,110000,120.2,122.17,119.92,121.76,13609,0
20260430,120000,121.75,122.09,121,121.16,5663,0
20260430,130000,121.17,122.25,120.78,121.45,7924,0
20260430,140000,121.55,121.59,120.58,120.72,5113,0
20260430,150000,120.76,120.9,119.66,120.07,22129,0
20260430,160000,120.06,120.43,119.69,120.16,7153,0
20260430,170000,120.15,121.31,119.6,120.77,37494,0
20260430,180000,120.79,120.79,120.32,120.33,9324,0
20260430,190000,120.32,120.58,120.27,120.4,516,0
20260430,200000,120.4,120.98,120.38,120.95,1278,0
20260430,210000,120.86,121.15,120.73,120.92,1445,0
20260430,220000,120.94,121.15,120.92,120.98,878,0
20260430,230000,120.99,121.15,120.95,121.15,485,0
20260501,100000,121.15,121.19,120.5,120.94,962,0
20260501,110000,120.9,120.97,120.77,120.84,256,0
20260501,120000,120.79,120.8,120.63,120.63,64,0
20260501,130000,120.63,120.77,120.63,120.77,123,0
20260501,140000,120.75,120.78,120.7,120.75,74,0
20260501,150000,120.74,120.78,120.58,120.58,232,0
20260501,160000,120.61,120.68,120.59,120.62,545,0
20260501,170000,120.6,120.6,120.35,120.44,343,0
20260501,180000,120.44,120.66,120.39,120.63,276,0
20260501,190000,120.62,120.62,120.3,120.34,100,0
20260501,200000,120.33,120.71,120.28,120.41,191,0
20260501,210000,120.51,120.56,120.49,120.56,16,0
20260501,220000,120.53,120.55,120.48,120.51,69,0
20260501,230000,120.51,120.89,120.51,120.89,97,0
20260502,100000,120.82,120.96,120.78,120.84,152,0
20260502,110000,120.79,120.79,120.48,120.48,31,0
20260502,120000,120.42,120.47,120.29,120.45,95,0
20260502,130000,120.43,120.58,120.43,120.5,50,0
20260502,140000,120.5,120.5,120.44,120.48,10,0
20260502,150000,120.48,120.6,120.45,120.6,56,0
20260502,160000,120.53,120.62,120.45,120.46,67,0
20260502,170000,120.51,120.56,120.45,120.53,78,0
20260502,180000,120.49,120.52,120.36,120.36,169,0
20260503,100000,120.48,120.55,120.46,120.54,12,0
20260503,110000,120.55,120.58,120.54,120.55,18,0
20260503,120000,120.56,120.62,120.55,120.55,17,0
20260503,130000,120.55,120.69,120.34,120.57,266,0
20260503,140000,120.5,120.5,120.42,120.5,63,0
20260503,150000,120.5,120.63,120.5,120.62,119,0
20260503,160000,120.63,120.64,120.57,120.61,20,0
20260503,170000,120.64,120.83,120.64,120.73,58,0
20260503,180000,120.84,120.86,120.56,120.71,223,0
20260504,090000,120.8,121.21,120.77,121.11,1070,0
20260504,100000,121.09,121.23,120.56,120.73,1991,0
20260504,110000,120.74,120.81,119.43,119.62,3430,0
20260504,120000,119.59,119.66,119.12,119.33,3665,0
20260504,130000,119.33,119.89,119.19,119.66,2665,0
20260504,140000,119.49,119.71,118.69,118.78,3755,0
20260504,150000,118.78,118.92,118.48,118.74,2385,0
20260504,160000,118.81,118.83,118.5,118.77,555,0
20260504,170000,118.74,118.92,118.48,118.78,1266,0
20260504,180000,118.75,119.29,118.6,119.15,674,0
20260504,190000,119.2,119.3,118.88,118.9,825,0
20260504,200000,118.98,119.22,118.8,118.8,573,0
20260504,210000,118.78,119.82,118.7,119.72,781,0
20260504,220000,119.73,119.73,119.21,119.21,996,0
20260504,230000,119.22,119.34,119.02,119.15,358,0
20260505,090000,119.04,119.2,118.6,118.84,555,0
20260505,100000,118.86,119.35,118.36,118.42,1409,0
20260505,110000,118.35,118.56,117.58,118.44,6411,0
20260505,120000,118.42,119.3,118.33,119.1,3404,0
20260505,130000,119.15,119.48,118.66,118.91,2950,0
20260505,140000,119,119.25,118.8,118.89,852,0
20260505,150000,118.94,120.06,118.94,119.78,2760,0
20260505,160000,119.86,120.37,119.54,120.3,2157,0
20260505,170000,120.28,120.5,120,120.5,1220,0
20260505,180000,120.5,120.59,120.15,120.17,862,0
20260505,190000,120.19,120.29,119.67,119.81,708,0
20260505,200000,119.79,120.03,119.54,119.8,696,0
20260505,210000,119.83,119.95,119.75,119.95,224,0
20260505,220000,119.97,119.98,119.72,119.92,349,0
20260505,230000,119.89,119.89,119.68,119.68,315,0
20260506,090000,119.64,119.64,118.6,119.15,1321,0
20260506,100000,119.08,119.32,118.81,118.87,1175,0
20260506,110000,118.88,119.59,118.82,119.07,1076,0
20260506,120000,119.07,119.1,118.23,118.34,3716,0
20260506,130000,118.35,118.55,117.96,118.27,4532,0
20260506,140000,118.28,119.02,118.21,118.9,2591,0
20260506,150000,118.84,119.04,118.23,118.31,963,0
20260506,160000,118.28,118.67,118.23,118.48,1125,0
20260506,170000,118.5,119.23,118.41,119.06,3743,0
20260506,180000,119.09,119.11,118.68,118.82,543,0
20260506,190000,118.82,118.97,118.59,118.64,472,0
20260506,200000,118.66,118.79,118.59,118.74,358,0
20260506,210000,118.72,118.75,118.54,118.54,137,0
20260506,220000,118.52,118.72,118.49,118.55,413,0
20260506,230000,118.54,118.55,118.37,118.37,298,0
20260507,090000,118.4,118.49,118.11,118.36,426,0
20260507,100000,118.35,118.38,117.79,118.14,1706,0
20260507,110000,118.04,118.24,117.9,118.03,913,0
20260507,120000,118.07,118.57,117.95,118.3,637,0
20260507,130000,118.36,118.45,118,118.15,2195,0
20260507,140000,118.14,118.48,118.07,118.46,752,0
20260507,150000,118.39,118.39,118,118.03,624,0
20260507,160000,118.02,118.07,117.38,117.61,3810,0
20260507,170000,117.58,117.71,117.41,117.65,1458,0
20260507,180000,117.69,117.72,117.5,117.69,571,0
20260507,190000,117.69,117.92,117.63,117.84,473,0
20260507,200000,117.84,117.84,117.65,117.66,419,0
20260507,210000,117.65,117.66,117.45,117.46,1443,0
20260507,220000,117.5,117.5,117.33,117.42,473,0
20260507,230000,117.45,117.5,117.15,117.44,1003,0
20260508,090000,117.48,117.51,117.28,117.31,487,0
20260508,100000,117.32,117.59,117.22,117.35,1501,0
20260508,110000,117.36,117.58,117.2,117.22,1386,0
20260508,120000,117.25,117.43,117.22,117.26,1106,0
